t_s,label,ca_state,cwnd,rtt_ms,min_rtt_ms,lost,total_retrans,pacing_mbps,delivery_mbps,bytes_acked,segs_out
0.000,b-cubic,open,10,80.221,80.221,0,0,2.888,0.0,1,0
0.050,b-cubic,open,14,65.924,43.658,0,0,4.92,0.98,5793,18
0.101,b-cubic,open,26,51.863,41.233,0,0,11.614,2.837,23169,42
0.151,b-cubic,open,48,52.824,41.233,0,0,21.052,4.783,55025,86
0.201,b-cubic,open,49,72.002,41.233,0,0,9.46,4.638,78193,102
0.251,b-cubic,open,50,93.689,41.233,0,0,7.419,4.782,112945,128
0.301,b-cubic,open,51,110.694,41.233,0,0,6.404,4.831,141905,148
0.351,b-cubic,open,53,118.272,41.233,0,0,6.229,4.689,173761,173
0.401,b-cubic,open,54,120.151,41.233,0,0,6.247,4.734,201273,193
0.451,b-cubic,open,54,123.635,41.233,0,0,6.071,4.782,227337,211
0.502,b-cubic,open,56,125.762,41.233,0,0,6.19,4.737,262089,237
0.552,b-cubic,open,57,129.028,41.233,0,0,6.141,4.782,289601,257
0.602,b-cubic,open,58,131.189,41.233,0,0,6.146,4.826,318561,278
0.652,b-cubic,open,59,134.178,41.233,0,0,6.112,4.825,354761,304
0.702,b-cubic,open,60,136.331,41.233,0,0,6.118,4.783,377929,321
0.752,b-cubic,open,61,138.716,41.233,0,0,6.113,4.78,411233,345
0.802,b-cubic,open,62,141.027,41.233,0,0,6.111,4.74,440193,366
0.852,b-cubic,open,63,143.443,41.233,0,0,6.105,4.78,467705,386
0.903,b-cubic,open,64,145.844,41.233,0,0,6.1,4.705,499561,409
0.953,b-cubic,open,65,147.775,41.233,0,0,6.114,4.706,529969,431
1.003,b-cubic,open,66,151.193,41.233,0,0,6.068,4.782,558929,452
1.053,b-cubic,open,67,153.059,41.233,0,0,6.085,4.782,589337,474
1.103,b-cubic,open,68,155.536,41.233,0,0,6.077,4.782,619745,496
1.153,b-cubic,open,69,157.908,41.233,0,0,6.074,4.746,645809,515
1.203,b-cubic,open,70,160.006,41.233,0,0,6.081,4.746,674769,536
1.253,b-cubic,open,71,162.028,41.233,0,0,6.091,4.782,708073,560
1.304,b-cubic,open,72,164.004,41.233,0,0,6.103,4.852,738481,582
1.354,b-cubic,open,73,166.333,41.233,0,0,6.101,4.747,763097,600
1.404,b-cubic,open,74,169.899,41.233,0,0,6.055,4.816,800745,627
1.454,b-cubic,open,75,172.563,41.233,0,0,6.042,4.782,832601,650
1.504,b-cubic,open,76,175.192,41.233,0,0,6.03,4.749,855769,667
1.554,b-cubic,open,77,176.446,41.233,0,0,6.066,4.782,884729,688
1.604,b-cubic,open,78,178.434,41.233,0,0,6.077,4.75,918033,712
1.654,b-cubic,open,79,180.449,41.233,0,0,6.086,4.814,946993,733
1.704,b-cubic,open,80,184.371,41.233,0,0,6.032,4.782,973057,752
1.755,b-cubic,open,81,186.597,41.233,0,0,6.034,4.751,1004913,775
1.805,b-cubic,open,82,189.908,41.233,0,0,6.002,4.751,1038217,799
1.855,b-cubic,open,83,190.552,41.233,0,0,6.055,4.809,1064281,818
1.905,b-cubic,open,84,194.143,41.233,0,0,6.014,4.749,1094689,840
1.955,b-cubic,open,85,195.863,41.233,0,0,6.033,4.779,1125097,862
2.005,b-cubic,open,87,198.34,41.233,0,0,6.097,4.75,1156953,886
2.055,b-cubic,open,87,199.066,41.233,0,0,6.075,4.782,1184465,905
2.106,b-cubic,open,88,202.242,41.233,0,0,6.049,4.725,1210529,924
2.156,b-cubic,open,90,204.969,41.233,0,0,6.104,4.811,1245281,950
2.206,b-cubic,open,91,207.62,41.233,0,0,6.093,4.726,1274241,970
2.256,b-cubic,open,92,209.603,41.233,0,0,6.101,4.755,1307545,995
2.306,b-cubic,open,93,212.992,41.233,0,0,6.07,4.755,1332161,1013
2.356,b-cubic,open,94,215.608,41.233,0,0,6.06,4.756,1361121,1034
2.407,b-cubic,open,95,217.233,41.233,0,0,6.079,4.756,1394425,1058
2.457,b-cubic,open,96,219.579,41.233,0,0,6.077,4.756,1429177,1083
2.507,b-cubic,open,97,222.037,41.233,0,0,6.073,4.756,1453793,1101
2.557,b-cubic,open,98,224.322,41.233,0,0,6.073,4.757,1478409,1119
2.607,b-cubic,open,99,227.237,41.233,0,0,6.056,4.756,1513161,1144
2.657,b-cubic,open,100,229.42,41.233,0,0,6.059,4.807,1542121,1165
2.707,b-cubic,open,101,231.251,41.233,0,0,6.071,4.782,1576873,1190
2.758,b-cubic,open,102,234.331,41.233,0,0,6.051,4.757,1602937,1209
2.808,b-cubic,open,103,236.868,41.233,0,0,6.045,4.806,1630449,1229
2.858,b-cubic,open,104,239.408,41.233,0,0,6.039,4.758,1663753,1253
2.908,b-cubic,open,105,241.199,41.233,0,0,6.051,4.757,1692713,1274
2.958,b-cubic,open,106,243.393,41.233,0,0,6.054,4.781,1726017,1298
3.008,b-cubic,open,107,247.19,41.233,0,0,6.017,4.757,1750633,1316
3.058,b-cubic,open,108,248.84,41.233,0,0,6.033,4.734,1781041,1338
3.108,b-cubic,open,109,251.209,41.233,0,0,6.032,4.781,1812897,1361
3.158,b-cubic,open,110,253.45,41.233,0,0,6.033,4.759,1841857,1382
3.209,b-cubic,open,111,255.198,41.233,0,0,6.046,4.782,1876609,1407
3.259,b-cubic,open,112,256.475,41.233,0,0,6.07,4.782,1899777,1424
3.309,b-cubic,open,113,259.78,41.233,0,0,6.047,4.76,1928737,1445
3.359,b-cubic,open,114,262.821,41.233,0,0,6.03,4.76,1960593,1468
3.409,b-cubic,open,115,265.336,41.233,0,0,6.025,4.738,1993897,1492
3.459,b-cubic,open,117,267.44,41.233,0,0,6.081,4.782,2027201,1517
3.509,b-cubic,open,117,269.892,41.233,0,0,6.026,4.782,2053265,1535
3.560,b-cubic,open,118,272.354,41.233,0,0,6.023,4.761,2077881,1553
3.610,b-cubic,open,119,274.734,41.233,0,0,6.021,4.782,2106841,1574
3.660,b-cubic,open,121,276.839,41.233,0,0,6.076,4.803,2143041,1601
3.710,b-cubic,open,121,280.514,41.233,0,0,5.996,4.782,2169105,1619
3.760,b-cubic,open,123,282.272,41.233,0,0,6.057,4.782,2206753,1647
3.810,b-cubic,open,124,284.422,41.233,0,0,6.06,4.782,2229921,1664
3.861,b-cubic,open,124,286.405,41.233,0,0,6.018,4.761,2254537,1681
3.911,b-cubic,open,126,289.666,41.233,0,0,6.047,4.742,2287841,1706
3.961,b-cubic,open,127,291.475,41.233,0,0,6.057,4.782,2321145,1730
4.011,b-cubic,open,128,294.204,41.233,0,0,6.048,4.802,2351553,1752
4.061,b-cubic,open,129,296.473,41.233,0,0,6.048,4.782,2387753,1778
4.111,b-cubic,open,130,298.261,41.233,0,0,6.059,4.782,2409473,1794
4.161,b-cubic,open,131,300.165,41.233,0,0,6.067,4.782,2436985,1814
4.212,b-cubic,open,132,303.198,41.233,0,0,6.052,4.763,2465945,1835
4.262,b-cubic,open,133,305.505,41.233,0,0,6.052,4.745,2502145,1861
4.312,b-cubic,open,134,308.348,41.233,0,0,6.041,4.744,2528209,1880
4.362,b-cubic,open,135,310.379,41.233,0,0,6.046,4.782,2565857,1907
4.412,b-cubic,open,136,311.974,41.233,0,0,6.06,4.763,2590473,1925
4.462,b-cubic,open,137,314.633,41.233,0,0,6.053,4.763,2615089,1943
4.512,b-cubic,open,138,316.864,41.233,0,0,6.054,4.764,2644049,1964
4.562,b-cubic,open,139,320.396,41.233,0,0,6.031,4.764,2678801,1989
4.613,b-cubic,open,140,322.363,41.233,0,0,6.037,4.782,2707761,2010
4.663,b-cubic,open,141,324.831,41.233,0,0,6.034,4.764,2742513,2035
4.713,b-cubic,open,142,327.999,41.233,0,0,6.018,4.763,2772921,2057
4.763,b-cubic,open,143,330.103,41.233,0,0,6.022,4.764,2797537,2075
4.813,b-cubic,open,144,331.482,41.233,0,0,6.039,4.8,2825049,2095
4.863,b-cubic,open,145,333.672,41.233,0,0,6.041,4.765,2852561,2115
4.914,b-cubic,open,146,337.132,41.233,0,0,6.02,4.765,2890209,2142
4.964,b-cubic,open,147,339.116,41.233,0,0,6.026,4.765,2919169,2163
5.014,b-cubic,open,148,341.262,41.233,0,0,6.029,4.765,2949577,2185
5.064,b-cubic,open,150,344.862,41.233,0,0,6.046,4.765,2981433,2209
5.114,b-cubic,open,150,347.396,41.233,0,0,6.002,4.765,3004601,2225
5.164,b-cubic,open,151,349.103,41.233,0,0,6.013,4.766,3033561,2246
5.214,b-cubic,open,152,350.783,41.233,0,0,6.023,4.782,3062521,2267
5.265,b-cubic,open,154,353.469,41.233,0,0,6.056,4.766,3097273,2293
5.315,b-cubic,open,155,355.552,41.233,0,0,6.06,4.766,3129129,2316
5.365,b-cubic,open,156,358.247,41.233,0,0,6.053,4.766,3160985,2339
5.415,b-cubic,open,157,360.538,41.233,0,0,6.053,4.766,3191393,2361
5.465,b-cubic,open,158,363.247,41.233,0,0,6.046,4.766,3216009,2379
5.515,b-cubic,open,159,366.193,41.233,0,0,6.036,4.75,3243521,2398
5.565,b-cubic,open,160,368.017,41.233,0,0,6.044,4.766,3271033,2419
5.615,b-cubic,open,161,370.244,41.233,0,0,6.045,4.766,3302889,2442
5.666,b-cubic,open,162,372.807,41.233,0,0,6.04,4.766,3339089,2468
5.716,b-cubic,open,163,374.569,41.233,0,0,6.049,4.766,3365153,2487
5.766,b-cubic,open,164,376.805,41.233,0,0,6.05,4.766,3401353,2513
5.816,b-cubic,open,165,379.594,41.233,0,0,6.042,4.766,3428865,2533
5.866,b-cubic,open,166,383.23,41.233,0,0,6.021,4.766,3452033,2550
5.916,b-cubic,open,167,385.639,41.233,0,0,6.02,4.767,3482441,2572
5.966,b-cubic,open,168,387.06,41.233,0,0,6.034,4.767,3511401,2593
6.016,b-cubic,open,169,389.28,41.233,0,0,6.035,4.767,3544705,2617
6.067,b-cubic,open,170,391.334,41.233,0,0,6.039,4.767,3576561,2640
6.117,b-cubic,open,171,394.004,41.233,0,0,6.033,4.767,3604073,2660
6.167,b-cubic,open,172,396.382,41.233,0,0,6.032,4.782,3638825,2685
6.217,b-cubic,open,173,399.788,41.233,0,0,6.015,4.797,3670681,2708
6.267,b-cubic,open,174,400.511,41.233,0,0,6.039,4.796,3690953,2723
6.317,b-cubic,open,175,403.741,41.233,0,0,6.025,4.739,3721361,2745
6.367,b-cubic,open,176,405.573,41.233,0,0,6.032,4.74,3748873,2765
6.418,b-cubic,open,177,408.372,41.233,0,0,6.025,4.768,3779281,2787
6.468,b-cubic,open,178,411.004,41.233,0,0,6.02,4.754,3816929,2814
6.518,b-cubic,open,179,413.005,41.233,0,0,6.025,4.781,3844441,2834
6.568,b-cubic,open,180,416.221,41.233,0,0,6.018,4.754,3877745,2858
6.618,b-cubic,open,182,417.963,41.233,0,0,6.053,4.754,3909601,2881
6.668,b-cubic,open,182,420.341,41.233,0,0,6.019,4.768,3934217,2899
6.718,b-cubic,open,183,422.507,41.233,0,0,6.021,4.768,3960281,2918
6.769,b-cubic,open,184,424.859,41.233,0,0,6.02,4.768,3986345,2937
6.819,b-cubic,open,185,427.038,41.233,0,0,6.022,4.754,4018201,2960
6.869,b-cubic,open,187,430.339,41.233,0,0,6.04,4.768,4052953,2986
6.919,b-cubic,open,188,432.995,41.233,0,0,6.036,4.768,4084809,3009
6.969,b-cubic,open,189,435.468,41.233,0,0,6.033,4.755,4113769,3030
7.019,b-cubic,open,190,436.738,41.233,0,0,6.047,4.769,4147073,3054
7.069,b-cubic,open,191,438.861,41.233,0,0,6.05,4.769,4177481,3076
7.120,b-cubic,disorder,192,441.714,41.233,0,0,6.074,4.769,4200649,3094
7.170,b-cubic,recovery,186,443.03,41.233,1,1,6.369,4.745,4200649,3106
7.220,b-cubic,recovery,179,442.702,41.233,2,2,6.751,4.745,4200649,3119
7.270,b-cubic,recovery,171,442.886,41.233,4,4,7.156,4.732,4200649,3134
7.320,b-cubic,recovery,163,442.254,41.233,4,4,7.732,4.743,4200649,3152
7.370,b-cubic,recovery,154,442.369,41.233,6,6,8.139,4.756,4200649,3167
7.420,b-cubic,recovery,147,441.731,41.233,7,7,8.56,4.756,4200649,3180
7.470,b-cubic,recovery,139,441.804,41.233,8,8,9.03,4.756,4200649,3197
7.521,b-cubic,recovery,134,442.188,41.233,9,9,9.525,4.756,4200649,3214
7.571,b-cubic,recovery,134,441.752,41.233,9,10,9.188,4.73,4238297,3230
7.621,b-cubic,recovery,134,434.407,41.233,8,10,9.376,4.54,4261465,3247
7.671,b-cubic,recovery,134,416.43,41.233,6,10,8.278,4.34,4352689,3265
7.721,b-cubic,recovery,134,392.933,41.233,6,10,9.693,4.057,4352689,3291
7.771,b-cubic,recovery,134,374.836,41.233,4,10,10.05,3.841,4383097,3309
7.821,b-cubic,recovery,134,351.88,41.233,2,10,9.955,3.6,4443913,3332
7.871,b-cubic,recovery,134,333.412,41.233,1,10,10.59,3.485,4474321,3355
7.922,b-cubic,open,134,327.096,41.233,0,10,5.695,3.549,4671249,3370
7.972,b-cubic,open,134,325.908,41.233,0,10,5.715,3.702,4698761,3389
8.022,b-cubic,open,135,325.637,41.233,0,10,5.763,3.897,4732065,3413
8.072,b-cubic,open,136,325.168,41.233,0,10,5.814,4.134,4765369,3437
8.122,b-cubic,open,137,325.037,41.233,0,10,5.859,4.361,4795777,3459
8.172,b-cubic,open,138,325.446,41.233,0,10,5.894,4.643,4829081,3483
8.222,b-cubic,open,139,324.952,41.233,0,10,5.946,4.764,4856593,3503
8.272,b-cubic,open,140,324.248,41.233,0,10,6.002,4.764,4881209,3521
8.322,b-cubic,open,141,326.655,41.233,0,10,6.0,4.764,4908721,3541
8.373,b-cubic,open,143,328.585,41.233,0,10,6.05,4.765,4942025,3566
8.423,b-cubic,open,144,330.094,41.233,0,10,6.064,4.782,4972433,3588
8.473,b-cubic,open,145,333.031,41.233,0,10,6.052,4.782,5007185,3613
8.523,b-cubic,open,146,335.638,41.233,0,10,6.047,4.782,5039041,3636
8.573,b-cubic,open,147,338.04,41.233,0,10,6.045,4.782,5065105,3655
8.623,b-cubic,open,148,339.995,41.233,0,10,6.051,4.765,5088273,3672
8.673,b-cubic,open,150,343.134,41.233,0,10,6.077,4.748,5117233,3693
8.723,b-cubic,open,151,346.146,41.233,0,10,6.064,4.765,5151985,3719
8.774,b-cubic,open,152,348.774,41.233,0,10,6.058,4.765,5180945,3740
8.824,b-cubic,open,153,351.412,41.233,0,10,6.052,4.749,5215697,3764
8.874,b-cubic,open,155,354.088,41.233,0,10,6.085,4.766,5246105,3788
8.924,b-cubic,open,156,356.739,41.233,0,10,6.079,4.766,5273617,3808
8.974,b-cubic,open,156,359.672,41.233,0,10,6.029,4.75,5298233,3825
9.024,b-cubic,open,157,362.599,41.233,0,10,6.019,4.75,5325745,3845
9.074,b-cubic,open,159,365.463,41.233,0,10,6.048,4.766,5359049,3870
9.124,b-cubic,open,160,368.007,41.233,0,10,6.044,4.766,5392353,3894
9.174,b-cubic,open,161,370.591,41.233,0,10,6.039,4.751,5421313,3914
9.225,b-cubic,open,162,372.942,41.233,0,10,6.038,4.767,5454617,3939
9.275,b-cubic,open,163,375.77,41.233,0,10,6.03,4.767,5485025,3961
9.325,b-cubic,open,164,378.121,41.233,0,10,6.029,4.767,5511089,3980
9.375,b-cubic,open,165,380.639,41.233,0,10,6.026,4.767,5535705,3998
9.425,b-cubic,open,166,383.001,41.233,0,10,6.025,4.782,5564665,4019
9.475,b-cubic,open,167,384.844,41.233,0,10,6.032,4.782,5597969,4043
9.525,b-cubic,open,167,388.899,41.233,0,10,5.969,4.767,5629825,4065
9.575,b-cubic,open,168,391.041,41.233,0,10,5.972,4.782,5663129,4089
9.625,b-cubic,open,169,393.02,41.233,0,10,5.977,4.767,5693537,4111
9.675,b-cubic,open,170,395.786,41.233,0,10,5.971,4.782,5723945,4133
9.726,b-cubic,open,171,398.815,41.233,0,10,5.96,4.782,5748561,4151
9.776,b-cubic,open,171,400.52,41.233,0,10,5.935,4.768,5774625,4169
9.826,b-cubic,open,172,401.763,41.233,0,10,5.951,4.753,5803585,4190
9.876,b-cubic,open,173,403.233,41.233,0,10,5.964,4.753,5838337,4215
9.926,b-cubic,open,174,405.923,41.233,0,10,5.959,4.753,5868745,4237
9.976,b-cubic,open,175,407.876,41.233,0,10,5.964,4.754,5899153,4259
10.026,b-cubic,open,175,410.182,41.233,0,10,5.931,4.768,5933905,4283
10.076,b-cubic,open,176,411.832,41.233,0,10,5.941,4.782,5964313,4305
10.126,b-cubic,open,177,412.841,41.233,0,10,5.96,4.768,5987481,4322
10.177,b-cubic,open,177,414.474,41.233,0,10,5.936,4.768,6010649,4338
10.227,b-cubic,open,178,417.721,41.233,0,10,5.923,4.754,6041057,4360
10.277,b-cubic,open,178,419.518,41.233,0,10,5.898,4.768,6072913,4382
10.327,b-cubic,open,179,421.069,41.233,0,10,5.909,4.755,6107665,4407
10.377,b-cubic,open,180,423.151,41.233,0,10,5.913,4.768,6133729,4426
10.427,b-cubic,open,180,424.719,41.233,0,10,5.891,4.768,6171377,4452
10.477,b-cubic,open,181,426.466,41.233,0,10,5.9,4.768,6201785,4474
10.527,b-cubic,open,182,427.034,41.233,0,10,5.924,4.755,6230745,4495
10.577,b-cubic,open,182,428.862,41.233,0,10,5.899,4.769,6255361,4512
10.628,b-cubic,open,182,430.296,41.233,0,10,5.88,4.755,6279977,4529
10.678,b-cubic,open,183,432.53,41.233,0,10,5.881,4.755,6310385,4551
10.728,b-cubic,open,183,433.489,41.233,0,10,5.868,4.782,6343689,4574
10.778,b-cubic,open,184,435.357,41.233,0,10,5.875,4.755,6375545,4597
10.828,b-cubic,open,184,436.631,41.233,0,10,5.858,4.782,6403057,4616
10.878,b-cubic,open,185,437.688,41.233,0,10,5.876,4.769,6439257,4642
10.928,b-cubic,open,185,438.746,41.233,0,10,5.861,4.769,6469665,4663
10.978,b-cubic,open,186,440.456,41.233,0,10,5.87,4.769,6497177,4683
11.028,b-cubic,open,186,442.109,41.233,0,10,5.848,4.756,6521793,4700
11.078,b-cubic,open,186,443.047,41.233,0,10,5.836,4.756,6546409,4717
11.129,b-cubic,recovery,180,443.559,41.233,1,11,6.142,4.745,6553649,4733
11.179,b-cubic,recovery,173,443.022,41.233,1,11,6.652,4.758,6553649,4749
11.229,b-cubic,recovery,166,443.303,41.233,1,11,7.149,4.771,6553649,4765
11.279,b-cubic,recovery,159,443.46,41.233,2,12,7.554,4.732,6553649,4779
11.329,b-cubic,recovery,151,442.731,41.233,3,13,8.038,4.758,6553649,4796
11.379,b-cubic,recovery,144,443.537,41.233,4,14,8.431,4.706,6553649,4810
11.429,b-cubic,recovery,138,443.421,41.233,4,14,8.872,4.745,6553649,4823
11.479,b-cubic,recovery,133,442.983,41.233,4,14,9.288,4.758,6553649,4837
11.530,b-cubic,recovery,130,443.328,41.233,4,14,9.752,4.732,6553649,4852
11.580,b-cubic,recovery,130,435.4,41.233,3,14,8.461,4.563,6646321,4870
11.630,b-cubic,recovery,130,415.631,41.233,3,14,9.666,4.276,6646321,4894
11.680,b-cubic,recovery,130,393.285,41.233,1,14,8.907,4.072,6730305,4915
11.730,b-cubic,open,130,373.886,41.233,0,14,4.833,3.819,6938817,4936
11.780,b-cubic,open,130,360.495,41.233,0,14,5.013,3.608,6967777,4956
11.830,b-cubic,open,130,343.005,41.233,0,14,5.268,3.408,6990945,4972
11.880,b-cubic,open,131,326.216,41.233,0,14,5.582,3.443,7019905,4993
11.930,b-cubic,open,132,318.945,41.233,0,14,5.753,3.625,7057553,5020
11.981,b-cubic,open,132,318.409,41.233,0,14,5.763,3.814,7083617,5038
12.031,b-cubic,open,133,317.212,41.233,0,14,5.828,4.037,7118369,5063
12.081,b-cubic,open,134,316.277,41.233,0,14,5.889,4.3,7147329,5084
12.131,b-cubic,open,135,315.865,41.233,0,14,5.941,4.602,7173393,5103
12.181,b-cubic,open,135,315.71,41.233,0,14,5.944,4.8,7203801,5124
12.231,b-cubic,open,136,317.522,41.233,0,14,5.954,4.764,7234209,5146
12.281,b-cubic,open,137,318.789,41.233,0,14,5.974,4.8,7266065,5169
12.331,b-cubic,open,137,320.555,41.233,0,14,5.941,4.8,7296473,5190
12.382,b-cubic,open,138,321.523,41.233,0,14,5.966,4.818,7329777,5214
12.432,b-cubic,open,139,322.931,41.233,0,14,5.983,4.798,7355841,5233
12.482,b-cubic,open,139,325.582,41.233,0,14,5.935,4.782,7380457,5250
12.532,b-cubic,open,140,326.786,41.233,0,14,5.955,4.782,7410865,5272
12.582,b-cubic,open,141,329.174,41.233,0,14,5.954,4.782,7445617,5297
12.632,b-cubic,open,142,330.749,41.233,0,14,5.968,4.8,7476025,5319
12.682,b-cubic,open,142,331.942,41.233,0,14,5.947,4.782,7510777,5343
12.732,b-cubic,open,143,333.662,41.233,0,14,5.958,4.782,7538289,5363
12.782,b-cubic,open,143,335.459,41.233,0,14,5.926,4.799,7562905,5380
12.833,b-cubic,open,144,337.279,41.233,0,14,5.935,4.782,7593313,5402
12.883,b-cubic,open,145,338.894,41.233,0,14,5.948,4.782,7622273,5423
12.933,b-cubic,open,145,340.803,41.233,0,14,5.914,4.782,7655577,5446
12.983,b-cubic,open,146,342.209,41.233,0,14,5.931,4.799,7684537,5467
13.033,b-cubic,open,146,343.573,41.233,0,14,5.907,4.782,7719289,5491
13.083,b-cubic,open,147,345.495,41.233,0,14,5.914,4.782,7748249,5512
13.133,b-cubic,open,147,346.382,41.233,0,14,5.899,4.782,7772865,5529
13.183,b-cubic,open,148,348.382,41.233,0,14,5.905,4.782,7801825,5550
13.233,b-cubic,open,149,349.859,41.233,0,14,5.92,4.782,7832233,5572
13.284,b-cubic,open,149,351.166,41.233,0,14,5.898,4.782,7865537,5595
13.334,b-cubic,open,149,352.745,41.233,0,14,5.872,4.766,7894497,5615
13.384,b-cubic,open,150,353.241,41.233,0,14,5.903,4.798,7930697,5641
13.434,b-cubic,open,150,355.121,41.233,0,14,5.872,4.782,7958209,5660
13.484,b-cubic,open,151,356.178,41.233,0,14,5.893,4.782,7982825,5678
13.534,b-cubic,open,151,357.745,41.233,0,14,5.867,4.798,8010337,5697
13.584,b-cubic,open,151,358.899,41.233,0,14,5.848,4.766,8039297,5717
13.634,b-cubic,open,152,360.475,41.233,0,14,5.861,4.782,8075497,5743
13.684,b-cubic,open,152,361.407,41.233,0,14,5.846,4.782,8100113,5760
13.735,b-cubic,open,153,362.797,41.233,0,14,5.862,4.782,8137761,5787
13.785,b-cubic,open,153,362.964,41.233,0,14,5.86,4.766,8165273,5806
13.835,b-cubic,open,153,364.782,41.233,0,14,5.83,4.782,8194233,5826
13.885,b-cubic,open,154,365.602,41.233,0,14,5.855,4.798,8218849,5844
13.935,b-cubic,open,154,366.501,41.233,0,14,5.841,4.766,8249257,5865
13.985,b-cubic,open,154,367.847,41.233,0,14,5.82,4.782,8281113,5887
14.035,b-cubic,open,154,368.334,41.233,0,14,5.812,4.782,8312969,5909
14.085,b-cubic,open,155,369.135,41.233,0,14,5.837,4.798,8346273,5933
14.135,b-cubic,open,155,370.2,41.233,0,14,5.82,4.782,8378129,5955
14.186,b-cubic,open,155,371.266,41.233,0,14,5.803,4.782,8402745,5972
14.236,b-cubic,open,155,371.804,41.233,0,14,5.795,4.766,8428809,5990
14.286,b-cubic,open,156,372.495,41.233,0,14,5.822,4.798,8460665,6013
14.336,b-cubic,open,156,373.476,41.233,0,14,5.806,4.767,8491073,6034
14.386,b-cubic,open,156,374.318,41.233,0,14,5.793,4.767,8524377,6057
14.436,b-cubic,open,156,375.091,41.233,0,14,5.781,4.782,8550441,6075
14.486,b-cubic,open,157,375.624,41.233,0,14,5.81,4.782,8586641,6101
14.536,b-cubic,open,157,375.758,41.233,0,14,5.808,4.782,8614153,6120
14.586,b-cubic,open,157,377.38,41.233,0,14,5.783,4.751,8641665,6139
14.637,b-cubic,open,157,377.873,41.233,0,14,5.776,4.782,8667729,6157
14.687,b-cubic,open,157,377.756,41.233,0,14,5.777,4.797,8698137,6178
14.737,b-cubic,open,157,378.29,41.233,0,14,5.769,4.766,8728545,6199
14.787,b-cubic,open,157,378.819,41.233,0,14,5.761,4.781,8761849,6222
14.837,b-cubic,open,158,379.424,41.233,0,14,5.789,4.766,8792257,6244
14.887,b-cubic,open,158,380.076,41.233,0,14,5.779,4.781,8827009,6268
14.937,b-cubic,open,158,380.47,41.233,0,14,5.773,4.766,8853073,6286
14.987,b-cubic,open,158,381.758,41.233,0,14,5.753,4.766,8879137,6304
15.038,b-cubic,open,158,381.25,41.233,0,14,5.761,4.766,8910993,6326
15.088,b-cubic,open,158,381.348,41.233,0,14,5.759,4.767,8934161,6342
15.138,b-cubic,open,158,381.505,41.233,0,14,5.757,4.752,8971809,6368
15.188,b-cubic,open,158,381.228,41.233,0,14,5.761,4.782,8997873,6386
15.238,b-cubic,open,158,381.087,41.233,0,14,5.763,4.782,9035521,6412
15.288,b-cubic,open,158,381.949,41.233,0,14,5.75,4.797,9064481,6432
15.338,b-cubic,open,158,382.755,41.233,0,14,5.738,4.782,9091993,6451
15.388,b-cubic,open,158,384.324,41.233,0,14,5.715,4.768,9118057,6469
15.439,b-cubic,open,158,384.03,41.233,0,14,5.719,4.782,9148465,6490
15.489,b-cubic,open,158,383.692,41.233,0,14,5.724,4.767,9177425,6510
15.539,b-cubic,open,158,384.275,41.233,0,14,5.716,4.767,9207833,6531
15.589,b-cubic,open,158,384.294,41.233,0,14,5.715,4.767,9238241,6552
15.639,b-cubic,open,158,383.447,41.233,0,14,5.728,4.767,9274441,6577
15.690,b-cubic,open,158,383.708,41.233,0,14,5.724,4.767,9304849,6598
15.740,b-cubic,open,158,384.156,41.233,0,14,5.717,4.767,9329465,6615
15.790,b-cubic,open,158,384.616,41.233,0,14,5.71,4.782,9354081,6632
15.840,b-cubic,open,158,384.381,41.233,0,14,5.714,4.767,9385937,6654
15.890,b-cubic,open,158,384.152,41.233,0,14,5.717,4.767,9416345,6675
15.941,b-cubic,open,158,384.075,41.233,0,14,5.718,4.766,9449649,6698
15.991,b-cubic,open,158,383.369,41.233,0,14,5.729,4.756,9480057,6719
16.041,b-cubic,open,158,383.285,41.233,0,14,5.73,4.767,9514809,6743
16.091,b-cubic,open,158,383.924,41.233,0,14,5.721,4.767,9539425,6760
16.141,b-cubic,open,158,383.962,41.233,0,14,5.72,4.782,9564041,6777
16.191,b-cubic,open,158,383.957,41.233,0,14,5.72,4.761,9598793,6801
16.241,b-cubic,open,158,383.787,41.233,0,14,5.723,4.767,9623409,6818
16.291,b-cubic,open,158,383.754,41.233,0,14,5.723,4.767,9658161,6842
16.341,b-cubic,open,158,384.086,41.233,0,14,5.718,4.767,9684225,6860
16.392,b-cubic,open,158,383.746,41.233,0,14,5.723,4.767,9718977,6884
16.442,b-cubic,open,158,384.272,41.233,0,14,5.716,4.737,9752281,6907
16.492,b-cubic,open,158,383.804,41.233,0,14,5.723,4.767,9776897,6924
16.542,b-cubic,open,158,384.166,41.233,0,14,5.717,4.767,9802961,6942
16.592,b-cubic,open,158,383.496,41.233,0,14,5.727,4.767,9833369,6963
16.642,b-cubic,open,158,383.778,41.233,0,14,5.723,4.767,9863777,6984
16.692,b-cubic,open,158,383.917,41.233,0,14,5.721,4.767,9895633,7006
16.742,b-cubic,open,158,383.219,41.233,0,14,5.731,4.782,9928937,7029
16.792,b-cubic,open,158,382.891,41.233,0,14,5.736,4.767,9962241,7052
16.843,b-cubic,open,158,383.741,41.233,0,14,5.723,4.767,9991201,7072
16.893,b-cubic,open,158,383.638,41.233,0,14,5.725,4.782,10014369,7088
16.943,b-cubic,open,158,384.386,41.233,0,14,5.714,4.767,10041881,7107
16.993,b-cubic,open,158,383.716,41.233,0,14,5.724,4.767,10072289,7128
17.043,b-cubic,open,158,383.669,41.233,0,14,5.725,4.766,10104145,7150
17.093,b-cubic,open,158,384.236,41.233,0,14,5.716,4.767,10134553,7171
17.143,b-cubic,open,158,383.761,41.233,0,14,5.723,4.767,10167857,7194
17.193,b-cubic,open,159,383.927,41.233,0,14,5.757,4.766,10201161,7218
17.244,b-cubic,open,159,383.941,41.233,0,14,5.757,4.767,10228673,7237
17.294,b-cubic,open,159,384.184,41.233,0,14,5.753,4.767,10250393,7252
17.344,b-cubic,open,159,383.699,41.233,0,14,5.76,4.766,10285145,7276
17.394,b-cubic,open,159,384.01,41.233,0,14,5.756,4.767,10312657,7295
17.444,b-cubic,open,159,383.777,41.233,0,14,5.759,4.767,10345961,7318
17.494,b-cubic,open,159,384.696,41.233,0,14,5.745,4.767,10373473,7337
17.544,b-cubic,open,159,384.085,41.233,0,14,5.755,4.767,10406777,7360
17.594,b-cubic,open,160,384.457,41.233,0,14,5.785,4.782,10440081,7384
17.644,b-cubic,open,160,384.947,41.233,0,14,5.778,4.767,10464697,7401
17.695,b-cubic,open,160,385.751,41.233,0,14,5.766,4.782,10492209,7420
17.745,b-cubic,open,160,386.361,41.233,0,14,5.757,4.767,10521169,7440
17.795,b-cubic,open,160,386.287,41.233,0,14,5.758,4.782,10551577,7461
17.845,b-cubic,open,160,386.234,41.233,0,14,5.758,4.782,10581985,7482
17.895,b-cubic,open,160,386.498,41.233,0,14,5.755,4.767,10615289,7505
17.945,b-cubic,open,160,386.916,41.233,0,14,5.748,4.767,10647145,7527
17.995,b-cubic,open,161,387.208,41.233,0,14,5.78,4.782,10680449,7551
18.045,b-cubic,open,161,387.728,41.233,0,14,5.772,4.782,10702169,7566
18.095,b-cubic,open,161,387.96,41.233,0,14,5.769,4.782,10726785,7583
18.146,b-cubic,open,161,389.055,41.233,0,14,5.752,4.767,10758641,7605
18.196,b-cubic,open,162,388.768,41.233,0,14,5.792,4.767,10791945,7629
18.246,b-cubic,open,162,388.996,41.233,0,14,5.789,4.767,10820905,7649
18.296,b-cubic,open,162,388.788,41.233,0,14,5.792,4.782,10852761,7671
18.346,b-cubic,open,162,388.989,41.233,0,14,5.789,4.767,10890409,7697
18.396,b-cubic,open,163,389.285,41.233,0,14,5.82,4.782,10916473,7716
18.446,b-cubic,open,163,389.845,41.233,0,14,5.812,4.797,10941089,7733
18.496,b-cubic,open,163,390.567,41.233,0,14,5.801,4.767,10970049,7753
18.547,b-cubic,open,164,391.367,41.233,0,14,5.825,4.767,10997561,7773
18.597,b-cubic,open,164,391.867,41.233,0,14,5.818,4.782,11032313,7797
18.647,b-cubic,open,165,393.411,41.233,0,14,5.83,4.767,11061273,7818
18.697,b-cubic,open,165,393.302,41.233,0,14,5.832,4.782,11090233,7838
18.747,b-cubic,open,165,393.939,41.233,0,14,5.822,4.767,11127881,7864
18.797,b-cubic,open,166,394.305,41.233,0,14,5.852,4.782,11155393,7884
18.847,b-cubic,open,166,395.487,41.233,0,14,5.835,4.767,11180009,7901
18.897,b-cubic,open,166,396.159,41.233,0,14,5.825,4.767,11208969,7921
18.947,b-cubic,open,167,396.736,41.233,0,14,5.851,4.782,11237929,7942
18.998,b-cubic,open,167,397.251,41.233,0,14,5.844,4.768,11272681,7966
19.048,b-cubic,open,168,398.4,41.233,0,14,5.862,4.782,11300193,7986
19.098,b-cubic,open,168,399.146,41.233,0,14,5.851,4.797,11332049,8008
19.148,b-cubic,open,169,400.309,41.233,0,14,5.869,4.768,11365353,8032
19.198,b-cubic,open,169,401.249,41.233,0,14,5.855,4.782,11395761,8053
19.248,b-cubic,open,170,401.862,41.233,0,14,5.88,4.782,11420377,8071
19.298,b-cubic,open,170,402.719,41.233,0,14,5.868,4.782,11449337,8091
19.348,b-cubic,open,171,404.224,41.233,0,14,5.88,4.782,11476849,8111
19.399,b-cubic,open,172,404.584,41.233,0,14,5.91,4.782,11511601,8136
19.449,b-cubic,open,172,406.656,41.233,0,14,5.879,4.782,11540561,8156
19.499,b-cubic,open,173,406.484,41.233,0,14,5.916,4.796,11569521,8177
19.549,b-cubic,open,174,408.619,41.233,0,14,5.919,4.782,11604273,8202
19.599,b-cubic,open,174,408.909,41.233,0,14,5.915,4.782,11634681,8223
19.649,b-cubic,open,175,410.246,41.233,0,14,5.93,4.782,11660745,8242
19.699,b-cubic,open,176,411.547,41.233,0,14,5.945,4.782,11685361,8260
19.749,b-cubic,open,176,413.372,41.233,0,14,5.918,4.782,11717217,8282
19.799,b-cubic,open,177,414.178,41.233,0,14,5.941,4.782,11750521,8306
19.850,b-cubic,open,178,415.675,41.233,0,14,5.953,4.768,11778033,8326
19.900,b-cubic,open,179,416.806,41.233,0,14,5.97,4.782,11809889,8349
19.950,b-cubic,open,180,418.394,41.233,0,14,5.98,4.796,11844641,8374
20.000,b-cubic,open,181,419.752,41.233,0,14,5.994,4.782,11877945,8398
20.050,b-cubic,open,181,421.407,41.233,0,14,5.971,4.796,11905457,8417
20.100,b-cubic,open,182,422.765,41.233,0,14,5.984,4.796,11928625,8434
20.150,b-cubic,open,183,424.963,41.233,0,14,5.986,4.782,11956137,8454
20.200,b-cubic,open,184,426.984,41.233,0,14,5.99,4.782,11986545,8476
20.250,b-cubic,open,185,428.502,41.233,0,14,6.001,4.796,12019849,8500
20.301,b-cubic,open,186,430.353,41.233,0,14,6.008,4.782,12050257,8522
20.351,b-cubic,open,187,431.518,41.233,0,14,6.024,4.782,12079217,8543
20.401,b-cubic,open,188,434.079,41.233,0,14,6.02,4.795,12115417,8569
20.451,b-cubic,open,189,436.106,41.233,0,14,6.024,4.795,12148721,8593
20.501,b-cubic,open,190,437.479,41.233,0,14,6.037,4.782,12170441,8609
20.551,b-cubic,open,191,439.204,41.233,0,14,6.045,4.795,12195057,8627
20.601,b-cubic,open,192,441.316,41.233,0,14,6.048,4.782,12226913,8650
20.651,b-cubic,recovery,190,442.774,41.233,1,15,6.153,4.758,12245737,8669
20.701,b-cubic,recovery,183,443.196,41.233,1,15,6.649,4.81,12245737,8685
20.752,b-cubic,recovery,176,443.546,41.233,2,16,7.083,4.797,12245737,8700
20.802,b-cubic,recovery,168,443.446,41.233,3,17,7.523,4.797,12245737,8715
20.852,b-cubic,recovery,160,443.126,41.233,4,18,8.031,4.771,12245737,8732
20.902,b-cubic,recovery,153,442.507,41.233,4,18,8.545,4.837,12245737,8748
20.952,b-cubic,recovery,147,442.897,41.233,5,19,8.882,4.837,12245737,8760
21.002,b-cubic,recovery,141,442.957,41.233,6,20,9.195,4.824,12245737,8771
21.052,b-cubic,recovery,135,442.338,41.233,6,20,9.742,4.848,12245737,8788
21.102,b-cubic,recovery,135,438.774,41.233,6,21,9.409,4.745,12294969,8810
21.152,b-cubic,recovery,135,420.227,41.233,5,21,9.395,4.517,12344201,8831
21.203,b-cubic,recovery,135,399.914,41.233,4,21,9.837,4.276,12376057,8852
21.253,b-cubic,recovery,135,377.627,41.233,3,21,9.792,3.995,12436873,8877
21.303,b-cubic,recovery,135,358.469,41.233,2,21,10.199,3.791,12467281,8895
21.353,b-cubic,recovery,135,335.061,41.233,1,21,10.413,3.583,12512169,8914
21.403,b-cubic,open,135,326.022,41.233,0,21,5.756,3.535,12710545,8934
21.453,b-cubic,open,135,327.562,41.233,0,21,5.729,3.689,12742401,8956
21.503,b-cubic,open,136,327.072,41.233,0,21,5.78,3.866,12769913,8976
21.553,b-cubic,open,137,327.117,41.233,0,21,5.822,4.099,12807561,9003
21.603,b-cubic,open,138,326.968,41.233,0,21,5.867,4.318,12836521,9024
21.653,b-cubic,open,139,327.474,41.233,0,21,5.9,4.641,12862585,9043
21.704,b-cubic,open,140,326.946,41.233,0,21,5.952,4.814,12891545,9064
21.754,b-cubic,open,141,325.959,41.233,0,21,6.013,4.8,12920505,9085
21.804,b-cubic,open,142,326.526,41.233,0,21,6.045,4.835,12955257,9110
21.854,b-cubic,open,143,327.427,41.233,0,21,6.071,4.817,12984217,9131
21.904,b-cubic,open,145,328.826,41.233,0,21,6.13,4.817,13017521,9156
21.954,b-cubic,open,146,330.288,41.233,0,21,6.145,4.835,13047929,9178
22.004,b-cubic,open,147,332.98,41.233,0,21,6.137,4.799,13072545,9196
22.054,b-cubic,open,148,335.105,41.233,0,21,6.139,4.816,13100057,9216
22.105,b-cubic,open,149,338.665,41.233,0,21,6.116,4.799,13133361,9240
22.155,b-cubic,open,150,341.74,41.233,0,21,6.101,4.799,13163769,9262
22.205,b-cubic,open,152,344.083,41.233,0,21,6.141,4.799,13194177,9285
22.255,b-cubic,open,153,346.779,41.233,0,21,6.133,4.815,13230377,9311
22.305,b-cubic,open,154,349.699,41.233,0,21,6.122,4.815,13259337,9332
22.355,b-cubic,open,155,352.57,41.233,0,21,6.111,4.815,13282505,9349
22.405,b-cubic,open,156,354.852,41.233,0,21,6.111,4.815,13311465,9370
22.456,b-cubic,open,157,357.174,41.233,0,21,6.11,4.798,13343321,9393
22.506,b-cubic,open,158,359.597,41.233,0,21,6.108,4.782,13372281,9414
22.556,b-cubic,open,159,362.033,41.233,0,21,6.105,4.798,13404137,9437
22.606,b-cubic,open,161,365.609,41.233,0,21,6.121,4.829,13441785,9465
22.656,b-cubic,open,162,368.424,41.233,0,21,6.112,4.829,13472193,9487
22.706,b-cubic,open,162,370.303,41.233,0,21,6.081,4.798,13493913,9502
22.757,b-cubic,open,163,372.924,41.233,0,21,6.076,4.798,13524321,9524
22.807,b-cubic,open,164,375.824,41.233,0,21,6.066,4.797,13551833,9544
22.857,b-cubic,open,165,378.327,41.233,0,21,6.063,4.798,13585137,9568
22.907,b-cubic,open,166,380.302,41.233,0,21,6.068,4.797,13612649,9588
22.957,b-cubic,open,167,383.853,41.233,0,21,6.048,4.812,13648849,9614
23.007,b-cubic,open,168,385.467,41.233,0,21,6.058,4.812,13680705,9637
23.057,b-cubic,open,169,388.072,41.233,0,21,6.054,4.812,13709665,9658
23.107,b-cubic,open,170,389.786,41.233,0,21,6.063,4.797,13734281,9676
23.158,b-cubic,open,171,393.187,41.233,0,21,6.046,4.782,13766137,9699
23.208,b-cubic,open,171,395.056,41.233,0,21,6.017,4.797,13792201,9717
23.258,b-cubic,open,172,397.076,41.233,0,21,6.021,4.797,13824057,9740
23.308,b-cubic,open,173,399.491,41.233,0,21,6.02,4.796,13853017,9761
23.358,b-cubic,open,174,402.389,41.233,0,21,6.011,4.782,13887769,9786
23.408,b-cubic,open,175,403.283,41.233,0,21,6.032,4.811,13923969,9812
23.458,b-cubic,open,175,406.246,41.233,0,21,5.988,4.81,13954377,9833
23.508,b-cubic,open,176,407.568,41.233,0,21,6.003,4.825,13977545,9850
23.558,b-cubic,open,177,409.771,41.233,0,21,6.004,4.81,14003609,9869
23.609,b-cubic,open,177,412.141,41.233,0,21,5.97,4.796,14034017,9890
23.659,b-cubic,open,178,413.856,41.233,0,21,5.979,4.796,14067321,9914
23.710,b-cubic,open,179,415.242,41.233,0,21,5.992,4.81,14097729,9936
23.760,b-cubic,open,179,417.455,41.233,0,21,5.96,4.796,14126689,9956
23.810,b-cubic,open,180,419.77,41.233,0,21,5.961,4.796,14159993,9980
23.860,b-cubic,open,181,421.66,41.233,0,21,5.967,4.809,14194745,10005
23.910,b-cubic,open,181,423.581,41.233,0,21,5.94,4.823,14222257,10024
23.960,b-cubic,open,182,425.179,41.233,0,21,5.95,4.796,14245425,10041
24.010,b-cubic,open,182,425.982,41.233,0,21,5.939,4.796,14275833,10062
24.060,b-cubic,open,183,427.527,41.233,0,21,5.95,4.809,14307689,10085
24.110,b-cubic,open,183,428.956,41.233,0,21,5.93,4.796,14336649,10105
24.161,b-cubic,open,184,430.53,41.233,0,21,5.941,4.795,14365609,10126
24.211,b-cubic,open,184,432.144,41.233,0,21,5.919,4.809,14400361,10150
24.261,b-cubic,open,185,433.816,41.233,0,21,5.928,4.795,14435113,10175
24.311,b-cubic,open,185,435.77,41.233,0,21,5.901,4.809,14466969,10197
24.361,b-cubic,open,185,437.045,41.233,0,21,5.884,4.809,14487241,10211
24.411,b-cubic,open,186,438.258,41.233,0,21,5.9,4.795,14514753,10231
24.461,b-cubic,open,186,439.469,41.233,0,21,5.883,4.809,14545161,10252
24.511,b-cubic,open,187,441.562,41.233,0,21,5.887,4.795,14578465,10276
24.561,b-cubic,open,187,441.872,41.233,0,21,5.883,4.795,14604529,10294
24.612,b-cubic,open,187,442.646,41.233,0,21,5.873,4.808,14637833,10317
24.662,b-cubic,open,188,443.613,41.233,0,21,5.891,4.809,14669689,10340
24.712,b-cubic,recovery,184,442.38,41.233,1,22,6.065,4.81,14694305,10363
24.762,b-cubic,recovery,178,442.852,41.233,1,22,6.498,4.81,14694305,10377
24.812,b-cubic,recovery,173,442.68,41.233,1,22,6.846,4.824,14694305,10388
24.862,b-cubic,recovery,166,442.649,41.233,2,23,7.254,4.81,14694305,10402
24.913,b-cubic,recovery,161,443.53,41.233,2,23,7.647,4.797,14694305,10416
24.963,b-cubic,recovery,153,443.113,41.233,2,23,8.188,4.837,14694305,10433
25.013,b-cubic,recovery,147,443.425,41.233,2,23,8.621,4.823,14694305,10446
25.063,b-cubic,recovery,141,442.312,41.233,2,23,9.114,4.85,14694305,10462
25.113,b-cubic,recovery,131,436.454,41.233,2,23,9.841,4.874,14694305,10481
25.163,b-cubic,recovery,131,424.311,41.233,1,23,9.075,4.714,14772497,10503
25.213,b-cubic,recovery,131,404.027,41.233,1,23,10.184,4.484,14772497,10522
25.263,b-cubic,open,131,389.52,41.233,0,23,4.675,4.276,15038929,10540
25.313,b-cubic,open,131,366.767,41.233,0,23,4.965,4.0,15073681,10564
25.363,b-cubic,open,132,348.349,41.233,0,23,5.267,3.813,15098297,10582
25.414,b-cubic,open,133,333.733,41.233,0,23,5.54,3.605,15130153,10605
25.464,b-cubic,open,133,321.029,41.233,0,23,5.759,3.588,15167801,10631
25.514,b-cubic,open,134,319.581,41.233,0,23,5.829,3.762,15193865,10650
25.564,b-cubic,open,134,317.832,41.233,0,23,5.861,3.988,15219929,10668
25.614,b-cubic,open,135,316.457,41.233,0,23,5.93,4.216,15248889,10689
25.664,b-cubic,open,136,315.075,41.233,0,23,6.0,4.487,15282193,10713
25.714,b-cubic,open,137,315.471,41.233,0,23,6.037,4.707,15312601,10735
25.765,b-cubic,open,137,317.419,41.233,0,23,6.0,4.837,15345905,10758
25.815,b-cubic,open,138,318.568,41.233,0,23,6.022,4.837,15376313,10780
25.865,b-cubic,open,139,320.121,41.233,0,23,6.036,4.836,15402377,10799
25.915,b-cubic,open,140,322.426,41.233,0,23,6.036,4.818,15429889,10819
25.965,b-cubic,open,140,323.987,41.233,0,23,6.007,4.8,15461745,10841
26.015,b-cubic,open,141,326.913,41.233,0,23,5.996,4.818,15492153,10863
26.065,b-cubic,open,142,328.798,41.233,0,23,6.003,4.817,15524009,10886
26.115,b-cubic,open,142,329.901,41.233,0,23,5.983,4.835,15560209,10911
26.165,b-cubic,open,143,331.597,41.233,0,23,5.995,4.817,15587721,10931
26.215,b-cubic,open,144,333.41,41.233,0,23,6.004,4.817,15612337,10949
26.266,b-cubic,open,144,335.225,41.233,0,23,5.971,4.816,15641297,10969
26.316,b-cubic,open,145,336.122,41.233,0,23,5.997,4.799,15673153,10992
26.366,b-cubic,open,145,338.389,41.233,0,23,5.956,4.816,15702113,11012
26.416,b-cubic,open,146,339.48,41.233,0,23,5.978,4.816,15735417,11036
26.466,b-cubic,open,147,340.531,41.233,0,23,6.001,4.816,15768721,11060
26.517,b-cubic,open,147,343.059,41.233,0,23,5.956,4.816,15797681,11080
26.567,b-cubic,open,148,345.13,41.233,0,23,5.961,4.815,15826641,11101
26.617,b-cubic,open,148,346.32,41.233,0,23,5.941,4.815,15852705,11119
26.667,b-cubic,open,149,348.022,41.233,0,23,5.951,4.815,15886009,11143
26.717,b-cubic,open,149,349.003,41.233,0,23,5.935,4.799,15912073,11161
26.767,b-cubic,open,150,350.732,41.233,0,23,5.945,4.815,15946825,11186
26.817,b-cubic,open,150,351.625,41.233,0,23,5.93,4.831,15981577,11210
26.867,b-cubic,open,151,353.745,41.233,0,23,5.934,4.814,16007641,11229
26.917,b-cubic,open,151,354.42,41.233,0,23,5.922,4.814,16035153,11248
26.968,b-cubic,open,151,356.005,41.233,0,23,5.896,4.798,16065561,11269
27.018,b-cubic,open,152,357.132,41.233,0,23,5.916,4.814,16093073,11289
27.068,b-cubic,open,152,358.331,41.233,0,23,5.897,4.814,16123481,11310
27.118,b-cubic,open,153,360.667,41.233,0,23,5.897,4.814,16155337,11333
27.168,b-cubic,open,153,361.017,41.233,0,23,5.891,4.814,16194433,11360
27.218,b-cubic,open,154,362.134,41.233,0,23,5.911,4.83,16219049,11378
27.268,b-cubic,open,154,363.503,41.233,0,23,5.889,4.815,16245113,11396
27.319,b-cubic,open,154,364.499,41.233,0,23,5.873,4.798,16275521,11417
27.369,b-cubic,open,154,364.999,41.233,0,23,5.865,4.814,16307377,11439
27.419,b-cubic,open,155,366.026,41.233,0,23,5.887,4.782,16336337,11460
27.469,b-cubic,open,155,367.042,41.233,0,23,5.87,4.813,16366745,11481
27.519,b-cubic,open,155,367.347,41.233,0,23,5.865,4.813,16402945,11506
27.569,b-cubic,open,156,368.466,41.233,0,23,5.885,4.813,16434801,11529
27.619,b-cubic,open,156,370.186,41.233,0,23,5.858,4.813,16460865,11547
27.669,b-cubic,open,156,370.793,41.233,0,23,5.848,4.797,16488377,11566
27.720,b-cubic,open,156,371.329,41.233,0,23,5.84,4.797,16515889,11585
27.770,b-cubic,open,157,372.04,41.233,0,23,5.866,4.812,16549193,11609
27.820,b-cubic,open,157,373.269,41.233,0,23,5.847,4.797,16576705,11628
27.870,b-cubic,open,157,373.608,41.233,0,23,5.841,4.797,16610009,11651
27.920,b-cubic,open,157,373.566,41.233,0,23,5.842,4.813,16641865,11673
27.970,b-cubic,open,158,375.311,41.233,0,23,5.852,4.828,16673721,11696
28.020,b-cubic,open,158,375.94,41.233,0,23,5.842,4.797,16695441,11711
28.070,b-cubic,open,158,376.404,41.233,0,23,5.835,4.797,16725849,11732
28.121,b-cubic,open,158,376.245,41.233,0,23,5.837,4.798,16759153,11755
28.171,b-cubic,open,158,376.998,41.233,0,23,5.826,4.828,16788113,11775
28.221,b-cubic,open,158,378.487,41.233,0,23,5.803,4.797,16817073,11795
28.271,b-cubic,open,158,378.259,41.233,0,23,5.806,4.797,16851825,11819
28.321,b-cubic,open,158,379.181,41.233,0,23,5.792,4.813,16885129,11842
28.371,b-cubic,open,159,380.117,41.233,0,23,5.815,4.813,16912641,11862
28.421,b-cubic,open,159,380.259,41.233,0,23,5.812,4.797,16940153,11881
28.472,b-cubic,open,159,381.25,41.233,0,23,5.797,4.797,16967665,11900
28.522,b-cubic,open,159,381.237,41.233,0,23,5.797,4.797,17000969,11923
28.572,b-cubic,open,159,381.45,41.233,0,23,5.794,4.813,17027033,11941
28.622,b-cubic,open,159,381.136,41.233,0,23,5.799,4.812,17061785,11965
28.672,b-cubic,open,159,380.929,41.233,0,23,5.802,4.797,17095089,11988
28.722,b-cubic,open,159,381.454,41.233,0,23,5.794,4.797,17122601,12007
28.772,b-cubic,open,159,382.597,41.233,0,23,5.777,4.828,17148665,12025
28.823,b-cubic,open,159,383.017,41.233,0,23,5.771,4.812,17176177,12044
28.873,b-cubic,open,159,383.469,41.233,0,23,5.764,4.797,17209481,12067
28.923,b-cubic,open,159,383.845,41.233,0,23,5.758,4.797,17241337,12089
28.973,b-cubic,open,159,383.62,41.233,0,23,5.761,4.812,17268849,12108
29.023,b-cubic,open,159,383.793,41.233,0,23,5.759,4.797,17302153,12131
29.073,b-cubic,open,159,383.713,41.233,0,23,5.76,4.812,17334009,12153
29.123,b-cubic,open,159,383.773,41.233,0,23,5.759,4.797,17364417,12174
29.173,b-cubic,open,159,383.856,41.233,0,23,5.758,4.812,17390481,12192
29.223,b-cubic,open,159,383.618,41.233,0,23,5.762,4.797,17417993,12211
29.274,b-cubic,open,159,383.68,41.233,0,23,5.761,4.812,17451297,12234
29.324,b-cubic,open,159,383.833,41.233,0,23,5.758,4.797,17480257,12254
29.374,b-cubic,open,159,383.562,41.233,0,23,5.762,4.797,17509217,12274
29.424,b-cubic,open,159,383.231,41.233,0,23,5.767,4.789,17543969,12298
29.474,b-cubic,open,159,383.56,41.233,0,23,5.762,4.797,17574377,12319
29.524,b-cubic,open,159,383.984,41.233,0,23,5.756,4.797,17604785,12340
29.574,b-cubic,open,159,384.061,41.233,0,23,5.755,4.797,17630849,12358
29.624,b-cubic,open,159,383.863,41.233,0,23,5.758,4.767,17659809,12378
29.675,b-cubic,open,159,383.537,41.233,0,23,5.763,4.797,17690217,12399
29.725,b-cubic,open,159,383.643,41.233,0,23,5.761,4.812,17719177,12419
29.775,b-cubic,open,159,383.47,41.233,0,23,5.764,4.797,17752481,12442
29.825,b-cubic,open,159,383.396,41.233,0,23,5.765,4.797,17785785,12465
29.875,b-cubic,open,159,384.495,41.233,0,23,5.748,4.797,17816193,12486
29.925,b-cubic,open,159,384.67,41.233,0,23,5.746,4.797,17842257,12504
29.975,b-cubic,open,159,384.085,41.233,0,23,5.755,4.812,17866873,12521
30.025,b-cubic,open,159,384.094,41.233,0,23,5.754,4.797,17900177,12544
30.075,b-cubic,open,159,384.295,41.233,0,23,5.751,4.782,17932033,12566
30.126,b-cubic,open,159,383.863,41.233,0,23,5.758,4.797,17962441,12587
30.176,b-cubic,open,159,383.34,41.233,0,23,5.766,4.797,17994297,12609
30.226,b-cubic,open,159,383.655,41.233,0,23,5.761,4.797,18027601,12632
30.276,b-cubic,open,159,384.131,41.233,0,23,5.754,4.797,18055113,12651
30.326,b-cubic,open,159,384.252,41.233,0,23,5.752,4.797,18081177,12669
30.376,b-cubic,open,159,384.072,41.233,0,23,5.755,4.797,18108689,12688
30.426,b-cubic,open,159,383.734,41.233,0,23,5.76,4.797,18141993,12711
30.476,b-cubic,open,159,384.097,41.233,0,23,5.754,4.797,18173849,12733
30.526,b-cubic,open,159,383.423,41.233,0,23,5.764,4.797,18201361,12752
30.577,b-cubic,open,159,383.769,41.233,0,23,5.759,4.805,18234665,12775
30.627,b-cubic,open,159,383.899,41.233,0,23,5.757,4.797,18266521,12797
30.677,b-cubic,open,159,383.898,41.233,0,23,5.757,4.797,18294033,12816
30.727,b-cubic,open,160,383.927,41.233,0,23,5.793,4.797,18322993,12837
30.777,b-cubic,open,160,383.955,41.233,0,23,5.793,4.797,18350505,12856
30.827,b-cubic,open,160,383.648,41.233,0,23,5.797,4.812,18383809,12879
30.877,b-cubic,open,160,384.047,41.233,0,23,5.791,4.797,18412769,12899
30.927,b-cubic,open,160,383.41,41.233,0,23,5.801,4.802,18441729,12919
30.977,b-cubic,open,160,383.7,41.233,0,23,5.797,4.797,18476481,12943
31.028,b-cubic,open,160,383.884,41.233,0,23,5.794,4.797,18506889,12964
31.078,b-cubic,open,161,384.203,41.233,0,23,5.825,4.782,18532953,12983
31.128,b-cubic,open,161,384.332,41.233,0,23,5.823,4.827,18560465,13002
31.178,b-cubic,open,161,385.601,41.233,0,23,5.804,4.812,18590873,13023
31.228,b-cubic,open,161,386.012,41.233,0,23,5.798,4.812,18621281,13044
31.278,b-cubic,open,161,386.398,41.233,0,23,5.792,4.812,18653137,13066
31.328,b-cubic,open,161,385.923,41.233,0,23,5.799,4.782,18684993,13088
31.378,b-cubic,open,161,386.104,41.233,0,23,5.796,4.797,18716849,13110
31.428,b-cubic,open,161,386.662,41.233,0,23,5.788,4.797,18745809,13130
31.479,b-cubic,open,162,387.023,41.233,0,23,5.819,4.812,18774769,13151
31.529,b-cubic,open,162,387.501,41.233,0,23,5.811,4.812,18800833,13169
31.579,b-cubic,open,162,388.097,41.233,0,23,5.802,4.797,18834137,13192
31.629,b-cubic,open,162,388.267,41.233,0,23,5.8,4.796,18863097,13212
31.679,b-cubic,open,163,388.622,41.233,0,23,5.83,4.811,18892057,13233
31.729,b-cubic,open,163,388.593,41.233,0,23,5.831,4.796,18925361,13256
31.779,b-cubic,open,163,388.733,41.233,0,23,5.829,4.796,18958665,13279
31.829,b-cubic,open,163,389.441,41.233,0,23,5.818,4.811,18986177,13298
31.879,b-cubic,open,164,389.662,41.233,0,23,5.851,4.811,19016585,13320
31.930,b-cubic,open,164,390.203,41.233,0,23,5.842,4.811,19044097,13339
31.980,b-cubic,open,164,390.961,41.233,0,23,5.831,4.797,19074505,13360
32.030,b-cubic,open,165,391.072,41.233,0,23,5.865,4.797,19100569,13379
32.080,b-cubic,open,165,392.348,41.233,0,23,5.846,4.812,19133873,13402
32.130,b-cubic,open,165,393.096,41.233,0,23,5.835,4.797,19167177,13425
32.180,b-cubic,open,166,393.499,41.233,0,23,5.864,4.797,19197585,13447
32.230,b-cubic,open,166,394.12,41.233,0,23,5.855,4.812,19225097,13466
32.280,b-cubic,open,167,393.903,41.233,0,23,5.893,4.827,19259849,13491
32.330,b-cubic,open,167,394.762,41.233,0,23,5.881,4.812,19284465,13508
32.381,b-cubic,open,167,395.729,41.233,0,23,5.866,4.797,19314873,13529
32.431,b-cubic,open,168,396.211,41.233,0,23,5.894,4.811,19342385,13549
32.481,b-cubic,open,168,396.616,41.233,0,23,5.888,4.826,19377137,13573
32.531,b-cubic,open,169,397.21,41.233,0,23,5.914,4.797,19408993,13596
32.581,b-cubic,open,169,398.895,41.233,0,23,5.889,4.811,19437953,13616
32.631,b-cubic,open,170,400.959,41.233,0,23,5.894,4.782,19466913,13637
32.681,b-cubic,open,170,400.742,41.233,0,23,5.897,4.811,19498769,13659
32.731,b-cubic,open,171,401.353,41.233,0,23,5.923,4.825,19526281,13679
32.781,b-cubic,open,171,402.516,41.233,0,23,5.905,4.811,19553793,13698
32.832,b-cubic,open,172,403.316,41.233,0,23,5.928,4.825,19581305,13718
32.882,b-cubic,open,172,404.458,41.233,0,23,5.911,4.811,19616057,13742
32.932,b-cubic,open,173,404.545,41.233,0,23,5.945,4.796,19647913,13765
32.982,b-cubic,open,174,406.208,41.233,0,23,5.954,4.81,19679769,13788
33.032,b-cubic,open,174,407.519,41.233,0,23,5.935,4.81,19710177,13809
33.082,b-cubic,open,175,409.085,41.233,0,23,5.947,4.825,19739137,13830
33.132,b-cubic,open,176,409.175,41.233,0,23,5.979,4.796,19765201,13849
33.182,b-cubic,open,176,410.609,41.233,0,23,5.958,4.81,19797057,13871
33.232,b-cubic,open,177,412.657,41.233,0,23,5.962,4.81,19826017,13892
33.283,b-cubic,open,178,414.207,41.233,0,23,5.974,4.824,19859321,13916
33.333,b-cubic,open,179,415.698,41.233,0,23,5.986,4.824,19889729,13938
33.383,b-cubic,open,179,416.57,41.233,0,23,5.973,4.824,19921585,13960
33.433,b-cubic,open,180,418.219,41.233,0,23,5.983,4.81,19949097,13980
33.483,b-cubic,open,181,419.352,41.233,0,23,6.0,4.796,19979505,14002
33.533,b-cubic,open,182,420.615,41.233,0,23,6.015,4.81,20009913,14024
33.583,b-cubic,open,183,422.443,41.233,0,23,6.022,4.823,20037425,14044
33.633,b-cubic,open,184,423.425,41.233,0,23,6.041,4.809,20066385,14065
33.684,b-cubic,open,184,426.173,41.233,0,23,6.002,4.809,20096793,14086
33.734,b-cubic,open,185,427.256,41.233,0,23,6.019,4.809,20128649,14109
33.784,b-cubic,open,186,428.879,41.233,0,23,6.029,4.822,20160505,14132
33.834,b-cubic,open,187,431.44,41.233,0,23,6.025,4.822,20192361,14155
33.884,b-cubic,open,188,432.498,41.233,0,23,6.042,4.822,20221321,14176
33.934,b-cubic,open,189,434.781,41.233,0,23,6.043,4.809,20253177,14199
33.984,b-cubic,open,190,436.476,41.233,0,23,6.051,4.808,20279241,14218
34.034,b-cubic,open,191,438.164,41.233,0,23,6.059,4.835,20311097,14241
34.085,b-cubic,open,192,440.466,41.233,0,23,6.059,4.821,20338609,14261
34.135,b-cubic,open,194,442.449,41.233,0,23,6.095,4.808,20369017,14283
34.185,b-cubic,recovery,185,442.496,41.233,2,25,6.503,4.797,20369017,14300
34.235,b-cubic,recovery,177,442.82,41.233,4,27,6.938,4.771,20369017,14315
34.285,b-cubic,recovery,171,443.292,41.233,4,27,7.306,4.771,20369017,14328
34.335,b-cubic,recovery,164,443.591,41.233,5,28,7.74,4.784,20369017,14343
34.385,b-cubic,recovery,156,443.554,41.233,6,29,8.18,4.771,20369017,14358
34.435,b-cubic,recovery,150,442.612,41.233,7,30,8.543,4.798,20369017,14370
34.485,b-cubic,recovery,142,442.924,41.233,8,31,8.976,4.784,20369017,14385
34.535,b-cubic,recovery,135,443.318,41.233,9,32,9.438,4.811,20369017,14401
34.585,b-cubic,recovery,135,442.378,41.233,9,33,9.773,4.806,20384945,14423
34.636,b-cubic,recovery,135,435.74,41.233,8,33,9.698,4.575,20419697,14440
34.686,b-cubic,recovery,135,416.793,41.233,6,33,9.805,4.33,20466033,14462
34.736,b-cubic,recovery,135,396.566,41.233,5,33,9.815,4.105,20513817,14481
34.786,b-cubic,recovery,135,375.751,41.233,3,33,9.804,3.885,20564497,14501
34.836,b-cubic,recovery,135,353.941,41.233,1,33,8.876,3.66,20649929,14521
34.886,b-cubic,recovery,135,333.203,41.233,1,33,10.346,3.494,20649929,14543
34.936,b-cubic,open,135,328.628,41.233,0,33,5.71,3.558,20846857,14565
34.986,b-cubic,open,135,328.359,41.233,0,33,5.715,3.708,20875817,14585
35.036,b-cubic,open,136,328.057,41.233,0,33,5.763,3.901,20904777,14606
35.087,b-cubic,open,137,327.673,41.233,0,33,5.812,4.138,20936633,14629
35.137,b-cubic,open,138,327.624,41.233,0,33,5.855,4.374,20962697,14648
35.187,b-cubic,open,139,327.909,41.233,0,33,5.893,4.695,20994553,14671
35.237,b-cubic,open,140,326.785,41.233,0,33,5.955,4.8,21030753,14697
35.287,b-cubic,open,141,325.512,41.233,0,33,6.021,4.8,21056817,14716
35.337,b-cubic,open,143,327.093,41.233,0,33,6.077,4.8,21087225,14739
35.387,b-cubic,open,144,328.073,41.233,0,33,6.101,4.8,21116185,14760
35.437,b-cubic,open,145,330.114,41.233,0,33,6.106,4.8,21143697,14780
35.487,b-cubic,open,146,332.72,41.233,0,33,6.1,4.799,21177001,14804
35.538,b-cubic,open,147,335.184,41.233,0,33,6.096,4.782,21204513,14824
35.588,b-cubic,open,149,337.194,41.233,0,33,6.142,4.782,21239265,14850
35.638,b-cubic,open,150,340.065,41.233,0,33,6.132,4.782,21263881,14868
35.688,b-cubic,open,151,343.437,41.233,0,33,6.112,4.799,21297185,14892
35.738,b-cubic,open,152,345.976,41.233,0,33,6.107,4.799,21324697,14912
35.788,b-cubic,open,153,348.892,41.233,0,33,6.096,4.815,21356553,14935
35.838,b-cubic,open,154,351.872,41.233,0,33,6.084,4.782,21385513,14956
35.888,b-cubic,open,156,354.576,41.233,0,33,6.116,4.782,21414473,14978
35.939,b-cubic,open,157,356.11,41.233,0,33,6.129,4.782,21449225,15003
35.989,b-cubic,open,158,359.304,41.233,0,33,6.113,4.782,21476737,15023
36.039,b-cubic,open,159,361.826,41.233,0,33,6.109,4.798,21508593,15046
36.089,b-cubic,open,160,365.459,41.233,0,33,6.086,4.798,21537553,15067
36.139,b-cubic,open,161,367.713,41.233,0,33,6.086,4.814,21565065,15087
36.189,b-cubic,open,162,369.895,41.233,0,33,6.088,4.813,21595473,15109
36.239,b-cubic,open,163,373.37,41.233,0,33,6.069,4.797,21625881,15131
36.289,b-cubic,open,164,375.654,41.233,0,33,6.069,4.813,21657737,15154
36.339,b-cubic,open,165,377.516,41.233,0,33,6.076,4.797,21688145,15176
36.390,b-cubic,open,166,380.833,41.233,0,33,6.059,4.812,21718553,15198
36.440,b-cubic,open,167,383.149,41.233,0,33,6.059,4.797,21747513,15219
36.490,b-cubic,open,168,386.156,41.233,0,33,6.048,4.781,21777921,15241
36.540,b-cubic,open,169,387.807,41.233,0,33,6.058,4.797,21808329,15263
36.590,b-cubic,open,170,390.794,41.233,0,33,6.047,4.797,21835841,15283
36.640,b-cubic,open,170,393.638,41.233,0,33,6.003,4.796,21864801,15303
36.690,b-cubic,open,171,395.456,41.233,0,33,6.011,4.811,21901001,15329
36.741,b-cubic,open,172,396.701,41.233,0,33,6.027,4.797,21927065,15348
36.791,b-cubic,open,173,399.876,41.233,0,33,6.014,4.797,21958921,15371
36.841,b-cubic,open,174,401.814,41.233,0,33,6.02,4.796,21986433,15391
36.891,b-cubic,open,175,404.118,41.233,0,33,6.02,4.797,22018289,15414
36.941,b-cubic,open,175,405.754,41.233,0,33,5.995,4.796,22048697,15435
36.991,b-cubic,open,176,407.819,41.233,0,33,5.999,4.811,22073313,15453
37.041,b-cubic,open,177,409.164,41.233,0,33,6.013,4.796,22103721,15475
37.091,b-cubic,open,177,412.475,41.233,0,33,5.965,4.796,22137025,15498
37.141,b-cubic,open,178,413.493,41.233,0,33,5.984,4.796,22170329,15522
37.192,b-cubic,open,179,415.866,41.233,0,33,5.983,4.782,22197841,15542
37.242,b-cubic,open,180,418.254,41.233,0,33,5.982,4.81,22229697,15565
37.292,b-cubic,open,180,419.819,41.233,0,33,5.96,4.796,22254313,15582
37.342,b-cubic,open,181,421.973,41.233,0,33,5.963,4.797,22287617,15606
37.392,b-cubic,open,181,422.551,41.233,0,33,5.954,4.809,22316577,15626
37.442,b-cubic,open,182,425.209,41.233,0,33,5.95,4.795,22345537,15647
37.492,b-cubic,open,182,426.883,41.233,0,33,5.927,4.809,22375945,15668
37.543,b-cubic,open,183,427.513,41.233,0,33,5.95,4.795,22412145,15694
37.593,b-cubic,open,184,428.871,41.233,0,33,5.964,4.795,22439657,15714
37.643,b-cubic,open,184,431.927,41.233,0,33,5.922,4.795,22471513,15736
37.693,b-cubic,open,185,432.163,41.233,0,33,5.951,4.809,22499025,15756
37.743,b-cubic,open,185,433.796,41.233,0,33,5.928,4.809,22527985,15776
37.793,b-cubic,open,186,435.303,41.233,0,33,5.94,4.809,22561289,15800
37.843,b-cubic,open,186,435.909,41.233,0,33,5.931,4.809,22584457,15816
37.894,b-cubic,open,186,438.112,41.233,0,33,5.902,4.795,22616313,15838
37.944,b-cubic,open,187,439.701,41.233,0,33,5.912,4.808,22646721,15860
37.994,b-cubic,open,187,440.537,41.233,0,33,5.901,4.795,22684369,15886
38.044,b-cubic,open,188,442.339,41.233,0,33,5.908,4.808,22708985,15904
38.094,b-cubic,open,188,443.066,41.233,0,33,5.898,4.782,22739393,15925
38.144,b-cubic,recovery,180,443.221,41.233,2,35,6.273,4.771,22739393,15940
38.194,b-cubic,recovery,174,443.077,41.233,2,35,6.683,4.784,22739393,15952
38.245,b-cubic,recovery,165,442.987,41.233,4,37,7.155,4.758,22739393,15969
38.295,b-cubic,recovery,160,443.001,41.233,4,37,7.468,4.745,22739393,15979
38.345,b-cubic,recovery,153,443.448,41.233,5,38,7.868,4.719,22739393,15993
38.395,b-cubic,recovery,146,443.236,41.233,5,38,8.374,4.732,22739393,16009
38.445,b-cubic,recovery,139,443.093,41.233,5,38,8.91,4.746,22739393,16027
38.495,b-cubic,recovery,132,443.582,41.233,6,39,9.276,4.732,22739393,16039
38.545,b-cubic,recovery,131,442.588,41.233,5,39,9.328,4.719,22765457,16059
38.595,b-cubic,recovery,131,436.704,41.233,4,39,9.167,4.563,22800209,16074
38.646,b-cubic,recovery,131,429.069,41.233,3,39,9.201,4.372,22832065,16092
38.696,b-cubic,recovery,131,421.68,41.233,2,39,8.999,4.198,22868265,16106
38.746,b-cubic,recovery,131,414.518,41.233,1,39,7.311,4.026,22971073,16122
38.796,b-cubic,recovery,131,401.744,41.233,1,39,8.27,3.781,22971073,16143
38.846,b-cubic,open,131,381.515,41.233,0,39,4.773,3.529,23160761,16165
38.896,b-cubic,open,131,367.773,41.233,0,39,4.951,3.416,23192617,16187
38.946,b-cubic,open,131,359.623,41.233,0,39,5.064,3.498,23218681,16205
38.996,b-cubic,open,132,346.985,41.233,0,39,5.288,3.58,23250537,16228
39.047,b-cubic,open,133,335.557,41.233,0,39,5.51,3.653,23276601,16247
39.097,b-cubic,open,133,324.017,41.233,0,39,5.706,3.762,23308457,16269
39.147,b-cubic,open,134,319.238,41.233,0,39,5.835,3.965,23340313,16292
39.197,b-cubic,open,135,316.196,41.233,0,39,5.935,4.205,23370721,16314
39.247,b-cubic,open,135,315.423,41.233,0,39,5.949,4.241,23399681,16334
39.297,b-cubic,open,136,317.065,41.233,0,39,5.963,4.522,23430089,16356
39.347,b-cubic,open,137,318.789,41.233,0,39,5.974,4.673,23459049,16377
39.398,b-cubic,open,138,320.559,41.233,0,39,5.984,4.8,23486561,16397
39.448,b-cubic,open,138,322.634,41.233,0,39,5.946,4.764,23519865,16420
39.498,b-cubic,open,139,324.566,41.233,0,39,5.953,4.746,23548825,16441
39.548,b-cubic,open,140,326.456,41.233,0,39,5.961,4.782,23580681,16464
39.598,b-cubic,open,141,328.385,41.233,0,39,5.969,4.782,23611089,16485
39.648,b-cubic,open,141,329.554,41.233,0,39,5.947,4.764,23638601,16505
39.698,b-cubic,open,142,331.874,41.233,0,39,5.948,4.765,23667561,16526
39.749,b-cubic,open,142,333.19,41.233,0,39,5.924,4.782,23695073,16545
39.799,b-cubic,open,143,334.89,41.233,0,39,5.936,4.782,23732721,16572
39.849,b-cubic,open,144,336.484,41.233,0,39,5.949,4.765,23760233,16592
39.899,b-cubic,open,144,338.553,41.233,0,39,5.913,4.782,23789193,16612
39.949,b-cubic,open,145,339.97,41.233,0,39,5.929,4.782,23819601,16634
39.999,b-cubic,open,146,341.132,41.233,0,39,5.949,4.782,23848561,16655
40.049,b-cubic,open,146,343.562,41.233,0,39,5.907,4.782,23876073,16674
40.099,b-cubic,open,147,344.982,41.233,0,39,5.923,4.765,23906481,16696
40.150,b-cubic,open,147,346.328,41.233,0,39,5.9,4.782,23942681,16721
40.200,b-cubic,open,148,348.048,41.233,0,39,5.911,4.782,23968745,16740
40.250,b-cubic,open,148,349.408,41.233,0,39,5.888,4.765,24000601,16762
40.300,b-cubic,open,149,351.057,41.233,0,39,5.9,4.782,24029561,16783
40.350,b-cubic,open,150,351.693,41.233,0,39,5.929,4.782,24059969,16805
40.400,b-cubic,open,150,353.374,41.233,0,39,5.901,4.798,24086033,16823
40.450,b-cubic,open,150,354.443,41.233,0,39,5.883,4.782,24113545,16842
40.500,b-cubic,open,151,355.978,41.233,0,39,5.896,4.766,24151193,16869
40.551,b-cubic,open,151,357.89,41.233,0,39,5.865,4.782,24178705,16888
40.601,b-cubic,open,152,359.1,41.233,0,39,5.884,4.766,24209113,16910
40.651,b-cubic,open,152,360.725,41.233,0,39,5.857,4.782,24238073,16930
40.701,b-cubic,open,152,361.136,41.233,0,39,5.851,4.766,24268481,16951
40.751,b-cubic,open,153,363.453,41.233,0,39,5.852,4.782,24297441,16972
40.801,b-cubic,open,153,363.392,41.233,0,39,5.853,4.782,24322057,16989
40.851,b-cubic,open,154,364.327,41.233,0,39,5.876,4.782,24359705,17016
40.901,b-cubic,open,154,365.837,41.233,0,39,5.852,4.782,24387217,17035
40.951,b-cubic,open,154,366.702,41.233,0,39,5.838,4.766,24417625,17056
41.002,b-cubic,open,155,368.466,41.233,0,39,5.848,4.766,24448033,17078
41.052,b-cubic,open,155,368.105,41.233,0,39,5.853,4.798,24476993,17098
41.102,b-cubic,open,155,369.699,41.233,0,39,5.828,4.782,24507401,17119
41.152,b-cubic,open,155,371.477,41.233,0,39,5.8,4.782,24534913,17138
41.202,b-cubic,open,156,371.002,41.233,0,39,5.845,4.766,24563873,17159
41.252,b-cubic,open,156,372.288,41.233,0,39,5.825,4.782,24598625,17183
41.302,b-cubic,open,156,373.246,41.233,0,39,5.81,4.782,24629033,17204
41.353,b-cubic,open,157,373.747,41.233,0,39,5.839,4.767,24657993,17225
41.403,b-cubic,open,157,375.556,41.233,0,39,5.811,4.782,24688401,17246
41.453,b-cubic,open,157,374.982,41.233,0,39,5.82,4.798,24718809,17267
41.503,b-cubic,open,157,375.875,41.233,0,39,5.806,4.782,24744873,17285
41.553,b-cubic,open,157,377.466,41.233,0,39,5.782,4.782,24775281,17306
41.603,b-cubic,open,158,377.525,41.233,0,39,5.818,4.782,24805689,17328
41.653,b-cubic,open,158,378.069,41.233,0,39,5.809,4.782,24834649,17348
41.703,b-cubic,open,158,378.024,41.233,0,39,5.81,4.782,24865057,17369
41.754,b-cubic,open,158,379.807,41.233,0,39,5.783,4.782,24895465,17390
41.804,b-cubic,open,158,380.58,41.233,0,39,5.771,4.782,24928769,17413
41.854,b-cubic,open,158,380.055,41.233,0,39,5.779,4.797,24954833,17431
41.904,b-cubic,open,158,380.883,41.233,0,39,5.766,4.782,24982345,17450
41.954,b-cubic,open,158,381.181,41.233,0,39,5.762,4.767,25011305,17470
42.004,b-cubic,open,159,381.66,41.233,0,39,5.791,4.782,25050401,17498
42.054,b-cubic,open,159,382.728,41.233,0,39,5.775,4.782,25076465,17516
42.105,b-cubic,open,159,382.549,41.233,0,39,5.778,4.782,25106873,17537
42.155,b-cubic,open,159,383.642,41.233,0,39,5.761,4.767,25137281,17558
42.205,b-cubic,open,159,382.918,41.233,0,39,5.772,4.797,25169137,17580
42.255,b-cubic,open,159,382.784,41.233,0,39,5.774,4.782,25193753,17597
42.305,b-cubic,open,159,383.177,41.233,0,39,5.768,4.782,25224161,17618
42.355,b-cubic,open,159,383.425,41.233,0,39,5.764,4.782,25251673,17637
42.405,b-cubic,open,159,384.056,41.233,0,39,5.755,4.782,25286425,17661
42.455,b-cubic,open,159,385.413,41.233,0,39,5.735,4.782,25316833,17682
42.505,b-cubic,open,159,384.859,41.233,0,39,5.743,4.782,25345793,17702
42.556,b-cubic,open,159,385.721,41.233,0,39,5.73,4.782,25377649,17724
42.606,b-cubic,open,159,385.031,41.233,0,39,5.74,4.797,25408057,17745
42.656,b-cubic,open,159,385.234,41.233,0,39,5.737,4.782,25432673,17762
42.706,b-cubic,open,159,385.744,41.233,0,39,5.73,4.782,25460185,17781
42.756,b-cubic,open,159,385.259,41.233,0,39,5.737,4.782,25494937,17805
42.806,b-cubic,open,159,385.654,41.233,0,39,5.731,4.782,25525345,17826
42.856,b-cubic,open,159,385.722,41.233,0,39,5.73,4.797,25557201,17848
42.906,b-cubic,open,159,385.584,41.233,0,39,5.732,4.767,25584713,17867
42.957,b-cubic,open,159,385.389,41.233,0,39,5.735,4.782,25616569,17889
43.007,b-cubic,open,159,384.892,41.233,0,39,5.742,4.797,25646977,17910
43.057,b-cubic,open,159,385.025,41.233,0,39,5.74,4.782,25668697,17925
43.107,b-cubic,open,159,385.27,41.233,0,39,5.737,4.777,25700553,17947
43.157,b-cubic,open,159,385.093,41.233,0,39,5.739,4.78,25736753,17972
43.207,b-cubic,open,159,385.376,41.233,0,39,5.735,4.782,25765713,17992
43.257,b-cubic,open,159,385.132,41.233,0,39,5.739,4.797,25796121,18013
43.307,b-cubic,open,159,385.825,41.233,0,39,5.729,4.782,25823633,18032
43.357,b-cubic,open,159,385.148,41.233,0,39,5.739,4.782,25856937,18055
43.408,b-cubic,open,159,384.659,41.233,0,39,5.746,4.783,25883001,18073
43.458,b-cubic,open,159,385.181,41.233,0,39,5.738,4.782,25913409,18094
43.508,b-cubic,open,159,385.468,41.233,0,39,5.734,4.782,25942369,18114
43.558,b-cubic,open,159,385.233,41.233,0,39,5.737,4.782,25972777,18135
43.608,b-cubic,open,159,385.544,41.233,0,39,5.733,4.782,26006081,18158
43.658,b-cubic,open,159,385.261,41.233,0,39,5.737,4.782,26033593,18177
43.708,b-cubic,open,159,385.478,41.233,0,39,5.734,4.797,26066897,18200
43.758,b-cubic,open,159,385.499,41.233,0,39,5.733,4.782,26098753,18222
43.809,b-cubic,open,159,384.778,41.233,0,39,5.744,4.797,26121921,18238
43.859,b-cubic,open,159,385.123,41.233,0,39,5.739,4.782,26149433,18257
43.909,b-cubic,open,159,384.862,41.233,0,39,5.743,4.797,26184185,18281
43.959,b-cubic,open,159,385.044,41.233,0,39,5.74,4.782,26211697,18300
44.009,b-cubic,open,159,385.534,41.233,0,39,5.733,4.797,26245001,18323
44.059,b-cubic,open,159,385.486,41.233,0,39,5.734,4.782,26272513,18342
44.109,b-cubic,open,159,386.098,41.233,0,39,5.725,4.782,26304369,18364
44.159,b-cubic,open,159,385.223,41.233,0,39,5.738,4.782,26337673,18387
44.209,b-cubic,open,159,384.995,41.233,0,39,5.741,4.782,26359393,18402
44.260,b-cubic,open,159,384.964,41.233,0,39,5.741,4.777,26389801,18423
44.310,b-cubic,open,160,384.561,41.233,0,39,5.784,4.797,26423105,18447
44.360,b-cubic,open,160,385.392,41.233,0,39,5.771,4.782,26454961,18469
44.410,b-cubic,open,160,384.964,41.233,0,39,5.777,4.782,26485369,18490
44.460,b-cubic,open,160,385.118,41.233,0,39,5.775,4.782,26511433,18508
44.510,b-cubic,open,160,385.647,41.233,0,39,5.767,4.782,26543289,18530
44.560,b-cubic,open,160,384.959,41.233,0,39,5.778,4.782,26573697,18551
44.610,b-cubic,open,160,385.308,41.233,0,39,5.772,4.797,26601209,18570
44.660,b-cubic,open,160,385.137,41.233,0,39,5.775,4.782,26633065,18592
44.711,b-cubic,open,161,386.534,41.233,0,39,5.79,4.782,26662025,18613
44.761,b-cubic,open,161,387.749,41.233,0,39,5.772,4.782,26692433,18634
44.811,b-cubic,open,161,388.295,41.233,0,39,5.764,4.797,26724289,18656
44.861,b-cubic,open,161,387.815,41.233,0,39,5.771,4.782,26753249,18676
44.911,b-cubic,open,161,387.728,41.233,0,39,5.772,4.782,26788001,18700
44.961,b-cubic,open,161,387.423,41.233,0,39,5.777,4.782,26814065,18718
45.011,b-cubic,open,161,387.44,41.233,0,39,5.776,4.782,26840129,18736
45.061,b-cubic,open,161,388.034,41.233,0,39,5.768,4.767,26873433,18759
45.112,b-cubic,open,162,389.825,41.233,0,39,5.777,4.782,26902393,18780
45.162,b-cubic,open,162,390.375,41.233,0,39,5.769,4.782,26932801,18801
45.212,b-cubic,open,162,390.272,41.233,0,39,5.77,4.797,26963209,18822
45.262,b-cubic,open,162,390.312,41.233,0,39,5.77,4.782,26993617,18843
45.312,b-cubic,open,163,390.11,41.233,0,39,5.808,4.782,27026921,18867
45.362,b-cubic,open,163,389.644,41.233,0,39,5.815,4.782,27052985,18885
45.412,b-cubic,open,163,390.504,41.233,0,39,5.802,4.767,27079049,18903
45.462,b-cubic,open,163,390.509,41.233,0,39,5.802,4.767,27112353,18926
45.512,b-cubic,open,164,392.496,41.233,0,39,5.808,4.782,27139865,18946
45.562,b-cubic,open,164,393.104,41.233,0,39,5.799,4.782,27173169,18969
45.613,b-cubic,open,164,392.512,41.233,0,39,5.808,4.797,27203577,18990
45.663,b-cubic,open,165,393.759,41.233,0,39,5.825,4.767,27231089,19010
45.713,b-cubic,open,165,394.808,41.233,0,39,5.809,4.782,27265841,19034
45.763,b-cubic,open,165,394.564,41.233,0,39,5.813,4.797,27289009,19050
45.813,b-cubic,open,166,394.959,41.233,0,39,5.842,4.782,27319417,19072
45.863,b-cubic,open,166,395.003,41.233,0,39,5.842,4.767,27351273,19094
45.913,b-cubic,open,167,397.433,41.233,0,39,5.841,4.782,27380233,19115
45.964,b-cubic,open,167,397.575,41.233,0,39,5.839,4.782,27413537,19138
46.014,b-cubic,open,167,398.239,41.233,0,39,5.829,4.782,27441049,19157
46.064,b-cubic,open,168,399.89,41.233,0,39,5.84,4.782,27472905,19180
46.114,b-cubic,open,168,399.949,41.233,0,39,5.839,4.782,27504761,19202
46.164,b-cubic,open,169,399.61,41.233,0,39,5.879,4.782,27530825,19221
46.214,b-cubic,open,169,401.187,41.233,0,39,5.856,4.782,27558337,19240
46.264,b-cubic,open,170,402.099,41.233,0,39,5.877,4.796,27588745,19262
46.314,b-cubic,open,170,403.747,41.233,0,39,5.853,4.768,27619153,19283
46.364,b-cubic,open,171,404.171,41.233,0,39,5.881,4.782,27651009,19306
46.415,b-cubic,open,171,404.855,41.233,0,39,5.871,4.796,27682865,19328
46.465,b-cubic,open,172,406.57,41.233,0,39,5.881,4.782,27710377,19348
46.515,b-cubic,open,173,406.793,41.233,0,39,5.912,4.782,27746577,19374
46.565,b-cubic,open,173,408.117,41.233,0,39,5.893,4.782,27772641,19392
46.615,b-cubic,open,174,408.939,41.233,0,39,5.915,4.782,27795809,19409
46.665,b-cubic,open,174,410.411,41.233,0,39,5.893,4.782,27830561,19433
46.715,b-cubic,open,175,411.674,41.233,0,39,5.909,4.796,27856625,19452
46.765,b-cubic,open,176,412.703,41.233,0,39,5.928,4.782,27892825,19478
46.816,b-cubic,open,176,413.965,41.233,0,39,5.91,4.796,27921785,19498
46.866,b-cubic,open,177,416.094,41.233,0,39,5.913,4.782,27950745,19519
46.916,b-cubic,open,178,417.29,41.233,0,39,5.93,4.782,27982601,19542
46.966,b-cubic,open,179,418.678,41.233,0,39,5.943,4.782,28013009,19564
47.016,b-cubic,open,179,419.007,41.233,0,39,5.938,4.782,28037625,19581
47.066,b-cubic,open,180,420.438,41.233,0,39,5.951,4.782,28068033,19603
47.116,b-cubic,open,181,422.48,41.233,0,39,5.955,4.782,28102785,19628
47.166,b-cubic,open,182,424.35,41.233,0,39,5.962,4.768,28130297,19648
47.217,b-cubic,open,183,426.527,41.233,0,39,5.964,4.755,28162153,19671
47.267,b-cubic,open,184,427.632,41.233,0,39,5.981,4.796,28188217,19690
47.317,b-cubic,open,185,429.784,41.233,0,39,5.984,4.768,28217177,19711
47.367,b-cubic,open,186,431.383,41.233,0,39,5.994,4.769,28254825,19738
47.417,b-cubic,open,187,432.616,41.233,0,39,6.009,4.795,28282337,19758
47.467,b-cubic,open,187,434.527,41.233,0,39,5.982,4.768,28306953,19774
47.517,b-cubic,open,189,436.375,41.233,0,39,6.021,4.782,28340257,19800
47.567,b-cubic,open,189,437.409,41.233,0,39,6.006,4.769,28367769,19819
47.618,b-cubic,open,190,439.726,41.233,0,39,6.006,4.769,28396729,19840
47.668,b-cubic,open,192,442.648,41.233,0,39,6.03,4.782,28431481,19866
47.718,b-cubic,recovery,190,443.273,41.233,1,40,6.146,4.771,28447409,19883
47.768,b-cubic,recovery,182,442.764,41.233,2,41,6.624,4.771,28447409,19898
47.818,b-cubic,recovery,174,443.21,41.233,4,43,7.026,4.745,28447409,19914
47.868,b-cubic,recovery,167,443.212,41.233,5,44,7.402,4.732,28447409,19926
47.918,b-cubic,recovery,161,442.333,41.233,5,44,7.857,4.771,28447409,19940
47.968,b-cubic,recovery,154,443.033,41.233,6,45,8.283,4.759,28447409,19956
48.019,b-cubic,recovery,147,443.563,41.233,7,46,8.65,4.758,28447409,19969
48.069,b-cubic,recovery,139,443.34,41.233,8,47,9.156,4.758,28447409,19985
48.119,b-cubic,recovery,134,443.553,41.233,10,49,9.621,4.73,28447409,20003
48.169,b-cubic,recovery,134,432.925,41.233,9,49,9.697,4.654,28486505,20025
48.219,b-cubic,recovery,134,413.943,41.233,7,49,10.041,4.409,28521257,20046
48.269,b-cubic,recovery,134,392.573,41.233,5,49,9.702,4.195,28584969,20065
48.319,b-cubic,recovery,134,370.366,41.233,4,49,9.984,3.963,28625513,20085
48.369,b-cubic,recovery,134,349.5,41.233,3,49,9.983,3.729,28677641,20106
48.420,b-cubic,recovery,134,327.616,41.233,1,49,10.735,3.468,28706601,20128
48.470,b-cubic,open,134,325.442,41.233,0,49,5.724,3.549,28910769,20149
48.520,b-cubic,open,135,326.184,41.233,0,49,5.753,3.727,28942625,20172
48.570,b-cubic,open,135,326.831,41.233,0,49,5.742,3.929,28968689,20190
48.620,b-cubic,open,136,326.27,41.233,0,49,5.794,4.161,28997649,20211
48.670,b-cubic,open,137,325.974,41.233,0,49,5.842,4.401,29029505,20234
48.720,b-cubic,open,138,325.955,41.233,0,49,5.885,4.744,29061361,20257
48.771,b-cubic,open,139,325.283,41.233,0,49,5.94,4.797,29090321,20278
48.821,b-cubic,open,141,325.056,41.233,0,49,6.03,4.764,29119281,20300
48.871,b-cubic,open,142,326.266,41.233,0,49,6.05,4.764,29149689,20322
48.921,b-cubic,open,143,328.161,41.233,0,49,6.057,4.799,29180097,20344
48.971,b-cubic,open,144,330.695,41.233,0,49,6.053,4.765,29207609,20364
49.021,b-cubic,open,145,332.446,41.233,0,49,6.063,4.765,29239465,20387
49.071,b-cubic,open,146,334.671,41.233,0,49,6.064,4.748,29266977,20407
49.121,b-cubic,open,148,338.131,41.233,0,49,6.084,4.782,29298833,20431
49.172,b-cubic,open,149,340.829,41.233,0,49,6.077,4.765,29329241,20453
49.222,b-cubic,open,150,343.178,41.233,0,49,6.076,4.765,29358201,20474
49.272,b-cubic,open,151,346.007,41.233,0,49,6.066,4.766,29387161,20495
49.322,b-cubic,open,152,348.699,41.233,0,49,6.059,4.766,29414673,20515
49.372,b-cubic,open,153,351.367,41.233,0,49,6.053,4.766,29446529,20538
49.422,b-cubic,open,154,353.986,41.233,0,49,6.047,4.766,29478385,20561
49.472,b-cubic,open,155,355.741,41.233,0,49,6.057,4.782,29507345,20582
49.522,b-cubic,open,156,358.79,41.233,0,49,6.044,4.749,29536305,20603
49.572,b-cubic,open,158,361.717,41.233,0,49,6.072,4.766,29569609,20628
49.623,b-cubic,open,159,363.875,41.233,0,49,6.074,4.766,29595673,20647
49.673,b-cubic,open,160,366.954,41.233,0,49,6.061,4.766,29623185,20667
49.723,b-cubic,open,161,369.611,41.233,0,49,6.055,4.766,29656489,20691
49.773,b-cubic,open,162,372.384,41.233,0,49,6.047,4.766,29686897,20713
49.823,b-cubic,open,163,374.852,41.233,0,49,6.045,4.766,29717305,20735
49.873,b-cubic,open,164,376.756,41.233,0,49,6.051,4.766,29744817,20755
49.923,b-cubic,open,165,379.343,41.233,0,49,6.046,4.767,29775225,20777
49.973,b-cubic,open,166,382.576,41.233,0,49,6.032,4.767,29809977,20802
50.024,b-cubic,open,167,384.572,41.233,0,49,6.036,4.767,29834593,20820
50.074,b-cubic,open,167,387.446,41.233,0,49,5.992,4.767,29863553,20840
50.124,b-cubic,open,168,389.914,41.233,0,49,5.989,4.767,29895409,20863
50.174,b-cubic,open,169,392.432,41.233,0,49,5.986,4.767,29927265,20886
50.224,b-cubic,open,170,394.733,41.233,0,49,5.987,4.767,29953329,20905
50.274,b-cubic,open,171,396.76,41.233,0,49,5.991,4.782,29985185,20928
50.324,b-cubic,open,172,399.255,41.233,0,49,5.988,4.768,30014145,20949
50.374,b-cubic,open,172,401.556,41.233,0,49,5.954,4.768,30047449,20972
50.424,b-cubic,open,173,403.125,41.233,0,49,5.965,4.768,30074961,20992
50.475,b-cubic,open,174,405.109,41.233,0,49,5.971,4.753,30103921,21013
50.525,b-cubic,open,175,407.055,41.233,0,49,5.976,4.768,30134329,21035
50.575,b-cubic,open,175,409.275,41.233,0,49,5.944,4.768,30163289,21055
50.625,b-cubic,open,176,411.284,41.233,0,49,5.949,4.782,30190801,21075
50.675,b-cubic,open,177,413.253,41.233,0,49,5.954,4.782,30224105,21099
50.725,b-cubic,open,177,414.473,41.233,0,49,5.936,4.782,30253065,21119
50.775,b-cubic,open,178,416.388,41.233,0,49,5.942,4.768,30287817,21144
50.825,b-cubic,open,179,418.473,41.233,0,49,5.946,4.782,30315329,21164
50.875,b-cubic,open,179,420.593,41.233,0,49,5.916,4.782,30339945,21181
50.926,b-cubic,open,180,421.518,41.233,0,49,5.936,4.796,30373249,21205
50.976,b-cubic,open,180,423.252,41.233,0,49,5.912,4.782,30400761,21224
51.026,b-cubic,open,181,424.856,41.233,0,49,5.922,4.755,30432617,21247
51.076,b-cubic,open,182,426.838,41.233,0,49,5.927,4.769,30463025,21269
51.126,b-cubic,open,182,428.499,41.233,0,49,5.904,4.769,30491985,21289
51.176,b-cubic,open,182,429.964,41.233,0,49,5.884,4.782,30526737,21313
51.226,b-cubic,open,183,431.453,41.233,0,49,5.896,4.769,30554249,21333
51.276,b-cubic,open,183,432.334,41.233,0,49,5.884,4.795,30584657,21354
51.327,b-cubic,open,184,433.665,41.233,0,49,5.898,4.769,30606377,21370
51.377,b-cubic,open,184,435.802,41.233,0,49,5.869,4.782,30644025,21396
51.427,b-cubic,open,185,436.871,41.233,0,49,5.887,4.769,30671537,21416
51.477,b-cubic,open,185,438.424,41.233,0,49,5.866,4.769,30700497,21436
51.527,b-cubic,open,186,439.335,41.233,0,49,5.885,4.756,30732353,21459
51.577,b-cubic,open,186,440.472,41.233,0,49,5.87,4.782,30764209,21481
51.627,b-cubic,open,186,441.609,41.233,0,49,5.855,4.769,30793169,21501
51.677,b-cubic,open,187,442.657,41.233,0,49,5.872,4.782,30822129,21522
51.727,b-cubic,open,187,443.904,41.233,0,49,5.856,4.769,30851089,21542
51.778,b-cubic,open,187,444.155,41.233,0,49,5.853,4.808,30881497,21563
51.828,b-cubic,recovery,180,443.357,41.233,1,50,6.271,4.772,30882945,21579
51.878,b-cubic,recovery,173,442.936,41.233,1,50,6.747,4.784,30882945,21593
51.928,b-cubic,recovery,168,443.394,41.233,1,50,7.148,4.784,30882945,21607
51.978,b-cubic,recovery,161,443.005,41.233,1,50,7.625,4.824,30882945,21622
52.028,b-cubic,recovery,155,443.335,41.233,1,50,8.058,4.824,30882945,21636
52.078,b-cubic,recovery,147,443.418,41.233,2,51,8.496,4.771,30882945,21651
52.128,b-cubic,recovery,141,443.164,41.233,2,51,8.971,4.808,30882945,21666
52.179,b-cubic,recovery,134,437.366,41.233,2,51,9.598,4.826,30882945,21682
52.229,b-cubic,recovery,130,426.127,41.233,1,51,6.818,4.745,31046569,21702
52.279,b-cubic,recovery,130,405.459,41.233,1,51,7.92,4.487,31046569,21724
52.329,b-cubic,recovery,130,386.152,41.233,1,51,9.0,4.3,31046569,21743
52.379,b-cubic,recovery,130,362.953,41.233,1,51,10.456,4.015,31046569,21766
52.429,b-cubic,open,130,346.155,41.233,0,51,5.221,3.791,31285489,21787
52.479,b-cubic,open,130,333.634,41.233,0,51,5.416,3.601,31311553,21805
52.529,b-cubic,open,131,322.539,41.233,0,51,5.646,3.514,31340513,21826
52.580,b-cubic,open,131,318.392,41.233,0,51,5.719,3.723,31372369,21848
52.630,b-cubic,open,132,317.375,41.233,0,51,5.781,3.91,31401329,21869
52.680,b-cubic,open,133,316.396,41.233,0,51,5.843,4.13,31433185,21892
52.730,b-cubic,open,133,315.748,41.233,0,51,5.855,4.454,31465041,21914
52.780,b-cubic,open,134,314.531,41.233,0,51,5.922,4.647,31494001,21935
52.830,b-cubic,open,135,314.701,41.233,0,51,5.963,4.819,31521513,21955
52.880,b-cubic,open,136,315.575,41.233,0,51,5.991,4.782,31553369,21978
52.930,b-cubic,open,136,317.024,41.233,0,51,5.963,4.8,31583777,21999
52.981,b-cubic,open,137,318.439,41.233,0,51,5.98,4.8,31612737,22020
53.031,b-cubic,open,138,320.051,41.233,0,51,5.994,4.782,31643145,22042
53.081,b-cubic,open,139,321.691,41.233,0,51,6.006,4.818,31676449,22066
53.131,b-cubic,open,139,323.396,41.233,0,51,5.975,4.782,31699617,22082
53.181,b-cubic,open,140,325.051,41.233,0,51,5.987,4.8,31731473,22105
53.231,b-cubic,open,141,327.369,41.233,0,51,5.987,4.799,31764777,22129
53.281,b-cubic,open,141,329.325,41.233,0,51,5.952,4.799,31793737,22149
53.331,b-cubic,open,142,330.385,41.233,0,51,5.975,4.782,31827041,22173
53.382,b-cubic,open,143,332.31,41.233,0,51,5.982,4.799,31854553,22193
53.432,b-cubic,open,143,334.117,41.233,0,51,5.949,4.799,31883513,22213
53.482,b-cubic,open,144,335.929,41.233,0,51,5.959,4.782,31911025,22233
53.532,b-cubic,open,144,336.598,41.233,0,51,5.947,4.816,31942881,22255
53.582,b-cubic,open,145,339.937,41.233,0,51,5.929,4.782,31974737,22278
53.632,b-cubic,open,146,340.943,41.233,0,51,5.953,4.783,32003697,22299
53.682,b-cubic,open,146,341.775,41.233,0,51,5.938,4.799,32035553,22321
53.733,b-cubic,open,147,344.19,41.233,0,51,5.937,4.816,32067409,22344
53.783,b-cubic,open,147,345.024,41.233,0,51,5.923,4.817,32093473,22362
53.833,b-cubic,open,148,346.854,41.233,0,51,5.931,4.798,32118089,22380
53.883,b-cubic,open,148,348.07,41.233,0,51,5.911,4.799,32154289,22405
53.933,b-cubic,open,149,349.633,41.233,0,51,5.924,4.815,32184697,22427
53.983,b-cubic,open,149,350.657,41.233,0,51,5.907,4.799,32212209,22446
54.033,b-cubic,open,150,352.276,41.233,0,51,5.919,4.782,32246961,22471
54.083,b-cubic,open,150,353.986,41.233,0,51,5.89,4.798,32277369,22492
54.134,b-cubic,open,150,355.113,41.233,0,51,5.872,4.815,32303433,22510
54.184,b-cubic,open,151,356.006,41.233,0,51,5.896,4.799,32329497,22529
54.234,b-cubic,open,151,357.342,41.233,0,51,5.874,4.782,32365697,22554
54.284,b-cubic,open,152,359.309,41.233,0,51,5.881,4.782,32396105,22576
54.334,b-cubic,open,152,360.446,41.233,0,51,5.862,4.782,32422169,22594
54.384,b-cubic,open,153,360.532,41.233,0,51,5.899,4.798,32456921,22619
54.434,b-cubic,open,153,362.313,41.233,0,51,5.87,4.798,32487329,22640
54.484,b-cubic,open,153,363.052,41.233,0,51,5.858,4.782,32516289,22660
54.534,b-cubic,open,154,364.389,41.233,0,51,5.875,4.798,32542353,22679
54.585,b-cubic,open,154,365.085,41.233,0,51,5.864,4.782,32572761,22700
54.635,b-cubic,open,154,365.861,41.233,0,51,5.851,4.782,32603169,22721
54.685,b-cubic,open,154,367.03,41.233,0,51,5.833,4.782,32633577,22742
54.735,b-cubic,open,155,367.76,41.233,0,51,5.859,4.782,32662537,22763
54.785,b-cubic,open,155,369.266,41.233,0,51,5.835,4.798,32694393,22785
54.835,b-cubic,open,155,370.45,41.233,0,51,5.816,4.782,32727697,22808
54.885,b-cubic,open,155,370.882,41.233,0,51,5.809,4.782,32750865,22824
54.935,b-cubic,open,156,371.575,41.233,0,51,5.836,4.813,32782721,22847
54.985,b-cubic,open,156,372.194,41.233,0,51,5.826,4.782,32813129,22868
55.036,b-cubic,open,156,373.289,41.233,0,51,5.809,4.782,32846433,22891
55.086,b-cubic,open,156,373.254,41.233,0,51,5.81,4.767,32872497,22909
55.136,b-cubic,open,157,374.271,41.233,0,51,5.831,4.798,32904353,22932
55.186,b-cubic,open,157,375.092,41.233,0,51,5.818,4.782,32934761,22953
55.236,b-cubic,open,157,375.46,41.233,0,51,5.813,4.798,32965169,22974
55.286,b-cubic,open,157,375.86,41.233,0,51,5.806,4.797,32991233,22992
55.336,b-cubic,open,157,376.187,41.233,0,51,5.801,4.797,33024537,23015
55.386,b-cubic,open,157,377.593,41.233,0,51,5.78,4.782,33052049,23034
55.436,b-cubic,open,157,377.834,41.233,0,51,5.776,4.797,33081009,23054
55.486,b-cubic,open,157,378.013,41.233,0,51,5.773,4.782,33112865,23076
55.536,b-cubic,open,158,379.638,41.233,0,51,5.785,4.797,33146169,23100
55.586,b-cubic,open,158,380.425,41.233,0,51,5.773,4.782,33176577,23121
55.637,b-cubic,open,158,380.896,41.233,0,51,5.766,4.782,33201193,23138
55.687,b-cubic,open,158,380.273,41.233,0,51,5.776,4.797,33230153,23158
55.737,b-cubic,open,158,379.675,41.233,0,51,5.785,4.782,33263457,23181
55.787,b-cubic,open,158,380.441,41.233,0,51,5.773,4.782,33293865,23202
55.837,b-cubic,open,158,380.823,41.233,0,51,5.767,4.797,33321377,23221
55.887,b-cubic,open,158,380.204,41.233,0,51,5.777,4.782,33353233,23243
55.937,b-cubic,open,158,382.027,41.233,0,51,5.749,4.782,33383641,23264
55.988,b-cubic,open,158,382.567,41.233,0,51,5.741,4.782,33414049,23285
56.038,b-cubic,open,158,382.656,41.233,0,51,5.74,4.782,33443009,23305
56.088,b-cubic,open,158,382.674,41.233,0,51,5.739,4.782,33470521,23324
56.138,b-cubic,open,158,382.199,41.233,0,51,5.747,4.782,33500929,23345
56.188,b-cubic,open,158,382.736,41.233,0,51,5.738,4.782,33532785,23367
56.238,b-cubic,open,158,383.136,41.233,0,51,5.732,4.782,33563193,23388
56.288,b-cubic,open,158,383.596,41.233,0,51,5.726,4.782,33593601,23409
56.338,b-cubic,open,158,383.104,41.233,0,51,5.733,4.782,33624009,23430
56.389,b-cubic,open,158,382.73,41.233,0,51,5.739,4.781,33651521,23449
56.439,b-cubic,open,158,383.261,41.233,0,51,5.731,4.781,33681929,23470
56.489,b-cubic,open,158,382.647,41.233,0,51,5.74,4.797,33712337,23491
56.539,b-cubic,open,158,382.087,41.233,0,51,5.748,4.797,33741297,23511
56.589,b-cubic,open,158,383.841,41.233,0,51,5.722,4.782,33768809,23530
56.639,b-cubic,open,158,382.569,41.233,0,51,5.741,4.782,33806457,23556
56.689,b-cubic,open,158,383.811,41.233,0,51,5.722,4.782,33833969,23575
56.739,b-cubic,open,158,382.9,41.233,0,51,5.736,4.782,33864377,23596
56.790,b-cubic,open,158,382.875,41.233,0,51,5.736,4.781,33890441,23614
56.840,b-cubic,open,158,382.623,41.233,0,51,5.74,4.797,33922297,23636
56.890,b-cubic,open,158,381.981,41.233,0,51,5.75,4.797,33952705,23657
56.940,b-cubic,open,158,382.369,41.233,0,51,5.744,4.782,33980217,23676
56.990,b-cubic,open,158,383.402,41.233,0,51,5.729,4.782,34010625,23697
57.040,b-cubic,open,158,382.627,41.233,0,51,5.74,4.782,34043929,23720
57.090,b-cubic,open,158,384.294,41.233,0,51,5.715,4.782,34072889,23740
57.141,b-cubic,open,158,383.178,41.233,0,51,5.732,4.782,34103297,23761
57.191,b-cubic,open,158,382.725,41.233,0,51,5.739,4.782,34132257,23781
57.241,b-cubic,open,158,382.448,41.233,0,51,5.743,4.782,34162665,23802
57.291,b-cubic,open,158,382.068,41.233,0,51,5.749,4.782,34190177,23821
57.341,b-cubic,open,158,383.315,41.233,0,51,5.73,4.782,34220585,23842
57.391,b-cubic,open,158,382.744,41.233,0,51,5.738,4.792,34255337,23866
57.441,b-cubic,open,158,383.52,41.233,0,51,5.727,4.767,34282849,23885
57.491,b-cubic,open,158,383.378,41.233,0,51,5.729,4.782,34313257,23906
57.542,b-cubic,open,158,383.168,41.233,0,51,5.732,4.782,34340769,23925
57.592,b-cubic,open,158,383.338,41.233,0,51,5.729,4.782,34369729,23945
57.642,b-cubic,open,158,382.239,41.233,0,51,5.746,4.783,34404481,23969
57.692,b-cubic,open,158,382.185,41.233,0,51,5.747,4.797,34433441,23989
57.742,b-cubic,open,158,383.668,41.233,0,51,5.725,4.782,34459505,24007
57.792,b-cubic,open,158,382.836,41.233,0,51,5.737,4.782,34495705,24032
57.842,b-cubic,open,159,383.501,41.233,0,51,5.763,4.782,34520321,24050
57.892,b-cubic,open,159,382.922,41.233,0,51,5.772,4.782,34555073,24074
57.942,b-cubic,open,159,382.839,41.233,0,51,5.773,4.797,34581137,24092
57.993,b-cubic,open,159,382.416,41.233,0,51,5.78,4.782,34611545,24113
58.043,b-cubic,open,159,382.295,41.233,0,51,5.781,4.797,34641953,24134
58.093,b-cubic,open,159,382.142,41.233,0,51,5.784,4.797,34668017,24152
58.143,b-cubic,open,159,383.325,41.233,0,51,5.766,4.782,34698425,24173
58.193,b-cubic,open,159,382.543,41.233,0,51,5.778,4.782,34730281,24195
58.243,b-cubic,open,160,383.416,41.233,0,51,5.801,4.812,34762137,24218
58.293,b-cubic,open,160,384.866,41.233,0,51,5.779,4.797,34792545,24239
58.343,b-cubic,open,160,385.201,41.233,0,51,5.774,4.797,34818609,24257
58.394,b-cubic,open,160,384.932,41.233,0,51,5.778,4.797,34853361,24281
58.444,b-cubic,open,160,385.135,41.233,0,51,5.775,4.782,34880873,24300
58.494,b-cubic,open,160,385.103,41.233,0,51,5.775,4.782,34908385,24319
58.544,b-cubic,open,160,385.197,41.233,0,51,5.774,4.782,34941689,24342
58.594,b-cubic,open,160,384.921,41.233,0,51,5.778,4.782,34969201,24361
58.644,b-cubic,open,161,386.363,41.233,0,51,5.793,4.794,35003953,24386
58.694,b-cubic,open,161,387.786,41.233,0,51,5.771,4.782,35031465,24405
58.744,b-cubic,open,161,387.813,41.233,0,51,5.771,4.782,35058977,24424
58.795,b-cubic,open,161,387.301,41.233,0,51,5.779,4.797,35093729,24448
58.845,b-cubic,open,162,387.196,41.233,0,51,5.816,4.782,35121241,24468
58.895,b-cubic,open,162,388.264,41.233,0,51,5.8,4.782,35147305,24486
58.945,b-cubic,open,162,387.41,41.233,0,51,5.813,4.767,35184953,24512
58.995,b-cubic,open,162,387.486,41.233,0,51,5.812,4.782,35211017,24530
59.045,b-cubic,open,163,388.857,41.233,0,51,5.827,4.797,35242873,24553
59.095,b-cubic,open,163,390.095,41.233,0,51,5.808,4.782,35270385,24572
59.145,b-cubic,open,163,390.218,41.233,0,51,5.807,4.782,35299345,24592
59.196,b-cubic,open,163,389.286,41.233,0,51,5.82,4.782,35332649,24615
59.246,b-cubic,open,164,390.241,41.233,0,51,5.842,4.797,35361609,24636
59.296,b-cubic,open,164,391.575,41.233,0,51,5.822,4.782,35389121,24655
59.346,b-cubic,open,165,391.88,41.233,0,51,5.853,4.782,35419529,24677
59.396,b-cubic,open,165,393.01,41.233,0,51,5.836,4.767,35451385,24699
59.446,b-cubic,open,165,393.225,41.233,0,51,5.833,4.797,35484689,24722
59.496,b-cubic,open,166,394.584,41.233,0,51,5.848,4.782,35509305,24740
59.546,b-cubic,open,166,394.361,41.233,0,51,5.851,4.782,35541161,24762
59.597,b-cubic,open,167,393.971,41.233,0,51,5.892,4.782,35571569,24784
59.647,b-cubic,open,167,395.488,41.233,0,51,5.87,4.782,35601977,24805
59.697,b-cubic,open,167,397.392,41.233,0,51,5.842,4.767,35628041,24823
59.747,b-cubic,open,168,397.421,41.233,0,51,5.876,4.797,35661345,24847
59.797,b-cubic,open,168,399.553,41.233,0,51,5.845,4.782,35690305,24867
59.847,b-cubic,open,169,399.649,41.233,0,51,5.878,4.782,35723609,24891
59.897,b-cubic,open,169,401.294,41.233,0,51,5.854,4.797,35749673,24909
59.947,b-cubic,open,170,401.888,41.233,0,51,5.88,4.768,35780081,24931
59.998,b-cubic,open,171,401.641,41.233,0,51,5.918,4.782,35811937,24954
60.048,b-cubic,open,171,402.526,41.233,0,51,5.905,4.797,35840897,24974
60.098,b-cubic,open,172,403.875,41.233,0,51,5.92,4.782,35865513,24992
60.148,b-cubic,open,173,404.842,41.233,0,51,5.94,4.796,35901713,25018
60.198,b-cubic,open,173,406.401,41.233,0,51,5.917,4.782,35929225,25037
60.248,b-cubic,open,174,407.17,41.233,0,51,5.94,4.796,35965425,25063
60.298,b-cubic,open,174,409.3,41.233,0,51,5.909,4.796,35988593,25079
60.348,b-cubic,open,175,409.613,41.233,0,51,5.939,4.811,36016105,25099
60.399,b-cubic,open,176,411.217,41.233,0,51,5.95,4.768,36053753,25126
60.449,b-cubic,open,177,412.306,41.233,0,51,5.968,4.81,36082713,25147
60.499,b-cubic,open,177,413.479,41.233,0,51,5.951,4.81,36107329,25164
60.549,b-cubic,open,178,415.944,41.233,0,51,5.949,4.782,36142081,25189
60.599,b-cubic,open,179,417.575,41.233,0,51,5.959,4.796,36171041,25210
60.649,b-cubic,open,180,419.026,41.233,0,51,5.971,4.796,36204345,25234
60.699,b-cubic,open,181,419.22,41.233,0,51,6.002,4.81,36231857,25254
60.749,b-cubic,open,182,421.643,41.233,0,51,6.0,4.796,36260817,25275
60.799,b-cubic,open,182,423.563,41.233,0,51,5.973,4.795,36291225,25296
60.850,b-cubic,open,183,424.38,41.233,0,51,5.994,4.796,36324529,25320
60.900,b-cubic,open,184,426.287,41.233,0,51,6.0,4.796,36350593,25339
60.950,b-cubic,open,185,427.858,41.233,0,51,6.011,4.796,36375209,25357
61.000,b-cubic,open,186,429.728,41.233,0,51,6.017,4.796,36411409,25383
61.050,b-cubic,open,187,431.288,41.233,0,51,6.027,4.822,36438921,25403
61.100,b-cubic,open,189,434.165,41.233,0,51,6.051,4.796,36475121,25430
61.150,b-cubic,open,189,435.009,41.233,0,51,6.04,4.822,36499737,25447
61.201,b-cubic,open,190,437.782,41.233,0,51,6.033,4.795,36530145,25469
61.251,b-cubic,open,192,440.368,41.233,0,51,6.061,4.795,36562001,25493
61.301,b-cubic,open,193,441.942,41.233,0,51,6.071,4.782,36592409,25514
61.351,b-cubic,recovery,188,443.18,41.233,1,52,6.399,4.784,36593857,25529
61.401,b-cubic,recovery,181,442.451,41.233,1,52,6.912,4.81,36593857,25544
61.451,b-cubic,recovery,174,443.286,41.233,1,52,7.401,4.824,36593857,25561
61.501,b-cubic,recovery,167,443.444,41.233,2,53,7.805,4.824,36593857,25574
61.551,b-cubic,recovery,158,442.409,41.233,4,55,8.295,4.81,36593857,25592
61.602,b-cubic,recovery,153,442.235,41.233,4,55,8.644,4.811,36593857,25603
61.652,b-cubic,recovery,145,442.747,41.233,6,57,9.011,4.811,36593857,25616
61.702,b-cubic,recovery,136,443.309,41.233,8,59,9.47,4.785,36593857,25633
61.752,b-cubic,recovery,135,442.44,41.233,9,61,8.043,4.773,36689425,25656
61.802,b-cubic,recovery,135,436.8,41.233,9,61,8.593,4.62,36689425,25670
61.852,b-cubic,recovery,135,418.703,41.233,9,61,9.727,4.373,36689425,25693
61.902,b-cubic,recovery,135,397.917,41.233,7,61,9.537,4.12,36747345,25713
61.952,b-cubic,recovery,135,379.181,41.233,6,61,9.898,3.922,36780649,25733
62.003,b-cubic,recovery,135,356.914,41.233,4,61,10.282,3.692,36816849,25752
62.053,b-cubic,recovery,135,333.462,41.233,1,61,10.338,3.513,36874769,25776
62.103,b-cubic,open,135,329.146,41.233,0,61,5.701,3.575,37068801,25796
62.153,b-cubic,open,135,328.876,41.233,0,61,5.706,3.679,37094865,25814
62.203,b-cubic,open,136,328.303,41.233,0,61,5.758,3.887,37126721,25837
62.253,b-cubic,open,137,328.269,41.233,0,61,5.801,4.106,37161473,25862
62.303,b-cubic,open,138,328.54,41.233,0,61,5.839,4.359,37187537,25881
62.353,b-cubic,open,139,328.641,41.233,0,61,5.879,4.611,37216497,25902
62.404,b-cubic,open,140,328.625,41.233,0,61,5.922,4.746,37254145,25929
62.454,b-cubic,open,141,325.886,41.233,0,61,6.014,4.782,37275865,25945
62.504,b-cubic,open,142,326.459,41.233,0,61,6.046,4.782,37306273,25967
62.554,b-cubic,open,144,328.411,41.233,0,61,6.095,4.782,37338129,25991
62.604,b-cubic,open,145,330.009,41.233,0,61,6.108,4.799,37368537,26013
62.654,b-cubic,open,146,332.819,41.233,0,61,6.098,4.799,37396049,26033
62.704,b-cubic,open,147,335.252,41.233,0,61,6.095,4.799,37426457,26055
62.754,b-cubic,open,148,337.53,41.233,0,61,6.095,4.748,37461209,26080
62.805,b-cubic,open,149,338.795,41.233,0,61,6.113,4.816,37485825,26098
62.855,b-cubic,open,151,343.061,41.233,0,61,6.118,4.766,37517681,26121
62.905,b-cubic,open,152,345.313,41.233,0,61,6.119,4.766,37545193,26142
62.955,b-cubic,open,153,348.436,41.233,0,61,6.104,4.798,37578497,26166
63.005,b-cubic,open,154,351.958,41.233,0,61,6.082,4.782,37607457,26187
63.055,b-cubic,open,155,354.371,41.233,0,61,6.08,4.782,37636417,26208
63.105,b-cubic,open,156,356.269,41.233,0,61,6.087,4.798,37671169,26233
63.156,b-cubic,open,157,359.652,41.233,0,61,6.068,4.782,37698681,26253
63.206,b-cubic,open,158,361.967,41.233,0,61,6.068,4.782,37727641,26274
63.256,b-cubic,open,160,364.313,41.233,0,61,6.105,4.782,37758049,26297
63.306,b-cubic,open,161,367.825,41.233,0,61,6.084,4.751,37791353,26321
63.356,b-cubic,open,162,370.947,41.233,0,61,6.071,4.767,37815969,26339
63.406,b-cubic,open,163,373.069,41.233,0,61,6.073,4.782,37844929,26360
63.456,b-cubic,open,164,374.921,41.233,0,61,6.081,4.813,37884025,26388
63.506,b-cubic,open,165,376.868,41.233,0,61,6.086,4.813,37908641,26405
63.556,b-cubic,open,166,380.806,41.233,0,61,6.06,4.782,37936153,26426
63.607,b-cubic,open,166,382.999,41.233,0,61,6.025,4.782,37968009,26448
63.657,b-cubic,open,167,386.088,41.233,0,61,6.013,4.782,37995521,26468
63.707,b-cubic,open,168,388.512,41.233,0,61,6.011,4.753,38028825,26492
63.757,b-cubic,open,169,390.138,41.233,0,61,6.022,4.782,38057785,26513
63.807,b-cubic,open,170,392.308,41.233,0,61,6.024,4.797,38083849,26532
63.857,b-cubic,open,171,394.972,41.233,0,61,6.018,4.753,38121497,26559
63.907,b-cubic,open,172,396.522,41.233,0,61,6.03,4.767,38149009,26579
63.957,b-cubic,open,172,399.172,41.233,0,61,5.99,4.797,38176521,26598
64.008,b-cubic,open,173,401.585,41.233,0,61,5.988,4.768,38208377,26621
64.058,b-cubic,open,174,403.21,41.233,0,61,5.999,4.811,38232993,26639
64.108,b-cubic,open,175,406.279,41.233,0,61,5.988,4.782,38270641,26666
64.158,b-cubic,open,175,407.625,41.233,0,61,5.968,4.796,38295257,26683
64.208,b-cubic,open,176,409.963,41.233,0,61,5.968,4.796,38322769,26703
64.258,b-cubic,open,177,411.724,41.233,0,61,5.976,4.782,38357521,26728
64.308,b-cubic,open,178,413.275,41.233,0,61,5.987,4.796,38390825,26752
64.358,b-cubic,open,178,415.471,41.233,0,61,5.955,4.782,38413993,26768
64.409,b-cubic,open,179,417.564,41.233,0,61,5.959,4.782,38444401,26790
64.459,b-cubic,open,179,419.975,41.233,0,61,5.925,4.782,38476257,26812
64.509,b-cubic,open,180,420.641,41.233,0,61,5.948,4.782,38506665,26834
64.559,b-cubic,open,181,423.413,41.233,0,61,5.942,4.782,38537073,26856
64.609,b-cubic,open,181,424.541,41.233,0,61,5.927,4.796,38566033,26876
64.659,b-cubic,open,182,426.034,41.233,0,61,5.938,4.782,38596441,26898
64.709,b-cubic,open,182,427.918,41.233,0,61,5.912,4.782,38631193,26922
64.759,b-cubic,open,183,429.932,41.233,0,61,5.917,4.782,38658705,26942
64.810,b-cubic,open,183,430.24,41.233,0,61,5.913,4.796,38683321,26959
64.860,b-cubic,open,184,432.713,41.233,0,61,5.911,4.782,38718073,26984
64.910,b-cubic,open,184,434.514,41.233,0,61,5.886,4.782,38745585,27003
64.960,b-cubic,open,185,435.446,41.233,0,61,5.906,4.796,38780337,27028
65.010,b-cubic,open,185,436.77,41.233,0,61,5.888,4.782,38804953,27045
65.060,b-cubic,open,186,438.23,41.233,0,61,5.9,4.799,38833913,27066
65.110,b-cubic,open,186,439.342,41.233,0,61,5.885,4.795,38865769,27088
65.161,b-cubic,open,187,439.962,41.233,0,61,5.908,4.795,38901969,27114
65.211,b-cubic,open,187,442.446,41.233,0,61,5.875,4.785,38926585,27131
65.261,b-cubic,open,187,442.882,41.233,0,61,5.869,4.795,38954097,27150
65.311,b-cubic,open,187,442.598,41.233,0,61,5.873,4.808,38987401,27173
65.361,b-cubic,open,188,443.587,41.233,0,61,5.891,4.808,39014913,27193
65.411,b-cubic,recovery,183,442.976,41.233,2,63,6.056,4.784,39033737,27213
65.461,b-cubic,recovery,177,443.306,41.233,2,63,6.46,4.784,39033737,27226
65.512,b-cubic,recovery,171,442.799,41.233,3,64,6.812,4.798,39033737,27239
65.562,b-cubic,recovery,164,442.679,41.233,3,64,7.348,4.784,39033737,27256
65.612,b-cubic,recovery,157,443.091,41.233,3,64,7.843,4.771,39033737,27272
65.662,b-cubic,recovery,149,443.52,41.233,5,66,8.149,4.73,39033737,27283
65.712,b-cubic,recovery,144,442.742,41.233,5,66,8.571,4.758,39033737,27297
65.762,b-cubic,recovery,136,438.705,41.233,5,66,9.252,4.795,39033737,27316
65.812,b-cubic,recovery,131,430.748,41.233,5,66,10.036,4.792,39033737,27335
65.862,b-cubic,recovery,131,414.683,41.233,3,66,9.52,4.589,39101793,27355
65.912,b-cubic,recovery,131,392.714,41.233,2,66,8.991,4.366,39174193,27375
65.963,b-cubic,recovery,131,370.044,41.233,2,66,10.443,4.08,39174193,27399
66.013,b-cubic,open,131,356.665,41.233,0,66,5.106,3.885,39414561,27417
66.063,b-cubic,open,131,338.877,41.233,0,66,5.374,3.68,39443521,27437
66.113,b-cubic,open,132,326.027,41.233,0,66,5.628,3.511,39472481,27458
66.163,b-cubic,open,133,319.924,41.233,0,66,5.779,3.672,39507233,27483
66.213,b-cubic,open,133,318.461,41.233,0,66,5.805,3.855,39533297,27501
66.263,b-cubic,open,134,317.257,41.233,0,66,5.871,4.094,39568049,27526
66.313,b-cubic,open,135,316.0,41.233,0,66,5.939,4.393,39598457,27548
66.364,b-cubic,open,135,313.971,41.233,0,66,5.977,4.62,39624521,27566
66.414,b-cubic,open,136,315.579,41.233,0,66,5.991,4.789,39654929,27588
66.464,b-cubic,open,137,317.946,41.233,0,66,5.99,4.8,39689681,27613
66.514,b-cubic,open,137,320.041,41.233,0,66,5.951,4.8,39714297,27630
66.564,b-cubic,open,138,322.13,41.233,0,66,5.955,4.764,39746153,27653
66.614,b-cubic,open,139,323.981,41.233,0,66,5.964,4.782,39779457,27677
66.664,b-cubic,open,140,326.306,41.233,0,66,5.964,4.782,39808417,27698
66.715,b-cubic,open,140,327.208,41.233,0,66,5.948,4.764,39834481,27716
66.765,b-cubic,open,141,329.172,41.233,0,66,5.954,4.782,39863441,27737
66.815,b-cubic,open,142,330.699,41.233,0,66,5.969,4.782,39896745,27761
66.865,b-cubic,open,142,332.645,41.233,0,66,5.934,4.781,39922809,27779
66.915,b-cubic,open,143,334.167,41.233,0,66,5.949,4.764,39956113,27803
66.965,b-cubic,open,144,335.8,41.233,0,66,5.961,4.781,39986521,27825
67.015,b-cubic,open,144,337.622,41.233,0,66,5.929,4.781,40014033,27844
67.065,b-cubic,open,145,338.928,41.233,0,66,5.947,4.798,40044441,27866
67.116,b-cubic,open,145,341.04,41.233,0,66,5.91,4.798,40073401,27886
67.166,b-cubic,open,146,342.525,41.233,0,66,5.925,4.781,40105257,27909
67.216,b-cubic,open,147,344.161,41.233,0,66,5.937,4.782,40134217,27930
67.266,b-cubic,open,147,345.993,41.233,0,66,5.906,4.782,40166073,27952
67.316,b-cubic,open,148,347.161,41.233,0,66,5.926,4.799,40197929,27975
67.366,b-cubic,open,148,348.967,41.233,0,66,5.895,4.782,40225441,27994
67.416,b-cubic,open,149,350.127,41.233,0,66,5.916,4.782,40252953,28014
67.466,b-cubic,open,149,351.183,41.233,0,66,5.898,4.798,40286257,28037
67.516,b-cubic,open,150,353.394,41.233,0,66,5.9,4.799,40316665,28059
67.566,b-cubic,open,150,353.61,41.233,0,66,5.897,4.782,40341281,28076
67.617,b-cubic,open,151,355.636,41.233,0,66,5.902,4.782,40374585,28100
67.667,b-cubic,open,151,356.643,41.233,0,66,5.885,4.798,40404993,28121
67.717,b-cubic,open,151,358.558,41.233,0,66,5.854,4.782,40435401,28142
67.767,b-cubic,open,152,359.056,41.233,0,66,5.885,4.798,40462913,28162
67.817,b-cubic,open,152,361.621,41.233,0,66,5.843,4.782,40490425,28181
67.867,b-cubic,open,153,361.259,41.233,0,66,5.887,4.798,40526625,28207
67.917,b-cubic,open,153,362.852,41.233,0,66,5.861,4.782,40552689,28225
67.967,b-cubic,open,154,363.379,41.233,0,66,5.891,4.798,40587441,28250
68.018,b-cubic,open,154,365.237,41.233,0,66,5.861,4.766,40617849,28271
68.068,b-cubic,open,154,366.455,41.233,0,66,5.842,4.782,40643913,28289
68.118,b-cubic,open,155,366.713,41.233,0,66,5.875,4.798,40674321,28311
68.168,b-cubic,open,155,368.011,41.233,0,66,5.855,4.782,40701833,28330
68.218,b-cubic,open,155,368.083,41.233,0,66,5.854,4.814,40738033,28355
68.268,b-cubic,open,155,370.048,41.233,0,66,5.823,4.782,40764097,28373
68.318,b-cubic,open,156,370.752,41.233,0,66,5.849,4.798,40790161,28392
68.368,b-cubic,open,156,371.16,41.233,0,66,5.843,4.814,40829257,28419
68.419,b-cubic,open,156,372.971,41.233,0,66,5.814,4.782,40856769,28438
68.469,b-cubic,open,156,373.348,41.233,0,66,5.808,4.782,40882833,28456
68.519,b-cubic,open,157,373.675,41.233,0,66,5.84,4.813,40913241,28478
68.569,b-cubic,open,157,374.869,41.233,0,66,5.822,4.782,40943649,28499
68.619,b-cubic,open,157,374.794,41.233,0,66,5.823,4.782,40974057,28520
68.669,b-cubic,open,157,375.191,41.233,0,66,5.817,4.813,41003017,28540
68.719,b-cubic,open,157,376.34,41.233,0,66,5.799,4.797,41036321,28563
68.770,b-cubic,open,158,376.232,41.233,0,66,5.838,4.797,41066729,28585
68.820,b-cubic,open,158,377.963,41.233,0,66,5.811,4.782,41091345,28602
68.870,b-cubic,open,158,378.242,41.233,0,66,5.807,4.798,41126097,28626
68.920,b-cubic,open,158,378.745,41.233,0,66,5.799,4.797,41152161,28644
68.970,b-cubic,open,158,378.905,41.233,0,66,5.796,4.797,41188361,28669
69.020,b-cubic,open,158,379.571,41.233,0,66,5.786,4.782,41214425,28687
69.070,b-cubic,open,158,380.574,41.233,0,66,5.771,4.782,41241937,28706
69.121,b-cubic,open,159,380.273,41.233,0,66,5.812,4.813,41279585,28733
69.171,b-cubic,open,159,381.023,41.233,0,66,5.801,4.797,41305649,28751
69.221,b-cubic,open,159,381.591,41.233,0,66,5.792,4.798,41333161,28770
69.271,b-cubic,open,159,381.619,41.233,0,66,5.792,4.797,41366465,28793
69.321,b-cubic,open,159,381.986,41.233,0,66,5.786,4.782,41393977,28812
69.371,b-cubic,open,159,381.439,41.233,0,66,5.794,4.812,41427281,28835
69.421,b-cubic,open,159,382.421,41.233,0,66,5.78,4.782,41453345,28853
69.472,b-cubic,open,159,382.986,41.233,0,66,5.771,4.797,41485201,28875
69.522,b-cubic,open,159,382.706,41.233,0,66,5.775,4.797,41522849,28901
69.572,b-cubic,open,159,384.024,41.233,0,66,5.755,4.812,41546017,28917
69.622,b-cubic,open,159,384.375,41.233,0,66,5.75,4.797,41576425,28938
69.672,b-cubic,open,159,384.101,41.233,0,66,5.754,4.812,41605385,28958
69.722,b-cubic,open,159,383.588,41.233,0,66,5.762,4.812,41635793,28979
69.772,b-cubic,open,159,383.22,41.233,0,66,5.768,4.812,41666201,29000
69.822,b-cubic,open,159,384.17,41.233,0,66,5.753,4.812,41693713,29019
69.873,b-cubic,open,159,383.426,41.233,0,66,5.764,4.812,41725569,29041
69.923,b-cubic,open,159,383.408,41.233,0,66,5.765,4.797,41758873,29064
69.973,b-cubic,open,159,384.48,41.233,0,66,5.749,4.797,41786385,29083
70.023,b-cubic,open,159,384.953,41.233,0,66,5.742,4.797,41816793,29104
70.073,b-cubic,open,159,384.013,41.233,0,66,5.756,4.797,41844305,29123
70.123,b-cubic,open,159,383.11,41.233,0,66,5.769,4.784,41877609,29146
70.174,b-cubic,open,159,383.813,41.233,0,66,5.759,4.797,41906569,29166
70.224,b-cubic,open,159,384.364,41.233,0,66,5.75,4.797,41934081,29185
70.274,b-cubic,open,159,384.157,41.233,0,66,5.753,4.797,41970281,29210
70.324,b-cubic,open,159,383.761,41.233,0,66,5.759,4.797,41997793,29229
70.374,b-cubic,open,159,384.093,41.233,0,66,5.754,4.797,42022409,29246
70.424,b-cubic,open,159,384.022,41.233,0,66,5.755,4.797,42057161,29270
70.474,b-cubic,open,159,383.688,41.233,0,66,5.76,4.767,42086121,29290
70.524,b-cubic,open,159,383.44,41.233,0,66,5.764,4.797,42119425,29313
70.574,b-cubic,open,159,384.068,41.233,0,66,5.755,4.812,42145489,29331
70.625,b-cubic,open,159,384.458,41.233,0,66,5.749,4.797,42175897,29352
70.675,b-cubic,open,159,383.718,41.233,0,66,5.76,4.797,42212097,29377
70.725,b-cubic,open,159,383.986,41.233,0,66,5.756,4.797,42233817,29392
70.775,b-cubic,open,159,384.17,41.233,0,66,5.753,4.797,42265673,29414
70.825,b-cubic,open,159,384.195,41.233,0,66,5.753,4.797,42296081,29435
70.875,b-cubic,open,159,383.785,41.233,0,66,5.759,4.797,42327937,29457
70.926,b-cubic,open,159,383.959,41.233,0,66,5.756,4.797,42359793,29479
70.976,b-cubic,open,159,384.273,41.233,0,66,5.752,4.797,42382961,29495
71.026,b-cubic,open,159,383.628,41.233,0,66,5.761,4.812,42420609,29521
71.076,b-cubic,open,159,383.978,41.233,0,66,5.756,4.767,42451017,29542
71.126,b-cubic,open,159,383.806,41.233,0,66,5.759,4.812,42474185,29558
71.176,b-cubic,open,159,384.427,41.233,0,66,5.749,4.797,42508937,29582
71.226,b-cubic,open,159,384.018,41.233,0,66,5.756,4.797,42535001,29600
71.276,b-cubic,open,159,383.721,41.233,0,66,5.76,4.797,42568305,29623
71.327,b-cubic,open,159,384.063,41.233,0,66,5.755,4.797,42595817,29642
71.377,b-cubic,open,159,384.248,41.233,0,66,5.752,4.797,42626225,29663
71.427,b-cubic,open,160,383.837,41.233,0,66,5.794,4.812,42660977,29688
71.477,b-cubic,open,160,384.036,41.233,0,66,5.791,4.797,42688489,29707
71.527,b-cubic,open,160,384.427,41.233,0,66,5.786,4.797,42716001,29726
71.577,b-cubic,open,160,384.611,41.233,0,66,5.783,4.797,42749305,29749
71.627,b-cubic,open,160,384.027,41.233,0,66,5.792,4.797,42776817,29768
71.677,b-cubic,open,160,383.695,41.233,0,66,5.797,4.797,42810121,29791
71.727,b-cubic,open,160,383.976,41.233,0,66,5.792,4.782,42834737,29808
71.778,b-cubic,open,160,385.071,41.233,0,66,5.776,4.797,42866593,29830
71.828,b-cubic,open,161,385.154,41.233,0,66,5.811,4.767,42904241,29857
71.878,b-cubic,open,161,386.15,41.233,0,66,5.796,4.812,42925961,29872
71.928,b-cubic,open,161,386.58,41.233,0,66,5.789,4.797,42956369,29893
71.978,b-cubic,open,161,387.198,41.233,0,66,5.78,4.797,42988225,29915
72.028,b-cubic,open,161,386.381,41.233,0,66,5.792,4.797,43017185,29935
72.078,b-cubic,open,161,386.375,41.233,0,66,5.792,4.797,43050489,29958
72.129,b-cubic,open,161,386.906,41.233,0,66,5.784,4.782,43073657,29974
72.179,b-cubic,open,161,387.214,41.233,0,66,5.78,4.782,43106961,29997
72.229,b-cubic,open,162,388.039,41.233,0,66,5.803,4.797,43143161,30023
72.279,b-cubic,open,162,388.642,41.233,0,66,5.794,4.797,43167777,30040
72.329,b-cubic,open,162,389.328,41.233,0,66,5.784,4.797,43196737,30060
72.379,b-cubic,open,162,389.275,41.233,0,66,5.785,4.812,43227145,30081
72.429,b-cubic,open,163,388.781,41.233,0,66,5.828,4.797,43260449,30105
72.479,b-cubic,open,163,388.52,41.233,0,66,5.832,4.812,43289409,30125
72.530,b-cubic,open,163,389.386,41.233,0,66,5.819,4.782,43312577,30141
72.580,b-cubic,open,163,389.996,41.233,0,66,5.81,4.767,43348777,30166
72.630,b-cubic,open,164,390.258,41.233,0,66,5.842,4.797,43380633,30189
72.680,b-cubic,open,164,391.087,41.233,0,66,5.829,4.797,43405249,30206
72.730,b-cubic,open,164,392.32,41.233,0,66,5.811,4.782,43437105,30228
72.780,b-cubic,open,164,393.042,41.233,0,66,5.8,4.797,43464617,30247
72.830,b-cubic,open,165,393.368,41.233,0,66,5.831,4.797,43499369,30272
72.880,b-cubic,open,165,393.478,41.233,0,66,5.829,4.797,43528329,30292
72.931,b-cubic,open,166,393.928,41.233,0,66,5.858,4.797,43554393,30311
72.981,b-cubic,open,166,394.601,41.233,0,66,5.848,4.782,43589145,30335
73.031,b-cubic,open,166,395.112,41.233,0,66,5.84,4.811,43621001,30357
73.081,b-cubic,open,167,395.936,41.233,0,66,5.863,4.797,43645617,30375
73.131,b-cubic,open,167,396.928,41.233,0,66,5.848,4.782,43677473,30397
73.181,b-cubic,open,168,397.938,41.233,0,66,5.869,4.782,43704985,30417
73.231,b-cubic,open,168,398.682,41.233,0,66,5.858,4.781,43738289,30440
73.281,b-cubic,open,169,399.154,41.233,0,66,5.886,4.796,43767249,30461
73.332,b-cubic,open,169,400.11,41.233,0,66,5.871,4.782,43793313,30479
73.382,b-cubic,open,170,401.631,41.233,0,66,5.884,4.782,43828065,30504
73.432,b-cubic,open,170,401.837,41.233,0,66,5.881,4.782,43861369,30527
73.482,b-cubic,open,171,402.57,41.233,0,66,5.905,4.796,43887433,30546
73.532,b-cubic,open,171,404.18,41.233,0,66,5.881,4.768,43917841,30567
73.582,b-cubic,open,172,405.863,41.233,0,66,5.891,4.796,43943905,30586
73.632,b-cubic,open,172,406.316,41.233,0,66,5.884,4.782,43977209,30609
73.682,b-cubic,open,173,407.649,41.233,0,66,5.899,4.796,44009065,30632
73.732,b-cubic,open,174,408.483,41.233,0,66,5.921,4.782,44030785,30648
73.783,b-cubic,open,174,409.42,41.233,0,66,5.908,4.796,44068433,30674
73.833,b-cubic,open,175,410.444,41.233,0,66,5.927,4.796,44101737,30698
73.883,b-cubic,open,176,411.079,41.233,0,66,5.952,4.782,44127801,30717
73.933,b-cubic,open,176,413.097,41.233,0,66,5.922,4.782,44155313,30735
73.983,b-cubic,open,177,414.91,41.233,0,66,5.93,4.782,44184273,30757
74.033,b-cubic,open,178,416.681,41.233,0,66,5.938,4.782,44217577,30781
74.083,b-cubic,open,179,418.436,41.233,0,66,5.947,4.768,44250881,30805
74.133,b-cubic,open,179,419.778,41.233,0,66,5.928,4.754,44274049,30821
74.184,b-cubic,open,180,421.201,41.233,0,66,5.94,4.782,44304457,30843
74.234,b-cubic,open,181,422.125,41.233,0,66,5.96,4.782,44342105,30870
74.284,b-cubic,open,182,422.994,41.233,0,66,5.981,4.782,44366721,30888
74.334,b-cubic,open,183,425.615,41.233,0,66,5.977,4.796,44395681,30909
74.384,b-cubic,open,184,425.956,41.233,0,66,6.005,4.782,44424641,30930
74.434,b-cubic,open,184,429.34,41.233,0,66,5.957,4.755,44453601,30949
74.484,b-cubic,open,185,430.452,41.233,0,66,5.974,4.795,44486905,30974
74.534,b-cubic,open,186,432.821,41.233,0,66,5.974,4.782,44517313,30996
74.585,b-cubic,open,187,434.179,41.233,0,66,5.987,4.782,44540481,31013
74.635,b-cubic,open,188,437.065,41.233,0,66,5.979,4.769,44573785,31037
74.685,b-cubic,open,190,438.221,41.233,0,66,6.027,4.769,44609985,31063
74.735,b-cubic,open,190,440.055,41.233,0,66,6.002,4.769,44636049,31082
74.785,b-cubic,open,191,442.052,41.233,0,66,6.006,4.795,44666457,31104
74.835,b-cubic,recovery,190,442.994,41.233,1,67,6.088,4.771,44686729,31123
74.885,b-cubic,recovery,183,443.228,41.233,1,67,6.555,4.784,44686729,31137
74.936,b-cubic,recovery,175,442.447,41.233,2,68,7.038,4.797,44686729,31154
74.986,b-cubic,recovery,169,443.383,41.233,2,68,7.462,4.797,44686729,31167
75.036,b-cubic,recovery,163,442.943,41.233,3,69,7.783,4.784,44686729,31179
75.086,b-cubic,recovery,154,443.207,41.233,5,71,8.249,4.771,44686729,31196
75.136,b-cubic,recovery,145,442.882,41.233,7,73,8.726,4.759,44686729,31213
75.186,b-cubic,recovery,139,443.315,41.233,8,74,9.031,4.732,44686729,31224
75.236,b-cubic,recovery,134,443.161,41.233,10,76,9.536,4.732,44686729,31242
75.286,b-cubic,recovery,134,433.685,41.233,9,76,9.231,4.641,44741753,31264
75.337,b-cubic,recovery,134,412.372,41.233,8,76,9.27,4.402,44793881,31287
75.387,b-cubic,recovery,134,392.635,41.233,7,76,9.807,4.168,44818497,31306
75.437,b-cubic,recovery,134,370.352,41.233,5,76,9.984,3.937,44861937,31325
75.487,b-cubic,recovery,134,348.572,41.233,3,76,10.568,3.677,44898137,31349
75.537,b-cubic,open,134,333.834,41.233,0,76,5.58,3.494,45110993,31364
75.587,b-cubic,open,134,327.113,41.233,0,76,5.694,3.523,45145745,31388
75.637,b-cubic,open,135,328.143,41.233,0,76,5.719,3.715,45174705,31409
75.687,b-cubic,open,136,327.072,41.233,0,76,5.78,3.907,45206561,31432
75.737,b-cubic,open,137,327.125,41.233,0,76,5.822,4.147,45232625,31451
75.788,b-cubic,open,138,327.314,41.233,0,76,5.861,4.417,45267377,31476
75.838,b-cubic,open,139,327.819,41.233,0,76,5.894,4.677,45293441,31495
75.888,b-cubic,open,140,326.315,41.233,0,76,5.964,4.764,45325297,31518
75.938,b-cubic,open,141,326.023,41.233,0,76,6.012,4.8,45352809,31538
75.988,b-cubic,open,143,326.816,41.233,0,76,6.082,4.764,45384665,31562
76.038,b-cubic,open,144,327.988,41.233,0,76,6.103,4.8,45415073,31584
76.089,b-cubic,open,145,330.289,41.233,0,76,6.103,4.799,45442585,31604
76.139,b-cubic,open,146,332.664,41.233,0,76,6.101,4.799,45478785,31630
76.189,b-cubic,open,147,334.305,41.233,0,76,6.112,4.816,45503401,31648
76.239,b-cubic,open,148,337.079,41.233,0,76,6.103,4.782,45533809,31670
76.289,b-cubic,open,149,340.571,41.233,0,76,6.082,4.782,45562769,31691
76.339,b-cubic,open,151,343.779,41.233,0,76,6.106,4.799,45597521,31717
76.389,b-cubic,open,152,346.429,41.233,0,76,6.099,4.798,45626481,31738
76.439,b-cubic,open,153,349.476,41.233,0,76,6.086,4.782,45652545,31757
76.490,b-cubic,open,154,351.829,41.233,0,76,6.085,4.799,45687297,31782
76.540,b-cubic,open,155,353.832,41.233,0,76,6.089,4.782,45713361,31801
76.590,b-cubic,open,156,355.978,41.233,0,76,6.092,4.782,45742321,31822
76.640,b-cubic,open,157,359.33,41.233,0,76,6.074,4.766,45774177,31845
76.690,b-cubic,open,158,361.705,41.233,0,76,6.072,4.798,45807481,31869
76.740,b-cubic,open,159,363.874,41.233,0,76,6.074,4.782,45834993,31889
76.790,b-cubic,open,160,367.5,41.233,0,76,6.052,4.766,45862505,31909
76.841,b-cubic,open,162,369.663,41.233,0,76,6.092,4.798,45894361,31933
76.891,b-cubic,open,163,371.985,41.233,0,76,6.091,4.798,45929113,31958
76.941,b-cubic,open,163,374.013,41.233,0,76,6.058,4.767,45949385,31972
76.991,b-cubic,open,164,376.969,41.233,0,76,6.048,4.798,45984137,31997
77.041,b-cubic,open,165,379.772,41.233,0,76,6.039,4.782,46011649,32017
77.091,b-cubic,open,166,382.165,41.233,0,76,6.038,4.797,46049297,32044
77.141,b-cubic,open,167,384.976,41.233,0,76,6.03,4.797,46075361,32063
77.192,b-cubic,open,168,387.152,41.233,0,76,6.032,4.767,46099977,32081
77.242,b-cubic,open,169,389.673,41.233,0,76,6.029,4.812,46139073,32109
77.292,b-cubic,open,170,391.828,41.233,0,76,6.031,4.812,46168033,32130
77.342,b-cubic,open,170,394.028,41.233,0,76,5.997,4.767,46191201,32146
77.392,b-cubic,open,171,396.446,41.233,0,76,5.996,4.797,46224505,32170
77.442,b-cubic,open,172,398.925,41.233,0,76,5.993,4.796,46250569,32189
77.492,b-cubic,open,173,401.59,41.233,0,76,5.988,4.782,46289665,32217
77.542,b-cubic,open,174,402.521,41.233,0,76,6.009,4.782,46315729,32236
77.593,b-cubic,open,174,404.824,41.233,0,76,5.975,4.754,46337449,32251
77.643,b-cubic,open,175,407.402,41.233,0,76,5.971,4.782,46375097,32278
77.693,b-cubic,open,176,408.971,41.233,0,76,5.982,4.796,46408401,32302
77.743,b-cubic,open,176,410.281,41.233,0,76,5.963,4.796,46431569,32318
77.793,b-cubic,open,177,412.682,41.233,0,76,5.962,4.783,46461977,32340
77.843,b-cubic,open,178,415.523,41.233,0,76,5.955,4.782,46489489,32360
77.893,b-cubic,open,178,417.627,41.233,0,76,5.925,4.782,46527137,32386
77.944,b-cubic,open,179,418.455,41.233,0,76,5.946,4.782,46557545,32408
77.994,b-cubic,open,179,420.565,41.233,0,76,5.916,4.782,46580713,32424
78.044,b-cubic,open,180,422.076,41.233,0,76,5.928,4.782,46612569,32447
78.094,b-cubic,open,181,423.744,41.233,0,76,5.938,4.768,46645873,32471
78.144,b-cubic,open,181,425.509,41.233,0,76,5.913,4.782,46674833,32491
78.194,b-cubic,open,182,426.772,41.233,0,76,5.928,4.782,46702345,32511
78.244,b-cubic,open,182,428.372,41.233,0,76,5.906,4.769,46729857,32530
78.294,b-cubic,open,183,430.961,41.233,0,76,5.903,4.782,46763161,32554
78.344,b-cubic,open,183,432.325,41.233,0,76,5.884,4.782,46797913,32578
78.395,b-cubic,open,184,433.021,41.233,0,76,5.907,4.782,46822529,32596
78.445,b-cubic,open,184,435.126,41.233,0,76,5.878,4.795,46850041,32615
78.495,b-cubic,open,184,436.549,41.233,0,76,5.859,4.769,46881897,32637
78.545,b-cubic,open,185,437.85,41.233,0,76,5.873,4.782,46916649,32662
78.595,b-cubic,open,185,439.027,41.233,0,76,5.858,4.769,46942713,32680
78.645,b-cubic,open,186,440.205,41.233,0,76,5.874,4.782,46973121,32702
78.696,b-cubic,open,186,441.65,41.233,0,76,5.854,4.769,47000633,32721
78.746,b-cubic,open,186,442.207,41.233,0,76,5.847,4.782,47031041,32742
78.796,b-cubic,open,187,442.946,41.233,0,76,5.869,4.782,47070137,32770
78.846,b-cubic,open,187,443.0,41.233,0,76,5.868,4.808,47094753,32787
78.896,b-cubic,open,187,443.718,41.233,0,76,5.858,4.808,47119369,32804
78.946,b-cubic,disorder,188,442.801,41.233,0,76,5.902,4.808,47151225,32829
78.996,b-cubic,recovery,180,443.131,41.233,1,77,6.462,4.797,47151225,32847
79.047,b-cubic,recovery,175,443.441,41.233,1,77,6.802,4.797,47151225,32857
79.097,b-cubic,recovery,169,443.488,41.233,1,77,7.272,4.824,47151225,32873
79.147,b-cubic,recovery,162,443.259,41.233,1,77,7.746,4.823,47151225,32888
79.197,b-cubic,recovery,156,442.917,41.233,1,77,8.223,4.826,47151225,32903
79.247,b-cubic,recovery,148,440.32,41.233,1,77,8.84,4.835,47151225,32921
79.297,b-cubic,recovery,141,432.022,41.233,1,77,9.492,4.852,47151225,32936
79.347,b-cubic,recovery,134,422.43,41.233,1,77,10.3,4.881,47151225,32954
79.398,b-cubic,open,131,410.002,41.233,0,77,4.441,4.719,47448065,32976
79.448,b-cubic,open,131,397.888,41.233,0,77,4.577,4.529,47474129,32994
79.498,b-cubic,open,132,376.921,41.233,0,77,4.868,4.295,47505985,33017
79.548,b-cubic,open,133,357.701,41.233,0,77,5.169,4.058,47534945,33038
79.598,b-cubic,open,133,343.59,41.233,0,77,5.381,3.843,47566801,33060
79.648,b-cubic,open,134,335.017,41.233,0,77,5.56,3.784,47589969,33077
79.699,b-cubic,open,134,321.387,41.233,0,77,5.796,3.642,47627617,33103
79.749,b-cubic,open,135,316.051,41.233,0,77,5.938,3.905,47655129,33123
79.799,b-cubic,open,136,314.467,41.233,0,77,6.012,4.069,47685537,33145
79.849,b-cubic,open,137,314.166,41.233,0,77,6.062,4.332,47714497,33166
79.899,b-cubic,open,137,314.491,41.233,0,77,6.056,4.464,47747801,33189
79.949,b-cubic,open,138,316.316,41.233,0,77,6.065,4.708,47773865,33208
79.999,b-cubic,open,139,319.654,41.233,0,77,6.045,4.836,47804273,33230
80.050,b-cubic,open,139,322.204,41.233,0,77,5.997,4.836,47839025,33254
80.100,b-cubic,open,140,323.314,41.233,0,77,6.019,4.836,47865089,33273
80.150,b-cubic,open,141,325.933,41.233,0,77,6.014,4.817,47896945,33296
80.200,b-cubic,open,142,327.551,41.233,0,77,6.026,4.835,47927353,33318
80.250,b-cubic,open,142,329.555,41.233,0,77,5.99,4.835,47959209,33340
80.300,b-cubic,open,143,331.041,41.233,0,77,6.005,4.817,47986721,33360
80.350,b-cubic,open,144,332.481,41.233,0,77,6.021,4.834,48020025,33384
80.400,b-cubic,open,144,334.857,41.233,0,77,5.978,4.834,48047537,33403
80.451,b-cubic,open,145,336.267,41.233,0,77,5.994,4.816,48077945,33425
80.501,b-cubic,open,145,337.565,41.233,0,77,5.971,4.816,48106905,33445
80.551,b-cubic,open,146,339.724,41.233,0,77,5.974,4.833,48140209,33469
80.601,b-cubic,open,147,340.919,41.233,0,77,5.994,4.815,48170617,33491
80.651,b-cubic,open,147,343.068,41.233,0,77,5.956,4.816,48196681,33509
80.701,b-cubic,open,148,343.944,41.233,0,77,5.982,4.832,48231433,33534
80.751,b-cubic,open,148,346.32,41.233,0,77,5.941,4.832,48258945,33553
80.801,b-cubic,open,149,346.932,41.233,0,77,5.97,4.832,48286457,33573
80.852,b-cubic,open,149,348.342,41.233,0,77,5.946,4.815,48316865,33594
80.902,b-cubic,open,150,350.79,41.233,0,77,5.944,4.815,48350169,33618
80.952,b-cubic,open,150,351.272,41.233,0,77,5.936,4.815,48382025,33640
81.002,b-cubic,open,151,353.317,41.233,0,77,5.941,4.815,48409537,33660
81.052,b-cubic,open,151,353.497,41.233,0,77,5.938,4.815,48444289,33684
81.102,b-cubic,open,152,355.788,41.233,0,77,5.939,4.815,48471801,33704
81.153,b-cubic,open,152,356.843,41.233,0,77,5.921,4.831,48499313,33723
81.203,b-cubic,open,152,358.136,41.233,0,77,5.9,4.814,48529721,33744
81.253,b-cubic,open,153,359.443,41.233,0,77,5.917,4.814,48560129,33766
81.303,b-cubic,open,153,360.548,41.233,0,77,5.899,4.814,48591985,33788
81.353,b-cubic,open,154,361.813,41.233,0,77,5.917,4.814,48620945,33809
81.404,b-cubic,open,154,363.38,41.233,0,77,5.891,4.814,48652801,33831
81.454,b-cubic,open,154,363.727,41.233,0,77,5.886,4.814,48683209,33852
81.504,b-cubic,open,154,365.117,41.233,0,77,5.863,4.814,48710721,33871
81.554,b-cubic,open,155,365.699,41.233,0,77,5.892,4.814,48741129,33893
81.604,b-cubic,open,155,367.099,41.233,0,77,5.869,4.813,48771537,33914
81.654,b-cubic,open,155,368.415,41.233,0,77,5.848,4.813,48801945,33935
81.704,b-cubic,open,156,369.015,41.233,0,77,5.877,4.814,48830905,33956
81.755,b-cubic,open,156,369.79,41.233,0,77,5.864,4.813,48862761,33978
81.805,b-cubic,open,156,370.651,41.233,0,77,5.851,4.813,48896065,34001
81.855,b-cubic,open,156,371.396,41.233,0,77,5.839,4.798,48920681,34018
81.905,b-cubic,open,157,372.531,41.233,0,77,5.858,4.829,48952537,34041
81.955,b-cubic,open,157,372.595,41.233,0,77,5.857,4.829,48982945,34062
82.005,b-cubic,open,157,374.12,41.233,0,77,5.833,4.798,49011905,34082
82.055,b-cubic,open,157,374.225,41.233,0,77,5.832,4.798,49043761,34104
82.105,b-cubic,open,158,374.992,41.233,0,77,5.857,4.813,49072721,34125
82.156,b-cubic,open,158,375.425,41.233,0,77,5.85,4.813,49107473,34149
82.206,b-cubic,open,158,375.954,41.233,0,77,5.842,4.813,49133537,34167
82.256,b-cubic,open,158,376.701,41.233,0,77,5.83,4.797,49162497,34187
82.306,b-cubic,open,158,377.977,41.233,0,77,5.811,4.812,49195801,34210
82.356,b-cubic,open,158,378.092,41.233,0,77,5.809,4.812,49223313,34229
82.406,b-cubic,open,158,379.096,41.233,0,77,5.794,4.797,49252273,34249
82.456,b-cubic,open,158,379.525,41.233,0,77,5.787,4.797,49281233,34269
82.506,b-cubic,open,159,380.153,41.233,0,77,5.814,4.813,49315985,34294
82.556,b-cubic,open,159,380.398,41.233,0,77,5.81,4.797,49347841,34316
82.607,b-cubic,open,159,380.88,41.233,0,77,5.803,4.812,49372457,34333
82.657,b-cubic,open,159,381.571,41.233,0,77,5.792,4.813,49404313,34355
82.707,b-cubic,open,159,381.356,41.233,0,77,5.796,4.813,49436169,34377
82.757,b-cubic,open,159,380.953,41.233,0,77,5.802,4.797,49460785,34394
82.807,b-cubic,open,159,381.566,41.233,0,77,5.793,4.797,49494089,34417
82.857,b-cubic,open,159,381.902,41.233,0,77,5.787,4.812,49525945,34439
82.907,b-cubic,open,159,382.112,41.233,0,77,5.784,4.812,49556353,34460
82.958,b-cubic,open,159,382.985,41.233,0,77,5.771,4.813,49586761,34481
83.008,b-cubic,open,159,383.418,41.233,0,77,5.765,4.797,49614273,34500
83.058,b-cubic,open,159,383.819,41.233,0,77,5.758,4.812,49644681,34521
83.108,b-cubic,open,159,383.734,41.233,0,77,5.76,4.812,49675089,34542
83.158,b-cubic,open,159,383.967,41.233,0,77,5.756,4.797,49704049,34562
83.208,b-cubic,open,159,384.111,41.233,0,77,5.754,4.797,49733009,34582
83.258,b-cubic,open,159,384.121,41.233,0,77,5.754,4.797,49764865,34604
83.309,b-cubic,open,159,384.276,41.233,0,77,5.752,4.797,49799617,34628
83.359,b-cubic,open,159,384.502,41.233,0,77,5.748,4.797,49825681,34646
83.409,b-cubic,open,159,384.255,41.233,0,77,5.752,4.797,49854641,34666
83.459,b-cubic,open,159,384.237,41.233,0,77,5.752,4.767,49886497,34688
83.509,b-cubic,open,159,383.535,41.233,0,77,5.763,4.812,49914009,34707
83.559,b-cubic,open,159,383.877,41.233,0,77,5.758,4.812,49942969,34727
83.609,b-cubic,open,159,384.002,41.233,0,77,5.756,4.792,49976273,34750
83.659,b-cubic,open,159,383.926,41.233,0,77,5.757,4.797,50009577,34773
83.710,b-cubic,open,159,383.788,41.233,0,77,5.759,4.797,50038537,34793
83.760,b-cubic,open,159,384.186,41.233,0,77,5.753,4.797,50064601,34811
83.810,b-cubic,open,159,384.124,41.233,0,77,5.754,4.797,50093561,34831
83.860,b-cubic,open,159,384.201,41.233,0,77,5.753,4.797,50126865,34854
83.910,b-cubic,open,159,383.754,41.233,0,77,5.759,4.797,50154377,34873
83.960,b-cubic,open,159,384.031,41.233,0,77,5.755,4.797,50187681,34896
84.010,b-cubic,open,159,383.512,41.233,0,77,5.763,4.797,50218089,34917
84.061,b-cubic,open,159,383.893,41.233,0,77,5.757,4.812,50249945,34939
84.111,b-cubic,open,159,383.93,41.233,0,77,5.757,4.797,50277457,34958
84.161,b-cubic,open,159,384.544,41.233,0,77,5.748,4.797,50304969,34977
84.211,b-cubic,open,159,384.218,41.233,0,77,5.753,4.797,50336825,34999
84.261,b-cubic,open,159,384.141,41.233,0,77,5.754,4.797,50365785,35019
84.311,b-cubic,open,159,383.931,41.233,0,77,5.757,4.797,50396193,35040
84.361,b-cubic,open,159,384.194,41.233,0,77,5.753,4.797,50423705,35059
84.411,b-cubic,open,159,384.028,41.233,0,77,5.755,4.797,50458457,35083
84.461,b-cubic,open,159,383.757,41.233,0,77,5.759,4.797,50491761,35106
84.512,b-cubic,open,159,384.788,41.233,0,77,5.744,4.767,50517825,35124
84.562,b-cubic,open,159,383.907,41.233,0,77,5.757,4.797,50546785,35144
84.612,b-cubic,open,159,384.182,41.233,0,77,5.753,4.812,50577193,35165
84.662,b-cubic,open,159,383.954,41.233,0,77,5.756,4.797,50607601,35186
84.712,b-cubic,open,159,384.307,41.233,0,77,5.751,4.767,50635113,35205
84.762,b-cubic,open,159,384.257,41.233,0,77,5.752,4.797,50668417,35228
84.812,b-cubic,open,159,383.696,41.233,0,77,5.76,4.793,50700273,35250
84.862,b-cubic,open,160,384.355,41.233,0,77,5.787,4.782,50730681,35272
84.913,b-cubic,open,160,384.882,41.233,0,77,5.779,4.797,50755297,35289
84.963,b-cubic,open,160,384.559,41.233,0,77,5.784,4.797,50787153,35311
85.013,b-cubic,open,160,384.147,41.233,0,77,5.79,4.797,50816113,35331
85.063,b-cubic,open,160,383.71,41.233,0,77,5.796,4.812,50846521,35352
85.113,b-cubic,open,160,383.85,41.233,0,77,5.794,4.797,50875481,35372
85.163,b-cubic,open,160,384.027,41.233,0,77,5.792,4.797,50908785,35395
85.213,b-cubic,open,161,383.954,41.233,0,77,5.829,4.797,50942089,35419
85.263,b-cubic,open,161,384.919,41.233,0,77,5.814,4.812,50969601,35438
85.314,b-cubic,open,161,385.504,41.233,0,77,5.805,4.812,50998561,35458
85.364,b-cubic,open,161,386.186,41.233,0,77,5.795,4.797,51027521,35478
85.414,b-cubic,open,161,386.646,41.233,0,77,5.788,4.797,51057929,35499
85.464,b-cubic,open,161,386.141,41.233,0,77,5.796,4.812,51088337,35520
85.514,b-cubic,open,161,386.832,41.233,0,77,5.786,4.797,51117297,35540
85.564,b-cubic,open,161,386.754,41.233,0,77,5.787,4.797,51149153,35562
85.614,b-cubic,open,162,386.528,41.233,0,77,5.826,4.797,51185353,35588
85.664,b-cubic,open,162,387.438,41.233,0,77,5.812,4.812,51208521,35604
85.714,b-cubic,open,162,388.578,41.233,0,77,5.795,4.812,51238929,35625
85.765,b-cubic,open,162,388.617,41.233,0,77,5.795,4.797,51269337,35646
85.815,b-cubic,open,163,388.997,41.233,0,77,5.825,4.797,51299745,35668
85.865,b-cubic,open,163,388.471,41.233,0,77,5.833,4.812,51327257,35687
85.915,b-cubic,open,163,388.956,41.233,0,77,5.825,4.812,51353321,35705
85.965,b-cubic,open,163,389.014,41.233,0,77,5.825,4.797,51390969,35731
86.015,b-cubic,open,164,388.913,41.233,0,77,5.862,4.827,51427169,35757
86.065,b-cubic,open,164,389.585,41.233,0,77,5.852,4.812,51448889,35772
86.116,b-cubic,open,164,390.566,41.233,0,77,5.837,4.812,51479297,35793
86.166,b-cubic,open,165,391.403,41.233,0,77,5.86,4.782,51509705,35815
86.216,b-cubic,open,165,391.525,41.233,0,77,5.858,4.812,51538665,35835
86.266,b-cubic,open,165,391.393,41.233,0,77,5.86,4.812,51569073,35856
86.316,b-cubic,open,166,393.026,41.233,0,77,5.871,4.812,51596585,35876
86.366,b-cubic,open,166,393.641,41.233,0,77,5.862,4.797,51629889,35899
86.416,b-cubic,open,166,393.952,41.233,0,77,5.857,4.811,51664641,35923
86.466,b-cubic,open,167,394.599,41.233,0,77,5.883,4.811,51689257,35941
86.516,b-cubic,open,167,395.265,41.233,0,77,5.873,4.796,51716769,35960
86.567,b-cubic,open,168,396.292,41.233,0,77,5.893,4.782,51750073,35984
86.617,b-cubic,open,168,396.912,41.233,0,77,5.884,4.811,51780481,36005
86.667,b-cubic,open,169,396.874,41.233,0,77,5.919,4.826,51807993,36025
86.717,b-cubic,open,169,398.445,41.233,0,77,5.896,4.811,51839849,36047
86.767,b-cubic,open,170,399.408,41.233,0,77,5.917,4.811,51873153,36071
86.817,b-cubic,open,170,400.551,41.233,0,77,5.9,4.797,51906457,36094
86.867,b-cubic,open,171,401.688,41.233,0,77,5.918,4.811,51931073,36112
86.918,b-cubic,open,171,402.264,41.233,0,77,5.909,4.811,51960033,36132
86.968,b-cubic,open,172,402.863,41.233,0,77,5.935,4.796,51988993,36153
87.018,b-cubic,open,172,403.943,41.233,0,77,5.919,4.811,52020849,36175
87.068,b-cubic,open,173,405.084,41.233,0,77,5.937,4.825,52052705,36198
87.118,b-cubic,open,174,406.699,41.233,0,77,5.947,4.81,52080217,36218
87.168,b-cubic,open,174,406.937,41.233,0,77,5.944,4.825,52116417,36243
87.219,b-cubic,open,175,408.902,41.233,0,77,5.949,4.81,52148273,36266
87.269,b-cubic,open,176,409.162,41.233,0,77,5.979,4.825,52174337,36285
87.319,b-cubic,open,176,411.495,41.233,0,77,5.945,4.81,52201849,36304
87.369,b-cubic,open,177,411.609,41.233,0,77,5.978,4.838,52232257,36326
87.419,b-cubic,open,178,412.895,41.233,0,77,5.993,4.824,52264113,36349
87.469,b-cubic,open,179,414.044,41.233,0,77,6.01,4.838,52294521,36371
87.519,b-cubic,open,179,415.641,41.233,0,77,5.987,4.825,52317689,36387
87.569,b-cubic,open,180,417.159,41.233,0,77,5.998,4.81,52350993,36411
87.620,b-cubic,open,181,418.691,41.233,0,77,6.009,4.852,52391537,36440
87.670,b-cubic,open,182,421.174,41.233,0,77,6.007,4.823,52417601,36459
87.720,b-cubic,open,183,422.68,41.233,0,77,6.018,4.823,52442217,36477
87.770,b-cubic,open,184,424.455,41.233,0,77,6.026,4.837,52474073,36500
87.820,b-cubic,open,185,425.341,41.233,0,77,6.046,4.823,52504481,36522
87.870,b-cubic,open,185,426.803,41.233,0,77,6.025,4.823,52536337,36544
87.920,b-cubic,open,186,429.342,41.233,0,77,6.022,4.836,52563849,36564
87.971,b-cubic,open,187,430.37,41.233,0,77,6.04,4.809,52591361,36584
88.021,b-cubic,open,188,432.395,41.233,0,77,6.044,4.809,52627561,36610
88.071,b-cubic,open,190,433.961,41.233,0,77,6.086,4.822,52662313,36636
88.121,b-cubic,open,190,436.947,41.233,0,77,6.045,4.822,52686929,36653
88.171,b-cubic,open,191,438.684,41.233,0,77,6.052,4.835,52712993,36672
88.221,b-cubic,open,193,440.16,41.233,0,77,6.095,4.821,52746297,36696
88.271,b-cubic,open,194,441.612,41.233,0,77,6.107,4.834,52775257,36718
88.321,b-cubic,recovery,186,442.779,41.233,1,78,6.53,4.823,52776705,36734
88.372,b-cubic,recovery,181,443.26,41.233,1,78,6.931,4.823,52776705,36748
88.422,b-cubic,recovery,174,443.243,41.233,1,78,7.401,4.85,52776705,36763
88.472,b-cubic,recovery,166,443.433,41.233,2,79,7.868,4.85,52776705,36778
88.522,b-cubic,recovery,157,443.25,41.233,4,81,8.311,4.85,52776705,36795
88.572,b-cubic,recovery,151,443.474,41.233,4,81,8.714,4.863,52776705,36808
88.622,b-cubic,recovery,143,442.835,41.233,6,83,9.103,4.85,52776705,36821
88.672,b-cubic,recovery,135,443.011,41.233,8,85,9.508,4.824,52776705,36836
88.722,b-cubic,recovery,135,442.642,41.233,7,85,8.039,4.826,52875169,36858
88.773,b-cubic,recovery,135,435.681,41.233,7,85,8.742,4.635,52875169,36876
88.823,b-cubic,recovery,135,418.168,41.233,7,85,9.707,4.406,52875169,36894
88.873,b-cubic,recovery,135,393.955,41.233,5,85,9.774,4.127,52933089,36919
88.923,b-cubic,recovery,135,374.31,41.233,4,85,9.99,3.891,52973633,36939
88.973,b-cubic,recovery,135,352.159,41.233,2,85,10.539,3.701,53004041,36958
89.023,b-cubic,open,135,333.388,41.233,0,85,5.629,3.52,53229929,36981
89.073,b-cubic,open,135,328.592,41.233,0,85,5.711,3.575,53258889,37001
89.123,b-cubic,open,136,327.62,41.233,0,85,5.77,3.71,53284953,37020
89.174,b-cubic,open,137,326.531,41.233,0,85,5.832,3.913,53316809,37043
89.224,b-cubic,open,138,325.793,41.233,0,85,5.888,4.151,53353009,37069
89.274,b-cubic,open,139,326.164,41.233,0,85,5.924,4.419,53379073,37088
89.324,b-cubic,open,140,326.034,41.233,0,85,5.969,4.695,53408033,37109
89.374,b-cubic,open,141,324.25,41.233,0,85,6.045,4.8,53442785,37134
89.424,b-cubic,open,143,324.465,41.233,0,85,6.126,4.835,53470297,37155
89.474,b-cubic,open,144,325.754,41.233,0,85,6.145,4.835,53499257,37176
89.525,b-cubic,open,145,327.162,41.233,0,85,6.161,4.835,53529665,37198
89.575,b-cubic,open,146,329.682,41.233,0,85,6.156,4.835,53561521,37221
89.625,b-cubic,open,147,331.621,41.233,0,85,6.162,4.852,53589033,37241
89.675,b-cubic,open,148,334.124,41.233,0,85,6.157,4.834,53622337,37265
89.725,b-cubic,open,150,336.261,41.233,0,85,6.201,4.834,53652745,37287
89.775,b-cubic,open,151,340.595,41.233,0,85,6.163,4.85,53680257,37308
89.825,b-cubic,open,152,342.532,41.233,0,85,6.169,4.832,53710665,37330
89.875,b-cubic,open,153,345.686,41.233,0,85,6.152,4.816,53745417,37355
89.926,b-cubic,open,154,347.892,41.233,0,85,6.153,4.832,53775825,37377
89.976,b-cubic,open,155,350.878,41.233,0,85,6.141,4.832,53801889,37396
90.026,b-cubic,open,157,353.298,41.233,0,85,6.177,4.831,53833745,37420
90.076,b-cubic,open,158,355.279,41.233,0,85,6.182,4.831,53865601,37443
90.127,b-cubic,open,159,358.121,41.233,0,85,6.172,4.83,53893113,37463
90.177,b-cubic,open,160,361.41,41.233,0,85,6.154,4.846,53920625,37483
90.227,b-cubic,open,161,364.505,41.233,0,85,6.14,4.846,53953929,37507
90.277,b-cubic,open,162,367.256,41.233,0,85,6.132,4.845,53990129,37533
90.327,b-cubic,open,163,369.411,41.233,0,85,6.134,4.845,54013297,37550
90.377,b-cubic,open,164,372.281,41.233,0,85,6.124,4.844,54042257,37571
90.427,b-cubic,open,165,374.508,41.233,0,85,6.124,4.859,54078457,37597
90.477,b-cubic,open,166,376.547,41.233,0,85,6.128,4.859,54105969,37617
90.528,b-cubic,open,167,379.143,41.233,0,85,6.123,4.828,54134929,37638
90.578,b-cubic,open,168,381.319,41.233,0,85,6.124,4.858,54165337,37660
90.628,b-cubic,open,169,384.786,41.233,0,85,6.105,4.827,54197193,37682
90.678,b-cubic,open,170,386.858,41.233,0,85,6.109,4.842,54230497,37707
90.728,b-cubic,open,170,389.636,41.233,0,85,6.065,4.841,54256561,37725
90.778,b-cubic,open,171,392.294,41.233,0,85,6.059,4.826,54285521,37746
90.828,b-cubic,open,172,393.816,41.233,0,85,6.071,4.826,54320273,37771
90.878,b-cubic,open,173,396.051,41.233,0,85,6.072,4.855,54349233,37792
90.928,b-cubic,open,174,398.245,41.233,0,85,6.073,4.84,54376745,37812
90.979,b-cubic,open,174,400.553,41.233,0,85,6.038,4.825,54407153,37833
91.029,b-cubic,open,175,402.748,41.233,0,85,6.04,4.811,54439009,37856
91.079,b-cubic,open,176,404.986,41.233,0,85,6.041,4.825,54472313,37880
91.129,b-cubic,open,177,407.358,41.233,0,85,6.04,4.824,54498377,37899
91.179,b-cubic,open,177,409.142,41.233,0,85,6.014,4.81,54525889,37918
91.229,b-cubic,open,178,410.986,41.233,0,85,6.02,4.824,54563537,37945
91.279,b-cubic,open,179,413.254,41.233,0,85,6.021,4.838,54593945,37967
91.329,b-cubic,open,179,414.24,41.233,0,85,6.007,4.838,54620009,37985
91.380,b-cubic,open,180,416.467,41.233,0,85,6.008,4.823,54648969,38006
91.430,b-cubic,open,181,418.594,41.233,0,85,6.011,4.823,54680825,38029
91.480,b-cubic,open,181,420.157,41.233,0,85,5.988,4.837,54717025,38054
91.530,b-cubic,open,182,421.795,41.233,0,85,5.998,4.837,54743089,38073
91.580,b-cubic,open,182,423.77,41.233,0,85,5.97,4.837,54770601,38092
91.630,b-cubic,open,183,425.48,41.233,0,85,5.979,4.809,54801009,38114
91.680,b-cubic,open,184,427.124,41.233,0,85,5.988,4.823,54835761,38139
91.730,b-cubic,open,184,428.394,41.233,0,85,5.971,4.85,54864721,38159
91.781,b-cubic,open,184,429.314,41.233,0,85,5.958,4.822,54887889,38175
91.831,b-cubic,open,185,431.27,41.233,0,85,5.963,4.836,54918297,38197
91.881,b-cubic,open,185,432.523,41.233,0,85,5.946,4.835,54951601,38220
91.931,b-cubic,open,186,434.674,41.233,0,85,5.948,4.822,54986353,38245
91.981,b-cubic,open,186,435.519,41.233,0,85,5.937,4.849,55012417,38263
92.031,b-cubic,open,187,437.46,41.233,0,85,5.942,4.809,55039929,38283
92.082,b-cubic,open,187,438.903,41.233,0,85,5.923,4.822,55073233,38306
92.132,b-cubic,open,188,439.431,41.233,0,85,5.947,4.835,55107985,38331
92.182,b-cubic,open,188,440.919,41.233,0,85,5.927,4.821,55136945,38351
92.232,b-cubic,open,188,441.733,41.233,0,85,5.916,4.835,55163009,38369
92.282,b-cubic,recovery,184,442.977,41.233,1,86,6.088,4.784,55173145,38384
92.332,b-cubic,recovery,176,443.348,41.233,1,86,6.616,4.81,55173145,38401
92.382,b-cubic,recovery,168,442.991,41.233,3,88,7.06,4.784,55173145,38417
92.432,b-cubic,recovery,162,443.276,41.233,3,88,7.432,4.758,55173145,38428
92.482,b-cubic,recovery,155,443.365,41.233,4,89,7.838,4.758,55173145,38442
92.533,b-cubic,recovery,148,443.63,41.233,4,89,8.335,4.771,55173145,38458
92.583,b-cubic,recovery,141,443.377,41.233,4,89,8.841,4.784,55173145,38475
92.633,b-cubic,recovery,135,442.995,41.233,4,89,9.288,4.81,55173145,38488
92.683,b-cubic,recovery,131,443.387,41.233,4,89,9.688,4.808,55173145,38502
92.733,b-cubic,recovery,131,438.799,41.233,3,89,9.187,4.666,55228169,38521
92.783,b-cubic,recovery,131,430.137,41.233,2,89,9.372,4.464,55257129,38541
92.833,b-cubic,recovery,131,422.779,41.233,1,89,9.239,4.262,55290433,38555
92.884,b-cubic,open,131,418.309,41.233,0,89,4.353,4.116,55530801,38570
92.934,b-cubic,open,131,406.127,41.233,0,89,4.484,3.862,55562657,38592
92.984,b-cubic,open,132,387.386,41.233,0,89,4.737,3.608,55594513,38612
93.034,b-cubic,open,132,368.479,41.233,0,89,4.98,3.434,55620577,38633
93.084,b-cubic,open,133,350.987,41.233,0,89,5.267,3.488,55655329,38656
93.134,b-cubic,open,134,339.66,41.233,0,89,5.484,3.588,55687185,38678
93.184,b-cubic,open,134,330.136,41.233,0,89,5.642,3.662,55711801,38698
93.234,b-cubic,open,135,319.237,41.233,0,89,5.878,3.79,55740761,38719
93.284,b-cubic,open,136,311.872,41.233,0,89,6.062,3.876,55772617,38742
93.335,b-cubic,open,137,309.571,41.233,0,89,6.152,4.133,55803025,38764
93.385,b-cubic,open,137,310.064,41.233,0,89,6.142,4.306,55831985,38784
93.435,b-cubic,open,138,311.588,41.233,0,89,6.157,4.438,55865289,38808
93.485,b-cubic,open,139,314.775,41.233,0,89,6.138,4.765,55895697,38830
93.535,b-cubic,open,139,319.474,41.233,0,89,6.048,4.854,55921761,38848
93.585,b-cubic,open,140,322.7,41.233,0,89,6.031,4.836,55953617,38871
93.635,b-cubic,open,141,324.657,41.233,0,89,6.037,4.835,55981129,38891
93.685,b-cubic,open,141,327.393,41.233,0,89,5.987,4.835,56012985,38913
93.736,b-cubic,open,142,328.792,41.233,0,89,6.004,4.834,56044841,38936
93.786,b-cubic,open,143,330.381,41.233,0,89,6.017,4.817,56076697,38959
93.836,b-cubic,open,144,331.859,41.233,0,89,6.032,4.834,56105657,38980
93.886,b-cubic,open,144,334.37,41.233,0,89,5.987,4.834,56136065,39001
93.936,b-cubic,open,145,335.439,41.233,0,89,6.009,4.817,56165025,39022
93.986,b-cubic,open,145,337.391,41.233,0,89,5.974,4.834,56193985,39042
94.036,b-cubic,open,146,339.425,41.233,0,89,5.979,4.833,56227289,39066
94.087,b-cubic,open,146,340.689,41.233,0,89,5.957,4.815,56256249,39086
94.137,b-cubic,open,147,341.97,41.233,0,89,5.975,4.832,56286657,39108
94.187,b-cubic,open,148,343.681,41.233,0,89,5.986,4.832,56317065,39130
94.237,b-cubic,open,148,345.609,41.233,0,89,5.953,4.815,56347473,39151
94.287,b-cubic,open,149,346.669,41.233,0,89,5.975,4.831,56377881,39173
94.337,b-cubic,open,149,348.3,41.233,0,89,5.947,4.815,56406841,39193
94.388,b-cubic,open,150,349.391,41.233,0,89,5.968,4.832,56437249,39215
94.438,b-cubic,open,150,351.253,41.233,0,89,5.936,4.815,56467657,39236
94.488,b-cubic,open,151,352.077,41.233,0,89,5.962,4.831,56499513,39259
94.538,b-cubic,open,151,352.998,41.233,0,89,5.946,4.815,56528473,39279
94.588,b-cubic,open,152,355.182,41.233,0,89,5.949,4.831,56557433,39300
94.638,b-cubic,open,152,356.422,41.233,0,89,5.928,4.847,56590737,39323
94.688,b-cubic,open,152,358.255,41.233,0,89,5.898,4.814,56616801,39341
94.738,b-cubic,open,153,358.877,41.233,0,89,5.926,4.83,56648657,39364
94.789,b-cubic,open,153,360.482,41.233,0,89,5.9,4.814,56677617,39384
94.839,b-cubic,open,154,361.621,41.233,0,89,5.92,4.83,56712369,39409
94.889,b-cubic,open,154,362.507,41.233,0,89,5.905,4.814,56741329,39429
94.939,b-cubic,open,154,363.155,41.233,0,89,5.895,4.814,56768841,39448
94.989,b-cubic,open,154,364.911,41.233,0,89,5.866,4.814,56799249,39469
95.039,b-cubic,open,155,365.892,41.233,0,89,5.889,4.814,56829657,39491
95.089,b-cubic,open,155,366.825,41.233,0,89,5.874,4.83,56860065,39512
95.140,b-cubic,open,155,368.264,41.233,0,89,5.851,4.814,56889025,39532
95.190,b-cubic,open,156,367.639,41.233,0,89,5.898,4.814,56922329,39556
95.240,b-cubic,open,156,369.194,41.233,0,89,5.874,4.813,56952737,39577
95.290,b-cubic,open,156,370.032,41.233,0,89,5.86,4.813,56978801,39595
95.340,b-cubic,open,156,371.95,41.233,0,89,5.83,4.798,57010657,39617
95.390,b-cubic,open,157,372.474,41.233,0,89,5.859,4.829,57041065,39639
95.440,b-cubic,open,157,373.054,41.233,0,89,5.85,4.829,57070025,39659
95.490,b-cubic,open,157,373.517,41.233,0,89,5.843,4.797,57100433,39680
95.540,b-cubic,open,157,374.17,41.233,0,89,5.833,4.813,57129393,39700
95.591,b-cubic,open,158,375.214,41.233,0,89,5.854,4.828,57167041,39727
95.641,b-cubic,open,158,375.121,41.233,0,89,5.855,4.813,57193105,39745
95.691,b-cubic,open,158,375.948,41.233,0,89,5.842,4.798,57220617,39764
95.741,b-cubic,open,158,376.879,41.233,0,89,5.828,4.797,57251025,39785
95.791,b-cubic,open,158,377.133,41.233,0,89,5.824,4.813,57279985,39805
95.841,b-cubic,open,158,377.749,41.233,0,89,5.814,4.829,57314737,39829
95.891,b-cubic,open,158,378.337,41.233,0,89,5.805,4.797,57339353,39846
95.941,b-cubic,open,158,378.49,41.233,0,89,5.803,4.813,57375553,39871
95.992,b-cubic,open,159,380.057,41.233,0,89,5.816,4.812,57407409,39894
96.042,b-cubic,open,159,380.045,41.233,0,89,5.816,4.813,57433473,39912
96.092,b-cubic,open,159,380.676,41.233,0,89,5.806,4.815,57460985,39931
96.142,b-cubic,open,159,381.272,41.233,0,89,5.797,4.797,57494289,39954
96.192,b-cubic,open,159,381.81,41.233,0,89,5.789,4.782,57521801,39973
96.242,b-cubic,open,159,381.914,41.233,0,89,5.787,4.797,57553657,39995
96.292,b-cubic,open,159,381.785,41.233,0,89,5.789,4.797,57581169,40014
96.343,b-cubic,open,159,381.315,41.233,0,89,5.796,4.812,57617369,40039
96.393,b-cubic,open,159,382.521,41.233,0,89,5.778,4.812,57646329,40059
96.443,b-cubic,open,159,382.348,41.233,0,89,5.781,4.812,57669497,40075
96.493,b-cubic,open,159,383.47,41.233,0,89,5.764,4.797,57699905,40096
96.543,b-cubic,open,159,383.698,41.233,0,89,5.76,4.812,57733209,40119
96.593,b-cubic,open,159,384.156,41.233,0,89,5.753,4.797,57762169,40139
96.643,b-cubic,open,159,384.449,41.233,0,89,5.749,4.797,57792577,40160
96.694,b-cubic,open,159,383.838,41.233,0,89,5.758,4.782,57822985,40181
96.744,b-cubic,open,159,383.896,41.233,0,89,5.757,4.797,57856289,40204
96.794,b-cubic,open,159,383.522,41.233,0,89,5.763,4.812,57888145,40226
96.844,b-cubic,open,159,383.715,41.233,0,89,5.76,4.797,57911313,40242
96.894,b-cubic,open,159,384.19,41.233,0,89,5.753,4.797,57943169,40264
96.944,b-cubic,open,159,383.778,41.233,0,89,5.759,4.797,57972129,40284
96.994,b-cubic,open,159,383.959,41.233,0,89,5.756,4.797,58003985,40306
97.044,b-cubic,open,159,384.137,41.233,0,89,5.754,4.812,58031497,40325
97.094,b-cubic,open,159,383.592,41.233,0,89,5.762,4.804,58067697,40350
97.145,b-cubic,open,159,383.795,41.233,0,89,5.759,4.782,58098105,40371
97.195,b-cubic,open,159,383.641,41.233,0,89,5.761,4.797,58124169,40389
97.245,b-cubic,open,159,384.205,41.233,0,89,5.753,4.797,58151681,40408
97.295,b-cubic,open,159,383.748,41.233,0,89,5.76,4.802,58184985,40431
97.345,b-cubic,open,159,383.662,41.233,0,89,5.761,4.797,58211049,40449
97.395,b-cubic,open,159,384.109,41.233,0,89,5.754,4.812,58241457,40470
97.445,b-cubic,open,159,383.753,41.233,0,89,5.759,4.812,58270417,40490
97.495,b-cubic,open,159,383.882,41.233,0,89,5.758,4.797,58306617,40515
97.546,b-cubic,open,159,383.895,41.233,0,89,5.757,4.797,58339921,40538
97.596,b-cubic,open,159,383.485,41.233,0,89,5.764,4.812,58363089,40554
97.646,b-cubic,open,159,384.038,41.233,0,89,5.755,4.787,58393497,40575
97.696,b-cubic,open,159,383.886,41.233,0,89,5.757,4.797,58423905,40596
97.746,b-cubic,open,159,383.927,41.233,0,89,5.757,4.797,58451417,40615
97.796,b-cubic,open,159,384.371,41.233,0,89,5.75,4.797,58481825,40636
97.846,b-cubic,open,159,384.136,41.233,0,89,5.754,4.797,58516577,40660
97.897,b-cubic,open,159,383.725,41.233,0,89,5.76,4.797,58545537,40680
97.947,b-cubic,open,159,383.869,41.233,0,89,5.758,4.797,58578841,40703
97.997,b-cubic,open,159,383.818,41.233,0,89,5.759,4.797,58602009,40719
98.047,b-cubic,open,159,384.395,41.233,0,89,5.75,4.797,58632417,40740
98.097,b-cubic,open,159,383.849,41.233,0,89,5.758,4.797,58665721,40763
98.147,b-cubic,open,159,383.936,41.233,0,89,5.757,4.797,58694681,40783
98.197,b-cubic,open,159,384.038,41.233,0,89,5.755,4.797,58725089,40804
98.248,b-cubic,open,159,383.47,41.233,0,89,5.764,4.788,58756945,40826
98.298,b-cubic,open,160,383.428,41.233,0,89,5.801,4.797,58788801,40849
98.348,b-cubic,open,160,383.44,41.233,0,89,5.8,4.797,58814865,40867
98.398,b-cubic,open,160,383.656,41.233,0,89,5.797,4.797,58840929,40885
98.448,b-cubic,open,160,383.92,41.233,0,89,5.793,4.793,58878577,40911
98.498,b-cubic,open,160,383.752,41.233,0,89,5.796,4.797,58904641,40929
98.548,b-cubic,open,160,383.801,41.233,0,89,5.795,4.797,58933601,40949
98.599,b-cubic,open,160,384.032,41.233,0,89,5.792,4.797,58964009,40970
98.649,b-cubic,open,160,383.376,41.233,0,89,5.801,4.797,59000209,40995
98.699,b-cubic,open,161,383.567,41.233,0,89,5.835,4.816,59032065,41018
98.749,b-cubic,open,161,384.393,41.233,0,89,5.822,4.812,59055233,41034
98.799,b-cubic,open,161,385.264,41.233,0,89,5.809,4.812,59082745,41053
98.849,b-cubic,open,161,385.848,41.233,0,89,5.8,4.797,59116049,41076
98.899,b-cubic,open,161,386.017,41.233,0,89,5.798,4.797,59145009,41096
98.950,b-cubic,open,161,386.923,41.233,0,89,5.784,4.797,59173969,41116
99.000,b-cubic,open,161,385.773,41.233,0,89,5.801,4.812,59208721,41140
99.050,b-cubic,open,161,386.321,41.233,0,89,5.793,4.797,59237681,41160
99.100,b-cubic,open,162,386.906,41.233,0,89,5.82,4.812,59270985,41184
99.150,b-cubic,open,162,387.14,41.233,0,89,5.817,4.812,59297049,41202
99.200,b-cubic,open,162,387.83,41.233,0,89,5.806,4.797,59324561,41221
99.250,b-cubic,open,162,388.393,41.233,0,89,5.798,4.797,59354969,41242
99.300,b-cubic,open,163,388.424,41.233,0,89,5.833,4.812,59388273,41266
99.351,b-cubic,open,163,388.91,41.233,0,89,5.826,4.797,59415785,41285
99.401,b-cubic,open,163,388.596,41.233,0,89,5.831,4.797,59447641,41307
99.451,b-cubic,open,163,389.142,41.233,0,89,5.823,4.797,59479497,41329
99.501,b-cubic,open,164,389.916,41.233,0,89,5.847,4.812,59511353,41352
99.551,b-cubic,open,164,389.659,41.233,0,89,5.851,4.827,59537417,41370
99.601,b-cubic,open,164,390.588,41.233,0,89,5.837,4.797,59564929,41389
99.651,b-cubic,open,164,390.912,41.233,0,89,5.832,4.797,59595337,41410
99.701,b-cubic,open,165,392.038,41.233,0,89,5.851,4.826,59627193,41433
99.752,b-cubic,open,165,392.618,41.233,0,89,5.842,4.812,59657601,41454
99.802,b-cubic,open,166,392.907,41.233,0,89,5.873,4.797,59689457,41477
99.852,b-cubic,open,166,393.332,41.233,0,89,5.867,4.811,59719865,41498
99.902,b-cubic,open,166,394.141,41.233,0,89,5.855,4.811,59751721,41520
99.952,b-cubic,open,167,394.406,41.233,0,89,5.886,4.811,59777785,41539
100.002,b-cubic,open,167,395.248,41.233,0,89,5.873,4.797,59805297,41558
100.052,b-cubic,open,167,395.772,41.233,0,89,5.866,4.797,59838601,41581
100.103,b-cubic,open,168,397.427,41.233,0,89,5.876,4.811,59866113,41601
100.153,b-cubic,open,168,397.188,41.233,0,89,5.88,4.826,59896521,41622
100.203,b-cubic,open,169,397.493,41.233,0,89,5.91,4.826,59929825,41646
100.253,b-cubic,open,170,399.236,41.233,0,89,5.919,4.826,59963129,41670
100.303,b-cubic,open,170,399.473,41.233,0,89,5.916,4.811,59992089,41690
100.353,b-cubic,open,171,400.523,41.233,0,89,5.935,4.825,60019601,41710
100.403,b-cubic,open,171,401.716,41.233,0,89,5.917,4.811,60047113,41729
100.454,b-cubic,open,172,402.168,41.233,0,89,5.945,4.811,60077521,41751
100.504,b-cubic,open,172,403.924,41.233,0,89,5.919,4.825,60107929,41772
100.554,b-cubic,open,173,404.425,41.233,0,89,5.946,4.811,60138337,41794
100.604,b-cubic,open,174,405.863,41.233,0,89,5.959,4.81,60171641,41818
100.654,b-cubic,open,174,406.717,41.233,0,89,5.947,4.825,60203497,41840
100.704,b-cubic,open,175,407.967,41.233,0,89,5.963,4.81,60233905,41862
100.754,b-cubic,open,176,409.539,41.233,0,89,5.974,4.811,60259969,41881
100.805,b-cubic,open,176,410.618,41.233,0,89,5.958,4.824,60291825,41903
100.855,b-cubic,open,177,412.51,41.233,0,89,5.965,4.824,60320785,41924
100.905,b-cubic,open,178,413.113,41.233,0,89,5.989,4.838,60351193,41946
100.955,b-cubic,open,179,414.837,41.233,0,89,5.998,4.838,60381601,41968
101.005,b-cubic,open,179,416.192,41.233,0,89,5.979,4.81,60413457,41990
101.055,b-cubic,open,180,417.155,41.233,0,89,5.998,4.824,60440969,42010
101.106,b-cubic,open,181,418.988,41.233,0,89,6.005,4.823,60477169,42036
101.156,b-cubic,open,182,420.352,41.233,0,89,6.019,4.823,60503233,42055
101.206,b-cubic,open,183,422.037,41.233,0,89,6.028,4.823,60533641,42077
101.256,b-cubic,open,183,422.968,41.233,0,89,6.014,4.823,60559705,42095
101.306,b-cubic,open,184,425.159,41.233,0,89,6.016,4.823,60591561,42118
101.356,b-cubic,open,185,426.543,41.233,0,89,6.029,4.823,60620521,42139
101.406,b-cubic,open,186,429.177,41.233,0,89,6.024,4.836,60653825,42163
101.456,b-cubic,open,187,429.629,41.233,0,89,6.05,4.849,60687129,42187
101.507,b-cubic,open,188,431.834,41.233,0,89,6.052,4.809,60717537,42209
101.557,b-cubic,open,190,433.598,41.233,0,89,6.091,4.835,60750841,42234
101.607,b-cubic,open,190,436.177,41.233,0,89,6.055,4.822,60776905,42251
101.657,b-cubic,open,191,438.521,41.233,0,89,6.055,4.835,60801521,42270
101.707,b-cubic,open,192,439.314,41.233,0,89,6.075,4.821,60833377,42293
101.757,b-cubic,open,194,441.354,41.233,0,89,6.11,4.835,60863785,42316
101.807,b-cubic,open,195,442.972,41.233,0,89,6.119,4.848,60895641,42339
101.858,b-cubic,open,196,443.851,41.233,0,89,6.138,4.861,60926049,42361
101.908,b-cubic,recovery,191,443.061,41.233,2,91,6.4,4.85,60941977,42383
101.958,b-cubic,recovery,183,443.332,41.233,4,93,6.773,4.81,60941977,42397
102.008,b-cubic,recovery,176,443.505,41.233,5,94,7.146,4.81,60941977,42410
102.058,b-cubic,recovery,169,442.988,41.233,6,95,7.531,4.797,60941977,42423
102.108,b-cubic,recovery,162,443.228,41.233,7,96,7.935,4.797,60941977,42436
102.159,b-cubic,recovery,154,442.952,41.233,8,96,8.442,4.824,60941977,42452
102.209,b-cubic,recovery,147,442.955,41.233,9,98,8.85,4.811,60941977,42468
102.259,b-cubic,recovery,140,440.105,41.233,9,98,9.412,4.874,60941977,42484
102.309,b-cubic,recovery,137,433.361,41.233,9,98,10.361,4.868,60941977,42509
102.359,b-cubic,recovery,137,418.321,41.233,6,98,10.301,4.691,60991209,42530
102.409,b-cubic,recovery,137,398.718,41.233,3,98,9.553,4.471,61072297,42550
102.459,b-cubic,recovery,137,377.359,41.233,3,98,10.793,4.252,61072297,42569
102.509,b-cubic,recovery,137,353.854,41.233,1,98,10.45,4.009,61143249,42591
102.559,b-cubic,open,137,343.266,41.233,0,98,5.548,3.781,61356105,42608
102.610,b-cubic,open,137,333.247,41.233,0,98,5.715,3.641,61390857,42632
102.660,b-cubic,open,138,329.501,41.233,0,98,5.822,3.753,61425609,42657
102.710,b-cubic,open,139,328.664,41.233,0,98,5.879,3.947,61457465,42680
102.760,b-cubic,open,140,328.723,41.233,0,98,5.92,4.133,61480633,42697
102.810,b-cubic,open,141,328.409,41.233,0,98,5.968,4.412,61512489,42720
102.860,b-cubic,open,142,329.172,41.233,0,98,5.997,4.63,61538553,42739
102.910,b-cubic,open,143,327.348,41.233,0,98,6.072,4.779,61566065,42759
102.960,b-cubic,open,144,326.66,41.233,0,98,6.128,4.827,61605161,42787
103.011,b-cubic,open,146,327.271,41.233,0,98,6.201,4.852,61638465,42812
103.061,b-cubic,open,147,330.248,41.233,0,98,6.188,4.869,61667425,42833
103.111,b-cubic,open,148,333.324,41.233,0,98,6.172,4.834,61694937,42853
103.161,b-cubic,open,149,335.742,41.233,0,98,6.169,4.851,61725345,42875
103.211,b-cubic,open,150,338.014,41.233,0,98,6.169,4.833,61752857,42895
103.261,b-cubic,open,152,340.838,41.233,0,98,6.199,4.833,61781817,42917
103.311,b-cubic,open,153,342.907,41.233,0,98,6.202,4.849,61816569,42942
103.361,b-cubic,open,154,345.142,41.233,0,98,6.202,4.882,61849873,42966
103.412,b-cubic,open,155,348.682,41.233,0,98,6.179,4.848,61880281,42988
103.462,b-cubic,open,156,351.433,41.233,0,98,6.171,4.864,61909241,43009
103.512,b-cubic,open,157,353.626,41.233,0,98,6.172,4.847,61938201,43030
103.562,b-cubic,open,159,357.338,41.233,0,98,6.185,4.847,61967161,43052
103.612,b-cubic,open,160,360.157,41.233,0,98,6.175,4.846,61991777,43070
103.662,b-cubic,open,161,362.476,41.233,0,98,6.174,4.846,62029425,43097
103.712,b-cubic,open,162,364.794,41.233,0,98,6.173,4.861,62064177,43122
103.762,b-cubic,open,163,368.003,41.233,0,98,6.157,4.86,62097481,43146
103.812,b-cubic,open,164,370.471,41.233,0,98,6.154,4.86,62122097,43164
103.863,b-cubic,open,165,373.219,41.233,0,98,6.146,4.859,62148161,43183
103.913,b-cubic,open,166,375.212,41.233,0,98,6.15,4.859,62181465,43207
103.963,b-cubic,open,167,377.25,41.233,0,98,6.154,4.858,62206081,43225
104.013,b-cubic,open,168,380.844,41.233,0,98,6.132,4.828,62237937,43248
104.063,b-cubic,open,169,383.432,41.233,0,98,6.127,4.842,62274137,43274
104.113,b-cubic,open,170,386.376,41.233,0,98,6.116,4.841,62308889,43299
104.164,b-cubic,open,171,388.166,41.233,0,98,6.124,4.857,62339297,43321
104.214,b-cubic,open,172,391.17,41.233,0,98,6.112,4.871,62362465,43338
104.264,b-cubic,open,173,393.625,41.233,0,98,6.109,4.856,62392873,43360
104.314,b-cubic,open,174,395.706,41.233,0,98,6.112,4.855,62421833,43381
104.364,b-cubic,open,174,397.687,41.233,0,98,6.082,4.855,62450793,43401
104.414,b-cubic,open,175,399.511,41.233,0,98,6.089,4.854,62481201,43423
104.464,b-cubic,open,176,401.757,41.233,0,98,6.09,4.854,62518849,43450
104.514,b-cubic,open,177,404.093,41.233,0,98,6.089,4.854,62550705,43473
104.564,b-cubic,open,178,406.975,41.233,0,98,6.08,4.853,62584009,43497
104.614,b-cubic,open,178,409.094,41.233,0,98,6.048,4.867,62607177,43513
104.665,b-cubic,open,179,410.757,41.233,0,98,6.058,4.838,62634689,43533
104.715,b-cubic,open,180,412.712,41.233,0,98,6.063,4.852,62669441,43558
104.765,b-cubic,open,181,415.184,41.233,0,98,6.06,4.852,62696953,43578
104.815,b-cubic,open,181,417.128,41.233,0,98,6.032,4.865,62723017,43596
104.865,b-cubic,open,182,418.239,41.233,0,98,6.049,4.851,62759217,43622
104.915,b-cubic,open,183,419.819,41.233,0,98,6.059,4.837,62793969,43647
104.965,b-cubic,open,183,422.208,41.233,0,98,6.025,4.851,62827273,43670
105.015,b-cubic,open,184,423.453,41.233,0,98,6.04,4.85,62853337,43689
105.066,b-cubic,open,184,426.261,41.233,0,98,6.0,4.864,62879401,43707
105.116,b-cubic,open,185,427.219,41.233,0,98,6.019,4.864,62911257,43730
105.166,b-cubic,open,185,429.224,41.233,0,98,5.991,4.863,62940217,43750
105.216,b-cubic,open,186,429.844,41.233,0,98,6.015,4.876,62967729,43770
105.266,b-cubic,open,186,431.673,41.233,0,98,5.99,4.849,62996689,43790
105.316,b-cubic,open,187,432.732,41.233,0,98,6.007,4.862,63037233,43819
105.366,b-cubic,open,188,434.517,41.233,0,98,6.014,4.862,63067641,43840
105.417,b-cubic,open,188,436.014,41.233,0,98,5.994,4.861,63099497,43863
105.467,b-cubic,open,188,437.436,41.233,0,98,5.974,4.861,63125561,43881
105.517,b-cubic,open,189,439.668,41.233,0,98,5.976,4.861,63153073,43901
105.567,b-cubic,open,189,440.014,41.233,0,98,5.971,4.874,63184929,43923
105.617,b-cubic,open,190,441.333,41.233,0,98,5.984,4.861,63210993,43942
105.667,b-cubic,open,190,442.048,41.233,0,98,5.975,4.874,63239953,43962
105.717,b-cubic,open,191,443.31,41.233,0,98,5.989,4.861,63271809,43985
105.768,b-cubic,recovery,184,442.306,41.233,1,99,6.506,4.863,63274705,44005
105.818,b-cubic,recovery,176,443.235,41.233,1,99,7.056,4.875,63274705,44022
105.868,b-cubic,recovery,169,443.528,41.233,2,100,7.459,4.85,63274705,44037
105.918,b-cubic,recovery,164,443.699,41.233,2,100,7.801,4.85,63274705,44047
105.968,b-cubic,recovery,158,443.406,41.233,3,101,8.182,4.85,63274705,44061
106.019,b-cubic,recovery,150,442.772,41.233,3,101,8.728,4.863,63274705,44077
106.069,b-cubic,recovery,143,442.958,41.233,4,102,9.101,4.837,63274705,44090
106.119,b-cubic,recovery,138,443.654,41.233,4,102,9.462,4.85,63274705,44102
106.169,b-cubic,recovery,133,439.988,41.233,3,102,8.625,4.886,63348553,44125
106.219,b-cubic,recovery,133,422.99,41.233,3,102,9.793,4.589,63348553,44150
106.269,b-cubic,recovery,133,403.864,41.233,2,102,9.534,4.361,63407921,44170
106.319,b-cubic,recovery,133,382.348,41.233,1,102,8.98,4.146,63477425,44188
106.369,b-cubic,recovery,133,359.409,41.233,1,102,10.404,3.933,63477425,44210
106.420,b-cubic,open,133,342.714,41.233,0,102,5.395,3.676,63704761,44230
106.470,b-cubic,open,133,327.882,41.233,0,102,5.639,3.487,63730825,44248
106.520,b-cubic,open,134,319.946,41.233,0,102,5.822,3.622,63768473,44275
106.570,b-cubic,open,135,317.673,41.233,0,102,5.907,3.831,63803225,44300
106.620,b-cubic,open,135,318.385,41.233,0,102,5.894,4.038,63826393,44316
106.670,b-cubic,open,136,318.029,41.233,0,102,5.944,4.283,63858249,44339
106.720,b-cubic,open,136,317.164,41.233,0,102,5.961,4.606,63888657,44360
106.771,b-cubic,open,137,315.222,41.233,0,102,6.041,4.833,63914721,44379
106.821,b-cubic,open,138,314.872,41.233,0,102,6.092,4.828,63950921,44405
106.871,b-cubic,open,139,315.397,41.233,0,102,6.126,4.891,63985673,44430
106.921,b-cubic,open,139,318.236,41.233,0,102,6.072,4.872,64013185,44449
106.971,b-cubic,open,140,319.689,41.233,0,102,6.087,4.872,64039249,44468
107.021,b-cubic,open,141,321.536,41.233,0,102,6.096,4.89,64069657,44490
107.071,b-cubic,open,142,324.497,41.233,0,102,6.083,4.871,64101513,44513
107.122,b-cubic,open,142,325.455,41.233,0,102,6.065,4.871,64130473,44533
107.172,b-cubic,open,143,327.464,41.233,0,102,6.07,4.87,64165225,44558
107.222,b-cubic,open,144,329.681,41.233,0,102,6.072,4.87,64199977,44583
107.272,b-cubic,open,145,330.964,41.233,0,102,6.09,4.887,64226041,44602
107.322,b-cubic,open,145,332.559,41.233,0,102,6.061,4.869,64255001,44622
107.372,b-cubic,open,146,334.279,41.233,0,102,6.071,4.868,64282513,44642
107.422,b-cubic,open,147,335.943,41.233,0,102,6.083,4.867,64312921,44664
107.473,b-cubic,open,147,337.519,41.233,0,102,6.054,4.868,64346225,44687
107.523,b-cubic,open,148,339.623,41.233,0,102,6.058,4.868,64380977,44712
107.573,b-cubic,open,148,341.808,41.233,0,102,6.019,4.867,64414281,44735
107.623,b-cubic,open,149,342.602,41.233,0,102,6.046,4.849,64437449,44752
107.673,b-cubic,open,149,344.442,41.233,0,102,6.013,4.866,64467857,44773
107.723,b-cubic,open,150,346.237,41.233,0,102,6.022,4.865,64496817,44794
107.773,b-cubic,open,151,348.09,41.233,0,102,6.03,4.866,64524329,44814
107.824,b-cubic,open,151,349.174,41.233,0,102,6.011,4.881,64561977,44840
107.874,b-cubic,open,152,350.283,41.233,0,102,6.032,4.881,64595281,44864
107.924,b-cubic,open,152,352.156,41.233,0,102,6.0,4.864,64628585,44887
107.974,b-cubic,open,153,353.067,41.233,0,102,6.024,4.88,64653201,44905
108.024,b-cubic,open,153,354.103,41.233,0,102,6.006,4.863,64683609,44926
108.074,b-cubic,open,154,355.298,41.233,0,102,6.025,4.88,64711121,44946
108.124,b-cubic,open,154,356.978,41.233,0,102,5.997,4.879,64740081,44966
108.174,b-cubic,open,154,358.565,41.233,0,102,5.97,4.863,64770489,44987
108.225,b-cubic,open,155,359.632,41.233,0,102,5.991,4.846,64806689,45013
108.275,b-cubic,open,155,360.829,41.233,0,102,5.971,4.862,64838545,45035
108.325,b-cubic,open,156,362.759,41.233,0,102,5.978,4.862,64867505,45056
108.375,b-cubic,open,156,363.173,41.233,0,102,5.971,4.878,64892121,45073
108.425,b-cubic,open,156,365.097,41.233,0,102,5.94,4.862,64925425,45096
108.475,b-cubic,open,157,365.562,41.233,0,102,5.97,4.894,64952937,45116
108.525,b-cubic,open,157,366.393,41.233,0,102,5.957,4.893,64984793,45138
108.575,b-cubic,open,158,367.65,41.233,0,102,5.974,4.861,65016649,45160
108.626,b-cubic,open,158,367.834,41.233,0,102,5.971,4.876,65054297,45187
108.676,b-cubic,open,158,369.434,41.233,0,102,5.945,4.86,65081809,45206
108.726,b-cubic,open,158,370.277,41.233,0,102,5.932,4.876,65109321,45225
108.776,b-cubic,open,159,371.41,41.233,0,102,5.951,4.86,65139729,45247
108.826,b-cubic,open,159,372.355,41.233,0,102,5.936,4.875,65170137,45268
108.876,b-cubic,open,159,373.277,41.233,0,102,5.921,4.891,65196201,45286
108.926,b-cubic,open,159,374.034,41.233,0,102,5.909,4.859,65229505,45309
108.976,b-cubic,open,160,374.125,41.233,0,102,5.945,4.829,65264257,45334
109.026,b-cubic,open,160,375.386,41.233,0,102,5.925,4.875,65297561,45357
109.077,b-cubic,open,160,375.688,41.233,0,102,5.92,4.874,65325073,45376
109.127,b-cubic,open,160,376.124,41.233,0,102,5.913,4.875,65352585,45395
109.177,b-cubic,open,160,377.073,41.233,0,102,5.898,4.89,65382993,45416
109.227,b-cubic,open,161,377.979,41.233,0,102,5.921,4.874,65413401,45438
109.277,b-cubic,open,161,377.916,41.233,0,102,5.922,4.858,65439465,45456
109.327,b-cubic,open,161,378.616,41.233,0,102,5.911,4.874,65474217,45480
109.377,b-cubic,open,161,379.234,41.233,0,102,5.901,4.873,65511865,45506
109.427,b-cubic,open,161,379.988,41.233,0,102,5.89,4.889,65540825,45526
109.477,b-cubic,open,161,380.296,41.233,0,102,5.885,4.889,65566889,45544
109.527,b-cubic,open,161,380.941,41.233,0,102,5.875,4.858,65597297,45565
109.577,b-cubic,open,162,381.949,41.233,0,102,5.896,4.873,65629153,45588
109.628,b-cubic,open,162,382.722,41.233,0,102,5.884,4.873,65655217,45606
109.678,b-cubic,open,162,382.695,41.233,0,102,5.884,4.873,65684177,45626
109.728,b-cubic,open,162,382.818,41.233,0,102,5.882,4.874,65720377,45651
109.778,b-cubic,open,162,382.601,41.233,0,102,5.886,4.888,65753681,45674
109.828,b-cubic,open,162,382.984,41.233,0,102,5.88,4.873,65784089,45695
109.878,b-cubic,open,162,382.635,41.233,0,102,5.885,4.889,65808705,45712
109.928,b-cubic,open,162,383.409,41.233,0,102,5.873,4.873,65840561,45734
109.978,b-cubic,open,162,384.213,41.233,0,102,5.861,4.888,65873865,45757
110.029,b-cubic,open,162,385.178,41.233,0,102,5.846,4.872,65899929,45775
110.079,b-cubic,open,162,385.208,41.233,0,102,5.846,4.872,65930337,45796
110.129,b-cubic,open,162,384.904,41.233,0,102,5.851,4.872,65966537,45821
110.179,b-cubic,open,162,384.982,41.233,0,102,5.849,4.857,65999841,45844
110.229,b-cubic,open,162,385.331,41.233,0,102,5.844,4.872,66027353,45863
110.279,b-cubic,open,162,384.987,41.233,0,102,5.849,4.872,66051969,45880
110.329,b-cubic,open,162,385.464,41.233,0,102,5.842,4.872,66080929,45900
110.379,b-cubic,open,162,385.893,41.233,0,102,5.836,4.872,66114233,45923
110.429,b-cubic,open,162,385.163,41.233,0,102,5.847,4.872,66143193,45943
110.480,b-cubic,open,162,384.74,41.233,0,102,5.853,4.865,66173601,45964
110.530,b-cubic,open,162,385.175,41.233,0,102,5.846,4.873,66214145,45992
110.580,b-cubic,open,162,385.712,41.233,0,102,5.838,4.872,66243105,46012
110.630,b-cubic,open,162,385.28,41.233,0,102,5.845,4.887,66270617,46031
110.680,b-cubic,open,162,384.91,41.233,0,102,5.851,4.872,66298129,46050
110.730,b-cubic,open,162,385.29,41.233,0,102,5.845,4.872,66329985,46072
110.780,b-cubic,open,162,385.648,41.233,0,102,5.839,4.872,66357497,46091
110.830,b-cubic,open,162,385.029,41.233,0,102,5.849,4.872,66387905,46112
110.881,b-cubic,open,162,384.96,41.233,0,102,5.85,4.872,66422657,46136
110.931,b-cubic,open,162,385.03,41.233,0,102,5.849,4.872,66457409,46160
110.981,b-cubic,open,162,385.429,41.233,0,102,5.843,4.873,66486369,46180
111.031,b-cubic,open,162,385.745,41.233,0,102,5.838,4.872,66512433,46198
111.081,b-cubic,open,162,384.823,41.233,0,102,5.852,4.888,66541393,46218
111.131,b-cubic,open,162,385.493,41.233,0,102,5.842,4.872,66574697,46241
111.181,b-cubic,open,162,385.501,41.233,0,102,5.842,4.872,66602209,46260
111.231,b-cubic,open,162,385.253,41.233,0,102,5.845,4.872,66634065,46282
111.281,b-cubic,open,162,384.882,41.233,0,102,5.851,4.872,66667369,46305
111.332,b-cubic,open,162,385.169,41.233,0,102,5.847,4.872,66703569,46330
111.382,b-cubic,open,162,385.648,41.233,0,102,5.839,4.857,66729633,46348
111.432,b-cubic,open,162,385.245,41.233,0,102,5.845,4.872,66755697,46366
111.482,b-cubic,open,162,385.178,41.233,0,102,5.846,4.872,66783209,46385
111.532,b-cubic,open,162,386.053,41.233,0,102,5.833,4.872,66816513,46408
111.582,b-cubic,open,162,385.504,41.233,0,102,5.842,4.887,66842577,46426
111.632,b-cubic,open,162,385.246,41.233,0,102,5.845,4.872,66877329,46450
111.683,b-cubic,open,162,384.954,41.233,0,102,5.85,4.872,66913529,46475
111.733,b-cubic,open,162,385.072,41.233,0,102,5.848,4.887,66943937,46496
111.783,b-cubic,open,162,385.468,41.233,0,102,5.842,4.872,66971449,46515
111.833,b-cubic,open,162,384.948,41.233,0,102,5.85,4.888,67001857,46536
111.883,b-cubic,open,163,385.499,41.233,0,102,5.878,4.872,67030817,46557
111.933,b-cubic,open,163,385.93,41.233,0,102,5.871,4.872,67061225,46578
111.983,b-cubic,open,163,385.729,41.233,0,102,5.874,4.872,67090185,46598
112.033,b-cubic,open,163,385.09,41.233,0,102,5.884,4.872,67123489,46621
112.084,b-cubic,open,163,385.453,41.233,0,102,5.878,4.842,67159689,46646
112.134,b-cubic,open,163,385.531,41.233,0,102,5.877,4.872,67188649,46666
112.184,b-cubic,open,163,385.487,41.233,0,102,5.878,4.872,67214713,46684
112.234,b-cubic,open,163,385.174,41.233,0,102,5.883,4.872,67245121,46705
112.284,b-cubic,open,164,386.93,41.233,0,102,5.892,4.871,67276977,46728
112.334,b-cubic,open,164,387.938,41.233,0,102,5.877,4.872,67303041,46746
112.384,b-cubic,open,164,387.32,41.233,0,102,5.886,4.871,67334897,46768
112.434,b-cubic,open,164,387.384,41.233,0,102,5.885,4.871,67368201,46791
112.484,b-cubic,open,164,387.687,41.233,0,102,5.88,4.872,67405849,46817
112.535,b-cubic,open,164,388.228,41.233,0,102,5.872,4.871,67431913,46835
112.585,b-cubic,open,164,387.638,41.233,0,102,5.881,4.872,67459425,46854
112.635,b-cubic,open,164,387.274,41.233,0,102,5.887,4.887,67486937,46873
112.685,b-cubic,open,165,388.831,41.233,0,102,5.899,4.871,67517345,46895
112.735,b-cubic,open,165,390.215,41.233,0,102,5.878,4.871,67546305,46915
112.785,b-cubic,open,165,389.869,41.233,0,102,5.883,4.886,67579609,46938
112.835,b-cubic,open,165,389.906,41.233,0,102,5.883,4.871,67614361,46962
112.886,b-cubic,open,166,390.165,41.233,0,102,5.914,4.871,67649113,46987
112.936,b-cubic,open,166,390.239,41.233,0,102,5.913,4.887,67675177,47005
112.986,b-cubic,open,166,390.019,41.233,0,102,5.916,4.871,67704137,47025
113.036,b-cubic,open,166,389.908,41.233,0,102,5.918,4.856,67730201,47043
113.086,b-cubic,open,167,391.961,41.233,0,102,5.923,4.87,67759161,47064
113.136,b-cubic,open,167,392.607,41.233,0,102,5.913,4.886,67791017,47086
113.186,b-cubic,open,167,392.399,41.233,0,102,5.916,4.886,67824321,47109
113.236,b-cubic,open,167,393.56,41.233,0,102,5.899,4.855,67860521,47134
113.286,b-cubic,open,168,393.761,41.233,0,102,5.931,4.87,67892377,47157
113.337,b-cubic,open,168,394.785,41.233,0,102,5.915,4.885,67918441,47175
113.387,b-cubic,open,169,394.834,41.233,0,102,5.95,4.885,67950297,47198
113.437,b-cubic,open,169,394.203,41.233,0,102,5.959,4.885,67973465,47214
113.487,b-cubic,open,169,396.021,41.233,0,102,5.932,4.885,68003873,47235
113.537,b-cubic,open,170,397.66,41.233,0,102,5.943,4.87,68032833,47256
113.587,b-cubic,open,170,397.265,41.233,0,102,5.948,4.855,68066137,47279
113.637,b-cubic,open,171,398.189,41.233,0,102,5.97,4.855,68105233,47307
113.687,b-cubic,open,171,399.121,41.233,0,102,5.956,4.869,68135641,47328
113.738,b-cubic,open,171,400.529,41.233,0,102,5.935,4.855,68161705,47346
113.788,b-cubic,open,172,401.049,41.233,0,102,5.962,4.854,68193561,47369
113.838,b-cubic,open,172,401.417,41.233,0,102,5.956,4.868,68218177,47386
113.888,b-cubic,open,173,402.957,41.233,0,102,5.968,4.854,68248585,47408
113.938,b-cubic,open,173,403.73,41.233,0,102,5.957,4.854,68277545,47428
113.988,b-cubic,open,174,404.317,41.233,0,102,5.982,4.868,68310849,47452
114.038,b-cubic,open,175,405.421,41.233,0,102,6.0,4.853,68344153,47476
114.088,b-cubic,open,175,406.523,41.233,0,102,5.984,4.867,68380353,47501
114.138,b-cubic,open,176,407.561,41.233,0,102,6.003,4.853,68403521,47518
114.189,b-cubic,open,176,409.311,41.233,0,102,5.977,4.867,68435377,47540
114.239,b-cubic,open,177,409.949,41.233,0,102,6.002,4.867,68464337,47561
114.289,b-cubic,open,178,410.626,41.233,0,102,6.026,4.881,68491849,47581
114.339,b-cubic,open,178,413.704,41.233,0,102,5.981,4.852,68520809,47601
114.389,b-cubic,open,179,413.82,41.233,0,102,6.013,4.824,68554113,47625
114.439,b-cubic,open,180,414.648,41.233,0,102,6.034,4.852,68587417,47649
114.489,b-cubic,open,181,416.343,41.233,0,102,6.043,4.852,68623617,47675
114.540,b-cubic,open,181,417.917,41.233,0,102,6.02,4.865,68649681,47693
114.590,b-cubic,open,182,420.31,41.233,0,102,6.019,4.851,68677193,47713
114.640,b-cubic,open,183,421.498,41.233,0,102,6.035,4.864,68709049,47736
114.690,b-cubic,open,184,421.858,41.233,0,102,6.063,4.85,68735113,47755
114.740,b-cubic,open,184,424.03,41.233,0,102,6.032,4.864,68765521,47776
114.790,b-cubic,open,185,426.214,41.233,0,102,6.034,4.85,68797377,47799
114.840,b-cubic,open,186,426.992,41.233,0,102,6.055,4.877,68829233,47822
114.890,b-cubic,open,187,429.1,41.233,0,102,6.058,4.849,68863985,47847
114.941,b-cubic,open,188,430.788,41.233,0,102,6.066,4.849,68895841,47870
114.991,b-cubic,open,189,433.167,41.233,0,102,6.065,4.862,68921905,47889
115.041,b-cubic,open,190,434.517,41.233,0,102,6.078,4.862,68953761,47912
115.091,b-cubic,open,191,436.518,41.233,0,102,6.082,4.862,68982721,47933
115.141,b-cubic,open,192,437.941,41.233,0,102,6.094,4.848,69007337,47951
115.191,b-cubic,open,193,440.087,41.233,0,102,6.096,4.861,69037745,47973
115.241,b-cubic,open,194,442.272,41.233,0,102,6.097,4.834,69068153,47995
115.291,b-cubic,recovery,186,442.66,41.233,1,103,6.532,4.837,69071049,48013
115.342,b-cubic,recovery,178,443.323,41.233,2,104,6.992,4.823,69071049,48029
115.392,b-cubic,recovery,170,443.531,41.233,4,106,7.365,4.785,69071049,48043
115.442,b-cubic,recovery,164,443.178,41.233,4,106,7.81,4.811,69071049,48056
115.492,b-cubic,recovery,157,443.315,41.233,5,107,8.215,4.837,69071049,48071
115.542,b-cubic,recovery,150,442.749,41.233,5,107,8.697,4.863,69071049,48085
115.592,b-cubic,recovery,143,442.748,41.233,6,108,9.105,4.863,69071049,48099
115.642,b-cubic,recovery,138,443.081,41.233,6,108,9.506,4.889,69071049,48113
115.692,b-cubic,recovery,135,443.167,41.233,6,109,9.347,4.87,69108697,48135
115.743,b-cubic,recovery,135,434.481,41.233,5,109,9.342,4.641,69144897,48154
115.793,b-cubic,recovery,135,417.052,41.233,3,109,9.133,4.38,69202817,48176
115.843,b-cubic,recovery,135,395.709,41.233,2,109,8.501,4.183,69276665,48195
115.893,b-cubic,recovery,135,372.904,41.233,2,109,9.841,3.932,69276665,48217
115.943,b-cubic,recovery,135,351.614,41.233,1,109,9.607,3.702,69334585,48236
115.993,b-cubic,open,135,329.319,41.233,0,109,5.698,3.515,69524273,48258
116.043,b-cubic,open,135,326.76,41.233,0,109,5.743,3.595,69556129,48280
116.093,b-cubic,open,136,326.495,41.233,0,109,5.79,3.71,69585089,48301
116.144,b-cubic,open,137,326.414,41.233,0,109,5.834,3.913,69614049,48322
116.194,b-cubic,open,138,326.774,41.233,0,109,5.87,4.151,69645905,48345
116.244,b-cubic,open,139,326.42,41.233,0,109,5.919,4.422,69674865,48366
116.294,b-cubic,open,140,326.393,41.233,0,109,5.962,4.695,69703825,48387
116.344,b-cubic,open,141,324.677,41.233,0,109,6.037,4.823,69737129,48411
116.394,b-cubic,open,142,324.475,41.233,0,109,6.083,4.818,69766089,48432
116.444,b-cubic,open,143,325.89,41.233,0,109,6.1,4.8,69796497,48454
116.494,b-cubic,open,144,327.606,41.233,0,109,6.11,4.817,69824009,48474
116.544,b-cubic,open,146,329.861,41.233,0,109,6.153,4.817,69857313,48499
116.595,b-cubic,open,147,331.314,41.233,0,109,6.168,4.834,69884825,48519
116.645,b-cubic,open,148,333.802,41.233,0,109,6.163,4.834,69915233,48541
116.695,b-cubic,open,149,337.129,41.233,0,109,6.144,4.816,69949985,48566
116.745,b-cubic,open,150,340.08,41.233,0,109,6.131,4.816,69978945,48587
116.795,b-cubic,open,152,342.417,41.233,0,109,6.171,4.816,70009353,48609
116.845,b-cubic,open,153,345.519,41.233,0,109,6.155,4.815,70038313,48631
116.895,b-cubic,open,154,348.27,41.233,0,109,6.147,4.815,70070169,48654
116.946,b-cubic,open,155,351.033,41.233,0,109,6.138,4.831,70097681,48674
116.996,b-cubic,open,156,353.665,41.233,0,109,6.132,4.831,70126641,48695
117.046,b-cubic,open,157,356.301,41.233,0,109,6.125,4.83,70159945,48719
117.096,b-cubic,open,158,358.565,41.233,0,109,6.125,4.83,70188905,48740
117.146,b-cubic,open,159,360.91,41.233,0,109,6.124,4.846,70222209,48764
117.196,b-cubic,open,160,364.832,41.233,0,109,6.096,4.814,70249721,48784
117.246,b-cubic,open,161,367.011,41.233,0,109,6.098,4.814,70280129,48806
117.296,b-cubic,open,162,369.279,41.233,0,109,6.098,4.813,70309089,48827
117.346,b-cubic,open,163,372.284,41.233,0,109,6.086,4.813,70336601,48847
117.397,b-cubic,open,165,374.42,41.233,0,109,6.126,4.828,70369905,48872
117.447,b-cubic,open,166,377.273,41.233,0,109,6.116,4.813,70401761,48895
117.497,b-cubic,open,167,379.071,41.233,0,109,6.124,4.828,70432169,48917
117.547,b-cubic,open,167,381.891,41.233,0,109,6.079,4.827,70462577,48938
117.597,b-cubic,open,168,384.718,41.233,0,109,6.07,4.827,70491537,48959
117.647,b-cubic,open,169,387.078,41.233,0,109,6.069,4.827,70520497,48980
117.697,b-cubic,open,170,389.538,41.233,0,109,6.066,4.826,70552353,49003
117.747,b-cubic,open,171,392.008,41.233,0,109,6.064,4.826,70579865,49023
117.798,b-cubic,open,172,394.029,41.233,0,109,6.068,4.826,70611721,49046
117.848,b-cubic,open,173,397.008,41.233,0,109,6.057,4.811,70645025,49070
117.898,b-cubic,open,173,398.447,41.233,0,109,6.036,4.811,70672537,49089
117.948,b-cubic,open,174,400.174,41.233,0,109,6.044,4.796,70702945,49111
117.998,b-cubic,open,175,403.374,41.233,0,109,6.031,4.811,70730457,49131
118.048,b-cubic,open,176,405.312,41.233,0,109,6.036,4.825,70763761,49155
118.098,b-cubic,open,176,407.292,41.233,0,109,6.007,4.824,70792721,49175
118.148,b-cubic,open,177,409.559,41.233,0,109,6.008,4.824,70820233,49195
118.199,b-cubic,open,178,411.647,41.233,0,109,6.011,4.81,70852089,49218
118.249,b-cubic,open,178,412.955,41.233,0,109,5.992,4.81,70883945,49240
118.299,b-cubic,open,179,414.845,41.233,0,109,5.998,4.838,70914353,49262
118.349,b-cubic,open,180,417.091,41.233,0,109,5.999,4.838,70946209,49285
118.399,b-cubic,open,180,417.661,41.233,0,109,5.991,4.81,70972273,49303
118.450,b-cubic,open,181,420.19,41.233,0,109,5.988,4.824,71004129,49326
118.500,b-cubic,open,181,422.542,41.233,0,109,5.955,4.823,71033089,49346
118.550,b-cubic,open,182,424.254,41.233,0,109,5.963,4.823,71060601,49366
118.600,b-cubic,open,183,425.681,41.233,0,109,5.976,4.809,71093905,49390
118.650,b-cubic,open,183,426.601,41.233,0,109,5.963,4.795,71127209,49413
118.700,b-cubic,open,184,429.49,41.233,0,109,5.955,4.823,71157617,49435
118.750,b-cubic,open,184,429.506,41.233,0,109,5.955,4.822,71185129,49454
118.801,b-cubic,open,185,430.65,41.233,0,109,5.972,4.836,71218433,49478
118.851,b-cubic,open,185,431.814,41.233,0,109,5.955,4.822,71243049,49495
118.901,b-cubic,open,186,434.028,41.233,0,109,5.957,4.822,71274905,49518
118.951,b-cubic,open,186,436.273,41.233,0,109,5.926,4.822,71305313,49539
119.001,b-cubic,open,186,437.196,41.233,0,109,5.914,4.822,71334273,49559
119.051,b-cubic,open,187,438.943,41.233,0,109,5.922,4.822,71361785,49579
119.101,b-cubic,open,187,439.727,41.233,0,109,5.911,4.808,71397985,49604
119.151,b-cubic,open,188,441.578,41.233,0,109,5.918,4.821,71426945,49625
119.202,b-cubic,open,188,441.792,41.233,0,109,5.915,4.821,71457353,49646
119.252,b-cubic,recovery,184,443.155,41.233,1,110,6.054,4.798,71473281,49664
119.302,b-cubic,recovery,178,443.564,41.233,1,110,6.487,4.797,71473281,49677
119.352,b-cubic,recovery,170,443.181,41.233,3,112,6.869,4.758,71473281,49691
119.402,b-cubic,recovery,164,443.193,41.233,3,112,7.339,4.784,71473281,49707
119.453,b-cubic,recovery,158,442.936,41.233,3,112,7.752,4.771,71473281,49720
119.503,b-cubic,recovery,150,443.086,41.233,4,113,8.188,4.771,71473281,49734
119.553,b-cubic,recovery,144,443.326,41.233,4,113,8.654,4.771,71473281,49750
119.603,b-cubic,recovery,136,443.225,41.233,5,114,9.095,4.758,71473281,49764
119.653,b-cubic,recovery,131,443.26,41.233,5,114,9.596,4.785,71473281,49781
119.703,b-cubic,recovery,131,440.004,41.233,4,114,9.035,4.687,71528305,49799
119.753,b-cubic,recovery,131,433.51,41.233,4,114,9.652,4.492,71528305,49814
119.803,b-cubic,recovery,131,425.027,41.233,2,114,8.602,4.302,71607945,49831
119.854,b-cubic,recovery,131,417.467,41.233,2,114,9.323,4.105,71607945,49848
119.904,b-cubic,recovery,131,398.263,41.233,1,114,8.796,3.869,71678897,49869
119.954,b-cubic,open,131,380.563,41.233,0,114,4.785,3.644,71887409,49891
120.004,b-cubic,open,131,363.17,41.233,0,114,5.014,3.425,71919265,49913
120.054,b-cubic,open,132,351.135,41.233,0,114,5.226,3.488,71948225,49934
120.104,b-cubic,open,132,337.898,41.233,0,114,5.43,3.568,71977185,49954
120.154,b-cubic,open,133,326.531,41.233,0,114,5.662,3.632,72006145,49975
120.204,b-cubic,open,134,319.847,41.233,0,114,5.824,3.808,72035105,49996
120.255,b-cubic,open,134,317.772,41.233,0,114,5.862,4.016,72066961,50018
120.305,b-cubic,open,135,315.812,41.233,0,114,5.942,4.318,72097369,50040
120.355,b-cubic,open,136,314.317,41.233,0,114,6.015,4.38,72129225,50063
120.405,b-cubic,open,136,315.873,41.233,0,114,5.985,4.624,72159633,50084
120.455,b-cubic,open,137,318.894,41.233,0,114,5.972,4.818,72190041,50106
120.505,b-cubic,open,138,320.124,41.233,0,114,5.992,4.782,72216105,50125
120.556,b-cubic,open,139,322.248,41.233,0,114,5.996,4.8,72249409,50149
120.606,b-cubic,open,139,323.447,41.233,0,114,5.974,4.782,72276921,50168
120.656,b-cubic,open,140,325.282,41.233,0,114,5.983,4.799,72310225,50192
120.706,b-cubic,open,141,327.309,41.233,0,114,5.988,4.8,72339185,50213
120.756,b-cubic,open,141,328.277,41.233,0,114,5.971,4.782,72368145,50233
120.807,b-cubic,open,142,330.306,41.233,0,114,5.976,4.8,72397105,50254
