t_s,label,ca_state,cwnd,rtt_ms,min_rtt_ms,lost,total_retrans,pacing_mbps,delivery_mbps,bytes_acked,segs_out
0.000,a-cubic,open,10,61.997,61.997,0,0,3.737,0.0,1,0
0.050,a-cubic,open,14,55.372,41.242,0,0,5.858,0.932,5793,18
0.101,a-cubic,open,29,47.085,41.231,0,0,14.269,2.846,27513,48
0.151,a-cubic,open,49,51.617,41.231,0,0,21.993,4.782,56473,88
0.201,a-cubic,open,50,75.307,41.231,0,0,9.229,5.061,92673,114
0.251,a-cubic,open,51,90.111,41.231,0,0,7.867,4.836,115841,130
0.301,a-cubic,open,52,110.371,41.231,0,0,6.549,4.832,147697,154
0.351,a-cubic,open,53,117.182,41.231,0,0,6.287,4.88,176657,174
0.402,a-cubic,open,54,120.079,41.231,0,0,6.251,4.782,208513,198
0.452,a-cubic,open,55,123.291,41.231,0,0,6.201,4.782,243265,223
0.502,a-cubic,open,56,126.759,41.231,0,0,6.141,4.782,266433,240
0.552,a-cubic,open,57,129.879,41.231,0,0,6.101,4.782,301185,265
0.602,a-cubic,open,58,131.194,41.231,0,0,6.145,4.87,331593,287
0.652,a-cubic,open,59,133.649,41.231,0,0,6.137,4.782,353313,303
0.702,a-cubic,open,60,136.287,41.231,0,0,6.12,4.782,389513,329
0.752,a-cubic,open,61,137.886,41.231,0,0,6.15,4.822,418473,350
0.802,a-cubic,open,62,140.718,41.231,0,0,6.125,4.78,448881,372
0.853,a-cubic,open,63,143.149,41.231,0,0,6.118,4.861,482185,396
0.903,a-cubic,open,64,144.861,41.231,0,0,6.141,4.862,509697,416
0.953,a-cubic,open,65,147.637,41.231,0,0,6.12,4.782,538657,437
1.003,a-cubic,open,66,150.574,41.231,0,0,6.093,4.782,570513,460
1.053,a-cubic,open,67,152.801,41.231,0,0,6.095,4.82,599473,481
1.103,a-cubic,open,68,154.593,41.231,0,0,6.114,4.82,628433,502
1.153,a-cubic,open,69,157.408,41.231,0,0,6.093,4.819,660289,525
1.203,a-cubic,open,71,160.378,41.231,0,0,6.154,4.818,693593,550
1.253,a-cubic,open,71,162.283,41.231,0,0,6.082,4.782,721105,569
1.303,a-cubic,open,72,164.189,41.231,0,0,6.096,4.714,750065,590
1.354,a-cubic,open,74,167.606,41.231,0,0,6.137,4.816,786265,617
1.404,a-cubic,open,74,169.926,41.231,0,0,6.054,4.816,807985,632
1.454,a-cubic,open,75,172.109,41.231,0,0,6.058,4.849,834049,651
1.504,a-cubic,open,77,174.833,41.231,0,0,6.122,4.815,871697,679
1.554,a-cubic,open,78,177.285,41.231,0,0,6.116,4.782,903553,702
1.604,a-cubic,open,79,178.342,41.231,0,0,6.158,4.75,929617,721
1.654,a-cubic,open,80,181.112,41.231,0,0,6.14,4.751,958577,742
1.704,a-cubic,open,81,183.618,41.231,0,0,6.132,4.813,991881,766
1.755,a-cubic,open,82,187.677,41.231,0,0,6.074,4.813,1020841,787
1.805,a-cubic,open,83,188.779,41.231,0,0,6.112,4.812,1049801,808
1.855,a-cubic,open,84,191.407,41.231,0,0,6.1,4.809,1080209,830
1.905,a-cubic,open,85,193.533,41.231,0,0,6.105,4.809,1112065,853
1.955,a-cubic,open,86,197.075,41.231,0,0,6.066,4.81,1142473,875
2.005,a-cubic,open,87,198.333,41.231,0,0,6.098,4.867,1169985,895
2.055,a-cubic,open,88,199.856,41.231,0,0,6.121,4.84,1201841,918
2.106,a-cubic,open,89,202.677,41.231,0,0,6.104,4.839,1235145,942
2.156,a-cubic,open,90,205.344,41.231,0,0,6.093,4.81,1261209,961
2.206,a-cubic,open,91,207.782,41.231,0,0,6.088,4.81,1293065,984
2.256,a-cubic,open,92,209.975,41.231,0,0,6.091,4.809,1319129,1003
2.306,a-cubic,open,93,212.845,41.231,0,0,6.074,4.809,1353881,1028
2.356,a-cubic,open,94,215.077,41.231,0,0,6.075,4.809,1384289,1050
2.407,a-cubic,open,95,217.563,41.231,0,0,6.07,4.808,1411801,1070
2.457,a-cubic,open,96,219.299,41.231,0,0,6.085,4.861,1437865,1089
2.507,a-cubic,open,97,221.935,41.231,0,0,6.076,4.834,1472617,1114
2.557,a-cubic,open,99,224.742,41.231,0,0,6.123,4.833,1508817,1141
2.607,a-cubic,open,99,226.815,41.231,0,0,6.067,4.833,1531985,1157
2.657,a-cubic,open,101,229.427,41.231,0,0,6.12,4.757,1563841,1181
2.707,a-cubic,open,101,231.763,41.231,0,0,6.058,4.782,1588457,1198
2.758,a-cubic,open,103,234.451,41.231,0,0,6.107,4.758,1623209,1224
2.808,a-cubic,open,104,237.34,41.231,0,0,6.091,4.806,1655065,1247
2.858,a-cubic,open,105,239.011,41.231,0,0,6.107,4.806,1682577,1267
2.908,a-cubic,open,106,241.471,41.231,0,0,6.102,4.804,1712985,1289
2.958,a-cubic,open,107,243.946,41.231,0,0,6.097,4.804,1740497,1309
3.008,a-cubic,open,108,246.432,41.231,0,0,6.092,4.804,1775249,1334
3.058,a-cubic,open,109,248.628,41.231,0,0,6.094,4.828,1805657,1356
3.108,a-cubic,open,110,251.194,41.231,0,0,6.087,4.827,1833169,1376
3.158,a-cubic,open,111,253.376,41.231,0,0,6.09,4.805,1863577,1398
3.209,a-cubic,open,112,255.437,41.231,0,0,6.095,4.782,1888193,1416
3.259,a-cubic,open,113,257.162,41.231,0,0,6.108,4.804,1925841,1443
3.309,a-cubic,open,114,260.588,41.231,0,0,6.081,4.826,1957697,1466
3.359,a-cubic,open,115,263.018,41.231,0,0,6.078,4.804,1985209,1486
3.409,a-cubic,open,116,265.212,41.231,0,0,6.08,4.804,2011273,1505
3.459,a-cubic,open,117,267.243,41.231,0,0,6.086,4.804,2038785,1525
3.509,a-cubic,open,118,269.874,41.231,0,0,6.078,4.782,2072089,1549
3.560,a-cubic,open,119,272.969,41.231,0,0,6.06,4.803,2108289,1575
3.610,a-cubic,open,120,274.933,41.231,0,0,6.067,4.801,2138697,1597
3.660,a-cubic,open,121,276.721,41.231,0,0,6.078,4.803,2160417,1613
3.710,a-cubic,open,122,279.886,41.231,0,0,6.059,4.782,2195169,1638
3.760,a-cubic,open,123,282.112,41.231,0,0,6.061,4.782,2218337,1655
3.810,a-cubic,open,124,284.447,41.231,0,0,6.06,4.802,2255985,1682
3.861,a-cubic,open,126,286.859,41.231,0,0,6.106,4.822,2289289,1707
3.911,a-cubic,open,127,289.671,41.231,0,0,6.094,4.802,2318249,1728
3.961,a-cubic,open,127,292.041,41.231,0,0,6.045,4.782,2342865,1745
4.011,a-cubic,open,129,293.271,41.231,0,0,6.114,4.782,2374721,1768
4.061,a-cubic,open,129,295.691,41.231,0,0,6.064,4.763,2397889,1785
4.111,a-cubic,open,131,298.877,41.231,0,0,6.093,4.782,2435537,1813
4.161,a-cubic,open,132,300.646,41.231,0,0,6.103,4.82,2467393,1836
4.212,a-cubic,open,133,303.009,41.231,0,0,6.101,4.821,2499249,1859
4.262,a-cubic,open,134,305.655,41.231,0,0,6.094,4.82,2522417,1876
4.312,a-cubic,open,135,307.925,41.231,0,0,6.094,4.82,2557169,1901
4.362,a-cubic,open,136,310.142,41.231,0,0,6.096,4.782,2578889,1917
4.412,a-cubic,open,137,311.812,41.231,0,0,6.108,4.801,2613641,1942
4.462,a-cubic,open,138,314.499,41.231,0,0,6.1,4.8,2649841,1968
4.512,a-cubic,open,139,317.756,41.231,0,0,6.081,4.8,2678801,1989
4.562,a-cubic,open,140,320.533,41.231,0,0,6.071,4.8,2704865,2008
4.613,a-cubic,open,141,321.874,41.231,0,0,6.089,4.8,2733825,2029
4.663,a-cubic,open,142,324.914,41.231,0,0,6.075,4.8,2761337,2049
4.713,a-cubic,open,143,327.441,41.231,0,0,6.071,4.782,2790297,2070
4.763,a-cubic,open,144,329.512,41.231,0,0,6.075,4.799,2826497,2096
4.813,a-cubic,open,145,331.281,41.231,0,0,6.084,4.782,2858353,2119
4.863,a-cubic,open,146,334.698,41.231,0,0,6.064,4.799,2890209,2142
4.914,a-cubic,open,147,336.759,41.231,0,0,6.068,4.817,2913377,2159
4.964,a-cubic,open,148,339.439,41.231,0,0,6.061,4.799,2945233,2182
5.014,a-cubic,open,149,342.064,41.231,0,0,6.055,4.782,2972745,2202
5.064,a-cubic,open,150,343.992,41.231,0,0,6.062,4.799,3000257,2222
5.114,a-cubic,open,151,346.281,41.231,0,0,6.062,4.799,3037905,2249
5.164,a-cubic,open,153,348.824,41.231,0,0,6.097,4.799,3071209,2274
5.214,a-cubic,open,154,350.915,41.231,0,0,6.1,4.815,3100169,2295
5.265,a-cubic,open,155,352.928,41.231,0,0,6.105,4.798,3126233,2314
5.315,a-cubic,open,156,355.196,41.231,0,0,6.105,4.798,3155193,2335
5.365,a-cubic,open,156,358.667,41.231,0,0,6.046,4.798,3182705,2354
5.415,a-cubic,open,157,360.602,41.231,0,0,6.052,4.814,3211665,2375
5.465,a-cubic,open,159,362.86,41.231,0,0,6.091,4.798,3246417,2400
5.515,a-cubic,open,160,365.681,41.231,0,0,6.082,4.797,3279721,2425
5.565,a-cubic,open,161,367.74,41.231,0,0,6.086,4.797,3311577,2448
5.615,a-cubic,open,162,370.365,41.231,0,0,6.08,4.797,3339089,2468
5.666,a-cubic,open,163,372.844,41.231,0,0,6.077,4.797,3362257,2485
5.716,a-cubic,open,164,375.474,41.231,0,0,6.072,4.797,3397009,2510
5.766,a-cubic,open,165,377.389,41.231,0,0,6.078,4.797,3421625,2528
5.816,a-cubic,open,166,380.118,41.231,0,0,6.071,4.812,3454929,2552
5.866,a-cubic,open,167,382.261,41.231,0,0,6.073,4.796,3489681,2577
5.916,a-cubic,open,168,384.764,41.231,0,0,6.07,4.797,3520089,2599
5.966,a-cubic,open,169,386.985,41.231,0,0,6.071,4.797,3550497,2621
6.016,a-cubic,open,170,388.561,41.231,0,0,6.082,4.797,3576561,2640
6.067,a-cubic,open,171,391.772,41.231,0,0,6.067,4.797,3606969,2662
6.117,a-cubic,open,172,393.723,41.231,0,0,6.073,4.811,3637377,2684
6.167,a-cubic,open,173,396.084,41.231,0,0,6.072,4.797,3660545,2701
6.217,a-cubic,open,174,398.876,41.231,0,0,6.064,4.796,3692401,2724
6.267,a-cubic,open,175,400.584,41.231,0,0,6.073,4.768,3728601,2750
6.317,a-cubic,open,176,402.621,41.231,0,0,6.077,4.811,3760457,2773
6.367,a-cubic,open,178,405.814,41.231,0,0,6.097,4.825,3792313,2797
6.418,a-cubic,open,178,407.863,41.231,0,0,6.067,4.81,3819825,2816
6.468,a-cubic,open,179,409.506,41.231,0,0,6.076,4.825,3844441,2834
6.518,a-cubic,open,180,412.957,41.231,0,0,6.059,4.81,3876297,2857
6.568,a-cubic,open,181,415.853,41.231,0,0,6.05,4.795,3905257,2878
6.618,a-cubic,open,182,417.369,41.231,0,0,6.062,4.809,3931321,2897
6.668,a-cubic,open,184,420.019,41.231,0,0,6.09,4.795,3966073,2923
6.718,a-cubic,open,185,421.729,41.231,0,0,6.098,4.822,4000825,2948
6.769,a-cubic,open,186,424.809,41.231,0,0,6.086,4.809,4035577,2973
6.819,a-cubic,open,187,427.761,41.231,0,0,6.077,4.808,4061641,2992
6.869,a-cubic,open,188,430.07,41.231,0,0,6.077,4.808,4087705,3011
6.919,a-cubic,open,189,431.523,41.231,0,0,6.088,4.794,4115217,3031
6.969,a-cubic,open,190,434.145,41.231,0,0,6.084,4.808,4148521,3055
7.019,a-cubic,open,191,436.788,41.231,0,0,6.079,4.822,4174585,3074
7.069,a-cubic,open,192,439.647,41.231,0,0,6.071,4.782,4202097,3094
7.120,a-cubic,open,193,441.698,41.231,0,0,6.074,4.808,4238297,3120
7.170,a-cubic,recovery,192,443.266,41.231,1,1,6.115,4.808,4267257,3144
7.220,a-cubic,recovery,184,442.477,41.231,2,2,6.597,4.771,4267257,3160
7.270,a-cubic,recovery,178,442.907,41.231,2,2,7.03,4.837,4267257,3174
7.320,a-cubic,recovery,170,442.892,41.231,5,5,7.313,4.798,4267257,3185
7.370,a-cubic,recovery,164,442.839,41.231,5,5,7.722,4.809,4267257,3199
7.420,a-cubic,recovery,156,441.794,41.231,6,6,8.181,4.808,4267257,3214
7.470,a-cubic,recovery,150,442.24,41.231,7,7,8.55,4.795,4267257,3227
7.521,a-cubic,recovery,143,442.27,41.231,8,8,8.958,4.795,4267257,3241
7.571,a-cubic,recovery,135,441.904,41.231,9,9,9.531,4.808,4267257,3260
7.621,a-cubic,recovery,135,434.775,41.231,8,9,9.911,4.732,4293321,3285
7.671,a-cubic,recovery,135,413.65,41.231,7,9,10.014,4.483,4344001,3308
7.721,a-cubic,recovery,135,396.062,41.231,4,9,9.09,4.337,4422193,3323
7.771,a-cubic,recovery,135,372.057,41.231,4,9,10.536,4.064,4422193,3346
7.821,a-cubic,recovery,135,351.173,41.231,2,9,10.45,3.841,4474321,3364
7.871,a-cubic,recovery,135,334.104,41.231,1,9,10.776,3.642,4509073,3383
7.922,a-cubic,open,135,325.97,41.231,0,9,5.757,3.57,4729169,3410
7.972,a-cubic,open,136,325.818,41.231,0,9,5.802,3.741,4761025,3433
8.022,a-cubic,open,137,325.493,41.231,0,9,5.851,3.936,4788537,3453
8.072,a-cubic,open,137,325.361,41.231,0,9,5.853,4.146,4814601,3471
8.122,a-cubic,open,138,324.999,41.231,0,9,5.903,4.409,4845009,3493
8.172,a-cubic,open,139,325.181,41.231,0,9,5.942,4.678,4871073,3512
8.222,a-cubic,open,140,324.954,41.231,0,9,5.989,4.766,4902929,3535
8.272,a-cubic,open,142,323.995,41.231,0,9,6.092,4.791,4939129,3561
8.322,a-cubic,open,143,326.573,41.231,0,9,6.087,4.782,4970985,3585
8.373,a-cubic,open,144,328.53,41.231,0,9,6.093,4.817,4997049,3604
8.423,a-cubic,open,145,330.204,41.231,0,9,6.104,4.799,5027457,3626
8.473,a-cubic,open,146,332.928,41.231,0,9,6.096,4.782,5052073,3644
8.523,a-cubic,open,147,335.637,41.231,0,9,6.088,4.765,5081033,3665
8.573,a-cubic,open,149,337.803,41.231,0,9,6.131,4.782,5114337,3690
8.623,a-cubic,open,150,340.201,41.231,0,9,6.129,4.816,5150537,3716
8.674,a-cubic,open,151,343.13,41.231,0,9,6.117,4.816,5182393,3739
8.724,a-cubic,open,152,345.944,41.231,0,9,6.108,4.815,5207009,3757
8.774,a-cubic,open,153,348.996,41.231,0,9,6.094,4.798,5237417,3779
8.824,a-cubic,open,154,351.017,41.231,0,9,6.099,4.799,5263481,3798
8.874,a-cubic,open,155,354.182,41.231,0,9,6.083,4.798,5292441,3819
8.924,a-cubic,open,157,356.491,41.231,0,9,6.122,4.815,5325745,3843
8.974,a-cubic,open,158,359.628,41.231,0,9,6.107,4.814,5360497,3869
9.024,a-cubic,open,159,363.091,41.231,0,9,6.087,4.814,5390905,3891
9.074,a-cubic,open,160,365.995,41.231,0,9,6.077,4.814,5418417,3911
9.125,a-cubic,open,161,368.965,41.231,0,9,6.066,4.813,5445929,3931
9.175,a-cubic,open,162,371.319,41.231,0,9,6.065,4.798,5476337,3953
9.225,a-cubic,open,163,374.465,41.231,0,9,6.051,4.797,5503849,3973
9.275,a-cubic,open,164,376.388,41.231,0,9,6.057,4.797,5532809,3994
9.325,a-cubic,open,165,378.265,41.231,0,9,6.064,4.797,5566113,4018
9.375,a-cubic,open,166,380.918,41.231,0,9,6.058,4.797,5600865,4043
9.425,a-cubic,open,167,383.164,41.231,0,9,6.059,4.797,5632721,4066
9.475,a-cubic,open,168,385.181,41.231,0,9,6.063,4.812,5658785,4085
9.525,a-cubic,open,169,387.998,41.231,0,9,6.055,4.797,5687745,4106
9.575,a-cubic,open,170,390.077,41.231,0,9,6.058,4.797,5713809,4125
9.626,a-cubic,open,170,392.881,41.231,0,9,6.015,4.797,5742769,4145
9.676,a-cubic,open,171,396.14,41.231,0,9,6.0,4.782,5771729,4166
9.726,a-cubic,open,172,397.409,41.231,0,9,6.016,4.797,5807929,4192
9.776,a-cubic,open,173,399.285,41.231,0,9,6.023,4.811,5841233,4216
9.826,a-cubic,open,174,401.274,41.231,0,9,6.028,4.811,5874537,4240
9.876,a-cubic,open,175,402.81,41.231,0,9,6.039,4.811,5899153,4258
9.926,a-cubic,open,175,405.039,41.231,0,9,6.006,4.81,5926665,4277
9.976,a-cubic,open,176,407.899,41.231,0,9,5.998,4.81,5958521,4300
10.027,a-cubic,open,177,409.266,41.231,0,9,6.012,4.796,5981689,4317
10.077,a-cubic,open,177,411.345,41.231,0,9,5.981,4.81,6010649,4337
10.127,a-cubic,open,178,413.399,41.231,0,9,5.985,4.81,6048297,4364
10.177,a-cubic,open,179,415.513,41.231,0,9,5.988,4.81,6083049,4389
10.227,a-cubic,open,180,416.844,41.231,0,9,6.003,4.81,6114905,4412
10.277,a-cubic,open,180,419.192,41.231,0,9,5.969,4.782,6143865,4432
10.327,a-cubic,open,181,420.975,41.231,0,9,5.977,4.823,6168481,4450
10.377,a-cubic,open,181,422.549,41.231,0,9,5.954,4.809,6198889,4471
10.427,a-cubic,open,182,424.411,41.231,0,9,5.961,4.796,6223505,4489
10.478,a-cubic,open,182,426.398,41.231,0,9,5.933,4.796,6251017,4507
10.528,a-cubic,open,183,427.891,41.231,0,9,5.945,4.809,6284321,4532
10.578,a-cubic,open,184,429.205,41.231,0,9,5.959,4.795,6320521,4558
10.628,a-cubic,open,184,430.137,41.231,0,9,5.946,4.822,6353825,4581
10.678,a-cubic,open,185,432.118,41.231,0,9,5.951,4.809,6384233,4603
10.728,a-cubic,open,185,433.731,41.231,0,9,5.929,4.795,6411745,4622
10.778,a-cubic,open,185,435.928,41.231,0,9,5.899,4.809,6439257,4641
10.828,a-cubic,open,186,436.724,41.231,0,9,5.92,4.795,6471113,4664
10.878,a-cubic,open,186,437.697,41.231,0,9,5.907,4.822,6495729,4681
10.929,a-cubic,open,187,438.874,41.231,0,9,5.923,4.795,6524689,4702
10.979,a-cubic,open,187,440.644,41.231,0,9,5.899,4.795,6557993,4725
11.029,a-cubic,open,188,442.456,41.231,0,9,5.906,4.808,6592745,4750
11.079,a-cubic,open,188,443.001,41.231,0,9,5.899,4.808,6626049,4773
11.129,a-cubic,recovery,186,443.227,41.231,1,10,6.022,4.797,6647769,4793
11.179,a-cubic,recovery,181,443.451,41.231,1,10,6.395,4.797,6647769,4806
11.229,a-cubic,recovery,174,443.668,41.231,2,11,6.768,4.771,6647769,4819
11.279,a-cubic,recovery,168,443.465,41.231,2,11,7.241,4.797,6647769,4834
11.329,a-cubic,recovery,162,443.516,41.231,2,11,7.647,4.797,6647769,4846
11.380,a-cubic,recovery,156,443.5,41.231,2,11,8.087,4.823,6647769,4861
11.430,a-cubic,recovery,148,443.391,41.231,3,12,8.559,4.797,6647769,4876
11.480,a-cubic,recovery,140,442.927,41.231,4,13,9.039,4.797,6647769,4892
11.530,a-cubic,recovery,133,443.189,41.231,4,13,9.535,4.797,6647769,4908
11.580,a-cubic,recovery,131,435.432,41.231,3,13,9.545,4.732,6685417,4930
11.630,a-cubic,recovery,131,416.68,41.231,2,13,7.74,4.547,6807049,4947
11.680,a-cubic,recovery,131,396.61,41.231,2,13,8.832,4.326,6807049,4967
11.730,a-cubic,recovery,131,373.357,41.231,2,13,10.127,4.067,6807049,4987
11.781,a-cubic,recovery,131,350.882,41.231,1,13,10.419,3.843,6851937,5009
11.831,a-cubic,open,131,333.267,41.231,0,13,5.464,3.523,7082169,5035
11.881,a-cubic,open,131,322.431,41.231,0,13,5.648,3.479,7111129,5055
11.931,a-cubic,open,132,320.178,41.231,0,13,5.731,3.64,7134297,5072
11.981,a-cubic,open,133,317.854,41.231,0,13,5.817,3.843,7166153,5095
12.031,a-cubic,open,133,318.157,41.231,0,13,5.811,4.068,7192217,5113
12.081,a-cubic,open,134,317.315,41.231,0,13,5.87,4.32,7224073,5136
12.132,a-cubic,open,135,316.196,41.231,0,13,5.935,4.599,7260273,5162
12.182,a-cubic,open,135,316.048,41.231,0,13,5.938,4.782,7289233,5182
12.232,a-cubic,open,136,317.412,41.231,0,13,5.956,4.8,7319641,5204
12.282,a-cubic,open,137,318.535,41.231,0,13,5.979,4.782,7345705,5223
12.332,a-cubic,open,137,320.341,41.231,0,13,5.945,4.8,7376113,5244
12.382,a-cubic,open,138,321.393,41.231,0,13,5.969,4.782,7402177,5263
12.432,a-cubic,open,139,323.904,41.231,0,13,5.965,4.782,7435481,5287
12.482,a-cubic,open,140,325.718,41.231,0,13,5.975,4.782,7470233,5312
12.532,a-cubic,open,140,326.675,41.231,0,13,5.957,4.782,7499193,5332
12.583,a-cubic,open,141,328.888,41.231,0,13,5.96,4.782,7525257,5351
12.633,a-cubic,open,142,330.869,41.231,0,13,5.966,4.782,7555665,5373
12.683,a-cubic,open,142,331.718,41.231,0,13,5.951,4.765,7580281,5390
12.733,a-cubic,open,143,334.068,41.231,0,13,5.95,4.782,7612137,5413
12.783,a-cubic,open,144,335.725,41.231,0,13,5.962,4.779,7645441,5437
12.833,a-cubic,open,144,337.368,41.231,0,13,5.933,4.782,7678745,5460
12.883,a-cubic,open,145,339.18,41.231,0,13,5.943,4.782,7709153,5482
12.933,a-cubic,open,145,340.349,41.231,0,13,5.922,4.799,7735217,5500
12.983,a-cubic,open,146,342.237,41.231,0,13,5.93,4.799,7767073,5523
13.034,a-cubic,open,147,344.01,41.231,0,13,5.94,4.782,7793137,5542
13.084,a-cubic,open,147,345.699,41.231,0,13,5.911,4.782,7822097,5562
13.134,a-cubic,open,148,346.483,41.231,0,13,5.938,4.791,7856849,5587
13.184,a-cubic,open,148,348.741,41.231,0,13,5.899,4.782,7887257,5608
13.234,a-cubic,open,149,349.587,41.231,0,13,5.925,4.799,7917665,5630
13.284,a-cubic,open,149,351.006,41.231,0,13,5.901,4.782,7945177,5649
13.334,a-cubic,open,150,352.675,41.231,0,13,5.912,4.782,7975585,5671
13.384,a-cubic,open,150,353.362,41.231,0,13,5.901,4.782,8000201,5688
13.434,a-cubic,open,151,355.292,41.231,0,13,5.908,4.782,8033505,5712
13.484,a-cubic,open,151,356.303,41.231,0,13,5.891,4.798,8068257,5736
13.535,a-cubic,open,152,357.551,41.231,0,13,5.909,4.782,8097217,5757
13.585,a-cubic,open,152,359.127,41.231,0,13,5.883,4.798,8130521,5780
13.635,a-cubic,open,152,360.023,41.231,0,13,5.869,4.782,8155137,5797
13.685,a-cubic,open,153,361.382,41.231,0,13,5.885,4.782,8186993,5820
13.735,a-cubic,open,153,362.945,41.231,0,13,5.86,4.782,8211609,5837
13.785,a-cubic,open,154,363.394,41.231,0,13,5.891,4.798,8243465,5860
13.835,a-cubic,open,154,364.977,41.231,0,13,5.865,4.782,8275321,5882
13.886,a-cubic,open,154,365.19,41.231,0,13,5.862,4.814,8311521,5907
13.936,a-cubic,open,154,367.11,41.231,0,13,5.831,4.782,8340481,5927
13.986,a-cubic,open,155,367.833,41.231,0,13,5.858,4.782,8366545,5946
14.036,a-cubic,open,155,368.783,41.231,0,13,5.843,4.814,8395505,5966
14.086,a-cubic,open,155,369.252,41.231,0,13,5.835,4.782,8423017,5985
14.136,a-cubic,open,155,370.086,41.231,0,13,5.822,4.782,8450529,6004
14.186,a-cubic,open,156,371.182,41.231,0,13,5.842,4.798,8485281,6029
14.236,a-cubic,open,156,371.789,41.231,0,13,5.833,4.798,8521481,6054
14.286,a-cubic,open,156,372.671,41.231,0,13,5.819,4.767,8548993,6073
14.336,a-cubic,open,157,373.611,41.231,0,13,5.841,4.813,8577953,6094
14.387,a-cubic,open,157,373.979,41.231,0,13,5.836,4.798,8605465,6113
14.437,a-cubic,open,157,374.842,41.231,0,13,5.822,4.798,8635873,6134
14.487,a-cubic,open,157,375.625,41.231,0,13,5.81,4.782,8660489,6151
14.537,a-cubic,open,157,375.449,41.231,0,13,5.813,4.797,8690897,6172
14.587,a-cubic,open,158,376.466,41.231,0,13,5.834,4.797,8727097,6198
14.637,a-cubic,open,158,377.7,41.231,0,13,5.815,4.782,8760401,6221
14.687,a-cubic,open,158,377.997,41.231,0,13,5.81,4.766,8790809,6242
14.737,a-cubic,open,158,378.678,41.231,0,13,5.8,4.812,8816873,6260
14.787,a-cubic,open,158,379.231,41.231,0,13,5.792,4.796,8845833,6280
14.838,a-cubic,open,158,378.922,41.231,0,13,5.796,4.797,8874793,6300
14.888,a-cubic,open,158,379.781,41.231,0,13,5.783,4.781,8899409,6317
14.938,a-cubic,open,159,380.522,41.231,0,13,5.808,4.812,8935609,6343
14.988,a-cubic,open,159,381.029,41.231,0,13,5.801,4.796,8968913,6366
15.038,a-cubic,open,159,381.33,41.231,0,13,5.796,4.797,8997873,6386
15.088,a-cubic,open,159,381.686,41.231,0,13,5.791,4.797,9029729,6408
15.138,a-cubic,open,159,381.633,41.231,0,13,5.791,4.813,9055793,6426
15.188,a-cubic,open,159,381.652,41.231,0,13,5.791,4.813,9087649,6448
15.239,a-cubic,open,159,381.481,41.231,0,13,5.794,4.797,9112265,6465
15.289,a-cubic,open,159,382.035,41.231,0,13,5.785,4.767,9142673,6486
15.339,a-cubic,open,159,382.493,41.231,0,13,5.778,4.797,9174529,6508
15.389,a-cubic,open,159,383.843,41.231,0,13,5.758,4.797,9209281,6532
15.439,a-cubic,open,159,383.829,41.231,0,13,5.758,4.797,9239689,6553
15.489,a-cubic,open,159,384.63,41.231,0,13,5.746,4.812,9270097,6574
15.539,a-cubic,open,159,384.35,41.231,0,13,5.751,4.797,9297609,6593
15.589,a-cubic,open,159,384.141,41.231,0,13,5.754,4.797,9328017,6614
15.640,a-cubic,open,159,383.991,41.231,0,13,5.756,4.797,9352633,6631
15.690,a-cubic,open,159,383.9,41.231,0,13,5.757,4.797,9383041,6652
15.740,a-cubic,open,159,384.007,41.231,0,13,5.756,4.797,9417793,6676
15.790,a-cubic,open,159,383.898,41.231,0,13,5.757,4.797,9452545,6700
15.840,a-cubic,open,159,384.227,41.231,0,13,5.752,4.797,9480057,6719
15.890,a-cubic,open,159,383.857,41.231,0,13,5.758,4.797,9509017,6739
15.940,a-cubic,open,159,383.763,41.231,0,13,5.759,4.797,9536529,6758
15.991,a-cubic,open,159,384.029,41.231,0,13,5.755,4.797,9566937,6779
16.041,a-cubic,open,159,384.093,41.231,0,13,5.754,4.797,9591553,6796
16.091,a-cubic,open,159,383.969,41.231,0,13,5.756,4.797,9624857,6819
16.141,a-cubic,open,159,383.766,41.231,0,13,5.759,4.797,9661057,6844
16.191,a-cubic,open,159,384.223,41.231,0,13,5.752,4.797,9688569,6863
16.241,a-cubic,open,159,384.266,41.231,0,13,5.752,4.797,9723321,6887
16.291,a-cubic,open,159,383.98,41.231,0,13,5.756,4.797,9747937,6904
16.341,a-cubic,open,159,384.17,41.231,0,13,5.753,4.797,9779793,6926
16.391,a-cubic,open,159,384.144,41.231,0,13,5.754,4.813,9805857,6944
16.442,a-cubic,open,159,383.708,41.231,0,13,5.76,4.797,9833369,6963
16.492,a-cubic,open,159,383.748,41.231,0,13,5.76,4.797,9868121,6987
16.542,a-cubic,open,159,383.703,41.231,0,13,5.76,4.797,9901425,7010
16.592,a-cubic,open,159,383.963,41.231,0,13,5.756,4.797,9930385,7030
16.642,a-cubic,open,159,384.444,41.231,0,13,5.749,4.797,9962241,7052
16.692,a-cubic,open,159,384.024,41.231,0,13,5.755,4.797,9988305,7070
16.742,a-cubic,open,159,383.995,41.231,0,13,5.756,4.797,10017265,7090
16.792,a-cubic,open,159,383.727,41.231,0,13,5.76,4.797,10041881,7107
16.842,a-cubic,open,159,383.795,41.231,0,13,5.759,4.797,10072289,7128
16.893,a-cubic,open,159,383.642,41.231,0,13,5.761,4.767,10109937,7154
16.943,a-cubic,open,159,384.013,41.231,0,13,5.756,4.797,10141793,7176
16.993,a-cubic,open,159,383.856,41.231,0,13,5.758,4.797,10172201,7197
17.043,a-cubic,open,159,384.756,41.231,0,13,5.744,4.797,10199713,7216
17.093,a-cubic,open,159,383.891,41.231,0,13,5.757,4.797,10227225,7235
17.143,a-cubic,open,159,384.832,41.231,0,13,5.743,4.797,10257633,7256
17.193,a-cubic,open,159,383.85,41.231,0,13,5.758,4.797,10280801,7272
17.243,a-cubic,open,160,383.528,41.231,0,13,5.799,4.797,10315553,7297
17.294,a-cubic,open,160,383.405,41.231,0,13,5.801,4.797,10353201,7323
17.344,a-cubic,open,160,384.149,41.231,0,13,5.79,4.797,10377817,7340
17.394,a-cubic,open,160,384.157,41.231,0,13,5.79,4.797,10412569,7364
17.444,a-cubic,open,160,384.266,41.231,0,13,5.788,4.797,10438633,7382
17.494,a-cubic,open,160,383.864,41.231,0,13,5.794,4.797,10469041,7403
17.544,a-cubic,open,160,384.128,41.231,0,13,5.79,4.797,10496553,7422
17.594,a-cubic,open,160,384.173,41.231,0,13,5.789,4.782,10524065,7441
17.644,a-cubic,open,161,384.761,41.231,0,13,5.817,4.797,10558817,7466
17.695,a-cubic,open,161,385.632,41.231,0,13,5.804,4.797,10592121,7489
17.745,a-cubic,open,161,386.439,41.231,0,13,5.791,4.797,10622529,7510
17.795,a-cubic,open,161,386.531,41.231,0,13,5.79,4.797,10652937,7531
17.845,a-cubic,open,161,386.645,41.231,0,13,5.788,4.812,10679001,7549
17.895,a-cubic,open,161,386.6,41.231,0,13,5.789,4.797,10707961,7569
17.945,a-cubic,open,161,386.631,41.231,0,13,5.789,4.797,10734025,7587
17.995,a-cubic,open,161,387.231,41.231,0,13,5.78,4.797,10761537,7606
18.045,a-cubic,open,162,387.62,41.231,0,13,5.81,4.797,10799185,7633
18.095,a-cubic,open,162,388.25,41.231,0,13,5.8,4.797,10835385,7658
18.146,a-cubic,open,162,388.971,41.231,0,13,5.789,4.797,10864345,7678
18.196,a-cubic,open,162,389.787,41.231,0,13,5.777,4.782,10891857,7697
18.246,a-cubic,open,163,389.278,41.231,0,13,5.821,4.797,10922265,7719
18.296,a-cubic,open,163,389.295,41.231,0,13,5.82,4.812,10949777,7738
18.346,a-cubic,open,163,388.694,41.231,0,13,5.829,4.812,10972945,7754
18.396,a-cubic,open,163,389.068,41.231,0,13,5.824,4.797,11003353,7775
18.446,a-cubic,open,164,390.009,41.231,0,13,5.845,4.797,11042449,7803
18.496,a-cubic,open,164,390.737,41.231,0,13,5.834,4.812,11072857,7824
18.547,a-cubic,open,164,390.771,41.231,0,13,5.834,4.812,11104713,7846
18.597,a-cubic,open,165,392.245,41.231,0,13,5.847,4.782,11130777,7865
18.647,a-cubic,open,165,393.267,41.231,0,13,5.832,4.797,11161185,7886
18.697,a-cubic,open,165,393.615,41.231,0,13,5.827,4.797,11188697,7905
18.747,a-cubic,open,166,393.549,41.231,0,13,5.863,4.812,11214761,7924
18.797,a-cubic,open,166,394.335,41.231,0,13,5.852,4.782,11245169,7945
18.847,a-cubic,open,166,395.606,41.231,0,13,5.833,4.797,11282817,7971
18.898,a-cubic,open,167,396.395,41.231,0,13,5.856,4.811,11313225,7993
18.948,a-cubic,open,167,396.999,41.231,0,13,5.847,4.782,11342185,8013
18.998,a-cubic,open,168,397.636,41.231,0,13,5.873,4.768,11369697,8033
19.048,a-cubic,open,168,398.752,41.231,0,13,5.857,4.768,11401553,8055
19.098,a-cubic,open,169,399.428,41.231,0,13,5.881,4.797,11427617,8074
19.148,a-cubic,open,169,400.025,41.231,0,13,5.873,4.811,11455129,8093
19.198,a-cubic,open,170,401.482,41.231,0,13,5.886,4.797,11485537,8115
19.248,a-cubic,open,170,401.987,41.231,0,13,5.879,4.782,11520289,8139
19.299,a-cubic,open,171,402.874,41.231,0,13,5.9,4.811,11550697,8161
19.349,a-cubic,open,171,404.3,41.231,0,13,5.879,4.782,11584001,8184
19.399,a-cubic,open,172,404.647,41.231,0,13,5.909,4.782,11608617,8202
19.449,a-cubic,open,172,405.96,41.231,0,13,5.89,4.782,11639025,8223
19.499,a-cubic,open,173,406.715,41.231,0,13,5.913,4.796,11669433,8245
19.549,a-cubic,open,173,409.659,41.231,0,13,5.87,4.768,11695497,8263
19.599,a-cubic,open,174,409.552,41.231,0,13,5.906,4.782,11724457,8284
19.649,a-cubic,open,175,410.775,41.231,0,13,5.922,4.782,11759209,8309
19.700,a-cubic,open,175,411.228,41.231,0,13,5.916,4.782,11792513,8332
19.750,a-cubic,open,176,413.168,41.231,0,13,5.921,4.796,11824369,8355
19.800,a-cubic,open,177,413.807,41.231,0,13,5.946,4.782,11848985,8373
19.850,a-cubic,open,178,415.793,41.231,0,13,5.951,4.81,11882289,8397
19.900,a-cubic,open,178,416.59,41.231,0,13,5.939,4.824,11911249,8417
19.950,a-cubic,open,179,418.051,41.231,0,13,5.952,4.796,11935865,8435
20.000,a-cubic,open,180,419.607,41.231,0,13,5.963,4.782,11960481,8453
20.050,a-cubic,open,181,421.009,41.231,0,13,5.976,4.769,11995233,8478
20.100,a-cubic,open,182,422.733,41.231,0,13,5.985,4.782,12031433,8504
20.151,a-cubic,open,183,424.54,41.231,0,13,5.992,4.782,12061841,8526
20.201,a-cubic,open,184,427.291,41.231,0,13,5.986,4.782,12093697,8549
20.251,a-cubic,open,184,428.888,41.231,0,13,5.964,4.782,12119761,8567
20.301,a-cubic,open,185,430.145,41.231,0,13,5.979,4.782,12148721,8588
20.351,a-cubic,open,186,431.676,41.231,0,13,5.99,4.782,12179129,8610
20.401,a-cubic,open,187,434.11,41.231,0,13,5.988,4.782,12205193,8629
20.451,a-cubic,open,188,435.761,41.231,0,13,5.997,4.769,12229809,8647
20.502,a-cubic,open,189,437.53,41.231,0,13,6.005,4.782,12266009,8673
20.552,a-cubic,open,190,439.943,41.231,0,13,6.003,4.782,12305105,8701
20.602,a-cubic,open,191,441.795,41.231,0,13,6.01,4.782,12329721,8718
20.652,a-cubic,disorder,192,443.558,41.231,0,13,6.048,4.782,12358681,8741
20.702,a-cubic,recovery,184,443.51,41.231,2,15,6.394,4.732,12358681,8755
20.752,a-cubic,recovery,177,443.721,41.231,3,16,6.798,4.745,12358681,8769
20.802,a-cubic,recovery,170,443.365,41.231,4,17,7.211,4.732,12358681,8783
20.852,a-cubic,recovery,164,443.074,41.231,5,18,7.561,4.758,12358681,8795
20.903,a-cubic,recovery,156,443.149,41.231,7,20,7.905,4.694,12358681,8808
20.953,a-cubic,recovery,148,443.118,41.231,8,21,8.407,4.719,12358681,8825
21.003,a-cubic,recovery,139,442.546,41.231,9,22,8.921,4.719,12358681,8842
21.053,a-cubic,recovery,134,442.79,41.231,11,24,9.324,4.682,12358681,8857
21.103,a-cubic,recovery,134,439.486,41.231,11,25,9.615,4.654,12380401,8880
21.153,a-cubic,recovery,134,421.614,41.231,10,25,9.858,4.444,12415153,8899
21.203,a-cubic,recovery,134,400.361,41.231,8,25,9.826,4.198,12467281,8919
21.253,a-cubic,recovery,134,379.534,41.231,6,25,10.292,4.015,12494793,8936
21.304,a-cubic,recovery,134,355.692,41.231,4,25,10.356,3.775,12551265,8959
21.354,a-cubic,recovery,134,335.8,41.231,2,25,10.515,3.503,12599049,8981
21.404,a-cubic,recovery,134,324.774,41.231,1,25,10.872,3.477,12629457,9002
21.454,a-cubic,open,134,327.438,41.231,0,25,5.689,3.681,12836521,9024
21.504,a-cubic,open,135,327.38,41.231,0,25,5.732,3.849,12865481,9045
21.554,a-cubic,open,135,327.663,41.231,0,25,5.727,4.066,12888649,9061
21.604,a-cubic,open,136,328.057,41.231,0,25,5.763,4.301,12917609,9082
21.654,a-cubic,open,138,327.272,41.231,0,25,5.861,4.593,12955257,9110
21.704,a-cubic,open,139,327.334,41.231,0,25,5.903,4.779,12984217,9131
21.755,a-cubic,open,140,325.725,41.231,0,25,5.975,4.764,13016073,9154
21.805,a-cubic,open,141,325.768,41.231,0,25,6.017,4.764,13042137,9173
21.855,a-cubic,open,142,327.127,41.231,0,25,6.034,4.764,13072545,9195
21.905,a-cubic,open,143,329.012,41.231,0,25,6.042,4.782,13097161,9213
21.955,a-cubic,open,144,330.717,41.231,0,25,6.053,4.764,13127569,9235
22.005,a-cubic,open,145,332.073,41.231,0,25,6.07,4.765,13163769,9261
22.055,a-cubic,open,147,335.199,41.231,0,25,6.096,4.765,13197073,9286
22.105,a-cubic,open,148,338.383,41.231,0,25,6.08,4.765,13221689,9304
22.156,a-cubic,open,149,340.935,41.231,0,25,6.075,4.765,13252097,9326
22.206,a-cubic,open,150,344.204,41.231,0,25,6.058,4.749,13281057,9347
22.256,a-cubic,open,151,347.481,41.231,0,25,6.041,4.749,13307121,9366
22.306,a-cubic,open,152,350.103,41.231,0,25,6.035,4.749,13336081,9387
22.356,a-cubic,open,154,352.549,41.231,0,25,6.072,4.749,13373729,9415
22.406,a-cubic,open,155,354.671,41.231,0,25,6.075,4.75,13402689,9436
22.456,a-cubic,open,156,357.32,41.231,0,25,6.069,4.75,13431649,9456
22.507,a-cubic,open,157,359.504,41.231,0,25,6.071,4.782,13462057,9479
22.557,a-cubic,open,158,362.596,41.231,0,25,6.057,4.766,13492465,9501
22.607,a-cubic,open,159,364.507,41.231,0,25,6.064,4.766,13514185,9517
22.657,a-cubic,open,160,367.861,41.231,0,25,6.046,4.766,13544593,9539
22.707,a-cubic,open,161,370.504,41.231,0,25,6.04,4.782,13582241,9566
22.757,a-cubic,open,162,373.32,41.231,0,25,6.032,4.766,13609753,9586
22.808,a-cubic,open,163,375.294,41.231,0,25,6.037,4.767,13643057,9610
22.858,a-cubic,open,164,378.219,41.231,0,25,6.028,4.752,13670569,9630
22.908,a-cubic,open,165,380.809,41.231,0,25,6.023,4.752,13700977,9652
22.958,a-cubic,open,166,382.904,41.231,0,25,6.026,4.767,13727041,9671
23.008,a-cubic,open,167,386.473,41.231,0,25,6.007,4.767,13753105,9690
23.058,a-cubic,open,167,388.202,41.231,0,25,5.98,4.767,13782065,9710
23.108,a-cubic,open,169,390.036,41.231,0,25,6.023,4.753,13821161,9739
23.158,a-cubic,open,169,392.911,41.231,0,25,5.979,4.767,13850121,9759
23.208,a-cubic,open,170,394.695,41.231,0,25,5.987,4.782,13881977,9782
23.259,a-cubic,open,171,397.454,41.231,0,25,5.981,4.768,13910937,9803
23.309,a-cubic,open,172,399.653,41.231,0,25,5.983,4.782,13939897,9824
23.359,a-cubic,open,172,401.864,41.231,0,25,5.95,4.766,13967409,9843
23.409,a-cubic,open,173,403.56,41.231,0,25,5.959,4.753,13990577,9860
23.459,a-cubic,open,174,406.573,41.231,0,25,5.949,4.754,14020985,9882
23.509,a-cubic,open,175,407.477,41.231,0,25,5.97,4.754,14057185,9908
23.559,a-cubic,open,175,409.957,41.231,0,25,5.934,4.768,14087593,9929
23.609,a-cubic,open,176,412.565,41.231,0,25,5.93,4.754,14120897,9953
23.659,a-cubic,open,177,414.756,41.231,0,25,5.932,4.768,14146961,9972
23.710,a-cubic,open,178,416.832,41.231,0,25,5.936,4.74,14177369,9994
23.760,a-cubic,open,178,417.428,41.231,0,25,5.928,4.768,14206329,10014
23.810,a-cubic,open,179,419.724,41.231,0,25,5.928,4.768,14233841,10034
23.860,a-cubic,open,179,421.133,41.231,0,25,5.908,4.768,14259905,10052
23.910,a-cubic,open,180,422.631,41.231,0,25,5.92,4.755,14290313,10074
23.960,a-cubic,open,181,424.224,41.231,0,25,5.931,4.768,14327961,10101
24.010,a-cubic,open,181,425.818,41.231,0,25,5.909,4.782,14358369,10122
24.060,a-cubic,open,182,427.639,41.231,0,25,5.916,4.768,14385881,10142
24.110,a-cubic,open,182,429.297,41.231,0,25,5.893,4.77,14417737,10164
24.161,a-cubic,open,183,431.085,41.231,0,25,5.901,4.769,14446697,10185
24.211,a-cubic,open,183,432.45,41.231,0,25,5.882,4.755,14474209,10204
24.261,a-cubic,open,183,434.771,41.231,0,25,5.851,4.769,14498825,10221
24.311,a-cubic,open,184,435.236,41.231,0,25,5.877,4.769,14524889,10240
24.361,a-cubic,open,184,436.696,41.231,0,25,5.857,4.771,14565433,10268
24.411,a-cubic,open,185,438.09,41.231,0,25,5.87,4.769,14595841,10290
24.461,a-cubic,open,185,439.123,41.231,0,25,5.856,4.782,14627697,10312
24.511,a-cubic,open,186,441.132,41.231,0,25,5.861,4.769,14655209,10332
24.561,a-cubic,open,186,441.875,41.231,0,25,5.851,4.782,14687065,10354
24.612,a-cubic,recovery,184,442.779,41.231,1,26,5.871,4.745,14710233,10373
24.662,a-cubic,recovery,178,443.29,41.231,1,26,6.272,4.745,14710233,10385
24.712,a-cubic,recovery,174,442.605,41.231,1,26,6.627,4.771,14710233,10397
24.762,a-cubic,recovery,166,443.157,41.231,2,27,7.058,4.732,14710233,10411
24.812,a-cubic,recovery,159,443.132,41.231,2,27,7.591,4.732,14710233,10429
24.862,a-cubic,recovery,151,442.805,41.231,3,28,8.036,4.745,14710233,10444
24.912,a-cubic,recovery,145,443.022,41.231,3,28,8.535,4.758,14710233,10460
24.963,a-cubic,recovery,137,443.302,41.231,5,30,8.843,4.719,14710233,10471
25.013,a-cubic,recovery,130,443.455,41.231,5,30,9.279,4.719,14710233,10486
25.063,a-cubic,recovery,130,442.146,41.231,4,30,8.363,4.693,14781185,10505
25.113,a-cubic,recovery,130,436.724,41.231,4,30,8.912,4.523,14781185,10519
25.163,a-cubic,recovery,130,423.881,41.231,3,30,8.526,4.321,14836209,10537
25.213,a-cubic,recovery,130,403.369,41.231,3,30,9.753,4.075,14836209,10560
25.263,a-cubic,recovery,130,380.638,41.231,2,30,9.386,3.807,14907161,10583
25.313,a-cubic,open,130,364.295,41.231,0,30,4.961,3.608,15118569,10601
25.363,a-cubic,open,130,346.212,41.231,0,30,5.22,3.407,15150425,10623
25.414,a-cubic,open,131,334.021,41.231,0,30,5.452,3.452,15179385,10644
25.464,a-cubic,open,131,324.799,41.231,0,30,5.607,3.532,15202553,10660
25.514,a-cubic,open,132,319.061,41.231,0,30,5.751,3.734,15237305,10685
25.564,a-cubic,open,133,317.394,41.231,0,30,5.825,3.947,15269161,10708
25.614,a-cubic,open,133,317.485,41.231,0,30,5.823,4.198,15301017,10730
25.664,a-cubic,open,134,315.284,41.231,0,30,5.908,4.502,15329977,10751
25.714,a-cubic,open,135,315.215,41.231,0,30,5.953,4.622,15358937,10772
25.765,a-cubic,open,135,317.129,41.231,0,30,5.917,4.8,15386449,10791
25.815,a-cubic,open,136,318.85,41.231,0,30,5.929,4.746,15413961,10811
25.865,a-cubic,open,137,320.68,41.231,0,30,5.939,4.764,15448713,10836
25.915,a-cubic,open,138,323.442,41.231,0,30,5.931,4.746,15482017,10860
25.965,a-cubic,open,138,324.763,41.231,0,30,5.907,4.764,15509529,10879
26.015,a-cubic,open,139,326.275,41.231,0,30,5.922,4.747,15538489,10900
26.065,a-cubic,open,140,328.415,41.231,0,30,5.926,4.747,15567449,10921
26.115,a-cubic,open,140,329.487,41.231,0,30,5.906,4.73,15590617,10937
26.165,a-cubic,open,141,331.46,41.231,0,30,5.913,4.747,15622473,10960
26.215,a-cubic,open,142,333.48,41.231,0,30,5.919,4.747,15658673,10986
26.266,a-cubic,open,142,335.104,41.231,0,30,5.89,4.748,15687633,11006
26.316,a-cubic,open,143,336.036,41.231,0,30,5.915,4.782,15718041,11028
26.366,a-cubic,open,144,338.235,41.231,0,30,5.918,4.748,15748449,11050
26.416,a-cubic,open,144,339.481,41.231,0,30,5.896,4.782,15775961,11069
26.466,a-cubic,open,145,341.007,41.231,0,30,5.911,4.748,15800577,11087
26.516,a-cubic,open,145,343.345,41.231,0,30,5.871,4.748,15832433,11109
26.567,a-cubic,open,146,344.418,41.231,0,30,5.893,4.749,15864289,11132
26.617,a-cubic,open,146,346.435,41.231,0,30,5.858,4.748,15896145,11154
26.667,a-cubic,open,147,348.043,41.231,0,30,5.871,4.749,15925105,11175
26.717,a-cubic,open,148,348.925,41.231,0,30,5.896,4.766,15956961,11198
26.767,a-cubic,open,148,350.534,41.231,0,30,5.869,4.749,15981577,11215
26.817,a-cubic,open,149,351.453,41.231,0,30,5.893,4.749,16009089,11235
26.867,a-cubic,open,149,353.282,41.231,0,30,5.863,4.749,16042393,11258
26.917,a-cubic,open,149,353.741,41.231,0,30,5.855,4.782,16072801,11279
26.967,a-cubic,open,150,355.561,41.231,0,30,5.864,4.75,16104657,11302
27.018,a-cubic,open,150,357.621,41.231,0,30,5.831,4.75,16133617,11322
27.068,a-cubic,open,151,358.258,41.231,0,30,5.859,4.75,16165473,11345
27.118,a-cubic,open,151,360.047,41.231,0,30,5.83,4.75,16192985,11364
27.168,a-cubic,open,151,360.346,41.231,0,30,5.825,4.766,16216153,11380
27.218,a-cubic,open,152,362.393,41.231,0,30,5.83,4.75,16248009,11403
27.268,a-cubic,open,152,363.043,41.231,0,30,5.82,4.75,16284209,11428
27.318,a-cubic,open,153,364.315,41.231,0,30,5.838,4.766,16314617,11450
27.368,a-cubic,open,153,366.098,41.231,0,30,5.809,4.75,16342129,11469
27.418,a-cubic,open,153,366.396,41.231,0,30,5.805,4.766,16372537,11490
27.469,a-cubic,open,154,367.385,41.231,0,30,5.827,4.75,16401497,11511
27.519,a-cubic,open,154,367.965,41.231,0,30,5.818,4.75,16426113,11528
27.569,a-cubic,open,154,368.761,41.231,0,30,5.805,4.766,16455073,11548
27.619,a-cubic,open,155,370.463,41.231,0,30,5.816,4.75,16486929,11571
27.669,a-cubic,open,155,371.292,41.231,0,30,5.803,4.766,16520233,11594
27.719,a-cubic,open,155,371.904,41.231,0,30,5.793,4.766,16552089,11616
27.769,a-cubic,open,155,372.587,41.231,0,30,5.783,4.75,16578153,11634
27.819,a-cubic,open,156,373.625,41.231,0,30,5.804,4.782,16610009,11657
27.869,a-cubic,open,156,374.356,41.231,0,30,5.793,4.766,16637521,11676
27.919,a-cubic,open,156,374.162,41.231,0,30,5.796,4.766,16663585,11694
27.970,a-cubic,open,156,375.123,41.231,0,30,5.781,4.766,16693993,11715
28.020,a-cubic,open,156,375.596,41.231,0,30,5.774,4.767,16731641,11741
28.070,a-cubic,open,157,376.59,41.231,0,30,5.795,4.767,16760601,11762
28.120,a-cubic,open,157,377.408,41.231,0,30,5.783,4.767,16786665,11780
28.170,a-cubic,open,157,378.093,41.231,0,30,5.772,4.767,16819969,11803
28.220,a-cubic,open,157,379.535,41.231,0,30,5.75,4.767,16847481,11822
28.270,a-cubic,open,157,379.525,41.231,0,30,5.75,4.767,16874993,11841
28.321,a-cubic,open,157,378.91,41.231,0,30,5.76,4.767,16902505,11860
28.371,a-cubic,open,157,379.719,41.231,0,30,5.747,4.751,16932913,11881
28.421,a-cubic,open,158,379.916,41.231,0,30,5.781,4.751,16966217,11905
28.471,a-cubic,open,158,381.252,41.231,0,30,5.761,4.767,16999521,11928
28.521,a-cubic,open,158,381.926,41.231,0,30,5.751,4.782,17027033,11947
28.571,a-cubic,open,158,381.849,41.231,0,30,5.752,4.767,17058889,11969
28.621,a-cubic,open,158,381.999,41.231,0,30,5.75,4.767,17086401,11988
28.672,a-cubic,open,158,381.566,41.231,0,30,5.756,4.767,17111017,12005
28.722,a-cubic,open,158,381.438,41.231,0,30,5.758,4.782,17142873,12027
28.772,a-cubic,open,158,382.315,41.231,0,30,5.745,4.752,17177625,12051
28.822,a-cubic,open,158,383.57,41.231,0,30,5.726,4.767,17209481,12073
28.872,a-cubic,open,158,384.158,41.231,0,30,5.717,4.752,17236993,12092
28.922,a-cubic,open,158,384.126,41.231,0,30,5.718,4.767,17264505,12111
28.972,a-cubic,open,158,384.036,41.231,0,30,5.719,4.782,17297809,12134
29.022,a-cubic,open,158,384.981,41.231,0,30,5.705,4.752,17323873,12152
29.072,a-cubic,open,158,384.191,41.231,0,30,5.717,4.767,17351385,12171
29.123,a-cubic,open,158,384.07,41.231,0,30,5.719,4.782,17381793,12192
29.173,a-cubic,open,158,383.556,41.231,0,30,5.726,4.782,17415097,12215
29.223,a-cubic,open,158,383.478,41.231,0,30,5.727,4.767,17446953,12237
29.273,a-cubic,open,158,384.576,41.231,0,30,5.711,4.767,17473017,12255
29.323,a-cubic,open,158,384.101,41.231,0,30,5.718,4.767,17506321,12278
29.373,a-cubic,open,158,384.608,41.231,0,30,5.711,4.767,17536729,12299
29.423,a-cubic,open,158,384.303,41.231,0,30,5.715,4.767,17559897,12315
29.473,a-cubic,open,158,384.287,41.231,0,30,5.715,4.782,17590305,12336
29.523,a-cubic,open,158,383.921,41.231,0,30,5.721,4.782,17619265,12356
29.574,a-cubic,open,158,384.426,41.231,0,30,5.713,4.767,17654017,12380
29.624,a-cubic,open,158,383.913,41.231,0,30,5.721,4.767,17685873,12402
29.674,a-cubic,open,158,384.661,41.231,0,30,5.71,4.752,17714833,12422
29.724,a-cubic,open,158,384.319,41.231,0,30,5.715,4.767,17745241,12443
29.774,a-cubic,open,158,384.678,41.231,0,30,5.71,4.767,17772753,12462
29.824,a-cubic,open,158,384.477,41.231,0,30,5.712,4.767,17797369,12479
29.874,a-cubic,open,158,384.277,41.231,0,30,5.715,4.767,17827777,12500
29.924,a-cubic,open,158,383.607,41.231,0,30,5.725,4.757,17861081,12523
29.975,a-cubic,open,158,383.757,41.231,0,30,5.723,4.767,17897281,12548
30.025,a-cubic,open,158,384.079,41.231,0,30,5.718,4.767,17923345,12566
30.075,a-cubic,open,158,384.442,41.231,0,30,5.713,4.767,17953753,12587
30.125,a-cubic,open,158,384.754,41.231,0,30,5.708,4.767,17981265,12606
30.175,a-cubic,open,158,384.623,41.231,0,30,5.71,4.767,18010225,12626
30.225,a-cubic,open,158,384.159,41.231,0,30,5.717,4.767,18037737,12645
30.275,a-cubic,open,158,383.674,41.231,0,30,5.724,4.767,18069593,12667
30.325,a-cubic,open,158,384.3,41.231,0,30,5.715,4.732,18102897,12690
30.375,a-cubic,open,158,384.116,41.231,0,30,5.718,4.737,18134753,12712
30.425,a-cubic,open,158,384.261,41.231,0,30,5.716,4.767,18160817,12730
30.476,a-cubic,open,158,384.173,41.231,0,30,5.717,4.767,18191225,12751
30.526,a-cubic,open,158,384.781,41.231,0,30,5.708,4.767,18221633,12772
30.576,a-cubic,open,158,384.589,41.231,0,30,5.711,4.767,18247697,12790
30.626,a-cubic,open,158,384.315,41.231,0,30,5.715,4.767,18275209,12809
30.676,a-cubic,open,158,384.014,41.231,0,30,5.719,4.767,18308513,12832
30.726,a-cubic,open,158,384.065,41.231,0,30,5.719,4.767,18338921,12853
30.776,a-cubic,open,159,384.335,41.231,0,30,5.751,4.767,18370777,12876
30.826,a-cubic,open,159,384.227,41.231,0,30,5.752,4.767,18399737,12896
30.876,a-cubic,open,159,384.16,41.231,0,30,5.753,4.767,18430145,12917
30.927,a-cubic,open,159,384.436,41.231,0,30,5.749,4.767,18459105,12937
30.977,a-cubic,open,159,384.604,41.231,0,30,5.747,4.767,18486617,12956
31.027,a-cubic,open,159,384.643,41.231,0,30,5.746,4.752,18515577,12976
31.077,a-cubic,open,159,384.132,41.231,0,30,5.754,4.767,18550329,13000
31.127,a-cubic,open,160,385.388,41.231,0,30,5.771,4.752,18582185,13023
31.177,a-cubic,open,160,386.488,41.231,0,30,5.755,4.767,18609697,13042
31.227,a-cubic,open,160,386.835,41.231,0,30,5.75,4.767,18640105,13063
31.277,a-cubic,open,160,386.739,41.231,0,30,5.751,4.767,18669065,13083
31.327,a-cubic,open,160,387.221,41.231,0,30,5.744,4.782,18696577,13102
31.378,a-cubic,open,160,386.808,41.231,0,30,5.75,4.767,18725537,13122
31.428,a-cubic,open,160,386.623,41.231,0,30,5.753,4.782,18753049,13141
31.478,a-cubic,open,160,386.939,41.231,0,30,5.748,4.767,18786353,13164
31.528,a-cubic,open,161,388.017,41.231,0,30,5.768,4.767,18819657,13188
31.578,a-cubic,open,161,389.307,41.231,0,30,5.749,4.751,18847169,13207
31.628,a-cubic,open,161,389.297,41.231,0,30,5.749,4.766,18879025,13229
31.678,a-cubic,open,161,389.204,41.231,0,30,5.75,4.766,18907985,13249
31.728,a-cubic,open,162,389.623,41.231,0,30,5.78,4.766,18935497,13269
31.778,a-cubic,open,162,389.185,41.231,0,30,5.786,4.766,18963009,13288
31.829,a-cubic,open,162,388.54,41.231,0,30,5.796,4.766,18993417,13309
31.879,a-cubic,open,162,389.753,41.231,0,30,5.778,4.752,19023825,13330
31.929,a-cubic,open,163,390.289,41.231,0,30,5.806,4.767,19055681,13353
31.979,a-cubic,open,163,391.797,41.231,0,30,5.783,4.767,19087537,13375
32.029,a-cubic,open,163,391.533,41.231,0,30,5.787,4.782,19120841,13398
32.079,a-cubic,open,163,392.405,41.231,0,30,5.774,4.752,19148353,13417
32.129,a-cubic,open,164,394.355,41.231,0,30,5.781,4.767,19172969,13435
32.179,a-cubic,open,164,393.807,41.231,0,30,5.789,4.767,19203377,13456
32.229,a-cubic,open,165,393.466,41.231,0,30,5.829,4.767,19235233,13479
32.280,a-cubic,open,165,393.662,41.231,0,30,5.826,4.753,19261297,13497
32.330,a-cubic,open,165,394.775,41.231,0,30,5.81,4.768,19294601,13520
32.380,a-cubic,open,166,396.075,41.231,0,30,5.826,4.767,19326457,13543
32.430,a-cubic,open,166,396.819,41.231,0,30,5.815,4.753,19356865,13564
32.480,a-cubic,open,166,396.849,41.231,0,30,5.815,4.767,19382929,13582
32.530,a-cubic,open,167,399.024,41.231,0,30,5.818,4.768,19408993,13601
32.580,a-cubic,open,167,399.564,41.231,0,30,5.81,4.753,19440849,13623
32.630,a-cubic,open,168,399.447,41.231,0,30,5.846,4.768,19474153,13647
32.680,a-cubic,open,168,400.886,41.231,0,30,5.825,4.753,19500217,13665
32.731,a-cubic,open,169,402.25,41.231,0,30,5.84,4.753,19533521,13689
32.781,a-cubic,open,169,403.198,41.231,0,30,5.826,4.754,19565377,13711
32.831,a-cubic,open,170,404.181,41.231,0,30,5.847,4.754,19597233,13734
32.881,a-cubic,open,171,404.581,41.231,0,30,5.875,4.753,19621849,13752
32.931,a-cubic,open,171,405.987,41.231,0,30,5.855,4.782,19649361,13771
32.981,a-cubic,open,172,407.2,41.231,0,30,5.872,4.754,19679769,13793
33.031,a-cubic,open,172,407.541,41.231,0,30,5.867,4.782,19708729,13813
33.081,a-cubic,open,173,409.02,41.231,0,30,5.879,4.754,19739137,13835
33.131,a-cubic,open,174,409.381,41.231,0,30,5.908,4.768,19773889,13860
33.182,a-cubic,open,174,412.171,41.231,0,30,5.868,4.754,19799953,13878
33.232,a-cubic,open,175,412.821,41.231,0,30,5.893,4.754,19831809,13901
33.282,a-cubic,open,176,413.34,41.231,0,30,5.919,4.768,19857873,13920
33.332,a-cubic,open,176,415.947,41.231,0,30,5.882,4.754,19888281,13941
33.382,a-cubic,open,177,417.564,41.231,0,30,5.892,4.74,19917241,13962
33.432,a-cubic,open,178,418.557,41.231,0,30,5.912,4.754,19949097,13985
33.482,a-cubic,open,179,419.389,41.231,0,30,5.933,4.782,19979505,14007
33.532,a-cubic,open,180,421.328,41.231,0,30,5.939,4.754,20009913,14029
33.583,a-cubic,open,180,423.595,41.231,0,30,5.907,4.755,20038873,14049
33.633,a-cubic,open,181,424.614,41.231,0,30,5.925,4.755,20070729,14072
33.683,a-cubic,open,182,426.668,41.231,0,30,5.93,4.741,20101137,14094
33.733,a-cubic,open,183,428.242,41.231,0,30,5.94,4.755,20128649,14114
33.783,a-cubic,open,184,429.453,41.231,0,30,5.956,4.755,20154713,14133
33.833,a-cubic,open,185,431.559,41.231,0,30,5.959,4.742,20185121,14155
33.883,a-cubic,open,186,433.349,41.231,0,30,5.966,4.769,20216977,14178
33.934,a-cubic,open,187,435.334,41.231,0,30,5.971,4.755,20245937,14199
33.984,a-cubic,open,188,436.638,41.231,0,30,5.985,4.769,20279241,14223
34.034,a-cubic,open,189,439.486,41.231,0,30,5.978,4.742,20306753,14243
34.084,a-cubic,open,190,441.166,41.231,0,30,5.987,4.743,20338609,14266
34.134,a-cubic,open,191,443.398,41.231,0,30,5.988,4.769,20369017,14288
34.184,a-cubic,open,192,443.593,41.231,0,30,6.017,4.795,20393633,14306
34.234,a-cubic,recovery,186,443.627,41.231,1,31,6.33,4.771,20400873,14322
34.284,a-cubic,recovery,179,443.524,41.231,2,32,6.77,4.771,20400873,14338
34.334,a-cubic,recovery,171,443.692,41.231,4,34,7.175,4.745,20400873,14352
34.384,a-cubic,recovery,165,443.406,41.231,4,34,7.587,4.784,20400873,14366
34.435,a-cubic,recovery,156,442.704,41.231,5,35,8.101,4.745,20400873,14382
34.485,a-cubic,recovery,150,443.434,41.231,6,36,8.464,4.758,20400873,14396
34.535,a-cubic,recovery,143,443.663,41.231,7,37,8.867,4.745,20400873,14410
34.585,a-cubic,recovery,134,442.937,41.231,9,39,9.258,4.758,20400873,14424
34.635,a-cubic,recovery,134,436.461,41.231,8,39,9.109,4.749,20448657,14448
34.685,a-cubic,recovery,134,417.352,41.231,7,39,9.459,4.523,20480513,14468
34.735,a-cubic,recovery,134,395.53,41.231,5,39,9.278,4.276,20541329,14490
34.785,a-cubic,recovery,134,374.007,41.231,4,39,9.849,4.073,20570289,14511
34.836,a-cubic,recovery,134,352.068,41.231,3,39,10.503,3.807,20599249,14532
34.886,a-cubic,open,134,334.325,41.231,0,39,5.572,3.587,20819345,14551
34.936,a-cubic,open,134,329.094,41.231,0,39,5.66,3.532,20848305,14571
34.986,a-cubic,open,135,328.321,41.231,0,39,5.716,3.691,20877265,14592
35.036,a-cubic,open,136,327.325,41.231,0,39,5.776,3.872,20909121,14615
35.086,a-cubic,open,137,327.552,41.231,0,39,5.814,4.094,20938081,14636
35.136,a-cubic,open,138,326.695,41.231,0,39,5.872,4.359,20971385,14660
35.186,a-cubic,open,139,327.232,41.231,0,39,5.905,4.66,21000345,14681
35.236,a-cubic,open,140,326.326,41.231,0,39,5.964,4.779,21024961,14699
35.287,a-cubic,open,141,325.022,41.231,0,39,6.03,4.77,21056817,14722
35.337,a-cubic,open,142,326.559,41.231,0,39,6.045,4.764,21087225,14744
35.387,a-cubic,open,143,328.209,41.231,0,39,6.057,4.782,21117633,14766
35.437,a-cubic,open,145,330.542,41.231,0,39,6.098,4.799,21150937,14791
35.487,a-cubic,open,146,332.427,41.231,0,39,6.105,4.799,21177001,14810
35.537,a-cubic,open,147,335.102,41.231,0,39,6.098,4.799,21210305,14834
35.587,a-cubic,open,148,337.298,41.231,0,39,6.099,4.782,21233473,14851
35.638,a-cubic,open,149,340.952,41.231,0,39,6.075,4.765,21268225,14875
35.688,a-cubic,open,150,343.236,41.231,0,39,6.075,4.765,21295737,14896
35.738,a-cubic,open,152,346.062,41.231,0,39,6.106,4.765,21327593,14919
35.788,a-cubic,open,153,349.081,41.231,0,39,6.093,4.765,21356553,14941
35.838,a-cubic,open,154,352.412,41.231,0,39,6.074,4.782,21388409,14964
35.888,a-cubic,open,155,354.388,41.231,0,39,6.08,4.782,21420265,14987
35.938,a-cubic,open,156,356.806,41.231,0,39,6.078,4.798,21444881,15005
35.988,a-cubic,open,157,359.046,41.231,0,39,6.078,4.782,21476737,15028
36.039,a-cubic,open,158,361.698,41.231,0,39,6.072,4.798,21504249,15048
36.089,a-cubic,open,159,364.894,41.231,0,39,6.057,4.766,21537553,15072
36.139,a-cubic,open,160,366.861,41.231,0,39,6.063,4.782,21566513,15093
36.189,a-cubic,open,161,370.453,41.231,0,39,6.041,4.766,21598369,15116
36.239,a-cubic,open,162,372.476,41.231,0,39,6.046,4.782,21628777,15138
36.289,a-cubic,open,163,375.166,41.231,0,39,6.04,4.767,21656289,15158
36.339,a-cubic,open,164,378.264,41.231,0,39,6.027,4.782,21682353,15177
36.389,a-cubic,open,165,380.096,41.231,0,39,6.034,4.782,21715657,15201
36.440,a-cubic,open,166,382.562,41.231,0,39,6.032,4.782,21744617,15222
36.490,a-cubic,open,167,385.262,41.231,0,39,6.026,4.767,21776473,15245
36.540,a-cubic,open,168,387.588,41.231,0,39,6.025,4.767,21805433,15266
36.590,a-cubic,open,169,390.378,41.231,0,39,6.018,4.767,21837289,15289
36.640,a-cubic,open,170,392.526,41.231,0,39,6.02,4.782,21869145,15312
36.690,a-cubic,open,170,394.825,41.231,0,39,5.985,4.767,21892313,15328
36.740,a-cubic,open,171,396.947,41.231,0,39,5.988,4.782,21925617,15352
36.791,a-cubic,open,172,399.121,41.231,0,39,5.991,4.768,21954577,15373
36.841,a-cubic,open,173,401.381,41.231,0,39,5.991,4.768,21984985,15395
36.891,a-cubic,open,173,404.307,41.231,0,39,5.948,4.768,22015393,15416
36.941,a-cubic,open,174,406.547,41.231,0,39,5.949,4.768,22044353,15437
36.991,a-cubic,open,175,407.8,41.231,0,39,5.965,4.782,22079105,15462
37.041,a-cubic,open,176,408.798,41.231,0,39,5.985,4.782,22108065,15483
37.091,a-cubic,open,176,411.894,41.231,0,39,5.94,4.768,22135577,15502
37.141,a-cubic,open,177,414.407,41.231,0,39,5.937,4.768,22161641,15521
37.192,a-cubic,open,178,415.39,41.231,0,39,5.957,4.768,22194945,15545
37.242,a-cubic,open,178,417.744,41.231,0,39,5.923,4.768,22221009,15563
37.292,a-cubic,open,179,419.532,41.231,0,39,5.931,4.768,22257209,15589
37.342,a-cubic,open,179,421.684,41.231,0,39,5.901,4.768,22283273,15607
37.392,a-cubic,open,180,423.283,41.231,0,39,5.911,4.768,22315129,15630
37.442,a-cubic,open,180,424.113,41.231,0,39,5.9,4.768,22344089,15650
37.492,a-cubic,open,181,426.522,41.231,0,39,5.899,4.768,22375945,15673
37.543,a-cubic,open,182,426.681,41.231,0,39,5.929,4.769,22399113,15690
37.593,a-cubic,open,182,428.546,41.231,0,39,5.904,4.769,22429521,15711
37.643,a-cubic,open,182,431.021,41.231,0,39,5.87,4.782,22461377,15733
37.693,a-cubic,open,183,433.538,41.231,0,39,5.868,4.756,22493233,15756
37.743,a-cubic,open,183,434.446,41.231,0,39,5.855,4.769,22523641,15777
37.793,a-cubic,open,184,436.005,41.231,0,39,5.866,4.756,22551153,15797
37.843,a-cubic,open,184,437.275,41.231,0,39,5.849,4.755,22585905,15821
37.894,a-cubic,open,185,437.509,41.231,0,39,5.878,4.769,22614865,15842
37.944,a-cubic,open,185,439.926,41.231,0,39,5.846,4.756,22643825,15862
37.994,a-cubic,open,186,440.697,41.231,0,39,5.867,4.782,22665545,15878
38.044,a-cubic,open,186,442.025,41.231,0,39,5.849,4.782,22701745,15903
38.094,a-cubic,open,186,442.592,41.231,0,39,5.842,4.769,22732153,15924
38.144,a-cubic,open,187,443.67,41.231,0,39,5.859,4.782,22761113,15945
38.194,a-cubic,open,187,443.738,41.231,0,39,5.858,4.808,22794417,15968
38.245,a-cubic,open,187,443.376,41.231,0,39,5.863,4.821,22820481,15986
38.295,a-cubic,open,188,443.371,41.231,0,39,5.894,4.808,22859577,16014
38.345,a-cubic,open,188,442.954,41.231,0,39,5.9,4.848,22888537,16034
38.395,a-cubic,recovery,184,443.179,41.231,1,40,6.21,4.797,22894329,16050
38.445,a-cubic,recovery,178,443.046,41.231,2,41,6.526,4.797,22894329,16061
38.495,a-cubic,recovery,170,443.205,41.231,2,41,7.057,4.797,22894329,16077
38.545,a-cubic,recovery,164,443.098,41.231,2,41,7.498,4.797,22894329,16092
38.595,a-cubic,recovery,156,437.067,41.231,2,41,8.174,4.861,22894329,16109
38.646,a-cubic,recovery,149,429.874,41.231,2,41,8.86,4.839,22894329,16126
38.696,a-cubic,recovery,141,419.453,41.231,2,41,9.677,4.839,22894329,16145
38.746,a-cubic,recovery,133,413.675,41.231,2,41,10.417,4.886,22894329,16162
38.796,a-cubic,recovery,131,401.701,41.231,1,41,10.451,4.746,22933425,16182
38.846,a-cubic,open,131,385.852,41.231,0,41,4.719,4.549,23209993,16201
38.896,a-cubic,open,131,371.494,41.231,0,41,4.902,4.352,23236057,16219
38.946,a-cubic,open,132,356.239,41.231,0,41,5.151,4.155,23270809,16244
38.996,a-cubic,open,132,346.586,41.231,0,41,5.294,4.031,23296873,16262
39.047,a-cubic,open,133,333.723,41.231,0,41,5.54,3.822,23331625,16287
39.097,a-cubic,open,134,324.712,41.231,0,41,5.736,3.76,23360585,16308
39.147,a-cubic,open,134,321.068,41.231,0,41,5.802,4.001,23388097,16327
39.197,a-cubic,open,135,316.449,41.231,0,41,5.93,4.14,23419953,16350
39.247,a-cubic,open,136,315.352,41.231,0,41,5.995,4.342,23450361,16372
39.297,a-cubic,open,136,317.029,41.231,0,41,5.963,4.495,23479321,16392
39.347,a-cubic,open,137,318.643,41.231,0,41,5.977,4.644,23509729,16414
39.397,a-cubic,open,138,320.572,41.231,0,41,5.984,4.782,23541585,16437
39.448,a-cubic,open,139,322.373,41.231,0,41,5.994,4.818,23569097,16457
39.498,a-cubic,open,139,323.929,41.231,0,41,5.965,4.8,23600953,16479
39.548,a-cubic,open,140,325.985,41.231,0,41,5.97,4.782,23627017,16498
39.598,a-cubic,open,141,328.319,41.231,0,41,5.97,4.782,23658873,16521
39.648,a-cubic,open,141,329.347,41.231,0,41,5.951,4.8,23689281,16542
39.698,a-cubic,open,142,331.589,41.231,0,41,5.953,4.782,23722585,16566
39.748,a-cubic,open,143,333.336,41.231,0,41,5.963,4.782,23754441,16589
39.799,a-cubic,open,143,334.724,41.231,0,41,5.939,4.799,23776161,16604
39.849,a-cubic,open,144,336.933,41.231,0,41,5.941,4.799,23809465,16628
39.899,a-cubic,open,145,338.328,41.231,0,41,5.958,4.782,23838425,16649
39.949,a-cubic,open,145,339.679,41.231,0,41,5.934,4.782,23868833,16670
39.999,a-cubic,open,146,341.484,41.231,0,41,5.943,4.799,23900689,16693
40.049,a-cubic,open,147,343.515,41.231,0,41,5.949,4.782,23932545,16716
40.099,a-cubic,open,147,344.816,41.231,0,41,5.926,4.799,23961505,16736
40.149,a-cubic,open,148,346.309,41.231,0,41,5.941,4.782,23986121,16754
40.200,a-cubic,open,148,347.836,41.231,0,41,5.915,4.782,24019425,16777
40.250,a-cubic,open,149,349.229,41.231,0,41,5.931,4.799,24048385,16798
40.300,a-cubic,open,149,350.727,41.231,0,41,5.905,4.782,24078793,16819
40.350,a-cubic,open,150,352.76,41.231,0,41,5.911,4.782,24107753,16840
40.400,a-cubic,open,150,353.132,41.231,0,41,5.905,4.798,24139609,16862
40.450,a-cubic,open,151,354.797,41.231,0,41,5.916,4.782,24174361,16887
40.500,a-cubic,open,151,355.682,41.231,0,41,5.901,4.798,24197529,16903
40.550,a-cubic,open,151,357.768,41.231,0,41,5.867,4.798,24227937,16924
40.601,a-cubic,open,152,359.137,41.231,0,41,5.883,4.799,24258345,16946
40.651,a-cubic,open,152,360.266,41.231,0,41,5.865,4.795,24288753,16967
40.701,a-cubic,open,153,361.416,41.231,0,41,5.885,4.782,24319161,16989
40.751,a-cubic,open,153,362.79,41.231,0,41,5.862,4.782,24351017,17011
40.801,a-cubic,open,153,363.028,41.231,0,41,5.859,4.782,24382873,17033
40.851,a-cubic,open,154,364.712,41.231,0,41,5.87,4.782,24407489,17051
40.901,a-cubic,open,154,365.279,41.231,0,41,5.861,4.779,24439345,17073
40.951,a-cubic,open,155,366.34,41.231,0,41,5.881,4.813,24469753,17095
41.002,a-cubic,open,155,367.701,41.231,0,41,5.86,4.782,24500161,17116
41.052,a-cubic,open,155,367.991,41.231,0,41,5.855,4.782,24529121,17136
41.102,a-cubic,open,155,370.25,41.231,0,41,5.819,4.782,24559529,17157
41.152,a-cubic,open,156,370.303,41.231,0,41,5.856,4.782,24592833,17181
41.202,a-cubic,open,156,371.465,41.231,0,41,5.838,4.798,24621793,17201
41.252,a-cubic,open,156,371.789,41.231,0,41,5.833,4.798,24647857,17219
41.302,a-cubic,open,156,372.621,41.231,0,41,5.82,4.798,24678265,17240
41.353,a-cubic,open,157,373.808,41.231,0,41,5.838,4.798,24708673,17262
41.403,a-cubic,open,157,375.035,41.231,0,41,5.819,4.782,24736185,17281
41.453,a-cubic,open,157,375.52,41.231,0,41,5.812,4.798,24768041,17303
41.503,a-cubic,open,157,375.453,41.231,0,41,5.813,4.798,24799897,17325
41.553,a-cubic,open,158,376.21,41.231,0,41,5.838,4.782,24830305,17347
41.603,a-cubic,open,158,377.592,41.231,0,41,5.817,4.782,24859265,17367
41.653,a-cubic,open,158,377.375,41.231,0,41,5.82,4.797,24891121,17389
41.703,a-cubic,open,158,378.165,41.231,0,41,5.808,4.782,24918633,17408
41.754,a-cubic,open,158,379.471,41.231,0,41,5.788,4.797,24950489,17430
41.804,a-cubic,open,158,380.161,41.231,0,41,5.777,4.782,24978001,17449
41.854,a-cubic,open,158,380.499,41.231,0,41,5.772,4.799,25009857,17471
41.904,a-cubic,open,158,380.212,41.231,0,41,5.777,4.782,25043161,17494
41.954,a-cubic,open,159,381.011,41.231,0,41,5.801,4.797,25073569,17516
42.004,a-cubic,open,159,382.077,41.231,0,41,5.785,4.797,25096737,17532
42.054,a-cubic,open,159,382.321,41.231,0,41,5.781,4.797,25128593,17554
42.105,a-cubic,open,159,383.413,41.231,0,41,5.765,4.782,25159001,17575
42.155,a-cubic,open,159,382.876,41.231,0,41,5.773,4.782,25189409,17596
42.205,a-cubic,open,159,382.63,41.231,0,41,5.776,4.782,25215473,17614
42.255,a-cubic,open,159,383.272,41.231,0,41,5.767,4.785,25251673,17639
42.305,a-cubic,open,159,382.8,41.231,0,41,5.774,4.782,25280633,17659
42.355,a-cubic,open,159,384.251,41.231,0,41,5.752,4.797,25311041,17680
42.405,a-cubic,open,159,384.557,41.231,0,41,5.747,4.782,25338553,17699
42.455,a-cubic,open,159,385.041,41.231,0,41,5.74,4.797,25368961,17720
42.505,a-cubic,open,159,385.455,41.231,0,41,5.734,4.782,25397921,17740
42.556,a-cubic,open,159,385.17,41.231,0,41,5.738,4.782,25428329,17761
42.606,a-cubic,open,159,385.381,41.231,0,41,5.735,4.782,25455841,17780
42.656,a-cubic,open,159,385.206,41.231,0,41,5.738,4.797,25492041,17805
42.706,a-cubic,open,159,384.897,41.231,0,41,5.742,4.797,25525345,17828
42.756,a-cubic,open,159,386.037,41.231,0,41,5.725,4.782,25548513,17844
42.806,a-cubic,open,159,384.96,41.231,0,41,5.741,4.782,25580369,17866
42.856,a-cubic,open,159,385.099,41.231,0,41,5.739,4.782,25607881,17885
42.906,a-cubic,open,159,384.82,41.231,0,41,5.744,4.782,25639737,17907
42.956,a-cubic,open,159,385.126,41.231,0,41,5.739,4.782,25667249,17926
43.007,a-cubic,open,159,385.621,41.231,0,41,5.732,4.782,25696209,17946
43.057,a-cubic,open,159,384.96,41.231,0,41,5.741,4.766,25733857,17972
43.107,a-cubic,open,159,385.031,41.231,0,41,5.74,4.782,25764265,17993
43.157,a-cubic,open,159,385.348,41.231,0,41,5.736,4.782,25787433,18009
43.207,a-cubic,open,159,384.658,41.231,0,41,5.746,4.782,25819289,18031
43.257,a-cubic,open,159,384.905,41.231,0,41,5.742,4.797,25845353,18049
43.307,a-cubic,open,159,385.056,41.231,0,41,5.74,4.782,25878657,18072
43.357,a-cubic,open,159,385.059,41.231,0,41,5.74,4.782,25906169,18091
43.408,a-cubic,open,159,385.132,41.231,0,41,5.739,4.782,25940921,18115
43.458,a-cubic,open,159,384.862,41.231,0,41,5.743,4.782,25971329,18136
43.508,a-cubic,open,159,384.918,41.231,0,41,5.742,4.782,26000289,18156
43.558,a-cubic,open,159,385.014,41.231,0,41,5.741,4.782,26029249,18176
43.608,a-cubic,open,159,384.949,41.231,0,41,5.742,4.782,26058209,18196
43.658,a-cubic,open,159,385.596,41.231,0,41,5.732,4.782,26087169,18216
43.708,a-cubic,open,159,385.018,41.231,0,41,5.741,4.797,26114681,18235
43.758,a-cubic,open,159,385.117,41.231,0,41,5.739,4.782,26145089,18256
43.808,a-cubic,open,159,385.051,41.231,0,41,5.74,4.752,26179841,18280
43.859,a-cubic,open,159,385.038,41.231,0,41,5.74,4.797,26213145,18303
43.909,a-cubic,open,159,385.381,41.231,0,41,5.735,4.782,26239209,18321
43.959,a-cubic,open,159,385.088,41.231,0,41,5.74,4.782,26268169,18341
44.009,a-cubic,open,159,384.945,41.231,0,41,5.742,4.782,26297129,18361
44.059,a-cubic,open,159,385.807,41.231,0,41,5.729,4.782,26330433,18384
44.109,a-cubic,open,159,385.229,41.231,0,41,5.737,4.782,26357945,18403
44.159,a-cubic,open,159,385.117,41.231,0,41,5.739,4.782,26384009,18421
44.209,a-cubic,open,159,384.8,41.231,0,41,5.744,4.777,26421657,18447
44.259,a-cubic,open,159,385.582,41.231,0,41,5.732,4.782,26450617,18467
44.310,a-cubic,open,160,385.584,41.231,0,41,5.768,4.797,26476681,18486
44.360,a-cubic,open,160,384.953,41.231,0,41,5.778,4.782,26507089,18507
44.410,a-cubic,open,160,384.733,41.231,0,41,5.781,4.782,26534601,18526
44.460,a-cubic,open,160,385.213,41.231,0,41,5.774,4.797,26569353,18550
44.510,a-cubic,open,160,384.997,41.231,0,41,5.777,4.782,26596865,18569
44.560,a-cubic,open,160,385.356,41.231,0,41,5.772,4.782,26628721,18591
44.610,a-cubic,open,160,384.779,41.231,0,41,5.78,4.782,26660577,18613
44.660,a-cubic,open,160,385.146,41.231,0,41,5.775,4.782,26688089,18632
44.710,a-cubic,open,161,386.984,41.231,0,41,5.783,4.797,26718497,18654
44.761,a-cubic,open,161,387.38,41.231,0,41,5.777,4.782,26747457,18674
44.811,a-cubic,open,161,387.476,41.231,0,41,5.776,4.782,26774969,18693
44.861,a-cubic,open,161,387.409,41.231,0,41,5.777,4.797,26806825,18715
44.911,a-cubic,open,161,387.533,41.231,0,41,5.775,4.782,26831441,18732
44.961,a-cubic,open,161,387.869,41.231,0,41,5.77,4.782,26867641,18757
45.011,a-cubic,open,161,387.591,41.231,0,41,5.774,4.782,26900945,18780
45.061,a-cubic,open,162,388.564,41.231,0,41,5.796,4.797,26927009,18799
45.112,a-cubic,open,162,389.317,41.231,0,41,5.784,4.797,26957417,18820
45.162,a-cubic,open,162,389.622,41.231,0,41,5.78,4.782,26986377,18840
45.212,a-cubic,open,162,389.862,41.231,0,41,5.776,4.782,27018233,18862
45.262,a-cubic,open,163,389.925,41.231,0,41,5.811,4.782,27045745,18882
45.312,a-cubic,open,163,390.048,41.231,0,41,5.809,4.782,27073257,18901
45.362,a-cubic,open,163,390.005,41.231,0,41,5.81,4.782,27106561,18924
45.412,a-cubic,open,163,390.027,41.231,0,41,5.809,4.782,27141313,18948
45.462,a-cubic,open,164,391.521,41.231,0,41,5.823,4.797,27168825,18968
45.512,a-cubic,open,164,391.568,41.231,0,41,5.822,4.782,27197785,18988
45.563,a-cubic,open,164,391.884,41.231,0,41,5.817,4.797,27226745,19008
45.613,a-cubic,open,164,392.247,41.231,0,41,5.812,4.797,27257153,19029
45.663,a-cubic,open,165,393.064,41.231,0,41,5.835,4.797,27287561,19051
45.713,a-cubic,open,165,394.286,41.231,0,41,5.817,4.782,27315073,19070
45.763,a-cubic,open,166,394.804,41.231,0,41,5.845,4.782,27349825,19095
45.814,a-cubic,open,166,394.678,41.231,0,41,5.847,4.782,27380233,19116
45.864,a-cubic,open,166,395.972,41.231,0,41,5.828,4.797,27409193,19136
45.914,a-cubic,open,167,396.108,41.231,0,41,5.861,4.797,27438153,19157
45.964,a-cubic,open,167,396.675,41.231,0,41,5.852,4.782,27464217,19175
46.014,a-cubic,open,168,397.304,41.231,0,41,5.878,4.797,27497521,19199
46.064,a-cubic,open,168,398.729,41.231,0,41,5.857,4.782,27526481,19219
46.114,a-cubic,open,168,399.455,41.231,0,41,5.846,4.782,27553993,19238
46.164,a-cubic,open,169,400.178,41.231,0,41,5.87,4.796,27588745,19263
46.215,a-cubic,open,170,401.698,41.231,0,41,5.883,4.796,27620601,19286
46.265,a-cubic,open,170,402.739,41.231,0,41,5.868,4.782,27648113,19305
46.315,a-cubic,open,171,402.299,41.231,0,41,5.909,4.811,27679969,19328
46.365,a-cubic,open,171,403.681,41.231,0,41,5.888,4.782,27706033,19346
46.415,a-cubic,open,172,404.448,41.231,0,41,5.912,4.767,27736441,19368
46.465,a-cubic,open,172,405.382,41.231,0,41,5.898,4.796,27766849,19389
46.515,a-cubic,open,173,406.573,41.231,0,41,5.915,4.796,27791465,19407
46.565,a-cubic,open,173,408.436,41.231,0,41,5.888,4.782,27824769,19430
46.615,a-cubic,open,174,409.663,41.231,0,41,5.904,4.782,27860969,19456
46.665,a-cubic,open,175,410.758,41.231,0,41,5.922,4.782,27888481,19476
46.716,a-cubic,open,176,412.067,41.231,0,41,5.937,4.782,27918889,19498
46.766,a-cubic,open,176,412.77,41.231,0,41,5.927,4.782,27944953,19516
46.816,a-cubic,open,177,413.552,41.231,0,41,5.95,4.782,27973913,19537
46.866,a-cubic,open,178,415.287,41.231,0,41,5.958,4.796,28008665,19562
46.916,a-cubic,open,178,416.13,41.231,0,41,5.946,4.824,28034729,19580
46.966,a-cubic,open,179,418.509,41.231,0,41,5.945,4.782,28063689,19601
47.016,a-cubic,open,180,419.32,41.231,0,41,5.967,4.782,28101337,19628
47.066,a-cubic,open,181,420.734,41.231,0,41,5.98,4.782,28130297,19649
47.117,a-cubic,open,182,423.852,41.231,0,41,5.969,4.782,28153465,19666
47.167,a-cubic,open,183,424.569,41.231,0,41,5.992,4.795,28188217,19691
47.217,a-cubic,open,183,425.851,41.231,0,41,5.974,4.795,28215729,19710
47.267,a-cubic,open,184,427.421,41.231,0,41,5.984,4.782,28249033,19734
47.317,a-cubic,open,185,429.336,41.231,0,41,5.99,4.809,28279441,19756
47.367,a-cubic,open,186,430.75,41.231,0,41,6.002,4.796,28301161,19772
47.417,a-cubic,open,187,433.189,41.231,0,41,6.001,4.782,28335913,19797
47.467,a-cubic,open,188,434.459,41.231,0,41,6.015,4.782,28369217,19821
47.517,a-cubic,open,189,436.89,41.231,0,41,6.014,4.795,28396729,19841
47.568,a-cubic,open,190,438.063,41.231,0,41,6.029,4.795,28430033,19865
47.618,a-cubic,open,191,440.131,41.231,0,41,6.032,4.795,28458993,19886
47.668,a-cubic,open,192,442.31,41.231,0,41,6.034,4.782,28486505,19906
47.718,a-cubic,recovery,185,442.892,41.231,1,42,6.403,4.758,28489401,19922
47.768,a-cubic,recovery,178,443.082,41.231,2,43,6.808,4.785,28489401,19935
47.818,a-cubic,recovery,172,443.227,41.231,2,43,7.245,4.785,28489401,19949
47.868,a-cubic,recovery,164,443.118,41.231,3,44,7.717,4.798,28489401,19965
47.918,a-cubic,recovery,157,442.752,41.231,4,45,8.163,4.797,28489401,19981
47.969,a-cubic,recovery,150,443.493,41.231,5,46,8.526,4.772,28489401,19994
48.019,a-cubic,recovery,141,443.335,41.231,7,47,8.999,4.771,28489401,20009
48.069,a-cubic,recovery,134,443.672,41.231,8,49,9.305,4.772,28489401,20022
48.119,a-cubic,recovery,134,443.66,41.231,8,49,9.932,4.798,28489401,20042
48.169,a-cubic,recovery,134,433.719,41.231,6,49,8.269,4.589,28603793,20062
48.219,a-cubic,recovery,134,413.568,41.231,6,49,9.344,4.366,28603793,20082
48.269,a-cubic,recovery,134,390.964,41.231,4,49,9.564,4.108,28650129,20105
48.319,a-cubic,recovery,134,370.277,41.231,3,49,10.249,3.869,28674745,20126
48.369,a-cubic,recovery,134,348.283,41.231,1,49,10.497,3.636,28718185,20146
48.420,a-cubic,open,134,334.577,41.231,0,49,5.567,3.503,28935385,20166
48.470,a-cubic,open,135,328.336,41.231,0,49,5.715,3.549,28964345,20187
48.520,a-cubic,open,135,327.63,41.231,0,49,5.728,3.736,28993305,20207
48.570,a-cubic,open,136,325.976,41.231,0,49,5.8,3.931,29025161,20230
48.620,a-cubic,open,137,326.623,41.231,0,49,5.831,4.161,29057017,20253
48.670,a-cubic,open,138,326.969,41.231,0,49,5.867,4.389,29083081,20272
48.720,a-cubic,open,140,326.032,41.231,0,49,5.969,4.743,29114937,20296
48.771,a-cubic,open,141,324.696,41.231,0,49,6.036,4.797,29143897,20317
48.821,a-cubic,open,142,325.145,41.231,0,49,6.071,4.818,29174305,20339
48.871,a-cubic,open,143,326.577,41.231,0,49,6.087,4.818,29204713,20361
48.921,a-cubic,open,144,327.098,41.231,0,49,6.12,4.799,29235121,20383
48.971,a-cubic,open,145,329.546,41.231,0,49,6.116,4.817,29268425,20407
49.021,a-cubic,open,147,332.244,41.231,0,49,6.15,4.817,29295937,20428
49.071,a-cubic,open,148,335.099,41.231,0,49,6.139,4.817,29326345,20450
49.121,a-cubic,open,149,338.328,41.231,0,49,6.122,4.799,29356753,20472
49.171,a-cubic,open,150,340.591,41.231,0,49,6.122,4.799,29385713,20493
49.222,a-cubic,open,151,343.174,41.231,0,49,6.116,4.799,29414673,20514
49.272,a-cubic,open,152,346.051,41.231,0,49,6.106,4.799,29446529,20537
49.322,a-cubic,open,153,349.166,41.231,0,49,6.091,4.815,29478385,20560
49.372,a-cubic,open,155,351.966,41.231,0,49,6.122,4.798,29507345,20582
49.422,a-cubic,open,156,354.123,41.231,0,49,6.124,4.798,29536305,20603
49.472,a-cubic,open,157,356.345,41.231,0,49,6.124,4.814,29566713,20625
49.522,a-cubic,open,158,360.12,41.231,0,49,6.099,4.814,29598569,20648
49.572,a-cubic,open,159,362.557,41.231,0,49,6.096,4.797,29624633,20667
49.622,a-cubic,open,160,365.488,41.231,0,49,6.085,4.797,29656489,20690
49.673,a-cubic,open,161,367.176,41.231,0,49,6.095,4.797,29689793,20714
49.723,a-cubic,open,162,369.743,41.231,0,49,6.091,4.828,29717305,20734
49.773,a-cubic,open,163,372.103,41.231,0,49,6.089,4.797,29747713,20756
49.823,a-cubic,open,164,374.146,41.231,0,49,6.093,4.797,29775225,20776
49.873,a-cubic,open,165,377.001,41.231,0,49,6.084,4.797,29805633,20798
49.923,a-cubic,open,166,379.726,41.231,0,49,6.077,4.797,29837489,20821
49.973,a-cubic,open,167,382.28,41.231,0,49,6.073,4.797,29863553,20840
50.024,a-cubic,open,168,385.474,41.231,0,49,6.058,4.812,29898305,20865
50.074,a-cubic,open,169,387.019,41.231,0,49,6.07,4.797,29928713,20886
50.124,a-cubic,open,169,390.478,41.231,0,49,6.016,4.797,29957673,20907
50.174,a-cubic,open,170,392.326,41.231,0,49,6.023,4.796,29986633,20928
50.224,a-cubic,open,171,394.539,41.231,0,49,6.025,4.797,30018489,20951
50.274,a-cubic,open,172,396.679,41.231,0,49,6.027,4.797,30047449,20972
50.324,a-cubic,open,172,399.864,41.231,0,49,5.979,4.797,30077857,20993
50.374,a-cubic,open,173,400.841,41.231,0,49,5.999,4.796,30105369,21013
50.424,a-cubic,open,174,403.217,41.231,0,49,5.999,4.796,30135777,21035
50.475,a-cubic,open,175,405.182,41.231,0,49,6.004,4.811,30169081,21059
50.525,a-cubic,open,175,408.491,41.231,0,49,5.955,4.796,30196593,21078
50.575,a-cubic,open,176,409.896,41.231,0,49,5.969,4.796,30227001,21100
50.625,a-cubic,open,177,411.276,41.231,0,49,5.982,4.824,30260305,21124
50.675,a-cubic,open,177,412.74,41.231,0,49,5.961,4.796,30286369,21142
50.725,a-cubic,open,178,414.97,41.231,0,49,5.963,4.796,30318225,21165
50.775,a-cubic,open,179,416.303,41.231,0,49,5.977,4.796,30342841,21183
50.825,a-cubic,open,179,418.939,41.231,0,49,5.939,4.796,30374697,21204
50.875,a-cubic,open,180,419.842,41.231,0,49,5.96,4.796,30410897,21231
50.926,a-cubic,open,180,422.159,41.231,0,49,5.927,4.782,30438409,21250
50.976,a-cubic,open,181,424.175,41.231,0,49,5.932,4.796,30470265,21273
51.026,a-cubic,open,182,424.789,41.231,0,49,5.956,4.782,30499225,21294
51.076,a-cubic,open,182,427.36,41.231,0,49,5.92,4.796,30528185,21314
51.126,a-cubic,open,183,428.241,41.231,0,49,5.94,4.796,30560041,21337
51.176,a-cubic,open,183,429.616,41.231,0,49,5.921,4.782,30584657,21354
51.226,a-cubic,open,183,432.171,41.231,0,49,5.886,4.795,30615065,21375
51.276,a-cubic,open,184,432.094,41.231,0,49,5.919,4.796,30645473,21397
51.327,a-cubic,open,184,433.242,41.231,0,49,5.904,4.795,30683121,21423
51.377,a-cubic,open,185,435.968,41.231,0,49,5.899,4.795,30706289,21440
51.427,a-cubic,open,185,437.38,41.231,0,49,5.88,4.795,30739593,21463
51.477,a-cubic,open,186,438.797,41.231,0,49,5.892,4.795,30768553,21484
51.527,a-cubic,open,186,439.843,41.231,0,49,5.878,4.782,30797513,21504
51.577,a-cubic,open,186,440.793,41.231,0,49,5.866,4.769,30825025,21523
51.627,a-cubic,open,187,441.36,41.231,0,49,5.89,4.795,30855433,21545
51.678,a-cubic,open,187,443.152,41.231,0,49,5.866,4.782,30885841,21566
51.728,a-cubic,recovery,181,443.37,41.231,1,50,6.302,4.771,30888737,21584
51.778,a-cubic,recovery,174,443.426,41.231,2,51,6.709,4.732,30888737,21598
51.828,a-cubic,recovery,168,443.015,41.231,2,51,7.154,4.771,30888737,21612
51.879,a-cubic,recovery,160,443.29,41.231,3,52,7.557,4.758,30888737,21625
51.929,a-cubic,recovery,153,443.338,41.231,4,53,7.995,4.758,30888737,21641
51.979,a-cubic,recovery,146,443.187,41.231,5,54,8.375,4.732,30888737,21654
52.029,a-cubic,recovery,139,442.994,41.231,5,54,8.88,4.719,30888737,21669
52.079,a-cubic,recovery,133,443.123,41.231,5,54,9.286,4.735,30888737,21683
52.129,a-cubic,recovery,130,443.349,41.231,5,55,8.842,4.743,30933625,21701
52.179,a-cubic,recovery,130,436.018,41.231,5,55,9.564,4.556,30933625,21719
52.229,a-cubic,recovery,130,426.305,41.231,4,55,8.934,4.331,30997337,21737
52.279,a-cubic,recovery,130,407.245,41.231,3,55,9.455,4.105,31020505,21756
52.330,a-cubic,recovery,130,383.582,41.231,2,55,9.785,3.86,31062497,21778
52.380,a-cubic,recovery,130,362.152,41.231,1,55,8.79,3.624,31149377,21797
52.430,a-cubic,recovery,130,341.167,41.231,1,55,10.145,3.421,31149377,21817
52.480,a-cubic,open,130,329.973,41.231,0,55,5.477,3.433,31356441,21840
52.530,a-cubic,open,130,321.84,41.231,0,55,5.615,3.532,31388297,21862
52.580,a-cubic,open,131,318.236,41.231,0,55,5.722,3.732,31417257,21883
52.630,a-cubic,open,132,317.263,41.231,0,55,5.784,3.935,31446217,21904
52.680,a-cubic,open,132,317.14,41.231,0,55,5.786,4.172,31472281,21922
52.730,a-cubic,open,133,316.67,41.231,0,55,5.838,4.44,31504137,21945
52.781,a-cubic,open,134,314.962,41.231,0,55,5.914,4.639,31535993,21968
52.831,a-cubic,open,134,314.052,41.231,0,55,5.931,4.782,31567849,21990
52.881,a-cubic,open,135,315.808,41.231,0,55,5.942,4.8,31595361,22010
52.931,a-cubic,open,136,317.007,41.231,0,55,5.964,4.782,31624321,22031
52.981,a-cubic,open,136,318.533,41.231,0,55,5.935,4.782,31654729,22052
53.031,a-cubic,open,137,320.267,41.231,0,55,5.946,4.782,31685137,22074
53.081,a-cubic,open,138,322.103,41.231,0,55,5.956,4.764,31711201,22093
53.131,a-cubic,open,139,323.752,41.231,0,55,5.968,4.782,31747401,22119
53.181,a-cubic,open,139,325.047,41.231,0,55,5.944,4.764,31773465,22137
53.232,a-cubic,open,140,327.314,41.231,0,55,5.946,4.764,31802425,22158
53.282,a-cubic,open,141,329.406,41.231,0,55,5.95,4.765,31834281,22181
53.332,a-cubic,open,141,330.73,41.231,0,55,5.926,4.782,31861793,22200
53.382,a-cubic,open,142,332.551,41.231,0,55,5.936,4.765,31892201,22222
53.432,a-cubic,open,143,334.306,41.231,0,55,5.946,4.765,31925505,22246
53.482,a-cubic,open,143,335.65,41.231,0,55,5.922,4.782,31957361,22268
53.532,a-cubic,open,144,337.417,41.231,0,55,5.932,4.765,31981977,22286
53.582,a-cubic,open,145,339.154,41.231,0,55,5.943,4.765,32013833,22309
53.632,a-cubic,open,145,340.464,41.231,0,55,5.92,4.782,32044241,22330
53.682,a-cubic,open,146,342.029,41.231,0,55,5.934,4.765,32071753,22350
53.733,a-cubic,open,146,344.297,41.231,0,55,5.895,4.765,32100713,22370
53.783,a-cubic,open,147,345.491,41.231,0,55,5.915,4.749,32132569,22393
53.833,a-cubic,open,148,346.707,41.231,0,55,5.934,4.765,32167321,22418
53.883,a-cubic,open,148,348.494,41.231,0,55,5.903,4.782,32193385,22436
53.933,a-cubic,open,148,349.684,41.231,0,55,5.883,4.75,32222345,22456
53.983,a-cubic,open,149,351.029,41.231,0,55,5.9,4.766,32254201,22479
54.033,a-cubic,open,149,351.816,41.231,0,55,5.887,4.782,32280265,22497
54.083,a-cubic,open,150,353.887,41.231,0,55,5.892,4.766,32309225,22518
54.134,a-cubic,open,150,354.74,41.231,0,55,5.878,4.782,32342529,22541
54.184,a-cubic,open,151,356.255,41.231,0,55,5.892,4.766,32377281,22566
54.234,a-cubic,open,151,357.759,41.231,0,55,5.867,4.782,32400449,22582
54.284,a-cubic,open,151,358.685,41.231,0,55,5.852,4.782,32430857,22603
54.334,a-cubic,open,152,360.612,41.231,0,55,5.859,4.782,32464161,22627
54.384,a-cubic,open,152,360.735,41.231,0,55,5.857,4.782,32487329,22643
54.434,a-cubic,open,153,362.094,41.231,0,55,5.874,4.798,32519185,22666
54.484,a-cubic,open,153,362.837,41.231,0,55,5.862,4.782,32548145,22686
54.534,a-cubic,open,153,364.046,41.231,0,55,5.842,4.766,32584345,22711
54.584,a-cubic,open,153,365.971,41.231,0,55,5.811,4.782,32613305,22731
54.635,a-cubic,open,154,365.696,41.231,0,55,5.854,4.782,32643713,22753
54.685,a-cubic,open,154,367.197,41.231,0,55,5.83,4.782,32671225,22772
54.735,a-cubic,open,154,367.653,41.231,0,55,5.823,4.782,32701633,22793
54.785,a-cubic,open,155,369.058,41.231,0,55,5.838,4.766,32732041,22815
54.835,a-cubic,open,155,370.332,41.231,0,55,5.818,4.782,32756657,22832
54.885,a-cubic,open,155,370.541,41.231,0,55,5.815,4.782,32792857,22857
54.935,a-cubic,open,155,372.022,41.231,0,55,5.792,4.766,32823265,22878
54.985,a-cubic,open,156,372.767,41.231,0,55,5.817,4.785,32850777,22898
55.036,a-cubic,open,156,372.941,41.231,0,55,5.815,4.782,32878289,22917
55.086,a-cubic,open,156,373.145,41.231,0,55,5.811,4.767,32913041,22941
55.136,a-cubic,open,156,373.345,41.231,0,55,5.808,4.782,32939105,22959
55.186,a-cubic,open,157,375.593,41.231,0,55,5.811,4.783,32968065,22980
55.236,a-cubic,open,157,375.294,41.231,0,55,5.815,4.782,32999921,23002
55.286,a-cubic,open,157,376.12,41.231,0,55,5.802,4.767,33033225,23025
55.336,a-cubic,open,157,377.761,41.231,0,55,5.777,4.751,33060737,23044
55.386,a-cubic,open,157,378.417,41.231,0,55,5.767,4.782,33091145,23065
55.436,a-cubic,open,157,377.818,41.231,0,55,5.776,4.767,33121553,23086
55.487,a-cubic,open,157,378.045,41.231,0,55,5.773,4.782,33150513,23106
55.537,a-cubic,open,157,378.331,41.231,0,55,5.769,4.767,33176577,23124
55.587,a-cubic,open,158,380.387,41.231,0,55,5.774,4.782,33208433,23147
55.637,a-cubic,open,158,380.106,41.231,0,55,5.778,4.797,33241737,23170
55.687,a-cubic,open,158,380.466,41.231,0,55,5.773,4.782,33273593,23192
55.737,a-cubic,open,158,381.827,41.231,0,55,5.752,4.782,33301105,23211
55.787,a-cubic,open,158,381.575,41.231,0,55,5.756,4.782,33328617,23230
55.837,a-cubic,open,158,380.191,41.231,0,55,5.777,4.797,33361921,23253
55.888,a-cubic,open,158,380.29,41.231,0,55,5.775,4.782,33389433,23272
55.938,a-cubic,open,158,381.159,41.231,0,55,5.762,4.782,33419841,23293
55.988,a-cubic,open,158,382.529,41.231,0,55,5.742,4.782,33448801,23313
56.038,a-cubic,open,158,382.583,41.231,0,55,5.741,4.782,33479209,23334
56.088,a-cubic,open,158,382.844,41.231,0,55,5.737,4.798,33512513,23357
56.138,a-cubic,open,158,383.376,41.231,0,55,5.729,4.782,33541473,23377
56.188,a-cubic,open,158,382.834,41.231,0,55,5.737,4.797,33568985,23396
56.238,a-cubic,open,158,382.741,41.231,0,55,5.738,4.782,33600841,23418
56.288,a-cubic,open,158,382.071,41.231,0,55,5.748,4.797,33626905,23436
56.339,a-cubic,open,158,382.409,41.231,0,55,5.743,4.797,33657313,23457
56.389,a-cubic,open,158,382.521,41.231,0,55,5.742,4.782,33690617,23480
56.439,a-cubic,open,158,382.44,41.231,0,55,5.743,4.782,33719577,23500
56.489,a-cubic,open,158,383.281,41.231,0,55,5.73,4.782,33747089,23519
56.539,a-cubic,open,158,383.554,41.231,0,55,5.726,4.797,33780393,23542
56.589,a-cubic,open,158,382.819,41.231,0,55,5.737,4.782,33812249,23564
56.639,a-cubic,open,158,383.092,41.231,0,55,5.733,4.782,33835417,23580
56.689,a-cubic,open,158,382.122,41.231,0,55,5.748,4.782,33867273,23602
56.740,a-cubic,open,158,382.609,41.231,0,55,5.74,4.782,33896233,23622
56.790,a-cubic,open,158,382.813,41.231,0,55,5.737,4.782,33929537,23645
56.840,a-cubic,open,158,382.95,41.231,0,55,5.735,4.782,33958497,23665
56.890,a-cubic,open,158,383.611,41.231,0,55,5.725,4.782,33987457,23685
56.940,a-cubic,open,158,383.39,41.231,0,55,5.729,4.797,34020761,23708
56.990,a-cubic,open,158,383.088,41.231,0,55,5.733,4.782,34051169,23729
57.040,a-cubic,open,158,382.744,41.231,0,55,5.738,4.797,34078681,23748
57.090,a-cubic,open,158,382.081,41.231,0,55,5.748,4.781,34109089,23769
57.140,a-cubic,open,158,382.513,41.231,0,55,5.742,4.782,34138049,23789
57.191,a-cubic,open,158,382.734,41.231,0,55,5.739,4.782,34168457,23810
57.241,a-cubic,open,158,382.997,41.231,0,55,5.735,4.782,34197417,23830
57.291,a-cubic,open,158,382.966,41.231,0,55,5.735,4.782,34230721,23853
57.341,a-cubic,open,158,382.819,41.231,0,55,5.737,4.782,34258233,23872
57.391,a-cubic,open,158,382.802,41.231,0,55,5.737,4.782,34285745,23891
57.441,a-cubic,open,158,382.148,41.231,0,55,5.747,4.797,34319049,23914
57.491,a-cubic,open,158,382.344,41.231,0,55,5.744,4.782,34346561,23933
57.541,a-cubic,open,158,382.597,41.231,0,55,5.741,4.782,34378417,23955
57.592,a-cubic,open,158,382.665,41.231,0,55,5.74,4.782,34411721,23978
57.642,a-cubic,open,158,384.029,41.231,0,55,5.719,4.782,34436337,23995
57.692,a-cubic,open,158,382.942,41.231,0,55,5.735,4.782,34468193,24017
57.742,a-cubic,open,158,382.287,41.231,0,55,5.745,4.782,34501497,24040
57.792,a-cubic,open,158,383.248,41.231,0,55,5.731,4.781,34524665,24056
57.842,a-cubic,open,158,382.032,41.231,0,55,5.749,4.797,34559417,24080
57.892,a-cubic,open,158,382.233,41.231,0,55,5.746,4.797,34584033,24097
57.942,a-cubic,open,159,382.6,41.231,0,55,5.777,4.797,34620233,24123
57.993,a-cubic,open,159,383.075,41.231,0,55,5.77,4.752,34649193,24143
58.043,a-cubic,open,159,383.258,41.231,0,55,5.767,4.782,34678153,24163
58.093,a-cubic,open,159,383.046,41.231,0,55,5.77,4.782,34711457,24186
58.143,a-cubic,open,159,382.203,41.231,0,55,5.783,4.797,34738969,24205
58.193,a-cubic,open,159,382.74,41.231,0,55,5.775,4.782,34767929,24225
58.243,a-cubic,open,159,382.401,41.231,0,55,5.78,4.782,34796889,24245
58.293,a-cubic,open,160,383.557,41.231,0,55,5.799,4.797,34824401,24265
58.343,a-cubic,open,160,385.308,41.231,0,55,5.772,4.782,34862049,24291
58.394,a-cubic,open,160,385.341,41.231,0,55,5.772,4.781,34886665,24308
58.444,a-cubic,open,160,386.097,41.231,0,55,5.761,4.767,34918521,24330
58.494,a-cubic,open,160,384.893,41.231,0,55,5.779,4.797,34951825,24353
58.544,a-cubic,open,160,385.347,41.231,0,55,5.772,4.782,34976441,24370
58.594,a-cubic,open,160,384.709,41.231,0,55,5.781,4.797,35009745,24393
58.644,a-cubic,open,160,386.003,41.231,0,55,5.762,4.767,35034361,24410
58.694,a-cubic,open,161,386.18,41.231,0,55,5.795,4.782,35066217,24433
58.744,a-cubic,open,161,387.069,41.231,0,55,5.782,4.797,35099521,24456
58.795,a-cubic,open,161,387.794,41.231,0,55,5.771,4.782,35124137,24473
58.845,a-cubic,open,161,388.697,41.231,0,55,5.758,4.767,35157441,24496
58.895,a-cubic,open,162,387.411,41.231,0,55,5.813,4.797,35192193,24521
58.945,a-cubic,open,162,387.043,41.231,0,55,5.818,4.797,35213913,24536
58.995,a-cubic,open,162,386.893,41.231,0,55,5.821,4.797,35247217,24559
59.045,a-cubic,open,162,388.477,41.231,0,55,5.797,4.767,35274729,24578
59.095,a-cubic,open,163,389.373,41.231,0,55,5.819,4.782,35308033,24602
59.145,a-cubic,open,163,389.798,41.231,0,55,5.813,4.797,35338441,24623
59.196,a-cubic,open,163,390.385,41.231,0,55,5.804,4.797,35364505,24641
59.246,a-cubic,open,164,391.996,41.231,0,55,5.816,4.767,35394913,24663
59.296,a-cubic,open,164,391.407,41.231,0,55,5.824,4.797,35429665,24687
59.346,a-cubic,open,164,392.227,41.231,0,55,5.812,4.782,35457177,24706
59.396,a-cubic,open,165,392.161,41.231,0,55,5.849,4.782,35487585,24728
59.446,a-cubic,open,165,393.23,41.231,0,55,5.833,4.767,35512201,24745
59.496,a-cubic,open,165,394.223,41.231,0,55,5.818,4.782,35546953,24769
59.546,a-cubic,open,166,395.176,41.231,0,55,5.839,4.782,35577361,24791
59.597,a-cubic,open,166,395.27,41.231,0,55,5.838,4.782,35603425,24809
59.647,a-cubic,open,167,396.978,41.231,0,55,5.848,4.782,35635281,24832
59.697,a-cubic,open,167,396.897,41.231,0,55,5.849,4.782,35670033,24856
59.747,a-cubic,open,168,397.0,41.231,0,55,5.882,4.782,35694649,24874
59.797,a-cubic,open,168,398.558,41.231,0,55,5.859,4.797,35726505,24896
59.847,a-cubic,open,169,399.149,41.231,0,55,5.886,4.782,35754017,24916
59.897,a-cubic,open,169,400.174,41.231,0,55,5.871,4.768,35785873,24938
59.947,a-cubic,open,170,401.51,41.231,0,55,5.886,4.796,35817729,24961
59.998,a-cubic,open,170,401.949,41.231,0,55,5.879,4.78,35842345,24978
60.048,a-cubic,open,171,403.339,41.231,0,55,5.893,4.782,35877097,25003
60.098,a-cubic,open,171,403.153,41.231,0,55,5.896,4.796,35908953,25025
60.148,a-cubic,open,172,404.704,41.231,0,55,5.908,4.768,35933569,25042
60.198,a-cubic,open,173,406.929,41.231,0,55,5.91,4.796,35966873,25067
60.248,a-cubic,open,173,406.922,41.231,0,55,5.91,4.782,35990041,25083
60.298,a-cubic,open,174,408.088,41.231,0,55,5.927,4.796,36026241,25109
60.348,a-cubic,open,175,409.725,41.231,0,55,5.937,4.782,36058097,25132
60.398,a-cubic,open,175,410.438,41.231,0,55,5.927,4.811,36081265,25148
60.449,a-cubic,open,176,412.859,41.231,0,55,5.926,4.782,36114569,25172
60.499,a-cubic,open,177,412.802,41.231,0,55,5.96,4.768,36147873,25196
60.549,a-cubic,open,177,414.809,41.231,0,55,5.931,4.796,36172489,25213
60.599,a-cubic,open,178,416.859,41.231,0,55,5.936,4.768,36205793,25237
60.649,a-cubic,open,179,418.644,41.231,0,55,5.944,4.782,36231857,25256
60.699,a-cubic,open,180,419.998,41.231,0,55,5.958,4.755,36263713,25279
60.749,a-cubic,open,181,421.064,41.231,0,55,5.975,4.769,36294121,25301
60.800,a-cubic,open,182,422.879,41.231,0,55,5.983,4.782,36323081,25322
60.850,a-cubic,open,183,424.756,41.231,0,55,5.989,4.755,36350593,25342
60.900,a-cubic,open,184,427.125,41.231,0,55,5.988,4.768,36385345,25367
60.950,a-cubic,open,185,428.45,41.231,0,55,6.002,4.782,36418649,25391
61.000,a-cubic,open,185,430.591,41.231,0,55,5.972,4.769,36444713,25409
61.050,a-cubic,open,186,431.757,41.231,0,55,5.988,4.782,36475121,25431
61.100,a-cubic,open,187,432.859,41.231,0,55,6.005,4.782,36499737,25449
61.150,a-cubic,open,189,435.245,41.231,0,55,6.036,4.756,36535937,25476
61.201,a-cubic,open,189,438.79,41.231,0,55,5.987,4.769,36563449,25495
61.251,a-cubic,open,190,440.31,41.231,0,55,5.998,4.782,36592409,25516
61.301,a-cubic,open,192,441.997,41.231,0,55,6.038,4.782,36621369,25538
61.351,a-cubic,disorder,193,443.112,41.231,0,55,6.086,4.782,36653225,25562
61.401,a-cubic,recovery,184,443.346,41.231,3,58,6.396,4.732,36653225,25576
61.451,a-cubic,recovery,177,443.462,41.231,4,59,6.771,4.719,36653225,25588
61.501,a-cubic,recovery,170,443.462,41.231,5,60,7.21,4.735,36653225,25604
61.551,a-cubic,recovery,164,442.94,41.231,6,61,7.532,4.732,36653225,25615
61.602,a-cubic,recovery,155,442.671,41.231,7,62,8.07,4.72,36653225,25633
61.652,a-cubic,recovery,148,442.941,41.231,8,63,8.536,4.745,36653225,25649
61.702,a-cubic,recovery,142,443.379,41.231,8,63,8.904,4.758,36653225,25661
61.752,a-cubic,recovery,135,442.98,41.231,9,64,9.32,4.784,36653225,25675
61.802,a-cubic,recovery,135,437.742,41.231,8,64,9.971,4.779,36667705,25702
61.852,a-cubic,recovery,135,420.458,41.231,5,64,9.852,4.549,36716937,25720
61.902,a-cubic,recovery,135,398.072,41.231,3,64,9.638,4.314,36780649,25742
61.952,a-cubic,recovery,135,375.634,41.231,2,64,9.4,4.086,36841465,25762
62.003,a-cubic,recovery,135,354.186,41.231,1,64,9.459,3.806,36893593,25785
62.053,a-cubic,recovery,135,336.423,41.231,1,64,10.66,3.624,36893593,25802
62.103,a-cubic,open,135,329.22,41.231,0,64,5.7,3.559,37105001,25824
62.153,a-cubic,open,136,329.605,41.231,0,64,5.736,3.698,37136857,25847
62.203,a-cubic,open,136,329.295,41.231,0,64,5.741,3.889,37165817,25867
62.253,a-cubic,open,137,329.596,41.231,0,64,5.778,4.086,37191881,25886
62.303,a-cubic,open,138,328.557,41.231,0,64,5.839,4.362,37226633,25911
62.353,a-cubic,open,139,328.251,41.231,0,64,5.886,4.611,37255593,25932
62.404,a-cubic,open,140,329.053,41.231,0,64,5.914,4.797,37280209,25950
62.454,a-cubic,open,141,324.931,41.231,0,64,6.032,4.702,37317857,25977
62.504,a-cubic,open,142,326.017,41.231,0,64,6.055,4.817,37345369,25997
62.554,a-cubic,open,144,328.786,41.231,0,64,6.088,4.816,37375777,26020
62.604,a-cubic,open,145,330.223,41.231,0,64,6.104,4.8,37404737,26041
62.654,a-cubic,open,146,332.499,41.231,0,64,6.104,4.799,37438041,26065
62.704,a-cubic,open,147,334.62,41.231,0,64,6.107,4.799,37465553,26085
62.754,a-cubic,open,148,337.31,41.231,0,64,6.099,4.782,37488721,26102
62.805,a-cubic,open,150,339.43,41.231,0,64,6.143,4.748,37527817,26131
62.855,a-cubic,open,151,342.439,41.231,0,64,6.13,4.782,37553881,26149
62.905,a-cubic,open,152,346.071,41.231,0,64,6.105,4.799,37587185,26174
62.955,a-cubic,open,153,348.74,41.231,0,64,6.099,4.782,37614697,26194
63.005,a-cubic,open,154,351.457,41.231,0,64,6.091,4.782,37643657,26215
63.055,a-cubic,open,155,354.302,41.231,0,64,6.081,4.782,37675513,26238
63.105,a-cubic,open,156,357.251,41.231,0,64,6.07,4.798,37698681,26255
63.156,a-cubic,open,158,359.105,41.231,0,64,6.116,4.782,37734881,26282
63.206,a-cubic,open,159,362.361,41.231,0,64,6.1,4.798,37765289,26304
63.256,a-cubic,open,160,364.392,41.231,0,64,6.104,4.782,37794249,26325
63.306,a-cubic,open,161,366.729,41.231,0,64,6.103,4.798,37821761,26345
63.356,a-cubic,open,162,369.695,41.231,0,64,6.091,4.798,37856513,26370
63.406,a-cubic,open,163,372.698,41.231,0,64,6.08,4.813,37886921,26392
63.456,a-cubic,open,164,374.763,41.231,0,64,6.083,4.782,37908641,26408
63.506,a-cubic,open,165,377.752,41.231,0,64,6.072,4.797,37941945,26432
63.556,a-cubic,open,166,380.178,41.231,0,64,6.07,4.798,37975249,26456
63.607,a-cubic,open,167,382.987,41.231,0,64,6.061,4.782,38004209,26477
63.657,a-cubic,open,168,385.597,41.231,0,64,6.056,4.797,38034617,26499
63.707,a-cubic,open,168,387.898,41.231,0,64,6.02,4.782,38060681,26517
63.757,a-cubic,open,169,390.679,41.231,0,64,6.013,4.797,38093985,26541
63.807,a-cubic,open,170,392.849,41.231,0,64,6.015,4.797,38125841,26564
63.857,a-cubic,open,171,394.96,41.231,0,64,6.018,4.811,38149009,26581
63.907,a-cubic,open,172,396.981,41.231,0,64,6.023,4.811,38180865,26604
63.958,a-cubic,open,173,398.93,41.231,0,64,6.028,4.796,38215617,26629
64.008,a-cubic,open,173,401.774,41.231,0,64,5.986,4.782,38241681,26647
64.058,a-cubic,open,174,403.665,41.231,0,64,5.992,4.782,38276433,26672
64.108,a-cubic,open,175,405.858,41.231,0,64,5.994,4.796,38301049,26690
64.158,a-cubic,open,175,407.771,41.231,0,64,5.966,4.782,38334353,26713
64.208,a-cubic,open,176,410.294,41.231,0,64,5.963,4.782,38366209,26736
64.258,a-cubic,open,177,412.907,41.231,0,64,5.959,4.796,38392273,26755
64.308,a-cubic,open,177,414.198,41.231,0,64,5.94,4.782,38418337,26773
64.358,a-cubic,open,178,415.986,41.231,0,64,5.948,4.783,38455985,26800
64.409,a-cubic,open,179,418.321,41.231,0,64,5.948,4.782,38484945,26821
64.459,a-cubic,open,179,420.031,41.231,0,64,5.924,4.782,38512457,26840
64.509,a-cubic,open,180,421.642,41.231,0,64,5.934,4.796,38542865,26862
64.559,a-cubic,open,181,423.403,41.231,0,64,5.942,4.782,38573273,26884
64.609,a-cubic,open,181,424.777,41.231,0,64,5.923,4.782,38605129,26906
64.659,a-cubic,open,182,427.392,41.231,0,64,5.919,4.782,38632641,26926
64.709,a-cubic,open,182,428.987,41.231,0,64,5.897,4.795,38658705,26944
64.759,a-cubic,open,183,429.536,41.231,0,64,5.922,4.782,38690561,26967
64.810,a-cubic,open,183,430.672,41.231,0,64,5.907,4.782,38725313,26991
64.860,a-cubic,open,184,433.72,41.231,0,64,5.897,4.768,38752825,27011
64.910,a-cubic,open,184,434.824,41.231,0,64,5.882,4.782,38784681,27033
64.960,a-cubic,open,185,435.991,41.231,0,64,5.898,4.782,38809297,27051
65.010,a-cubic,open,185,437.284,41.231,0,64,5.881,4.782,38844049,27075
65.060,a-cubic,open,186,438.791,41.231,0,64,5.892,4.782,38875905,27098
65.110,a-cubic,open,186,440.852,41.231,0,64,5.865,4.783,38903417,27117
65.161,a-cubic,open,186,441.277,41.231,0,64,5.859,4.782,38928033,27134
65.211,a-cubic,open,187,442.343,41.231,0,64,5.877,4.782,38961337,27158
65.261,a-cubic,open,187,443.721,41.231,0,64,5.858,4.795,38993193,27180
65.311,a-cubic,recovery,181,443.615,41.231,2,66,6.11,4.745,38998985,27195
65.361,a-cubic,recovery,174,443.4,41.231,2,66,6.615,4.745,38998985,27211
65.411,a-cubic,recovery,168,443.143,41.231,2,66,6.995,4.771,38998985,27223
65.461,a-cubic,recovery,161,443.605,41.231,2,66,7.489,4.771,38998985,27238
65.511,a-cubic,recovery,153,443.091,41.231,3,67,7.969,4.732,38998985,27255
65.562,a-cubic,recovery,148,443.396,41.231,3,67,8.339,4.771,38998985,27267
65.612,a-cubic,recovery,142,443.037,41.231,3,67,8.754,4.784,38998985,27280
65.662,a-cubic,recovery,135,443.521,41.231,3,67,9.277,4.798,38998985,27297
65.712,a-cubic,recovery,130,443.446,41.231,3,67,9.812,4.784,38998985,27314
65.762,a-cubic,recovery,130,438.056,41.231,1,67,7.457,4.64,39135097,27330
65.812,a-cubic,recovery,130,431.187,41.231,1,67,8.092,4.457,39135097,27346
65.862,a-cubic,recovery,130,413.463,41.231,1,67,9.178,4.209,39135097,27368
65.912,a-cubic,open,130,397.182,41.231,0,67,4.55,3.954,39374017,27389
65.963,a-cubic,open,130,382.412,41.231,0,67,4.726,3.775,39397185,27405
66.013,a-cubic,open,131,356.012,41.231,0,67,5.115,3.477,39434833,27432
66.063,a-cubic,open,131,340.054,41.231,0,67,5.355,3.433,39463793,27452
66.113,a-cubic,open,132,324.604,41.231,0,67,5.653,3.502,39495649,27475
66.163,a-cubic,open,133,319.691,41.231,0,67,5.783,3.646,39521713,27494
66.213,a-cubic,open,133,317.829,41.231,0,67,5.817,3.859,39553569,27516
66.263,a-cubic,open,134,316.629,41.231,0,67,5.883,4.087,39579633,27535
66.313,a-cubic,open,135,315.439,41.231,0,67,5.949,4.304,39608593,27556
66.364,a-cubic,open,135,313.256,41.231,0,67,5.991,4.491,39641897,27579
66.414,a-cubic,open,136,316.311,41.231,0,67,5.977,4.782,39672305,27601
66.464,a-cubic,open,137,318.119,41.231,0,67,5.986,4.782,39698369,27620
66.514,a-cubic,open,138,320.527,41.231,0,67,5.985,4.782,39731673,27644
66.564,a-cubic,open,138,322.33,41.231,0,67,5.951,4.818,39762081,27665
66.614,a-cubic,open,139,323.524,41.231,0,67,5.972,4.8,39788145,27684
66.664,a-cubic,open,140,326.016,41.231,0,67,5.969,4.782,39820001,27707
66.715,a-cubic,open,140,327.354,41.231,0,67,5.945,4.8,39850409,27728
66.765,a-cubic,open,141,329.132,41.231,0,67,5.955,4.782,39883713,27752
66.815,a-cubic,open,142,331.261,41.231,0,67,5.959,4.765,39911225,27772
66.865,a-cubic,open,142,332.68,41.231,0,67,5.933,4.781,39943081,27794
66.915,a-cubic,open,143,334.617,41.231,0,67,5.941,4.799,39972041,27815
66.965,a-cubic,open,144,335.737,41.231,0,67,5.962,4.798,39998105,27834
67.015,a-cubic,open,144,337.57,41.231,0,67,5.93,4.781,40031409,27857
67.065,a-cubic,open,145,338.925,41.231,0,67,5.947,4.781,40061817,27879
67.116,a-cubic,open,145,340.787,41.231,0,67,5.915,4.781,40090777,27899
67.166,a-cubic,open,146,343.047,41.231,0,67,5.916,4.798,40121185,27921
67.216,a-cubic,open,147,343.63,41.231,0,67,5.947,4.782,40151593,27943
67.266,a-cubic,open,147,345.944,41.231,0,67,5.907,4.782,40177657,27961
67.316,a-cubic,open,148,347.05,41.231,0,67,5.928,4.799,40209513,27984
67.366,a-cubic,open,148,348.38,41.231,0,67,5.905,4.782,40239921,28005
67.416,a-cubic,open,149,350.39,41.231,0,67,5.911,4.782,40271777,28028
67.466,a-cubic,open,149,350.805,41.231,0,67,5.904,4.782,40300737,28048
67.516,a-cubic,open,150,352.685,41.231,0,67,5.912,4.782,40328249,28068
67.566,a-cubic,open,150,352.999,41.231,0,67,5.907,4.782,40363001,28092
67.617,a-cubic,open,150,355.559,41.231,0,67,5.864,4.782,40390513,28111
67.667,a-cubic,open,151,356.448,41.231,0,67,5.889,4.782,40419473,28132
67.717,a-cubic,open,151,357.711,41.231,0,67,5.868,4.798,40448433,28152
67.767,a-cubic,open,152,358.722,41.231,0,67,5.89,4.782,40480289,28175
67.817,a-cubic,open,152,360.292,41.231,0,67,5.864,4.782,40513593,28198
67.867,a-cubic,open,152,361.666,41.231,0,67,5.842,4.782,40538209,28215
67.917,a-cubic,open,153,363.144,41.231,0,67,5.857,4.782,40571513,28239
67.967,a-cubic,open,153,363.487,41.231,0,67,5.851,4.782,40597577,28257
68.018,a-cubic,open,154,365.266,41.231,0,67,5.861,4.782,40627985,28279
68.068,a-cubic,open,154,365.514,41.231,0,67,5.857,4.782,40661289,28302
68.118,a-cubic,open,154,366.14,41.231,0,67,5.847,4.766,40690249,28322
68.168,a-cubic,open,154,367.484,41.231,0,67,5.825,4.798,40722105,28344
68.218,a-cubic,open,155,367.651,41.231,0,67,5.861,4.798,40745273,28361
68.268,a-cubic,open,155,370.059,41.231,0,67,5.822,4.797,40780025,28385
68.318,a-cubic,open,155,370.702,41.231,0,67,5.812,4.782,40811881,28407
68.369,a-cubic,open,155,371.821,41.231,0,67,5.795,4.766,40835049,28423
68.419,a-cubic,open,156,372.75,41.231,0,67,5.818,4.782,40866905,28446
68.469,a-cubic,open,156,372.84,41.231,0,67,5.816,4.782,40901657,28470
68.519,a-cubic,open,156,374.181,41.231,0,67,5.795,4.751,40932065,28491
68.569,a-cubic,open,156,374.983,41.231,0,67,5.783,4.782,40961025,28511
68.619,a-cubic,open,156,375.599,41.231,0,67,5.773,4.782,40988537,28530
68.670,a-cubic,open,157,375.597,41.231,0,67,5.811,4.751,41021841,28554
68.720,a-cubic,open,157,376.802,41.231,0,67,5.792,4.767,41046457,28571
68.770,a-cubic,open,157,377.23,41.231,0,67,5.785,4.782,41078313,28593
68.820,a-cubic,open,157,377.484,41.231,0,67,5.781,4.797,41110169,28615
68.870,a-cubic,open,157,378.006,41.231,0,67,5.774,4.767,41139129,28635
68.920,a-cubic,open,157,378.799,41.231,0,67,5.761,4.782,41170985,28657
68.970,a-cubic,open,157,379.113,41.231,0,67,5.757,4.767,41195601,28674
69.021,a-cubic,open,158,379.589,41.231,0,67,5.786,4.752,41227457,28697
69.071,a-cubic,open,158,380.038,41.231,0,67,5.779,4.798,41262209,28721
69.121,a-cubic,open,158,380.335,41.231,0,67,5.775,4.782,41285377,28737
69.171,a-cubic,open,158,380.878,41.231,0,67,5.766,4.782,41318681,28760
69.221,a-cubic,open,158,380.973,41.231,0,67,5.765,4.782,41349089,28781
69.271,a-cubic,open,158,381.73,41.231,0,67,5.754,4.751,41378049,28801
69.321,a-cubic,open,158,381.434,41.231,0,67,5.758,4.782,41409905,28823
69.372,a-cubic,open,158,382.022,41.231,0,67,5.749,4.767,41435969,28841
69.422,a-cubic,open,158,382.124,41.231,0,67,5.748,4.752,41469273,28864
69.472,a-cubic,open,158,382.555,41.231,0,67,5.741,4.782,41496785,28883
69.522,a-cubic,open,158,383.941,41.231,0,67,5.72,4.767,41521401,28900
69.572,a-cubic,open,158,383.301,41.231,0,67,5.73,4.782,41557601,28925
69.622,a-cubic,open,158,383.728,41.231,0,67,5.724,4.767,41586561,28945
69.672,a-cubic,open,158,384.048,41.231,0,67,5.719,4.767,41616969,28966
69.722,a-cubic,open,158,383.463,41.231,0,67,5.728,4.797,41647377,28987
69.772,a-cubic,open,158,384.443,41.231,0,67,5.713,4.767,41677785,29008
69.823,a-cubic,open,158,383.645,41.231,0,67,5.725,4.782,41709641,29030
69.873,a-cubic,open,158,384.27,41.231,0,67,5.716,4.782,41737153,29049
69.923,a-cubic,open,158,383.896,41.231,0,67,5.721,4.765,41763217,29067
69.973,a-cubic,open,158,383.247,41.231,0,67,5.731,4.767,41796521,29090
70.023,a-cubic,open,158,383.365,41.231,0,67,5.729,4.767,41826929,29111
70.073,a-cubic,open,158,383.802,41.231,0,67,5.723,4.767,41858785,29133
70.123,a-cubic,open,158,383.97,41.231,0,67,5.72,4.767,41883401,29150
70.173,a-cubic,open,158,383.856,41.231,0,67,5.722,4.767,41916705,29173
70.224,a-cubic,open,158,384.13,41.231,0,67,5.718,4.767,41948561,29195
70.274,a-cubic,open,158,384.169,41.231,0,67,5.717,4.767,41971729,29211
70.324,a-cubic,open,158,383.087,41.231,0,67,5.733,4.757,42005033,29234
70.374,a-cubic,open,158,383.001,41.231,0,67,5.735,4.767,42038337,29257
70.424,a-cubic,open,158,383.299,41.231,0,67,5.73,4.767,42064401,29275
70.474,a-cubic,open,158,383.892,41.231,0,67,5.721,4.767,42096257,29297
70.524,a-cubic,open,158,383.852,41.231,0,67,5.722,4.767,42120873,29314
70.574,a-cubic,open,158,383.373,41.231,0,67,5.729,4.767,42157073,29339
70.625,a-cubic,open,158,384.132,41.231,0,67,5.718,4.767,42183137,29357
70.675,a-cubic,open,158,384.242,41.231,0,67,5.716,4.767,42209201,29375
70.725,a-cubic,open,158,383.845,41.231,0,67,5.722,4.767,42245401,29400
70.775,a-cubic,open,158,383.981,41.231,0,67,5.72,4.767,42272913,29419
70.825,a-cubic,open,158,384.18,41.231,0,67,5.717,4.767,42306217,29442
70.875,a-cubic,open,158,383.839,41.231,0,67,5.722,4.767,42333729,29461
70.925,a-cubic,open,158,383.864,41.231,0,67,5.722,4.767,42362689,29481
70.975,a-cubic,open,158,383.629,41.231,0,67,5.725,4.767,42398889,29506
71.026,a-cubic,open,158,383.671,41.231,0,67,5.724,4.767,42420609,29521
71.076,a-cubic,open,158,383.709,41.231,0,67,5.724,4.767,42451017,29542
71.126,a-cubic,open,158,383.969,41.231,0,67,5.72,4.767,42484321,29565
71.176,a-cubic,open,158,384.016,41.231,0,67,5.719,4.767,42513281,29585
71.226,a-cubic,open,158,384.041,41.231,0,67,5.719,4.767,42546585,29608
71.276,a-cubic,open,158,383.741,41.231,0,67,5.723,4.767,42571201,29625
71.326,a-cubic,open,159,383.842,41.231,0,67,5.758,4.767,42605953,29650
71.376,a-cubic,open,159,383.754,41.231,0,67,5.759,4.782,42633465,29669
71.427,a-cubic,open,159,384.24,41.231,0,67,5.752,4.782,42659529,29687
71.477,a-cubic,open,159,384.143,41.231,0,67,5.754,4.767,42692833,29710
71.527,a-cubic,open,159,383.563,41.231,0,67,5.762,4.767,42723241,29731
71.577,a-cubic,open,159,383.526,41.231,0,67,5.763,4.767,42750753,29750
71.627,a-cubic,open,159,383.898,41.231,0,67,5.757,4.761,42782609,29772
71.677,a-cubic,open,159,384.111,41.231,0,67,5.754,4.767,42810121,29791
71.727,a-cubic,open,160,383.703,41.231,0,67,5.796,4.782,42844873,29816
71.777,a-cubic,open,160,384.689,41.231,0,67,5.782,4.782,42872385,29835
71.828,a-cubic,open,160,385.274,41.231,0,67,5.773,4.797,42897001,29852
71.878,a-cubic,open,160,386.351,41.231,0,67,5.757,4.767,42933201,29877
71.928,a-cubic,open,160,386.845,41.231,0,67,5.749,4.752,42962161,29897
71.978,a-cubic,open,160,386.069,41.231,0,67,5.761,4.767,42992569,29918
72.028,a-cubic,open,160,386.606,41.231,0,67,5.753,4.782,43021529,29938
72.078,a-cubic,open,160,386.617,41.231,0,67,5.753,4.767,43049041,29957
72.128,a-cubic,open,161,386.332,41.231,0,67,5.793,4.782,43085241,29983
72.178,a-cubic,open,161,387.107,41.231,0,67,5.781,4.782,43111305,30001
72.229,a-cubic,open,161,387.935,41.231,0,67,5.769,4.767,43137369,30019
72.279,a-cubic,open,161,388.539,41.231,0,67,5.76,4.767,43170673,30042
72.329,a-cubic,open,162,388.926,41.231,0,67,5.79,4.767,43201081,30064
72.379,a-cubic,open,162,388.603,41.231,0,67,5.795,4.767,43232937,30086
72.429,a-cubic,open,162,388.895,41.231,0,67,5.791,4.767,43259001,30104
72.479,a-cubic,open,162,388.594,41.231,0,67,5.795,4.782,43289409,30125
72.529,a-cubic,open,163,389.097,41.231,0,67,5.823,4.797,43327057,30152
72.579,a-cubic,open,163,389.685,41.231,0,67,5.815,4.797,43350225,30168
72.630,a-cubic,open,163,390.795,41.231,0,67,5.798,4.767,43376289,30186
72.680,a-cubic,open,163,390.67,41.231,0,67,5.8,4.782,43412489,30211
72.730,a-cubic,open,164,391.967,41.231,0,67,5.816,4.797,43441449,30232
72.780,a-cubic,open,164,392.194,41.231,0,67,5.813,4.782,43474753,30255
72.830,a-cubic,open,165,392.86,41.231,0,67,5.838,4.782,43496473,30271
72.880,a-cubic,open,165,393.089,41.231,0,67,5.835,4.782,43531225,30295
72.930,a-cubic,open,165,393.509,41.231,0,67,5.829,4.782,43563081,30317
72.980,a-cubic,open,166,394.419,41.231,0,67,5.85,4.797,43589145,30336
73.031,a-cubic,open,166,395.623,41.231,0,67,5.833,4.768,43618105,30356
73.081,a-cubic,open,167,395.988,41.231,0,67,5.862,4.782,43651409,30380
73.131,a-cubic,open,167,397.115,41.231,0,67,5.846,4.782,43678921,30399
73.181,a-cubic,open,168,397.126,41.231,0,67,5.881,4.767,43713673,30424
73.231,a-cubic,open,168,398.596,41.231,0,67,5.859,4.797,43738289,30441
73.281,a-cubic,open,169,399.667,41.231,0,67,5.878,4.782,43771593,30465
73.331,a-cubic,open,169,399.718,41.231,0,67,5.877,4.782,43804897,30488
73.381,a-cubic,open,169,401.519,41.231,0,67,5.851,4.797,43829513,30505
73.432,a-cubic,open,170,402.285,41.231,0,67,5.874,4.782,43855577,30524
73.482,a-cubic,open,171,402.822,41.231,0,67,5.901,4.768,43888881,30548
73.532,a-cubic,open,171,405.16,41.231,0,67,5.867,4.782,43920737,30570
73.582,a-cubic,open,172,404.927,41.231,0,67,5.905,4.768,43952593,30593
73.632,a-cubic,open,172,407.184,41.231,0,67,5.872,4.782,43978657,30611
73.682,a-cubic,open,173,407.3,41.231,0,67,5.904,4.768,44009065,30633
73.732,a-cubic,open,174,408.147,41.231,0,67,5.926,4.796,44046713,30660
73.782,a-cubic,open,174,408.805,41.231,0,67,5.917,4.782,44066985,30674
73.833,a-cubic,open,175,411.389,41.231,0,67,5.913,4.782,44094497,30694
73.883,a-cubic,open,176,411.595,41.231,0,67,5.944,4.782,44127801,30718
73.933,a-cubic,open,177,414.348,41.231,0,67,5.938,4.782,44159657,30741
73.983,a-cubic,open,177,415.139,41.231,0,67,5.927,4.796,44192961,30764
74.033,a-cubic,open,178,416.018,41.231,0,67,5.948,4.782,44219025,30783
74.083,a-cubic,open,179,417.968,41.231,0,67,5.953,4.782,44246537,30803
74.133,a-cubic,open,180,418.73,41.231,0,67,5.976,4.796,44282737,30829
74.183,a-cubic,open,181,420.001,41.231,0,67,5.991,4.796,44310249,30849
74.234,a-cubic,open,181,422.574,41.231,0,67,5.954,4.796,44333417,30865
74.284,a-cubic,open,182,423.883,41.231,0,67,5.968,4.796,44368169,30890
74.334,a-cubic,open,183,425.585,41.231,0,67,5.977,4.782,44400025,30913
74.384,a-cubic,open,184,427.224,41.231,0,67,5.987,4.796,44430433,30935
74.434,a-cubic,open,185,428.72,41.231,0,67,5.998,4.809,44462289,30958
74.484,a-cubic,open,186,430.558,41.231,0,67,6.005,4.795,44486905,30976
74.534,a-cubic,open,187,432.954,41.231,0,67,6.004,4.795,44518761,30999
74.585,a-cubic,open,188,433.921,41.231,0,67,6.023,4.782,44554961,31025
74.635,a-cubic,open,189,435.851,41.231,0,67,6.028,4.795,44581025,31044
74.685,a-cubic,open,190,437.895,41.231,0,67,6.031,4.795,44604193,31061
74.735,a-cubic,open,191,440.426,41.231,0,67,6.028,4.795,44640393,31087
74.785,a-cubic,open,192,442.025,41.231,0,67,6.038,4.782,44667905,31107
74.835,a-cubic,recovery,186,443.463,41.231,1,68,6.52,4.771,44669353,31125
74.885,a-cubic,recovery,179,442.524,41.231,2,69,6.942,4.784,44669353,31139
74.935,a-cubic,recovery,173,442.832,41.231,3,70,7.283,4.771,44669353,31151
74.986,a-cubic,recovery,164,443.184,41.231,5,72,7.716,4.758,44669353,31167
75.036,a-cubic,recovery,156,443.046,41.231,6,73,8.22,4.745,44669353,31184
75.086,a-cubic,recovery,151,442.736,41.231,6,73,8.603,4.784,44669353,31197
75.136,a-cubic,recovery,146,442.879,41.231,6,73,8.977,4.797,44669353,31209
75.186,a-cubic,recovery,137,442.742,41.231,7,74,9.513,4.797,44669353,31226
75.236,a-cubic,recovery,135,443.362,41.231,7,74,10.064,4.823,44669353,31245
75.286,a-cubic,recovery,135,434.523,41.231,7,76,10.909,4.601,44669353,31267
75.336,a-cubic,recovery,135,416.4,41.231,6,76,11.985,4.387,44669353,31285
75.387,a-cubic,recovery,135,392.383,41.231,4,76,13.498,4.15,44669353,31307
75.437,a-cubic,recovery,135,372.062,41.231,3,76,15.057,3.895,44669353,31329
75.487,a-cubic,recovery,135,350.421,41.231,3,76,16.701,3.702,44669353,31347
75.537,a-cubic,recovery,135,327.273,41.231,2,76,18.944,3.487,44669353,31372
75.587,a-cubic,open,135,324.368,41.231,0,76,5.785,3.567,45148641,31391
75.637,a-cubic,open,135,326.642,41.231,0,76,5.745,3.743,45179049,31412
75.687,a-cubic,open,136,326.555,41.231,0,76,5.789,3.948,45205113,31431
75.737,a-cubic,open,137,326.944,41.231,0,76,5.825,4.165,45239865,31456
75.788,a-cubic,open,138,327.506,41.231,0,76,5.857,4.422,45265929,31475
75.838,a-cubic,open,139,327.269,41.231,0,76,5.904,4.712,45297785,31498
75.888,a-cubic,open,140,326.491,41.231,0,76,5.961,4.8,45329641,31521
75.938,a-cubic,open,141,325.849,41.231,0,76,6.015,4.782,45360049,31543
75.988,a-cubic,open,142,326.602,41.231,0,76,6.044,4.817,45387561,31563
76.038,a-cubic,open,143,328.025,41.231,0,76,6.06,4.8,45419417,31586
76.089,a-cubic,open,145,329.866,41.231,0,76,6.11,4.782,45451273,31610
76.139,a-cubic,open,146,332.254,41.231,0,76,6.108,4.782,45475889,31628
76.189,a-cubic,open,147,334.82,41.231,0,76,6.103,4.782,45510641,31653
76.239,a-cubic,open,148,337.655,41.231,0,76,6.093,4.782,45541049,31675
76.289,a-cubic,open,149,341.332,41.231,0,76,6.068,4.782,45570009,31696
76.339,a-cubic,open,150,345.257,41.231,0,76,6.039,4.782,45594625,31714
76.389,a-cubic,open,152,347.059,41.231,0,76,6.088,4.765,45626481,31738
76.439,a-cubic,open,153,350.153,41.231,0,76,6.074,4.782,45661233,31763
76.490,a-cubic,open,154,352.211,41.231,0,76,6.078,4.782,45684401,31780
76.540,a-cubic,open,155,355.019,41.231,0,76,6.069,4.782,45720601,31806
76.590,a-cubic,open,156,357.147,41.231,0,76,6.072,4.782,45749561,31827
76.640,a-cubic,open,157,359.48,41.231,0,76,6.071,4.782,45779969,31849
76.690,a-cubic,open,158,362.6,41.231,0,76,6.057,4.782,45806033,31868
76.740,a-cubic,open,159,364.334,41.231,0,76,6.066,4.798,45836441,31890
76.790,a-cubic,open,160,367.047,41.231,0,76,6.06,4.782,45869745,31914
76.841,a-cubic,open,161,369.332,41.231,0,76,6.06,4.782,45897257,31934
76.891,a-cubic,open,162,372.374,41.231,0,76,6.047,4.767,45924769,31954
76.941,a-cubic,open,164,374.809,41.231,0,76,6.082,4.798,45962417,31982
76.991,a-cubic,open,164,377.309,41.231,0,76,6.042,4.767,45987033,31999
77.041,a-cubic,open,166,380.453,41.231,0,76,6.065,4.813,46020337,32024
77.091,a-cubic,open,166,382.134,41.231,0,76,6.039,4.767,46043505,32040
77.141,a-cubic,open,167,385.429,41.231,0,76,6.023,4.78,46076809,32064
77.192,a-cubic,open,168,386.75,41.231,0,76,6.038,4.797,46110113,32088
77.242,a-cubic,open,169,388.762,41.231,0,76,6.043,4.782,46133281,32105
77.292,a-cubic,open,170,392.023,41.231,0,76,6.028,4.767,46165137,32128
77.342,a-cubic,open,171,393.722,41.231,0,76,6.037,4.796,46199889,32153
77.392,a-cubic,open,172,395.863,41.231,0,76,6.04,4.782,46227401,32172
77.442,a-cubic,open,172,398.487,41.231,0,76,6.0,4.811,46260705,32196
77.492,a-cubic,open,173,400.543,41.231,0,76,6.004,4.782,46280977,32211
77.542,a-cubic,open,174,402.815,41.231,0,76,6.005,4.797,46314281,32235
77.593,a-cubic,open,175,404.955,41.231,0,76,6.007,4.782,46353377,32263
77.643,a-cubic,open,175,407.015,41.231,0,76,5.977,4.782,46375097,32278
77.693,a-cubic,open,176,408.89,41.231,0,76,5.983,4.768,46404057,32299
77.743,a-cubic,open,177,410.393,41.231,0,76,5.995,4.782,46438809,32324
77.793,a-cubic,open,177,413.171,41.231,0,76,5.955,4.782,46469217,32345
77.843,a-cubic,open,178,415.526,41.231,0,76,5.955,4.782,46501073,32368
77.893,a-cubic,open,179,416.889,41.231,0,76,5.969,4.796,46525689,32386
77.944,a-cubic,open,179,418.397,41.231,0,76,5.947,4.782,46553201,32405
77.994,a-cubic,open,180,420.704,41.231,0,76,5.948,4.782,46590849,32432
78.044,a-cubic,open,181,421.695,41.231,0,76,5.966,4.782,46618361,32452
78.094,a-cubic,open,181,423.733,41.231,0,76,5.938,4.796,46644425,32470
78.144,a-cubic,open,182,425.369,41.231,0,76,5.948,4.782,46674833,32492
78.194,a-cubic,open,182,427.137,41.231,0,76,5.923,4.796,46709585,32516
78.244,a-cubic,open,183,428.703,41.231,0,76,5.934,4.796,46738545,32537
78.294,a-cubic,open,183,430.391,41.231,0,76,5.911,4.782,46767505,32557
78.344,a-cubic,open,184,431.929,41.231,0,76,5.922,4.796,46793569,32576
78.395,a-cubic,open,184,433.503,41.231,0,76,5.9,4.795,46826873,32599
78.445,a-cubic,open,185,434.604,41.231,0,76,5.917,4.782,46860177,32623
78.495,a-cubic,open,185,436.372,41.231,0,76,5.893,4.795,46886241,32641
78.545,a-cubic,open,185,437.953,41.231,0,76,5.872,4.782,46912305,32659
78.595,a-cubic,open,186,438.398,41.231,0,76,5.898,4.795,46947057,32684
78.645,a-cubic,open,186,440.007,41.231,0,76,5.876,4.795,46976017,32704
78.696,a-cubic,open,187,441.61,41.231,0,76,5.886,4.808,47010769,32729
78.746,a-cubic,open,187,442.143,41.231,0,76,5.879,4.795,47038281,32748
78.796,a-cubic,recovery,183,443.157,41.231,1,77,6.023,4.784,47046969,32761
78.846,a-cubic,recovery,175,443.388,41.231,2,78,6.49,4.745,47046969,32777
78.896,a-cubic,recovery,166,442.944,41.231,3,79,7.03,4.745,47046969,32794
78.946,a-cubic,recovery,161,443.327,41.231,3,79,7.4,4.745,47046969,32806
78.996,a-cubic,recovery,156,443.213,41.231,3,79,7.747,4.758,47046969,32817
79.047,a-cubic,recovery,147,443.147,41.231,4,80,8.281,4.732,47046969,32836
79.097,a-cubic,recovery,140,443.246,41.231,5,81,8.687,4.732,47046969,32849
79.147,a-cubic,recovery,134,443.39,41.231,6,82,9.06,4.719,47046969,32863
79.197,a-cubic,recovery,130,443.381,41.231,6,82,9.594,4.73,47046969,32880
79.247,a-cubic,recovery,130,440.59,41.231,5,82,9.339,4.623,47083169,32895
79.297,a-cubic,recovery,130,431.25,41.231,4,82,9.283,4.383,47123713,32915
79.347,a-cubic,recovery,130,423.782,41.231,3,82,8.627,4.205,47183081,32931
79.398,a-cubic,recovery,130,413.038,41.231,3,82,9.39,4.037,47183081,32947
79.448,a-cubic,recovery,130,389.13,41.231,1,82,9.038,3.728,47256929,32972
79.498,a-cubic,open,130,373.679,41.231,0,82,4.836,3.539,47462545,32990
79.548,a-cubic,open,130,356.089,41.231,0,82,5.075,3.398,47494401,33012
79.598,a-cubic,open,131,345.142,41.231,0,82,5.276,3.462,47520465,33031
79.648,a-cubic,open,131,332.634,41.231,0,82,5.474,3.562,47558113,33057
79.699,a-cubic,open,132,323.873,41.231,0,82,5.665,3.657,47581281,33074
79.749,a-cubic,open,133,317.16,41.231,0,82,5.829,3.861,47613137,33097
79.799,a-cubic,open,133,315.004,41.231,0,82,5.869,4.115,47644993,33119
79.849,a-cubic,open,134,313.617,41.231,0,82,5.939,4.345,47673953,33140
79.899,a-cubic,open,135,313.489,41.231,0,82,5.986,4.472,47700017,33159
79.949,a-cubic,open,135,316.656,41.231,0,82,5.926,4.617,47736217,33184
79.999,a-cubic,open,136,319.899,41.231,0,82,5.91,4.764,47763729,33204
80.050,a-cubic,open,137,321.559,41.231,0,82,5.922,4.728,47789793,33223
80.100,a-cubic,open,138,323.836,41.231,0,82,5.924,4.746,47823097,33247
80.150,a-cubic,open,138,325.941,41.231,0,82,5.885,4.747,47853505,33268
80.200,a-cubic,open,139,327.33,41.231,0,82,5.903,4.729,47882465,33289
80.250,a-cubic,open,140,329.178,41.231,0,82,5.912,4.73,47908529,33308
80.300,a-cubic,open,141,330.818,41.231,0,82,5.925,4.747,47941833,33332
80.350,a-cubic,open,141,332.488,41.231,0,82,5.895,4.73,47969345,33351
80.400,a-cubic,open,142,334.069,41.231,0,82,5.909,4.73,47999753,33373
80.451,a-cubic,open,143,335.878,41.231,0,82,5.918,4.748,48031609,33396
80.501,a-cubic,open,143,337.978,41.231,0,82,5.881,4.748,48060569,33416
80.551,a-cubic,open,144,339.03,41.231,0,82,5.904,4.731,48089529,33437
80.601,a-cubic,open,144,340.44,41.231,0,82,5.88,4.748,48117041,33456
80.651,a-cubic,open,145,342.963,41.231,0,82,5.877,4.748,48151793,33481
80.701,a-cubic,open,145,344.26,41.231,0,82,5.855,4.732,48176409,33498
80.751,a-cubic,open,146,345.461,41.231,0,82,5.875,4.749,48208265,33521
80.801,a-cubic,open,147,347.446,41.231,0,82,5.881,4.749,48238673,33543
80.852,a-cubic,open,147,349.029,41.231,0,82,5.855,4.749,48270529,33565
80.902,a-cubic,open,148,349.991,41.231,0,82,5.878,4.749,48295145,33583
80.952,a-cubic,open,148,351.131,41.231,0,82,5.859,4.749,48325553,33604
81.002,a-cubic,open,149,352.971,41.231,0,82,5.868,4.749,48357409,33627
81.052,a-cubic,open,149,353.53,41.231,0,82,5.859,4.749,48383473,33645
81.102,a-cubic,open,150,355.187,41.231,0,82,5.87,4.766,48416777,33669
81.153,a-cubic,open,150,356.721,41.231,0,82,5.845,4.733,48445737,33689
81.203,a-cubic,open,150,358.391,41.231,0,82,5.818,4.75,48479041,33712
81.253,a-cubic,open,151,358.99,41.231,0,82,5.847,4.75,48506553,33732
81.303,a-cubic,open,151,359.893,41.231,0,82,5.832,4.766,48534065,33751
81.353,a-cubic,open,152,361.669,41.231,0,82,5.842,4.75,48565921,33774
81.404,a-cubic,open,152,363.933,41.231,0,82,5.806,4.75,48596329,33795
81.454,a-cubic,open,152,363.503,41.231,0,82,5.813,4.75,48623841,33814
81.504,a-cubic,open,153,365.054,41.231,0,82,5.826,4.75,48655697,33837
81.554,a-cubic,open,153,365.656,41.231,0,82,5.816,4.75,48686105,33858
81.604,a-cubic,open,154,367.414,41.231,0,82,5.826,4.75,48716513,33880
81.654,a-cubic,open,154,367.542,41.231,0,82,5.824,4.751,48746921,33901
81.704,a-cubic,open,154,368.094,41.231,0,82,5.816,4.766,48777329,33922
81.755,a-cubic,open,154,370.933,41.231,0,82,5.771,4.751,48803393,33940
81.805,a-cubic,open,155,370.185,41.231,0,82,5.82,4.751,48830905,33960
81.855,a-cubic,open,155,371.386,41.231,0,82,5.802,4.767,48864209,33983
81.905,a-cubic,open,155,372.237,41.231,0,82,5.788,4.751,48894617,34004
81.955,a-cubic,open,155,373.271,41.231,0,82,5.772,4.751,48923577,34024
82.005,a-cubic,open,156,373.936,41.231,0,82,5.799,4.782,48953985,34046
82.055,a-cubic,open,156,373.79,41.231,0,82,5.801,4.782,48981497,34065
82.106,a-cubic,open,156,374.737,41.231,0,82,5.787,4.751,49014801,34088
82.156,a-cubic,open,156,376.365,41.231,0,82,5.762,4.735,49040865,34106
82.206,a-cubic,open,156,376.582,41.231,0,82,5.758,4.75,49072721,34128
82.256,a-cubic,open,157,377.115,41.231,0,82,5.787,4.767,49104577,34151
82.306,a-cubic,open,157,378.225,41.231,0,82,5.77,4.751,49132089,34170
82.356,a-cubic,open,157,379.139,41.231,0,82,5.756,4.767,49163945,34192
82.406,a-cubic,open,157,378.909,41.231,0,82,5.76,4.767,49191457,34211
82.456,a-cubic,open,157,378.824,41.231,0,82,5.761,4.783,49224761,34234
82.506,a-cubic,open,157,379.887,41.231,0,82,5.745,4.752,49249377,34251
82.557,a-cubic,open,157,380.985,41.231,0,82,5.728,4.75,49278337,34271
82.607,a-cubic,open,158,381.026,41.231,0,82,5.764,4.767,49313089,34296
82.657,a-cubic,open,158,381.466,41.231,0,82,5.758,4.767,49340601,34315
82.707,a-cubic,open,158,381.859,41.231,0,82,5.752,4.767,49371009,34336
82.757,a-cubic,open,158,382.138,41.231,0,82,5.747,4.767,49404313,34359
82.807,a-cubic,open,158,381.776,41.231,0,82,5.753,4.767,49431825,34378
82.857,a-cubic,open,158,381.754,41.231,0,82,5.753,4.736,49460785,34398
82.908,a-cubic,open,158,382.735,41.231,0,82,5.738,4.752,49488297,34417
82.958,a-cubic,open,158,382.688,41.231,0,82,5.739,4.752,49520153,34439
83.008,a-cubic,open,158,382.66,41.231,0,82,5.74,4.767,49550561,34460
83.058,a-cubic,open,158,383.798,41.231,0,82,5.723,4.767,49579521,34480
83.108,a-cubic,open,158,384.37,41.231,0,82,5.714,4.767,49609929,34501
83.158,a-cubic,open,158,384.11,41.231,0,82,5.718,4.767,49641785,34523
83.208,a-cubic,open,158,384.066,41.231,0,82,5.719,4.767,49672193,34544
83.258,a-cubic,open,158,384.127,41.231,0,82,5.718,4.767,49699705,34563
83.309,a-cubic,open,158,384.475,41.231,0,82,5.713,4.767,49725769,34581
83.359,a-cubic,open,158,383.885,41.231,0,82,5.721,4.767,49760521,34605
83.409,a-cubic,open,158,383.76,41.231,0,82,5.723,4.767,49788033,34624
83.459,a-cubic,open,158,384.62,41.231,0,82,5.71,4.767,49819889,34646
83.509,a-cubic,open,158,384.751,41.231,0,82,5.708,4.767,49848849,34666
83.559,a-cubic,open,158,383.763,41.231,0,82,5.723,4.752,49879257,34687
83.609,a-cubic,open,158,383.878,41.231,0,82,5.721,4.767,49909665,34708
83.659,a-cubic,open,158,384.052,41.231,0,82,5.719,4.767,49934281,34725
83.710,a-cubic,open,158,384.538,41.231,0,82,5.712,4.767,49964689,34746
83.760,a-cubic,open,158,383.768,41.231,0,82,5.723,4.767,49997993,34769
83.810,a-cubic,open,158,384.114,41.231,0,82,5.718,4.767,50029849,34791
83.860,a-cubic,open,158,384.407,41.231,0,82,5.714,4.767,50057361,34810
83.910,a-cubic,open,158,383.991,41.231,0,82,5.72,4.767,50089217,34832
83.960,a-cubic,open,158,383.593,41.231,0,82,5.726,4.767,50116729,34851
84.010,a-cubic,open,158,383.826,41.231,0,82,5.722,4.767,50147137,34872
84.061,a-cubic,open,158,384.003,41.231,0,82,5.72,4.767,50174649,34891
84.111,a-cubic,open,158,383.602,41.231,0,82,5.726,4.781,50206505,34913
84.161,a-cubic,open,158,384.09,41.231,0,82,5.718,4.767,50239809,34936
84.211,a-cubic,open,158,383.657,41.231,0,82,5.725,4.767,50267321,34955
84.261,a-cubic,open,158,384.183,41.231,0,82,5.717,4.767,50297729,34976
84.311,a-cubic,open,158,384.789,41.231,0,82,5.708,4.767,50328137,34997
84.361,a-cubic,open,158,384.249,41.231,0,82,5.716,4.767,50358545,35018
84.411,a-cubic,open,158,383.806,41.231,0,82,5.722,4.767,50384609,35036
84.461,a-cubic,open,158,384.327,41.231,0,82,5.715,4.767,50410673,35054
84.512,a-cubic,open,158,383.687,41.231,0,82,5.724,4.767,50446873,35079
84.562,a-cubic,open,158,384.014,41.231,0,82,5.719,4.767,50474385,35098
84.612,a-cubic,open,158,384.15,41.231,0,82,5.717,4.767,50506241,35120
84.662,a-cubic,open,158,384.13,41.231,0,82,5.718,4.762,50536649,35141
84.712,a-cubic,open,158,384.197,41.231,0,82,5.717,4.767,50568505,35163
84.762,a-cubic,open,158,384.025,41.231,0,82,5.719,4.767,50596017,35182
84.812,a-cubic,open,158,384.101,41.231,0,82,5.718,4.767,50623529,35201
84.863,a-cubic,open,158,384.228,41.231,0,82,5.716,4.767,50652489,35221
84.913,a-cubic,open,158,383.647,41.231,0,82,5.725,4.767,50687241,35245
84.963,a-cubic,open,159,383.943,41.231,0,82,5.757,4.767,50714753,35265
85.013,a-cubic,open,159,384.554,41.231,0,82,5.748,4.766,50746609,35287
85.063,a-cubic,open,159,384.505,41.231,0,82,5.748,4.782,50775569,35307
85.113,a-cubic,open,159,384.19,41.231,0,82,5.753,4.767,50805977,35328
85.163,a-cubic,open,159,383.769,41.231,0,82,5.759,4.767,50833489,35347
85.213,a-cubic,open,159,384.285,41.231,0,82,5.752,4.767,50861001,35366
85.264,a-cubic,open,159,385.021,41.231,0,82,5.741,4.752,50894305,35389
85.314,a-cubic,open,160,384.746,41.231,0,82,5.781,4.767,50924713,35411
85.364,a-cubic,open,160,386.417,41.231,0,82,5.756,4.767,50955121,35432
85.414,a-cubic,open,160,386.769,41.231,0,82,5.751,4.767,50985529,35453
85.464,a-cubic,open,160,387.23,41.231,0,82,5.744,4.767,51013041,35472
85.514,a-cubic,open,160,386.366,41.231,0,82,5.757,4.782,51044897,35494
85.564,a-cubic,open,160,386.43,41.231,0,82,5.756,4.767,51072409,35513
85.615,a-cubic,open,160,386.345,41.231,0,82,5.757,4.767,51097025,35530
85.665,a-cubic,open,160,387.718,41.231,0,82,5.736,4.752,51134673,35556
85.715,a-cubic,open,161,388.315,41.231,0,82,5.763,4.767,51163633,35577
85.765,a-cubic,open,161,388.828,41.231,0,82,5.756,4.782,51192593,35597
85.815,a-cubic,open,161,389.167,41.231,0,82,5.751,4.767,51223001,35618
85.865,a-cubic,open,161,389.607,41.231,0,82,5.744,4.752,51254857,35640
85.916,a-cubic,open,162,388.421,41.231,0,82,5.798,4.767,51285265,35662
85.966,a-cubic,open,162,388.723,41.231,0,82,5.793,4.782,51309881,35679
86.016,a-cubic,open,162,389.122,41.231,0,82,5.787,4.752,51334497,35696
86.066,a-cubic,open,162,389.573,41.231,0,82,5.78,4.752,51372145,35722
86.116,a-cubic,open,163,391.154,41.231,0,82,5.793,4.767,51402553,35744
86.166,a-cubic,open,163,391.275,41.231,0,82,5.791,4.767,51431513,35764
86.216,a-cubic,open,163,392.219,41.231,0,82,5.777,4.753,51461921,35785
86.266,a-cubic,open,163,392.643,41.231,0,82,5.771,4.724,51492329,35806
86.316,a-cubic,open,164,392.467,41.231,0,82,5.809,4.797,51522737,35828
86.367,a-cubic,open,164,393.366,41.231,0,82,5.795,4.767,51550249,35847
86.417,a-cubic,open,165,393.988,41.231,0,82,5.822,4.753,51574865,35865
86.467,a-cubic,open,165,394.485,41.231,0,82,5.814,4.768,51612513,35891
86.517,a-cubic,open,165,395.772,41.231,0,82,5.795,4.768,51641473,35911
86.567,a-cubic,open,166,396.043,41.231,0,82,5.826,4.768,51670433,35932
86.617,a-cubic,open,166,397.694,41.231,0,82,5.802,4.753,51700841,35953
86.667,a-cubic,open,166,397.405,41.231,0,82,5.806,4.753,51731249,35974
86.717,a-cubic,open,167,398.104,41.231,0,82,5.831,4.767,51760209,35995
86.767,a-cubic,open,167,398.931,41.231,0,82,5.819,4.767,51787721,36014
86.818,a-cubic,open,168,399.678,41.231,0,82,5.843,4.753,51812337,36032
86.868,a-cubic,open,168,400.903,41.231,0,82,5.825,4.753,51848537,36057
86.918,a-cubic,open,169,402.041,41.231,0,82,5.843,4.753,51880393,36080
86.968,a-cubic,open,169,403.221,41.231,0,82,5.826,4.768,51910801,36101
87.018,a-cubic,open,170,405.019,41.231,0,82,5.835,4.753,51938313,36121
87.068,a-cubic,open,171,405.341,41.231,0,82,5.864,4.753,51965825,36141
87.118,a-cubic,open,171,406.738,41.231,0,82,5.844,4.754,51999129,36164
87.169,a-cubic,open,172,407.076,41.231,0,82,5.873,4.754,52023745,36182
87.219,a-cubic,open,172,408.906,41.231,0,82,5.847,4.768,52049809,36200
87.269,a-cubic,open,173,409.277,41.231,0,82,5.876,4.754,52084561,36225
87.319,a-cubic,open,174,410.998,41.231,0,82,5.885,4.754,52116417,36248
87.369,a-cubic,open,174,412.425,41.231,0,82,5.865,4.74,52148273,36270
87.419,a-cubic,open,175,414.16,41.231,0,82,5.874,4.754,52172889,36288
87.469,a-cubic,open,176,414.872,41.231,0,82,5.897,4.754,52206193,36312
87.519,a-cubic,open,177,416.18,41.231,0,82,5.912,4.754,52239497,36336
87.570,a-cubic,open,177,417.51,41.231,0,82,5.893,4.754,52267009,36355
87.620,a-cubic,open,178,418.585,41.231,0,82,5.911,4.741,52287281,36370
87.670,a-cubic,open,179,419.948,41.231,0,82,5.925,4.755,52320585,36394
87.720,a-cubic,open,180,422.53,41.231,0,82,5.922,4.755,52355337,36419
87.770,a-cubic,open,181,424.629,41.231,0,82,5.925,4.741,52385745,36441
87.820,a-cubic,open,182,425.907,41.231,0,82,5.94,4.755,52414705,36462
87.870,a-cubic,open,182,427.42,41.231,0,82,5.919,4.741,52440769,36480
87.920,a-cubic,open,183,428.996,41.231,0,82,5.93,4.742,52474073,36504
87.971,a-cubic,open,184,430.308,41.231,0,82,5.944,4.755,52505929,36527
88.021,a-cubic,open,185,431.89,41.231,0,82,5.954,4.769,52530545,36545
88.071,a-cubic,open,186,433.825,41.231,0,82,5.96,4.742,52556609,36564
88.121,a-cubic,open,187,436.366,41.231,0,82,5.957,4.755,52589913,36588
88.171,a-cubic,open,188,438.807,41.231,0,82,5.956,4.742,52624665,36613
88.221,a-cubic,open,189,440.342,41.231,0,82,5.966,4.743,52650729,36632
88.271,a-cubic,open,190,442.641,41.231,0,82,5.967,4.756,52681137,36654
88.321,a-cubic,disorder,191,443.447,41.231,0,82,5.987,4.73,52708649,36675
88.371,a-cubic,recovery,182,442.789,41.231,3,85,6.436,4.706,52708649,36691
88.422,a-cubic,recovery,175,443.287,41.231,4,86,6.805,4.693,52708649,36704
88.472,a-cubic,recovery,169,443.393,41.231,5,87,7.179,4.706,52708649,36718
88.522,a-cubic,recovery,162,443.387,41.231,6,88,7.524,4.693,52708649,36730
88.572,a-cubic,recovery,154,443.146,41.231,7,89,7.999,4.68,52708649,36745
88.622,a-cubic,recovery,146,442.87,41.231,8,90,8.475,4.693,52708649,36761
88.672,a-cubic,recovery,140,443.476,41.231,8,90,8.902,4.719,52708649,36775
88.722,a-cubic,recovery,133,443.29,41.231,10,92,9.282,4.696,52708649,36790
88.773,a-cubic,recovery,133,436.239,41.231,8,92,9.432,4.706,52743401,36814
88.823,a-cubic,recovery,133,417.421,41.231,6,92,9.791,4.432,52778153,36836
88.873,a-cubic,recovery,133,397.731,41.231,5,92,9.891,4.285,52818697,36853
88.923,a-cubic,recovery,133,372.948,41.231,3,92,10.064,3.996,52869377,36875
88.973,a-cubic,recovery,133,352.074,41.231,2,92,9.634,3.765,52937433,36896
89.023,a-cubic,recovery,133,332.333,41.231,1,92,10.582,3.522,52953361,36916
89.073,a-cubic,open,133,326.316,41.231,0,92,5.666,3.496,53157529,36936
89.123,a-cubic,open,134,326.61,41.231,0,92,5.703,3.653,53189385,36959
89.174,a-cubic,open,134,326.932,41.231,0,92,5.698,3.866,53218345,36979
89.224,a-cubic,open,135,326.492,41.231,0,92,5.748,4.077,53244409,36998
89.274,a-cubic,open,136,325.943,41.231,0,92,5.8,4.341,53279161,37023
89.324,a-cubic,open,137,325.844,41.231,0,92,5.845,4.626,53308121,37044
89.374,a-cubic,open,138,325.729,41.231,0,92,5.889,4.762,53334185,37063
89.424,a-cubic,open,139,324.816,41.231,0,92,5.949,4.729,53367489,37087
89.474,a-cubic,open,140,325.643,41.231,0,92,5.976,4.764,53397897,37109
89.524,a-cubic,open,142,327.356,41.231,0,92,6.03,4.747,53425409,37130
89.575,a-cubic,open,143,329.432,41.231,0,92,6.034,4.73,53454369,37151
89.625,a-cubic,open,144,331.817,41.231,0,92,6.033,4.747,53487673,37175
89.675,a-cubic,open,145,334.067,41.231,0,92,6.034,4.73,53515185,37195
89.725,a-cubic,open,146,336.607,41.231,0,92,6.029,4.714,53542697,37215
89.775,a-cubic,open,147,339.548,41.231,0,92,6.018,4.715,53574553,37238
89.825,a-cubic,open,149,342.42,41.231,0,92,6.049,4.731,53606409,37262
89.875,a-cubic,open,150,344.702,41.231,0,92,6.049,4.749,53631025,37280
89.926,a-cubic,open,151,348.066,41.231,0,92,6.031,4.732,53661433,37302
89.976,a-cubic,open,152,350.976,41.231,0,92,6.02,4.733,53693289,37325
90.026,a-cubic,open,153,353.609,41.231,0,92,6.015,4.733,53722249,37346
90.076,a-cubic,open,154,356.327,41.231,0,92,6.008,4.733,53751209,37367
90.126,a-cubic,open,155,358.065,41.231,0,92,6.017,4.75,53781617,37389
90.176,a-cubic,open,157,361.147,41.231,0,92,6.043,4.718,53814921,37414
90.227,a-cubic,open,158,364.25,41.231,0,92,6.03,4.719,53840985,37433
90.277,a-cubic,open,158,366.658,41.231,0,92,5.99,4.719,53865601,37450
90.327,a-cubic,open,160,369.46,41.231,0,92,6.02,4.719,53901801,37477
90.377,a-cubic,open,161,372.212,41.231,0,92,6.013,4.735,53930761,37498
90.427,a-cubic,open,162,375.425,41.231,0,92,5.998,4.736,53956825,37517
90.477,a-cubic,open,163,377.199,41.231,0,92,6.007,4.736,53990129,37541
90.527,a-cubic,open,164,379.774,41.231,0,92,6.003,4.736,54019089,37562
90.578,a-cubic,open,165,381.897,41.231,0,92,6.006,4.736,54050945,37585
90.628,a-cubic,open,165,384.812,41.231,0,92,5.96,4.737,54077009,37603
90.678,a-cubic,open,166,386.777,41.231,0,92,5.966,4.737,54104521,37623
90.728,a-cubic,open,167,390.167,41.231,0,92,5.95,4.738,54137825,37646
90.778,a-cubic,open,168,392.048,41.231,0,92,5.957,4.738,54166785,37668
90.828,a-cubic,open,169,394.129,41.231,0,92,5.961,4.738,54194297,37688
90.878,a-cubic,open,170,396.452,41.231,0,92,5.961,4.71,54226153,37711
90.928,a-cubic,open,171,398.99,41.231,0,92,5.958,4.739,54259457,37735
90.979,a-cubic,open,171,401.424,41.231,0,92,5.921,4.739,54288417,37755
91.029,a-cubic,open,172,402.371,41.231,0,92,5.942,4.739,54315929,37775
91.079,a-cubic,open,173,404.698,41.231,0,92,5.942,4.725,54343441,37795
91.129,a-cubic,open,173,407.033,41.231,0,92,5.908,4.739,54375297,37817
91.179,a-cubic,open,174,409.172,41.231,0,92,5.911,4.74,54407153,37840
91.229,a-cubic,open,175,411.201,41.231,0,92,5.916,4.74,54430321,37857
91.279,a-cubic,open,175,412.946,41.231,0,92,5.891,4.726,54459281,37877
91.329,a-cubic,open,176,415.024,41.231,0,92,5.895,4.74,54494033,37902
91.380,a-cubic,open,177,416.751,41.231,0,92,5.904,4.741,54525889,37925
91.430,a-cubic,open,177,418.122,41.231,0,92,5.884,4.768,54553401,37944
91.480,a-cubic,open,178,419.934,41.231,0,92,5.892,4.754,54578017,37962
91.530,a-cubic,open,178,421.606,41.231,0,92,5.869,4.741,54609873,37984
91.580,a-cubic,open,179,423.064,41.231,0,92,5.881,4.755,54644625,38009
91.630,a-cubic,open,180,425.372,41.231,0,92,5.882,4.728,54672137,38028
91.680,a-cubic,open,180,427.53,41.231,0,92,5.853,4.742,54698201,38047
91.730,a-cubic,open,181,428.698,41.231,0,92,5.869,4.742,54730057,38070
91.781,a-cubic,open,181,430.181,41.231,0,92,5.849,4.728,54764809,38094
91.831,a-cubic,open,182,431.315,41.231,0,92,5.866,4.755,54795217,38116
91.881,a-cubic,open,182,433.062,41.231,0,92,5.842,4.742,54822729,38135
91.931,a-cubic,open,183,434.461,41.231,0,92,5.855,4.742,54847345,38153
91.981,a-cubic,open,183,435.273,41.231,0,92,5.844,4.716,54882097,38177
92.031,a-cubic,open,184,436.385,41.231,0,92,5.861,4.742,54913953,38200
92.082,a-cubic,open,184,437.89,41.231,0,92,5.841,4.756,54940017,38218
92.132,a-cubic,open,184,439.419,41.231,0,92,5.821,4.729,54964633,38235
92.182,a-cubic,open,185,440.881,41.231,0,92,5.833,4.743,54995041,38257
92.232,a-cubic,open,185,441.736,41.231,0,92,5.822,4.73,55029793,38281
92.282,a-cubic,open,185,443.126,41.231,0,92,5.803,4.769,55061649,38303
92.332,a-cubic,open,186,443.998,41.231,0,92,5.823,4.743,55087713,38322
92.382,a-cubic,open,186,443.189,41.231,0,92,5.834,4.782,55115225,38341
92.432,a-cubic,open,186,442.807,41.231,0,92,5.839,4.782,55149977,38365
92.482,a-cubic,disorder,187,442.872,41.231,0,92,5.901,4.795,55178937,38387
92.533,a-cubic,recovery,180,443.062,41.231,1,93,6.243,4.784,55178937,38400
92.583,a-cubic,recovery,174,443.362,41.231,2,94,6.616,4.758,55178937,38413
92.633,a-cubic,recovery,166,443.03,41.231,3,95,7.06,4.732,55178937,38428
92.683,a-cubic,recovery,159,443.34,41.231,3,95,7.556,4.745,55178937,38444
92.733,a-cubic,recovery,151,439.724,41.231,3,95,8.156,4.795,55178937,38460
92.783,a-cubic,recovery,145,431.761,41.231,3,95,8.757,4.795,55178937,38474
92.833,a-cubic,recovery,137,420.838,41.231,3,95,9.612,4.782,55178937,38494
92.884,a-cubic,recovery,130,414.351,41.231,3,95,10.434,4.802,55178937,38514
92.934,a-cubic,recovery,130,400.074,41.231,2,95,10.493,4.628,55218033,38532
92.984,a-cubic,open,130,379.765,41.231,0,95,4.758,4.437,55497497,38552
93.034,a-cubic,open,130,363.8,41.231,0,95,4.967,4.146,55529353,38574
93.084,a-cubic,open,131,351.823,41.231,0,95,5.176,4.002,55555417,38593
93.134,a-cubic,open,131,340.247,41.231,0,95,5.352,3.888,55584377,38613
93.184,a-cubic,open,132,326.818,41.231,0,95,5.614,3.688,55619129,38638
93.234,a-cubic,open,133,319.132,41.231,0,95,5.793,3.789,55650985,38661
93.284,a-cubic,open,133,313.684,41.231,0,95,5.894,4.048,55679945,38681
93.335,a-cubic,open,134,310.572,41.231,0,95,5.998,4.187,55708905,38702
93.385,a-cubic,open,135,311.008,41.231,0,95,6.034,4.406,55740761,38725
93.435,a-cubic,open,135,311.807,41.231,0,95,6.018,4.553,55765377,38742
93.485,a-cubic,open,136,315.408,41.231,0,95,5.994,4.716,55795785,38763
93.535,a-cubic,open,137,320.352,41.231,0,95,5.945,4.728,55830537,38789
93.585,a-cubic,open,137,323.418,41.231,0,95,5.888,4.746,55858049,38808
93.635,a-cubic,open,138,325.033,41.231,0,95,5.902,4.729,55887009,38829
93.685,a-cubic,open,139,327.217,41.231,0,95,5.905,4.729,55917417,38851
93.736,a-cubic,open,140,328.952,41.231,0,95,5.916,4.729,55946377,38871
93.786,a-cubic,open,140,330.581,41.231,0,95,5.887,4.729,55975337,38892
93.836,a-cubic,open,141,332.241,41.231,0,95,5.899,4.729,56004297,38913
93.886,a-cubic,open,142,333.442,41.231,0,95,5.92,4.73,56034705,38935
93.936,a-cubic,open,142,335.754,41.231,0,95,5.879,4.748,56066561,38957
93.986,a-cubic,open,143,337.458,41.231,0,95,5.891,4.748,56096969,38979
94.036,a-cubic,open,144,338.763,41.231,0,95,5.909,4.731,56124481,38999
94.086,a-cubic,open,144,341.01,41.231,0,95,5.87,4.748,56154889,39020
94.137,a-cubic,open,145,342.418,41.231,0,95,5.886,4.731,56182401,39040
94.187,a-cubic,open,145,343.967,41.231,0,95,5.86,4.748,56214257,39062
94.237,a-cubic,open,146,345.4,41.231,0,95,5.876,4.748,56243217,39083
94.287,a-cubic,open,146,347.139,41.231,0,95,5.846,4.731,56272177,39103
94.337,a-cubic,open,147,348.502,41.231,0,95,5.863,4.749,56304033,39126
94.388,a-cubic,open,148,349.233,41.231,0,95,5.891,4.749,56331545,39146
94.438,a-cubic,open,148,350.665,41.231,0,95,5.867,4.749,56361953,39167
94.488,a-cubic,open,149,352.484,41.231,0,95,5.876,4.749,56390913,39188
94.538,a-cubic,open,149,353.521,41.231,0,95,5.859,4.766,56421321,39209
94.588,a-cubic,open,149,354.465,41.231,0,95,5.843,4.766,56450281,39229
94.638,a-cubic,open,150,356.318,41.231,0,95,5.852,4.733,56479241,39250
94.688,a-cubic,open,150,357.863,41.231,0,95,5.827,4.75,56512545,39273
94.738,a-cubic,open,151,359.394,41.231,0,95,5.84,4.734,56541505,39294
94.789,a-cubic,open,151,361.124,41.231,0,95,5.812,4.75,56571913,39315
94.839,a-cubic,open,151,361.502,41.231,0,95,5.806,4.734,56597977,39333
94.889,a-cubic,open,152,363.163,41.231,0,95,5.818,4.75,56626937,39354
94.939,a-cubic,open,152,363.05,41.231,0,95,5.82,4.75,56660241,39377
94.989,a-cubic,open,153,364.747,41.231,0,95,5.831,4.75,56690649,39399
95.039,a-cubic,open,153,365.484,41.231,0,95,5.819,4.766,56719609,39419
95.089,a-cubic,open,153,366.957,41.231,0,95,5.796,4.766,56750017,39440
95.140,a-cubic,open,154,368.357,41.231,0,95,5.812,4.751,56780425,39462
95.190,a-cubic,open,154,368.593,41.231,0,95,5.808,4.751,56807937,39481
95.240,a-cubic,open,154,370.213,41.231,0,95,5.782,4.751,56836897,39501
95.290,a-cubic,open,155,370.99,41.231,0,95,5.808,4.751,56868753,39524
95.340,a-cubic,open,155,370.469,41.231,0,95,5.816,4.767,56899161,39545
95.390,a-cubic,open,155,371.774,41.231,0,95,5.796,4.751,56926673,39564
95.440,a-cubic,open,155,373.083,41.231,0,95,5.775,4.751,56959977,39587
95.490,a-cubic,open,156,374.071,41.231,0,95,5.797,4.767,56988937,39608
95.540,a-cubic,open,156,374.295,41.231,0,95,5.794,4.767,57019345,39629
95.591,a-cubic,open,156,375.228,41.231,0,95,5.779,4.75,57042513,39645
95.641,a-cubic,open,156,375.548,41.231,0,95,5.774,4.751,57075817,39668
95.691,a-cubic,open,156,375.646,41.231,0,95,5.773,4.767,57107673,39690
95.741,a-cubic,open,157,376.758,41.231,0,95,5.793,4.751,57138081,39712
95.791,a-cubic,open,157,377.678,41.231,0,95,5.779,4.736,57167041,39732
95.841,a-cubic,open,157,377.926,41.231,0,95,5.775,4.767,57194553,39751
95.891,a-cubic,open,157,379.375,41.231,0,95,5.753,4.751,57227857,39774
95.941,a-cubic,open,157,379.762,41.231,0,95,5.747,4.767,57252473,39791
95.992,a-cubic,open,157,379.84,41.231,0,95,5.746,4.752,57281433,39811
96.042,a-cubic,open,157,380.394,41.231,0,95,5.737,4.752,57314737,39834
96.092,a-cubic,open,157,379.699,41.231,0,95,5.748,4.767,57348041,39857
96.142,a-cubic,open,158,381.048,41.231,0,95,5.764,4.767,57372657,39875
96.192,a-cubic,open,158,381.82,41.231,0,95,5.752,4.767,57405961,39898
96.242,a-cubic,open,158,381.605,41.231,0,95,5.755,4.767,57434921,39918
96.292,a-cubic,open,158,381.994,41.231,0,95,5.75,4.767,57465329,39939
96.343,a-cubic,open,158,382.463,41.231,0,95,5.743,4.767,57489945,39956
96.393,a-cubic,open,158,382.847,41.231,0,95,5.737,4.752,57521801,39978
96.443,a-cubic,open,158,382.748,41.231,0,95,5.738,4.752,57558001,40003
96.493,a-cubic,open,158,382.771,41.231,0,95,5.738,4.782,57585513,40022
96.543,a-cubic,open,158,383.974,41.231,0,95,5.72,4.767,57613025,40041
96.593,a-cubic,open,158,384.225,41.231,0,95,5.716,4.767,57646329,40064
96.643,a-cubic,open,158,384.322,41.231,0,95,5.715,4.767,57673841,40083
96.693,a-cubic,open,158,384.293,41.231,0,95,5.715,4.782,57702801,40103
96.744,a-cubic,open,158,384.561,41.231,0,95,5.711,4.782,57730313,40122
96.794,a-cubic,open,158,384.502,41.231,0,95,5.712,4.767,57759273,40142
96.844,a-cubic,open,158,383.683,41.231,0,95,5.724,4.782,57792577,40165
96.894,a-cubic,open,158,383.57,41.231,0,95,5.726,4.767,57822985,40186
96.944,a-cubic,open,158,384.335,41.231,0,95,5.715,4.767,57854841,40208
96.994,a-cubic,open,158,384.086,41.231,0,95,5.718,4.782,57880905,40226
97.044,a-cubic,open,158,384.197,41.231,0,95,5.717,4.767,57914209,40249
97.094,a-cubic,open,158,384.304,41.231,0,95,5.715,4.782,57938825,40266
97.145,a-cubic,open,158,383.677,41.231,0,95,5.724,4.782,57967785,40286
97.195,a-cubic,open,158,383.949,41.231,0,95,5.72,4.767,58001089,40309
97.245,a-cubic,open,158,383.846,41.231,0,95,5.722,4.767,58035841,40333
97.295,a-cubic,open,158,384.065,41.231,0,95,5.719,4.767,58060457,40350
97.345,a-cubic,open,158,384.409,41.231,0,95,5.713,4.767,58093761,40373
97.395,a-cubic,open,158,383.671,41.231,0,95,5.724,4.767,58122721,40393
97.445,a-cubic,open,158,384.02,41.231,0,95,5.719,4.767,58154577,40415
97.495,a-cubic,open,158,384.758,41.231,0,95,5.708,4.767,58177745,40431
97.546,a-cubic,open,158,384.355,41.231,0,95,5.714,4.767,58206705,40451
97.596,a-cubic,open,158,384.004,41.231,0,95,5.72,4.767,58242905,40476
97.646,a-cubic,open,158,383.576,41.231,0,95,5.726,4.782,58273313,40497
97.696,a-cubic,open,158,384.213,41.231,0,95,5.716,4.767,58302273,40517
97.746,a-cubic,open,158,384.45,41.231,0,95,5.713,4.767,58332681,40538
97.796,a-cubic,open,158,384.11,41.231,0,95,5.718,4.767,58361641,40558
97.846,a-cubic,open,158,384.371,41.231,0,95,5.714,4.767,58389153,40577
97.897,a-cubic,open,158,384.024,41.231,0,95,5.719,4.766,58419561,40598
97.947,a-cubic,open,158,384.546,41.231,0,95,5.711,4.737,58447073,40617
97.997,a-cubic,open,158,384.219,41.231,0,95,5.716,4.767,58481825,40641
98.047,a-cubic,open,158,384.16,41.231,0,95,5.717,4.766,58512233,40662
98.097,a-cubic,open,158,384.019,41.231,0,95,5.719,4.766,58539745,40681
98.147,a-cubic,open,158,384.486,41.231,0,95,5.712,4.766,58570153,40702
98.197,a-cubic,open,158,384.306,41.231,0,95,5.715,4.767,58600561,40723
98.248,a-cubic,open,158,384.317,41.231,0,95,5.715,4.767,58626625,40741
98.298,a-cubic,open,158,383.996,41.231,0,95,5.72,4.782,58657033,40762
98.348,a-cubic,open,158,384.169,41.231,0,95,5.717,4.767,58688889,40784
98.398,a-cubic,open,158,383.98,41.231,0,95,5.72,4.767,58725089,40809
98.448,a-cubic,open,159,384.179,41.231,0,95,5.753,4.767,58746809,40825
98.498,a-cubic,open,159,384.328,41.231,0,95,5.751,4.767,58778665,40847
98.549,a-cubic,open,159,384.305,41.231,0,95,5.751,4.782,58811969,40870
98.599,a-cubic,open,159,384.307,41.231,0,95,5.751,4.767,58840929,40890
98.649,a-cubic,open,159,384.55,41.231,0,95,5.748,4.767,58865545,40907
98.699,a-cubic,open,159,383.746,41.231,0,95,5.76,4.767,58891609,40925
98.750,a-cubic,open,159,384.82,41.231,0,95,5.744,4.752,58927809,40950
98.800,a-cubic,open,160,385.281,41.231,0,95,5.773,4.752,58959665,40973
98.850,a-cubic,open,160,386.355,41.231,0,95,5.757,4.767,58988625,40993
98.900,a-cubic,open,160,386.52,41.231,0,95,5.754,4.782,59017585,41013
98.950,a-cubic,open,160,386.475,41.231,0,95,5.755,4.782,59050889,41036
99.000,a-cubic,open,160,387.337,41.231,0,95,5.742,4.752,59076953,41054
99.050,a-cubic,open,160,386.915,41.231,0,95,5.748,4.767,59105913,41074
99.100,a-cubic,open,160,387.128,41.231,0,95,5.745,4.752,59131977,41092
99.150,a-cubic,open,160,387.884,41.231,0,95,5.734,4.752,59168177,41117
99.201,a-cubic,open,161,388.419,41.231,0,95,5.762,4.767,59198585,41139
99.251,a-cubic,open,161,388.96,41.231,0,95,5.754,4.767,59227545,41159
99.301,a-cubic,open,161,389.048,41.231,0,95,5.753,4.782,59256505,41179
99.351,a-cubic,open,161,389.059,41.231,0,95,5.752,4.766,59288361,41201
99.401,a-cubic,open,162,389.078,41.231,0,95,5.788,4.767,59312977,41219
99.451,a-cubic,open,162,388.621,41.231,0,95,5.795,4.767,59343385,41240
99.501,a-cubic,open,162,390.152,41.231,0,95,5.772,4.752,59372345,41260
99.551,a-cubic,open,162,390.363,41.231,0,95,5.769,4.752,59405649,41283
99.602,a-cubic,open,163,391.506,41.231,0,95,5.787,4.767,59437505,41306
99.652,a-cubic,open,163,391.64,41.231,0,95,5.785,4.767,59466465,41326
99.702,a-cubic,open,163,392.31,41.231,0,95,5.776,4.767,59495425,41346
99.752,a-cubic,open,163,392.841,41.231,0,95,5.768,4.767,59525833,41367
99.802,a-cubic,open,164,393.36,41.231,0,95,5.796,4.767,59554793,41388
99.852,a-cubic,open,164,393.352,41.231,0,95,5.796,4.782,59580857,41406
99.902,a-cubic,open,164,394.578,41.231,0,95,5.778,4.753,59612713,41428
99.952,a-cubic,open,165,395.172,41.231,0,95,5.804,4.738,59646017,41452
100.002,a-cubic,open,165,395.545,41.231,0,95,5.799,4.782,59676425,41473
100.053,a-cubic,open,166,396.177,41.231,0,95,5.824,4.767,59705385,41494
100.103,a-cubic,open,166,396.988,41.231,0,95,5.813,4.767,59734345,41514
100.153,a-cubic,open,166,397.226,41.231,0,95,5.809,4.767,59764753,41535
100.203,a-cubic,open,167,398.213,41.231,0,95,5.83,4.753,59790817,41554
100.253,a-cubic,open,167,399.589,41.231,0,95,5.81,4.767,59818329,41573
100.303,a-cubic,open,168,399.483,41.231,0,95,5.846,4.753,59850185,41596
100.353,a-cubic,open,168,401.382,41.231,0,95,5.818,4.753,59882041,41618
100.404,a-cubic,open,169,402.408,41.231,0,95,5.838,4.768,59915345,41642
100.454,a-cubic,open,169,402.623,41.231,0,95,5.835,4.768,59945753,41663
100.504,a-cubic,open,170,403.998,41.231,0,95,5.849,4.739,59973265,41683
100.554,a-cubic,open,170,404.491,41.231,0,95,5.842,4.753,60003673,41704
100.604,a-cubic,open,171,406.853,41.231,0,95,5.842,4.753,60029737,41723
100.654,a-cubic,open,172,407.448,41.231,0,95,5.868,4.753,60058697,41744
100.704,a-cubic,open,172,408.99,41.231,0,95,5.846,4.754,60086209,41763
100.754,a-cubic,open,173,409.792,41.231,0,95,5.868,4.754,60120961,41788
100.805,a-cubic,open,173,410.674,41.231,0,95,5.856,4.768,60151369,41809
100.855,a-cubic,open,174,412.613,41.231,0,95,5.862,4.74,60181777,41831
100.905,a-cubic,open,175,412.705,41.231,0,95,5.894,4.754,60210737,41852
100.955,a-cubic,open,176,414.643,41.231,0,95,5.9,4.74,60239697,41873
101.005,a-cubic,open,176,416.29,41.231,0,95,5.877,4.754,60268657,41893
101.055,a-cubic,open,177,417.774,41.231,0,95,5.889,4.74,60299065,41915
101.105,a-cubic,open,178,419.201,41.231,0,95,5.903,4.74,60325129,41934
101.156,a-cubic,open,179,419.761,41.231,0,95,5.928,4.754,60355537,41956
101.206,a-cubic,open,180,422.034,41.231,0,95,5.929,4.741,60388841,41980
101.256,a-cubic,open,180,424.262,41.231,0,95,5.898,4.755,60420697,42002
101.306,a-cubic,open,181,424.819,41.231,0,95,5.923,4.755,60451105,42024
101.356,a-cubic,open,182,426.914,41.231,0,95,5.926,4.755,60480065,42045
101.406,a-cubic,open,183,428.26,41.231,0,95,5.94,4.755,60507577,42065
101.456,a-cubic,open,184,430.221,41.231,0,95,5.945,4.728,60533641,42084
101.507,a-cubic,open,185,431.759,41.231,0,95,5.956,4.742,60564049,42106
101.557,a-cubic,open,186,433.788,41.231,0,95,5.96,4.755,60591561,42126
101.607,a-cubic,open,187,436.415,41.231,0,95,5.956,4.755,60621969,42148
101.657,a-cubic,open,188,438.029,41.231,0,95,5.966,4.743,60658169,42174
101.707,a-cubic,open,189,439.515,41.231,0,95,5.978,4.769,60688577,42196
101.757,a-cubic,open,190,441.332,41.231,0,95,5.984,4.743,60716089,42216
101.807,a-cubic,recovery,185,442.501,41.231,1,96,6.189,4.732,60726225,42232
101.858,a-cubic,recovery,177,442.763,41.231,3,98,6.562,4.706,60726225,42246
101.908,a-cubic,recovery,171,443.076,41.231,4,99,6.902,4.68,60726225,42258
101.958,a-cubic,recovery,165,442.765,41.231,4,99,7.378,4.745,60726225,42273
102.008,a-cubic,recovery,158,443.283,41.231,4,99,7.84,4.732,60726225,42288
102.058,a-cubic,recovery,151,442.882,41.231,4,99,8.38,4.784,60726225,42304
102.108,a-cubic,recovery,143,443.068,41.231,6,101,8.785,4.745,60726225,42320
102.159,a-cubic,recovery,135,443.464,41.231,8,103,9.122,4.719,60726225,42333
102.209,a-cubic,recovery,133,443.373,41.231,9,104,9.657,4.732,60726225,42351
102.259,a-cubic,recovery,133,439.229,41.231,8,104,9.684,4.605,60755185,42369
102.309,a-cubic,recovery,133,434.231,41.231,6,104,9.444,4.457,60791385,42383
102.359,a-cubic,recovery,133,419.343,41.231,5,104,7.923,4.2,60901433,42403
102.409,a-cubic,recovery,133,397.615,41.231,5,104,9.09,3.97,60901433,42424
102.459,a-cubic,recovery,133,375.941,41.231,3,104,9.577,3.715,60936185,42447
102.509,a-cubic,recovery,133,355.999,41.231,1,104,9.723,3.494,60978177,42466
102.559,a-cubic,open,133,343.059,41.231,0,104,5.389,3.468,61182345,42490
102.610,a-cubic,open,134,336.175,41.231,0,104,5.541,3.542,61208409,42509
102.660,a-cubic,open,134,331.461,41.231,0,104,5.62,3.634,61231577,42525
102.710,a-cubic,open,135,328.678,41.231,0,104,5.71,3.843,61263433,42548
102.760,a-cubic,open,136,328.201,41.231,0,104,5.76,4.051,61298185,42573
102.810,a-cubic,open,137,327.845,41.231,0,104,5.809,4.281,61324249,42592
102.860,a-cubic,open,139,327.77,41.231,0,104,5.895,4.523,61360449,42619
102.910,a-cubic,open,140,326.596,41.231,0,104,5.959,4.642,61392305,42642
102.960,a-cubic,open,140,326.965,41.231,0,104,5.952,4.761,61414025,42657
103.011,a-cubic,open,142,328.07,41.231,0,104,6.017,4.712,61441537,42678
103.061,a-cubic,open,143,330.755,41.231,0,104,6.01,4.73,61471945,42700
103.111,a-cubic,open,144,333.469,41.231,0,104,6.003,4.747,61505249,42724
103.161,a-cubic,open,145,335.035,41.231,0,104,6.016,4.728,61531313,42743
103.211,a-cubic,open,146,338.343,41.231,0,104,5.998,4.731,61564617,42767
103.261,a-cubic,open,148,340.851,41.231,0,104,6.036,4.731,61597921,42792
103.311,a-cubic,open,149,343.001,41.231,0,104,6.039,4.715,61619641,42807
103.361,a-cubic,open,150,345.923,41.231,0,104,6.028,4.716,61650049,42830
103.412,a-cubic,open,151,349.146,41.231,0,104,6.012,4.716,61677561,42850
103.462,a-cubic,open,152,351.269,41.231,0,104,6.015,4.717,61709417,42873
103.512,a-cubic,open,153,354.068,41.231,0,104,6.007,4.719,61741273,42896
103.562,a-cubic,open,154,357.153,41.231,0,104,5.994,4.717,61771681,42918
103.612,a-cubic,open,156,360.097,41.231,0,104,6.022,4.702,61806433,42944
103.662,a-cubic,open,156,362.265,41.231,0,104,5.986,4.718,61828153,42959
103.712,a-cubic,open,157,364.709,41.231,0,104,5.984,4.703,61854217,42978
103.762,a-cubic,open,158,367.627,41.231,0,104,5.974,4.704,61881729,42998
103.812,a-cubic,open,160,369.891,41.231,0,104,6.013,4.704,61915033,43022
103.863,a-cubic,open,161,373.494,41.231,0,104,5.992,4.72,61949785,43048
103.913,a-cubic,open,162,375.757,41.231,0,104,5.993,4.736,61977297,43068
103.963,a-cubic,open,163,378.515,41.231,0,104,5.986,4.705,62009153,43091
104.013,a-cubic,open,163,381.887,41.231,0,104,5.933,4.722,62041009,43113
104.063,a-cubic,open,164,384.397,41.231,0,104,5.931,4.722,62064177,43130
104.113,a-cubic,open,165,385.53,41.231,0,104,5.949,4.722,62087345,43147
104.163,a-cubic,open,166,387.763,41.231,0,104,5.951,4.723,62116305,43168
104.214,a-cubic,open,167,390.778,41.231,0,104,5.941,4.723,62155401,43196
104.264,a-cubic,open,168,393.679,41.231,0,104,5.932,4.723,62185809,43218
104.314,a-cubic,open,169,395.5,41.231,0,104,5.94,4.724,62214769,43239
104.364,a-cubic,open,169,397.961,41.231,0,104,5.903,4.709,62246625,43261
104.414,a-cubic,open,170,400.138,41.231,0,104,5.906,4.724,62277033,43283
104.464,a-cubic,open,171,402.234,41.231,0,104,5.91,4.71,62297305,43297
104.514,a-cubic,open,171,404.005,41.231,0,104,5.884,4.725,62326265,43318
104.564,a-cubic,open,172,406.863,41.231,0,104,5.877,4.711,62353777,43338
104.615,a-cubic,open,173,408.575,41.231,0,104,5.886,4.725,62389977,43364
104.665,a-cubic,open,174,409.783,41.231,0,104,5.902,4.74,62421833,43387
104.715,a-cubic,open,174,412.285,41.231,0,104,5.867,4.712,62447897,43405
104.765,a-cubic,open,175,414.032,41.231,0,104,5.875,4.712,62478305,43427
104.815,a-cubic,open,176,416.606,41.231,0,104,5.873,4.713,62513057,43452
104.865,a-cubic,open,176,418.046,41.231,0,104,5.852,4.713,62536225,43468
104.915,a-cubic,open,177,418.957,41.231,0,104,5.873,4.727,62560841,43486
104.965,a-cubic,open,177,421.361,41.231,0,104,5.839,4.714,62589801,43506
105.015,a-cubic,open,178,423.702,41.231,0,104,5.84,4.714,62623105,43530
105.066,a-cubic,open,179,425.278,41.231,0,104,5.851,4.701,62656409,43554
105.116,a-cubic,open,179,427.539,41.231,0,104,5.82,4.714,62683921,43573
105.166,a-cubic,open,180,428.975,41.231,0,104,5.833,4.715,62714329,43595
105.216,a-cubic,open,180,430.483,41.231,0,104,5.812,4.701,62747633,43618
105.266,a-cubic,open,181,431.803,41.231,0,104,5.827,4.715,62778041,43640
105.316,a-cubic,open,181,434.064,41.231,0,104,5.796,4.702,62798313,43654
105.367,a-cubic,open,181,434.276,41.231,0,104,5.794,4.715,62827273,43674
105.417,a-cubic,open,182,435.218,41.231,0,104,5.813,4.715,62854785,43694
105.467,a-cubic,open,182,437.457,41.231,0,104,5.783,4.716,62889537,43718
105.517,a-cubic,open,183,438.125,41.231,0,104,5.806,4.729,62921393,43741
105.567,a-cubic,open,183,440.141,41.231,0,104,5.78,4.703,62948905,43760
105.617,a-cubic,open,184,441.356,41.231,0,104,5.795,4.716,62982209,43784
105.667,a-cubic,open,184,442.786,41.231,0,104,5.776,4.716,63015513,43807
105.717,a-cubic,recovery,180,443.206,41.231,1,105,5.928,4.693,63028545,43822
105.768,a-cubic,recovery,175,442.73,41.231,1,105,6.28,4.693,63028545,43833
105.818,a-cubic,recovery,170,443.484,41.231,1,105,6.645,4.667,63028545,43845
105.868,a-cubic,recovery,163,443.327,41.231,2,106,7.055,4.706,63028545,43859
105.918,a-cubic,recovery,155,442.916,41.231,2,106,7.626,4.706,63028545,43878
105.968,a-cubic,recovery,147,442.98,41.231,3,107,8.096,4.706,63028545,43893
106.019,a-cubic,recovery,142,443.359,41.231,3,107,8.465,4.68,63028545,43906
106.069,a-cubic,recovery,134,443.427,41.231,4,108,8.903,4.668,63028545,43921
106.119,a-cubic,recovery,128,443.022,41.231,4,108,9.476,4.706,63028545,43939
106.169,a-cubic,recovery,128,440.571,41.231,3,108,8.614,4.604,63090809,43953
106.219,a-cubic,recovery,128,427.102,41.231,3,108,9.406,4.406,63090809,43969
106.269,a-cubic,recovery,128,403.433,41.231,2,108,8.717,4.183,63173345,43990
106.319,a-cubic,recovery,128,380.661,41.231,1,108,8.582,3.922,63234161,44014
106.370,a-cubic,recovery,128,360.467,41.231,1,108,9.795,3.683,63234161,44033
106.420,a-cubic,open,128,342.566,41.231,0,108,5.194,3.416,63451361,44056
106.470,a-cubic,open,128,326.932,41.231,0,108,5.442,3.371,63483217,44078
106.520,a-cubic,open,129,322.276,41.231,0,108,5.564,3.479,63503489,44093
106.570,a-cubic,open,129,319.303,41.231,0,108,5.616,3.687,63532449,44113
106.620,a-cubic,open,130,317.283,41.231,0,108,5.696,3.911,63567201,44138
106.670,a-cubic,open,131,317.547,41.231,0,108,5.735,4.136,63596161,44159
106.721,a-cubic,open,131,316.759,41.231,0,108,5.749,4.401,63625121,44179
106.771,a-cubic,open,132,314.836,41.231,0,108,5.828,4.568,63659873,44204
106.821,a-cubic,open,133,314.516,41.231,0,108,5.878,4.727,63684489,44222
106.871,a-cubic,open,133,315.656,41.231,0,108,5.857,4.709,63707657,44238
106.921,a-cubic,open,134,318.764,41.231,0,108,5.844,4.709,63740961,44262
106.971,a-cubic,open,135,319.557,41.231,0,108,5.873,4.71,63775713,44287
107.021,a-cubic,open,136,321.653,41.231,0,108,5.877,4.71,63803225,44307
107.071,a-cubic,open,136,324.055,41.231,0,108,5.834,4.693,63833633,44328
107.122,a-cubic,open,137,325.247,41.231,0,108,5.855,4.693,63862593,44349
107.172,a-cubic,open,138,327.357,41.231,0,108,5.86,4.694,63888657,44368
107.222,a-cubic,open,139,329.22,41.231,0,108,5.869,4.694,63913273,44386
107.272,a-cubic,open,139,330.589,41.231,0,108,5.845,4.695,63948025,44410
107.322,a-cubic,open,140,332.491,41.231,0,108,5.853,4.695,63978433,44432
107.372,a-cubic,open,141,334.54,41.231,0,108,5.859,4.713,64011737,44456
107.422,a-cubic,open,141,336.107,41.231,0,108,5.832,4.697,64040697,44476
107.473,a-cubic,open,142,337.179,41.231,0,108,5.854,4.713,64066761,44495
107.523,a-cubic,open,142,339.263,41.231,0,108,5.818,4.697,64091377,44512
107.573,a-cubic,open,143,341.341,41.231,0,108,5.824,4.698,64120337,44533
107.623,a-cubic,open,144,342.447,41.231,0,108,5.845,4.681,64155089,44558
107.673,a-cubic,open,144,345.018,41.231,0,108,5.802,4.698,64184049,44578
107.723,a-cubic,open,145,345.959,41.231,0,108,5.826,4.699,64215905,44601
107.773,a-cubic,open,145,347.126,41.231,0,108,5.807,4.682,64247761,44623
107.824,a-cubic,open,146,349.08,41.231,0,108,5.814,4.699,64272377,44641
107.874,a-cubic,open,146,350.231,41.231,0,108,5.795,4.683,64296993,44658
107.924,a-cubic,open,147,350.822,41.231,0,108,5.825,4.716,64323057,44677
107.974,a-cubic,open,147,353.116,41.231,0,108,5.787,4.7,64359257,44702
108.024,a-cubic,open,148,354.294,41.231,0,108,5.807,4.717,64388217,44723
108.074,a-cubic,open,148,355.769,41.231,0,108,5.783,4.701,64421521,44746
108.124,a-cubic,open,149,356.397,41.231,0,108,5.812,4.716,64453377,44769
108.174,a-cubic,open,149,359.049,41.231,0,108,5.769,4.702,64480889,44788
108.225,a-cubic,open,149,359.025,41.231,0,108,5.769,4.717,64505505,44805
108.275,a-cubic,open,150,359.816,41.231,0,108,5.795,4.702,64533017,44825
108.325,a-cubic,open,150,361.642,41.231,0,108,5.766,4.686,64564873,44847
108.375,a-cubic,open,151,363.532,41.231,0,108,5.774,4.703,64599625,44872
108.425,a-cubic,open,151,364.006,41.231,0,108,5.766,4.702,64625689,44890
108.475,a-cubic,open,151,365.189,41.231,0,108,5.748,4.703,64658993,44913
108.525,a-cubic,open,152,366.402,41.231,0,108,5.767,4.703,64687953,44934
108.576,a-cubic,open,152,367.685,41.231,0,108,5.747,4.688,64715465,44953
108.626,a-cubic,open,152,367.798,41.231,0,108,5.745,4.703,64738633,44969
108.676,a-cubic,open,152,368.824,41.231,0,108,5.729,4.704,64769041,44990
108.726,a-cubic,open,153,370.696,41.231,0,108,5.737,4.689,64802345,45014
108.776,a-cubic,open,153,372.308,41.231,0,108,5.713,4.704,64831305,45034
108.826,a-cubic,open,153,372.383,41.231,0,108,5.711,4.689,64860265,45054
108.876,a-cubic,open,153,373.187,41.231,0,108,5.699,4.689,64893569,45077
108.926,a-cubic,open,154,374.002,41.231,0,108,5.724,4.705,64922529,45098
108.977,a-cubic,open,154,373.532,41.231,0,108,5.731,4.72,64947145,45115
109.027,a-cubic,open,154,374.732,41.231,0,108,5.713,4.69,64973209,45133
109.077,a-cubic,open,154,375.296,41.231,0,108,5.704,4.705,65005065,45155
109.127,a-cubic,open,155,376.742,41.231,0,108,5.719,4.705,65038369,45179
109.177,a-cubic,open,155,377.244,41.231,0,108,5.711,4.69,65067329,45199
109.227,a-cubic,open,155,377.977,41.231,0,108,5.7,4.69,65097737,45220
109.277,a-cubic,open,155,378.681,41.231,0,108,5.69,4.705,65131041,45243
109.327,a-cubic,open,155,378.981,41.231,0,108,5.685,4.706,65157105,45261
109.377,a-cubic,open,155,378.837,41.231,0,108,5.687,4.72,65178825,45276
109.428,a-cubic,open,155,379.759,41.231,0,108,5.674,4.706,65207785,45296
109.478,a-cubic,open,155,380.407,41.231,0,108,5.664,4.691,65241089,45319
109.528,a-cubic,open,156,381.554,41.231,0,108,5.683,4.706,65272945,45342
109.578,a-cubic,open,156,381.763,41.231,0,108,5.68,4.706,65301905,45362
109.628,a-cubic,open,156,382.453,41.231,0,108,5.67,4.692,65332313,45383
109.678,a-cubic,open,156,383.002,41.231,0,108,5.662,4.691,65364169,45405
109.728,a-cubic,open,156,383.375,41.231,0,108,5.656,4.692,65388785,45422
109.778,a-cubic,open,156,382.829,41.231,0,108,5.664,4.691,65414849,45440
109.828,a-cubic,open,156,383.097,41.231,0,108,5.661,4.691,65445257,45461
109.879,a-cubic,open,156,383.238,41.231,0,108,5.658,4.691,65480009,45485
109.929,a-cubic,open,156,383.739,41.231,0,108,5.651,4.701,65510417,45506
109.979,a-cubic,open,156,384.426,41.231,0,108,5.641,4.692,65536481,45524
110.029,a-cubic,open,156,385.18,41.231,0,108,5.63,4.676,65569785,45547
110.079,a-cubic,open,156,385.266,41.231,0,108,5.629,4.692,65598745,45567
110.129,a-cubic,open,156,385.554,41.231,0,108,5.624,4.692,65623361,45584
110.179,a-cubic,open,156,385.69,41.231,0,108,5.622,4.707,65647977,45601
110.229,a-cubic,open,156,385.65,41.231,0,108,5.623,4.692,65681281,45624
110.280,a-cubic,open,156,385.552,41.231,0,108,5.624,4.692,65716033,45648
110.330,a-cubic,open,156,385.392,41.231,0,108,5.627,4.692,65746441,45669
110.380,a-cubic,open,156,384.895,41.231,0,108,5.634,4.691,65773953,45688
110.430,a-cubic,open,156,385.075,41.231,0,108,5.631,4.692,65805809,45710
110.480,a-cubic,open,156,384.969,41.231,0,108,5.633,4.692,65833321,45729
110.530,a-cubic,open,156,385.088,41.231,0,108,5.631,4.692,65855041,45744
110.580,a-cubic,open,156,385.531,41.231,0,108,5.625,4.692,65886897,45766
110.630,a-cubic,open,156,385.356,41.231,0,108,5.627,4.692,65915857,45786
110.680,a-cubic,open,156,386.067,41.231,0,108,5.617,4.692,65949161,45809
110.730,a-cubic,open,156,385.185,41.231,0,108,5.63,4.692,65978121,45829
110.781,a-cubic,open,156,384.583,41.231,0,108,5.639,4.691,66008529,45850
110.831,a-cubic,open,156,386.001,41.231,0,108,5.618,4.662,66040385,45872
110.881,a-cubic,open,156,385.414,41.231,0,108,5.626,4.692,66065001,45889
110.931,a-cubic,open,156,385.297,41.231,0,108,5.628,4.692,66089617,45906
110.981,a-cubic,open,156,384.872,41.231,0,108,5.634,4.707,66121473,45928
111.031,a-cubic,open,156,385.047,41.231,0,108,5.632,4.692,66154777,45951
111.081,a-cubic,open,156,385.831,41.231,0,108,5.62,4.692,66183737,45971
111.131,a-cubic,open,156,385.456,41.231,0,108,5.626,4.706,66214145,45992
111.181,a-cubic,open,156,385.51,41.231,0,108,5.625,4.662,66246001,46014
111.231,a-cubic,open,156,385.424,41.231,0,108,5.626,4.692,66273513,46033
111.282,a-cubic,open,156,385.156,41.231,0,108,5.63,4.692,66299577,46051
111.332,a-cubic,open,156,385.378,41.231,0,108,5.627,4.692,66324193,46068
111.382,a-cubic,open,156,385.014,41.231,0,108,5.632,4.691,66357497,46091
111.432,a-cubic,open,156,385.341,41.231,0,108,5.628,4.692,66390801,46114
111.482,a-cubic,open,156,385.146,41.231,0,108,5.63,4.706,66422657,46136
111.532,a-cubic,open,156,384.821,41.231,0,108,5.635,4.706,66451617,46156
111.582,a-cubic,open,156,385.026,41.231,0,108,5.632,4.692,66482025,46177
111.632,a-cubic,open,156,385.52,41.231,0,108,5.625,4.691,66508089,46195
111.683,a-cubic,open,156,385.465,41.231,0,108,5.626,4.692,66532705,46212
111.733,a-cubic,open,156,385.166,41.231,0,108,5.63,4.707,66563113,46233
111.783,a-cubic,open,156,385.216,41.231,0,108,5.629,4.692,66592073,46253
111.833,a-cubic,open,156,385.832,41.231,0,108,5.62,4.692,66623929,46275
111.883,a-cubic,open,157,385.623,41.231,0,108,5.659,4.692,66655785,46298
111.933,a-cubic,open,157,385.308,41.231,0,108,5.664,4.692,66684745,46318
111.983,a-cubic,open,157,385.149,41.231,0,108,5.666,4.686,66715153,46339
112.033,a-cubic,open,157,385.309,41.231,0,108,5.664,4.692,66742665,46358
112.084,a-cubic,open,157,385.508,41.231,0,108,5.661,4.691,66767281,46375
112.134,a-cubic,open,157,385.443,41.231,0,108,5.662,4.692,66796241,46395
112.184,a-cubic,open,157,385.493,41.231,0,108,5.661,4.692,66830993,46419
112.234,a-cubic,open,158,386.264,41.231,0,108,5.686,4.707,66861401,46441
112.284,a-cubic,open,158,386.585,41.231,0,108,5.681,4.692,66888913,46460
112.334,a-cubic,open,158,387.565,41.231,0,108,5.667,4.692,66922217,46483
112.384,a-cubic,open,158,387.796,41.231,0,108,5.664,4.706,66951177,46503
112.434,a-cubic,open,158,387.795,41.231,0,108,5.664,4.692,66975793,46520
112.484,a-cubic,open,158,387.681,41.231,0,108,5.665,4.693,67000409,46537
112.535,a-cubic,open,158,387.663,41.231,0,108,5.666,4.692,67032265,46559
112.585,a-cubic,open,158,387.485,41.231,0,108,5.668,4.707,67064121,46581
112.635,a-cubic,open,159,388.016,41.231,0,108,5.696,4.678,67097425,46605
112.685,a-cubic,open,159,389.034,41.231,0,108,5.681,4.693,67126385,46625
112.735,a-cubic,open,159,389.923,41.231,0,108,5.668,4.708,67159689,46648
112.785,a-cubic,open,159,390.303,41.231,0,108,5.663,4.693,67185753,46666
112.835,a-cubic,open,160,390.314,41.231,0,108,5.698,4.693,67210369,46684
112.886,a-cubic,open,160,390.167,41.231,0,108,5.7,4.693,67234985,46701
112.936,a-cubic,open,160,389.812,41.231,0,108,5.706,4.693,67269737,46725
112.986,a-cubic,open,160,390.518,41.231,0,108,5.695,4.693,67300145,46746
113.036,a-cubic,open,161,390.637,41.231,0,108,5.729,4.708,67333449,46770
113.086,a-cubic,open,161,391.759,41.231,0,108,5.713,4.693,67362409,46790
113.136,a-cubic,open,161,392.397,41.231,0,108,5.703,4.708,67392817,46811
113.186,a-cubic,open,162,392.597,41.231,0,108,5.736,4.694,67418881,46830
113.236,a-cubic,open,162,393.283,41.231,0,108,5.726,4.709,67444945,46848
113.286,a-cubic,open,162,394.108,41.231,0,108,5.714,4.694,67472457,46867
113.337,a-cubic,open,163,394.532,41.231,0,108,5.743,4.694,67504313,46890
113.387,a-cubic,open,163,395.145,41.231,0,108,5.734,4.694,67534721,46911
113.437,a-cubic,open,164,395.245,41.231,0,108,5.768,4.68,67569473,46936
113.487,a-cubic,open,164,396.132,41.231,0,108,5.755,4.695,67598433,46956
113.537,a-cubic,open,164,396.856,41.231,0,108,5.744,4.709,67631737,46979
113.587,a-cubic,open,165,398.194,41.231,0,108,5.76,4.709,67656353,46997
113.637,a-cubic,open,165,398.738,41.231,0,108,5.752,4.724,67679521,47013
113.687,a-cubic,open,166,399.401,41.231,0,108,5.777,4.695,67707033,47033
113.737,a-cubic,open,166,400.032,41.231,0,108,5.768,4.71,67740337,47056
113.788,a-cubic,open,167,400.906,41.231,0,108,5.79,4.71,67769297,47077
113.838,a-cubic,open,167,402.434,41.231,0,108,5.768,4.696,67805497,47102
113.888,a-cubic,open,168,403.542,41.231,0,108,5.787,4.71,67833009,47122
113.938,a-cubic,open,168,403.059,41.231,0,108,5.794,4.71,67863417,47143
113.988,a-cubic,open,169,405.423,41.231,0,108,5.795,4.711,67890929,47163
114.038,a-cubic,open,169,406.143,41.231,0,108,5.784,4.711,67918441,47182
114.088,a-cubic,open,170,407.359,41.231,0,108,5.801,4.697,67943057,47200
114.138,a-cubic,open,171,407.783,41.231,0,108,5.829,4.725,67977809,47225
114.189,a-cubic,open,171,409.072,41.231,0,108,5.811,4.697,68006769,47245
114.239,a-cubic,open,172,410.266,41.231,0,108,5.828,4.71,68037177,47267
114.289,a-cubic,open,173,411.648,41.231,0,108,5.842,4.712,68070481,47291
114.339,a-cubic,open,173,412.52,41.231,0,108,5.83,4.726,68102337,47313
114.389,a-cubic,open,174,412.925,41.231,0,108,5.858,4.74,68126953,47331
114.439,a-cubic,open,175,415.904,41.231,0,108,5.849,4.698,68155913,47352
114.489,a-cubic,open,175,416.933,41.231,0,108,5.835,4.726,68179081,47368
114.539,a-cubic,open,176,418.327,41.231,0,108,5.848,4.699,68210937,47391
114.590,a-cubic,open,177,419.588,41.231,0,108,5.864,4.727,68244241,47415
114.640,a-cubic,open,178,421.83,41.231,0,108,5.866,4.714,68273201,47436
114.690,a-cubic,open,179,423.725,41.231,0,108,5.872,4.714,68306505,47460
114.740,a-cubic,open,180,424.056,41.231,0,108,5.9,4.727,68335465,47481
114.790,a-cubic,open,181,425.77,41.231,0,108,5.909,4.714,68364425,47502
114.840,a-cubic,open,181,427.537,41.231,0,108,5.885,4.714,68393385,47522
114.890,a-cubic,open,182,429.928,41.231,0,108,5.885,4.714,68416553,47539
114.941,a-cubic,open,183,431.085,41.231,0,108,5.901,4.715,68446961,47561
114.991,a-cubic,open,184,433.014,41.231,0,108,5.907,4.689,68478817,47584
115.041,a-cubic,open,185,434.15,41.231,0,108,5.923,4.715,68506329,47604
115.091,a-cubic,open,186,436.854,41.231,0,108,5.919,4.716,68538185,47627
115.141,a-cubic,open,187,438.818,41.231,0,108,5.924,4.716,68571489,47651
115.191,a-cubic,open,189,440.345,41.231,0,108,5.966,4.717,68601897,47674
115.241,a-cubic,open,190,442.488,41.231,0,108,5.969,4.73,68632305,47696
115.291,a-cubic,open,191,444.267,41.231,0,108,5.976,4.717,68656921,47714
115.341,a-cubic,recovery,185,443.436,41.231,1,109,6.301,4.706,68659817,47727
115.392,a-cubic,recovery,179,443.609,41.231,1,109,6.737,4.745,68659817,47742
115.442,a-cubic,recovery,170,443.45,41.231,3,111,7.178,4.719,68659817,47758
115.492,a-cubic,recovery,163,443.422,41.231,4,112,7.586,4.719,68659817,47772
115.542,a-cubic,recovery,155,443.269,41.231,6,114,7.965,4.68,68659817,47786
115.592,a-cubic,recovery,147,442.983,41.231,7,115,8.41,4.719,68659817,47801
115.642,a-cubic,recovery,137,443.499,41.231,10,118,8.807,4.667,68659817,47816
115.692,a-cubic,recovery,133,443.537,41.231,11,119,9.214,4.667,68659817,47831
115.742,a-cubic,recovery,133,435.19,41.231,10,119,8.88,4.654,68716289,47854
115.793,a-cubic,recovery,133,416.939,41.231,10,119,9.869,4.432,68716289,47872
115.843,a-cubic,recovery,133,393.66,41.231,8,119,10.17,4.172,68762625,47896
115.893,a-cubic,recovery,133,373.277,41.231,5,119,10.018,3.973,68816201,47914
115.943,a-cubic,recovery,133,351.46,41.231,4,119,10.402,3.721,68856745,47936
115.993,a-cubic,recovery,133,330.597,41.231,1,119,10.596,3.494,68901633,47956
116.043,a-cubic,open,133,327.697,41.231,0,119,5.642,3.525,69102905,47975
116.093,a-cubic,open,134,326.865,41.231,0,119,5.699,3.685,69133313,47997
116.144,a-cubic,open,135,326.592,41.231,0,119,5.746,3.866,69165169,48020
116.194,a-cubic,open,135,325.86,41.231,0,119,5.759,4.09,69194129,48040
116.244,a-cubic,open,136,326.56,41.231,0,119,5.789,4.356,69225985,48063
116.294,a-cubic,open,138,326.863,41.231,0,119,5.869,4.639,69254945,48085
116.344,a-cubic,open,138,325.8,41.231,0,119,5.888,4.746,69281009,48103
116.394,a-cubic,open,140,324.593,41.231,0,119,5.996,4.746,69314313,48128
116.444,a-cubic,open,141,325.318,41.231,0,119,6.025,4.764,69341825,48148
116.494,a-cubic,open,142,327.238,41.231,0,119,6.032,4.764,69375129,48172
116.544,a-cubic,open,143,329.724,41.231,0,119,6.029,4.764,69402641,48192
116.595,a-cubic,open,144,331.826,41.231,0,119,6.032,4.764,69433049,48214
116.645,a-cubic,open,146,334.336,41.231,0,119,6.07,4.748,69463457,48237
116.695,a-cubic,open,147,336.83,41.231,0,119,6.067,4.748,69488073,48255
116.745,a-cubic,open,148,339.698,41.231,0,119,6.056,4.748,69519929,48278
116.795,a-cubic,open,149,342.702,41.231,0,119,6.044,4.748,69548889,48299
116.845,a-cubic,open,150,344.958,41.231,0,119,6.045,4.749,69580745,48322
116.895,a-cubic,open,151,348.047,41.231,0,119,6.031,4.749,69609705,48343
116.946,a-cubic,open,152,350.923,41.231,0,119,6.021,4.733,69641561,48365
116.996,a-cubic,open,153,353.202,41.231,0,119,6.022,4.733,69670521,48387
117.046,a-cubic,open,155,355.81,41.231,0,119,6.056,4.75,69699481,48409
117.096,a-cubic,open,156,358.569,41.231,0,119,6.048,4.75,69729889,48431
117.146,a-cubic,open,157,361.045,41.231,0,119,6.045,4.734,69755953,48449
117.196,a-cubic,open,158,363.307,41.231,0,119,6.045,4.75,69789257,48474
117.246,a-cubic,open,159,365.871,41.231,0,119,6.041,4.75,69818217,48495
117.296,a-cubic,open,160,368.742,41.231,0,119,6.032,4.751,69848625,48517
117.346,a-cubic,open,161,371.592,41.231,0,119,6.023,4.751,69881929,48541
117.397,a-cubic,open,162,374.255,41.231,0,119,6.017,4.736,69906545,48559
117.447,a-cubic,open,163,377.022,41.231,0,119,6.01,4.736,69936953,48581
117.497,a-cubic,open,164,379.465,41.231,0,119,6.008,4.736,69965913,48602
117.547,a-cubic,open,165,381.8,41.231,0,119,6.007,4.737,69994873,48623
117.597,a-cubic,open,166,383.531,41.231,0,119,6.017,4.737,70026729,48646
117.647,a-cubic,open,167,386.555,41.231,0,119,6.005,4.752,70057137,48668
117.697,a-cubic,open,167,388.93,41.231,0,119,5.969,4.738,70086097,48688
117.747,a-cubic,open,168,391.303,41.231,0,119,5.968,4.753,70117953,48711
117.798,a-cubic,open,169,393.305,41.231,0,119,5.973,4.738,70144017,48730
117.848,a-cubic,open,170,396.36,41.231,0,119,5.962,4.753,70172977,48751
117.898,a-cubic,open,171,399.575,41.231,0,119,5.949,4.753,70203385,48773
117.948,a-cubic,open,171,401.106,41.231,0,119,5.926,4.753,70233793,48794
117.998,a-cubic,open,172,402.902,41.231,0,119,5.934,4.768,70267097,48818
118.048,a-cubic,open,173,404.27,41.231,0,119,5.949,4.739,70291713,48836
118.098,a-cubic,open,174,406.991,41.231,0,119,5.943,4.739,70325017,48860
118.148,a-cubic,open,174,408.622,41.231,0,119,5.919,4.726,70356873,48882
118.199,a-cubic,open,175,410.367,41.231,0,119,5.928,4.754,70382937,48901
118.249,a-cubic,open,176,411.828,41.231,0,119,5.941,4.754,70411897,48922
118.299,a-cubic,open,176,414.358,41.231,0,119,5.904,4.74,70439409,48941
118.349,a-cubic,open,177,416.92,41.231,0,119,5.901,4.741,70469817,48963
118.399,a-cubic,open,178,418.544,41.231,0,119,5.912,4.741,70503121,48987
118.450,a-cubic,open,178,419.912,41.231,0,119,5.893,4.741,70533529,49008
118.500,a-cubic,open,179,422.088,41.231,0,119,5.895,4.755,70562489,49029
118.550,a-cubic,open,179,424.166,41.231,0,119,5.866,4.755,70595793,49052
118.600,a-cubic,open,180,425.432,41.231,0,119,5.881,4.768,70623305,49072
118.650,a-cubic,open,180,426.075,41.231,0,119,5.873,4.768,70647921,49089
118.700,a-cubic,open,181,428.134,41.231,0,119,5.877,4.742,70679777,49112
118.750,a-cubic,open,181,430.009,41.231,0,119,5.851,4.768,70710185,49133
118.801,a-cubic,open,182,431.198,41.231,0,119,5.867,4.742,70739145,49154
118.851,a-cubic,open,182,432.303,41.231,0,119,5.852,4.769,70772449,49177
118.901,a-cubic,open,183,434.697,41.231,0,119,5.852,4.755,70799961,49197
118.951,a-cubic,open,183,436.351,41.231,0,119,5.83,4.742,70831817,49219
119.001,a-cubic,open,184,437.395,41.231,0,119,5.848,4.769,70862225,49241
119.051,a-cubic,open,184,438.818,41.231,0,119,5.829,4.756,70894081,49263
119.101,a-cubic,open,185,439.737,41.231,0,119,5.848,4.756,70918697,49281
119.151,a-cubic,open,185,441.425,41.231,0,119,5.826,4.756,70947657,49301
119.202,a-cubic,open,185,441.544,41.231,0,119,5.824,4.743,70978065,49322
119.252,a-cubic,open,186,443.085,41.231,0,119,5.835,4.756,71005577,49342
119.302,a-cubic,open,186,443.205,41.231,0,119,5.834,4.756,71038881,49365
119.352,a-cubic,open,186,443.566,41.231,0,119,5.829,4.795,71070737,49387
119.402,a-cubic,open,187,443.864,41.231,0,119,5.856,4.782,71099697,49408
119.453,a-cubic,recovery,183,443.04,41.231,1,120,6.118,4.758,71112729,49427
119.503,a-cubic,recovery,177,442.915,41.231,1,120,6.559,4.758,71112729,49441
119.553,a-cubic,recovery,170,442.796,41.231,2,121,6.969,4.784,71112729,49455
119.603,a-cubic,recovery,164,442.787,41.231,2,121,7.409,4.784,71112729,49469
119.653,a-cubic,recovery,158,443.157,41.231,2,121,7.811,4.771,71112729,49482
119.703,a-cubic,recovery,151,440.476,41.231,2,121,8.395,4.794,71112729,49499
119.753,a-cubic,recovery,143,433.14,41.231,2,121,9.114,4.785,71112729,49517
119.803,a-cubic,recovery,135,424.267,41.231,2,121,9.895,4.834,71112729,49534
119.854,a-cubic,recovery,130,416.961,41.231,1,121,9.068,4.807,71182233,49553
119.904,a-cubic,recovery,130,399.276,41.231,1,121,10.166,4.563,71182233,49573
119.954,a-cubic,open,130,383.258,41.231,0,121,4.715,4.366,71445769,49592
120.004,a-cubic,open,130,363.656,41.231,0,121,4.969,4.127,71476177,49613
120.054,a-cubic,open,131,349.577,41.231,0,121,5.209,3.936,71505137,49634
120.104,a-cubic,open,131,337.409,41.231,0,121,5.397,3.771,71536993,49656
120.154,a-cubic,open,132,324.951,41.231,0,121,5.647,3.595,71568849,49679
