t_s,label,ca_state,cwnd,rtt_ms,min_rtt_ms,lost,total_retrans,pacing_mbps,delivery_mbps,bytes_acked,segs_out
0.000,a-cubic,open,10,80.353,80.353,0,0,2.883,0.0,1,0
0.051,a-cubic,open,15,63.812,43.664,0,0,5.446,1.194,7241,18
0.101,a-cubic,open,27,49.164,41.233,0,0,12.723,2.58,24617,44
0.151,a-cubic,open,48,51.662,41.233,0,0,21.526,4.768,55025,86
0.201,a-cubic,open,49,74.08,41.233,0,0,9.195,4.782,83985,106
0.251,a-cubic,open,50,91.887,41.233,0,0,7.564,4.782,112945,128
0.301,a-cubic,open,51,110.03,41.233,0,0,6.443,4.831,141905,148
0.351,a-cubic,open,53,119.002,41.233,0,0,6.191,4.782,173761,173
0.401,a-cubic,open,54,120.441,41.233,0,0,6.232,4.782,202721,194
0.452,a-cubic,open,55,123.96,41.233,0,0,6.168,4.736,233129,216
0.502,a-cubic,open,56,127.591,41.233,0,0,6.101,4.782,260641,236
0.552,a-cubic,open,57,130.416,41.233,0,0,6.075,4.782,292497,259
0.602,a-cubic,open,58,132.658,41.233,0,0,6.078,4.739,322905,281
0.652,a-cubic,open,59,133.911,41.233,0,0,6.125,4.782,354761,304
0.702,a-cubic,open,60,136.313,41.233,0,0,6.119,4.782,380825,323
0.752,a-cubic,open,61,138.921,41.233,0,0,6.104,4.782,414129,347
0.803,a-cubic,open,62,141.511,41.233,0,0,6.09,4.781,443089,368
0.853,a-cubic,open,63,143.784,41.233,0,0,6.091,4.782,473497,390
0.903,a-cubic,open,64,146.802,41.233,0,0,6.06,4.738,503905,412
0.953,a-cubic,open,65,147.723,41.233,0,0,6.116,4.817,531417,432
1.003,a-cubic,open,66,150.686,41.233,0,0,6.088,4.778,561825,454
1.053,a-cubic,open,67,153.052,41.233,0,0,6.085,4.778,593681,477
1.103,a-cubic,open,68,155.439,41.233,0,0,6.081,4.782,622641,498
1.153,a-cubic,open,69,158.372,41.233,0,0,6.056,4.782,651601,519
1.204,a-cubic,open,70,160.811,41.233,0,0,6.051,4.782,682009,541
1.254,a-cubic,open,71,162.63,41.233,0,0,6.069,4.818,710969,562
1.304,a-cubic,open,72,165.526,41.233,0,0,6.047,4.782,741377,584
1.354,a-cubic,open,73,167.344,41.233,0,0,6.064,4.782,773233,607
1.404,a-cubic,open,74,170.113,41.233,0,0,6.047,4.782,802193,628
1.454,a-cubic,open,75,172.441,41.233,0,0,6.046,4.78,831153,649
1.504,a-cubic,open,76,174.846,41.233,0,0,6.042,4.78,860113,670
1.555,a-cubic,open,77,177.697,41.233,0,0,6.023,4.78,893417,694
1.605,a-cubic,open,78,178.817,41.233,0,0,6.064,4.78,922377,715
1.655,a-cubic,open,79,181.752,41.233,0,0,6.042,4.782,951337,736
1.705,a-cubic,open,80,183.403,41.233,0,0,6.063,4.782,978849,756
1.755,a-cubic,open,81,186.127,41.233,0,0,6.049,4.782,1010705,779
1.805,a-cubic,open,83,188.774,41.233,0,0,6.112,4.812,1042561,803
1.855,a-cubic,open,83,191.16,41.233,0,0,6.036,4.752,1068625,821
1.906,a-cubic,open,85,192.983,41.233,0,0,6.123,4.812,1100481,845
1.956,a-cubic,open,86,195.598,41.233,0,0,6.112,4.811,1133785,869
2.006,a-cubic,open,87,198.199,41.233,0,0,6.102,4.782,1162745,890
2.056,a-cubic,open,88,201.547,41.233,0,0,6.069,4.753,1188809,909
2.106,a-cubic,open,89,203.011,41.233,0,0,6.094,4.782,1219217,931
2.156,a-cubic,open,90,205.531,41.233,0,0,6.087,4.754,1251073,954
2.206,a-cubic,open,91,208.145,41.233,0,0,6.077,4.782,1281481,976
2.257,a-cubic,open,92,210.171,41.233,0,0,6.085,4.81,1307545,995
2.307,a-cubic,open,93,212.616,41.233,0,0,6.08,4.782,1340849,1019
2.357,a-cubic,open,94,215.168,41.233,0,0,6.073,4.755,1371257,1041
2.407,a-cubic,open,95,217.594,41.233,0,0,6.069,4.782,1403113,1064
2.457,a-cubic,open,96,220.187,41.233,0,0,6.061,4.809,1429177,1083
2.507,a-cubic,open,97,222.528,41.233,0,0,6.059,4.73,1461033,1106
2.557,a-cubic,open,98,224.252,41.233,0,0,6.075,4.808,1491441,1128
2.607,a-cubic,open,99,226.874,41.233,0,0,6.066,4.757,1518953,1148
2.658,a-cubic,open,100,228.962,41.233,0,0,6.071,4.782,1550809,1171
2.708,a-cubic,open,101,230.921,41.233,0,0,6.08,4.782,1576873,1190
2.758,a-cubic,open,102,233.723,41.233,0,0,6.066,4.782,1608729,1213
2.808,a-cubic,open,103,236.974,41.233,0,0,6.042,4.782,1636241,1233
2.858,a-cubic,open,104,239.607,41.233,0,0,6.034,4.782,1669545,1257
2.908,a-cubic,open,105,241.577,41.233,0,0,6.042,4.782,1701401,1280
2.958,a-cubic,open,106,243.749,41.233,0,0,6.045,4.782,1728913,1300
3.009,a-cubic,open,107,245.805,41.233,0,0,6.051,4.806,1759321,1322
3.059,a-cubic,open,108,247.577,41.233,0,0,6.064,4.805,1788281,1343
3.109,a-cubic,open,109,250.567,41.233,0,0,6.047,4.782,1818689,1365
3.159,a-cubic,open,110,252.912,41.233,0,0,6.046,4.782,1850545,1388
3.209,a-cubic,open,111,254.839,41.233,0,0,6.055,4.782,1876609,1407
3.259,a-cubic,open,113,257.913,41.233,0,0,6.09,4.804,1909913,1432
3.309,a-cubic,open,113,260.237,41.233,0,0,6.036,4.782,1937425,1451
3.360,a-cubic,open,114,262.168,41.233,0,0,6.045,4.782,1966385,1472
3.410,a-cubic,open,116,264.875,41.233,0,0,6.088,4.804,2002585,1499
3.460,a-cubic,open,117,267.712,41.233,0,0,6.075,4.782,2028649,1518
3.510,a-cubic,open,118,269.63,41.233,0,0,6.083,4.782,2056161,1537
3.560,a-cubic,open,119,273.291,41.233,0,0,6.053,4.782,2088017,1561
3.610,a-cubic,open,120,274.562,41.233,0,0,6.075,4.782,2118425,1583
3.660,a-cubic,open,121,276.959,41.233,0,0,6.073,4.782,2151729,1607
3.710,a-cubic,open,122,278.77,41.233,0,0,6.083,4.803,2179241,1627
3.761,a-cubic,open,123,281.724,41.233,0,0,6.069,4.803,2209649,1649
3.811,a-cubic,open,124,284.081,41.233,0,0,6.068,4.762,2240057,1671
3.861,a-cubic,open,125,285.785,41.233,0,0,6.08,4.742,2267569,1691
3.911,a-cubic,open,126,289.186,41.233,0,0,6.057,4.762,2300873,1715
3.961,a-cubic,open,127,290.759,41.233,0,0,6.072,4.782,2332729,1738
4.011,a-cubic,open,128,293.597,41.233,0,0,6.06,4.802,2361689,1759
4.061,a-cubic,open,129,296.685,41.233,0,0,6.044,4.782,2387753,1778
4.111,a-cubic,open,130,298.86,41.233,0,0,6.047,4.782,2419609,1801
4.162,a-cubic,open,131,300.802,41.233,0,0,6.054,4.763,2447121,1821
4.212,a-cubic,open,132,302.777,41.233,0,0,6.06,4.782,2477529,1843
4.262,a-cubic,open,133,305.181,41.233,0,0,6.058,4.782,2507937,1865
4.312,a-cubic,open,134,307.618,41.233,0,0,6.055,4.801,2541241,1889
4.362,a-cubic,open,135,310.121,41.233,0,0,6.051,4.763,2570201,1910
4.412,a-cubic,open,136,313.277,41.233,0,0,6.035,4.782,2594817,1927
4.462,a-cubic,open,137,315.815,41.233,0,0,6.03,4.8,2623777,1949
4.512,a-cubic,open,138,317.855,41.233,0,0,6.035,4.764,2654185,1971
4.563,a-cubic,open,139,320.564,41.233,0,0,6.028,4.764,2688937,1996
4.613,a-cubic,open,140,322.284,41.233,0,0,6.038,4.782,2719345,2018
4.663,a-cubic,open,141,325.14,41.233,0,0,6.028,4.8,2748305,2039
4.713,a-cubic,open,142,327.572,41.233,0,0,6.026,4.764,2775817,2059
4.763,a-cubic,open,143,330.252,41.233,0,0,6.019,4.765,2806225,2081
4.813,a-cubic,open,145,332.389,41.233,0,0,6.064,4.782,2836633,2104
4.863,a-cubic,open,146,334.714,41.233,0,0,6.063,4.748,2867041,2126
4.913,a-cubic,open,147,336.994,41.233,0,0,6.064,4.782,2897449,2148
4.964,a-cubic,open,148,338.665,41.233,0,0,6.075,4.781,2930753,2172
5.014,a-cubic,open,149,341.763,41.233,0,0,6.06,4.781,2959713,2193
5.064,a-cubic,open,150,344.445,41.233,0,0,6.054,4.748,2984329,2211
5.114,a-cubic,open,151,346.711,41.233,0,0,6.054,4.765,3016185,2234
5.164,a-cubic,open,152,348.636,41.233,0,0,6.061,4.781,3046593,2256
5.214,a-cubic,open,153,351.047,41.233,0,0,6.059,4.765,3075553,2277
5.264,a-cubic,open,154,354.238,41.233,0,0,6.043,4.765,3107409,2300
5.314,a-cubic,open,155,356.227,41.233,0,0,6.048,4.782,3140713,2323
5.365,a-cubic,open,156,358.003,41.233,0,0,6.057,4.782,3168225,2344
5.415,a-cubic,open,157,359.866,41.233,0,0,6.065,4.798,3192841,2362
5.465,a-cubic,open,158,363.96,41.233,0,0,6.035,4.766,3223249,2384
5.515,a-cubic,open,159,365.758,41.233,0,0,6.043,4.766,3252209,2405
5.565,a-cubic,open,160,367.548,41.233,0,0,6.051,4.782,3285513,2429
5.615,a-cubic,open,161,369.935,41.233,0,0,6.05,4.782,3314473,2450
5.665,a-cubic,open,162,372.128,41.233,0,0,6.051,4.798,3350673,2476
5.715,a-cubic,open,163,373.988,41.233,0,0,6.059,4.797,3378185,2496
5.766,a-cubic,open,164,376.893,41.233,0,0,6.049,4.767,3407145,2517
5.816,a-cubic,open,165,379.231,41.233,0,0,6.048,4.767,3431761,2535
5.866,a-cubic,open,166,382.874,41.233,0,0,6.027,4.766,3463617,2558
5.916,a-cubic,open,167,385.216,41.233,0,0,6.026,4.752,3495473,2581
5.966,a-cubic,open,168,387.118,41.233,0,0,6.033,4.797,3520089,2599
6.016,a-cubic,open,169,388.917,41.233,0,0,6.04,4.767,3553393,2623
6.066,a-cubic,open,171,391.104,41.233,0,0,6.078,4.767,3591041,2650
6.117,a-cubic,open,171,393.39,41.233,0,0,6.042,4.782,3617105,2669
6.167,a-cubic,open,172,396.389,41.233,0,0,6.032,4.753,3646065,2690
6.217,a-cubic,open,173,399.049,41.233,0,0,6.026,4.767,3670681,2708
6.267,a-cubic,open,174,402.099,41.233,0,0,6.015,4.767,3702537,2730
6.317,a-cubic,open,175,403.482,41.233,0,0,6.029,4.796,3730049,2751
6.367,a-cubic,open,176,407.372,41.233,0,0,6.006,4.754,3761905,2774
6.417,a-cubic,open,178,408.223,41.233,0,0,6.061,4.796,3795209,2799
6.467,a-cubic,open,179,410.172,41.233,0,0,6.066,4.782,3828513,2823
6.518,a-cubic,open,180,413.146,41.233,0,0,6.056,4.782,3858921,2845
6.568,a-cubic,open,181,414.946,41.233,0,0,6.064,4.796,3886433,2865
6.618,a-cubic,open,182,418.657,41.233,0,0,6.043,4.782,3912497,2884
6.668,a-cubic,open,183,420.23,41.233,0,0,6.053,4.768,3940009,2904
6.718,a-cubic,open,184,422.909,41.233,0,0,6.048,4.782,3971865,2927
6.768,a-cubic,open,185,424.834,41.233,0,0,6.053,4.796,4006617,2952
6.818,a-cubic,open,186,427.051,41.233,0,0,6.054,4.782,4034129,2972
6.868,a-cubic,open,187,429.668,41.233,0,0,6.05,4.782,4061641,2992
6.919,a-cubic,open,188,432.433,41.233,0,0,6.043,4.782,4099289,3019
6.969,a-cubic,open,189,434.046,41.233,0,0,6.053,4.795,4125353,3038
7.019,a-cubic,open,190,436.38,41.233,0,0,6.052,4.795,4154313,3059
7.069,a-cubic,recovery,190,438.106,41.233,1,1,6.124,4.755,4173137,3077
7.119,a-cubic,recovery,182,439.97,41.233,3,3,6.445,4.732,4173137,3090
7.169,a-cubic,recovery,174,440.124,41.233,5,5,6.854,4.705,4173137,3105
7.219,a-cubic,recovery,166,439.521,41.233,6,6,7.306,4.705,4173137,3120
7.269,a-cubic,recovery,158,438.972,41.233,7,7,7.79,4.729,4173137,3135
7.320,a-cubic,recovery,152,438.96,41.233,7,7,8.265,4.73,4173137,3151
7.370,a-cubic,recovery,143,438.778,41.233,8,8,8.776,4.743,4173137,3168
7.420,a-cubic,recovery,137,438.41,41.233,9,9,9.163,4.756,4173137,3181
7.470,a-cubic,recovery,133,439.021,41.233,10,10,9.626,4.716,4173137,3197
7.520,a-cubic,recovery,133,438.393,41.233,11,13,9.449,4.653,4200649,3213
7.570,a-cubic,recovery,133,432.495,41.233,9,13,9.353,4.469,4233953,3229
7.620,a-cubic,recovery,133,424.139,41.233,7,13,9.111,4.242,4280289,3248
7.670,a-cubic,recovery,133,403.84,41.233,6,13,8.537,4.016,4355585,3270
7.721,a-cubic,recovery,133,382.047,41.233,5,13,9.096,3.75,4385993,3293
7.771,a-cubic,recovery,133,363.698,41.233,4,13,9.479,3.55,4416401,3312
7.821,a-cubic,recovery,133,344.834,41.233,2,13,9.997,3.447,4446809,3333
7.871,a-cubic,recovery,129,334.809,41.233,0,13,5.356,3.551,4643737,3349
7.921,a-cubic,recovery,123,326.256,41.233,0,13,5.241,3.622,4669801,3361
7.971,a-cubic,recovery,117,325.937,41.233,0,13,4.99,3.786,4698761,3375
8.021,a-cubic,recovery,111,326.29,41.233,0,13,4.729,3.972,4730617,3391
8.072,a-cubic,recovery,103,325.958,41.233,0,13,4.393,4.214,4765369,3407
8.122,a-cubic,recovery,97,326.435,41.233,0,13,4.131,4.466,4794329,3421
8.172,a-cubic,open,93,326.834,41.233,0,13,3.955,4.528,4820393,3435
8.222,a-cubic,open,93,318.955,41.233,0,13,4.053,4.461,4843561,3451
8.272,a-cubic,open,94,312.524,41.233,0,13,4.181,4.224,4863833,3466
8.322,a-cubic,open,94,303.681,41.233,0,13,4.303,3.973,4891345,3485
8.372,a-cubic,open,95,295.298,41.233,0,13,4.472,3.64,4918857,3505
8.422,a-cubic,open,95,288.631,41.233,0,13,4.575,3.436,4942025,3521
8.473,a-cubic,open,96,284.052,41.233,0,13,4.698,3.356,4963745,3537
8.523,a-cubic,open,96,283.665,41.233,0,13,4.704,3.434,4985465,3552
8.573,a-cubic,open,97,285.307,41.233,0,13,4.726,3.534,5008633,3569
8.623,a-cubic,open,98,289.094,41.233,0,13,4.712,3.603,5033249,3587
8.673,a-cubic,open,98,291.401,41.233,0,13,4.675,3.754,5059313,3605
8.723,a-cubic,open,99,294.134,41.233,0,13,4.679,3.724,5081033,3621
8.773,a-cubic,open,99,296.856,41.233,0,13,4.636,3.732,5104201,3637
8.823,a-cubic,open,100,298.371,41.233,0,13,4.659,3.717,5124473,3652
8.874,a-cubic,open,100,301.902,41.233,0,13,4.604,3.726,5147641,3668
8.924,a-cubic,open,101,304.146,41.233,0,13,4.616,3.734,5173705,3687
8.974,a-cubic,open,101,306.688,41.233,0,13,4.578,3.705,5198321,3704
9.024,a-cubic,open,102,308.383,41.233,0,13,4.598,3.728,5218593,3719
9.074,a-cubic,open,102,310.354,41.233,0,13,4.569,3.699,5243209,3736
9.124,a-cubic,open,103,312.353,41.233,0,13,4.584,3.707,5264929,3752
9.174,a-cubic,open,103,313.953,41.233,0,13,4.56,3.693,5286649,3767
9.224,a-cubic,open,104,315.002,41.233,0,13,4.589,3.701,5308369,3783
9.274,a-cubic,open,104,316.779,41.233,0,13,4.564,3.687,5335881,3802
9.325,a-cubic,open,105,318.224,41.233,0,13,4.587,3.695,5357601,3818
9.375,a-cubic,open,105,320.398,41.233,0,13,4.556,3.681,5382217,3835
9.425,a-cubic,open,106,321.893,41.233,0,13,4.578,3.689,5403937,3851
9.475,a-cubic,open,106,323.597,41.233,0,13,4.553,3.689,5422761,3864
9.525,a-cubic,open,106,324.894,41.233,0,13,4.535,3.662,5447377,3881
9.575,a-cubic,open,107,326.917,41.233,0,13,4.55,3.684,5470545,3898
9.625,a-cubic,open,107,328.227,41.233,0,13,4.532,3.657,5495161,3915
9.675,a-cubic,open,108,329.858,41.233,0,13,4.551,3.679,5518329,3932
9.726,a-cubic,open,108,330.865,41.233,0,13,4.537,3.665,5540049,3947
9.776,a-cubic,open,108,333.002,41.233,0,13,4.508,3.673,5563217,3963
9.826,a-cubic,open,108,335.285,41.233,0,13,4.478,3.652,5584937,3978
9.876,a-cubic,open,109,335.937,41.233,0,13,4.51,3.668,5606657,3994
9.926,a-cubic,open,109,337.979,41.233,0,13,4.483,3.668,5634169,4013
9.976,a-cubic,open,109,338.869,41.233,0,13,4.471,3.642,5655889,4028
10.026,a-cubic,open,110,341.054,41.233,0,13,4.483,3.663,5680505,4046
10.077,a-cubic,open,110,342.442,41.233,0,13,4.465,3.65,5702225,4061
10.127,a-cubic,open,110,343.754,41.233,0,13,4.448,3.637,5722497,4075
10.177,a-cubic,open,110,344.238,41.233,0,13,4.442,3.624,5741321,4088
10.227,a-cubic,open,111,345.751,41.233,0,13,4.463,3.645,5767385,4107
10.277,a-cubic,open,111,346.816,41.233,0,13,4.449,3.632,5792001,4124
10.327,a-cubic,open,111,347.561,41.233,0,13,4.439,3.62,5813721,4139
10.377,a-cubic,open,111,349.324,41.233,0,13,4.417,3.641,5839785,4157
10.427,a-cubic,open,111,350.894,41.233,0,13,4.397,3.628,5861505,4172
10.478,a-cubic,open,112,353.139,41.233,0,13,4.409,3.615,5881777,4187
10.528,a-cubic,open,112,353.18,41.233,0,13,4.408,3.615,5900601,4200
10.578,a-cubic,open,112,354.706,41.233,0,13,4.389,3.623,5928113,4219
10.628,a-cubic,open,112,354.69,41.233,0,13,4.389,3.623,5949833,4234
10.678,a-cubic,open,112,355.366,41.233,0,13,4.381,3.623,5974449,4251
10.728,a-cubic,open,112,356.805,41.233,0,13,4.363,3.611,5996169,4266
10.778,a-cubic,open,112,358.579,41.233,0,13,4.342,3.578,6017889,4281
10.828,a-cubic,open,113,358.426,41.233,0,13,4.382,3.619,6038161,4296
10.879,a-cubic,open,113,359.949,41.233,0,13,4.364,3.607,6059881,4311
10.929,a-cubic,open,113,360.41,41.233,0,13,4.358,3.595,6084497,4328
10.979,a-cubic,open,113,360.501,41.233,0,13,4.357,3.594,6109113,4345
11.029,a-cubic,open,113,360.774,41.233,0,13,4.354,3.607,6133729,4362
11.079,a-cubic,open,113,361.258,41.233,0,13,4.348,3.583,6152553,4375
11.129,a-cubic,open,113,362.492,41.233,0,13,4.333,3.583,6177169,4392
11.179,a-cubic,open,113,363.485,41.233,0,13,4.321,3.59,6198889,4407
11.229,a-cubic,open,113,365.041,41.233,0,13,4.303,3.59,6216265,4419
11.280,a-cubic,open,113,365.313,41.233,0,13,4.3,3.59,6239433,4435
11.330,a-cubic,open,113,365.481,41.233,0,13,4.298,3.579,6265497,4453
11.380,a-cubic,open,113,365.46,41.233,0,13,4.298,3.59,6290113,4470
11.430,a-cubic,open,113,365.528,41.233,0,13,4.297,3.579,6311833,4485
11.480,a-cubic,open,113,367.307,41.233,0,13,4.276,3.567,6335001,4501
11.530,a-cubic,open,113,367.51,41.233,0,13,4.274,3.567,6353825,4514
11.580,a-cubic,open,113,368.11,41.233,0,13,4.267,3.579,6375545,4529
11.630,a-cubic,open,113,368.439,41.233,0,13,4.263,3.555,6395817,4543
11.681,a-cubic,open,113,367.806,41.233,0,13,4.271,3.555,6420433,4560
11.731,a-cubic,open,113,368.141,41.233,0,13,4.267,3.555,6445049,4577
11.781,a-cubic,open,113,368.254,41.233,0,13,4.265,3.567,6466769,4592
11.831,a-cubic,open,113,369.491,41.233,0,13,4.251,3.543,6485593,4605
11.881,a-cubic,open,113,369.777,41.233,0,13,4.248,3.543,6510209,4622
11.931,a-cubic,open,113,370.342,41.233,0,13,4.241,3.543,6527585,4634
11.981,a-cubic,open,113,370.543,41.233,0,13,4.239,3.543,6549305,4649
12.031,a-cubic,open,113,369.803,41.233,0,13,4.248,3.555,6575369,4667
12.082,a-cubic,open,113,369.967,41.233,0,13,4.246,3.543,6598537,4683
12.132,a-cubic,open,113,370.306,41.233,0,13,4.242,3.532,6623153,4700
12.182,a-cubic,open,113,370.098,41.233,0,13,4.244,3.543,6641977,4713
12.232,a-cubic,open,113,370.76,41.233,0,13,4.237,3.512,6666593,4730
12.282,a-cubic,open,113,370.881,41.233,0,13,4.235,3.532,6686865,4744
12.332,a-cubic,open,113,371.81,41.233,0,13,4.225,3.532,6704241,4756
12.382,a-cubic,open,113,371.842,41.233,0,13,4.224,3.532,6725961,4771
12.432,a-cubic,open,113,371.833,41.233,0,13,4.224,3.532,6750577,4788
12.483,a-cubic,open,113,371.615,41.233,0,13,4.227,3.532,6778089,4807
12.533,a-cubic,open,113,371.942,41.233,0,13,4.223,3.532,6796913,4820
12.583,a-cubic,open,113,372.256,41.233,0,13,4.22,3.52,6818633,4835
12.633,a-cubic,open,113,373.072,41.233,0,13,4.21,3.52,6840353,4850
12.683,a-cubic,open,113,373.297,41.233,0,13,4.208,3.52,6860625,4864
12.733,a-cubic,open,113,373.136,41.233,0,13,4.21,3.52,6882345,4879
12.783,a-cubic,open,113,372.763,41.233,0,13,4.214,3.52,6905513,4895
12.833,a-cubic,open,113,372.27,41.233,0,13,4.219,3.52,6931577,4913
12.883,a-cubic,open,113,371.728,41.233,0,13,4.226,3.52,6953297,4928
12.933,a-cubic,open,113,372.036,41.233,0,13,4.222,3.52,6972121,4941
12.984,a-cubic,open,113,372.487,41.233,0,13,4.217,3.52,6993841,4956
13.034,a-cubic,open,113,372.616,41.233,0,13,4.216,3.52,7017009,4972
13.084,a-cubic,open,113,372.536,41.233,0,13,4.216,3.52,7037281,4986
13.134,a-cubic,open,113,372.768,41.233,0,13,4.214,3.521,7059001,5001
13.184,a-cubic,open,114,372.136,41.233,0,13,4.258,3.516,7083617,5019
13.234,a-cubic,open,114,371.948,41.233,0,13,4.261,3.52,7108233,5036
13.284,a-cubic,open,114,371.701,41.233,0,13,4.263,3.52,7129953,5051
13.334,a-cubic,open,114,371.618,41.233,0,13,4.264,3.52,7148777,5064
13.385,a-cubic,open,114,373.037,41.233,0,13,4.248,3.52,7170497,5079
13.435,a-cubic,open,114,373.105,41.233,0,13,4.247,3.52,7189321,5092
13.485,a-cubic,open,114,373.197,41.233,0,13,4.246,3.52,7212489,5108
13.535,a-cubic,open,114,372.104,41.233,0,13,4.259,3.531,7234209,5123
13.585,a-cubic,open,115,372.218,41.233,0,13,4.295,3.517,7263169,5144
13.635,a-cubic,open,115,372.088,41.233,0,13,4.296,3.551,7284889,5159
13.685,a-cubic,open,115,372.279,41.233,0,13,4.294,3.552,7303713,5172
13.735,a-cubic,open,115,374.15,41.233,0,13,4.273,3.54,7323985,5186
13.785,a-cubic,open,115,373.78,41.233,0,13,4.277,3.54,7344257,5200
13.836,a-cubic,open,115,374.164,41.233,0,13,4.272,3.54,7365977,5215
13.886,a-cubic,open,115,373.965,41.233,0,13,4.275,3.54,7389145,5231
13.936,a-cubic,open,116,373.408,41.233,0,13,4.318,3.537,7415209,5250
13.986,a-cubic,open,116,373.216,41.233,0,13,4.321,3.559,7442721,5269
14.036,a-cubic,open,116,373.247,41.233,0,13,4.32,3.571,7462993,5283
14.086,a-cubic,open,116,373.979,41.233,0,13,4.312,3.571,7481817,5296
14.136,a-cubic,open,116,374.977,41.233,0,13,4.3,3.559,7504985,5312
14.187,a-cubic,open,117,374.827,41.233,0,13,4.339,3.571,7523809,5326
14.237,a-cubic,open,117,375.324,41.233,0,13,4.333,3.559,7545529,5341
14.287,a-cubic,open,117,375.054,41.233,0,13,4.336,3.559,7568697,5357
14.337,a-cubic,open,118,374.796,41.233,0,13,4.376,3.556,7594761,5376
14.387,a-cubic,open,118,374.718,41.233,0,13,4.377,3.59,7622273,5395
14.437,a-cubic,open,118,375.178,41.233,0,13,4.372,3.59,7638201,5406
14.487,a-cubic,open,118,376.054,41.233,0,13,4.362,3.579,7659921,5421
14.537,a-cubic,open,119,377.211,41.233,0,13,4.385,3.598,7680193,5436
14.587,a-cubic,open,119,377.543,41.233,0,13,4.381,3.61,7703361,5452
14.638,a-cubic,open,119,377.442,41.233,0,13,4.383,3.598,7727977,5469
14.688,a-cubic,open,120,376.869,41.233,0,13,4.426,3.598,7751145,5486
14.738,a-cubic,open,120,376.95,41.233,0,13,4.425,3.594,7777209,5504
14.788,a-cubic,open,121,377.392,41.233,0,13,4.457,3.617,7801825,5522
14.838,a-cubic,open,121,378.444,41.233,0,13,4.444,3.606,7820649,5535
14.888,a-cubic,open,121,379.705,41.233,0,13,4.43,3.606,7842369,5550
14.938,a-cubic,open,122,380.689,41.233,0,13,4.455,3.625,7861193,5564
14.988,a-cubic,open,122,381.655,41.233,0,13,4.444,3.636,7882913,5579
15.038,a-cubic,open,123,380.79,41.233,0,13,4.49,3.655,7907529,5597
15.089,a-cubic,open,123,381.497,41.233,0,13,4.482,3.643,7935041,5616
15.139,a-cubic,open,124,381.506,41.233,0,13,4.518,3.655,7964001,5637
15.189,a-cubic,open,124,382.801,41.233,0,13,4.503,3.651,7979929,5648
15.239,a-cubic,open,125,383.039,41.233,0,13,4.536,3.662,7998753,5662
15.289,a-cubic,open,125,384.516,41.233,0,13,4.519,3.651,8023369,5679
15.339,a-cubic,open,126,385.128,41.233,0,13,4.548,3.681,8043641,5694
15.389,a-cubic,open,127,386.08,41.233,0,13,4.573,3.669,8065361,5710
15.439,a-cubic,open,127,386.496,41.233,0,13,4.568,3.699,8095769,5731
15.490,a-cubic,open,128,386.338,41.233,0,13,4.606,3.706,8121833,5750
15.540,a-cubic,open,129,386.714,41.233,0,13,4.637,3.706,8146449,5768
15.590,a-cubic,open,129,388.761,41.233,0,13,4.613,3.713,8166721,5782
15.640,a-cubic,open,130,389.314,41.233,0,13,4.642,3.713,8185545,5796
15.690,a-cubic,open,131,390.956,41.233,0,13,4.658,3.685,8210161,5814
15.740,a-cubic,open,131,391.305,41.233,0,13,4.654,3.742,8228985,5827
15.790,a-cubic,open,132,392.874,41.233,0,13,4.67,3.737,8255049,5846
15.840,a-cubic,open,133,393.266,41.233,0,13,4.701,3.749,8282561,5866
15.891,a-cubic,open,134,393.827,41.233,0,13,4.73,3.755,8310073,5886
15.941,a-cubic,open,135,395.519,41.233,0,13,4.745,3.785,8336137,5905
15.991,a-cubic,open,135,396.251,41.233,0,13,4.736,3.761,8356409,5919
16.041,a-cubic,open,136,397.182,41.233,0,13,4.76,3.779,8373785,5932
16.091,a-cubic,open,137,398.688,41.233,0,13,4.777,3.797,8399849,5951
16.141,a-cubic,open,138,399.497,41.233,0,13,4.802,3.797,8418673,5965
16.191,a-cubic,open,139,401.613,41.233,0,13,4.811,3.802,8446185,5985
16.241,a-cubic,open,140,403.068,41.233,0,13,4.828,3.82,8475145,6006
16.292,a-cubic,open,141,404.471,41.233,0,13,4.846,3.826,8501209,6025
16.342,a-cubic,open,142,405.526,41.233,0,13,4.868,3.843,8527273,6044
16.392,a-cubic,open,143,406.635,41.233,0,13,4.888,3.854,8547545,6059
16.442,a-cubic,open,144,407.465,41.233,0,13,4.913,3.86,8567817,6074
16.492,a-cubic,open,145,409.521,41.233,0,13,4.922,3.865,8592433,6092
16.542,a-cubic,open,146,410.557,41.233,0,13,4.943,3.882,8618497,6111
16.592,a-cubic,open,147,411.879,41.233,0,13,4.961,3.887,8638769,6126
16.642,a-cubic,open,149,413.555,41.233,0,13,5.008,3.904,8666281,6147
16.692,a-cubic,open,150,416.651,41.233,0,13,5.004,3.92,8696689,6169
16.743,a-cubic,open,151,417.778,41.233,0,13,5.024,3.925,8724201,6189
16.793,a-cubic,open,153,420.423,41.233,0,13,5.059,3.93,8748817,6208
16.843,a-cubic,open,154,421.241,41.233,0,13,5.082,3.946,8770537,6224
16.893,a-cubic,open,155,422.628,41.233,0,13,5.098,3.935,8790809,6239
16.943,a-cubic,open,156,424.665,41.233,0,13,5.106,3.951,8813977,6256
16.993,a-cubic,open,157,426.933,41.233,0,13,5.112,3.956,8838593,6274
17.043,a-cubic,open,158,428.651,41.233,0,13,5.124,3.976,8864657,6293
17.093,a-cubic,open,160,431.021,41.233,0,13,5.16,3.992,8890721,6313
17.144,a-cubic,open,162,433.438,41.233,0,13,5.195,4.007,8925473,6338
17.194,a-cubic,open,163,434.933,41.233,0,13,5.21,4.038,8951537,6358
17.244,a-cubic,open,164,436.731,41.233,0,13,5.22,4.042,8973257,6374
17.294,a-cubic,recovery,164,438.403,41.233,1,14,5.263,4.031,8992081,6390
17.344,a-cubic,recovery,159,439.613,41.233,2,15,5.565,4.022,8992081,6401
17.394,a-cubic,recovery,152,439.492,41.233,3,16,5.946,4.033,8992081,6415
17.444,a-cubic,recovery,147,439.975,41.233,4,17,6.193,4.022,8992081,6424
17.494,a-cubic,recovery,140,439.679,41.233,5,18,6.608,4.048,8992081,6438
17.544,a-cubic,recovery,132,439.879,41.233,7,20,6.952,4.022,8992081,6451
17.595,a-cubic,recovery,125,439.164,41.233,8,21,7.375,4.022,8992081,6465
17.645,a-cubic,recovery,116,439.084,41.233,11,23,7.725,3.991,8992081,6477
17.695,a-cubic,recovery,115,439.611,41.233,12,25,8.127,4.007,8992081,6493
17.745,a-cubic,recovery,115,439.134,41.233,12,26,8.04,3.98,9016697,6508
17.795,a-cubic,recovery,115,427.597,41.233,10,26,7.672,3.822,9064481,6523
17.845,a-cubic,recovery,115,406.688,41.233,9,26,8.443,3.611,9073169,6540
17.895,a-cubic,recovery,115,384.194,41.233,7,26,8.575,3.399,9115161,6559
17.945,a-cubic,recovery,115,361.909,41.233,5,26,8.642,3.161,9161497,6579
17.996,a-cubic,recovery,115,341.277,41.233,2,26,8.798,2.972,9200593,6597
18.046,a-cubic,open,115,330.148,41.233,0,26,4.842,3.031,9377249,6617
18.096,a-cubic,open,115,328.446,41.233,0,26,4.867,3.105,9397521,6631
18.146,a-cubic,open,116,326.491,41.233,0,26,4.939,3.244,9420689,6648
18.196,a-cubic,open,117,326.024,41.233,0,26,4.989,3.448,9446753,6667
18.246,a-cubic,open,118,325.402,41.233,0,26,5.041,3.654,9475713,6688
18.296,a-cubic,open,119,325.283,41.233,0,26,5.085,3.884,9504673,6709
18.346,a-cubic,open,120,325.065,41.233,0,26,5.132,4.059,9530737,6728
18.397,a-cubic,open,121,323.505,41.233,0,26,5.199,4.119,9552457,6744
18.447,a-cubic,open,122,324.223,41.233,0,26,5.231,4.14,9577073,6762
18.497,a-cubic,open,122,325.112,41.233,0,26,5.216,4.109,9600241,6778
18.547,a-cubic,open,124,327.031,41.233,0,26,5.271,4.114,9627753,6799
18.597,a-cubic,open,125,329.189,41.233,0,26,5.278,4.149,9658161,6821
18.647,a-cubic,open,126,331.476,41.233,0,26,5.284,4.139,9685673,6841
18.697,a-cubic,open,127,334.545,41.233,0,26,5.277,4.128,9714633,6862
18.747,a-cubic,open,128,336.994,41.233,0,26,5.28,4.133,9733457,6876
18.798,a-cubic,open,129,339.372,41.233,0,26,5.284,4.138,9762417,6897
18.848,a-cubic,open,130,341.395,41.233,0,26,5.293,4.108,9779793,6910
18.898,a-cubic,open,131,345.374,41.233,0,26,5.273,4.132,9810201,6932
18.948,a-cubic,open,132,347.788,41.233,0,26,5.276,4.108,9839161,6953
18.998,a-cubic,open,133,351.178,41.233,0,26,5.265,4.141,9868121,6974
19.048,a-cubic,open,134,352.772,41.233,0,26,5.28,4.16,9894185,6993
19.098,a-cubic,open,135,354.703,41.233,0,26,5.291,4.136,9915905,7009
19.148,a-cubic,open,136,357.714,41.233,0,26,5.285,4.122,9939073,7026
19.198,a-cubic,open,137,359.866,41.233,0,26,5.292,4.14,9960793,7042
19.249,a-cubic,open,138,363.791,41.233,0,26,5.273,4.149,9992649,7065
19.299,a-cubic,open,139,366.348,41.233,0,26,5.274,4.153,10020161,7085
19.349,a-cubic,open,140,369.358,41.233,0,26,5.269,4.171,10050569,7107
19.399,a-cubic,open,141,371.486,41.233,0,26,5.276,4.147,10073737,7124
19.449,a-cubic,open,141,373.483,41.233,0,26,5.248,4.134,10098353,7141
19.499,a-cubic,open,142,376.296,41.233,0,26,5.246,4.138,10120073,7157
19.549,a-cubic,open,143,379.136,41.233,0,26,5.243,4.156,10149033,7178
19.599,a-cubic,open,144,381.811,41.233,0,26,5.243,4.134,10169305,7193
19.649,a-cubic,open,145,383.991,41.233,0,26,5.249,4.151,10198265,7214
19.700,a-cubic,open,145,386.417,41.233,0,26,5.216,4.141,10227225,7234
19.750,a-cubic,open,146,389.699,41.233,0,26,5.208,4.171,10256185,7255
19.800,a-cubic,open,147,391.033,41.233,0,26,5.226,4.149,10283697,7275
19.850,a-cubic,open,148,393.196,41.233,0,26,5.232,4.153,10308313,7293
19.900,a-cubic,open,148,395.08,41.233,0,26,5.207,4.141,10328585,7307
19.950,a-cubic,open,149,397.353,41.233,0,26,5.213,4.144,10356097,7327
20.000,a-cubic,open,150,400.32,41.233,0,26,5.209,4.148,10377817,7342
20.050,a-cubic,open,150,402.375,41.233,0,26,5.182,4.136,10406777,7363
20.100,a-cubic,open,151,404.169,41.233,0,26,5.193,4.152,10434289,7383
20.151,a-cubic,open,152,406.147,41.233,0,26,5.202,4.156,10461801,7403
20.201,a-cubic,open,152,408.193,41.233,0,26,5.176,4.135,10490761,7423
20.251,a-cubic,open,153,410.026,41.233,0,26,5.187,4.139,10516825,7442
20.301,a-cubic,open,153,411.707,41.233,0,26,5.166,4.151,10537097,7456
20.351,a-cubic,open,154,413.39,41.233,0,26,5.178,4.155,10564609,7476
20.401,a-cubic,open,154,415.135,41.233,0,26,5.157,4.155,10586329,7491
20.451,a-cubic,open,155,417.117,41.233,0,26,5.166,4.146,10613841,7511
20.501,a-cubic,open,156,419.304,41.233,0,26,5.172,4.15,10642801,7532
20.552,a-cubic,open,156,421.22,41.233,0,26,5.148,4.162,10673209,7553
20.602,a-cubic,open,156,423.822,41.233,0,26,5.117,4.154,10696377,7569
20.652,a-cubic,open,157,423.982,41.233,0,26,5.147,4.157,10726785,7591
20.702,a-cubic,open,157,425.226,41.233,0,26,5.132,4.157,10747057,7605
20.752,a-cubic,open,158,426.617,41.233,0,26,5.148,4.145,10770225,7622
20.802,a-cubic,open,158,429.66,41.233,0,26,5.112,4.145,10796289,7640
20.852,a-cubic,open,159,431.064,41.233,0,26,5.127,4.152,10819457,7657
20.902,a-cubic,open,159,432.787,41.233,0,26,5.107,4.152,10848417,7677
20.953,a-cubic,open,159,433.112,41.233,0,26,5.103,4.156,10877377,7697
21.003,a-cubic,open,160,434.577,41.233,0,26,5.118,4.156,10904889,7717
21.053,a-cubic,open,160,436.063,41.233,0,26,5.1,4.159,10930953,7735
21.103,a-cubic,open,160,437.277,41.233,0,26,5.086,4.148,10959913,7755
21.153,a-cubic,open,161,437.834,41.233,0,26,5.112,4.148,10980185,7770
21.203,a-cubic,open,161,439.066,41.233,0,26,5.097,4.163,11006249,7788
21.253,a-cubic,open,161,439.275,41.233,0,26,5.095,4.175,11029417,7804
21.303,a-cubic,open,162,439.645,41.233,0,26,5.122,4.212,11056929,7824
21.353,a-cubic,open,162,439.656,41.233,0,26,5.122,4.201,11084441,7843
21.404,a-cubic,open,162,439.338,41.233,0,26,5.126,4.201,11114849,7864
21.454,a-cubic,open,162,439.402,41.233,0,26,5.125,4.227,11139465,7881
21.504,a-cubic,recovery,157,439.491,41.233,1,27,5.345,4.191,11149601,7897
21.554,a-cubic,recovery,151,439.902,41.233,1,27,5.783,4.195,11149601,7911
21.604,a-cubic,recovery,146,439.476,41.233,2,28,6.073,4.179,11149601,7921
21.654,a-cubic,recovery,139,432.782,41.233,2,28,6.681,4.188,11149601,7936
21.704,a-cubic,recovery,134,423.62,41.233,2,28,7.186,4.201,11149601,7948
21.755,a-cubic,recovery,127,414.504,41.233,2,28,7.914,4.216,11149601,7965
21.805,a-cubic,recovery,119,406.107,41.233,2,28,8.694,4.239,11149601,7982
21.855,a-cubic,recovery,113,397.634,41.233,2,28,9.369,4.205,11149601,7997
21.905,a-cubic,recovery,113,379.198,41.233,1,28,9.275,4.022,11203177,8019
21.955,a-cubic,open,113,367.8,41.233,0,28,4.271,3.849,11427617,8033
22.005,a-cubic,open,113,357.386,41.233,0,28,4.395,3.779,11450785,8049
22.055,a-cubic,open,114,347.642,41.233,0,28,4.558,3.661,11476849,8068
22.106,a-cubic,open,114,337.508,41.233,0,28,4.695,3.517,11502913,8086
22.156,a-cubic,open,115,326.355,41.233,0,28,4.898,3.297,11534769,8109
22.206,a-cubic,open,116,319.167,41.233,0,28,5.052,3.462,11563729,8130
22.256,a-cubic,open,116,317.369,41.233,0,28,5.081,3.674,11585449,8145
22.306,a-cubic,open,117,312.398,41.233,0,28,5.206,3.763,11608617,8162
22.356,a-cubic,open,117,310.572,41.233,0,28,5.237,3.857,11631785,8178
22.406,a-cubic,open,118,312.726,41.233,0,28,5.245,3.967,11659297,8198
22.457,a-cubic,open,119,315.603,41.233,0,28,5.241,4.084,11689705,8220
22.507,a-cubic,open,119,317.831,41.233,0,28,5.205,4.15,11718665,8240
22.557,a-cubic,open,120,320.284,41.233,0,28,5.208,4.187,11746177,8260
22.607,a-cubic,open,120,322.183,41.233,0,28,5.177,4.155,11765001,8273
22.657,a-cubic,open,121,324.509,41.233,0,28,5.183,4.16,11789617,8291
22.707,a-cubic,open,122,326.55,41.233,0,28,5.193,4.164,11815681,8310
22.757,a-cubic,open,122,327.792,41.233,0,28,5.174,4.164,11844641,8330
22.807,a-cubic,open,123,329.246,41.233,0,28,5.193,4.169,11873601,8351
22.857,a-cubic,open,124,330.569,41.233,0,28,5.214,4.154,11899665,8370
22.908,a-cubic,open,124,332.675,41.233,0,28,5.181,4.173,11925729,8388
22.958,a-cubic,open,125,334.042,41.233,0,28,5.202,4.178,11950345,8406
23.008,a-cubic,open,125,335.473,41.233,0,28,5.18,4.163,11973513,8422
23.058,a-cubic,open,126,337.359,41.233,0,28,5.192,4.167,11998129,8440
23.108,a-cubic,open,126,338.576,41.233,0,28,5.173,4.167,12027089,8460
23.158,a-cubic,open,127,340.358,41.233,0,28,5.187,4.171,12054601,8480
23.208,a-cubic,open,127,342.535,41.233,0,28,5.154,4.176,12082113,8499
23.258,a-cubic,open,128,343.243,41.233,0,28,5.184,4.191,12108177,8518
23.309,a-cubic,open,128,344.694,41.233,0,28,5.162,4.18,12134241,8536
23.359,a-cubic,open,129,346.056,41.233,0,28,5.182,4.165,12154513,8551
23.409,a-cubic,open,129,347.606,41.233,0,28,5.159,4.17,12180577,8569
23.459,a-cubic,open,129,349.147,41.233,0,28,5.136,4.184,12209537,8589
23.509,a-cubic,open,130,350.584,41.233,0,28,5.155,4.174,12238497,8610
23.559,a-cubic,open,130,351.897,41.233,0,28,5.135,4.174,12264561,8628
23.609,a-cubic,open,131,353.133,41.233,0,28,5.157,4.192,12293521,8649
23.659,a-cubic,open,131,354.325,41.233,0,28,5.139,4.178,12316689,8665
23.710,a-cubic,open,131,355.325,41.233,0,28,5.125,4.178,12339857,8681
23.760,a-cubic,open,132,356.936,41.233,0,28,5.141,4.168,12364473,8699
23.810,a-cubic,open,132,357.884,41.233,0,28,5.127,4.182,12390537,8717
23.860,a-cubic,open,133,358.627,41.233,0,28,5.155,4.172,12420945,8739
23.910,a-cubic,open,133,360.178,41.233,0,28,5.133,4.172,12449905,8759
23.960,a-cubic,open,133,361.393,41.233,0,28,5.116,4.176,12477417,8778
24.010,a-cubic,open,133,363.042,41.233,0,28,5.093,4.176,12496241,8791
24.060,a-cubic,open,134,363.356,41.233,0,28,5.126,4.177,12520857,8809
24.111,a-cubic,open,134,364.799,41.233,0,28,5.106,4.18,12549817,8829
24.161,a-cubic,open,134,365.447,41.233,0,28,5.097,4.18,12572985,8845
24.211,a-cubic,open,134,366.629,41.233,0,28,5.081,4.166,12603393,8866
24.261,a-cubic,open,135,367.712,41.233,0,28,5.103,4.184,12630905,8886
24.311,a-cubic,open,135,368.504,41.233,0,28,5.092,4.171,12661313,8907
24.361,a-cubic,open,135,369.52,41.233,0,28,5.078,4.184,12681585,8921
24.411,a-cubic,open,135,369.658,41.233,0,28,5.077,4.171,12707649,8939
24.461,a-cubic,open,135,370.924,41.233,0,28,5.059,4.188,12729369,8954
24.512,a-cubic,open,136,371.559,41.233,0,28,5.088,4.175,12755433,8973
24.562,a-cubic,open,136,371.437,41.233,0,28,5.09,4.174,12784393,8993
24.612,a-cubic,open,136,373.55,41.233,0,28,5.061,4.179,12814801,9014
24.662,a-cubic,open,136,373.907,41.233,0,28,5.056,4.179,12840865,9032
24.712,a-cubic,open,136,374.721,41.233,0,28,5.045,4.206,12866929,9050
24.762,a-cubic,open,136,374.323,41.233,0,28,5.05,4.179,12890097,9066
24.812,a-cubic,open,136,375.751,41.233,0,28,5.031,4.165,12913265,9082
24.862,a-cubic,open,137,375.89,41.233,0,28,5.066,4.182,12940777,9102
24.913,a-cubic,open,137,376.442,41.233,0,28,5.059,4.182,12966841,9120
24.963,a-cubic,open,137,376.425,41.233,0,28,5.059,4.182,12992905,9138
25.013,a-cubic,open,137,378.055,41.233,0,28,5.037,4.169,13023313,9159
25.063,a-cubic,open,137,378.05,41.233,0,28,5.037,4.169,13053721,9180
25.113,a-cubic,open,137,378.659,41.233,0,28,5.029,4.169,13073993,9194
25.163,a-cubic,open,137,377.782,41.233,0,28,5.041,4.182,13098609,9211
25.213,a-cubic,open,137,379.088,41.233,0,28,5.024,4.156,13121777,9227
25.263,a-cubic,open,137,379.999,41.233,0,28,5.012,4.173,13150737,9247
25.314,a-cubic,open,137,380.107,41.233,0,28,5.01,4.173,13176801,9265
25.364,a-cubic,open,137,380.41,41.233,0,28,5.006,4.173,13204313,9284
25.414,a-cubic,open,137,380.203,41.233,0,28,5.009,4.173,13233273,9304
25.464,a-cubic,open,137,380.548,41.233,0,28,5.004,4.173,13260785,9323
25.514,a-cubic,open,137,380.563,41.233,0,28,5.004,4.173,13281057,9337
25.564,a-cubic,open,137,380.862,41.233,0,28,5.0,4.173,13304225,9353
25.614,a-cubic,open,137,381.139,41.233,0,28,4.997,4.16,13328841,9370
25.664,a-cubic,open,137,381.587,41.233,0,28,4.991,4.16,13357801,9390
25.715,a-cubic,open,137,381.41,41.233,0,28,4.993,4.16,13386761,9410
25.765,a-cubic,open,137,381.443,41.233,0,28,4.993,4.16,13412825,9428
25.815,a-cubic,open,137,381.236,41.233,0,28,4.995,4.16,13443233,9449
25.865,a-cubic,open,137,382.142,41.233,0,28,4.984,4.16,13466401,9465
25.915,a-cubic,open,137,381.874,41.233,0,28,4.987,4.16,13492465,9483
25.965,a-cubic,open,137,381.935,41.233,0,28,4.986,4.16,13512737,9497
26.015,a-cubic,open,137,382.204,41.233,0,28,4.983,4.16,13538801,9515
26.065,a-cubic,open,137,381.701,41.233,0,28,4.989,4.16,13567761,9535
26.115,a-cubic,open,137,381.077,41.233,0,28,4.997,4.16,13593825,9553
26.166,a-cubic,open,137,381.579,41.233,0,28,4.991,4.16,13624233,9574
26.216,a-cubic,open,137,381.316,41.233,0,28,4.994,4.16,13653193,9594
26.266,a-cubic,open,137,382.178,41.233,0,28,4.983,4.173,13670569,9606
26.316,a-cubic,open,137,381.863,41.233,0,28,4.987,4.16,13696633,9624
26.366,a-cubic,open,137,382.43,41.233,0,28,4.98,4.16,13719801,9640
26.416,a-cubic,open,137,382.147,41.233,0,28,4.983,4.16,13748761,9660
26.466,a-cubic,open,137,381.689,41.233,0,28,4.989,4.16,13777721,9680
26.517,a-cubic,open,137,381.701,41.233,0,28,4.989,4.129,13803785,9698
26.567,a-cubic,open,137,381.504,41.233,0,28,4.992,4.16,13834193,9719
26.617,a-cubic,open,137,381.888,41.233,0,28,4.987,4.16,13858809,9736
26.667,a-cubic,open,137,382.144,41.233,0,28,4.983,4.16,13881977,9752
26.717,a-cubic,open,137,382.038,41.233,0,28,4.985,4.173,13903697,9767
26.767,a-cubic,open,137,381.28,41.233,0,28,4.995,4.16,13929761,9785
26.817,a-cubic,open,137,381.641,41.233,0,28,4.99,4.16,13958721,9805
26.867,a-cubic,open,137,381.221,41.233,0,28,4.996,4.16,13984785,9823
26.918,a-cubic,open,137,381.156,41.233,0,28,4.996,4.16,14012297,9842
26.968,a-cubic,open,137,381.402,41.233,0,28,4.993,4.16,14044153,9864
27.018,a-cubic,open,137,381.953,41.233,0,28,4.986,4.16,14062977,9877
27.068,a-cubic,open,137,381.753,41.233,0,28,4.989,4.16,14089041,9895
27.118,a-cubic,open,137,382.119,41.233,0,28,4.984,4.16,14112209,9911
27.168,a-cubic,open,137,381.917,41.233,0,28,4.986,4.16,14138273,9929
27.219,a-cubic,open,138,381.676,41.233,0,28,5.026,4.16,14168681,9951
27.269,a-cubic,open,138,381.257,41.233,0,28,5.032,4.173,14194745,9969
27.319,a-cubic,open,138,381.855,41.233,0,28,5.024,4.159,14225153,9990
27.369,a-cubic,open,138,381.486,41.233,0,28,5.029,4.16,14251217,10008
27.419,a-cubic,open,138,382.403,41.233,0,28,5.016,4.159,14271489,10022
27.469,a-cubic,open,138,381.787,41.233,0,28,5.025,4.16,14293209,10037
27.519,a-cubic,open,138,381.736,41.233,0,28,5.025,4.16,14320721,10056
27.569,a-cubic,open,139,382.021,41.233,0,28,5.058,4.159,14349681,10077
27.620,a-cubic,open,139,382.455,41.233,0,28,5.052,4.19,14380089,10098
27.670,a-cubic,open,139,382.444,41.233,0,28,5.052,4.177,14403257,10114
27.720,a-cubic,open,139,382.837,41.233,0,28,5.047,4.177,14436561,10137
27.770,a-cubic,open,139,382.672,41.233,0,28,5.049,4.177,14456833,10151
27.820,a-cubic,open,139,382.374,41.233,0,28,5.053,4.189,14481449,10168
27.870,a-cubic,open,139,382.89,41.233,0,28,5.046,4.177,14503169,10183
27.921,a-cubic,open,139,383.701,41.233,0,28,5.036,4.164,14529233,10201
27.971,a-cubic,open,140,384.541,41.233,0,28,5.061,4.181,14561089,10224
28.021,a-cubic,open,140,384.936,41.233,0,28,5.056,4.181,14587153,10242
28.071,a-cubic,open,140,385.117,41.233,0,28,5.053,4.181,14614665,10261
28.121,a-cubic,open,140,385.446,41.233,0,28,5.049,4.18,14646521,10283
28.171,a-cubic,open,141,385.117,41.233,0,28,5.089,4.18,14663897,10296
28.221,a-cubic,open,141,385.135,41.233,0,28,5.089,4.18,14691409,10315
28.271,a-cubic,open,141,385.015,41.233,0,28,5.091,4.18,14713129,10330
28.322,a-cubic,open,141,386.148,41.233,0,28,5.076,4.167,14739193,10348
28.372,a-cubic,open,142,386.702,41.233,0,28,5.104,4.184,14772497,10372
28.422,a-cubic,open,142,386.876,41.233,0,28,5.102,4.197,14798561,10390
28.472,a-cubic,open,142,387.544,41.233,0,28,5.093,4.184,14826073,10409
28.522,a-cubic,open,142,387.816,41.233,0,28,5.09,4.184,14852137,10427
28.572,a-cubic,open,143,389.209,41.233,0,28,5.107,4.201,14875305,10444
28.622,a-cubic,open,143,389.357,41.233,0,28,5.105,4.2,14898473,10460
28.673,a-cubic,open,143,389.482,41.233,0,28,5.104,4.187,14920193,10475
28.723,a-cubic,open,144,389.971,41.233,0,28,5.133,4.187,14949153,10496
28.773,a-cubic,open,144,390.467,41.233,0,28,5.126,4.205,14981009,10518
28.823,a-cubic,open,145,390.677,41.233,0,28,5.159,4.205,15007073,10537
28.873,a-cubic,open,145,391.312,41.233,0,28,5.151,4.192,15034585,10556
28.923,a-cubic,open,145,391.711,41.233,0,28,5.146,4.205,15060649,10574
28.973,a-cubic,open,146,393.428,41.233,0,28,5.159,4.208,15088161,10594
29.023,a-cubic,open,146,393.829,41.233,0,28,5.153,4.208,15108433,10608
29.074,a-cubic,open,147,394.03,41.233,0,28,5.186,4.186,15133049,10626
29.124,a-cubic,open,147,395.622,41.233,0,28,5.165,4.212,15160561,10645
29.174,a-cubic,open,148,396.078,41.233,0,28,5.194,4.212,15195313,10670
29.224,a-cubic,open,149,396.697,41.233,0,28,5.221,4.228,15222825,10690
29.274,a-cubic,open,149,397.358,41.233,0,28,5.212,4.215,15247441,10707
29.324,a-cubic,open,150,397.903,41.233,0,28,5.24,4.215,15273505,10726
29.374,a-cubic,open,150,399.376,41.233,0,28,5.221,4.231,15299569,10744
29.424,a-cubic,open,151,400.383,41.233,0,28,5.243,4.219,15319841,10759
29.475,a-cubic,open,151,401.813,41.233,0,28,5.224,4.235,15343009,10775
29.525,a-cubic,open,152,402.225,41.233,0,28,5.253,4.222,15370521,10795
29.575,a-cubic,open,153,403.277,41.233,0,28,5.274,4.238,15403825,10819
29.625,a-cubic,open,154,403.96,41.233,0,28,5.299,4.251,15434233,10841
29.675,a-cubic,open,154,405.786,41.233,0,28,5.275,4.254,15460297,10859
29.725,a-cubic,open,155,407.165,41.233,0,28,5.292,4.257,15487809,10879
29.775,a-cubic,open,156,408.259,41.233,0,28,5.312,4.244,15512425,10897
29.825,a-cubic,open,156,410.54,41.233,0,28,5.282,4.26,15534145,10912
29.876,a-cubic,open,157,411.635,41.233,0,28,5.302,4.26,15558761,10930
29.926,a-cubic,open,158,412.424,41.233,0,28,5.325,4.263,15584825,10949
29.976,a-cubic,open,159,412.928,41.233,0,28,5.353,4.279,15616681,10972
30.026,a-cubic,open,160,414.463,41.233,0,28,5.366,4.279,15649985,10996
30.076,a-cubic,open,161,416.158,41.233,0,28,5.378,4.269,15676049,11015
30.126,a-cubic,open,162,418.125,41.233,0,28,5.386,4.285,15705009,11036
30.176,a-cubic,open,162,419.077,41.233,0,28,5.374,4.272,15726729,11051
30.227,a-cubic,open,163,421.16,41.233,0,28,5.38,4.3,15751345,11069
30.277,a-cubic,open,164,423.362,41.233,0,28,5.385,4.29,15777409,11088
30.327,a-cubic,open,165,425.076,41.233,0,28,5.396,4.263,15800577,11105
30.377,a-cubic,open,166,426.169,41.233,0,28,5.415,4.293,15828089,11125
30.427,a-cubic,open,167,427.728,41.233,0,28,5.427,4.296,15861393,11149
30.477,a-cubic,open,168,429.603,41.233,0,28,5.436,4.298,15890353,11170
30.527,a-cubic,open,170,431.426,41.233,0,28,5.477,4.313,15914969,11189
30.577,a-cubic,open,171,434.079,41.233,0,28,5.476,4.316,15946825,11212
30.627,a-cubic,open,172,435.331,41.233,0,28,5.492,4.289,15967097,11226
30.678,a-cubic,open,173,437.814,41.233,0,28,5.493,4.304,15993161,11246
30.728,a-cubic,open,174,439.076,41.233,0,28,5.509,4.333,16017777,11264
30.778,a-cubic,recovery,172,439.056,41.233,1,29,5.762,4.309,16029361,11282
30.828,a-cubic,recovery,165,439.594,41.233,2,30,6.166,4.309,16029361,11296
30.878,a-cubic,recovery,158,439.922,41.233,3,31,6.572,4.285,16029361,11310
30.928,a-cubic,recovery,149,439.348,41.233,5,33,6.992,4.299,16029361,11325
30.978,a-cubic,recovery,142,439.964,41.233,7,35,7.33,4.285,16029361,11338
31.029,a-cubic,recovery,135,439.995,41.233,7,35,7.772,4.311,16029361,11351
31.079,a-cubic,recovery,129,439.303,41.233,9,37,8.037,4.273,16029361,11361
31.129,a-cubic,recovery,122,439.836,41.233,11,39,8.28,4.259,16029361,11371
31.179,a-cubic,recovery,122,439.64,41.233,12,40,8.758,4.27,16029361,11388
31.229,a-cubic,recovery,122,429.739,41.233,11,41,8.54,4.127,16080041,11411
31.279,a-cubic,recovery,122,409.961,41.233,10,41,9.019,3.891,16107553,11432
31.329,a-cubic,recovery,122,388.883,41.233,6,41,7.864,3.654,16201673,11451
31.379,a-cubic,recovery,122,367.132,41.233,6,41,9.087,3.451,16201673,11471
31.430,a-cubic,recovery,122,345.421,41.233,3,41,9.175,3.27,16242217,11487
31.480,a-cubic,recovery,122,324.907,41.233,1,41,9.626,3.185,16272625,11505
31.530,a-cubic,open,122,323.963,41.233,0,41,5.235,3.258,16449281,11523
31.580,a-cubic,open,123,325.049,41.233,0,41,5.26,3.432,16481137,11546
31.630,a-cubic,open,123,324.723,41.233,0,41,5.265,3.624,16510097,11566
31.680,a-cubic,open,124,324.634,41.233,0,41,5.31,3.813,16536161,11585
31.730,a-cubic,open,125,325.33,41.233,0,41,5.341,4.049,16559329,11602
31.780,a-cubic,open,126,325.2,41.233,0,41,5.386,4.351,16582497,11619
31.831,a-cubic,open,127,324.979,41.233,0,41,5.432,4.384,16614353,11642
31.881,a-cubic,open,128,323.424,41.233,0,41,5.501,4.37,16640417,11661
31.931,a-cubic,open,129,324.204,41.233,0,41,5.531,4.389,16673721,11685
31.981,a-cubic,open,130,325.957,41.233,0,41,5.544,4.376,16701233,11705
32.031,a-cubic,open,131,327.473,41.233,0,41,5.561,4.36,16730193,11726
32.081,a-cubic,open,132,329.702,41.233,0,41,5.565,4.363,16754809,11744
32.131,a-cubic,open,133,332.131,41.233,0,41,5.566,4.382,16779425,11762
32.181,a-cubic,open,134,334.725,41.233,0,41,5.565,4.369,16806937,11782
32.232,a-cubic,open,136,337.329,41.233,0,41,5.604,4.372,16834449,11803
32.282,a-cubic,open,137,340.418,41.233,0,41,5.594,4.375,16869201,11828
32.332,a-cubic,open,138,343.02,41.233,0,41,5.592,4.378,16892369,11845
32.382,a-cubic,open,139,345.424,41.233,0,41,5.594,4.366,16922777,11867
32.432,a-cubic,open,140,348.758,41.233,0,41,5.58,4.368,16945945,11884
32.482,a-cubic,open,141,351.885,41.233,0,41,5.57,4.371,16972009,11903
32.532,a-cubic,open,142,354.863,41.233,0,41,5.562,4.359,16998073,11922
32.583,a-cubic,open,143,357.097,41.233,0,41,5.567,4.362,17027033,11943
32.633,a-cubic,open,144,359.551,41.233,0,41,5.567,4.382,17058889,11966
32.683,a-cubic,open,145,362.391,41.233,0,41,5.562,4.385,17084953,11985
32.733,a-cubic,open,147,365.661,41.233,0,41,5.588,4.387,17118257,12010
32.783,a-cubic,open,147,367.497,41.233,0,41,5.56,4.39,17137081,12023
32.833,a-cubic,open,148,369.522,41.233,0,41,5.568,4.393,17160249,12040
32.883,a-cubic,open,149,372.905,41.233,0,41,5.554,4.41,17186313,12059
32.934,a-cubic,open,150,376.658,41.233,0,41,5.536,4.384,17218169,12082
32.984,a-cubic,open,151,378.264,41.233,0,41,5.549,4.386,17248577,12104
33.034,a-cubic,open,152,380.786,41.233,0,41,5.549,4.389,17277537,12125
33.084,a-cubic,open,152,382.255,41.233,0,41,5.528,4.375,17303601,12143
33.134,a-cubic,open,153,385.719,41.233,0,41,5.514,4.394,17334009,12165
33.184,a-cubic,open,154,387.597,41.233,0,41,5.523,4.38,17355729,12181
33.234,a-cubic,open,155,389.764,41.233,0,41,5.528,4.373,17380345,12199
33.285,a-cubic,open,155,393.066,41.233,0,41,5.482,4.398,17409305,12219
33.335,a-cubic,open,156,394.675,41.233,0,41,5.494,4.387,17438265,12240
33.385,a-cubic,open,157,397.165,41.233,0,41,5.495,4.403,17470121,12263
33.435,a-cubic,open,158,398.832,41.233,0,41,5.507,4.366,17497633,12283
33.485,a-cubic,open,159,400.578,41.233,0,41,5.518,4.379,17523697,12302
33.535,a-cubic,open,159,402.581,41.233,0,41,5.49,4.407,17554105,12323
33.585,a-cubic,open,160,404.765,41.233,0,41,5.495,4.383,17575825,12339
33.635,a-cubic,open,161,406.625,41.233,0,41,5.504,4.384,17600441,12357
33.686,a-cubic,open,161,409.439,41.233,0,41,5.466,4.399,17627953,12376
33.736,a-cubic,open,162,411.141,41.233,0,41,5.477,4.388,17656913,12397
33.786,a-cubic,open,162,412.826,41.233,0,41,5.455,4.39,17687321,12418
33.836,a-cubic,open,163,413.529,41.233,0,41,5.479,4.405,17717729,12440
33.886,a-cubic,open,164,415.54,41.233,0,41,5.486,4.38,17743793,12459
33.936,a-cubic,open,164,418.325,41.233,0,41,5.45,4.38,17775649,12481
33.986,a-cubic,open,165,420.57,41.233,0,41,5.454,4.397,17798817,12498
34.036,a-cubic,open,165,422.105,41.233,0,41,5.434,4.385,17821985,12514
34.087,a-cubic,open,166,424.427,41.233,0,41,5.437,4.387,17850945,12535
34.137,a-cubic,open,166,424.867,41.233,0,41,5.431,4.4,17877009,12553
34.187,a-cubic,open,166,426.442,41.233,0,41,5.411,4.389,17904521,12572
34.237,a-cubic,open,167,427.836,41.233,0,41,5.426,4.367,17936377,12595
34.287,a-cubic,open,168,428.302,41.233,0,41,5.453,4.391,17965337,12616
34.337,a-cubic,open,168,430.8,41.233,0,41,5.421,4.393,17992849,12635
34.387,a-cubic,open,168,432.597,41.233,0,41,5.398,4.406,18021809,12655
34.438,a-cubic,open,169,434.654,41.233,0,41,5.405,4.396,18044977,12672
34.488,a-cubic,open,169,435.313,41.233,0,41,5.397,4.384,18068145,12688
34.538,a-cubic,open,169,435.758,41.233,0,41,5.391,4.41,18097105,12708
34.588,a-cubic,open,170,437.816,41.233,0,41,5.398,4.386,18123169,12727
34.638,a-cubic,open,170,438.728,41.233,0,41,5.386,4.388,18152129,12747
34.688,a-cubic,open,170,438.583,41.233,0,41,5.388,4.376,18186881,12771
34.738,a-cubic,recovery,169,439.136,41.233,1,42,5.54,4.388,18205705,12790
34.788,a-cubic,recovery,164,439.807,41.233,1,42,5.942,4.39,18205705,12804
34.838,a-cubic,recovery,158,439.565,41.233,1,42,6.325,4.388,18205705,12816
34.889,a-cubic,recovery,152,439.503,41.233,2,43,6.705,4.402,18205705,12829
34.939,a-cubic,recovery,147,439.377,41.233,2,43,7.024,4.402,18205705,12839
34.989,a-cubic,recovery,142,439.428,41.233,2,43,7.434,4.39,18205705,12852
35.039,a-cubic,recovery,135,439.137,41.233,2,43,7.945,4.417,18205705,12868
35.089,a-cubic,recovery,128,439.299,41.233,3,44,8.322,4.401,18205705,12881
35.139,a-cubic,recovery,119,432.949,41.233,3,44,9.022,4.382,18205705,12899
35.189,a-cubic,recovery,119,421.323,41.233,2,44,8.017,4.311,18288241,12918
35.239,a-cubic,recovery,119,401.667,41.233,2,44,9.067,4.075,18288241,12937
35.290,a-cubic,recovery,119,381.137,41.233,1,44,7.768,3.891,18382361,12953
35.340,a-cubic,recovery,119,359.398,41.233,1,44,8.935,3.707,18382361,12971
35.390,a-cubic,open,119,337.703,41.233,0,44,4.898,3.47,18573497,12990
35.440,a-cubic,open,119,327.678,41.233,0,44,5.048,3.288,18605353,13012
35.490,a-cubic,open,120,319.008,41.233,0,44,5.229,3.278,18634313,13033
35.540,a-cubic,open,120,315.836,41.233,0,44,5.282,3.449,18663273,13053
35.590,a-cubic,open,121,316.152,41.233,0,44,5.32,3.648,18686441,13070
35.640,a-cubic,open,121,316.009,41.233,0,44,5.323,3.871,18712505,13088
35.691,a-cubic,open,122,315.014,41.233,0,44,5.384,4.169,18744361,13111
35.741,a-cubic,open,122,313.521,41.233,0,44,5.409,4.304,18768977,13128
35.791,a-cubic,open,123,312.635,41.233,0,44,5.469,4.384,18800833,13151
35.841,a-cubic,open,124,314.591,41.233,0,44,5.479,4.414,18831241,13173
35.891,a-cubic,open,124,315.493,41.233,0,44,5.463,4.38,18851513,13187
35.941,a-cubic,open,125,317.661,41.233,0,44,5.47,4.4,18876129,13205
35.991,a-cubic,open,126,319.237,41.233,0,44,5.487,4.386,18906537,13227
36.042,a-cubic,open,127,319.812,41.233,0,44,5.52,4.387,18931153,13245
36.092,a-cubic,open,127,322.025,41.233,0,44,5.482,4.406,18964457,13268
36.142,a-cubic,open,128,324.094,41.233,0,44,5.49,4.39,18991969,13288
36.192,a-cubic,open,129,326.011,41.233,0,44,5.5,4.393,19022377,13310
36.242,a-cubic,open,129,327.735,41.233,0,44,5.471,4.396,19044097,13325
36.292,a-cubic,open,130,329.028,41.233,0,44,5.492,4.395,19068713,13343
36.342,a-cubic,open,130,330.966,41.233,0,44,5.46,4.398,19100569,13365
36.393,a-cubic,open,131,333.418,41.233,0,44,5.462,4.401,19126633,13384
36.443,a-cubic,open,132,334.45,41.233,0,44,5.486,4.385,19157041,13406
36.493,a-cubic,open,132,336.626,41.233,0,44,5.451,4.404,19187449,13427
36.543,a-cubic,open,133,338.322,41.233,0,44,5.465,4.406,19212065,13445
36.593,a-cubic,open,133,339.651,41.233,0,44,5.443,4.391,19238129,13463
36.643,a-cubic,open,134,340.664,41.233,0,44,5.468,4.393,19262745,13481
36.693,a-cubic,open,134,341.598,41.233,0,44,5.453,4.393,19291705,13501
36.743,a-cubic,open,135,344.553,41.233,0,44,5.446,4.396,19322113,13523
36.794,a-cubic,open,136,345.682,41.233,0,44,5.469,4.414,19351073,13544
36.844,a-cubic,open,136,347.473,41.233,0,44,5.441,4.399,19381481,13565
36.894,a-cubic,open,136,349.29,41.233,0,44,5.412,4.402,19404649,13581
36.944,a-cubic,open,137,350.395,41.233,0,44,5.435,4.401,19429265,13599
36.994,a-cubic,open,137,350.925,41.233,0,44,5.427,4.419,19456777,13618
37.044,a-cubic,open,138,351.586,41.233,0,44,5.456,4.404,19485737,13639
37.094,a-cubic,open,138,354.422,41.233,0,44,5.412,4.407,19511801,13657
37.145,a-cubic,open,139,355.659,41.233,0,44,5.433,4.409,19543657,13680
37.195,a-cubic,open,139,357.254,41.233,0,44,5.409,4.409,19574065,13701
37.245,a-cubic,open,139,358.299,41.233,0,44,5.393,4.394,19601577,13720
37.295,a-cubic,open,140,359.131,41.233,0,44,5.419,4.412,19620401,13734
37.345,a-cubic,open,140,360.022,41.233,0,44,5.406,4.412,19649361,13754
37.395,a-cubic,open,140,359.974,41.233,0,44,5.406,4.414,19678321,13774
37.445,a-cubic,open,141,361.303,41.233,0,44,5.425,4.429,19702937,13792
37.495,a-cubic,open,141,363.036,41.233,0,44,5.399,4.399,19736241,13815
37.546,a-cubic,open,141,364.658,41.233,0,44,5.375,4.417,19765201,13835
37.596,a-cubic,open,141,364.81,41.233,0,44,5.373,4.402,19791265,13853
37.646,a-cubic,open,142,366.764,41.233,0,44,5.382,4.419,19817329,13872
37.696,a-cubic,open,142,367.042,41.233,0,44,5.378,4.419,19843393,13890
37.746,a-cubic,open,142,367.75,41.233,0,44,5.368,4.405,19869457,13908
37.796,a-cubic,open,142,368.194,41.233,0,44,5.361,4.404,19896969,13927
37.846,a-cubic,open,143,370.039,41.233,0,44,5.372,4.407,19927377,13949
37.897,a-cubic,open,143,370.686,41.233,0,44,5.363,4.407,19959233,13971
37.947,a-cubic,open,143,370.709,41.233,0,44,5.362,4.407,19989641,13992
37.997,a-cubic,open,143,370.625,41.233,0,44,5.363,4.438,20009913,14006
38.047,a-cubic,open,144,373.116,41.233,0,44,5.365,4.409,20038873,14027
38.097,a-cubic,open,144,372.757,41.233,0,44,5.37,4.41,20063489,14044
38.147,a-cubic,open,144,373.394,41.233,0,44,5.361,4.395,20092449,14064
38.197,a-cubic,open,144,375.158,41.233,0,44,5.336,4.412,20119961,14083
38.248,a-cubic,open,144,375.841,41.233,0,44,5.326,4.412,20150369,14104
38.298,a-cubic,open,144,375.445,41.233,0,44,5.332,4.426,20177881,14123
38.348,a-cubic,open,144,375.645,41.233,0,44,5.329,4.426,20208289,14144
38.398,a-cubic,open,144,376.956,41.233,0,44,5.31,4.397,20231457,14160
38.448,a-cubic,open,145,377.917,41.233,0,44,5.333,4.398,20258969,14180
38.498,a-cubic,open,145,377.51,41.233,0,44,5.339,4.414,20286481,14199
38.548,a-cubic,open,145,379.032,41.233,0,44,5.318,4.414,20311097,14216
38.598,a-cubic,open,145,378.752,41.233,0,44,5.322,4.4,20342953,14238
38.649,a-cubic,open,145,379.015,41.233,0,44,5.318,4.4,20373361,14259
38.699,a-cubic,open,145,378.816,41.233,0,44,5.321,4.4,20403769,14280
38.749,a-cubic,open,145,379.133,41.233,0,44,5.316,4.4,20425489,14295
38.799,a-cubic,open,145,379.9,41.233,0,44,5.306,4.417,20453001,14314
38.849,a-cubic,open,145,380.181,41.233,0,44,5.302,4.417,20479065,14332
38.899,a-cubic,open,145,379.84,41.233,0,44,5.306,4.431,20505129,14350
38.949,a-cubic,open,145,380.255,41.233,0,44,5.301,4.417,20532641,14369
38.999,a-cubic,open,145,380.939,41.233,0,44,5.291,4.403,20564497,14391
39.050,a-cubic,open,145,381.659,41.233,0,44,5.281,4.416,20593457,14411
39.100,a-cubic,open,145,382.185,41.233,0,44,5.274,4.416,20623865,14432
39.150,a-cubic,open,145,381.7,41.233,0,44,5.281,4.402,20644137,14446
39.200,a-cubic,open,145,382.376,41.233,0,44,5.271,4.402,20671649,14465
39.250,a-cubic,open,145,381.635,41.233,0,44,5.282,4.402,20697713,14483
39.300,a-cubic,open,145,381.762,41.233,0,44,5.28,4.402,20725225,14502
39.350,a-cubic,open,145,381.4,41.233,0,44,5.285,4.386,20755633,14523
39.400,a-cubic,open,145,381.25,41.233,0,44,5.287,4.402,20787489,14545
39.451,a-cubic,open,145,381.326,41.233,0,44,5.286,4.416,20815001,14564
39.501,a-cubic,open,145,381.99,41.233,0,44,5.277,4.402,20842513,14583
39.551,a-cubic,open,145,381.196,41.233,0,44,5.288,4.403,20864233,14598
39.601,a-cubic,open,145,381.592,41.233,0,44,5.282,4.402,20894641,14619
39.651,a-cubic,open,145,381.332,41.233,0,44,5.286,4.402,20922153,14638
39.701,a-cubic,open,145,382.14,41.233,0,44,5.275,4.402,20946769,14655
39.751,a-cubic,open,145,381.722,41.233,0,44,5.28,4.409,20978625,14677
39.801,a-cubic,open,145,381.508,41.233,0,44,5.283,4.403,21009033,14698
39.851,a-cubic,open,145,381.439,41.233,0,44,5.284,4.402,21035097,14716
39.902,a-cubic,open,145,381.754,41.233,0,44,5.28,4.416,21058265,14732
39.952,a-cubic,open,145,381.702,41.233,0,44,5.281,4.392,21085777,14751
40.002,a-cubic,open,145,381.788,41.233,0,44,5.279,4.402,21111841,14769
40.052,a-cubic,open,145,381.171,41.233,0,44,5.288,4.402,21137905,14787
40.102,a-cubic,open,145,381.521,41.233,0,44,5.283,4.402,21168313,14808
40.152,a-cubic,open,145,381.648,41.233,0,44,5.281,4.403,21197273,14828
40.202,a-cubic,open,145,381.64,41.233,0,44,5.281,4.403,21227681,14849
40.252,a-cubic,open,145,382.328,41.233,0,44,5.272,4.403,21255193,14868
40.302,a-cubic,open,145,381.661,41.233,0,44,5.281,4.402,21279809,14885
40.353,a-cubic,open,145,382.055,41.233,0,44,5.276,4.402,21307321,14904
40.403,a-cubic,open,145,381.882,41.233,0,44,5.278,4.403,21336281,14924
40.453,a-cubic,open,145,381.865,41.233,0,44,5.278,4.372,21359449,14940
40.503,a-cubic,open,145,381.859,41.233,0,44,5.278,4.386,21389857,14961
40.553,a-cubic,open,145,381.694,41.233,0,44,5.281,4.403,21421713,14983
40.603,a-cubic,open,145,381.585,41.233,0,44,5.282,4.402,21450673,15003
40.653,a-cubic,open,145,382.288,41.233,0,44,5.272,4.402,21475289,15020
40.703,a-cubic,open,145,381.67,41.233,0,44,5.281,4.364,21498457,15036
40.754,a-cubic,open,146,382.251,41.233,0,44,5.309,4.403,21527417,15057
40.804,a-cubic,open,146,381.485,41.233,0,44,5.32,4.402,21554929,15076
40.854,a-cubic,open,146,381.725,41.233,0,44,5.317,4.417,21580993,15094
40.904,a-cubic,open,146,382.015,41.233,0,44,5.313,4.403,21612849,15116
40.954,a-cubic,open,146,382.033,41.233,0,44,5.312,4.402,21641809,15136
41.004,a-cubic,open,146,381.918,41.233,0,44,5.314,4.403,21670769,15156
41.054,a-cubic,open,146,382.37,41.233,0,44,5.308,4.417,21693937,15172
41.104,a-cubic,open,146,381.764,41.233,0,44,5.316,4.402,21715657,15187
41.154,a-cubic,open,147,382.203,41.233,0,44,5.346,4.433,21747513,15210
41.205,a-cubic,open,147,381.886,41.233,0,44,5.351,4.433,21772129,15227
41.255,a-cubic,open,147,383.284,41.233,0,44,5.331,4.419,21802537,15248
41.305,a-cubic,open,147,383.411,41.233,0,44,5.33,4.419,21834393,15270
41.355,a-cubic,open,147,383.896,41.233,0,44,5.323,4.419,21861905,15289
41.405,a-cubic,open,147,384.325,41.233,0,44,5.317,4.389,21890865,15309
41.455,a-cubic,open,147,384.017,41.233,0,44,5.321,4.405,21911137,15323
41.505,a-cubic,open,148,384.094,41.233,0,44,5.356,4.405,21938649,15343
41.555,a-cubic,open,148,385.005,41.233,0,44,5.344,4.421,21970505,15365
41.606,a-cubic,open,148,384.937,41.233,0,44,5.345,4.435,21993673,15381
41.656,a-cubic,open,148,385.18,41.233,0,44,5.341,4.435,22026977,15404
41.706,a-cubic,open,148,385.539,41.233,0,44,5.336,4.407,22055937,15424
41.756,a-cubic,open,149,386.299,41.233,0,44,5.362,4.407,22083449,15444
41.806,a-cubic,open,149,387.149,41.233,0,44,5.35,4.407,22108065,15461
41.856,a-cubic,open,149,386.752,41.233,0,44,5.355,4.407,22132681,15478
41.906,a-cubic,open,150,386.406,41.233,0,44,5.396,4.423,22164537,15501
41.956,a-cubic,open,150,387.138,41.233,0,44,5.386,4.423,22193497,15521
42.007,a-cubic,open,150,387.168,41.233,0,44,5.386,4.423,22216665,15537
42.057,a-cubic,open,150,387.298,41.233,0,44,5.384,4.437,22247073,15558
42.107,a-cubic,open,151,388.716,41.233,0,44,5.4,4.426,22277481,15580
42.157,a-cubic,open,151,389.789,41.233,0,44,5.385,4.439,22306441,15600
42.207,a-cubic,open,151,390.202,41.233,0,44,5.379,4.426,22329609,15616
42.257,a-cubic,open,152,390.433,41.233,0,44,5.412,4.426,22354225,15634
42.307,a-cubic,open,152,390.918,41.233,0,44,5.405,4.401,22384633,15655
42.357,a-cubic,open,153,391.389,41.233,0,44,5.434,4.428,22413593,15676
42.408,a-cubic,open,153,391.876,41.233,0,44,5.427,4.428,22436761,15692
42.458,a-cubic,open,153,392.247,41.233,0,44,5.422,4.442,22467169,15713
42.508,a-cubic,open,154,394.266,41.233,0,44,5.43,4.43,22499025,15736
42.558,a-cubic,open,154,395.299,41.233,0,44,5.415,4.43,22527985,15756
42.608,a-cubic,open,155,395.797,41.233,0,44,5.444,4.43,22551153,15773
42.658,a-cubic,open,155,396.074,41.233,0,44,5.44,4.459,22574321,15789
42.708,a-cubic,open,156,397.285,41.233,0,44,5.458,4.432,22607625,15813
42.758,a-cubic,open,156,397.513,41.233,0,44,5.455,4.448,22635137,15832
42.809,a-cubic,open,157,398.271,41.233,0,44,5.48,4.434,22661201,15851
42.859,a-cubic,open,158,399.428,41.233,0,44,5.499,4.434,22691609,15873
42.909,a-cubic,open,158,400.303,41.233,0,44,5.487,4.45,22720569,15893
42.959,a-cubic,open,159,401.174,41.233,0,44,5.509,4.45,22749529,15914
43.009,a-cubic,open,159,403.359,41.233,0,44,5.48,4.452,22775593,15932
43.059,a-cubic,open,160,403.623,41.233,0,44,5.51,4.452,22798761,15949
43.109,a-cubic,open,161,404.881,41.233,0,44,5.528,4.454,22830617,15972
43.159,a-cubic,open,161,405.291,41.233,0,44,5.522,4.454,22861025,15993
43.209,a-cubic,open,162,406.916,41.233,0,44,5.534,4.469,22885641,16011
43.260,a-cubic,open,163,407.955,41.233,0,44,5.554,4.469,22916049,16033
43.310,a-cubic,open,163,409.564,41.233,0,44,5.532,4.457,22946457,16054
43.360,a-cubic,open,164,410.64,41.233,0,44,5.552,4.473,22973969,16074
43.410,a-cubic,open,165,412.851,41.233,0,44,5.556,4.459,22997137,16091
43.460,a-cubic,open,165,414.542,41.233,0,44,5.533,4.474,23024649,16110
43.510,a-cubic,open,166,415.376,41.233,0,44,5.555,4.461,23052161,16130
43.560,a-cubic,open,167,416.499,41.233,0,44,5.574,4.476,23085465,16154
43.610,a-cubic,open,168,417.721,41.233,0,44,5.591,4.491,23110081,16172
43.661,a-cubic,open,169,419.753,41.233,0,44,5.597,4.478,23140489,16194
43.711,a-cubic,open,170,421.699,41.233,0,44,5.604,4.48,23170897,16216
43.761,a-cubic,open,171,422.964,41.233,0,44,5.62,4.481,23199857,16237
43.811,a-cubic,open,172,423.463,41.233,0,44,5.646,4.482,23223025,16254
43.861,a-cubic,open,173,426.179,41.233,0,44,5.643,4.456,23249089,16272
43.911,a-cubic,open,174,427.727,41.233,0,44,5.655,4.498,23276601,16293
43.961,a-cubic,open,175,429.658,41.233,0,44,5.662,4.487,23307009,16315
44.012,a-cubic,open,176,431.231,41.233,0,44,5.673,4.513,23337417,16337
44.062,a-cubic,open,177,433.143,41.233,0,44,5.68,4.488,23363481,16356
44.112,a-cubic,open,178,435.767,41.233,0,44,5.678,4.49,23392441,16377
44.162,a-cubic,open,179,437.75,41.233,0,44,5.684,4.491,23422849,16399
44.212,a-cubic,open,180,438.6,41.233,0,44,5.705,4.505,23456153,16423
44.262,a-cubic,recovery,177,439.093,41.233,1,45,6.015,4.508,23457601,16436
44.312,a-cubic,recovery,172,439.492,41.233,1,45,6.389,4.521,23457601,16448
44.362,a-cubic,recovery,165,439.564,41.233,2,46,6.768,4.508,23457601,16461
44.412,a-cubic,recovery,157,439.896,41.233,3,47,7.236,4.521,23457601,16477
44.463,a-cubic,recovery,150,439.781,41.233,5,49,7.554,4.495,23457601,16489
44.513,a-cubic,recovery,143,439.78,41.233,6,50,7.965,4.495,23457601,16503
44.563,a-cubic,recovery,135,439.732,41.233,7,51,8.409,4.495,23457601,16517
44.613,a-cubic,recovery,128,439.366,41.233,8,52,8.827,4.495,23457601,16531
44.663,a-cubic,recovery,126,439.507,41.233,9,53,9.425,4.495,23457601,16552
44.713,a-cubic,recovery,126,429.874,41.233,9,54,9.054,4.347,23505385,16568
44.763,a-cubic,recovery,126,409.042,41.233,8,54,8.836,4.139,23561857,16587
44.813,a-cubic,recovery,126,385.773,41.233,6,54,9.657,3.864,23583577,16610
44.864,a-cubic,recovery,126,366.803,41.233,4,54,9.209,3.681,23642945,16626
44.914,a-cubic,recovery,126,344.066,41.233,3,54,10.06,3.45,23664665,16647
44.964,a-cubic,recovery,126,322.862,41.233,1,54,10.032,3.302,23721137,16670
45.014,a-cubic,open,126,322.902,41.233,0,54,5.424,3.364,23899241,16685
45.064,a-cubic,open,126,325.581,41.233,0,54,5.38,3.544,23928201,16705
45.114,a-cubic,open,127,325.217,41.233,0,54,5.428,3.742,23957161,16726
45.164,a-cubic,open,128,324.995,41.233,0,54,5.475,3.951,23983225,16745
45.214,a-cubic,open,129,325.379,41.233,0,54,5.511,4.241,24015081,16768
45.265,a-cubic,open,130,325.344,41.233,0,54,5.554,4.513,24044041,16789
45.315,a-cubic,open,131,325.113,41.233,0,54,5.601,4.513,24073001,16810
45.365,a-cubic,open,132,323.47,41.233,0,54,5.673,4.513,24099065,16829
45.415,a-cubic,open,133,323.944,41.233,0,54,5.707,4.515,24123681,16847
45.465,a-cubic,open,134,325.094,41.233,0,54,5.73,4.551,24159881,16873
45.515,a-cubic,open,135,326.599,41.233,0,54,5.746,4.534,24183049,16890
45.565,a-cubic,open,137,328.949,41.233,0,54,5.789,4.519,24210561,16911
45.615,a-cubic,open,138,331.195,41.233,0,54,5.792,4.538,24243865,16935
45.666,a-cubic,open,139,333.053,41.233,0,54,5.801,4.539,24271377,16955
45.716,a-cubic,open,140,335.76,41.233,0,54,5.796,4.525,24293097,16971
45.766,a-cubic,open,141,339.005,41.233,0,54,5.782,4.511,24324953,16994
45.816,a-cubic,open,142,341.969,41.233,0,54,5.772,4.545,24356809,17017
45.866,a-cubic,open,143,344.427,41.233,0,54,5.771,4.515,24381425,17035
45.916,a-cubic,open,145,348.214,41.233,0,54,5.788,4.534,24411833,17058
45.966,a-cubic,open,146,350.435,41.233,0,54,5.791,4.536,24440793,17079
46.016,a-cubic,open,147,353.495,41.233,0,54,5.781,4.537,24469753,17100
46.067,a-cubic,open,148,355.574,41.233,0,54,5.786,4.539,24495817,17119
46.117,a-cubic,open,149,358.238,41.233,0,54,5.782,4.525,24523329,17139
46.167,a-cubic,open,150,360.373,41.233,0,54,5.786,4.527,24552289,17160
46.217,a-cubic,open,151,364.99,41.233,0,54,5.751,4.529,24582697,17182
46.267,a-cubic,open,152,366.48,41.233,0,54,5.765,4.53,24607313,17200
46.317,a-cubic,open,153,368.971,41.233,0,54,5.764,4.532,24636273,17221
46.367,a-cubic,open,154,371.259,41.233,0,54,5.766,4.548,24669577,17245
46.417,a-cubic,open,154,374.071,41.233,0,54,5.723,4.535,24694193,17262
46.467,a-cubic,open,155,376.518,41.233,0,54,5.722,4.522,24718809,17280
46.518,a-cubic,open,156,378.943,41.233,0,54,5.723,4.524,24750665,17303
46.568,a-cubic,open,157,381.378,41.233,0,54,5.722,4.554,24781073,17325
46.618,a-cubic,open,158,383.699,41.233,0,54,5.724,4.527,24807137,17344
46.668,a-cubic,open,159,386.203,41.233,0,54,5.723,4.529,24836097,17365
46.718,a-cubic,open,160,388.447,41.233,0,54,5.726,4.544,24866505,17387
46.768,a-cubic,open,161,391.348,41.233,0,54,5.719,4.546,24899809,17411
46.819,a-cubic,open,161,392.533,41.233,0,54,5.701,4.532,24920081,17425
46.869,a-cubic,open,162,395.46,41.233,0,54,5.694,4.52,24946145,17444
46.919,a-cubic,open,163,397.836,41.233,0,54,5.695,4.521,24979449,17468
46.969,a-cubic,open,163,399.634,41.233,0,54,5.67,4.55,25008409,17488
47.019,a-cubic,open,164,401.897,41.233,0,54,5.672,4.538,25035921,17508
47.069,a-cubic,open,165,404.248,41.233,0,54,5.674,4.539,25063433,17528
47.119,a-cubic,open,165,405.532,41.233,0,54,5.656,4.539,25093841,17549
47.169,a-cubic,open,166,407.485,41.233,0,54,5.663,4.541,25122801,17570
47.219,a-cubic,open,167,409.704,41.233,0,54,5.666,4.542,25147417,17588
47.270,a-cubic,open,167,411.538,41.233,0,54,5.641,4.543,25174929,17607
47.320,a-cubic,open,168,413.508,41.233,0,54,5.648,4.53,25205337,17629
47.370,a-cubic,open,169,415.627,41.233,0,54,5.652,4.545,25238641,17653
47.420,a-cubic,open,169,417.598,41.233,0,54,5.626,4.533,25261809,17669
47.470,a-cubic,open,170,418.902,41.233,0,54,5.641,4.548,25292217,17691
47.520,a-cubic,open,170,420.462,41.233,0,54,5.62,4.548,25322625,17712
47.570,a-cubic,open,171,422.346,41.233,0,54,5.628,4.536,25354481,17735
47.621,a-cubic,open,171,423.074,41.233,0,54,5.618,4.536,25379097,17752
47.671,a-cubic,open,172,424.861,41.233,0,54,5.628,4.538,25403713,17770
47.721,a-cubic,open,172,426.569,41.233,0,54,5.605,4.525,25428329,17787
47.771,a-cubic,open,173,428.319,41.233,0,54,5.615,4.539,25458737,17809
47.821,a-cubic,open,173,429.724,41.233,0,54,5.596,4.553,25492041,17832
47.871,a-cubic,open,174,431.703,41.233,0,54,5.603,4.528,25518105,17851
47.921,a-cubic,open,174,433.989,41.233,0,54,5.573,4.528,25547065,17871
47.971,a-cubic,open,175,434.403,41.233,0,54,5.6,4.543,25578921,17894
48.022,a-cubic,open,175,435.377,41.233,0,54,5.587,4.543,25607881,17914
48.072,a-cubic,open,175,437.307,41.233,0,54,5.563,4.53,25633945,17932
48.122,a-cubic,open,175,439.289,41.233,0,54,5.538,4.518,25658561,17949
48.172,a-cubic,open,176,439.602,41.233,0,54,5.565,4.532,25687521,17970
48.222,a-cubic,recovery,170,439.534,41.233,2,56,5.756,4.508,25699105,17987
48.272,a-cubic,recovery,165,439.696,41.233,2,56,6.133,4.508,25699105,17999
48.322,a-cubic,recovery,159,439.857,41.233,2,56,6.605,4.521,25699105,18014
48.372,a-cubic,recovery,153,439.482,41.233,2,56,7.022,4.534,25699105,18027
48.423,a-cubic,recovery,145,440.0,41.233,3,57,7.487,4.508,25699105,18042
48.473,a-cubic,recovery,139,439.544,41.233,3,57,7.938,4.521,25699105,18057
48.523,a-cubic,recovery,134,439.563,41.233,3,57,8.349,4.534,25699105,18070
48.573,a-cubic,recovery,127,439.333,41.233,4,58,8.733,4.524,25699105,18082
48.623,a-cubic,recovery,123,439.854,41.233,4,58,9.165,4.521,25699105,18097
48.673,a-cubic,recovery,123,434.411,41.233,2,58,7.104,4.381,25825081,18116
48.723,a-cubic,recovery,123,427.915,41.233,2,58,7.666,4.218,25825081,18130
48.774,a-cubic,recovery,123,411.396,41.233,2,58,8.65,3.98,25825081,18150
48.824,a-cubic,recovery,123,388.648,41.233,1,58,7.761,3.744,25913409,18172
48.874,a-cubic,recovery,123,370.041,41.233,1,58,8.828,3.529,25913409,18190
48.924,a-cubic,open,123,350.569,41.233,0,58,4.877,3.339,26101649,18207
48.974,a-cubic,open,123,335.637,41.233,0,58,5.094,3.266,26133505,18229
49.024,a-cubic,open,124,326.403,41.233,0,58,5.281,3.332,26159569,18248
49.074,a-cubic,open,124,318.976,41.233,0,58,5.404,3.47,26188529,18268
49.124,a-cubic,open,125,316.923,41.233,0,58,5.483,3.687,26220385,18291
49.175,a-cubic,open,125,317.036,41.233,0,58,5.481,3.882,26249345,18311
49.225,a-cubic,open,126,316.684,41.233,0,58,5.531,4.127,26272513,18328
49.275,a-cubic,open,127,314.397,41.233,0,58,5.615,4.274,26302921,18350
49.325,a-cubic,open,127,313.508,41.233,0,58,5.631,4.49,26331881,18370
49.375,a-cubic,open,128,314.706,41.233,0,58,5.654,4.562,26359393,18390
49.425,a-cubic,open,129,315.919,41.233,0,58,5.676,4.544,26388353,18411
49.475,a-cubic,open,129,317.663,41.233,0,58,5.645,4.546,26421657,18434
49.525,a-cubic,open,130,319.146,41.233,0,58,5.662,4.547,26446273,18452
49.576,a-cubic,open,131,321.061,41.233,0,58,5.672,4.53,26470889,18470
49.626,a-cubic,open,132,322.506,41.233,0,58,5.69,4.549,26504193,18494
49.676,a-cubic,open,132,325.008,41.233,0,58,5.646,4.551,26530257,18512
49.726,a-cubic,open,133,325.994,41.233,0,58,5.671,4.534,26559217,18533
49.776,a-cubic,open,133,327.545,41.233,0,58,5.644,4.517,26589625,18554
49.826,a-cubic,open,134,328.981,41.233,0,58,5.662,4.554,26618585,18575
49.876,a-cubic,open,134,331.277,41.233,0,58,5.623,4.537,26643201,18592
49.926,a-cubic,open,135,332.788,41.233,0,58,5.639,4.539,26672161,18613
49.976,a-cubic,open,136,334.175,41.233,0,58,5.657,4.557,26704017,18636
50.027,a-cubic,open,136,336.442,41.233,0,58,5.619,4.541,26730081,18654
50.077,a-cubic,open,137,337.971,41.233,0,58,5.635,4.543,26757593,18674
50.127,a-cubic,open,137,338.72,41.233,0,58,5.622,4.527,26789449,18696
50.177,a-cubic,open,138,341.07,41.233,0,58,5.624,4.545,26818409,18717
50.227,a-cubic,open,139,341.799,41.233,0,58,5.653,4.545,26840129,18733
50.277,a-cubic,open,139,343.571,41.233,0,58,5.624,4.53,26870537,18754
50.327,a-cubic,open,140,344.804,41.233,0,58,5.644,4.564,26903841,18778
50.377,a-cubic,open,140,347.259,41.233,0,58,5.604,4.532,26927009,18794
50.427,a-cubic,open,141,348.667,41.233,0,58,5.621,4.55,26958865,18817
50.478,a-cubic,open,141,350.078,41.233,0,58,5.599,4.534,26987825,18837
50.528,a-cubic,open,141,351.157,41.233,0,58,5.582,4.551,27015337,18856
50.578,a-cubic,open,142,352.193,41.233,0,58,5.605,4.535,27039953,18874
50.628,a-cubic,open,142,353.104,41.233,0,58,5.59,4.537,27068913,18894
50.678,a-cubic,open,143,354.463,41.233,0,58,5.608,4.555,27103665,18919
50.728,a-cubic,open,143,356.196,41.233,0,58,5.581,4.539,27125385,18934
50.778,a-cubic,open,143,357.754,41.233,0,58,5.556,4.539,27155793,18955
50.829,a-cubic,open,144,358.968,41.233,0,58,5.576,4.541,27187649,18978
50.879,a-cubic,open,144,359.396,41.233,0,58,5.57,4.541,27215161,18997
50.929,a-cubic,open,144,361.482,41.233,0,58,5.538,4.542,27238329,19013
50.979,a-cubic,open,145,362.382,41.233,0,58,5.562,4.542,27271633,19037
51.029,a-cubic,open,145,362.62,41.233,0,58,5.558,4.542,27299145,19056
51.079,a-cubic,open,145,363.703,41.233,0,58,5.542,4.543,27325209,19074
51.129,a-cubic,open,145,364.569,41.233,0,58,5.529,4.559,27354169,19094
51.179,a-cubic,open,146,365.825,41.233,0,58,5.548,4.545,27383129,19115
51.230,a-cubic,open,146,366.855,41.233,0,58,5.532,4.545,27414985,19137
51.280,a-cubic,open,146,367.724,41.233,0,58,5.519,4.545,27439601,19154
51.330,a-cubic,open,147,369.005,41.233,0,58,5.538,4.518,27467113,19174
51.380,a-cubic,open,147,368.992,41.233,0,58,5.538,4.547,27498969,19196
51.430,a-cubic,open,147,370.672,41.233,0,58,5.513,4.547,27526481,19215
51.480,a-cubic,open,147,370.977,41.233,0,58,5.508,4.532,27555441,19235
51.530,a-cubic,open,147,372.001,41.233,0,58,5.493,4.534,27582953,19254
51.581,a-cubic,open,148,372.661,41.233,0,58,5.521,4.534,27616257,19278
51.631,a-cubic,open,148,372.857,41.233,0,58,5.518,4.534,27640873,19295
51.681,a-cubic,open,148,373.366,41.233,0,58,5.51,4.534,27664041,19311
51.731,a-cubic,open,148,374.285,41.233,0,58,5.497,4.535,27697345,19334
51.781,a-cubic,open,148,375.064,41.233,0,58,5.485,4.535,27727753,19355
51.831,a-cubic,open,148,375.779,41.233,0,58,5.475,4.554,27750921,19371
51.881,a-cubic,open,148,375.79,41.233,0,58,5.475,4.535,27779881,19391
51.931,a-cubic,open,149,376.54,41.233,0,58,5.501,4.537,27808841,19412
51.981,a-cubic,open,149,377.741,41.233,0,58,5.483,4.537,27843593,19436
52.032,a-cubic,open,149,378.169,41.233,0,58,5.477,4.537,27868209,19453
52.082,a-cubic,open,149,378.213,41.233,0,58,5.476,4.537,27894273,19471
52.132,a-cubic,open,149,377.769,41.233,0,58,5.483,4.551,27926129,19493
52.182,a-cubic,open,149,377.817,41.233,0,58,5.482,4.522,27950745,19510
52.232,a-cubic,open,149,379.281,41.233,0,58,5.461,4.522,27978257,19529
52.282,a-cubic,open,149,379.091,41.233,0,58,5.464,4.522,28010113,19551
52.332,a-cubic,open,149,380.025,41.233,0,58,5.45,4.538,28040521,19572
52.383,a-cubic,open,149,380.37,41.233,0,58,5.445,4.538,28068033,19591
52.433,a-cubic,open,149,379.931,41.233,0,58,5.452,4.553,28089753,19606
52.483,a-cubic,open,149,380.451,41.233,0,58,5.444,4.538,28124505,19630
52.533,a-cubic,open,149,380.277,41.233,0,58,5.447,4.538,28154913,19651
52.583,a-cubic,open,149,381.854,41.233,0,58,5.424,4.524,28178081,19667
52.633,a-cubic,open,149,381.964,41.233,0,58,5.423,4.524,28207041,19687
52.683,a-cubic,open,149,381.913,41.233,0,58,5.423,4.524,28234553,19706
52.733,a-cubic,open,149,381.96,41.233,0,58,5.423,4.524,28267857,19729
52.783,a-cubic,open,149,381.771,41.233,0,58,5.425,4.524,28292473,19746
52.834,a-cubic,open,149,381.818,41.233,0,58,5.425,4.524,28318537,19764
52.884,a-cubic,open,149,381.491,41.233,0,58,5.429,4.524,28351841,19787
52.934,a-cubic,open,149,381.597,41.233,0,58,5.428,4.524,28379353,19806
52.984,a-cubic,open,149,381.59,41.233,0,58,5.428,4.538,28402521,19822
53.034,a-cubic,open,149,381.66,41.233,0,58,5.427,4.524,28434377,19844
53.084,a-cubic,open,149,381.853,41.233,0,58,5.424,4.523,28464785,19865
53.134,a-cubic,open,149,381.46,41.233,0,58,5.43,4.524,28496641,19887
53.184,a-cubic,open,149,381.5,41.233,0,58,5.429,4.524,28516913,19901
53.235,a-cubic,open,149,381.747,41.233,0,58,5.426,4.524,28547321,19922
53.285,a-cubic,open,149,381.534,41.233,0,58,5.429,4.524,28579177,19944
53.335,a-cubic,open,149,381.706,41.233,0,58,5.426,4.524,28603793,19961
53.385,a-cubic,open,149,381.709,41.233,0,58,5.426,4.524,28629857,19979
53.435,a-cubic,open,149,381.883,41.233,0,58,5.424,4.524,28661713,20001
53.485,a-cubic,open,149,381.181,41.233,0,58,5.434,4.514,28693569,20023
53.535,a-cubic,open,149,381.579,41.233,0,58,5.428,4.524,28718185,20040
53.586,a-cubic,open,149,381.528,41.233,0,58,5.429,4.524,28745697,20059
53.636,a-cubic,open,149,381.32,41.233,0,58,5.432,4.522,28774657,20079
53.686,a-cubic,open,149,381.357,41.233,0,58,5.431,4.524,28806513,20101
53.736,a-cubic,open,149,381.918,41.233,0,58,5.423,4.538,28829681,20117
53.786,a-cubic,open,149,382.063,41.233,0,58,5.421,4.494,28858641,20137
53.836,a-cubic,open,149,382.222,41.233,0,58,5.419,4.524,28884705,20155
53.886,a-cubic,open,149,381.309,41.233,0,58,5.432,4.524,28920905,20180
53.937,a-cubic,open,149,381.495,41.233,0,58,5.429,4.524,28945521,20197
53.987,a-cubic,open,149,381.286,41.233,0,58,5.432,4.516,28968689,20213
54.037,a-cubic,open,149,381.34,41.233,0,58,5.431,4.524,29004889,20238
54.087,a-cubic,open,149,381.715,41.233,0,58,5.426,4.523,29029505,20255
54.137,a-cubic,open,149,382.029,41.233,0,58,5.422,4.524,29055569,20273
54.187,a-cubic,open,149,381.772,41.233,0,58,5.425,4.523,29087425,20295
54.237,a-cubic,open,149,382.185,41.233,0,58,5.419,4.494,29116385,20315
54.287,a-cubic,open,150,381.585,41.233,0,58,5.464,4.523,29145345,20336
54.338,a-cubic,open,150,381.805,41.233,0,58,5.461,4.523,29169961,20353
54.388,a-cubic,open,150,381.319,41.233,0,58,5.468,4.524,29200369,20374
54.438,a-cubic,open,150,381.462,41.233,0,58,5.466,4.523,29232225,20396
54.488,a-cubic,open,150,381.824,41.233,0,58,5.461,4.524,29256841,20413
54.538,a-cubic,open,150,381.825,41.233,0,58,5.461,4.523,29282905,20431
54.588,a-cubic,open,150,381.857,41.233,0,58,5.46,4.523,29311865,20451
54.638,a-cubic,open,150,381.187,41.233,0,58,5.47,4.525,29345169,20474
54.688,a-cubic,open,151,382.851,41.233,0,58,5.483,4.54,29372681,20494
54.738,a-cubic,open,151,383.102,41.233,0,58,5.479,4.554,29397297,20511
54.789,a-cubic,open,151,382.104,41.233,0,58,5.493,4.54,29426257,20531
54.839,a-cubic,open,151,382.578,41.233,0,58,5.487,4.54,29458113,20553
54.889,a-cubic,open,151,383.367,41.233,0,58,5.475,4.526,29479833,20568
54.939,a-cubic,open,151,383.732,41.233,0,58,5.47,4.526,29510241,20589
54.989,a-cubic,open,151,383.993,41.233,0,58,5.466,4.526,29537753,20608
55.039,a-cubic,open,152,384.214,41.233,0,58,5.499,4.542,29571057,20632
55.089,a-cubic,open,152,384.986,41.233,0,58,5.488,4.556,29597121,20650
55.139,a-cubic,open,152,384.58,41.233,0,58,5.494,4.556,29624633,20669
55.190,a-cubic,open,152,384.783,41.233,0,58,5.491,4.541,29656489,20691
55.240,a-cubic,open,152,384.94,41.233,0,58,5.489,4.541,29682553,20709
55.290,a-cubic,open,153,386.173,41.233,0,58,5.507,4.527,29708617,20728
55.340,a-cubic,open,153,386.396,41.233,0,58,5.504,4.527,29739025,20749
55.390,a-cubic,open,153,386.531,41.233,0,58,5.502,4.527,29766537,20768
55.440,a-cubic,open,154,386.374,41.233,0,58,5.541,4.543,29801289,20793
55.490,a-cubic,open,154,387.548,41.233,0,58,5.524,4.543,29823009,20808
55.540,a-cubic,open,154,387.455,41.233,0,58,5.525,4.543,29854865,20830
55.591,a-cubic,open,154,387.599,41.233,0,58,5.523,4.543,29885273,20851
55.641,a-cubic,open,155,387.195,41.233,0,58,5.565,4.557,29908441,20868
55.691,a-cubic,open,155,389.052,41.233,0,58,5.538,4.544,29937401,20888
55.741,a-cubic,open,155,390.251,41.233,0,58,5.521,4.545,29966361,20908
55.791,a-cubic,open,156,390.265,41.233,0,58,5.557,4.545,29998217,20931
55.841,a-cubic,open,156,390.311,41.233,0,58,5.556,4.56,30027177,20951
55.891,a-cubic,open,157,391.667,41.233,0,58,5.572,4.546,30054689,20971
55.941,a-cubic,open,157,391.605,41.233,0,58,5.573,4.546,30083649,20991
55.992,a-cubic,open,157,392.356,41.233,0,58,5.562,4.546,30114057,21012
56.042,a-cubic,open,158,393.51,41.233,0,58,5.581,4.547,30138673,21030
56.092,a-cubic,open,158,395.118,41.233,0,58,5.559,4.547,30164737,21048
56.142,a-cubic,open,159,394.721,41.233,0,58,5.599,4.547,30193697,21069
56.192,a-cubic,open,159,396.261,41.233,0,58,5.578,4.563,30227001,21092
56.242,a-cubic,open,160,396.787,41.233,0,58,5.605,4.563,30253065,21111
56.292,a-cubic,open,160,397.938,41.233,0,58,5.589,4.564,30282025,21131
56.343,a-cubic,open,161,398.144,41.233,0,58,5.621,4.564,30310985,21152
56.393,a-cubic,open,162,399.172,41.233,0,58,5.641,4.55,30341393,21174
56.443,a-cubic,open,162,400.671,41.233,0,58,5.62,4.565,30367457,21192
56.493,a-cubic,open,163,401.053,41.233,0,58,5.65,4.552,30392073,21210
56.543,a-cubic,open,163,403.129,41.233,0,58,5.621,4.567,30423929,21232
56.593,a-cubic,open,164,403.454,41.233,0,58,5.651,4.567,30452889,21253
56.643,a-cubic,open,165,404.32,41.233,0,58,5.673,4.595,30483297,21275
56.693,a-cubic,open,165,406.346,41.233,0,58,5.645,4.568,30510809,21294
56.743,a-cubic,open,166,406.705,41.233,0,58,5.674,4.569,30539769,21315
56.794,a-cubic,open,167,408.176,41.233,0,58,5.687,4.569,30571625,21338
56.844,a-cubic,open,168,410.084,41.233,0,58,5.695,4.57,30596241,21356
56.894,a-cubic,open,168,410.488,41.233,0,58,5.689,4.585,30623753,21375
56.944,a-cubic,open,169,412.309,41.233,0,58,5.698,4.572,30651265,21395
56.994,a-cubic,open,170,414.038,41.233,0,58,5.708,4.586,30680225,21416
57.044,a-cubic,open,171,415.231,41.233,0,58,5.725,4.587,30716425,21442
57.094,a-cubic,open,171,416.85,41.233,0,58,5.702,4.587,30738145,21457
57.144,a-cubic,open,172,418.567,41.233,0,58,5.712,4.602,30770001,21480
57.195,a-cubic,open,173,419.639,41.233,0,58,5.731,4.575,30800409,21502
57.245,a-cubic,open,174,421.188,41.233,0,58,5.743,4.59,30826473,21521
57.295,a-cubic,open,175,422.976,41.233,0,58,5.751,4.591,30853985,21541
57.345,a-cubic,open,176,424.187,41.233,0,58,5.768,4.579,30882945,21562
57.395,a-cubic,open,177,426.18,41.233,0,58,5.773,4.592,30906113,21579
57.445,a-cubic,open,178,427.4,41.233,0,58,5.789,4.593,30945209,21607
57.495,a-cubic,open,179,429.463,41.233,0,58,5.794,4.633,30971273,21626
57.545,a-cubic,open,180,431.471,41.233,0,58,5.799,4.621,31001681,21648
57.596,a-cubic,open,181,433.28,41.233,0,58,5.807,4.583,31030641,21669
57.646,a-cubic,open,182,435.218,41.233,0,58,5.813,4.609,31061049,21691
57.696,a-cubic,open,183,436.763,41.233,0,58,5.824,4.623,31084217,21708
57.746,a-cubic,open,185,438.87,41.233,0,58,5.86,4.624,31116073,21732
57.796,a-cubic,recovery,180,439.391,41.233,2,60,6.106,4.574,31117521,21744
57.846,a-cubic,recovery,172,439.819,41.233,4,62,6.511,4.548,31117521,21759
57.896,a-cubic,recovery,163,439.475,41.233,5,63,7.022,4.548,31117521,21775
57.946,a-cubic,recovery,156,439.14,41.233,6,64,7.407,4.56,31117521,21788
57.997,a-cubic,recovery,151,439.617,41.233,6,64,7.779,4.587,31117521,21801
58.047,a-cubic,recovery,144,439.673,41.233,6,64,8.283,4.6,31117521,21817
58.097,a-cubic,recovery,136,439.725,41.233,8,66,8.725,4.587,31117521,21832
58.147,a-cubic,recovery,131,439.607,41.233,8,66,9.075,4.6,31117521,21844
58.197,a-cubic,recovery,129,439.863,41.233,11,69,9.576,4.574,31117521,21863
58.247,a-cubic,recovery,129,436.332,41.233,8,69,9.271,4.459,31156617,21878
58.297,a-cubic,recovery,129,428.926,41.233,7,69,9.204,4.242,31194265,21897
58.348,a-cubic,recovery,129,410.836,41.233,5,69,7.207,4.007,31326033,21917
58.398,a-cubic,recovery,129,388.532,41.233,5,69,8.336,3.765,31326033,21937
58.448,a-cubic,recovery,129,367.691,41.233,5,69,9.64,3.525,31326033,21959
58.498,a-cubic,recovery,129,346.623,41.233,2,69,9.585,3.349,31375265,21977
58.548,a-cubic,open,129,336.06,41.233,0,69,5.336,3.407,31566401,21998
58.598,a-cubic,open,129,331.392,41.233,0,69,5.411,3.456,31589569,22014
58.648,a-cubic,open,130,327.234,41.233,0,69,5.522,3.616,31621425,22037
58.698,a-cubic,open,131,326.161,41.233,0,69,5.583,3.808,31650385,22058
58.749,a-cubic,open,132,325.71,41.233,0,69,5.634,4.032,31682241,22081
58.799,a-cubic,open,133,326.33,41.233,0,69,5.665,4.269,31708305,22100
58.849,a-cubic,open,134,325.499,41.233,0,69,5.723,4.447,31740161,22123
58.899,a-cubic,open,135,324.899,41.233,0,69,5.776,4.586,31764777,22141
58.949,a-cubic,open,136,325.081,41.233,0,69,5.815,4.605,31795185,22163
58.999,a-cubic,open,137,327.199,41.233,0,69,5.82,4.588,31824145,22184
59.049,a-cubic,open,138,329.539,41.233,0,69,5.821,4.589,31851657,22204
59.099,a-cubic,open,140,331.604,41.233,0,69,5.869,4.607,31884961,22229
59.150,a-cubic,open,141,333.777,41.233,0,69,5.872,4.592,31909577,22247
59.200,a-cubic,open,142,337.083,41.233,0,69,5.856,4.594,31941433,22270
59.250,a-cubic,open,143,339.066,41.233,0,69,5.863,4.578,31966049,22288
59.300,a-cubic,open,144,342.213,41.233,0,69,5.849,4.58,31995009,22309
59.350,a-cubic,open,145,344.627,41.233,0,69,5.849,4.581,32022521,22329
59.400,a-cubic,open,146,347.289,41.233,0,69,5.844,4.583,32054377,22352
59.450,a-cubic,open,148,350.359,41.233,0,69,5.872,4.584,32086233,22375
59.500,a-cubic,open,149,352.75,41.233,0,69,5.872,4.586,32109401,22393
59.551,a-cubic,open,150,356.078,41.233,0,69,5.856,4.603,32142705,22417
59.601,a-cubic,open,151,358.277,41.233,0,69,5.859,4.604,32167321,22435
59.651,a-cubic,open,152,361.136,41.233,0,69,5.851,4.59,32196281,22456
59.701,a-cubic,open,153,363.838,41.233,0,69,5.846,4.591,32226689,22478
59.751,a-cubic,open,154,366.212,41.233,0,69,5.846,4.608,32254201,22498
59.801,a-cubic,open,155,368.956,41.233,0,69,5.84,4.594,32284609,22520
59.851,a-cubic,open,156,371.004,41.233,0,69,5.845,4.61,32313569,22541
59.901,a-cubic,open,157,374.088,41.233,0,69,5.834,4.596,32341081,22561
59.951,a-cubic,open,158,376.808,41.233,0,69,5.829,4.598,32370041,22582
60.002,a-cubic,open,158,378.825,41.233,0,69,5.798,4.614,32394657,22599
60.052,a-cubic,open,159,381.136,41.233,0,69,5.799,4.615,32426513,22622
60.102,a-cubic,open,160,383.563,41.233,0,69,5.799,4.601,32454025,22642
60.152,a-cubic,open,161,386.177,41.233,0,69,5.795,4.588,32482985,22663
60.202,a-cubic,open,162,389.301,41.233,0,69,5.785,4.589,32517737,22688
60.252,a-cubic,open,163,390.949,41.233,0,69,5.796,4.619,32542353,22706
60.302,a-cubic,open,164,393.653,41.233,0,69,5.791,4.606,32571313,22727
60.352,a-cubic,open,165,396.528,41.233,0,69,5.784,4.621,32604617,22751
60.403,a-cubic,open,165,397.903,41.233,0,69,5.764,4.593,32626337,22766
60.453,a-cubic,open,166,400.742,41.233,0,69,5.758,4.579,32658193,22789
60.503,a-cubic,open,167,402.19,41.233,0,69,5.772,4.596,32685705,22809
60.553,a-cubic,open,168,404.263,41.233,0,69,5.777,4.61,32713217,22829
60.603,a-cubic,open,168,406.755,41.233,0,69,5.741,4.598,32746521,22852
60.653,a-cubic,open,169,407.936,41.233,0,69,5.759,4.626,32775481,22873
60.703,a-cubic,open,170,410.074,41.233,0,69,5.763,4.613,32802993,22893
60.753,a-cubic,open,170,412.337,41.233,0,69,5.731,4.6,32830505,22912
60.803,a-cubic,open,171,414.188,41.233,0,69,5.739,4.601,32859465,22933
60.854,a-cubic,open,172,416.291,41.233,0,69,5.743,4.602,32889873,22955
60.904,a-cubic,open,172,417.732,41.233,0,69,5.724,4.603,32918833,22975
60.954,a-cubic,open,173,419.266,41.233,0,69,5.736,4.616,32943449,22993
61.004,a-cubic,open,173,421.367,41.233,0,69,5.707,4.617,32973857,23014
61.054,a-cubic,open,174,423.278,41.233,0,69,5.714,4.605,33008609,23039
61.104,a-cubic,open,175,424.627,41.233,0,69,5.729,4.618,33033225,23057
61.154,a-cubic,open,175,425.916,41.233,0,69,5.712,4.606,33060737,23076
61.205,a-cubic,open,176,428.322,41.233,0,69,5.712,4.607,33094041,23100
61.255,a-cubic,open,176,429.55,41.233,0,69,5.696,4.607,33115761,23115
61.305,a-cubic,open,176,431.658,41.233,0,69,5.668,4.608,33147617,23137
61.355,a-cubic,open,177,432.296,41.233,0,69,5.692,4.608,33176577,23158
61.405,a-cubic,open,177,433.981,41.233,0,69,5.669,4.622,33205537,23178
61.455,a-cubic,open,178,434.797,41.233,0,69,5.691,4.623,33237393,23201
61.505,a-cubic,open,178,436.14,41.233,0,69,5.673,4.623,33269249,23223
61.555,a-cubic,open,179,437.263,41.233,0,69,5.69,4.623,33295313,23242
61.605,a-cubic,open,179,438.964,41.233,0,69,5.668,4.611,33322825,23261
61.656,a-cubic,recovery,178,439.253,41.233,1,70,5.728,4.613,33347441,23282
61.706,a-cubic,recovery,173,439.675,41.233,1,70,6.07,4.613,33347441,23292
61.756,a-cubic,recovery,167,439.498,41.233,1,70,6.547,4.601,33347441,23308
61.806,a-cubic,recovery,160,439.523,41.233,2,71,6.926,4.587,33347441,23321
61.856,a-cubic,recovery,153,438.895,41.233,2,71,7.475,4.613,33347441,23338
61.906,a-cubic,recovery,147,439.637,41.233,2,71,7.905,4.627,33347441,23352
61.956,a-cubic,recovery,141,439.28,41.233,2,71,8.354,4.639,33347441,23366
62.007,a-cubic,recovery,134,439.255,41.233,2,71,8.829,4.638,33347441,23380
62.057,a-cubic,recovery,129,439.913,41.233,2,71,9.227,4.653,33347441,23394
62.107,a-cubic,recovery,125,435.541,41.233,2,72,8.171,4.587,33422737,23411
62.157,a-cubic,recovery,125,416.058,41.233,2,72,9.221,4.376,33422737,23431
62.207,a-cubic,recovery,125,396.816,41.233,1,72,5.955,4.165,33602289,23449
62.257,a-cubic,recovery,125,372.305,41.233,1,72,7.243,3.891,33602289,23473
62.307,a-cubic,recovery,125,354.203,41.233,1,72,8.359,3.664,33602289,23492
62.357,a-cubic,recovery,125,330.676,41.233,1,72,9.837,3.417,33602289,23513
62.407,a-cubic,open,125,317.74,41.233,0,72,5.469,3.319,33789081,23532
62.458,a-cubic,open,125,317.223,41.233,0,72,5.478,3.485,33815145,23550
62.508,a-cubic,open,126,316.465,41.233,0,72,5.535,3.679,33844105,23571
62.558,a-cubic,open,126,316.425,41.233,0,72,5.535,3.907,33875961,23593
62.608,a-cubic,open,127,316.295,41.233,0,72,5.581,4.137,33907817,23616
62.658,a-cubic,open,128,316.207,41.233,0,72,5.627,4.411,33935329,23636
62.708,a-cubic,open,128,315.703,41.233,0,72,5.636,4.616,33961393,23654
62.758,a-cubic,open,129,314.755,41.233,0,72,5.697,4.598,33984561,23671
62.808,a-cubic,open,130,315.206,41.233,0,72,5.733,4.598,34019313,23696
62.858,a-cubic,open,130,317.037,41.233,0,72,5.7,4.598,34043929,23713
62.909,a-cubic,open,131,318.286,41.233,0,72,5.721,4.618,34077233,23737
62.959,a-cubic,open,132,319.997,41.233,0,72,5.734,4.601,34107641,23759
63.009,a-cubic,open,132,321.944,41.233,0,72,5.699,4.585,34135153,23778
63.059,a-cubic,open,133,322.806,41.233,0,72,5.727,4.602,34161217,23797
63.109,a-cubic,open,134,325.058,41.233,0,72,5.73,4.586,34188729,23817
63.159,a-cubic,open,134,327.622,41.233,0,72,5.686,4.588,34217689,23837
63.209,a-cubic,open,135,328.56,41.233,0,72,5.712,4.571,34249545,23860
63.259,a-cubic,open,136,329.976,41.233,0,72,5.729,4.589,34281401,23883
63.310,a-cubic,open,136,331.248,41.233,0,72,5.707,4.591,34307465,23901
63.360,a-cubic,open,137,332.725,41.233,0,72,5.724,4.574,34334977,23921
63.410,a-cubic,open,138,335.193,41.233,0,72,5.723,4.592,34361041,23940
63.460,a-cubic,open,138,336.724,41.233,0,72,5.697,4.594,34391449,23961
63.510,a-cubic,open,139,337.817,41.233,0,72,5.72,4.577,34417513,23980
63.560,a-cubic,open,139,339.814,41.233,0,72,5.686,4.578,34447921,24001
63.610,a-cubic,open,140,341.684,41.233,0,72,5.696,4.596,34481225,24025
63.661,a-cubic,open,141,343.296,41.233,0,72,5.709,4.58,34511633,24047
63.711,a-cubic,open,141,344.644,41.233,0,72,5.687,4.581,34536249,24064
63.761,a-cubic,open,142,345.915,41.233,0,72,5.706,4.599,34560865,24082
63.811,a-cubic,open,142,348.263,41.233,0,72,5.668,4.583,34594169,24105
63.861,a-cubic,open,143,349.018,41.233,0,72,5.695,4.6,34618785,24123
63.911,a-cubic,open,143,350.57,41.233,0,72,5.67,4.584,34649193,24144
63.961,a-cubic,open,144,351.579,41.233,0,72,5.693,4.601,34683945,24169
64.011,a-cubic,open,144,352.435,41.233,0,72,5.68,4.601,34710009,24187
64.062,a-cubic,open,144,354.097,41.233,0,72,5.653,4.602,34737521,24206
64.112,a-cubic,open,145,355.629,41.233,0,72,5.668,4.587,34765033,24226
64.162,a-cubic,open,145,357.285,41.233,0,72,5.641,4.588,34789649,24243
64.212,a-cubic,open,146,358.54,41.233,0,72,5.66,4.574,34820057,24265
64.262,a-cubic,open,146,359.525,41.233,0,72,5.645,4.605,34853361,24288
64.312,a-cubic,open,147,360.563,41.233,0,72,5.667,4.575,34886665,24312
64.362,a-cubic,open,147,361.799,41.233,0,72,5.648,4.59,34912729,24330
64.413,a-cubic,open,147,363.521,41.233,0,72,5.621,4.591,34940241,24349
64.463,a-cubic,open,147,363.575,41.233,0,72,5.62,4.608,34966305,24367
64.513,a-cubic,open,148,365.267,41.233,0,72,5.632,4.592,34993817,24387
64.563,a-cubic,open,148,365.353,41.233,0,72,5.631,4.592,35021329,24406
64.613,a-cubic,open,148,366.805,41.233,0,72,5.609,4.593,35056081,24430
64.663,a-cubic,open,148,367.811,41.233,0,72,5.593,4.593,35083593,24449
64.713,a-cubic,open,149,368.407,41.233,0,72,5.622,4.61,35114001,24471
64.763,a-cubic,open,149,369.71,41.233,0,72,5.602,4.595,35145857,24493
64.814,a-cubic,open,149,370.289,41.233,0,72,5.594,4.595,35170473,24510
64.864,a-cubic,open,150,370.171,41.233,0,72,5.633,4.626,35196537,24529
64.914,a-cubic,open,150,371.425,41.233,0,72,5.614,4.596,35226945,24550
64.964,a-cubic,open,150,372.721,41.233,0,72,5.594,4.595,35254457,24569
65.014,a-cubic,open,150,372.185,41.233,0,72,5.602,4.611,35284865,24590
65.064,a-cubic,open,150,372.82,41.233,0,72,5.593,4.627,35321065,24615
65.114,a-cubic,open,151,373.985,41.233,0,72,5.613,4.597,35344233,24632
65.165,a-cubic,open,151,374.572,41.233,0,72,5.604,4.612,35374641,24653
65.215,a-cubic,open,151,374.91,41.233,0,72,5.599,4.597,35394913,24667
65.265,a-cubic,open,151,375.788,41.233,0,72,5.586,4.613,35428217,24690
65.315,a-cubic,open,151,377.007,41.233,0,72,5.568,4.599,35455729,24709
65.365,a-cubic,open,151,377.356,41.233,0,72,5.562,4.613,35486137,24730
65.415,a-cubic,open,151,377.856,41.233,0,72,5.555,4.598,35517993,24752
65.465,a-cubic,open,152,378.817,41.233,0,72,5.578,4.614,35548401,24774
65.515,a-cubic,open,152,379.346,41.233,0,72,5.57,4.614,35577361,24794
65.565,a-cubic,open,152,380.288,41.233,0,72,5.556,4.614,35601977,24811
65.616,a-cubic,open,152,380.304,41.233,0,72,5.556,4.599,35625145,24827
65.666,a-cubic,open,152,379.924,41.233,0,72,5.561,4.614,35658449,24850
65.716,a-cubic,open,152,380.36,41.233,0,72,5.555,4.599,35685961,24869
65.766,a-cubic,open,152,379.944,41.233,0,72,5.561,4.614,35717817,24891
65.816,a-cubic,open,152,379.682,41.233,0,72,5.565,4.599,35752569,24915
65.866,a-cubic,open,152,380.899,41.233,0,72,5.547,4.615,35777185,24932
65.916,a-cubic,open,152,382.057,41.233,0,72,5.53,4.6,35806145,24952
65.967,a-cubic,open,152,382.178,41.233,0,72,5.529,4.6,35830761,24969
66.017,a-cubic,open,152,382.459,41.233,0,72,5.525,4.615,35861169,24990
66.067,a-cubic,open,152,382.982,41.233,0,72,5.517,4.585,35887233,25008
66.117,a-cubic,open,152,382.77,41.233,0,72,5.52,4.6,35916193,25028
66.167,a-cubic,open,152,382.561,41.233,0,72,5.523,4.615,35949497,25051
66.217,a-cubic,open,152,382.421,41.233,0,72,5.525,4.6,35981353,25073
66.267,a-cubic,open,152,382.728,41.233,0,72,5.521,4.6,36008865,25092
66.317,a-cubic,open,152,382.563,41.233,0,72,5.523,4.6,36034929,25110
66.367,a-cubic,open,152,381.917,41.233,0,72,5.532,4.6,36059545,25127
66.418,a-cubic,open,152,382.358,41.233,0,72,5.526,4.6,36089953,25148
66.468,a-cubic,open,152,382.848,41.233,0,72,5.519,4.6,36117465,25167
66.518,a-cubic,open,152,382.335,41.233,0,72,5.526,4.615,36150769,25190
66.568,a-cubic,open,152,381.87,41.233,0,72,5.533,4.615,36181177,25211
66.618,a-cubic,open,152,382.641,41.233,0,72,5.522,4.599,36210137,25231
66.668,a-cubic,open,152,382.483,41.233,0,72,5.524,4.6,36240545,25252
66.718,a-cubic,open,152,382.597,41.233,0,72,5.523,4.6,36268057,25271
66.768,a-cubic,open,152,382.66,41.233,0,72,5.522,4.6,36291225,25287
66.819,a-cubic,open,152,382.557,41.233,0,72,5.523,4.6,36321633,25308
66.869,a-cubic,open,152,382.602,41.233,0,72,5.523,4.6,36349145,25327
66.919,a-cubic,open,152,382.874,41.233,0,72,5.519,4.6,36381001,25349
66.969,a-cubic,open,152,382.463,41.233,0,72,5.525,4.6,36414305,25372
67.019,a-cubic,open,152,383.291,41.233,0,72,5.513,4.601,36440369,25390
67.069,a-cubic,open,152,382.398,41.233,0,72,5.525,4.6,36469329,25410
67.119,a-cubic,open,152,381.948,41.233,0,72,5.532,4.6,36493945,25427
67.169,a-cubic,open,152,382.316,41.233,0,72,5.527,4.601,36522905,25447
67.219,a-cubic,open,152,382.042,41.233,0,72,5.531,4.6,36547521,25464
67.270,a-cubic,open,152,382.604,41.233,0,72,5.522,4.594,36582273,25488
67.320,a-cubic,open,152,382.517,41.233,0,72,5.524,4.6,36612681,25509
67.370,a-cubic,open,152,383.064,41.233,0,72,5.516,4.6,36644537,25531
67.420,a-cubic,open,152,382.436,41.233,0,72,5.525,4.601,36674945,25552
67.470,a-cubic,open,152,382.514,41.233,0,72,5.524,4.601,36698113,25568
67.520,a-cubic,open,152,382.679,41.233,0,72,5.521,4.6,36722729,25585
67.570,a-cubic,open,152,382.82,41.233,0,72,5.519,4.601,36753137,25606
67.620,a-cubic,open,152,382.585,41.233,0,72,5.523,4.6,36780649,25625
67.671,a-cubic,open,152,382.523,41.233,0,72,5.524,4.6,36813953,25648
67.721,a-cubic,open,152,382.018,41.233,0,72,5.531,4.615,36847257,25671
67.771,a-cubic,open,152,382.72,41.233,0,72,5.521,4.6,36873321,25689
67.821,a-cubic,open,153,382.499,41.233,0,72,5.56,4.6,36903729,25711
67.871,a-cubic,open,153,382.272,41.233,0,72,5.564,4.615,36929793,25729
67.921,a-cubic,open,153,382.808,41.233,0,72,5.556,4.6,36954409,25746
67.971,a-cubic,open,153,382.749,41.233,0,72,5.557,4.6,36984817,25767
68.022,a-cubic,open,153,382.788,41.233,0,72,5.556,4.6,37012329,25786
68.072,a-cubic,open,153,382.33,41.233,0,72,5.563,4.615,37045633,25809
68.122,a-cubic,open,153,382.934,41.233,0,72,5.554,4.57,37076041,25830
68.172,a-cubic,open,153,382.46,41.233,0,72,5.561,4.593,37106449,25851
68.222,a-cubic,open,154,383.237,41.233,0,72,5.586,4.602,37133961,25871
68.272,a-cubic,open,154,384.508,41.233,0,72,5.567,4.616,37158577,25888
68.322,a-cubic,open,154,384.932,41.233,0,72,5.561,4.602,37187537,25908
68.372,a-cubic,open,154,384.61,41.233,0,72,5.566,4.616,37212153,25925
68.423,a-cubic,open,154,385.13,41.233,0,72,5.558,4.602,37245457,25948
68.473,a-cubic,open,154,385.063,41.233,0,72,5.559,4.602,37277313,25970
68.523,a-cubic,open,154,385.086,41.233,0,72,5.559,4.602,37307721,25991
68.573,a-cubic,open,155,384.976,41.233,0,72,5.597,4.602,37336681,26012
68.623,a-cubic,open,155,385.921,41.233,0,72,5.583,4.632,37359849,26028
68.673,a-cubic,open,155,387.584,41.233,0,72,5.559,4.603,37387361,26047
68.723,a-cubic,open,155,387.432,41.233,0,72,5.561,4.617,37413425,26065
68.773,a-cubic,open,155,387.036,41.233,0,72,5.567,4.603,37443833,26086
68.824,a-cubic,open,156,387.603,41.233,0,72,5.595,4.602,37478585,26111
68.874,a-cubic,open,156,387.401,41.233,0,72,5.598,4.602,37508993,26132
68.924,a-cubic,open,156,387.708,41.233,0,72,5.593,4.602,37536505,26151
68.974,a-cubic,open,157,387.729,41.233,0,72,5.629,4.633,37568361,26174
69.024,a-cubic,open,157,388.668,41.233,0,72,5.615,4.603,37595873,26193
69.074,a-cubic,open,157,389.433,41.233,0,72,5.604,4.604,37617593,26208
69.124,a-cubic,open,157,389.526,41.233,0,72,5.603,4.588,37649449,26230
69.175,a-cubic,open,158,389.538,41.233,0,72,5.638,4.603,37674065,26248
69.225,a-cubic,open,158,391.673,41.233,0,72,5.608,4.605,37707369,26271
69.275,a-cubic,open,159,391.862,41.233,0,72,5.64,4.605,37740673,26295
69.325,a-cubic,open,159,392.63,41.233,0,72,5.629,4.589,37768185,26314
69.375,a-cubic,open,159,392.69,41.233,0,72,5.628,4.62,37798593,26335
69.425,a-cubic,open,160,393.686,41.233,0,72,5.649,4.62,37823209,26353
69.475,a-cubic,open,160,394.651,41.233,0,72,5.636,4.606,37847825,26370
69.526,a-cubic,open,161,395.037,41.233,0,72,5.665,4.591,37879681,26393
69.576,a-cubic,open,161,395.604,41.233,0,72,5.657,4.621,37905745,26411
69.626,a-cubic,open,161,397.086,41.233,0,72,5.636,4.607,37939049,26434
69.676,a-cubic,open,162,397.455,41.233,0,72,5.666,4.622,37973801,26459
69.726,a-cubic,open,162,398.531,41.233,0,72,5.651,4.608,37998417,26476
69.776,a-cubic,open,163,399.314,41.233,0,72,5.674,4.622,38027377,26497
69.826,a-cubic,open,163,400.148,41.233,0,72,5.662,4.623,38054889,26516
69.876,a-cubic,open,164,401.063,41.233,0,72,5.684,4.609,38079505,26534
69.927,a-cubic,open,165,401.551,41.233,0,72,5.712,4.623,38108465,26555
69.977,a-cubic,open,165,402.689,41.233,0,72,5.696,4.624,38138873,26576
70.027,a-cubic,open,166,403.953,41.233,0,72,5.712,4.61,38170729,26599
70.077,a-cubic,open,167,404.667,41.233,0,72,5.737,4.639,38205481,26624
70.127,a-cubic,open,167,406.134,41.233,0,72,5.716,4.611,38230097,26641
70.177,a-cubic,open,168,407.278,41.233,0,72,5.734,4.626,38263401,26665
70.227,a-cubic,open,168,408.991,41.233,0,72,5.71,4.612,38288017,26682
70.277,a-cubic,open,169,409.89,41.233,0,72,5.731,4.627,38309737,26698
70.328,a-cubic,open,170,411.067,41.233,0,72,5.749,4.613,38343041,26722
70.378,a-cubic,open,171,412.712,41.233,0,72,5.76,4.627,38372001,26743
70.428,a-cubic,open,171,413.79,41.233,0,72,5.745,4.642,38402409,26764
70.478,a-cubic,open,172,414.927,41.233,0,72,5.762,4.642,38437161,26789
70.528,a-cubic,open,173,416.175,41.233,0,72,5.778,4.643,38461777,26807
70.578,a-cubic,open,174,417.89,41.233,0,72,5.788,4.616,38492185,26829
70.628,a-cubic,open,174,420.186,41.233,0,72,5.756,4.63,38521145,26849
70.678,a-cubic,open,175,421.745,41.233,0,72,5.768,4.631,38544313,26866
70.728,a-cubic,open,176,423.461,41.233,0,72,5.777,4.618,38573273,26887
70.779,a-cubic,open,177,425.001,41.233,0,72,5.789,4.619,38602233,26908
70.829,a-cubic,open,178,426.722,41.233,0,72,5.798,4.633,38631193,26929
70.879,a-cubic,open,179,428.17,41.233,0,72,5.811,4.634,38665945,26954
70.929,a-cubic,open,180,428.745,41.233,0,72,5.836,4.647,38699249,26978
70.979,a-cubic,open,181,430.871,41.233,0,72,5.839,4.634,38720969,26994
71.029,a-cubic,open,182,433.45,41.233,0,72,5.837,4.622,38757169,27020
71.079,a-cubic,open,183,435.888,41.233,0,72,5.836,4.636,38781785,27038
71.130,a-cubic,open,184,438.149,41.233,0,72,5.838,4.623,38804953,27055
71.180,a-cubic,recovery,183,439.95,41.233,1,73,5.972,4.6,38823777,27074
71.230,a-cubic,recovery,177,439.618,41.233,1,73,6.419,4.626,38823777,27089
71.280,a-cubic,recovery,170,439.953,41.233,2,74,6.856,4.613,38823777,27104
71.330,a-cubic,recovery,161,439.699,41.233,3,75,7.366,4.627,38823777,27120
71.380,a-cubic,recovery,154,439.643,41.233,4,76,7.778,4.626,38823777,27134
71.430,a-cubic,recovery,147,439.317,41.233,5,77,8.195,4.64,38823777,27148
71.481,a-cubic,recovery,141,439.413,41.233,5,77,8.668,4.666,38823777,27164
71.531,a-cubic,recovery,134,439.718,41.233,6,78,9.01,4.653,38823777,27176
71.581,a-cubic,recovery,129,439.474,41.233,8,80,9.394,4.639,38823777,27190
71.631,a-cubic,recovery,129,437.409,41.233,9,82,8.771,4.537,38878801,27209
71.681,a-cubic,recovery,129,421.665,41.233,8,82,9.033,4.285,38910657,27229
71.731,a-cubic,recovery,129,398.994,41.233,6,82,8.954,4.03,38968577,27252
71.781,a-cubic,recovery,129,380.153,41.233,5,82,8.41,3.822,39035185,27271
71.831,a-cubic,recovery,129,357.6,41.233,5,82,9.796,3.585,39035185,27293
71.882,a-cubic,recovery,129,337.943,41.233,3,82,10.037,3.41,39069937,27309
71.932,a-cubic,recovery,129,321.141,41.233,1,82,10.692,3.386,39096001,27330
71.982,a-cubic,recovery,123,323.879,41.233,0,82,5.279,3.513,39294377,27342
72.032,a-cubic,recovery,117,323.581,41.233,0,82,5.026,3.714,39326233,27358
72.082,a-cubic,recovery,110,324.123,41.233,0,82,4.718,3.904,39358089,27373
72.132,a-cubic,recovery,104,323.597,41.233,0,82,4.468,4.14,39387049,27387
72.182,a-cubic,recovery,98,323.587,41.233,0,82,4.21,4.438,39416009,27401
72.232,a-cubic,recovery,93,323.379,41.233,0,82,3.998,4.653,39442073,27414
72.283,a-cubic,open,90,322.343,41.233,0,82,3.881,4.53,39465241,27427
72.333,a-cubic,open,90,316.675,41.233,0,82,3.951,4.292,39489857,27444
72.383,a-cubic,open,91,308.84,41.233,0,82,4.096,4.004,39515921,27463
72.433,a-cubic,open,91,301.436,41.233,0,82,4.196,3.715,39541985,27481
72.483,a-cubic,open,92,294.873,41.233,0,82,4.337,3.488,39562257,27496
72.533,a-cubic,open,92,288.739,41.233,0,82,4.429,3.246,39583977,27511
72.583,a-cubic,open,93,285.036,41.233,0,82,4.535,3.311,39605697,27527
72.634,a-cubic,open,93,284.817,41.233,0,82,4.539,3.397,39628865,27543
72.684,a-cubic,open,94,285.124,41.233,0,82,4.583,3.498,39654929,27562
72.734,a-cubic,open,95,287.07,41.233,0,82,4.6,3.555,39679545,27580
72.784,a-cubic,open,95,289.901,41.233,0,82,4.555,3.651,39698369,27593
72.834,a-cubic,open,95,292.602,41.233,0,82,4.513,3.636,39720089,27608
72.884,a-cubic,open,96,295.029,41.233,0,82,4.523,3.63,39740361,27623
72.934,a-cubic,open,97,297.021,41.233,0,82,4.54,3.616,39766425,27642
72.984,a-cubic,open,97,299.896,41.233,0,82,4.496,3.625,39789593,27658
73.035,a-cubic,open,98,301.22,41.233,0,82,4.523,3.61,39815657,27677
73.085,a-cubic,open,98,303.314,41.233,0,82,4.491,3.62,39833033,27689
73.135,a-cubic,open,99,304.664,41.233,0,82,4.517,3.591,39853305,27704
73.185,a-cubic,open,99,306.699,41.233,0,82,4.487,3.6,39877921,27721
73.235,a-cubic,open,100,308.942,41.233,0,82,4.499,3.587,39898193,27736
73.285,a-cubic,open,100,312.096,41.233,0,82,4.454,3.596,39927153,27756
73.335,a-cubic,open,101,313.159,41.233,0,82,4.483,3.605,39948873,27772
73.385,a-cubic,open,101,314.622,41.233,0,82,4.462,3.591,39970593,27787
73.436,a-cubic,open,101,316.697,41.233,0,82,4.433,3.577,39987969,27799
73.486,a-cubic,open,102,319.175,41.233,0,82,4.442,3.587,40011137,27816
73.536,a-cubic,open,102,320.81,41.233,0,82,4.42,3.587,40031409,27830
73.586,a-cubic,open,103,321.893,41.233,0,82,4.448,3.595,40057473,27849
73.636,a-cubic,open,103,324.531,41.233,0,82,4.412,3.581,40080641,27865
73.686,a-cubic,open,103,325.653,41.233,0,82,4.397,3.591,40109601,27885
73.736,a-cubic,open,104,326.948,41.233,0,82,4.422,3.578,40122633,27895
73.786,a-cubic,open,104,329.486,41.233,0,82,4.388,3.587,40144353,27910
73.837,a-cubic,open,104,331.742,41.233,0,82,4.358,3.56,40168969,27927
73.887,a-cubic,open,105,332.45,41.233,0,82,4.39,3.569,40190689,27943
73.937,a-cubic,open,105,334.04,41.233,0,82,4.369,3.569,40213857,27959
73.987,a-cubic,open,105,335.976,41.233,0,82,4.344,3.557,40237025,27975
74.037,a-cubic,open,106,336.344,41.233,0,82,4.381,3.544,40261641,27993
74.087,a-cubic,open,106,337.751,41.233,0,82,4.363,3.531,40279017,28005
74.137,a-cubic,open,106,339.004,41.233,0,82,4.346,3.565,40297841,28018
74.187,a-cubic,open,106,341.094,41.233,0,82,4.32,3.54,40322457,28035
74.238,a-cubic,open,107,341.947,41.233,0,82,4.35,3.536,40345625,28052
74.288,a-cubic,open,107,343.416,41.233,0,82,4.331,3.536,40368793,28068
74.338,a-cubic,open,107,345.518,41.233,0,82,4.305,3.524,40391961,28084
74.388,a-cubic,open,107,345.794,41.233,0,82,4.301,3.545,40418025,28102
74.438,a-cubic,open,107,346.364,41.233,0,82,4.294,3.544,40432505,28112
74.488,a-cubic,open,108,347.664,41.233,0,82,4.318,3.52,40454225,28128
74.538,a-cubic,open,108,349.478,41.233,0,82,4.296,3.508,40475945,28143
74.589,a-cubic,open,108,350.276,41.233,0,82,4.286,3.529,40500561,28160
74.639,a-cubic,open,108,350.718,41.233,0,82,4.281,3.529,40522281,28175
74.689,a-cubic,open,108,352.741,41.233,0,82,4.256,3.529,40545449,28191
74.739,a-cubic,open,108,352.493,41.233,0,82,4.259,3.505,40572961,28210
74.789,a-cubic,open,108,352.96,41.233,0,82,4.253,3.505,40587441,28220
74.839,a-cubic,open,109,355.152,41.233,0,82,4.266,3.466,40607713,28235
74.889,a-cubic,open,109,356.356,41.233,0,82,4.252,3.513,40626537,28248
74.939,a-cubic,open,109,357.423,41.233,0,82,4.239,3.513,40652601,28266
74.990,a-cubic,open,109,357.042,41.233,0,82,4.244,3.49,40675769,28282
75.040,a-cubic,open,109,358.987,41.233,0,82,4.221,3.501,40698937,28298
75.090,a-cubic,open,109,358.564,41.233,0,82,4.226,3.478,40722105,28314
75.140,a-cubic,open,109,359.186,41.233,0,82,4.218,3.49,40738033,28325
75.190,a-cubic,open,109,360.277,41.233,0,82,4.206,3.478,40759753,28340
75.240,a-cubic,open,109,360.856,41.233,0,82,4.199,3.498,40780025,28354
75.290,a-cubic,open,109,362.377,41.233,0,82,4.181,3.498,40801745,28369
75.340,a-cubic,open,109,362.284,41.233,0,82,4.182,3.487,40830705,28389
75.391,a-cubic,open,109,364.04,41.233,0,82,4.162,3.455,40849529,28402
75.441,a-cubic,open,109,363.292,41.233,0,82,4.171,3.475,40877041,28421
75.491,a-cubic,open,109,364.91,41.233,0,82,4.152,3.463,40892969,28432
75.541,a-cubic,open,109,364.736,41.233,0,82,4.154,3.464,40907449,28442
75.591,a-cubic,open,109,364.155,41.233,0,82,4.161,3.475,40934961,28461
75.641,a-cubic,open,109,365.896,41.233,0,82,4.141,3.464,40952337,28473
75.691,a-cubic,open,109,366.264,41.233,0,82,4.137,3.452,40978401,28491
75.742,a-cubic,open,109,365.706,41.233,0,82,4.143,3.452,41000121,28506
75.792,a-cubic,open,109,365.849,41.233,0,82,4.142,3.452,41026185,28524
75.842,a-cubic,open,109,366.125,41.233,0,82,4.138,3.452,41046457,28538
75.892,a-cubic,open,109,367.022,41.233,0,82,4.128,3.44,41062385,28549
75.942,a-cubic,open,109,366.904,41.233,0,82,4.13,3.441,41087001,28566
75.992,a-cubic,open,109,367.845,41.233,0,82,4.119,3.441,41105825,28579
76.042,a-cubic,open,109,368.493,41.233,0,82,4.112,3.429,41126097,28593
76.092,a-cubic,open,109,369.011,41.233,0,82,4.106,3.429,41152161,28611
76.143,a-cubic,open,109,368.72,41.233,0,82,4.109,3.441,41172433,28625
76.193,a-cubic,open,109,369.171,41.233,0,82,4.104,3.409,41197049,28642
76.243,a-cubic,open,109,370.576,41.233,0,82,4.089,3.399,41212977,28653
76.293,a-cubic,open,109,369.576,41.233,0,82,4.1,3.429,41231801,28666
76.343,a-cubic,open,109,369.315,41.233,0,82,4.103,3.418,41253521,28681
76.393,a-cubic,open,109,370.019,41.233,0,82,4.095,3.429,41278137,28698
76.443,a-cubic,open,109,369.077,41.233,0,82,4.105,3.426,41302753,28715
76.493,a-cubic,open,109,369.341,41.233,0,82,4.102,3.418,41321577,28728
76.544,a-cubic,open,109,369.073,41.233,0,82,4.105,3.418,41347641,28746
76.594,a-cubic,open,109,369.156,41.233,0,82,4.104,3.407,41365017,28758
76.644,a-cubic,open,109,370.04,41.233,0,82,4.095,3.407,41380945,28769
76.694,a-cubic,open,109,370.366,41.233,0,82,4.091,3.407,41408457,28788
76.744,a-cubic,open,109,370.2,41.233,0,82,4.093,3.418,41422937,28798
76.794,a-cubic,open,109,370.174,41.233,0,82,4.093,3.418,41451897,28818
76.844,a-cubic,open,109,370.947,41.233,0,82,4.085,3.407,41470721,28831
76.894,a-cubic,open,109,371.131,41.233,0,82,4.083,3.407,41493889,28847
76.945,a-cubic,open,109,371.325,41.233,0,82,4.08,3.407,41519953,28865
76.995,a-cubic,open,109,370.935,41.233,0,82,4.085,3.407,41531537,28873
77.045,a-cubic,open,109,370.803,41.233,0,82,4.086,3.382,41556153,28890
77.095,a-cubic,open,109,370.438,41.233,0,82,4.09,3.407,41574977,28903
77.145,a-cubic,open,109,370.862,41.233,0,82,4.086,3.407,41595249,28917
77.195,a-cubic,open,109,370.867,41.233,0,82,4.086,3.407,41621313,28935
77.245,a-cubic,open,110,370.684,41.233,0,82,4.125,3.407,41640137,28949
77.295,a-cubic,open,110,370.701,41.233,0,82,4.125,3.402,41666201,28967
77.346,a-cubic,open,110,371.286,41.233,0,82,4.118,3.407,41683577,28979
77.396,a-cubic,open,110,371.53,41.233,0,82,4.116,3.407,41702401,28992
77.446,a-cubic,open,110,370.679,41.233,0,82,4.125,3.407,41724121,29007
77.496,a-cubic,open,110,370.335,41.233,0,82,4.129,3.407,41744393,29021
77.546,a-cubic,open,110,370.486,41.233,0,82,4.127,3.385,41770457,29039
77.596,a-cubic,open,111,371.378,41.233,0,82,4.155,3.383,41790729,29054
77.646,a-cubic,open,111,371.839,41.233,0,82,4.15,3.438,41816793,29072
77.696,a-cubic,open,111,371.927,41.233,0,82,4.149,3.427,41835617,29085
77.747,a-cubic,open,111,372.46,41.233,0,82,4.143,3.427,41851545,29096
77.797,a-cubic,open,111,372.039,41.233,0,82,4.147,3.438,41876161,29113
77.847,a-cubic,open,111,371.811,41.233,0,82,4.15,3.438,41894985,29126
77.897,a-cubic,open,111,371.868,41.233,0,82,4.149,3.438,41918153,29142
77.947,a-cubic,open,111,371.889,41.233,0,82,4.149,3.427,41939873,29157
77.997,a-cubic,open,112,372.871,41.233,0,82,4.175,3.447,41963041,29174
78.047,a-cubic,open,112,373.802,41.233,0,82,4.165,3.447,41989105,29192
78.098,a-cubic,open,112,374.769,41.233,0,82,4.154,3.447,42006481,29204
78.148,a-cubic,open,112,373.72,41.233,0,82,4.166,3.447,42025305,29217
78.198,a-cubic,open,113,372.871,41.233,0,82,4.213,3.447,42047025,29233
78.248,a-cubic,open,113,372.715,41.233,0,82,4.214,3.447,42067297,29247
78.298,a-cubic,open,113,372.961,41.233,0,82,4.212,3.447,42091913,29264
78.348,a-cubic,open,113,374.159,41.233,0,82,4.198,3.467,42116529,29281
78.398,a-cubic,open,114,374.285,41.233,0,82,4.234,3.467,42141145,29299
78.448,a-cubic,open,114,374.257,41.233,0,82,4.234,3.478,42159969,29312
78.498,a-cubic,open,114,374.879,41.233,0,82,4.227,3.467,42177345,29324
78.548,a-cubic,open,115,374.076,41.233,0,82,4.273,3.478,42201961,29342
78.598,a-cubic,open,115,374.918,41.233,0,82,4.264,3.498,42222233,29356
78.649,a-cubic,open,115,375.289,41.233,0,82,4.26,3.486,42243953,29371
78.699,a-cubic,open,116,375.169,41.233,0,82,4.298,3.486,42265673,29387
78.749,a-cubic,open,116,376.221,41.233,0,82,4.286,3.506,42293185,29406
78.799,a-cubic,open,117,377.345,41.233,0,82,4.31,3.506,42317801,29424
78.849,a-cubic,open,117,378.184,41.233,0,82,4.301,3.506,42332281,29434
78.899,a-cubic,open,117,377.266,41.233,0,82,4.311,3.506,42355449,29450
78.949,a-cubic,open,118,377.237,41.233,0,82,4.348,3.537,42375721,29465
78.999,a-cubic,open,118,378.556,41.233,0,82,4.333,3.514,42397441,29480
79.050,a-cubic,open,119,379.186,41.233,0,82,4.362,3.525,42422057,29498
79.100,a-cubic,open,119,381.519,41.233,0,82,4.336,3.514,42443777,29513
79.150,a-cubic,open,120,380.735,41.233,0,82,4.381,3.533,42469841,29532
79.200,a-cubic,open,120,381.8,41.233,0,82,4.369,3.564,42494457,29549
79.250,a-cubic,open,121,381.583,41.233,0,82,4.408,3.552,42507489,29559
79.300,a-cubic,open,121,381.841,41.233,0,82,4.405,3.552,42533553,29577
79.350,a-cubic,open,122,383.975,41.233,0,82,4.417,3.571,42553825,29592
79.400,a-cubic,open,123,383.782,41.233,0,82,4.455,3.56,42576993,29608
79.451,a-cubic,open,123,384.824,41.233,0,82,4.443,3.59,42601609,29626
79.501,a-cubic,open,124,385.872,41.233,0,82,4.467,3.579,42624777,29643
79.551,a-cubic,open,125,385.542,41.233,0,82,4.507,3.598,42649393,29661
79.601,a-cubic,open,125,387.134,41.233,0,82,4.488,3.609,42671113,29676
79.651,a-cubic,open,126,387.857,41.233,0,82,4.516,3.616,42685593,29687
79.701,a-cubic,open,126,388.126,41.233,0,82,4.513,3.617,42714553,29707
79.751,a-cubic,open,127,390.336,41.233,0,82,4.523,3.624,42736273,29723
79.801,a-cubic,open,128,390.189,41.233,0,82,4.56,3.653,42760889,29741
79.852,a-cubic,open,129,391.815,41.233,0,82,4.577,3.642,42782609,29757
79.902,a-cubic,open,129,393.012,41.233,0,82,4.563,3.66,42807225,29774
79.952,a-cubic,open,130,393.608,41.233,0,82,4.591,3.667,42833289,29793
80.002,a-cubic,open,131,395.242,41.233,0,82,4.607,3.667,42850665,29806
80.052,a-cubic,open,132,396.17,41.233,0,82,4.632,3.667,42873833,29823
80.102,a-cubic,open,133,396.243,41.233,0,82,4.666,3.685,42897001,29840
80.152,a-cubic,open,134,398.283,41.233,0,82,4.677,3.692,42920169,29857
80.203,a-cubic,open,135,398.872,41.233,0,82,4.705,3.71,42946233,29876
80.253,a-cubic,open,136,400.05,41.233,0,82,4.726,3.721,42966505,29891
80.303,a-cubic,open,137,401.683,41.233,0,82,4.741,3.71,42995465,29912
80.353,a-cubic,open,138,402.589,41.233,0,82,4.765,3.745,43021529,29931
80.403,a-cubic,open,139,402.753,41.233,0,82,4.798,3.762,43038905,29944
80.454,a-cubic,open,140,405.791,41.233,0,82,4.796,3.768,43062073,29961
80.504,a-cubic,open,141,406.994,41.233,0,82,4.816,3.774,43089585,29981
80.554,a-cubic,open,142,407.552,41.233,0,82,4.843,3.774,43106961,29994
80.604,a-cubic,open,143,409.654,41.233,0,82,4.852,3.774,43134473,30014
80.654,a-cubic,open,144,410.589,41.233,0,82,4.875,3.809,43157641,30031
80.704,a-cubic,open,145,412.692,41.233,0,82,4.884,3.814,43183705,30050
80.754,a-cubic,open,147,414.234,41.233,0,82,4.933,3.82,43212665,30072
80.804,a-cubic,open,148,415.8,41.233,0,82,4.948,3.848,43235833,30089
80.854,a-cubic,open,149,418.172,41.233,0,82,4.953,3.842,43254657,30103
80.904,a-cubic,open,150,419.598,41.233,0,82,4.969,3.859,43280721,30122
80.955,a-cubic,open,152,421.252,41.233,0,82,5.016,3.865,43305337,30141
81.005,a-cubic,open,153,423.229,41.233,0,82,5.025,3.881,43328505,30158
81.055,a-cubic,open,154,425.198,41.233,0,82,5.035,3.897,43357465,30179
81.105,a-cubic,open,156,426.798,41.233,0,82,5.081,3.918,43379185,30196
81.155,a-cubic,open,157,429.572,41.233,0,82,5.08,3.922,43408145,30217
81.205,a-cubic,open,159,431.265,41.233,0,82,5.125,3.938,43435657,30238
81.255,a-cubic,open,160,432.455,41.233,0,82,5.143,3.965,43455929,30253
81.305,a-cubic,open,161,434.331,41.233,0,82,5.153,3.969,43473305,30266
81.356,a-cubic,open,163,437.339,41.233,0,82,5.181,3.978,43506609,30291
81.406,a-cubic,open,164,439.686,41.233,0,82,5.185,4.016,43528329,30307
81.456,a-cubic,open,166,440.313,41.233,0,82,5.241,4.031,43552945,30326
81.506,a-cubic,recovery,161,439.582,41.233,1,83,5.471,4.033,43565977,30343
81.556,a-cubic,recovery,155,439.551,41.233,3,85,5.756,4.033,43565977,30355
81.606,a-cubic,recovery,148,439.059,41.233,4,86,6.142,4.0,43565977,30368
81.656,a-cubic,recovery,140,439.185,41.233,6,88,6.552,4.033,43565977,30383
81.706,a-cubic,recovery,136,439.255,41.233,6,88,6.836,4.048,43565977,30392
81.757,a-cubic,recovery,129,439.543,41.233,8,90,7.084,4.022,43565977,30402
81.807,a-cubic,recovery,122,439.543,41.233,9,91,7.495,4.037,43565977,30415
81.857,a-cubic,recovery,116,434.383,41.233,9,91,8.064,4.083,43565977,30431
81.907,a-cubic,recovery,116,427.52,41.233,8,91,8.259,4.122,43594937,30453
81.957,a-cubic,recovery,116,409.356,41.233,6,91,8.388,3.928,43631137,30471
82.007,a-cubic,recovery,116,387.866,41.233,4,91,8.637,3.728,43667337,30490
82.057,a-cubic,recovery,116,369.784,41.233,3,91,8.984,3.532,43693401,30506
82.107,a-cubic,recovery,116,345.527,41.233,1,91,9.334,3.348,43726705,30522
82.158,a-cubic,open,116,339.445,41.233,0,91,4.75,3.197,43916393,30536
82.208,a-cubic,open,117,330.95,41.233,0,91,4.914,3.125,43948249,30559
82.258,a-cubic,open,117,327.675,41.233,0,91,4.963,3.242,43975761,30578
82.308,a-cubic,open,118,328.563,41.233,0,91,4.992,3.424,44001825,30597
82.358,a-cubic,open,119,327.934,41.233,0,91,5.044,3.637,44033681,30620
82.408,a-cubic,open,120,329.235,41.233,0,91,5.067,3.863,44051057,30633
82.458,a-cubic,open,121,327.942,41.233,0,91,5.129,4.046,44075673,30651
82.508,a-cubic,open,122,326.336,41.233,0,91,5.197,4.123,44098841,30668
82.559,a-cubic,open,123,326.056,41.233,0,91,5.244,4.098,44130697,30691
82.609,a-cubic,open,124,327.414,41.233,0,91,5.265,4.148,44158209,30711
82.659,a-cubic,open,125,329.674,41.233,0,91,5.271,4.119,44187169,30732
82.709,a-cubic,open,126,331.519,41.233,0,91,5.283,4.154,44211785,30750
82.759,a-cubic,open,127,333.513,41.233,0,91,5.293,4.144,44230609,30764
82.809,a-cubic,open,128,336.425,41.233,0,91,5.289,4.133,44256673,30783
82.859,a-cubic,open,129,339.917,41.233,0,91,5.275,4.138,44281289,30801
82.909,a-cubic,open,131,343.001,41.233,0,91,5.309,4.141,44314593,30826
82.960,a-cubic,open,132,345.358,41.233,0,91,5.313,4.146,44340657,30845
83.010,a-cubic,open,133,347.271,41.233,0,91,5.324,4.166,44368169,30865
83.060,a-cubic,open,134,350.349,41.233,0,91,5.317,4.155,44394233,30884
83.110,a-cubic,open,134,353.341,41.233,0,91,5.272,4.16,44411609,30896
83.160,a-cubic,open,135,355.821,41.233,0,91,5.274,4.15,44436225,30914
83.210,a-cubic,open,136,358.87,41.233,0,91,5.268,4.141,44462289,30933
83.260,a-cubic,open,137,362.03,41.233,0,91,5.26,4.145,44492697,30955
83.310,a-cubic,open,139,364.794,41.233,0,91,5.297,4.149,44523105,30978
83.361,a-cubic,open,140,366.879,41.233,0,91,5.305,4.153,44550617,30998
83.411,a-cubic,open,141,369.668,41.233,0,91,5.302,4.157,44581025,31020
83.461,a-cubic,open,141,371.569,41.233,0,91,5.275,4.161,44598401,31032
83.511,a-cubic,open,142,373.963,41.233,0,91,5.278,4.179,44621569,31049
83.561,a-cubic,open,143,376.518,41.233,0,91,5.279,4.156,44644737,31066
83.611,a-cubic,open,144,379.234,41.233,0,91,5.278,4.16,44672249,31086
83.661,a-cubic,open,145,382.77,41.233,0,91,5.266,4.121,44705553,31109
83.712,a-cubic,open,145,384.879,41.233,0,91,5.237,4.168,44733065,31129
83.762,a-cubic,open,146,386.954,41.233,0,91,5.245,4.171,44759129,31148
83.812,a-cubic,open,147,389.25,41.233,0,91,5.25,4.175,44785193,31167
83.862,a-cubic,open,148,392.379,41.233,0,91,5.243,4.162,44805465,31182
83.912,a-cubic,open,148,394.743,41.233,0,91,5.212,4.153,44827185,31197
83.962,a-cubic,open,149,396.074,41.233,0,91,5.229,4.157,44851801,31215
84.013,a-cubic,open,150,398.316,41.233,0,91,5.235,4.136,44880761,31236
84.063,a-cubic,open,150,401.157,41.233,0,91,5.198,4.132,44912617,31258
84.113,a-cubic,open,151,402.64,41.233,0,91,5.213,4.165,44940129,31278
84.163,a-cubic,open,152,403.811,41.233,0,91,5.232,4.168,44966193,31297
84.213,a-cubic,open,152,406.27,41.233,0,91,5.201,4.172,44996601,31318
84.263,a-cubic,open,153,408.548,41.233,0,91,5.206,4.159,45013977,31331
84.314,a-cubic,open,153,410.674,41.233,0,91,5.179,4.163,45037145,31347
84.364,a-cubic,open,154,413.32,41.233,0,91,5.179,4.167,45064657,31367
84.414,a-cubic,open,154,414.39,41.233,0,91,5.166,4.155,45086377,31382
84.464,a-cubic,open,155,417.601,41.233,0,91,5.16,4.158,45118233,31405
84.514,a-cubic,open,156,418.488,41.233,0,91,5.182,4.162,45147193,31426
84.564,a-cubic,open,156,419.941,41.233,0,91,5.164,4.162,45173257,31444
84.614,a-cubic,open,157,422.625,41.233,0,91,5.164,4.165,45203665,31466
84.665,a-cubic,open,157,424.977,41.233,0,91,5.135,4.169,45228281,31483
84.715,a-cubic,open,157,425.779,41.233,0,91,5.126,4.157,45247105,31496
84.765,a-cubic,open,158,427.334,41.233,0,91,5.14,4.161,45273169,31515
84.815,a-cubic,open,158,428.358,41.233,0,91,5.127,4.161,45296337,31531
84.865,a-cubic,open,159,429.952,41.233,0,91,5.141,4.164,45325297,31552
84.915,a-cubic,open,159,431.708,41.233,0,91,5.12,4.164,45352809,31571
84.965,a-cubic,open,160,432.615,41.233,0,91,5.141,4.168,45383217,31593
85.015,a-cubic,open,160,434.501,41.233,0,91,5.119,4.156,45409281,31611
85.065,a-cubic,open,160,434.802,41.233,0,91,5.115,4.171,45439689,31632
85.116,a-cubic,open,161,437.98,41.233,0,91,5.11,4.159,45458513,31646
85.166,a-cubic,open,161,438.797,41.233,0,91,5.1,4.163,45481681,31662
85.216,a-cubic,open,161,440.259,41.233,0,91,5.083,4.163,45504849,31678
85.266,a-cubic,open,162,439.748,41.233,0,91,5.121,4.163,45528017,31695
85.316,a-cubic,recovery,156,438.812,41.233,1,92,5.449,4.165,45535257,31712
85.366,a-cubic,recovery,149,438.777,41.233,1,92,5.956,4.138,45535257,31727
85.416,a-cubic,recovery,143,439.105,41.233,2,93,6.3,4.176,45535257,31740
85.466,a-cubic,recovery,137,439.464,41.233,2,93,6.737,4.153,45535257,31754
85.517,a-cubic,recovery,132,439.4,41.233,2,93,7.118,4.165,45535257,31766
85.567,a-cubic,recovery,126,439.243,41.233,3,94,7.405,4.165,45535257,31775
85.617,a-cubic,recovery,122,439.657,41.233,3,94,7.746,4.153,45535257,31787
85.667,a-cubic,recovery,115,436.951,41.233,3,94,8.271,4.152,45535257,31801
85.717,a-cubic,recovery,113,426.535,41.233,2,94,7.528,4.147,45601865,31819
85.767,a-cubic,recovery,113,406.249,41.233,2,94,8.657,3.879,45601865,31841
85.817,a-cubic,recovery,113,387.674,41.233,1,94,7.638,3.69,45684401,31858
85.868,a-cubic,recovery,113,365.052,41.233,1,94,8.91,3.453,45684401,31879
85.918,a-cubic,open,113,350.796,41.233,0,94,4.478,3.286,45881329,31893
85.968,a-cubic,open,113,337.852,41.233,0,94,4.649,3.137,45901601,31907
86.018,a-cubic,open,114,324.059,41.233,0,94,4.89,3.054,45927665,31926
86.068,a-cubic,open,114,318.413,41.233,0,94,4.977,3.217,45959521,31948
86.118,a-cubic,open,115,317.977,41.233,0,94,5.027,3.399,45985585,31967
86.168,a-cubic,open,115,316.474,41.233,0,94,5.051,3.591,46014545,31987
86.218,a-cubic,open,116,316.759,41.233,0,94,5.091,3.83,46036265,32003
86.269,a-cubic,open,117,314.719,41.233,0,94,5.168,4.06,46059433,32020
86.319,a-cubic,open,117,314.335,41.233,0,94,5.174,4.17,46082601,32036
86.369,a-cubic,open,118,315.391,41.233,0,94,5.201,4.161,46113009,32058
86.419,a-cubic,open,118,315.7,41.233,0,94,5.196,4.177,46141969,32078
86.469,a-cubic,open,119,318.253,41.233,0,94,5.198,4.166,46172377,32100
86.519,a-cubic,open,120,319.577,41.233,0,94,5.22,4.201,46196993,32118
86.569,a-cubic,open,120,320.673,41.233,0,94,5.202,4.186,46215817,32131
86.619,a-cubic,open,121,323.589,41.233,0,94,5.198,4.175,46243329,32151
86.669,a-cubic,open,121,325.466,41.233,0,94,5.168,4.16,46267945,32168
86.720,a-cubic,open,122,327.21,41.233,0,94,5.183,4.165,46298353,32190
86.770,a-cubic,open,123,328.276,41.233,0,94,5.208,4.169,46327313,32211
86.820,a-cubic,open,124,330.015,41.233,0,94,5.223,4.169,46356273,32232
86.870,a-cubic,open,124,331.612,41.233,0,94,5.198,4.175,46376545,32246
86.920,a-cubic,open,124,333.334,41.233,0,94,5.171,4.159,46398265,32261
86.970,a-cubic,open,125,334.67,41.233,0,94,5.192,4.163,46421433,32278
87.020,a-cubic,open,126,335.845,41.233,0,94,5.215,4.182,46450393,32299
87.071,a-cubic,open,126,338.059,41.233,0,94,5.181,4.167,46483697,32322
87.121,a-cubic,open,127,339.686,41.233,0,94,5.197,4.172,46508313,32340
87.171,a-cubic,open,127,341.563,41.233,0,94,5.169,4.191,46538721,32361
87.221,a-cubic,open,128,343.052,41.233,0,94,5.187,4.176,46558993,32376
87.271,a-cubic,open,128,344.222,41.233,0,94,5.169,4.161,46580713,32391
87.321,a-cubic,open,129,345.762,41.233,0,94,5.186,4.195,46605329,32409
87.371,a-cubic,open,129,347.875,41.233,0,94,5.155,4.185,46635737,32430
87.421,a-cubic,open,130,349.172,41.233,0,94,5.175,4.17,46666145,32452
87.472,a-cubic,open,130,350.531,41.233,0,94,5.155,4.188,46692209,32470
87.522,a-cubic,open,130,351.918,41.233,0,94,5.135,4.174,46721169,32490
87.572,a-cubic,open,131,353.867,41.233,0,94,5.146,4.207,46744337,32507
87.622,a-cubic,open,131,355.028,41.233,0,94,5.129,4.178,46763161,32520
87.672,a-cubic,open,132,355.237,41.233,0,94,5.165,4.164,46787777,32538
87.722,a-cubic,open,132,356.941,41.233,0,94,5.141,4.182,46816737,32558
87.772,a-cubic,open,132,357.872,41.233,0,94,5.127,4.168,46850041,32581
87.823,a-cubic,open,133,359.003,41.233,0,94,5.15,4.186,46877553,32601
87.873,a-cubic,open,133,359.939,41.233,0,94,5.136,4.172,46903617,32619
87.923,a-cubic,open,133,362.931,41.233,0,94,5.094,4.191,46931129,32638
87.973,a-cubic,open,133,363.605,41.233,0,94,5.085,4.176,46949953,32651
88.023,a-cubic,open,134,363.293,41.233,0,94,5.127,4.176,46974569,32669
88.073,a-cubic,open,134,365.281,41.233,0,94,5.099,4.18,47000633,32687
88.123,a-cubic,open,134,365.452,41.233,0,94,5.097,4.18,47029593,32707
88.174,a-cubic,open,134,365.681,41.233,0,94,5.094,4.18,47061449,32729
88.224,a-cubic,open,135,367.46,41.233,0,94,5.107,4.184,47087513,32748
88.274,a-cubic,open,135,367.828,41.233,0,94,5.102,4.198,47113577,32766
88.324,a-cubic,open,135,369.046,41.233,0,94,5.085,4.198,47135297,32781
88.374,a-cubic,open,135,369.113,41.233,0,94,5.084,4.171,47157017,32796
88.424,a-cubic,open,136,371.071,41.233,0,94,5.095,4.175,47183081,32815
88.474,a-cubic,open,136,372.009,41.233,0,94,5.082,4.174,47212041,32835
88.524,a-cubic,open,136,371.898,41.233,0,94,5.083,4.174,47241001,32855
88.575,a-cubic,open,136,373.388,41.233,0,94,5.063,4.192,47271409,32876
88.625,a-cubic,open,136,373.903,41.233,0,94,5.056,4.178,47297473,32894
88.675,a-cubic,open,136,375.132,41.233,0,94,5.04,4.178,47320641,32910
88.725,a-cubic,open,136,375.806,41.233,0,94,5.031,4.178,47340913,32924
88.775,a-cubic,open,136,375.652,41.233,0,94,5.033,4.165,47364081,32940
88.825,a-cubic,open,137,376.287,41.233,0,94,5.061,4.182,47394489,32962
88.875,a-cubic,open,137,376.345,41.233,0,94,5.06,4.196,47423449,32982
88.926,a-cubic,open,137,376.733,41.233,0,94,5.055,4.183,47453857,33003
88.976,a-cubic,open,137,377.115,41.233,0,94,5.05,4.169,47479921,33021
89.026,a-cubic,open,137,377.629,41.233,0,94,5.043,4.17,47505985,33039
89.076,a-cubic,open,137,379.123,41.233,0,94,5.023,4.169,47527705,33054
89.126,a-cubic,open,137,378.666,41.233,0,94,5.029,4.169,47549425,33069
89.176,a-cubic,open,137,378.725,41.233,0,94,5.028,4.156,47572593,33085
89.226,a-cubic,open,137,379.799,41.233,0,94,5.014,4.186,47605897,33108
89.276,a-cubic,open,137,380.141,41.233,0,94,5.01,4.173,47633409,33127
89.327,a-cubic,open,137,380.467,41.233,0,94,5.005,4.173,47662369,33147
89.377,a-cubic,open,137,380.428,41.233,0,94,5.006,4.173,47689881,33166
89.427,a-cubic,open,137,380.362,41.233,0,94,5.007,4.173,47713049,33182
89.477,a-cubic,open,137,381.366,41.233,0,94,4.994,4.173,47731873,33195
89.527,a-cubic,open,137,380.762,41.233,0,94,5.002,4.186,47756489,33212
89.577,a-cubic,open,137,381.442,41.233,0,94,4.993,4.16,47785449,33232
89.627,a-cubic,open,137,382.03,41.233,0,94,4.985,4.16,47814409,33252
89.678,a-cubic,open,137,381.585,41.233,0,94,4.991,4.139,47846265,33274
89.728,a-cubic,open,137,381.669,41.233,0,94,4.99,4.16,47870881,33291
89.778,a-cubic,open,137,381.562,41.233,0,94,4.991,4.16,47899841,33311
89.828,a-cubic,open,137,382.118,41.233,0,94,4.984,4.16,47918665,33324
89.878,a-cubic,open,137,382.448,41.233,0,94,4.98,4.159,47938937,33338
89.928,a-cubic,open,137,382.099,41.233,0,94,4.984,4.173,47962105,33354
89.978,a-cubic,open,137,381.872,41.233,0,94,4.987,4.159,47992513,33375
90.029,a-cubic,open,137,381.674,41.233,0,94,4.99,4.149,48024369,33397
90.079,a-cubic,open,137,381.679,41.233,0,94,4.99,4.159,48054777,33418
90.129,a-cubic,open,137,381.855,41.233,0,94,4.987,4.159,48080841,33436
90.179,a-cubic,open,137,381.654,41.233,0,94,4.99,4.159,48104009,33452
90.229,a-cubic,open,137,382.726,41.233,0,94,4.976,4.159,48124281,33466
90.279,a-cubic,open,137,381.881,41.233,0,94,4.987,4.16,48150345,33484
90.330,a-cubic,open,137,381.596,41.233,0,94,4.991,4.16,48173513,33500
90.380,a-cubic,open,137,380.847,41.233,0,94,5.0,4.16,48202473,33520
90.430,a-cubic,open,137,381.161,41.233,0,94,4.996,4.159,48234329,33542
90.480,a-cubic,open,137,381.731,41.233,0,94,4.989,4.16,48263289,33562
90.530,a-cubic,open,137,381.775,41.233,0,94,4.988,4.159,48290801,33581
90.580,a-cubic,open,137,381.464,41.233,0,94,4.992,4.159,48308177,33593
90.630,a-cubic,open,137,382.868,41.233,0,94,4.974,4.16,48329897,33608
90.681,a-cubic,open,137,382.137,41.233,0,94,4.984,4.16,48354513,33625
90.731,a-cubic,open,137,381.2,41.233,0,94,4.996,4.16,48384921,33646
90.781,a-cubic,open,137,381.605,41.233,0,94,4.991,4.16,48413881,33666
90.831,a-cubic,open,137,381.496,41.233,0,94,4.992,4.16,48444289,33687
90.881,a-cubic,open,137,381.098,41.233,0,94,4.997,4.16,48470353,33705
90.931,a-cubic,open,137,381.334,41.233,0,94,4.994,4.16,48497865,33724
90.981,a-cubic,open,137,381.286,41.233,0,94,4.995,4.16,48515241,33736
91.032,a-cubic,open,137,382.203,41.233,0,94,4.983,4.16,48539857,33753
91.082,a-cubic,open,137,381.774,41.233,0,94,4.988,4.16,48565921,33771
91.132,a-cubic,open,137,381.753,41.233,0,94,4.989,4.16,48593433,33790
91.182,a-cubic,open,138,381.881,41.233,0,94,5.023,4.16,48623841,33812
91.232,a-cubic,open,138,382.037,41.233,0,94,5.021,4.16,48652801,33832
91.282,a-cubic,open,138,381.962,41.233,0,94,5.022,4.16,48678865,33850
91.332,a-cubic,open,138,381.679,41.233,0,94,5.026,4.159,48702033,33866
91.383,a-cubic,open,138,381.598,41.233,0,94,5.027,4.159,48719409,33878
91.433,a-cubic,open,138,382.511,41.233,0,94,5.015,4.16,48748369,33898
91.483,a-cubic,open,138,381.851,41.233,0,94,5.024,4.173,48774433,33916
91.533,a-cubic,open,139,381.908,41.233,0,94,5.059,4.177,48804841,33938
91.583,a-cubic,open,139,382.283,41.233,0,94,5.054,4.19,48833801,33958
91.633,a-cubic,open,139,382.726,41.233,0,94,5.049,4.177,48861313,33977
91.683,a-cubic,open,139,383.113,41.233,0,94,5.043,4.177,48890273,33997
91.733,a-cubic,open,139,382.748,41.233,0,94,5.048,4.19,48907649,34009
91.784,a-cubic,open,139,383.549,41.233,0,94,5.038,4.16,48929369,34024
91.834,a-cubic,open,139,383.565,41.233,0,94,5.037,4.177,48953985,34041
91.884,a-cubic,open,139,382.761,41.233,0,94,5.048,4.177,48982945,34061
91.934,a-cubic,open,140,384.135,41.233,0,94,5.066,4.194,49014801,34084
91.984,a-cubic,open,140,384.647,41.233,0,94,5.059,4.181,49046657,34106
92.034,a-cubic,open,140,384.625,41.233,0,94,5.06,4.193,49072721,34124
92.084,a-cubic,open,140,385.054,41.233,0,94,5.054,4.18,49097337,34141
92.134,a-cubic,open,141,385.132,41.233,0,94,5.089,4.181,49117609,34156
92.185,a-cubic,open,141,384.948,41.233,0,94,5.092,4.18,49139329,34171
92.235,a-cubic,open,141,385.289,41.233,0,94,5.087,4.182,49166841,34190
92.285,a-cubic,open,141,384.285,41.233,0,94,5.1,4.181,49194353,34209
92.335,a-cubic,open,142,386.602,41.233,0,94,5.106,4.184,49224761,34231
92.385,a-cubic,open,142,387.199,41.233,0,94,5.098,4.184,49255169,34252
92.435,a-cubic,open,142,387.246,41.233,0,94,5.097,4.185,49281233,34270
92.485,a-cubic,open,143,388.243,41.233,0,94,5.12,4.201,49307297,34289
92.535,a-cubic,open,143,388.288,41.233,0,94,5.119,4.214,49324673,34301
92.585,a-cubic,open,143,388.547,41.233,0,94,5.116,4.201,49352185,34320
92.636,a-cubic,open,144,388.615,41.233,0,94,5.151,4.214,49376801,34338
92.686,a-cubic,open,144,389.138,41.233,0,94,5.144,4.171,49404313,34357
92.736,a-cubic,open,144,390.034,41.233,0,94,5.132,4.205,49436169,34379
92.786,a-cubic,open,145,390.77,41.233,0,94,5.158,4.205,49466577,34401
92.836,a-cubic,open,145,391.706,41.233,0,94,5.146,4.205,49492641,34419
92.886,a-cubic,open,146,392.777,41.233,0,94,5.167,4.221,49517257,34437
92.936,a-cubic,open,146,392.946,41.233,0,94,5.165,4.234,49534633,34449
92.986,a-cubic,open,146,393.637,41.233,0,94,5.156,4.208,49559249,34466
93.037,a-cubic,open,147,393.952,41.233,0,94,5.187,4.238,49588209,34487
93.087,a-cubic,open,148,395.099,41.233,0,94,5.207,4.225,49617169,34508
93.137,a-cubic,open,148,395.353,41.233,0,94,5.204,4.212,49650473,34531
93.187,a-cubic,open,149,396.538,41.233,0,94,5.223,4.228,49679433,34552
93.237,a-cubic,open,149,397.348,41.233,0,94,5.213,4.228,49705497,34570
93.287,a-cubic,open,150,398.099,41.233,0,94,5.238,4.231,49727217,34586
93.337,a-cubic,open,150,399.277,41.233,0,94,5.222,4.244,49746041,34599
93.388,a-cubic,open,151,400.411,41.233,0,94,5.242,4.219,49773553,34619
93.438,a-cubic,open,151,401.725,41.233,0,94,5.225,4.235,49801065,34638
93.488,a-cubic,open,152,401.868,41.233,0,94,5.258,4.247,49828577,34658
93.538,a-cubic,open,153,403.006,41.233,0,94,5.277,4.238,49861881,34682
93.588,a-cubic,open,154,404.879,41.233,0,94,5.287,4.254,49892289,34704
93.638,a-cubic,open,154,405.601,41.233,0,94,5.278,4.254,49918353,34722
93.688,a-cubic,open,155,406.146,41.233,0,94,5.305,4.257,49941521,34739
93.738,a-cubic,open,156,407.791,41.233,0,94,5.318,4.257,49963241,34755
93.789,a-cubic,open,156,408.927,41.233,0,94,5.303,4.26,49987857,34772
93.839,a-cubic,open,157,410.338,41.233,0,94,5.319,4.273,50015369,34792
93.889,a-cubic,open,158,411.34,41.233,0,94,5.339,4.263,50041433,34811
93.939,a-cubic,open,159,412.723,41.233,0,94,5.355,4.291,50076185,34836
93.989,a-cubic,open,160,414.058,41.233,0,94,5.372,4.279,50103697,34856
94.039,a-cubic,open,161,415.896,41.233,0,94,5.381,4.294,50134105,34878
94.089,a-cubic,open,162,418.137,41.233,0,94,5.386,4.297,50158721,34896
94.140,a-cubic,open,162,419.692,41.233,0,94,5.366,4.272,50178993,34910
94.190,a-cubic,open,163,420.852,41.233,0,94,5.384,4.287,50200713,34926
94.240,a-cubic,open,164,423.044,41.233,0,94,5.389,4.29,50226777,34945
94.290,a-cubic,open,165,423.767,41.233,0,94,5.412,4.29,50258633,34968
94.340,a-cubic,open,166,425.273,41.233,0,94,5.426,4.305,50286145,34988
94.390,a-cubic,open,168,427.639,41.233,0,94,5.461,4.281,50318001,35011
94.440,a-cubic,open,169,429.366,41.233,0,94,5.471,4.31,50349857,35035
94.490,a-cubic,open,170,431.169,41.233,0,94,5.481,4.313,50375921,35054
94.540,a-cubic,open,171,432.728,41.233,0,94,5.493,4.316,50399089,35071
94.591,a-cubic,open,171,434.911,41.233,0,94,5.466,4.316,50419361,35085
94.641,a-cubic,open,173,436.902,41.233,0,94,5.504,4.318,50445425,35105
94.691,a-cubic,open,174,438.681,41.233,0,94,5.514,4.321,50472937,35125
94.741,a-cubic,recovery,168,439.273,41.233,2,96,5.823,4.297,50477281,35141
94.791,a-cubic,recovery,161,439.239,41.233,3,97,6.235,4.311,50477281,35155
94.841,a-cubic,recovery,154,439.275,41.233,3,97,6.74,4.35,50477281,35171
94.891,a-cubic,recovery,146,439.313,41.233,5,99,7.088,4.311,50477281,35183
94.941,a-cubic,recovery,138,439.922,41.233,7,101,7.457,4.286,50477281,35197
94.992,a-cubic,recovery,133,439.944,41.233,8,102,7.71,4.27,50477281,35207
95.042,a-cubic,recovery,129,439.373,41.233,8,102,8.036,4.285,50477281,35217
95.092,a-cubic,recovery,122,439.793,41.233,9,103,8.408,4.311,50477281,35229
95.142,a-cubic,recovery,121,439.76,41.233,10,104,8.977,4.297,50477281,35249
95.192,a-cubic,recovery,121,435.479,41.233,7,104,7.214,4.165,50585881,35266
95.242,a-cubic,recovery,121,427.437,41.233,7,104,7.968,3.943,50585881,35285
95.292,a-cubic,recovery,121,409.524,41.233,5,104,8.282,3.743,50614841,35304
95.342,a-cubic,recovery,121,387.164,41.233,3,104,8.689,3.496,50645249,35323
95.392,a-cubic,recovery,121,366.452,41.233,2,104,9.066,3.345,50671313,35338
95.443,a-cubic,recovery,121,343.582,41.233,1,104,8.901,3.155,50723441,35355
95.493,a-cubic,open,121,333.222,41.233,0,104,5.048,3.213,50902993,35379
95.543,a-cubic,open,122,328.331,41.233,0,104,5.165,3.269,50929057,35398
95.593,a-cubic,open,122,325.398,41.233,0,104,5.212,3.424,50960913,35420
95.643,a-cubic,open,123,325.381,41.233,0,104,5.255,3.626,50986977,35439
95.693,a-cubic,open,124,326.226,41.233,0,104,5.284,3.819,51007249,35454
95.743,a-cubic,open,124,325.818,41.233,0,104,5.29,4.06,51030417,35470
95.794,a-cubic,open,126,324.308,41.233,0,104,5.401,4.23,51063721,35495
95.844,a-cubic,open,127,322.908,41.233,0,104,5.467,4.334,51092681,35516
95.894,a-cubic,open,128,324.689,41.233,0,104,5.48,4.338,51120193,35536
95.944,a-cubic,open,129,325.481,41.233,0,104,5.509,4.321,51149153,35557
95.994,a-cubic,open,130,327.285,41.233,0,104,5.521,4.341,51173769,35575
96.044,a-cubic,open,131,329.542,41.233,0,104,5.526,4.328,51195489,35591
96.094,a-cubic,open,132,332.085,41.233,0,104,5.525,4.331,51220105,35609
96.144,a-cubic,open,133,333.413,41.233,0,104,5.545,4.304,51254857,35634
96.195,a-cubic,open,135,336.823,41.233,0,104,5.571,4.338,51282369,35655
96.245,a-cubic,open,136,340.146,41.233,0,104,5.558,4.341,51314225,35678
96.295,a-cubic,open,137,342.44,41.233,0,104,5.561,4.344,51338841,35696
96.345,a-cubic,open,138,345.543,41.233,0,104,5.552,4.332,51364905,35715
96.395,a-cubic,open,139,347.926,41.233,0,104,5.554,4.335,51388073,35732
96.445,a-cubic,open,140,351.319,41.233,0,104,5.539,4.338,51411241,35749
96.495,a-cubic,open,141,353.442,41.233,0,104,5.545,4.312,51444545,35773
96.546,a-cubic,open,142,356.067,41.233,0,104,5.544,4.33,51473505,35794
96.596,a-cubic,open,143,359.294,41.233,0,104,5.533,4.333,51501017,35814
96.646,a-cubic,open,144,361.562,41.233,0,104,5.536,4.368,51531425,35836
96.696,a-cubic,open,145,364.153,41.233,0,104,5.535,4.356,51556041,35854
96.746,a-cubic,open,146,366.253,41.233,0,104,5.541,4.342,51579209,35871
96.796,a-cubic,open,147,369.147,41.233,0,104,5.536,4.33,51600929,35887
96.846,a-cubic,open,148,372.269,41.233,0,104,5.526,4.333,51631337,35909
96.896,a-cubic,open,149,375.082,41.233,0,104,5.522,4.336,51664641,35933
96.947,a-cubic,open,150,377.468,41.233,0,104,5.524,4.328,51690705,35952
96.997,a-cubic,open,151,380.725,41.233,0,104,5.513,4.314,51721113,35974
97.047,a-cubic,open,152,383.174,41.233,0,104,5.514,4.344,51748625,35994
97.097,a-cubic,open,152,384.525,41.233,0,104,5.495,4.361,51774689,36012
97.147,a-cubic,open,153,386.934,41.233,0,104,5.497,4.35,51793513,36026
97.197,a-cubic,open,154,390.027,41.233,0,104,5.489,4.353,51819577,36045
97.247,a-cubic,open,154,391.963,41.233,0,104,5.462,4.355,51851433,36067
97.297,a-cubic,open,155,394.158,41.233,0,104,5.466,4.358,51880393,36088
97.347,a-cubic,open,156,396.58,41.233,0,104,5.468,4.36,51907905,36108
97.398,a-cubic,open,157,399.866,41.233,0,104,5.458,4.363,51939761,36131
97.448,a-cubic,open,158,401.893,41.233,0,104,5.465,4.35,51967273,36151
97.498,a-cubic,open,158,403.15,41.233,0,104,5.448,4.353,51991889,36168
97.548,a-cubic,open,159,405.525,41.233,0,104,5.45,4.355,52015057,36185
97.598,a-cubic,open,159,406.976,41.233,0,104,5.431,4.355,52033881,36198
97.648,a-cubic,open,160,408.699,41.233,0,104,5.442,4.371,52067185,36222
97.698,a-cubic,open,161,410.625,41.233,0,104,5.45,4.373,52099041,36245
97.748,a-cubic,open,161,413.716,41.233,0,104,5.41,4.375,52126553,36264
97.798,a-cubic,open,162,414.618,41.233,0,104,5.431,4.335,52154065,36284
97.849,a-cubic,open,163,415.092,41.233,0,104,5.459,4.352,52183025,36305
97.899,a-cubic,open,163,417.705,41.233,0,104,5.424,4.367,52214881,36327
97.949,a-cubic,open,164,419.224,41.233,0,104,5.438,4.37,52235153,36342
97.999,a-cubic,open,164,422.636,41.233,0,104,5.394,4.357,52255425,36356
98.049,a-cubic,open,164,423.484,41.233,0,104,5.383,4.36,52282937,36375
98.099,a-cubic,open,165,425.083,41.233,0,104,5.396,4.345,52314793,36398
98.149,a-cubic,open,166,427.391,41.233,0,104,5.399,4.362,52343753,36419
98.199,a-cubic,open,166,427.915,41.233,0,104,5.392,4.34,52371265,36438
98.250,a-cubic,open,167,429.699,41.233,0,104,5.402,4.364,52403121,36461
98.300,a-cubic,open,167,432.009,41.233,0,104,5.374,4.367,52429185,36479
98.350,a-cubic,open,167,432.306,41.233,0,104,5.37,4.355,52456697,36498
98.400,a-cubic,open,168,432.961,41.233,0,104,5.394,4.393,52478417,36514
98.450,a-cubic,open,168,435.267,41.233,0,104,5.365,4.357,52498689,36528
98.501,a-cubic,open,168,436.755,41.233,0,104,5.347,4.359,52530545,36550
98.551,a-cubic,open,169,438.092,41.233,0,104,5.362,4.359,52560953,36572
98.601,a-cubic,recovery,167,438.33,41.233,1,105,5.423,4.337,52585569,36593
98.651,a-cubic,recovery,161,439.867,41.233,1,105,5.783,4.337,52585569,36605
98.701,a-cubic,recovery,155,439.276,41.233,1,105,6.297,4.376,52585569,36621
98.751,a-cubic,recovery,148,439.109,41.233,1,105,6.743,4.376,52585569,36635
98.802,a-cubic,recovery,143,439.847,41.233,2,106,7.048,4.338,52585569,36645
98.852,a-cubic,recovery,138,439.622,41.233,2,106,7.367,4.364,52585569,36655
98.902,a-cubic,recovery,133,439.511,41.233,2,106,7.749,4.376,52585569,36667
98.952,a-cubic,recovery,127,439.858,41.233,2,106,8.185,4.364,52585569,36682
99.002,a-cubic,recovery,120,439.692,41.233,2,106,8.694,4.376,52585569,36697
99.052,a-cubic,recovery,118,437.775,41.233,1,106,6.732,4.311,52699961,36714
99.102,a-cubic,recovery,118,430.729,41.233,1,106,7.326,4.153,52699961,36729
99.152,a-cubic,recovery,118,417.61,41.233,1,106,8.222,3.917,52699961,36749
99.203,a-cubic,open,118,401.097,41.233,0,106,4.09,3.764,52911369,36765
99.253,a-cubic,open,118,387.01,41.233,0,106,4.238,3.549,52934537,36781
99.303,a-cubic,open,119,363.554,41.233,0,106,4.55,3.348,52963497,36802
99.353,a-cubic,open,119,340.033,41.233,0,106,4.865,3.115,52995353,36824
99.403,a-cubic,open,120,326.032,41.233,0,106,5.116,3.182,53024313,36845
99.453,a-cubic,open,120,318.884,41.233,0,106,5.231,3.271,53050377,36863
99.503,a-cubic,open,121,317.376,41.233,0,106,5.3,3.451,53076441,36882
99.553,a-cubic,open,122,315.829,41.233,0,106,5.37,3.686,53099609,36899
99.603,a-cubic,open,122,315.168,41.233,0,106,5.381,3.916,53125673,36917
99.654,a-cubic,open,123,312.889,41.233,0,106,5.465,4.025,53156081,36939
99.704,a-cubic,open,124,311.086,41.233,0,106,5.541,4.255,53186489,36961
99.754,a-cubic,open,124,313.905,41.233,0,106,5.491,4.381,53215449,36981
99.804,a-cubic,open,125,317.732,41.233,0,106,5.469,4.383,53245857,37003
99.854,a-cubic,open,125,318.821,41.233,0,106,5.45,4.367,53266129,37017
99.904,a-cubic,open,126,320.643,41.233,0,106,5.462,4.403,53290745,37035
99.954,a-cubic,open,127,322.679,41.233,0,106,5.471,4.389,53319705,37056
100.005,a-cubic,open,128,324.571,41.233,0,106,5.482,4.373,53351561,37079
100.055,a-cubic,open,128,326.567,41.233,0,106,5.448,4.393,53380521,37099
100.105,a-cubic,open,129,327.731,41.233,0,106,5.472,4.376,53406585,37118
100.155,a-cubic,open,129,328.767,41.233,0,106,5.454,4.379,53435545,37138
100.205,a-cubic,open,130,329.849,41.233,0,106,5.479,4.382,53455817,37153
100.255,a-cubic,open,130,331.816,41.233,0,106,5.446,4.398,53478985,37169
100.305,a-cubic,open,131,334.63,41.233,0,106,5.442,4.385,53512289,37193
100.355,a-cubic,open,132,336.474,41.233,0,106,5.453,4.388,53542697,37215
100.405,a-cubic,open,132,337.584,41.233,0,106,5.435,4.403,53568761,37233
100.456,a-cubic,open,133,339.56,41.233,0,106,5.445,4.391,53602065,37257
100.506,a-cubic,open,133,340.418,41.233,0,106,5.431,4.375,53625233,37273
100.556,a-cubic,open,134,342.564,41.233,0,106,5.438,4.378,53646953,37289
100.606,a-cubic,open,134,343.55,41.233,0,106,5.422,4.378,53673017,37307
100.656,a-cubic,open,135,345.663,41.233,0,106,5.429,4.381,53704873,37330
100.706,a-cubic,open,135,347.284,41.233,0,106,5.404,4.384,53736729,37352
100.756,a-cubic,open,135,348.492,41.233,0,106,5.385,4.384,53762793,37370
100.807,a-cubic,open,136,350.216,41.233,0,106,5.398,4.386,53794649,37393
100.857,a-cubic,open,136,350.973,41.233,0,106,5.386,4.371,53817817,37409
100.907,a-cubic,open,137,353.119,41.233,0,106,5.393,4.389,53840985,37426
100.957,a-cubic,open,137,354.071,41.233,0,106,5.379,4.374,53864153,37442
101.007,a-cubic,open,138,355.115,41.233,0,106,5.402,4.392,53897457,37466
101.057,a-cubic,open,138,356.176,41.233,0,106,5.386,4.377,53926417,37486
101.107,a-cubic,open,138,357.471,41.233,0,106,5.366,4.377,53955377,37506
101.158,a-cubic,open,138,358.673,41.233,0,106,5.348,4.394,53982889,37525
101.208,a-cubic,open,139,359.11,41.233,0,106,5.381,4.379,54011849,37546
101.258,a-cubic,open,139,360.359,41.233,0,106,5.362,4.382,54036465,37563
101.308,a-cubic,open,139,361.614,41.233,0,106,5.343,4.368,54056737,37577
101.358,a-cubic,open,139,363.316,41.233,0,106,5.318,4.367,54088593,37599
101.408,a-cubic,open,140,363.727,41.233,0,106,5.35,4.385,54117553,37620
101.458,a-cubic,open,140,365.289,41.233,0,106,5.328,4.37,54147961,37641
101.508,a-cubic,open,140,365.561,41.233,0,106,5.324,4.37,54176921,37661
101.559,a-cubic,open,141,365.91,41.233,0,106,5.357,4.373,54207329,37683
101.609,a-cubic,open,141,365.912,41.233,0,106,5.357,4.402,54224705,37695
101.659,a-cubic,open,141,367.963,41.233,0,106,5.327,4.373,54252217,37714
101.709,a-cubic,open,141,368.763,41.233,0,106,5.315,4.373,54275385,37730
101.759,a-cubic,open,141,369.23,41.233,0,106,5.308,4.376,54311585,37755
101.809,a-cubic,open,142,370.05,41.233,0,106,5.334,4.361,54337649,37774
101.859,a-cubic,open,142,371.751,41.233,0,106,5.31,4.361,54366609,37794
101.909,a-cubic,open,142,371.71,41.233,0,106,5.31,4.376,54397017,37815
101.959,a-cubic,open,142,372.563,41.233,0,106,5.298,4.364,54420185,37831
102.010,a-cubic,open,142,373.567,41.233,0,106,5.284,4.364,54443353,37847
102.060,a-cubic,open,142,374.259,41.233,0,106,5.274,4.364,54465073,37862
102.110,a-cubic,open,142,373.958,41.233,0,106,5.278,4.364,54496929,37884
102.160,a-cubic,open,142,374.573,41.233,0,106,5.27,4.35,54527337,37905
102.210,a-cubic,open,143,375.914,41.233,0,106,5.288,4.367,54557745,37927
102.260,a-cubic,open,143,377.034,41.233,0,106,5.272,4.368,54588153,37948
102.310,a-cubic,open,143,376.385,41.233,0,106,5.281,4.381,54617113,37968
102.361,a-cubic,open,143,376.049,41.233,0,106,5.286,4.381,54637385,37982
102.411,a-cubic,open,143,377.688,41.233,0,106,5.263,4.353,54662001,37999
102.461,a-cubic,open,143,377.756,41.233,0,106,5.262,4.353,54685169,38015
102.511,a-cubic,open,143,377.938,41.233,0,106,5.26,4.353,54718473,38038
102.561,a-cubic,open,143,378.876,41.233,0,106,5.247,4.356,54747433,38058
102.611,a-cubic,open,143,380.481,41.233,0,106,5.224,4.355,54776393,38078
102.661,a-cubic,open,143,380.288,41.233,0,106,5.227,4.356,54806801,38099
102.711,a-cubic,open,143,379.879,41.233,0,106,5.233,4.369,54832865,38117
102.762,a-cubic,open,143,380.147,41.233,0,106,5.229,4.356,54853137,38131
102.812,a-cubic,open,143,380.197,41.233,0,106,5.228,4.356,54877753,38148
102.862,a-cubic,open,143,380.036,41.233,0,106,5.231,4.356,54906713,38168
102.912,a-cubic,open,143,380.134,41.233,0,106,5.229,4.37,54940017,38191
102.962,a-cubic,open,143,381.295,41.233,0,106,5.213,4.342,54966081,38209
103.012,a-cubic,open,143,381.076,41.233,0,106,5.216,4.342,54992145,38227
103.062,a-cubic,open,143,380.907,41.233,0,106,5.219,4.355,55028345,38252
103.112,a-cubic,open,143,381.043,41.233,0,106,5.217,4.342,55045721,38264
103.162,a-cubic,open,143,381.363,41.233,0,106,5.212,4.341,55065993,38278
103.213,a-cubic,open,143,381.465,41.233,0,106,5.211,4.34,55093505,38297
103.263,a-cubic,open,143,381.764,41.233,0,106,5.207,4.355,55125361,38319
103.313,a-cubic,open,143,381.313,41.233,0,106,5.213,4.341,55155769,38340
103.363,a-cubic,open,143,381.639,41.233,0,106,5.209,4.342,55181833,38358
103.413,a-cubic,open,143,381.906,41.233,0,106,5.205,4.341,55212241,38379
103.463,a-cubic,open,143,381.278,41.233,0,106,5.214,4.341,55241201,38399
103.513,a-cubic,open,143,381.166,41.233,0,106,5.215,4.342,55261473,38413
103.563,a-cubic,open,143,381.712,41.233,0,106,5.208,4.341,55286089,38430
103.613,a-cubic,open,143,381.5,41.233,0,106,5.211,4.341,55312153,38448
103.664,a-cubic,open,143,381.648,41.233,0,106,5.208,4.341,55345457,38471
103.714,a-cubic,open,143,381.568,41.233,0,106,5.21,4.355,55372969,38490
103.764,a-cubic,open,143,381.608,41.233,0,106,5.209,4.342,55401929,38510
103.814,a-cubic,open,143,381.525,41.233,0,106,5.21,4.342,55433785,38532
103.864,a-cubic,open,143,381.301,41.233,0,106,5.213,4.342,55456953,38548
103.914,a-cubic,open,143,381.36,41.233,0,106,5.212,4.342,55477225,38562
103.965,a-cubic,open,143,381.951,41.233,0,106,5.204,4.342,55498945,38577
104.015,a-cubic,open,143,381.461,41.233,0,106,5.211,4.342,55533697,38601
104.065,a-cubic,open,143,381.623,41.233,0,106,5.209,4.342,55564105,38622
104.115,a-cubic,open,143,381.514,41.233,0,106,5.21,4.342,55590169,38640
104.165,a-cubic,open,143,381.893,41.233,0,106,5.205,4.342,55622025,38662
104.215,a-cubic,open,143,381.138,41.233,0,106,5.215,4.342,55652433,38683
104.265,a-cubic,open,143,381.141,41.233,0,106,5.215,4.342,55672705,38697
104.315,a-cubic,open,143,381.291,41.233,0,106,5.213,4.342,55695873,38713
104.365,a-cubic,open,143,381.514,41.233,0,106,5.21,4.342,55720489,38730
104.416,a-cubic,open,143,381.439,41.233,0,106,5.211,4.339,55755241,38754
104.466,a-cubic,open,143,381.22,41.233,0,106,5.214,4.356,55782753,38773
104.516,a-cubic,open,144,381.506,41.233,0,106,5.247,4.342,55808817,38792
104.566,a-cubic,open,144,381.51,41.233,0,106,5.247,4.311,55840673,38814
104.616,a-cubic,open,144,381.034,41.233,0,106,5.253,4.342,55865289,38831
104.666,a-cubic,open,144,381.266,41.233,0,106,5.25,4.342,55888457,38847
104.716,a-cubic,open,144,381.438,41.233,0,106,5.248,4.342,55911625,38863
104.766,a-cubic,open,144,381.724,41.233,0,106,5.244,4.342,55939137,38882
104.816,a-cubic,open,144,381.155,41.233,0,106,5.252,4.342,55970993,38904
104.867,a-cubic,open,145,380.962,41.233,0,106,5.291,4.356,55998505,38924
104.917,a-cubic,open,145,382.17,41.233,0,106,5.274,4.358,56026017,38943
104.967,a-cubic,open,145,382.245,41.233,0,106,5.273,4.358,56062217,38968
105.017,a-cubic,open,145,382.309,41.233,0,106,5.272,4.372,56082489,38982
105.067,a-cubic,open,145,382.492,41.233,0,106,5.27,4.358,56102761,38996
105.117,a-cubic,open,145,382.41,41.233,0,106,5.271,4.372,56130273,39015
105.167,a-cubic,open,145,382.655,41.233,0,106,5.267,4.358,56159233,39035
105.217,a-cubic,open,145,382.667,41.233,0,106,5.267,4.358,56192537,39058
105.268,a-cubic,open,146,382.936,41.233,0,106,5.3,4.361,56217153,39076
105.318,a-cubic,open,146,384.669,41.233,0,106,5.276,4.361,56246113,39096
105.368,a-cubic,open,146,384.896,41.233,0,106,5.273,4.361,56277969,39118
105.418,a-cubic,open,146,384.832,41.233,0,106,5.274,4.375,56298241,39132
105.468,a-cubic,open,147,384.922,41.233,0,106,5.309,4.361,56321409,39149
105.518,a-cubic,open,147,385.005,41.233,0,106,5.308,4.361,56348921,39168
105.568,a-cubic,open,147,384.969,41.233,0,106,5.308,4.375,56380777,39190
105.618,a-cubic,open,147,385.213,41.233,0,106,5.305,4.375,56411185,39211
105.668,a-cubic,open,148,387.239,41.233,0,106,5.313,4.364,56435801,39229
105.719,a-cubic,open,148,387.987,41.233,0,106,5.303,4.364,56467657,39251
105.769,a-cubic,open,148,387.256,41.233,0,106,5.313,4.364,56495169,39270
105.819,a-cubic,open,148,387.229,41.233,0,106,5.313,4.363,56515441,39284
105.869,a-cubic,open,149,387.697,41.233,0,106,5.342,4.38,56540057,39302
105.919,a-cubic,open,149,388.532,41.233,0,106,5.331,4.38,56570465,39323
105.969,a-cubic,open,150,388.935,41.233,0,106,5.361,4.38,56600873,39345
106.019,a-cubic,open,150,389.005,41.233,0,106,5.36,4.38,56629833,39365
106.070,a-cubic,open,150,390.124,41.233,0,106,5.345,4.382,56655897,39383
106.120,a-cubic,open,151,390.865,41.233,0,106,5.37,4.382,56687753,39406
106.170,a-cubic,open,151,390.515,41.233,0,106,5.375,4.383,56715265,39425
106.220,a-cubic,open,151,390.767,41.233,0,106,5.372,4.383,56732641,39437
106.270,a-cubic,open,152,391.816,41.233,0,106,5.393,4.385,56758705,39456
106.320,a-cubic,open,152,393.21,41.233,0,106,5.374,4.385,56789113,39477
106.370,a-cubic,open,153,394.102,41.233,0,106,5.397,4.401,56820969,39500
106.420,a-cubic,open,154,394.396,41.233,0,106,5.428,4.414,56852825,39523
106.471,a-cubic,open,154,395.569,41.233,0,106,5.412,4.387,56875993,39539
106.521,a-cubic,open,155,396.48,41.233,0,106,5.434,4.403,56909297,39563
106.571,a-cubic,open,155,396.463,41.233,0,106,5.435,4.416,56933913,39580
106.621,a-cubic,open,155,396.751,41.233,0,106,5.431,4.403,56954185,39594
106.671,a-cubic,open,156,399.123,41.233,0,106,5.433,4.405,56978801,39612
106.721,a-cubic,open,157,399.621,41.233,0,106,5.461,4.405,57009209,39634
106.772,a-cubic,open,158,400.881,41.233,0,106,5.479,4.405,57043961,39659
106.822,a-cubic,open,158,402.019,41.233,0,106,5.463,4.421,57074369,39680
106.872,a-cubic,open,159,403.364,41.233,0,106,5.479,4.423,57098985,39698
106.922,a-cubic,open,159,403.583,41.233,0,106,5.476,4.423,57129393,39719
106.972,a-cubic,open,160,404.86,41.233,0,106,5.494,4.425,57158353,39740
107.022,a-cubic,open,161,404.948,41.233,0,106,5.527,4.438,57175729,39753
107.072,a-cubic,open,161,407.746,41.233,0,106,5.489,4.44,57201793,39771
107.122,a-cubic,open,162,408.476,41.233,0,106,5.513,4.456,57233649,39794
107.172,a-cubic,open,163,410.138,41.233,0,106,5.525,4.429,57264057,39816
107.223,a-cubic,open,164,411.739,41.233,0,106,5.537,4.444,57294465,39838
107.273,a-cubic,open,165,412.294,41.233,0,106,5.563,4.446,57321977,39858
107.323,a-cubic,open,166,414.167,41.233,0,106,5.571,4.446,57350937,39879
107.373,a-cubic,open,166,415.36,41.233,0,106,5.555,4.448,57381345,39900
107.423,a-cubic,open,167,416.046,41.233,0,106,5.58,4.448,57401617,39915
107.473,a-cubic,open,168,418.068,41.233,0,106,5.586,4.45,57426233,39933
107.523,a-cubic,open,169,419.935,41.233,0,106,5.594,4.452,57453745,39953
107.573,a-cubic,open,170,421.399,41.233,0,106,5.608,4.467,57484153,39975
107.624,a-cubic,open,171,423.359,41.233,0,106,5.615,4.452,57518905,40000
107.674,a-cubic,open,172,425.332,41.233,0,106,5.621,4.469,57547865,40021
107.724,a-cubic,open,173,427.082,41.233,0,106,5.631,4.471,57573929,40040
107.774,a-cubic,open,174,428.033,41.233,0,106,5.651,4.472,57605785,40063
107.824,a-cubic,open,175,430.302,41.233,0,106,5.653,4.486,57631849,40082
107.874,a-cubic,open,176,432.009,41.233,0,106,5.663,4.487,57653569,40098
107.924,a-cubic,open,177,434.002,41.233,0,106,5.669,4.474,57678185,40116
107.974,a-cubic,open,178,435.893,41.233,0,106,5.676,4.477,57707145,40137
108.025,a-cubic,open,180,438.066,41.233,0,106,5.712,4.491,57740449,40162
108.075,a-cubic,recovery,175,439.133,41.233,1,107,5.919,4.481,57752033,40179
108.125,a-cubic,recovery,169,439.868,41.233,2,108,6.289,4.469,57752033,40192
108.175,a-cubic,recovery,162,439.928,41.233,3,109,6.699,4.469,57752033,40206
108.225,a-cubic,recovery,155,439.511,41.233,3,109,7.243,4.481,57752033,40223
108.275,a-cubic,recovery,148,439.916,41.233,5,111,7.489,4.455,57752033,40233
108.325,a-cubic,recovery,143,439.208,41.233,6,112,7.817,4.467,57752033,40244
108.375,a-cubic,recovery,137,439.072,41.233,6,112,8.2,4.52,57752033,40256
108.426,a-cubic,recovery,129,439.849,41.233,8,114,8.596,4.469,57752033,40271
108.476,a-cubic,recovery,126,439.371,41.233,9,115,9.27,4.481,57752033,40293
108.526,a-cubic,recovery,126,435.035,41.233,7,115,8.659,4.36,57809953,40311
108.576,a-cubic,recovery,126,426.086,41.233,6,115,7.993,4.165,57869321,40326
108.626,a-cubic,recovery,126,404.943,41.233,6,115,9.2,3.928,57869321,40349
108.676,a-cubic,recovery,126,385.475,41.233,3,115,8.438,3.754,57941721,40365
108.726,a-cubic,recovery,126,364.167,41.233,3,115,9.543,3.565,57941721,40381
108.776,a-cubic,open,126,341.539,41.233,0,115,5.128,3.312,58154577,40403
108.826,a-cubic,open,126,332.826,41.233,0,115,5.263,3.355,58192225,40429
108.877,a-cubic,open,127,328.946,41.233,0,115,5.367,3.414,58215393,40446
108.927,a-cubic,open,128,325.545,41.233,0,115,5.466,3.576,58244353,40467
108.977,a-cubic,open,129,325.443,41.233,0,115,5.51,3.754,58270417,40486
109.027,a-cubic,open,129,325.371,41.233,0,115,5.511,4.017,58293585,40502
109.077,a-cubic,open,130,325.056,41.233,0,115,5.559,4.229,58319649,40521
109.127,a-cubic,open,132,322.198,41.233,0,115,5.695,4.372,58360193,40551
109.177,a-cubic,open,133,321.752,41.233,0,115,5.746,4.515,58387705,40571
109.227,a-cubic,open,134,323.472,41.233,0,115,5.758,4.532,58410873,40588
109.278,a-cubic,open,135,325.794,41.233,0,115,5.76,4.534,58447073,40614
109.328,a-cubic,open,136,327.866,41.233,0,115,5.766,4.553,58468793,40630
109.378,a-cubic,open,137,329.889,41.233,0,115,5.773,4.521,58493409,40648
109.428,a-cubic,open,138,332.392,41.233,0,115,5.771,4.539,58520921,40668
109.478,a-cubic,open,140,334.078,41.233,0,115,5.825,4.509,58557121,40695
109.528,a-cubic,open,141,337.281,41.233,0,115,5.811,4.559,58586081,40716
109.578,a-cubic,open,142,340.522,41.233,0,115,5.797,4.529,58610697,40734
109.628,a-cubic,open,143,342.756,41.233,0,115,5.799,4.546,58642553,40757
109.679,a-cubic,open,144,346.071,41.233,0,115,5.784,4.548,58665721,40774
109.729,a-cubic,open,145,349.057,41.233,0,115,5.774,4.55,58691785,40793
109.779,a-cubic,open,146,351.604,41.233,0,115,5.772,4.551,58720745,40814
109.829,a-cubic,open,147,353.728,41.233,0,115,5.777,4.537,58755497,40839
109.879,a-cubic,open,148,356.86,41.233,0,115,5.765,4.556,58787353,40862
109.929,a-cubic,open,149,359.16,41.233,0,115,5.767,4.542,58810521,40879
109.979,a-cubic,open,150,362.121,41.233,0,115,5.758,4.544,58843825,40903
110.029,a-cubic,open,151,364.709,41.233,0,115,5.755,4.545,58868441,40921
110.080,a-cubic,open,152,366.437,41.233,0,115,5.766,4.547,58891609,40938
110.130,a-cubic,open,153,369.628,41.233,0,115,5.754,4.532,58917673,40957
110.180,a-cubic,open,154,372.621,41.233,0,115,5.745,4.55,58952425,40982
110.230,a-cubic,open,155,374.313,41.233,0,115,5.756,4.551,58985729,41006
110.280,a-cubic,open,156,377.54,41.233,0,115,5.744,4.553,59011793,41025
110.330,a-cubic,open,157,379.829,41.233,0,115,5.746,4.524,59037857,41043
110.380,a-cubic,open,158,382.75,41.233,0,115,5.738,4.556,59071161,41068
110.431,a-cubic,open,158,384.673,41.233,0,115,5.71,4.527,59092881,41083
110.481,a-cubic,open,159,387.092,41.233,0,115,5.71,4.529,59117497,41101
110.531,a-cubic,open,160,390.274,41.233,0,115,5.699,4.544,59146457,41122
110.581,a-cubic,open,161,391.287,41.233,0,115,5.72,4.532,59178313,41145
110.631,a-cubic,open,162,392.749,41.233,0,115,5.734,4.547,59213065,41170
110.681,a-cubic,open,162,397.003,41.233,0,115,5.672,4.535,59240577,41189
110.731,a-cubic,open,163,397.852,41.233,0,115,5.695,4.521,59263745,41206
110.781,a-cubic,open,164,399.276,41.233,0,115,5.71,4.55,59297049,41230
110.831,a-cubic,open,164,401.682,41.233,0,115,5.675,4.538,59321665,41247
110.882,a-cubic,open,165,403.668,41.233,0,115,5.682,4.54,59344833,41264
110.932,a-cubic,open,166,406.79,41.233,0,115,5.673,4.541,59372345,41284
110.982,a-cubic,open,166,408.861,41.233,0,115,5.644,4.512,59404201,41306
111.032,a-cubic,open,167,410.337,41.233,0,115,5.657,4.502,59437505,41330
111.082,a-cubic,open,167,412.363,41.233,0,115,5.63,4.557,59466465,41350
111.132,a-cubic,open,168,413.872,41.233,0,115,5.643,4.545,59493977,41370
111.182,a-cubic,open,169,415.461,41.233,0,115,5.655,4.531,59527281,41394
111.233,a-cubic,open,169,417.429,41.233,0,115,5.628,4.533,59549001,41409
111.283,a-cubic,open,170,418.987,41.233,0,115,5.64,4.52,59570721,41424
111.333,a-cubic,open,170,420.919,41.233,0,115,5.614,4.535,59595337,41442
111.383,a-cubic,open,171,422.957,41.233,0,115,5.62,4.536,59630089,41467
111.433,a-cubic,open,171,424.22,41.233,0,115,5.603,4.525,59664841,41491
111.483,a-cubic,open,172,425.624,41.233,0,115,5.617,4.537,59698145,41515
111.533,a-cubic,open,172,427.511,41.233,0,115,5.593,4.539,59721313,41531
111.583,a-cubic,open,172,428.805,41.233,0,115,5.576,4.526,59748825,41550
111.634,a-cubic,open,173,430.088,41.233,0,115,5.591,4.54,59780681,41573
111.684,a-cubic,open,173,431.774,41.233,0,115,5.57,4.528,59803849,41589
111.734,a-cubic,open,174,432.883,41.233,0,115,5.588,4.529,59829913,41608
111.784,a-cubic,open,174,434.13,41.233,0,115,5.571,4.529,59851633,41623
111.834,a-cubic,open,174,436.172,41.233,0,115,5.545,4.491,59886385,41647
111.884,a-cubic,open,175,436.387,41.233,0,115,5.574,4.516,59921137,41672
111.934,a-cubic,open,175,437.864,41.233,0,115,5.556,4.532,59950097,41692
111.984,a-cubic,open,175,439.179,41.233,0,115,5.539,4.544,59976161,41710
112.035,a-cubic,open,176,439.445,41.233,0,115,5.567,4.558,60005121,41731
112.085,a-cubic,open,176,439.828,41.233,0,115,5.562,4.558,60038425,41754
112.135,a-cubic,open,176,439.745,41.233,0,115,5.564,4.571,60060145,41769
112.185,a-cubic,open,177,439.863,41.233,0,115,5.594,4.584,60084761,41787
112.235,a-cubic,recovery,171,439.117,41.233,1,116,5.92,4.548,60089105,41801
112.285,a-cubic,recovery,165,439.522,41.233,1,116,6.389,4.548,60089105,41817
112.335,a-cubic,recovery,156,438.766,41.233,2,117,6.875,4.549,60089105,41833
112.385,a-cubic,recovery,150,439.5,41.233,2,117,7.306,4.548,60089105,41846
112.436,a-cubic,recovery,145,439.595,41.233,2,117,7.716,4.574,60089105,41860
112.486,a-cubic,recovery,136,432.632,41.233,2,117,8.45,4.556,60089105,41878
112.536,a-cubic,recovery,130,425.386,41.233,2,117,9.052,4.61,60089105,41892
112.586,a-cubic,recovery,123,412.763,41.233,2,117,9.834,4.58,60089105,41908
112.636,a-cubic,recovery,123,399.512,41.233,1,117,9.151,4.485,60157161,41926
112.686,a-cubic,open,123,380.005,41.233,0,117,4.499,4.211,60393185,41948
112.737,a-cubic,open,123,365.871,41.233,0,117,4.673,3.954,60425041,41970
112.787,a-cubic,open,124,352.606,41.233,0,117,4.888,3.78,60448209,41987
112.837,a-cubic,open,124,337.627,41.233,0,117,5.105,3.612,60480065,42009
112.887,a-cubic,open,125,330.393,41.233,0,117,5.259,3.561,60500337,42024
112.937,a-cubic,open,125,321.683,41.233,0,117,5.402,3.563,60529297,42044
112.987,a-cubic,open,126,317.567,41.233,0,117,5.515,3.77,60564049,42069
113.037,a-cubic,open,127,314.252,41.233,0,117,5.618,3.931,60594457,42091
113.087,a-cubic,open,128,314.485,41.233,0,117,5.658,4.199,60620521,42110
113.137,a-cubic,open,128,314.122,41.233,0,117,5.664,4.281,60650929,42131
113.188,a-cubic,open,129,315.104,41.233,0,117,5.691,4.489,60676993,42150
113.238,a-cubic,open,129,316.293,41.233,0,117,5.669,4.58,60701609,42167
113.288,a-cubic,open,130,318.953,41.233,0,117,5.666,4.547,60732017,42189
113.338,a-cubic,open,131,320.034,41.233,0,117,5.69,4.565,60765321,42213
113.388,a-cubic,open,132,321.77,41.233,0,117,5.703,4.566,60792833,42233
113.438,a-cubic,open,132,324.379,41.233,0,117,5.657,4.551,60818897,42251
113.488,a-cubic,open,133,325.435,41.233,0,117,5.681,4.551,60847857,42272
113.538,a-cubic,open,134,327.628,41.233,0,117,5.685,4.553,60873921,42291
113.589,a-cubic,open,134,329.113,41.233,0,117,5.66,4.554,60901433,42310
113.639,a-cubic,open,135,330.335,41.233,0,117,5.681,4.554,60934737,42334
113.689,a-cubic,open,136,332.565,41.233,0,117,5.685,4.556,60968041,42358
113.739,a-cubic,open,136,333.954,41.233,0,117,5.661,4.557,60989761,42373
113.789,a-cubic,open,137,335.66,41.233,0,117,5.674,4.541,61021617,42396
113.839,a-cubic,open,137,338.003,41.233,0,117,5.634,4.541,61049129,42415
113.890,a-cubic,open,138,339.397,41.233,0,117,5.652,4.561,61076641,42435
113.940,a-cubic,open,138,340.18,41.233,0,117,5.639,4.545,61101257,42452
113.990,a-cubic,open,139,341.629,41.233,0,117,5.656,4.562,61133113,42475
114.040,a-cubic,open,140,343.981,41.233,0,117,5.658,4.58,61167865,42500
114.090,a-cubic,open,140,345.321,41.233,0,117,5.636,4.548,61189585,42515
114.140,a-cubic,open,141,346.831,41.233,0,117,5.651,4.581,61219993,42537
114.190,a-cubic,open,141,348.345,41.233,0,117,5.627,4.549,61247505,42556
114.240,a-cubic,open,141,349.976,41.233,0,117,5.6,4.551,61273569,42574
114.290,a-cubic,open,142,351.413,41.233,0,117,5.617,4.551,61301081,42594
114.341,a-cubic,open,142,351.928,41.233,0,117,5.609,4.553,61334385,42617
114.391,a-cubic,open,143,353.533,41.233,0,117,5.623,4.569,61367689,42641
114.441,a-cubic,open,143,355.283,41.233,0,117,5.595,4.537,61390857,42657
114.491,a-cubic,open,144,355.902,41.233,0,117,5.624,4.571,61421265,42679
114.541,a-cubic,open,144,357.722,41.233,0,117,5.596,4.556,61448777,42698
114.591,a-cubic,open,144,358.225,41.233,0,117,5.588,4.572,61473393,42715
114.641,a-cubic,open,145,360.419,41.233,0,117,5.592,4.556,61499457,42734
114.691,a-cubic,open,145,360.665,41.233,0,117,5.589,4.557,61534209,42758
114.742,a-cubic,open,145,362.229,41.233,0,117,5.564,4.56,61564617,42779
114.792,a-cubic,open,146,362.914,41.233,0,117,5.592,4.559,61592129,42799
114.842,a-cubic,open,146,364.192,41.233,0,117,5.573,4.544,61618193,42817
114.892,a-cubic,open,146,364.92,41.233,0,117,5.562,4.561,61648601,42838
114.942,a-cubic,open,146,366.289,41.233,0,117,5.541,4.576,61674665,42856
114.992,a-cubic,open,147,368.516,41.233,0,117,5.545,4.562,61700729,42875
115.042,a-cubic,open,147,368.32,41.233,0,117,5.548,4.562,61728241,42894
115.093,a-cubic,open,147,368.744,41.233,0,117,5.542,4.547,61761545,42917
115.143,a-cubic,open,147,369.301,41.233,0,117,5.533,4.562,61793401,42939
115.193,a-cubic,open,148,370.124,41.233,0,117,5.558,4.578,61816569,42956
115.243,a-cubic,open,148,370.99,41.233,0,117,5.545,4.549,61849873,42979
115.293,a-cubic,open,148,371.581,41.233,0,117,5.537,4.548,61874489,42996
115.343,a-cubic,open,148,372.815,41.233,0,117,5.518,4.55,61902001,43015
115.393,a-cubic,open,149,374.402,41.233,0,117,5.532,4.55,61928065,43034
115.444,a-cubic,open,149,374.294,41.233,0,117,5.534,4.551,61959921,43056
115.494,a-cubic,open,149,374.136,41.233,0,117,5.536,4.55,61996121,43081
115.544,a-cubic,open,149,375.667,41.233,0,117,5.513,4.566,62020737,43098
115.594,a-cubic,open,149,376.492,41.233,0,117,5.501,4.521,62048249,43117
115.644,a-cubic,open,149,376.043,41.233,0,117,5.508,4.566,62075761,43136
115.694,a-cubic,open,149,377.115,41.233,0,117,5.492,4.566,62101825,43154
115.744,a-cubic,open,150,377.854,41.233,0,117,5.518,4.553,62127889,43173
115.794,a-cubic,open,150,379.12,41.233,0,117,5.5,4.553,62156849,43193
115.845,a-cubic,open,150,378.812,41.233,0,117,5.504,4.553,62190153,43216
115.895,a-cubic,open,150,379.026,41.233,0,117,5.501,4.553,62220561,43237
115.945,a-cubic,open,150,379.543,41.233,0,117,5.494,4.568,62245177,43254
115.995,a-cubic,open,150,380.012,41.233,0,117,5.487,4.553,62278481,43277
116.045,a-cubic,open,150,380.315,41.233,0,117,5.483,4.539,62301649,43293
116.095,a-cubic,open,150,381.342,41.233,0,117,5.468,4.538,62324817,43309
116.145,a-cubic,open,150,381.605,41.233,0,117,5.464,4.554,62355225,43330
116.195,a-cubic,open,150,381.053,41.233,0,117,5.472,4.569,62388529,43353
116.246,a-cubic,open,150,381.438,41.233,0,117,5.466,4.554,62421833,43376
116.296,a-cubic,open,150,381.941,41.233,0,117,5.459,4.554,62447897,43394
116.346,a-cubic,open,150,382.33,41.233,0,117,5.454,4.539,62472513,43411
116.396,a-cubic,open,150,382.897,41.233,0,117,5.446,4.54,62505817,43434
116.446,a-cubic,open,150,382.969,41.233,0,117,5.445,4.54,62527537,43449
116.496,a-cubic,open,150,383.97,41.233,0,117,5.43,4.524,62553601,43467
116.546,a-cubic,open,150,383.344,41.233,0,117,5.439,4.54,62584009,43488
116.596,a-cubic,open,150,382.899,41.233,0,117,5.446,4.54,62618761,43512
116.647,a-cubic,open,150,382.9,41.233,0,117,5.446,4.541,62649169,43533
116.697,a-cubic,open,150,383.927,41.233,0,117,5.431,4.524,62675233,43551
116.747,a-cubic,open,150,382.846,41.233,0,117,5.446,4.54,62704193,43571
116.797,a-cubic,open,150,382.934,41.233,0,117,5.445,4.54,62731705,43590
116.847,a-cubic,open,150,383.094,41.233,0,117,5.443,4.54,62753425,43605
116.897,a-cubic,open,150,383.078,41.233,0,117,5.443,4.54,62782385,43625
116.947,a-cubic,open,150,382.767,41.233,0,117,5.447,4.539,62814241,43647
116.998,a-cubic,open,150,382.458,41.233,0,117,5.452,4.551,62847545,43670
117.048,a-cubic,open,150,382.867,41.233,0,117,5.446,4.54,62875057,43689
117.098,a-cubic,open,150,383.377,41.233,0,117,5.439,4.54,62899673,43706
117.148,a-cubic,open,150,382.445,41.233,0,117,5.452,4.54,62931529,43728
117.198,a-cubic,open,150,382.521,41.233,0,117,5.451,4.54,62954697,43744
117.248,a-cubic,open,150,382.669,41.233,0,117,5.449,4.554,62980761,43762
117.298,a-cubic,open,150,383.268,41.233,0,117,5.44,4.51,63011169,43783
117.348,a-cubic,open,150,382.456,41.233,0,117,5.452,4.54,63043025,43805
117.399,a-cubic,open,150,382.566,41.233,0,117,5.45,4.54,63076329,43828
117.449,a-cubic,open,150,383.004,41.233,0,117,5.444,4.54,63100945,43845
117.499,a-cubic,open,150,382.942,41.233,0,117,5.445,4.54,63128457,43864
117.549,a-cubic,open,150,382.707,41.233,0,117,5.448,4.554,63158865,43885
117.599,a-cubic,open,150,383.051,41.233,0,117,5.443,4.539,63182033,43901
117.649,a-cubic,open,150,383.596,41.233,0,117,5.436,4.539,63208097,43919
117.699,a-cubic,open,150,383.296,41.233,0,117,5.44,4.54,63238505,43940
117.749,a-cubic,open,150,382.403,41.233,0,117,5.453,4.554,63268913,43961
117.800,a-cubic,open,150,382.537,41.233,0,117,5.451,4.54,63302217,43984
117.850,a-cubic,open,150,383.057,41.233,0,117,5.443,4.54,63328281,44002
117.900,a-cubic,open,150,382.507,41.233,0,117,5.451,4.54,63358689,44023
117.950,a-cubic,open,150,383.27,41.233,0,117,5.44,4.54,63383305,44040
118.000,a-cubic,open,150,383.218,41.233,0,117,5.441,4.54,63407921,44057
118.050,a-cubic,open,150,382.889,41.233,0,117,5.446,4.54,63435433,44076
118.100,a-cubic,open,151,382.942,41.233,0,117,5.481,4.54,63467289,44099
118.150,a-cubic,open,151,382.455,41.233,0,117,5.488,4.54,63502041,44123
118.201,a-cubic,open,151,383.144,41.233,0,117,5.478,4.54,63529553,44142
118.251,a-cubic,open,151,383.755,41.233,0,117,5.47,4.54,63552721,44158
118.301,a-cubic,open,151,382.821,41.233,0,117,5.483,4.54,63584577,44180
118.351,a-cubic,open,151,383.053,41.233,0,117,5.48,4.54,63609193,44197
118.401,a-cubic,open,151,383.116,41.233,0,117,5.479,4.54,63633809,44214
118.451,a-cubic,open,152,383.237,41.233,0,117,5.513,4.54,63662769,44235
118.501,a-cubic,open,152,383.486,41.233,0,117,5.51,4.555,63698969,44260
118.552,a-cubic,open,152,383.335,41.233,0,117,5.512,4.57,63732273,44283
118.602,a-cubic,open,152,383.997,41.233,0,117,5.502,4.556,63753993,44298
118.652,a-cubic,open,152,384.585,41.233,0,117,5.494,4.556,63781505,44317
118.702,a-cubic,open,152,385.015,41.233,0,117,5.488,4.541,63813361,44339
118.752,a-cubic,open,152,385.379,41.233,0,117,5.483,4.541,63833633,44353
118.802,a-cubic,open,152,385.689,41.233,0,117,5.478,4.525,63861145,44372
118.852,a-cubic,open,153,385.488,41.233,0,117,5.517,4.528,63894449,44396
118.903,a-cubic,open,153,385.321,41.233,0,117,5.52,4.557,63927753,44419
118.953,a-cubic,open,153,385.957,41.233,0,117,5.511,4.556,63958161,44440
119.003,a-cubic,open,153,386.649,41.233,0,117,5.501,4.557,63982777,44457
119.053,a-cubic,open,154,386.715,41.233,0,117,5.536,4.557,64010289,44477
119.103,a-cubic,open,154,387.855,41.233,0,117,5.519,4.557,64039249,44497
119.153,a-cubic,open,154,388.736,41.233,0,117,5.507,4.528,64062417,44513
119.203,a-cubic,open,154,387.874,41.233,0,117,5.519,4.543,64089929,44532
119.253,a-cubic,open,155,388.284,41.233,0,117,5.549,4.558,64124681,44557
119.304,a-cubic,open,155,387.895,41.233,0,117,5.555,4.558,64157985,44580
119.354,a-cubic,open,155,388.291,41.233,0,117,5.549,4.559,64185497,44599
119.404,a-cubic,open,155,388.967,41.233,0,117,5.539,4.559,64210113,44616
119.454,a-cubic,open,156,389.401,41.233,0,117,5.569,4.56,64239073,44637
119.504,a-cubic,open,156,390.982,41.233,0,117,5.546,4.56,64265137,44655
119.554,a-cubic,open,156,391.698,41.233,0,117,5.536,4.56,64292649,44674
119.604,a-cubic,open,157,391.663,41.233,0,117,5.572,4.56,64318713,44693
119.654,a-cubic,open,157,391.884,41.233,0,117,5.569,4.561,64352017,44716
119.705,a-cubic,open,158,392.284,41.233,0,117,5.599,4.576,64385321,44740
119.755,a-cubic,open,158,392.992,41.233,0,117,5.589,4.562,64412833,44759
119.805,a-cubic,open,158,393.593,41.233,0,117,5.58,4.563,64437449,44776
119.855,a-cubic,open,159,394.236,41.233,0,117,5.606,4.563,64467857,44798
119.905,a-cubic,open,159,395.893,41.233,0,117,5.583,4.563,64493921,44816
119.955,a-cubic,open,160,396.216,41.233,0,117,5.613,4.563,64518537,44834
120.005,a-cubic,open,160,397.345,41.233,0,117,5.597,4.578,64548945,44855
120.055,a-cubic,open,161,398.099,41.233,0,117,5.622,4.564,64582249,44879
120.105,a-cubic,open,161,398.798,41.233,0,117,5.612,4.579,64617001,44903
