t_s,label,ca_state,cwnd,rtt_ms,min_rtt_ms,lost,total_retrans,pacing_mbps,delivery_mbps,bytes_acked,segs_out
0.000,a-cubic,open,10,80.666,80.666,0,0,2.872,0.0,1,0
0.050,a-cubic,open,16,61.862,41.312,0,0,5.992,1.398,8689,18
0.101,a-cubic,recovery,14,48.563,41.235,2,2,6.011,2.484,11585,32
0.151,a-cubic,open,12,43.964,41.0,0,2,3.794,3.176,46337,46
0.201,a-cubic,open,13,42.32,41.0,0,2,4.27,2.966,68057,62
0.251,a-cubic,open,14,41.628,41.0,0,2,4.675,3.653,89777,78
0.301,a-cubic,open,14,41.532,41.0,0,2,4.686,3.86,112945,94
0.351,a-cubic,open,14,42.091,41.0,0,2,4.623,3.821,139009,112
0.401,a-cubic,open,15,41.836,41.0,0,2,4.984,3.934,162177,129
0.451,a-cubic,open,16,41.739,41.0,0,2,5.329,4.213,189689,149
0.502,a-cubic,open,16,43.255,41.0,0,2,5.142,4.464,215753,167
0.552,a-cubic,open,16,43.456,41.0,0,2,5.118,4.292,241817,185
0.602,a-cubic,open,17,43.034,41.0,0,2,5.491,4.289,267881,204
0.652,a-cubic,open,18,43.173,41.0,0,2,5.796,4.6,295393,224
0.702,a-cubic,open,18,44.377,41.0,0,2,5.638,4.582,324353,244
0.752,a-cubic,open,19,44.739,41.0,0,2,5.903,4.582,353313,265
0.802,a-cubic,open,19,46.722,41.0,0,2,5.653,4.66,383721,286
0.852,a-cubic,open,20,47.385,41.0,0,2,5.867,4.659,414129,308
0.902,a-cubic,open,21,49.322,41.0,0,2,5.919,4.665,443089,329
0.952,a-cubic,open,21,51.214,41.0,0,2,5.7,4.554,472049,349
1.002,a-cubic,open,22,51.865,41.0,0,2,5.896,4.671,499561,369
1.053,a-cubic,open,22,52.886,41.0,0,2,5.783,4.675,529969,390
1.103,a-cubic,open,23,54.225,41.0,0,2,5.896,4.676,557481,410
1.153,a-cubic,open,23,55.493,41.0,0,2,5.761,4.556,586441,430
1.203,a-cubic,open,23,56.81,41.0,0,2,5.628,4.68,618297,452
1.253,a-cubic,open,24,57.011,41.0,0,2,5.852,4.67,648705,474
1.303,a-cubic,open,24,58.716,41.0,0,2,5.682,4.782,679113,495
1.353,a-cubic,open,25,59.398,41.0,0,2,5.851,4.684,705177,514
1.403,a-cubic,open,25,60.689,41.0,0,2,5.726,4.782,734137,534
1.454,a-cubic,open,26,60.711,41.0,0,2,5.953,4.782,767441,558
1.504,a-cubic,open,26,56.049,41.0,0,2,6.448,5.18,800745,581
1.554,a-cubic,open,27,53.231,41.0,0,2,7.051,5.783,836945,607
1.604,a-cubic,open,27,54.521,41.0,0,2,6.884,5.613,871697,631
1.654,a-cubic,open,28,56.758,41.0,0,2,6.857,5.492,907897,657
1.704,a-cubic,open,28,56.844,41.0,0,2,6.847,5.479,942649,681
1.754,a-cubic,open,29,58.42,41.0,0,2,6.9,5.466,973057,703
1.805,a-cubic,open,29,59.294,41.0,0,2,6.799,5.647,1009257,728
1.855,a-cubic,open,30,60.179,41.0,0,2,6.93,5.547,1042561,752
1.905,a-cubic,open,30,59.696,41.0,0,2,6.986,5.547,1081657,779
1.955,a-cubic,open,31,58.359,41.0,0,2,7.384,5.849,1119305,806
2.005,a-cubic,open,31,55.378,41.0,0,2,7.781,6.105,1159849,834
2.055,a-cubic,open,31,54.896,41.0,0,2,7.85,6.589,1200393,862
2.105,a-cubic,open,32,56.512,41.0,0,2,7.871,6.308,1242385,892
2.155,a-cubic,open,32,57.523,41.0,0,2,7.733,6.375,1280033,918
2.206,a-cubic,open,33,57.712,41.0,0,2,7.949,6.512,1319129,946
2.256,a-cubic,open,33,59.227,41.0,0,2,7.745,6.441,1361121,975
2.306,a-cubic,open,34,60.275,41.0,0,2,7.841,6.31,1398769,1002
2.356,a-cubic,open,34,60.008,41.0,0,2,7.876,6.31,1440761,1031
2.406,a-cubic,recovery,26,60.108,41.0,1,3,11.794,6.334,1443657,1052
2.456,a-cubic,open,23,57.185,41.0,0,3,5.591,4.991,1518953,1075
2.506,a-cubic,open,24,43.568,41.0,0,3,7.657,5.309,1555153,1101
2.557,a-cubic,open,25,44.305,41.0,0,3,7.844,6.414,1595697,1130
2.607,a-cubic,open,26,45.513,41.0,0,3,7.941,6.293,1631897,1156
2.657,a-cubic,open,26,47.677,41.0,0,3,7.581,6.217,1672441,1184
2.707,a-cubic,open,27,48.303,41.0,0,3,7.77,6.217,1710089,1211
2.757,a-cubic,open,27,48.721,41.0,0,3,7.703,6.456,1749185,1238
2.807,a-cubic,open,27,50.463,41.0,0,3,7.438,6.148,1788281,1265
2.857,a-cubic,open,28,50.67,41.0,0,3,7.681,6.297,1825929,1292
2.907,a-cubic,open,28,52.702,41.0,0,3,7.385,6.086,1865025,1318
2.957,a-cubic,open,29,52.635,41.0,0,3,7.659,6.227,1904121,1347
3.008,a-cubic,open,29,54.378,41.0,0,3,7.413,6.03,1943217,1374
3.058,a-cubic,open,29,54.674,41.0,0,3,7.373,6.163,1980865,1400
3.108,a-cubic,open,29,54.923,41.0,0,3,7.34,6.029,2018513,1426
3.158,a-cubic,open,30,56.636,41.0,0,3,7.363,6.029,2057609,1454
3.208,a-cubic,open,30,57.25,41.0,0,3,7.284,6.105,2093809,1479
3.258,a-cubic,open,31,58.633,41.0,0,3,7.349,5.977,2131457,1506
3.308,a-cubic,open,31,59.354,41.0,0,3,7.26,6.051,2169105,1532
3.358,a-cubic,recovery,30,60.394,41.0,1,4,7.596,5.739,2196617,1555
3.409,a-cubic,recovery,22,60.732,41.0,2,5,11.444,5.645,2196617,1573
3.459,a-cubic,open,22,54.27,41.0,0,5,5.635,4.223,2269017,1594
3.509,a-cubic,open,23,53.385,41.0,0,5,5.989,4.989,2300873,1617
3.559,a-cubic,open,23,52.368,41.0,0,5,6.105,4.893,2332729,1639
3.609,a-cubic,open,24,53.974,41.0,0,5,6.181,4.888,2363137,1661
3.659,a-cubic,open,24,55.12,41.0,0,5,6.053,4.781,2393545,1682
3.709,a-cubic,open,24,56.32,41.0,0,5,5.924,4.882,2425401,1704
3.759,a-cubic,open,24,57.445,41.0,0,5,5.808,4.884,2454361,1724
3.809,a-cubic,open,25,58.656,41.0,0,5,5.925,4.782,2483321,1745
3.859,a-cubic,open,25,59.116,41.0,0,5,5.879,4.881,2510833,1764
3.910,a-cubic,open,26,59.968,41.0,0,5,6.027,4.782,2542689,1787
3.960,a-cubic,open,26,60.428,41.0,0,5,5.981,4.782,2573097,1808
4.010,a-cubic,open,26,60.191,41.0,0,5,6.005,4.973,2604953,1830
4.060,a-cubic,open,27,56.956,41.0,0,5,6.59,5.069,2642601,1857
4.110,a-cubic,open,27,54.851,41.0,0,5,6.843,5.582,2677353,1881
4.160,a-cubic,open,28,54.724,41.0,0,5,7.112,5.524,2713553,1907
4.210,a-cubic,open,28,56.581,41.0,0,5,6.879,5.699,2748305,1931
4.260,a-cubic,open,29,58.488,41.0,0,5,6.892,5.579,2778713,1953
4.310,a-cubic,open,29,58.42,41.0,0,5,6.9,5.661,2816361,1979
4.361,a-cubic,open,30,60.312,41.0,0,5,6.914,5.548,2852561,2005
4.411,a-cubic,recovery,27,60.144,41.0,1,6,7.858,5.566,2878625,2029
4.461,a-cubic,open,21,60.192,41.0,0,6,4.85,5.533,2923513,2046
4.511,a-cubic,open,22,56.657,41.0,0,6,5.398,4.031,2952473,2067
4.561,a-cubic,open,22,52.213,41.0,0,6,5.857,4.589,2979985,2086
4.611,a-cubic,open,23,52.366,41.0,0,6,6.105,4.782,3011841,2109
4.661,a-cubic,open,23,54.225,41.0,0,6,5.896,4.888,3039353,2128
4.711,a-cubic,open,24,55.3,41.0,0,6,6.033,4.888,3072657,2152
4.761,a-cubic,open,24,56.739,41.0,0,6,5.88,4.884,3101617,2172
4.811,a-cubic,open,25,57.607,41.0,0,6,6.033,4.782,3132025,2194
4.862,a-cubic,open,25,59.26,41.0,0,6,5.864,4.88,3162433,2215
4.912,a-cubic,open,25,59.633,41.0,0,6,5.828,4.782,3191393,2235
4.962,a-cubic,open,26,60.813,41.0,0,6,5.943,4.782,3220353,2256
5.012,a-cubic,open,26,60.66,41.0,0,6,5.958,5.075,3253657,2279
5.062,a-cubic,open,26,60.554,41.0,0,6,5.969,4.973,3285513,2301
5.112,a-cubic,open,27,55.595,41.0,0,6,6.751,5.181,3318817,2325
5.162,a-cubic,open,27,54.231,41.0,0,6,6.921,5.738,3356465,2351
5.212,a-cubic,open,27,55.287,41.0,0,6,6.789,5.613,3392665,2376
5.262,a-cubic,open,28,56.415,41.0,0,6,6.899,5.494,3425969,2400
5.312,a-cubic,open,28,57.266,41.0,0,6,6.797,5.579,3459273,2423
5.363,a-cubic,open,29,58.188,41.0,0,6,6.928,5.574,3496921,2450
5.413,a-cubic,recovery,23,58.672,41.0,1,7,9.951,5.374,3504161,2469
5.463,a-cubic,open,20,58.17,41.0,0,7,4.779,4.798,3563529,2488
5.513,a-cubic,open,21,52.786,41.0,0,7,5.53,4.096,3592489,2509
5.563,a-cubic,open,21,51.46,41.0,0,7,5.673,4.67,3620001,2528
5.613,a-cubic,open,21,52.336,41.0,0,7,5.578,4.669,3647513,2547
5.663,a-cubic,open,22,51.994,41.0,0,7,5.882,4.622,3677921,2569
5.713,a-cubic,open,22,53.624,41.0,0,7,5.703,4.674,3705433,2588
5.763,a-cubic,open,22,54.21,41.0,0,7,5.641,4.673,3734393,2608
5.814,a-cubic,open,23,55.666,41.0,0,7,5.743,4.575,3766249,2631
5.864,a-cubic,open,24,56.202,41.0,0,7,5.936,4.679,3792313,2650
5.914,a-cubic,open,24,58.247,41.0,0,7,5.728,4.684,3824169,2672
5.964,a-cubic,open,24,59.455,41.0,0,7,5.611,4.685,3853129,2692
6.014,a-cubic,open,25,59.385,41.0,0,7,5.852,4.584,3880641,2712
6.064,a-cubic,open,25,61.075,41.0,0,7,5.69,4.787,3909601,2732
6.114,a-cubic,open,26,61.164,41.0,0,7,5.909,4.782,3938561,2753
6.164,a-cubic,recovery,18,54.859,41.0,1,8,10.136,4.723,3941457,2771
6.215,a-cubic,open,19,47.745,41.0,0,8,5.532,4.198,4006617,2794
6.265,a-cubic,open,20,44.326,41.0,0,8,6.272,4.906,4037025,2816
6.315,a-cubic,open,20,46.934,41.0,0,8,5.924,4.779,4064537,2834
6.365,a-cubic,open,20,47.716,41.0,0,8,5.826,4.707,4097841,2858
6.415,a-cubic,open,21,49.115,41.0,0,8,5.943,4.663,4126801,2879
6.466,a-cubic,open,21,50.185,41.0,0,8,5.817,4.785,4157209,2900
6.516,a-cubic,open,21,51.122,41.0,0,8,5.71,4.671,4184721,2919
6.566,a-cubic,open,22,51.946,41.0,0,8,5.887,4.671,4215129,2941
6.616,a-cubic,open,22,52.544,41.0,0,8,5.82,4.782,4242641,2960
6.666,a-cubic,open,23,53.604,41.0,0,8,5.964,4.676,4271601,2981
6.716,a-cubic,open,23,55.079,41.0,0,8,5.805,4.676,4302009,3002
6.766,a-cubic,open,24,55.777,41.0,0,8,5.981,4.782,4332417,3024
6.816,a-cubic,open,24,56.965,41.0,0,8,5.857,4.68,4359929,3043
6.866,a-cubic,open,24,58.009,41.0,0,8,5.751,4.782,4390337,3064
6.916,a-cubic,open,25,59.418,41.0,0,8,5.849,4.684,4419297,3085
6.966,a-cubic,open,25,60.441,41.0,0,8,5.75,4.782,4449705,3106
7.016,a-cubic,recovery,23,60.967,41.0,1,9,6.612,4.516,4468529,3124
7.067,a-cubic,recovery,18,60.014,41.0,1,10,6.022,4.328,4494593,3141
7.117,a-cubic,open,18,56.047,41.0,0,10,4.464,3.387,4530793,3157
7.167,a-cubic,open,19,55.82,41.0,0,10,4.731,3.825,4556857,3176
7.217,a-cubic,open,20,55.584,41.0,0,10,5.002,3.867,4578577,3192
7.267,a-cubic,open,20,56.167,41.0,0,10,4.95,3.95,4601745,3208
7.317,a-cubic,open,20,57.984,41.0,0,10,4.795,3.904,4627809,3226
7.367,a-cubic,open,21,58.835,41.0,0,10,4.962,3.985,4650977,3243
7.417,a-cubic,open,21,60.211,41.0,0,10,4.848,4.017,4678489,3262
7.468,a-cubic,open,22,60.6,41.0,0,10,5.046,4.099,4704553,3281
7.518,a-cubic,open,22,60.633,41.0,0,10,5.044,4.099,4730617,3299
7.568,a-cubic,open,22,55.181,41.0,0,10,5.542,4.383,4761025,3320
7.618,a-cubic,open,22,52.602,41.0,0,10,5.814,4.886,4789985,3340
7.668,a-cubic,open,23,53.408,41.0,0,10,5.986,4.782,4821841,3363
7.718,a-cubic,open,23,55.247,41.0,0,10,5.787,4.78,4849353,3382
7.768,a-cubic,open,23,55.822,41.0,0,10,5.727,4.776,4878313,3402
7.818,a-cubic,open,24,56.8,41.0,0,10,5.874,4.682,4907273,3423
7.868,a-cubic,open,24,57.469,41.0,0,10,5.805,4.884,4937681,3444
7.919,a-cubic,open,25,58.962,41.0,0,10,5.894,4.683,4966641,3465
7.969,a-cubic,open,25,60.584,41.0,0,10,5.736,4.771,4998497,3487
8.019,a-cubic,open,26,60.751,41.0,0,10,5.949,4.79,5030353,3510
8.069,a-cubic,recovery,22,60.891,41.0,1,11,7.762,4.707,5040489,3526
8.119,a-cubic,open,18,60.776,41.0,0,11,4.117,4.76,5083929,3540
8.169,a-cubic,open,19,50.885,41.0,0,11,5.19,3.652,5115785,3563
8.219,a-cubic,open,20,45.411,41.0,0,11,6.122,4.613,5143297,3583
8.270,a-cubic,open,20,46.232,41.0,0,11,6.013,4.905,5175153,3605
8.320,a-cubic,open,20,47.389,41.0,0,11,5.867,4.905,5207009,3627
8.370,a-cubic,open,21,47.872,41.0,0,11,6.098,4.905,5235969,3648
8.420,a-cubic,open,21,49.327,41.0,0,11,5.918,4.896,5264929,3668
8.470,a-cubic,open,21,50.176,41.0,0,11,5.818,4.896,5295337,3689
8.520,a-cubic,open,22,50.615,41.0,0,11,6.042,4.899,5324297,3710
8.570,a-cubic,open,22,52.083,41.0,0,11,5.872,4.782,5356153,3732
8.621,a-cubic,open,23,53.222,41.0,0,11,6.007,4.782,5388009,3755
8.671,a-cubic,open,23,54.564,41.0,0,11,5.859,4.787,5416969,3775
8.721,a-cubic,open,24,55.525,41.0,0,11,6.008,4.784,5447377,3797
8.771,a-cubic,open,24,56.474,41.0,0,11,5.907,4.784,5476337,3817
8.821,a-cubic,open,25,57.229,41.0,0,11,6.072,4.78,5508193,3840
8.871,a-cubic,open,25,58.686,41.0,0,11,5.922,4.874,5538601,3861
8.921,a-cubic,open,26,60.178,41.0,0,11,6.006,4.782,5566113,3881
8.971,a-cubic,open,26,59.977,41.0,0,11,6.026,4.784,5595073,3901
9.021,a-cubic,open,27,59.901,41.0,0,11,6.266,4.973,5629825,3926
9.072,a-cubic,open,27,56.978,41.0,0,11,6.587,5.075,5664577,3950
9.122,a-cubic,open,27,53.95,41.0,0,11,6.957,5.869,5703673,3977
9.172,a-cubic,open,28,54.225,41.0,0,11,7.178,5.613,5736977,4001
9.222,a-cubic,open,28,57.231,41.0,0,11,6.801,5.494,5773177,4026
9.272,a-cubic,open,29,58.038,41.0,0,11,6.946,5.494,5809377,4052
9.322,a-cubic,open,29,59.189,41.0,0,11,6.811,5.661,5841233,4074
9.372,a-cubic,open,30,60.777,41.0,0,11,6.862,5.547,5875985,4099
9.422,a-cubic,open,30,59.827,41.0,0,11,6.97,5.856,5912185,4124
9.473,a-cubic,open,31,59.962,41.0,0,11,7.187,5.856,5951281,4152
9.523,a-cubic,open,31,54.814,41.0,0,11,7.862,5.856,5991825,4180
9.573,a-cubic,open,31,54.46,41.0,0,11,7.913,6.588,6033817,4209
9.623,a-cubic,open,32,56.104,41.0,0,11,7.929,6.445,6075809,4239
9.673,a-cubic,open,32,56.731,41.0,0,11,7.841,6.512,6113457,4265
9.723,a-cubic,open,33,57.077,41.0,0,11,8.037,6.512,6152553,4293
9.773,a-cubic,open,33,58.316,41.0,0,11,7.866,6.575,6195993,4323
9.823,a-cubic,open,34,59.636,41.0,0,11,7.925,6.441,6236537,4352
9.874,a-cubic,open,34,60.738,41.0,0,11,7.781,6.441,6277081,4380
9.924,a-cubic,open,35,60.352,41.0,0,11,8.061,6.503,6317625,4409
9.974,a-cubic,open,35,59.809,41.0,0,11,8.135,6.831,6361065,4439
10.024,a-cubic,open,36,55.569,41.0,0,11,9.005,6.974,6408849,4473
10.074,a-cubic,open,36,56.453,41.0,0,11,8.864,7.326,6453737,4504
10.124,a-cubic,open,37,57.952,41.0,0,11,8.875,7.323,6501521,4538
10.174,a-cubic,open,37,59.101,41.0,0,11,8.703,7.023,6542065,4566
10.224,a-cubic,open,38,60.47,41.0,0,11,8.735,7.08,6585505,4597
10.274,a-cubic,open,38,60.952,41.0,0,11,8.666,7.077,6631841,4629
10.325,a-cubic,recovery,28,60.923,41.0,2,13,12.093,6.775,6637633,4650
10.375,a-cubic,open,26,57.838,41.0,0,13,6.249,5.566,6714377,4676
10.425,a-cubic,open,27,49.574,41.0,0,13,7.571,5.911,6754921,4705
10.475,a-cubic,open,28,49.276,41.0,0,13,7.899,6.148,6791121,4731
10.525,a-cubic,open,29,51.427,41.0,0,13,7.839,6.228,6828769,4758
10.575,a-cubic,open,29,52.524,41.0,0,13,7.675,6.228,6869313,4786
10.625,a-cubic,open,30,54.178,41.0,0,13,7.697,6.164,6908409,4814
10.675,a-cubic,open,30,55.38,41.0,0,13,7.53,6.105,6946057,4840
10.725,a-cubic,open,31,56.375,41.0,0,13,7.644,6.237,6986601,4869
10.776,a-cubic,open,31,57.254,41.0,0,13,7.526,6.177,7021353,4893
10.826,a-cubic,open,31,59.022,41.0,0,13,7.301,6.051,7060449,4920
10.876,a-cubic,open,32,58.931,41.0,0,13,7.548,6.051,7099545,4948
10.926,a-cubic,recovery,29,59.836,41.0,1,14,8.131,5.95,7129953,4973
10.976,a-cubic,recovery,22,59.828,41.0,1,14,12.082,5.855,7129953,4991
11.026,a-cubic,open,23,54.887,41.0,0,14,5.825,4.223,7208145,5015
11.076,a-cubic,open,23,51.12,41.0,0,14,6.254,4.795,7237105,5035
11.126,a-cubic,open,23,52.225,41.0,0,14,6.122,5.0,7270409,5058
11.177,a-cubic,open,24,52.917,41.0,0,14,6.304,4.999,7300817,5080
11.227,a-cubic,open,24,54.406,41.0,0,14,6.132,5.101,7331225,5101
11.277,a-cubic,open,24,55.345,41.0,0,14,6.028,4.99,7363081,5123
11.327,a-cubic,open,25,56.495,41.0,0,14,6.151,4.99,7393489,5145
11.377,a-cubic,open,25,57.692,41.0,0,14,6.024,4.979,7425345,5167
11.427,a-cubic,open,26,57.98,41.0,0,14,6.234,4.874,7458649,5191
11.477,a-cubic,open,26,58.85,41.0,0,14,6.141,5.075,7490505,5213
11.528,a-cubic,open,27,60.403,41.0,0,14,6.214,4.974,7519465,5234
11.578,a-cubic,open,27,60.601,41.0,0,14,6.193,5.075,7552769,5257
11.628,a-cubic,open,28,58.552,41.0,0,14,6.647,5.27,7587521,5282
11.678,a-cubic,open,28,54.487,41.0,0,14,7.143,5.373,7623721,5307
11.728,a-cubic,open,29,53.932,41.0,0,14,7.475,6.086,7661369,5334
11.778,a-cubic,open,29,55.159,41.0,0,14,7.308,5.822,7696121,5358
11.828,a-cubic,open,29,56.814,41.0,0,14,7.095,5.77,7735217,5385
11.878,a-cubic,open,30,58.055,41.0,0,14,7.183,5.784,7771417,5411
11.928,a-cubic,open,30,59.341,41.0,0,14,7.027,5.777,7809065,5437
11.979,a-cubic,open,31,60.667,41.0,0,14,7.103,5.74,7840921,5460
12.029,a-cubic,recovery,26,60.673,41.0,1,15,8.706,5.548,7861193,5482
12.079,a-cubic,open,21,60.244,41.0,0,15,4.846,5.263,7913321,5501
12.129,a-cubic,open,22,54.561,41.0,0,15,5.605,4.354,7943729,5523
12.179,a-cubic,open,23,51.712,41.0,0,15,6.183,4.893,7972689,5544
12.229,a-cubic,open,23,51.966,41.0,0,15,6.152,4.893,8001649,5564
12.279,a-cubic,open,24,54.002,41.0,0,15,6.178,4.888,8034953,5588
12.329,a-cubic,open,24,55.292,41.0,0,15,6.034,4.99,8066809,5610
12.379,a-cubic,open,25,56.128,41.0,0,15,6.191,4.884,8095769,5631
12.429,a-cubic,open,25,57.217,41.0,0,15,6.074,5.086,8129073,5654
12.480,a-cubic,open,25,57.72,41.0,0,15,6.021,4.978,8158033,5674
12.530,a-cubic,open,26,58.748,41.0,0,15,6.152,4.88,8188441,5696
12.580,a-cubic,open,26,59.563,41.0,0,15,6.068,4.973,8220297,5718
12.630,a-cubic,recovery,21,60.279,41.0,1,16,7.61,4.591,8230433,5734
12.680,a-cubic,open,18,59.699,41.0,0,16,4.191,4.282,8278217,5751
12.730,a-cubic,open,19,55.907,41.0,0,16,4.724,3.785,8304281,5770
12.780,a-cubic,open,19,53.887,41.0,0,16,4.901,4.038,8328897,5787
12.830,a-cubic,open,20,54.63,41.0,0,16,5.089,3.95,8352065,5804
12.880,a-cubic,open,20,55.032,41.0,0,16,5.052,3.95,8376681,5821
12.931,a-cubic,open,20,56.436,41.0,0,16,4.926,3.985,8402745,5839
12.981,a-cubic,open,20,57.212,41.0,0,16,4.859,4.07,8425913,5855
13.031,a-cubic,open,21,57.881,41.0,0,16,5.043,3.985,8451977,5874
13.081,a-cubic,open,21,58.772,41.0,0,16,4.967,3.862,8478041,5892
13.131,a-cubic,open,22,60.17,41.0,0,16,5.083,4.099,8502657,5910
13.181,a-cubic,recovery,16,60.716,41.0,1,17,7.097,3.764,8504105,5921
13.231,a-cubic,open,15,61.221,41.0,0,17,3.406,3.455,8546097,5934
13.281,a-cubic,open,16,53.384,41.0,0,17,4.166,3.107,8570713,5952
13.332,a-cubic,open,17,46.135,41.0,0,17,5.122,3.749,8596777,5971
13.382,a-cubic,open,17,46.391,41.0,0,17,5.094,4.168,8621393,5988
13.432,a-cubic,open,17,48.295,41.0,0,17,4.893,4.066,8646009,6005
13.482,a-cubic,open,18,48.62,41.0,0,17,5.146,4.063,8670625,6023
13.532,a-cubic,open,18,50.041,41.0,0,17,5.0,4.1,8695241,6040
13.582,a-cubic,open,18,50.905,41.0,0,17,4.915,4.097,8721305,6058
13.632,a-cubic,open,19,51.793,41.0,0,17,5.099,4.004,8747369,6077
13.682,a-cubic,open,19,53.253,41.0,0,17,4.96,4.125,8774881,6096
13.732,a-cubic,open,20,53.387,41.0,0,17,5.207,4.132,8798049,6113
13.782,a-cubic,open,20,55.45,41.0,0,17,5.014,4.16,8824113,6131
13.833,a-cubic,open,21,56.552,41.0,0,17,5.162,4.153,8851625,6151
13.883,a-cubic,open,21,57.169,41.0,0,17,5.106,4.184,8876241,6168
13.933,a-cubic,open,22,59.044,41.0,0,17,5.179,4.18,8903753,6188
13.983,a-cubic,open,22,59.423,41.0,0,17,5.146,4.38,8928369,6205
14.033,a-cubic,disorder,22,59.337,41.0,0,17,5.154,3.989,8954433,6224
14.083,a-cubic,recovery,15,59.339,41.0,1,18,7.731,4.057,8954433,6236
14.133,a-cubic,open,15,57.808,41.0,0,18,3.607,2.997,9002217,6250
14.183,a-cubic,open,16,55.732,41.0,0,18,3.991,3.176,9021041,6264
14.234,a-cubic,open,17,54.633,41.0,0,18,4.325,3.399,9044209,6281
14.284,a-cubic,open,17,55.974,41.0,0,18,4.222,3.458,9065929,6296
14.334,a-cubic,open,17,56.248,41.0,0,18,4.201,3.46,9086201,6310
14.384,a-cubic,open,18,57.225,41.0,0,18,4.372,3.459,9110817,6328
14.434,a-cubic,open,18,58.774,41.0,0,18,4.257,3.513,9131089,6342
14.484,a-cubic,open,18,60.357,41.0,0,18,4.146,3.443,9149913,6355
14.534,a-cubic,open,19,60.113,41.0,0,18,4.394,3.443,9171633,6371
14.584,a-cubic,open,19,60.582,41.0,0,18,4.36,3.634,9196249,6388
14.635,a-cubic,open,19,59.57,41.0,0,18,4.434,3.709,9219417,6404
14.685,a-cubic,open,20,53.13,41.0,0,18,5.233,3.837,9246929,6424
14.735,a-cubic,open,20,52.724,41.0,0,18,5.273,4.347,9275889,6444
14.785,a-cubic,open,21,53.842,41.0,0,18,5.422,4.447,9303401,6464
14.835,a-cubic,open,21,55.327,41.0,0,18,5.276,4.366,9329465,6482
14.885,a-cubic,open,22,57.078,41.0,0,18,5.358,4.273,9355529,6501
14.936,a-cubic,open,22,58.308,41.0,0,18,5.245,4.384,9381593,6519
14.986,a-cubic,open,23,58.593,41.0,0,18,5.457,4.477,9409105,6539
15.036,a-cubic,open,23,59.334,41.0,0,18,5.388,4.383,9435169,6557
15.086,a-cubic,open,23,61.147,41.0,0,18,5.229,4.399,9461233,6575
15.136,a-cubic,open,24,60.901,41.0,0,18,5.478,4.4,9488745,6595
15.186,a-cubic,recovery,20,60.704,41.0,1,19,7.328,4.414,9498881,6612
15.236,a-cubic,open,16,54.376,41.0,0,19,4.09,3.721,9548113,6629
15.286,a-cubic,open,17,47.357,41.0,0,19,4.99,4.137,9574177,6648
15.337,a-cubic,open,18,45.336,41.0,0,19,5.519,4.369,9601689,6668
15.387,a-cubic,open,18,45.74,41.0,0,19,5.47,4.53,9630649,6688
15.437,a-cubic,open,18,46.737,41.0,0,19,5.354,4.413,9659609,6708
15.487,a-cubic,open,19,46.915,41.0,0,19,5.63,4.413,9685673,6727
15.537,a-cubic,open,19,48.739,41.0,0,19,5.419,4.543,9713185,6746
15.587,a-cubic,open,19,49.648,41.0,0,19,5.32,4.543,9740697,6765
15.637,a-cubic,open,20,50.926,41.0,0,19,5.459,4.327,9768209,6785
15.687,a-cubic,open,20,52.355,41.0,0,19,5.31,4.448,9797169,6805
15.738,a-cubic,open,21,53.818,41.0,0,19,5.424,4.347,9824681,6825
15.788,a-cubic,open,22,54.732,41.0,0,19,5.588,4.295,9853641,6846
15.838,a-cubic,open,22,56.535,41.0,0,19,5.409,4.477,9878257,6863
15.888,a-cubic,open,23,57.895,41.0,0,19,5.522,4.365,9907217,6884
15.938,a-cubic,open,23,58.76,41.0,0,19,5.441,4.385,9931833,6901
15.988,a-cubic,open,23,59.96,41.0,0,19,5.332,4.49,9960793,6921
16.038,a-cubic,open,24,60.003,41.0,0,19,5.56,4.488,9988305,6941
16.091,a-cubic,open,24,61.06,41.0,0,19,5.464,4.398,10017265,6961
16.141,a-cubic,recovery,16,60.875,41.0,1,20,7.764,4.331,10018713,6974
16.191,a-cubic,open,16,58.996,41.0,0,20,3.77,3.013,10069393,6990
16.242,a-cubic,open,17,50.22,41.0,0,20,4.706,3.63,10095457,7009
16.292,a-cubic,open,18,45.726,41.0,0,20,5.472,4.424,10122969,7029
16.342,a-cubic,open,18,46.034,41.0,0,20,5.435,4.416,10149033,7047
16.392,a-cubic,open,18,46.993,41.0,0,20,5.324,4.414,10177993,7067
16.442,a-cubic,open,19,46.985,41.0,0,20,5.621,4.414,10204057,7086
16.492,a-cubic,open,19,49.224,41.0,0,20,5.365,4.543,10234465,7107
16.542,a-cubic,open,20,49.891,41.0,0,20,5.572,4.543,10261977,7127
16.593,a-cubic,open,20,50.439,41.0,0,20,5.512,4.327,10289489,7146
16.643,a-cubic,open,20,52.362,41.0,0,20,5.309,4.554,10318449,7166
16.693,a-cubic,open,21,52.801,41.0,0,20,5.529,4.326,10345961,7186
16.743,a-cubic,open,22,53.729,41.0,0,20,5.692,4.563,10372025,7205
16.793,a-cubic,open,22,55.407,41.0,0,20,5.519,4.677,10399537,7224
16.843,a-cubic,open,23,56.591,41.0,0,20,5.65,4.576,10427049,7244
16.893,a-cubic,open,23,57.199,41.0,0,20,5.59,4.583,10456009,7264
16.943,a-cubic,open,23,59.183,41.0,0,20,5.402,4.582,10486417,7285
16.994,a-cubic,open,24,59.434,41.0,0,20,5.613,4.489,10513929,7305
17.044,a-cubic,open,24,60.071,41.0,0,20,5.554,4.591,10541441,7324
17.094,a-cubic,open,25,60.489,41.0,0,20,5.745,4.591,10571849,7346
17.144,a-cubic,open,25,60.404,41.0,0,20,5.753,4.88,10602257,7367
17.194,a-cubic,open,26,53.746,41.0,0,20,6.725,4.81,10635561,7391
17.244,a-cubic,open,26,53.192,41.0,0,20,6.795,5.529,10673209,7417
17.294,a-cubic,open,27,54.082,41.0,0,20,6.94,5.579,10706513,7441
17.344,a-cubic,open,27,54.913,41.0,0,20,6.835,5.614,10739817,7464
17.394,a-cubic,open,28,56.569,41.0,0,20,6.88,5.492,10776017,7490
17.445,a-cubic,open,28,56.775,41.0,0,20,6.856,5.492,10809321,7513
17.495,a-cubic,open,29,57.999,41.0,0,20,6.951,5.577,10846969,7540
17.545,a-cubic,open,29,58.411,41.0,0,20,6.901,5.581,10880273,7563
17.595,a-cubic,open,30,60.113,41.0,0,20,6.937,5.547,10916473,7589
17.645,a-cubic,recovery,29,60.573,41.0,1,21,7.344,5.269,10945433,7612
17.695,a-cubic,recovery,21,60.742,41.0,1,21,10.985,5.459,10945433,7628
17.745,a-cubic,open,21,55.731,41.0,0,21,5.238,4.033,11017833,7651
17.795,a-cubic,open,22,45.884,41.0,0,21,6.665,5.002,11051137,7675
17.845,a-cubic,open,23,45.622,41.0,0,21,7.008,5.537,11085889,7700
17.896,a-cubic,open,23,47.297,41.0,0,21,6.76,5.499,11122089,7725
17.946,a-cubic,open,24,47.916,41.0,0,21,6.963,5.499,11155393,7749
17.996,a-cubic,open,24,48.696,41.0,0,21,6.851,5.738,11190145,7773
18.046,a-cubic,open,25,49.71,41.0,0,21,6.991,5.465,11224897,7798
18.096,a-cubic,open,25,50.409,41.0,0,21,6.894,5.596,11261097,7823
18.146,a-cubic,open,25,51.867,41.0,0,21,6.7,5.559,11295849,7847
18.196,a-cubic,open,26,52.991,41.0,0,21,6.82,5.434,11329153,7871
18.247,a-cubic,open,26,54.257,41.0,0,21,6.661,5.526,11363905,7895
18.297,a-cubic,open,27,55.494,41.0,0,21,6.763,5.526,11395761,7918
18.347,a-cubic,open,27,55.427,41.0,0,21,6.771,5.406,11429065,7941
18.397,a-cubic,open,28,56.752,41.0,0,21,6.858,5.494,11468161,7969
18.447,a-cubic,open,28,57.134,41.0,0,21,6.812,5.494,11500017,7991
18.497,a-cubic,open,28,58.634,41.0,0,21,6.638,5.465,11534769,8015
18.547,a-cubic,open,29,60.173,41.0,0,21,6.699,5.465,11569521,8040
18.597,a-cubic,open,29,60.304,41.0,0,21,6.685,5.503,11605721,8065
18.648,a-cubic,open,30,59.66,41.0,0,21,6.99,5.741,11640473,8090
18.698,a-cubic,open,30,56.732,41.0,0,21,7.351,5.977,11676673,8115
18.748,a-cubic,open,31,55.48,41.0,0,21,7.767,6.376,11718665,8145
18.798,a-cubic,open,31,56.39,41.0,0,21,7.642,6.305,11757761,8172
18.848,a-cubic,open,32,58.032,41.0,0,21,7.665,6.169,11799753,8202
18.898,a-cubic,open,32,59.08,41.0,0,21,7.529,6.054,11834505,8226
18.948,a-cubic,open,33,60.502,41.0,0,21,7.582,6.051,11873601,8254
18.998,a-cubic,open,33,60.278,41.0,0,21,7.61,6.121,11909801,8279
19.048,a-cubic,open,33,60.846,41.0,0,21,7.539,6.441,11951793,8308
19.098,a-cubic,open,34,59.339,41.0,0,21,7.965,6.121,11995233,8339
19.149,a-cubic,open,34,57.044,41.0,0,21,8.285,6.774,12037225,8368
19.199,a-cubic,open,35,57.196,41.0,0,21,8.506,6.918,12083561,8401
19.249,a-cubic,open,35,59.082,41.0,0,21,8.235,6.774,12124105,8429
19.299,a-cubic,open,36,59.277,41.0,0,21,8.442,6.765,12166097,8459
19.349,a-cubic,open,36,59.034,41.0,0,21,8.477,6.831,12209537,8489
19.399,a-cubic,recovery,30,60.095,41.0,1,22,10.64,6.721,12225465,8512
19.449,a-cubic,open,25,58.797,41.0,0,22,5.91,5.761,12293521,8537
19.499,a-cubic,open,26,51.493,41.0,0,22,7.019,5.389,12329721,8563
19.550,a-cubic,open,27,49.367,41.0,0,22,7.603,6.044,12367369,8590
19.600,a-cubic,open,28,50.537,41.0,0,22,7.702,6.006,12403569,8615
19.650,a-cubic,open,28,52.499,41.0,0,22,7.414,6.006,12442665,8643
19.700,a-cubic,open,28,54.461,41.0,0,22,7.147,5.951,12478865,8668
19.750,a-cubic,open,29,55.566,41.0,0,22,7.255,5.822,12516513,8695
19.800,a-cubic,open,29,56.866,41.0,0,22,7.089,5.901,12552713,8720
19.850,a-cubic,open,30,58.167,41.0,0,22,7.169,5.778,12586017,8744
19.900,a-cubic,open,30,58.345,41.0,0,22,7.148,5.778,12623665,8770
19.950,a-cubic,open,31,59.813,41.0,0,22,7.204,5.738,12658417,8795
20.001,a-cubic,open,31,59.92,41.0,0,22,7.192,5.738,12696065,8821
20.051,a-cubic,recovery,28,60.677,41.0,1,23,8.018,5.645,12722129,8845
20.101,a-cubic,open,21,58.591,41.0,0,23,4.982,5.567,12771361,8864
20.151,a-cubic,open,22,46.936,41.0,0,23,6.516,4.879,12807561,8890
20.201,a-cubic,open,22,44.214,41.0,0,23,6.917,5.441,12839417,8912
20.251,a-cubic,open,23,45.642,41.0,0,23,7.005,5.537,12877065,8939
20.301,a-cubic,open,23,46.258,41.0,0,23,6.912,5.64,12910369,8962
20.352,a-cubic,open,23,46.809,41.0,0,23,6.83,5.64,12946569,8987
20.402,a-cubic,open,24,47.612,41.0,0,23,7.007,5.641,12979873,9011
20.452,a-cubic,open,24,48.707,41.0,0,23,6.849,5.598,13014625,9035
20.502,a-cubic,open,25,49.231,41.0,0,23,7.059,5.739,13052273,9062
20.552,a-cubic,open,26,51.114,41.0,0,23,7.071,5.465,13087025,9086
20.602,a-cubic,open,26,52.076,41.0,0,23,6.94,5.434,13120329,9110
20.652,a-cubic,open,26,53.265,41.0,0,23,6.785,5.649,13155081,9134
20.702,a-cubic,open,27,53.706,41.0,0,23,6.988,5.528,13192729,9161
20.753,a-cubic,open,27,55.664,41.0,0,23,6.743,5.614,13226033,9184
20.803,a-cubic,open,28,56.258,41.0,0,23,6.918,5.614,13262233,9210
20.853,a-cubic,open,28,58.372,41.0,0,23,6.668,5.465,13294089,9232
20.903,a-cubic,open,29,59.051,41.0,0,23,6.827,5.406,13331737,9259
20.953,a-cubic,open,29,59.931,41.0,0,23,6.726,5.66,13363593,9281
21.003,a-cubic,open,30,60.66,41.0,0,23,6.875,5.547,13398345,9306
21.053,a-cubic,open,30,59.876,41.0,0,23,6.965,5.738,13437441,9333
21.103,a-cubic,open,31,55.28,41.0,0,23,7.795,5.856,13477985,9362
21.153,a-cubic,open,31,55.935,41.0,0,23,7.704,6.308,13519977,9391
21.204,a-cubic,open,31,57.428,41.0,0,23,7.504,6.309,13556177,9416
21.254,a-cubic,open,32,58.249,41.0,0,23,7.637,6.174,13596721,9445
21.304,a-cubic,open,32,58.864,41.0,0,23,7.557,6.237,13635817,9472
21.354,a-cubic,open,33,59.668,41.0,0,23,7.688,6.119,13672017,9498
21.404,a-cubic,open,33,60.618,41.0,0,23,7.567,6.441,13714009,9527
21.454,a-cubic,open,34,60.35,41.0,0,23,7.831,6.312,13754553,9556
21.504,a-cubic,open,34,57.081,41.0,0,23,8.28,6.623,13796545,9585
21.554,a-cubic,open,35,54.911,41.0,0,23,8.86,7.088,13845777,9620
21.604,a-cubic,open,35,57.502,41.0,0,23,8.461,6.974,13886321,9648
21.655,a-cubic,open,36,57.977,41.0,0,23,8.631,6.968,13929761,9679
21.705,a-cubic,open,36,58.61,41.0,0,23,8.538,7.025,13974649,9710
21.755,a-cubic,open,36,60.224,41.0,0,23,8.309,6.886,14018089,9740
21.805,a-cubic,open,37,60.714,41.0,0,23,8.471,6.886,14060081,9770
21.855,a-cubic,recovery,31,60.584,41.0,1,24,10.784,6.697,14078905,9795
21.905,a-cubic,open,25,59.43,41.0,0,24,5.848,6.096,14145513,9818
21.955,a-cubic,open,26,47.752,41.0,0,24,7.569,5.4,14184609,9846
22.005,a-cubic,open,27,44.423,41.0,0,24,8.449,6.585,14228049,9877
22.056,a-cubic,open,28,45.952,41.0,0,24,8.47,6.74,14270041,9907
22.106,a-cubic,open,28,46.758,41.0,0,24,8.324,6.695,14310585,9935
22.156,a-cubic,open,29,48.515,41.0,0,24,8.309,6.691,14354025,9966
22.206,a-cubic,open,29,48.134,41.0,0,24,8.375,6.802,14398913,9997
22.256,a-cubic,open,30,49.709,41.0,0,24,8.389,6.601,14438009,10025
22.306,a-cubic,open,30,50.596,41.0,0,24,8.242,6.601,14480001,10054
22.356,a-cubic,open,30,51.961,41.0,0,24,8.026,6.521,14520545,10082
22.406,a-cubic,open,31,52.523,41.0,0,24,8.204,6.673,14562537,10112
22.457,a-cubic,open,31,52.825,41.0,0,24,8.158,6.735,14604529,10141
22.507,a-cubic,open,32,55.067,41.0,0,24,8.078,6.445,14646521,10171
22.557,a-cubic,open,32,55.756,41.0,0,24,7.978,6.646,14685617,10198
22.607,a-cubic,open,32,57.566,41.0,0,24,7.727,6.513,14727609,10227
22.657,a-cubic,open,33,57.935,41.0,0,24,7.918,6.514,14766705,10255
22.707,a-cubic,open,33,59.574,41.0,0,24,7.7,6.314,14807249,10283
22.757,a-cubic,open,33,60.542,41.0,0,24,7.577,6.312,14844897,10309
22.807,a-cubic,open,34,61.188,41.0,0,24,7.724,6.312,14885441,10338
22.857,a-cubic,open,34,60.376,41.0,0,24,7.828,6.301,14925985,10366
22.908,a-cubic,recovery,25,57.279,41.0,1,25,11.891,6.575,14933225,10388
22.958,a-cubic,open,23,49.44,41.0,0,25,6.467,4.799,15009969,10414
23.008,a-cubic,open,24,44.817,41.0,0,25,7.444,6.092,15046169,10440
23.058,a-cubic,open,24,44.671,41.0,0,25,7.468,6.041,15083817,10466
23.108,a-cubic,open,25,45.831,41.0,0,25,7.582,6.04,15121465,10493
23.158,a-cubic,open,25,46.528,41.0,0,25,7.469,6.131,15160561,10520
23.208,a-cubic,open,26,46.965,41.0,0,25,7.695,6.127,15196761,10546
23.258,a-cubic,open,26,48.574,41.0,0,25,7.441,5.975,15235857,10573
23.308,a-cubic,open,27,49.335,41.0,0,25,7.608,6.065,15270609,10598
23.359,a-cubic,open,27,50.729,41.0,0,25,7.398,6.138,15309705,10625
23.409,a-cubic,open,28,51.562,41.0,0,25,7.549,6.138,15348801,10653
23.459,a-cubic,open,28,53.226,41.0,0,25,7.313,5.949,15386449,10679
23.509,a-cubic,open,29,54.156,41.0,0,25,7.444,5.949,15426993,10708
23.559,a-cubic,open,29,55.776,41.0,0,25,7.228,5.899,15463193,10733
23.609,a-cubic,open,30,56.174,41.0,0,25,7.424,5.901,15497945,10758
23.659,a-cubic,open,30,58.265,41.0,0,25,7.157,5.978,15535593,10784
23.709,a-cubic,open,31,58.959,41.0,0,25,7.309,5.858,15568897,10808
23.760,a-cubic,open,31,59.97,41.0,0,25,7.186,5.93,15607993,10835
23.810,a-cubic,open,31,60.151,41.0,0,25,7.164,5.93,15645641,10861
23.860,a-cubic,open,32,59.498,41.0,0,25,7.476,6.051,15686185,10890
23.910,a-cubic,open,32,54.773,41.0,0,25,8.121,6.269,15729625,10920
23.960,a-cubic,open,33,55.9,41.0,0,25,8.206,6.512,15770169,10949
24.010,a-cubic,open,33,56.965,41.0,0,25,8.053,6.715,15806369,10974
24.060,a-cubic,open,34,59.23,41.0,0,25,7.979,6.441,15848361,11004
24.110,a-cubic,open,34,59.254,41.0,0,25,7.976,6.503,15887457,11031
24.161,a-cubic,open,35,60.52,41.0,0,25,8.039,6.629,15929449,11061
24.211,a-cubic,recovery,29,60.595,41.0,1,26,10.782,6.399,15945377,11085
24.261,a-cubic,open,24,60.062,41.0,0,26,5.555,5.951,16010537,11107
24.311,a-cubic,open,25,47.872,41.0,0,26,7.259,5.023,16051081,11136
24.361,a-cubic,open,26,44.288,41.0,0,26,8.161,5.95,16087281,11162
24.411,a-cubic,open,27,45.708,41.0,0,26,8.211,6.721,16130721,11193
24.461,a-cubic,open,27,46.345,41.0,0,26,8.098,6.621,16169817,11220
24.511,a-cubic,open,28,47.188,41.0,0,26,8.248,6.621,16211809,11250
24.561,a-cubic,open,28,48.301,41.0,0,26,8.058,6.695,16255249,11280
24.612,a-cubic,open,28,50.344,41.0,0,26,7.731,6.373,16294345,11307
24.662,a-cubic,open,29,51.083,41.0,0,26,7.892,6.146,16333441,11335
24.712,a-cubic,open,29,51.254,41.0,0,26,7.865,6.451,16372537,11362
24.762,a-cubic,open,29,52.692,41.0,0,26,7.65,6.45,16410185,11388
24.812,a-cubic,open,30,53.593,41.0,0,26,7.781,6.162,16452177,11418
24.862,a-cubic,open,30,54.839,41.0,0,26,7.604,6.388,16489825,11444
24.912,a-cubic,open,30,55.599,41.0,0,26,7.5,6.239,16530369,11472
24.962,a-cubic,open,31,56.691,41.0,0,26,7.601,6.105,16570913,11501
25.012,a-cubic,open,31,57.492,41.0,0,26,7.495,6.105,16608561,11527
25.063,a-cubic,open,32,58.339,41.0,0,26,7.625,6.177,16643313,11552
25.113,a-cubic,open,32,59.881,41.0,0,26,7.428,6.246,16686753,11582
25.163,a-cubic,open,33,60.579,41.0,0,26,7.572,6.121,16722953,11608
25.213,a-cubic,recovery,30,60.147,41.0,1,27,8.32,6.142,16753361,11633
25.263,a-cubic,open,23,55.52,41.0,0,27,5.759,6.052,16802593,11654
25.313,a-cubic,open,24,47.635,41.0,0,27,7.004,5.214,16841689,11682
25.363,a-cubic,open,24,44.689,41.0,0,27,7.465,6.2,16882233,11710
25.413,a-cubic,open,25,46.516,41.0,0,27,7.471,5.886,16919881,11737
25.464,a-cubic,open,25,46.993,41.0,0,27,7.395,5.978,16956081,11762
25.514,a-cubic,open,25,47.678,41.0,0,27,7.289,5.978,16995177,11789
25.564,a-cubic,open,26,48.086,41.0,0,27,7.516,5.832,17031377,11815
25.614,a-cubic,open,26,49.42,41.0,0,27,7.313,6.065,17069025,11841
25.664,a-cubic,open,27,50.976,41.0,0,27,7.363,5.783,17106673,11868
25.714,a-cubic,open,27,52.458,41.0,0,27,7.155,6.005,17144321,11894
25.764,a-cubic,open,28,53.513,41.0,0,27,7.273,5.651,17179073,11919
25.814,a-cubic,open,28,54.717,41.0,0,27,7.113,5.951,17216721,11945
25.864,a-cubic,open,29,55.616,41.0,0,27,7.248,5.822,17251473,11970
25.915,a-cubic,open,29,57.891,41.0,0,27,6.963,5.776,17287673,11995
25.965,a-cubic,open,30,58.101,41.0,0,27,7.178,5.773,17323873,12021
26.015,a-cubic,open,30,59.879,41.0,0,27,6.964,5.859,17361521,12047
26.065,a-cubic,open,31,60.551,41.0,0,27,7.117,5.739,17397721,12073
26.115,a-cubic,recovery,28,60.842,41.0,2,28,7.311,5.466,17426681,12095
26.165,a-cubic,recovery,21,60.132,41.0,2,29,11.096,5.394,17426681,12113
26.215,a-cubic,open,21,56.971,41.0,0,29,5.124,4.031,17496185,12133
26.265,a-cubic,open,22,53.124,41.0,0,29,5.757,4.671,17526593,12155
26.316,a-cubic,open,23,52.855,41.0,0,29,6.049,4.782,17555553,12176
26.366,a-cubic,open,24,54.064,41.0,0,29,6.171,4.888,17583065,12196
26.416,a-cubic,open,24,55.494,41.0,0,29,6.012,4.99,17617817,12220
26.466,a-cubic,open,25,57.035,41.0,0,29,6.093,4.884,17646777,12241
26.516,a-cubic,open,25,57.866,41.0,0,29,6.006,4.764,17678633,12263
26.566,a-cubic,open,25,59.731,41.0,0,29,5.818,4.88,17706145,12282
26.616,a-cubic,open,26,61.21,41.0,0,29,5.905,4.782,17736553,12304
26.667,a-cubic,recovery,22,60.413,41.0,1,30,7.133,4.705,17752481,12321
26.717,a-cubic,recovery,18,59.81,41.0,1,31,7.67,4.386,17769857,12337
26.767,a-cubic,open,18,56.743,41.0,0,31,4.41,3.388,17814745,12352
26.817,a-cubic,open,19,55.617,41.0,0,31,4.749,3.826,17840809,12371
26.867,a-cubic,open,19,56.409,41.0,0,31,4.682,3.866,17865425,12388
26.917,a-cubic,open,20,56.724,41.0,0,31,4.901,3.786,17890041,12406
26.967,a-cubic,open,20,57.162,41.0,0,31,4.864,3.786,17910313,12420
27.017,a-cubic,open,20,58.436,41.0,0,31,4.758,3.904,17936377,12438
27.068,a-cubic,open,20,58.576,41.0,0,31,4.746,3.902,17962441,12456
27.118,a-cubic,open,21,59.772,41.0,0,31,4.884,3.827,17985609,12473
27.168,a-cubic,open,21,60.541,41.0,0,31,4.822,3.825,18010225,12490
27.218,a-cubic,recovery,14,60.576,41.0,1,32,6.884,3.839,18010225,12501
27.268,a-cubic,open,14,59.584,41.0,0,32,3.266,2.687,18055113,12515
27.318,a-cubic,open,15,51.552,41.0,0,32,4.045,3.033,18075385,12530
27.368,a-cubic,open,15,46.398,41.0,0,32,4.494,3.511,18097105,12545
27.418,a-cubic,open,15,45.559,41.0,0,32,4.577,3.777,18121721,12562
27.469,a-cubic,open,16,46.03,41.0,0,32,4.832,3.774,18146337,12580
27.519,a-cubic,open,16,47.339,41.0,0,32,4.698,3.827,18169505,12596
27.569,a-cubic,open,17,48.255,41.0,0,32,4.897,3.827,18192673,12613
27.619,a-cubic,open,18,49.186,41.0,0,32,5.087,4.063,18217289,12631
27.669,a-cubic,open,18,50.867,41.0,0,32,4.919,4.004,18243353,12649
27.719,a-cubic,open,19,52.484,41.0,0,32,5.032,4.004,18269417,12668
27.769,a-cubic,open,19,53.155,41.0,0,32,4.969,3.868,18294033,12685
27.819,a-cubic,open,20,53.753,41.0,0,32,5.172,4.038,18318649,12703
27.869,a-cubic,open,20,54.101,41.0,0,32,5.139,4.249,18346161,12722
27.920,a-cubic,open,20,55.243,41.0,0,32,5.033,4.071,18367881,12737
27.970,a-cubic,open,21,56.479,41.0,0,32,5.169,4.07,18393945,12756
28.020,a-cubic,open,21,57.564,41.0,0,32,5.071,4.184,18421457,12775
28.070,a-cubic,open,22,59.231,41.0,0,32,5.163,4.098,18444625,12792
28.120,a-cubic,open,22,61.098,41.0,0,32,5.005,4.099,18473585,12812
28.170,a-cubic,open,23,60.52,41.0,0,32,5.283,4.162,18499649,12831
28.220,a-cubic,open,23,59.541,41.0,0,32,5.37,4.658,18528609,12851
28.270,a-cubic,open,24,53.794,41.0,0,32,6.202,4.681,18561913,12875
28.320,a-cubic,open,24,53.178,41.0,0,32,6.274,5.101,18593769,12897
28.371,a-cubic,open,25,54.852,41.0,0,32,6.336,5.101,18624177,12919
28.421,a-cubic,open,25,54.955,41.0,0,32,6.324,5.099,18653137,12939
28.471,a-cubic,open,26,56.386,41.0,0,32,6.41,5.09,18686441,12963
28.521,a-cubic,open,26,56.86,41.0,0,32,6.356,5.087,18718297,12985
28.571,a-cubic,open,26,58.084,41.0,0,32,6.222,5.18,18753049,13009
28.621,a-cubic,open,27,58.722,41.0,0,32,6.391,5.075,18783457,13031
28.671,a-cubic,open,27,59.87,41.0,0,32,6.269,5.271,18818209,13055
28.721,a-cubic,recovery,26,60.544,41.0,1,33,6.888,4.799,18841377,13076
28.772,a-cubic,recovery,19,60.436,41.0,1,33,10.35,5.076,18841377,13091
28.822,a-cubic,open,20,55.298,41.0,0,33,5.028,3.646,18909433,13112
28.872,a-cubic,open,21,45.764,41.0,0,33,6.379,4.864,18941289,13135
28.922,a-cubic,open,21,45.154,41.0,0,33,6.465,4.994,18971697,13156
28.972,a-cubic,open,22,46.629,41.0,0,33,6.559,5.15,19007897,13182
29.022,a-cubic,open,22,47.073,41.0,0,33,6.497,5.26,19039753,13204
29.072,a-cubic,open,22,48.019,41.0,0,33,6.369,5.261,19070161,13225
29.122,a-cubic,open,23,49.26,41.0,0,33,6.49,5.132,19104913,13250
29.172,a-cubic,open,23,49.917,41.0,0,33,6.405,5.237,19135321,13271
29.223,a-cubic,open,23,50.394,41.0,0,33,6.344,5.237,19168625,13294
29.273,a-cubic,open,24,51.464,41.0,0,33,6.483,5.238,19200481,13317
29.323,a-cubic,open,24,52.507,41.0,0,33,6.354,5.217,19235233,13341
29.373,a-cubic,open,25,53.667,41.0,0,33,6.475,5.214,19264193,13362
29.423,a-cubic,open,25,54.493,41.0,0,33,6.377,5.197,19300393,13387
29.473,a-cubic,open,26,55.248,41.0,0,33,6.542,5.089,19330801,13409
29.523,a-cubic,open,26,57.211,41.0,0,33,6.317,5.289,19362657,13431
29.573,a-cubic,open,27,58.133,41.0,0,33,6.456,5.071,19394513,13453
29.623,a-cubic,open,27,59.022,41.0,0,33,6.359,5.179,19426369,13476
29.673,a-cubic,recovery,25,60.074,41.0,1,34,6.479,4.893,19452433,13497
29.724,a-cubic,recovery,18,60.331,41.0,1,34,9.907,4.879,19452433,13512
29.774,a-cubic,open,18,57.111,41.0,0,34,4.381,3.456,19514697,13529
29.824,a-cubic,open,19,53.495,41.0,0,34,4.937,4.004,19540761,13548
29.874,a-cubic,open,19,54.051,41.0,0,34,4.886,4.039,19565377,13565
29.924,a-cubic,open,20,54.824,41.0,0,34,5.071,4.129,19591441,13584
29.974,a-cubic,open,20,56.321,41.0,0,34,4.936,4.069,19617505,13602
30.024,a-cubic,open,20,57.309,41.0,0,34,4.851,4.071,19642121,13619
30.074,a-cubic,open,21,57.098,41.0,0,34,5.112,4.158,19665289,13636
30.124,a-cubic,open,21,58.585,41.0,0,34,4.983,3.985,19691353,13654
30.175,a-cubic,open,21,59.559,41.0,0,34,4.901,4.099,19717417,13672
30.225,a-cubic,open,22,60.802,41.0,0,34,5.03,4.098,19744929,13692
30.275,a-cubic,recovery,19,60.639,41.0,1,35,6.419,3.891,19753617,13705
30.325,a-cubic,open,15,60.525,41.0,0,35,3.445,4.03,19791265,13718
30.375,a-cubic,open,16,57.971,41.0,0,35,3.837,2.723,19811537,13733
30.425,a-cubic,open,17,50.483,41.0,0,35,4.681,3.547,19834705,13750
30.475,a-cubic,open,17,46.573,41.0,0,35,5.074,4.116,19862217,13769
30.525,a-cubic,open,17,47.004,41.0,0,35,5.027,4.067,19886833,13786
30.576,a-cubic,open,18,48.146,41.0,0,35,5.197,4.063,19911449,13804
30.626,a-cubic,open,18,49.115,41.0,0,35,5.094,4.192,19937513,13822
30.676,a-cubic,open,18,51.05,41.0,0,35,4.901,4.104,19963577,13840
30.726,a-cubic,open,19,51.069,41.0,0,35,5.172,4.1,19988193,13858
30.776,a-cubic,open,19,52.178,41.0,0,35,5.062,4.13,20015705,13877
30.826,a-cubic,open,20,53.539,41.0,0,35,5.193,4.127,20040321,13895
30.876,a-cubic,open,20,54.542,41.0,0,35,5.097,4.251,20067833,13914
30.926,a-cubic,open,21,55.21,41.0,0,35,5.287,4.251,20091001,13931
30.976,a-cubic,open,21,55.678,41.0,0,35,5.243,4.158,20119961,13951
31.026,a-cubic,open,21,57.096,41.0,0,35,5.113,4.273,20146025,13969
31.077,a-cubic,open,22,58.669,41.0,0,35,5.213,4.185,20173537,13989
31.127,a-cubic,open,22,59.569,41.0,0,35,5.134,4.295,20196705,14005
31.177,a-cubic,open,23,60.462,41.0,0,35,5.288,4.181,20225665,14026
31.227,a-cubic,open,23,61.197,41.0,0,35,5.224,4.397,20253177,14045
31.277,a-cubic,recovery,23,61.346,41.0,1,36,5.891,4.207,20274897,14064
31.327,a-cubic,open,16,53.479,41.0,0,36,4.159,4.335,20312545,14080
31.377,a-cubic,open,17,49.353,41.0,0,36,4.788,3.716,20338609,14099
31.427,a-cubic,open,18,45.289,41.0,0,36,5.525,4.271,20363225,14117
31.478,a-cubic,open,18,46.944,41.0,0,36,5.33,4.416,20392185,14137
31.528,a-cubic,open,18,48.278,41.0,0,36,5.183,4.304,20418249,14155
31.578,a-cubic,open,19,48.366,41.0,0,36,5.461,4.313,20444313,14174
31.628,a-cubic,open,19,49.083,41.0,0,36,5.381,4.432,20474721,14195
31.678,a-cubic,open,19,50.626,41.0,0,36,5.217,4.432,20502233,14214
31.728,a-cubic,open,20,51.331,41.0,0,36,5.416,4.226,20526849,14232
31.778,a-cubic,open,20,52.365,41.0,0,36,5.309,4.347,20554361,14251
31.828,a-cubic,open,21,53.494,41.0,0,36,5.457,4.25,20577529,14268
31.878,a-cubic,open,21,54.817,41.0,0,36,5.325,4.463,20607937,14289
31.928,a-cubic,open,22,55.476,41.0,0,36,5.513,4.366,20632553,14307
31.978,a-cubic,open,22,57.336,41.0,0,36,5.334,4.273,20660065,14326
32.029,a-cubic,open,22,57.963,41.0,0,36,5.276,4.294,20687577,14345
32.079,a-cubic,open,23,59.087,41.0,0,36,5.411,4.295,20716537,14366
32.129,a-cubic,open,23,60.292,41.0,0,36,5.303,4.489,20742601,14384
32.179,a-cubic,recovery,20,60.186,41.0,1,37,7.853,4.222,20748393,14401
32.229,a-cubic,recovery,16,59.602,41.0,1,38,4.664,4.031,20784593,14413
32.279,a-cubic,open,16,56.295,41.0,0,38,3.951,3.094,20815001,14429
32.329,a-cubic,open,17,55.319,41.0,0,38,4.272,3.463,20835273,14444
32.379,a-cubic,open,18,55.951,41.0,0,38,4.472,3.459,20856993,14460
32.430,a-cubic,open,18,56.021,41.0,0,38,4.466,3.533,20877265,14474
32.480,a-cubic,open,18,57.986,41.0,0,38,4.315,3.515,20900433,14490
32.530,a-cubic,open,19,58.857,41.0,0,38,4.487,3.507,20923601,14507
32.580,a-cubic,recovery,17,60.145,41.0,1,39,4.622,3.265,20939529,14521
32.630,a-cubic,recovery,13,59.965,41.0,1,39,6.954,3.44,20939529,14531
32.680,a-cubic,open,14,59.058,41.0,0,39,3.295,2.497,20984417,14545
32.730,a-cubic,open,14,56.967,41.0,0,39,3.416,2.646,21000345,14556
32.780,a-cubic,open,14,57.05,41.0,0,39,3.411,2.849,21014825,14566
32.830,a-cubic,open,14,58.507,41.0,0,39,3.326,2.79,21035097,14580
32.880,a-cubic,open,15,58.078,41.0,0,39,3.59,2.789,21049577,14591
32.931,a-cubic,open,15,59.192,41.0,0,39,3.523,2.79,21066953,14603
32.981,a-cubic,open,15,60.703,41.0,0,39,3.435,2.869,21085777,14616
33.031,a-cubic,open,16,61.099,41.0,0,39,3.64,2.869,21103153,14629
33.081,a-cubic,recovery,14,60.714,41.0,1,40,4.579,2.823,21110393,14640
33.131,a-cubic,open,11,56.414,41.0,0,40,2.71,2.527,21143697,14653
33.181,a-cubic,open,12,49.974,41.0,0,40,3.338,2.659,21159625,14665
33.231,a-cubic,open,12,47.753,41.0,0,40,3.493,2.776,21177001,14677
33.281,a-cubic,open,13,48.192,41.0,0,40,3.75,2.943,21197273,14692
33.332,a-cubic,open,13,48.499,41.0,0,40,3.726,3.032,21216097,14705
33.382,a-cubic,open,13,49.102,41.0,0,40,3.68,3.032,21233473,14717
33.432,a-cubic,open,14,49.582,41.0,0,40,3.925,3.032,21252297,14731
33.482,a-cubic,open,14,50.787,41.0,0,40,3.832,3.114,21272569,14745
33.532,a-cubic,open,15,52.213,41.0,0,40,3.993,3.114,21292841,14760
33.582,a-cubic,open,15,52.642,41.0,0,40,3.961,3.119,21310217,14772
33.632,a-cubic,open,16,53.32,41.0,0,40,4.171,3.188,21329041,14786
33.682,a-cubic,open,16,54.067,41.0,0,40,4.114,3.188,21347865,14799
33.733,a-cubic,open,17,56.448,41.0,0,40,4.186,3.256,21371033,14816
33.783,a-cubic,open,17,57.775,41.0,0,40,4.09,3.387,21388409,14828
33.833,a-cubic,open,18,58.378,41.0,0,40,4.286,3.387,21411577,14845
33.883,a-cubic,open,18,58.749,41.0,0,40,4.259,3.387,21433297,14860
33.933,a-cubic,open,18,60.489,41.0,0,40,4.137,3.513,21455017,14875
33.983,a-cubic,recovery,18,60.689,41.0,1,41,4.81,3.159,21472393,14891
34.033,a-cubic,recovery,13,60.565,41.0,1,41,6.656,3.361,21472393,14899
34.083,a-cubic,open,13,61.687,41.0,0,41,2.929,2.879,21514385,14912
34.133,a-cubic,open,14,51.782,41.0,0,41,3.758,2.948,21536105,14928
34.184,a-cubic,open,15,47.403,41.0,0,41,4.399,3.347,21556377,14943
34.234,a-cubic,open,15,47.627,41.0,0,41,4.378,3.676,21578097,14958
34.284,a-cubic,open,15,48.024,41.0,0,41,4.342,3.586,21602713,14975
34.334,a-cubic,open,16,48.95,41.0,0,41,4.544,3.586,21624433,14991
34.384,a-cubic,open,16,48.915,41.0,0,41,4.547,3.733,21646153,15006
34.434,a-cubic,open,16,50.049,41.0,0,41,4.444,3.645,21669321,15022
34.484,a-cubic,open,17,51.613,41.0,0,41,4.579,3.643,21692489,15039
34.534,a-cubic,open,18,51.978,41.0,0,41,4.814,3.782,21715657,15056
34.584,a-cubic,open,18,53.117,41.0,0,41,4.711,3.781,21737377,15071
34.634,a-cubic,open,18,55.74,41.0,0,41,4.489,3.743,21763441,15089
34.685,a-cubic,open,19,56.528,41.0,0,41,4.672,3.743,21783713,15104
34.735,a-cubic,open,19,58.372,41.0,0,41,4.525,3.786,21808329,15121
34.785,a-cubic,open,20,59.21,41.0,0,41,4.695,3.786,21830049,15137
34.835,a-cubic,open,20,59.365,41.0,0,41,4.683,3.904,21854665,15154
34.885,a-cubic,open,21,60.342,41.0,0,41,4.838,3.904,21880729,15173
34.935,a-cubic,recovery,20,60.576,41.0,1,42,5.278,3.554,21896657,15188
34.985,a-cubic,recovery,14,60.181,41.0,1,42,7.622,3.839,21896657,15198
35.035,a-cubic,open,15,55.074,41.0,0,42,3.786,2.655,21950233,15216
35.085,a-cubic,open,15,47.483,41.0,0,42,4.391,3.417,21970505,15230
35.135,a-cubic,open,16,45.368,41.0,0,42,4.902,3.985,21995121,15248
35.186,a-cubic,open,16,46.545,41.0,0,42,4.778,3.924,22018289,15264
35.236,a-cubic,open,16,47.497,41.0,0,42,4.683,3.923,22044353,15282
35.286,a-cubic,open,17,48.473,41.0,0,42,4.875,3.825,22067521,15299
35.336,a-cubic,open,17,49.096,41.0,0,42,4.813,3.966,22092137,15316
35.386,a-cubic,open,18,50.579,41.0,0,42,4.947,3.871,22116753,15334
35.436,a-cubic,open,18,51.324,41.0,0,42,4.875,4.004,22141369,15351
35.486,a-cubic,open,19,52.279,41.0,0,42,5.052,4.004,22167433,15370
35.536,a-cubic,open,19,53.568,41.0,0,42,4.93,4.039,22192049,15387
35.587,a-cubic,open,20,54.051,41.0,0,42,5.144,4.038,22216665,15405
35.637,a-cubic,open,20,54.706,41.0,0,42,5.082,4.249,22242729,15423
35.687,a-cubic,open,21,56.545,41.0,0,42,5.162,4.07,22267345,15441
35.737,a-cubic,open,21,56.773,41.0,0,42,5.142,4.068,22291961,15458
35.787,a-cubic,open,21,58.893,41.0,0,42,4.957,4.099,22319473,15477
35.837,a-cubic,open,22,60.213,41.0,0,42,5.079,4.097,22344089,15495
35.887,a-cubic,recovery,18,60.296,41.0,1,43,6.455,3.84,22352777,15509
35.937,a-cubic,open,15,60.24,41.0,0,43,3.461,3.637,22391873,15522
35.987,a-cubic,open,16,57.586,41.0,0,43,3.862,3.042,22413593,15538
36.038,a-cubic,open,17,55.622,41.0,0,43,4.249,3.325,22432417,15552
36.088,a-cubic,open,17,56.074,41.0,0,43,4.214,3.327,22454137,15567
36.138,a-cubic,open,17,57.872,41.0,0,43,4.083,3.387,22472961,15580
36.188,a-cubic,open,18,58.289,41.0,0,43,4.293,3.386,22494681,15596
36.238,a-cubic,open,18,58.464,41.0,0,43,4.28,3.386,22514953,15610
36.288,a-cubic,open,18,59.636,41.0,0,43,4.196,3.512,22538121,15626
36.338,a-cubic,recovery,12,60.46,41.0,1,44,5.518,3.2,22542465,15636
36.389,a-cubic,open,12,60.824,41.0,0,44,2.742,2.689,22575769,15647
36.439,a-cubic,open,13,60.892,41.0,0,44,2.968,2.486,22590249,15658
36.489,a-cubic,open,13,58.208,41.0,0,44,3.105,2.495,22604729,15668
36.539,a-cubic,open,13,57.767,41.0,0,44,3.128,2.589,22620657,15679
36.589,a-cubic,open,13,58.152,41.0,0,44,3.108,2.59,22636585,15690
36.639,a-cubic,open,14,59.252,41.0,0,44,3.284,2.537,22655409,15704
36.689,a-cubic,open,14,60.165,41.0,0,44,3.235,2.678,22671337,15715
36.739,a-cubic,open,15,60.842,41.0,0,44,3.427,2.678,22688713,15728
36.790,a-cubic,recovery,12,60.64,41.0,1,45,3.897,2.585,22698849,15738
36.840,a-cubic,open,10,58.251,41.0,0,45,2.386,2.537,22722017,15747
36.890,a-cubic,open,11,52.915,41.0,0,45,2.89,2.442,22739393,15760
36.940,a-cubic,open,11,48.586,41.0,0,45,3.147,2.431,22755321,15771
36.990,a-cubic,open,12,46.959,41.0,0,45,3.552,2.768,22769801,15782
37.040,a-cubic,open,12,47.66,41.0,0,45,3.5,2.868,22790073,15796
37.090,a-cubic,open,12,49.228,41.0,0,45,3.388,2.868,22807449,15808
37.140,a-cubic,open,13,49.592,41.0,0,45,3.644,2.799,22824825,15821
37.190,a-cubic,open,13,51.251,41.0,0,45,3.526,2.96,22842201,15833
37.241,a-cubic,open,14,52.839,41.0,0,45,3.683,2.892,22861025,15847
37.291,a-cubic,open,14,52.593,41.0,0,45,3.7,3.043,22876953,15858
37.341,a-cubic,open,15,53.654,41.0,0,45,3.886,3.043,22897225,15873
37.391,a-cubic,open,15,54.864,41.0,0,45,3.801,3.119,22918945,15888
37.441,a-cubic,open,16,55.973,41.0,0,45,3.974,3.119,22934873,15900
37.491,a-cubic,open,16,56.155,41.0,0,45,3.961,3.061,22955145,15914
37.541,a-cubic,open,16,57.038,41.0,0,45,3.899,3.189,22972521,15926
37.591,a-cubic,open,17,57.675,41.0,0,45,4.097,3.187,22995689,15943
37.641,a-cubic,open,17,58.358,41.0,0,45,4.049,3.318,23014513,15956
37.692,a-cubic,open,18,59.967,41.0,0,45,4.172,3.252,23036233,15972
37.742,a-cubic,recovery,16,60.201,41.0,1,46,5.08,3.2,23047817,15986
37.792,a-cubic,open,12,60.567,41.0,0,46,2.754,3.318,23076777,15995
37.842,a-cubic,open,12,62.325,41.0,0,46,2.676,2.303,23091257,16005
37.892,a-cubic,open,13,59.181,41.0,0,46,3.053,2.495,23105737,16016
37.942,a-cubic,open,14,57.56,41.0,0,46,3.381,2.589,23121665,16028
37.992,a-cubic,open,14,58.802,41.0,0,46,3.31,2.791,23141937,16042
38.042,a-cubic,open,14,59.301,41.0,0,46,3.282,2.733,23156417,16052
38.093,a-cubic,open,15,61.117,41.0,0,46,3.412,2.678,23173793,16065
38.143,a-cubic,recovery,13,60.677,41.0,1,47,4.353,2.399,23178137,16074
38.193,a-cubic,recovery,10,60.27,41.0,2,49,5.997,2.341,23178137,16083
38.243,a-cubic,open,10,58.476,41.0,0,49,2.377,1.727,23212889,16090
38.293,a-cubic,open,10,61.387,41.0,0,49,2.264,2.027,23224473,16098
38.343,a-cubic,open,11,60.419,41.0,0,49,2.531,2.027,23238953,16109
38.394,a-cubic,open,11,60.159,41.0,0,49,2.542,2.147,23251985,16118
38.444,a-cubic,open,11,60.296,41.0,0,49,2.536,2.146,23265017,16127
38.494,a-cubic,open,12,60.404,41.0,0,49,2.762,2.105,23276601,16136
38.544,a-cubic,open,12,59.047,41.0,0,49,2.825,2.296,23293977,16148
38.594,a-cubic,open,12,52.894,41.0,0,49,3.154,2.612,23311353,16160
38.644,a-cubic,open,13,51.385,41.0,0,49,3.517,2.63,23330177,16174
38.694,a-cubic,open,14,52.043,41.0,0,49,3.739,2.892,23346105,16186
38.744,a-cubic,open,14,54.042,41.0,0,49,3.601,2.975,23364929,16199
38.794,a-cubic,open,14,56.088,41.0,0,49,3.47,2.975,23380857,16210
38.844,a-cubic,open,15,56.774,41.0,0,49,3.673,2.975,23399681,16224
38.895,a-cubic,open,16,57.805,41.0,0,49,3.848,3.052,23417057,16237
38.945,a-cubic,open,16,59.016,41.0,0,49,3.769,3.001,23440225,16253
38.995,a-cubic,open,16,60.854,41.0,0,49,3.655,2.989,23457601,16265
39.045,a-cubic,open,17,60.753,41.0,0,49,3.89,3.123,23476425,16279
39.095,a-cubic,open,17,61.479,41.0,0,49,3.844,3.122,23495249,16292
39.145,a-cubic,recovery,11,60.689,41.0,1,50,5.039,3.011,23498145,16301
39.195,a-cubic,open,11,62.122,41.0,0,50,2.461,2.546,23528553,16310
39.245,a-cubic,open,12,60.071,41.0,0,50,2.777,2.23,23541585,16320
39.295,a-cubic,open,12,58.429,41.0,0,50,2.855,2.441,23557513,16331
39.346,a-cubic,open,13,58.395,41.0,0,50,3.095,2.443,23573441,16343
39.396,a-cubic,open,13,59.338,41.0,0,50,3.045,2.538,23589369,16354
39.446,a-cubic,open,13,59.188,41.0,0,50,3.053,2.486,23605297,16365
39.496,a-cubic,open,14,59.476,41.0,0,50,3.272,2.538,23621225,16377
39.546,a-cubic,recovery,12,59.715,41.0,1,51,3.957,2.496,23627017,16386
39.596,a-cubic,open,9,59.966,41.0,0,51,2.086,2.302,23648737,16392
39.646,a-cubic,open,10,62.42,41.0,0,51,2.227,1.694,23660321,16401
39.696,a-cubic,open,10,60.455,41.0,0,51,2.299,1.832,23673353,16410
39.746,a-cubic,open,10,60.497,41.0,0,51,2.298,1.993,23684937,16418
39.796,a-cubic,open,10,60.322,41.0,0,51,2.304,1.753,23697969,16427
39.847,a-cubic,open,11,59.537,41.0,0,51,2.568,1.993,23708105,16435
39.897,a-cubic,recovery,10,60.429,41.0,1,52,2.53,1.952,23716793,16443
39.947,a-cubic,recovery,7,60.369,41.0,1,52,3.684,1.811,23716793,16448
39.997,a-cubic,open,8,62.01,41.0,0,52,1.793,1.332,23741409,16456
40.047,a-cubic,open,8,61.028,41.0,0,52,1.822,1.424,23748649,16461
40.097,a-cubic,open,8,61.163,41.0,0,52,1.818,1.561,23755889,16466
40.147,a-cubic,open,8,62.247,41.0,0,52,1.787,1.53,23766025,16473
40.198,a-cubic,open,9,62.771,41.0,0,52,1.993,1.53,23777609,16482
40.248,a-cubic,open,9,62.337,41.0,0,52,2.007,1.655,23786297,16488
40.298,a-cubic,open,9,57.193,41.0,0,52,2.187,1.805,23802225,16499
40.348,a-cubic,open,10,53.041,41.0,0,52,2.621,2.099,23815257,16509
40.398,a-cubic,open,10,50.996,41.0,0,52,2.726,2.126,23826841,16517
40.448,a-cubic,open,11,50.337,41.0,0,52,3.038,2.277,23841321,16528
40.498,a-cubic,open,11,51.852,41.0,0,52,2.949,2.505,23857249,16539
40.548,a-cubic,open,12,52.923,41.0,0,52,3.152,2.391,23873177,16551
40.598,a-cubic,open,12,54.082,41.0,0,52,3.084,2.442,23887657,16561
40.649,a-cubic,open,13,55.523,41.0,0,52,3.255,2.495,23903585,16573
40.699,a-cubic,open,13,57.427,41.0,0,52,3.147,2.645,23918065,16583
40.749,a-cubic,open,14,58.499,41.0,0,52,3.327,2.59,23932545,16594
40.799,a-cubic,open,14,59.315,41.0,0,52,3.281,2.59,23947025,16604
40.849,a-cubic,open,15,60.549,41.0,0,52,3.444,2.733,23965849,16618
40.899,a-cubic,open,15,62.191,41.0,0,52,3.353,2.678,23983225,16630
40.949,a-cubic,recovery,10,60.87,41.0,1,53,4.567,2.495,23986121,16638
40.999,a-cubic,open,10,61.827,41.0,0,53,2.248,2.314,24013633,16647
41.049,a-cubic,open,11,54.913,41.0,0,53,2.785,2.264,24031009,16660
41.099,a-cubic,open,11,48.858,41.0,0,53,3.13,2.48,24046937,16671
41.150,a-cubic,open,12,46.554,41.0,0,53,3.583,2.843,24062865,16683
41.200,a-cubic,open,12,46.809,41.0,0,53,3.564,2.943,24083137,16697
41.250,a-cubic,open,13,46.892,41.0,0,53,3.854,2.943,24100513,16710
41.300,a-cubic,open,13,47.083,41.0,0,53,3.838,2.943,24117889,16722
41.350,a-cubic,open,13,48.649,41.0,0,53,3.715,3.031,24136713,16735
41.400,a-cubic,open,14,49.54,41.0,0,53,3.928,3.031,24155537,16749
41.450,a-cubic,open,15,51.419,41.0,0,53,4.055,3.113,24175809,16764
41.500,a-cubic,open,15,52.078,41.0,0,53,4.004,3.098,24197529,16779
41.550,a-cubic,open,15,54.01,41.0,0,53,3.861,3.188,24217801,16793
41.600,a-cubic,open,16,54.848,41.0,0,53,4.055,3.26,24238073,16808
41.651,a-cubic,open,16,56.201,41.0,0,53,3.957,3.256,24256897,16821
41.701,a-cubic,open,17,57.128,41.0,0,53,4.137,3.256,24274273,16834
41.751,a-cubic,open,17,57.902,41.0,0,53,4.081,3.188,24295993,16849
41.801,a-cubic,open,18,58.479,41.0,0,53,4.279,3.387,24319161,16866
41.851,a-cubic,recovery,16,59.384,41.0,1,54,4.448,3.123,24332193,16877
41.901,a-cubic,recovery,12,60.609,41.0,1,54,6.422,3.199,24332193,16887
41.951,a-cubic,open,12,62.285,41.0,0,54,2.678,2.303,24372737,16898
42.001,a-cubic,open,13,59.657,41.0,0,54,3.029,2.541,24387217,16909
42.051,a-cubic,open,14,57.894,41.0,0,54,3.361,2.487,24403145,16921
42.101,a-cubic,open,14,58.369,41.0,0,54,3.334,2.59,24421969,16934
42.151,a-cubic,open,14,59.478,41.0,0,54,3.272,2.678,24437897,16945
42.201,a-cubic,open,14,60.694,41.0,0,54,3.206,2.678,24455273,16957
42.252,a-cubic,open,15,61.104,41.0,0,54,3.412,2.679,24468305,16967
42.302,a-cubic,recovery,12,60.71,41.0,1,55,3.892,2.487,24478441,16978
42.352,a-cubic,open,10,60.157,41.0,0,55,2.311,2.538,24501609,16986
42.402,a-cubic,open,11,53.973,41.0,0,55,2.833,2.216,24518985,16999
42.452,a-cubic,open,11,48.649,41.0,0,55,3.143,2.587,24534913,17010
42.502,a-cubic,open,11,47.127,41.0,0,55,3.245,2.765,24553737,17023
42.552,a-cubic,open,12,46.598,41.0,0,55,3.58,2.768,24568217,17034
42.602,a-cubic,open,12,48.284,41.0,0,55,3.455,2.698,24587041,17047
42.653,a-cubic,open,13,48.637,41.0,0,55,3.715,2.869,24604417,17060
42.703,a-cubic,open,13,50.072,41.0,0,55,3.609,3.033,24623241,17073
42.753,a-cubic,open,14,52.112,41.0,0,55,3.734,2.96,24642065,17087
42.803,a-cubic,open,14,52.86,41.0,0,55,3.682,3.043,24660889,17100
42.853,a-cubic,open,15,53.279,41.0,0,55,3.914,3.043,24676817,17112
42.903,a-cubic,open,15,55.236,41.0,0,55,3.775,3.119,24698537,17127
42.953,a-cubic,open,16,56.319,41.0,0,55,3.949,3.119,24717361,17141
43.003,a-cubic,open,16,57.03,41.0,0,55,3.9,3.0,24736185,17154
43.053,a-cubic,open,17,58.027,41.0,0,55,4.072,3.19,24756457,17169
43.104,a-cubic,open,17,58.52,41.0,0,55,4.038,3.188,24775281,17182
43.154,a-cubic,open,18,59.331,41.0,0,55,4.217,3.32,24797001,17198
43.204,a-cubic,open,18,60.354,41.0,0,55,4.146,3.251,24817273,17212
43.254,a-cubic,open,18,61.005,41.0,0,55,4.101,3.443,24840441,17228
43.304,a-cubic,open,19,58.47,41.0,0,55,4.517,3.514,24865057,17246
43.354,a-cubic,open,19,53.251,41.0,0,55,4.96,4.129,24891121,17264
43.404,a-cubic,open,20,52.041,41.0,0,55,5.342,4.225,24918633,17284
43.455,a-cubic,open,20,53.064,41.0,0,55,5.239,4.347,24944697,17302
43.505,a-cubic,open,21,53.688,41.0,0,55,5.437,4.251,24970761,17321
43.555,a-cubic,open,21,54.821,41.0,0,55,5.325,4.462,24998273,17340
43.605,a-cubic,open,22,55.558,41.0,0,55,5.504,4.367,25025785,17360
43.655,a-cubic,open,22,56.425,41.0,0,55,5.42,4.477,25053297,17379
43.705,a-cubic,open,23,57.545,41.0,0,55,5.556,4.382,25079361,17398
43.755,a-cubic,open,23,58.893,41.0,0,55,5.429,4.581,25106873,17417
43.805,a-cubic,open,24,60.126,41.0,0,55,5.549,4.401,25135833,17438
43.855,a-cubic,open,24,60.546,41.0,0,55,5.51,4.488,25164793,17458
43.906,a-cubic,recovery,18,60.481,41.0,1,56,7.585,4.207,25169137,17472
43.956,a-cubic,open,16,59.766,41.0,0,56,3.721,3.455,25216921,17487
44.006,a-cubic,open,17,49.787,41.0,0,56,4.746,3.707,25242985,17506
44.056,a-cubic,open,18,45.544,41.0,0,56,5.494,4.148,25267601,17524
44.106,a-cubic,open,18,46.177,41.0,0,56,5.419,4.414,25296561,17544
44.156,a-cubic,open,18,47.331,41.0,0,56,5.286,4.414,25325521,17564
44.206,a-cubic,open,19,48.205,41.0,0,56,5.479,4.304,25351585,17583
44.256,a-cubic,open,19,49.12,41.0,0,56,5.377,4.432,25379097,17602
44.307,a-cubic,open,19,49.404,41.0,0,56,5.346,4.432,25406609,17621
44.357,a-cubic,open,20,50.365,41.0,0,56,5.52,4.327,25434121,17641
44.407,a-cubic,open,20,51.789,41.0,0,56,5.368,4.554,25463081,17661
44.457,a-cubic,open,21,51.774,41.0,0,56,5.638,4.448,25492041,17682
44.507,a-cubic,open,21,53.81,41.0,0,56,5.425,4.465,25519553,17701
44.557,a-cubic,open,22,54.824,41.0,0,56,5.578,4.464,25545617,17720
44.607,a-cubic,open,22,56.076,41.0,0,56,5.454,4.477,25574577,17740
44.657,a-cubic,open,23,57.442,41.0,0,56,5.566,4.476,25600641,17759
44.708,a-cubic,open,23,58.033,41.0,0,56,5.509,4.49,25626705,17777
44.758,a-cubic,open,24,59.251,41.0,0,56,5.631,4.488,25658561,17800
44.808,a-cubic,open,24,60.362,41.0,0,56,5.527,4.399,25684625,17818
44.858,a-cubic,open,25,60.77,41.0,0,56,5.719,4.684,25715033,17840
44.908,a-cubic,open,25,58.42,41.0,0,56,5.949,4.569,25745441,17861
44.958,a-cubic,open,25,52.695,41.0,0,56,6.595,5.164,25781641,17886
45.008,a-cubic,open,26,53.126,41.0,0,56,6.803,5.432,25816393,17911
45.058,a-cubic,open,26,55.257,41.0,0,56,6.541,5.526,25849697,17934
45.109,a-cubic,open,27,55.452,41.0,0,56,6.768,5.434,25884449,17959
45.159,a-cubic,open,27,57.357,41.0,0,56,6.544,5.496,25916305,17981
45.209,a-cubic,open,28,57.293,41.0,0,56,6.794,5.494,25953953,18008
45.259,a-cubic,open,28,57.693,41.0,0,56,6.746,5.581,25987257,18031
45.309,a-cubic,open,29,59.051,41.0,0,56,6.827,5.579,26022009,18056
45.359,a-cubic,open,29,59.716,41.0,0,56,6.751,5.659,26056761,18080
45.409,a-cubic,open,30,60.157,41.0,0,56,6.932,5.548,26091513,18105
45.459,a-cubic,recovery,26,59.16,41.0,1,57,8.224,5.531,26114681,18127
45.509,a-cubic,open,21,53.812,41.0,0,57,5.425,5.291,26165361,18148
45.560,a-cubic,open,22,46.857,41.0,0,57,6.527,5.0,26198665,18172
45.610,a-cubic,open,23,45.723,41.0,0,57,6.992,5.395,26236313,18199
45.660,a-cubic,open,23,47.405,41.0,0,57,6.744,5.499,26269617,18222
45.710,a-cubic,open,24,47.739,41.0,0,57,6.988,5.499,26302921,18246
45.760,a-cubic,open,24,49.166,41.0,0,57,6.785,5.601,26337673,18270
45.810,a-cubic,open,24,50.878,41.0,0,57,6.557,5.366,26373873,18295
45.860,a-cubic,open,25,50.452,41.0,0,57,6.888,5.601,26408625,18320
45.910,a-cubic,open,25,51.224,41.0,0,57,6.784,5.561,26440481,18342
45.960,a-cubic,open,25,53.008,41.0,0,57,6.556,5.431,26476681,18367
46.010,a-cubic,open,26,52.988,41.0,0,57,6.821,5.432,26509985,18391
46.060,a-cubic,open,26,54.131,41.0,0,57,6.677,5.522,26543289,18414
46.111,a-cubic,open,27,55.408,41.0,0,57,6.774,5.405,26578041,18439
46.161,a-cubic,open,27,56.864,41.0,0,57,6.6,5.495,26614241,18464
46.211,a-cubic,open,28,58.151,41.0,0,57,6.693,5.38,26647545,18488
46.261,a-cubic,open,28,58.246,41.0,0,57,6.682,5.466,26679401,18510
46.311,a-cubic,open,29,59.958,41.0,0,57,6.723,5.354,26711257,18533
46.361,a-cubic,open,29,60.618,41.0,0,57,6.65,5.546,26747457,18558
46.411,a-cubic,open,30,60.106,41.0,0,57,6.938,5.546,26785105,18585
46.461,a-cubic,open,30,55.741,41.0,0,57,7.481,5.532,26822753,18611
46.511,a-cubic,open,30,55.365,41.0,0,57,7.532,6.238,26863297,18639
46.562,a-cubic,open,31,56.396,41.0,0,57,7.641,6.105,26899497,18665
46.612,a-cubic,open,31,58.443,41.0,0,57,7.373,6.048,26938593,18692
46.662,a-cubic,open,32,59.1,41.0,0,57,7.527,6.175,26976241,18719
46.712,a-cubic,open,32,60.337,41.0,0,57,7.372,6.119,27013889,18745
46.762,a-cubic,recovery,27,60.646,41.0,1,58,9.168,5.836,27031265,18767
46.812,a-cubic,open,22,59.795,41.0,0,58,5.114,5.269,27087737,18787
46.862,a-cubic,open,23,53.058,41.0,0,58,6.026,4.559,27119593,18810
46.912,a-cubic,open,24,50.358,41.0,0,58,6.625,5.115,27150001,18832
46.963,a-cubic,open,24,52.668,41.0,0,58,6.334,5.216,27184753,18856
47.013,a-cubic,open,25,53.831,41.0,0,58,6.456,5.115,27216609,18879
47.063,a-cubic,open,25,54.497,41.0,0,58,6.377,5.199,27249913,18902
47.113,a-cubic,open,26,55.495,41.0,0,58,6.513,5.196,27281769,18925
47.163,a-cubic,open,26,56.964,41.0,0,58,6.345,5.089,27312177,18946
47.213,a-cubic,open,26,58.059,41.0,0,58,6.225,5.181,27346929,18970
47.263,a-cubic,open,27,59.268,41.0,0,58,6.333,5.075,27377337,18992
47.313,a-cubic,open,27,59.943,41.0,0,58,6.261,5.272,27407745,19013
47.364,a-cubic,recovery,25,60.816,41.0,1,59,6.4,4.88,27433809,19034
47.414,a-cubic,recovery,18,60.917,41.0,1,59,9.584,4.893,27433809,19048
47.464,a-cubic,open,18,58.769,41.0,0,59,4.258,3.455,27494625,19065
47.514,a-cubic,open,19,53.922,41.0,0,59,4.898,4.004,27520689,19084
47.564,a-cubic,open,19,53.239,41.0,0,59,4.961,4.13,27548201,19103
47.614,a-cubic,open,20,53.832,41.0,0,59,5.164,4.038,27572817,19121
47.664,a-cubic,open,20,54.53,41.0,0,59,5.098,4.158,27598881,19139
47.714,a-cubic,open,20,56.583,41.0,0,59,4.913,4.07,27623497,19156
47.764,a-cubic,open,21,56.743,41.0,0,59,5.145,4.07,27648113,19174
47.814,a-cubic,open,21,58.873,41.0,0,59,4.958,4.099,27675625,19193
47.864,a-cubic,open,22,59.236,41.0,0,59,5.163,4.098,27698793,19210
47.915,a-cubic,open,22,59.558,41.0,0,59,5.135,4.017,27721961,19226
47.965,a-cubic,open,23,60.492,41.0,0,59,5.285,4.208,27752369,19248
48.015,a-cubic,open,23,58.996,41.0,0,59,5.419,4.208,27778433,19266
48.065,a-cubic,open,23,52.664,41.0,0,59,6.071,4.999,27814633,19291
48.115,a-cubic,open,24,53.104,41.0,0,59,6.282,4.999,27843593,19312
48.165,a-cubic,open,24,55.73,41.0,0,59,5.986,4.99,27875449,19334
48.215,a-cubic,open,25,56.234,41.0,0,59,6.18,4.99,27908753,19358
48.265,a-cubic,open,25,57.304,41.0,0,59,6.064,5.087,27939161,19379
48.315,a-cubic,open,26,58.474,41.0,0,59,6.181,5.087,27971017,19402
48.366,a-cubic,open,26,59.023,41.0,0,59,6.123,5.075,28001425,19423
48.416,a-cubic,open,27,60.95,41.0,0,59,6.158,4.974,28031833,19445
48.466,a-cubic,open,27,61.686,41.0,0,59,6.084,5.165,28060793,19465
48.516,a-cubic,recovery,20,60.584,41.0,1,60,9.178,4.991,28063689,19481
48.566,a-cubic,recovery,18,57.829,41.0,1,61,13.221,3.806,28063689,19498
48.616,a-cubic,open,18,53.067,41.0,0,61,4.715,3.826,28144777,19516
48.666,a-cubic,open,19,52.509,41.0,0,61,5.03,4.002,28170841,19535
48.716,a-cubic,open,20,53.231,41.0,0,61,5.223,4.038,28195457,19553
48.766,a-cubic,open,20,54.091,41.0,0,61,5.14,4.25,28221521,19571
48.817,a-cubic,open,21,55.414,41.0,0,61,5.268,4.039,28249033,19591
48.867,a-cubic,open,21,57.006,41.0,0,61,5.121,4.184,28272201,19607
48.917,a-cubic,open,22,58.375,41.0,0,61,5.239,4.184,28299713,19627
48.967,a-cubic,open,22,59.523,41.0,0,61,5.138,3.985,28325777,19645
49.017,a-cubic,open,22,60.689,41.0,0,61,5.039,4.208,28351841,19663
49.067,a-cubic,recovery,19,60.32,41.0,1,62,6.683,3.952,28360529,19678
49.117,a-cubic,open,15,60.444,41.0,0,62,3.45,4.084,28398177,19689
49.167,a-cubic,open,16,57.764,41.0,0,62,3.85,2.917,28419897,19705
49.217,a-cubic,open,16,55.169,41.0,0,62,4.031,3.345,28441617,19720
49.268,a-cubic,open,16,55.996,41.0,0,62,3.972,3.324,28460441,19733
49.318,a-cubic,open,16,57.116,41.0,0,62,3.894,3.254,28480713,19747
49.368,a-cubic,open,17,57.997,41.0,0,62,4.075,3.19,28500985,19762
49.418,a-cubic,open,17,58.11,41.0,0,62,4.067,3.318,28521257,19776
49.468,a-cubic,open,18,59.106,41.0,0,62,4.233,3.317,28542977,19792
49.518,a-cubic,open,18,59.728,41.0,0,62,4.189,3.317,28561801,19805
49.568,a-cubic,recovery,12,60.282,41.0,1,63,5.995,3.199,28561801,19815
49.618,a-cubic,open,12,60.619,41.0,0,63,2.752,2.29,28600897,19827
49.669,a-cubic,open,13,58.339,41.0,0,63,3.098,2.495,28615377,19838
49.719,a-cubic,open,13,58.015,41.0,0,63,3.115,2.589,28628409,19847
49.769,a-cubic,open,14,57.85,41.0,0,63,3.364,2.589,28645785,19860
49.819,a-cubic,open,14,58.964,41.0,0,63,3.3,2.733,28663161,19872
49.869,a-cubic,open,14,60.029,41.0,0,63,3.242,2.678,28680537,19884
49.919,a-cubic,open,15,60.566,41.0,0,63,3.443,2.678,28696465,19896
49.969,a-cubic,open,15,61.188,41.0,0,63,3.408,2.869,28713841,19908
50.019,a-cubic,open,15,55.92,41.0,0,63,3.729,2.927,28735561,19923
50.070,a-cubic,open,16,50.188,41.0,0,63,4.432,3.586,28760177,19941
50.120,a-cubic,open,16,50.943,41.0,0,63,4.366,3.498,28781897,19956
50.170,a-cubic,open,17,52.371,41.0,0,63,4.512,3.559,28803617,19972
50.220,a-cubic,open,17,52.89,41.0,0,63,4.468,3.614,28823889,19986
50.270,a-cubic,open,18,54.376,41.0,0,63,4.602,3.695,28848505,20004
50.320,a-cubic,open,18,56.21,41.0,0,63,4.451,3.534,28870225,20019
50.371,a-cubic,open,19,56.699,41.0,0,63,4.658,3.663,28891945,20035
50.421,a-cubic,open,19,57.555,41.0,0,63,4.589,3.663,28913665,20050
50.471,a-cubic,open,20,59.657,41.0,0,63,4.66,3.708,28939729,20069
50.521,a-cubic,open,20,60.61,41.0,0,63,4.587,3.903,28962897,20085
50.571,a-cubic,open,20,61.33,41.0,0,63,4.533,3.827,28984617,20100
50.621,a-cubic,open,21,58.655,41.0,0,63,4.977,3.905,29012129,20120
50.671,a-cubic,open,21,52.226,41.0,0,63,5.589,4.563,29041089,20140
50.721,a-cubic,open,22,50.708,41.0,0,63,6.031,4.901,29070049,20161
50.771,a-cubic,open,23,53.552,41.0,0,63,5.97,4.782,29101905,20184
50.822,a-cubic,open,23,54.788,41.0,0,63,5.835,4.676,29130865,20204
50.872,a-cubic,open,23,56.542,41.0,0,63,5.654,4.782,29158377,20223
50.922,a-cubic,open,24,57.295,41.0,0,63,5.823,4.782,29190233,20246
50.972,a-cubic,open,24,57.994,41.0,0,63,5.753,4.875,29219193,20266
51.022,a-cubic,open,25,58.588,41.0,0,63,5.932,4.787,29249601,20288
51.072,a-cubic,open,25,59.74,41.0,0,63,5.817,4.88,29281457,20310
51.122,a-cubic,open,26,61.298,41.0,0,63,5.896,4.779,29310417,20331
51.172,a-cubic,open,26,61.184,41.0,0,63,5.907,4.725,29339377,20351
51.223,a-cubic,recovery,21,60.96,41.0,1,64,7.753,4.706,29346617,20366
51.273,a-cubic,open,18,59.463,41.0,0,64,4.208,3.953,29397297,20384
51.323,a-cubic,open,19,48.104,41.0,0,64,5.49,4.285,29426257,20405
51.373,a-cubic,open,20,44.988,41.0,0,64,6.18,4.726,29456665,20427
51.423,a-cubic,open,20,47.715,41.0,0,64,5.827,4.782,29485625,20447
51.473,a-cubic,open,20,48.432,41.0,0,64,5.74,4.782,29517481,20469
51.523,a-cubic,open,21,48.835,41.0,0,64,5.978,4.782,29546441,20490
51.573,a-cubic,open,21,50.928,41.0,0,64,5.732,4.782,29576849,20511
51.624,a-cubic,open,22,51.447,41.0,0,64,5.944,4.782,29607257,20533
51.674,a-cubic,open,22,51.332,41.0,0,64,5.958,4.782,29636217,20553
51.724,a-cubic,open,22,52.892,41.0,0,64,5.782,4.782,29663729,20572
51.774,a-cubic,open,23,53.554,41.0,0,64,5.97,4.781,29695585,20595
51.824,a-cubic,open,23,54.906,41.0,0,64,5.823,4.888,29725993,20616
51.874,a-cubic,open,24,55.183,41.0,0,64,6.046,4.782,29754953,20637
51.924,a-cubic,open,24,56.51,41.0,0,64,5.904,4.884,29786809,20659
51.974,a-cubic,open,25,57.649,41.0,0,64,6.028,4.782,29818665,20682
52.024,a-cubic,open,25,58.791,41.0,0,64,5.911,4.789,29849073,20703
52.075,a-cubic,open,26,60.095,41.0,0,64,6.014,4.672,29878033,20724
52.125,a-cubic,recovery,24,59.607,41.0,1,65,6.53,4.591,29896857,20741
52.175,a-cubic,recovery,18,60.296,41.0,1,66,6.455,4.582,29918577,20757
52.225,a-cubic,open,18,56.687,41.0,0,66,4.414,3.455,29959121,20774
52.275,a-cubic,open,19,55.441,41.0,0,66,4.764,3.825,29982289,20791
52.325,a-cubic,open,20,55.048,41.0,0,66,5.05,3.95,30006905,20809
52.375,a-cubic,open,20,56.44,41.0,0,66,4.926,3.95,30034417,20828
52.426,a-cubic,open,21,57.251,41.0,0,66,5.099,3.985,30056137,20844
52.476,a-cubic,open,21,58.544,41.0,0,66,4.986,3.985,30082201,20862
52.526,a-cubic,open,21,60.288,41.0,0,66,4.842,4.097,30106817,20879
52.576,a-cubic,recovery,20,60.433,41.0,1,67,5.29,3.826,30128537,20897
52.626,a-cubic,recovery,14,60.114,41.0,1,67,7.4,3.767,30128537,20906
52.676,a-cubic,open,14,61.152,41.0,0,67,3.182,3.071,30173425,20919
52.726,a-cubic,open,15,57.942,41.0,0,67,3.599,2.965,30193697,20934
52.776,a-cubic,open,15,55.834,41.0,0,67,3.734,3.097,30212521,20947
52.827,a-cubic,open,15,56.05,41.0,0,67,3.72,3.188,30234241,20962
52.877,a-cubic,open,16,56.351,41.0,0,67,3.947,3.049,30251617,20975
52.927,a-cubic,open,16,56.562,41.0,0,67,3.932,3.052,30267545,20986
52.977,a-cubic,open,16,57.949,41.0,0,67,3.838,3.191,30290713,21002
53.027,a-cubic,open,17,59.591,41.0,0,67,3.966,3.059,30308089,21015
53.077,a-cubic,recovery,15,59.947,41.0,1,68,4.87,3.01,30316777,21027
53.127,a-cubic,recovery,11,59.613,41.0,1,69,3.031,2.659,30342841,21038
53.177,a-cubic,open,11,57.001,41.0,0,69,2.683,1.95,30357321,21045
53.228,a-cubic,open,12,58.195,41.0,0,69,2.866,2.279,30371801,21056
53.278,a-cubic,open,12,57.87,41.0,0,69,2.882,2.279,30384833,21065
53.328,a-cubic,open,13,57.908,41.0,0,69,3.121,2.442,30402209,21078
53.378,a-cubic,open,13,58.825,41.0,0,69,3.072,2.391,30418137,21089
53.428,a-cubic,open,13,59.226,41.0,0,69,3.051,2.487,30432617,21099
53.478,a-cubic,open,14,59.871,41.0,0,69,3.25,2.485,30448545,21111
53.528,a-cubic,open,14,61.232,41.0,0,69,3.178,2.732,30465921,21123
53.579,a-cubic,open,14,55.711,41.0,0,69,3.493,2.849,30484745,21136
53.629,a-cubic,open,15,50.791,41.0,0,69,4.105,3.108,30506465,21152
53.679,a-cubic,open,15,50.0,41.0,0,69,4.17,3.188,30523841,21164
53.729,a-cubic,open,15,52.019,41.0,0,69,4.008,3.337,30545561,21179
53.779,a-cubic,open,16,53.558,41.0,0,69,4.153,3.335,30567281,21195
53.829,a-cubic,open,16,55.26,41.0,0,69,4.025,3.48,30590449,21211
53.879,a-cubic,open,17,56.536,41.0,0,69,4.18,3.327,30609273,21225
53.930,a-cubic,open,18,58.092,41.0,0,69,4.307,3.327,30630993,21241
53.980,a-cubic,open,18,58.75,41.0,0,69,4.259,3.387,30651265,21255
54.030,a-cubic,open,18,60.157,41.0,0,69,4.159,3.511,30672985,21270
54.080,a-cubic,open,19,60.684,41.0,0,69,4.352,3.513,30694705,21286
54.130,a-cubic,recovery,17,60.645,41.0,1,70,4.584,3.387,30710633,21300
54.180,a-cubic,recovery,13,60.622,41.0,1,70,7.108,3.455,30710633,21311
54.230,a-cubic,open,13,60.498,41.0,0,70,2.987,2.514,30754073,21322
54.280,a-cubic,open,14,58.388,41.0,0,70,3.333,2.751,30770001,21334
54.331,a-cubic,open,15,57.066,41.0,0,70,3.654,2.913,30787377,21347
54.381,a-cubic,open,15,58.17,41.0,0,70,3.585,2.813,30806201,21360
54.431,a-cubic,open,15,58.274,41.0,0,70,3.578,2.988,30823577,21372
54.481,a-cubic,open,16,58.551,41.0,0,70,3.799,2.927,30842401,21386
54.531,a-cubic,open,16,58.877,41.0,0,70,3.778,2.927,30861225,21399
54.581,a-cubic,open,16,60.581,41.0,0,70,3.671,3.123,30881497,21413
54.631,a-cubic,open,16,57.34,41.0,0,70,3.879,3.018,30904665,21429
54.681,a-cubic,open,17,51.008,41.0,0,70,4.633,3.518,30926385,21445
54.731,a-cubic,open,18,49.751,41.0,0,70,5.029,3.871,30951001,21463
54.782,a-cubic,open,18,50.76,41.0,0,70,4.929,3.871,30975617,21480
54.832,a-cubic,open,18,52.669,41.0,0,70,4.751,3.913,31001681,21498
54.882,a-cubic,open,19,53.78,41.0,0,70,4.911,3.913,31024849,21515
54.932,a-cubic,open,19,54.842,41.0,0,70,4.816,4.037,31049465,21532
54.982,a-cubic,open,20,55.262,41.0,0,70,5.031,4.04,31072633,21549
55.032,a-cubic,open,20,56.268,41.0,0,70,4.941,4.158,31097249,21566
55.082,a-cubic,open,21,57.94,41.0,0,70,5.038,3.987,31124761,21586
55.132,a-cubic,open,21,58.957,41.0,0,70,4.951,4.099,31150825,21604
55.183,a-cubic,open,22,59.794,41.0,0,70,5.114,4.099,31173993,21621
55.233,a-cubic,open,22,60.416,41.0,0,70,5.062,3.862,31200057,21639
55.283,a-cubic,recovery,17,60.922,41.0,1,71,6.845,3.952,31204401,21652
55.333,a-cubic,open,15,60.622,41.0,0,71,3.44,3.388,31246393,21665
55.383,a-cubic,open,16,51.558,41.0,0,71,4.314,3.15,31271009,21683
55.433,a-cubic,open,17,46.711,41.0,0,71,5.059,3.639,31294177,21700
55.483,a-cubic,open,17,46.884,41.0,0,71,5.04,4.027,31317345,21716
55.533,a-cubic,open,17,48.746,41.0,0,71,4.843,4.065,31344857,21735
55.584,a-cubic,open,18,49.509,41.0,0,71,5.054,4.065,31369473,21753
55.634,a-cubic,open,18,49.778,41.0,0,71,5.027,4.099,31394089,21770
55.684,a-cubic,open,18,51.002,41.0,0,71,4.906,4.099,31420153,21788
55.734,a-cubic,open,19,51.249,41.0,0,71,5.154,4.097,31443321,21805
55.784,a-cubic,open,19,52.926,41.0,0,71,4.99,4.132,31470833,21824
55.834,a-cubic,open,20,53.611,41.0,0,71,5.186,4.074,31498345,21844
55.884,a-cubic,open,20,54.564,41.0,0,71,5.095,4.158,31521513,21860
55.934,a-cubic,open,21,55.476,41.0,0,71,5.262,4.249,31546129,21878
55.984,a-cubic,open,21,56.831,41.0,0,71,5.137,4.275,31573641,21897
56.035,a-cubic,open,22,58.214,41.0,0,71,5.253,4.183,31599705,21916
56.085,a-cubic,open,22,58.01,41.0,0,71,5.272,4.29,31627217,21935
56.135,a-cubic,open,22,60.52,41.0,0,71,5.053,4.208,31656177,21955
56.185,a-cubic,open,23,60.469,41.0,0,71,5.287,4.202,31679345,21972
56.235,a-cubic,recovery,20,60.121,41.0,1,72,6.243,4.114,31693825,21988
56.285,a-cubic,open,16,60.156,41.0,0,72,3.697,4.099,31731473,22002
56.335,a-cubic,open,17,49.449,41.0,0,72,4.779,3.628,31760433,22023
56.385,a-cubic,open,17,45.363,41.0,0,72,5.209,4.134,31785049,22040
56.436,a-cubic,open,18,46.212,41.0,0,72,5.414,4.278,31812561,22060
56.486,a-cubic,open,18,47.195,41.0,0,72,5.302,4.415,31838625,22078
56.536,a-cubic,open,19,48.469,41.0,0,72,5.449,4.304,31867585,22099
56.586,a-cubic,open,19,48.821,41.0,0,72,5.41,4.432,31895097,22118
56.636,a-cubic,open,20,50.068,41.0,0,72,5.553,4.327,31922609,22138
56.686,a-cubic,open,20,50.829,41.0,0,72,5.47,4.327,31950121,22157
56.736,a-cubic,open,20,52.645,41.0,0,72,5.281,4.449,31976185,22175
56.786,a-cubic,open,21,53.463,41.0,0,72,5.46,4.347,32002249,22194
56.836,a-cubic,open,21,54.88,41.0,0,72,5.319,4.366,32028313,22212
56.886,a-cubic,open,22,55.264,41.0,0,72,5.534,4.366,32055825,22232
56.936,a-cubic,open,22,57.04,41.0,0,72,5.361,4.384,32084785,22252
56.987,a-cubic,open,23,57.328,41.0,0,72,5.577,4.383,32113745,22273
57.037,a-cubic,open,23,58.707,41.0,0,72,5.446,4.489,32139809,22291
57.087,a-cubic,open,24,59.72,41.0,0,72,5.586,4.399,32167321,22311
57.137,a-cubic,open,24,60.406,41.0,0,72,5.523,4.684,32196281,22331
57.187,a-cubic,open,25,60.516,41.0,0,72,5.743,4.591,32223793,22351
57.237,a-cubic,open,25,56.227,41.0,0,72,6.181,4.569,32257097,22374
57.287,a-cubic,open,26,53.034,41.0,0,72,6.815,5.56,32290401,22398
57.337,a-cubic,open,26,53.99,41.0,0,72,6.694,5.314,32323705,22421
57.387,a-cubic,open,27,56.177,41.0,0,72,6.681,5.288,32361353,22448
57.437,a-cubic,open,27,56.445,41.0,0,72,6.649,5.286,32393209,22470
57.488,a-cubic,open,27,58.457,41.0,0,72,6.42,5.271,32425065,22492
57.538,a-cubic,open,28,59.159,41.0,0,72,6.579,5.259,32461265,22518
57.588,a-cubic,open,28,59.988,41.0,0,72,6.488,5.356,32491673,22539
57.638,a-cubic,open,29,60.23,41.0,0,72,6.693,5.356,32524977,22563
57.688,a-cubic,open,29,59.217,41.0,0,72,6.808,5.661,32564073,22590
57.738,a-cubic,open,30,54.937,41.0,0,72,7.591,5.779,32603169,22618
57.788,a-cubic,open,30,56.225,41.0,0,72,7.417,6.109,32643713,22646
57.839,a-cubic,open,30,56.844,41.0,0,72,7.336,5.903,32678465,22670
57.889,a-cubic,open,31,57.155,41.0,0,72,7.54,6.105,32717561,22698
57.939,a-cubic,open,31,57.896,41.0,0,72,7.443,6.177,32755209,22724
57.989,a-cubic,open,32,59.577,41.0,0,72,7.466,6.051,32791409,22750
58.039,a-cubic,open,32,60.5,41.0,0,72,7.352,6.119,32830505,22777
58.089,a-cubic,recovery,23,60.606,41.0,1,73,11.009,5.95,32833401,22796
58.139,a-cubic,open,22,57.972,41.0,0,73,5.275,4.516,32901457,22817
58.189,a-cubic,open,23,52.204,41.0,0,73,6.124,4.846,32933313,22840
58.240,a-cubic,open,24,51.582,41.0,0,73,6.468,5.114,32966617,22864
58.290,a-cubic,open,25,53.62,41.0,0,73,6.481,5.1,32998473,22887
58.340,a-cubic,open,25,53.728,41.0,0,73,6.468,5.208,33028881,22908
58.390,a-cubic,open,25,56.31,41.0,0,73,6.172,5.087,33063633,22932
58.440,a-cubic,open,26,56.621,41.0,0,73,6.383,5.088,33091145,22952
58.490,a-cubic,open,26,57.801,41.0,0,73,6.253,5.181,33125897,22976
58.540,a-cubic,open,26,59.036,41.0,0,73,6.122,5.074,33157753,22998
58.590,a-cubic,open,27,59.49,41.0,0,73,6.309,5.074,33188161,23020
58.641,a-cubic,open,27,60.081,41.0,0,73,6.247,5.165,33222913,23044
58.691,a-cubic,open,27,60.148,41.0,0,73,6.24,5.27,33256217,23067
58.741,a-cubic,open,28,53.705,41.0,0,73,7.247,5.38,33295313,23095
58.791,a-cubic,open,28,53.501,41.0,0,73,7.275,6.228,33331513,23120
58.841,a-cubic,open,29,54.508,41.0,0,73,7.396,5.95,33369161,23147
58.891,a-cubic,open,29,55.718,41.0,0,73,7.235,5.822,33402465,23170
58.941,a-cubic,open,29,56.933,41.0,0,73,7.081,5.901,33440113,23196
58.991,a-cubic,open,30,57.854,41.0,0,73,7.208,5.778,33474865,23221
59.041,a-cubic,open,30,59.139,41.0,0,73,7.052,5.855,33515409,23249
59.092,a-cubic,open,31,58.973,41.0,0,73,7.307,6.104,33553057,23276
59.142,a-cubic,open,31,60.436,41.0,0,73,7.13,5.738,33587809,23300
59.192,a-cubic,recovery,23,60.741,41.0,1,74,10.756,5.647,33587809,23318
59.242,a-cubic,open,21,57.914,41.0,0,74,5.041,4.515,33655865,23338
59.292,a-cubic,open,22,51.511,41.0,0,74,5.937,4.653,33686273,23360
59.342,a-cubic,open,22,51.423,41.0,0,74,5.947,4.894,33718129,23382
59.392,a-cubic,open,23,52.323,41.0,0,74,6.11,4.78,33747089,23403
59.442,a-cubic,open,23,54.335,41.0,0,74,5.884,4.889,33777497,23424
59.492,a-cubic,open,23,55.208,41.0,0,74,5.791,4.888,33810801,23447
59.543,a-cubic,open,24,55.89,41.0,0,74,5.969,4.782,33838313,23467
59.593,a-cubic,open,24,56.128,41.0,0,74,5.944,4.781,33867273,23487
59.643,a-cubic,open,24,57.861,41.0,0,74,5.766,4.782,33896233,23507
59.693,a-cubic,open,25,58.903,41.0,0,74,5.9,4.781,33928089,23530
59.743,a-cubic,open,25,60.759,41.0,0,74,5.72,4.881,33957049,23550
59.793,a-cubic,open,26,61.021,41.0,0,74,5.923,4.879,33987457,23572
59.843,a-cubic,recovery,24,61.216,41.0,1,75,6.358,4.705,34009177,23591
59.893,a-cubic,open,18,59.594,41.0,0,75,4.199,4.648,34048273,23607
59.944,a-cubic,open,19,50.627,41.0,0,75,5.217,3.811,34077233,23628
59.994,a-cubic,open,20,44.791,41.0,0,75,6.207,4.821,34107641,23650
60.044,a-cubic,open,20,46.58,41.0,0,75,5.969,4.782,34136601,23670
60.094,a-cubic,open,20,47.656,41.0,0,75,5.834,4.781,34168457,23692
60.144,a-cubic,open,21,48.109,41.0,0,75,6.068,4.782,34197417,23713
60.194,a-cubic,open,21,49.687,41.0,0,75,5.875,4.887,34227825,23734
60.244,a-cubic,open,21,50.835,41.0,0,75,5.742,4.793,34258233,23755
60.295,a-cubic,open,22,50.64,41.0,0,75,6.039,4.782,34288641,23777
60.345,a-cubic,open,22,52.504,41.0,0,75,5.825,4.783,34317601,23797
60.395,a-cubic,open,23,52.796,41.0,0,75,6.056,4.783,34348009,23819
60.445,a-cubic,open,23,53.073,41.0,0,75,6.024,4.998,34378417,23840
60.495,a-cubic,open,24,55.785,41.0,0,75,5.98,4.782,34408825,23862
60.545,a-cubic,open,24,56.324,41.0,0,75,5.923,4.782,34437785,23882
60.595,a-cubic,open,25,57.92,41.0,0,75,6.0,4.782,34468193,23904
60.645,a-cubic,open,25,58.329,41.0,0,75,5.958,4.881,34498601,23925
60.696,a-cubic,open,25,60.585,41.0,0,75,5.736,4.783,34526113,23944
60.746,a-cubic,open,26,60.45,41.0,0,75,5.979,4.88,34557969,23967
60.796,a-cubic,recovery,23,60.156,41.0,1,76,6.701,4.781,34579689,23987
60.846,a-cubic,open,18,60.162,41.0,0,76,4.159,4.684,34618785,24002
60.896,a-cubic,open,19,51.524,41.0,0,76,5.126,3.572,34647745,24023
60.946,a-cubic,open,20,45.149,41.0,0,76,6.158,4.78,34678153,24045
60.996,a-cubic,open,20,46.469,41.0,0,76,5.983,4.78,34705665,24064
61.046,a-cubic,open,20,48.274,41.0,0,76,5.759,4.78,34734625,24084
61.097,a-cubic,open,21,48.177,41.0,0,76,6.059,4.781,34763585,24105
61.147,a-cubic,open,21,49.535,41.0,0,76,5.893,4.782,34793993,24126
61.197,a-cubic,open,21,50.736,41.0,0,76,5.754,4.781,34824401,24147
61.247,a-cubic,open,22,51.019,41.0,0,76,5.994,4.782,34854809,24169
61.297,a-cubic,open,22,52.136,41.0,0,76,5.866,4.893,34885217,24190
61.347,a-cubic,open,23,53.377,41.0,0,76,5.99,4.782,34917073,24213
61.397,a-cubic,open,23,54.418,41.0,0,76,5.875,4.783,34947481,24234
61.447,a-cubic,open,24,55.234,41.0,0,76,6.04,4.888,34974993,24254
61.497,a-cubic,open,24,56.078,41.0,0,76,5.949,4.68,35005401,24275
61.548,a-cubic,open,25,58.071,41.0,0,76,5.984,4.882,35037257,24298
61.598,a-cubic,open,25,58.775,41.0,0,76,5.913,4.78,35064769,24317
61.648,a-cubic,open,26,60.552,41.0,0,76,5.969,4.783,35093729,24338
61.698,a-cubic,open,26,60.431,41.0,0,76,5.981,4.783,35121241,24357
61.748,a-cubic,open,26,60.625,41.0,0,76,5.962,4.974,35155993,24381
61.798,a-cubic,open,27,58.973,41.0,0,76,6.364,4.973,35190745,24406
61.848,a-cubic,open,27,53.136,41.0,0,76,7.063,5.125,35226945,24431
61.898,a-cubic,open,28,54.343,41.0,0,76,7.162,5.614,35261697,24456
61.948,a-cubic,open,28,57.019,41.0,0,76,6.826,5.698,35296449,24480
61.998,a-cubic,open,29,58.499,41.0,0,76,6.891,5.579,35331201,24505
62.048,a-cubic,open,29,59.098,41.0,0,76,6.821,5.66,35367401,24530
62.098,a-cubic,open,29,60.893,41.0,0,76,6.62,5.547,35399257,24552
62.149,a-cubic,open,30,61.176,41.0,0,76,6.817,5.546,35434009,24577
62.199,a-cubic,recovery,27,60.608,41.0,1,77,8.257,5.457,35452833,24598
62.249,a-cubic,recovery,21,60.145,41.0,1,78,7.627,5.081,35483241,24617
62.299,a-cubic,open,21,54.774,41.0,0,78,5.329,4.085,35531025,24637
62.349,a-cubic,open,22,52.336,41.0,0,78,5.843,4.558,35561433,24659
62.399,a-cubic,open,23,53.483,41.0,0,78,5.978,4.674,35590393,24680
62.449,a-cubic,open,23,54.978,41.0,0,78,5.815,4.887,35620801,24701
62.499,a-cubic,open,24,55.951,41.0,0,78,5.963,4.785,35649761,24722
62.549,a-cubic,open,24,57.347,41.0,0,78,5.817,4.679,35675825,24740
62.599,a-cubic,open,25,58.009,41.0,0,78,5.991,4.782,35706233,24762
62.650,a-cubic,open,25,58.911,41.0,0,78,5.899,4.684,35738089,24784
62.700,a-cubic,open,25,60.43,41.0,0,78,5.751,4.782,35768497,24805
62.750,a-cubic,recovery,24,59.999,41.0,1,79,7.182,4.609,35785873,24825
62.800,a-cubic,recovery,18,60.583,41.0,1,80,4.13,4.385,35824969,24839
62.850,a-cubic,recovery,18,55.141,41.0,1,80,8.319,3.238,35824969,24855
62.900,a-cubic,open,18,54.635,41.0,0,80,4.58,3.897,35869857,24870
62.950,a-cubic,open,19,54.662,41.0,0,80,4.832,3.742,35895921,24889
63.000,a-cubic,open,19,55.739,41.0,0,80,4.738,3.943,35920537,24906
63.051,a-cubic,open,20,56.774,41.0,0,80,4.897,3.871,35948049,24926
63.101,a-cubic,open,20,58.363,41.0,0,80,4.764,3.823,35971217,24942
63.151,a-cubic,open,20,59.106,41.0,0,80,4.704,3.903,35992937,24957
63.201,a-cubic,open,21,59.471,41.0,0,80,4.909,3.828,36014657,24973
63.251,a-cubic,open,21,60.053,41.0,0,80,4.861,3.902,36040721,24991
63.301,a-cubic,recovery,16,60.247,41.0,1,81,6.23,3.622,36046513,25003
63.351,a-cubic,open,14,59.964,41.0,0,81,3.245,3.042,36087057,25017
63.401,a-cubic,open,15,49.714,41.0,0,81,4.194,3.602,36110225,25034
63.452,a-cubic,open,15,45.761,41.0,0,81,4.556,3.78,36134841,25051
63.502,a-cubic,open,15,46.06,41.0,0,81,4.527,3.775,36156561,25066
63.552,a-cubic,open,16,46.377,41.0,0,81,4.796,3.775,36181177,25084
63.602,a-cubic,open,17,47.939,41.0,0,81,4.929,3.826,36204345,25101
63.652,a-cubic,open,17,49.145,41.0,0,81,4.808,3.966,36231857,25120
63.702,a-cubic,open,17,50.695,41.0,0,81,4.661,3.871,36255025,25136
63.752,a-cubic,open,18,51.276,41.0,0,81,4.88,3.643,36278193,25153
63.802,a-cubic,open,18,52.255,41.0,0,81,4.788,4.002,36301361,25169
63.852,a-cubic,open,19,52.874,41.0,0,81,4.995,3.911,36325977,25187
63.902,a-cubic,open,20,54.078,41.0,0,81,5.141,4.045,36350593,25205
63.952,a-cubic,open,20,55.576,41.0,0,81,5.002,4.249,36379553,25225
64.002,a-cubic,open,20,57.218,41.0,0,81,4.859,4.07,36404169,25242
64.053,a-cubic,open,21,57.438,41.0,0,81,5.082,4.072,36427337,25259
64.103,a-cubic,open,21,59.01,41.0,0,81,4.947,4.099,36453401,25277
64.153,a-cubic,open,22,60.608,41.0,0,81,5.046,4.099,36478017,25295
64.203,a-cubic,recovery,19,60.042,41.0,1,82,5.788,4.086,36495393,25311
64.253,a-cubic,open,15,60.521,41.0,0,82,3.445,3.895,36528697,25324
64.303,a-cubic,open,15,58.792,41.0,0,82,3.547,2.822,36546073,25336
64.353,a-cubic,open,16,56.331,41.0,0,82,3.948,3.188,36567793,25352
64.403,a-cubic,open,17,55.835,41.0,0,82,4.232,3.257,36588065,25367
64.453,a-cubic,open,17,57.352,41.0,0,82,4.12,3.387,36609785,25382
64.503,a-cubic,open,18,57.944,41.0,0,82,4.318,3.318,36630057,25397
64.554,a-cubic,open,18,59.262,41.0,0,82,4.222,3.317,36651777,25412
64.604,a-cubic,open,18,60.595,41.0,0,82,4.129,3.44,36669153,25424
64.654,a-cubic,recovery,12,60.591,41.0,1,83,5.735,3.2,36670601,25434
64.704,a-cubic,open,12,59.984,41.0,0,83,2.781,2.259,36708249,25446
64.754,a-cubic,open,13,57.571,41.0,0,83,3.139,2.547,36724177,25458
64.804,a-cubic,open,13,58.03,41.0,0,83,3.114,2.648,36740105,25469
64.854,a-cubic,open,13,58.209,41.0,0,83,3.104,2.59,36753137,25478
64.904,a-cubic,open,13,59.315,41.0,0,83,3.047,2.59,36771961,25491
64.954,a-cubic,open,14,60.014,41.0,0,83,3.243,2.537,36786441,25502
65.004,a-cubic,open,14,61.597,41.0,0,83,3.159,2.733,36802369,25513
65.054,a-cubic,open,15,62.846,41.0,0,83,3.318,2.487,36819745,25526
65.104,a-cubic,recovery,10,60.8,41.0,2,85,4.573,2.444,36819745,25534
65.155,a-cubic,open,10,59.693,41.0,0,85,2.329,1.87,36845809,25541
65.205,a-cubic,open,11,61.454,41.0,0,85,2.488,1.992,36857393,25550
65.255,a-cubic,open,11,59.686,41.0,0,85,2.562,1.993,36871873,25560
65.305,a-cubic,open,12,60.586,41.0,0,85,2.753,2.104,36884905,25570
65.355,a-cubic,open,12,61.186,41.0,0,85,2.726,2.295,36899385,25580
65.405,a-cubic,open,12,60.926,41.0,0,85,2.738,2.295,36910969,25588
65.455,a-cubic,open,12,58.757,41.0,0,85,2.839,2.295,36928345,25600
65.505,a-cubic,open,13,51.805,41.0,0,85,3.488,2.868,36948617,25615
65.555,a-cubic,open,13,50.624,41.0,0,85,3.57,2.961,36964545,25626
65.606,a-cubic,open,14,51.706,41.0,0,85,3.764,2.89,36983369,25640
65.656,a-cubic,open,14,52.203,41.0,0,85,3.728,3.063,37003641,25654
65.706,a-cubic,open,15,53.259,41.0,0,85,3.915,2.977,37023913,25669
65.756,a-cubic,open,15,53.713,41.0,0,85,3.882,2.976,37038393,25679
65.806,a-cubic,open,16,55.237,41.0,0,85,4.026,3.056,37057217,25693
65.856,a-cubic,open,16,57.01,41.0,0,85,3.901,3.192,37077489,25707
65.906,a-cubic,open,17,58.593,41.0,0,85,4.033,3.12,37096313,25721
65.956,a-cubic,open,17,59.267,41.0,0,85,3.987,3.189,37118033,25736
66.006,a-cubic,recovery,14,60.588,41.0,1,86,4.359,3.073,37129617,25748
66.056,a-cubic,open,11,60.643,41.0,0,86,2.521,2.924,37155681,25757
66.106,a-cubic,open,12,60.739,41.0,0,86,2.746,2.072,37170161,25768
66.157,a-cubic,open,12,58.13,41.0,0,86,2.87,2.287,37183193,25777
66.207,a-cubic,open,13,57.152,41.0,0,86,3.162,2.442,37200569,25790
66.257,a-cubic,open,13,58.261,41.0,0,86,3.102,2.391,37213601,25799
66.307,a-cubic,open,13,58.537,41.0,0,86,3.087,2.59,37228081,25809
66.357,a-cubic,open,14,58.928,41.0,0,86,3.303,2.538,37244009,25821
66.407,a-cubic,open,14,60.48,41.0,0,86,3.218,2.538,37262833,25834
66.457,a-cubic,open,14,60.141,41.0,0,86,3.236,2.678,37280209,25846
66.507,a-cubic,open,14,60.181,41.0,0,86,3.234,2.785,37296137,25857
66.557,a-cubic,open,15,52.65,41.0,0,86,3.96,2.976,37319305,25874
66.608,a-cubic,open,16,49.55,41.0,0,86,4.489,3.499,37341025,25890
66.658,a-cubic,open,16,50.403,41.0,0,86,4.413,3.643,37364193,25906
66.708,a-cubic,open,16,52.111,41.0,0,86,4.268,3.559,37385913,25921
66.758,a-cubic,open,17,52.766,41.0,0,86,4.478,3.643,37407633,25937
66.808,a-cubic,open,17,53.233,41.0,0,86,4.439,3.643,37430801,25953
66.858,a-cubic,open,18,54.019,41.0,0,86,4.632,3.613,37452521,25969
66.908,a-cubic,open,19,55.502,41.0,0,86,4.759,3.742,37474241,25985
66.958,a-cubic,open,19,56.261,41.0,0,86,4.694,3.663,37495961,26000
67.008,a-cubic,open,19,58.46,41.0,0,86,4.518,3.786,37522025,26018
67.059,a-cubic,open,20,58.662,41.0,0,86,4.739,3.786,37545193,26035
67.109,a-cubic,open,20,60.312,41.0,0,86,4.61,3.825,37569809,26052
67.159,a-cubic,open,20,61.292,41.0,0,86,4.536,3.825,37590081,26066
67.209,a-cubic,open,21,61.183,41.0,0,86,4.771,3.788,37616145,26085
67.259,a-cubic,recovery,18,60.66,41.0,1,87,5.5,3.764,37627729,26098
67.309,a-cubic,open,14,55.731,41.0,0,87,3.492,3.263,37665377,26113
67.359,a-cubic,open,15,48.75,41.0,0,87,4.277,3.574,37688545,26130
67.410,a-cubic,open,16,46.204,41.0,0,87,4.814,3.878,37713161,26148
67.460,a-cubic,open,16,47.172,41.0,0,87,4.715,3.923,37736329,26164
67.510,a-cubic,open,16,47.562,41.0,0,87,4.676,3.823,37762393,26182
67.560,a-cubic,open,17,48.512,41.0,0,87,4.871,3.822,37785561,26199
67.610,a-cubic,open,17,49.563,41.0,0,87,4.768,3.966,37810177,26216
67.660,a-cubic,open,17,51.039,41.0,0,87,4.63,3.871,37833345,26232
67.710,a-cubic,open,18,51.275,41.0,0,87,4.88,3.871,37856513,26249
67.761,a-cubic,open,19,52.284,41.0,0,87,5.051,4.004,37881129,26267
67.811,a-cubic,open,19,53.81,41.0,0,87,4.908,3.913,37907193,26285
67.861,a-cubic,open,19,55.301,41.0,0,87,4.776,4.038,37931809,26302
67.911,a-cubic,open,20,55.598,41.0,0,87,5.0,4.038,37954977,26319
67.961,a-cubic,open,20,57.947,41.0,0,87,4.798,3.95,37981041,26337
68.011,a-cubic,open,21,58.105,41.0,0,87,5.024,4.07,38005657,26355
68.061,a-cubic,open,21,59.516,41.0,0,87,4.905,4.099,38030273,26372
68.111,a-cubic,open,22,60.886,41.0,0,87,5.023,4.099,38056337,26391
68.161,a-cubic,open,22,61.702,41.0,0,87,4.956,4.1,38080953,26408
68.211,a-cubic,recovery,18,60.632,41.0,1,88,7.107,3.953,38085297,26422
68.262,a-cubic,open,15,60.543,41.0,0,88,3.444,3.648,38128737,26435
68.312,a-cubic,open,16,56.011,41.0,0,88,3.971,3.041,38150457,26451
68.362,a-cubic,open,17,47.296,41.0,0,88,4.996,3.611,38176521,26470
68.412,a-cubic,open,17,46.221,41.0,0,88,5.113,4.026,38199689,26486
68.462,a-cubic,open,17,47.609,41.0,0,88,4.964,4.169,38227201,26505
68.512,a-cubic,open,18,47.996,41.0,0,88,5.213,4.169,38251817,26523
68.562,a-cubic,open,18,49.004,41.0,0,88,5.106,4.199,38280777,26543
68.612,a-cubic,open,18,49.523,41.0,0,88,5.052,4.199,38306841,26561
68.663,a-cubic,open,19,50.246,41.0,0,88,5.256,3.935,38331457,26579
68.713,a-cubic,open,19,51.784,41.0,0,88,5.1,4.13,38356073,26596
68.763,a-cubic,open,20,52.936,41.0,0,88,5.252,4.128,38380689,26614
68.813,a-cubic,open,20,53.609,41.0,0,88,5.186,4.348,38405305,26631
68.863,a-cubic,open,21,55.046,41.0,0,88,5.303,4.158,38434265,26652
68.913,a-cubic,open,21,56.304,41.0,0,88,5.185,4.273,38461777,26671
68.963,a-cubic,open,22,57.12,41.0,0,88,5.354,4.184,38487841,26690
69.013,a-cubic,open,22,58.262,41.0,0,88,5.249,4.296,38515353,26709
69.063,a-cubic,open,23,59.469,41.0,0,88,5.376,4.184,38541417,26728
69.113,a-cubic,open,23,61.332,41.0,0,88,5.213,4.208,38567481,26746
69.164,a-cubic,open,23,61.925,41.0,0,88,5.163,4.489,38593545,26764
69.214,a-cubic,recovery,18,58.084,41.0,1,89,8.376,4.184,38596441,26780
69.264,a-cubic,open,16,52.103,41.0,0,89,4.269,3.573,38651465,26798
69.314,a-cubic,open,17,46.555,41.0,0,89,5.076,3.996,38677529,26817
69.364,a-cubic,open,18,46.895,41.0,0,89,5.336,4.157,38705041,26837
69.414,a-cubic,open,18,48.289,41.0,0,89,5.182,4.313,38731105,26855
69.464,a-cubic,open,19,48.959,41.0,0,89,5.395,4.201,38757169,26874
69.514,a-cubic,open,19,50.077,41.0,0,89,5.274,4.326,38784681,26893
69.564,a-cubic,open,19,51.436,41.0,0,89,5.135,4.321,38810745,26911
69.615,a-cubic,open,20,52.482,41.0,0,89,5.297,4.229,38838257,26931
69.665,a-cubic,open,20,52.826,41.0,0,89,5.263,4.357,38864321,26949
69.715,a-cubic,open,20,53.283,41.0,0,89,5.218,4.347,38891833,26968
69.765,a-cubic,open,21,54.034,41.0,0,89,5.402,4.346,38917897,26987
69.815,a-cubic,open,21,55.854,41.0,0,89,5.226,4.464,38945409,27006
69.865,a-cubic,open,22,56.666,41.0,0,89,5.397,4.274,38968577,27023
69.915,a-cubic,open,22,57.102,41.0,0,89,5.356,4.384,38998985,27044
69.965,a-cubic,open,23,58.222,41.0,0,89,5.491,4.293,39025049,27063
70.016,a-cubic,open,23,58.731,41.0,0,89,5.444,4.293,39051113,27081
70.066,a-cubic,recovery,21,60.357,41.0,1,90,5.758,4.141,39072833,27100
70.116,a-cubic,recovery,16,60.209,41.0,1,90,8.542,4.209,39072833,27112
70.166,a-cubic,open,16,58.795,41.0,0,90,3.783,3.071,39127857,27128
70.216,a-cubic,open,17,55.588,41.0,0,90,4.251,3.4,39148129,27143
70.266,a-cubic,open,17,54.714,41.0,0,90,4.319,3.613,39169849,27158
70.316,a-cubic,open,17,56.332,41.0,0,90,4.195,3.535,39191569,27173
70.366,a-cubic,open,18,56.711,41.0,0,90,4.412,3.46,39216185,27191
70.417,a-cubic,open,18,57.734,41.0,0,90,4.334,3.587,39235009,27204
70.467,a-cubic,open,19,58.799,41.0,0,90,4.492,3.513,39256729,27220
70.517,a-cubic,open,19,59.649,41.0,0,90,4.428,3.513,39279897,27236
70.567,a-cubic,open,19,61.055,41.0,0,90,4.326,3.634,39301617,27251
70.617,a-cubic,open,20,58.749,41.0,0,90,4.732,3.709,39327681,27270
70.667,a-cubic,open,21,52.654,41.0,0,90,5.544,4.447,39356641,27291
70.717,a-cubic,open,21,52.575,41.0,0,90,5.552,4.565,39385601,27311
70.767,a-cubic,open,22,54.488,41.0,0,90,5.613,4.463,39413113,27331
70.817,a-cubic,open,22,55.01,41.0,0,90,5.559,4.574,39442073,27351
70.868,a-cubic,open,23,56.993,41.0,0,90,5.61,4.574,39469585,27371
70.918,a-cubic,open,23,57.651,41.0,0,90,5.546,4.366,39498545,27391
70.968,a-cubic,open,23,58.099,41.0,0,90,5.503,4.489,39524609,27409
71.018,a-cubic,open,24,59.822,41.0,0,90,5.577,4.489,39552121,27429
71.068,a-cubic,open,24,59.877,41.0,0,90,5.572,4.591,39583977,27451
71.118,a-cubic,open,25,60.826,41.0,0,90,5.713,4.591,39610041,27470
71.168,a-cubic,open,25,57.18,41.0,0,90,6.078,4.88,39644793,27494
71.219,a-cubic,open,26,52.404,41.0,0,90,6.897,5.313,39680993,27520
71.269,a-cubic,open,26,53.339,41.0,0,90,6.776,5.527,39715745,27544
71.319,a-cubic,open,27,54.332,41.0,0,90,6.908,5.526,39750497,27569
71.369,a-cubic,open,27,55.278,41.0,0,90,6.79,5.407,39780905,27590
71.419,a-cubic,open,28,56.488,41.0,0,90,6.89,5.613,39817105,27616
71.469,a-cubic,open,28,57.103,41.0,0,90,6.816,5.493,39853305,27641
71.519,a-cubic,open,28,58.048,41.0,0,90,6.705,5.582,39886609,27664
71.569,a-cubic,open,29,59.413,41.0,0,90,6.785,5.462,39924257,27691
71.620,a-cubic,open,29,60.539,41.0,0,90,6.659,5.666,39954665,27712
71.670,a-cubic,recovery,24,60.553,41.0,1,91,9.182,5.104,39967697,27733
71.720,a-cubic,open,21,60.373,41.0,0,91,4.835,4.993,40021273,27751
71.770,a-cubic,open,22,53.353,41.0,0,91,5.732,4.445,40054577,27775
71.820,a-cubic,open,23,46.457,41.0,0,91,6.882,5.296,40089329,27800
71.870,a-cubic,open,23,47.376,41.0,0,91,6.748,5.5,40122633,27823
71.920,a-cubic,open,24,48.896,41.0,0,91,6.823,5.499,40155937,27847
71.970,a-cubic,open,24,50.08,41.0,0,91,6.662,5.465,40190689,27871
72.021,a-cubic,open,24,50.842,41.0,0,91,6.562,5.465,40225441,27895
72.071,a-cubic,open,25,50.839,41.0,0,91,6.836,5.468,40258745,27919
72.121,a-cubic,open,25,52.731,41.0,0,91,6.59,5.56,40294945,27944
72.171,a-cubic,open,25,53.243,41.0,0,91,6.527,5.433,40328249,27967
72.221,a-cubic,open,26,53.99,41.0,0,91,6.694,5.311,40360105,27990
72.271,a-cubic,open,26,55.659,41.0,0,91,6.493,5.404,40394857,28014
72.321,a-cubic,open,27,56.167,41.0,0,91,6.682,5.291,40428161,28038
72.371,a-cubic,open,27,57.203,41.0,0,91,6.561,5.291,40462913,28062
72.422,a-cubic,open,27,58.006,41.0,0,91,6.47,5.379,40494769,28084
72.472,a-cubic,open,28,59.472,41.0,0,91,6.545,5.178,40528073,28108
72.522,a-cubic,open,28,60.558,41.0,0,91,6.427,5.378,40561377,28131
72.572,a-cubic,recovery,27,60.742,41.0,1,92,7.781,5.082,40583097,28154
72.622,a-cubic,recovery,20,60.442,41.0,1,93,6.67,5.165,40612057,28170
72.672,a-cubic,open,20,56.239,41.0,0,93,4.943,3.91,40655497,28190
72.722,a-cubic,open,21,54.735,41.0,0,93,5.333,4.349,40681561,28209
72.772,a-cubic,open,21,54.077,41.0,0,93,5.398,4.364,40706177,28226
72.822,a-cubic,open,22,55.108,41.0,0,93,5.549,4.364,40735137,28247
72.873,a-cubic,open,22,55.835,41.0,0,93,5.477,4.273,40759753,28264
72.923,a-cubic,open,22,57.101,41.0,0,93,5.356,4.386,40788713,28284
72.973,a-cubic,open,22,57.829,41.0,0,93,5.288,4.294,40817673,28304
73.023,a-cubic,open,23,58.988,41.0,0,93,5.42,4.288,40846633,28325
73.073,a-cubic,disorder,23,60.137,41.0,0,93,5.316,4.155,40869801,28342
73.123,a-cubic,recovery,16,60.51,41.0,1,94,7.581,4.032,40869801,28352
73.173,a-cubic,open,16,59.361,41.0,0,94,3.747,3.388,40916137,28367
73.223,a-cubic,open,17,56.968,41.0,0,94,4.148,3.388,40939305,28384
73.273,a-cubic,open,17,55.206,41.0,0,94,4.281,3.533,40961025,28399
73.324,a-cubic,open,17,56.34,41.0,0,94,4.194,3.459,40982745,28414
73.374,a-cubic,open,18,56.501,41.0,0,94,4.428,3.459,41005913,28431
73.424,a-cubic,open,18,58.068,41.0,0,94,4.309,3.588,41026185,28445
73.474,a-cubic,open,18,59.216,41.0,0,94,4.225,3.512,41049353,28461
73.524,a-cubic,open,19,60.646,41.0,0,94,4.355,3.444,41068177,28475
73.574,a-cubic,open,19,60.264,41.0,0,94,4.383,3.634,41091345,28491
73.624,a-cubic,open,20,60.962,41.0,0,94,4.56,3.635,41115961,28509
73.675,a-cubic,open,20,54.314,41.0,0,94,5.119,3.868,41146369,28530
73.725,a-cubic,open,21,52.01,41.0,0,94,5.613,4.455,41172433,28549
73.775,a-cubic,open,21,53.068,41.0,0,94,5.501,4.565,41201393,28569
73.825,a-cubic,open,22,54.661,41.0,0,94,5.595,4.463,41228905,28589
73.875,a-cubic,open,22,56.157,41.0,0,94,5.446,4.475,41256417,28608
73.925,a-cubic,open,23,57.173,41.0,0,94,5.592,4.481,41283929,28628
73.975,a-cubic,open,23,57.177,41.0,0,94,5.592,4.477,41311441,28647
74.025,a-cubic,open,24,59.018,41.0,0,94,5.653,4.581,41340401,28668
74.075,a-cubic,open,24,59.886,41.0,0,94,5.571,4.488,41367913,28687
74.126,a-cubic,open,24,60.319,41.0,0,94,5.531,4.591,41396873,28707
74.176,a-cubic,open,25,59.897,41.0,0,94,5.802,4.591,41428729,28730
74.226,a-cubic,open,25,54.218,41.0,0,94,6.41,4.981,41462033,28753
74.276,a-cubic,open,26,52.805,41.0,0,94,6.844,5.432,41498233,28779
74.326,a-cubic,open,26,54.011,41.0,0,94,6.692,5.527,41530089,28801
74.376,a-cubic,open,27,54.836,41.0,0,94,6.844,5.526,41567737,28828
74.426,a-cubic,open,27,56.071,41.0,0,94,6.694,5.493,41602489,28852
74.476,a-cubic,open,28,57.213,41.0,0,94,6.803,5.494,41635793,28876
74.527,a-cubic,open,28,56.865,41.0,0,94,6.845,5.549,41671993,28901
74.577,a-cubic,open,29,58.187,41.0,0,94,6.928,5.494,41706745,28926
74.627,a-cubic,open,29,59.392,41.0,0,94,6.787,5.547,41737153,28947
74.677,a-cubic,disorder,30,60.879,41.0,0,94,6.85,5.27,41771905,28973
74.727,a-cubic,recovery,21,60.68,41.0,1,95,10.08,5.269,41771905,28988
74.777,a-cubic,recovery,21,54.946,41.0,1,96,9.867,3.764,41808105,29009
74.827,a-cubic,open,21,54.299,41.0,0,96,5.376,4.672,41863129,29028
74.877,a-cubic,open,22,53.244,41.0,0,96,5.744,4.67,41893537,29050
74.928,a-cubic,open,23,54.743,41.0,0,96,5.84,4.574,41925393,29073
74.978,a-cubic,open,24,56.141,41.0,0,96,5.942,4.583,41952905,29093
75.028,a-cubic,open,24,57.822,41.0,0,96,5.77,4.684,41981865,29113
75.078,a-cubic,open,24,58.043,41.0,0,96,5.748,4.884,42010825,29133
75.128,a-cubic,open,25,59.601,41.0,0,96,5.831,4.686,42042681,29156
75.178,a-cubic,open,25,60.301,41.0,0,96,5.763,4.781,42067297,29173
75.228,a-cubic,open,25,60.107,41.0,0,96,5.782,4.783,42099153,29195
75.278,a-cubic,open,26,55.867,41.0,0,96,6.469,4.783,42135353,29221
75.329,a-cubic,open,26,53.307,41.0,0,96,6.78,5.654,42171553,29246
75.379,a-cubic,open,26,53.172,41.0,0,96,6.797,5.65,42204857,29269
75.429,a-cubic,open,27,54.619,41.0,0,96,6.872,5.526,42239609,29294
75.479,a-cubic,open,27,56.058,41.0,0,96,6.695,5.407,42271465,29316
75.529,a-cubic,open,27,57.261,41.0,0,96,6.555,5.494,42306217,29340
75.579,a-cubic,open,28,57.589,41.0,0,96,6.759,5.494,42340969,29365
75.629,a-cubic,open,28,58.248,41.0,0,96,6.682,5.574,42375721,29389
75.680,a-cubic,open,29,59.932,41.0,0,96,6.726,5.362,42409025,29413
75.730,a-cubic,open,29,60.791,41.0,0,96,6.631,5.537,42443777,29437
75.780,a-cubic,open,30,60.923,41.0,0,96,6.845,5.549,42475633,29460
75.830,a-cubic,open,30,57.656,41.0,0,96,7.233,5.741,42519073,29490
75.880,a-cubic,open,30,54.728,41.0,0,96,7.62,6.376,42558169,29517
75.930,a-cubic,open,31,55.06,41.0,0,96,7.826,6.163,42597265,29545
75.980,a-cubic,open,31,56.288,41.0,0,96,7.656,6.308,42636361,29572
76.031,a-cubic,open,32,56.832,41.0,0,96,7.827,6.441,42676905,29601
76.081,a-cubic,open,32,57.922,41.0,0,96,7.68,6.388,42717449,29629
76.131,a-cubic,open,33,59.256,41.0,0,96,7.741,6.246,42757993,29658
76.181,a-cubic,open,33,59.79,41.0,0,96,7.672,6.312,42795641,29684
76.231,a-cubic,open,34,60.456,41.0,0,96,7.818,6.312,42834737,29712
76.281,a-cubic,open,34,60.7,41.0,0,96,7.786,6.504,42875281,29740
76.331,a-cubic,open,35,56.574,41.0,0,96,8.6,6.312,42923065,29774
76.381,a-cubic,open,35,55.767,41.0,0,96,8.724,7.123,42965057,29803
76.432,a-cubic,open,36,56.878,41.0,0,96,8.798,7.122,43009945,29835
76.482,a-cubic,open,36,57.789,41.0,0,96,8.66,6.974,43051937,29864
76.532,a-cubic,open,37,59.911,41.0,0,96,8.585,6.889,43096825,29896
76.582,a-cubic,open,37,60.323,41.0,0,96,8.526,6.889,43141713,29927
76.632,a-cubic,open,37,60.547,41.0,0,96,8.495,7.078,43188049,29959
76.682,a-cubic,open,38,59.55,41.0,0,96,8.87,7.076,43232937,29991
76.732,a-cubic,open,38,55.655,41.0,0,96,9.491,7.28,43282169,30025
76.782,a-cubic,open,39,56.493,41.0,0,96,9.596,7.733,43329953,30059
76.832,a-cubic,open,39,58.447,41.0,0,96,9.276,7.612,43377737,30092
76.882,a-cubic,open,40,58.837,41.0,0,96,9.45,7.612,43425521,30126
76.933,a-cubic,open,40,59.173,41.0,0,96,9.397,7.807,43471857,30158
76.983,a-cubic,open,41,60.41,41.0,0,96,9.434,7.651,43522537,30194
77.033,a-cubic,disorder,41,60.296,41.0,0,96,9.452,7.455,43570321,30227
77.083,a-cubic,recovery,30,57.609,41.0,1,97,15.684,7.65,43570321,30253
77.133,a-cubic,open,28,49.879,41.0,0,97,7.803,5.719,43670233,30284
77.183,a-cubic,open,30,43.793,41.0,0,97,9.523,7.382,43718017,30319
77.233,a-cubic,open,30,44.959,41.0,0,97,9.276,7.488,43762905,30350
77.283,a-cubic,open,31,46.996,41.0,0,97,9.169,7.362,43810689,30384
77.334,a-cubic,open,32,47.41,41.0,0,97,9.382,7.413,43855577,30416
77.384,a-cubic,open,32,48.062,41.0,0,97,9.255,7.648,43904809,30450
77.434,a-cubic,open,32,50.041,41.0,0,97,8.889,7.467,43951145,30482
77.484,a-cubic,open,33,50.382,41.0,0,97,9.105,7.46,43997481,30515
77.534,a-cubic,open,33,52.38,41.0,0,97,8.758,7.18,44042369,30546
77.584,a-cubic,open,34,53.038,41.0,0,97,8.911,7.174,44085809,30577
77.634,a-cubic,open,34,55.247,41.0,0,97,8.555,7.228,44130697,30608
77.685,a-cubic,open,35,55.664,41.0,0,97,8.74,7.073,44177033,30641
77.735,a-cubic,open,35,56.136,41.0,0,97,8.667,6.969,44220473,30671
77.785,a-cubic,open,35,58.044,41.0,0,97,8.382,7.131,44266809,30703
77.835,a-cubic,open,36,58.529,41.0,0,97,8.55,6.83,44307353,30732
77.885,a-cubic,open,36,60.134,41.0,0,97,8.322,6.889,44352241,30763
77.935,a-cubic,recovery,36,60.599,41.0,1,98,9.175,6.585,44385545,30792
77.985,a-cubic,recovery,25,60.878,41.0,1,98,13.472,6.587,44385545,30810
78.035,a-cubic,recovery,25,52.201,41.0,1,99,11.983,4.607,44440569,30836
78.085,a-cubic,open,25,49.919,41.0,0,99,6.962,6.105,44507177,30861
78.136,a-cubic,open,26,49.527,41.0,0,99,7.297,5.977,44543377,30887
78.186,a-cubic,open,27,51.274,41.0,0,99,7.32,5.783,44581025,30914
78.236,a-cubic,open,27,53.15,41.0,0,99,7.062,5.736,44617225,30939
78.286,a-cubic,open,27,54.093,41.0,0,99,6.938,5.738,44653425,30964
78.336,a-cubic,open,28,55.24,41.0,0,99,7.046,5.614,44689625,30990
78.386,a-cubic,open,28,56.276,41.0,0,99,6.916,5.698,44725825,31015
78.436,a-cubic,open,28,56.557,41.0,0,99,6.882,5.823,44760577,31039
78.487,a-cubic,open,29,57.68,41.0,0,99,6.989,5.577,44793881,31063
78.537,a-cubic,open,29,58.022,41.0,0,99,6.948,5.777,44832977,31090
78.587,a-cubic,open,30,60.235,41.0,0,99,6.923,5.661,44867729,31115
78.637,a-cubic,open,30,60.164,41.0,0,99,6.931,5.698,44901033,31138
78.687,a-cubic,recovery,29,60.311,41.0,1,100,7.376,5.533,44931441,31162
78.737,a-cubic,recovery,21,58.3,41.0,1,100,11.683,5.511,44931441,31180
78.787,a-cubic,open,22,48.596,41.0,0,100,6.293,4.64,45011081,31207
78.837,a-cubic,open,23,45.536,41.0,0,100,7.021,5.082,45044385,31231
78.888,a-cubic,open,23,46.9,41.0,0,100,6.817,5.496,45077689,31254
78.938,a-cubic,open,24,48.089,41.0,0,100,6.937,5.496,45110993,31278
78.988,a-cubic,open,24,48.873,41.0,0,100,6.826,5.365,45147193,31303
79.038,a-cubic,open,24,50.347,41.0,0,100,6.626,5.598,45181945,31327
79.088,a-cubic,open,25,50.519,41.0,0,100,6.879,5.465,45213801,31350
79.138,a-cubic,open,25,51.751,41.0,0,100,6.715,5.693,45250001,31375
79.188,a-cubic,open,26,53.334,41.0,0,100,6.776,5.436,45286201,31401
79.238,a-cubic,open,26,53.599,41.0,0,100,6.743,5.433,45319505,31424
79.288,a-cubic,open,26,55.761,41.0,0,100,6.482,5.405,45351361,31446
79.339,a-cubic,open,27,55.83,41.0,0,100,6.723,5.525,45387561,31472
79.389,a-cubic,open,27,57.278,41.0,0,100,6.553,5.38,45420865,31495
79.439,a-cubic,open,28,57.998,41.0,0,100,6.711,5.38,45452721,31518
79.489,a-cubic,open,28,58.648,41.0,0,100,6.636,5.355,45487473,31542
79.539,a-cubic,open,28,60.626,41.0,0,100,6.42,5.357,45519329,31564
79.589,a-cubic,recovery,27,60.554,41.0,1,101,7.575,5.081,45545393,31588
79.639,a-cubic,recovery,20,60.156,41.0,2,102,10.861,4.974,45545393,31604
79.689,a-cubic,open,20,57.266,41.0,0,102,4.855,3.764,45610553,31621
79.740,a-cubic,open,21,54.458,41.0,0,102,5.36,4.536,45639513,31642
79.790,a-cubic,open,21,53.552,41.0,0,102,5.451,4.463,45667025,31661
79.840,a-cubic,open,22,55.065,41.0,0,102,5.554,4.463,45697433,31683
79.890,a-cubic,open,22,55.518,41.0,0,102,5.508,4.477,45724945,31702
79.940,a-cubic,open,22,56.866,41.0,0,102,5.378,4.384,45752457,31721
79.990,a-cubic,open,22,57.649,41.0,0,102,5.305,4.477,45778521,31739
80.040,a-cubic,open,23,58.729,41.0,0,102,5.444,4.384,45807481,31760
80.090,a-cubic,open,23,60.266,41.0,0,102,5.305,4.4,45834993,31779
80.141,a-cubic,open,24,60.642,41.0,0,102,5.501,4.399,45859609,31797
80.191,a-cubic,open,24,60.467,41.0,0,102,5.517,4.684,45890017,31818
80.241,a-cubic,open,25,54.803,41.0,0,102,6.341,4.78,45924769,31843
80.291,a-cubic,open,25,52.459,41.0,0,102,6.625,5.559,45958073,31866
80.341,a-cubic,open,26,53.263,41.0,0,102,6.786,5.312,45992825,31891
80.391,a-cubic,open,26,54.868,41.0,0,102,6.587,5.406,46027577,31915
80.441,a-cubic,open,27,56.603,41.0,0,102,6.631,5.291,46062329,31940
80.491,a-cubic,open,27,57.535,41.0,0,102,6.523,5.381,46095633,31963
80.542,a-cubic,open,28,59.048,41.0,0,102,6.592,5.27,46124593,31984
80.592,a-cubic,open,28,59.493,41.0,0,102,6.542,5.356,46156449,32006
80.642,a-cubic,recovery,23,60.59,41.0,1,103,8.03,5.081,46169481,32024
80.692,a-cubic,open,19,60.173,41.0,0,103,4.389,4.516,46220161,32042
80.742,a-cubic,open,20,53.875,41.0,0,103,5.16,3.936,46247673,32062
80.792,a-cubic,open,21,51.788,41.0,0,103,5.637,4.349,46276633,32083
80.842,a-cubic,open,21,53.142,41.0,0,103,5.493,4.564,46302697,32101
80.892,a-cubic,open,22,54.104,41.0,0,103,5.652,4.461,46330209,32121
80.943,a-cubic,open,22,54.946,41.0,0,103,5.566,4.462,46357721,32140
80.993,a-cubic,open,22,56.728,41.0,0,103,5.391,4.477,46386681,32160
81.043,a-cubic,open,23,56.781,41.0,0,103,5.631,4.477,46412745,32179
81.093,a-cubic,open,23,58.518,41.0,0,103,5.464,4.489,46441705,32199
81.143,a-cubic,open,23,59.738,41.0,0,103,5.352,4.487,46469217,32218
81.193,a-cubic,open,24,60.236,41.0,0,103,5.539,4.399,46498177,32239
81.243,a-cubic,open,24,60.677,41.0,0,103,5.498,4.591,46528585,32260
81.293,a-cubic,open,24,59.426,41.0,0,103,5.614,4.685,46557545,32280
81.344,a-cubic,open,25,52.693,41.0,0,103,6.595,4.888,46593745,32306
81.394,a-cubic,open,25,51.596,41.0,0,103,6.735,5.434,46627049,32329
81.444,a-cubic,open,26,53.157,41.0,0,103,6.799,5.434,46658905,32352
81.494,a-cubic,open,26,53.567,41.0,0,103,6.747,5.651,46696553,32378
81.544,a-cubic,open,27,55.284,41.0,0,103,6.789,5.406,46728409,32401
81.594,a-cubic,open,27,55.986,41.0,0,103,6.704,5.406,46760265,32423
81.644,a-cubic,open,28,56.577,41.0,0,103,6.879,5.494,46796465,32449
81.694,a-cubic,open,28,57.668,41.0,0,103,6.749,5.38,46828321,32471
81.744,a-cubic,open,28,58.843,41.0,0,103,6.615,5.465,46864521,32496
81.794,a-cubic,open,29,59.562,41.0,0,103,6.768,5.465,46902169,32523
81.845,a-cubic,open,29,60.185,41.0,0,103,6.698,5.66,46934025,32545
81.895,a-cubic,open,30,60.119,41.0,0,103,6.937,5.625,46970225,32571
81.945,a-cubic,open,30,55.258,41.0,0,103,7.547,5.861,47013665,32601
81.995,a-cubic,open,31,54.58,41.0,0,103,7.895,6.376,47049865,32627
82.045,a-cubic,open,31,56.725,41.0,0,103,7.597,6.308,47090409,32655
82.095,a-cubic,open,32,57.244,41.0,0,103,7.771,6.177,47126609,32681
82.145,a-cubic,open,32,58.984,41.0,0,103,7.541,6.246,47167153,32709
82.195,a-cubic,open,33,59.705,41.0,0,103,7.683,6.246,47209145,32739
82.245,a-cubic,open,33,60.667,41.0,0,103,7.561,6.122,47243897,32763
82.295,a-cubic,open,33,60.754,41.0,0,103,7.551,6.312,47284441,32791
82.345,a-cubic,open,34,59.222,41.0,0,103,7.981,6.312,47329329,32823
82.396,a-cubic,open,34,56.179,41.0,0,103,8.413,6.916,47372769,32853
82.446,a-cubic,open,35,55.363,41.0,0,103,8.788,7.226,47417657,32885
82.496,a-cubic,open,35,58.256,41.0,0,103,8.351,6.974,47461097,32915
82.546,a-cubic,open,36,58.025,41.0,0,103,8.624,6.955,47503089,32945
82.596,a-cubic,open,36,59.07,41.0,0,103,8.472,7.027,47546529,32975
82.646,a-cubic,open,37,60.099,41.0,0,103,8.558,7.026,47591417,33007
82.696,a-cubic,recovery,33,60.033,41.0,1,104,10.42,6.886,47620377,33036
82.746,a-cubic,open,25,60.945,41.0,0,104,5.702,6.886,47676849,33055
82.796,a-cubic,open,26,52.823,41.0,0,104,6.842,4.862,47715945,33083
82.847,a-cubic,open,27,44.43,41.0,0,104,8.447,6.205,47759385,33114
82.897,a-cubic,open,27,44.789,41.0,0,104,8.38,6.796,47798481,33141
82.947,a-cubic,open,28,46.121,41.0,0,104,8.439,6.795,47840473,33171
82.997,a-cubic,open,28,46.985,41.0,0,104,8.284,7.047,47883913,33201
83.047,a-cubic,open,29,48.07,41.0,0,104,8.386,6.866,47927353,33232
83.097,a-cubic,open,29,49.268,41.0,0,104,8.182,6.764,47972241,33263
83.147,a-cubic,open,30,50.012,41.0,0,104,8.338,6.603,48012785,33292
83.197,a-cubic,open,30,51.446,41.0,0,104,8.106,6.672,48053329,33320
83.247,a-cubic,open,31,52.02,41.0,0,104,8.284,6.672,48093873,33349
83.298,a-cubic,open,31,52.821,41.0,0,104,8.158,6.516,48134417,33377
83.348,a-cubic,open,32,54.194,41.0,0,104,8.208,6.738,48179305,33409
83.398,a-cubic,open,32,55.572,41.0,0,104,8.004,6.448,48218401,33436
83.448,a-cubic,open,32,57.273,41.0,0,104,7.767,6.445,48260393,33465
83.498,a-cubic,open,32,57.53,41.0,0,104,7.732,6.512,48299489,33492
83.548,a-cubic,open,33,57.963,41.0,0,104,7.914,6.377,48340033,33521
83.598,a-cubic,open,33,59.597,41.0,0,104,7.697,6.312,48377681,33547
83.648,a-cubic,open,33,60.785,41.0,0,104,7.547,6.245,48416777,33574
83.698,a-cubic,recovery,29,60.556,41.0,1,105,10.1,6.143,48434153,33598
83.749,a-cubic,recovery,23,59.385,41.0,1,106,7.725,5.457,48479041,33620
83.799,a-cubic,open,23,52.088,41.0,0,106,6.138,4.542,48526825,33642
83.849,a-cubic,open,24,51.149,41.0,0,106,6.522,5.365,48560129,33666
83.899,a-cubic,open,24,52.38,41.0,0,106,6.369,5.217,48594881,33690
83.949,a-cubic,open,25,53.136,41.0,0,106,6.54,5.217,48626737,33713
83.999,a-cubic,open,25,54.482,41.0,0,106,6.379,5.198,48658593,33735
84.049,a-cubic,open,25,55.137,41.0,0,106,6.303,5.198,48689001,33756
84.099,a-cubic,open,25,55.013,41.0,0,106,6.317,5.198,48722305,33779
84.149,a-cubic,open,26,56.422,41.0,0,106,6.406,5.197,48755609,33803
84.200,a-cubic,open,26,57.709,41.0,0,106,6.263,5.074,48787465,33825
84.250,a-cubic,open,27,58.646,41.0,0,106,6.4,5.075,48817873,33847
84.300,a-cubic,open,27,60.317,41.0,0,106,6.222,5.162,48851177,33870
84.350,a-cubic,recovery,19,60.495,41.0,1,107,8.961,4.895,48852625,33884
84.400,a-cubic,open,18,59.047,41.0,0,107,4.238,3.769,48907649,33901
84.450,a-cubic,open,19,53.308,41.0,0,107,4.954,3.962,48933713,33920
84.500,a-cubic,open,19,52.75,41.0,0,107,5.007,4.129,48961225,33939
84.551,a-cubic,open,20,53.995,41.0,0,107,5.149,4.038,48982945,33955
84.601,a-cubic,open,20,54.964,41.0,0,107,5.058,4.159,49011905,33975
84.651,a-cubic,open,20,55.546,41.0,0,107,5.005,4.159,49035073,33991
84.701,a-cubic,open,20,56.747,41.0,0,107,4.899,4.07,49061137,34009
84.751,a-cubic,open,21,57.081,41.0,0,107,5.114,4.07,49087201,34028
84.801,a-cubic,open,22,58.672,41.0,0,107,5.212,4.184,49114713,34048
84.851,a-cubic,open,22,59.603,41.0,0,107,5.131,4.208,49140777,34066
84.901,a-cubic,open,22,59.971,41.0,0,107,5.099,4.207,49163945,34082
84.951,a-cubic,open,23,57.96,41.0,0,107,5.516,4.207,49195801,34105
85.001,a-cubic,open,23,52.269,41.0,0,107,6.117,4.886,49226209,34126
85.052,a-cubic,open,24,53.213,41.0,0,107,6.269,4.999,49256617,34148
85.102,a-cubic,open,24,54.604,41.0,0,107,6.11,4.99,49291369,34172
85.152,a-cubic,open,25,56.085,41.0,0,107,6.196,4.991,49317433,34191
85.202,a-cubic,open,25,57.644,41.0,0,107,6.029,4.987,49350737,34214
85.252,a-cubic,open,26,58.223,41.0,0,107,6.207,4.981,49384041,34238
85.302,a-cubic,open,26,58.626,41.0,0,107,6.165,4.981,49414449,34259
85.352,a-cubic,open,26,60.569,41.0,0,107,5.967,4.88,49446305,34281
85.402,a-cubic,open,27,60.976,41.0,0,107,6.155,4.974,49476713,34303
85.453,a-cubic,open,27,60.87,41.0,0,107,6.166,5.163,49507121,34324
85.503,a-cubic,recovery,20,59.854,41.0,1,108,8.593,5.136,49514361,34341
85.553,a-cubic,open,18,53.054,41.0,0,108,4.716,3.756,49572281,34361
85.603,a-cubic,open,19,46.245,41.0,0,108,5.711,4.769,49601241,34382
85.653,a-cubic,open,20,45.22,41.0,0,108,6.148,4.896,49631649,34404
85.703,a-cubic,open,20,46.059,41.0,0,108,6.036,5.032,49663505,34426
85.754,a-cubic,open,21,46.831,41.0,0,108,6.233,4.904,49692465,34447
85.804,a-cubic,open,21,47.946,41.0,0,108,6.088,5.021,49725769,34470
85.854,a-cubic,open,21,49.452,41.0,0,108,5.903,4.901,49756177,34491
85.904,a-cubic,open,22,50.512,41.0,0,108,6.054,4.782,49786585,34513
85.954,a-cubic,open,22,52.078,41.0,0,108,5.872,4.888,49815545,34533
86.004,a-cubic,open,22,52.602,41.0,0,108,5.814,4.888,49847401,34555
86.054,a-cubic,open,23,52.879,41.0,0,108,6.046,4.784,49877809,34577
86.105,a-cubic,open,23,54.216,41.0,0,108,5.897,4.888,49908217,34598
86.155,a-cubic,open,24,55.126,41.0,0,108,6.052,4.782,49937177,34619
86.205,a-cubic,open,24,56.424,41.0,0,108,5.913,4.882,49969033,34641
86.255,a-cubic,open,25,57.093,41.0,0,108,6.087,4.884,49997993,34662
86.305,a-cubic,open,25,58.277,41.0,0,108,5.963,4.981,50029849,34684
86.355,a-cubic,open,26,59.767,41.0,0,108,6.047,4.782,50060257,34706
86.405,a-cubic,open,26,60.218,41.0,0,108,6.002,4.973,50089217,34726
86.455,a-cubic,disorder,27,60.297,41.0,0,108,6.225,4.649,50119625,34748
86.505,a-cubic,recovery,18,55.062,41.0,1,109,10.855,4.963,50119625,34766
86.556,a-cubic,open,18,51.11,41.0,0,109,4.896,3.928,50184785,34785
86.606,a-cubic,open,20,45.518,41.0,0,109,6.108,4.78,50218089,34810
86.656,a-cubic,open,20,47.046,41.0,0,109,5.909,4.904,50245601,34829
86.706,a-cubic,open,21,48.422,41.0,0,109,6.029,4.905,50277457,34852
86.756,a-cubic,open,21,48.942,41.0,0,109,5.964,4.782,50307865,34873
86.806,a-cubic,open,21,50.23,41.0,0,109,5.812,4.782,50335377,34892
86.856,a-cubic,open,22,50.592,41.0,0,109,6.045,4.782,50365785,34914
86.906,a-cubic,open,22,51.853,41.0,0,109,5.898,4.782,50394745,34934
86.956,a-cubic,open,22,53.274,41.0,0,109,5.74,4.779,50426601,34956
87.007,a-cubic,open,23,53.28,41.0,0,109,6.001,4.78,50454113,34976
87.057,a-cubic,open,23,54.72,41.0,0,109,5.843,4.782,50483073,34996
87.107,a-cubic,open,23,55.838,41.0,0,109,5.726,4.782,50516377,35019
87.157,a-cubic,open,24,56.582,41.0,0,109,5.896,4.782,50545337,35040
87.207,a-cubic,open,24,57.504,41.0,0,109,5.802,4.782,50574297,35060
87.257,a-cubic,open,25,58.78,41.0,0,109,5.912,4.782,50604705,35082
87.307,a-cubic,open,25,60.329,41.0,0,109,5.76,4.782,50635113,35103
87.357,a-cubic,open,26,60.492,41.0,0,109,5.975,4.848,50665521,35125
87.408,a-cubic,open,26,60.116,41.0,0,109,6.012,4.973,50694481,35145
87.458,a-cubic,open,27,54.692,41.0,0,109,6.862,5.18,50732129,35172
87.508,a-cubic,open,27,53.902,41.0,0,109,6.963,5.739,50768329,35197
87.558,a-cubic,open,28,53.69,41.0,0,109,7.249,5.742,50804529,35223
87.608,a-cubic,open,28,56.427,41.0,0,109,6.898,5.698,50842177,35249
87.658,a-cubic,open,29,57.279,41.0,0,109,7.038,5.578,50874033,35272
87.708,a-cubic,open,29,58.506,41.0,0,109,6.89,5.66,50910233,35297
87.758,a-cubic,open,30,59.757,41.0,0,109,6.979,5.547,50944985,35322
87.808,a-cubic,open,30,60.629,41.0,0,109,6.878,5.659,50978289,35345
87.859,a-cubic,recovery,23,60.558,41.0,1,110,9.641,5.596,50986977,35365
87.909,a-cubic,open,21,59.715,41.0,0,110,4.888,4.517,51046345,35384
87.959,a-cubic,open,22,54.233,41.0,0,110,5.639,4.372,51076753,35406
88.009,a-cubic,open,23,53.211,41.0,0,110,6.008,4.783,51105713,35427
88.059,a-cubic,open,23,53.575,41.0,0,110,5.968,4.782,51136121,35448
88.109,a-cubic,open,24,54.899,41.0,0,110,6.077,4.783,51165081,35469
88.159,a-cubic,open,24,55.596,41.0,0,110,6.001,4.78,51192593,35488
88.210,a-cubic,open,24,57.822,41.0,0,110,5.77,4.782,51224449,35510
88.260,a-cubic,open,25,58.296,41.0,0,110,5.961,4.78,51256305,35533
88.310,a-cubic,open,25,60.162,41.0,0,110,5.776,4.783,51282369,35551
88.360,a-cubic,open,26,60.827,41.0,0,110,5.942,4.782,51315673,35575
88.410,a-cubic,open,26,61.067,41.0,0,110,5.918,4.59,51343185,35594
88.460,a-cubic,recovery,18,60.609,41.0,2,112,8.027,4.585,51343185,35606
88.511,a-cubic,open,18,58.808,41.0,0,112,4.255,3.46,51395313,35624
88.561,a-cubic,open,19,55.85,41.0,0,112,4.729,3.826,51421377,35643
88.611,a-cubic,open,19,55.543,41.0,0,112,4.755,3.95,51445993,35660
88.661,a-cubic,open,20,56.499,41.0,0,112,4.921,3.742,51469161,35677
88.711,a-cubic,open,20,56.507,41.0,0,112,4.92,3.868,51490881,35692
88.761,a-cubic,open,20,57.78,41.0,0,112,4.812,3.925,51516945,35710
88.811,a-cubic,open,20,58.687,41.0,0,112,4.737,3.903,51543009,35728
88.862,a-cubic,open,21,59.392,41.0,0,112,4.915,3.826,51566177,35745
88.912,a-cubic,open,21,59.784,41.0,0,112,4.883,3.962,51590793,35762
88.962,a-cubic,open,22,59.786,41.0,0,112,5.115,4.099,51616857,35781
89.012,a-cubic,open,22,55.441,41.0,0,112,5.516,4.252,51648713,35803
89.062,a-cubic,open,23,52.63,41.0,0,112,6.075,4.889,51680569,35826
89.112,a-cubic,open,23,52.312,41.0,0,112,6.112,4.782,51708081,35845
89.162,a-cubic,open,24,53.817,41.0,0,112,6.199,4.996,51738489,35867
89.213,a-cubic,open,24,55.845,41.0,0,112,5.974,4.891,51770345,35889
89.263,a-cubic,open,25,58.3,41.0,0,112,5.961,4.782,51802201,35912
89.313,a-cubic,open,25,58.283,41.0,0,112,5.963,4.83,51829713,35931
89.363,a-cubic,open,26,59.297,41.0,0,112,6.095,4.88,51858673,35952
89.413,a-cubic,open,26,60.833,41.0,0,112,5.941,4.879,51890529,35974
89.463,a-cubic,open,26,60.791,41.0,0,112,5.945,4.761,51922385,35996
89.513,a-cubic,open,27,57.967,41.0,0,112,6.475,4.973,51957137,36021
89.563,a-cubic,open,27,53.265,41.0,0,112,7.046,5.479,51991889,36045
89.614,a-cubic,open,28,54.32,41.0,0,112,7.165,5.738,52029537,36072
89.664,a-cubic,open,28,54.946,41.0,0,112,7.084,5.822,52065737,36097
89.714,a-cubic,open,29,55.668,41.0,0,112,7.241,5.822,52103385,36124
89.764,a-cubic,open,29,57.08,41.0,0,112,7.062,5.901,52141033,36150
89.814,a-cubic,open,30,57.986,41.0,0,112,7.192,5.773,52175785,36175
89.864,a-cubic,open,30,59.153,41.0,0,112,7.05,5.739,52210537,36199
89.914,a-cubic,open,31,60.485,41.0,0,112,7.124,5.856,52246737,36225
89.964,a-cubic,recovery,28,60.276,41.0,1,113,7.841,5.759,52272801,36248
90.015,a-cubic,recovery,21,60.746,41.0,1,113,11.67,5.645,52272801,36265
90.065,a-cubic,open,22,51.983,41.0,0,113,5.883,4.171,52352441,36290
90.115,a-cubic,open,23,44.828,41.0,0,113,7.132,5.263,52387193,36315
90.165,a-cubic,open,23,45.762,41.0,0,113,6.987,5.79,52423393,36340
90.215,a-cubic,open,24,46.301,41.0,0,113,7.205,5.64,52455249,36362
90.265,a-cubic,open,24,46.968,41.0,0,113,7.103,5.739,52494345,36390
90.315,a-cubic,open,25,47.975,41.0,0,113,7.244,5.738,52529097,36415
90.365,a-cubic,open,25,48.545,41.0,0,113,7.159,5.831,52565297,36440
90.416,a-cubic,open,25,49.866,41.0,0,113,6.969,5.696,52600049,36464
90.466,a-cubic,open,26,50.569,41.0,0,113,7.147,5.682,52636249,36490
90.516,a-cubic,open,26,51.91,41.0,0,113,6.962,5.783,52671001,36514
90.566,a-cubic,open,26,52.924,41.0,0,113,6.829,5.652,52705753,36538
90.616,a-cubic,open,27,54.161,41.0,0,113,6.93,5.526,52743401,36565
90.666,a-cubic,open,27,54.863,41.0,0,113,6.841,5.739,52778153,36589
90.716,a-cubic,open,28,56.627,41.0,0,113,6.873,5.494,52811457,36613
90.767,a-cubic,open,28,58.071,41.0,0,113,6.702,5.579,52847657,36638
90.817,a-cubic,open,29,58.555,41.0,0,113,6.885,5.575,52880961,36662
90.867,a-cubic,open,29,59.864,41.0,0,113,6.734,5.661,52915713,36686
90.917,a-cubic,open,29,60.52,41.0,0,113,6.661,5.562,52949017,36709
90.967,a-cubic,open,30,60.462,41.0,0,113,6.897,5.547,52985217,36735
91.017,a-cubic,open,30,55.503,41.0,0,113,7.513,5.98,53027209,36764
91.067,a-cubic,open,31,54.212,41.0,0,113,7.949,6.521,53066305,36792
91.117,a-cubic,open,31,56.655,41.0,0,113,7.606,6.307,53105401,36819
91.167,a-cubic,open,32,57.95,41.0,0,113,7.676,6.177,53145945,36848
91.218,a-cubic,open,32,59.219,41.0,0,113,7.512,6.246,53185041,36875
91.268,a-cubic,open,33,59.526,41.0,0,113,7.706,6.376,53224137,36903
91.318,a-cubic,recovery,30,60.449,41.0,1,114,8.508,6.022,53248753,36926
91.368,a-cubic,open,23,60.851,41.0,0,114,5.254,6.051,53297985,36945
91.418,a-cubic,open,24,55.093,41.0,0,114,6.055,4.368,53332737,36970
91.468,a-cubic,open,24,51.45,41.0,0,114,6.484,5.237,53363145,36991
91.518,a-cubic,open,25,52.036,41.0,0,114,6.678,5.338,53397897,37016
91.568,a-cubic,open,26,53.408,41.0,0,114,6.767,5.314,53431201,37040
91.618,a-cubic,open,26,54.851,41.0,0,114,6.589,5.406,53465953,37064
91.669,a-cubic,open,26,55.673,41.0,0,114,6.492,5.406,53500705,37088
91.719,a-cubic,open,27,56.927,41.0,0,114,6.593,5.198,53534009,37112
91.769,a-cubic,open,27,57.597,41.0,0,114,6.516,5.379,53565865,37134
91.819,a-cubic,open,28,58.891,41.0,0,114,6.609,5.27,53599169,37158
91.869,a-cubic,open,28,59.718,41.0,0,114,6.518,5.466,53633921,37182
91.919,a-cubic,recovery,24,60.268,41.0,1,115,7.842,5.164,53649849,37201
91.969,a-cubic,open,19,59.635,41.0,0,115,4.429,4.704,53697633,37218
92.019,a-cubic,open,20,54.633,41.0,0,115,5.089,3.921,53725145,37238
92.069,a-cubic,open,20,53.057,41.0,0,115,5.24,4.347,53749761,37255
92.119,a-cubic,open,20,53.062,41.0,0,115,5.239,4.251,53774377,37272
92.170,a-cubic,open,21,53.687,41.0,0,115,5.437,4.251,53803337,37293
92.220,a-cubic,open,21,54.618,41.0,0,115,5.345,4.366,53830849,37312
92.270,a-cubic,open,21,55.795,41.0,0,115,5.232,4.366,53858361,37331
92.320,a-cubic,open,22,56.088,41.0,0,115,5.452,4.256,53885873,37351
92.370,a-cubic,open,22,57.348,41.0,0,115,5.333,4.126,53913385,37370
92.420,a-cubic,open,23,58.527,41.0,0,115,5.463,4.383,53939449,37389
92.470,a-cubic,open,23,60.211,41.0,0,115,5.31,4.294,53964065,37406
92.520,a-cubic,open,24,60.601,41.0,0,115,5.505,4.399,53991577,37426
92.571,a-cubic,open,24,58.125,41.0,0,115,5.74,4.583,54023433,37448
92.621,a-cubic,open,25,52.458,41.0,0,115,6.625,5.217,54058185,37473
92.671,a-cubic,open,25,52.821,41.0,0,115,6.579,5.217,54090041,37495
92.721,a-cubic,open,25,54.925,41.0,0,115,6.327,5.198,54121897,37517
92.771,a-cubic,open,26,55.962,41.0,0,115,6.458,5.198,54155201,37541
92.821,a-cubic,open,26,57.227,41.0,0,115,6.315,5.181,54188505,37564
92.871,a-cubic,open,27,57.913,41.0,0,115,6.481,5.18,54220361,37587
92.921,a-cubic,open,27,58.997,41.0,0,115,6.362,5.165,54255113,37611
92.971,a-cubic,open,28,60.077,41.0,0,115,6.479,5.165,54285521,37633
93.022,a-cubic,recovery,24,60.646,41.0,1,116,7.793,4.991,54304345,37654
93.072,a-cubic,open,19,60.522,41.0,0,116,4.364,4.991,54349233,37669
93.122,a-cubic,open,20,56.389,41.0,0,116,4.93,3.695,54376745,37689
93.172,a-cubic,open,21,53.798,41.0,0,116,5.426,4.227,54402809,37708
93.222,a-cubic,open,21,53.398,41.0,0,116,5.467,4.347,54428873,37726
93.272,a-cubic,open,21,54.669,41.0,0,116,5.34,4.366,54456385,37745
93.322,a-cubic,open,22,55.388,41.0,0,116,5.521,4.366,54486793,37767
93.372,a-cubic,open,22,57.685,41.0,0,116,5.301,4.384,54512857,37785
93.422,a-cubic,open,23,57.437,41.0,0,116,5.566,4.477,54540369,37805
93.473,a-cubic,open,23,59.304,41.0,0,116,5.391,4.399,54567881,37824
93.523,a-cubic,open,23,59.866,41.0,0,116,5.341,4.489,54596841,37844
93.573,a-cubic,disorder,24,60.765,41.0,0,116,5.49,4.099,54621457,37863
93.623,a-cubic,recovery,16,60.197,41.0,1,117,8.082,4.328,54621457,37875
93.673,a-cubic,open,16,58.002,41.0,0,117,3.835,3.072,54675033,37892
93.723,a-cubic,open,17,48.135,41.0,0,117,4.909,4.23,54701097,37911
93.773,a-cubic,open,17,45.314,41.0,0,117,5.215,4.333,54728609,37930
93.823,a-cubic,open,18,45.755,41.0,0,117,5.469,4.28,54753225,37948
93.873,a-cubic,open,18,46.832,41.0,0,117,5.343,4.412,54782185,37968
93.923,a-cubic,open,19,48.186,41.0,0,117,5.481,4.169,54809697,37988
93.974,a-cubic,open,19,48.962,41.0,0,117,5.394,4.432,54837209,38007
94.024,a-cubic,open,20,50.167,41.0,0,117,5.542,4.432,54864721,38027
94.074,a-cubic,open,20,51.65,41.0,0,117,5.383,4.448,54890785,38045
94.124,a-cubic,open,21,52.331,41.0,0,117,5.578,4.448,54919745,38066
94.174,a-cubic,open,21,52.502,41.0,0,117,5.56,4.514,54947257,38085
94.224,a-cubic,open,22,54.281,41.0,0,117,5.634,4.463,54976217,38106
94.274,a-cubic,open,22,54.672,41.0,0,117,5.594,4.463,55002281,38124
94.324,a-cubic,open,23,56.206,41.0,0,117,5.688,4.476,55029793,38144
94.374,a-cubic,open,23,57.366,41.0,0,117,5.573,4.476,55058753,38164
94.425,a-cubic,open,23,59.465,41.0,0,117,5.377,4.583,55086265,38183
94.475,a-cubic,open,24,59.67,41.0,0,117,5.591,4.583,55113777,38203
94.525,a-cubic,recovery,20,60.737,41.0,1,118,6.637,4.328,55128257,38220
94.575,a-cubic,open,16,60.947,41.0,0,118,3.649,4.031,55167353,38233
94.625,a-cubic,open,17,57.093,41.0,0,118,4.139,3.314,55190521,38250
94.675,a-cubic,open,18,54.26,41.0,0,118,4.611,3.554,55210793,38265
94.725,a-cubic,open,18,54.953,41.0,0,118,4.553,3.612,55235409,38282
94.775,a-cubic,open,18,56.391,41.0,0,118,4.437,3.665,55258577,38298
94.826,a-cubic,open,19,56.902,41.0,0,118,4.642,3.663,55281745,38315
94.876,a-cubic,open,19,59.153,41.0,0,118,4.465,3.708,55303465,38330
94.926,a-cubic,open,19,59.597,41.0,0,118,4.432,3.786,55325185,38345
94.976,a-cubic,open,20,60.489,41.0,0,118,4.596,3.634,55348353,38362
95.026,a-cubic,open,20,60.476,41.0,0,118,4.597,3.825,55374417,38380
95.076,a-cubic,open,20,60.544,41.0,0,118,4.592,3.826,55397585,38396
95.126,a-cubic,open,21,54.935,41.0,0,118,5.314,3.904,55425097,38416
95.176,a-cubic,open,21,51.876,41.0,0,118,5.627,4.678,55455505,38437
95.226,a-cubic,open,21,52.806,41.0,0,118,5.528,4.563,55485913,38458
95.277,a-cubic,open,22,53.596,41.0,0,118,5.706,4.349,55513425,38478
95.327,a-cubic,open,22,54.929,41.0,0,118,5.567,4.675,55539489,38496
95.377,a-cubic,open,23,57.488,41.0,0,118,5.561,4.477,55571345,38519
95.427,a-cubic,open,23,58.198,41.0,0,118,5.494,4.584,55597409,38537
95.477,a-cubic,open,24,58.225,41.0,0,118,5.73,4.583,55626369,38558
95.527,a-cubic,open,24,59.067,41.0,0,118,5.648,4.684,55653881,38577
95.577,a-cubic,open,25,60.869,41.0,0,118,5.709,4.684,55685737,38600
95.627,a-cubic,recovery,23,60.375,41.0,1,119,6.677,4.514,55704561,38618
95.677,a-cubic,recovery,17,60.405,41.0,1,119,9.205,4.591,55704561,38630
95.728,a-cubic,open,18,51.172,41.0,0,119,4.89,3.306,55771169,38653
95.778,a-cubic,open,19,45.624,41.0,0,119,5.789,4.323,55795785,38671
95.828,a-cubic,open,19,45.311,41.0,0,119,5.829,4.782,55826193,38692
95.878,a-cubic,open,19,45.778,41.0,0,119,5.769,4.911,55856601,38713
95.928,a-cubic,open,20,46.191,41.0,0,119,6.019,4.782,55887009,38735
95.978,a-cubic,open,20,47.888,41.0,0,119,5.805,4.782,55915969,38755
96.028,a-cubic,open,20,49.185,41.0,0,119,5.652,4.781,55944929,38775
96.078,a-cubic,open,21,49.554,41.0,0,119,5.891,4.666,55973889,38796
96.128,a-cubic,open,21,51.311,41.0,0,119,5.689,4.671,56004297,38817
96.179,a-cubic,open,22,52.406,41.0,0,119,5.836,4.671,56034705,38839
96.229,a-cubic,open,22,52.19,41.0,0,119,5.86,4.782,56062217,38858
96.279,a-cubic,open,23,53.956,41.0,0,119,5.925,4.676,56091177,38879
96.329,a-cubic,open,23,54.092,41.0,0,119,5.911,4.888,56120137,38899
96.379,a-cubic,open,24,56.205,41.0,0,119,5.936,4.68,56149097,38920
96.429,a-cubic,open,24,57.203,41.0,0,119,5.832,4.68,56179505,38941
96.479,a-cubic,open,24,58.847,41.0,0,119,5.669,4.684,56209913,38962
96.529,a-cubic,open,25,59.218,41.0,0,119,5.868,4.684,56238873,38983
96.580,a-cubic,open,25,60.077,41.0,0,119,5.785,4.782,56269281,39004
96.630,a-cubic,open,26,60.15,41.0,0,119,6.009,4.782,56299689,39026
96.680,a-cubic,open,26,55.334,41.0,0,119,6.532,5.075,56332993,39049
96.730,a-cubic,open,27,52.876,41.0,0,119,7.098,5.651,56370641,39076
96.780,a-cubic,open,27,54.967,41.0,0,119,6.828,5.613,56406841,39101
96.830,a-cubic,open,28,57.107,41.0,0,119,6.816,5.495,56443041,39127
96.880,a-cubic,open,28,57.891,41.0,0,119,6.723,5.577,56476345,39150
96.930,a-cubic,open,29,58.618,41.0,0,119,6.877,5.464,56509649,39174
96.980,a-cubic,open,29,59.407,41.0,0,119,6.786,5.658,56545849,39199
97.031,a-cubic,open,30,60.621,41.0,0,119,6.879,5.549,56577705,39222
97.081,a-cubic,disorder,30,60.768,41.0,0,119,6.863,5.475,56612457,39246
97.131,a-cubic,recovery,21,59.658,41.0,1,120,11.184,5.566,56612457,39265
97.181,a-cubic,open,21,51.961,41.0,0,120,5.618,4.199,56684857,39288
97.231,a-cubic,open,23,45.197,41.0,0,120,7.074,5.297,56721057,39315
97.281,a-cubic,open,23,45.583,41.0,0,120,7.014,5.639,56755809,39339
97.331,a-cubic,open,24,46.797,41.0,0,120,7.129,5.639,56792009,39365
97.381,a-cubic,open,24,47.742,41.0,0,120,6.988,5.499,56825313,39388
97.432,a-cubic,open,24,49.051,41.0,0,120,6.801,5.599,56860065,39412
97.482,a-cubic,open,25,49.767,41.0,0,120,6.983,5.599,56894817,39437
97.532,a-cubic,open,25,50.546,41.0,0,120,6.875,5.599,56929569,39461
97.582,a-cubic,open,25,52.65,41.0,0,120,6.601,5.434,56965769,39486
97.632,a-cubic,open,26,53.198,41.0,0,120,6.794,5.434,56999073,39510
97.682,a-cubic,open,26,54.453,41.0,0,120,6.637,5.434,57029481,39531
97.732,a-cubic,open,27,55.729,41.0,0,120,6.735,5.406,57065681,39557
97.782,a-cubic,open,27,56.254,41.0,0,120,6.672,5.406,57098985,39580
97.833,a-cubic,open,27,58.252,41.0,0,120,6.443,5.38,57135185,39605
97.883,a-cubic,open,28,59.369,41.0,0,120,6.556,5.371,57164145,39626
97.933,a-cubic,open,28,61.143,41.0,0,120,6.366,5.27,57200345,39651
97.983,a-cubic,open,29,61.466,41.0,0,120,6.558,5.356,57232201,39674
98.033,a-cubic,recovery,22,60.88,41.0,2,122,9.362,5.095,57236545,39691
98.083,a-cubic,open,20,59.526,41.0,0,122,4.67,4.367,57293017,39709
98.133,a-cubic,open,21,55.65,41.0,0,122,5.246,4.234,57321977,39730
98.183,a-cubic,open,21,53.518,41.0,0,122,5.455,4.273,57349489,39749
98.234,a-cubic,open,22,54.36,41.0,0,122,5.626,4.462,57375553,39768
98.284,a-cubic,open,22,55.175,41.0,0,122,5.543,4.365,57403065,39787
98.334,a-cubic,open,22,56.894,41.0,0,122,5.375,4.384,57432025,39807
98.384,a-cubic,open,22,58.04,41.0,0,122,5.269,4.384,57458089,39825
98.434,a-cubic,open,23,58.752,41.0,0,122,5.442,4.383,57487049,39846
98.484,a-cubic,open,23,59.888,41.0,0,122,5.339,4.489,57516009,39866
98.535,a-cubic,recovery,22,60.254,41.0,1,123,5.768,4.16,57536281,39883
98.585,a-cubic,recovery,16,59.93,41.0,2,124,8.35,4.209,57536281,39896
98.635,a-cubic,open,16,56.374,41.0,0,124,3.945,3.134,57588409,39911
98.685,a-cubic,open,17,57.547,41.0,0,124,4.106,3.401,57608681,39926
98.735,a-cubic,open,17,55.069,41.0,0,124,4.291,3.44,57628953,39940
98.785,a-cubic,open,18,55.814,41.0,0,124,4.483,3.535,57653569,39958
98.835,a-cubic,open,18,57.013,41.0,0,124,4.389,3.586,57673841,39972
98.886,a-cubic,open,19,58.641,41.0,0,124,4.504,3.513,57697009,39989
98.936,a-cubic,open,19,59.388,41.0,0,124,4.447,3.635,57720177,40005
98.986,a-cubic,open,19,60.334,41.0,0,124,4.377,3.443,57741897,40020
99.036,a-cubic,open,20,60.001,41.0,0,124,4.633,3.634,57766513,40038
99.086,a-cubic,open,20,53.807,41.0,0,124,5.167,4.07,57795473,40058
99.136,a-cubic,open,20,50.954,41.0,0,124,5.456,4.665,57821537,40076
99.186,a-cubic,open,21,52.042,41.0,0,124,5.609,4.448,57850497,40097
99.236,a-cubic,open,21,54.22,41.0,0,124,5.384,4.463,57880905,40118
99.286,a-cubic,open,21,55.499,41.0,0,124,5.26,4.367,57906969,40136
99.337,a-cubic,open,22,55.928,41.0,0,124,5.468,4.366,57933033,40155
99.387,a-cubic,open,22,56.371,41.0,0,124,5.425,4.477,57960545,40174
99.437,a-cubic,open,23,57.358,41.0,0,124,5.574,4.476,57986609,40193
99.487,a-cubic,open,23,58.566,41.0,0,124,5.459,4.582,58017017,40214
99.537,a-cubic,open,24,60.116,41.0,0,124,5.55,4.4,58044529,40234
99.587,a-cubic,open,24,60.035,41.0,0,124,5.557,4.591,58072041,40253
99.637,a-cubic,open,25,60.016,41.0,0,124,5.79,4.609,58103897,40276
99.687,a-cubic,open,25,54.374,41.0,0,124,6.391,4.82,58140097,40301
99.738,a-cubic,open,26,52.67,41.0,0,124,6.862,5.557,58171953,40324
99.788,a-cubic,open,26,54.278,41.0,0,124,6.659,5.528,58206705,40348
99.838,a-cubic,open,27,55.065,41.0,0,124,6.816,5.526,58242905,40374
99.888,a-cubic,open,27,55.472,41.0,0,124,6.766,5.406,58274761,40396
99.938,a-cubic,open,28,56.711,41.0,0,124,6.863,5.494,58310961,40422
99.988,a-cubic,open,28,56.544,41.0,0,124,6.883,5.494,58344265,40445
100.038,a-cubic,open,28,58.814,41.0,0,124,6.618,5.579,58380465,40470
100.088,a-cubic,open,29,59.755,41.0,0,124,6.746,5.463,58413769,40494
100.139,a-cubic,open,29,60.338,41.0,0,124,6.681,5.547,58448521,40518
100.189,a-cubic,open,30,60.317,41.0,0,124,6.914,5.659,58484721,40544
100.239,a-cubic,open,30,56.78,41.0,0,124,7.344,5.855,58523817,40571
100.289,a-cubic,open,31,54.585,41.0,0,124,7.894,6.376,58564361,40600
100.339,a-cubic,open,31,56.541,41.0,0,124,7.621,6.308,58603457,40627
100.389,a-cubic,open,32,57.722,41.0,0,124,7.706,6.105,58641105,40654
100.439,a-cubic,open,32,59.262,41.0,0,124,7.506,6.247,58681649,40682
100.489,a-cubic,open,33,59.558,41.0,0,124,7.702,6.246,58719297,40709
100.539,a-cubic,open,33,60.316,41.0,0,124,7.605,6.313,58756945,40735
100.590,a-cubic,open,33,60.499,41.0,0,124,7.582,6.309,58801833,40766
100.640,a-cubic,open,34,56.112,41.0,0,124,8.423,6.312,58843825,40796
100.690,a-cubic,open,34,54.722,41.0,0,124,8.637,7.224,58887265,40826
100.740,a-cubic,open,35,56.669,41.0,0,124,8.585,6.917,58933601,40859
100.790,a-cubic,open,35,57.804,41.0,0,124,8.417,6.974,58975593,40888
100.841,a-cubic,open,36,58.184,41.0,0,124,8.601,6.975,59019033,40919
100.891,a-cubic,open,36,59.341,41.0,0,124,8.433,6.886,59062473,40949
100.941,a-cubic,open,37,60.638,41.0,0,124,8.482,6.888,59105913,40980
100.991,a-cubic,open,37,61.084,41.0,0,124,8.42,7.076,59152249,41012
101.041,a-cubic,open,38,61.191,41.0,0,124,8.632,7.025,59194241,41042
101.091,a-cubic,open,38,58.495,41.0,0,124,9.03,7.151,59243473,41076
101.141,a-cubic,open,39,57.735,41.0,0,124,9.39,7.619,59291257,41110
101.191,a-cubic,open,39,58.802,41.0,0,124,9.22,7.459,59339041,41143
101.242,a-cubic,open,39,61.21,41.0,0,124,8.857,7.46,59383929,41174
101.292,a-cubic,recovery,36,60.659,41.0,1,125,10.312,7.151,59415785,41203
101.342,a-cubic,open,28,59.679,41.0,0,125,6.522,7.294,59478049,41229
101.392,a-cubic,open,29,49.651,41.0,0,125,8.119,5.677,59521489,41260
101.442,a-cubic,open,30,44.124,41.0,0,125,9.451,7.043,59566377,41292
101.492,a-cubic,open,30,45.848,41.0,0,125,9.096,7.357,59612713,41324
101.542,a-cubic,open,31,46.922,41.0,0,125,9.184,7.336,59659049,41357
101.593,a-cubic,open,31,48.074,41.0,0,125,8.964,7.602,59706833,41390
101.643,a-cubic,open,32,49.241,41.0,0,125,9.034,7.231,59750273,41421
101.693,a-cubic,open,32,50.329,41.0,0,125,8.838,7.284,59796609,41453
101.743,a-cubic,open,33,50.794,41.0,0,125,9.031,7.12,59842945,41486
101.793,a-cubic,open,33,52.348,41.0,0,125,8.763,7.343,59886385,41516
101.843,a-cubic,open,34,53.292,41.0,0,125,8.869,7.173,59934169,41550
101.894,a-cubic,open,34,55.383,41.0,0,125,8.534,7.069,59977609,41580
101.944,a-cubic,open,34,56.676,41.0,0,125,8.339,6.915,60021049,41610
101.994,a-cubic,open,35,56.332,41.0,0,125,8.637,7.067,60065937,41642
102.044,a-cubic,open,35,57.239,41.0,0,125,8.5,7.069,60110825,41673
102.094,a-cubic,open,35,59.034,41.0,0,125,8.241,6.834,60152817,41702
102.144,a-cubic,open,36,59.615,41.0,0,125,8.394,6.831,60193361,41731
102.194,a-cubic,recovery,34,60.232,41.0,1,126,9.231,6.66,60226665,41759
102.244,a-cubic,recovery,25,60.484,41.0,1,126,13.56,6.694,60226665,41779
102.295,a-cubic,open,26,55.345,41.0,0,126,6.53,4.705,60316441,41807
102.345,a-cubic,open,26,49.535,41.0,0,126,7.296,5.84,60355537,41834
102.395,a-cubic,open,26,50.516,41.0,0,126,7.154,5.783,60390289,41858
102.445,a-cubic,open,27,51.412,41.0,0,126,7.3,5.918,60425041,41883
102.495,a-cubic,open,27,53.513,41.0,0,126,7.014,5.871,60464137,41910
102.545,a-cubic,open,27,53.664,41.0,0,126,6.994,5.738,60500337,41935
102.595,a-cubic,open,28,54.331,41.0,0,126,7.164,5.739,60533641,41959
102.645,a-cubic,open,28,55.302,41.0,0,126,7.038,5.824,60571289,41985
102.695,a-cubic,open,29,56.335,41.0,0,126,7.156,5.578,60606041,42010
102.745,a-cubic,open,29,57.966,41.0,0,126,6.954,5.778,60642241,42035
102.796,a-cubic,open,30,58.542,41.0,0,126,7.123,5.777,60674097,42058
102.846,a-cubic,recovery,28,59.197,41.0,1,127,7.279,5.567,60707401,42084
102.896,a-cubic,recovery,21,59.828,41.0,1,127,11.153,5.377,60707401,42101
102.946,a-cubic,open,21,57.341,41.0,0,127,5.091,4.033,60778353,42122
102.996,a-cubic,open,22,53.035,41.0,0,127,5.766,4.769,60805865,42142
103.046,a-cubic,open,23,53.071,41.0,0,127,6.024,4.785,60837721,42165
103.096,a-cubic,open,23,54.831,41.0,0,127,5.831,4.782,60865233,42184
103.146,a-cubic,open,24,55.843,41.0,0,127,5.974,4.684,60895641,42206
103.197,a-cubic,open,24,56.866,41.0,0,127,5.867,4.779,60926049,42227
103.247,a-cubic,open,24,57.681,41.0,0,127,5.784,4.685,60957905,42249
103.297,a-cubic,open,25,58.455,41.0,0,127,5.945,4.78,60989761,42272
103.347,a-cubic,open,25,60.117,41.0,0,127,5.781,4.879,61015825,42290
103.397,a-cubic,open,26,60.773,41.0,0,127,5.947,4.753,61046233,42312
103.447,a-cubic,open,26,57.774,41.0,0,127,6.256,4.91,61080985,42336
103.497,a-cubic,open,26,53.994,41.0,0,127,6.694,5.651,61114289,42359
103.547,a-cubic,open,27,53.399,41.0,0,127,7.029,5.526,61149041,42384
103.598,a-cubic,open,27,55.165,41.0,0,127,6.804,5.492,61183793,42408
103.648,a-cubic,open,27,56.645,41.0,0,127,6.626,5.494,61218545,42432
103.698,a-cubic,open,28,57.272,41.0,0,127,6.796,5.38,61254745,42458
103.748,a-cubic,open,28,58.203,41.0,0,127,6.687,5.465,61289497,42482
103.798,a-cubic,open,29,59.199,41.0,0,127,6.81,5.465,61322801,42506
103.848,a-cubic,open,29,59.882,41.0,0,127,6.732,5.558,61356105,42529
103.898,a-cubic,open,30,60.323,41.0,0,127,6.913,5.547,61389409,42553
103.948,a-cubic,open,30,58.394,41.0,0,127,7.141,5.856,61429953,42581
103.998,a-cubic,open,31,55.001,41.0,0,127,7.835,6.029,61471945,42611
104.049,a-cubic,open,31,55.66,41.0,0,127,7.742,6.311,61509593,42637
104.099,a-cubic,open,32,57.111,41.0,0,127,7.789,6.237,61551585,42667
104.149,a-cubic,open,32,56.915,41.0,0,127,7.816,6.445,61589233,42693
104.199,a-cubic,open,32,58.576,41.0,0,127,7.594,6.308,61629777,42721
104.249,a-cubic,open,33,59.725,41.0,0,127,7.681,6.246,61667425,42748
104.299,a-cubic,open,33,61.141,41.0,0,127,7.503,6.312,61706521,42775
104.349,a-cubic,open,34,61.279,41.0,0,127,7.713,6.442,61748513,42805
104.399,a-cubic,open,34,60.788,41.0,0,127,7.775,6.245,61789057,42833
104.449,a-cubic,open,35,56.652,41.0,0,127,8.588,6.774,61833945,42865
104.500,a-cubic,open,35,55.575,41.0,0,127,8.754,7.067,61878833,42896
104.550,a-cubic,open,36,58.275,41.0,0,127,8.587,6.921,61922273,42927
104.600,a-cubic,open,36,58.827,41.0,0,127,8.507,6.832,61964265,42956
104.650,a-cubic,open,37,60.172,41.0,0,127,8.548,6.886,62007705,42987
104.700,a-cubic,open,37,60.323,41.0,0,127,8.526,6.886,62051145,43017
104.750,a-cubic,recovery,28,60.855,41.0,1,128,11.878,6.775,62059833,43039
104.800,a-cubic,open,25,56.858,41.0,0,128,6.112,5.567,62135129,43064
104.850,a-cubic,open,26,45.461,41.0,0,128,7.95,5.995,62177121,43094
104.900,a-cubic,open,27,44.477,41.0,0,128,8.439,6.798,62217665,43123
104.951,a-cubic,open,28,45.316,41.0,0,128,8.589,6.838,62262553,43155
105.001,a-cubic,open,28,46.642,41.0,0,128,8.345,7.047,62305993,43185
105.051,a-cubic,open,29,47.368,41.0,0,128,8.51,6.866,62346537,43214
105.101,a-cubic,open,29,48.693,41.0,0,128,8.279,6.764,62388529,43243
105.151,a-cubic,open,30,49.842,41.0,0,128,8.367,6.602,62430521,43273
105.201,a-cubic,open,30,51.084,41.0,0,128,8.163,6.83,62473961,43303
105.251,a-cubic,open,30,52.091,41.0,0,128,8.006,6.522,62515953,43332
105.301,a-cubic,open,31,52.935,41.0,0,128,8.141,6.521,62556497,43361
105.352,a-cubic,open,31,54.598,41.0,0,128,7.893,6.444,62598489,43390
105.402,a-cubic,open,32,55.048,41.0,0,128,8.081,6.445,62636137,43417
105.452,a-cubic,open,32,56.225,41.0,0,128,7.912,6.511,62676681,43445
105.502,a-cubic,open,32,57.938,41.0,0,128,7.678,6.512,62718673,43474
105.552,a-cubic,open,33,57.749,41.0,0,128,7.943,6.377,62756321,43501
105.602,a-cubic,open,33,58.591,41.0,0,128,7.829,6.376,62796865,43529
105.652,a-cubic,open,33,60.229,41.0,0,128,7.616,6.441,62837409,43557
105.702,a-cubic,open,34,60.546,41.0,0,128,7.806,6.305,62876505,43585
105.752,a-cubic,disorder,34,60.497,41.0,0,128,7.812,6.121,62914153,43612
105.803,a-cubic,recovery,23,56.324,41.0,1,129,13.08,6.121,62914153,43632
105.853,a-cubic,open,24,47.525,41.0,0,129,7.02,4.989,62999585,43661
105.903,a-cubic,open,24,44.51,41.0,0,129,7.495,6.06,63038681,43688
105.953,a-cubic,open,24,45.996,41.0,0,129,7.253,6.043,63076329,43714
106.003,a-cubic,open,25,46.233,41.0,0,129,7.517,6.041,63113977,43741
106.053,a-cubic,open,25,47.266,41.0,0,129,7.352,6.131,63153073,43768
106.103,a-cubic,open,26,47.273,41.0,0,129,7.645,5.977,63187825,43793
106.153,a-cubic,open,26,49.323,41.0,0,129,7.328,6.066,63228369,43821
106.203,a-cubic,open,27,49.452,41.0,0,129,7.589,5.832,63263121,43846
106.254,a-cubic,open,27,50.847,41.0,0,129,7.381,6.148,63302217,43873
106.304,a-cubic,open,28,51.853,41.0,0,129,7.506,6.005,63338417,43899
106.354,a-cubic,open,28,53.569,41.0,0,129,7.266,6.087,63378961,43927
106.404,a-cubic,open,29,55.047,41.0,0,129,7.323,5.822,63416609,43954
106.454,a-cubic,open,29,56.854,41.0,0,129,7.09,5.901,63452809,43979
106.504,a-cubic,open,30,57.243,41.0,0,129,7.285,5.901,63490457,44006
106.554,a-cubic,open,30,57.974,41.0,0,129,7.193,5.978,63525209,44030
106.604,a-cubic,open,31,59.161,41.0,0,129,7.284,5.856,63562857,44057
106.655,a-cubic,open,31,59.88,41.0,0,129,7.196,5.927,63600505,44083
106.705,a-cubic,open,31,60.717,41.0,0,129,7.097,5.932,63636705,44108
106.755,a-cubic,open,32,56.632,41.0,0,129,7.855,6.054,63678697,44138
106.805,a-cubic,open,32,55.944,41.0,0,129,7.951,6.653,63720689,44167
106.855,a-cubic,open,33,56.868,41.0,0,129,8.067,6.511,63759785,44195
106.905,a-cubic,open,33,58.468,41.0,0,129,7.846,6.441,63800329,44223
106.955,a-cubic,open,34,59.275,41.0,0,129,7.973,6.575,63840873,44252
107.005,a-cubic,open,34,60.457,41.0,0,129,7.817,6.503,63884313,44282
107.055,a-cubic,recovery,33,60.542,41.0,1,130,8.955,6.21,63911825,44307
107.105,a-cubic,recovery,24,60.446,41.0,1,130,13.338,6.526,63911825,44327
107.156,a-cubic,open,25,54.421,41.0,0,130,6.386,4.667,64000153,44354
107.206,a-cubic,open,26,45.336,41.0,0,130,7.972,5.935,64039249,44382
107.256,a-cubic,open,26,45.595,41.0,0,130,7.927,6.544,64082689,44412
107.306,a-cubic,open,27,45.227,41.0,0,130,8.299,6.44,64120337,44439
107.356,a-cubic,open,27,46.243,41.0,0,130,8.116,6.794,64162329,44468
107.406,a-cubic,open,28,47.131,41.0,0,130,8.258,6.621,64204321,44498
107.456,a-cubic,open,28,48.881,41.0,0,130,7.963,6.695,64244865,44526
107.506,a-cubic,open,28,50.109,41.0,0,130,7.767,6.531,64288305,44556
107.557,a-cubic,open,29,50.345,41.0,0,130,8.007,6.376,64325953,44583
107.607,a-cubic,open,29,52.273,41.0,0,130,7.712,6.45,64365049,44610
107.657,a-cubic,open,30,52.934,41.0,0,130,7.878,6.45,64407041,44640
107.707,a-cubic,open,30,54.027,41.0,0,130,7.719,6.105,64447585,44668
107.757,a-cubic,open,30,55.129,41.0,0,130,7.564,6.376,64485233,44694
107.807,a-cubic,open,31,56.119,41.0,0,130,7.679,6.104,64524329,44722
107.857,a-cubic,open,31,57.324,41.0,0,130,7.517,6.308,64561977,44748
107.907,a-cubic,open,32,58.248,41.0,0,130,7.637,5.978,64599625,44775
107.957,a-cubic,open,32,59.319,41.0,0,130,7.499,6.121,64640169,44803
108.008,a-cubic,open,32,60.074,41.0,0,130,7.405,6.121,64680713,44831
108.058,a-cubic,open,33,60.197,41.0,0,130,7.62,6.245,64715465,44856
108.108,a-cubic,recovery,30,60.52,41.0,1,131,8.958,6.022,64741529,44881
108.158,a-cubic,open,23,56.04,41.0,0,131,5.705,5.95,64798001,44904
108.208,a-cubic,open,24,46.802,41.0,0,131,7.128,5.17,64837097,44932
108.258,a-cubic,open,24,45.141,41.0,0,131,7.391,6.04,64871849,44956
108.308,a-cubic,open,25,46.712,41.0,0,131,7.44,5.886,64912393,44985
108.358,a-cubic,open,25,46.978,41.0,0,131,7.397,6.131,64948593,45010
108.408,a-cubic,open,25,48.009,41.0,0,131,7.239,5.977,64984793,45035
108.459,a-cubic,open,26,48.623,41.0,0,131,7.433,5.831,65023889,45063
108.509,a-cubic,open,26,50.178,41.0,0,131,7.203,6.065,65061537,45089
108.559,a-cubic,open,27,50.046,41.0,0,131,7.499,6.065,65097737,45115
108.609,a-cubic,open,28,51.492,41.0,0,131,7.559,6.005,65133937,45141
108.659,a-cubic,open,28,52.613,41.0,0,131,7.398,5.869,65173033,45168
108.709,a-cubic,open,29,54.969,41.0,0,131,7.334,5.952,65210681,45195
108.759,a-cubic,open,29,55.64,41.0,0,131,7.245,5.822,65245433,45219
108.809,a-cubic,open,29,58.103,41.0,0,131,6.938,5.778,65278737,45242
108.859,a-cubic,open,30,58.058,41.0,0,131,7.183,5.778,65313489,45267
108.909,a-cubic,open,30,58.825,41.0,0,131,7.089,5.738,65352585,45294
108.959,a-cubic,open,31,59.967,41.0,0,131,7.186,5.855,65388785,45320
109.010,a-cubic,recovery,24,60.031,41.0,1,132,9.725,5.465,65398921,45339
109.060,a-cubic,open,21,58.825,41.0,0,132,4.962,5.062,65456841,45358
109.110,a-cubic,open,22,48.331,41.0,0,132,6.328,4.39,65490145,45382
109.160,a-cubic,open,23,44.323,41.0,0,132,7.213,5.596,65524897,45407
109.210,a-cubic,open,23,45.583,41.0,0,132,7.014,5.948,65563993,45434
109.260,a-cubic,open,24,46.881,41.0,0,132,7.116,5.64,65597297,45458
109.310,a-cubic,open,24,47.801,41.0,0,132,6.979,5.738,65632049,45482
109.360,a-cubic,open,25,48.418,41.0,0,132,7.177,5.738,65669697,45509
109.410,a-cubic,open,25,49.994,41.0,0,132,6.951,5.694,65705897,45534
109.461,a-cubic,open,25,50.284,41.0,0,132,6.911,5.689,65742097,45559
109.511,a-cubic,open,26,51.275,41.0,0,132,7.049,5.461,65776849,45584
109.561,a-cubic,open,26,52.464,41.0,0,132,6.889,5.783,65811601,45608
109.611,a-cubic,open,27,53.711,41.0,0,132,6.988,5.526,65846353,45633
109.661,a-cubic,open,27,54.248,41.0,0,132,6.919,5.526,65881105,45657
109.711,a-cubic,open,27,55.396,41.0,0,132,6.775,5.614,65914409,45680
109.761,a-cubic,open,28,56.426,41.0,0,132,6.898,5.614,65953505,45708
109.811,a-cubic,open,28,57.579,41.0,0,132,6.76,5.698,65986809,45731
109.861,a-cubic,open,29,59.219,41.0,0,132,6.807,5.465,66020113,45755
109.911,a-cubic,open,29,59.807,41.0,0,132,6.74,5.66,66054865,45779
109.962,a-cubic,open,30,60.335,41.0,0,132,6.912,5.66,66089617,45804
110.012,a-cubic,recovery,27,59.968,41.0,1,133,8.577,5.547,66109889,45827
110.062,a-cubic,open,21,56.457,41.0,0,133,5.171,5.183,66164913,45848
110.112,a-cubic,open,22,47.111,41.0,0,133,6.491,4.836,66198217,45872
110.162,a-cubic,open,22,45.295,41.0,0,133,6.752,5.492,66232969,45896
110.212,a-cubic,open,22,47.013,41.0,0,133,6.505,5.395,66264825,45918
110.262,a-cubic,open,23,46.641,41.0,0,133,6.855,5.395,66299577,45943
110.312,a-cubic,open,23,47.769,41.0,0,133,6.693,5.5,66335777,45968
110.363,a-cubic,open,24,48.97,41.0,0,133,6.813,5.365,66369081,45992
110.413,a-cubic,open,24,49.985,41.0,0,133,6.674,5.465,66403833,46016
110.463,a-cubic,open,25,50.72,41.0,0,133,6.852,5.465,66438585,46041
110.513,a-cubic,open,25,51.705,41.0,0,133,6.721,5.56,66468993,46062
110.563,a-cubic,open,26,52.519,41.0,0,133,6.882,5.314,66505193,46088
110.613,a-cubic,open,26,54.757,41.0,0,133,6.6,5.406,66538497,46111
110.663,a-cubic,open,27,55.516,41.0,0,133,6.76,5.405,66573249,46136
110.713,a-cubic,open,27,57.159,41.0,0,133,6.566,5.38,66606553,46159
110.763,a-cubic,open,28,57.918,41.0,0,133,6.72,5.38,66639857,46183
110.814,a-cubic,open,28,59.366,41.0,0,133,6.556,5.356,66676057,46208
110.864,a-cubic,open,29,59.83,41.0,0,133,6.738,5.356,66707913,46231
110.914,a-cubic,open,29,60.738,41.0,0,133,6.637,5.356,66742665,46255
110.964,a-cubic,recovery,23,60.104,41.0,1,134,9.714,5.367,66748457,46273
111.014,a-cubic,open,20,55.716,41.0,0,134,4.99,4.415,66812169,46295
111.064,a-cubic,open,21,47.212,41.0,0,134,6.183,4.755,66839681,46315
111.114,a-cubic,open,22,45.214,41.0,0,134,6.764,5.286,66872985,46339
111.164,a-cubic,open,22,47.372,41.0,0,134,6.456,5.26,66907737,46363
111.214,a-cubic,open,23,48.248,41.0,0,134,6.627,5.26,66939593,46386
111.264,a-cubic,open,23,49.38,41.0,0,134,6.475,5.365,66975793,46411
111.315,a-cubic,open,23,50.555,41.0,0,134,6.324,5.237,67006201,46432
111.365,a-cubic,open,24,50.983,41.0,0,134,6.544,5.237,67042401,46458
111.415,a-cubic,open,24,52.838,41.0,0,134,6.314,5.116,67072809,46478
111.465,a-cubic,open,24,53.185,41.0,0,134,6.273,5.219,67103217,46500
111.515,a-cubic,open,25,52.941,41.0,0,134,6.564,5.217,67137969,46525
111.565,a-cubic,open,25,54.45,41.0,0,134,6.382,5.313,67171273,46548
111.615,a-cubic,open,26,55.057,41.0,0,134,6.564,5.198,67201681,46570
111.665,a-cubic,open,26,56.363,41.0,0,134,6.412,5.291,67239329,46596
111.715,a-cubic,open,27,57.452,41.0,0,134,6.533,5.182,67271185,46619
111.766,a-cubic,open,27,59.275,41.0,0,134,6.332,5.27,67300145,46639
111.816,a-cubic,open,28,59.846,41.0,0,134,6.504,5.2,67334897,46664
111.866,a-cubic,open,28,60.65,41.0,0,134,6.417,5.354,67365305,46685
111.916,a-cubic,open,29,60.305,41.0,0,134,6.685,5.354,67398609,46709
111.966,a-cubic,open,29,58.594,41.0,0,134,6.88,5.355,67439153,46737
112.016,a-cubic,open,30,54.884,41.0,0,134,7.598,6.164,67476801,46764
112.066,a-cubic,open,30,55.12,41.0,0,134,7.566,6.105,67517345,46792
112.117,a-cubic,open,31,57.307,41.0,0,134,7.519,6.105,67550649,46816
112.167,a-cubic,open,31,57.957,41.0,0,134,7.435,5.977,67591193,46844
112.217,a-cubic,open,31,58.99,41.0,0,134,7.305,6.051,67628841,46870
112.267,a-cubic,open,32,60.134,41.0,0,134,7.397,5.93,67665041,46896
112.317,a-cubic,disorder,32,59.874,41.0,0,134,7.661,5.929,67701241,46922
112.367,a-cubic,recovery,22,60.17,41.0,1,135,11.315,5.895,67701241,46941
112.417,a-cubic,open,22,57.084,41.0,0,135,5.357,4.248,67775089,46963
112.467,a-cubic,open,23,51.961,41.0,0,135,6.153,5.01,67804049,46984
112.518,a-cubic,open,24,51.807,41.0,0,135,6.44,4.999,67837353,47008
112.568,a-cubic,open,25,53.796,41.0,0,135,6.46,5.101,67869209,47031
112.618,a-cubic,open,25,54.42,41.0,0,135,6.386,5.313,67899617,47052
112.668,a-cubic,open,25,55.154,41.0,0,135,6.301,5.196,67934369,47076
112.718,a-cubic,open,26,56.541,41.0,0,135,6.392,5.196,67966225,47099
112.768,a-cubic,open,26,57.345,41.0,0,135,6.303,5.181,67999529,47122
112.818,a-cubic,open,27,59.362,41.0,0,135,6.322,5.075,68031385,47145
112.868,a-cubic,open,27,59.276,41.0,0,135,6.332,5.27,68063241,47167
112.918,a-cubic,open,27,60.496,41.0,0,135,6.204,5.161,68093649,47188
112.969,a-cubic,open,28,59.984,41.0,0,135,6.489,5.27,68126953,47212
113.019,a-cubic,open,28,55.47,41.0,0,135,7.017,5.469,68164601,47238
113.069,a-cubic,open,28,52.944,41.0,0,135,7.352,6.087,68202249,47264
113.119,a-cubic,open,29,54.479,41.0,0,135,7.4,5.951,68241345,47292
113.169,a-cubic,open,29,55.703,41.0,0,135,7.237,5.824,68277545,47317
113.219,a-cubic,open,29,57.057,41.0,0,135,7.065,5.901,68316641,47344
113.269,a-cubic,open,30,57.67,41.0,0,135,7.231,5.779,68351393,47369
113.319,a-cubic,open,30,58.409,41.0,0,135,7.14,5.855,68387593,47394
113.369,a-cubic,open,31,59.307,41.0,0,135,7.266,5.778,68425241,47421
113.420,a-cubic,open,31,60.092,41.0,0,135,7.171,5.813,68461441,47446
113.470,a-cubic,open,32,60.678,41.0,0,135,7.331,5.93,68496193,47471
113.520,a-cubic,open,32,58.562,41.0,0,135,7.596,5.897,68538185,47500
113.570,a-cubic,open,33,56.209,41.0,0,135,8.161,6.513,68581625,47531
113.620,a-cubic,open,33,55.765,41.0,0,135,8.226,6.665,68623617,47560
113.670,a-cubic,open,33,57.712,41.0,0,135,7.949,6.575,68664161,47588
113.720,a-cubic,open,34,58.421,41.0,0,135,8.09,6.575,68706153,47618
113.770,a-cubic,open,34,58.718,41.0,0,135,8.049,6.636,68748145,47647
113.821,a-cubic,open,35,60.238,41.0,0,135,8.077,6.504,68785793,47674
113.871,a-cubic,open,35,60.44,41.0,0,135,8.05,6.624,68827785,47703
113.921,a-cubic,open,36,60.736,41.0,0,135,8.239,6.695,68869777,47733
113.971,a-cubic,open,36,58.75,41.0,0,135,8.518,7.026,68914665,47764
114.021,a-cubic,open,37,56.73,41.0,0,135,9.066,7.485,68962449,47798
114.071,a-cubic,open,37,56.676,41.0,0,135,9.075,7.326,69007337,47829
114.121,a-cubic,open,38,58.944,41.0,0,135,8.961,7.222,69056569,47864
114.172,a-cubic,open,38,59.867,41.0,0,135,8.823,7.221,69098561,47893
114.222,a-cubic,recovery,30,60.648,41.0,1,136,11.919,6.963,69110145,47917
114.272,a-cubic,open,26,56.811,41.0,0,136,6.362,5.645,69186889,47943
114.322,a-cubic,open,27,49.578,41.0,0,136,7.57,5.799,69224537,47970
114.372,a-cubic,open,28,48.747,41.0,0,136,7.984,6.455,69266529,48000
114.422,a-cubic,open,29,50.149,41.0,0,136,8.038,6.376,69304177,48027
114.472,a-cubic,open,29,51.594,41.0,0,136,7.813,6.376,69344721,48055
114.523,a-cubic,open,30,52.617,41.0,0,136,7.926,6.45,69383817,48083
114.573,a-cubic,open,30,53.539,41.0,0,136,7.789,6.304,69425809,48112
114.623,a-cubic,open,31,55.203,41.0,0,136,7.806,6.164,69463457,48138
114.673,a-cubic,open,31,55.44,41.0,0,136,7.773,6.237,69501105,48165
114.723,a-cubic,open,31,57.023,41.0,0,136,7.557,6.177,69540201,48192
114.773,a-cubic,open,32,57.82,41.0,0,136,7.693,6.308,69582193,48222
114.823,a-cubic,open,32,59.901,41.0,0,136,7.426,6.12,69621289,48249
114.873,a-cubic,open,33,60.057,41.0,0,136,7.638,6.245,69656041,48274
114.923,a-cubic,recovery,32,60.297,41.0,1,137,8.069,5.834,69689345,48301
114.973,a-cubic,recovery,24,60.385,41.0,1,137,12.201,5.928,69689345,48318
115.024,a-cubic,open,23,56.503,41.0,0,137,5.658,4.415,69768985,48343
115.074,a-cubic,open,24,45.848,41.0,0,137,7.277,5.712,69808081,48371
115.124,a-cubic,open,24,45.114,41.0,0,137,7.395,6.172,69842833,48395
115.174,a-cubic,open,25,47.212,41.0,0,137,7.361,5.739,69877585,48420
115.224,a-cubic,open,25,48.986,41.0,0,137,7.094,5.832,69916681,48447
115.274,a-cubic,open,26,49.154,41.0,0,137,7.353,5.832,69952881,48473
115.324,a-cubic,open,26,50.109,41.0,0,137,7.213,6.065,69990529,48499
115.374,a-cubic,open,26,51.017,41.0,0,137,7.084,6.065,70026729,48524
115.425,a-cubic,open,27,51.836,41.0,0,137,7.24,5.921,70064377,48551
115.475,a-cubic,open,28,52.938,41.0,0,137,7.352,5.739,70100577,48577
115.525,a-cubic,open,28,54.558,41.0,0,137,7.134,5.953,70135329,48601
115.575,a-cubic,open,29,56.081,41.0,0,137,7.188,5.822,70174425,48629
115.625,a-cubic,open,29,57.16,41.0,0,137,7.053,5.696,70212073,48655
115.675,a-cubic,open,29,58.338,41.0,0,137,6.91,5.661,70245377,48678
115.725,a-cubic,open,30,59.035,41.0,0,137,7.064,5.776,70283025,48705
115.775,a-cubic,open,30,59.912,41.0,0,137,6.961,5.74,70314881,48727
115.825,a-cubic,recovery,21,60.424,41.0,1,138,10.122,5.459,70316329,48743
115.875,a-cubic,open,21,58.75,41.0,0,138,4.969,4.032,70381489,48765
115.926,a-cubic,open,22,53.114,41.0,0,138,5.758,4.896,70411897,48787
115.976,a-cubic,open,23,52.197,41.0,0,138,6.125,4.891,70440857,48808
116.026,a-cubic,open,23,54.661,41.0,0,138,5.849,4.784,70474161,48831
116.076,a-cubic,open,24,54.592,41.0,0,138,6.111,4.782,70504569,48853
116.126,a-cubic,open,24,56.558,41.0,0,138,5.899,4.782,70532081,48872
116.176,a-cubic,open,25,57.681,41.0,0,138,6.025,4.782,70561041,48893
116.226,a-cubic,open,25,58.248,41.0,0,138,5.966,4.879,70590001,48913
116.276,a-cubic,open,25,60.397,41.0,0,138,5.754,4.88,70621857,48935
116.326,a-cubic,open,25,60.249,41.0,0,138,5.768,4.879,70650817,48955
116.377,a-cubic,open,26,60.131,41.0,0,138,6.01,4.781,70684121,48979
116.427,a-cubic,open,26,56.712,41.0,0,138,6.373,5.075,70718873,49003
116.477,a-cubic,open,27,52.79,41.0,0,138,7.11,5.436,70756521,49030
116.527,a-cubic,open,27,53.648,41.0,0,138,6.996,5.614,70788377,49052
116.577,a-cubic,open,27,55.968,41.0,0,138,6.706,5.494,70821681,49075
116.627,a-cubic,open,28,56.828,41.0,0,138,6.849,5.494,70854985,49099
116.677,a-cubic,open,28,58.091,41.0,0,138,6.7,5.465,70892633,49125
116.727,a-cubic,open,29,59.275,41.0,0,138,6.801,5.579,70925937,49149
116.777,a-cubic,open,29,59.786,41.0,0,138,6.743,5.547,70960689,49173
116.827,a-cubic,recovery,26,60.585,41.0,1,139,7.572,5.268,70982409,49194
116.878,a-cubic,open,20,60.39,41.0,0,139,4.604,5.27,71025849,49210
116.928,a-cubic,open,21,56.652,41.0,0,139,5.153,3.883,71054809,49231
116.978,a-cubic,open,21,52.264,41.0,0,139,5.585,4.554,71083769,49251
117.028,a-cubic,open,21,52.62,41.0,0,139,5.548,4.564,71111281,49270
117.078,a-cubic,open,22,53.25,41.0,0,139,5.743,4.565,71138793,49290
117.128,a-cubic,open,22,54.828,41.0,0,139,5.578,4.574,71170649,49312
117.178,a-cubic,open,22,55.774,41.0,0,139,5.483,4.574,71199609,49332
117.228,a-cubic,open,23,56.284,41.0,0,139,5.68,4.574,71225673,49351
117.278,a-cubic,open,23,56.962,41.0,0,139,5.613,4.583,71254633,49371
117.329,a-cubic,open,24,58.036,41.0,0,139,5.748,4.489,71282145,49391
117.379,a-cubic,open,24,59.024,41.0,0,139,5.652,4.489,71312553,49412
117.429,a-cubic,open,25,60.12,41.0,0,139,5.78,4.591,71338617,49431
117.479,a-cubic,recovery,18,60.348,41.0,1,140,8.292,4.328,71342961,49446
117.529,a-cubic,open,17,58.744,41.0,0,140,4.023,3.576,71395089,49463
117.579,a-cubic,open,18,52.796,41.0,0,140,4.739,3.766,71419705,49481
117.629,a-cubic,open,19,46.017,41.0,0,140,5.739,4.648,71448665,49502
117.679,a-cubic,open,19,46.704,41.0,0,140,5.655,4.659,71476177,49521
117.729,a-cubic,open,19,48.124,41.0,0,140,5.488,4.543,71503689,49540
117.780,a-cubic,open,20,48.474,41.0,0,140,5.735,4.543,71534097,49562
117.830,a-cubic,open,20,50.563,41.0,0,140,5.498,4.554,71563057,49582
117.880,a-cubic,open,21,51.24,41.0,0,140,5.697,4.327,71590569,49602
117.930,a-cubic,open,21,50.624,41.0,0,140,5.766,4.554,71619529,49622
117.980,a-cubic,open,21,52.892,41.0,0,140,5.519,4.563,71647041,49641
118.030,a-cubic,open,22,53.186,41.0,0,140,5.75,4.563,71677449,49663
118.080,a-cubic,open,22,54.557,41.0,0,140,5.605,4.463,71704961,49682
118.130,a-cubic,open,23,55.24,41.0,0,140,5.788,4.676,71733921,49703
118.181,a-cubic,open,23,56.581,41.0,0,140,5.651,4.682,71764329,49724
118.231,a-cubic,open,24,57.253,41.0,0,140,5.827,4.68,71794737,49746
118.281,a-cubic,open,24,58.397,41.0,0,140,5.713,4.684,71822249,49765
118.331,a-cubic,open,25,58.914,41.0,0,140,5.899,4.685,71852657,49787
118.381,a-cubic,open,25,60.365,41.0,0,140,5.757,4.782,71883065,49808
118.431,a-cubic,open,26,60.314,41.0,0,140,5.992,4.783,71909129,49827
118.481,a-cubic,open,26,57.849,41.0,0,140,6.248,5.007,71943881,49851
118.532,a-cubic,open,26,54.002,41.0,0,140,6.693,5.527,71978633,49875
118.582,a-cubic,open,27,53.254,41.0,0,140,7.048,5.649,72014833,49901
118.632,a-cubic,open,27,55.065,41.0,0,140,6.816,5.614,72051033,49926
118.682,a-cubic,open,28,55.736,41.0,0,140,6.983,5.614,72087233,49952
118.732,a-cubic,open,28,56.488,41.0,0,140,6.89,5.698,72120537,49975
118.782,a-cubic,open,29,57.941,41.0,0,140,6.957,5.579,72155289,50000
118.832,a-cubic,open,29,59.043,41.0,0,140,6.828,5.66,72192937,50026
118.882,a-cubic,open,30,59.167,41.0,0,140,7.048,5.457,72229137,50052
118.932,a-cubic,recovery,26,60.423,41.0,1,141,9.202,5.376,72239273,50071
118.982,a-cubic,open,21,60.628,41.0,0,141,4.815,5.289,72294297,50089
119.033,a-cubic,open,22,54.962,41.0,0,141,5.564,4.259,72324705,50111
119.083,a-cubic,open,23,52.429,41.0,0,141,6.098,4.893,72356561,50134
119.133,a-cubic,open,23,53.69,41.0,0,141,5.955,4.889,72385521,50154
119.183,a-cubic,open,24,54.95,41.0,0,141,6.071,4.781,72413033,50174
119.233,a-cubic,open,24,55.961,41.0,0,141,5.962,4.68,72443441,50195
119.283,a-cubic,open,24,57.131,41.0,0,141,5.839,4.884,72472401,50215
119.333,a-cubic,open,25,57.526,41.0,0,141,6.041,4.782,72504257,50238
119.383,a-cubic,open,25,59.239,41.0,0,141,5.866,4.88,72536113,50260
119.434,a-cubic,open,25,60.197,41.0,0,141,5.773,4.782,72562177,50278
119.484,a-cubic,open,26,60.674,41.0,0,141,5.957,4.782,72595481,50302
119.534,a-cubic,open,26,59.681,41.0,0,141,6.056,4.974,72625889,50323
119.584,a-cubic,open,26,54.765,41.0,0,141,6.599,5.087,72662089,50348
119.634,a-cubic,open,27,53.25,41.0,0,141,7.048,5.523,72695393,50372
119.684,a-cubic,open,27,55.074,41.0,0,141,6.815,5.614,72731593,50397
119.734,a-cubic,open,27,56.703,41.0,0,141,6.619,5.614,72766345,50421
119.784,a-cubic,open,28,56.879,41.0,0,141,6.843,5.494,72801097,50446
119.834,a-cubic,open,28,59.281,41.0,0,141,6.566,5.466,72834401,50469
119.885,a-cubic,open,29,59.701,41.0,0,141,6.752,5.465,72870601,50495
119.935,a-cubic,open,29,59.844,41.0,0,141,6.736,5.66,72905353,50519
119.985,a-cubic,open,30,60.613,41.0,0,141,6.88,5.547,72935761,50541
