t_s,wall_s,ca_state,cwnd,ssthresh,rtt_ms,rttvar_ms,rto_ms,backoff,unacked,lost,total_retrans,pacing_mbps,delivery_mbps,bytes_acked
0.000,1790928572.605,open,10,,40.026,20.013,241.0,0,0,0,0,5.788,0.0,1
0.010,1790928572.615,open,10,,40.026,20.013,241.0,0,10,0,0,5.788,0.0,1
0.020,1790928572.625,open,10,,40.026,20.013,241.0,0,10,0,0,5.788,0.0,1
0.031,1790928572.635,open,10,,40.026,20.013,241.0,0,10,0,0,5.788,0.0,1
0.041,1790928572.645,open,12,,40.024,11.26,241.0,0,12,0,0,6.946,0.579,2897
0.051,1790928572.655,open,16,,42.633,7.578,243.0,0,16,0,0,8.695,1.402,8689
0.061,1790928572.665,open,20,,48.172,10.234,249.0,0,20,0,0,9.619,1.955,14481
0.071,1790928572.675,open,20,,48.172,10.234,249.0,0,20,0,0,9.619,1.955,14481
0.081,1790928572.685,open,22,,46.261,9.07,247.0,0,22,0,0,11.018,3.184,17377
0.091,1790928572.695,open,26,,45.754,4.021,246.0,0,26,0,0,13.165,3.185,23169
0.101,1790928572.706,open,30,,47.489,3.904,248.0,0,30,0,0,14.636,3.333,28961
0.111,1790928572.716,open,34,,49.89,5.538,250.0,0,34,0,0,15.789,3.457,34753
0.122,1790928572.726,open,38,,52.42,7.581,253.0,0,38,0,0,16.795,3.56,40545
0.132,1790928572.736,open,43,,52.89,6.526,253.0,0,43,0,0,18.836,4.795,47785
0.142,1790928572.746,open,47,,53.612,3.26,254.0,0,47,0,0,20.31,4.782,53577
0.152,1790928572.756,open,51,,56.051,4.455,257.0,0,51,0,0,21.08,4.783,59369
0.162,1790928572.766,open,55,,59.486,6.133,260.0,0,55,0,0,21.421,4.782,65161
0.172,1790928572.776,open,59,,63.505,7.423,264.0,0,59,0,0,21.524,4.782,70953
0.182,1790928572.786,open,64,,68.168,8.883,269.0,0,64,0,0,21.751,4.782,78193
0.192,1790928572.797,open,68,,70.964,10.005,271.0,0,68,0,0,22.2,4.782,83985
0.202,1790928572.807,open,72,,74.242,11.47,275.0,0,72,0,0,22.468,4.782,89777
0.212,1790928572.817,open,76,,77.886,12.93,278.0,0,76,0,0,22.607,4.782,95569
0.223,1790928572.827,open,80,,81.811,14.239,282.0,0,80,0,0,22.655,4.782,101361
0.233,1790928572.837,open,84,,85.952,15.348,286.0,0,84,0,0,22.642,4.782,107153
0.243,1790928572.847,open,88,,90.522,16.636,291.0,0,88,0,0,22.522,4.782,112945
0.253,1790928572.857,open,92,,95.158,17.473,296.0,0,92,0,0,22.399,4.782,118737
0.263,1790928572.867,open,96,,99.842,18.029,300.0,0,92,0,0,22.276,4.782,124529
0.273,1790928572.877,open,100,,104.564,18.407,305.0,0,92,0,0,22.157,4.782,130321
0.283,1790928572.887,open,104,,109.315,18.669,310.0,0,92,0,0,22.042,4.782,136113
0.293,1790928572.898,open,108,,114.088,18.856,315.0,0,92,0,0,21.932,4.782,141905
0.303,1790928572.908,open,114,,121.277,19.042,322.0,0,92,0,0,21.778,4.782,150593
0.314,1790928572.918,open,118,,126.087,19.129,327.0,0,92,0,0,21.682,4.782,156385
0.324,1790928572.928,open,122,,130.904,19.19,331.0,0,92,0,0,21.592,4.782,162177
0.334,1790928572.938,open,126,,138.418,15.995,339.0,0,100,0,0,21.09,4.782,167969
0.344,1790928572.948,open,130,,144.826,13.543,345.0,0,108,0,0,20.796,4.782,173761
0.354,1790928572.958,disorder,134,,151.445,10.658,352.0,0,118,0,0,20.499,4.782,179553
0.364,1790928572.968,recovery,111,67,154.401,7.101,355.0,0,120,6,2,10.804,4.782,179553
0.374,1790928572.978,recovery,105,67,156.133,4.379,357.0,0,120,10,4,10.684,4.782,179553
0.384,1790928572.989,recovery,99,67,157.148,2.583,358.0,0,120,14,6,10.615,4.782,179553
0.394,1790928572.999,recovery,93,67,157.744,1.641,358.0,0,120,18,8,10.575,4.782,179553
0.405,1790928573.009,recovery,87,67,158.093,1.367,359.0,0,120,22,10,10.551,4.782,179553
0.415,1790928573.019,recovery,80,67,158.496,1.368,359.0,0,120,26,12,10.525,4.782,179553
0.425,1790928573.029,recovery,78,67,158.601,1.326,359.0,0,120,26,14,10.518,4.782,179553
0.435,1790928573.039,recovery,76,67,158.664,1.309,359.0,0,120,26,16,10.513,4.782,179553
0.445,1790928573.049,recovery,74,67,158.699,1.302,359.0,0,120,26,18,10.511,4.782,179553
0.455,1790928573.059,recovery,72,67,158.719,1.296,359.0,0,120,26,20,10.51,4.782,179553
0.465,1790928573.070,recovery,70,67,158.731,1.295,359.0,0,120,26,22,10.509,4.782,179553
0.475,1790928573.080,recovery,67,67,158.576,1.29,359.0,0,120,26,24,10.519,4.782,179553
0.485,1790928573.090,recovery,67,67,158.884,1.255,359.0,0,122,26,26,10.586,4.782,179553
0.495,1790928573.100,recovery,67,67,159.296,0.935,360.0,0,126,34,34,10.908,4.782,179553
0.506,1790928573.110,recovery,67,67,159.537,0.611,360.0,0,130,42,42,11.24,4.782,179553
0.516,1790928573.120,recovery,67,67,159.679,0.378,360.0,0,134,50,50,11.578,4.782,179553
0.526,1790928573.130,recovery,67,67,158.974,0.494,359.0,0,133,49,52,11.542,4.709,186793
0.536,1790928573.140,recovery,67,67,153.209,1.788,354.0,0,127,44,52,11.432,4.341,202721
0.546,1790928573.150,recovery,67,67,146.239,3.24,347.0,0,123,40,52,11.597,4.046,214305
0.556,1790928573.161,recovery,67,67,138.224,4.766,339.0,0,119,36,52,11.867,3.752,225889
0.566,1790928573.171,recovery,67,67,129.483,6.283,330.0,0,115,32,52,12.239,3.458,237473
0.576,1790928573.181,recovery,67,67,120.331,7.717,321.0,0,111,28,52,12.707,3.164,249057
0.587,1790928573.191,recovery,67,67,110.13,8.957,311.0,0,81,25,52,10.098,2.971,299737
0.597,1790928573.201,recovery,67,67,107.366,6.009,308.0,0,81,22,52,10.358,3.188,305529
0.607,1790928573.211,recovery,67,67,108.885,4.345,309.0,0,81,19,52,10.213,3.405,311321
0.617,1790928573.221,recovery,67,67,112.616,6.485,313.0,0,81,17,52,9.875,3.55,317113
0.627,1790928573.231,recovery,67,67,117.048,8.299,318.0,0,81,14,52,9.501,3.768,322905
0.637,1790928573.241,recovery,67,67,122.294,9.739,323.0,0,82,12,52,9.207,3.912,327249
0.647,1790928573.251,recovery,67,67,129.667,11.329,330.0,0,82,8,52,8.683,4.202,334489
0.657,1790928573.261,recovery,67,67,136.137,12.447,337.0,0,82,6,52,8.271,4.419,340281
0.667,1790928573.272,recovery,67,67,141.975,11.848,342.0,0,82,3,52,7.931,4.565,346073
0.677,1790928573.282,recovery,67,67,148.536,12.683,349.0,0,82,1,52,7.58,4.782,351865
0.688,1790928573.292,disorder,67,67,153.238,10.136,354.0,0,69,0,52,6.169,4.782,376481
0.698,1790928573.302,recovery,64,33,155.984,6.786,356.0,0,70,1,53,6.238,4.782,376481
0.708,1790928573.312,recovery,62,33,157.878,3.754,358.0,0,73,1,53,6.339,4.782,376481
0.718,1790928573.322,recovery,60,33,158.705,2.265,359.0,0,75,1,53,6.482,4.782,376481
0.728,1790928573.332,recovery,58,33,159.188,1.348,360.0,0,77,1,53,6.637,4.782,376481
0.738,1790928573.342,recovery,56,33,159.472,0.796,360.0,0,79,1,53,6.799,4.782,376481
0.748,1790928573.352,recovery,54,33,159.636,0.464,360.0,0,81,1,53,6.966,4.782,376481
0.758,1790928573.362,recovery,52,33,159.733,0.274,360.0,0,83,1,53,7.136,4.782,376481
0.768,1790928573.373,recovery,49,33,159.802,0.142,360.0,0,85,1,53,7.394,4.782,376481
0.778,1790928573.383,recovery,47,33,159.831,0.083,360.0,0,87,1,53,7.567,4.782,376481
0.788,1790928573.393,recovery,45,33,159.848,0.049,360.0,0,89,1,53,7.74,4.782,376481
0.799,1790928573.403,recovery,43,33,159.859,0.028,360.0,0,91,1,53,7.913,4.782,376481
0.809,1790928573.413,recovery,41,33,159.863,0.014,360.0,0,93,1,53,8.087,4.782,376481
0.819,1790928573.423,recovery,39,33,159.866,0.008,360.0,0,95,1,53,8.261,4.782,376481
0.829,1790928573.433,recovery,37,33,159.867,0.005,360.0,0,98,1,53,8.434,4.782,376481
0.839,1790928573.443,recovery,35,33,159.869,0.004,360.0,0,100,1,53,8.608,4.782,376481
0.849,1790928573.453,open,33,33,159.886,0.035,360.0,0,33,0,53,2.869,4.782,476393
0.859,1790928573.463,open,33,33,157.21,0.677,358.0,0,33,0,53,2.918,4.492,482185
0.869,1790928573.474,open,33,33,151.632,1.932,352.0,0,33,0,53,3.025,4.202,487977
0.879,1790928573.484,open,33,33,144.353,3.44,345.0,0,33,0,53,3.178,3.913,493769
0.890,1790928573.494,open,33,33,133.903,5.392,334.0,0,33,0,53,3.426,3.551,501009
0.900,1790928573.504,open,33,33,124.937,6.888,325.0,0,33,0,53,3.672,3.26,506801
0.910,1790928573.514,open,33,33,115.672,8.277,316.0,0,33,0,53,3.966,2.971,512593
0.920,1790928573.524,open,33,33,106.231,9.542,307.0,0,33,0,53,4.318,2.681,518385
0.930,1790928573.534,open,34,33,96.422,10.744,297.0,0,34,0,53,4.902,2.391,524177
0.940,1790928573.544,open,34,33,89.599,11.073,290.0,0,34,0,53,5.275,2.545,529969
0.950,1790928573.554,open,34,33,84.89,7.957,285.0,0,34,0,53,5.567,2.768,537209
0.960,1790928573.565,open,34,33,82.84,5.19,283.0,0,34,0,53,5.705,2.977,543001
0.970,1790928573.575,open,34,33,81.639,3.209,282.0,0,34,0,53,5.789,3.221,548793
0.980,1790928573.585,open,34,33,81.38,2.152,282.0,0,34,0,53,5.808,3.507,554585
0.991,1790928573.595,open,34,33,81.609,1.608,282.0,0,34,0,53,5.791,3.849,560377
1.001,1790928573.605,open,34,33,81.785,1.209,282.0,0,34,0,53,5.779,4.265,566169
1.011,1790928573.615,open,35,33,81.919,0.912,282.0,0,35,0,53,5.939,4.782,571961
1.021,1790928573.625,open,35,33,82.59,1.677,283.0,0,35,0,53,5.891,4.782,577753
1.031,1790928573.635,open,35,33,83.104,1.835,284.0,0,35,0,53,5.854,4.782,583545
1.041,1790928573.645,open,35,33,83.498,1.714,284.0,0,35,0,53,5.827,4.782,589337
1.051,1790928573.656,open,35,33,83.799,1.486,284.0,0,35,0,53,5.806,4.782,595129
1.061,1790928573.666,open,35,33,83.82,1.249,284.0,0,35,0,53,5.804,4.782,603817
1.071,1790928573.676,open,35,33,83.478,1.256,284.0,0,35,0,53,5.828,4.782,609609
1.082,1790928573.686,open,35,33,83.216,1.16,284.0,0,35,0,53,5.847,4.782,615401
1.092,1790928573.696,open,35,33,83.016,1.0,284.0,0,35,0,53,5.861,4.782,621193
1.102,1790928573.706,open,36,33,83.698,1.666,284.0,0,36,0,53,5.979,4.781,625537
1.112,1790928573.716,open,36,33,83.952,1.377,284.0,0,36,0,53,5.961,4.782,631329
1.122,1790928573.726,open,36,33,84.226,0.993,285.0,0,36,0,53,5.941,4.782,640017
1.132,1790928573.736,open,36,33,84.357,0.785,285.0,0,36,0,53,5.932,4.782,645809
1.142,1790928573.746,open,36,33,84.456,0.614,285.0,0,36,0,53,5.925,4.782,651601
1.152,1790928573.757,open,36,33,84.533,0.479,285.0,0,36,0,53,5.92,4.782,657393
1.162,1790928573.767,open,36,33,84.592,0.371,285.0,0,36,0,53,5.916,4.782,663185
1.172,1790928573.777,open,36,33,84.636,0.286,285.0,0,36,0,53,5.913,4.782,668977
1.183,1790928573.787,open,37,33,84.671,0.22,285.0,0,37,0,53,6.074,4.782,674769
1.193,1790928573.797,open,37,33,85.53,1.532,286.0,0,37,0,53,6.013,4.782,680561
1.203,1790928573.807,open,37,33,85.922,1.542,286.0,0,37,0,53,5.986,4.782,686353
1.213,1790928573.817,open,37,33,86.223,1.389,287.0,0,37,0,53,5.965,4.782,692145
1.223,1790928573.827,open,37,33,86.453,1.18,287.0,0,37,0,53,5.949,4.782,697937
1.233,1790928573.837,open,37,33,86.63,0.97,287.0,0,37,0,53,5.937,4.782,703729
1.243,1790928573.848,open,37,33,86.82,0.695,287.0,0,37,0,53,5.924,4.782,712417
1.253,1790928573.858,open,37,33,86.91,0.548,287.0,0,37,0,53,5.918,4.782,718209
1.263,1790928573.868,open,37,33,86.98,0.429,287.0,0,37,0,53,5.913,4.782,724001
1.274,1790928573.878,open,38,33,87.639,1.544,288.0,0,37,0,53,6.027,4.782,729793
1.284,1790928573.888,open,38,33,88.113,1.688,289.0,0,38,0,53,5.995,4.782,734137
1.294,1790928573.898,open,38,33,88.468,1.565,289.0,0,38,0,53,5.971,4.782,739929
1.304,1790928573.908,open,38,33,88.852,1.238,289.0,0,38,0,53,5.945,4.782,748617
1.314,1790928573.918,open,38,33,89.036,1.016,290.0,0,38,0,53,5.933,4.781,754409
1.324,1790928573.929,open,38,33,89.183,0.827,290.0,0,38,0,53,5.923,4.779,760201
1.334,1790928573.939,open,38,33,89.288,0.648,290.0,0,38,0,53,5.916,4.782,765993
1.344,1790928573.949,open,38,33,89.369,0.506,290.0,0,38,0,53,5.911,4.781,771785
1.355,1790928573.959,open,38,33,89.433,0.397,290.0,0,38,0,53,5.906,4.781,777577
1.365,1790928573.969,open,39,33,89.48,0.304,290.0,0,39,0,53,6.059,4.782,783369
1.375,1790928573.979,open,39,33,90.079,1.212,291.0,0,39,0,53,6.018,4.78,789161
1.385,1790928573.989,open,39,33,90.541,1.483,291.0,0,39,0,53,5.988,4.782,794953
1.395,1790928573.999,open,39,33,90.893,1.445,291.0,0,39,0,53,5.964,4.782,800745
1.405,1790928574.009,open,39,33,91.164,1.281,292.0,0,39,0,53,5.947,4.782,806537
1.415,1790928574.020,open,39,33,91.447,0.963,292.0,0,39,0,53,5.928,4.785,815225
1.425,1790928574.030,open,39,33,91.587,0.785,292.0,0,39,0,53,5.919,4.782,821017
1.435,1790928574.040,open,39,33,91.694,0.626,292.0,0,39,0,53,5.912,4.783,826809
1.446,1790928574.050,open,39,33,91.772,0.487,292.0,0,39,0,53,5.907,4.783,832601
1.456,1790928574.060,open,39,33,91.836,0.384,292.0,0,39,0,53,5.903,4.782,838393
1.466,1790928574.070,open,40,33,92.721,1.67,293.0,0,40,0,53,5.997,4.781,842737
1.476,1790928574.080,open,40,33,93.295,1.57,294.0,0,40,0,53,5.96,4.782,851425
1.486,1790928574.090,open,40,33,93.571,1.361,294.0,0,40,0,53,5.942,4.782,857217
1.496,1790928574.100,open,40,33,93.782,1.131,294.0,0,40,0,53,5.929,4.782,863009
1.506,1790928574.110,open,40,33,93.944,0.917,294.0,0,40,0,53,5.919,4.782,868801
1.516,1790928574.121,open,40,33,94.067,0.73,295.0,0,40,0,53,5.911,4.782,874593
1.526,1790928574.131,open,40,33,94.161,0.574,295.0,0,40,0,53,5.905,4.782,880385
1.537,1790928574.141,open,40,33,94.234,0.449,295.0,0,40,0,53,5.9,4.782,886177
1.547,1790928574.151,open,40,33,94.291,0.35,295.0,0,40,0,53,5.897,4.782,891969
1.557,1790928574.161,open,41,33,94.333,0.271,295.0,0,41,0,53,6.042,4.782,897761
1.567,1790928574.171,open,41,33,94.931,1.189,295.0,0,41,0,53,6.004,4.782,903553
1.577,1790928574.181,open,41,33,95.391,1.467,296.0,0,41,0,53,5.975,4.782,909345
1.587,1790928574.191,open,41,33,95.888,1.365,296.0,0,41,0,53,5.944,4.782,918033
1.597,1790928574.201,open,41,33,96.124,1.177,297.0,0,41,0,53,5.929,4.782,923825
1.607,1790928574.212,open,41,33,96.304,0.975,297.0,0,41,0,53,5.918,4.782,929617
1.617,1790928574.222,open,41,33,96.443,0.788,297.0,0,41,0,53,5.91,4.782,935409
1.627,1790928574.232,open,41,33,96.548,0.627,297.0,0,41,0,53,5.903,4.782,941201
1.638,1790928574.242,open,41,33,96.629,0.492,297.0,0,41,0,53,5.898,4.782,946993
1.648,1790928574.252,open,41,33,96.691,0.385,297.0,0,41,0,53,5.894,4.782,952785
1.658,1790928574.262,open,42,33,97.601,1.646,298.0,0,42,0,53,5.982,4.778,960025
1.668,1790928574.272,open,42,33,98.004,1.623,299.0,0,42,0,53,5.957,4.782,965817
1.678,1790928574.282,open,42,33,98.311,1.446,299.0,0,42,0,53,5.939,4.782,971609
1.688,1790928574.292,open,42,33,98.548,1.223,299.0,0,42,0,53,5.924,4.782,977401
1.698,1790928574.302,open,42,33,98.729,1.002,299.0,0,42,0,53,5.913,4.782,983193
1.708,1790928574.313,open,42,33,98.867,0.803,299.0,0,42,0,53,5.905,4.782,988985
1.718,1790928574.323,open,42,33,98.974,0.636,299.0,0,42,0,53,5.899,4.782,994777
1.728,1790928574.333,open,42,33,99.055,0.499,300.0,0,42,0,53,5.894,4.782,1000569
1.739,1790928574.343,open,42,33,99.117,0.388,300.0,0,42,0,53,5.89,4.782,1006361
1.749,1790928574.353,open,42,33,99.165,0.301,300.0,0,42,0,53,5.887,4.782,1012153
1.759,1790928574.363,open,43,33,99.201,0.232,300.0,0,43,0,53,6.025,4.782,1017945
1.769,1790928574.373,open,43,33,100.031,1.35,301.0,0,43,0,53,5.975,4.782,1026633
1.779,1790928574.383,open,43,33,100.432,1.454,301.0,0,43,0,53,5.952,4.782,1032425
1.789,1790928574.393,open,43,33,100.739,1.35,301.0,0,43,0,53,5.933,4.782,1038217
1.799,1790928574.403,open,43,33,100.973,1.165,301.0,0,43,0,53,5.92,4.782,1044009
1.809,1790928574.413,open,43,33,101.152,0.967,302.0,0,43,0,53,5.909,4.782,1049801
1.819,1790928574.424,open,43,33,101.289,0.781,302.0,0,43,0,53,5.901,4.782,1055593
1.829,1790928574.434,open,43,33,101.395,0.623,302.0,0,43,0,53,5.895,4.782,1061385
1.839,1790928574.444,open,43,33,101.475,0.489,302.0,0,43,0,53,5.89,4.782,1067177
1.849,1790928574.454,open,43,33,101.537,0.383,302.0,0,43,0,53,5.887,4.782,1072969
1.860,1790928574.464,open,43,33,101.586,0.299,302.0,0,43,0,53,5.884,4.782,1078761
1.870,1790928574.474,open,44,33,102.668,1.622,303.0,0,44,0,53,5.957,4.782,1086001
1.880,1790928574.484,open,44,33,103.045,1.567,304.0,0,44,0,53,5.936,4.777,1091793
1.890,1790928574.494,open,44,33,103.333,1.38,304.0,0,44,0,53,5.919,4.777,1097585
1.900,1790928574.504,open,44,33,103.554,1.158,304.0,0,44,0,53,5.906,4.777,1103377
1.910,1790928574.514,open,44,33,103.722,0.944,304.0,0,44,0,53,5.897,4.777,1109169
1.920,1790928574.524,open,44,33,103.852,0.755,304.0,0,44,0,53,5.889,4.777,1114961
1.930,1790928574.534,open,44,33,103.95,0.596,304.0,0,44,0,53,5.884,4.777,1120753
1.940,1790928574.544,open,44,33,104.026,0.466,305.0,0,44,0,53,5.88,4.777,1126545
1.950,1790928574.555,open,44,33,104.083,0.361,305.0,0,44,0,53,5.876,4.777,1132337
1.960,1790928574.565,open,44,33,104.145,0.246,305.0,0,44,0,53,5.873,4.777,1141025
1.970,1790928574.575,open,45,33,104.478,0.796,305.0,0,45,0,53,5.987,4.777,1146817
1.980,1790928574.585,open,45,33,104.985,1.322,305.0,0,45,0,53,5.958,4.782,1152609
1.991,1790928574.595,open,45,33,105.359,1.393,306.0,0,45,0,53,5.937,4.782,1158401
2.001,1790928574.605,open,45,33,105.646,1.281,306.0,0,45,0,53,5.921,4.782,1164193
2.011,1790928574.615,open,45,33,105.866,1.102,306.0,0,45,0,53,5.909,4.782,1169985
2.021,1790928574.625,open,45,33,106.035,0.913,307.0,0,45,0,53,5.899,4.782,1175777
2.031,1790928574.635,open,45,33,106.164,0.737,307.0,0,45,0,53,5.892,4.782,1181569
2.041,1790928574.645,open,45,33,106.262,0.585,307.0,0,45,0,53,5.887,4.782,1187361
2.051,1790928574.655,open,45,33,106.338,0.46,307.0,0,45,0,53,5.883,4.782,1193153
2.061,1790928574.666,open,45,33,106.396,0.359,307.0,0,45,0,53,5.879,4.782,1198945
2.071,1790928574.676,open,45,33,106.44,0.278,307.0,0,45,0,53,5.877,4.782,1204737
2.081,1790928574.686,open,46,33,107.32,1.552,308.0,0,46,0,53,5.958,4.782,1211977
2.091,1790928574.696,open,46,33,107.719,1.565,308.0,0,46,0,53,5.936,4.781,1217769
2.102,1790928574.706,open,46,33,108.02,1.403,309.0,0,46,0,53,5.92,4.782,1223561
2.112,1790928574.716,open,46,33,108.251,1.19,309.0,0,46,0,53,5.907,4.782,1229353
2.122,1790928574.726,open,46,33,108.428,0.975,309.0,0,46,0,53,5.897,4.782,1235145
2.132,1790928574.736,open,46,33,108.563,0.782,309.0,0,46,0,53,5.89,4.782,1240937
2.142,1790928574.746,open,46,33,108.709,0.549,309.0,0,46,0,53,5.882,4.782,1249625
2.152,1790928574.756,open,46,33,108.78,0.431,309.0,0,46,0,53,5.878,4.782,1255417
2.162,1790928574.766,open,46,33,108.832,0.334,309.0,0,46,0,53,5.875,4.782,1261209
2.172,1790928574.777,open,46,33,108.874,0.26,309.0,0,46,0,53,5.873,4.782,1267001
2.182,1790928574.787,open,46,33,108.906,0.202,309.0,0,46,0,53,5.871,4.782,1272793
2.192,1790928574.797,open,47,33,109.232,0.759,310.0,0,47,0,53,5.981,4.782,1278585
2.203,1790928574.807,open,47,33,109.742,1.31,310.0,0,47,0,53,5.953,4.783,1284377
2.213,1790928574.817,open,47,33,110.138,1.423,311.0,0,47,0,53,5.932,4.782,1290169
2.223,1790928574.827,open,47,33,110.441,1.326,311.0,0,47,0,53,5.916,4.782,1295961
2.233,1790928574.837,open,47,33,110.673,1.148,311.0,0,47,0,53,5.903,4.782,1301753
2.243,1790928574.847,open,47,33,110.85,0.952,311.0,0,47,0,53,5.894,4.782,1307545
2.253,1790928574.857,open,47,33,110.985,0.771,311.0,0,47,0,53,5.887,4.782,1313337
2.263,1790928574.867,open,47,33,111.131,0.544,312.0,0,47,0,53,5.879,4.782,1322025
2.273,1790928574.877,open,47,33,111.201,0.428,312.0,0,47,0,53,5.875,4.782,1327817
2.283,1790928574.888,open,47,33,111.253,0.33,312.0,0,47,0,53,5.872,4.782,1333609
2.293,1790928574.898,open,47,33,111.294,0.256,312.0,0,47,0,53,5.87,4.782,1339401
2.303,1790928574.908,open,48,33,111.937,1.421,312.0,0,47,0,53,5.961,4.78,1345193
2.314,1790928574.918,open,48,33,112.391,1.585,313.0,0,48,0,53,5.937,4.782,1349537
2.324,1790928574.928,open,48,33,112.875,1.396,313.0,0,48,0,53,5.911,4.782,1358225
2.334,1790928574.938,open,48,33,113.104,1.182,314.0,0,48,0,53,5.899,4.782,1364017
2.344,1790928574.948,open,48,33,113.279,0.969,314.0,0,48,0,53,5.89,4.782,1369809
2.354,1790928574.958,open,48,33,113.413,0.777,314.0,0,48,0,53,5.883,4.782,1375601
2.364,1790928574.968,open,48,33,113.516,0.616,314.0,0,48,0,53,5.878,4.782,1381393
2.374,1790928574.978,open,48,33,113.595,0.483,314.0,0,48,0,53,5.874,4.782,1387185
2.384,1790928574.988,open,48,33,113.655,0.377,314.0,0,48,0,53,5.871,4.782,1392977
2.394,1790928574.998,open,48,33,113.703,0.294,314.0,0,48,0,53,5.868,4.782,1398769
2.404,1790928575.009,open,48,33,113.739,0.228,314.0,0,48,0,53,5.866,4.782,1404561
2.414,1790928575.019,open,48,33,113.765,0.173,314.0,0,48,0,53,5.865,4.782,1410353
2.424,1790928575.029,open,49,33,114.076,0.718,315.0,0,49,0,53,5.971,4.784,1416145
2.435,1790928575.039,open,49,33,114.591,1.296,315.0,0,49,0,53,5.944,4.782,1421937
2.445,1790928575.049,open,49,33,115.146,1.382,316.0,0,49,0,53,5.915,4.782,1430625
2.455,1790928575.059,open,49,33,115.411,1.236,316.0,0,49,0,53,5.902,4.782,1436417
2.465,1790928575.069,open,49,33,115.614,1.047,316.0,0,49,0,53,5.891,4.782,1442209
2.475,1790928575.079,open,49,33,115.77,0.859,316.0,0,49,0,53,5.884,4.782,1448001
2.485,1790928575.089,open,49,33,115.889,0.69,316.0,0,49,0,53,5.877,4.782,1453793
2.495,1790928575.099,open,49,33,115.982,0.549,316.0,0,49,0,53,5.873,4.781,1459585
2.505,1790928575.110,open,49,33,116.055,0.438,317.0,0,49,0,53,5.869,4.78,1465377
2.515,1790928575.120,open,49,33,116.109,0.339,317.0,0,49,0,53,5.866,4.781,1471169
2.526,1790928575.130,open,49,33,116.15,0.262,317.0,0,49,0,53,5.864,4.781,1476961
2.536,1790928575.140,open,49,33,116.18,0.199,317.0,0,49,0,53,5.863,4.782,1482753
2.546,1790928575.150,open,50,33,117.246,1.556,318.0,0,50,0,53,5.928,4.782,1489993
2.556,1790928575.160,open,50,33,117.588,1.469,318.0,0,50,0,53,5.911,4.782,1495785
2.566,1790928575.170,open,50,33,117.85,1.28,318.0,0,50,0,53,5.898,4.781,1501577
2.576,1790928575.180,open,50,33,118.049,1.065,319.0,0,50,0,53,5.888,4.782,1507369
2.586,1790928575.191,open,50,33,118.202,0.864,319.0,0,50,0,53,5.88,4.782,1513161
2.596,1790928575.201,open,50,33,118.319,0.688,319.0,0,50,0,53,5.874,4.782,1518953
2.607,1790928575.211,open,50,33,118.407,0.54,319.0,0,50,0,53,5.87,4.782,1524745
2.617,1790928575.221,open,50,33,118.501,0.369,319.0,0,50,0,53,5.865,4.782,1533433
2.627,1790928575.231,open,50,33,118.539,0.276,319.0,0,50,0,53,5.863,4.782,1539225
2.637,1790928575.241,open,50,33,118.575,0.217,319.0,0,50,0,53,5.862,4.782,1545017
2.647,1790928575.251,open,50,33,118.601,0.168,319.0,0,50,0,53,5.86,4.782,1550809
2.657,1790928575.261,open,51,33,118.624,0.134,319.0,0,51,0,53,5.976,4.782,1556601
2.667,1790928575.271,open,51,33,119.205,1.084,320.0,0,51,0,53,5.947,4.782,1562393
2.677,1790928575.282,open,51,33,119.652,1.384,320.0,0,51,0,53,5.925,4.782,1568185
2.687,1790928575.292,open,51,33,119.993,1.369,320.0,0,51,0,53,5.908,4.783,1573977
2.698,1790928575.302,open,51,33,120.257,1.227,321.0,0,51,0,53,5.895,4.782,1579769
2.708,1790928575.312,open,51,33,120.459,1.04,321.0,0,51,0,53,5.885,4.782,1585561
2.718,1790928575.322,open,51,33,120.613,0.852,321.0,0,51,0,53,5.878,4.782,1591353
2.728,1790928575.332,open,51,33,120.733,0.687,321.0,0,51,0,53,5.872,4.782,1597145
2.738,1790928575.342,open,51,33,120.86,0.481,321.0,0,51,0,53,5.866,4.782,1605833
2.748,1790928575.352,open,51,33,120.922,0.377,321.0,0,51,0,53,5.863,4.782,1611625
2.758,1790928575.362,open,51,33,120.966,0.29,321.0,0,51,0,53,5.861,4.782,1617417
2.768,1790928575.372,open,51,33,121.001,0.223,322.0,0,51,0,53,5.859,4.782,1623209
2.778,1790928575.383,open,51,33,121.026,0.17,322.0,0,51,0,53,5.858,4.782,1629001
2.788,1790928575.393,open,52,33,121.881,1.496,322.0,0,52,0,53,5.931,4.782,1633345
2.798,1790928575.403,open,52,33,122.425,1.45,323.0,0,52,0,53,5.904,4.782,1642033
2.808,1790928575.413,open,52,33,122.685,1.267,323.0,0,52,0,53,5.892,4.782,1647825
2.819,1790928575.423,open,52,33,122.884,1.057,323.0,0,52,0,53,5.882,4.782,1653617
2.829,1790928575.433,open,52,33,123.036,0.858,324.0,0,52,0,53,5.875,4.782,1659409
2.839,1790928575.443,open,52,33,123.153,0.686,324.0,0,52,0,53,5.869,4.782,1665201
2.849,1790928575.453,open,52,33,123.242,0.54,324.0,0,52,0,53,5.865,4.782,1670993
2.859,1790928575.463,open,52,33,123.311,0.424,324.0,0,52,0,53,5.862,4.782,1676785
2.869,1790928575.473,open,52,33,123.364,0.329,324.0,0,52,0,53,5.859,4.782,1682577
2.879,1790928575.483,open,52,33,123.405,0.257,324.0,0,52,0,53,5.857,4.782,1688369
2.889,1790928575.493,open,52,33,123.437,0.199,324.0,0,52,0,53,5.856,4.782,1694161
2.899,1790928575.503,open,52,33,123.462,0.156,324.0,0,52,0,53,5.855,4.782,1699953
2.909,1790928575.514,open,53,33,123.481,0.12,324.0,0,53,0,53,5.966,4.782,1705745
2.919,1790928575.524,open,53,33,124.299,1.282,325.0,0,53,0,53,5.927,4.782,1714433
2.930,1790928575.534,open,53,33,124.689,1.397,325.0,0,53,0,53,5.909,4.782,1720225
2.940,1790928575.544,open,53,33,124.988,1.304,325.0,0,53,0,53,5.894,4.782,1726017
2.950,1790928575.554,open,53,33,125.216,1.128,326.0,0,53,0,53,5.884,4.782,1731809
2.960,1790928575.564,open,53,33,125.391,0.938,326.0,0,53,0,53,5.876,4.782,1737601
2.970,1790928575.574,open,53,33,125.525,0.759,326.0,0,53,0,53,5.869,4.782,1743393
2.980,1790928575.584,open,53,33,125.627,0.604,326.0,0,53,0,53,5.865,4.782,1749185
2.990,1790928575.594,open,53,33,125.706,0.476,326.0,0,53,0,53,5.861,4.782,1754977
3.000,1790928575.605,open,53,33,125.766,0.372,326.0,0,53,0,53,5.858,4.782,1760769
3.010,1790928575.615,open,53,33,125.811,0.289,326.0,0,53,0,53,5.856,4.782,1766561
3.020,1790928575.625,open,53,33,125.847,0.224,326.0,0,53,0,53,5.854,4.782,1772353
3.030,1790928575.635,open,53,33,125.873,0.172,326.0,0,53,0,53,5.853,4.782,1778145
3.041,1790928575.645,open,54,33,126.739,1.487,327.0,0,54,0,53,5.923,4.781,1785385
3.051,1790928575.655,open,54,33,127.126,1.506,328.0,0,54,0,53,5.905,4.782,1791177
3.061,1790928575.665,open,54,33,127.421,1.359,328.0,0,54,0,53,5.891,4.782,1796969
3.071,1790928575.675,open,54,33,127.647,1.157,328.0,0,54,0,53,5.881,4.782,1802761
3.081,1790928575.685,open,54,33,127.821,0.951,328.0,0,54,0,53,5.873,4.782,1808553
3.091,1790928575.695,open,54,33,127.954,0.767,328.0,0,54,0,53,5.866,4.782,1814345
3.101,1790928575.705,open,54,33,128.056,0.607,329.0,0,54,0,53,5.862,4.782,1820137
3.111,1790928575.715,open,54,33,128.165,0.42,329.0,0,54,0,53,5.857,4.782,1828825
3.121,1790928575.725,open,54,33,128.217,0.326,329.0,0,54,0,53,5.854,4.782,1834617
3.131,1790928575.735,open,54,33,128.257,0.253,329.0,0,54,0,53,5.853,4.782,1840409
3.141,1790928575.746,open,54,33,128.287,0.195,329.0,0,54,0,53,5.851,4.782,1846201
3.151,1790928575.756,open,54,33,128.31,0.15,329.0,0,54,0,53,5.85,4.782,1851993
3.161,1790928575.766,open,54,33,128.328,0.115,329.0,0,54,0,53,5.849,4.782,1857785
3.171,1790928575.776,open,55,33,128.641,0.687,329.0,0,55,0,53,5.943,4.783,1863577
3.182,1790928575.786,open,55,33,129.148,1.266,330.0,0,55,0,53,5.92,4.782,1869369
3.192,1790928575.796,open,55,33,129.537,1.386,330.0,0,55,0,53,5.902,4.782,1875161
3.202,1790928575.806,open,55,33,129.835,1.295,330.0,0,55,0,53,5.889,4.782,1880953
3.212,1790928575.816,open,55,33,130.063,1.125,331.0,0,55,0,53,5.878,4.782,1886745
3.222,1790928575.826,open,55,33,130.238,0.935,331.0,0,55,0,53,5.87,4.782,1892537
3.232,1790928575.836,open,55,33,130.426,0.677,331.0,0,55,0,53,5.862,4.782,1901225
3.242,1790928575.846,open,55,33,130.516,0.536,331.0,0,55,0,53,5.858,4.782,1907017
3.252,1790928575.856,open,55,33,130.584,0.42,331.0,0,55,0,53,5.855,4.782,1912809
3.262,1790928575.866,open,55,33,130.636,0.327,331.0,0,55,0,53,5.852,4.782,1918601
3.272,1790928575.876,open,55,33,130.676,0.253,331.0,0,55,0,53,5.851,4.782,1924393
3.282,1790928575.887,open,55,33,130.707,0.196,331.0,0,55,0,53,5.849,4.782,1930185
3.292,1790928575.897,open,55,33,130.731,0.152,331.0,0,55,0,53,5.848,4.782,1935977
3.303,1790928575.907,open,56,33,131.598,1.482,332.0,0,56,0,53,5.915,4.78,1943217
3.313,1790928575.917,open,56,33,131.982,1.499,332.0,0,56,0,53,5.898,4.782,1949009
3.323,1790928575.927,open,56,33,132.282,1.365,333.0,0,56,0,53,5.885,4.78,1954801
3.333,1790928575.937,open,56,33,132.504,1.153,333.0,0,56,0,53,5.875,4.782,1960593
3.343,1790928575.947,open,56,33,132.674,0.943,333.0,0,56,0,53,5.867,4.782,1966385
3.353,1790928575.958,open,56,33,132.804,0.755,333.0,0,56,0,53,5.862,4.782,1972177
3.363,1790928575.968,open,56,33,132.904,0.599,333.0,0,56,0,53,5.857,4.782,1977969
3.373,1790928575.978,open,56,33,132.981,0.47,333.0,0,56,0,53,5.854,4.782,1983761
3.384,1790928575.988,open,56,33,133.04,0.366,334.0,0,56,0,53,5.851,4.782,1989553
3.394,1790928575.998,open,56,33,133.085,0.285,334.0,0,56,0,53,5.849,4.782,1995345
3.404,1790928576.008,open,56,33,133.12,0.22,334.0,0,56,0,53,5.848,4.782,2001137
3.414,1790928576.018,open,56,33,133.157,0.149,334.0,0,56,0,53,5.846,4.782,2009825
3.424,1790928576.028,open,56,33,133.175,0.115,334.0,0,56,0,53,5.845,4.782,2015617
3.434,1790928576.038,open,57,33,133.186,0.083,334.0,0,57,0,53,5.949,4.782,2021409
3.444,1790928576.048,open,57,33,133.757,1.039,334.0,0,57,0,53,5.924,4.782,2027201
3.454,1790928576.059,open,57,33,134.2,1.353,335.0,0,57,0,53,5.904,4.782,2032993
3.464,1790928576.069,open,57,33,134.535,1.344,335.0,0,57,0,53,5.889,4.782,2038785
3.475,1790928576.079,open,57,33,134.797,1.21,335.0,0,57,0,53,5.878,4.782,2044577
3.485,1790928576.089,open,57,33,134.998,1.029,335.0,0,57,0,53,5.869,4.782,2050369
3.495,1790928576.099,open,57,33,135.152,0.846,336.0,0,57,0,53,5.863,4.782,2056161
3.505,1790928576.109,open,57,33,135.27,0.679,336.0,0,57,0,53,5.858,4.782,2061953
3.515,1790928576.119,open,57,33,135.36,0.538,336.0,0,57,0,53,5.854,4.782,2067745
3.525,1790928576.129,open,57,33,135.456,0.372,336.0,0,57,0,53,5.849,4.782,2076433
3.535,1790928576.139,open,57,33,135.502,0.289,336.0,0,57,0,53,5.847,4.782,2082225
3.545,1790928576.150,open,57,33,135.538,0.224,336.0,0,57,0,53,5.846,4.782,2088017
3.555,1790928576.160,open,57,33,135.565,0.173,336.0,0,57,0,53,5.845,4.782,2093809
3.565,1790928576.170,open,57,33,135.585,0.133,336.0,0,57,0,53,5.844,4.782,2099601
3.576,1790928576.180,open,58,33,136.207,1.314,337.0,0,57,0,53,5.919,4.782,2105393
3.586,1790928576.190,open,58,33,136.824,1.481,337.0,0,58,0,53,5.893,4.782,2112633
3.596,1790928576.200,open,58,33,137.117,1.342,338.0,0,58,0,53,5.88,4.782,2118425
3.606,1790928576.210,open,58,33,137.343,1.145,338.0,0,58,0,53,5.87,4.782,2124217
3.616,1790928576.220,open,58,33,137.514,0.942,338.0,0,58,0,53,5.863,4.782,2130009
3.626,1790928576.230,open,58,33,137.646,0.758,338.0,0,58,0,53,5.857,4.782,2135801
3.636,1790928576.240,open,58,33,137.747,0.601,338.0,0,58,0,53,5.853,4.782,2141593
3.646,1790928576.251,open,58,33,137.824,0.471,338.0,0,58,0,53,5.85,4.782,2147385
3.656,1790928576.261,open,58,33,137.883,0.367,338.0,0,58,0,53,5.847,4.782,2153177
3.666,1790928576.271,open,58,33,137.928,0.285,338.0,0,58,0,53,5.845,4.782,2158969
3.677,1790928576.281,open,58,33,137.962,0.22,338.0,0,58,0,53,5.844,4.782,2164761
3.687,1790928576.291,open,58,33,137.989,0.17,338.0,0,58,0,53,5.843,4.782,2170553
3.697,1790928576.301,open,58,33,138.009,0.131,339.0,0,58,0,53,5.842,4.782,2176345
3.707,1790928576.311,open,58,33,138.032,0.089,339.0,0,58,0,53,5.841,4.782,2185033
3.717,1790928576.321,open,59,33,138.345,0.673,339.0,0,59,0,53,5.928,4.782,2190825
3.727,1790928576.331,open,59,33,138.85,1.254,339.0,0,59,0,53,5.907,4.782,2196617
3.737,1790928576.341,open,59,33,139.236,1.375,340.0,0,59,0,53,5.89,4.782,2202409
3.747,1790928576.352,open,59,33,139.531,1.285,340.0,0,59,0,53,5.878,4.782,2208201
3.757,1790928576.362,open,59,33,139.758,1.115,340.0,0,59,0,53,5.868,4.782,2213993
3.768,1790928576.372,open,59,33,139.931,0.928,340.0,0,59,0,53,5.861,4.782,2219785
3.778,1790928576.382,open,59,33,140.064,0.753,341.0,0,59,0,53,5.855,4.782,2225577
3.788,1790928576.392,open,59,33,140.166,0.6,341.0,0,59,0,53,5.851,4.782,2231369
3.798,1790928576.402,open,59,33,140.244,0.472,341.0,0,59,0,53,5.848,4.782,2237161
3.808,1790928576.412,open,59,33,140.304,0.369,341.0,0,59,0,53,5.845,4.782,2242953
3.818,1790928576.422,open,59,33,140.349,0.287,341.0,0,59,0,53,5.844,4.782,2248745
3.828,1790928576.432,open,59,33,140.399,0.195,341.0,0,59,0,53,5.842,4.782,2257433
3.838,1790928576.443,open,59,33,140.422,0.151,341.0,0,59,0,53,5.841,4.782,2263225
3.848,1790928576.453,open,59,33,140.44,0.116,341.0,0,59,0,53,5.84,4.782,2269017
3.859,1790928576.463,open,60,33,141.059,1.299,342.0,0,59,0,53,5.913,4.782,2274809
3.869,1790928576.473,open,60,33,141.495,1.487,342.0,0,60,0,53,5.895,4.782,2279153
3.879,1790928576.483,open,60,33,141.966,1.335,342.0,0,60,0,53,5.875,4.782,2287841
3.889,1790928576.493,open,60,33,142.191,1.14,343.0,0,60,0,53,5.866,4.782,2293633
3.899,1790928576.503,open,60,33,142.362,0.938,343.0,0,60,0,53,5.859,4.782,2299425
3.909,1790928576.513,open,60,33,142.493,0.755,343.0,0,60,0,53,5.853,4.782,2305217
3.919,1790928576.523,open,60,33,142.593,0.598,343.0,0,60,0,53,5.849,4.782,2311009
3.929,1790928576.534,open,60,33,142.67,0.47,343.0,0,60,0,53,5.846,4.782,2316801
3.939,1790928576.544,open,60,33,142.729,0.366,343.0,0,60,0,53,5.844,4.782,2322593
3.950,1790928576.554,open,60,33,142.776,0.287,343.0,0,60,0,53,5.842,4.782,2328385
3.960,1790928576.564,open,60,33,142.812,0.223,343.0,0,60,0,53,5.84,4.782,2334177
3.970,1790928576.574,open,60,33,142.838,0.17,343.0,0,60,0,53,5.839,4.782,2339969
3.980,1790928576.584,open,60,33,142.86,0.134,343.0,0,60,0,53,5.838,4.782,2345761
3.990,1790928576.594,open,60,33,142.873,0.098,343.0,0,60,0,53,5.838,4.782,2351553
4.000,1790928576.604,open,61,33,142.888,0.064,343.0,0,61,0,53,5.934,4.782,2360241
4.010,1790928576.614,open,61,33,143.463,1.032,344.0,0,61,0,53,5.911,4.782,2366033
4.020,1790928576.625,open,61,33,143.903,1.344,344.0,0,61,0,53,5.892,4.782,2371825
4.030,1790928576.635,open,61,33,144.24,1.339,345.0,0,61,0,53,5.879,4.782,2377617
4.040,1790928576.645,open,61,33,144.498,1.201,345.0,0,61,0,53,5.868,4.782,2383409
4.051,1790928576.655,open,61,33,144.696,1.018,345.0,0,61,0,53,5.86,4.782,2389201
4.061,1790928576.665,open,61,33,144.847,0.835,345.0,0,61,0,53,5.854,4.782,2394993
4.071,1790928576.675,open,61,33,144.963,0.671,345.0,0,61,0,53,5.849,4.782,2400785
4.081,1790928576.685,open,61,33,145.052,0.531,346.0,0,61,0,53,5.846,4.782,2406577
4.091,1790928576.695,open,61,33,145.118,0.412,346.0,0,61,0,53,5.843,4.782,2412369
4.101,1790928576.705,open,61,33,145.167,0.317,346.0,0,61,0,53,5.841,4.783,2418161
4.111,1790928576.716,open,61,33,145.224,0.219,346.0,0,61,0,53,5.839,4.782,2426849
4.121,1790928576.726,open,61,33,145.248,0.167,346.0,0,61,0,53,5.838,4.782,2432641
4.131,1790928576.736,open,61,33,145.27,0.132,346.0,0,61,0,53,5.837,4.782,2438433
4.142,1790928576.746,open,61,33,145.287,0.104,346.0,0,61,0,53,5.836,4.782,2444225
4.152,1790928576.756,open,62,33,145.905,1.291,346.0,0,61,0,53,5.907,4.782,2450017
4.162,1790928576.766,open,62,33,146.344,1.486,347.0,0,62,0,53,5.889,4.782,2454361
4.172,1790928576.776,open,62,33,146.813,1.331,347.0,0,62,0,53,5.87,4.782,2463049
4.182,1790928576.786,open,62,33,147.036,1.135,348.0,0,62,0,53,5.861,4.782,2468841
4.192,1790928576.796,open,62,33,147.206,0.934,348.0,0,62,0,53,5.855,4.782,2474633
4.202,1790928576.806,open,62,33,147.337,0.753,348.0,0,62,0,53,5.849,4.782,2480425
4.212,1790928576.817,open,62,33,147.437,0.597,348.0,0,62,0,53,5.846,4.782,2486217
4.222,1790928576.827,open,62,33,147.514,0.469,348.0,0,62,0,53,5.842,4.782,2492009
4.232,1790928576.837,open,62,33,147.573,0.366,348.0,0,62,0,53,5.84,4.782,2497801
4.243,1790928576.847,open,62,33,147.618,0.283,348.0,0,62,0,53,5.838,4.782,2503593
4.253,1790928576.857,open,62,33,147.653,0.22,348.0,0,62,0,53,5.837,4.782,2509385
4.263,1790928576.867,open,62,33,147.679,0.169,348.0,0,62,0,53,5.836,4.782,2515177
4.273,1790928576.877,open,62,33,147.699,0.13,348.0,0,62,0,53,5.835,4.782,2520969
4.283,1790928576.887,open,62,33,147.714,0.1,348.0,0,62,0,53,5.835,4.782,2526761
4.293,1790928576.897,open,62,33,147.732,0.07,348.0,0,62,0,53,5.834,4.782,2535449
4.303,1790928576.908,open,63,33,148.042,0.656,349.0,0,63,0,53,5.916,4.782,2541241
4.313,1790928576.918,open,63,33,148.546,1.243,349.0,0,63,0,53,5.895,4.782,2547033
4.324,1790928576.928,open,63,33,148.934,1.372,349.0,0,63,0,53,5.88,4.781,2552825
4.334,1790928576.938,open,63,33,149.229,1.283,350.0,0,63,0,53,5.868,4.782,2558617
4.344,1790928576.948,open,63,33,149.454,1.111,350.0,0,63,0,53,5.86,4.782,2564409
4.354,1790928576.958,open,63,33,149.626,0.924,350.0,0,63,0,53,5.853,4.782,2570201
4.364,1790928576.968,open,63,33,149.758,0.748,350.0,0,63,0,53,5.848,4.782,2575993
4.374,1790928576.978,open,63,33,149.858,0.596,350.0,0,63,0,53,5.844,4.782,2581785
4.384,1790928576.988,open,63,33,149.935,0.469,350.0,0,63,0,53,5.841,4.782,2587577
4.394,1790928576.999,open,63,33,149.995,0.366,350.0,0,63,0,53,5.839,4.782,2593369
4.404,1790928577.009,open,63,33,150.06,0.252,351.0,0,63,0,53,5.836,4.782,2602057
4.415,1790928577.019,open,63,33,150.092,0.199,351.0,0,63,0,53,5.835,4.782,2607849
4.425,1790928577.029,open,63,33,150.116,0.153,351.0,0,63,0,53,5.834,4.782,2613641
4.435,1790928577.039,open,63,33,150.135,0.119,351.0,0,63,0,53,5.833,4.782,2619433
4.445,1790928577.049,open,63,33,150.147,0.087,351.0,0,63,0,53,5.833,4.782,2625225
4.455,1790928577.059,open,64,33,150.764,1.28,351.0,0,63,0,53,5.901,4.782,2631017
4.465,1790928577.069,open,64,33,151.371,1.453,352.0,0,64,0,53,5.877,4.782,2638257
4.475,1790928577.079,open,64,33,151.659,1.316,352.0,0,64,0,53,5.866,4.783,2644049
4.485,1790928577.090,open,64,33,151.882,1.127,352.0,0,64,0,53,5.857,4.782,2649841
4.495,1790928577.100,open,64,33,152.054,0.931,353.0,0,64,0,53,5.851,4.782,2655633
4.506,1790928577.110,open,64,33,152.185,0.752,353.0,0,64,0,53,5.846,4.782,2661425
4.516,1790928577.120,open,64,33,152.287,0.599,353.0,0,64,0,53,5.842,4.782,2667217
4.526,1790928577.130,open,64,33,152.366,0.474,353.0,0,64,0,53,5.839,4.782,2673009
4.536,1790928577.140,open,64,33,152.426,0.37,353.0,0,64,0,53,5.837,4.782,2678801
4.546,1790928577.150,open,64,33,152.47,0.285,353.0,0,64,0,53,5.835,4.782,2684593
4.556,1790928577.160,open,64,33,152.504,0.219,353.0,0,64,0,53,5.834,4.782,2690385
4.566,1790928577.171,open,64,33,152.529,0.166,353.0,0,64,0,53,5.833,4.782,2696177
4.576,1790928577.181,open,64,33,152.554,0.108,353.0,0,64,0,53,5.832,4.782,2704865
4.587,1790928577.191,open,64,33,152.566,0.083,353.0,0,64,0,53,5.831,4.782,2710657
4.597,1790928577.201,open,64,33,152.577,0.066,353.0,0,64,0,53,5.831,4.782,2716449
4.607,1790928577.211,open,65,33,152.585,0.05,353.0,0,65,0,53,5.922,4.782,2722241
4.617,1790928577.221,open,65,33,153.159,1.023,354.0,0,65,0,53,5.899,4.782,2728033
4.627,1790928577.231,open,65,33,153.598,1.337,354.0,0,65,0,53,5.883,4.782,2733825
4.637,1790928577.241,open,65,33,153.934,1.335,354.0,0,65,0,53,5.87,4.782,2739617
4.647,1790928577.252,open,65,33,154.191,1.197,355.0,0,65,0,53,5.86,4.782,2745409
4.657,1790928577.262,open,65,33,154.389,1.016,355.0,0,65,0,53,5.852,4.782,2751201
4.667,1790928577.272,open,65,33,154.538,0.828,355.0,0,65,0,53,5.847,4.782,2756993
4.678,1790928577.282,open,65,33,154.654,0.668,355.0,0,65,0,53,5.842,4.782,2762785
4.688,1790928577.292,open,65,33,154.742,0.527,355.0,0,65,0,53,5.839,4.782,2768577
4.698,1790928577.302,open,65,33,154.838,0.368,355.0,0,65,0,53,5.835,4.782,2777265
4.708,1790928577.312,open,65,33,154.883,0.284,355.0,0,65,0,53,5.834,4.782,2783057
4.718,1790928577.322,open,65,33,154.918,0.22,355.0,0,65,0,53,5.832,4.782,2788849
4.728,1790928577.332,open,65,33,154.948,0.176,355.0,0,65,0,53,5.831,4.782,2794641
4.738,1790928577.342,open,65,33,154.967,0.132,355.0,0,65,0,53,5.831,4.782,2800433
4.748,1790928577.353,open,65,33,154.981,0.1,355.0,0,65,0,53,5.83,4.782,2806225
4.758,1790928577.363,open,65,33,154.99,0.071,355.0,0,65,0,53,5.83,4.782,2812017
4.768,1790928577.373,open,66,33,155.835,1.411,356.0,0,66,0,53,5.887,4.782,2819257
4.778,1790928577.383,open,66,33,156.213,1.45,357.0,0,66,0,53,5.873,4.782,2825049
4.789,1790928577.393,open,66,33,156.504,1.319,357.0,0,66,0,53,5.862,4.782,2830841
4.799,1790928577.403,open,66,33,156.726,1.127,357.0,0,66,0,53,5.854,4.782,2836633
4.809,1790928577.413,open,66,33,156.895,0.926,357.0,0,66,0,53,5.848,4.782,2842425
4.819,1790928577.423,open,66,33,157.023,0.744,358.0,0,66,0,53,5.843,4.782,2848217
4.829,1790928577.433,open,66,33,157.122,0.59,358.0,0,66,0,53,5.839,4.782,2854009
4.839,1790928577.443,open,66,33,157.199,0.464,358.0,0,66,0,53,5.836,4.782,2859801
4.849,1790928577.454,open,66,33,157.256,0.361,358.0,0,66,0,53,5.834,4.782,2865593
4.859,1790928577.464,open,66,33,157.301,0.28,358.0,0,66,0,53,5.832,4.782,2871385
4.869,1790928577.474,open,66,33,157.349,0.191,358.0,0,66,0,53,5.831,4.782,2880073
4.880,1790928577.484,open,66,33,157.371,0.145,358.0,0,66,0,53,5.83,4.783,2885865
4.890,1790928577.494,open,66,33,157.388,0.11,358.0,0,66,0,53,5.829,4.782,2891657
4.900,1790928577.504,open,66,33,157.402,0.088,358.0,0,66,0,53,5.829,4.782,2897449
4.910,1790928577.514,open,66,33,157.413,0.069,358.0,0,66,0,53,5.828,4.782,2903241
4.920,1790928577.524,open,66,33,157.423,0.055,358.0,0,66,0,53,5.828,4.782,2909033
4.930,1790928577.534,open,67,33,157.733,0.649,358.0,0,67,0,53,5.905,4.782,2914825
4.940,1790928577.544,open,67,33,158.235,1.236,359.0,0,67,0,53,5.886,4.782,2920617
4.950,1790928577.555,open,67,33,158.619,1.361,359.0,0,67,0,53,5.872,4.782,2926409
4.960,1790928577.565,open,67,33,158.914,1.277,359.0,0,67,0,53,5.861,4.782,2932201
4.970,1790928577.575,open,67,33,159.14,1.11,360.0,0,67,0,53,5.852,4.782,2937993
4.981,1790928577.585,open,67,33,159.313,0.923,360.0,0,67,0,53,5.846,4.782,2943785
4.991,1790928577.595,open,67,33,159.498,0.668,360.0,0,67,0,53,5.839,4.782,2952473
5.001,1790928577.605,open,67,33,159.586,0.528,360.0,0,67,0,53,5.836,4.782,2958265
5.011,1790928577.615,open,67,33,159.653,0.414,360.0,0,67,0,53,5.834,4.782,2964057
5.021,1790928577.625,open,67,33,159.705,0.323,360.0,0,67,0,53,5.832,4.782,2969849
5.031,1790928577.635,open,67,33,159.745,0.251,360.0,0,67,0,53,5.83,4.782,2975641
5.041,1790928577.646,open,67,33,159.776,0.195,360.0,0,67,0,53,5.829,4.782,2981433
5.051,1790928577.656,open,67,33,159.8,0.151,360.0,0,67,0,53,5.828,4.782,2987225
5.061,1790928577.666,open,67,33,159.818,0.116,360.0,0,67,0,53,5.828,4.782,2993017
5.072,1790928577.676,open,67,33,159.832,0.089,360.0,0,67,0,53,5.827,4.782,2998809
5.082,1790928577.686,open,67,33,159.842,0.068,360.0,0,67,0,53,5.827,4.782,3004601
5.092,1790928577.696,recovery,66,33,159.322,0.243,360.0,0,69,1,54,6.02,4.71,3007497
5.102,1790928577.706,recovery,64,33,159.348,0.667,360.0,0,71,1,54,6.106,4.71,3007497
5.112,1790928577.716,recovery,62,33,159.447,1.038,360.0,0,73,1,54,6.277,4.71,3007497
5.122,1790928577.726,recovery,59,33,159.572,1.035,360.0,0,75,1,54,6.533,4.777,3007497
5.132,1790928577.736,recovery,57,33,159.645,1.209,360.0,0,77,1,54,6.705,4.752,3007497
5.142,1790928577.747,recovery,55,33,159.688,1.271,360.0,0,79,1,54,6.877,4.752,3007497
5.152,1790928577.757,recovery,53,33,159.714,1.288,360.0,0,81,1,54,7.05,4.752,3007497
5.162,1790928577.767,recovery,51,33,159.729,1.293,360.0,0,83,1,54,7.223,4.752,3007497
5.173,1790928577.777,recovery,49,33,159.736,1.293,360.0,0,85,1,54,7.397,4.752,3007497
5.183,1790928577.787,recovery,47,33,159.741,1.293,360.0,0,87,1,54,7.571,4.752,3007497
5.193,1790928577.797,recovery,45,33,159.583,1.291,360.0,0,90,1,54,7.752,4.71,3007497
5.203,1790928577.807,recovery,43,33,159.585,1.291,360.0,0,92,1,54,7.927,4.71,3007497
5.213,1790928577.817,recovery,41,33,159.587,1.292,360.0,0,94,1,54,8.101,4.71,3007497
5.223,1790928577.827,recovery,39,33,159.587,1.291,360.0,0,96,1,54,8.275,4.71,3007497
5.233,1790928577.838,recovery,37,33,159.589,1.289,360.0,0,98,1,54,8.449,4.71,3007497
5.243,1790928577.848,recovery,35,33,159.589,1.29,360.0,0,100,1,54,8.623,4.71,3007497
5.253,1790928577.858,open,33,33,160.013,0.892,361.0,0,33,0,54,2.867,4.782,3107409
5.263,1790928577.868,open,33,33,159.141,1.054,360.0,0,33,0,54,2.883,4.533,3113201
5.274,1790928577.878,open,33,33,156.202,1.714,357.0,0,33,0,54,2.937,4.24,3118993
5.284,1790928577.888,open,33,33,148.947,3.321,349.0,0,33,0,54,3.08,3.801,3127681
5.294,1790928577.898,open,33,33,142.722,4.649,343.0,0,33,0,54,3.214,3.509,3133473
5.304,1790928577.908,open,33,33,135.686,6.095,336.0,0,33,0,54,3.381,3.217,3139265
5.314,1790928577.918,open,33,33,128.026,7.606,329.0,0,33,0,54,3.583,2.924,3145057
5.324,1790928577.929,open,33,33,119.892,9.139,320.0,0,33,0,54,3.826,2.632,3150849
5.334,1790928577.939,open,34,33,111.515,10.638,312.0,0,34,0,54,4.238,2.407,3156641
5.344,1790928577.949,open,34,33,101.101,12.188,302.0,0,34,0,54,4.675,2.648,3163881
5.355,1790928577.959,open,34,33,96.147,12.655,297.0,0,34,0,54,4.916,2.839,3169673
5.365,1790928577.969,open,34,33,92.354,12.809,293.0,0,34,0,54,5.118,3.059,3175465
5.375,1790928577.979,open,34,33,89.448,12.243,290.0,0,34,0,54,5.284,3.316,3181257
5.385,1790928577.989,open,34,33,87.221,10.747,288.0,0,34,0,54,5.419,3.62,3187049
5.395,1790928577.999,open,34,33,85.519,8.996,286.0,0,34,0,54,5.527,3.986,3192841
5.405,1790928578.009,open,34,33,84.224,7.307,285.0,0,34,0,54,5.612,4.433,3198633
5.415,1790928578.019,open,35,33,83.658,4.256,284.0,0,35,0,54,5.816,4.779,3205873
5.425,1790928578.030,open,35,33,83.626,2.981,284.0,0,35,0,54,5.818,4.782,3210217
5.435,1790928578.040,open,35,33,83.343,2.168,284.0,0,35,0,54,5.838,4.778,3216009
5.445,1790928578.050,open,35,33,83.125,1.594,284.0,0,35,0,54,5.853,4.777,3221801
5.456,1790928578.060,open,35,33,82.945,1.209,283.0,0,35,0,54,5.866,4.782,3227593
5.466,1790928578.070,open,35,33,82.747,0.809,283.0,0,35,0,54,5.88,4.783,3236281
5.476,1790928578.080,open,35,33,82.654,0.615,283.0,0,35,0,54,5.886,4.782,3242073
5.486,1790928578.090,open,35,33,82.575,0.483,283.0,0,35,0,54,5.892,4.784,3247865
5.496,1790928578.100,open,36,33,82.519,0.369,283.0,0,35,0,54,6.064,4.784,3253657
5.506,1790928578.110,open,36,33,83.301,1.481,284.0,0,36,0,54,6.007,4.786,3259449
5.516,1790928578.120,open,36,33,83.905,1.798,284.0,0,36,0,54,5.964,4.785,3263793
5.526,1790928578.131,open,36,33,84.176,1.164,285.0,0,36,0,54,5.945,4.786,3272481
5.536,1790928578.141,open,36,33,84.32,0.904,285.0,0,36,0,54,5.935,4.782,3278273
5.547,1790928578.151,open,36,33,84.432,0.704,285.0,0,36,0,54,5.927,4.781,3284065
5.557,1790928578.161,open,36,33,84.516,0.54,285.0,0,36,0,54,5.921,4.782,3289857
5.567,1790928578.171,open,36,33,84.576,0.407,285.0,0,36,0,54,5.917,4.783,3295649
5.577,1790928578.181,open,36,33,84.621,0.307,285.0,0,36,0,54,5.914,4.783,3301441
5.587,1790928578.191,open,37,33,84.654,0.23,285.0,0,36,0,54,6.076,4.783,3307233
5.597,1790928578.201,open,37,33,85.725,1.577,286.0,0,37,0,54,6.0,4.782,3314473
5.607,1790928578.211,open,37,33,86.333,1.86,287.0,0,37,0,54,5.958,4.783,3318817
5.617,1790928578.222,open,37,33,86.532,1.392,287.0,0,37,0,54,5.944,4.783,3324609
5.627,1790928578.232,open,37,33,86.683,1.045,287.0,0,37,0,54,5.933,4.783,3330401
5.638,1790928578.242,open,37,33,86.848,0.69,287.0,0,37,0,54,5.922,4.783,3339089
5.648,1790928578.252,open,37,33,86.929,0.529,287.0,0,37,0,54,5.917,4.783,3344881
5.658,1790928578.262,open,37,33,86.993,0.407,287.0,0,37,0,54,5.912,4.783,3350673
5.668,1790928578.272,open,37,33,87.043,0.315,288.0,0,37,0,54,5.909,4.782,3356465
5.678,1790928578.282,open,38,33,87.08,0.243,288.0,0,38,0,54,6.066,4.782,3362257
5.688,1790928578.292,open,38,33,87.676,1.169,288.0,0,38,0,54,6.025,4.782,3368049
5.698,1790928578.303,open,38,33,88.586,1.842,289.0,0,38,0,54,5.963,4.782,3375289
5.708,1790928578.313,open,38,33,88.83,1.458,289.0,0,38,0,54,5.947,4.782,3381081
5.718,1790928578.323,open,38,33,89.016,1.142,290.0,0,38,0,54,5.934,4.782,3386873
5.729,1790928578.333,open,38,33,89.159,0.891,290.0,0,38,0,54,5.925,4.782,3392665
5.739,1790928578.343,open,38,33,89.269,0.692,290.0,0,38,0,54,5.917,4.782,3398457
5.749,1790928578.353,open,38,33,89.356,0.538,290.0,0,38,0,54,5.912,4.782,3404249
5.759,1790928578.363,open,38,33,89.419,0.413,290.0,0,38,0,54,5.907,4.782,3410041
5.769,1790928578.373,open,39,33,90.328,1.651,291.0,0,39,0,54,6.002,4.781,3417281
5.779,1790928578.383,open,39,33,90.733,1.631,291.0,0,39,0,54,5.975,4.782,3423073
5.789,1790928578.393,open,39,33,91.04,1.449,292.0,0,39,0,54,5.955,4.782,3428865
5.799,1790928578.404,open,39,33,91.541,1.603,292.0,0,39,0,54,5.922,4.782,3433209
5.809,1790928578.414,open,39,33,91.709,0.928,292.0,0,39,0,54,5.911,4.782,3441897
5.819,1790928578.424,open,39,33,91.788,0.66,292.0,0,39,0,54,5.906,4.782,3447689
5.830,1790928578.434,open,39,33,91.859,0.497,292.0,0,39,0,54,5.902,4.778,3453481
5.840,1790928578.444,open,39,33,91.902,0.354,292.0,0,39,0,54,5.899,4.782,3459273
5.850,1790928578.454,open,39,33,91.936,0.259,292.0,0,39,0,54,5.897,4.782,3465065
5.860,1790928578.464,open,40,33,91.959,0.185,292.0,0,40,0,54,6.046,4.783,3470857
5.870,1790928578.474,open,40,33,92.543,1.116,293.0,0,40,0,54,6.008,4.783,3476649
5.880,1790928578.484,open,40,33,93.001,1.422,294.0,0,40,0,54,5.979,4.781,3482441
5.890,1790928578.494,open,40,33,93.35,1.405,294.0,0,40,0,54,5.956,4.781,3488233
5.900,1790928578.505,open,40,33,93.953,1.368,294.0,0,40,0,54,5.918,4.782,3495473
5.910,1790928578.515,open,40,33,94.075,0.98,295.0,0,40,0,54,5.91,4.782,3501265
5.920,1790928578.525,open,40,33,94.168,0.712,295.0,0,40,0,54,5.905,4.782,3507057
5.931,1790928578.535,open,40,33,94.23,0.512,295.0,0,40,0,54,5.901,4.782,3512849
5.941,1790928578.545,open,40,33,94.287,0.386,295.0,0,40,0,54,5.897,4.782,3518641
5.951,1790928578.555,open,40,33,94.33,0.291,295.0,0,40,0,54,5.895,4.782,3524433
5.961,1790928578.565,open,41,33,95.209,1.556,296.0,0,41,0,54,5.986,4.782,3531673
5.971,1790928578.575,open,41,33,95.602,1.554,296.0,0,41,0,54,5.962,4.783,3537465
5.981,1790928578.585,open,41,33,95.904,1.399,296.0,0,41,0,54,5.943,4.782,3543257
5.991,1790928578.596,open,41,33,96.139,1.194,297.0,0,41,0,54,5.928,4.781,3549049
6.001,1790928578.606,open,41,33,96.627,1.107,297.0,0,41,0,54,5.898,4.781,3556289
6.011,1790928578.616,open,41,33,96.761,0.833,297.0,0,41,0,54,5.89,4.782,3562081
6.022,1790928578.626,open,41,33,96.792,0.523,297.0,0,41,0,54,5.888,4.782,3567873
6.032,1790928578.636,open,41,33,96.816,0.335,297.0,0,41,0,54,5.887,4.782,3573665
6.042,1790928578.646,open,41,33,96.834,0.22,297.0,0,41,0,54,5.886,4.782,3579457
6.052,1790928578.656,open,41,33,96.849,0.149,297.0,0,41,0,54,5.885,4.782,3585249
6.062,1790928578.666,open,42,33,97.162,0.708,298.0,0,42,0,54,6.009,4.782,3591041
6.072,1790928578.676,open,42,33,97.668,1.274,298.0,0,42,0,54,5.978,4.782,3596833
6.082,1790928578.686,open,42,33,98.05,1.378,299.0,0,42,0,54,5.954,4.783,3602625
6.092,1790928578.697,open,42,33,98.342,1.282,299.0,0,42,0,54,5.937,4.783,3608417
6.102,1790928578.707,open,42,33,98.922,1.393,299.0,0,42,0,54,5.902,4.783,3615657
6.112,1790928578.717,open,42,33,98.944,0.938,299.0,0,42,0,54,5.901,4.782,3621449
6.123,1790928578.727,open,42,33,99.032,0.68,300.0,0,42,0,54,5.895,4.782,3627241
6.133,1790928578.737,open,42,33,99.099,0.499,300.0,0,42,0,54,5.891,4.782,3633033
6.143,1790928578.747,open,42,33,99.151,0.37,300.0,0,42,0,54,5.888,4.782,3638825
6.153,1790928578.757,open,42,33,99.19,0.275,300.0,0,42,0,54,5.886,4.782,3644617
6.163,1790928578.767,open,43,33,100.064,1.541,301.0,0,43,0,54,5.974,4.782,3651857
6.173,1790928578.777,open,43,33,100.455,1.546,301.0,0,43,0,54,5.95,4.782,3657649
6.183,1790928578.787,open,43,33,100.756,1.391,301.0,0,43,0,54,5.932,4.782,3663441
6.193,1790928578.798,open,43,33,100.988,1.185,301.0,0,43,0,54,5.919,4.782,3669233
6.203,1790928578.808,open,43,33,101.165,0.973,302.0,0,43,0,54,5.908,4.782,3675025
6.214,1790928578.818,open,43,33,101.587,0.914,302.0,0,43,0,54,5.884,4.782,3682265
6.224,1790928578.828,open,43,33,101.624,0.578,302.0,0,43,0,54,5.882,4.782,3688057
6.234,1790928578.838,open,43,33,101.651,0.372,302.0,0,43,0,54,5.88,4.782,3693849
6.244,1790928578.848,open,43,33,101.673,0.248,302.0,0,43,0,54,5.879,4.782,3699641
6.254,1790928578.858,open,43,33,101.689,0.167,302.0,0,43,0,54,5.878,4.782,3705433
6.264,1790928578.868,open,44,33,101.701,0.114,302.0,0,44,0,54,6.014,4.782,3711225
6.274,1790928578.878,open,44,33,102.278,1.066,303.0,0,44,0,54,5.98,4.782,3717017
6.284,1790928578.889,open,44,33,102.901,1.386,303.0,0,44,0,54,5.944,4.782,3725705
6.294,1790928578.899,open,44,33,103.196,1.291,304.0,0,44,0,54,5.927,4.782,3731497
6.305,1790928578.909,open,44,33,103.423,1.121,304.0,0,44,0,54,5.914,4.781,3737289
6.315,1790928578.919,open,44,33,103.901,1.539,304.0,0,44,0,54,5.887,4.782,3743081
6.325,1790928578.929,open,44,33,103.966,0.979,304.0,0,44,0,54,5.883,4.781,3747425
6.335,1790928578.939,open,44,33,104.011,0.63,305.0,0,44,0,54,5.88,4.782,3753217
6.345,1790928578.949,open,44,33,104.06,0.339,305.0,0,44,0,54,5.878,4.782,3761905
6.355,1790928578.959,open,44,33,104.084,0.232,305.0,0,44,0,54,5.876,4.782,3767697
6.365,1790928578.969,open,44,33,104.103,0.163,305.0,0,44,0,54,5.875,4.782,3773489
6.375,1790928578.979,open,45,33,104.949,1.477,305.0,0,45,0,54,5.96,4.782,3777833
6.385,1790928578.990,open,45,33,105.333,1.496,306.0,0,45,0,54,5.939,4.782,3783625
6.395,1790928579.000,open,45,33,105.625,1.348,306.0,0,45,0,54,5.922,4.782,3789417
6.405,1790928579.010,open,45,33,105.941,1.044,306.0,0,45,0,54,5.905,4.782,3798105
6.416,1790928579.020,open,45,33,106.091,0.846,307.0,0,45,0,54,5.896,4.782,3803897
6.426,1790928579.030,open,45,33,106.507,1.279,307.0,0,45,0,54,5.873,4.781,3809689
6.436,1790928579.040,open,45,33,106.522,0.746,307.0,0,45,0,54,5.872,4.782,3814033
6.446,1790928579.050,open,45,33,106.537,0.445,307.0,0,45,0,54,5.872,4.782,3819825
6.456,1790928579.060,open,45,33,106.549,0.271,307.0,0,45,0,54,5.871,4.782,3825617
6.466,1790928579.070,open,45,33,106.566,0.142,307.0,0,45,0,54,5.87,4.781,3834305
6.476,1790928579.080,open,46,33,106.574,0.092,307.0,0,46,0,54,6.0,4.782,3840097
6.486,1790928579.090,open,46,33,107.145,1.042,308.0,0,46,0,54,5.968,4.782,3845889
6.496,1790928579.101,open,46,33,107.582,1.343,308.0,0,46,0,54,5.944,4.782,3851681
6.506,1790928579.111,open,46,33,107.916,1.335,308.0,0,46,0,54,5.925,4.782,3857473
6.516,1790928579.121,open,46,33,108.174,1.197,309.0,0,46,0,54,5.911,4.782,3863265
6.526,1790928579.131,open,46,33,108.376,1.024,309.0,0,46,0,54,5.9,4.781,3869057
6.537,1790928579.141,open,46,33,108.529,0.842,309.0,0,46,0,54,5.892,4.781,3874849
6.547,1790928579.151,open,46,33,108.927,0.822,309.0,0,46,0,54,5.87,4.781,3882089
6.557,1790928579.161,open,46,33,108.951,0.503,309.0,0,46,0,54,5.869,4.781,3887881
6.567,1790928579.171,open,46,33,108.97,0.316,309.0,0,46,0,54,5.868,4.781,3893673
6.577,1790928579.181,open,46,33,108.979,0.194,309.0,0,46,0,54,5.867,4.782,3899465
6.587,1790928579.191,open,46,33,108.989,0.126,309.0,0,46,0,54,5.867,4.781,3905257
6.597,1790928579.202,open,47,33,110.034,1.493,311.0,0,47,0,54,5.938,4.781,3912497
6.607,1790928579.212,open,47,33,110.365,1.414,311.0,0,47,0,54,5.92,4.781,3918289
6.617,1790928579.222,open,47,33,110.615,1.228,311.0,0,47,0,54,5.906,4.782,3924081
6.628,1790928579.232,open,47,33,110.806,1.022,311.0,0,47,0,54,5.896,4.782,3929873
6.638,1790928579.242,open,47,33,110.951,0.825,311.0,0,47,0,54,5.889,4.782,3935665
6.648,1790928579.252,open,47,33,111.062,0.658,312.0,0,47,0,54,5.883,4.782,3941457
6.658,1790928579.262,open,47,33,111.447,0.848,312.0,0,47,0,54,5.862,4.782,3948697
6.668,1790928579.272,open,47,33,111.442,0.487,312.0,0,47,0,54,5.863,4.782,3954489
6.678,1790928579.282,open,47,33,111.433,0.289,312.0,0,47,0,54,5.863,4.783,3960281
6.688,1790928579.292,open,47,33,111.426,0.174,312.0,0,47,0,54,5.863,4.783,3966073
6.698,1790928579.303,open,47,33,111.427,0.1,312.0,0,47,0,54,5.863,4.782,3971865
6.708,1790928579.313,open,48,33,111.728,0.663,312.0,0,48,0,54,5.972,4.782,3977657
6.718,1790928579.323,open,48,33,112.226,1.236,313.0,0,48,0,54,5.945,4.782,3983449
6.729,1790928579.333,open,48,33,112.608,1.357,313.0,0,48,0,54,5.925,4.782,3989241
6.739,1790928579.343,open,48,33,112.898,1.266,313.0,0,48,0,54,5.91,4.782,3995033
6.749,1790928579.353,open,48,33,113.117,1.09,314.0,0,48,0,54,5.899,4.784,4000825
6.759,1790928579.363,open,48,33,113.284,0.903,314.0,0,48,0,54,5.89,4.783,4006617
6.769,1790928579.373,open,48,33,113.461,0.648,314.0,0,48,0,54,5.881,4.783,4015305
6.779,1790928579.383,open,48,33,113.81,0.889,314.0,0,48,0,54,5.863,4.783,4019649
6.789,1790928579.393,open,48,33,113.817,0.512,314.0,0,48,0,54,5.862,4.782,4025441
6.799,1790928579.403,open,48,33,113.824,0.3,314.0,0,48,0,54,5.862,4.782,4031233
6.809,1790928579.413,open,48,33,113.825,0.172,314.0,0,48,0,54,5.862,4.783,4037025
6.819,1790928579.424,open,48,33,113.826,0.097,314.0,0,48,0,54,5.862,4.783,4042817
6.829,1790928579.434,open,49,33,114.857,1.46,315.0,0,49,0,54,5.93,4.783,4050057
6.839,1790928579.444,open,49,33,115.182,1.385,316.0,0,49,0,54,5.914,4.783,4055849
6.849,1790928579.454,open,49,33,115.437,1.221,316.0,0,49,0,54,5.9,4.782,4061641
6.860,1790928579.464,open,49,33,115.632,1.024,316.0,0,49,0,54,5.891,4.782,4067433
6.870,1790928579.474,open,49,33,115.787,0.846,316.0,0,49,0,54,5.883,4.781,4073225
6.880,1790928579.484,open,49,33,115.902,0.675,316.0,0,49,0,54,5.877,4.782,4079017
6.890,1790928579.494,open,49,33,116.034,0.484,317.0,0,49,0,54,5.87,4.781,4087705
6.900,1790928579.504,open,49,33,116.36,0.795,317.0,0,49,0,54,5.854,4.781,4092049
6.910,1790928579.514,open,49,33,116.345,0.473,317.0,0,49,0,54,5.854,4.781,4097841
6.920,1790928579.524,open,49,33,116.332,0.29,317.0,0,49,0,54,5.855,4.782,4103633
6.930,1790928579.534,open,49,33,116.318,0.188,317.0,0,49,0,54,5.856,4.782,4109425
6.940,1790928579.545,open,50,33,116.308,0.123,317.0,0,49,0,54,5.976,4.782,4115217
6.950,1790928579.555,open,50,33,117.331,1.459,318.0,0,50,0,54,5.924,4.782,4123905
6.961,1790928579.565,open,50,33,117.657,1.385,318.0,0,50,0,54,5.907,4.781,4129697
6.971,1790928579.575,open,50,33,117.903,1.206,318.0,0,50,0,54,5.895,4.782,4135489
6.981,1790928579.585,open,50,33,118.09,1.002,319.0,0,50,0,54,5.886,4.782,4141281
6.991,1790928579.595,open,50,33,118.229,0.805,319.0,0,50,0,54,5.879,4.782,4147073
7.001,1790928579.605,open,50,33,118.338,0.642,319.0,0,50,0,54,5.873,4.782,4152865
7.011,1790928579.615,open,50,33,118.413,0.492,319.0,0,50,0,54,5.87,4.783,4158657
7.021,1790928579.626,open,50,33,118.764,0.767,319.0,0,50,0,54,5.852,4.783,4165897
7.031,1790928579.636,open,50,33,118.741,0.471,319.0,0,50,0,54,5.853,4.783,4171689
7.041,1790928579.646,open,50,33,118.73,0.284,319.0,0,50,0,54,5.854,4.782,4177481
7.051,1790928579.656,open,50,33,118.722,0.174,319.0,0,50,0,54,5.854,4.782,4183273
7.062,1790928579.666,open,51,33,118.712,0.115,319.0,0,50,0,54,5.972,4.781,4189065
7.072,1790928579.676,open,51,33,119.733,1.452,320.0,0,51,0,54,5.921,4.782,4196305
7.082,1790928579.686,open,51,33,120.051,1.368,321.0,0,51,0,54,5.905,4.783,4202097
7.092,1790928579.696,open,51,33,120.299,1.199,321.0,0,51,0,54,5.893,4.782,4207889
7.102,1790928579.706,open,51,33,120.489,1.004,321.0,0,51,0,54,5.884,4.782,4213681
7.112,1790928579.716,open,51,33,120.635,0.818,321.0,0,51,0,54,5.877,4.782,4219473
7.122,1790928579.727,open,51,33,120.748,0.655,321.0,0,51,0,54,5.871,4.782,4225265
7.132,1790928579.737,open,51,33,120.834,0.519,321.0,0,51,0,54,5.867,4.782,4231057
7.142,1790928579.747,open,51,33,120.901,0.407,321.0,0,51,0,54,5.864,4.782,4236849
7.153,1790928579.757,open,51,33,121.204,0.588,322.0,0,51,0,54,5.849,4.782,4244089
7.163,1790928579.767,open,51,33,121.185,0.365,322.0,0,51,0,54,5.85,4.782,4249881
7.173,1790928579.777,open,51,33,121.169,0.232,322.0,0,51,0,54,5.851,4.782,4255673
7.183,1790928579.787,open,52,33,121.157,0.151,322.0,0,52,0,54,5.966,4.782,4261465
7.193,1790928579.797,open,52,33,121.451,0.689,322.0,0,52,0,54,5.952,4.782,4267257
7.203,1790928579.807,open,52,33,121.941,1.238,322.0,0,52,0,54,5.928,4.782,4273049
7.213,1790928579.818,open,52,33,122.316,1.346,323.0,0,52,0,54,5.91,4.782,4278841
7.223,1790928579.828,open,52,33,122.617,1.279,323.0,0,52,0,54,5.895,4.779,4284633
7.233,1790928579.838,open,52,33,122.85,1.125,323.0,0,52,0,54,5.884,4.778,4290425
7.243,1790928579.848,open,52,33,123.088,0.833,324.0,0,52,0,54,5.873,4.781,4299113
7.254,1790928579.858,open,52,33,123.207,0.678,324.0,0,52,0,54,5.867,4.779,4304905
7.264,1790928579.868,open,52,33,123.291,0.526,324.0,0,52,0,54,5.863,4.782,4310697
7.274,1790928579.878,open,52,33,123.664,1.022,324.0,0,52,0,54,5.845,4.78,4316489
7.284,1790928579.888,open,52,33,123.64,0.616,324.0,0,52,0,54,5.846,4.781,4320833
7.294,1790928579.898,open,52,33,123.621,0.379,324.0,0,52,0,54,5.847,4.781,4326625
7.304,1790928579.908,open,52,33,123.603,0.187,324.0,0,52,0,54,5.848,4.781,4335313
7.314,1790928579.919,open,53,33,124.427,1.453,325.0,0,53,0,54,5.921,4.781,4339657
7.324,1790928579.929,open,53,33,124.794,1.453,325.0,0,53,0,54,5.904,4.781,4345449
7.335,1790928579.939,open,53,33,125.073,1.301,326.0,0,53,0,54,5.89,4.781,4351241
7.345,1790928579.949,open,53,33,125.284,1.096,326.0,0,53,0,54,5.881,4.782,4357033
7.355,1790928579.959,open,53,33,125.434,0.879,326.0,0,53,0,54,5.874,4.783,4362825
7.365,1790928579.969,open,53,33,125.604,0.629,326.0,0,53,0,54,5.866,4.782,4371513
7.375,1790928579.979,open,53,33,125.698,0.52,326.0,0,53,0,54,5.861,4.779,4377305
7.385,1790928579.989,open,53,33,125.751,0.387,326.0,0,53,0,54,5.859,4.783,4383097
7.395,1790928579.999,open,53,33,125.808,0.312,326.0,0,53,0,54,5.856,4.783,4388889
7.405,1790928580.009,open,53,33,126.151,0.85,327.0,0,53,0,54,5.84,4.781,4394681
7.415,1790928580.019,open,53,33,126.108,0.552,327.0,0,53,0,54,5.842,4.782,4399025
7.425,1790928580.030,open,53,33,126.06,0.307,327.0,0,53,0,54,5.844,4.782,4407713
7.435,1790928580.040,open,54,33,126.032,0.22,327.0,0,54,0,54,5.956,4.783,4413505
7.445,1790928580.050,open,54,33,126.578,1.069,327.0,0,54,0,54,5.93,4.783,4419297
7.455,1790928580.060,open,54,33,126.995,1.326,327.0,0,54,0,54,5.911,4.783,4425089
7.466,1790928580.070,open,54,33,127.316,1.302,328.0,0,54,0,54,5.896,4.783,4430881
7.476,1790928580.080,open,54,33,127.563,1.161,328.0,0,54,0,54,5.884,4.782,4436673
7.486,1790928580.090,open,54,33,127.752,0.98,328.0,0,54,0,54,5.876,4.783,4442465
7.496,1790928580.100,open,54,33,127.899,0.806,328.0,0,54,0,54,5.869,4.782,4448257
7.506,1790928580.110,open,54,33,128.01,0.644,329.0,0,54,0,54,5.864,4.783,4454049
7.516,1790928580.120,open,54,33,128.098,0.515,329.0,0,54,0,54,5.86,4.782,4459841
7.526,1790928580.131,open,54,33,128.16,0.397,329.0,0,54,0,54,5.857,4.783,4465633
7.536,1790928580.141,open,54,33,128.21,0.313,329.0,0,54,0,54,5.855,4.781,4471425
7.546,1790928580.151,open,54,33,128.499,0.558,329.0,0,54,0,54,5.842,4.782,4478665
7.556,1790928580.161,open,54,33,128.473,0.36,329.0,0,54,0,54,5.843,4.782,4484457
7.567,1790928580.171,open,54,33,128.458,0.229,329.0,0,54,0,54,5.843,4.781,4490249
7.577,1790928580.181,open,55,33,129.473,1.492,330.0,0,55,0,54,5.905,4.781,4497489
7.587,1790928580.191,open,55,33,129.791,1.391,330.0,0,55,0,54,5.891,4.781,4503281
7.597,1790928580.201,open,55,33,130.034,1.204,331.0,0,55,0,54,5.88,4.781,4509073
7.607,1790928580.211,open,55,33,130.219,0.997,331.0,0,55,0,54,5.871,4.782,4514865
7.617,1790928580.221,open,55,33,130.369,0.823,331.0,0,55,0,54,5.864,4.779,4520657
7.627,1790928580.232,open,55,33,130.471,0.639,331.0,0,55,0,54,5.86,4.782,4526449
7.637,1790928580.242,open,55,33,130.545,0.488,331.0,0,55,0,54,5.857,4.783,4532241
7.647,1790928580.252,open,55,33,130.614,0.392,331.0,0,55,0,54,5.853,4.782,4538033
7.658,1790928580.262,open,55,33,130.66,0.302,331.0,0,55,0,54,5.851,4.781,4543825
7.668,1790928580.272,open,55,33,130.714,0.206,331.0,0,55,0,54,5.849,4.782,4552513
7.678,1790928580.282,open,55,33,131.001,0.642,332.0,0,55,0,54,5.836,4.782,4556857
7.688,1790928580.292,open,55,33,130.956,0.44,331.0,0,55,0,54,5.838,4.782,4562649
7.698,1790928580.302,open,55,33,130.921,0.308,331.0,0,55,0,54,5.84,4.782,4568441
7.708,1790928580.312,open,56,33,131.5,1.38,332.0,0,56,0,54,5.92,4.782,4574233
7.718,1790928580.322,open,56,33,131.904,1.477,332.0,0,56,0,54,5.902,4.783,4580025
7.728,1790928580.333,open,56,33,132.341,1.28,333.0,0,56,0,54,5.882,4.782,4588713
7.738,1790928580.343,open,56,33,132.55,1.083,333.0,0,56,0,54,5.873,4.782,4594505
7.748,1790928580.353,open,56,33,132.713,0.891,333.0,0,56,0,54,5.866,4.781,4600297
7.759,1790928580.363,open,56,33,132.839,0.719,333.0,0,56,0,54,5.86,4.782,4606089
7.769,1790928580.373,open,56,33,132.93,0.561,333.0,0,56,0,54,5.856,4.782,4611881
7.779,1790928580.383,open,56,33,133.005,0.447,334.0,0,56,0,54,5.853,4.781,4617673
7.789,1790928580.393,open,56,33,133.065,0.35,334.0,0,56,0,54,5.85,4.783,4623465
7.799,1790928580.403,open,56,33,133.094,0.248,334.0,0,56,0,54,5.849,4.783,4629257
7.809,1790928580.413,open,56,33,133.125,0.195,334.0,0,56,0,54,5.847,4.782,4635049
7.819,1790928580.424,open,56,33,133.393,0.523,334.0,0,56,0,54,5.836,4.782,4642289
7.829,1790928580.434,open,56,33,133.355,0.36,334.0,0,56,0,54,5.837,4.782,4648081
7.839,1790928580.444,open,57,33,133.327,0.251,334.0,0,56,0,54,5.943,4.782,4653873
7.849,1790928580.454,open,57,33,134.323,1.474,335.0,0,57,0,54,5.899,4.782,4661113
7.860,1790928580.464,open,57,33,134.63,1.361,335.0,0,57,0,54,5.885,4.783,4666905
7.870,1790928580.474,open,57,33,134.867,1.176,335.0,0,57,0,54,5.875,4.782,4672697
7.880,1790928580.484,open,57,33,135.046,0.971,336.0,0,57,0,54,5.867,4.783,4678489
7.890,1790928580.494,open,57,33,135.167,0.759,336.0,0,57,0,54,5.862,4.784,4684281
7.900,1790928580.504,open,57,33,135.277,0.616,336.0,0,57,0,54,5.857,4.783,4690073
7.910,1790928580.514,open,57,33,135.349,0.47,336.0,0,57,0,54,5.854,4.785,4695865
7.920,1790928580.524,open,57,33,135.401,0.352,336.0,0,57,0,54,5.852,4.786,4701657
7.930,1790928580.535,open,57,33,135.455,0.292,336.0,0,57,0,54,5.849,4.783,4707449
7.940,1790928580.545,open,57,33,135.496,0.236,336.0,0,57,0,54,5.848,4.783,4713241
7.950,1790928580.555,open,57,33,135.528,0.187,336.0,0,57,0,54,5.846,4.783,4719033
7.961,1790928580.565,open,57,33,135.793,0.522,336.0,0,57,0,54,5.835,4.783,4726273
7.971,1790928580.575,open,57,33,135.755,0.36,336.0,0,57,0,54,5.837,4.783,4732065
7.981,1790928580.585,open,58,33,135.727,0.251,336.0,0,58,0,54,5.94,4.783,4737857
7.991,1790928580.595,open,58,33,136.276,1.093,337.0,0,58,0,54,5.916,4.782,4743649
8.001,1790928580.605,open,58,33,136.702,1.354,337.0,0,58,0,54,5.898,4.781,4749441
8.011,1790928580.615,open,58,33,137.027,1.324,338.0,0,58,0,54,5.884,4.782,4755233
8.021,1790928580.626,open,58,33,137.395,1.114,338.0,0,58,0,54,5.868,4.779,4763921
8.031,1790928580.636,open,58,33,137.571,0.932,338.0,0,58,0,54,5.861,4.778,4769713
8.041,1790928580.646,open,58,33,137.699,0.745,338.0,0,58,0,54,5.855,4.781,4775505
8.052,1790928580.656,open,58,33,137.798,0.589,338.0,0,58,0,54,5.851,4.781,4781297
8.062,1790928580.666,open,58,33,137.869,0.454,338.0,0,58,0,54,5.848,4.781,4787089
8.072,1790928580.676,open,58,33,137.922,0.348,338.0,0,58,0,54,5.846,4.781,4792881
8.082,1790928580.686,open,58,33,137.963,0.267,338.0,0,58,0,54,5.844,4.781,4798673
8.092,1790928580.696,open,58,33,137.994,0.204,338.0,0,58,0,54,5.843,4.781,4804465
8.102,1790928580.706,open,58,33,138.26,0.529,339.0,0,58,0,54,5.831,4.781,4811705
8.112,1790928580.716,open,58,33,138.218,0.37,339.0,0,58,0,54,5.833,4.782,4817497
8.122,1790928580.727,open,59,33,139.017,1.511,340.0,0,59,0,54,5.9,4.782,4821841
8.132,1790928580.737,open,59,33,139.502,1.366,340.0,0,59,0,54,5.879,4.783,4830529
8.142,1790928580.747,open,59,33,139.731,1.164,340.0,0,59,0,54,5.869,4.783,4836321
8.153,1790928580.757,open,59,33,139.898,0.943,340.0,0,59,0,54,5.862,4.785,4842113
8.163,1790928580.767,open,59,33,140.023,0.746,341.0,0,59,0,54,5.857,4.785,4847905
8.173,1790928580.777,open,59,33,140.118,0.582,341.0,0,59,0,54,5.853,4.786,4853697
8.183,1790928580.787,open,59,33,140.197,0.465,341.0,0,59,0,54,5.85,4.783,4859489
8.193,1790928580.797,open,59,33,140.257,0.368,341.0,0,59,0,54,5.847,4.783,4865281
8.203,1790928580.807,open,59,33,140.308,0.295,341.0,0,59,0,54,5.845,4.783,4871073
8.213,1790928580.817,open,59,33,140.347,0.234,341.0,0,59,0,54,5.844,4.783,4876865
8.223,1790928580.828,open,59,33,140.378,0.184,341.0,0,59,0,54,5.842,4.783,4882657
8.233,1790928580.838,open,59,33,140.401,0.144,341.0,0,59,0,54,5.841,4.783,4888449
8.244,1790928580.848,open,59,33,140.691,0.599,341.0,0,59,0,54,5.829,4.783,4895689
8.254,1790928580.858,open,59,33,140.643,0.42,341.0,0,59,0,54,5.831,4.782,4901481
8.264,1790928580.868,open,60,33,140.912,0.837,341.0,0,60,0,54,5.919,4.782,4907273
8.274,1790928580.878,open,60,33,141.383,1.287,342.0,0,60,0,54,5.899,4.782,4913065
8.284,1790928580.888,open,60,33,141.744,1.349,342.0,0,60,0,54,5.884,4.782,4918857
8.294,1790928580.898,open,60,33,142.02,1.237,343.0,0,60,0,54,5.873,4.782,4924649
8.304,1790928580.908,open,60,33,142.232,1.065,343.0,0,60,0,54,5.864,4.782,4930441
8.314,1790928580.919,open,60,33,142.461,0.794,343.0,0,60,0,54,5.855,4.782,4939129
8.324,1790928580.929,open,60,33,142.576,0.646,343.0,0,60,0,54,5.85,4.78,4944921
8.335,1790928580.939,open,60,33,142.656,0.502,343.0,0,60,0,54,5.847,4.782,4950713
8.345,1790928580.949,open,60,33,142.718,0.391,343.0,0,60,0,54,5.844,4.782,4956505
8.355,1790928580.959,open,60,33,142.766,0.302,343.0,0,60,0,54,5.842,4.782,4962297
8.365,1790928580.969,open,60,33,142.803,0.235,343.0,0,60,0,54,5.841,4.782,4968089
8.375,1790928580.979,open,60,33,142.831,0.18,343.0,0,60,0,54,5.839,4.782,4973881
8.385,1790928580.989,open,60,33,142.852,0.139,343.0,0,60,0,54,5.839,4.782,4979673
8.395,1790928580.999,open,60,33,143.109,0.507,344.0,0,60,0,54,5.828,4.782,4986913
8.405,1790928581.010,open,61,33,143.672,1.492,344.0,0,60,0,54,5.902,4.782,4992705
8.415,1790928581.020,open,61,33,144.07,1.529,345.0,0,61,0,54,5.886,4.781,4997049
8.425,1790928581.030,open,61,33,144.372,1.383,345.0,0,61,0,54,5.873,4.782,5002841
8.436,1790928581.040,open,61,33,144.697,1.073,345.0,0,61,0,54,5.86,4.781,5011529
8.446,1790928581.050,open,61,33,144.849,0.867,345.0,0,61,0,54,5.854,4.782,5017321
8.456,1790928581.060,open,61,33,144.966,0.69,345.0,0,61,0,54,5.849,4.782,5023113
8.466,1790928581.070,open,61,33,145.054,0.542,346.0,0,61,0,54,5.846,4.782,5028905
8.476,1790928581.080,open,61,33,145.119,0.419,346.0,0,61,0,54,5.843,4.782,5034697
8.486,1790928581.090,open,61,33,145.173,0.329,346.0,0,61,0,54,5.841,4.782,5040489
8.496,1790928581.100,open,61,33,145.216,0.26,346.0,0,61,0,54,5.839,4.782,5046281
8.506,1790928581.111,open,61,33,145.247,0.2,346.0,0,61,0,54,5.838,4.782,5052073
8.516,1790928581.121,open,61,33,145.271,0.154,346.0,0,61,0,54,5.837,4.782,5057865
8.526,1790928581.131,open,61,33,145.29,0.121,346.0,0,61,0,54,5.836,4.782,5063657
8.537,1790928581.141,open,61,33,145.304,0.09,346.0,0,61,0,54,5.836,4.782,5069449
8.547,1790928581.151,open,61,33,145.556,0.487,346.0,0,61,0,54,5.826,4.781,5076689
8.557,1790928581.161,open,62,33,145.807,0.86,346.0,0,62,0,54,5.911,4.783,5082481
8.567,1790928581.171,open,62,33,146.263,1.274,347.0,0,62,0,54,5.892,4.782,5088273
8.577,1790928581.181,open,62,33,146.613,1.324,347.0,0,62,0,54,5.878,4.782,5094065
8.587,1790928581.191,open,62,33,146.879,1.207,347.0,0,62,0,54,5.868,4.782,5099857
8.597,1790928581.202,open,62,33,147.086,1.036,348.0,0,62,0,54,5.859,4.782,5105649
8.607,1790928581.212,open,62,33,147.312,0.776,348.0,0,62,0,54,5.85,4.782,5114337
8.618,1790928581.222,open,62,33,147.418,0.62,348.0,0,62,0,54,5.846,4.782,5120129
8.628,1790928581.232,open,62,33,147.496,0.485,348.0,0,62,0,54,5.843,4.782,5125921
8.638,1790928581.242,open,62,33,147.556,0.376,348.0,0,62,0,54,5.841,4.783,5131713
8.648,1790928581.252,open,62,33,147.603,0.293,348.0,0,62,0,54,5.839,4.782,5137505
8.658,1790928581.262,open,62,33,147.64,0.228,348.0,0,62,0,54,5.838,4.782,5143297
8.668,1790928581.272,open,62,33,147.665,0.173,348.0,0,62,0,54,5.836,4.782,5149089
8.678,1790928581.283,open,62,33,147.686,0.134,348.0,0,62,0,54,5.836,4.782,5154881
8.688,1790928581.293,open,62,33,147.7,0.099,348.0,0,62,0,54,5.835,4.783,5160673
8.698,1790928581.303,open,62,33,147.946,0.497,348.0,0,62,0,54,5.825,4.783,5167913
8.709,1790928581.313,open,63,33,148.732,1.563,349.0,0,63,0,54,5.888,4.782,5172257
8.719,1790928581.323,open,63,33,149.218,1.391,350.0,0,63,0,54,5.869,4.781,5180945
8.729,1790928581.333,open,63,33,149.454,1.193,350.0,0,63,0,54,5.86,4.78,5186737
8.739,1790928581.343,open,63,33,149.631,0.977,350.0,0,63,0,54,5.853,4.781,5192529
8.749,1790928581.354,open,63,33,149.763,0.778,350.0,0,63,0,54,5.848,4.782,5198321
8.759,1790928581.364,open,63,33,149.858,0.604,350.0,0,63,0,54,5.844,4.782,5204113
8.769,1790928581.374,open,63,33,149.934,0.471,350.0,0,63,0,54,5.841,4.782,5209905
8.780,1790928581.384,open,63,33,149.994,0.369,350.0,0,63,0,54,5.839,4.782,5215697
8.790,1790928581.394,open,63,33,150.039,0.285,351.0,0,63,0,54,5.837,4.782,5221489
8.800,1790928581.404,open,63,33,150.074,0.222,351.0,0,63,0,54,5.835,4.782,5227281
8.810,1790928581.414,open,63,33,150.102,0.173,351.0,0,63,0,54,5.834,4.782,5233073
8.820,1790928581.424,open,63,33,150.122,0.132,351.0,0,63,0,54,5.834,4.782,5238865
8.830,1790928581.434,open,63,33,150.144,0.09,351.0,0,63,0,54,5.833,4.782,5247553
8.840,1790928581.445,open,63,33,150.155,0.069,351.0,0,63,0,54,5.832,4.782,5253345
8.850,1790928581.455,open,63,33,150.428,0.568,351.0,0,63,0,54,5.822,4.782,5257689
8.861,1790928581.465,open,64,33,150.673,0.918,351.0,0,64,0,54,5.904,4.782,5263481
8.871,1790928581.475,open,64,33,151.124,1.297,352.0,0,64,0,54,5.887,4.783,5269273
8.881,1790928581.485,open,64,33,151.466,1.324,352.0,0,64,0,54,5.874,4.783,5275065
8.891,1790928581.495,open,64,33,151.832,1.109,352.0,0,64,0,54,5.859,4.783,5283753
8.901,1790928581.505,open,64,33,152.01,0.933,353.0,0,64,0,54,5.853,4.782,5289545
8.911,1790928581.515,open,64,33,152.151,0.77,353.0,0,64,0,54,5.847,4.782,5295337
8.921,1790928581.526,open,64,33,152.26,0.621,353.0,0,64,0,54,5.843,4.782,5301129
8.931,1790928581.536,open,64,33,152.344,0.496,353.0,0,64,0,54,5.84,4.782,5306921
8.942,1790928581.546,open,64,33,152.407,0.389,353.0,0,64,0,54,5.837,4.782,5312713
8.952,1790928581.556,open,64,33,152.462,0.314,353.0,0,64,0,54,5.835,4.78,5318505
8.962,1790928581.566,open,64,33,152.501,0.244,353.0,0,64,0,54,5.834,4.782,5324297
8.972,1790928581.576,open,64,33,152.532,0.192,353.0,0,64,0,54,5.833,4.781,5330089
8.982,1790928581.586,open,64,33,152.554,0.146,353.0,0,64,0,54,5.832,4.782,5335881
8.992,1790928581.596,open,64,33,152.567,0.104,353.0,0,64,0,54,5.831,4.782,5341673
9.002,1790928581.606,open,64,33,152.881,0.667,353.0,0,64,0,54,5.819,4.782,5350361
9.012,1790928581.617,open,65,33,153.623,1.586,354.0,0,65,0,54,5.882,4.782,5356153
9.022,1790928581.627,open,65,33,153.953,1.464,354.0,0,65,0,54,5.869,4.782,5361945
9.033,1790928581.637,open,65,33,154.206,1.263,355.0,0,65,0,54,5.859,4.782,5367737
9.043,1790928581.647,open,65,33,154.4,1.046,355.0,0,65,0,54,5.852,4.782,5373529
9.053,1790928581.657,open,65,33,154.548,0.845,355.0,0,65,0,54,5.846,4.782,5379321
9.063,1790928581.667,open,65,33,154.66,0.669,355.0,0,65,0,54,5.842,4.782,5385113
9.073,1790928581.677,open,65,33,154.747,0.527,355.0,0,65,0,54,5.839,4.782,5390905
9.083,1790928581.687,open,65,33,154.81,0.406,355.0,0,65,0,54,5.836,4.782,5396697
9.093,1790928581.697,open,65,33,154.858,0.311,355.0,0,65,0,54,5.835,4.782,5402489
9.103,1790928581.708,open,65,33,154.897,0.243,355.0,0,65,0,54,5.833,4.782,5408281
9.113,1790928581.718,open,65,33,154.919,0.175,355.0,0,65,0,54,5.832,4.783,5414073
9.123,1790928581.728,open,65,33,154.948,0.117,355.0,0,65,0,54,5.831,4.783,5422761
9.134,1790928581.738,open,65,33,154.961,0.09,355.0,0,65,0,54,5.831,4.783,5428553
9.144,1790928581.748,open,65,33,154.977,0.077,355.0,0,65,0,54,5.83,4.782,5434345
9.154,1790928581.758,open,65,33,154.99,0.066,355.0,0,65,0,54,5.83,4.782,5440137
9.164,1790928581.768,open,65,33,155.303,0.661,356.0,0,65,0,54,5.818,4.782,5445929
9.174,1790928581.778,open,66,33,155.542,0.969,356.0,0,66,0,54,5.898,4.782,5450273
9.184,1790928581.788,open,66,33,156.173,1.357,357.0,0,66,0,54,5.875,4.782,5458961
9.194,1790928581.798,open,66,33,156.474,1.283,357.0,0,66,0,54,5.863,4.782,5464753
9.204,1790928581.809,open,66,33,156.703,1.12,357.0,0,66,0,54,5.855,4.782,5470545
9.214,1790928581.819,open,66,33,156.879,0.936,357.0,0,66,0,54,5.848,4.782,5476337
9.225,1790928581.829,open,66,33,157.015,0.761,358.0,0,66,0,54,5.843,4.782,5482129
9.235,1790928581.839,open,66,33,157.117,0.606,358.0,0,66,0,54,5.839,4.782,5487921
9.245,1790928581.849,open,66,33,157.197,0.478,358.0,0,66,0,54,5.836,4.782,5493713
9.255,1790928581.859,open,66,33,157.257,0.373,358.0,0,66,0,54,5.834,4.782,5499505
9.265,1790928581.869,open,66,33,157.303,0.291,358.0,0,66,0,54,5.832,4.782,5505297
9.275,1790928581.879,open,66,33,157.339,0.226,358.0,0,66,0,54,5.831,4.782,5511089
9.285,1790928581.889,open,66,33,157.366,0.174,358.0,0,66,0,54,5.83,4.782,5516881
9.295,1790928581.900,open,66,33,157.398,0.123,358.0,0,66,0,54,5.829,4.781,5525569
9.305,1790928581.910,open,66,33,157.415,0.097,358.0,0,66,0,54,5.828,4.782,5531361
9.315,1790928581.920,open,66,33,157.429,0.082,358.0,0,66,0,54,5.828,4.781,5537153
9.326,1790928581.930,open,67,33,157.747,0.676,358.0,0,67,0,54,5.904,4.781,5542945
9.336,1790928581.940,open,67,33,158.25,1.252,359.0,0,67,0,54,5.885,4.782,5548737
9.346,1790928581.950,open,67,33,158.632,1.367,359.0,0,67,0,54,5.871,4.782,5554529
9.356,1790928581.960,open,67,33,158.924,1.276,359.0,0,67,0,54,5.86,4.782,5560321
9.366,1790928581.970,open,67,33,159.148,1.106,360.0,0,67,0,54,5.852,4.782,5566113
9.376,1790928581.980,open,67,33,159.32,0.919,360.0,0,67,0,54,5.846,4.782,5571905
9.386,1790928581.990,open,67,33,159.452,0.745,360.0,0,67,0,54,5.841,4.782,5577697
9.396,1790928582.000,open,67,33,159.552,0.593,360.0,0,67,0,54,5.837,4.782,5583489
9.406,1790928582.010,open,67,33,159.628,0.465,360.0,0,67,0,54,5.835,4.782,5589281
9.416,1790928582.021,open,67,33,159.711,0.321,360.0,0,67,0,54,5.831,4.782,5597969
9.426,1790928582.031,open,67,33,159.751,0.251,360.0,0,67,0,54,5.83,4.782,5603761
9.436,1790928582.041,open,67,33,159.781,0.193,360.0,0,67,0,54,5.829,4.782,5609553
9.446,1790928582.051,open,67,33,159.804,0.149,360.0,0,67,0,54,5.828,4.782,5615345
9.457,1790928582.061,open,67,33,159.82,0.11,360.0,0,67,0,54,5.827,4.782,5621137
9.467,1790928582.071,open,67,33,159.831,0.081,360.0,0,67,0,54,5.827,4.782,5626929
9.477,1790928582.081,open,67,33,159.837,0.056,360.0,0,67,0,54,5.827,4.783,5632721
9.487,1790928582.091,disorder,67,33,159.538,0.109,360.0,0,68,0,54,5.838,4.709,5638513
9.497,1790928582.101,recovery,65,33,159.506,0.557,360.0,0,69,1,55,6.013,4.752,5638513
9.507,1790928582.111,recovery,63,33,159.466,0.98,360.0,0,72,1,55,6.189,4.709,5638513
9.517,1790928582.121,recovery,61,33,159.513,1.164,360.0,0,74,1,55,6.362,4.709,5638513
9.527,1790928582.132,recovery,59,33,159.541,1.246,360.0,0,76,1,55,6.535,4.709,5638513
9.537,1790928582.142,recovery,57,33,159.557,1.276,360.0,0,78,1,55,6.708,4.709,5638513
9.547,1790928582.152,recovery,55,33,159.567,1.284,360.0,0,80,1,55,6.882,4.71,5638513
9.558,1790928582.162,recovery,53,33,159.575,1.287,360.0,0,82,1,55,7.056,4.71,5638513
9.568,1790928582.172,recovery,50,33,159.741,1.292,360.0,0,84,1,55,7.31,4.752,5638513
9.578,1790928582.182,recovery,48,33,159.743,1.291,360.0,0,86,1,55,7.484,4.752,5638513
9.588,1790928582.192,recovery,46,33,159.741,1.29,360.0,0,88,1,55,7.658,4.753,5638513
9.598,1790928582.202,recovery,44,33,159.742,1.291,360.0,0,90,1,55,7.832,4.752,5638513
9.608,1790928582.212,recovery,42,33,159.742,1.291,360.0,0,92,1,55,8.006,4.752,5638513
9.618,1790928582.222,recovery,40,33,159.74,1.29,360.0,0,94,1,55,8.18,4.753,5638513
9.628,1790928582.233,recovery,38,33,159.581,1.29,360.0,0,97,1,55,8.362,4.71,5638513
9.638,1790928582.243,recovery,36,33,159.578,1.288,360.0,0,99,1,55,8.537,4.711,5638513
9.648,1790928582.253,recovery,33,33,159.88,1.249,360.0,0,100,1,55,8.694,4.752,5638513
9.659,1790928582.263,open,33,33,159.86,0.898,360.0,0,33,0,55,2.87,4.679,5741321
9.669,1790928582.273,open,33,33,157.886,1.331,358.0,0,33,0,55,2.905,4.386,5747113
9.679,1790928582.283,open,33,33,154.106,2.181,355.0,0,33,0,55,2.977,4.094,5752905
9.689,1790928582.293,open,33,33,148.941,3.319,349.0,0,33,0,55,3.08,3.802,5758697
9.699,1790928582.303,open,33,33,142.714,4.647,343.0,0,33,0,55,3.214,3.509,5764489
9.709,1790928582.313,open,33,33,135.677,6.094,336.0,0,33,0,55,3.381,3.217,5770281
9.719,1790928582.324,open,33,33,124.003,8.37,325.0,0,33,0,55,3.699,2.778,5778969
9.729,1790928582.334,open,34,33,115.673,9.905,316.0,0,34,0,55,4.086,2.376,5784761
9.739,1790928582.344,open,34,33,107.563,11.291,308.0,0,34,0,55,4.394,2.482,5789105
9.750,1790928582.354,open,34,33,101.089,12.187,302.0,0,34,0,55,4.675,2.648,5794897
9.760,1790928582.364,open,34,33,96.133,12.656,297.0,0,34,0,55,4.916,2.839,5800689
9.770,1790928582.374,open,34,33,92.338,12.81,293.0,0,34,0,55,5.118,3.059,5806481
9.780,1790928582.384,open,34,33,88.246,11.555,289.0,0,34,0,55,5.356,3.462,5815169
9.790,1790928582.394,open,34,33,86.3,9.873,287.0,0,34,0,55,5.477,3.795,5820961
9.800,1790928582.404,open,34,33,84.81,8.136,285.0,0,34,0,55,5.573,4.199,5826753
9.810,1790928582.414,open,34,33,83.669,6.554,284.0,0,34,0,55,5.649,4.782,5832545
9.820,1790928582.425,open,35,33,83.627,4.259,284.0,0,35,0,55,5.818,4.782,5836889
9.830,1790928582.435,open,35,33,83.441,2.533,284.0,0,35,0,55,5.831,4.782,5844129
9.840,1790928582.445,open,35,33,83.188,1.864,284.0,0,35,0,55,5.849,4.782,5849921
9.850,1790928582.455,open,35,33,82.994,1.385,283.0,0,35,0,55,5.862,4.782,5855713
9.861,1790928582.465,open,35,33,82.846,1.035,283.0,0,35,0,55,5.873,4.782,5861505
9.871,1790928582.475,open,35,33,82.732,0.78,283.0,0,35,0,55,5.881,4.782,5867297
9.881,1790928582.485,open,35,33,82.645,0.59,283.0,0,35,0,55,5.887,4.782,5873089
9.891,1790928582.495,open,35,33,82.578,0.447,283.0,0,35,0,55,5.892,4.782,5878881
9.901,1790928582.505,open,36,33,83.111,1.424,284.0,0,36,0,55,6.021,4.782,5887569
9.911,1790928582.515,open,36,33,83.806,2.086,284.0,0,36,0,55,5.971,4.782,5893361
9.921,1790928582.525,open,36,33,84.036,1.571,285.0,0,36,0,55,5.955,4.782,5897705
9.931,1790928582.536,open,36,33,84.21,1.187,285.0,0,36,0,55,5.943,4.782,5903497
9.941,1790928582.546,open,36,33,84.345,0.901,285.0,0,36,0,55,5.933,4.782,5909289
9.951,1790928582.556,open,36,33,84.447,0.685,285.0,0,36,0,55,5.926,4.782,5915081
9.962,1790928582.566,open,36,33,84.558,0.455,285.0,0,36,0,55,5.918,4.782,5923769
9.972,1790928582.576,open,36,33,84.61,0.346,285.0,0,36,0,55,5.915,4.782,5929561
9.982,1790928582.586,open,36,33,84.649,0.263,285.0,0,36,0,55,5.912,4.782,5935353
9.992,1790928582.596,open,37,33,85.287,1.414,286.0,0,36,0,55,6.031,4.781,5941145
10.002,1790928582.606,open,37,33,85.735,1.574,286.0,0,37,0,55,5.999,4.782,5945489
10.012,1790928582.616,open,37,33,86.453,1.611,287.0,0,37,0,55,5.949,4.782,5952729
10.022,1790928582.627,open,37,33,86.629,1.212,287.0,0,37,0,55,5.937,4.782,5958521
10.032,1790928582.637,open,37,33,86.763,0.915,287.0,0,37,0,55,5.928,4.782,5964313
10.042,1790928582.647,open,37,33,86.866,0.693,287.0,0,37,0,55,5.921,4.782,5970105
10.053,1790928582.657,open,37,33,86.946,0.529,287.0,0,37,0,55,5.915,4.782,5975897
10.063,1790928582.667,open,37,33,87.007,0.402,288.0,0,37,0,55,5.911,4.782,5981689
10.073,1790928582.677,open,38,33,87.073,0.268,288.0,0,38,0,55,6.067,4.782,5990377
10.083,1790928582.687,open,38,33,87.406,0.809,288.0,0,38,0,55,6.043,4.782,5996169
10.093,1790928582.697,open,38,33,87.927,1.358,288.0,0,38,0,55,6.008,4.782,6001961
10.103,1790928582.707,open,38,33,88.592,1.835,289.0,0,38,0,55,5.963,4.782,6006305
10.113,1790928582.717,open,38,33,88.835,1.454,289.0,0,38,0,55,5.946,4.782,6012097
10.123,1790928582.728,open,38,33,89.021,1.141,290.0,0,38,0,55,5.934,4.782,6017889
10.133,1790928582.738,open,38,33,89.222,0.783,290.0,0,38,0,55,5.92,4.782,6026577
10.143,1790928582.748,open,38,33,89.317,0.605,290.0,0,38,0,55,5.914,4.782,6032369
10.154,1790928582.758,open,38,33,89.391,0.468,290.0,0,38,0,55,5.909,4.782,6038161
10.164,1790928582.768,open,38,33,89.447,0.361,290.0,0,38,0,55,5.906,4.782,6043953
10.174,1790928582.778,open,39,33,90.322,1.64,291.0,0,39,0,55,6.002,4.782,6048297
10.184,1790928582.788,open,39,33,90.726,1.623,291.0,0,39,0,55,5.975,4.782,6054089
10.194,1790928582.798,open,39,33,91.465,1.944,292.0,0,39,0,55,5.927,4.782,6062777
10.204,1790928582.808,open,39,33,91.601,1.33,292.0,0,39,0,55,5.918,4.782,6067121
10.214,1790928582.818,open,39,33,91.707,0.931,292.0,0,39,0,55,5.912,4.782,6072913
10.224,1790928582.829,open,39,33,91.787,0.664,292.0,0,39,0,55,5.906,4.782,6078705
10.234,1790928582.839,open,39,33,91.849,0.48,292.0,0,39,0,55,5.902,4.782,6084497
10.245,1790928582.849,open,39,33,91.894,0.349,292.0,0,39,0,55,5.899,4.782,6090289
10.255,1790928582.859,open,39,33,91.945,0.224,292.0,0,39,0,55,5.896,4.782,6098977
10.265,1790928582.869,open,40,33,92.272,0.773,293.0,0,40,0,55,6.026,4.782,6104769
10.275,1790928582.879,open,40,33,92.787,1.328,293.0,0,40,0,55,5.993,4.782,6110561
10.285,1790928582.889,open,40,33,93.182,1.431,294.0,0,40,0,55,5.967,4.782,6116353
10.295,1790928582.899,open,40,33,93.788,1.937,294.0,0,40,0,55,5.929,4.782,6122145
10.305,1790928582.909,open,40,33,93.95,1.371,294.0,0,40,0,55,5.918,4.781,6126489
10.315,1790928582.920,open,40,33,94.123,0.838,295.0,0,40,0,55,5.907,4.782,6135177
10.325,1790928582.930,open,40,33,94.208,0.618,295.0,0,40,0,55,5.902,4.782,6140969
10.336,1790928582.940,open,40,33,94.27,0.456,295.0,0,40,0,55,5.898,4.782,6146761
10.346,1790928582.950,open,40,33,94.318,0.339,295.0,0,40,0,55,5.895,4.782,6152553
10.356,1790928582.960,open,40,33,94.355,0.254,295.0,0,40,0,55,5.893,4.782,6158345
10.366,1790928582.970,open,41,33,95.425,1.585,296.0,0,41,0,55,5.973,4.782,6165585
10.376,1790928582.980,open,41,33,95.771,1.491,296.0,0,41,0,55,5.951,4.782,6171377
10.386,1790928582.990,open,41,33,96.035,1.295,297.0,0,41,0,55,5.935,4.782,6177169
10.396,1790928583.000,open,41,33,96.545,1.694,297.0,0,41,0,55,5.903,4.781,6182961
10.406,1790928583.011,open,41,33,96.63,1.1,297.0,0,41,0,55,5.898,4.781,6187305
10.416,1790928583.021,open,41,33,96.697,0.735,297.0,0,41,0,55,5.894,4.781,6193097
10.427,1790928583.031,open,41,33,96.766,0.414,297.0,0,41,0,55,5.89,4.781,6201785
10.437,1790928583.041,open,41,33,96.848,0.388,297.0,0,41,0,55,5.885,4.762,6207577
10.447,1790928583.051,open,41,33,96.864,0.246,297.0,0,41,0,55,5.884,4.781,6213369
10.457,1790928583.061,open,42,33,96.877,0.161,297.0,0,42,0,55,6.027,4.781,6219161
10.467,1790928583.071,open,42,33,97.455,1.092,298.0,0,42,0,55,5.991,4.781,6224953
10.477,1790928583.081,open,42,33,97.896,1.379,298.0,0,42,0,55,5.964,4.781,6230745
10.487,1790928583.092,open,42,33,98.235,1.363,299.0,0,42,0,55,5.943,4.781,6236537
10.497,1790928583.102,open,42,33,98.487,1.204,299.0,0,42,0,55,5.928,4.782,6242329
10.507,1790928583.112,open,42,33,98.991,1.133,299.0,0,42,0,55,5.898,4.783,6249569
10.518,1790928583.122,open,42,33,99.063,0.762,300.0,0,42,0,55,5.894,4.783,6255361
10.528,1790928583.132,open,42,33,99.12,0.527,300.0,0,42,0,55,5.89,4.783,6261153
10.538,1790928583.142,open,42,33,99.116,0.391,300.0,0,42,0,55,5.89,4.801,6266945
10.548,1790928583.152,open,42,33,99.159,0.295,300.0,0,42,0,55,5.888,4.783,6272737
10.558,1790928583.162,open,42,33,99.192,0.223,300.0,0,42,0,55,5.886,4.783,6278529
10.568,1790928583.173,open,43,33,100.26,1.567,301.0,0,43,0,55,5.962,4.783,6285769
10.578,1790928583.183,open,43,33,100.602,1.474,301.0,0,43,0,55,5.942,4.783,6291561
10.588,1790928583.193,open,43,33,100.864,1.283,301.0,0,43,0,55,5.926,4.783,6297353
10.599,1790928583.203,open,43,33,101.065,1.069,302.0,0,43,0,55,5.914,4.783,6303145
10.609,1790928583.213,open,43,33,101.549,1.16,302.0,0,43,0,55,5.886,4.782,6310385
10.619,1790928583.223,open,43,33,101.593,0.729,302.0,0,43,0,55,5.884,4.782,6316177
10.629,1790928583.233,open,43,33,101.625,0.466,302.0,0,43,0,55,5.882,4.782,6321969
10.639,1790928583.243,open,43,33,101.65,0.305,302.0,0,43,0,55,5.88,4.782,6327761
10.649,1790928583.253,open,43,33,101.669,0.204,302.0,0,43,0,55,5.879,4.782,6333553
10.659,1790928583.263,open,43,33,101.684,0.14,302.0,0,43,0,55,5.878,4.782,6339345
10.669,1790928583.274,open,44,33,101.996,0.702,302.0,0,44,0,55,5.997,4.782,6345137
10.680,1790928583.284,open,44,33,102.515,1.295,303.0,0,44,0,55,5.966,4.779,6350929
10.690,1790928583.294,open,44,33,102.9,1.397,303.0,0,44,0,55,5.944,4.782,6356721
10.700,1790928583.304,open,44,33,103.2,1.305,304.0,0,44,0,55,5.927,4.781,6362513
10.710,1790928583.314,open,44,33,103.515,1.024,304.0,0,44,0,55,5.909,4.782,6371201
10.720,1790928583.324,open,44,33,103.93,1.215,304.0,0,44,0,55,5.885,4.782,6375545
10.730,1790928583.334,open,44,33,103.986,0.78,304.0,0,44,0,55,5.882,4.782,6381337
10.740,1790928583.345,open,44,33,104.029,0.512,305.0,0,44,0,55,5.879,4.782,6387129
10.750,1790928583.355,open,44,33,104.065,0.351,305.0,0,44,0,55,5.877,4.78,6392921
10.760,1790928583.365,open,44,33,104.088,0.238,305.0,0,44,0,55,5.876,4.782,6398713
10.770,1790928583.375,open,45,33,104.718,1.349,305.0,0,44,0,55,5.973,4.782,6407401
10.781,1790928583.385,open,45,33,105.152,1.509,306.0,0,45,0,55,5.949,4.783,6411745
10.791,1790928583.395,open,45,33,105.478,1.418,306.0,0,45,0,55,5.93,4.782,6417537
10.801,1790928583.405,open,45,33,105.733,1.238,306.0,0,45,0,55,5.916,4.783,6423329
10.811,1790928583.415,open,45,33,105.929,1.036,306.0,0,45,0,55,5.905,4.782,6429121
10.821,1790928583.425,open,45,33,106.083,0.85,307.0,0,45,0,55,5.897,4.782,6434913
10.831,1790928583.435,open,45,33,106.51,0.98,307.0,0,45,0,55,5.873,4.783,6442153
10.841,1790928583.445,open,45,33,106.525,0.578,307.0,0,45,0,55,5.872,4.783,6447945
10.851,1790928583.455,open,45,33,106.538,0.348,307.0,0,45,0,55,5.871,4.782,6453737
10.861,1790928583.465,open,45,33,106.546,0.209,307.0,0,45,0,55,5.871,4.782,6459529
10.871,1790928583.476,open,45,33,106.554,0.132,307.0,0,45,0,55,5.871,4.782,6465321
10.881,1790928583.486,open,46,33,106.559,0.084,307.0,0,46,0,55,6.001,4.782,6471113
10.891,1790928583.496,open,46,33,107.133,1.042,308.0,0,46,0,55,5.969,4.782,6476905
10.902,1790928583.506,open,46,33,107.753,1.37,308.0,0,46,0,55,5.934,4.782,6485593
10.912,1790928583.516,open,46,33,108.047,1.281,309.0,0,46,0,55,5.918,4.782,6491385
10.922,1790928583.526,open,46,33,108.272,1.11,309.0,0,46,0,55,5.906,4.782,6497177
10.932,1790928583.536,open,46,33,108.445,0.923,309.0,0,46,0,55,5.896,4.782,6502969
10.942,1790928583.546,open,46,33,108.879,1.354,309.0,0,46,0,55,5.873,4.782,6508761
10.952,1790928583.556,open,46,33,108.921,0.634,309.0,0,46,0,55,5.871,4.782,6516001
10.962,1790928583.566,open,46,33,108.94,0.39,309.0,0,46,0,55,5.87,4.782,6521793
10.972,1790928583.577,open,46,33,108.956,0.247,309.0,0,46,0,55,5.869,4.782,6527585
10.982,1790928583.587,open,46,33,108.968,0.159,309.0,0,46,0,55,5.868,4.782,6533377
10.993,1790928583.597,open,47,33,109.588,1.325,310.0,0,46,0,55,5.962,4.781,6539169
11.003,1790928583.607,open,47,33,110.038,1.525,311.0,0,47,0,55,5.937,4.779,6543513
11.013,1790928583.617,open,47,33,110.508,1.35,311.0,0,47,0,55,5.912,4.781,6552201
11.023,1790928583.627,open,47,33,110.729,1.142,311.0,0,47,0,55,5.9,4.781,6557993
11.033,1790928583.637,open,47,33,110.907,0.949,311.0,0,47,0,55,5.891,4.781,6563785
11.043,1790928583.647,open,47,33,111.04,0.766,312.0,0,47,0,55,5.884,4.779,6569577
11.053,1790928583.657,open,47,33,111.136,0.597,312.0,0,47,0,55,5.879,4.781,6575369
11.063,1790928583.667,open,47,33,111.475,0.856,312.0,0,47,0,55,5.861,4.781,6579713
11.073,1790928583.678,open,47,33,111.467,0.374,312.0,0,47,0,55,5.861,4.781,6588401
11.083,1790928583.688,open,47,33,111.463,0.217,312.0,0,47,0,55,5.861,4.781,6594193
11.093,1790928583.698,open,47,33,111.463,0.125,312.0,0,47,0,55,5.861,4.78,6599985
11.104,1790928583.708,open,48,33,111.458,0.079,312.0,0,48,0,55,5.986,4.782,6605777
11.114,1790928583.718,open,48,33,112.009,1.001,313.0,0,48,0,55,5.957,4.783,6611569
11.124,1790928583.728,open,48,33,112.438,1.305,313.0,0,48,0,55,5.934,4.784,6617361
11.134,1790928583.738,open,48,33,112.77,1.309,313.0,0,48,0,55,5.917,4.782,6623153
11.144,1790928583.748,open,48,33,113.012,1.153,314.0,0,48,0,55,5.904,4.786,6628945
11.154,1790928583.758,open,48,33,113.206,0.984,314.0,0,48,0,55,5.894,4.783,6634737
11.164,1790928583.769,open,48,33,113.348,0.801,314.0,0,48,0,55,5.887,4.783,6640529
11.174,1790928583.779,open,48,33,113.463,0.649,314.0,0,48,0,55,5.881,4.783,6646321
11.184,1790928583.789,open,48,33,113.818,0.677,314.0,0,48,0,55,5.862,4.783,6653561
11.195,1790928583.799,open,48,33,113.821,0.385,314.0,0,48,0,55,5.862,4.783,6659353
11.205,1790928583.809,open,48,33,113.822,0.219,314.0,0,48,0,55,5.862,4.783,6665145
11.215,1790928583.819,open,48,33,113.818,0.131,314.0,0,48,0,55,5.862,4.784,6670937
11.225,1790928583.829,open,49,33,114.659,1.43,315.0,0,49,0,55,5.941,4.782,6678177
11.235,1790928583.839,open,49,33,115.03,1.449,316.0,0,49,0,55,5.921,4.783,6683969
11.245,1790928583.849,open,49,33,115.32,1.316,316.0,0,49,0,55,5.907,4.782,6689761
11.255,1790928583.859,open,49,33,115.552,1.147,316.0,0,49,0,55,5.895,4.779,6695553
11.265,1790928583.869,open,49,33,115.73,0.951,316.0,0,49,0,55,5.886,4.782,6701345
11.275,1790928583.879,open,49,33,115.867,0.77,316.0,0,49,0,55,5.879,4.782,6707137
11.285,1790928583.889,open,49,33,115.974,0.616,316.0,0,49,0,55,5.873,4.781,6712929
11.295,1790928583.900,open,49,33,116.064,0.5,317.0,0,49,0,55,5.869,4.78,6718721
11.305,1790928583.910,open,49,33,116.383,0.609,317.0,0,49,0,55,5.853,4.78,6725961
11.316,1790928583.920,open,49,33,116.363,0.377,317.0,0,49,0,55,5.854,4.781,6731753
11.326,1790928583.930,open,49,33,116.365,0.242,317.0,0,49,0,55,5.853,4.776,6737545
11.336,1790928583.940,open,49,33,116.341,0.179,317.0,0,49,0,55,5.855,4.783,6743337
11.346,1790928583.950,open,50,33,116.623,0.704,317.0,0,50,0,55,5.96,4.783,6749129
11.356,1790928583.960,open,50,33,117.104,1.229,318.0,0,50,0,55,5.935,4.783,6754921
11.366,1790928583.970,open,50,33,117.472,1.329,318.0,0,50,0,55,5.917,4.783,6760713
11.376,1790928583.981,open,50,33,117.853,1.131,318.0,0,50,0,55,5.898,4.785,6769401
11.386,1790928583.991,open,50,33,118.037,0.954,319.0,0,50,0,55,5.888,4.786,6775193
11.396,1790928584.001,open,50,33,118.177,0.776,319.0,0,50,0,55,5.881,4.786,6780985
11.407,1790928584.011,open,50,33,118.282,0.615,319.0,0,50,0,55,5.876,4.787,6786777
11.417,1790928584.021,open,50,33,118.367,0.494,319.0,0,50,0,55,5.872,4.783,6792569
11.427,1790928584.031,open,50,33,118.69,0.789,319.0,0,50,0,55,5.856,4.784,6796913
11.437,1790928584.041,open,50,33,118.683,0.344,319.0,0,50,0,55,5.856,4.783,6805601
11.447,1790928584.051,open,50,33,118.668,0.227,319.0,0,50,0,55,5.857,4.782,6811393
11.457,1790928584.061,open,50,33,118.675,0.139,319.0,0,50,0,55,5.857,4.782,6817185
11.467,1790928584.072,open,51,33,119.512,1.449,320.0,0,51,0,55,5.932,4.782,6821529
11.477,1790928584.082,open,51,33,119.889,1.467,320.0,0,51,0,55,5.913,4.782,6827321
11.487,1790928584.092,open,51,33,120.294,1.229,321.0,0,51,0,55,5.893,4.782,6836009
11.498,1790928584.102,open,51,33,120.487,1.026,321.0,0,51,0,55,5.884,4.782,6841801
11.508,1790928584.112,open,51,33,120.636,0.834,321.0,0,51,0,55,5.877,4.782,6847593
11.518,1790928584.122,open,51,33,120.749,0.665,321.0,0,51,0,55,5.871,4.782,6853385
11.528,1790928584.132,open,51,33,120.836,0.525,321.0,0,51,0,55,5.867,4.782,6859177
11.538,1790928584.142,open,51,33,120.902,0.41,321.0,0,51,0,55,5.864,4.782,6864969
11.548,1790928584.152,open,51,33,121.238,0.728,322.0,0,51,0,55,5.847,4.782,6872209
11.558,1790928584.162,open,51,33,121.21,0.458,322.0,0,51,0,55,5.849,4.782,6878001
11.568,1790928584.173,open,51,33,121.189,0.294,322.0,0,51,0,55,5.85,4.782,6883793
11.578,1790928584.183,open,51,33,121.178,0.183,322.0,0,51,0,55,5.85,4.78,6889585
11.588,1790928584.193,open,52,33,121.467,0.706,322.0,0,52,0,55,5.951,4.782,6895377
11.599,1790928584.203,open,52,33,121.954,1.24,322.0,0,52,0,55,5.927,4.782,6901169
11.609,1790928584.213,open,52,33,122.326,1.343,323.0,0,52,0,55,5.909,4.782,6906961
11.619,1790928584.223,open,52,33,122.611,1.249,323.0,0,52,0,55,5.895,4.782,6912753
11.629,1790928584.233,open,52,33,122.835,1.091,323.0,0,52,0,55,5.885,4.781,6918545
11.639,1790928584.243,open,52,33,123.006,0.91,324.0,0,52,0,55,5.876,4.781,6924337
11.649,1790928584.253,open,52,33,123.139,0.744,324.0,0,52,0,55,5.87,4.78,6930129
11.659,1790928584.263,open,52,33,123.252,0.613,324.0,0,52,0,55,5.865,4.78,6935921
11.669,1790928584.274,open,52,33,123.371,0.432,324.0,0,52,0,55,5.859,4.781,6944609
11.679,1790928584.284,open,52,33,123.694,0.771,324.0,0,52,0,55,5.844,4.779,6948953
11.689,1790928584.294,open,52,33,123.671,0.472,324.0,0,52,0,55,5.845,4.779,6954745
11.700,1790928584.304,open,52,33,123.648,0.305,324.0,0,52,0,55,5.846,4.781,6960537
11.710,1790928584.314,open,52,33,123.623,0.213,324.0,0,52,0,55,5.847,4.781,6966329
11.720,1790928584.324,open,53,33,124.635,1.481,325.0,0,53,0,55,5.911,4.781,6973569
11.730,1790928584.334,open,53,33,124.952,1.382,325.0,0,53,0,55,5.896,4.781,6979361
11.740,1790928584.344,open,53,33,125.194,1.198,326.0,0,53,0,55,5.885,4.781,6985153
11.750,1790928584.354,open,53,33,125.376,0.988,326.0,0,53,0,55,5.876,4.782,6990945
11.760,1790928584.365,open,53,33,125.514,0.795,326.0,0,53,0,55,5.87,4.782,6996737
11.770,1790928584.375,open,53,33,125.619,0.63,326.0,0,53,0,55,5.865,4.782,7002529
11.780,1790928584.385,open,53,33,125.688,0.471,326.0,0,53,0,55,5.862,4.785,7008321
11.791,1790928584.395,open,53,33,125.77,0.319,326.0,0,53,0,55,5.858,4.784,7017009
11.801,1790928584.405,open,53,33,125.822,0.268,326.0,0,53,0,55,5.855,4.783,7022801
11.811,1790928584.415,open,53,33,126.127,0.648,327.0,0,53,0,55,5.841,4.779,7027145
11.821,1790928584.425,open,53,33,126.083,0.44,327.0,0,53,0,55,5.843,4.782,7032937
11.831,1790928584.435,open,53,33,126.059,0.289,327.0,0,53,0,55,5.844,4.782,7038729
11.841,1790928584.445,open,54,33,126.037,0.201,327.0,0,54,0,55,5.956,4.782,7044521
11.851,1790928584.455,open,54,33,126.812,1.25,327.0,0,54,0,55,5.919,4.782,7053209
11.861,1790928584.466,open,54,33,127.182,1.343,328.0,0,54,0,55,5.902,4.782,7059001
11.871,1790928584.476,open,54,33,127.464,1.245,328.0,0,54,0,55,5.889,4.782,7064793
11.881,1790928584.486,open,54,33,127.68,1.075,328.0,0,54,0,55,5.879,4.782,7070585
11.892,1790928584.496,open,54,33,127.846,0.892,328.0,0,54,0,55,5.871,4.782,7076377
11.902,1790928584.506,open,54,33,127.973,0.722,328.0,0,54,0,55,5.866,4.782,7082169
11.912,1790928584.516,open,54,33,128.078,0.589,329.0,0,54,0,55,5.861,4.78,7087961
11.922,1790928584.526,open,54,33,128.138,0.439,329.0,0,54,0,55,5.858,4.783,7093753
11.932,1790928584.536,open,54,33,128.174,0.311,329.0,0,54,0,55,5.856,4.785,7099545
11.942,1790928584.547,open,54,33,128.492,0.663,329.0,0,54,0,55,5.842,4.783,7106785
11.952,1790928584.557,open,54,33,128.47,0.414,329.0,0,54,0,55,5.843,4.783,7112577
11.962,1790928584.567,open,54,33,128.455,0.259,329.0,0,54,0,55,5.844,4.781,7118369
11.973,1790928584.577,open,55,33,129.269,1.462,330.0,0,55,0,55,5.914,4.782,7125609
11.983,1790928584.587,open,55,33,129.632,1.452,330.0,0,55,0,55,5.898,4.782,7131401
11.993,1790928584.597,open,55,33,129.905,1.289,330.0,0,55,0,55,5.885,4.783,7137193
12.003,1790928584.607,open,55,33,130.111,1.083,331.0,0,55,0,55,5.876,4.783,7142985
12.013,1790928584.617,open,55,33,130.269,0.883,331.0,0,55,0,55,5.869,4.783,7148777
12.023,1790928584.627,open,55,33,130.391,0.708,331.0,0,55,0,55,5.863,4.783,7154569
12.033,1790928584.638,open,55,33,130.483,0.557,331.0,0,55,0,55,5.859,4.783,7160361
12.043,1790928584.648,open,55,33,130.543,0.415,331.0,0,55,0,55,5.857,4.786,7166153
12.053,1790928584.658,open,55,33,130.603,0.338,331.0,0,55,0,55,5.854,4.782,7171945
12.064,1790928584.668,open,55,33,130.651,0.273,331.0,0,55,0,55,5.852,4.782,7177737
12.074,1790928584.678,open,55,33,131.005,0.798,332.0,0,55,0,55,5.836,4.78,7186425
12.084,1790928584.688,open,55,33,130.944,0.554,331.0,0,55,0,55,5.839,4.784,7190769
12.094,1790928584.698,open,55,33,130.902,0.384,331.0,0,55,0,55,5.841,4.783,7196561
12.104,1790928584.708,open,56,33,130.872,0.269,331.0,0,56,0,55,5.948,4.783,7202353
12.114,1790928584.718,open,56,33,131.424,1.109,332.0,0,56,0,55,5.923,4.782,7208145
12.124,1790928584.728,open,56,33,131.846,1.354,332.0,0,56,0,55,5.904,4.782,7213937
12.134,1790928584.739,open,56,33,132.31,1.269,333.0,0,56,0,55,5.883,4.781,7222625
12.144,1790928584.749,open,56,33,132.531,1.097,333.0,0,56,0,55,5.874,4.781,7228417
12.155,1790928584.759,open,56,33,132.7,0.909,333.0,0,56,0,55,5.866,4.781,7234209
12.165,1790928584.769,open,56,33,132.83,0.737,333.0,0,56,0,55,5.86,4.781,7240001
12.175,1790928584.779,open,56,33,132.939,0.605,333.0,0,56,0,55,5.856,4.779,7245793
12.185,1790928584.789,open,56,33,133.022,0.486,334.0,0,56,0,55,5.852,4.779,7251585
12.195,1790928584.799,open,56,33,133.09,0.392,334.0,0,56,0,55,5.849,4.778,7257377
12.205,1790928584.809,open,56,33,133.136,0.301,334.0,0,56,0,55,5.847,4.78,7263169
12.215,1790928584.819,open,56,33,133.438,0.679,334.0,0,56,0,55,5.834,4.782,7270409
12.225,1790928584.830,open,56,33,133.389,0.467,334.0,0,56,0,55,5.836,4.782,7276201
12.235,1790928584.840,open,56,33,133.351,0.329,334.0,0,56,0,55,5.838,4.783,7281993
12.245,1790928584.850,open,57,33,134.155,1.498,335.0,0,57,0,55,5.906,4.782,7286337
12.256,1790928584.860,open,57,33,134.651,1.376,335.0,0,57,0,55,5.884,4.782,7295025
12.266,1790928584.870,open,57,33,134.885,1.181,335.0,0,57,0,55,5.874,4.782,7300817
12.276,1790928584.880,open,57,33,135.065,0.976,336.0,0,57,0,55,5.866,4.782,7306609
12.286,1790928584.890,open,57,33,135.198,0.779,336.0,0,57,0,55,5.861,4.783,7312401
12.296,1790928584.900,open,57,33,135.301,0.618,336.0,0,57,0,55,5.856,4.782,7318193
12.306,1790928584.910,open,57,33,135.376,0.475,336.0,0,57,0,55,5.853,4.784,7323985
12.316,1790928584.921,open,57,33,135.433,0.369,336.0,0,57,0,55,5.85,4.782,7329777
12.326,1790928584.931,open,57,33,135.474,0.281,336.0,0,57,0,55,5.849,4.782,7335569
12.336,1790928584.941,open,57,33,135.497,0.2,336.0,0,57,0,55,5.848,4.784,7341361
12.347,1790928584.951,open,57,33,135.525,0.162,336.0,0,57,0,55,5.846,4.783,7347153
12.357,1790928584.961,open,57,33,135.829,0.608,336.0,0,57,0,55,5.833,4.782,7354393
12.367,1790928584.971,open,57,33,135.786,0.418,336.0,0,57,0,55,5.835,4.783,7360185
12.377,1790928584.981,open,58,33,135.752,0.295,336.0,0,58,0,55,5.939,4.783,7365977
12.387,1790928584.991,open,58,33,136.293,1.105,337.0,0,58,0,55,5.916,4.782,7371769
12.397,1790928585.001,open,58,33,136.705,1.336,337.0,0,58,0,55,5.898,4.783,7377561
12.407,1790928585.012,open,58,33,137.023,1.302,338.0,0,58,0,55,5.884,4.783,7383353
12.417,1790928585.022,open,58,33,137.271,1.162,338.0,0,58,0,55,5.873,4.782,7389145
12.427,1790928585.032,open,58,33,137.546,0.904,338.0,0,58,0,55,5.862,4.781,7397833
12.438,1790928585.042,open,58,33,137.671,0.725,338.0,0,58,0,55,5.856,4.782,7403625
12.448,1790928585.052,open,58,33,137.77,0.579,338.0,0,58,0,55,5.852,4.781,7409417
12.458,1790928585.062,open,58,33,137.844,0.455,338.0,0,58,0,55,5.849,4.781,7415209
12.468,1790928585.072,open,58,33,137.901,0.356,338.0,0,58,0,55,5.847,4.781,7421001
12.478,1790928585.082,open,58,33,137.949,0.283,338.0,0,58,0,55,5.845,4.781,7426793
12.488,1790928585.092,open,58,33,137.986,0.224,338.0,0,58,0,55,5.843,4.781,7432585
12.498,1790928585.102,open,58,33,138.283,0.636,339.0,0,58,0,55,5.83,4.782,7439825
12.508,1790928585.113,open,58,33,138.238,0.433,339.0,0,58,0,55,5.832,4.781,7445617
12.518,1790928585.123,open,59,33,138.813,1.451,339.0,0,58,0,55,5.908,4.781,7451409
12.529,1790928585.133,open,59,33,139.213,1.51,340.0,0,59,0,55,5.891,4.781,7455753
12.539,1790928585.143,open,59,33,139.523,1.386,340.0,0,59,0,55,5.878,4.781,7461545
12.549,1790928585.153,open,59,33,139.851,1.076,340.0,0,59,0,55,5.864,4.782,7470233
12.559,1790928585.163,open,59,33,140.002,0.868,341.0,0,59,0,55,5.858,4.782,7476025
12.569,1790928585.173,open,59,33,140.119,0.69,341.0,0,59,0,55,5.853,4.782,7481817
12.579,1790928585.183,open,59,33,140.211,0.549,341.0,0,59,0,55,5.849,4.781,7487609
12.589,1790928585.194,open,59,33,140.281,0.429,341.0,0,59,0,55,5.846,4.782,7493401
12.599,1790928585.204,open,59,33,140.331,0.329,341.0,0,59,0,55,5.844,4.782,7499193
12.609,1790928585.214,open,59,33,140.369,0.251,341.0,0,59,0,55,5.843,4.782,7504985
12.619,1790928585.224,open,59,33,140.398,0.191,341.0,0,59,0,55,5.842,4.782,7510777
12.630,1790928585.234,open,59,33,140.417,0.139,341.0,0,59,0,55,5.841,4.783,7516569
12.640,1790928585.244,open,59,33,140.435,0.109,341.0,0,59,0,55,5.84,4.782,7522361
12.650,1790928585.254,open,59,33,140.684,0.504,341.0,0,59,0,55,5.83,4.783,7529601
12.660,1790928585.264,open,60,33,140.634,0.369,341.0,0,60,0,55,5.931,4.783,7535393
12.670,1790928585.274,open,60,33,141.165,1.126,342.0,0,60,0,55,5.908,4.783,7541185
12.680,1790928585.284,open,60,33,141.569,1.335,342.0,0,60,0,55,5.891,4.783,7546977
12.690,1790928585.294,open,60,33,141.885,1.299,342.0,0,60,0,55,5.878,4.782,7552769
12.700,1790928585.305,open,60,33,142.122,1.141,343.0,0,60,0,55,5.869,4.783,7558561
12.710,1790928585.315,open,60,33,142.304,0.958,343.0,0,60,0,55,5.861,4.783,7564353
12.720,1790928585.325,open,60,33,142.499,0.697,343.0,0,60,0,55,5.853,4.783,7573041
12.731,1790928585.335,open,60,33,142.593,0.556,343.0,0,60,0,55,5.849,4.783,7578833
12.741,1790928585.345,open,60,33,142.665,0.437,343.0,0,60,0,55,5.846,4.783,7584625
12.751,1790928585.355,open,60,33,142.72,0.341,343.0,0,60,0,55,5.844,4.783,7590417
12.761,1790928585.365,open,60,33,142.762,0.264,343.0,0,60,0,55,5.842,4.783,7596209
12.771,1790928585.375,open,60,33,142.797,0.209,343.0,0,60,0,55,5.841,4.782,7602001
12.781,1790928585.386,open,60,33,142.825,0.167,343.0,0,60,0,55,5.84,4.782,7607793
12.791,1790928585.396,open,60,33,143.121,0.609,344.0,0,60,0,55,5.828,4.782,7615033
12.801,1790928585.406,open,60,33,143.072,0.428,344.0,0,60,0,55,5.83,4.782,7620825
12.812,1790928585.416,open,61,33,143.867,1.537,344.0,0,61,0,55,5.894,4.782,7625169
12.822,1790928585.426,open,61,33,144.211,1.461,345.0,0,61,0,55,5.88,4.782,7630961
12.832,1790928585.436,open,61,33,144.474,1.279,345.0,0,61,0,55,5.869,4.782,7636753
12.842,1790928585.446,open,61,33,144.754,0.962,345.0,0,61,0,55,5.858,4.782,7645441
12.852,1790928585.456,open,61,33,144.89,0.777,345.0,0,61,0,55,5.852,4.782,7651233
12.862,1790928585.466,open,61,33,144.995,0.618,345.0,0,61,0,55,5.848,4.782,7657025
12.872,1790928585.476,open,61,33,145.073,0.483,346.0,0,61,0,55,5.845,4.782,7662817
12.882,1790928585.487,open,61,33,145.134,0.378,346.0,0,61,0,55,5.842,4.782,7668609
12.892,1790928585.497,open,61,33,145.18,0.292,346.0,0,61,0,55,5.841,4.782,7674401
12.903,1790928585.507,open,61,33,145.218,0.23,346.0,0,61,0,55,5.839,4.782,7680193
12.913,1790928585.517,open,61,33,145.247,0.179,346.0,0,61,0,55,5.838,4.782,7685985
12.923,1790928585.527,open,61,33,145.273,0.144,346.0,0,61,0,55,5.837,4.782,7691777
12.933,1790928585.537,open,61,33,145.289,0.109,346.0,0,61,0,55,5.836,4.782,7697569
12.943,1790928585.547,open,61,33,145.57,0.576,346.0,0,61,0,55,5.825,4.782,7704809
12.953,1790928585.557,open,62,33,145.516,0.417,346.0,0,62,0,55,5.923,4.782,7710601
12.963,1790928585.568,open,62,33,146.043,1.146,347.0,0,62,0,55,5.901,4.782,7716393
12.973,1790928585.578,open,62,33,146.445,1.343,347.0,0,62,0,55,5.885,4.782,7722185
12.983,1790928585.588,open,62,33,146.755,1.291,347.0,0,62,0,55,5.873,4.782,7727977
12.994,1790928585.598,open,62,33,146.992,1.137,347.0,0,62,0,55,5.863,4.782,7733769
13.004,1790928585.608,open,62,33,147.173,0.954,348.0,0,62,0,55,5.856,4.782,7739561
13.014,1790928585.618,open,62,33,147.369,0.697,348.0,0,62,0,55,5.848,4.782,7748249
13.024,1790928585.628,open,62,33,147.462,0.553,348.0,0,62,0,55,5.845,4.782,7754041
13.034,1790928585.638,open,62,33,147.533,0.435,348.0,0,62,0,55,5.842,4.782,7759833
13.044,1790928585.648,open,62,33,147.587,0.337,348.0,0,62,0,55,5.84,4.782,7765625
13.054,1790928585.659,open,62,33,147.628,0.261,348.0,0,62,0,55,5.838,4.782,7771417
13.064,1790928585.669,open,62,33,147.657,0.196,348.0,0,62,0,55,5.837,4.783,7777209
13.074,1790928585.679,open,62,33,147.682,0.154,348.0,0,62,0,55,5.836,4.782,7783001
13.085,1790928585.689,open,62,33,147.701,0.12,348.0,0,62,0,55,5.835,4.782,7788793
13.095,1790928585.699,open,62,33,147.987,0.587,348.0,0,62,0,55,5.824,4.782,7796033
13.105,1790928585.709,open,63,33,148.541,1.535,349.0,0,62,0,55,5.896,4.782,7801825
13.115,1790928585.719,open,63,33,148.927,1.532,349.0,0,63,0,55,5.88,4.782,7806169
13.125,1790928585.729,open,63,33,149.343,1.272,350.0,0,63,0,55,5.864,4.782,7814857
13.135,1790928585.739,open,63,33,149.541,1.058,350.0,0,63,0,55,5.856,4.782,7820649
13.145,1790928585.749,open,63,33,149.693,0.859,350.0,0,63,0,55,5.85,4.782,7826441
13.155,1790928585.760,open,63,33,149.809,0.684,350.0,0,63,0,55,5.846,4.782,7832233
13.165,1790928585.770,open,63,33,149.897,0.537,350.0,0,63,0,55,5.842,4.782,7838025
13.176,1790928585.780,open,63,33,149.964,0.419,350.0,0,63,0,55,5.84,4.782,7843817
13.186,1790928585.790,open,63,33,150.016,0.326,351.0,0,63,0,55,5.838,4.782,7849609
13.196,1790928585.800,open,63,33,150.056,0.253,351.0,0,63,0,55,5.836,4.782,7855401
13.206,1790928585.810,open,63,33,150.087,0.196,351.0,0,63,0,55,5.835,4.782,7861193
13.216,1790928585.820,open,63,33,150.111,0.151,351.0,0,63,0,55,5.834,4.782,7866985
13.226,1790928585.830,open,63,33,150.129,0.116,351.0,0,63,0,55,5.833,4.782,7872777
13.236,1790928585.840,open,63,33,150.143,0.089,351.0,0,63,0,55,5.833,4.782,7878569
13.246,1790928585.851,open,63,33,150.461,0.666,351.0,0,63,0,55,5.82,4.782,7887257
13.256,1790928585.861,open,64,33,150.397,0.484,351.0,0,64,0,55,5.915,4.782,7891601
13.266,1790928585.871,open,64,33,150.916,1.171,351.0,0,64,0,55,5.895,4.782,7897393
13.277,1790928585.881,open,64,33,151.312,1.346,352.0,0,64,0,55,5.88,4.782,7903185
13.287,1790928585.891,open,64,33,151.616,1.284,352.0,0,64,0,55,5.868,4.782,7908977
13.297,1790928585.901,open,64,33,151.848,1.124,352.0,0,64,0,55,5.859,4.782,7914769
13.307,1790928585.911,open,64,33,152.102,0.856,353.0,0,64,0,55,5.849,4.782,7923457
13.317,1790928585.921,open,64,33,152.223,0.69,353.0,0,64,0,55,5.844,4.782,7929249
13.327,1790928585.931,open,64,33,152.315,0.548,353.0,0,64,0,55,5.841,4.782,7935041
13.337,1790928585.942,open,64,33,152.384,0.428,353.0,0,64,0,55,5.838,4.782,7940833
13.347,1790928585.952,open,64,33,152.437,0.333,353.0,0,64,0,55,5.836,4.782,7946625
13.357,1790928585.962,open,64,33,152.478,0.258,353.0,0,64,0,55,5.835,4.782,7952417
13.368,1790928585.972,open,64,33,152.509,0.199,353.0,0,64,0,55,5.833,4.782,7958209
13.378,1790928585.982,open,64,33,152.533,0.153,353.0,0,64,0,55,5.832,4.782,7964001
13.388,1790928585.992,open,64,33,152.551,0.117,353.0,0,64,0,55,5.832,4.782,7969793
13.398,1790928586.002,open,64,33,152.565,0.091,353.0,0,64,0,55,5.831,4.782,7975585
13.408,1790928586.012,open,64,33,152.844,0.571,353.0,0,64,0,55,5.821,4.782,7982825
13.418,1790928586.022,open,65,33,153.799,1.545,354.0,0,65,0,55,5.875,4.782,7990065
13.428,1790928586.033,open,65,33,154.088,1.371,355.0,0,65,0,55,5.864,4.782,7995857
13.438,1790928586.043,open,65,33,154.31,1.155,355.0,0,65,0,55,5.855,4.782,8001649
13.448,1790928586.053,open,65,33,154.479,0.943,355.0,0,65,0,55,5.849,4.782,8007441
13.459,1790928586.063,open,65,33,154.605,0.747,355.0,0,65,0,55,5.844,4.783,8013233
13.469,1790928586.073,open,65,33,154.705,0.594,355.0,0,65,0,55,5.84,4.782,8019025
13.479,1790928586.083,open,65,33,154.78,0.464,355.0,0,65,0,55,5.838,4.782,8024817
13.489,1790928586.093,open,65,33,154.839,0.363,355.0,0,65,0,55,5.835,4.782,8030609
13.499,1790928586.103,open,65,33,154.884,0.283,355.0,0,65,0,55,5.834,4.782,8036401
13.509,1790928586.113,open,65,33,154.919,0.219,355.0,0,65,0,55,5.832,4.782,8042193
13.519,1790928586.123,open,65,33,154.945,0.169,355.0,0,65,0,55,5.831,4.782,8047985
13.529,1790928586.133,open,65,33,154.966,0.13,355.0,0,65,0,55,5.831,4.782,8053777
13.539,1790928586.143,open,65,33,154.982,0.101,355.0,0,65,0,55,5.83,4.782,8059569
13.549,1790928586.153,open,65,33,155.0,0.07,355.0,0,65,0,55,5.829,4.782,8068257
13.559,1790928586.163,open,65,33,155.007,0.052,356.0,0,65,0,55,5.829,4.782,8074049
13.569,1790928586.174,open,66,33,155.278,0.559,356.0,0,66,0,55,5.908,4.782,8078393
13.579,1790928586.184,open,66,33,155.788,1.198,356.0,0,66,0,55,5.889,4.782,8084185
13.589,1790928586.194,open,66,33,156.178,1.35,357.0,0,66,0,55,5.874,4.782,8089977
13.599,1790928586.204,open,66,33,156.477,1.278,357.0,0,66,0,55,5.863,4.782,8095769
13.610,1790928586.214,open,66,33,156.801,1.025,357.0,0,66,0,55,5.851,4.782,8104457
13.620,1790928586.224,open,66,33,156.954,0.842,357.0,0,66,0,55,5.845,4.782,8110249
13.630,1790928586.234,open,66,33,157.071,0.677,358.0,0,66,0,55,5.841,4.782,8116041
13.640,1790928586.244,open,66,33,157.161,0.537,358.0,0,66,0,55,5.838,4.782,8121833
13.650,1790928586.254,open,66,33,157.23,0.421,358.0,0,66,0,55,5.835,4.782,8127625
13.660,1790928586.264,open,66,33,157.282,0.328,358.0,0,66,0,55,5.833,4.782,8133417
13.670,1790928586.274,open,66,33,157.323,0.255,358.0,0,66,0,55,5.832,4.782,8139209
13.680,1790928586.284,open,66,33,157.354,0.197,358.0,0,66,0,55,5.83,4.782,8145001
13.690,1790928586.294,open,66,33,157.377,0.151,358.0,0,66,0,55,5.83,4.782,8150793
13.700,1790928586.304,open,66,33,157.396,0.117,358.0,0,66,0,55,5.829,4.782,8156585
13.710,1790928586.315,open,66,33,157.408,0.087,358.0,0,66,0,55,5.828,4.782,8162377
13.720,1790928586.325,open,66,33,157.419,0.068,358.0,0,66,0,55,5.828,4.782,8168169
13.730,1790928586.335,open,67,33,157.73,0.658,358.0,0,67,0,55,5.905,4.782,8173961
13.740,1790928586.345,open,67,33,158.439,1.343,359.0,0,67,0,55,5.878,4.782,8182649
13.750,1790928586.355,open,67,33,158.776,1.34,359.0,0,67,0,55,5.866,4.782,8188441
13.761,1790928586.365,open,67,33,159.033,1.2,360.0,0,67,0,55,5.856,4.782,8194233
13.771,1790928586.375,open,67,33,159.231,1.017,360.0,0,67,0,55,5.849,4.782,8200025
13.781,1790928586.385,open,67,33,159.382,0.835,360.0,0,67,0,55,5.844,4.782,8205817
13.791,1790928586.395,open,67,33,159.498,0.67,360.0,0,67,0,55,5.839,4.782,8211609
13.801,1790928586.405,open,67,33,159.587,0.53,360.0,0,67,0,55,5.836,4.782,8217401
13.811,1790928586.415,open,67,33,159.655,0.416,360.0,0,67,0,55,5.834,4.782,8223193
13.821,1790928586.425,open,67,33,159.707,0.325,360.0,0,67,0,55,5.832,4.782,8228985
13.831,1790928586.435,open,67,33,159.752,0.261,360.0,0,67,0,55,5.83,4.781,8234777
13.841,1790928586.445,open,67,33,159.781,0.198,360.0,0,67,0,55,5.829,4.782,8240569
13.851,1790928586.455,open,67,33,159.81,0.161,360.0,0,67,0,55,5.828,4.781,8246361
13.861,1790928586.466,open,67,33,159.839,0.144,360.0,0,67,0,55,5.827,4.779,8252153
13.871,1790928586.476,open,67,33,159.857,0.084,360.0,0,67,0,55,5.826,4.782,8260841
13.881,1790928586.486,open,67,33,159.862,0.056,360.0,0,67,0,55,5.826,4.782,8266633
13.891,1790928586.496,disorder,67,33,159.602,0.168,360.0,0,69,0,55,5.923,4.782,8269529
13.902,1790928586.506,recovery,64,33,159.577,0.801,360.0,0,70,1,56,6.098,4.752,8269529
13.912,1790928586.516,recovery,62,33,159.648,1.082,360.0,0,72,1,56,6.269,4.752,8269529
13.922,1790928586.526,recovery,60,33,159.689,1.211,360.0,0,74,1,56,6.442,4.752,8269529
13.932,1790928586.536,recovery,58,33,159.712,1.266,360.0,0,76,1,56,6.615,4.752,8269529
13.942,1790928586.546,recovery,56,33,159.726,1.285,360.0,0,78,1,56,6.788,4.752,8269529
13.952,1790928586.556,recovery,54,33,159.734,1.291,360.0,0,80,1,56,6.962,4.752,8269529
13.962,1790928586.566,recovery,52,33,159.578,1.29,360.0,0,83,1,56,7.143,4.71,8269529
13.972,1790928586.576,recovery,50,33,159.581,1.29,360.0,0,85,1,56,7.317,4.71,8269529
13.982,1790928586.586,recovery,48,33,159.581,1.292,360.0,0,87,1,56,7.491,4.709,8269529
13.992,1790928586.596,recovery,46,33,159.575,1.284,360.0,0,89,1,56,7.666,4.71,8269529
14.002,1790928586.607,recovery,44,33,159.575,1.291,360.0,0,91,1,56,7.84,4.709,8269529
14.012,1790928586.617,recovery,42,33,159.574,1.284,360.0,0,93,1,56,8.014,4.709,8269529
14.023,1790928586.627,recovery,39,33,159.725,1.273,360.0,0,95,1,56,8.268,4.753,8269529
14.033,1790928586.637,recovery,37,33,159.74,1.288,360.0,0,97,1,56,8.441,4.752,8269529
14.043,1790928586.647,recovery,35,33,159.75,1.286,360.0,0,99,1,56,8.615,4.752,8269529
14.053,1790928586.657,open,33,33,160.013,0.89,361.0,0,33,0,56,2.867,4.782,8369441
14.063,1790928586.667,open,33,33,159.142,1.052,360.0,0,33,0,56,2.882,4.533,8375233
14.073,1790928586.677,open,33,33,156.204,1.712,357.0,0,33,0,56,2.937,4.24,8381025
14.083,1790928586.687,open,33,33,151.685,2.72,352.0,0,33,0,56,3.024,3.948,8386817
14.093,1790928586.698,open,33,33,145.953,3.964,346.0,0,33,0,56,3.143,3.655,8392609
14.103,1790928586.708,open,33,33,139.293,5.36,340.0,0,33,0,56,3.293,3.363,8398401
14.113,1790928586.718,open,33,33,131.922,6.844,332.0,0,33,0,56,3.477,3.07,8404193
14.124,1790928586.728,open,33,33,124.006,8.371,325.0,0,33,0,56,3.699,2.778,8409985
14.134,1790928586.738,open,34,33,115.673,9.907,316.0,0,34,0,56,4.086,2.376,8415777
14.144,1790928586.748,open,34,33,104.107,11.803,305.0,0,34,0,56,4.54,2.562,8423017
14.154,1790928586.758,open,34,33,98.442,12.469,299.0,0,34,0,56,4.801,2.74,8428809
14.164,1790928586.768,open,34,33,94.105,12.768,295.0,0,34,0,56,5.022,2.945,8434601
14.174,1790928586.778,open,34,33,90.784,12.71,291.0,0,34,0,56,5.206,3.182,8440393
14.184,1790928586.788,open,34,33,88.244,11.55,289.0,0,34,0,56,5.356,3.461,8446185
14.194,1790928586.798,open,34,33,86.298,9.87,287.0,0,34,0,56,5.477,3.796,8451977
14.204,1790928586.808,open,34,33,84.809,8.133,285.0,0,34,0,56,5.573,4.199,8457769
14.214,1790928586.818,open,34,33,83.668,6.552,284.0,0,34,0,56,5.649,4.782,8463561
14.224,1790928586.829,open,35,33,83.771,3.481,284.0,0,35,0,56,5.808,4.782,8470801
14.234,1790928586.839,open,35,33,83.441,2.532,284.0,0,35,0,56,5.831,4.782,8475145
14.244,1790928586.849,open,35,33,83.083,1.605,284.0,0,35,0,56,5.856,4.782,8483833
14.254,1790928586.859,open,35,33,82.913,1.198,283.0,0,35,0,56,5.868,4.782,8489625
14.265,1790928586.869,open,35,33,82.784,0.898,283.0,0,35,0,56,5.877,4.782,8495417
14.275,1790928586.879,open,35,33,82.697,0.652,283.0,0,35,0,56,5.883,4.776,8501209
14.285,1790928586.889,open,35,33,82.628,0.482,283.0,0,35,0,56,5.888,4.777,8507001
14.295,1790928586.899,open,35,33,82.566,0.38,283.0,0,35,0,56,5.893,4.782,8512793
14.305,1790928586.909,open,36,33,83.124,1.419,284.0,0,36,0,56,6.02,4.782,8518585
14.315,1790928586.919,open,36,33,83.939,1.805,284.0,0,36,0,56,5.962,4.781,8525825
14.325,1790928586.929,open,36,33,84.144,1.372,285.0,0,36,0,56,5.947,4.779,8531617
14.335,1790928586.940,open,36,33,84.295,1.033,285.0,0,36,0,56,5.937,4.782,8537409
14.345,1790928586.950,open,36,33,84.409,0.779,285.0,0,36,0,56,5.929,4.782,8543201
14.355,1790928586.960,open,36,33,84.494,0.586,285.0,0,36,0,56,5.923,4.782,8548993
14.366,1790928586.970,open,36,33,84.551,0.431,285.0,0,36,0,56,5.919,4.782,8554785
14.376,1790928586.980,open,36,33,84.596,0.325,285.0,0,36,0,56,5.915,4.781,8560577
14.386,1790928586.990,open,36,33,84.639,0.258,285.0,0,36,0,56,5.912,4.782,8566369
14.396,1790928587.000,open,37,33,85.523,1.55,286.0,0,37,0,56,6.014,4.78,8573609
14.406,1790928587.010,open,37,33,86.219,2.159,287.0,0,37,0,56,5.965,4.781,8579401
14.416,1790928587.020,open,37,33,86.538,1.391,287.0,0,37,0,56,5.943,4.782,8586641
14.426,1790928587.030,open,37,33,86.695,1.054,287.0,0,37,0,56,5.933,4.782,8592433
14.436,1790928587.041,open,37,33,86.815,0.802,287.0,0,37,0,56,5.924,4.782,8598225
14.446,1790928587.051,open,37,33,86.907,0.61,287.0,0,37,0,56,5.918,4.782,8604017
14.456,1790928587.061,open,37,33,86.978,0.466,287.0,0,37,0,56,5.913,4.782,8609809
14.467,1790928587.071,open,37,33,87.031,0.354,288.0,0,37,0,56,5.91,4.782,8615601
14.477,1790928587.081,open,38,33,87.073,0.272,288.0,0,38,0,56,6.067,4.782,8621393
14.487,1790928587.091,open,38,33,87.408,0.813,288.0,0,38,0,56,6.043,4.783,8627185
14.497,1790928587.101,open,38,33,87.934,1.369,288.0,0,38,0,56,6.007,4.781,8632977
14.507,1790928587.111,open,38,33,88.732,1.646,289.0,0,38,0,56,5.953,4.781,8640217
14.517,1790928587.122,open,38,33,88.948,1.3,289.0,0,38,0,56,5.939,4.781,8646009
14.527,1790928587.132,open,38,33,89.111,1.012,290.0,0,38,0,56,5.928,4.782,8651801
14.537,1790928587.142,open,38,33,89.232,0.78,290.0,0,38,0,56,5.92,4.782,8657593
14.547,1790928587.152,open,38,33,89.326,0.601,290.0,0,38,0,56,5.914,4.782,8663385
14.558,1790928587.162,open,38,33,89.396,0.461,290.0,0,38,0,56,5.909,4.782,8669177
14.568,1790928587.172,open,38,33,89.45,0.352,290.0,0,38,0,56,5.905,4.782,8674969
14.578,1790928587.182,open,39,33,90.534,1.645,291.0,0,39,0,56,5.988,4.783,8682209
14.588,1790928587.192,open,39,33,90.883,1.531,291.0,0,39,0,56,5.965,4.783,8688001
14.598,1790928587.202,open,39,33,91.532,1.604,292.0,0,39,0,56,5.923,4.781,8695241
14.608,1790928587.212,open,39,33,91.657,1.119,292.0,0,39,0,56,5.915,4.781,8701033
14.618,1790928587.222,open,39,33,91.747,0.786,292.0,0,39,0,56,5.909,4.782,8706825
14.628,1790928587.233,open,39,33,91.821,0.572,292.0,0,39,0,56,5.904,4.781,8712617
14.638,1790928587.243,open,39,33,91.875,0.415,292.0,0,39,0,56,5.901,4.782,8718409
14.648,1790928587.253,open,39,33,91.917,0.307,292.0,0,39,0,56,5.898,4.782,8724201
14.658,1790928587.263,open,39,33,91.949,0.226,292.0,0,39,0,56,5.896,4.782,8729993
14.669,1790928587.273,open,40,33,92.276,0.776,293.0,0,40,0,56,6.026,4.782,8735785
14.679,1790928587.283,open,40,33,92.792,1.331,293.0,0,40,0,56,5.992,4.782,8741577
14.689,1790928587.293,open,40,33,93.185,1.43,294.0,0,40,0,56,5.967,4.782,8747369
14.699,1790928587.303,open,40,33,93.867,1.607,294.0,0,40,0,56,5.924,4.783,8754609
14.709,1790928587.313,open,40,33,94.007,1.147,295.0,0,40,0,56,5.915,4.782,8760401
14.719,1790928587.323,open,40,33,94.12,0.842,295.0,0,40,0,56,5.908,4.781,8766193
14.729,1790928587.333,open,40,33,94.205,0.62,295.0,0,40,0,56,5.902,4.781,8771985
14.739,1790928587.344,open,40,33,94.271,0.464,295.0,0,40,0,56,5.898,4.781,8777777
14.749,1790928587.354,open,40,33,94.317,0.34,295.0,0,40,0,56,5.895,4.782,8783569
14.759,1790928587.364,open,40,33,94.352,0.253,295.0,0,40,0,56,5.893,4.782,8789361
14.769,1790928587.374,open,41,33,95.421,1.581,296.0,0,41,0,56,5.973,4.783,8796601
14.780,1790928587.384,open,41,33,95.764,1.484,296.0,0,41,0,56,5.951,4.782,8802393
14.790,1790928587.394,open,41,33,96.027,1.291,297.0,0,41,0,56,5.935,4.782,8808185
14.800,1790928587.404,open,41,33,96.573,1.345,297.0,0,41,0,56,5.902,4.783,8815425
14.810,1790928587.414,open,41,33,96.654,0.898,297.0,0,41,0,56,5.897,4.78,8821217
14.820,1790928587.424,open,41,33,96.71,0.602,297.0,0,41,0,56,5.893,4.782,8827009
14.830,1790928587.434,open,41,33,96.753,0.413,297.0,0,41,0,56,5.891,4.782,8832801
14.840,1790928587.444,open,41,33,96.788,0.294,297.0,0,41,0,56,5.888,4.781,8838593
14.850,1790928587.454,open,41,33,96.815,0.212,297.0,0,41,0,56,5.887,4.782,8844385
14.860,1790928587.464,open,42,33,96.839,0.16,297.0,0,42,0,56,6.029,4.781,8850177
14.870,1790928587.474,open,42,33,97.424,1.105,298.0,0,42,0,56,5.993,4.781,8855969
14.880,1790928587.485,open,42,33,97.873,1.4,298.0,0,42,0,56,5.965,4.781,8861761
14.890,1790928587.495,open,42,33,98.216,1.382,299.0,0,42,0,56,5.944,4.781,8867553
14.900,1790928587.505,open,42,33,98.488,1.252,299.0,0,42,0,56,5.928,4.777,8873345
14.911,1790928587.515,open,42,33,99.0,1.167,299.0,0,42,0,56,5.897,4.781,8880585
14.921,1790928587.525,open,42,33,99.071,0.777,300.0,0,42,0,56,5.893,4.783,8886377
14.931,1790928587.535,open,42,33,99.126,0.534,300.0,0,42,0,56,5.89,4.782,8892169
14.941,1790928587.545,open,42,33,99.171,0.378,300.0,0,42,0,56,5.887,4.782,8897961
14.951,1790928587.555,open,42,33,99.216,0.288,300.0,0,42,0,56,5.884,4.781,8903753
14.961,1790928587.565,open,42,33,99.239,0.203,300.0,0,42,0,56,5.883,4.782,8909545
14.971,1790928587.575,open,43,33,100.289,1.532,301.0,0,43,0,56,5.96,4.783,8916785
14.981,1790928587.585,open,43,33,100.623,1.442,301.0,0,43,0,56,5.94,4.783,8922577
14.991,1790928587.595,open,43,33,100.88,1.257,301.0,0,43,0,56,5.925,4.783,8928369
15.001,1790928587.605,open,43,33,101.073,1.039,302.0,0,43,0,56,5.914,4.785,8934161
15.011,1790928587.615,open,43,33,101.547,1.127,302.0,0,43,0,56,5.886,4.785,8941401
15.021,1790928587.626,open,43,33,101.594,0.716,302.0,0,43,0,56,5.884,4.781,8947193
15.031,1790928587.636,open,43,33,101.629,0.462,302.0,0,43,0,56,5.882,4.782,8952985
15.041,1790928587.646,open,43,33,101.659,0.311,302.0,0,43,0,56,5.88,4.782,8958777
15.051,1790928587.656,open,43,33,101.681,0.214,302.0,0,43,0,56,5.878,4.781,8964569
15.062,1790928587.666,open,43,33,101.7,0.154,302.0,0,43,0,56,5.877,4.78,8970361
15.072,1790928587.676,open,44,33,102.024,0.731,303.0,0,44,0,56,5.995,4.779,8976153
15.082,1790928587.686,open,44,33,102.533,1.294,303.0,0,44,0,56,5.965,4.78,8981945
15.092,1790928587.696,open,44,33,102.92,1.399,303.0,0,44,0,56,5.943,4.781,8987737
15.102,1790928587.706,open,44,33,103.33,1.205,304.0,0,44,0,56,5.919,4.782,8996425
15.112,1790928587.716,open,44,33,103.526,1.017,304.0,0,44,0,56,5.908,4.782,9002217
15.122,1790928587.726,open,44,33,103.941,1.211,304.0,0,44,0,56,5.884,4.782,9006561
15.132,1790928587.736,open,44,33,103.992,0.771,304.0,0,44,0,56,5.882,4.782,9012353
15.142,1790928587.746,open,44,33,104.026,0.49,305.0,0,44,0,56,5.88,4.784,9018145
15.152,1790928587.756,open,44,33,104.05,0.314,305.0,0,44,0,56,5.878,4.785,9023937
15.162,1790928587.767,open,44,33,104.086,0.185,305.0,0,44,0,56,5.876,4.784,9032625
15.172,1790928587.777,open,45,33,104.714,1.355,305.0,0,44,0,56,5.974,4.779,9038417
15.182,1790928587.787,open,45,33,105.146,1.513,306.0,0,45,0,56,5.949,4.782,9042761
15.192,1790928587.797,open,45,33,105.483,1.435,306.0,0,45,0,56,5.93,4.782,9048553
15.203,1790928587.807,open,45,33,105.741,1.255,306.0,0,45,0,56,5.916,4.782,9054345
15.213,1790928587.817,open,45,33,105.946,1.059,306.0,0,45,0,56,5.904,4.782,9060137
15.223,1790928587.827,open,45,33,106.094,0.851,307.0,0,45,0,56,5.896,4.783,9065929
15.233,1790928587.837,open,45,33,106.513,0.97,307.0,0,45,0,56,5.873,4.783,9073169
15.243,1790928587.847,open,45,33,106.524,0.565,307.0,0,45,0,56,5.872,4.783,9078961
15.253,1790928587.857,open,45,33,106.533,0.333,307.0,0,45,0,56,5.872,4.783,9084753
15.263,1790928587.867,open,45,33,106.54,0.198,307.0,0,45,0,56,5.871,4.783,9090545
15.273,1790928587.877,open,45,33,106.539,0.126,307.0,0,45,0,56,5.871,4.783,9096337
15.283,1790928587.887,open,46,33,106.54,0.078,307.0,0,46,0,56,6.002,4.785,9102129
15.293,1790928587.898,open,46,33,107.344,1.24,308.0,0,46,0,56,5.957,4.784,9110817
15.304,1790928587.908,open,46,33,107.731,1.369,308.0,0,46,0,56,5.935,4.782,9116609
15.314,1790928587.918,open,46,33,108.018,1.265,309.0,0,46,0,56,5.92,4.785,9122401
15.324,1790928587.928,open,46,33,108.25,1.115,309.0,0,46,0,56,5.907,4.781,9128193
15.334,1790928587.938,open,46,33,108.427,0.935,309.0,0,46,0,56,5.897,4.782,9133985
15.344,1790928587.948,open,46,33,108.887,1.064,309.0,0,46,0,56,5.872,4.782,9141225
15.354,1790928587.958,open,46,33,108.915,0.648,309.0,0,46,0,56,5.871,4.782,9147017
15.364,1790928587.968,open,46,33,108.936,0.401,309.0,0,46,0,56,5.87,4.782,9152809
15.374,1790928587.978,open,46,33,108.958,0.263,309.0,0,46,0,56,5.869,4.781,9158601
15.384,1790928587.989,open,46,33,108.974,0.177,309.0,0,46,0,56,5.868,4.781,9164393
15.394,1790928587.999,open,47,33,109.593,1.333,310.0,0,46,0,56,5.961,4.781,9170185
15.404,1790928588.009,open,47,33,110.028,1.504,311.0,0,47,0,56,5.938,4.781,9174529
15.414,1790928588.019,open,47,33,110.491,1.328,311.0,0,47,0,56,5.913,4.782,9183217
15.425,1790928588.029,open,47,33,110.711,1.128,311.0,0,47,0,56,5.901,4.782,9189009
15.435,1790928588.039,open,47,33,110.873,0.915,311.0,0,47,0,56,5.893,4.784,9194801
15.445,1790928588.049,open,47,33,111.002,0.739,312.0,0,47,0,56,5.886,4.782,9200593
15.455,1790928588.059,open,47,33,111.099,0.584,312.0,0,47,0,56,5.881,4.783,9206385
15.465,1790928588.069,open,47,33,111.441,0.848,312.0,0,47,0,56,5.863,4.782,9210729
15.475,1790928588.079,open,47,33,111.437,0.364,312.0,0,47,0,56,5.863,4.782,9219417
15.485,1790928588.089,open,47,33,111.431,0.216,312.0,0,47,0,56,5.863,4.783,9225209
15.495,1790928588.099,open,47,33,111.425,0.131,312.0,0,47,0,56,5.863,4.783,9231001
15.505,1790928588.109,open,48,33,111.422,0.079,312.0,0,48,0,56,5.988,4.783,9236793
15.515,1790928588.119,open,48,33,111.986,1.024,312.0,0,48,0,56,5.958,4.783,9242585
15.525,1790928588.130,open,48,33,112.42,1.329,313.0,0,48,0,56,5.935,4.782,9248377
15.535,1790928588.140,open,48,33,112.756,1.329,313.0,0,48,0,56,5.918,4.782,9254169
15.545,1790928588.150,open,48,33,113.012,1.192,314.0,0,48,0,56,5.904,4.782,9259961
15.555,1790928588.160,open,48,33,113.208,1.01,314.0,0,48,0,56,5.894,4.782,9265753
15.566,1790928588.170,open,48,33,113.359,0.829,314.0,0,48,0,56,5.886,4.782,9271545
15.576,1790928588.180,open,48,33,113.474,0.666,314.0,0,48,0,56,5.88,4.782,9277337
15.586,1790928588.190,open,48,33,113.831,0.686,314.0,0,48,0,56,5.862,4.782,9284577
15.596,1790928588.200,open,48,33,113.835,0.394,314.0,0,48,0,56,5.861,4.782,9290369
15.606,1790928588.210,open,48,33,113.839,0.228,314.0,0,48,0,56,5.861,4.782,9296161
15.616,1790928588.220,open,48,33,113.842,0.132,314.0,0,48,0,56,5.861,4.782,9301953
15.626,1790928588.230,open,49,33,114.677,1.422,315.0,0,49,0,56,5.94,4.782,9309193
15.636,1790928588.240,open,49,33,115.05,1.447,316.0,0,49,0,56,5.92,4.782,9314985
15.646,1790928588.250,open,49,33,115.337,1.311,316.0,0,49,0,56,5.906,4.782,9320777
15.656,1790928588.260,open,49,33,115.556,1.117,316.0,0,49,0,56,5.894,4.782,9326569
15.666,1790928588.271,open,49,33,115.724,0.92,316.0,0,49,0,56,5.886,4.782,9332361
15.676,1790928588.281,open,49,33,115.853,0.741,316.0,0,49,0,56,5.879,4.782,9338153
15.686,1790928588.291,open,49,33,115.951,0.587,316.0,0,49,0,56,5.874,4.782,9343945
15.696,1790928588.301,open,49,33,116.027,0.461,317.0,0,49,0,56,5.871,4.782,9349737
15.707,1790928588.311,open,49,33,116.34,0.605,317.0,0,49,0,56,5.855,4.782,9356977
15.717,1790928588.321,open,49,33,116.351,0.359,317.0,0,49,0,56,5.854,4.778,9362769
15.727,1790928588.331,open,49,33,116.359,0.217,317.0,0,49,0,56,5.854,4.777,9368561
15.737,1790928588.341,open,49,33,116.366,0.133,317.0,0,49,0,56,5.853,4.777,9374353
15.747,1790928588.351,open,50,33,116.673,0.688,317.0,0,50,0,56,5.957,4.778,9380145
15.757,1790928588.361,open,50,33,117.174,1.255,318.0,0,50,0,56,5.932,4.777,9385937
15.767,1790928588.371,open,50,33,117.562,1.38,318.0,0,50,0,56,5.912,4.777,9391729
15.777,1790928588.381,open,50,33,117.86,1.292,318.0,0,50,0,56,5.897,4.777,9397521
15.787,1790928588.391,open,50,33,118.087,1.121,319.0,0,50,0,56,5.886,4.777,9403313
15.797,1790928588.402,open,50,33,118.337,0.847,319.0,0,50,0,56,5.873,4.777,9412001
15.807,1790928588.412,open,50,33,118.457,0.684,319.0,0,50,0,56,5.867,4.777,9417793
15.817,1790928588.422,open,50,33,118.548,0.543,319.0,0,50,0,56,5.863,4.776,9423585
15.827,1790928588.432,open,50,33,118.887,0.814,319.0,0,50,0,56,5.846,4.774,9427929
15.838,1790928588.442,open,50,33,118.858,0.505,319.0,0,50,0,56,5.848,4.778,9433721
15.848,1790928588.452,open,50,33,118.824,0.345,319.0,0,50,0,56,5.849,4.782,9439513
15.858,1790928588.462,open,50,33,118.782,0.208,319.0,0,50,0,56,5.851,4.782,9448201
15.868,1790928588.472,open,51,33,119.595,1.445,320.0,0,51,0,56,5.928,4.782,9452545
15.878,1790928588.482,open,51,33,119.952,1.432,320.0,0,51,0,56,5.91,4.782,9458337
15.888,1790928588.492,open,51,33,120.223,1.277,321.0,0,51,0,56,5.897,4.782,9464129
15.898,1790928588.502,open,51,33,120.433,1.082,321.0,0,51,0,56,5.887,4.782,9469921
15.908,1790928588.512,open,51,33,120.594,0.887,321.0,0,51,0,56,5.879,4.782,9475713
15.918,1790928588.522,open,51,33,120.764,0.629,321.0,0,51,0,56,5.87,4.782,9484401
15.928,1790928588.533,open,51,33,120.851,0.505,321.0,0,51,0,56,5.866,4.782,9490193
15.938,1790928588.543,open,51,33,120.917,0.4,321.0,0,51,0,56,5.863,4.781,9495985
15.948,1790928588.553,open,51,33,121.269,0.915,322.0,0,51,0,56,5.846,4.78,9501777
15.958,1790928588.563,open,51,33,121.222,0.597,322.0,0,51,0,56,5.848,4.785,9506121
15.969,1790928588.573,open,51,33,121.206,0.366,322.0,0,51,0,56,5.849,4.782,9511913
15.979,1790928588.583,open,51,33,121.19,0.233,322.0,0,51,0,56,5.85,4.781,9517705
15.989,1790928588.593,open,52,33,121.781,1.313,322.0,0,52,0,56,5.936,4.781,9526393
15.999,1790928588.603,open,52,33,122.198,1.462,323.0,0,52,0,56,5.915,4.781,9532185
16.009,1790928588.613,open,52,33,122.513,1.367,323.0,0,52,0,56,5.9,4.783,9537977
16.019,1790928588.623,open,52,33,122.749,1.179,323.0,0,52,0,56,5.889,4.783,9543769
16.029,1790928588.633,open,52,33,122.93,0.976,323.0,0,52,0,56,5.88,4.783,9549561
16.039,1790928588.643,open,52,33,123.068,0.788,324.0,0,52,0,56,5.873,4.783,9555353
16.049,1790928588.653,open,52,33,123.163,0.606,324.0,0,52,0,56,5.869,4.786,9561145
16.059,1790928588.664,open,52,33,123.246,0.485,324.0,0,52,0,56,5.865,4.783,9566937
16.069,1790928588.674,open,52,33,123.303,0.372,324.0,0,52,0,56,5.862,4.783,9572729
16.079,1790928588.684,open,52,33,123.632,0.701,324.0,0,52,0,56,5.847,4.783,9579969
16.089,1790928588.694,open,52,33,123.599,0.45,324.0,0,52,0,56,5.848,4.783,9585761
16.100,1790928588.704,open,52,33,123.58,0.286,324.0,0,52,0,56,5.849,4.783,9591553
16.110,1790928588.714,open,52,33,123.564,0.189,324.0,0,52,0,56,5.85,4.783,9597345
16.120,1790928588.724,open,53,33,124.382,1.432,325.0,0,53,0,56,5.923,4.783,9604585
16.130,1790928588.734,open,53,33,124.747,1.439,325.0,0,53,0,56,5.906,4.783,9610377
16.140,1790928588.744,open,53,33,125.031,1.302,326.0,0,53,0,56,5.892,4.782,9616169
16.150,1790928588.754,open,53,33,125.25,1.11,326.0,0,53,0,56,5.882,4.782,9621961
16.160,1790928588.764,open,53,33,125.417,0.916,326.0,0,53,0,56,5.874,4.782,9627753
16.170,1790928588.775,open,53,33,125.545,0.737,326.0,0,53,0,56,5.868,4.782,9633545
16.180,1790928588.785,open,53,33,125.644,0.585,326.0,0,53,0,56,5.864,4.782,9639337
16.191,1790928588.795,open,53,33,125.719,0.459,326.0,0,53,0,56,5.86,4.782,9645129
16.201,1790928588.805,open,53,33,125.776,0.358,326.0,0,53,0,56,5.858,4.782,9650921
16.211,1790928588.815,open,53,33,125.838,0.244,326.0,0,53,0,56,5.855,4.782,9658161
16.221,1790928588.825,open,53,33,125.869,0.191,326.0,0,53,0,56,5.853,4.782,9663953
16.231,1790928588.835,open,53,33,125.893,0.148,326.0,0,53,0,56,5.852,4.782,9669745
16.241,1790928588.845,open,54,33,125.912,0.118,326.0,0,54,0,56,5.962,4.781,9675537
16.251,1790928588.855,open,54,33,126.229,0.695,327.0,0,54,0,56,5.947,4.782,9681329
16.261,1790928588.865,open,54,33,126.734,1.267,327.0,0,54,0,56,5.923,4.782,9687121
16.271,1790928588.875,open,54,33,127.121,1.384,328.0,0,54,0,56,5.905,4.782,9692913
16.281,1790928588.886,open,54,33,127.418,1.293,328.0,0,54,0,56,5.891,4.782,9698705
16.291,1790928588.896,open,54,33,127.743,1.035,328.0,0,54,0,56,5.876,4.781,9707393
16.301,1790928588.906,open,54,33,127.901,0.855,328.0,0,54,0,56,5.869,4.781,9713185
16.312,1790928588.916,open,54,33,128.02,0.688,329.0,0,54,0,56,5.863,4.781,9718977
16.322,1790928588.926,open,54,33,128.109,0.54,329.0,0,54,0,56,5.859,4.782,9724769
16.332,1790928588.936,open,54,33,128.175,0.419,329.0,0,54,0,56,5.856,4.782,9730561
16.342,1790928588.946,open,54,33,128.491,0.76,329.0,0,54,0,56,5.842,4.782,9734905
16.352,1790928588.956,open,54,33,128.453,0.378,329.0,0,54,0,56,5.844,4.782,9743593
16.362,1790928588.966,open,54,33,128.437,0.241,329.0,0,54,0,56,5.844,4.782,9749385
16.372,1790928588.976,open,55,33,129.026,1.344,330.0,0,54,0,56,5.925,4.782,9755177
16.382,1790928588.986,open,55,33,129.443,1.479,330.0,0,55,0,56,5.906,4.782,9759521
16.392,1790928588.997,open,55,33,129.764,1.388,330.0,0,55,0,56,5.892,4.782,9765313
16.402,1790928589.007,open,55,33,130.009,1.205,331.0,0,55,0,56,5.881,4.782,9771105
16.413,1790928589.017,open,55,33,130.273,0.907,331.0,0,55,0,56,5.869,4.782,9779793
16.423,1790928589.027,open,55,33,130.4,0.729,331.0,0,55,0,56,5.863,4.782,9785585
16.433,1790928589.037,open,55,33,130.495,0.575,331.0,0,55,0,56,5.859,4.782,9791377
16.443,1790928589.047,open,55,33,130.565,0.445,331.0,0,55,0,56,5.856,4.783,9797169
16.453,1790928589.057,open,55,33,130.621,0.348,331.0,0,55,0,56,5.853,4.782,9802961
16.463,1790928589.067,open,55,33,130.701,0.324,331.0,0,55,0,56,5.85,4.782,9808753
16.473,1790928589.077,open,55,33,131.003,0.679,332.0,0,55,0,56,5.836,4.782,9815993
16.483,1790928589.088,open,55,33,130.96,0.457,331.0,0,55,0,56,5.838,4.782,9821785
16.493,1790928589.098,open,55,33,130.926,0.316,331.0,0,55,0,56,5.839,4.782,9827577
16.503,1790928589.108,open,56,33,130.9,0.222,331.0,0,56,0,56,5.947,4.782,9833369
16.513,1790928589.118,open,56,33,131.448,1.074,332.0,0,56,0,56,5.922,4.782,9839161
16.524,1790928589.128,open,56,33,131.867,1.33,332.0,0,56,0,56,5.903,4.782,9844953
16.534,1790928589.138,open,56,33,132.188,1.304,333.0,0,56,0,56,5.889,4.782,9850745
16.544,1790928589.148,open,56,33,132.433,1.159,333.0,0,56,0,56,5.878,4.782,9856537
16.554,1790928589.158,open,56,33,132.618,0.972,333.0,0,56,0,56,5.87,4.783,9862329
16.564,1790928589.168,open,56,33,132.757,0.786,333.0,0,56,0,56,5.864,4.783,9868121
16.574,1790928589.178,open,56,33,132.864,0.629,333.0,0,56,0,56,5.859,4.782,9873913
16.584,1790928589.188,open,56,33,132.949,0.501,333.0,0,56,0,56,5.855,4.782,9879705
16.594,1790928589.199,open,56,33,133.006,0.331,334.0,0,56,0,56,5.853,4.782,9888393
16.604,1790928589.209,open,56,33,133.064,0.289,334.0,0,56,0,56,5.85,4.78,9894185
16.614,1790928589.219,open,56,33,133.37,0.682,334.0,0,56,0,56,5.837,4.781,9898529
16.624,1790928589.229,open,56,33,133.336,0.443,334.0,0,56,0,56,5.838,4.782,9904321
16.635,1790928589.239,open,56,33,133.309,0.295,334.0,0,56,0,56,5.839,4.782,9910113
16.645,1790928589.249,open,57,33,134.112,1.466,335.0,0,57,0,56,5.908,4.782,9917353
16.655,1790928589.259,open,57,33,134.472,1.449,335.0,0,57,0,56,5.892,4.782,9923145
16.665,1790928589.269,open,57,33,134.747,1.292,335.0,0,57,0,56,5.88,4.782,9928937
16.675,1790928589.279,open,57,33,134.959,1.094,335.0,0,57,0,56,5.871,4.782,9934729
16.685,1790928589.289,open,57,33,135.122,0.898,336.0,0,57,0,56,5.864,4.782,9940521
16.695,1790928589.299,open,57,33,135.245,0.719,336.0,0,57,0,56,5.859,4.782,9946313
16.705,1790928589.310,open,57,33,135.342,0.573,336.0,0,57,0,56,5.854,4.782,9952105
16.715,1790928589.320,open,57,33,135.445,0.396,336.0,0,57,0,56,5.85,4.782,9960793
16.725,1790928589.330,open,57,33,135.493,0.307,336.0,0,57,0,56,5.848,4.782,9966585
16.736,1790928589.340,open,57,33,135.53,0.237,336.0,0,57,0,56,5.846,4.782,9972377
16.746,1790928589.350,open,57,33,135.553,0.175,336.0,0,57,0,56,5.845,4.782,9978169
16.756,1790928589.360,open,57,33,135.84,0.622,336.0,0,57,0,56,5.833,4.782,9982513
16.766,1790928589.370,open,57,33,135.796,0.426,336.0,0,57,0,56,5.835,4.782,9988305
16.776,1790928589.380,open,58,33,135.75,0.25,336.0,0,58,0,56,5.939,4.782,9996993
16.786,1790928589.390,open,58,33,136.3,1.095,337.0,0,58,0,56,5.915,4.781,10002785
16.796,1790928589.401,open,58,33,136.716,1.336,337.0,0,58,0,56,5.897,4.782,10008577
16.806,1790928589.411,open,58,33,137.032,1.299,338.0,0,58,0,56,5.884,4.782,10014369
16.816,1790928589.421,open,58,33,137.275,1.153,338.0,0,58,0,56,5.873,4.782,10020161
16.827,1790928589.431,open,58,33,137.46,0.97,338.0,0,58,0,56,5.865,4.782,10025953
16.837,1790928589.441,open,58,33,137.602,0.791,338.0,0,58,0,56,5.859,4.782,10031745
16.847,1790928589.451,open,58,33,137.712,0.635,338.0,0,58,0,56,5.855,4.782,10037537
16.857,1790928589.461,open,58,33,137.795,0.502,338.0,0,58,0,56,5.851,4.782,10043329
16.867,1790928589.471,open,58,33,137.858,0.392,338.0,0,58,0,56,5.848,4.782,10049121
16.877,1790928589.481,open,58,33,137.908,0.306,338.0,0,58,0,56,5.846,4.782,10054913
16.887,1790928589.491,open,58,33,137.946,0.238,338.0,0,58,0,56,5.845,4.782,10060705
16.897,1790928589.501,open,58,33,138.252,0.643,339.0,0,58,0,56,5.832,4.782,10067945
16.907,1790928589.511,open,58,33,138.207,0.441,339.0,0,58,0,56,5.834,4.783,10073737
16.917,1790928589.521,open,58,33,138.176,0.302,339.0,0,58,0,56,5.835,4.782,10079529
16.927,1790928589.532,open,59,33,139.169,1.486,340.0,0,59,0,56,5.893,4.784,10086769
16.937,1790928589.542,open,59,33,139.48,1.377,340.0,0,59,0,56,5.88,4.782,10092561
16.947,1790928589.552,open,59,33,139.719,1.188,340.0,0,59,0,56,5.87,4.782,10098353
16.957,1790928589.562,open,59,33,139.901,0.984,340.0,0,59,0,56,5.862,4.782,10104145
16.968,1790928589.572,open,59,33,140.041,0.796,341.0,0,59,0,56,5.856,4.782,10109937
16.978,1790928589.582,open,59,33,140.148,0.633,341.0,0,59,0,56,5.852,4.782,10115729
16.988,1790928589.592,open,59,33,140.229,0.497,341.0,0,59,0,56,5.849,4.782,10121521
16.998,1790928589.602,open,59,33,140.293,0.389,341.0,0,59,0,56,5.846,4.782,10127313
17.008,1790928589.612,open,59,33,140.341,0.303,341.0,0,59,0,56,5.844,4.782,10133105
17.018,1790928589.622,open,59,33,140.394,0.208,341.0,0,59,0,56,5.842,4.782,10141793
17.028,1790928589.632,open,59,33,140.419,0.16,341.0,0,59,0,56,5.841,4.782,10147585
17.038,1790928589.642,open,59,33,140.74,0.728,341.0,0,59,0,56,5.827,4.782,10153377
17.048,1790928589.652,open,59,33,140.684,0.506,341.0,0,59,0,56,5.83,4.782,10157721
17.058,1790928589.662,open,59,33,140.641,0.361,341.0,0,59,0,56,5.831,4.782,10163513
17.068,1790928589.672,open,60,33,140.909,0.805,341.0,0,60,0,56,5.919,4.782,10169305
17.078,1790928589.683,open,60,33,141.381,1.271,342.0,0,60,0,56,5.899,4.782,10175097
17.088,1790928589.693,open,60,33,141.889,1.299,342.0,0,60,0,56,5.878,4.782,10183785
17.098,1790928589.703,open,60,33,142.131,1.15,343.0,0,60,0,56,5.868,4.782,10189577
17.108,1790928589.713,open,60,33,142.316,0.969,343.0,0,60,0,56,5.861,4.782,10195369
17.118,1790928589.723,open,60,33,142.458,0.79,343.0,0,60,0,56,5.855,4.782,10201161
17.129,1790928589.733,open,60,33,142.566,0.633,343.0,0,60,0,56,5.85,4.782,10206953
17.139,1790928589.743,open,60,33,142.649,0.5,343.0,0,60,0,56,5.847,4.782,10212745
17.149,1790928589.753,open,60,33,142.713,0.391,343.0,0,60,0,56,5.844,4.782,10218537
17.159,1790928589.763,open,60,33,142.762,0.304,343.0,0,60,0,56,5.842,4.782,10224329
17.169,1790928589.773,open,60,33,142.798,0.235,343.0,0,60,0,56,5.841,4.782,10230121
17.179,1790928589.783,open,60,33,142.827,0.182,343.0,0,60,0,56,5.84,4.782,10235913
17.189,1790928589.793,open,60,33,143.122,0.618,344.0,0,60,0,56,5.827,4.782,10243153
17.199,1790928589.803,open,60,33,143.076,0.429,344.0,0,60,0,56,5.829,4.782,10248945
17.209,1790928589.813,open,61,33,143.645,1.447,344.0,0,60,0,56,5.903,4.782,10254737
17.219,1790928589.824,open,61,33,144.206,1.453,345.0,0,61,0,56,5.88,4.782,10261977
17.229,1790928589.834,open,61,33,144.472,1.28,345.0,0,61,0,56,5.869,4.782,10267769
17.239,1790928589.844,open,61,33,144.677,1.074,345.0,0,61,0,56,5.861,4.782,10273561
17.249,1790928589.854,open,61,33,144.833,0.875,345.0,0,61,0,56,5.855,4.782,10279353
17.260,1790928589.864,open,61,33,144.952,0.699,345.0,0,61,0,56,5.85,4.782,10285145
17.270,1790928589.874,open,61,33,145.044,0.552,346.0,0,61,0,56,5.846,4.782,10290937
17.280,1790928589.884,open,61,33,145.117,0.439,346.0,0,61,0,56,5.843,4.781,10296729
17.290,1790928589.894,open,61,33,145.173,0.342,346.0,0,61,0,56,5.841,4.782,10302521
17.300,1790928589.904,open,61,33,145.213,0.262,346.0,0,61,0,56,5.839,4.782,10308313
17.310,1790928589.914,open,61,33,145.249,0.211,346.0,0,61,0,56,5.838,4.781,10314105
17.320,1790928589.924,open,61,33,145.279,0.17,346.0,0,61,0,56,5.837,4.781,10319897
17.330,1790928589.934,open,61,33,145.302,0.136,346.0,0,61,0,56,5.836,4.781,10325689
17.340,1790928589.944,open,61,33,145.588,0.595,346.0,0,61,0,56,5.824,4.781,10332929
17.350,1790928589.955,open,61,33,145.537,0.423,346.0,0,61,0,56,5.826,4.781,10338721
17.360,1790928589.965,open,62,33,145.795,0.836,346.0,0,62,0,56,5.911,4.782,10344513
17.370,1790928589.975,open,62,33,146.256,1.27,347.0,0,62,0,56,5.893,4.782,10350305
17.380,1790928589.985,open,62,33,146.61,1.327,347.0,0,62,0,56,5.879,4.782,10356097
17.391,1790928589.995,open,62,33,146.88,1.215,347.0,0,62,0,56,5.868,4.782,10361889
17.401,1790928590.005,open,62,33,147.172,0.952,348.0,0,62,0,56,5.856,4.782,10370577
17.411,1790928590.015,open,62,33,147.31,0.775,348.0,0,62,0,56,5.851,4.782,10376369
17.421,1790928590.025,open,62,33,147.417,0.62,348.0,0,62,0,56,5.846,4.782,10382161
17.431,1790928590.035,open,62,33,147.495,0.485,348.0,0,62,0,56,5.843,4.782,10387953
17.441,1790928590.045,open,62,33,147.561,0.389,348.0,0,62,0,56,5.841,4.781,10393745
17.451,1790928590.055,open,62,33,147.609,0.301,348.0,0,62,0,56,5.839,4.782,10399537
17.461,1790928590.065,open,62,33,147.646,0.233,348.0,0,62,0,56,5.837,4.782,10405329
17.471,1790928590.075,open,62,33,147.671,0.174,348.0,0,62,0,56,5.836,4.782,10411121
17.481,1790928590.086,open,62,33,147.691,0.133,348.0,0,62,0,56,5.835,4.782,10416913
17.491,1790928590.096,open,62,33,147.994,0.614,348.0,0,62,0,56,5.824,4.782,10424153
17.501,1790928590.106,open,62,33,147.947,0.425,348.0,0,62,0,56,5.825,4.78,10429945
17.512,1790928590.116,open,63,33,148.76,1.568,349.0,0,63,0,56,5.887,4.779,10434289
17.522,1790928590.126,open,63,33,149.1,1.472,350.0,0,63,0,56,5.874,4.781,10440081
17.532,1790928590.136,open,63,33,149.471,1.176,350.0,0,63,0,56,5.859,4.781,10448769
17.542,1790928590.146,open,63,33,149.646,0.964,350.0,0,63,0,56,5.852,4.781,10454561
17.552,1790928590.156,open,63,33,149.778,0.771,350.0,0,63,0,56,5.847,4.781,10460353
17.562,1790928590.166,open,63,33,149.88,0.61,350.0,0,63,0,56,5.843,4.781,10466145
17.572,1790928590.176,open,63,33,149.957,0.477,350.0,0,63,0,56,5.84,4.781,10471937
17.582,1790928590.186,open,63,33,150.01,0.36,351.0,0,63,0,56,5.838,4.783,10477729
17.592,1790928590.197,open,63,33,150.048,0.268,351.0,0,63,0,56,5.836,4.783,10483521
17.602,1790928590.207,open,63,33,150.077,0.2,351.0,0,63,0,56,5.835,4.783,10489313
17.612,1790928590.217,open,63,33,150.098,0.148,351.0,0,63,0,56,5.835,4.783,10495105
17.623,1790928590.227,open,63,33,150.113,0.111,351.0,0,63,0,56,5.834,4.783,10500897
17.633,1790928590.237,open,63,33,150.125,0.083,351.0,0,63,0,56,5.833,4.783,10506689
17.643,1790928590.247,open,63,33,150.12,0.055,351.0,0,63,0,56,5.834,4.784,10512481
17.653,1790928590.257,open,63,33,150.359,0.483,351.0,0,63,0,56,5.824,4.784,10519721
17.663,1790928590.267,open,64,33,150.598,0.874,351.0,0,64,0,56,5.907,4.785,10525513
17.673,1790928590.277,open,64,33,151.065,1.302,352.0,0,64,0,56,5.889,4.782,10531305
17.683,1790928590.287,open,64,33,151.417,1.343,352.0,0,64,0,56,5.875,4.783,10537097
17.693,1790928590.297,open,64,33,151.693,1.235,352.0,0,64,0,56,5.865,4.782,10542889
17.703,1790928590.308,open,64,33,151.908,1.067,352.0,0,64,0,56,5.856,4.782,10548681
17.713,1790928590.318,open,64,33,152.137,0.793,353.0,0,64,0,56,5.848,4.783,10557369
17.723,1790928590.328,open,64,33,152.243,0.63,353.0,0,64,0,56,5.844,4.783,10563161
17.733,1790928590.338,open,64,33,152.327,0.501,353.0,0,64,0,56,5.84,4.782,10568953
17.744,1790928590.348,open,64,33,152.394,0.397,353.0,0,64,0,56,5.838,4.782,10574745
17.754,1790928590.358,open,64,33,152.445,0.311,353.0,0,64,0,56,5.836,4.782,10580537
17.764,1790928590.368,open,64,33,152.483,0.242,353.0,0,64,0,56,5.834,4.782,10586329
17.774,1790928590.378,open,64,33,152.513,0.189,353.0,0,64,0,56,5.833,4.782,10592121
17.784,1790928590.388,open,64,33,152.537,0.147,353.0,0,64,0,56,5.832,4.782,10597913
17.794,1790928590.398,open,64,33,152.555,0.113,353.0,0,64,0,56,5.832,4.782,10603705
17.804,1790928590.408,open,64,33,152.839,0.584,353.0,0,64,0,56,5.821,4.782,10610945
17.814,1790928590.418,open,65,33,153.391,1.533,354.0,0,64,0,56,5.891,4.782,10616737
17.824,1790928590.428,open,65,33,153.781,1.539,354.0,0,65,0,56,5.876,4.781,10621081
17.834,1790928590.439,open,65,33,154.077,1.379,355.0,0,65,0,56,5.864,4.781,10626873
17.844,1790928590.449,open,65,33,154.392,1.052,355.0,0,65,0,56,5.852,4.783,10635561
17.854,1790928590.459,open,65,33,154.538,0.845,355.0,0,65,0,56,5.847,4.783,10641353
17.864,1790928590.469,open,65,33,154.649,0.668,355.0,0,65,0,56,5.843,4.783,10647145
17.875,1790928590.479,open,65,33,154.738,0.53,355.0,0,65,0,56,5.839,4.782,10652937
17.885,1790928590.489,open,65,33,154.819,0.44,355.0,0,65,0,56,5.836,4.78,10658729
17.895,1790928590.499,open,65,33,154.883,0.361,355.0,0,65,0,56,5.834,4.779,10664521
17.905,1790928590.509,open,65,33,154.921,0.268,355.0,0,65,0,56,5.832,4.782,10670313
17.915,1790928590.519,open,65,33,154.947,0.195,355.0,0,65,0,56,5.831,4.782,10676105
17.925,1790928590.529,open,65,33,154.967,0.145,355.0,0,65,0,56,5.831,4.782,10681897
17.935,1790928590.539,open,65,33,154.982,0.107,355.0,0,65,0,56,5.83,4.782,10687689
17.945,1790928590.549,open,65,33,154.994,0.081,355.0,0,65,0,56,5.83,4.782,10693481
17.955,1790928590.559,open,65,33,155.004,0.064,356.0,0,65,0,56,5.829,4.782,10699273
17.965,1790928590.569,open,65,33,155.279,0.56,356.0,0,65,0,56,5.819,4.782,10706513
17.975,1790928590.580,open,66,33,155.52,0.905,356.0,0,66,0,56,5.899,4.783,10712305
17.985,1790928590.590,open,66,33,155.971,1.29,356.0,0,66,0,56,5.882,4.782,10718097
17.995,1790928590.600,open,66,33,156.313,1.319,357.0,0,66,0,56,5.869,4.783,10723889
18.005,1790928590.610,open,66,33,156.58,1.205,357.0,0,66,0,56,5.859,4.782,10729681
18.016,1790928590.620,open,66,33,156.784,1.032,357.0,0,66,0,56,5.852,4.782,10735473
18.026,1790928590.630,open,66,33,157.005,0.769,358.0,0,66,0,56,5.843,4.782,10744161
18.036,1790928590.640,open,66,33,157.108,0.609,358.0,0,66,0,56,5.84,4.783,10749953
18.046,1790928590.650,open,66,33,157.177,0.463,358.0,0,66,0,56,5.837,4.783,10755745
18.056,1790928590.660,open,66,33,157.231,0.356,358.0,0,66,0,56,5.835,4.782,10761537
18.066,1790928590.670,open,66,33,157.282,0.29,358.0,0,66,0,56,5.833,4.782,10767329
18.076,1790928590.680,open,66,33,157.324,0.237,358.0,0,66,0,56,5.832,4.782,10773121
18.086,1790928590.690,open,66,33,157.355,0.186,358.0,0,66,0,56,5.83,4.782,10778913
18.096,1790928590.700,open,66,33,157.377,0.144,358.0,0,66,0,56,5.83,4.782,10784705
18.106,1790928590.710,open,66,33,157.394,0.11,358.0,0,66,0,56,5.829,4.782,10790497
18.116,1790928590.720,open,66,33,157.407,0.085,358.0,0,66,0,56,5.829,4.782,10796289
18.126,1790928590.731,open,66,33,157.687,0.572,358.0,0,66,0,56,5.818,4.782,10803529
18.136,1790928590.741,open,67,33,158.465,1.589,359.0,0,67,0,56,5.877,4.782,10807873
18.146,1790928590.751,open,67,33,158.796,1.468,359.0,0,67,0,56,5.865,4.782,10813665
18.156,1790928590.761,open,67,33,159.152,1.154,360.0,0,67,0,56,5.852,4.782,10822353
18.167,1790928590.771,open,67,33,159.322,0.944,360.0,0,67,0,56,5.846,4.782,10828145
18.177,1790928590.781,open,67,33,159.452,0.756,360.0,0,67,0,56,5.841,4.782,10833937
18.187,1790928590.791,open,67,33,159.551,0.596,360.0,0,67,0,56,5.837,4.782,10839729
18.197,1790928590.801,open,67,33,159.627,0.467,360.0,0,67,0,56,5.835,4.782,10845521
18.207,1790928590.811,open,67,33,159.685,0.365,360.0,0,67,0,56,5.832,4.782,10851313
18.217,1790928590.821,open,67,33,159.73,0.283,360.0,0,67,0,56,5.831,4.782,10857105
18.227,1790928590.831,open,67,33,159.765,0.219,360.0,0,67,0,56,5.83,4.782,10862897
18.237,1790928590.841,open,67,33,159.789,0.164,360.0,0,67,0,56,5.829,4.782,10868689
18.247,1790928590.851,open,67,33,159.809,0.128,360.0,0,67,0,56,5.828,4.782,10874481
18.257,1790928590.861,open,67,33,159.825,0.1,360.0,0,67,0,56,5.827,4.782,10880273
18.267,1790928590.872,open,67,33,159.837,0.077,360.0,0,67,0,56,5.827,4.782,10886065
18.277,1790928590.882,open,67,33,159.847,0.06,360.0,0,67,0,56,5.827,4.782,10891857
18.287,1790928590.892,open,67,33,160.16,0.647,361.0,0,67,0,56,5.815,4.782,10900545
18.298,1790928590.902,disorder,68,33,160.332,0.85,361.0,0,70,0,56,5.982,4.782,10903441
18.308,1790928590.912,recovery,65,34,160.007,0.949,361.0,0,71,1,57,6.168,4.752,10903441
18.318,1790928590.922,recovery,63,34,159.9,1.037,360.0,0,73,1,57,6.346,4.752,10903441
18.328,1790928590.932,recovery,61,34,159.842,1.112,360.0,0,75,1,57,6.522,4.752,10903441
18.338,1790928590.942,recovery,59,34,159.724,1.209,360.0,0,77,1,57,6.701,4.752,10903441
18.348,1790928590.952,recovery,57,34,159.734,1.256,360.0,0,79,1,57,6.875,4.752,10903441
18.358,1790928590.962,recovery,55,34,159.739,1.276,360.0,0,81,1,57,7.049,4.752,10903441
18.368,1790928590.972,recovery,53,34,159.741,1.285,360.0,0,83,1,57,7.223,4.752,10903441
18.378,1790928590.982,recovery,51,34,159.582,1.292,360.0,0,86,1,57,7.404,4.71,10903441
18.388,1790928590.993,recovery,49,34,159.583,1.292,360.0,0,88,1,57,7.578,4.71,10903441
18.398,1790928591.003,recovery,47,34,159.584,1.293,360.0,0,90,1,57,7.752,4.71,10903441
18.408,1790928591.013,recovery,45,34,159.585,1.293,360.0,0,92,1,57,7.927,4.71,10903441
18.419,1790928591.023,recovery,43,34,159.586,1.288,360.0,0,94,1,57,8.101,4.71,10903441
18.429,1790928591.033,recovery,41,34,159.586,1.289,360.0,0,96,1,57,8.275,4.71,10903441
18.439,1790928591.043,recovery,38,34,159.746,1.29,360.0,0,98,1,57,8.528,4.752,10903441
18.449,1790928591.053,recovery,36,34,159.746,1.291,360.0,0,100,1,57,8.702,4.752,10903441
18.459,1790928591.063,recovery,34,34,159.981,1.18,360.0,0,102,2,58,8.776,4.752,10903441
18.469,1790928591.073,recovery,34,34,158.071,1.275,359.0,0,40,1,58,3.43,4.605,10999009
18.479,1790928591.083,recovery,34,34,153.224,2.283,354.0,0,44,1,58,3.901,4.333,10999009
18.489,1790928591.093,recovery,34,34,146.288,3.669,347.0,0,48,1,58,4.466,4.021,10999009
18.499,1790928591.104,recovery,34,34,136.076,5.532,337.0,0,53,1,58,5.312,3.655,10999009
18.509,1790928591.114,recovery,34,34,127.215,6.986,328.0,0,57,1,58,6.119,3.363,10999009
18.519,1790928591.124,recovery,34,34,118.008,8.349,319.0,0,61,1,58,7.068,3.07,10999009
18.529,1790928591.134,recovery,34,34,108.604,9.597,309.0,0,65,1,58,8.192,2.778,10999009
18.540,1790928591.144,open,34,34,99.035,10.735,300.0,0,34,0,58,4.772,2.448,11049689
18.550,1790928591.154,open,34,34,95.585,10.922,296.0,0,34,0,58,4.945,2.557,11055481
18.560,1790928591.164,open,34,34,92.819,10.794,293.0,0,34,0,58,5.092,2.71,11061273
18.570,1790928591.174,open,34,34,90.701,9.743,291.0,0,34,0,58,5.211,2.903,11067065
18.580,1790928591.184,open,34,34,89.079,8.292,290.0,0,34,0,58,5.306,3.127,11072857
18.590,1790928591.194,open,34,34,87.331,6.125,288.0,0,34,0,58,5.412,3.534,11081545
18.600,1790928591.204,open,34,34,86.498,4.889,287.0,0,34,0,58,5.464,3.872,11087337
18.610,1790928591.215,open,34,34,85.861,3.854,286.0,0,34,0,58,5.505,4.279,11093129
18.620,1790928591.225,open,35,34,85.373,3.015,286.0,0,35,0,58,5.699,4.782,11098921
18.630,1790928591.235,open,35,34,84.665,2.922,285.0,0,35,0,58,5.746,4.782,11104713
18.641,1790928591.245,open,35,34,84.124,2.58,285.0,0,35,0,58,5.783,4.782,11110505
18.651,1790928591.255,open,35,34,83.711,2.169,284.0,0,35,0,58,5.812,4.782,11116297
18.661,1790928591.265,open,35,34,83.393,1.77,284.0,0,35,0,58,5.834,4.782,11122089
18.671,1790928591.275,open,35,34,83.15,1.417,284.0,0,35,0,58,5.851,4.782,11127881
18.681,1790928591.285,open,35,34,82.964,1.119,283.0,0,35,0,58,5.864,4.782,11133673
18.691,1790928591.295,open,35,34,82.821,0.878,283.0,0,35,0,58,5.874,4.782,11139465
18.701,1790928591.305,open,35,34,82.714,0.68,283.0,0,35,0,58,5.882,4.782,11145257
18.711,1790928591.316,open,36,34,83.431,1.575,284.0,0,36,0,58,5.998,4.782,11152497
18.721,1790928591.326,open,36,34,83.749,1.437,284.0,0,36,0,58,5.975,4.782,11158289
18.731,1790928591.336,open,36,34,83.991,1.228,284.0,0,36,0,58,5.958,4.782,11164081
18.742,1790928591.346,open,36,34,84.179,1.015,285.0,0,36,0,58,5.945,4.782,11169873
18.752,1790928591.356,open,36,34,84.323,0.82,285.0,0,36,0,58,5.935,4.782,11175665
18.762,1790928591.366,open,36,34,84.431,0.648,285.0,0,36,0,58,5.927,4.782,11181457
18.772,1790928591.376,open,36,34,84.546,0.447,285.0,0,36,0,58,5.919,4.782,11190145
18.782,1790928591.386,open,36,34,84.6,0.346,285.0,0,36,0,58,5.915,4.782,11195937
18.792,1790928591.396,open,37,34,84.644,0.27,285.0,0,37,0,58,6.076,4.782,11201729
18.802,1790928591.406,open,37,34,85.242,1.189,286.0,0,37,0,58,6.034,4.783,11207521
18.812,1790928591.416,open,37,34,85.701,1.464,286.0,0,37,0,58,6.001,4.782,11213313
18.822,1790928591.427,open,37,34,86.052,1.432,287.0,0,37,0,58,5.977,4.783,11219105
18.832,1790928591.437,open,37,34,86.319,1.267,287.0,0,37,0,58,5.958,4.783,11224897
18.842,1790928591.447,open,37,34,86.526,1.073,287.0,0,37,0,58,5.944,4.782,11230689
18.852,1790928591.457,open,37,34,86.687,0.881,287.0,0,37,0,58,5.933,4.782,11236481
18.863,1790928591.467,open,37,34,86.813,0.715,287.0,0,37,0,58,5.925,4.781,11242273
18.873,1790928591.477,open,37,34,86.91,0.571,287.0,0,37,0,58,5.918,4.781,11248065
18.883,1790928591.487,open,38,34,86.984,0.448,287.0,0,37,0,58,6.073,4.781,11253857
18.893,1790928591.497,open,38,34,88.092,1.722,289.0,0,38,0,58,5.996,4.782,11261097
18.903,1790928591.507,open,38,34,88.452,1.593,289.0,0,38,0,58,5.972,4.782,11266889
18.913,1790928591.517,open,38,34,88.727,1.374,289.0,0,38,0,58,5.953,4.782,11272681
18.923,1790928591.527,open,38,34,88.939,1.139,289.0,0,38,0,58,5.939,4.782,11278473
18.933,1790928591.537,open,38,34,89.1,0.919,290.0,0,38,0,58,5.928,4.782,11284265
18.943,1790928591.547,open,38,34,89.223,0.73,290.0,0,38,0,58,5.92,4.782,11290057
18.953,1790928591.558,open,38,34,89.312,0.566,290.0,0,38,0,58,5.914,4.783,11295849
18.963,1790928591.568,open,38,34,89.41,0.385,290.0,0,38,0,58,5.908,4.783,11304537
18.973,1790928591.578,open,39,34,89.455,0.296,290.0,0,39,0,58,6.06,4.783,11310329
18.983,1790928591.588,open,39,34,90.068,1.229,291.0,0,39,0,58,6.019,4.781,11316121
18.993,1790928591.598,open,39,34,90.535,1.499,291.0,0,39,0,58,5.988,4.782,11321913
19.004,1790928591.608,open,39,34,90.89,1.459,291.0,0,39,0,58,5.965,4.782,11327705
19.014,1790928591.618,open,39,34,91.161,1.292,292.0,0,39,0,58,5.947,4.782,11333497
19.024,1790928591.628,open,39,34,91.371,1.09,292.0,0,39,0,58,5.933,4.782,11339289
19.034,1790928591.638,open,39,34,91.534,0.897,292.0,0,39,0,58,5.923,4.781,11345081
19.044,1790928591.648,open,39,34,91.656,0.715,292.0,0,39,0,58,5.915,4.782,11350873
19.054,1790928591.658,open,39,34,91.748,0.561,292.0,0,39,0,58,5.909,4.782,11356665
19.064,1790928591.668,open,39,34,91.818,0.438,292.0,0,39,0,58,5.904,4.782,11362457
19.074,1790928591.678,open,40,34,92.725,1.657,293.0,0,40,0,58,5.997,4.783,11369697
19.084,1790928591.688,open,40,34,93.137,1.65,294.0,0,40,0,58,5.97,4.78,11375489
19.094,1790928591.699,open,40,34,93.457,1.482,294.0,0,40,0,58,5.95,4.781,11381281
19.104,1790928591.709,open,40,34,93.702,1.257,294.0,0,40,0,58,5.934,4.781,11387073
19.114,1790928591.719,open,40,34,93.887,1.028,294.0,0,40,0,58,5.922,4.781,11392865
19.124,1790928591.729,open,40,34,94.029,0.825,295.0,0,40,0,58,5.913,4.781,11398657
19.135,1790928591.739,open,40,34,94.135,0.649,295.0,0,40,0,58,5.907,4.781,11404449
19.145,1790928591.749,open,40,34,94.219,0.51,295.0,0,40,0,58,5.901,4.781,11410241
19.155,1790928591.759,open,40,34,94.304,0.343,295.0,0,40,0,58,5.896,4.782,11418929
19.165,1790928591.769,open,41,34,94.344,0.262,295.0,0,41,0,58,6.041,4.782,11424721
19.175,1790928591.779,open,41,34,94.942,1.184,295.0,0,41,0,58,6.003,4.782,11430513
19.185,1790928591.789,open,41,34,95.389,1.443,296.0,0,41,0,58,5.975,4.783,11436305
19.195,1790928591.799,open,41,34,95.736,1.412,296.0,0,41,0,58,5.953,4.784,11442097
19.205,1790928591.809,open,41,34,96.002,1.256,297.0,0,41,0,58,5.937,4.783,11447889
19.215,1790928591.819,open,41,34,96.207,1.062,297.0,0,41,0,58,5.924,4.783,11453681
19.225,1790928591.829,open,41,34,96.36,0.864,297.0,0,41,0,58,5.915,4.783,11459473
19.235,1790928591.840,open,41,34,96.479,0.691,297.0,0,41,0,58,5.907,4.783,11465265
19.245,1790928591.850,open,41,34,96.574,0.553,297.0,0,41,0,58,5.902,4.782,11471057
19.255,1790928591.860,open,41,34,96.648,0.44,297.0,0,41,0,58,5.897,4.782,11476849
19.265,1790928591.870,open,42,34,96.706,0.348,297.0,0,41,0,58,6.037,4.782,11482641
19.276,1790928591.880,open,42,34,97.799,1.659,298.0,0,42,0,58,5.97,4.782,11489881
19.286,1790928591.890,open,42,34,98.154,1.548,299.0,0,42,0,58,5.948,4.783,11495673
19.296,1790928591.900,open,42,34,98.427,1.344,299.0,0,42,0,58,5.932,4.782,11501465
19.306,1790928591.910,open,42,34,98.637,1.12,299.0,0,42,0,58,5.919,4.782,11507257
19.316,1790928591.920,open,42,34,98.796,0.906,299.0,0,42,0,58,5.909,4.782,11513049
19.326,1790928591.930,open,42,34,98.923,0.729,299.0,0,42,0,58,5.902,4.781,11518841
19.336,1790928591.941,open,42,34,99.055,0.505,300.0,0,42,0,58,5.894,4.782,11527529
19.346,1790928591.951,open,42,34,99.117,0.392,300.0,0,42,0,58,5.89,4.782,11533321
19.356,1790928591.961,open,42,34,99.164,0.302,300.0,0,42,0,58,5.888,4.782,11539113
19.366,1790928591.971,open,43,34,99.201,0.234,300.0,0,43,0,58,6.025,4.782,11544905
19.377,1790928591.981,open,43,34,99.797,1.164,300.0,0,43,0,58,5.989,4.782,11550697
19.387,1790928591.991,open,43,34,100.253,1.446,301.0,0,43,0,58,5.962,4.781,11556489
19.397,1790928592.001,open,43,34,100.601,1.416,301.0,0,43,0,58,5.942,4.782,11562281
19.407,1790928592.011,open,43,34,100.865,1.255,301.0,0,43,0,58,5.926,4.782,11568073
19.417,1790928592.021,open,43,34,101.07,1.061,302.0,0,43,0,58,5.914,4.782,11573865
19.427,1790928592.031,open,43,34,101.223,0.861,302.0,0,43,0,58,5.905,4.783,11579657
19.437,1790928592.041,open,43,34,101.343,0.693,302.0,0,43,0,58,5.898,4.782,11585449
19.447,1790928592.051,open,43,34,101.435,0.551,302.0,0,43,0,58,5.893,4.782,11591241
19.457,1790928592.061,open,43,34,101.506,0.432,302.0,0,43,0,58,5.889,4.782,11597033
19.467,1790928592.072,open,44,34,101.583,0.297,302.0,0,43,0,58,6.021,4.782,11605721
19.477,1790928592.082,open,44,34,102.451,1.591,303.0,0,44,0,58,5.97,4.782,11610065
19.487,1790928592.092,open,44,34,102.851,1.59,303.0,0,44,0,58,5.947,4.782,11615857
19.497,1790928592.102,open,44,34,103.158,1.425,304.0,0,44,0,58,5.929,4.782,11621649
19.507,1790928592.112,open,44,34,103.393,1.209,304.0,0,44,0,58,5.916,4.782,11627441
19.518,1790928592.122,open,44,34,103.575,0.997,304.0,0,44,0,58,5.905,4.781,11633233
19.528,1790928592.132,open,44,34,103.777,0.724,304.0,0,44,0,58,5.894,4.781,11641921
19.538,1790928592.142,open,44,34,103.869,0.567,304.0,0,44,0,58,5.888,4.782,11647713
19.548,1790928592.152,open,44,34,103.937,0.436,304.0,0,44,0,58,5.885,4.782,11653505
19.558,1790928592.162,open,44,34,103.99,0.337,304.0,0,44,0,58,5.882,4.782,11659297
19.568,1790928592.172,open,44,34,104.03,0.258,305.0,0,44,0,58,5.879,4.782,11665089
19.578,1790928592.182,open,45,34,104.06,0.198,305.0,0,45,0,58,6.011,4.782,11670881
19.588,1790928592.192,open,45,34,104.652,1.137,305.0,0,45,0,58,5.977,4.782,11676673
19.598,1790928592.203,open,45,34,105.104,1.423,306.0,0,45,0,58,5.952,4.782,11682465
19.608,1790928592.213,open,45,34,105.451,1.401,306.0,0,45,0,58,5.932,4.782,11688257
19.618,1790928592.223,open,45,34,105.716,1.249,306.0,0,45,0,58,5.917,4.782,11694049
19.629,1790928592.233,open,45,34,105.914,1.046,306.0,0,45,0,58,5.906,4.783,11699841
19.639,1790928592.243,open,45,34,106.066,0.85,307.0,0,45,0,58,5.898,4.783,11705633
19.649,1790928592.253,open,45,34,106.235,0.614,307.0,0,45,0,58,5.888,4.782,11714321
19.659,1790928592.263,open,45,34,106.318,0.489,307.0,0,45,0,58,5.884,4.782,11720113
19.669,1790928592.273,open,45,34,106.379,0.382,307.0,0,45,0,58,5.88,4.782,11725905
19.679,1790928592.283,open,45,34,106.428,0.298,307.0,0,45,0,58,5.878,4.782,11731697
19.689,1790928592.293,open,46,34,107.07,1.443,308.0,0,45,0,58,5.972,4.782,11737489
19.699,1790928592.303,open,46,34,107.524,1.599,308.0,0,46,0,58,5.947,4.782,11741833
19.709,1790928592.313,open,46,34,107.872,1.502,308.0,0,46,0,58,5.928,4.782,11747625
19.719,1790928592.324,open,46,34,108.247,1.199,309.0,0,46,0,58,5.907,4.782,11756313
19.729,1790928592.334,open,46,34,108.426,0.984,309.0,0,46,0,58,5.897,4.782,11762105
19.739,1790928592.344,open,46,34,108.563,0.792,309.0,0,46,0,58,5.89,4.782,11767897
19.749,1790928592.354,open,46,34,108.674,0.638,309.0,0,46,0,58,5.884,4.78,11773689
19.760,1790928592.364,open,46,34,108.756,0.502,309.0,0,46,0,58,5.88,4.781,11779481
19.770,1790928592.374,open,46,34,108.819,0.392,309.0,0,46,0,58,5.876,4.781,11785273
19.780,1790928592.384,open,46,34,108.868,0.305,309.0,0,46,0,58,5.873,4.781,11791065
19.790,1790928592.394,open,46,34,108.905,0.236,309.0,0,46,0,58,5.871,4.781,11796857
19.800,1790928592.404,open,47,34,108.934,0.182,309.0,0,47,0,58,5.998,4.781,11802649
19.810,1790928592.414,open,47,34,109.523,1.124,310.0,0,47,0,58,5.965,4.781,11808441
19.820,1790928592.424,open,47,34,109.977,1.419,310.0,0,47,0,58,5.941,4.781,11814233
19.830,1790928592.434,open,47,34,110.322,1.396,311.0,0,47,0,58,5.922,4.781,11820025
19.840,1790928592.444,open,47,34,110.696,1.151,311.0,0,47,0,58,5.902,4.781,11828713
19.850,1790928592.454,open,47,34,110.87,0.947,311.0,0,47,0,58,5.893,4.782,11834505
19.860,1790928592.465,open,47,34,110.995,0.748,311.0,0,47,0,58,5.886,4.784,11840297
19.870,1790928592.475,open,47,34,111.105,0.616,312.0,0,47,0,58,5.88,4.778,11846089
19.880,1790928592.485,open,47,34,111.186,0.486,312.0,0,47,0,58,5.876,4.782,11851881
19.891,1790928592.495,open,47,34,111.243,0.371,312.0,0,47,0,58,5.873,4.782,11857673
19.901,1790928592.505,open,47,34,111.286,0.284,312.0,0,47,0,58,5.871,4.782,11863465
19.911,1790928592.515,open,48,34,111.315,0.209,312.0,0,47,0,58,5.994,4.783,11869257
19.921,1790928592.525,open,48,34,112.378,1.556,313.0,0,48,0,58,5.937,4.783,11876497
19.931,1790928592.535,open,48,34,112.72,1.468,313.0,0,48,0,58,5.919,4.782,11882289
19.941,1790928592.545,open,48,34,112.981,1.278,313.0,0,48,0,58,5.906,4.783,11888081
19.951,1790928592.556,open,48,34,113.176,1.059,314.0,0,48,0,58,5.896,4.783,11893873
19.961,1790928592.566,open,48,34,113.344,0.889,314.0,0,48,0,58,5.887,4.778,11899665
19.971,1790928592.576,open,48,34,113.47,0.719,314.0,0,48,0,58,5.88,4.781,11905457
19.981,1790928592.586,open,48,34,113.571,0.577,314.0,0,48,0,58,5.875,4.781,11911249
19.991,1790928592.596,open,48,34,113.617,0.407,314.0,0,48,0,58,5.873,4.785,11917041
20.002,1790928592.606,open,48,34,113.667,0.315,314.0,0,48,0,58,5.87,4.783,11922833
20.012,1790928592.616,open,48,34,113.707,0.247,314.0,0,48,0,58,5.868,4.782,11928625
20.022,1790928592.626,open,48,34,113.752,0.174,314.0,0,48,0,58,5.866,4.782,11937313
20.032,1790928592.636,open,49,34,114.079,0.744,315.0,0,49,0,58,5.971,4.782,11943105
20.042,1790928592.646,open,49,34,114.592,1.309,315.0,0,49,0,58,5.944,4.782,11948897
20.052,1790928592.656,open,49,34,114.987,1.421,315.0,0,49,0,58,5.924,4.781,11954689
20.062,1790928592.666,open,49,34,115.292,1.328,316.0,0,49,0,58,5.908,4.781,11960481
20.072,1790928592.676,open,49,34,115.524,1.15,316.0,0,49,0,58,5.896,4.782,11966273
20.082,1790928592.686,open,49,34,115.682,0.923,316.0,0,49,0,58,5.888,4.784,11972065
20.092,1790928592.696,open,49,34,115.807,0.733,316.0,0,49,0,58,5.882,4.786,11977857
20.102,1790928592.707,open,49,34,115.914,0.598,316.0,0,49,0,58,5.876,4.782,11983649
20.112,1790928592.717,open,49,34,115.997,0.482,316.0,0,49,0,58,5.872,4.782,11989441
20.122,1790928592.727,open,49,34,116.063,0.386,317.0,0,49,0,58,5.869,4.782,11995233
20.132,1790928592.737,open,49,34,116.112,0.301,317.0,0,49,0,58,5.866,4.782,12001025
20.143,1790928592.747,open,49,34,116.15,0.235,317.0,0,49,0,58,5.864,4.782,12006817
20.153,1790928592.757,open,50,34,117.022,1.521,318.0,0,50,0,58,5.939,4.782,12014057
20.163,1790928592.767,open,50,34,117.415,1.537,318.0,0,50,0,58,5.919,4.782,12019849
20.173,1790928592.777,open,50,34,117.712,1.379,318.0,0,50,0,58,5.905,4.783,12025641
20.183,1790928592.787,open,50,34,117.94,1.172,318.0,0,50,0,58,5.893,4.782,12031433
20.193,1790928592.797,open,50,34,118.12,0.971,319.0,0,50,0,58,5.884,4.781,12037225
