t_s,wall_s,ca_state,cwnd,ssthresh,rtt_ms,rttvar_ms,rto_ms,backoff,unacked,lost,total_retrans,pacing_mbps,delivery_mbps,bytes_acked
0.000,1790929108.900,open,10,,80.134,40.067,281.0,0,0,0,0,2.891,0.0,1
0.010,1790929108.910,open,10,,80.134,40.067,281.0,0,10,0,0,2.891,0.0,1
0.020,1790929108.920,open,10,,80.134,40.067,281.0,0,10,0,0,2.891,0.0,1
0.031,1790929108.930,open,10,,80.134,40.067,281.0,0,10,0,0,2.891,0.0,1
0.041,1790929108.940,open,20,,50.625,18.808,251.0,0,20,0,0,9.153,2.888,14481
0.051,1790929108.950,open,20,,50.625,18.808,251.0,0,20,0,0,9.153,2.888,14481
0.061,1790929108.960,open,20,,50.625,18.808,251.0,0,20,0,0,9.153,2.888,14481
0.071,1790929108.971,open,20,,50.625,18.808,251.0,0,20,0,0,9.153,2.888,14481
0.081,1790929108.981,open,30,,42.849,5.418,243.0,0,30,0,0,16.221,4.335,28961
0.091,1790929108.991,open,30,,42.849,5.418,243.0,0,30,0,0,16.221,4.335,28961
0.101,1790929109.001,open,30,,42.849,5.418,243.0,0,30,0,0,16.221,4.335,28961
0.111,1790929109.011,open,30,,42.849,5.418,243.0,0,30,0,0,16.221,4.335,28961
0.122,1790929109.021,recovery,15,15,41.008,1.304,242.0,0,30,10,5,10.169,4.301,28961
0.132,1790929109.031,recovery,15,15,41.008,1.304,242.0,0,30,10,5,10.169,4.301,28961
0.142,1790929109.042,recovery,15,15,41.008,1.304,242.0,0,30,10,5,10.169,4.301,28961
0.152,1790929109.052,recovery,15,15,41.008,1.304,242.0,0,30,10,5,10.169,4.301,28961
0.162,1790929109.062,recovery,14,15,40.517,0.865,241.0,0,25,15,19,8.577,1.434,36201
0.172,1790929109.072,recovery,14,15,40.517,0.865,241.0,0,25,15,19,8.577,1.434,36201
0.182,1790929109.082,recovery,14,15,40.517,0.865,241.0,0,25,15,19,8.577,1.434,36201
0.193,1790929109.092,recovery,14,15,40.517,0.865,241.0,0,25,15,19,8.577,1.434,36201
0.203,1790929109.102,recovery,15,15,40.136,0.263,241.0,0,15,5,20,5.195,3.473,65161
0.213,1790929109.112,recovery,15,15,40.136,0.263,241.0,0,15,5,20,5.195,3.473,65161
0.223,1790929109.123,recovery,15,15,40.136,0.263,241.0,0,15,5,20,5.195,3.473,65161
0.233,1790929109.133,recovery,15,15,40.136,0.263,241.0,0,15,5,20,5.195,3.473,65161
0.243,1790929109.143,recovery,11,15,40.089,0.048,241.0,0,21,4,24,6.935,3.18,65161
0.253,1790929109.153,recovery,11,15,40.089,0.048,241.0,0,21,4,24,6.935,3.18,65161
0.263,1790929109.163,recovery,11,15,40.089,0.048,241.0,0,21,4,24,6.935,3.18,65161
0.273,1790929109.173,recovery,11,15,40.089,0.048,241.0,0,21,4,24,6.935,3.18,65161
0.284,1790929109.183,recovery,7,7,40.193,0.286,241.0,0,13,1,25,4.496,2.82,85433
0.294,1790929109.193,recovery,7,7,40.193,0.286,241.0,0,13,1,25,4.496,2.82,85433
0.304,1790929109.203,recovery,7,7,40.193,0.286,241.0,0,13,1,25,4.496,2.82,85433
0.314,1790929109.213,recovery,7,7,40.193,0.286,241.0,0,13,1,25,4.496,2.82,85433
0.324,1790929109.224,open,7,7,40.16,0.214,241.0,0,7,0,25,2.423,3.178,104257
0.334,1790929109.234,open,7,7,40.16,0.214,241.0,0,7,0,25,2.423,3.178,104257
0.344,1790929109.244,open,7,7,40.16,0.214,241.0,0,7,0,25,2.423,3.178,104257
0.354,1790929109.254,open,7,7,40.16,0.214,241.0,0,7,0,25,2.423,3.178,104257
0.364,1790929109.264,open,8,7,40.126,0.141,241.0,0,8,0,25,2.771,2.023,114393
0.374,1790929109.274,open,8,7,40.126,0.141,241.0,0,8,0,25,2.771,2.023,114393
0.385,1790929109.284,open,8,7,40.126,0.141,241.0,0,8,0,25,2.771,2.023,114393
0.395,1790929109.294,open,8,7,40.126,0.141,241.0,0,8,0,25,2.771,2.023,114393
0.405,1790929109.304,open,9,7,40.114,0.099,241.0,0,9,0,25,3.119,2.313,125977
0.415,1790929109.314,open,9,7,40.114,0.099,241.0,0,9,0,25,3.119,2.313,125977
0.425,1790929109.325,open,9,7,40.114,0.099,241.0,0,9,0,25,3.119,2.313,125977
0.435,1790929109.335,open,9,7,40.114,0.099,241.0,0,9,0,25,3.119,2.313,125977
0.445,1790929109.345,open,10,7,40.116,0.078,241.0,0,10,0,25,3.465,2.599,139009
0.455,1790929109.355,open,10,7,40.116,0.078,241.0,0,10,0,25,3.465,2.599,139009
0.465,1790929109.365,open,10,7,40.116,0.078,241.0,0,10,0,25,3.465,2.599,139009
0.475,1790929109.375,open,10,7,40.116,0.078,241.0,0,10,0,25,3.465,2.599,139009
0.486,1790929109.385,open,11,7,40.111,0.068,241.0,0,11,0,25,3.812,2.89,153489
0.496,1790929109.395,open,11,7,40.111,0.068,241.0,0,11,0,25,3.812,2.89,153489
0.506,1790929109.405,open,11,7,40.111,0.068,241.0,0,11,0,25,3.812,2.89,153489
0.516,1790929109.415,open,11,7,40.111,0.068,241.0,0,11,0,25,3.812,2.89,153489
0.526,1790929109.425,open,12,7,40.111,0.051,241.0,0,11,0,25,4.159,2.888,167969
0.536,1790929109.435,open,12,7,40.111,0.051,241.0,0,11,0,25,4.159,2.888,167969
0.546,1790929109.446,open,12,7,40.111,0.051,241.0,0,11,0,25,4.159,2.888,167969
0.556,1790929109.456,open,12,7,40.111,0.051,241.0,0,11,0,25,4.159,2.888,167969
0.566,1790929109.466,recovery,6,6,40.187,0.169,241.0,0,16,1,26,4.151,2.844,167969
0.576,1790929109.476,recovery,6,6,40.187,0.169,241.0,0,16,1,26,4.151,2.844,167969
0.586,1790929109.486,recovery,6,6,40.187,0.169,241.0,0,16,1,26,4.151,2.844,167969
0.596,1790929109.496,recovery,6,6,40.187,0.169,241.0,0,16,1,26,4.151,2.844,167969
0.606,1790929109.506,open,7,6,40.206,0.23,241.0,0,7,0,26,2.42,1.707,191137
0.617,1790929109.516,open,7,6,40.206,0.23,241.0,0,7,0,26,2.42,1.707,191137
0.627,1790929109.526,open,7,6,40.206,0.23,241.0,0,7,0,26,2.42,1.707,191137
0.637,1790929109.536,open,7,6,40.206,0.23,241.0,0,7,0,26,2.42,1.707,191137
0.647,1790929109.546,open,8,6,40.267,0.293,241.0,0,8,0,26,2.762,2.023,201273
0.657,1790929109.556,open,8,6,40.267,0.293,241.0,0,8,0,26,2.762,2.023,201273
0.667,1790929109.567,open,8,6,40.267,0.293,241.0,0,8,0,26,2.762,2.023,201273
0.677,1790929109.577,open,8,6,40.267,0.293,241.0,0,8,0,26,2.762,2.023,201273
0.687,1790929109.587,open,9,6,40.249,0.256,241.0,0,9,0,26,3.108,2.31,212857
0.697,1790929109.597,open,9,6,40.249,0.256,241.0,0,9,0,26,3.108,2.31,212857
0.707,1790929109.607,open,9,6,40.249,0.256,241.0,0,9,0,26,3.108,2.31,212857
0.717,1790929109.617,open,9,6,40.249,0.256,241.0,0,9,0,26,3.108,2.31,212857
0.727,1790929109.627,open,10,6,40.23,0.23,241.0,0,10,0,26,3.455,2.6,225889
0.737,1790929109.637,open,10,6,40.23,0.23,241.0,0,10,0,26,3.455,2.6,225889
0.748,1790929109.647,open,10,6,40.23,0.23,241.0,0,10,0,26,3.455,2.6,225889
0.758,1790929109.657,open,10,6,40.23,0.23,241.0,0,10,0,26,3.455,2.6,225889
0.768,1790929109.667,open,11,6,40.213,0.205,241.0,0,11,0,26,3.802,2.889,240369
0.778,1790929109.677,open,11,6,40.213,0.205,241.0,0,11,0,26,3.802,2.889,240369
0.788,1790929109.687,open,11,6,40.213,0.205,241.0,0,11,0,26,3.802,2.889,240369
0.798,1790929109.697,open,11,6,40.213,0.205,241.0,0,11,0,26,3.802,2.889,240369
0.808,1790929109.708,open,11,6,40.199,0.182,241.0,0,11,0,26,3.804,2.889,254849
0.818,1790929109.718,open,11,6,40.199,0.182,241.0,0,11,0,26,3.804,2.889,254849
0.828,1790929109.728,open,11,6,40.199,0.182,241.0,0,11,0,26,3.804,2.889,254849
0.838,1790929109.738,open,11,6,40.199,0.182,241.0,0,11,0,26,3.804,2.889,254849
0.848,1790929109.748,recovery,5,5,40.193,0.153,241.0,0,15,1,27,4.15,2.868,254849
0.858,1790929109.758,recovery,5,5,40.193,0.153,241.0,0,15,1,27,4.15,2.868,254849
0.868,1790929109.768,recovery,5,5,40.193,0.153,241.0,0,15,1,27,4.15,2.868,254849
0.878,1790929109.778,recovery,5,5,40.193,0.153,241.0,0,15,1,27,4.15,2.868,254849
0.889,1790929109.788,open,6,5,40.175,0.154,241.0,0,6,0,27,2.076,1.434,276569
0.899,1790929109.798,open,6,5,40.175,0.154,241.0,0,6,0,27,2.076,1.434,276569
0.909,1790929109.808,open,6,5,40.175,0.154,241.0,0,6,0,27,2.076,1.434,276569
0.919,1790929109.818,open,6,5,40.175,0.154,241.0,0,6,0,27,2.076,1.434,276569
0.929,1790929109.828,open,7,5,40.195,0.157,241.0,0,7,0,27,2.421,1.735,285257
0.939,1790929109.839,open,7,5,40.195,0.157,241.0,0,7,0,27,2.421,1.735,285257
0.949,1790929109.849,open,7,5,40.195,0.157,241.0,0,7,0,27,2.421,1.735,285257
0.959,1790929109.859,open,7,5,40.195,0.157,241.0,0,7,0,27,2.421,1.735,285257
0.969,1790929109.869,open,8,5,40.182,0.143,241.0,0,8,0,27,2.768,2.023,295393
0.979,1790929109.879,open,8,5,40.182,0.143,241.0,0,8,0,27,2.768,2.023,295393
0.989,1790929109.889,open,8,5,40.182,0.143,241.0,0,8,0,27,2.768,2.023,295393
0.999,1790929109.899,open,8,5,40.182,0.143,241.0,0,8,0,27,2.768,2.023,295393
1.009,1790929109.909,open,9,5,40.172,0.128,241.0,0,9,0,27,3.114,2.311,306977
1.020,1790929109.919,open,9,5,40.172,0.128,241.0,0,9,0,27,3.114,2.311,306977
1.030,1790929109.929,open,9,5,40.172,0.128,241.0,0,9,0,27,3.114,2.311,306977
1.040,1790929109.939,open,9,5,40.172,0.128,241.0,0,9,0,27,3.114,2.311,306977
1.050,1790929109.949,open,10,5,40.164,0.113,241.0,0,10,0,27,3.461,2.6,320009
1.060,1790929109.959,open,10,5,40.164,0.113,241.0,0,10,0,27,3.461,2.6,320009
1.070,1790929109.970,open,10,5,40.164,0.113,241.0,0,10,0,27,3.461,2.6,320009
1.080,1790929109.980,open,10,5,40.164,0.113,241.0,0,10,0,27,3.461,2.6,320009
1.090,1790929109.990,open,11,5,40.154,0.104,241.0,0,11,0,27,3.808,2.89,334489
1.100,1790929110.000,open,11,5,40.154,0.104,241.0,0,11,0,27,3.808,2.89,334489
1.110,1790929110.010,open,11,5,40.154,0.104,241.0,0,11,0,27,3.808,2.89,334489
1.121,1790929110.020,open,11,5,40.154,0.104,241.0,0,11,0,27,3.808,2.89,334489
1.131,1790929110.030,open,11,5,40.15,0.087,241.0,0,11,0,27,3.808,2.887,348969
1.141,1790929110.040,open,11,5,40.15,0.087,241.0,0,11,0,27,3.808,2.887,348969
1.151,1790929110.051,open,11,5,40.15,0.087,241.0,0,11,0,27,3.808,2.887,348969
1.161,1790929110.061,open,11,5,40.15,0.087,241.0,0,11,0,27,3.808,2.887,348969
1.171,1790929110.071,recovery,5,5,40.164,0.088,241.0,0,15,1,28,4.153,2.871,348969
1.181,1790929110.081,recovery,5,5,40.164,0.088,241.0,0,15,1,28,4.153,2.871,348969
1.191,1790929110.091,recovery,5,5,40.164,0.088,241.0,0,15,1,28,4.153,2.871,348969
1.201,1790929110.101,recovery,5,5,40.164,0.088,241.0,0,15,1,28,4.153,2.871,348969
1.212,1790929110.111,open,6,5,40.143,0.093,241.0,0,6,0,28,2.078,1.436,370689
1.222,1790929110.121,open,6,5,40.143,0.093,241.0,0,6,0,28,2.078,1.436,370689
1.232,1790929110.131,open,6,5,40.143,0.093,241.0,0,6,0,28,2.078,1.436,370689
1.242,1790929110.141,open,6,5,40.143,0.093,241.0,0,6,0,28,2.078,1.436,370689
1.252,1790929110.151,open,7,5,40.174,0.13,241.0,0,7,0,28,2.422,1.731,379377
1.262,1790929110.162,open,7,5,40.174,0.13,241.0,0,7,0,28,2.422,1.731,379377
1.272,1790929110.172,open,7,5,40.174,0.13,241.0,0,7,0,28,2.422,1.731,379377
1.282,1790929110.182,open,7,5,40.174,0.13,241.0,0,7,0,28,2.422,1.731,379377
1.292,1790929110.192,open,8,5,40.163,0.119,241.0,0,8,0,28,2.769,2.023,389513
1.302,1790929110.202,open,8,5,40.163,0.119,241.0,0,8,0,28,2.769,2.023,389513
1.312,1790929110.212,open,8,5,40.163,0.119,241.0,0,8,0,28,2.769,2.023,389513
1.323,1790929110.222,open,8,5,40.163,0.119,241.0,0,8,0,28,2.769,2.023,389513
1.333,1790929110.232,open,9,5,40.153,0.108,241.0,0,9,0,28,3.116,2.312,401097
1.343,1790929110.242,open,9,5,40.153,0.108,241.0,0,9,0,28,3.116,2.312,401097
1.353,1790929110.252,open,9,5,40.153,0.108,241.0,0,9,0,28,3.116,2.312,401097
1.363,1790929110.263,open,9,5,40.153,0.108,241.0,0,9,0,28,3.116,2.312,401097
1.373,1790929110.273,open,10,5,40.144,0.099,241.0,0,10,0,28,3.463,2.601,414129
1.383,1790929110.283,open,10,5,40.144,0.099,241.0,0,10,0,28,3.463,2.601,414129
1.393,1790929110.293,open,10,5,40.144,0.099,241.0,0,10,0,28,3.463,2.601,414129
1.403,1790929110.303,open,10,5,40.144,0.099,241.0,0,10,0,28,3.463,2.601,414129
1.413,1790929110.313,open,11,5,40.137,0.088,241.0,0,11,0,28,3.81,2.89,428609
1.424,1790929110.323,open,11,5,40.137,0.088,241.0,0,11,0,28,3.81,2.89,428609
1.434,1790929110.333,open,11,5,40.137,0.088,241.0,0,11,0,28,3.81,2.89,428609
1.444,1790929110.343,open,11,5,40.137,0.088,241.0,0,11,0,28,3.81,2.89,428609
1.454,1790929110.353,open,11,5,40.136,0.069,241.0,0,11,0,28,3.81,2.887,443089
1.464,1790929110.364,open,11,5,40.136,0.069,241.0,0,11,0,28,3.81,2.887,443089
1.474,1790929110.374,open,11,5,40.136,0.069,241.0,0,11,0,28,3.81,2.887,443089
1.484,1790929110.384,open,11,5,40.136,0.069,241.0,0,11,0,28,3.81,2.887,443089
1.494,1790929110.394,recovery,5,5,40.14,0.086,241.0,0,15,1,29,4.156,2.874,443089
1.504,1790929110.404,recovery,5,5,40.14,0.086,241.0,0,15,1,29,4.156,2.874,443089
1.515,1790929110.414,recovery,5,5,40.14,0.086,241.0,0,15,1,29,4.156,2.874,443089
1.525,1790929110.424,recovery,5,5,40.14,0.086,241.0,0,15,1,29,4.156,2.874,443089
1.535,1790929110.434,open,6,5,40.128,0.097,241.0,0,6,0,29,2.078,1.437,464809
1.545,1790929110.444,open,6,5,40.128,0.097,241.0,0,6,0,29,2.078,1.437,464809
1.555,1790929110.455,open,6,5,40.128,0.097,241.0,0,6,0,29,2.078,1.437,464809
1.565,1790929110.465,open,6,5,40.128,0.097,241.0,0,6,0,29,2.078,1.437,464809
1.575,1790929110.475,open,7,5,40.151,0.119,241.0,0,7,0,29,2.423,1.734,473497
1.585,1790929110.485,open,7,5,40.151,0.119,241.0,0,7,0,29,2.423,1.734,473497
1.595,1790929110.495,open,7,5,40.151,0.119,241.0,0,7,0,29,2.423,1.734,473497
1.605,1790929110.505,open,7,5,40.151,0.119,241.0,0,7,0,29,2.423,1.734,473497
1.616,1790929110.515,open,8,5,40.153,0.093,241.0,0,8,0,29,2.77,2.019,483633
1.626,1790929110.525,open,8,5,40.153,0.093,241.0,0,8,0,29,2.77,2.019,483633
1.636,1790929110.535,open,8,5,40.153,0.093,241.0,0,8,0,29,2.77,2.019,483633
1.646,1790929110.545,open,9,5,40.144,0.086,241.0,0,9,0,29,3.116,2.312,495217
1.656,1790929110.556,open,9,5,40.144,0.086,241.0,0,9,0,29,3.116,2.312,495217
1.666,1790929110.566,open,9,5,40.144,0.086,241.0,0,9,0,29,3.116,2.312,495217
1.676,1790929110.576,open,9,5,40.144,0.086,241.0,0,9,0,29,3.116,2.312,495217
1.686,1790929110.586,open,10,5,40.145,0.065,241.0,0,10,0,29,3.463,2.597,508249
1.696,1790929110.596,open,10,5,40.145,0.065,241.0,0,10,0,29,3.463,2.597,508249
1.707,1790929110.606,open,10,5,40.145,0.065,241.0,0,10,0,29,3.463,2.597,508249
1.717,1790929110.616,open,10,5,40.145,0.065,241.0,0,10,0,29,3.463,2.597,508249
1.727,1790929110.626,open,11,5,40.146,0.052,241.0,0,11,0,29,3.809,2.884,522729
1.737,1790929110.636,open,11,5,40.146,0.052,241.0,0,11,0,29,3.809,2.884,522729
1.747,1790929110.646,open,11,5,40.146,0.052,241.0,0,11,0,29,3.809,2.884,522729
1.757,1790929110.657,open,11,5,40.146,0.052,241.0,0,11,0,29,3.809,2.884,522729
1.767,1790929110.667,open,11,5,40.149,0.045,241.0,0,11,0,29,3.808,2.884,537209
1.777,1790929110.677,open,11,5,40.149,0.045,241.0,0,11,0,29,3.808,2.884,537209
1.787,1790929110.687,open,11,5,40.149,0.045,241.0,0,11,0,29,3.808,2.884,537209
1.797,1790929110.697,open,11,5,40.149,0.045,241.0,0,11,0,29,3.808,2.884,537209
1.808,1790929110.707,recovery,5,5,40.157,0.025,241.0,0,15,1,30,4.154,2.883,537209
1.818,1790929110.717,recovery,5,5,40.157,0.025,241.0,0,15,1,30,4.154,2.883,537209
1.828,1790929110.727,recovery,5,5,40.157,0.025,241.0,0,15,1,30,4.154,2.883,537209
1.838,1790929110.737,recovery,5,5,40.157,0.025,241.0,0,15,1,30,4.154,2.883,537209
1.848,1790929110.748,open,6,5,40.128,0.03,241.0,0,6,0,30,2.078,1.442,558929
1.858,1790929110.758,open,6,5,40.128,0.03,241.0,0,6,0,30,2.078,1.442,558929
1.868,1790929110.768,open,6,5,40.128,0.03,241.0,0,6,0,30,2.078,1.442,558929
1.878,1790929110.778,open,6,5,40.128,0.03,241.0,0,6,0,30,2.078,1.442,558929
1.888,1790929110.788,open,7,5,40.124,0.03,241.0,0,7,0,30,2.425,1.734,567617
1.899,1790929110.798,open,7,5,40.124,0.03,241.0,0,7,0,30,2.425,1.734,567617
1.909,1790929110.808,open,7,5,40.124,0.03,241.0,0,7,0,30,2.425,1.734,567617
1.919,1790929110.818,open,7,5,40.124,0.03,241.0,0,7,0,30,2.425,1.734,567617
1.929,1790929110.828,open,8,5,40.117,0.031,241.0,0,8,0,30,2.772,2.024,577753
1.939,1790929110.839,open,8,5,40.117,0.031,241.0,0,8,0,30,2.772,2.024,577753
1.949,1790929110.849,open,8,5,40.117,0.031,241.0,0,8,0,30,2.772,2.024,577753
1.959,1790929110.859,open,8,5,40.117,0.031,241.0,0,8,0,30,2.772,2.024,577753
1.969,1790929110.869,open,9,5,40.118,0.026,241.0,0,9,0,30,3.118,2.309,589337
1.979,1790929110.879,open,9,5,40.118,0.026,241.0,0,9,0,30,3.118,2.309,589337
1.990,1790929110.889,open,9,5,40.118,0.026,241.0,0,9,0,30,3.118,2.309,589337
2.000,1790929110.899,open,9,5,40.118,0.026,241.0,0,9,0,30,3.118,2.309,589337
2.010,1790929110.909,open,10,5,40.117,0.022,241.0,0,10,0,30,3.465,2.599,602369
2.020,1790929110.919,open,10,5,40.117,0.022,241.0,0,10,0,30,3.465,2.599,602369
2.030,1790929110.929,open,10,5,40.117,0.022,241.0,0,10,0,30,3.465,2.599,602369
2.040,1790929110.940,open,10,5,40.117,0.022,241.0,0,10,0,30,3.465,2.599,602369
2.050,1790929110.950,open,11,5,40.123,0.029,241.0,0,11,0,30,3.811,2.884,616849
2.060,1790929110.960,open,11,5,40.123,0.029,241.0,0,11,0,30,3.811,2.884,616849
2.070,1790929110.970,open,11,5,40.123,0.029,241.0,0,11,0,30,3.811,2.884,616849
2.080,1790929110.980,open,11,5,40.123,0.029,241.0,0,11,0,30,3.811,2.884,616849
2.091,1790929110.990,open,11,5,40.12,0.028,241.0,0,11,0,30,3.811,2.889,631329
2.101,1790929111.000,open,11,5,40.12,0.028,241.0,0,11,0,30,3.811,2.889,631329
2.111,1790929111.010,open,11,5,40.12,0.028,241.0,0,11,0,30,3.811,2.889,631329
2.121,1790929111.021,open,11,5,40.12,0.028,241.0,0,11,0,30,3.811,2.889,631329
2.131,1790929111.031,recovery,5,5,40.121,0.037,241.0,0,15,1,31,4.158,2.882,631329
2.141,1790929111.041,recovery,5,5,40.121,0.037,241.0,0,15,1,31,4.158,2.882,631329
2.151,1790929111.051,recovery,5,5,40.121,0.037,241.0,0,15,1,31,4.158,2.882,631329
2.161,1790929111.061,recovery,5,5,40.121,0.037,241.0,0,15,1,31,4.158,2.882,631329
2.172,1790929111.071,open,6,5,40.097,0.032,241.0,0,6,0,31,2.08,1.441,653049
2.182,1790929111.081,open,6,5,40.097,0.032,241.0,0,6,0,31,2.08,1.441,653049
2.192,1790929111.091,open,6,5,40.097,0.032,241.0,0,6,0,31,2.08,1.441,653049
2.202,1790929111.101,open,6,5,40.097,0.032,241.0,0,6,0,31,2.08,1.441,653049
2.212,1790929111.111,open,7,5,40.094,0.028,241.0,0,7,0,31,2.427,1.735,661737
2.222,1790929111.121,open,7,5,40.094,0.028,241.0,0,7,0,31,2.427,1.735,661737
2.232,1790929111.132,open,7,5,40.094,0.028,241.0,0,7,0,31,2.427,1.735,661737
2.242,1790929111.142,open,7,5,40.094,0.028,241.0,0,7,0,31,2.427,1.735,661737
2.252,1790929111.152,open,8,5,40.098,0.029,241.0,0,8,0,31,2.773,2.021,671873
2.262,1790929111.162,open,8,5,40.098,0.029,241.0,0,8,0,31,2.773,2.021,671873
2.272,1790929111.172,open,8,5,40.098,0.029,241.0,0,8,0,31,2.773,2.021,671873
2.282,1790929111.182,open,8,5,40.098,0.029,241.0,0,8,0,31,2.773,2.021,671873
2.293,1790929111.192,open,9,5,40.101,0.028,241.0,0,9,0,31,3.12,2.31,683457
2.303,1790929111.202,open,9,5,40.101,0.028,241.0,0,9,0,31,3.12,2.31,683457
2.313,1790929111.212,open,9,5,40.101,0.028,241.0,0,9,0,31,3.12,2.31,683457
2.323,1790929111.222,open,9,5,40.101,0.028,241.0,0,9,0,31,3.12,2.31,683457
2.333,1790929111.232,open,10,5,40.098,0.027,241.0,0,10,0,31,3.467,2.601,696489
2.343,1790929111.243,open,10,5,40.098,0.027,241.0,0,10,0,31,3.467,2.601,696489
2.353,1790929111.253,open,10,5,40.098,0.027,241.0,0,10,0,31,3.467,2.601,696489
2.363,1790929111.263,open,10,5,40.098,0.027,241.0,0,10,0,31,3.467,2.601,696489
2.373,1790929111.273,open,11,5,40.096,0.023,241.0,0,11,0,31,3.814,2.89,710969
2.383,1790929111.283,open,11,5,40.096,0.023,241.0,0,11,0,31,3.814,2.89,710969
2.393,1790929111.293,open,11,5,40.096,0.023,241.0,0,11,0,31,3.814,2.89,710969
2.404,1790929111.303,open,11,5,40.096,0.023,241.0,0,11,0,31,3.814,2.89,710969
2.414,1790929111.313,open,11,5,40.095,0.019,241.0,0,11,0,31,3.814,2.889,725449
2.424,1790929111.323,open,11,5,40.095,0.019,241.0,0,11,0,31,3.814,2.889,725449
2.434,1790929111.333,open,11,5,40.095,0.019,241.0,0,11,0,31,3.814,2.889,725449
2.444,1790929111.344,open,11,5,40.095,0.019,241.0,0,11,0,31,3.814,2.889,725449
2.454,1790929111.354,recovery,5,5,40.214,0.258,241.0,0,15,1,32,4.148,2.819,725449
2.464,1790929111.364,recovery,5,5,40.214,0.258,241.0,0,15,1,32,4.148,2.819,725449
2.474,1790929111.374,recovery,5,5,40.214,0.258,241.0,0,15,1,32,4.148,2.819,725449
2.484,1790929111.384,recovery,5,5,40.214,0.258,241.0,0,15,1,32,4.148,2.819,725449
2.494,1790929111.394,open,6,5,40.259,0.361,241.0,0,6,0,32,2.072,1.41,747169
2.505,1790929111.404,open,6,5,40.259,0.361,241.0,0,6,0,32,2.072,1.41,747169
2.515,1790929111.414,open,6,5,40.259,0.361,241.0,0,6,0,32,2.072,1.41,747169
2.525,1790929111.424,open,6,5,40.259,0.361,241.0,0,6,0,32,2.072,1.41,747169
2.535,1790929111.434,open,7,5,40.18,0.271,241.0,0,7,0,32,2.422,1.736,755857
2.545,1790929111.445,open,7,5,40.18,0.271,241.0,0,7,0,32,2.422,1.736,755857
2.555,1790929111.455,open,7,5,40.18,0.271,241.0,0,7,0,32,2.422,1.736,755857
2.565,1790929111.465,open,7,5,40.18,0.271,241.0,0,7,0,32,2.422,1.736,755857
2.575,1790929111.475,open,8,5,40.285,0.414,241.0,0,8,0,32,2.76,2.026,765993
2.585,1790929111.485,open,8,5,40.285,0.414,241.0,0,8,0,32,2.76,2.026,765993
2.595,1790929111.495,open,8,5,40.285,0.414,241.0,0,8,0,32,2.76,2.026,765993
2.606,1790929111.505,open,8,5,40.285,0.414,241.0,0,8,0,32,2.76,2.026,765993
2.616,1790929111.515,open,9,5,40.255,0.37,241.0,0,9,0,32,3.108,2.314,777577
2.626,1790929111.525,open,9,5,40.255,0.37,241.0,0,9,0,32,3.108,2.314,777577
2.636,1790929111.535,open,9,5,40.255,0.37,241.0,0,9,0,32,3.108,2.314,777577
2.646,1790929111.546,open,9,5,40.255,0.37,241.0,0,9,0,32,3.108,2.314,777577
2.656,1790929111.556,open,10,5,40.231,0.326,241.0,0,10,0,32,3.455,2.602,790609
2.666,1790929111.566,open,10,5,40.231,0.326,241.0,0,10,0,32,3.455,2.602,790609
2.676,1790929111.576,open,10,5,40.231,0.326,241.0,0,10,0,32,3.455,2.602,790609
2.686,1790929111.586,open,10,5,40.231,0.326,241.0,0,10,0,32,3.455,2.602,790609
2.697,1790929111.596,open,11,5,40.21,0.287,241.0,0,11,0,32,3.803,2.892,805089
2.707,1790929111.606,open,11,5,40.21,0.287,241.0,0,11,0,32,3.803,2.892,805089
2.717,1790929111.616,open,11,5,40.21,0.287,241.0,0,11,0,32,3.803,2.892,805089
2.727,1790929111.626,open,11,5,40.21,0.287,241.0,0,11,0,32,3.803,2.892,805089
2.737,1790929111.636,open,11,5,40.192,0.25,241.0,0,11,0,32,3.804,2.891,819569
2.747,1790929111.647,open,11,5,40.192,0.25,241.0,0,11,0,32,3.804,2.891,819569
2.757,1790929111.657,open,11,5,40.192,0.25,241.0,0,11,0,32,3.804,2.891,819569
2.767,1790929111.667,open,11,5,40.192,0.25,241.0,0,11,0,32,3.804,2.891,819569
2.777,1790929111.677,recovery,5,5,40.244,0.342,241.0,0,15,1,33,4.145,2.828,819569
2.787,1790929111.687,recovery,5,5,40.244,0.342,241.0,0,15,1,33,4.145,2.828,819569
2.798,1790929111.697,recovery,5,5,40.244,0.342,241.0,0,15,1,33,4.145,2.828,819569
2.808,1790929111.707,recovery,5,5,40.244,0.342,241.0,0,15,1,33,4.145,2.828,819569
2.818,1790929111.717,open,6,5,40.271,0.382,241.0,0,6,0,33,2.071,1.414,841289
2.828,1790929111.727,open,6,5,40.271,0.382,241.0,0,6,0,33,2.071,1.414,841289
2.838,1790929111.738,open,6,5,40.271,0.382,241.0,0,6,0,33,2.071,1.414,841289
2.848,1790929111.748,open,6,5,40.271,0.382,241.0,0,6,0,33,2.071,1.414,841289
2.858,1790929111.758,open,7,5,40.315,0.427,241.0,0,7,0,33,2.414,1.736,849977
2.868,1790929111.768,open,7,5,40.315,0.427,241.0,0,7,0,33,2.414,1.736,849977
2.878,1790929111.778,open,7,5,40.315,0.427,241.0,0,7,0,33,2.414,1.736,849977
2.889,1790929111.788,open,7,5,40.315,0.427,241.0,0,7,0,33,2.414,1.736,849977
2.899,1790929111.798,open,8,5,40.283,0.385,241.0,0,8,0,33,2.761,2.025,860113
2.909,1790929111.808,open,8,5,40.283,0.385,241.0,0,8,0,33,2.761,2.025,860113
2.919,1790929111.818,open,8,5,40.283,0.385,241.0,0,8,0,33,2.761,2.025,860113
2.929,1790929111.828,open,8,5,40.283,0.385,241.0,0,8,0,33,2.761,2.025,860113
2.939,1790929111.839,open,9,5,40.256,0.343,241.0,0,9,0,33,3.108,2.313,871697
2.949,1790929111.849,open,9,5,40.256,0.343,241.0,0,9,0,33,3.108,2.313,871697
2.959,1790929111.859,open,9,5,40.256,0.343,241.0,0,9,0,33,3.108,2.313,871697
2.969,1790929111.869,open,9,5,40.256,0.343,241.0,0,9,0,33,3.108,2.313,871697
2.979,1790929111.879,open,10,5,40.23,0.308,241.0,0,10,0,33,3.455,2.603,884729
2.990,1790929111.889,open,10,5,40.23,0.308,241.0,0,10,0,33,3.455,2.603,884729
3.000,1790929111.899,open,10,5,40.23,0.308,241.0,0,10,0,33,3.455,2.603,884729
3.010,1790929111.909,open,10,5,40.23,0.308,241.0,0,10,0,33,3.455,2.603,884729
3.020,1790929111.919,open,11,5,40.208,0.276,241.0,0,11,0,33,3.803,2.892,899209
3.030,1790929111.930,open,11,5,40.208,0.276,241.0,0,11,0,33,3.803,2.892,899209
3.040,1790929111.940,open,11,5,40.208,0.276,241.0,0,11,0,33,3.803,2.892,899209
3.050,1790929111.950,open,11,5,40.208,0.276,241.0,0,11,0,33,3.803,2.892,899209
3.060,1790929111.960,open,11,5,40.188,0.246,241.0,0,11,0,33,3.805,2.892,913689
3.070,1790929111.970,open,11,5,40.188,0.246,241.0,0,11,0,33,3.805,2.892,913689
3.081,1790929111.980,open,11,5,40.188,0.246,241.0,0,11,0,33,3.805,2.892,913689
3.091,1790929111.990,recovery,9,5,40.136,0.181,241.0,0,12,1,34,3.81,0.868,913689
3.101,1790929112.000,recovery,5,5,40.202,0.267,241.0,0,15,1,34,4.149,2.849,913689
3.111,1790929112.010,recovery,5,5,40.202,0.267,241.0,0,15,1,34,4.149,2.849,913689
3.121,1790929112.021,recovery,5,5,40.202,0.267,241.0,0,15,1,34,4.149,2.849,913689
3.131,1790929112.031,open,5,5,40.177,0.251,241.0,0,5,0,34,1.73,2.893,929617
3.141,1790929112.041,open,6,5,40.215,0.278,241.0,0,6,0,34,2.074,1.424,935409
3.151,1790929112.051,open,6,5,40.215,0.278,241.0,0,6,0,34,2.074,1.424,935409
3.161,1790929112.061,open,6,5,40.215,0.278,241.0,0,6,0,34,2.074,1.424,935409
3.172,1790929112.071,open,7,5,40.239,0.303,241.0,0,7,0,34,2.418,1.735,944097
3.182,1790929112.081,open,7,5,40.239,0.303,241.0,0,7,0,34,2.418,1.735,944097
3.192,1790929112.091,open,7,5,40.239,0.303,241.0,0,7,0,34,2.418,1.735,944097
3.202,1790929112.102,open,7,5,40.239,0.303,241.0,0,7,0,34,2.418,1.735,944097
3.212,1790929112.112,open,8,5,40.215,0.275,241.0,0,8,0,34,2.765,2.025,954233
3.222,1790929112.122,open,8,5,40.215,0.275,241.0,0,8,0,34,2.765,2.025,954233
3.232,1790929112.132,open,8,5,40.215,0.275,241.0,0,8,0,34,2.765,2.025,954233
3.242,1790929112.142,open,8,5,40.215,0.275,241.0,0,8,0,34,2.765,2.025,954233
3.253,1790929112.152,open,9,5,40.202,0.234,241.0,0,9,0,34,3.112,2.311,965817
3.263,1790929112.162,open,9,5,40.202,0.234,241.0,0,9,0,34,3.112,2.311,965817
3.273,1790929112.173,open,9,5,40.202,0.234,241.0,0,9,0,34,3.112,2.311,965817
3.283,1790929112.183,open,9,5,40.202,0.234,241.0,0,9,0,34,3.112,2.311,965817
3.293,1790929112.193,open,10,5,40.186,0.206,241.0,0,10,0,34,3.459,2.601,978849
3.303,1790929112.203,open,10,5,40.186,0.206,241.0,0,10,0,34,3.459,2.601,978849
3.313,1790929112.213,open,10,5,40.186,0.206,241.0,0,10,0,34,3.459,2.601,978849
3.323,1790929112.223,open,10,5,40.186,0.206,241.0,0,10,0,34,3.459,2.601,978849
3.334,1790929112.233,open,11,5,40.171,0.184,241.0,0,11,0,34,3.806,2.891,993329
3.344,1790929112.243,open,11,5,40.171,0.184,241.0,0,11,0,34,3.806,2.891,993329
3.354,1790929112.253,open,11,5,40.171,0.184,241.0,0,11,0,34,3.806,2.891,993329
3.364,1790929112.263,open,11,5,40.171,0.184,241.0,0,11,0,34,3.806,2.891,993329
3.374,1790929112.274,open,11,5,40.156,0.168,241.0,0,11,0,34,3.808,2.892,1007809
3.384,1790929112.284,open,11,5,40.156,0.168,241.0,0,11,0,34,3.808,2.892,1007809
3.394,1790929112.294,open,11,5,40.156,0.168,241.0,0,11,0,34,3.808,2.892,1007809
3.404,1790929112.304,open,11,5,40.156,0.168,241.0,0,11,0,34,3.808,2.892,1007809
3.414,1790929112.314,recovery,5,5,40.234,0.324,241.0,0,15,1,35,4.146,2.822,1007809
3.425,1790929112.324,recovery,5,5,40.234,0.324,241.0,0,15,1,35,4.146,2.822,1007809
3.435,1790929112.334,recovery,5,5,40.234,0.324,241.0,0,15,1,35,4.146,2.822,1007809
3.445,1790929112.344,recovery,5,5,40.234,0.324,241.0,0,15,1,35,4.146,2.822,1007809
3.455,1790929112.354,open,6,5,40.271,0.39,241.0,0,6,0,35,2.071,1.411,1029529
3.465,1790929112.364,open,6,5,40.271,0.39,241.0,0,6,0,35,2.071,1.411,1029529
3.475,1790929112.375,open,6,5,40.271,0.39,241.0,0,6,0,35,2.071,1.411,1029529
3.485,1790929112.385,open,6,5,40.271,0.39,241.0,0,6,0,35,2.071,1.411,1029529
3.495,1790929112.395,open,7,5,40.365,0.481,241.0,0,7,0,35,2.411,1.736,1038217
3.505,1790929112.405,open,7,5,40.365,0.481,241.0,0,7,0,35,2.411,1.736,1038217
3.515,1790929112.415,open,7,5,40.365,0.481,241.0,0,7,0,35,2.411,1.736,1038217
3.525,1790929112.425,open,7,5,40.365,0.481,241.0,0,7,0,35,2.411,1.736,1038217
3.536,1790929112.435,open,8,5,40.324,0.443,241.0,0,8,0,35,2.758,2.025,1048353
3.546,1790929112.445,open,8,5,40.324,0.443,241.0,0,8,0,35,2.758,2.025,1048353
3.556,1790929112.455,open,8,5,40.324,0.443,241.0,0,8,0,35,2.758,2.025,1048353
3.566,1790929112.465,open,8,5,40.324,0.443,241.0,0,8,0,35,2.758,2.025,1048353
3.576,1790929112.476,open,9,5,40.289,0.402,241.0,0,9,0,35,3.105,2.314,1059937
3.586,1790929112.486,open,9,5,40.289,0.402,241.0,0,9,0,35,3.105,2.314,1059937
3.596,1790929112.496,open,9,5,40.289,0.402,241.0,0,9,0,35,3.105,2.314,1059937
3.606,1790929112.506,open,9,5,40.289,0.402,241.0,0,9,0,35,3.105,2.314,1059937
3.616,1790929112.516,open,10,5,40.259,0.362,241.0,0,10,0,35,3.453,2.603,1072969
3.627,1790929112.526,open,10,5,40.259,0.362,241.0,0,10,0,35,3.453,2.603,1072969
3.637,1790929112.536,open,10,5,40.259,0.362,241.0,0,10,0,35,3.453,2.603,1072969
3.647,1790929112.546,open,10,5,40.259,0.362,241.0,0,10,0,35,3.453,2.603,1072969
3.657,1790929112.556,open,11,5,40.233,0.324,241.0,0,11,0,35,3.801,2.893,1087449
3.667,1790929112.566,open,11,5,40.233,0.324,241.0,0,11,0,35,3.801,2.893,1087449
3.677,1790929112.577,open,11,5,40.233,0.324,241.0,0,11,0,35,3.801,2.893,1087449
3.687,1790929112.587,open,11,5,40.233,0.324,241.0,0,11,0,35,3.801,2.893,1087449
3.697,1790929112.597,open,11,5,40.209,0.29,241.0,0,11,0,35,3.803,2.893,1101929
3.707,1790929112.607,open,11,5,40.209,0.29,241.0,0,11,0,35,3.803,2.893,1101929
3.717,1790929112.617,open,11,5,40.209,0.29,241.0,0,11,0,35,3.803,2.893,1101929
3.728,1790929112.627,open,11,5,40.209,0.29,241.0,0,11,0,35,3.803,2.893,1101929
3.738,1790929112.637,recovery,5,5,40.264,0.375,241.0,0,15,1,36,4.143,2.823,1101929
3.748,1790929112.647,recovery,5,5,40.264,0.375,241.0,0,15,1,36,4.143,2.823,1101929
3.758,1790929112.657,recovery,5,5,40.264,0.375,241.0,0,15,1,36,4.143,2.823,1101929
3.768,1790929112.668,recovery,5,5,40.264,0.375,241.0,0,15,1,36,4.143,2.823,1101929
3.778,1790929112.678,open,6,5,40.291,0.417,241.0,0,6,0,36,2.07,1.411,1123649
3.788,1790929112.688,open,6,5,40.291,0.417,241.0,0,6,0,36,2.07,1.411,1123649
3.798,1790929112.698,open,6,5,40.291,0.417,241.0,0,6,0,36,2.07,1.411,1123649
3.808,1790929112.708,open,6,5,40.291,0.417,241.0,0,6,0,36,2.07,1.411,1123649
3.818,1790929112.718,open,7,5,40.384,0.498,241.0,0,7,0,36,2.41,1.736,1132337
3.829,1790929112.728,open,7,5,40.384,0.498,241.0,0,7,0,36,2.41,1.736,1132337
3.839,1790929112.738,open,7,5,40.384,0.498,241.0,0,7,0,36,2.41,1.736,1132337
3.849,1790929112.748,open,7,5,40.384,0.498,241.0,0,7,0,36,2.41,1.736,1132337
3.859,1790929112.758,open,8,5,40.342,0.456,241.0,0,8,0,36,2.757,2.024,1142473
3.869,1790929112.769,open,8,5,40.342,0.456,241.0,0,8,0,36,2.757,2.024,1142473
3.879,1790929112.779,open,8,5,40.342,0.456,241.0,0,8,0,36,2.757,2.024,1142473
3.889,1790929112.789,open,8,5,40.342,0.456,241.0,0,8,0,36,2.757,2.024,1142473
3.899,1790929112.799,open,9,5,40.306,0.414,241.0,0,9,0,36,3.104,2.314,1154057
3.909,1790929112.809,open,9,5,40.306,0.414,241.0,0,9,0,36,3.104,2.314,1154057
3.920,1790929112.819,open,9,5,40.306,0.414,241.0,0,9,0,36,3.104,2.314,1154057
3.930,1790929112.829,open,9,5,40.306,0.414,241.0,0,9,0,36,3.104,2.314,1154057
3.940,1790929112.839,open,10,5,40.275,0.373,241.0,0,10,0,36,3.451,2.603,1167089
3.950,1790929112.849,open,10,5,40.275,0.373,241.0,0,10,0,36,3.451,2.603,1167089
3.960,1790929112.859,open,10,5,40.275,0.373,241.0,0,10,0,36,3.451,2.603,1167089
3.970,1790929112.870,open,10,5,40.275,0.373,241.0,0,10,0,36,3.451,2.603,1167089
3.980,1790929112.880,open,11,5,40.249,0.333,241.0,0,11,0,36,3.799,2.891,1181569
3.990,1790929112.890,open,11,5,40.249,0.333,241.0,0,11,0,36,3.799,2.891,1181569
4.000,1790929112.900,open,11,5,40.249,0.333,241.0,0,11,0,36,3.799,2.891,1181569
4.011,1790929112.910,open,11,5,40.249,0.333,241.0,0,11,0,36,3.799,2.891,1181569
4.021,1790929112.920,open,11,5,40.237,0.272,241.0,0,11,0,36,3.8,2.885,1196049
4.031,1790929112.930,open,11,5,40.237,0.272,241.0,0,11,0,36,3.8,2.885,1196049
4.041,1790929112.940,open,11,5,40.237,0.272,241.0,0,11,0,36,3.8,2.885,1196049
4.051,1790929112.950,open,11,5,40.237,0.272,241.0,0,11,0,36,3.8,2.885,1196049
4.061,1790929112.961,recovery,5,5,40.245,0.293,241.0,0,15,1,37,4.145,2.844,1196049
4.071,1790929112.971,recovery,5,5,40.245,0.293,241.0,0,15,1,37,4.145,2.844,1196049
4.081,1790929112.981,recovery,5,5,40.245,0.293,241.0,0,15,1,37,4.145,2.844,1196049
4.091,1790929112.991,recovery,5,5,40.245,0.293,241.0,0,15,1,37,4.145,2.844,1196049
4.102,1790929113.001,open,6,5,40.246,0.309,241.0,0,6,0,37,2.072,1.422,1217769
4.112,1790929113.011,open,6,5,40.246,0.309,241.0,0,6,0,37,2.072,1.422,1217769
4.122,1790929113.022,open,6,5,40.246,0.309,241.0,0,6,0,37,2.072,1.422,1217769
4.132,1790929113.032,open,6,5,40.246,0.309,241.0,0,6,0,37,2.072,1.422,1217769
4.142,1790929113.042,open,7,5,40.309,0.358,241.0,0,7,0,37,2.414,1.735,1226457
4.152,1790929113.052,open,7,5,40.309,0.358,241.0,0,7,0,37,2.414,1.735,1226457
4.162,1790929113.062,open,7,5,40.309,0.358,241.0,0,7,0,37,2.414,1.735,1226457
4.172,1790929113.072,open,7,5,40.309,0.358,241.0,0,7,0,37,2.414,1.735,1226457
4.182,1790929113.082,open,8,5,40.28,0.326,241.0,0,8,0,37,2.761,2.023,1236593
4.193,1790929113.092,open,8,5,40.28,0.326,241.0,0,8,0,37,2.761,2.023,1236593
4.203,1790929113.102,open,8,5,40.28,0.326,241.0,0,8,0,37,2.761,2.023,1236593
4.213,1790929113.112,open,8,5,40.28,0.326,241.0,0,8,0,37,2.761,2.023,1236593
4.223,1790929113.122,open,9,5,40.257,0.292,241.0,0,9,0,37,3.108,2.311,1248177
4.233,1790929113.133,open,9,5,40.257,0.292,241.0,0,9,0,37,3.108,2.311,1248177
4.243,1790929113.143,open,9,5,40.257,0.292,241.0,0,9,0,37,3.108,2.311,1248177
4.253,1790929113.153,open,9,5,40.257,0.292,241.0,0,9,0,37,3.108,2.311,1248177
4.263,1790929113.163,open,10,5,40.236,0.26,241.0,0,10,0,37,3.455,2.6,1261209
4.273,1790929113.173,open,10,5,40.236,0.26,241.0,0,10,0,37,3.455,2.6,1261209
4.283,1790929113.183,open,10,5,40.236,0.26,241.0,0,10,0,37,3.455,2.6,1261209
4.294,1790929113.193,open,10,5,40.236,0.26,241.0,0,10,0,37,3.455,2.6,1261209
4.304,1790929113.203,open,11,5,40.217,0.233,241.0,0,11,0,37,3.802,2.89,1275689
4.314,1790929113.213,open,11,5,40.217,0.233,241.0,0,11,0,37,3.802,2.89,1275689
4.324,1790929113.223,open,11,5,40.217,0.233,241.0,0,11,0,37,3.802,2.89,1275689
4.334,1790929113.233,open,11,5,40.217,0.233,241.0,0,11,0,37,3.802,2.89,1275689
4.344,1790929113.244,open,11,5,40.203,0.202,241.0,0,11,0,37,3.803,2.888,1290169
4.354,1790929113.254,open,11,5,40.203,0.202,241.0,0,11,0,37,3.803,2.888,1290169
4.364,1790929113.264,open,11,5,40.203,0.202,241.0,0,11,0,37,3.803,2.888,1290169
4.374,1790929113.274,open,11,5,40.203,0.202,241.0,0,11,0,37,3.803,2.888,1290169
4.384,1790929113.284,recovery,5,5,40.288,0.329,241.0,0,15,1,38,4.14,2.818,1290169
4.395,1790929113.294,recovery,5,5,40.288,0.329,241.0,0,15,1,38,4.14,2.818,1290169
4.405,1790929113.304,recovery,5,5,40.288,0.329,241.0,0,15,1,38,4.14,2.818,1290169
4.415,1790929113.314,recovery,5,5,40.288,0.329,241.0,0,15,1,38,4.14,2.818,1290169
4.425,1790929113.324,open,6,5,40.307,0.399,241.0,0,6,0,38,2.069,1.409,1311889
4.435,1790929113.334,open,6,5,40.307,0.399,241.0,0,6,0,38,2.069,1.409,1311889
4.445,1790929113.345,open,6,5,40.307,0.399,241.0,0,6,0,38,2.069,1.409,1311889
4.455,1790929113.355,open,6,5,40.307,0.399,241.0,0,6,0,38,2.069,1.409,1311889
4.465,1790929113.365,open,7,5,40.348,0.445,241.0,0,7,0,38,2.412,1.736,1320577
4.475,1790929113.375,open,7,5,40.348,0.445,241.0,0,7,0,38,2.412,1.736,1320577
4.485,1790929113.385,open,7,5,40.348,0.445,241.0,0,7,0,38,2.412,1.736,1320577
4.495,1790929113.395,open,7,5,40.348,0.445,241.0,0,7,0,38,2.412,1.736,1320577
4.505,1790929113.405,open,8,5,40.316,0.398,241.0,0,8,0,38,2.758,2.023,1330713
4.515,1790929113.415,open,8,5,40.316,0.398,241.0,0,8,0,38,2.758,2.023,1330713
4.526,1790929113.425,open,8,5,40.316,0.398,241.0,0,8,0,38,2.758,2.023,1330713
4.536,1790929113.435,open,8,5,40.316,0.398,241.0,0,8,0,38,2.758,2.023,1330713
4.546,1790929113.445,open,9,5,40.299,0.332,241.0,0,9,0,38,3.104,2.306,1342297
4.556,1790929113.455,open,9,5,40.299,0.332,241.0,0,9,0,38,3.104,2.306,1342297
4.566,1790929113.466,open,9,5,40.299,0.332,241.0,0,9,0,38,3.104,2.306,1342297
4.576,1790929113.476,open,9,5,40.299,0.332,241.0,0,9,0,38,3.104,2.306,1342297
4.586,1790929113.486,open,10,5,40.28,0.287,241.0,0,10,0,38,3.451,2.597,1355329
4.596,1790929113.496,open,10,5,40.28,0.287,241.0,0,10,0,38,3.451,2.597,1355329
4.607,1790929113.506,open,10,5,40.28,0.287,241.0,0,10,0,38,3.451,2.597,1355329
4.617,1790929113.516,open,10,5,40.28,0.287,241.0,0,10,0,38,3.451,2.597,1355329
4.627,1790929113.526,open,11,5,40.257,0.261,241.0,0,11,0,38,3.798,2.889,1369809
4.637,1790929113.536,open,11,5,40.257,0.261,241.0,0,11,0,38,3.798,2.889,1369809
4.647,1790929113.546,open,11,5,40.257,0.261,241.0,0,11,0,38,3.798,2.889,1369809
4.657,1790929113.557,open,11,5,40.257,0.261,241.0,0,11,0,38,3.798,2.889,1369809
4.667,1790929113.567,open,11,5,40.234,0.242,241.0,0,11,0,38,3.8,2.891,1384289
4.677,1790929113.577,open,11,5,40.234,0.242,241.0,0,11,0,38,3.8,2.891,1384289
4.687,1790929113.587,open,11,5,40.234,0.242,241.0,0,11,0,38,3.8,2.891,1384289
4.697,1790929113.597,open,11,5,40.234,0.242,241.0,0,11,0,38,3.8,2.891,1384289
4.708,1790929113.607,recovery,5,5,40.227,0.264,241.0,0,15,1,39,4.147,2.851,1384289
4.718,1790929113.617,recovery,5,5,40.227,0.264,241.0,0,15,1,39,4.147,2.851,1384289
4.728,1790929113.627,recovery,5,5,40.227,0.264,241.0,0,15,1,39,4.147,2.851,1384289
4.738,1790929113.637,open,5,5,40.199,0.255,241.0,0,5,0,39,1.729,2.894,1400217
4.748,1790929113.648,open,6,5,40.222,0.275,241.0,0,6,0,39,2.074,1.425,1406009
4.758,1790929113.658,open,6,5,40.222,0.275,241.0,0,6,0,39,2.074,1.425,1406009
4.768,1790929113.668,open,6,5,40.222,0.275,241.0,0,6,0,39,2.074,1.425,1406009
4.778,1790929113.678,open,6,5,40.222,0.275,241.0,0,6,0,39,2.074,1.425,1406009
4.788,1790929113.688,open,7,5,40.276,0.315,241.0,0,7,0,39,2.416,1.736,1414697
4.798,1790929113.698,open,7,5,40.276,0.315,241.0,0,7,0,39,2.416,1.736,1414697
4.809,1790929113.708,open,7,5,40.276,0.315,241.0,0,7,0,39,2.416,1.736,1414697
4.819,1790929113.718,open,8,5,40.251,0.285,241.0,0,8,0,39,2.763,2.023,1424833
4.829,1790929113.728,open,8,5,40.251,0.285,241.0,0,8,0,39,2.763,2.023,1424833
4.839,1790929113.738,open,8,5,40.251,0.285,241.0,0,8,0,39,2.763,2.023,1424833
4.849,1790929113.748,open,8,5,40.251,0.285,241.0,0,8,0,39,2.763,2.023,1424833
4.859,1790929113.758,open,9,5,40.23,0.257,241.0,0,9,0,39,3.11,2.312,1436417
4.869,1790929113.769,open,9,5,40.23,0.257,241.0,0,9,0,39,3.11,2.312,1436417
4.879,1790929113.779,open,9,5,40.23,0.257,241.0,0,9,0,39,3.11,2.312,1436417
4.889,1790929113.789,open,9,5,40.23,0.257,241.0,0,9,0,39,3.11,2.312,1436417
4.899,1790929113.799,open,10,5,40.224,0.205,241.0,0,10,0,39,3.456,2.595,1449449
4.910,1790929113.809,open,10,5,40.224,0.205,241.0,0,10,0,39,3.456,2.595,1449449
4.920,1790929113.819,open,10,5,40.224,0.205,241.0,0,10,0,39,3.456,2.595,1449449
4.930,1790929113.829,open,10,5,40.224,0.205,241.0,0,10,0,39,3.456,2.595,1449449
4.940,1790929113.839,open,11,5,40.207,0.187,241.0,0,11,0,39,3.803,2.889,1463929
4.950,1790929113.850,open,11,5,40.207,0.187,241.0,0,11,0,39,3.803,2.889,1463929
4.960,1790929113.860,open,11,5,40.207,0.187,241.0,0,11,0,39,3.803,2.889,1463929
4.970,1790929113.870,open,11,5,40.207,0.187,241.0,0,11,0,39,3.803,2.889,1463929
4.980,1790929113.880,open,11,5,40.193,0.168,241.0,0,11,0,39,3.804,2.889,1478409
4.990,1790929113.890,open,11,5,40.193,0.168,241.0,0,11,0,39,3.804,2.889,1478409
5.000,1790929113.900,open,11,5,40.193,0.168,241.0,0,11,0,39,3.804,2.889,1478409
5.011,1790929113.910,open,11,5,40.193,0.168,241.0,0,11,0,39,3.804,2.889,1478409
5.021,1790929113.920,recovery,5,5,40.188,0.151,241.0,0,15,1,40,4.151,2.867,1478409
5.031,1790929113.930,recovery,5,5,40.188,0.151,241.0,0,15,1,40,4.151,2.867,1478409
5.041,1790929113.940,recovery,5,5,40.188,0.151,241.0,0,15,1,40,4.151,2.867,1478409
5.051,1790929113.951,recovery,5,5,40.188,0.151,241.0,0,15,1,40,4.151,2.867,1478409
5.061,1790929113.961,open,6,5,40.199,0.151,241.0,0,6,0,40,2.075,1.434,1500129
5.071,1790929113.971,open,6,5,40.199,0.151,241.0,0,6,0,40,2.075,1.434,1500129
5.081,1790929113.981,open,6,5,40.199,0.151,241.0,0,6,0,40,2.075,1.434,1500129
5.091,1790929113.991,open,6,5,40.199,0.151,241.0,0,6,0,40,2.075,1.434,1500129
5.102,1790929114.001,open,7,5,40.231,0.176,241.0,0,7,0,40,2.419,1.73,1508817
5.112,1790929114.011,open,7,5,40.231,0.176,241.0,0,7,0,40,2.419,1.73,1508817
5.122,1790929114.021,open,7,5,40.231,0.176,241.0,0,7,0,40,2.419,1.73,1508817
5.132,1790929114.032,open,7,5,40.231,0.176,241.0,0,7,0,40,2.419,1.73,1508817
5.142,1790929114.042,open,8,5,40.233,0.137,241.0,0,8,0,40,2.764,2.015,1518953
5.152,1790929114.052,open,8,5,40.233,0.137,241.0,0,8,0,40,2.764,2.015,1518953
5.162,1790929114.062,open,8,5,40.233,0.137,241.0,0,8,0,40,2.764,2.015,1518953
5.172,1790929114.072,open,8,5,40.233,0.137,241.0,0,8,0,40,2.764,2.015,1518953
5.183,1790929114.082,open,9,5,40.215,0.137,241.0,0,9,0,40,3.111,2.312,1530537
5.193,1790929114.092,open,9,5,40.215,0.137,241.0,0,9,0,40,3.111,2.312,1530537
5.203,1790929114.102,open,9,5,40.215,0.137,241.0,0,9,0,40,3.111,2.312,1530537
5.213,1790929114.112,open,9,5,40.215,0.137,241.0,0,9,0,40,3.111,2.312,1530537
5.223,1790929114.123,open,10,5,40.198,0.137,241.0,0,10,0,40,3.458,2.601,1543569
5.233,1790929114.133,open,10,5,40.198,0.137,241.0,0,10,0,40,3.458,2.601,1543569
5.243,1790929114.143,open,10,5,40.198,0.137,241.0,0,10,0,40,3.458,2.601,1543569
5.253,1790929114.153,open,10,5,40.198,0.137,241.0,0,10,0,40,3.458,2.601,1543569
5.263,1790929114.163,open,11,5,40.193,0.113,241.0,0,11,0,40,3.804,2.885,1558049
5.273,1790929114.173,open,11,5,40.193,0.113,241.0,0,11,0,40,3.804,2.885,1558049
5.284,1790929114.183,open,11,5,40.193,0.113,241.0,0,11,0,40,3.804,2.885,1558049
5.294,1790929114.193,open,11,5,40.193,0.113,241.0,0,11,0,40,3.804,2.885,1558049
5.304,1790929114.203,open,11,5,40.18,0.111,241.0,0,11,0,40,3.806,2.89,1572529
5.314,1790929114.213,open,11,5,40.18,0.111,241.0,0,11,0,40,3.806,2.89,1572529
5.324,1790929114.223,open,11,5,40.18,0.111,241.0,0,11,0,40,3.806,2.89,1572529
5.334,1790929114.234,open,11,5,40.18,0.111,241.0,0,11,0,40,3.806,2.89,1572529
5.344,1790929114.244,recovery,5,5,40.282,0.348,241.0,0,15,1,41,4.141,2.809,1572529
5.354,1790929114.254,recovery,5,5,40.282,0.348,241.0,0,15,1,41,4.141,2.809,1572529
5.364,1790929114.264,recovery,5,5,40.282,0.348,241.0,0,15,1,41,4.141,2.809,1572529
5.374,1790929114.274,recovery,5,5,40.282,0.348,241.0,0,15,1,41,4.141,2.809,1572529
5.385,1790929114.284,open,6,5,40.331,0.445,241.0,0,6,0,41,2.068,1.404,1594249
5.395,1790929114.294,open,6,5,40.331,0.445,241.0,0,6,0,41,2.068,1.404,1594249
5.405,1790929114.304,open,6,5,40.331,0.445,241.0,0,6,0,41,2.068,1.404,1594249
5.415,1790929114.314,open,6,5,40.331,0.445,241.0,0,6,0,41,2.068,1.404,1594249
5.425,1790929114.325,open,7,5,40.448,0.567,241.0,0,7,0,41,2.406,1.735,1602937
5.435,1790929114.335,open,7,5,40.448,0.567,241.0,0,7,0,41,2.406,1.735,1602937
5.445,1790929114.345,open,7,5,40.448,0.567,241.0,0,7,0,41,2.406,1.735,1602937
5.455,1790929114.355,open,7,5,40.448,0.567,241.0,0,7,0,41,2.406,1.735,1602937
5.465,1790929114.365,open,8,5,40.402,0.518,241.0,0,8,0,41,2.752,2.023,1613073
5.475,1790929114.375,open,8,5,40.402,0.518,241.0,0,8,0,41,2.752,2.023,1613073
5.486,1790929114.385,open,8,5,40.402,0.518,241.0,0,8,0,41,2.752,2.023,1613073
5.496,1790929114.395,open,8,5,40.402,0.518,241.0,0,8,0,41,2.752,2.023,1613073
5.506,1790929114.405,open,9,5,40.363,0.466,241.0,0,9,0,41,3.1,2.312,1624657
5.516,1790929114.415,open,9,5,40.363,0.466,241.0,0,9,0,41,3.1,2.312,1624657
5.526,1790929114.426,open,9,5,40.363,0.466,241.0,0,9,0,41,3.1,2.312,1624657
5.536,1790929114.436,open,9,5,40.363,0.466,241.0,0,9,0,41,3.1,2.312,1624657
5.546,1790929114.446,open,10,5,40.338,0.399,241.0,0,10,0,41,3.446,2.596,1637689
5.556,1790929114.456,open,10,5,40.338,0.399,241.0,0,10,0,41,3.446,2.596,1637689
5.566,1790929114.466,open,10,5,40.338,0.399,241.0,0,10,0,41,3.446,2.596,1637689
5.576,1790929114.476,open,10,5,40.338,0.399,241.0,0,10,0,41,3.446,2.596,1637689
5.587,1790929114.486,open,11,5,40.306,0.362,241.0,0,11,0,41,3.794,2.89,1652169
5.597,1790929114.496,open,11,5,40.306,0.362,241.0,0,11,0,41,3.794,2.89,1652169
5.607,1790929114.506,open,11,5,40.306,0.362,241.0,0,11,0,41,3.794,2.89,1652169
5.617,1790929114.516,open,11,5,40.306,0.362,241.0,0,11,0,41,3.794,2.89,1652169
5.627,1790929114.526,open,11,5,40.28,0.325,241.0,0,11,0,41,3.796,2.889,1666649
5.637,1790929114.536,open,11,5,40.28,0.325,241.0,0,11,0,41,3.796,2.889,1666649
5.647,1790929114.547,open,11,5,40.28,0.325,241.0,0,11,0,41,3.796,2.889,1666649
5.657,1790929114.557,open,11,5,40.28,0.325,241.0,0,11,0,41,3.796,2.889,1666649
5.667,1790929114.567,recovery,5,5,40.202,0.199,241.0,0,15,1,42,4.149,2.887,1666649
5.677,1790929114.577,recovery,5,5,40.202,0.199,241.0,0,15,1,42,4.149,2.887,1666649
5.687,1790929114.587,recovery,5,5,40.202,0.199,241.0,0,15,1,42,4.149,2.887,1666649
5.698,1790929114.597,recovery,5,5,40.202,0.199,241.0,0,15,1,42,4.149,2.887,1666649
5.708,1790929114.607,open,6,5,40.277,0.312,241.0,0,6,0,42,2.071,1.443,1688369
5.718,1790929114.617,open,6,5,40.277,0.312,241.0,0,6,0,42,2.071,1.443,1688369
5.728,1790929114.627,open,6,5,40.277,0.312,241.0,0,6,0,42,2.071,1.443,1688369
5.738,1790929114.638,open,6,5,40.277,0.312,241.0,0,6,0,42,2.071,1.443,1688369
5.748,1790929114.648,open,7,5,40.258,0.272,241.0,0,7,0,42,2.417,1.733,1697057
5.758,1790929114.658,open,7,5,40.258,0.272,241.0,0,7,0,42,2.417,1.733,1697057
5.768,1790929114.668,open,7,5,40.258,0.272,241.0,0,7,0,42,2.417,1.733,1697057
5.778,1790929114.678,open,7,5,40.258,0.272,241.0,0,7,0,42,2.417,1.733,1697057
5.788,1790929114.688,open,8,5,40.236,0.248,241.0,0,8,0,42,2.764,2.023,1707193
5.799,1790929114.698,open,8,5,40.236,0.248,241.0,0,8,0,42,2.764,2.023,1707193
5.809,1790929114.708,open,8,5,40.236,0.248,241.0,0,8,0,42,2.764,2.023,1707193
5.819,1790929114.718,open,8,5,40.236,0.248,241.0,0,8,0,42,2.764,2.023,1707193
5.829,1790929114.728,open,9,5,40.219,0.22,241.0,0,9,0,42,3.111,2.311,1718777
5.839,1790929114.738,open,9,5,40.219,0.22,241.0,0,9,0,42,3.111,2.311,1718777
5.849,1790929114.749,open,9,5,40.219,0.22,241.0,0,9,0,42,3.111,2.311,1718777
5.859,1790929114.759,open,9,5,40.219,0.22,241.0,0,9,0,42,3.111,2.311,1718777
5.869,1790929114.769,open,10,5,40.205,0.193,241.0,0,10,0,42,3.457,2.599,1731809
5.879,1790929114.779,open,10,5,40.205,0.193,241.0,0,10,0,42,3.457,2.599,1731809
5.889,1790929114.789,open,10,5,40.205,0.193,241.0,0,10,0,42,3.457,2.599,1731809
5.899,1790929114.799,open,10,5,40.205,0.193,241.0,0,10,0,42,3.457,2.599,1731809
5.909,1790929114.809,open,11,5,40.192,0.17,241.0,0,11,0,42,3.804,2.888,1746289
5.920,1790929114.819,open,11,5,40.192,0.17,241.0,0,11,0,42,3.804,2.888,1746289
5.930,1790929114.829,open,11,5,40.192,0.17,241.0,0,11,0,42,3.804,2.888,1746289
5.940,1790929114.839,open,11,5,40.192,0.17,241.0,0,11,0,42,3.804,2.888,1746289
5.950,1790929114.849,open,11,5,40.187,0.139,241.0,0,11,0,42,3.805,2.885,1760769
5.960,1790929114.859,open,11,5,40.187,0.139,241.0,0,11,0,42,3.805,2.885,1760769
5.970,1790929114.869,open,11,5,40.187,0.139,241.0,0,11,0,42,3.805,2.885,1760769
5.980,1790929114.879,open,11,5,40.187,0.139,241.0,0,11,0,42,3.805,2.885,1760769
5.990,1790929114.890,recovery,5,5,40.168,0.119,241.0,0,15,1,43,4.153,2.875,1760769
6.000,1790929114.900,recovery,5,5,40.168,0.119,241.0,0,15,1,43,4.153,2.875,1760769
6.010,1790929114.910,recovery,5,5,40.168,0.119,241.0,0,15,1,43,4.153,2.875,1760769
6.020,1790929114.920,recovery,5,5,40.168,0.119,241.0,0,15,1,43,4.153,2.875,1760769
6.030,1790929114.930,open,6,5,40.15,0.115,241.0,0,6,0,43,2.077,1.437,1782489
6.040,1790929114.940,open,6,5,40.15,0.115,241.0,0,6,0,43,2.077,1.437,1782489
6.050,1790929114.950,open,6,5,40.15,0.115,241.0,0,6,0,43,2.077,1.437,1782489
6.060,1790929114.960,open,6,5,40.15,0.115,241.0,0,6,0,43,2.077,1.437,1782489
6.071,1790929114.970,open,7,5,40.165,0.115,241.0,0,7,0,43,2.423,1.735,1791177
6.081,1790929114.980,open,7,5,40.165,0.115,241.0,0,7,0,43,2.423,1.735,1791177
6.091,1790929114.990,open,7,5,40.165,0.115,241.0,0,7,0,43,2.423,1.735,1791177
6.101,1790929115.000,open,7,5,40.165,0.115,241.0,0,7,0,43,2.423,1.735,1791177
6.111,1790929115.010,open,8,5,40.156,0.105,241.0,0,8,0,43,2.769,2.022,1801313
6.121,1790929115.021,open,8,5,40.156,0.105,241.0,0,8,0,43,2.769,2.022,1801313
6.131,1790929115.031,open,8,5,40.156,0.105,241.0,0,8,0,43,2.769,2.022,1801313
6.141,1790929115.041,open,8,5,40.156,0.105,241.0,0,8,0,43,2.769,2.022,1801313
6.151,1790929115.051,open,9,5,40.15,0.089,241.0,0,9,0,43,3.116,2.31,1812897
6.161,1790929115.061,open,9,5,40.15,0.089,241.0,0,9,0,43,3.116,2.31,1812897
6.172,1790929115.071,open,9,5,40.15,0.089,241.0,0,9,0,43,3.116,2.31,1812897
6.182,1790929115.081,open,9,5,40.15,0.089,241.0,0,9,0,43,3.116,2.31,1812897
6.192,1790929115.091,open,10,5,40.146,0.075,241.0,0,10,0,43,3.463,2.599,1825929
6.202,1790929115.101,open,10,5,40.146,0.075,241.0,0,10,0,43,3.463,2.599,1825929
6.212,1790929115.111,open,10,5,40.146,0.075,241.0,0,10,0,43,3.463,2.599,1825929
6.222,1790929115.122,open,10,5,40.146,0.075,241.0,0,10,0,43,3.463,2.599,1825929
6.232,1790929115.132,open,11,5,40.145,0.059,241.0,0,11,0,43,3.809,2.886,1840409
6.242,1790929115.142,open,11,5,40.145,0.059,241.0,0,11,0,43,3.809,2.886,1840409
6.252,1790929115.152,open,11,5,40.145,0.059,241.0,0,11,0,43,3.809,2.886,1840409
6.262,1790929115.162,open,11,5,40.145,0.059,241.0,0,11,0,43,3.809,2.886,1840409
6.272,1790929115.172,open,11,5,40.143,0.048,241.0,0,11,0,43,3.809,2.887,1854889
6.283,1790929115.182,open,11,5,40.143,0.048,241.0,0,11,0,43,3.809,2.887,1854889
6.293,1790929115.192,open,11,5,40.143,0.048,241.0,0,11,0,43,3.809,2.887,1854889
6.303,1790929115.202,open,11,5,40.143,0.048,241.0,0,11,0,43,3.809,2.887,1854889
6.313,1790929115.212,recovery,5,5,40.154,0.041,241.0,0,15,1,44,4.154,2.879,1854889
6.323,1790929115.223,recovery,5,5,40.154,0.041,241.0,0,15,1,44,4.154,2.879,1854889
6.333,1790929115.233,recovery,5,5,40.154,0.041,241.0,0,15,1,44,4.154,2.879,1854889
6.343,1790929115.243,recovery,5,5,40.154,0.041,241.0,0,15,1,44,4.154,2.879,1854889
6.353,1790929115.253,open,6,5,40.215,0.216,241.0,0,6,0,44,2.074,1.439,1876609
6.363,1790929115.263,open,6,5,40.215,0.216,241.0,0,6,0,44,2.074,1.439,1876609
6.374,1790929115.273,open,6,5,40.215,0.216,241.0,0,6,0,44,2.074,1.439,1876609
6.384,1790929115.283,open,6,5,40.215,0.216,241.0,0,6,0,44,2.074,1.439,1876609
6.394,1790929115.293,open,7,5,40.206,0.181,241.0,0,7,0,44,2.42,1.734,1885297
6.404,1790929115.304,open,7,5,40.206,0.181,241.0,0,7,0,44,2.42,1.734,1885297
6.414,1790929115.314,open,7,5,40.206,0.181,241.0,0,7,0,44,2.42,1.734,1885297
6.424,1790929115.324,open,7,5,40.206,0.181,241.0,0,7,0,44,2.42,1.734,1885297
6.434,1790929115.334,open,8,5,40.193,0.16,241.0,0,8,0,44,2.767,2.022,1895433
6.444,1790929115.344,open,8,5,40.193,0.16,241.0,0,8,0,44,2.767,2.022,1895433
6.454,1790929115.354,open,8,5,40.193,0.16,241.0,0,8,0,44,2.767,2.022,1895433
6.465,1790929115.364,open,8,5,40.193,0.16,241.0,0,8,0,44,2.767,2.022,1895433
6.475,1790929115.374,open,9,5,40.195,0.124,241.0,0,9,0,44,3.112,2.305,1907017
6.485,1790929115.384,open,9,5,40.195,0.124,241.0,0,9,0,44,3.112,2.305,1907017
6.495,1790929115.394,open,9,5,40.195,0.124,241.0,0,9,0,44,3.112,2.305,1907017
6.505,1790929115.404,open,10,5,40.183,0.119,241.0,0,10,0,44,3.459,2.6,1920049
6.515,1790929115.415,open,10,5,40.183,0.119,241.0,0,10,0,44,3.459,2.6,1920049
6.525,1790929115.425,open,10,5,40.183,0.119,241.0,0,10,0,44,3.459,2.6,1920049
6.535,1790929115.435,open,10,5,40.183,0.119,241.0,0,10,0,44,3.459,2.6,1920049
6.545,1790929115.445,open,11,5,40.188,0.1,241.0,0,11,0,44,3.805,2.88,1934529
6.555,1790929115.455,open,11,5,40.188,0.1,241.0,0,11,0,44,3.805,2.88,1934529
6.566,1790929115.465,open,11,5,40.188,0.1,241.0,0,11,0,44,3.805,2.88,1934529
6.576,1790929115.475,open,11,5,40.188,0.1,241.0,0,11,0,44,3.805,2.88,1934529
6.586,1790929115.485,open,11,5,40.176,0.1,241.0,0,11,0,44,3.806,2.889,1949009
6.596,1790929115.495,open,11,5,40.176,0.1,241.0,0,11,0,44,3.806,2.889,1949009
6.606,1790929115.505,open,11,5,40.176,0.1,241.0,0,11,0,44,3.806,2.889,1949009
6.616,1790929115.516,open,11,5,40.176,0.1,241.0,0,11,0,44,3.806,2.889,1949009
6.626,1790929115.526,recovery,5,5,40.139,0.077,241.0,0,15,1,45,4.156,2.888,1949009
6.636,1790929115.536,recovery,5,5,40.139,0.077,241.0,0,15,1,45,4.156,2.888,1949009
6.646,1790929115.546,recovery,5,5,40.139,0.077,241.0,0,15,1,45,4.156,2.888,1949009
6.656,1790929115.556,recovery,5,5,40.139,0.077,241.0,0,15,1,45,4.156,2.888,1949009
6.667,1790929115.566,open,6,5,40.224,0.251,241.0,0,6,0,45,2.073,1.444,1970729
6.677,1790929115.576,open,6,5,40.224,0.251,241.0,0,6,0,45,2.073,1.444,1970729
6.687,1790929115.586,open,6,5,40.224,0.251,241.0,0,6,0,45,2.073,1.444,1970729
6.697,1790929115.596,open,6,5,40.224,0.251,241.0,0,6,0,45,2.073,1.444,1970729
6.707,1790929115.606,open,7,5,40.208,0.219,241.0,0,7,0,45,2.42,1.734,1979417
6.717,1790929115.617,open,7,5,40.208,0.219,241.0,0,7,0,45,2.42,1.734,1979417
6.727,1790929115.627,open,7,5,40.208,0.219,241.0,0,7,0,45,2.42,1.734,1979417
6.737,1790929115.637,open,7,5,40.208,0.219,241.0,0,7,0,45,2.42,1.734,1979417
6.747,1790929115.647,open,8,5,40.193,0.195,241.0,0,8,0,45,2.767,2.023,1989553
6.757,1790929115.657,open,8,5,40.193,0.195,241.0,0,8,0,45,2.767,2.023,1989553
6.767,1790929115.667,open,8,5,40.193,0.195,241.0,0,8,0,45,2.767,2.023,1989553
6.777,1790929115.677,open,8,5,40.193,0.195,241.0,0,8,0,45,2.767,2.023,1989553
6.787,1790929115.687,open,9,5,40.179,0.174,241.0,0,9,0,45,3.114,2.312,2001137
6.798,1790929115.697,open,9,5,40.179,0.174,241.0,0,9,0,45,3.114,2.312,2001137
6.808,1790929115.707,open,9,5,40.179,0.174,241.0,0,9,0,45,3.114,2.312,2001137
6.818,1790929115.717,open,9,5,40.179,0.174,241.0,0,9,0,45,3.114,2.312,2001137
6.828,1790929115.727,open,10,5,40.167,0.155,241.0,0,10,0,45,3.461,2.601,2014169
6.838,1790929115.737,open,10,5,40.167,0.155,241.0,0,10,0,45,3.461,2.601,2014169
6.848,1790929115.747,open,10,5,40.167,0.155,241.0,0,10,0,45,3.461,2.601,2014169
6.858,1790929115.758,open,10,5,40.167,0.155,241.0,0,10,0,45,3.461,2.601,2014169
6.868,1790929115.768,open,11,5,40.158,0.135,241.0,0,11,0,45,3.808,2.889,2028649
6.878,1790929115.778,open,11,5,40.158,0.135,241.0,0,11,0,45,3.808,2.889,2028649
6.888,1790929115.788,open,11,5,40.158,0.135,241.0,0,11,0,45,3.808,2.889,2028649
6.898,1790929115.798,open,11,5,40.158,0.135,241.0,0,11,0,45,3.808,2.889,2028649
6.908,1790929115.808,open,11,5,40.149,0.118,241.0,0,11,0,45,3.808,2.889,2043129
6.918,1790929115.818,open,11,5,40.149,0.118,241.0,0,11,0,45,3.808,2.889,2043129
6.928,1790929115.828,open,11,5,40.149,0.118,241.0,0,11,0,45,3.808,2.889,2043129
6.938,1790929115.838,open,11,5,40.149,0.118,241.0,0,11,0,45,3.808,2.889,2043129
6.949,1790929115.848,recovery,5,5,40.165,0.135,241.0,0,15,1,46,4.153,2.865,2043129
6.959,1790929115.858,recovery,5,5,40.165,0.135,241.0,0,15,1,46,4.153,2.865,2043129
6.969,1790929115.868,recovery,5,5,40.165,0.135,241.0,0,15,1,46,4.153,2.865,2043129
6.979,1790929115.878,recovery,5,5,40.165,0.135,241.0,0,15,1,46,4.153,2.865,2043129
6.989,1790929115.888,open,6,5,40.158,0.149,241.0,0,6,0,46,2.077,1.433,2064849
6.999,1790929115.898,open,6,5,40.158,0.149,241.0,0,6,0,46,2.077,1.433,2064849
7.009,1790929115.908,open,6,5,40.158,0.149,241.0,0,6,0,46,2.077,1.433,2064849
7.019,1790929115.919,open,6,5,40.158,0.149,241.0,0,6,0,46,2.077,1.433,2064849
7.029,1790929115.929,open,7,5,40.188,0.172,241.0,0,7,0,46,2.421,1.735,2073537
7.039,1790929115.939,open,7,5,40.188,0.172,241.0,0,7,0,46,2.421,1.735,2073537
7.049,1790929115.949,open,7,5,40.188,0.172,241.0,0,7,0,46,2.421,1.735,2073537
7.059,1790929115.959,open,7,5,40.188,0.172,241.0,0,7,0,46,2.421,1.735,2073537
7.069,1790929115.969,open,8,5,40.175,0.156,241.0,0,8,0,46,2.768,2.023,2083673
7.079,1790929115.979,open,8,5,40.175,0.156,241.0,0,8,0,46,2.768,2.023,2083673
7.089,1790929115.989,open,8,5,40.175,0.156,241.0,0,8,0,46,2.768,2.023,2083673
7.100,1790929115.999,open,8,5,40.175,0.156,241.0,0,8,0,46,2.768,2.023,2083673
7.110,1790929116.009,open,9,5,40.18,0.127,241.0,0,9,0,46,3.114,2.304,2095257
7.120,1790929116.019,open,9,5,40.18,0.127,241.0,0,9,0,46,3.114,2.304,2095257
7.130,1790929116.030,open,9,5,40.18,0.127,241.0,0,9,0,46,3.114,2.304,2095257
7.140,1790929116.040,open,9,5,40.18,0.127,241.0,0,9,0,46,3.114,2.304,2095257
7.150,1790929116.050,open,10,5,40.172,0.111,241.0,0,10,0,46,3.46,2.599,2108289
7.160,1790929116.060,open,10,5,40.172,0.111,241.0,0,10,0,46,3.46,2.599,2108289
7.170,1790929116.070,open,10,5,40.172,0.111,241.0,0,10,0,46,3.46,2.599,2108289
7.180,1790929116.080,open,10,5,40.172,0.111,241.0,0,10,0,46,3.46,2.599,2108289
7.191,1790929116.090,open,11,5,40.161,0.105,241.0,0,11,0,46,3.807,2.89,2122769
7.201,1790929116.100,open,11,5,40.161,0.105,241.0,0,11,0,46,3.807,2.89,2122769
7.211,1790929116.110,open,11,5,40.161,0.105,241.0,0,11,0,46,3.807,2.89,2122769
7.221,1790929116.120,open,11,5,40.161,0.105,241.0,0,11,0,46,3.807,2.89,2122769
7.231,1790929116.131,open,11,5,40.156,0.088,241.0,0,11,0,46,3.808,2.887,2137249
7.241,1790929116.141,open,11,5,40.156,0.088,241.0,0,11,0,46,3.808,2.887,2137249
7.251,1790929116.151,open,11,5,40.156,0.088,241.0,0,11,0,46,3.808,2.887,2137249
7.261,1790929116.161,open,11,5,40.156,0.088,241.0,0,11,0,46,3.808,2.887,2137249
7.271,1790929116.171,recovery,5,5,40.176,0.072,241.0,0,15,1,47,4.152,2.873,2137249
7.282,1790929116.181,recovery,5,5,40.176,0.072,241.0,0,15,1,47,4.152,2.873,2137249
7.292,1790929116.191,recovery,5,5,40.176,0.072,241.0,0,15,1,47,4.152,2.873,2137249
7.302,1790929116.201,recovery,5,5,40.176,0.072,241.0,0,15,1,47,4.152,2.873,2137249
7.312,1790929116.211,open,6,5,40.147,0.071,241.0,0,6,0,47,2.077,1.436,2158969
7.322,1790929116.221,open,6,5,40.147,0.071,241.0,0,6,0,47,2.077,1.436,2158969
7.332,1790929116.232,open,6,5,40.147,0.071,241.0,0,6,0,47,2.077,1.436,2158969
7.342,1790929116.242,open,6,5,40.147,0.071,241.0,0,6,0,47,2.077,1.436,2158969
7.352,1790929116.252,open,7,5,40.156,0.071,241.0,0,7,0,47,2.423,1.735,2167657
7.362,1790929116.262,open,7,5,40.156,0.071,241.0,0,7,0,47,2.423,1.735,2167657
7.372,1790929116.272,open,7,5,40.156,0.071,241.0,0,7,0,47,2.423,1.735,2167657
7.383,1790929116.282,open,7,5,40.156,0.071,241.0,0,7,0,47,2.423,1.735,2167657
7.393,1790929116.292,open,8,5,40.145,0.072,241.0,0,8,0,47,2.77,2.024,2177793
7.403,1790929116.302,open,8,5,40.145,0.072,241.0,0,8,0,47,2.77,2.024,2177793
7.413,1790929116.312,open,8,5,40.145,0.072,241.0,0,8,0,47,2.77,2.024,2177793
7.423,1790929116.323,open,8,5,40.145,0.072,241.0,0,8,0,47,2.77,2.024,2177793
7.433,1790929116.333,open,9,5,40.133,0.072,241.0,0,9,0,47,3.117,2.314,2189377
7.443,1790929116.343,open,9,5,40.133,0.072,241.0,0,9,0,47,3.117,2.314,2189377
7.453,1790929116.353,open,9,5,40.133,0.072,241.0,0,9,0,47,3.117,2.314,2189377
7.463,1790929116.363,open,9,5,40.133,0.072,241.0,0,9,0,47,3.117,2.314,2189377
7.473,1790929116.373,open,10,5,40.122,0.073,241.0,0,10,0,47,3.465,2.604,2202409
7.484,1790929116.383,open,10,5,40.122,0.073,241.0,0,10,0,47,3.465,2.604,2202409
7.494,1790929116.393,open,10,5,40.122,0.073,241.0,0,10,0,47,3.465,2.604,2202409
7.504,1790929116.403,open,10,5,40.122,0.073,241.0,0,10,0,47,3.465,2.604,2202409
7.514,1790929116.413,open,11,5,40.113,0.072,241.0,0,11,0,47,3.812,2.892,2216889
7.524,1790929116.424,open,11,5,40.113,0.072,241.0,0,11,0,47,3.812,2.892,2216889
7.534,1790929116.434,open,11,5,40.113,0.072,241.0,0,11,0,47,3.812,2.892,2216889
7.544,1790929116.444,open,11,5,40.113,0.072,241.0,0,11,0,47,3.812,2.892,2216889
7.554,1790929116.454,open,11,5,40.106,0.069,241.0,0,11,0,47,3.813,2.892,2231369
7.564,1790929116.464,open,11,5,40.106,0.069,241.0,0,11,0,47,3.813,2.892,2231369
7.575,1790929116.474,open,11,5,40.106,0.069,241.0,0,11,0,47,3.813,2.892,2231369
7.585,1790929116.484,open,11,5,40.106,0.069,241.0,0,11,0,47,3.813,2.892,2231369
7.595,1790929116.494,recovery,5,5,40.137,0.15,241.0,0,15,1,48,4.156,2.86,2231369
7.605,1790929116.504,recovery,5,5,40.137,0.15,241.0,0,15,1,48,4.156,2.86,2231369
7.615,1790929116.515,recovery,5,5,40.137,0.15,241.0,0,15,1,48,4.156,2.86,2231369
7.625,1790929116.525,recovery,5,5,40.137,0.15,241.0,0,15,1,48,4.156,2.86,2231369
7.635,1790929116.535,open,6,5,40.147,0.184,241.0,0,6,0,48,2.077,1.43,2253089
7.645,1790929116.545,open,6,5,40.147,0.184,241.0,0,6,0,48,2.077,1.43,2253089
7.655,1790929116.555,open,6,5,40.147,0.184,241.0,0,6,0,48,2.077,1.43,2253089
7.665,1790929116.565,open,6,5,40.147,0.184,241.0,0,6,0,48,2.077,1.43,2253089
7.676,1790929116.575,open,7,5,40.191,0.226,241.0,0,7,0,48,2.421,1.736,2261777
7.686,1790929116.585,open,7,5,40.191,0.226,241.0,0,7,0,48,2.421,1.736,2261777
7.696,1790929116.595,open,7,5,40.191,0.226,241.0,0,7,0,48,2.421,1.736,2261777
7.706,1790929116.605,open,7,5,40.191,0.226,241.0,0,7,0,48,2.421,1.736,2261777
7.716,1790929116.616,open,8,5,40.172,0.207,241.0,0,8,0,48,2.768,2.025,2271913
7.726,1790929116.626,open,8,5,40.172,0.207,241.0,0,8,0,48,2.768,2.025,2271913
7.736,1790929116.636,open,8,5,40.172,0.207,241.0,0,8,0,48,2.768,2.025,2271913
7.746,1790929116.646,open,8,5,40.172,0.207,241.0,0,8,0,48,2.768,2.025,2271913
7.756,1790929116.656,open,9,5,40.156,0.187,241.0,0,9,0,48,3.116,2.314,2283497
7.767,1790929116.666,open,9,5,40.156,0.187,241.0,0,9,0,48,3.116,2.314,2283497
7.777,1790929116.676,open,9,5,40.156,0.187,241.0,0,9,0,48,3.116,2.314,2283497
7.787,1790929116.686,open,9,5,40.156,0.187,241.0,0,9,0,48,3.116,2.314,2283497
7.797,1790929116.696,open,10,5,40.143,0.165,241.0,0,10,0,48,3.463,2.603,2296529
7.807,1790929116.706,open,10,5,40.143,0.165,241.0,0,10,0,48,3.463,2.603,2296529
7.817,1790929116.717,open,10,5,40.143,0.165,241.0,0,10,0,48,3.463,2.603,2296529
7.827,1790929116.727,open,10,5,40.143,0.165,241.0,0,10,0,48,3.463,2.603,2296529
7.837,1790929116.737,open,11,5,40.131,0.149,241.0,0,11,0,48,3.81,2.893,2311009
7.847,1790929116.747,open,11,5,40.131,0.149,241.0,0,11,0,48,3.81,2.893,2311009
7.858,1790929116.757,open,11,5,40.131,0.149,241.0,0,11,0,48,3.81,2.893,2311009
7.868,1790929116.767,open,11,5,40.131,0.149,241.0,0,11,0,48,3.81,2.893,2311009
7.878,1790929116.777,open,11,5,40.125,0.124,241.0,0,11,0,48,3.811,2.89,2325489
7.888,1790929116.787,open,11,5,40.125,0.124,241.0,0,11,0,48,3.811,2.89,2325489
7.898,1790929116.798,open,11,5,40.125,0.124,241.0,0,11,0,48,3.811,2.89,2325489
7.908,1790929116.808,open,11,5,40.125,0.124,241.0,0,11,0,48,3.811,2.89,2325489
7.918,1790929116.818,recovery,5,5,40.176,0.2,241.0,0,15,1,49,4.152,2.848,2325489
7.928,1790929116.828,recovery,5,5,40.176,0.2,241.0,0,15,1,49,4.152,2.848,2325489
7.938,1790929116.838,recovery,5,5,40.176,0.2,241.0,0,15,1,49,4.152,2.848,2325489
7.948,1790929116.848,recovery,5,5,40.176,0.2,241.0,0,15,1,49,4.152,2.848,2325489
7.959,1790929116.858,open,6,5,40.188,0.242,241.0,0,6,0,49,2.075,1.424,2347209
7.969,1790929116.868,open,6,5,40.188,0.242,241.0,0,6,0,49,2.075,1.424,2347209
7.979,1790929116.878,open,6,5,40.188,0.242,241.0,0,6,0,49,2.075,1.424,2347209
7.989,1790929116.888,open,6,5,40.188,0.242,241.0,0,6,0,49,2.075,1.424,2347209
7.999,1790929116.898,open,7,5,40.245,0.296,241.0,0,7,0,49,2.418,1.736,2355897
8.009,1790929116.908,open,7,5,40.245,0.296,241.0,0,7,0,49,2.418,1.736,2355897
8.019,1790929116.919,open,7,5,40.245,0.296,241.0,0,7,0,49,2.418,1.736,2355897
8.029,1790929116.929,open,7,5,40.245,0.296,241.0,0,7,0,49,2.418,1.736,2355897
8.039,1790929116.939,open,8,5,40.222,0.267,241.0,0,8,0,49,2.765,2.024,2366033
8.049,1790929116.949,open,8,5,40.222,0.267,241.0,0,8,0,49,2.765,2.024,2366033
8.059,1790929116.959,open,8,5,40.222,0.267,241.0,0,8,0,49,2.765,2.024,2366033
8.069,1790929116.969,open,8,5,40.222,0.267,241.0,0,8,0,49,2.765,2.024,2366033
8.079,1790929116.979,open,9,5,40.201,0.243,241.0,0,9,0,49,3.112,2.314,2377617
8.090,1790929116.989,open,9,5,40.201,0.243,241.0,0,9,0,49,3.112,2.314,2377617
8.100,1790929116.999,open,9,5,40.201,0.243,241.0,0,9,0,49,3.112,2.314,2377617
8.110,1790929117.009,open,10,5,40.186,0.213,241.0,0,10,0,49,3.459,2.601,2390649
8.120,1790929117.019,open,10,5,40.186,0.213,241.0,0,10,0,49,3.459,2.601,2390649
8.130,1790929117.029,open,10,5,40.186,0.213,241.0,0,10,0,49,3.459,2.601,2390649
8.140,1790929117.040,open,10,5,40.186,0.213,241.0,0,10,0,49,3.459,2.601,2390649
8.150,1790929117.050,open,11,5,40.174,0.183,241.0,0,11,0,49,3.806,2.889,2405129
8.160,1790929117.060,open,11,5,40.174,0.183,241.0,0,11,0,49,3.806,2.889,2405129
8.170,1790929117.070,open,11,5,40.174,0.183,241.0,0,11,0,49,3.806,2.889,2405129
8.180,1790929117.080,open,11,5,40.174,0.183,241.0,0,11,0,49,3.806,2.889,2405129
8.191,1790929117.090,open,11,5,40.164,0.158,241.0,0,11,0,49,3.807,2.889,2419609
8.201,1790929117.100,open,11,5,40.164,0.158,241.0,0,11,0,49,3.807,2.889,2419609
8.211,1790929117.110,open,11,5,40.164,0.158,241.0,0,11,0,49,3.807,2.889,2419609
8.221,1790929117.121,open,11,5,40.164,0.158,241.0,0,11,0,49,3.807,2.889,2419609
8.231,1790929117.131,recovery,5,5,40.189,0.179,241.0,0,15,1,50,4.151,2.857,2419609
8.241,1790929117.141,recovery,5,5,40.189,0.179,241.0,0,15,1,50,4.151,2.857,2419609
8.251,1790929117.151,recovery,5,5,40.189,0.179,241.0,0,15,1,50,4.151,2.857,2419609
8.261,1790929117.161,recovery,5,5,40.189,0.179,241.0,0,15,1,50,4.151,2.857,2419609
8.272,1790929117.171,open,6,5,40.182,0.201,241.0,0,6,0,50,2.076,1.429,2441329
8.282,1790929117.181,open,6,5,40.182,0.201,241.0,0,6,0,50,2.076,1.429,2441329
8.292,1790929117.191,open,6,5,40.182,0.201,241.0,0,6,0,50,2.076,1.429,2441329
8.302,1790929117.201,open,6,5,40.182,0.201,241.0,0,6,0,50,2.076,1.429,2441329
8.312,1790929117.212,open,7,5,40.155,0.161,241.0,0,7,0,50,2.423,1.736,2450017
8.322,1790929117.222,open,7,5,40.155,0.161,241.0,0,7,0,50,2.423,1.736,2450017
8.332,1790929117.232,open,7,5,40.155,0.161,241.0,0,7,0,50,2.423,1.736,2450017
8.342,1790929117.242,open,7,5,40.155,0.161,241.0,0,7,0,50,2.423,1.736,2450017
8.352,1790929117.252,open,8,5,40.196,0.204,241.0,0,8,0,50,2.767,2.024,2460153
8.362,1790929117.262,open,8,5,40.196,0.204,241.0,0,8,0,50,2.767,2.024,2460153
8.372,1790929117.272,open,8,5,40.196,0.204,241.0,0,8,0,50,2.767,2.024,2460153
8.383,1790929117.282,open,8,5,40.196,0.204,241.0,0,8,0,50,2.767,2.024,2460153
8.393,1790929117.292,open,9,5,40.181,0.183,241.0,0,9,0,50,3.114,2.313,2471737
8.403,1790929117.302,open,9,5,40.181,0.183,241.0,0,9,0,50,3.114,2.313,2471737
8.413,1790929117.312,open,9,5,40.181,0.183,241.0,0,9,0,50,3.114,2.313,2471737
8.423,1790929117.322,open,9,5,40.181,0.183,241.0,0,9,0,50,3.114,2.313,2471737
8.433,1790929117.333,open,10,5,40.168,0.163,241.0,0,10,0,50,3.461,2.601,2484769
8.443,1790929117.343,open,10,5,40.168,0.163,241.0,0,10,0,50,3.461,2.601,2484769
8.453,1790929117.353,open,10,5,40.168,0.163,241.0,0,10,0,50,3.461,2.601,2484769
8.463,1790929117.363,open,10,5,40.168,0.163,241.0,0,10,0,50,3.461,2.601,2484769
8.473,1790929117.373,open,11,5,40.156,0.147,241.0,0,11,0,50,3.808,2.891,2499249
8.483,1790929117.383,open,11,5,40.156,0.147,241.0,0,11,0,50,3.808,2.891,2499249
8.494,1790929117.393,open,11,5,40.156,0.147,241.0,0,11,0,50,3.808,2.891,2499249
8.504,1790929117.403,open,11,5,40.156,0.147,241.0,0,11,0,50,3.808,2.891,2499249
8.514,1790929117.413,open,11,5,40.148,0.125,241.0,0,11,0,50,3.809,2.889,2513729
8.524,1790929117.423,open,11,5,40.148,0.125,241.0,0,11,0,50,3.809,2.889,2513729
8.534,1790929117.434,open,11,5,40.148,0.125,241.0,0,11,0,50,3.809,2.889,2513729
8.544,1790929117.444,open,11,5,40.148,0.125,241.0,0,11,0,50,3.809,2.889,2513729
8.554,1790929117.454,recovery,5,5,40.173,0.16,241.0,0,15,1,51,4.152,2.86,2513729
8.564,1790929117.464,recovery,5,5,40.173,0.16,241.0,0,15,1,51,4.152,2.86,2513729
8.574,1790929117.474,recovery,5,5,40.173,0.16,241.0,0,15,1,51,4.152,2.86,2513729
8.585,1790929117.484,recovery,5,5,40.173,0.16,241.0,0,15,1,51,4.152,2.86,2513729
8.595,1790929117.494,open,6,5,40.176,0.183,241.0,0,6,0,51,2.076,1.43,2535449
8.605,1790929117.504,open,6,5,40.176,0.183,241.0,0,6,0,51,2.076,1.43,2535449
8.615,1790929117.515,open,6,5,40.176,0.183,241.0,0,6,0,51,2.076,1.43,2535449
8.625,1790929117.525,open,6,5,40.176,0.183,241.0,0,6,0,51,2.076,1.43,2535449
8.635,1790929117.535,open,7,5,40.21,0.205,241.0,0,7,0,51,2.42,1.734,2544137
8.645,1790929117.545,open,7,5,40.21,0.205,241.0,0,7,0,51,2.42,1.734,2544137
8.655,1790929117.555,open,7,5,40.21,0.205,241.0,0,7,0,51,2.42,1.734,2544137
8.665,1790929117.565,open,7,5,40.21,0.205,241.0,0,7,0,51,2.42,1.734,2544137
8.676,1790929117.575,open,8,5,40.199,0.176,241.0,0,8,0,51,2.766,2.021,2554273
8.686,1790929117.585,open,8,5,40.199,0.176,241.0,0,8,0,51,2.766,2.021,2554273
8.696,1790929117.595,open,8,5,40.199,0.176,241.0,0,8,0,51,2.766,2.021,2554273
8.706,1790929117.605,open,8,5,40.199,0.176,241.0,0,8,0,51,2.766,2.021,2554273
8.716,1790929117.616,open,9,5,40.184,0.161,241.0,0,9,0,51,3.113,2.312,2565857
8.726,1790929117.626,open,9,5,40.184,0.161,241.0,0,9,0,51,3.113,2.312,2565857
8.736,1790929117.636,open,9,5,40.184,0.161,241.0,0,9,0,51,3.113,2.312,2565857
8.746,1790929117.646,open,9,5,40.184,0.161,241.0,0,9,0,51,3.113,2.312,2565857
8.756,1790929117.656,open,10,5,40.173,0.142,241.0,0,10,0,51,3.46,2.6,2578889
8.767,1790929117.666,open,10,5,40.173,0.142,241.0,0,10,0,51,3.46,2.6,2578889
8.777,1790929117.676,open,10,5,40.173,0.142,241.0,0,10,0,51,3.46,2.6,2578889
8.787,1790929117.686,open,10,5,40.173,0.142,241.0,0,10,0,51,3.46,2.6,2578889
8.797,1790929117.696,open,11,5,40.171,0.112,241.0,0,11,0,51,3.806,2.885,2593369
8.807,1790929117.706,open,11,5,40.171,0.112,241.0,0,11,0,51,3.806,2.885,2593369
8.817,1790929117.717,open,11,5,40.171,0.112,241.0,0,11,0,51,3.806,2.885,2593369
8.827,1790929117.727,open,11,5,40.171,0.112,241.0,0,11,0,51,3.806,2.885,2593369
8.837,1790929117.737,open,11,5,40.16,0.105,241.0,0,11,0,51,3.807,2.89,2607849
8.847,1790929117.747,open,11,5,40.16,0.105,241.0,0,11,0,51,3.807,2.89,2607849
8.858,1790929117.757,open,11,5,40.16,0.105,241.0,0,11,0,51,3.807,2.89,2607849
8.868,1790929117.767,open,11,5,40.16,0.105,241.0,0,11,0,51,3.807,2.89,2607849
8.878,1790929117.777,recovery,5,5,40.148,0.108,241.0,0,15,1,52,4.155,2.875,2607849
8.888,1790929117.787,recovery,5,5,40.148,0.108,241.0,0,15,1,52,4.155,2.875,2607849
8.898,1790929117.798,recovery,5,5,40.148,0.108,241.0,0,15,1,52,4.155,2.875,2607849
8.908,1790929117.808,recovery,5,5,40.148,0.108,241.0,0,15,1,52,4.155,2.875,2607849
8.918,1790929117.818,open,6,5,40.128,0.108,241.0,0,6,0,52,2.078,1.438,2629569
8.928,1790929117.828,open,6,5,40.128,0.108,241.0,0,6,0,52,2.078,1.438,2629569
8.938,1790929117.838,open,6,5,40.128,0.108,241.0,0,6,0,52,2.078,1.438,2629569
8.948,1790929117.848,open,6,5,40.128,0.108,241.0,0,6,0,52,2.078,1.438,2629569
8.959,1790929117.858,open,7,5,40.147,0.119,241.0,0,7,0,52,2.424,1.735,2638257
8.969,1790929117.868,open,7,5,40.147,0.119,241.0,0,7,0,52,2.424,1.735,2638257
8.979,1790929117.878,open,7,5,40.147,0.119,241.0,0,7,0,52,2.424,1.735,2638257
8.989,1790929117.888,open,7,5,40.147,0.119,241.0,0,7,0,52,2.424,1.735,2638257
8.999,1790929117.898,open,8,5,40.138,0.106,241.0,0,8,0,52,2.771,2.023,2648393
9.009,1790929117.909,open,8,5,40.138,0.106,241.0,0,8,0,52,2.771,2.023,2648393
9.019,1790929117.919,open,8,5,40.138,0.106,241.0,0,8,0,52,2.771,2.023,2648393
9.029,1790929117.929,open,8,5,40.138,0.106,241.0,0,8,0,52,2.771,2.023,2648393
9.039,1790929117.939,open,9,5,40.131,0.094,241.0,0,9,0,52,3.117,2.312,2659977
9.049,1790929117.949,open,9,5,40.131,0.094,241.0,0,9,0,52,3.117,2.312,2659977
9.060,1790929117.959,open,9,5,40.131,0.094,241.0,0,9,0,52,3.117,2.312,2659977
9.070,1790929117.969,open,9,5,40.131,0.094,241.0,0,9,0,52,3.117,2.312,2659977
9.080,1790929117.979,open,10,5,40.124,0.086,241.0,0,10,0,52,3.464,2.602,2673009
9.090,1790929117.989,open,10,5,40.124,0.086,241.0,0,10,0,52,3.464,2.602,2673009
9.100,1790929117.999,open,10,5,40.124,0.086,241.0,0,10,0,52,3.464,2.602,2673009
9.110,1790929118.010,open,10,5,40.124,0.086,241.0,0,10,0,52,3.464,2.602,2673009
9.120,1790929118.020,open,11,5,40.119,0.073,241.0,0,11,0,52,3.811,2.89,2687489
9.130,1790929118.030,open,11,5,40.119,0.073,241.0,0,11,0,52,3.811,2.89,2687489
9.140,1790929118.040,open,11,5,40.119,0.073,241.0,0,11,0,52,3.811,2.89,2687489
9.150,1790929118.050,open,11,5,40.119,0.073,241.0,0,11,0,52,3.811,2.89,2687489
9.160,1790929118.060,open,11,5,40.115,0.063,241.0,0,11,0,52,3.812,2.89,2701969
9.170,1790929118.070,open,11,5,40.115,0.063,241.0,0,11,0,52,3.812,2.89,2701969
9.181,1790929118.080,open,11,5,40.115,0.063,241.0,0,11,0,52,3.812,2.89,2701969
9.191,1790929118.090,open,11,5,40.115,0.063,241.0,0,11,0,52,3.812,2.89,2701969
9.201,1790929118.100,recovery,5,5,40.149,0.131,241.0,0,15,1,53,4.155,2.861,2701969
9.211,1790929118.110,recovery,5,5,40.149,0.131,241.0,0,15,1,53,4.155,2.861,2701969
9.221,1790929118.121,recovery,5,5,40.149,0.131,241.0,0,15,1,53,4.155,2.861,2701969
9.231,1790929118.131,recovery,5,5,40.149,0.131,241.0,0,15,1,53,4.155,2.861,2701969
9.241,1790929118.141,open,6,5,40.153,0.164,241.0,0,6,0,53,2.077,1.431,2723689
9.251,1790929118.151,open,6,5,40.153,0.164,241.0,0,6,0,53,2.077,1.431,2723689
9.261,1790929118.161,open,6,5,40.153,0.164,241.0,0,6,0,53,2.077,1.431,2723689
9.271,1790929118.171,open,6,5,40.153,0.164,241.0,0,6,0,53,2.077,1.431,2723689
9.281,1790929118.181,open,7,5,40.179,0.174,241.0,0,7,0,53,2.422,1.736,2732377
9.291,1790929118.191,open,7,5,40.179,0.174,241.0,0,7,0,53,2.422,1.736,2732377
9.302,1790929118.201,open,7,5,40.179,0.174,241.0,0,7,0,53,2.422,1.736,2732377
9.312,1790929118.211,open,7,5,40.179,0.174,241.0,0,7,0,53,2.422,1.736,2732377
9.322,1790929118.221,open,8,5,40.164,0.159,241.0,0,8,0,53,2.769,2.024,2742513
9.332,1790929118.231,open,8,5,40.164,0.159,241.0,0,8,0,53,2.769,2.024,2742513
9.342,1790929118.242,open,8,5,40.164,0.159,241.0,0,8,0,53,2.769,2.024,2742513
9.352,1790929118.252,open,8,5,40.164,0.159,241.0,0,8,0,53,2.769,2.024,2742513
9.362,1790929118.262,open,9,5,40.155,0.139,241.0,0,9,0,53,3.116,2.312,2754097
9.372,1790929118.272,open,9,5,40.155,0.139,241.0,0,9,0,53,3.116,2.312,2754097
9.382,1790929118.282,open,9,5,40.155,0.139,241.0,0,9,0,53,3.116,2.312,2754097
9.392,1790929118.292,open,9,5,40.155,0.139,241.0,0,9,0,53,3.116,2.312,2754097
9.403,1790929118.302,open,10,5,40.146,0.122,241.0,0,10,0,53,3.463,2.601,2767129
9.413,1790929118.312,open,10,5,40.146,0.122,241.0,0,10,0,53,3.463,2.601,2767129
9.423,1790929118.322,open,10,5,40.146,0.122,241.0,0,10,0,53,3.463,2.601,2767129
9.433,1790929118.333,open,10,5,40.146,0.122,241.0,0,10,0,53,3.463,2.601,2767129
9.443,1790929118.343,open,11,5,40.141,0.101,241.0,0,11,0,53,3.809,2.888,2781609
9.453,1790929118.353,open,11,5,40.141,0.101,241.0,0,11,0,53,3.809,2.888,2781609
9.463,1790929118.363,open,11,5,40.141,0.101,241.0,0,11,0,53,3.809,2.888,2781609
9.473,1790929118.373,open,11,5,40.141,0.101,241.0,0,11,0,53,3.809,2.888,2781609
9.484,1790929118.383,open,11,5,40.136,0.085,241.0,0,11,0,53,3.81,2.888,2796089
9.494,1790929118.393,open,11,5,40.136,0.085,241.0,0,11,0,53,3.81,2.888,2796089
9.504,1790929118.403,open,11,5,40.136,0.085,241.0,0,11,0,53,3.81,2.888,2796089
9.514,1790929118.414,recovery,11,5,40.14,0.071,241.0,0,11,1,54,3.81,0.288,2796089
9.524,1790929118.424,recovery,5,5,40.19,0.124,241.0,0,15,1,54,4.15,2.862,2796089
9.534,1790929118.434,recovery,5,5,40.19,0.124,241.0,0,15,1,54,4.15,2.862,2796089
9.544,1790929118.444,recovery,5,5,40.19,0.124,241.0,0,15,1,54,4.15,2.862,2796089
9.554,1790929118.454,open,6,5,40.175,0.138,241.0,0,6,0,54,2.076,1.431,2817809
9.564,1790929118.464,open,6,5,40.175,0.138,241.0,0,6,0,54,2.076,1.431,2817809
9.575,1790929118.474,open,6,5,40.175,0.138,241.0,0,6,0,54,2.076,1.431,2817809
9.585,1790929118.484,open,6,5,40.175,0.138,241.0,0,6,0,54,2.076,1.431,2817809
9.595,1790929118.494,open,7,5,40.2,0.155,241.0,0,7,0,54,2.42,1.735,2826497
9.605,1790929118.504,open,7,5,40.2,0.155,241.0,0,7,0,54,2.42,1.735,2826497
9.615,1790929118.515,open,7,5,40.2,0.155,241.0,0,7,0,54,2.42,1.735,2826497
9.625,1790929118.525,open,7,5,40.2,0.155,241.0,0,7,0,54,2.42,1.735,2826497
9.635,1790929118.535,open,8,5,40.185,0.147,241.0,0,8,0,54,2.767,2.023,2836633
9.645,1790929118.545,open,8,5,40.185,0.147,241.0,0,8,0,54,2.767,2.023,2836633
9.655,1790929118.555,open,8,5,40.185,0.147,241.0,0,8,0,54,2.767,2.023,2836633
9.666,1790929118.565,open,8,5,40.185,0.147,241.0,0,8,0,54,2.767,2.023,2836633
9.676,1790929118.575,open,9,5,40.184,0.113,241.0,0,9,0,54,3.113,2.307,2848217
9.686,1790929118.585,open,9,5,40.184,0.113,241.0,0,9,0,54,3.113,2.307,2848217
9.696,1790929118.595,open,9,5,40.184,0.113,241.0,0,9,0,54,3.113,2.307,2848217
9.706,1790929118.606,open,9,5,40.184,0.113,241.0,0,9,0,54,3.113,2.307,2848217
9.716,1790929118.616,open,10,5,40.172,0.109,241.0,0,10,0,54,3.46,2.601,2861249
9.726,1790929118.626,open,10,5,40.172,0.109,241.0,0,10,0,54,3.46,2.601,2861249
9.736,1790929118.636,open,10,5,40.172,0.109,241.0,0,10,0,54,3.46,2.601,2861249
9.746,1790929118.646,open,10,5,40.172,0.109,241.0,0,10,0,54,3.46,2.601,2861249
9.756,1790929118.656,open,11,5,40.169,0.088,241.0,0,11,0,54,3.807,2.885,2875729
9.767,1790929118.666,open,11,5,40.169,0.088,241.0,0,11,0,54,3.807,2.885,2875729
9.777,1790929118.676,open,11,5,40.169,0.088,241.0,0,11,0,54,3.807,2.885,2875729
9.787,1790929118.686,open,11,5,40.169,0.088,241.0,0,11,0,54,3.807,2.885,2875729
9.797,1790929118.696,open,11,5,40.168,0.068,241.0,0,11,0,54,3.807,2.885,2890209
9.807,1790929118.707,open,11,5,40.168,0.068,241.0,0,11,0,54,3.807,2.885,2890209
9.817,1790929118.717,open,11,5,40.168,0.068,241.0,0,11,0,54,3.807,2.885,2890209
9.827,1790929118.727,open,11,5,40.168,0.068,241.0,0,11,0,54,3.807,2.885,2890209
9.837,1790929118.737,recovery,5,5,40.143,0.059,241.0,0,15,1,55,4.155,2.883,2890209
9.847,1790929118.747,recovery,5,5,40.143,0.059,241.0,0,15,1,55,4.155,2.883,2890209
9.858,1790929118.757,recovery,5,5,40.143,0.059,241.0,0,15,1,55,4.155,2.883,2890209
9.868,1790929118.767,recovery,5,5,40.143,0.059,241.0,0,15,1,55,4.155,2.883,2890209
9.878,1790929118.777,open,6,5,40.217,0.205,241.0,0,6,0,55,2.074,1.442,2911929
9.888,1790929118.788,open,6,5,40.217,0.205,241.0,0,6,0,55,2.074,1.442,2911929
9.898,1790929118.798,open,6,5,40.217,0.205,241.0,0,6,0,55,2.074,1.442,2911929
9.908,1790929118.808,open,6,5,40.217,0.205,241.0,0,6,0,55,2.074,1.442,2911929
9.918,1790929118.818,open,7,5,40.204,0.18,241.0,0,7,0,55,2.42,1.733,2920617
9.928,1790929118.828,open,7,5,40.204,0.18,241.0,0,7,0,55,2.42,1.733,2920617
9.938,1790929118.838,open,7,5,40.204,0.18,241.0,0,7,0,55,2.42,1.733,2920617
9.949,1790929118.848,open,7,5,40.204,0.18,241.0,0,7,0,55,2.42,1.733,2920617
9.959,1790929118.858,open,8,5,40.205,0.135,241.0,0,8,0,55,2.766,2.017,2930753
9.969,1790929118.868,open,8,5,40.205,0.135,241.0,0,8,0,55,2.766,2.017,2930753
9.979,1790929118.878,open,8,5,40.205,0.135,241.0,0,8,0,55,2.766,2.017,2930753
9.989,1790929118.888,open,8,5,40.205,0.135,241.0,0,8,0,55,2.766,2.017,2930753
9.999,1790929118.898,open,9,5,40.19,0.131,241.0,0,9,0,55,3.113,2.312,2942337
10.009,1790929118.909,open,9,5,40.19,0.131,241.0,0,9,0,55,3.113,2.312,2942337
10.019,1790929118.919,open,9,5,40.19,0.131,241.0,0,9,0,55,3.113,2.312,2942337
10.029,1790929118.929,open,9,5,40.19,0.131,241.0,0,9,0,55,3.113,2.312,2942337
10.039,1790929118.939,open,10,5,40.179,0.12,241.0,0,10,0,55,3.46,2.6,2955369
10.049,1790929118.949,open,10,5,40.179,0.12,241.0,0,10,0,55,3.46,2.6,2955369
10.059,1790929118.959,open,10,5,40.179,0.12,241.0,0,10,0,55,3.46,2.6,2955369
10.070,1790929118.969,open,10,5,40.179,0.12,241.0,0,10,0,55,3.46,2.6,2955369
10.080,1790929118.979,open,11,5,40.168,0.113,241.0,0,11,0,55,3.807,2.89,2969849
10.090,1790929118.989,open,11,5,40.168,0.113,241.0,0,11,0,55,3.807,2.89,2969849
10.100,1790929118.999,open,11,5,40.168,0.113,241.0,0,11,0,55,3.807,2.89,2969849
10.110,1790929119.010,open,11,5,40.168,0.113,241.0,0,11,0,55,3.807,2.89,2969849
10.120,1790929119.020,open,11,5,40.162,0.096,241.0,0,11,0,55,3.807,2.887,2984329
10.130,1790929119.030,open,11,5,40.162,0.096,241.0,0,11,0,55,3.807,2.887,2984329
10.140,1790929119.040,open,11,5,40.162,0.096,241.0,0,11,0,55,3.807,2.887,2984329
10.150,1790929119.050,open,11,5,40.162,0.096,241.0,0,11,0,55,3.807,2.887,2984329
10.161,1790929119.060,recovery,5,5,40.148,0.064,241.0,0,15,1,56,4.155,2.882,2984329
10.171,1790929119.070,recovery,5,5,40.148,0.064,241.0,0,15,1,56,4.155,2.882,2984329
10.181,1790929119.080,recovery,5,5,40.148,0.064,241.0,0,15,1,56,4.155,2.882,2984329
10.191,1790929119.090,recovery,5,5,40.148,0.064,241.0,0,15,1,56,4.155,2.882,2984329
10.201,1790929119.101,open,6,5,40.212,0.224,241.0,0,6,0,56,2.074,1.441,3006049
10.211,1790929119.111,open,6,5,40.212,0.224,241.0,0,6,0,56,2.074,1.441,3006049
10.221,1790929119.121,open,6,5,40.212,0.224,241.0,0,6,0,56,2.074,1.441,3006049
10.231,1790929119.131,open,6,5,40.212,0.224,241.0,0,6,0,56,2.074,1.441,3006049
10.242,1790929119.141,open,7,5,40.202,0.188,241.0,0,7,0,56,2.42,1.734,3014737
10.252,1790929119.151,open,7,5,40.202,0.188,241.0,0,7,0,56,2.42,1.734,3014737
10.262,1790929119.161,open,7,5,40.202,0.188,241.0,0,7,0,56,2.42,1.734,3014737
10.272,1790929119.171,open,7,5,40.202,0.188,241.0,0,7,0,56,2.42,1.734,3014737
10.282,1790929119.182,open,8,5,40.184,0.176,241.0,0,8,0,56,2.767,2.024,3024873
10.292,1790929119.192,open,8,5,40.184,0.176,241.0,0,8,0,56,2.767,2.024,3024873
10.302,1790929119.202,open,8,5,40.184,0.176,241.0,0,8,0,56,2.767,2.024,3024873
10.312,1790929119.212,open,8,5,40.184,0.176,241.0,0,8,0,56,2.767,2.024,3024873
10.322,1790929119.222,open,9,5,40.17,0.162,241.0,0,9,0,56,3.114,2.313,3036457
10.333,1790929119.232,open,9,5,40.17,0.162,241.0,0,9,0,56,3.114,2.313,3036457
10.343,1790929119.242,open,9,5,40.17,0.162,241.0,0,9,0,56,3.114,2.313,3036457
10.353,1790929119.252,open,9,5,40.17,0.162,241.0,0,9,0,56,3.114,2.313,3036457
10.363,1790929119.262,open,10,5,40.157,0.145,241.0,0,10,0,56,3.462,2.602,3049489
10.373,1790929119.273,open,10,5,40.157,0.145,241.0,0,10,0,56,3.462,2.602,3049489
10.383,1790929119.283,open,10,5,40.157,0.145,241.0,0,10,0,56,3.462,2.602,3049489
10.393,1790929119.293,open,10,5,40.157,0.145,241.0,0,10,0,56,3.462,2.602,3049489
10.403,1790929119.303,open,11,5,40.149,0.125,241.0,0,11,0,56,3.808,2.889,3063969
10.413,1790929119.313,open,11,5,40.149,0.125,241.0,0,11,0,56,3.808,2.889,3063969
10.423,1790929119.323,open,11,5,40.149,0.125,241.0,0,11,0,56,3.808,2.889,3063969
10.433,1790929119.333,open,11,5,40.149,0.125,241.0,0,11,0,56,3.808,2.889,3063969
10.444,1790929119.343,open,11,5,40.141,0.11,241.0,0,11,0,56,3.809,2.89,3078449
10.454,1790929119.353,open,11,5,40.141,0.11,241.0,0,11,0,56,3.809,2.89,3078449
10.464,1790929119.363,open,11,5,40.141,0.11,241.0,0,11,0,56,3.809,2.89,3078449
10.474,1790929119.373,open,11,5,40.141,0.11,241.0,0,11,0,56,3.809,2.89,3078449
10.484,1790929119.383,recovery,5,5,40.231,0.303,241.0,0,15,1,57,4.146,2.821,3078449
10.494,1790929119.394,recovery,5,5,40.231,0.303,241.0,0,15,1,57,4.146,2.821,3078449
10.504,1790929119.404,recovery,5,5,40.231,0.303,241.0,0,15,1,57,4.146,2.821,3078449
10.514,1790929119.414,recovery,5,5,40.231,0.303,241.0,0,15,1,57,4.146,2.821,3078449
10.524,1790929119.424,open,6,5,40.274,0.383,241.0,0,6,0,57,2.071,1.411,3100169
10.534,1790929119.434,open,6,5,40.274,0.383,241.0,0,6,0,57,2.071,1.411,3100169
10.545,1790929119.444,open,6,5,40.274,0.383,241.0,0,6,0,57,2.071,1.411,3100169
10.555,1790929119.454,open,6,5,40.274,0.383,241.0,0,6,0,57,2.071,1.411,3100169
10.565,1790929119.464,open,7,5,40.374,0.488,241.0,0,7,0,57,2.41,1.735,3108857
10.575,1790929119.474,open,7,5,40.374,0.488,241.0,0,7,0,57,2.41,1.735,3108857
10.585,1790929119.485,open,7,5,40.374,0.488,241.0,0,7,0,57,2.41,1.735,3108857
10.595,1790929119.495,open,7,5,40.374,0.488,241.0,0,7,0,57,2.41,1.735,3108857
10.605,1790929119.505,open,8,5,40.337,0.439,241.0,0,8,0,57,2.757,2.023,3118993
10.615,1790929119.515,open,8,5,40.337,0.439,241.0,0,8,0,57,2.757,2.023,3118993
10.625,1790929119.525,open,8,5,40.337,0.439,241.0,0,8,0,57,2.757,2.023,3118993
10.635,1790929119.535,open,8,5,40.337,0.439,241.0,0,8,0,57,2.757,2.023,3118993
10.646,1790929119.545,open,9,5,40.31,0.384,241.0,0,9,0,57,3.104,2.31,3130577
10.656,1790929119.555,open,9,5,40.31,0.384,241.0,0,9,0,57,3.104,2.31,3130577
10.666,1790929119.565,open,9,5,40.31,0.384,241.0,0,9,0,57,3.104,2.31,3130577
10.676,1790929119.575,open,9,5,40.31,0.384,241.0,0,9,0,57,3.104,2.31,3130577
10.686,1790929119.586,open,10,5,40.289,0.331,241.0,0,10,0,57,3.45,2.597,3143609
10.696,1790929119.596,open,10,5,40.289,0.331,241.0,0,10,0,57,3.45,2.597,3143609
10.706,1790929119.606,open,10,5,40.289,0.331,241.0,0,10,0,57,3.45,2.597,3143609
10.716,1790929119.616,open,10,5,40.289,0.331,241.0,0,10,0,57,3.45,2.597,3143609
10.726,1790929119.626,open,11,5,40.264,0.298,241.0,0,11,0,57,3.798,2.889,3158089
10.737,1790929119.636,open,11,5,40.264,0.298,241.0,0,11,0,57,3.798,2.889,3158089
10.747,1790929119.646,open,11,5,40.264,0.298,241.0,0,11,0,57,3.798,2.889,3158089
10.757,1790929119.656,open,11,5,40.264,0.298,241.0,0,11,0,57,3.798,2.889,3158089
10.767,1790929119.666,open,11,5,40.24,0.27,241.0,0,11,0,57,3.8,2.89,3172569
10.777,1790929119.676,open,11,5,40.24,0.27,241.0,0,11,0,57,3.8,2.89,3172569
10.787,1790929119.687,open,11,5,40.24,0.27,241.0,0,11,0,57,3.8,2.89,3172569
10.797,1790929119.697,open,11,5,40.24,0.27,241.0,0,11,0,57,3.8,2.89,3172569
10.807,1790929119.707,recovery,5,5,40.261,0.29,241.0,0,15,1,58,4.143,2.841,3172569
10.817,1790929119.717,recovery,5,5,40.261,0.29,241.0,0,15,1,58,4.143,2.841,3172569
10.827,1790929119.727,recovery,5,5,40.261,0.29,241.0,0,15,1,58,4.143,2.841,3172569
10.837,1790929119.737,recovery,5,5,40.261,0.29,241.0,0,15,1,58,4.143,2.841,3172569
10.848,1790929119.747,open,6,5,40.262,0.313,241.0,0,6,0,58,2.072,1.42,3194289
10.858,1790929119.757,open,6,5,40.262,0.313,241.0,0,6,0,58,2.072,1.42,3194289
10.868,1790929119.767,open,6,5,40.262,0.313,241.0,0,6,0,58,2.072,1.42,3194289
10.878,1790929119.777,open,6,5,40.262,0.313,241.0,0,6,0,58,2.072,1.42,3194289
10.888,1790929119.788,open,7,5,40.324,0.358,241.0,0,7,0,58,2.413,1.735,3202977
10.898,1790929119.798,open,7,5,40.324,0.358,241.0,0,7,0,58,2.413,1.735,3202977
10.908,1790929119.808,open,7,5,40.324,0.358,241.0,0,7,0,58,2.413,1.735,3202977
10.918,1790929119.818,open,7,5,40.324,0.358,241.0,0,7,0,58,2.413,1.735,3202977
10.928,1790929119.828,open,8,5,40.298,0.319,241.0,0,8,0,58,2.76,2.021,3213113
10.938,1790929119.838,open,8,5,40.298,0.319,241.0,0,8,0,58,2.76,2.021,3213113
10.949,1790929119.848,open,8,5,40.298,0.319,241.0,0,8,0,58,2.76,2.021,3213113
10.959,1790929119.858,open,8,5,40.298,0.319,241.0,0,8,0,58,2.76,2.021,3213113
10.969,1790929119.868,open,9,5,40.27,0.297,241.0,0,9,0,58,3.107,2.313,3224697
10.979,1790929119.878,open,9,5,40.27,0.297,241.0,0,9,0,58,3.107,2.313,3224697
10.989,1790929119.889,open,9,5,40.27,0.297,241.0,0,9,0,58,3.107,2.313,3224697
10.999,1790929119.899,open,9,5,40.27,0.297,241.0,0,9,0,58,3.107,2.313,3224697
11.009,1790929119.909,open,10,5,40.243,0.275,241.0,0,10,0,58,3.454,2.603,3237729
11.019,1790929119.919,open,10,5,40.243,0.275,241.0,0,10,0,58,3.454,2.603,3237729
11.029,1790929119.929,open,10,5,40.243,0.275,241.0,0,10,0,58,3.454,2.603,3237729
11.039,1790929119.939,open,10,5,40.243,0.275,241.0,0,10,0,58,3.454,2.603,3237729
11.050,1790929119.949,open,11,5,40.221,0.252,241.0,0,11,0,58,3.802,2.892,3252209
11.060,1790929119.959,open,11,5,40.221,0.252,241.0,0,11,0,58,3.802,2.892,3252209
11.070,1790929119.969,open,11,5,40.221,0.252,241.0,0,11,0,58,3.802,2.892,3252209
11.080,1790929119.979,open,11,5,40.2,0.23,241.0,0,11,0,58,3.804,2.892,3266689
11.090,1790929119.990,open,11,5,40.2,0.23,241.0,0,11,0,58,3.804,2.892,3266689
11.100,1790929120.000,open,11,5,40.2,0.23,241.0,0,11,0,58,3.804,2.892,3266689
11.110,1790929120.010,open,11,5,40.2,0.23,241.0,0,11,0,58,3.804,2.892,3266689
11.120,1790929120.020,recovery,9,5,40.158,0.159,241.0,0,12,1,59,3.808,0.867,3266689
11.131,1790929120.030,recovery,5,5,40.277,0.357,241.0,0,15,1,59,4.142,2.818,3266689
11.141,1790929120.040,recovery,5,5,40.277,0.357,241.0,0,15,1,59,4.142,2.818,3266689
11.151,1790929120.050,recovery,5,5,40.277,0.357,241.0,0,15,1,59,4.142,2.818,3266689
11.161,1790929120.060,open,5,5,40.242,0.337,241.0,0,5,0,59,1.727,2.892,3282617
11.171,1790929120.071,open,6,5,40.306,0.423,241.0,0,6,0,59,2.069,1.408,3288409
11.181,1790929120.081,open,6,5,40.306,0.423,241.0,0,6,0,59,2.069,1.408,3288409
11.191,1790929120.091,open,6,5,40.306,0.423,241.0,0,6,0,59,2.069,1.408,3288409
11.201,1790929120.101,open,7,5,40.403,0.511,241.0,0,7,0,59,2.408,1.736,3297097
11.211,1790929120.111,open,7,5,40.403,0.511,241.0,0,7,0,59,2.408,1.736,3297097
11.221,1790929120.121,open,7,5,40.403,0.511,241.0,0,7,0,59,2.408,1.736,3297097
11.232,1790929120.131,open,7,5,40.403,0.511,241.0,0,7,0,59,2.408,1.736,3297097
11.242,1790929120.141,open,8,5,40.367,0.454,241.0,0,8,0,59,2.755,2.021,3307233
11.252,1790929120.151,open,8,5,40.367,0.454,241.0,0,8,0,59,2.755,2.021,3307233
11.262,1790929120.161,open,8,5,40.367,0.454,241.0,0,8,0,59,2.755,2.021,3307233
11.272,1790929120.172,open,8,5,40.367,0.454,241.0,0,8,0,59,2.755,2.021,3307233
11.282,1790929120.182,open,9,5,40.329,0.417,241.0,0,9,0,59,3.102,2.313,3318817
11.292,1790929120.192,open,9,5,40.329,0.417,241.0,0,9,0,59,3.102,2.313,3318817
11.302,1790929120.202,open,9,5,40.329,0.417,241.0,0,9,0,59,3.102,2.313,3318817
11.312,1790929120.212,open,9,5,40.329,0.417,241.0,0,9,0,59,3.102,2.313,3318817
11.322,1790929120.222,open,10,5,40.295,0.38,241.0,0,10,0,59,3.45,2.602,3331849
11.332,1790929120.232,open,10,5,40.295,0.38,241.0,0,10,0,59,3.45,2.602,3331849
11.342,1790929120.242,open,10,5,40.295,0.38,241.0,0,10,0,59,3.45,2.602,3331849
11.353,1790929120.252,open,10,5,40.295,0.38,241.0,0,10,0,59,3.45,2.602,3331849
11.363,1790929120.262,open,11,5,40.27,0.335,241.0,0,11,0,59,3.797,2.889,3346329
11.373,1790929120.272,open,11,5,40.27,0.335,241.0,0,11,0,59,3.797,2.889,3346329
11.383,1790929120.282,open,11,5,40.27,0.335,241.0,0,11,0,59,3.797,2.889,3346329
11.393,1790929120.292,open,11,5,40.27,0.335,241.0,0,11,0,59,3.797,2.889,3346329
11.403,1790929120.303,open,11,5,40.245,0.302,241.0,0,11,0,59,3.799,2.891,3360809
11.413,1790929120.313,open,11,5,40.245,0.302,241.0,0,11,0,59,3.799,2.891,3360809
11.423,1790929120.323,open,11,5,40.245,0.302,241.0,0,11,0,59,3.799,2.891,3360809
11.433,1790929120.333,open,11,5,40.245,0.302,241.0,0,11,0,59,3.799,2.891,3360809
11.443,1790929120.343,recovery,5,5,40.301,0.375,241.0,0,15,1,60,4.139,2.82,3360809
11.453,1790929120.353,recovery,5,5,40.301,0.375,241.0,0,15,1,60,4.139,2.82,3360809
11.464,1790929120.363,recovery,5,5,40.301,0.375,241.0,0,15,1,60,4.139,2.82,3360809
11.474,1790929120.373,recovery,5,5,40.301,0.375,241.0,0,15,1,60,4.139,2.82,3360809
11.484,1790929120.383,open,6,5,40.315,0.421,241.0,0,6,0,60,2.069,1.41,3382529
11.494,1790929120.393,open,6,5,40.315,0.421,241.0,0,6,0,60,2.069,1.41,3382529
11.504,1790929120.403,open,6,5,40.315,0.421,241.0,0,6,0,60,2.069,1.41,3382529
11.514,1790929120.414,open,6,5,40.315,0.421,241.0,0,6,0,60,2.069,1.41,3382529
11.524,1790929120.424,open,7,5,40.403,0.491,241.0,0,7,0,60,2.408,1.736,3391217
11.534,1790929120.434,open,7,5,40.403,0.491,241.0,0,7,0,60,2.408,1.736,3391217
11.544,1790929120.444,open,7,5,40.403,0.491,241.0,0,7,0,60,2.408,1.736,3391217
11.554,1790929120.454,open,7,5,40.403,0.491,241.0,0,7,0,60,2.408,1.736,3391217
11.564,1790929120.464,open,8,5,40.361,0.452,241.0,0,8,0,60,2.755,2.024,3401353
11.574,1790929120.474,open,8,5,40.361,0.452,241.0,0,8,0,60,2.755,2.024,3401353
11.585,1790929120.484,open,8,5,40.361,0.452,241.0,0,8,0,60,2.755,2.024,3401353
11.595,1790929120.494,open,8,5,40.361,0.452,241.0,0,8,0,60,2.755,2.024,3401353
11.605,1790929120.504,open,9,5,40.33,0.402,241.0,0,9,0,60,3.102,2.311,3412937
11.615,1790929120.514,open,9,5,40.33,0.402,241.0,0,9,0,60,3.102,2.311,3412937
11.625,1790929120.524,open,9,5,40.33,0.402,241.0,0,9,0,60,3.102,2.311,3412937
11.635,1790929120.534,open,9,5,40.33,0.402,241.0,0,9,0,60,3.102,2.311,3412937
11.645,1790929120.545,open,10,5,40.303,0.356,241.0,0,10,0,60,3.449,2.599,3425969
11.655,1790929120.555,open,10,5,40.303,0.356,241.0,0,10,0,60,3.449,2.599,3425969
11.665,1790929120.565,open,10,5,40.303,0.356,241.0,0,10,0,60,3.449,2.599,3425969
11.675,1790929120.575,open,10,5,40.303,0.356,241.0,0,10,0,60,3.449,2.599,3425969
11.685,1790929120.585,open,11,5,40.279,0.314,241.0,0,11,0,60,3.796,2.888,3440449
11.695,1790929120.595,open,11,5,40.279,0.314,241.0,0,11,0,60,3.796,2.888,3440449
11.705,1790929120.605,open,11,5,40.279,0.314,241.0,0,11,0,60,3.796,2.888,3440449
11.716,1790929120.615,open,11,5,40.279,0.314,241.0,0,11,0,60,3.796,2.888,3440449
11.726,1790929120.625,open,11,5,40.26,0.274,241.0,0,11,0,60,3.798,2.887,3454929
11.736,1790929120.635,open,11,5,40.26,0.274,241.0,0,11,0,60,3.798,2.887,3454929
11.746,1790929120.645,open,11,5,40.26,0.274,241.0,0,11,0,60,3.798,2.887,3454929
11.756,1790929120.655,open,11,5,40.26,0.274,241.0,0,11,0,60,3.798,2.887,3454929
11.766,1790929120.666,recovery,5,5,40.203,0.158,241.0,0,15,1,61,4.149,2.885,3454929
11.776,1790929120.676,recovery,5,5,40.203,0.158,241.0,0,15,1,61,4.149,2.885,3454929
11.786,1790929120.686,recovery,5,5,40.203,0.158,241.0,0,15,1,61,4.149,2.885,3454929
11.796,1790929120.696,recovery,5,5,40.203,0.158,241.0,0,15,1,61,4.149,2.885,3454929
11.806,1790929120.706,open,6,5,40.241,0.285,241.0,0,6,0,61,2.073,1.443,3476649
11.816,1790929120.716,open,6,5,40.241,0.285,241.0,0,6,0,61,2.073,1.443,3476649
11.826,1790929120.726,open,6,5,40.241,0.285,241.0,0,6,0,61,2.073,1.443,3476649
11.837,1790929120.736,open,6,5,40.241,0.285,241.0,0,6,0,61,2.073,1.443,3476649
11.847,1790929120.746,open,7,5,40.198,0.236,241.0,0,7,0,61,2.421,1.735,3485337
11.857,1790929120.756,open,7,5,40.198,0.236,241.0,0,7,0,61,2.421,1.735,3485337
11.867,1790929120.766,open,7,5,40.198,0.236,241.0,0,7,0,61,2.421,1.735,3485337
11.877,1790929120.777,open,7,5,40.198,0.236,241.0,0,7,0,61,2.421,1.735,3485337
11.887,1790929120.787,open,8,5,40.184,0.206,241.0,0,8,0,61,2.767,2.024,3495473
11.897,1790929120.797,open,8,5,40.184,0.206,241.0,0,8,0,61,2.767,2.024,3495473
11.907,1790929120.807,open,8,5,40.184,0.206,241.0,0,8,0,61,2.767,2.024,3495473
11.917,1790929120.817,open,8,5,40.184,0.206,241.0,0,8,0,61,2.767,2.024,3495473
11.927,1790929120.827,open,9,5,40.175,0.172,241.0,0,9,0,61,3.114,2.31,3507057
11.938,1790929120.837,open,9,5,40.175,0.172,241.0,0,9,0,61,3.114,2.31,3507057
11.948,1790929120.847,open,9,5,40.175,0.172,241.0,0,9,0,61,3.114,2.31,3507057
11.958,1790929120.857,open,9,5,40.175,0.172,241.0,0,9,0,61,3.114,2.31,3507057
11.968,1790929120.868,open,10,5,40.167,0.145,241.0,0,10,0,61,3.461,2.599,3520089
11.978,1790929120.878,open,10,5,40.167,0.145,241.0,0,10,0,61,3.461,2.599,3520089
11.988,1790929120.888,open,10,5,40.167,0.145,241.0,0,10,0,61,3.461,2.599,3520089
11.998,1790929120.898,open,10,5,40.167,0.145,241.0,0,10,0,61,3.461,2.599,3520089
12.008,1790929120.908,open,11,5,40.16,0.123,241.0,0,11,0,61,3.807,2.888,3534569
12.018,1790929120.918,open,11,5,40.16,0.123,241.0,0,11,0,61,3.807,2.888,3534569
12.029,1790929120.928,open,11,5,40.16,0.123,241.0,0,11,0,61,3.807,2.888,3534569
12.039,1790929120.938,open,11,5,40.16,0.123,241.0,0,11,0,61,3.807,2.888,3534569
12.049,1790929120.948,open,11,5,40.153,0.105,241.0,0,11,0,61,3.808,2.888,3549049
12.059,1790929120.958,open,11,5,40.153,0.105,241.0,0,11,0,61,3.808,2.888,3549049
12.069,1790929120.969,open,11,5,40.153,0.105,241.0,0,11,0,61,3.808,2.888,3549049
12.079,1790929120.979,open,11,5,40.153,0.105,241.0,0,11,0,61,3.808,2.888,3549049
12.089,1790929120.989,recovery,5,5,40.172,0.118,241.0,0,15,1,62,4.152,2.866,3549049
12.099,1790929120.999,recovery,5,5,40.172,0.118,241.0,0,15,1,62,4.152,2.866,3549049
12.109,1790929121.009,recovery,5,5,40.172,0.118,241.0,0,15,1,62,4.152,2.866,3549049
12.120,1790929121.019,recovery,5,5,40.172,0.118,241.0,0,15,1,62,4.152,2.866,3549049
12.130,1790929121.029,open,6,5,40.157,0.135,241.0,0,6,0,62,2.077,1.433,3570769
12.140,1790929121.039,open,6,5,40.157,0.135,241.0,0,6,0,62,2.077,1.433,3570769
12.150,1790929121.050,open,6,5,40.157,0.135,241.0,0,6,0,62,2.077,1.433,3570769
12.160,1790929121.060,open,6,5,40.157,0.135,241.0,0,6,0,62,2.077,1.433,3570769
12.170,1790929121.070,open,7,5,40.141,0.106,241.0,0,7,0,62,2.424,1.735,3579457
12.180,1790929121.080,open,7,5,40.141,0.106,241.0,0,7,0,62,2.424,1.735,3579457
12.190,1790929121.090,open,7,5,40.141,0.106,241.0,0,7,0,62,2.424,1.735,3579457
12.200,1790929121.100,open,7,5,40.141,0.106,241.0,0,7,0,62,2.424,1.735,3579457
12.211,1790929121.110,open,8,5,40.162,0.122,241.0,0,8,0,62,2.769,2.022,3589593
12.221,1790929121.120,open,8,5,40.162,0.122,241.0,0,8,0,62,2.769,2.022,3589593
12.231,1790929121.130,open,8,5,40.162,0.122,241.0,0,8,0,62,2.769,2.022,3589593
12.241,1790929121.140,open,8,5,40.162,0.122,241.0,0,8,0,62,2.769,2.022,3589593
12.251,1790929121.151,open,9,5,40.159,0.097,241.0,0,9,0,62,3.115,2.309,3601177
12.261,1790929121.161,open,9,5,40.159,0.097,241.0,0,9,0,62,3.115,2.309,3601177
12.271,1790929121.171,open,9,5,40.159,0.097,241.0,0,9,0,62,3.115,2.309,3601177
12.281,1790929121.181,open,9,5,40.159,0.097,241.0,0,9,0,62,3.115,2.309,3601177
12.291,1790929121.191,open,10,5,40.156,0.079,241.0,0,10,0,62,3.462,2.598,3614209
12.302,1790929121.201,open,10,5,40.156,0.079,241.0,0,10,0,62,3.462,2.598,3614209
12.312,1790929121.211,open,10,5,40.156,0.079,241.0,0,10,0,62,3.462,2.598,3614209
12.322,1790929121.221,open,10,5,40.156,0.079,241.0,0,10,0,62,3.462,2.598,3614209
12.332,1790929121.231,open,11,5,40.151,0.069,241.0,0,11,0,62,3.808,2.888,3628689
12.342,1790929121.241,open,11,5,40.151,0.069,241.0,0,11,0,62,3.808,2.888,3628689
12.352,1790929121.252,open,11,5,40.151,0.069,241.0,0,11,0,62,3.808,2.888,3628689
12.362,1790929121.262,open,11,5,40.151,0.069,241.0,0,11,0,62,3.808,2.888,3628689
12.372,1790929121.272,open,11,5,40.145,0.064,241.0,0,11,0,62,3.809,2.889,3643169
12.382,1790929121.282,open,11,5,40.145,0.064,241.0,0,11,0,62,3.809,2.889,3643169
12.393,1790929121.292,open,11,5,40.145,0.064,241.0,0,11,0,62,3.809,2.889,3643169
12.403,1790929121.302,open,11,5,40.145,0.064,241.0,0,11,0,62,3.809,2.889,3643169
12.413,1790929121.312,recovery,5,5,40.154,0.053,241.0,0,15,1,63,4.154,2.877,3643169
12.423,1790929121.322,recovery,5,5,40.154,0.053,241.0,0,15,1,63,4.154,2.877,3643169
12.433,1790929121.333,recovery,5,5,40.154,0.053,241.0,0,15,1,63,4.154,2.877,3643169
12.443,1790929121.343,recovery,5,5,40.154,0.053,241.0,0,15,1,63,4.154,2.877,3643169
12.453,1790929121.353,open,6,5,40.124,0.047,241.0,0,6,0,63,2.079,1.439,3664889
12.463,1790929121.363,open,6,5,40.124,0.047,241.0,0,6,0,63,2.079,1.439,3664889
12.473,1790929121.373,open,6,5,40.124,0.047,241.0,0,6,0,63,2.079,1.439,3664889
12.484,1790929121.383,open,6,5,40.124,0.047,241.0,0,6,0,63,2.079,1.439,3664889
12.494,1790929121.393,open,7,5,40.124,0.035,241.0,0,7,0,63,2.425,1.736,3673577
12.504,1790929121.403,open,7,5,40.124,0.035,241.0,0,7,0,63,2.425,1.736,3673577
12.514,1790929121.413,open,7,5,40.124,0.035,241.0,0,7,0,63,2.425,1.736,3673577
12.524,1790929121.424,open,7,5,40.124,0.035,241.0,0,7,0,63,2.425,1.736,3673577
12.534,1790929121.434,open,8,5,40.118,0.035,241.0,0,8,0,63,2.772,2.023,3683713
12.544,1790929121.444,open,8,5,40.118,0.035,241.0,0,8,0,63,2.772,2.023,3683713
12.554,1790929121.454,open,8,5,40.118,0.035,241.0,0,8,0,63,2.772,2.023,3683713
12.564,1790929121.464,open,8,5,40.118,0.035,241.0,0,8,0,63,2.772,2.023,3683713
12.575,1790929121.474,open,9,5,40.118,0.027,241.0,0,9,0,63,3.118,2.31,3695297
12.585,1790929121.484,open,9,5,40.118,0.027,241.0,0,9,0,63,3.118,2.31,3695297
12.595,1790929121.494,open,9,5,40.118,0.027,241.0,0,9,0,63,3.118,2.31,3695297
12.605,1790929121.505,open,9,5,40.118,0.027,241.0,0,9,0,63,3.118,2.31,3695297
12.615,1790929121.515,open,10,5,40.119,0.023,241.0,0,10,0,63,3.465,2.598,3708329
12.625,1790929121.525,open,10,5,40.119,0.023,241.0,0,10,0,63,3.465,2.598,3708329
12.635,1790929121.535,open,10,5,40.119,0.023,241.0,0,10,0,63,3.465,2.598,3708329
12.646,1790929121.545,open,10,5,40.119,0.023,241.0,0,10,0,63,3.465,2.598,3708329
12.656,1790929121.555,open,11,5,40.117,0.022,241.0,0,11,0,63,3.812,2.889,3722809
12.666,1790929121.565,open,11,5,40.117,0.022,241.0,0,11,0,63,3.812,2.889,3722809
12.676,1790929121.575,open,11,5,40.117,0.022,241.0,0,11,0,63,3.812,2.889,3722809
12.686,1790929121.586,open,11,5,40.118,0.019,241.0,0,11,0,63,3.811,2.887,3737289
12.696,1790929121.596,open,11,5,40.118,0.019,241.0,0,11,0,63,3.811,2.887,3737289
12.706,1790929121.606,open,11,5,40.118,0.019,241.0,0,11,0,63,3.811,2.887,3737289
12.716,1790929121.616,open,11,5,40.118,0.019,241.0,0,11,0,63,3.811,2.887,3737289
12.726,1790929121.626,recovery,5,5,40.138,0.063,241.0,0,15,1,64,4.156,2.872,3737289
12.737,1790929121.636,recovery,5,5,40.138,0.063,241.0,0,15,1,64,4.156,2.872,3737289
12.747,1790929121.646,recovery,5,5,40.138,0.063,241.0,0,15,1,64,4.156,2.872,3737289
12.757,1790929121.656,recovery,5,5,40.138,0.063,241.0,0,15,1,64,4.156,2.872,3737289
12.767,1790929121.666,open,6,5,40.122,0.078,241.0,0,6,0,64,2.079,1.436,3759009
12.777,1790929121.677,open,6,5,40.122,0.078,241.0,0,6,0,64,2.079,1.436,3759009
12.787,1790929121.687,open,6,5,40.122,0.078,241.0,0,6,0,64,2.079,1.436,3759009
12.797,1790929121.697,open,6,5,40.122,0.078,241.0,0,6,0,64,2.079,1.436,3759009
12.807,1790929121.707,open,7,5,40.138,0.091,241.0,0,7,0,64,2.424,1.736,3767697
12.817,1790929121.717,open,7,5,40.138,0.091,241.0,0,7,0,64,2.424,1.736,3767697
12.828,1790929121.727,open,7,5,40.138,0.091,241.0,0,7,0,64,2.424,1.736,3767697
12.838,1790929121.737,open,7,5,40.138,0.091,241.0,0,7,0,64,2.424,1.736,3767697
12.848,1790929121.748,open,8,5,40.14,0.072,241.0,0,8,0,64,2.77,2.02,3777833
12.858,1790929121.758,open,8,5,40.14,0.072,241.0,0,8,0,64,2.77,2.02,3777833
12.868,1790929121.768,open,8,5,40.14,0.072,241.0,0,8,0,64,2.77,2.02,3777833
12.878,1790929121.778,open,8,5,40.14,0.072,241.0,0,8,0,64,2.77,2.02,3777833
12.889,1790929121.789,open,9,5,40.138,0.056,241.0,0,9,0,64,3.117,2.309,3789417
12.900,1790929121.800,open,9,5,40.138,0.056,241.0,0,9,0,64,3.117,2.309,3789417
12.911,1790929121.811,open,9,5,40.138,0.056,241.0,0,9,0,64,3.117,2.309,3789417
12.922,1790929121.821,open,9,5,40.138,0.056,241.0,0,9,0,64,3.117,2.309,3789417
12.932,1790929121.832,open,10,5,40.145,0.056,241.0,0,10,0,64,3.463,2.594,3802449
12.942,1790929121.842,open,10,5,40.145,0.056,241.0,0,10,0,64,3.463,2.594,3802449
12.952,1790929121.852,open,10,5,40.145,0.056,241.0,0,10,0,64,3.463,2.594,3802449
12.963,1790929121.862,open,10,5,40.145,0.056,241.0,0,10,0,64,3.463,2.594,3802449
12.973,1790929121.873,open,11,5,40.169,0.09,241.0,0,11,0,64,3.807,2.872,3816929
12.984,1790929121.883,open,11,5,40.169,0.09,241.0,0,11,0,64,3.807,2.872,3816929
12.995,1790929121.894,open,11,5,40.169,0.09,241.0,0,11,0,64,3.807,2.872,3816929
13.005,1790929121.905,open,11,5,40.169,0.09,241.0,0,11,0,64,3.807,2.872,3816929
13.015,1790929121.915,open,11,5,40.183,0.095,241.0,0,11,0,64,3.805,2.876,3831409
13.026,1790929121.926,open,11,5,40.183,0.095,241.0,0,11,0,64,3.805,2.876,3831409
13.036,1790929121.936,open,11,5,40.183,0.095,241.0,0,11,0,64,3.805,2.876,3831409
13.047,1790929121.946,open,11,5,40.183,0.095,241.0,0,11,0,64,3.805,2.876,3831409
13.057,1790929121.956,recovery,5,5,40.5,0.477,241.0,0,15,1,65,4.119,2.81,3831409
13.068,1790929121.967,recovery,5,5,40.5,0.477,241.0,0,15,1,65,4.119,2.81,3831409
13.078,1790929121.977,recovery,5,5,40.5,0.477,241.0,0,15,1,65,4.119,2.81,3831409
13.089,1790929121.988,recovery,5,5,40.5,0.477,241.0,0,15,1,65,4.119,2.81,3831409
13.099,1790929121.998,open,6,5,40.474,0.43,241.0,0,6,0,65,2.061,1.405,3853129
13.109,1790929122.008,open,6,5,40.474,0.43,241.0,0,6,0,65,2.061,1.405,3853129
13.119,1790929122.019,open,6,5,40.474,0.43,241.0,0,6,0,65,2.061,1.405,3853129
13.129,1790929122.029,open,6,5,40.449,0.372,241.0,0,7,0,65,2.061,1.722,3861817
13.140,1790929122.039,open,7,5,40.449,0.372,241.0,0,7,0,65,2.406,1.722,3861817
13.150,1790929122.049,open,7,5,40.449,0.372,241.0,0,7,0,65,2.406,1.722,3861817
13.160,1790929122.060,open,7,5,40.449,0.372,241.0,0,7,0,65,2.406,1.722,3861817
13.170,1790929122.070,open,8,5,40.464,0.31,241.0,0,8,0,65,2.748,1.999,3871953
13.180,1790929122.080,open,8,5,40.464,0.31,241.0,0,8,0,65,2.748,1.999,3871953
13.190,1790929122.090,open,8,5,40.464,0.31,241.0,0,8,0,65,2.748,1.999,3871953
13.201,1790929122.100,open,8,5,40.464,0.31,241.0,0,8,0,65,2.748,1.999,3871953
13.211,1790929122.110,open,9,5,40.442,0.277,241.0,0,9,0,65,3.093,2.3,3883537
13.221,1790929122.121,open,9,5,40.442,0.277,241.0,0,9,0,65,3.093,2.3,3883537
13.231,1790929122.131,open,9,5,40.442,0.277,241.0,0,9,0,65,3.093,2.3,3883537
13.241,1790929122.141,open,9,5,40.442,0.277,241.0,0,9,0,65,3.093,2.3,3883537
13.251,1790929122.151,open,10,5,40.405,0.278,241.0,0,10,0,65,3.44,2.597,3896569
13.262,1790929122.161,open,10,5,40.405,0.278,241.0,0,10,0,65,3.44,2.597,3896569
13.272,1790929122.171,open,10,5,40.405,0.278,241.0,0,10,0,65,3.44,2.597,3896569
13.282,1790929122.182,open,10,5,40.405,0.278,241.0,0,10,0,65,3.44,2.597,3896569
13.292,1790929122.192,open,11,5,40.427,0.253,241.0,0,11,0,65,3.782,2.854,3911049
13.303,1790929122.202,open,11,5,40.427,0.253,241.0,0,11,0,65,3.782,2.854,3911049
13.313,1790929122.213,open,11,5,40.427,0.253,241.0,0,11,0,65,3.782,2.854,3911049
13.323,1790929122.223,open,11,5,40.427,0.253,241.0,0,11,0,65,3.782,2.854,3911049
13.334,1790929122.233,open,11,5,40.46,0.255,241.0,0,11,0,65,3.779,2.847,3925529
13.344,1790929122.243,open,11,5,40.46,0.255,241.0,0,11,0,65,3.779,2.847,3925529
13.355,1790929122.254,open,11,5,40.46,0.255,241.0,0,11,0,65,3.779,2.847,3925529
13.366,1790929122.265,open,11,5,40.46,0.255,241.0,0,11,0,65,3.779,2.847,3925529
13.376,1790929122.275,recovery,5,5,40.475,0.399,241.0,0,15,1,66,4.121,2.808,3925529
13.386,1790929122.286,recovery,5,5,40.475,0.399,241.0,0,15,1,66,4.121,2.808,3925529
13.396,1790929122.296,recovery,5,5,40.475,0.399,241.0,0,15,1,66,4.121,2.808,3925529
13.406,1790929122.306,recovery,5,5,40.475,0.399,241.0,0,15,1,66,4.121,2.808,3925529
13.417,1790929122.316,open,6,5,40.744,0.559,241.0,0,6,0,66,2.047,1.404,3947249
13.427,1790929122.327,open,6,5,40.744,0.559,241.0,0,6,0,66,2.047,1.404,3947249
13.438,1790929122.337,open,6,5,40.744,0.559,241.0,0,6,0,66,2.047,1.404,3947249
13.448,1790929122.348,open,6,5,40.744,0.559,241.0,0,6,0,66,2.047,1.404,3947249
13.459,1790929122.358,open,7,5,40.871,0.674,241.0,0,7,0,66,2.381,1.698,3955937
13.469,1790929122.368,open,7,5,40.871,0.674,241.0,0,7,0,66,2.381,1.698,3955937
13.479,1790929122.379,open,7,5,40.871,0.674,241.0,0,7,0,66,2.381,1.698,3955937
13.490,1790929122.389,open,7,5,40.871,0.674,241.0,0,7,0,66,2.381,1.698,3955937
13.500,1790929122.400,open,8,5,40.839,0.57,241.0,0,8,0,66,2.723,1.996,3966073
13.511,1790929122.410,open,8,5,40.839,0.57,241.0,0,8,0,66,2.723,1.996,3966073
13.521,1790929122.420,open,8,5,40.839,0.57,241.0,0,8,0,66,2.723,1.996,3966073
13.531,1790929122.430,open,8,5,40.839,0.57,241.0,0,8,0,66,2.723,1.996,3966073
13.541,1790929122.441,open,9,5,40.798,0.511,241.0,0,9,0,66,3.066,2.288,3977657
13.552,1790929122.451,open,9,5,40.798,0.511,241.0,0,9,0,66,3.066,2.288,3977657
13.562,1790929122.462,open,9,5,40.798,0.511,241.0,0,9,0,66,3.066,2.288,3977657
13.573,1790929122.472,open,9,5,40.798,0.511,241.0,0,9,0,66,3.066,2.288,3977657
13.583,1790929122.483,open,10,5,40.789,0.401,241.0,0,10,0,66,3.408,2.56,3990689
13.593,1790929122.493,open,10,5,40.789,0.401,241.0,0,10,0,66,3.408,2.56,3990689
13.604,1790929122.503,open,10,5,40.789,0.401,241.0,0,10,0,66,3.408,2.56,3990689
13.614,1790929122.514,open,10,5,40.789,0.401,241.0,0,10,0,66,3.408,2.56,3990689
13.625,1790929122.524,open,11,5,40.856,0.434,241.0,0,11,0,66,3.743,2.803,4005169
13.635,1790929122.535,open,11,5,40.856,0.434,241.0,0,11,0,66,3.743,2.803,4005169
13.646,1790929122.545,open,11,5,40.856,0.434,241.0,0,11,0,66,3.743,2.803,4005169
13.656,1790929122.556,open,11,5,40.856,0.434,241.0,0,11,0,66,3.743,2.803,4005169
13.667,1790929122.566,open,11,5,40.837,0.362,241.0,0,11,0,66,3.744,2.845,4019649
13.677,1790929122.577,open,11,5,40.837,0.362,241.0,0,11,0,66,3.744,2.845,4019649
13.688,1790929122.587,open,11,5,40.837,0.362,241.0,0,11,0,66,3.744,2.845,4019649
13.698,1790929122.598,open,11,5,40.837,0.362,241.0,0,11,0,66,3.744,2.845,4019649
13.708,1790929122.608,recovery,5,5,40.845,0.547,241.0,0,15,1,67,4.084,2.767,4019649
13.718,1790929122.618,recovery,5,5,40.845,0.547,241.0,0,15,1,67,4.084,2.767,4019649
13.729,1790929122.628,recovery,5,5,40.845,0.547,241.0,0,15,1,67,4.084,2.767,4019649
13.739,1790929122.639,open,5,5,40.739,0.557,241.0,0,5,0,67,1.706,2.867,4035577
13.750,1790929122.649,open,6,5,40.994,0.707,241.0,0,6,0,67,2.035,1.384,4041369
13.760,1790929122.659,open,6,5,40.994,0.707,241.0,0,6,0,67,2.035,1.384,4041369
13.770,1790929122.670,open,6,5,40.994,0.707,241.0,0,6,0,67,2.035,1.384,4041369
13.781,1790929122.680,open,6,5,40.994,0.707,241.0,0,6,0,67,2.035,1.384,4041369
13.791,1790929122.690,open,7,5,41.221,0.985,242.0,0,7,0,67,2.361,1.688,4050057
13.801,1790929122.701,open,7,5,41.221,0.985,242.0,0,7,0,67,2.361,1.688,4050057
13.811,1790929122.711,open,7,5,41.221,0.985,242.0,0,7,0,67,2.361,1.688,4050057
13.822,1790929122.721,open,7,5,41.221,0.985,242.0,0,7,0,67,2.361,1.688,4050057
13.832,1790929122.731,open,8,5,41.113,0.955,242.0,0,8,0,67,2.705,2.009,4060193
13.842,1790929122.742,open,8,5,41.113,0.955,242.0,0,8,0,67,2.705,2.009,4060193
13.852,1790929122.752,open,8,5,41.113,0.955,242.0,0,8,0,67,2.705,2.009,4060193
13.863,1790929122.762,open,9,5,41.025,0.894,242.0,0,9,0,67,3.05,2.294,4071777
13.873,1790929122.773,open,9,5,41.025,0.894,242.0,0,9,0,67,3.05,2.294,4071777
13.884,1790929122.783,open,9,5,41.025,0.894,242.0,0,9,0,67,3.05,2.294,4071777
13.894,1790929122.793,open,9,5,41.025,0.894,242.0,0,9,0,67,3.05,2.294,4071777
13.904,1790929122.804,open,10,5,40.969,0.782,241.0,0,10,0,67,3.393,2.569,4084809
13.914,1790929122.814,open,10,5,40.969,0.782,241.0,0,10,0,67,3.393,2.569,4084809
13.925,1790929122.824,open,10,5,40.969,0.782,241.0,0,10,0,67,3.393,2.569,4084809
13.936,1790929122.835,open,10,5,40.969,0.782,241.0,0,10,0,67,3.393,2.569,4084809
13.946,1790929122.846,open,11,5,40.957,0.609,241.0,0,11,0,67,3.733,2.834,4099289
13.957,1790929122.856,open,11,5,40.957,0.609,241.0,0,11,0,67,3.733,2.834,4099289
13.967,1790929122.867,open,11,5,40.957,0.609,241.0,0,11,0,67,3.733,2.834,4099289
13.977,1790929122.877,open,11,5,40.957,0.609,241.0,0,11,0,67,3.733,2.834,4099289
13.987,1790929122.887,open,11,5,40.907,0.557,241.0,0,11,0,67,3.738,2.856,4113769
13.997,1790929122.897,open,11,5,40.907,0.557,241.0,0,11,0,67,3.738,2.856,4113769
14.007,1790929122.907,open,11,5,40.907,0.557,241.0,0,11,0,67,3.738,2.856,4113769
14.018,1790929122.917,open,11,5,40.907,0.557,241.0,0,11,0,67,3.738,2.856,4113769
14.028,1790929122.927,recovery,5,5,40.613,0.469,241.0,0,15,1,68,4.107,2.856,4113769
14.038,1790929122.937,recovery,5,5,40.613,0.469,241.0,0,15,1,68,4.107,2.856,4113769
14.048,1790929122.947,recovery,5,5,40.613,0.469,241.0,0,15,1,68,4.107,2.856,4113769
14.058,1790929122.958,recovery,5,5,40.613,0.469,241.0,0,15,1,68,4.107,2.856,4113769
14.068,1790929122.968,open,6,5,40.465,0.385,241.0,0,6,0,68,2.061,1.431,4135489
14.078,1790929122.978,open,6,5,40.465,0.385,241.0,0,6,0,68,2.061,1.431,4135489
14.088,1790929122.988,open,6,5,40.465,0.385,241.0,0,6,0,68,2.061,1.431,4135489
14.099,1790929122.999,open,6,5,40.465,0.385,241.0,0,6,0,68,2.061,1.431,4135489
14.109,1790929123.009,open,7,5,40.466,0.292,241.0,0,7,0,68,2.405,1.734,4144177
14.120,1790929123.019,open,7,5,40.466,0.292,241.0,0,7,0,68,2.405,1.734,4144177
14.130,1790929123.029,open,7,5,40.466,0.292,241.0,0,7,0,68,2.405,1.734,4144177
14.140,1790929123.039,open,7,5,40.466,0.292,241.0,0,7,0,68,2.405,1.734,4144177
14.150,1790929123.049,open,8,5,40.423,0.293,241.0,0,8,0,68,2.751,2.021,4154313
14.160,1790929123.060,open,8,5,40.423,0.293,241.0,0,8,0,68,2.751,2.021,4154313
14.170,1790929123.070,open,8,5,40.423,0.293,241.0,0,8,0,68,2.751,2.021,4154313
14.180,1790929123.080,open,8,5,40.423,0.293,241.0,0,8,0,68,2.751,2.021,4154313
14.190,1790929123.090,open,9,5,40.386,0.293,241.0,0,9,0,68,3.098,2.31,4165897
14.200,1790929123.100,open,9,5,40.386,0.293,241.0,0,9,0,68,3.098,2.31,4165897
14.211,1790929123.110,open,9,5,40.386,0.293,241.0,0,9,0,68,3.098,2.31,4165897
14.221,1790929123.120,open,9,5,40.386,0.293,241.0,0,9,0,68,3.098,2.31,4165897
14.231,1790929123.130,open,10,5,40.354,0.282,241.0,0,10,0,68,3.445,2.597,4178929
14.241,1790929123.141,open,10,5,40.354,0.282,241.0,0,10,0,68,3.445,2.597,4178929
14.251,1790929123.151,open,10,5,40.354,0.282,241.0,0,10,0,68,3.445,2.597,4178929
14.261,1790929123.161,open,10,5,40.354,0.282,241.0,0,10,0,68,3.445,2.597,4178929
14.271,1790929123.171,open,11,5,40.328,0.264,241.0,0,11,0,68,3.792,2.886,4193409
14.282,1790929123.181,open,11,5,40.328,0.264,241.0,0,11,0,68,3.792,2.886,4193409
14.292,1790929123.191,open,11,5,40.328,0.264,241.0,0,11,0,68,3.792,2.886,4193409
14.302,1790929123.201,open,11,5,40.328,0.264,241.0,0,11,0,68,3.792,2.886,4193409
14.312,1790929123.211,open,11,5,40.304,0.247,241.0,0,11,0,68,3.794,2.886,4207889
14.322,1790929123.222,open,11,5,40.304,0.247,241.0,0,11,0,68,3.794,2.886,4207889
14.332,1790929123.232,open,11,5,40.304,0.247,241.0,0,11,0,68,3.794,2.886,4207889
14.342,1790929123.242,open,11,5,40.304,0.247,241.0,0,11,0,68,3.794,2.886,4207889
14.352,1790929123.252,recovery,5,5,40.218,0.184,241.0,0,15,1,69,4.148,2.885,4207889
14.362,1790929123.262,recovery,5,5,40.218,0.184,241.0,0,15,1,69,4.148,2.885,4207889
14.373,1790929123.272,recovery,5,5,40.218,0.184,241.0,0,15,1,69,4.148,2.885,4207889
14.383,1790929123.282,recovery,5,5,40.218,0.184,241.0,0,15,1,69,4.148,2.885,4207889
14.393,1790929123.292,open,6,5,40.258,0.289,241.0,0,6,0,69,2.072,1.443,4229609
14.403,1790929123.302,open,6,5,40.258,0.289,241.0,0,6,0,69,2.072,1.443,4229609
14.413,1790929123.313,open,6,5,40.258,0.289,241.0,0,6,0,69,2.072,1.443,4229609
14.423,1790929123.323,open,6,5,40.258,0.289,241.0,0,6,0,69,2.072,1.443,4229609
14.433,1790929123.333,open,7,5,40.214,0.24,241.0,0,7,0,69,2.42,1.735,4238297
14.443,1790929123.343,open,7,5,40.214,0.24,241.0,0,7,0,69,2.42,1.735,4238297
14.453,1790929123.353,open,7,5,40.214,0.24,241.0,0,7,0,69,2.42,1.735,4238297
14.463,1790929123.363,open,7,5,40.214,0.24,241.0,0,7,0,69,2.42,1.735,4238297
14.474,1790929123.373,open,8,5,40.197,0.215,241.0,0,8,0,69,2.767,2.024,4248433
14.484,1790929123.383,open,8,5,40.197,0.215,241.0,0,8,0,69,2.767,2.024,4248433
14.494,1790929123.394,open,8,5,40.197,0.215,241.0,0,8,0,69,2.767,2.024,4248433
14.504,1790929123.404,open,8,5,40.197,0.215,241.0,0,8,0,69,2.767,2.024,4248433
14.515,1790929123.415,open,9,5,40.261,0.29,241.0,0,9,0,69,3.107,2.276,4260017
14.525,1790929123.425,open,9,5,40.261,0.29,241.0,0,9,0,69,3.107,2.276,4260017
14.535,1790929123.435,open,9,5,40.261,0.29,241.0,0,9,0,69,3.107,2.276,4260017
14.546,1790929123.445,open,9,5,40.261,0.29,241.0,0,9,0,69,3.107,2.276,4260017
14.556,1790929123.456,open,10,5,40.434,0.564,241.0,0,10,0,69,3.438,2.503,4273049
14.566,1790929123.466,open,10,5,40.434,0.564,241.0,0,10,0,69,3.438,2.503,4273049
14.577,1790929123.477,open,10,5,40.434,0.564,241.0,0,10,0,69,3.438,2.503,4273049
14.588,1790929123.487,open,10,5,40.434,0.564,241.0,0,10,0,69,3.438,2.503,4273049
14.598,1790929123.498,open,11,5,40.448,0.45,241.0,0,11,0,69,3.78,2.857,4287529
14.609,1790929123.508,open,11,5,40.448,0.45,241.0,0,11,0,69,3.78,2.857,4287529
14.620,1790929123.519,open,11,5,40.448,0.45,241.0,0,11,0,69,3.78,2.857,4287529
14.631,1790929123.530,open,11,5,40.553,0.549,241.0,0,11,0,69,3.771,2.805,4302009
14.641,1790929123.541,open,11,5,40.553,0.549,241.0,0,11,0,69,3.771,2.805,4302009
14.652,1790929123.551,open,11,5,40.553,0.549,241.0,0,11,0,69,3.771,2.805,4302009
14.662,1790929123.562,open,11,5,40.553,0.549,241.0,0,11,0,69,3.771,2.805,4302009
14.672,1790929123.572,recovery,5,5,40.564,0.499,241.0,0,15,1,70,4.112,2.802,4302009
14.683,1790929123.582,recovery,5,5,40.564,0.499,241.0,0,15,1,70,4.112,2.802,4302009
14.693,1790929123.592,recovery,5,5,40.564,0.499,241.0,0,15,1,70,4.112,2.802,4302009
14.703,1790929123.603,recovery,5,5,40.564,0.499,241.0,0,15,1,70,4.112,2.802,4302009
14.713,1790929123.613,open,6,5,40.876,0.685,241.0,0,6,0,70,2.04,1.401,4323729
14.724,1790929123.623,open,6,5,40.876,0.685,241.0,0,6,0,70,2.04,1.401,4323729
14.734,1790929123.634,open,6,5,40.876,0.685,241.0,0,6,0,70,2.04,1.401,4323729
14.744,1790929123.644,open,6,5,40.876,0.685,241.0,0,6,0,70,2.04,1.401,4323729
14.754,1790929123.654,open,7,5,41.066,0.893,242.0,0,7,0,70,2.369,1.685,4332417
14.765,1790929123.665,open,7,5,41.066,0.893,242.0,0,7,0,70,2.369,1.685,4332417
14.775,1790929123.675,open,7,5,41.066,0.893,242.0,0,7,0,70,2.369,1.685,4332417
14.786,1790929123.686,open,7,5,41.066,0.893,242.0,0,7,0,70,2.369,1.685,4332417
14.796,1790929123.696,open,8,5,40.949,0.895,241.0,0,8,0,70,2.716,2.02,4342553
14.807,1790929123.706,open,8,5,40.949,0.895,241.0,0,8,0,70,2.716,2.02,4342553
14.817,1790929123.717,open,8,5,40.949,0.895,241.0,0,8,0,70,2.716,2.02,4342553
14.828,1790929123.727,open,8,5,40.949,0.895,241.0,0,8,0,70,2.716,2.02,4342553
14.838,1790929123.738,open,9,5,40.893,0.784,241.0,0,9,0,70,3.059,2.288,4354137
14.848,1790929123.748,open,9,5,40.893,0.784,241.0,0,9,0,70,3.059,2.288,4354137
14.859,1790929123.758,open,9,5,40.893,0.784,241.0,0,9,0,70,3.059,2.288,4354137
14.869,1790929123.769,open,9,5,40.893,0.784,241.0,0,9,0,70,3.059,2.288,4354137
14.879,1790929123.779,open,10,5,40.833,0.707,241.0,0,10,0,70,3.404,2.58,4367169
14.889,1790929123.789,open,10,5,40.833,0.707,241.0,0,10,0,70,3.404,2.58,4367169
14.899,1790929123.799,open,10,5,40.833,0.707,241.0,0,10,0,70,3.404,2.58,4367169
14.910,1790929123.810,open,10,5,40.833,0.707,241.0,0,10,0,70,3.404,2.58,4367169
14.920,1790929123.820,open,11,5,40.747,0.703,241.0,0,11,0,70,3.753,2.886,4381649
14.931,1790929123.830,open,11,5,40.747,0.703,241.0,0,11,0,70,3.753,2.886,4381649
14.941,1790929123.841,open,11,5,40.747,0.703,241.0,0,11,0,70,3.753,2.886,4381649
14.952,1790929123.851,open,11,5,40.747,0.703,241.0,0,11,0,70,3.753,2.886,4381649
14.962,1790929123.862,open,11,5,40.798,0.628,241.0,0,11,0,70,3.748,2.815,4396129
14.973,1790929123.872,open,11,5,40.798,0.628,241.0,0,11,0,70,3.748,2.815,4396129
14.983,1790929123.883,open,11,5,40.798,0.628,241.0,0,11,0,70,3.748,2.815,4396129
14.994,1790929123.893,open,11,5,40.798,0.628,241.0,0,11,0,70,3.748,2.815,4396129
15.004,1790929123.904,recovery,5,5,40.998,0.614,241.0,0,15,1,71,4.069,2.728,4396129
15.015,1790929123.914,recovery,5,5,40.998,0.614,241.0,0,15,1,71,4.069,2.728,4396129
15.025,1790929123.925,recovery,5,5,40.998,0.614,241.0,0,15,1,71,4.069,2.728,4396129
15.036,1790929123.935,recovery,5,5,40.998,0.614,241.0,0,15,1,71,4.069,2.728,4396129
15.047,1790929123.946,open,6,5,41.106,0.627,242.0,0,6,0,71,2.029,1.364,4417849
15.058,1790929123.957,open,6,5,41.106,0.627,242.0,0,6,0,71,2.029,1.364,4417849
15.068,1790929123.967,open,6,5,41.106,0.627,242.0,0,6,0,71,2.029,1.364,4417849
15.078,1790929123.977,open,6,5,41.106,0.627,242.0,0,6,0,71,2.029,1.364,4417849
15.088,1790929123.988,open,7,5,41.144,0.546,242.0,0,7,0,71,2.365,1.708,4426537
15.098,1790929123.998,open,7,5,41.144,0.546,242.0,0,7,0,71,2.365,1.708,4426537
15.109,1790929124.008,open,7,5,41.144,0.546,242.0,0,7,0,71,2.365,1.708,4426537
15.119,1790929124.018,open,7,5,41.144,0.546,242.0,0,7,0,71,2.365,1.708,4426537
15.129,1790929124.028,open,8,5,41.025,0.559,242.0,0,8,0,71,2.711,2.018,4436673
15.139,1790929124.039,open,8,5,41.025,0.559,242.0,0,8,0,71,2.711,2.018,4436673
15.150,1790929124.049,open,8,5,41.025,0.559,242.0,0,8,0,71,2.711,2.018,4436673
15.160,1790929124.059,open,8,5,41.025,0.559,242.0,0,8,0,71,2.711,2.018,4436673
15.170,1790929124.070,open,9,5,40.938,0.563,241.0,0,9,0,71,3.056,2.298,4448257
15.181,1790929124.081,open,9,5,40.938,0.563,241.0,0,9,0,71,3.056,2.298,4448257
15.192,1790929124.091,open,9,5,40.938,0.563,241.0,0,9,0,71,3.056,2.298,4448257
15.202,1790929124.101,open,10,5,40.923,0.453,241.0,0,10,0,71,3.397,2.554,4461289
15.212,1790929124.112,open,10,5,40.923,0.453,241.0,0,10,0,71,3.397,2.554,4461289
15.223,1790929124.123,open,10,5,40.923,0.453,241.0,0,10,0,71,3.397,2.554,4461289
15.234,1790929124.134,open,10,5,40.923,0.453,241.0,0,10,0,71,3.397,2.554,4461289
15.244,1790929124.144,open,11,5,40.941,0.376,241.0,0,11,0,71,3.735,2.821,4475769
15.254,1790929124.154,open,11,5,40.941,0.376,241.0,0,11,0,71,3.735,2.821,4475769
15.264,1790929124.164,open,11,5,40.941,0.376,241.0,0,11,0,71,3.735,2.821,4475769
15.275,1790929124.174,open,11,5,40.941,0.376,241.0,0,11,0,71,3.735,2.821,4475769
15.285,1790929124.185,open,11,5,40.845,0.388,241.0,0,11,0,71,3.744,2.883,4490249
15.296,1790929124.195,open,11,5,40.845,0.388,241.0,0,11,0,71,3.744,2.883,4490249
15.306,1790929124.205,open,11,5,40.845,0.388,241.0,0,11,0,71,3.744,2.883,4490249
15.316,1790929124.215,open,11,5,40.845,0.388,241.0,0,11,0,71,3.744,2.883,4490249
15.326,1790929124.226,recovery,5,5,40.708,0.277,241.0,0,15,1,72,4.098,2.844,4490249
15.336,1790929124.236,recovery,5,5,40.708,0.277,241.0,0,15,1,72,4.098,2.844,4490249
15.347,1790929124.246,recovery,5,5,40.708,0.277,241.0,0,15,1,72,4.098,2.844,4490249
15.357,1790929124.256,recovery,5,5,40.708,0.277,241.0,0,15,1,72,4.098,2.844,4490249
15.367,1790929124.267,open,6,5,40.751,0.224,241.0,0,6,0,72,2.047,1.422,4511969
15.377,1790929124.277,open,6,5,40.751,0.224,241.0,0,6,0,72,2.047,1.422,4511969
15.387,1790929124.287,open,6,5,40.751,0.224,241.0,0,6,0,72,2.047,1.422,4511969
15.398,1790929124.297,open,6,5,40.751,0.224,241.0,0,6,0,72,2.047,1.422,4511969
15.408,1790929124.307,open,7,5,40.732,0.206,241.0,0,7,0,72,2.389,1.713,4520657
15.418,1790929124.318,open,7,5,40.732,0.206,241.0,0,7,0,72,2.389,1.713,4520657
15.428,1790929124.328,open,7,5,40.732,0.206,241.0,0,7,0,72,2.389,1.713,4520657
15.439,1790929124.338,open,7,5,40.732,0.206,241.0,0,7,0,72,2.389,1.713,4520657
15.450,1790929124.349,open,8,5,40.702,0.207,241.0,0,8,0,72,2.732,2.003,4530793
15.460,1790929124.360,open,8,5,40.702,0.207,241.0,0,8,0,72,2.732,2.003,4530793
15.470,1790929124.370,open,8,5,40.702,0.207,241.0,0,8,0,72,2.732,2.003,4530793
15.481,1790929124.381,open,8,5,40.702,0.207,241.0,0,8,0,72,2.732,2.003,4530793
15.492,1790929124.391,open,9,5,40.798,0.347,241.0,0,9,0,72,3.066,2.235,4542377
15.502,1790929124.401,open,9,5,40.798,0.347,241.0,0,9,0,72,3.066,2.235,4542377
15.512,1790929124.412,open,9,5,40.798,0.347,241.0,0,9,0,72,3.066,2.235,4542377
15.523,1790929124.423,open,9,5,40.798,0.347,241.0,0,9,0,72,3.066,2.235,4542377
15.533,1790929124.433,open,10,5,40.756,0.344,241.0,0,10,0,72,3.411,2.577,4555409
15.543,1790929124.443,open,10,5,40.756,0.344,241.0,0,10,0,72,3.411,2.577,4555409
15.553,1790929124.453,open,10,5,40.756,0.344,241.0,0,10,0,72,3.411,2.577,4555409
15.564,1790929124.464,open,10,5,40.756,0.344,241.0,0,10,0,72,3.411,2.577,4555409
15.574,1790929124.474,open,11,5,40.808,0.362,241.0,0,11,0,72,3.747,2.813,4569889
15.585,1790929124.484,open,11,5,40.808,0.362,241.0,0,11,0,72,3.747,2.813,4569889
15.595,1790929124.495,open,11,5,40.808,0.362,241.0,0,11,0,72,3.747,2.813,4569889
15.605,1790929124.505,open,11,5,40.808,0.362,241.0,0,11,0,72,3.747,2.813,4569889
15.615,1790929124.515,open,11,5,40.795,0.297,241.0,0,11,0,72,3.748,2.846,4584369
15.626,1790929124.525,open,11,5,40.795,0.297,241.0,0,11,0,72,3.748,2.846,4584369
15.636,1790929124.536,open,11,5,40.795,0.297,241.0,0,11,0,72,3.748,2.846,4584369
15.646,1790929124.546,open,11,5,40.795,0.297,241.0,0,11,0,72,3.748,2.846,4584369
15.658,1790929124.557,recovery,5,5,40.824,0.597,241.0,0,15,1,73,4.086,2.75,4584369
15.668,1790929124.567,recovery,5,5,40.824,0.597,241.0,0,15,1,73,4.086,2.75,4584369
15.678,1790929124.578,recovery,5,5,40.824,0.597,241.0,0,15,1,73,4.086,2.75,4584369
15.689,1790929124.588,recovery,5,5,40.824,0.597,241.0,0,15,1,73,4.086,2.75,4584369
15.699,1790929124.598,open,6,5,41.237,0.82,242.0,0,6,0,73,2.023,1.375,4606089
15.709,1790929124.609,open,6,5,41.237,0.82,242.0,0,6,0,73,2.023,1.375,4606089
15.720,1790929124.619,open,6,5,41.237,0.82,242.0,0,6,0,73,2.023,1.375,4606089
15.731,1790929124.630,open,6,5,41.237,0.82,242.0,0,6,0,73,2.023,1.375,4606089
15.741,1790929124.640,open,7,5,41.346,0.833,242.0,0,7,0,73,2.353,1.684,4614777
15.751,1790929124.651,open,7,5,41.346,0.833,242.0,0,7,0,73,2.353,1.684,4614777
15.762,1790929124.661,open,7,5,41.346,0.833,242.0,0,7,0,73,2.353,1.684,4614777
15.773,1790929124.672,open,7,5,41.346,0.833,242.0,0,7,0,73,2.353,1.684,4614777
15.783,1790929124.683,open,8,5,41.331,0.656,242.0,0,8,0,73,2.691,1.967,4624913
15.794,1790929124.694,open,8,5,41.331,0.656,242.0,0,8,0,73,2.691,1.967,4624913
15.804,1790929124.704,open,8,5,41.331,0.656,242.0,0,8,0,73,2.691,1.967,4624913
15.814,1790929124.714,open,9,5,41.197,0.669,242.0,0,9,0,73,3.037,2.302,4636497
15.825,1790929124.725,open,9,5,41.197,0.669,242.0,0,9,0,73,3.037,2.302,4636497
15.836,1790929124.735,open,9,5,41.197,0.669,242.0,0,9,0,73,3.037,2.302,4636497
15.846,1790929124.745,open,9,5,41.197,0.669,242.0,0,9,0,73,3.037,2.302,4636497
15.856,1790929124.756,open,10,5,41.114,0.669,242.0,0,10,0,73,3.381,2.572,4649529
15.867,1790929124.766,open,10,5,41.114,0.669,242.0,0,10,0,73,3.381,2.572,4649529
15.877,1790929124.777,open,10,5,41.114,0.669,242.0,0,10,0,73,3.381,2.572,4649529
15.887,1790929124.787,open,10,5,41.114,0.669,242.0,0,10,0,73,3.381,2.572,4649529
15.898,1790929124.797,open,11,5,41.11,0.508,242.0,0,11,0,73,3.719,2.819,4664009
15.908,1790929124.808,open,11,5,41.11,0.508,242.0,0,11,0,73,3.719,2.819,4664009
15.918,1790929124.818,open,11,5,41.11,0.508,242.0,0,11,0,73,3.719,2.819,4664009
15.929,1790929124.828,open,11,5,41.11,0.508,242.0,0,11,0,73,3.719,2.819,4664009
15.939,1790929124.839,open,11,5,41.124,0.409,242.0,0,11,0,73,3.718,2.81,4678489
15.950,1790929124.850,open,11,5,41.124,0.409,242.0,0,11,0,73,3.718,2.81,4678489
15.961,1790929124.860,open,11,5,41.124,0.409,242.0,0,11,0,73,3.718,2.81,4678489
15.971,1790929124.871,open,11,5,41.124,0.409,242.0,0,11,0,73,3.718,2.81,4678489
15.981,1790929124.881,recovery,5,5,40.725,0.454,241.0,0,15,1,74,4.096,2.809,4678489
15.992,1790929124.891,recovery,5,5,40.725,0.454,241.0,0,15,1,74,4.096,2.809,4678489
16.002,1790929124.902,recovery,5,5,40.725,0.454,241.0,0,15,1,74,4.096,2.809,4678489
16.012,1790929124.912,recovery,5,5,40.725,0.454,241.0,0,15,1,74,4.096,2.809,4678489
16.022,1790929124.922,open,6,5,40.768,0.325,241.0,0,6,0,74,2.046,1.421,4700209
16.033,1790929124.932,open,6,5,40.768,0.325,241.0,0,6,0,74,2.046,1.421,4700209
16.043,1790929124.942,open,6,5,40.768,0.325,241.0,0,6,0,74,2.046,1.421,4700209
16.053,1790929124.953,open,6,5,40.768,0.325,241.0,0,6,0,74,2.046,1.421,4700209
16.063,1790929124.963,open,7,5,40.702,0.331,241.0,0,7,0,74,2.391,1.706,4708897
16.074,1790929124.973,open,7,5,40.702,0.331,241.0,0,7,0,74,2.391,1.706,4708897
16.084,1790929124.983,open,7,5,40.702,0.331,241.0,0,7,0,74,2.391,1.706,4708897
16.094,1790929124.993,open,7,5,40.702,0.331,241.0,0,7,0,74,2.391,1.706,4708897
16.104,1790929125.003,open,8,5,40.626,0.339,241.0,0,8,0,74,2.737,2.022,4719033
16.114,1790929125.014,open,8,5,40.626,0.339,241.0,0,8,0,74,2.737,2.022,4719033
16.124,1790929125.024,open,8,5,40.626,0.339,241.0,0,8,0,74,2.737,2.022,4719033
16.134,1790929125.034,open,8,5,40.626,0.339,241.0,0,8,0,74,2.737,2.022,4719033
16.145,1790929125.044,open,9,5,40.56,0.345,241.0,0,9,0,74,3.084,2.311,4730617
16.155,1790929125.054,open,9,5,40.56,0.345,241.0,0,9,0,74,3.084,2.311,4730617
16.165,1790929125.064,open,9,5,40.56,0.345,241.0,0,9,0,74,3.084,2.311,4730617
16.175,1790929125.074,open,9,5,40.56,0.345,241.0,0,9,0,74,3.084,2.311,4730617
16.185,1790929125.085,open,10,5,40.5,0.35,241.0,0,10,0,74,3.432,2.601,4743649
16.195,1790929125.095,open,10,5,40.5,0.35,241.0,0,10,0,74,3.432,2.601,4743649
16.205,1790929125.105,open,10,5,40.5,0.35,241.0,0,10,0,74,3.432,2.601,4743649
16.215,1790929125.115,open,10,5,40.5,0.35,241.0,0,10,0,74,3.432,2.601,4743649
16.225,1790929125.125,open,11,5,40.527,0.316,241.0,0,11,0,74,3.773,2.845,4758129
16.236,1790929125.135,open,11,5,40.527,0.316,241.0,0,11,0,74,3.773,2.845,4758129
16.246,1790929125.145,open,11,5,40.527,0.316,241.0,0,11,0,74,3.773,2.845,4758129
16.256,1790929125.155,open,11,5,40.527,0.316,241.0,0,11,0,74,3.773,2.845,4758129
16.266,1790929125.166,open,11,5,40.47,0.321,241.0,0,11,0,74,3.778,2.891,4772609
16.276,1790929125.176,open,11,5,40.47,0.321,241.0,0,11,0,74,3.778,2.891,4772609
16.286,1790929125.186,open,11,5,40.47,0.321,241.0,0,11,0,74,3.778,2.891,4772609
16.296,1790929125.196,open,11,5,40.47,0.321,241.0,0,11,0,74,3.778,2.891,4772609
16.306,1790929125.206,recovery,5,5,40.411,0.38,241.0,0,15,1,75,4.128,2.831,4772609
16.316,1790929125.216,recovery,5,5,40.411,0.38,241.0,0,15,1,75,4.128,2.831,4772609
16.327,1790929125.226,recovery,5,5,40.411,0.38,241.0,0,15,1,75,4.128,2.831,4772609
16.337,1790929125.236,recovery,5,5,40.411,0.38,241.0,0,15,1,75,4.128,2.831,4772609
16.347,1790929125.246,open,6,5,40.374,0.401,241.0,0,6,0,75,2.066,1.416,4794329
16.357,1790929125.256,open,6,5,40.374,0.401,241.0,0,6,0,75,2.066,1.416,4794329
16.367,1790929125.267,open,6,5,40.374,0.401,241.0,0,6,0,75,2.066,1.416,4794329
16.377,1790929125.277,open,6,5,40.374,0.401,241.0,0,6,0,75,2.066,1.416,4794329
16.387,1790929125.287,open,7,5,40.441,0.434,241.0,0,7,0,75,2.406,1.735,4803017
16.397,1790929125.297,open,7,5,40.441,0.434,241.0,0,7,0,75,2.406,1.735,4803017
16.407,1790929125.307,open,7,5,40.441,0.434,241.0,0,7,0,75,2.406,1.735,4803017
16.418,1790929125.317,open,7,5,40.441,0.434,241.0,0,7,0,75,2.406,1.735,4803017
16.428,1790929125.327,open,8,5,40.399,0.409,241.0,0,8,0,75,2.753,2.022,4813153
16.438,1790929125.337,open,8,5,40.399,0.409,241.0,0,8,0,75,2.753,2.022,4813153
16.448,1790929125.347,open,8,5,40.399,0.409,241.0,0,8,0,75,2.753,2.022,4813153
16.458,1790929125.358,open,8,5,40.399,0.409,241.0,0,8,0,75,2.753,2.022,4813153
16.468,1790929125.368,open,9,5,40.357,0.389,241.0,0,9,0,75,3.1,2.313,4824737
16.478,1790929125.378,open,9,5,40.357,0.389,241.0,0,9,0,75,3.1,2.313,4824737
16.488,1790929125.388,open,9,5,40.357,0.389,241.0,0,9,0,75,3.1,2.313,4824737
16.499,1790929125.398,open,9,5,40.357,0.389,241.0,0,9,0,75,3.1,2.313,4824737
16.509,1790929125.409,open,10,5,40.358,0.292,241.0,0,10,0,75,3.444,2.583,4837769
16.519,1790929125.419,open,10,5,40.358,0.292,241.0,0,10,0,75,3.444,2.583,4837769
16.530,1790929125.429,open,10,5,40.358,0.292,241.0,0,10,0,75,3.444,2.583,4837769
16.540,1790929125.440,open,10,5,40.358,0.292,241.0,0,10,0,75,3.444,2.583,4837769
16.551,1790929125.450,open,11,5,40.386,0.276,241.0,0,11,0,75,3.786,2.854,4852249
16.561,1790929125.460,open,11,5,40.386,0.276,241.0,0,11,0,75,3.786,2.854,4852249
16.571,1790929125.471,open,11,5,40.386,0.276,241.0,0,11,0,75,3.786,2.854,4852249
16.582,1790929125.482,open,11,5,40.385,0.209,241.0,0,11,0,75,3.786,2.869,4866729
16.592,1790929125.492,open,11,5,40.385,0.209,241.0,0,11,0,75,3.786,2.869,4866729
16.603,1790929125.502,open,11,5,40.385,0.209,241.0,0,11,0,75,3.786,2.869,4866729
16.613,1790929125.512,open,11,5,40.385,0.209,241.0,0,11,0,75,3.786,2.869,4866729
16.623,1790929125.523,recovery,9,5,40.394,0.102,241.0,0,12,1,76,3.785,0.859,4866729
16.633,1790929125.533,recovery,5,5,40.597,0.483,241.0,0,15,1,76,4.109,2.755,4866729
16.643,1790929125.543,recovery,5,5,40.597,0.483,241.0,0,15,1,76,4.109,2.755,4866729
16.653,1790929125.553,recovery,5,5,40.597,0.483,241.0,0,15,1,76,4.109,2.755,4866729
16.664,1790929125.563,open,5,5,40.523,0.487,241.0,0,5,0,76,1.715,2.863,4882657
16.674,1790929125.573,open,6,5,40.641,0.628,241.0,0,6,0,76,2.052,1.378,4888449
16.684,1790929125.583,open,6,5,40.641,0.628,241.0,0,6,0,76,2.052,1.378,4888449
16.694,1790929125.594,open,6,5,40.641,0.628,241.0,0,6,0,76,2.052,1.378,4888449
16.705,1790929125.604,open,7,5,40.786,0.763,241.0,0,7,0,76,2.386,1.722,4897137
16.715,1790929125.614,open,7,5,40.786,0.763,241.0,0,7,0,76,2.386,1.722,4897137
16.725,1790929125.625,open,7,5,40.786,0.763,241.0,0,7,0,76,2.386,1.722,4897137
16.735,1790929125.635,open,7,5,40.786,0.763,241.0,0,7,0,76,2.386,1.722,4897137
16.745,1790929125.645,open,8,5,40.72,0.705,241.0,0,8,0,76,2.731,2.014,4907273
16.756,1790929125.655,open,8,5,40.72,0.705,241.0,0,8,0,76,2.731,2.014,4907273
16.766,1790929125.666,open,8,5,40.72,0.705,241.0,0,8,0,76,2.731,2.014,4907273
16.777,1790929125.676,open,8,5,40.72,0.705,241.0,0,8,0,76,2.731,2.014,4907273
16.787,1790929125.686,open,9,5,40.655,0.658,241.0,0,9,0,76,3.077,2.305,4918857
16.797,1790929125.697,open,9,5,40.655,0.658,241.0,0,9,0,76,3.077,2.305,4918857
16.807,1790929125.707,open,9,5,40.655,0.658,241.0,0,9,0,76,3.077,2.305,4918857
16.817,1790929125.717,open,9,5,40.655,0.658,241.0,0,9,0,76,3.077,2.305,4918857
16.828,1790929125.727,open,10,5,40.607,0.59,241.0,0,10,0,76,3.423,2.589,4931889
16.839,1790929125.738,open,10,5,40.607,0.59,241.0,0,10,0,76,3.423,2.589,4931889
16.849,1790929125.748,open,10,5,40.607,0.59,241.0,0,10,0,76,3.423,2.589,4931889
16.859,1790929125.759,open,10,5,40.607,0.59,241.0,0,10,0,76,3.423,2.589,4931889
16.869,1790929125.769,open,11,5,40.616,0.461,241.0,0,11,0,76,3.765,2.848,4946369
16.880,1790929125.780,open,11,5,40.616,0.461,241.0,0,11,0,76,3.765,2.848,4946369
16.891,1790929125.790,open,11,5,40.616,0.461,241.0,0,11,0,76,3.765,2.848,4946369
16.902,1790929125.801,open,11,5,40.616,0.461,241.0,0,11,0,76,3.765,2.848,4946369
16.912,1790929125.812,open,11,5,40.636,0.387,241.0,0,11,0,76,3.763,2.841,4960849
16.922,1790929125.822,open,11,5,40.636,0.387,241.0,0,11,0,76,3.763,2.841,4960849
16.932,1790929125.832,open,11,5,40.636,0.387,241.0,0,11,0,76,3.763,2.841,4960849
16.943,1790929125.842,open,11,5,40.636,0.387,241.0,0,11,0,76,3.763,2.841,4960849
16.953,1790929125.853,recovery,5,5,40.834,0.449,241.0,0,15,1,77,4.085,2.78,4960849
16.964,1790929125.864,recovery,5,5,40.834,0.449,241.0,0,15,1,77,4.085,2.78,4960849
16.975,1790929125.875,recovery,5,5,40.834,0.449,241.0,0,15,1,77,4.085,2.78,4960849
16.985,1790929125.885,recovery,5,5,40.834,0.449,241.0,0,15,1,77,4.085,2.78,4960849
16.996,1790929125.895,open,6,5,40.951,0.379,241.0,0,6,0,77,2.037,1.39,4982569
17.006,1790929125.906,open,6,5,40.951,0.379,241.0,0,6,0,77,2.037,1.39,4982569
17.017,1790929125.916,open,6,5,40.951,0.379,241.0,0,6,0,77,2.037,1.39,4982569
17.027,1790929125.927,open,6,5,40.951,0.379,241.0,0,6,0,77,2.037,1.39,4982569
17.038,1790929125.937,open,7,5,41.22,0.823,242.0,0,7,0,77,2.361,1.655,4991257
17.048,1790929125.948,open,7,5,41.22,0.823,242.0,0,7,0,77,2.361,1.655,4991257
17.058,1790929125.958,open,7,5,41.22,0.823,242.0,0,7,0,77,2.361,1.655,4991257
17.069,1790929125.968,open,7,5,41.22,0.823,242.0,0,7,0,77,2.361,1.655,4991257
17.079,1790929125.978,open,8,5,41.193,0.672,242.0,0,8,0,77,2.7,1.978,5001393
17.089,1790929125.988,open,8,5,41.193,0.672,242.0,0,8,0,77,2.7,1.978,5001393
17.100,1790929125.999,open,8,5,41.193,0.672,242.0,0,8,0,77,2.7,1.978,5001393
17.110,1790929126.010,open,8,5,41.193,0.672,242.0,0,8,0,77,2.7,1.978,5001393
17.120,1790929126.020,open,9,5,41.066,0.682,242.0,0,9,0,77,3.046,2.306,5012977
17.131,1790929126.030,open,9,5,41.066,0.682,242.0,0,9,0,77,3.046,2.306,5012977
17.141,1790929126.041,open,9,5,41.066,0.682,242.0,0,9,0,77,3.046,2.306,5012977
17.151,1790929126.051,open,9,5,41.066,0.682,242.0,0,9,0,77,3.046,2.306,5012977
17.162,1790929126.061,open,10,5,40.998,0.65,241.0,0,10,0,77,3.391,2.573,5026009
17.172,1790929126.071,open,10,5,40.998,0.65,241.0,0,10,0,77,3.391,2.573,5026009
17.182,1790929126.082,open,10,5,40.998,0.65,241.0,0,10,0,77,3.391,2.573,5026009
17.192,1790929126.092,open,10,5,40.998,0.65,241.0,0,10,0,77,3.391,2.573,5026009
17.202,1790929126.102,open,11,5,40.891,0.656,241.0,0,11,0,77,3.739,2.886,5040489
17.213,1790929126.112,open,11,5,40.891,0.656,241.0,0,11,0,77,3.739,2.886,5040489
17.224,1790929126.123,open,11,5,40.891,0.656,241.0,0,11,0,77,3.739,2.886,5040489
17.234,1790929126.134,open,11,5,40.889,0.494,241.0,0,11,0,77,3.74,2.834,5054969
17.245,1790929126.144,open,11,5,40.889,0.494,241.0,0,11,0,77,3.74,2.834,5054969
17.255,1790929126.154,open,11,5,40.889,0.494,241.0,0,11,0,77,3.74,2.834,5054969
17.266,1790929126.165,open,11,5,40.889,0.494,241.0,0,11,0,77,3.74,2.834,5054969
17.276,1790929126.175,recovery,5,5,40.906,0.327,241.0,0,15,1,78,4.078,2.801,5054969
17.286,1790929126.186,recovery,5,5,40.906,0.327,241.0,0,15,1,78,4.078,2.801,5054969
17.297,1790929126.196,recovery,5,5,40.906,0.327,241.0,0,15,1,78,4.078,2.801,5054969
17.307,1790929126.206,recovery,5,5,40.906,0.327,241.0,0,15,1,78,4.078,2.801,5054969
17.317,1790929126.216,open,6,5,40.801,0.266,241.0,0,6,0,78,2.044,1.4,5076689
17.328,1790929126.227,open,6,5,40.801,0.266,241.0,0,6,0,78,2.044,1.4,5076689
17.338,1790929126.238,open,6,5,40.801,0.266,241.0,0,6,0,78,2.044,1.4,5076689
17.349,1790929126.248,open,6,5,40.801,0.266,241.0,0,6,0,78,2.044,1.4,5076689
17.359,1790929126.259,open,7,5,40.853,0.303,241.0,0,7,0,78,2.382,1.696,5085377
17.370,1790929126.270,open,7,5,40.853,0.303,241.0,0,7,0,78,2.382,1.696,5085377
17.380,1790929126.280,open,7,5,40.853,0.303,241.0,0,7,0,78,2.382,1.696,5085377
17.390,1790929126.290,open,7,5,40.853,0.303,241.0,0,7,0,78,2.382,1.696,5085377
17.400,1790929126.300,open,8,5,40.763,0.316,241.0,0,8,0,78,2.728,2.021,5095513
17.411,1790929126.310,open,8,5,40.763,0.316,241.0,0,8,0,78,2.728,2.021,5095513
17.421,1790929126.321,open,8,5,40.763,0.316,241.0,0,8,0,78,2.728,2.021,5095513
17.432,1790929126.332,open,8,5,40.763,0.316,241.0,0,8,0,78,2.728,2.021,5095513
17.443,1790929126.342,open,9,5,40.807,0.325,241.0,0,9,0,78,3.066,2.254,5107097
17.453,1790929126.353,open,9,5,40.807,0.325,241.0,0,9,0,78,3.066,2.254,5107097
17.464,1790929126.363,open,9,5,40.807,0.325,241.0,0,9,0,78,3.066,2.254,5107097
17.474,1790929126.374,open,9,5,40.807,0.325,241.0,0,9,0,78,3.066,2.254,5107097
17.484,1790929126.384,open,10,5,40.873,0.376,241.0,0,10,0,78,3.401,2.522,5120129
17.495,1790929126.395,open,10,5,40.873,0.376,241.0,0,10,0,78,3.401,2.522,5120129
17.505,1790929126.405,open,10,5,40.873,0.376,241.0,0,10,0,78,3.401,2.522,5120129
17.516,1790929126.415,open,10,5,40.873,0.376,241.0,0,10,0,78,3.401,2.522,5120129
17.526,1790929126.426,open,11,5,40.828,0.372,241.0,0,11,0,78,3.745,2.859,5134609
17.537,1790929126.436,open,11,5,40.828,0.372,241.0,0,11,0,78,3.745,2.859,5134609
17.547,1790929126.447,open,11,5,40.828,0.372,241.0,0,11,0,78,3.745,2.859,5134609
17.557,1790929126.457,open,11,5,40.828,0.372,241.0,0,11,0,78,3.745,2.859,5134609
17.568,1790929126.468,open,11,5,40.831,0.284,241.0,0,11,0,78,3.745,2.836,5149089
17.579,1790929126.478,open,11,5,40.831,0.284,241.0,0,11,0,78,3.745,2.836,5149089
17.589,1790929126.489,open,11,5,40.831,0.284,241.0,0,11,0,78,3.745,2.836,5149089
17.599,1790929126.499,open,11,5,40.831,0.284,241.0,0,11,0,78,3.745,2.836,5149089
17.610,1790929126.510,recovery,5,5,40.723,0.228,241.0,0,15,1,79,4.096,2.835,5149089
17.621,1790929126.521,recovery,5,5,40.723,0.228,241.0,0,15,1,79,4.096,2.835,5149089
17.631,1790929126.531,recovery,5,5,40.723,0.228,241.0,0,15,1,79,4.096,2.835,5149089
17.641,1790929126.541,recovery,5,5,40.723,0.228,241.0,0,15,1,79,4.096,2.835,5149089
17.652,1790929126.552,open,6,5,40.576,0.25,241.0,0,6,0,79,2.055,1.427,5170809
17.662,1790929126.562,open,6,5,40.576,0.25,241.0,0,6,0,79,2.055,1.427,5170809
17.673,1790929126.572,open,6,5,40.576,0.25,241.0,0,6,0,79,2.055,1.427,5170809
17.684,1790929126.584,open,7,5,40.588,0.209,241.0,0,7,0,79,2.397,1.71,5179497
17.695,1790929126.594,open,7,5,40.588,0.209,241.0,0,7,0,79,2.397,1.71,5179497
17.705,1790929126.604,open,7,5,40.588,0.209,241.0,0,7,0,79,2.397,1.71,5179497
17.716,1790929126.615,open,7,5,40.588,0.209,241.0,0,7,0,79,2.397,1.71,5179497
17.726,1790929126.625,open,8,5,40.633,0.248,241.0,0,8,0,79,2.737,1.98,5189633
17.736,1790929126.636,open,8,5,40.633,0.248,241.0,0,8,0,79,2.737,1.98,5189633
17.747,1790929126.646,open,8,5,40.633,0.248,241.0,0,8,0,79,2.737,1.98,5189633
17.758,1790929126.657,open,8,5,40.633,0.248,241.0,0,8,0,79,2.737,1.98,5189633
17.768,1790929126.668,open,9,5,40.645,0.211,241.0,0,9,0,79,3.078,2.275,5201217
17.778,1790929126.678,open,9,5,40.645,0.211,241.0,0,9,0,79,3.078,2.275,5201217
17.789,1790929126.688,open,9,5,40.645,0.211,241.0,0,9,0,79,3.078,2.275,5201217
17.799,1790929126.699,open,9,5,40.645,0.211,241.0,0,9,0,79,3.078,2.275,5201217
17.809,1790929126.709,open,10,5,40.597,0.216,241.0,0,10,0,79,3.424,2.59,5214249
17.819,1790929126.719,open,10,5,40.597,0.216,241.0,0,10,0,79,3.424,2.59,5214249
17.830,1790929126.730,open,10,5,40.597,0.216,241.0,0,10,0,79,3.424,2.59,5214249
17.840,1790929126.740,open,10,5,40.597,0.216,241.0,0,10,0,79,3.424,2.59,5214249
17.850,1790929126.750,open,11,5,40.609,0.185,241.0,0,11,0,79,3.765,2.847,5228729
17.861,1790929126.760,open,11,5,40.609,0.185,241.0,0,11,0,79,3.765,2.847,5228729
17.871,1790929126.771,open,11,5,40.609,0.185,241.0,0,11,0,79,3.765,2.847,5228729
17.882,1790929126.782,open,11,5,40.609,0.185,241.0,0,11,0,79,3.765,2.847,5228729
17.893,1790929126.792,open,11,5,40.648,0.217,241.0,0,11,0,79,3.762,2.831,5243209
17.904,1790929126.803,open,11,5,40.648,0.217,241.0,0,11,0,79,3.762,2.831,5243209
17.915,1790929126.814,open,11,5,40.648,0.217,241.0,0,11,0,79,3.762,2.831,5243209
17.925,1790929126.825,open,11,5,40.648,0.217,241.0,0,11,0,79,3.762,2.831,5243209
17.936,1790929126.836,recovery,5,5,41.012,0.66,242.0,0,15,1,80,4.067,2.728,5243209
17.946,1790929126.846,recovery,5,5,41.012,0.66,242.0,0,15,1,80,4.067,2.728,5243209
17.957,1790929126.856,recovery,5,5,41.012,0.66,242.0,0,15,1,80,4.067,2.728,5243209
17.967,1790929126.867,recovery,5,5,41.012,0.66,242.0,0,15,1,80,4.067,2.728,5243209
17.978,1790929126.877,open,6,5,41.14,0.569,242.0,0,6,0,80,2.027,1.364,5264929
17.988,1790929126.887,open,6,5,41.14,0.569,242.0,0,6,0,80,2.027,1.364,5264929
17.998,1790929126.898,open,6,5,41.14,0.569,242.0,0,6,0,80,2.027,1.364,5264929
18.008,1790929126.908,open,6,5,41.14,0.569,242.0,0,6,0,80,2.027,1.364,5264929
18.018,1790929126.918,open,7,5,41.27,0.686,242.0,0,7,0,80,2.358,1.697,5273617
18.029,1790929126.928,open,7,5,41.27,0.686,242.0,0,7,0,80,2.358,1.697,5273617
18.039,1790929126.938,open,7,5,41.27,0.686,242.0,0,7,0,80,2.358,1.697,5273617
18.049,1790929126.949,open,7,5,41.27,0.686,242.0,0,7,0,80,2.358,1.697,5273617
18.059,1790929126.959,open,8,5,41.208,0.638,242.0,0,8,0,80,2.699,1.989,5283753
18.070,1790929126.969,open,8,5,41.208,0.638,242.0,0,8,0,80,2.699,1.989,5283753
18.080,1790929126.979,open,8,5,41.208,0.638,242.0,0,8,0,80,2.699,1.989,5283753
18.090,1790929126.990,open,8,5,41.208,0.638,242.0,0,8,0,80,2.699,1.989,5283753
18.100,1790929127.000,open,9,5,41.108,0.643,242.0,0,9,0,80,3.043,2.293,5295337
18.110,1790929127.010,open,9,5,41.108,0.643,242.0,0,9,0,80,3.043,2.293,5295337
18.121,1790929127.020,open,9,5,41.108,0.643,242.0,0,9,0,80,3.043,2.293,5295337
18.131,1790929127.030,open,9,5,41.108,0.643,242.0,0,9,0,80,3.043,2.293,5295337
18.141,1790929127.040,open,10,5,40.98,0.655,241.0,0,10,0,80,3.392,2.601,5308369
18.151,1790929127.050,open,10,5,40.98,0.655,241.0,0,10,0,80,3.392,2.601,5308369
18.161,1790929127.061,open,10,5,40.98,0.655,241.0,0,10,0,80,3.392,2.601,5308369
18.171,1790929127.071,open,10,5,40.98,0.655,241.0,0,10,0,80,3.392,2.601,5308369
18.181,1790929127.081,open,11,5,40.866,0.663,241.0,0,11,0,80,3.742,2.891,5322849
18.191,1790929127.091,open,11,5,40.866,0.663,241.0,0,11,0,80,3.742,2.891,5322849
18.201,1790929127.101,open,11,5,40.866,0.663,241.0,0,11,0,80,3.742,2.891,5322849
18.212,1790929127.111,open,11,5,40.768,0.666,241.0,0,11,0,80,3.751,2.891,5337329
18.222,1790929127.121,open,11,5,40.768,0.666,241.0,0,11,0,80,3.751,2.891,5337329
18.232,1790929127.131,open,11,5,40.768,0.666,241.0,0,11,0,80,3.751,2.891,5337329
18.242,1790929127.141,open,11,5,40.768,0.666,241.0,0,11,0,80,3.751,2.891,5337329
18.252,1790929127.152,recovery,9,5,40.535,0.624,241.0,0,12,1,81,3.772,0.867,5337329
18.262,1790929127.162,recovery,5,5,40.604,0.607,241.0,0,15,1,81,4.108,2.819,5337329
18.272,1790929127.172,recovery,5,5,40.604,0.607,241.0,0,15,1,81,4.108,2.819,5337329
18.282,1790929127.182,recovery,5,5,40.604,0.607,241.0,0,15,1,81,4.108,2.819,5337329
18.293,1790929127.192,open,6,5,40.526,0.578,241.0,0,6,0,81,2.058,1.409,5359049
18.303,1790929127.202,open,6,5,40.526,0.578,241.0,0,6,0,81,2.058,1.409,5359049
18.313,1790929127.212,open,6,5,40.526,0.578,241.0,0,6,0,81,2.058,1.409,5359049
18.323,1790929127.222,open,6,5,40.526,0.578,241.0,0,6,0,81,2.058,1.409,5359049
18.333,1790929127.233,open,7,5,40.594,0.57,241.0,0,7,0,81,2.397,1.736,5367737
18.343,1790929127.243,open,7,5,40.594,0.57,241.0,0,7,0,81,2.397,1.736,5367737
18.353,1790929127.253,open,7,5,40.594,0.57,241.0,0,7,0,81,2.397,1.736,5367737
18.363,1790929127.263,open,7,5,40.594,0.57,241.0,0,7,0,81,2.397,1.736,5367737
18.373,1790929127.273,open,8,5,40.528,0.56,241.0,0,8,0,81,2.744,2.024,5377873
18.384,1790929127.283,open,8,5,40.528,0.56,241.0,0,8,0,81,2.744,2.024,5377873
18.394,1790929127.293,open,8,5,40.528,0.56,241.0,0,8,0,81,2.744,2.024,5377873
18.404,1790929127.303,open,8,5,40.528,0.56,241.0,0,8,0,81,2.744,2.024,5377873
18.414,1790929127.313,open,9,5,40.475,0.526,241.0,0,9,0,81,3.091,2.311,5389457
18.424,1790929127.324,open,9,5,40.475,0.526,241.0,0,9,0,81,3.091,2.311,5389457
18.434,1790929127.334,open,9,5,40.475,0.526,241.0,0,9,0,81,3.091,2.311,5389457
18.444,1790929127.344,open,9,5,40.475,0.526,241.0,0,9,0,81,3.091,2.311,5389457
18.454,1790929127.354,open,10,5,40.429,0.487,241.0,0,10,0,81,3.438,2.6,5402489
18.464,1790929127.364,open,10,5,40.429,0.487,241.0,0,10,0,81,3.438,2.6,5402489
18.474,1790929127.374,open,10,5,40.429,0.487,241.0,0,10,0,81,3.438,2.6,5402489
18.485,1790929127.384,open,10,5,40.429,0.487,241.0,0,10,0,81,3.438,2.6,5402489
18.495,1790929127.394,open,11,5,40.399,0.425,241.0,0,11,0,81,3.785,2.882,5416969
18.505,1790929127.404,open,11,5,40.399,0.425,241.0,0,11,0,81,3.785,2.882,5416969
18.515,1790929127.415,open,11,5,40.399,0.425,241.0,0,11,0,81,3.785,2.882,5416969
18.526,1790929127.425,open,11,5,40.399,0.425,241.0,0,11,0,81,3.785,2.882,5416969
18.537,1790929127.437,open,11,5,40.409,0.339,241.0,0,11,0,81,3.784,2.862,5431449
18.548,1790929127.447,open,11,5,40.409,0.339,241.0,0,11,0,81,3.784,2.862,5431449
18.559,1790929127.458,open,11,5,40.409,0.339,241.0,0,11,0,81,3.784,2.862,5431449
18.569,1790929127.469,open,11,5,40.409,0.339,241.0,0,11,0,81,3.784,2.862,5431449
18.579,1790929127.479,recovery,5,5,40.703,0.622,241.0,0,15,1,82,4.098,2.746,5431449
18.590,1790929127.489,recovery,5,5,40.703,0.622,241.0,0,15,1,82,4.098,2.746,5431449
18.600,1790929127.499,recovery,5,5,40.703,0.622,241.0,0,15,1,82,4.098,2.746,5431449
18.610,1790929127.510,recovery,5,5,40.703,0.622,241.0,0,15,1,82,4.098,2.746,5431449
18.621,1790929127.521,open,6,5,40.898,0.782,241.0,0,6,0,82,2.039,1.373,5453169
18.632,1790929127.531,open,6,5,40.898,0.782,241.0,0,6,0,82,2.039,1.373,5453169
18.643,1790929127.543,open,6,5,40.898,0.782,241.0,0,6,0,82,2.039,1.373,5453169
18.654,1790929127.554,open,6,5,40.898,0.782,241.0,0,6,0,82,2.039,1.373,5453169
18.665,1790929127.564,open,7,5,40.901,0.592,241.0,0,7,0,82,2.379,1.716,5461857
18.675,1790929127.575,open,7,5,40.901,0.592,241.0,0,7,0,82,2.379,1.716,5461857
18.685,1790929127.585,open,7,5,40.901,0.592,241.0,0,7,0,82,2.379,1.716,5461857
18.696,1790929127.596,open,7,5,40.901,0.592,241.0,0,7,0,82,2.379,1.716,5461857
18.707,1790929127.607,open,8,5,40.893,0.46,241.0,0,8,0,82,2.719,1.986,5471993
18.718,1790929127.617,open,8,5,40.893,0.46,241.0,0,8,0,82,2.719,1.986,5471993
18.728,1790929127.628,open,8,5,40.893,0.46,241.0,0,8,0,82,2.719,1.986,5471993
18.739,1790929127.638,open,9,5,40.865,0.4,241.0,0,9,0,82,3.061,2.279,5483577
18.749,1790929127.649,open,9,5,40.865,0.4,241.0,0,9,0,82,3.061,2.279,5483577
18.760,1790929127.659,open,9,5,40.865,0.4,241.0,0,9,0,82,3.061,2.279,5483577
18.770,1790929127.670,open,9,5,40.865,0.4,241.0,0,9,0,82,3.061,2.279,5483577
18.781,1790929127.681,open,10,5,40.891,0.352,241.0,0,10,0,82,3.399,2.538,5496609
18.792,1790929127.691,open,10,5,40.891,0.352,241.0,0,10,0,82,3.399,2.538,5496609
18.802,1790929127.701,open,10,5,40.891,0.352,241.0,0,10,0,82,3.399,2.538,5496609
18.812,1790929127.711,open,10,5,40.891,0.352,241.0,0,10,0,82,3.399,2.538,5496609
18.822,1790929127.722,open,11,5,40.817,0.36,241.0,0,11,0,82,3.746,2.875,5511089
18.832,1790929127.732,open,11,5,40.817,0.36,241.0,0,11,0,82,3.746,2.875,5511089
18.842,1790929127.742,open,11,5,40.817,0.36,241.0,0,11,0,82,3.746,2.875,5511089
18.852,1790929127.752,open,11,5,40.817,0.36,241.0,0,11,0,82,3.746,2.875,5511089
18.863,1790929127.762,open,11,5,40.731,0.37,241.0,0,11,0,82,3.754,2.887,5525569
18.873,1790929127.772,open,11,5,40.731,0.37,241.0,0,11,0,82,3.754,2.887,5525569
18.883,1790929127.782,open,11,5,40.731,0.37,241.0,0,11,0,82,3.754,2.887,5525569
18.893,1790929127.792,open,11,5,40.731,0.37,241.0,0,11,0,82,3.754,2.887,5525569
18.903,1790929127.803,recovery,5,5,40.569,0.349,241.0,0,15,1,83,4.112,2.84,5525569
18.913,1790929127.813,recovery,5,5,40.569,0.349,241.0,0,15,1,83,4.112,2.84,5525569
18.924,1790929127.824,recovery,5,5,40.569,0.349,241.0,0,15,1,83,4.112,2.84,5525569
18.935,1790929127.834,recovery,5,5,40.569,0.349,241.0,0,15,1,83,4.112,2.84,5525569
18.945,1790929127.845,open,6,5,40.579,0.332,241.0,0,6,0,83,2.055,1.42,5547289
18.956,1790929127.855,open,6,5,40.579,0.332,241.0,0,6,0,83,2.055,1.42,5547289
18.966,1790929127.865,open,6,5,40.579,0.332,241.0,0,6,0,83,2.055,1.42,5547289
18.976,1790929127.876,open,6,5,40.579,0.332,241.0,0,6,0,83,2.055,1.42,5547289
18.987,1790929127.886,open,7,5,40.703,0.496,241.0,0,7,0,83,2.391,1.706,5555977
18.997,1790929127.896,open,7,5,40.703,0.496,241.0,0,7,0,83,2.391,1.706,5555977
19.007,1790929127.907,open,7,5,40.703,0.496,241.0,0,7,0,83,2.391,1.706,5555977
19.018,1790929127.917,open,7,5,40.703,0.496,241.0,0,7,0,83,2.391,1.706,5555977
19.028,1790929127.927,open,8,5,40.679,0.419,241.0,0,8,0,83,2.734,2.002,5566113
19.038,1790929127.938,open,8,5,40.679,0.419,241.0,0,8,0,83,2.734,2.002,5566113
19.049,1790929127.949,open,8,5,40.679,0.419,241.0,0,8,0,83,2.734,2.002,5566113
19.060,1790929127.959,open,8,5,40.679,0.419,241.0,0,8,0,83,2.734,2.002,5566113
19.070,1790929127.970,open,9,5,40.736,0.428,241.0,0,9,0,83,3.071,2.253,5577697
19.081,1790929127.980,open,9,5,40.736,0.428,241.0,0,9,0,83,3.071,2.253,5577697
19.091,1790929127.990,open,9,5,40.736,0.428,241.0,0,9,0,83,3.071,2.253,5577697
19.101,1790929128.001,open,9,5,40.736,0.428,241.0,0,9,0,83,3.071,2.253,5577697
19.111,1790929128.011,open,10,5,40.659,0.434,241.0,0,10,0,83,3.419,2.599,5590729
19.122,1790929128.021,open,10,5,40.659,0.434,241.0,0,10,0,83,3.419,2.599,5590729
19.132,1790929128.031,open,10,5,40.659,0.434,241.0,0,10,0,83,3.419,2.599,5590729
19.142,1790929128.042,open,10,5,40.659,0.434,241.0,0,10,0,83,3.419,2.599,5590729
19.153,1790929128.052,open,11,5,40.627,0.39,241.0,0,11,0,83,3.764,2.867,5605209
19.163,1790929128.062,open,11,5,40.627,0.39,241.0,0,11,0,83,3.764,2.867,5605209
19.173,1790929128.073,open,11,5,40.627,0.39,241.0,0,11,0,83,3.764,2.867,5605209
19.184,1790929128.083,open,11,5,40.627,0.39,241.0,0,11,0,83,3.764,2.867,5605209
19.195,1790929128.094,open,11,5,40.564,0.393,241.0,0,11,0,83,3.77,2.887,5619689
19.205,1790929128.105,open,11,5,40.564,0.393,241.0,0,11,0,83,3.77,2.887,5619689
19.216,1790929128.115,open,11,5,40.564,0.393,241.0,0,11,0,83,3.77,2.887,5619689
19.227,1790929128.126,recovery,5,5,40.992,0.833,241.0,0,15,1,84,4.069,2.706,5619689
19.238,1790929128.137,recovery,5,5,40.992,0.833,241.0,0,15,1,84,4.069,2.706,5619689
19.248,1790929128.147,recovery,5,5,40.992,0.833,241.0,0,15,1,84,4.069,2.706,5619689
19.258,1790929128.158,recovery,5,5,40.992,0.833,241.0,0,15,1,84,4.069,2.706,5619689
19.269,1790929128.169,open,6,5,41.179,0.721,242.0,0,6,0,84,2.025,1.353,5641409
19.280,1790929128.180,open,6,5,41.179,0.721,242.0,0,6,0,84,2.025,1.353,5641409
19.290,1790929128.190,open,6,5,41.179,0.721,242.0,0,6,0,84,2.025,1.353,5641409
19.300,1790929128.200,open,6,5,41.179,0.721,242.0,0,6,0,84,2.025,1.353,5641409
19.311,1790929128.210,open,7,5,41.33,0.844,242.0,0,7,0,84,2.354,1.695,5650097
19.321,1790929128.220,open,7,5,41.33,0.844,242.0,0,7,0,84,2.354,1.695,5650097
19.331,1790929128.231,open,7,5,41.33,0.844,242.0,0,7,0,84,2.354,1.695,5650097
19.341,1790929128.241,open,7,5,41.33,0.844,242.0,0,7,0,84,2.354,1.695,5650097
19.351,1790929128.251,open,8,5,41.191,0.852,242.0,0,8,0,84,2.7,2.016,5660233
19.362,1790929128.261,open,8,5,41.191,0.852,242.0,0,8,0,84,2.7,2.016,5660233
19.372,1790929128.271,open,8,5,41.191,0.852,242.0,0,8,0,84,2.7,2.016,5660233
19.382,1790929128.282,open,8,5,41.191,0.852,242.0,0,8,0,84,2.7,2.016,5660233
19.392,1790929128.292,open,9,5,41.168,0.685,242.0,0,9,0,84,3.039,2.26,5671817
19.403,1790929128.302,open,9,5,41.168,0.685,242.0,0,9,0,84,3.039,2.26,5671817
19.413,1790929128.312,open,9,5,41.168,0.685,242.0,0,9,0,84,3.039,2.26,5671817
19.424,1790929128.323,open,9,5,41.168,0.685,242.0,0,9,0,84,3.039,2.26,5671817
19.434,1790929128.334,open,10,5,41.101,0.648,242.0,0,10,0,84,3.382,2.566,5684849
19.444,1790929128.344,open,10,5,41.101,0.648,242.0,0,10,0,84,3.382,2.566,5684849
19.455,1790929128.354,open,10,5,41.101,0.648,242.0,0,10,0,84,3.382,2.566,5684849
19.466,1790929128.365,open,10,5,41.101,0.648,242.0,0,10,0,84,3.382,2.566,5684849
19.476,1790929128.375,open,11,5,41.098,0.491,242.0,0,11,0,84,3.721,2.82,5699329
19.486,1790929128.386,open,11,5,41.098,0.491,242.0,0,11,0,84,3.721,2.82,5699329
19.497,1790929128.396,open,11,5,41.098,0.491,242.0,0,11,0,84,3.721,2.82,5699329
19.507,1790929128.407,open,11,5,41.098,0.491,242.0,0,11,0,84,3.721,2.82,5699329
19.518,1790929128.417,open,11,5,41.108,0.387,242.0,0,11,0,84,3.72,2.813,5713809
19.528,1790929128.428,open,11,5,41.108,0.387,242.0,0,11,0,84,3.72,2.813,5713809
19.538,1790929128.438,open,11,5,41.108,0.387,242.0,0,11,0,84,3.72,2.813,5713809
19.549,1790929128.448,open,11,5,41.108,0.387,242.0,0,11,0,84,3.72,2.813,5713809
19.559,1790929128.459,recovery,5,5,40.94,0.511,241.0,0,15,1,85,4.074,2.781,5713809
19.569,1790929128.469,recovery,5,5,40.94,0.511,241.0,0,15,1,85,4.074,2.781,5713809
19.580,1790929128.479,recovery,5,5,40.94,0.511,241.0,0,15,1,85,4.074,2.781,5713809
19.590,1790929128.489,recovery,5,5,40.94,0.511,241.0,0,15,1,85,4.074,2.781,5713809
19.600,1790929128.500,open,6,5,40.814,0.568,241.0,0,6,0,85,2.044,1.391,5735529
19.610,1790929128.510,open,6,5,40.814,0.568,241.0,0,6,0,85,2.044,1.391,5735529
19.621,1790929128.520,open,6,5,40.814,0.568,241.0,0,6,0,85,2.044,1.391,5735529
19.631,1790929128.530,open,6,5,40.814,0.568,241.0,0,6,0,85,2.044,1.391,5735529
19.641,1790929128.541,open,7,5,40.899,0.596,241.0,0,7,0,85,2.379,1.724,5744217
19.651,1790929128.551,open,7,5,40.899,0.596,241.0,0,7,0,85,2.379,1.724,5744217
19.661,1790929128.561,open,7,5,40.899,0.596,241.0,0,7,0,85,2.379,1.724,5744217
19.672,1790929128.572,open,7,5,40.899,0.596,241.0,0,7,0,85,2.379,1.724,5744217
19.683,1790929128.582,open,8,5,40.841,0.563,241.0,0,8,0,85,2.723,2.005,5754353
19.693,1790929128.593,open,8,5,40.841,0.563,241.0,0,8,0,85,2.723,2.005,5754353
19.704,1790929128.603,open,8,5,40.841,0.563,241.0,0,8,0,85,2.723,2.005,5754353
19.714,1790929128.613,open,8,5,40.841,0.563,241.0,0,8,0,85,2.723,2.005,5754353
19.724,1790929128.624,open,9,5,40.902,0.543,241.0,0,9,0,85,3.059,2.243,5765937
19.735,1790929128.634,open,9,5,40.902,0.543,241.0,0,9,0,85,3.059,2.243,5765937
19.745,1790929128.645,open,9,5,40.902,0.543,241.0,0,9,0,85,3.059,2.243,5765937
19.756,1790929128.655,open,9,5,40.902,0.543,241.0,0,9,0,85,3.059,2.243,5765937
19.766,1790929128.666,open,10,5,40.91,0.423,241.0,0,10,0,85,3.398,2.545,5778969
19.777,1790929128.676,open,10,5,40.91,0.423,241.0,0,10,0,85,3.398,2.545,5778969
19.787,1790929128.687,open,10,5,40.91,0.423,241.0,0,10,0,85,3.398,2.545,5778969
19.797,1790929128.697,open,10,5,40.91,0.423,241.0,0,10,0,85,3.398,2.545,5778969
19.808,1790929128.708,open,11,5,41.012,0.522,242.0,0,11,0,85,3.728,2.776,5793449
19.819,1790929128.718,open,11,5,41.012,0.522,242.0,0,11,0,85,3.728,2.776,5793449
19.829,1790929128.728,open,11,5,41.012,0.522,242.0,0,11,0,85,3.728,2.776,5793449
19.839,1790929128.738,open,11,5,41.012,0.522,242.0,0,11,0,85,3.728,2.776,5793449
19.849,1790929128.749,open,11,5,40.912,0.531,241.0,0,11,0,85,3.737,2.881,5807929
19.860,1790929128.759,open,11,5,40.912,0.531,241.0,0,11,0,85,3.737,2.881,5807929
19.870,1790929128.770,open,11,5,40.912,0.531,241.0,0,11,0,85,3.737,2.881,5807929
19.880,1790929128.780,recovery,9,5,40.827,0.35,241.0,0,12,1,86,3.745,0.854,5807929
19.891,1790929128.790,recovery,5,5,40.828,0.265,241.0,0,15,1,86,4.086,2.836,5807929
19.901,1790929128.800,recovery,5,5,40.828,0.265,241.0,0,15,1,86,4.086,2.836,5807929
19.911,1790929128.811,recovery,5,5,40.828,0.265,241.0,0,15,1,86,4.086,2.836,5807929
19.922,1790929128.821,open,6,5,40.808,0.244,241.0,0,6,0,86,2.044,1.418,5829649
19.933,1790929128.832,open,6,5,40.808,0.244,241.0,0,6,0,86,2.044,1.418,5829649
19.943,1790929128.842,open,6,5,40.808,0.244,241.0,0,6,0,86,2.044,1.418,5829649
19.954,1790929128.853,open,6,5,40.808,0.244,241.0,0,6,0,86,2.044,1.418,5829649
19.964,1790929128.864,open,7,5,40.778,0.243,241.0,0,7,0,86,2.386,1.714,5838337
19.975,1790929128.874,open,7,5,40.778,0.243,241.0,0,7,0,86,2.386,1.714,5838337
19.985,1790929128.884,open,7,5,40.778,0.243,241.0,0,7,0,86,2.386,1.714,5838337
19.995,1790929128.895,open,7,5,40.778,0.243,241.0,0,7,0,86,2.386,1.714,5838337
20.005,1790929128.905,open,8,5,40.772,0.194,241.0,0,8,0,86,2.727,1.991,5848473
20.016,1790929128.915,open,8,5,40.772,0.194,241.0,0,8,0,86,2.727,1.991,5848473
20.026,1790929128.925,open,8,5,40.772,0.194,241.0,0,8,0,86,2.727,1.991,5848473
20.036,1790929128.936,open,8,5,40.772,0.194,241.0,0,8,0,86,2.727,1.991,5848473
20.046,1790929128.946,open,9,5,40.742,0.195,241.0,0,9,0,86,3.071,2.287,5860057
20.057,1790929128.956,open,9,5,40.742,0.195,241.0,0,9,0,86,3.071,2.287,5860057
20.068,1790929128.967,open,9,5,40.742,0.195,241.0,0,9,0,86,3.071,2.287,5860057
20.078,1790929128.978,open,9,5,40.742,0.195,241.0,0,9,0,86,3.071,2.287,5860057
20.089,1790929128.988,open,10,5,40.699,0.2,241.0,0,10,0,86,3.415,2.581,5873089
20.099,1790929128.998,open,10,5,40.699,0.2,241.0,0,10,0,86,3.415,2.581,5873089
20.109,1790929129.008,open,10,5,40.699,0.2,241.0,0,10,0,86,3.415,2.581,5873089
20.119,1790929129.018,open,10,5,40.699,0.2,241.0,0,10,0,86,3.415,2.581,5873089
