t_s,wall_s,ca_state,cwnd,ssthresh,rtt_ms,rttvar_ms,rto_ms,backoff,unacked,lost,total_retrans,pacing_mbps,delivery_mbps,bytes_acked
0.000,1790929129.996,open,10,,81.185,40.592,282.0,0,0,0,0,2.854,0.0,1
0.011,1790929130.006,open,10,,81.185,40.592,282.0,0,10,0,0,2.854,0.0,1
0.021,1790929130.016,open,10,,81.185,40.592,282.0,0,10,0,0,2.854,0.0,1
0.031,1790929130.027,open,10,,81.185,40.592,282.0,0,10,0,0,2.854,0.0,1
0.041,1790929130.037,open,20,,51.369,19.01,252.0,0,20,0,0,9.02,2.843,14481
0.052,1790929130.047,open,20,,51.369,19.01,252.0,0,20,0,0,9.02,2.843,14481
0.062,1790929130.057,open,20,,51.369,19.01,252.0,0,20,0,0,9.02,2.843,14481
0.073,1790929130.068,open,20,,51.369,19.01,252.0,0,20,0,0,9.02,2.843,14481
0.083,1790929130.078,open,40,,43.219,4.059,244.0,0,40,0,0,21.442,5.628,43441
0.093,1790929130.088,open,40,,43.219,4.059,244.0,0,40,0,0,21.442,5.628,43441
0.103,1790929130.098,open,40,,43.219,4.059,244.0,0,40,0,0,21.442,5.628,43441
0.113,1790929130.109,open,40,,43.219,4.059,244.0,0,40,0,0,21.442,5.628,43441
0.124,1790929130.119,open,80,,41.093,1.027,242.0,0,80,0,0,45.103,11.255,101361
0.134,1790929130.129,open,80,,41.093,1.027,242.0,0,80,0,0,45.103,11.255,101361
0.144,1790929130.139,open,80,,41.093,1.027,242.0,0,80,0,0,45.103,11.255,101361
0.154,1790929130.149,open,80,,41.093,1.027,242.0,0,80,0,0,45.103,11.255,101361
0.164,1790929130.160,open,97,,40.562,0.157,241.0,0,95,0,0,55.404,13.709,125977
0.175,1790929130.171,open,97,,40.562,0.157,241.0,0,95,0,0,55.404,13.709,125977
0.187,1790929130.182,open,97,,40.562,0.157,241.0,0,95,0,0,55.404,13.709,125977
0.197,1790929130.192,open,97,,40.562,0.157,241.0,0,95,0,0,55.404,13.709,125977
0.207,1790929130.202,recovery,32,48,41.019,0.111,242.0,0,95,63,17,32.194,7.048,125977
0.218,1790929130.213,recovery,32,48,41.019,0.111,242.0,0,95,63,17,32.194,7.048,125977
0.228,1790929130.223,recovery,32,48,41.019,0.111,242.0,0,95,63,17,32.194,7.048,125977
0.238,1790929130.234,recovery,32,48,41.019,0.111,242.0,0,95,63,17,32.194,7.048,125977
0.249,1790929130.245,recovery,33,48,41.002,0.004,242.0,0,78,61,50,26.444,4.793,150593
0.260,1790929130.255,recovery,33,48,41.002,0.004,242.0,0,78,61,50,26.444,4.793,150593
0.270,1790929130.266,recovery,33,48,41.002,0.004,242.0,0,78,61,50,26.444,4.793,150593
0.281,1790929130.276,recovery,33,48,41.002,0.004,242.0,0,78,61,50,26.444,4.793,150593
0.291,1790929130.287,recovery,48,48,41.0,0.0,241.0,0,65,44,78,21.698,7.082,175209
0.302,1790929130.297,recovery,48,48,41.0,0.0,241.0,0,65,44,78,21.698,7.082,175209
0.312,1790929130.307,recovery,48,48,41.0,0.0,241.0,0,65,44,78,21.698,7.082,175209
0.322,1790929130.317,recovery,48,48,41.0,0.0,241.0,0,65,44,78,21.698,7.082,175209
0.333,1790929130.328,recovery,32,48,41.0,0.0,241.0,0,66,27,94,22.376,7.084,175209
0.343,1790929130.338,recovery,32,48,41.0,0.0,241.0,0,66,27,94,22.376,7.084,175209
0.354,1790929130.349,recovery,32,48,41.0,0.0,241.0,0,66,27,94,22.376,7.084,175209
0.364,1790929130.359,recovery,32,48,41.0,0.0,241.0,0,66,27,94,22.376,7.084,175209
0.374,1790929130.369,recovery,33,48,40.999,0.003,241.0,0,34,15,109,11.189,4.814,247609
0.384,1790929130.380,recovery,33,48,40.999,0.003,241.0,0,34,15,109,11.189,4.814,247609
0.395,1790929130.391,recovery,33,48,40.999,0.003,241.0,0,34,15,109,11.189,4.814,247609
0.405,1790929130.401,recovery,33,48,40.999,0.003,241.0,0,34,15,109,11.189,4.814,247609
0.417,1790929130.412,recovery,40,24,40.989,0.003,241.0,0,40,0,109,13.565,7.078,273673
0.427,1790929130.422,recovery,40,24,40.989,0.003,241.0,0,40,0,109,13.565,7.078,273673
0.437,1790929130.432,recovery,40,24,40.989,0.003,241.0,0,40,0,109,13.565,7.078,273673
0.447,1790929130.442,recovery,40,24,40.989,0.003,241.0,0,40,0,109,13.565,7.078,273673
0.458,1790929130.453,recovery,24,24,40.753,0.371,241.0,0,41,16,125,13.644,6.929,273673
0.468,1790929130.463,recovery,24,24,40.753,0.371,241.0,0,41,16,125,13.644,6.929,273673
0.479,1790929130.474,recovery,24,24,40.753,0.371,241.0,0,41,16,125,13.644,6.929,273673
0.489,1790929130.484,recovery,24,24,40.873,0.224,241.0,0,41,18,132,13.264,4.87,280913
0.499,1790929130.495,recovery,24,24,40.217,0.238,241.0,0,25,7,132,8.295,4.71,321457
0.510,1790929130.505,recovery,24,24,40.217,0.238,241.0,0,25,7,132,8.295,4.71,321457
0.520,1790929130.515,recovery,24,24,40.217,0.238,241.0,0,25,7,132,8.295,4.71,321457
0.530,1790929130.526,recovery,19,12,40.67,0.428,241.0,0,19,0,132,6.494,6.797,340281
0.540,1790929130.536,recovery,17,12,40.96,0.742,241.0,0,17,0,132,5.769,6.638,347521
0.551,1790929130.546,recovery,17,12,40.96,0.742,241.0,0,17,0,132,5.769,6.638,347521
0.561,1790929130.556,recovery,17,12,40.96,0.742,241.0,0,17,0,132,5.769,6.638,347521
0.571,1790929130.567,recovery,12,12,40.903,0.317,241.0,0,19,7,139,5.777,3.382,347521
0.581,1790929130.577,recovery,12,12,40.955,0.341,241.0,0,22,7,139,6.449,2.766,347521
0.592,1790929130.587,recovery,12,12,40.955,0.341,241.0,0,22,7,139,6.449,2.766,347521
0.603,1790929130.598,recovery,12,12,40.955,0.341,241.0,0,22,7,139,6.449,2.766,347521
0.613,1790929130.608,open,12,12,40.81,0.121,241.0,0,12,0,139,4.087,3.381,375033
0.623,1790929130.619,open,12,12,40.762,0.129,241.0,0,12,0,139,4.092,3.364,379377
0.634,1790929130.629,open,12,12,40.762,0.129,241.0,0,12,0,139,4.092,3.364,379377
0.644,1790929130.640,open,12,12,40.762,0.129,241.0,0,12,0,139,4.092,3.364,379377
0.654,1790929130.650,open,13,12,40.717,0.132,241.0,0,13,0,139,4.438,3.424,396753
0.665,1790929130.660,open,13,12,40.717,0.132,241.0,0,13,0,139,4.438,3.424,396753
0.675,1790929130.670,open,13,12,40.717,0.132,241.0,0,13,0,139,4.438,3.424,396753
0.685,1790929130.680,open,13,12,40.717,0.132,241.0,0,13,0,139,4.438,3.424,396753
0.695,1790929130.690,open,14,12,40.678,0.129,241.0,0,14,0,139,4.784,3.71,415577
0.705,1790929130.701,open,14,12,40.678,0.129,241.0,0,14,0,139,4.784,3.71,415577
0.716,1790929130.711,open,14,12,40.678,0.129,241.0,0,14,0,139,4.784,3.71,415577
0.726,1790929130.722,open,14,12,40.678,0.129,241.0,0,14,0,139,4.784,3.71,415577
0.737,1790929130.732,open,15,12,40.704,0.124,241.0,0,15,0,139,5.123,3.967,435849
0.748,1790929130.743,open,15,12,40.704,0.124,241.0,0,15,0,139,5.123,3.967,435849
0.758,1790929130.754,open,15,12,40.704,0.124,241.0,0,15,0,139,5.123,3.967,435849
0.769,1790929130.764,open,15,12,40.704,0.124,241.0,0,15,0,139,5.123,3.967,435849
0.779,1790929130.774,open,16,12,40.699,0.133,241.0,0,16,0,139,5.465,4.25,457569
0.790,1790929130.785,open,16,12,40.699,0.133,241.0,0,16,0,139,5.465,4.25,457569
0.800,1790929130.795,open,16,12,40.699,0.133,241.0,0,16,0,139,5.465,4.25,457569
0.811,1790929130.806,open,16,12,40.699,0.133,241.0,0,16,0,139,5.465,4.25,457569
0.821,1790929130.816,open,17,12,40.6,0.149,241.0,0,17,0,139,5.821,4.538,480737
0.831,1790929130.826,open,17,12,40.6,0.149,241.0,0,17,0,139,5.821,4.538,480737
0.841,1790929130.837,open,17,12,40.6,0.149,241.0,0,17,0,139,5.821,4.538,480737
0.852,1790929130.847,open,17,12,40.6,0.149,241.0,0,17,0,139,5.821,4.538,480737
0.863,1790929130.858,open,18,12,40.728,0.431,241.0,0,18,0,139,6.144,4.872,505353
0.873,1790929130.868,open,18,12,40.728,0.431,241.0,0,18,0,139,6.144,4.872,505353
0.884,1790929130.879,open,18,12,40.728,0.431,241.0,0,18,0,139,6.144,4.872,505353
0.894,1790929130.889,open,18,12,40.728,0.431,241.0,0,18,0,139,6.144,4.872,505353
0.905,1790929130.900,open,19,12,40.738,0.348,241.0,0,19,0,139,6.483,5.086,531417
0.915,1790929130.910,open,19,12,40.738,0.348,241.0,0,19,0,139,6.483,5.086,531417
0.925,1790929130.921,open,19,12,40.738,0.348,241.0,0,19,0,139,6.483,5.086,531417
0.936,1790929130.931,open,19,12,40.738,0.348,241.0,0,19,0,139,6.483,5.086,531417
0.946,1790929130.942,open,20,12,40.747,0.327,241.0,0,20,0,139,6.823,5.362,558929
0.957,1790929130.952,open,20,12,40.747,0.327,241.0,0,20,0,139,6.823,5.362,558929
0.967,1790929130.962,open,20,12,40.747,0.327,241.0,0,20,0,139,6.823,5.362,558929
0.977,1790929130.972,open,20,12,40.747,0.327,241.0,0,20,0,139,6.823,5.362,558929
0.987,1790929130.983,open,21,12,40.638,0.334,241.0,0,21,0,139,7.183,5.644,587889
0.997,1790929130.993,open,21,12,40.638,0.334,241.0,0,21,0,139,7.183,5.644,587889
1.008,1790929131.003,open,21,12,40.638,0.334,241.0,0,21,0,139,7.183,5.644,587889
1.018,1790929131.013,open,22,12,40.576,0.339,241.0,0,22,0,139,7.537,6.047,613953
1.028,1790929131.023,open,22,12,40.513,0.344,241.0,0,22,0,139,7.548,6.03,618297
1.038,1790929131.033,open,22,12,40.513,0.344,241.0,0,22,0,139,7.548,6.03,618297
1.048,1790929131.043,open,22,12,40.513,0.344,241.0,0,22,0,139,7.548,6.03,618297
1.058,1790929131.053,open,23,12,40.464,0.345,241.0,0,23,0,139,7.901,6.347,645809
1.069,1790929131.064,open,23,12,40.413,0.347,241.0,0,23,0,139,7.911,6.358,650153
1.079,1790929131.074,open,23,12,40.413,0.347,241.0,0,23,0,139,7.911,6.358,650153
1.089,1790929131.084,open,23,12,40.413,0.347,241.0,0,23,0,139,7.911,6.358,650153
1.099,1790929131.094,open,24,12,40.38,0.327,241.0,0,24,0,139,8.262,6.635,679113
1.109,1790929131.105,open,24,12,40.341,0.322,241.0,0,24,0,139,8.27,6.648,683457
1.119,1790929131.115,open,24,12,40.341,0.322,241.0,0,24,0,139,8.27,6.648,683457
1.130,1790929131.125,open,24,12,40.341,0.322,241.0,0,24,0,139,8.27,6.648,683457
1.140,1790929131.135,open,25,12,40.32,0.285,241.0,0,25,0,139,8.619,6.919,713865
1.150,1790929131.145,open,25,12,40.32,0.285,241.0,0,25,0,139,8.619,6.919,713865
1.160,1790929131.155,open,25,12,40.32,0.285,241.0,0,25,0,139,8.619,6.919,713865
1.170,1790929131.165,open,25,12,40.32,0.285,241.0,0,25,0,139,8.619,6.919,713865
1.180,1790929131.175,recovery,12,12,43.549,6.237,244.0,0,28,2,141,8.299,4.783,715313
1.190,1790929131.186,recovery,12,12,43.549,6.237,244.0,0,28,2,141,8.299,4.783,715313
1.200,1790929131.196,recovery,12,12,43.549,6.237,244.0,0,28,2,141,8.299,4.783,715313
1.211,1790929131.206,recovery,12,12,43.549,6.237,244.0,0,28,2,141,8.299,4.783,715313
1.221,1790929131.216,recovery,12,12,42.105,3.854,243.0,0,16,6,147,4.952,1.688,741377
1.231,1790929131.226,recovery,12,12,42.105,3.854,243.0,0,16,6,147,4.952,1.688,741377
1.241,1790929131.236,recovery,12,12,42.105,3.854,243.0,0,16,6,147,4.952,1.688,741377
1.251,1790929131.246,recovery,12,12,42.105,3.854,243.0,0,16,6,147,4.952,1.688,741377
1.261,1790929131.256,open,12,12,40.741,1.382,241.0,0,12,0,147,4.094,3.469,764545
1.271,1790929131.267,open,12,12,40.741,1.382,241.0,0,12,0,147,4.094,3.469,764545
1.281,1790929131.277,open,12,12,40.741,1.382,241.0,0,12,0,147,4.094,3.469,764545
1.292,1790929131.287,open,12,12,40.741,1.382,241.0,0,12,0,147,4.094,3.469,764545
1.302,1790929131.297,open,13,12,40.593,1.036,241.0,0,13,0,147,4.452,3.468,781921
1.312,1790929131.307,open,13,12,40.593,1.036,241.0,0,13,0,147,4.452,3.468,781921
1.322,1790929131.317,open,13,12,40.593,1.036,241.0,0,13,0,147,4.452,3.468,781921
1.332,1790929131.327,open,13,12,40.593,1.036,241.0,0,13,0,147,4.452,3.468,781921
1.342,1790929131.337,open,14,12,40.475,0.789,241.0,0,14,0,147,4.808,3.757,800745
1.352,1790929131.348,open,14,12,40.475,0.789,241.0,0,14,0,147,4.808,3.757,800745
1.362,1790929131.358,open,14,12,40.475,0.789,241.0,0,14,0,147,4.808,3.757,800745
1.372,1790929131.368,open,14,12,40.475,0.789,241.0,0,14,0,147,4.808,3.757,800745
1.382,1790929131.378,open,15,12,40.376,0.618,241.0,0,15,0,147,5.164,4.048,821017
1.393,1790929131.388,open,15,12,40.376,0.618,241.0,0,15,0,147,5.164,4.048,821017
1.403,1790929131.399,open,15,12,40.376,0.618,241.0,0,15,0,147,5.164,4.048,821017
1.414,1790929131.409,open,15,12,40.376,0.618,241.0,0,15,0,147,5.164,4.048,821017
1.424,1790929131.420,open,16,12,40.515,0.564,241.0,0,16,0,147,5.49,4.277,842737
1.435,1790929131.430,open,16,12,40.515,0.564,241.0,0,16,0,147,5.49,4.277,842737
1.445,1790929131.440,open,16,12,40.515,0.564,241.0,0,16,0,147,5.49,4.277,842737
1.455,1790929131.451,open,16,12,40.515,0.564,241.0,0,16,0,147,5.49,4.277,842737
1.466,1790929131.461,open,17,12,40.614,0.62,241.0,0,17,0,147,5.818,4.489,865905
1.477,1790929131.472,open,17,12,40.614,0.62,241.0,0,17,0,147,5.818,4.489,865905
1.487,1790929131.483,open,17,12,40.614,0.62,241.0,0,17,0,147,5.818,4.489,865905
1.498,1790929131.493,open,17,12,40.614,0.62,241.0,0,17,0,147,5.818,4.489,865905
1.509,1790929131.504,open,18,12,40.635,0.507,241.0,0,18,0,147,6.158,4.829,890521
1.519,1790929131.514,open,18,12,40.635,0.507,241.0,0,18,0,147,6.158,4.829,890521
1.530,1790929131.525,open,18,12,40.635,0.507,241.0,0,18,0,147,6.158,4.829,890521
1.540,1790929131.535,open,18,12,40.635,0.507,241.0,0,18,0,147,6.158,4.829,890521
1.551,1790929131.546,open,19,12,40.586,0.478,241.0,0,19,0,147,6.507,5.181,916585
1.561,1790929131.557,open,19,12,40.586,0.478,241.0,0,19,0,147,6.507,5.181,916585
1.572,1790929131.567,open,19,12,40.586,0.478,241.0,0,19,0,147,6.507,5.181,916585
1.582,1790929131.577,open,19,12,40.586,0.478,241.0,0,19,0,147,6.507,5.181,916585
1.593,1790929131.588,open,20,12,40.695,0.575,241.0,0,20,0,147,6.832,5.31,944097
1.604,1790929131.599,open,20,12,40.695,0.575,241.0,0,20,0,147,6.832,5.31,944097
1.614,1790929131.610,open,20,12,40.695,0.575,241.0,0,20,0,147,6.832,5.31,944097
1.625,1790929131.620,open,21,12,40.648,0.524,241.0,0,21,0,147,7.181,5.745,973057
1.635,1790929131.630,open,21,12,40.648,0.524,241.0,0,21,0,147,7.181,5.745,973057
1.645,1790929131.640,open,21,12,40.648,0.524,241.0,0,21,0,147,7.181,5.745,973057
1.656,1790929131.651,open,21,12,40.648,0.524,241.0,0,21,0,147,7.181,5.745,973057
1.666,1790929131.661,open,22,12,40.639,0.411,241.0,0,22,0,147,7.525,5.995,1003465
1.676,1790929131.671,open,22,12,40.639,0.411,241.0,0,22,0,147,7.525,5.995,1003465
1.687,1790929131.682,open,22,12,40.639,0.411,241.0,0,22,0,147,7.525,5.995,1003465
1.697,1790929131.692,open,22,12,40.639,0.411,241.0,0,22,0,147,7.525,5.995,1003465
1.707,1790929131.703,open,23,12,40.633,0.322,241.0,0,23,0,147,7.868,6.279,1035321
1.718,1790929131.713,open,23,12,40.633,0.322,241.0,0,23,0,147,7.868,6.279,1035321
1.728,1790929131.724,open,23,12,40.633,0.322,241.0,0,23,0,147,7.868,6.279,1035321
1.739,1790929131.734,open,23,12,40.633,0.322,241.0,0,23,0,147,7.868,6.279,1035321
1.749,1790929131.744,open,24,12,40.666,0.307,241.0,0,24,0,147,8.204,6.515,1068625
1.759,1790929131.755,open,24,12,40.666,0.307,241.0,0,24,0,147,8.204,6.515,1068625
1.770,1790929131.765,open,24,12,40.666,0.307,241.0,0,24,0,147,8.204,6.515,1068625
1.780,1790929131.775,open,24,12,40.666,0.307,241.0,0,24,0,147,8.204,6.515,1068625
1.791,1790929131.786,open,25,12,40.654,0.253,241.0,0,24,0,147,8.548,6.281,1100481
1.801,1790929131.797,open,25,12,40.654,0.253,241.0,0,24,0,147,8.548,6.281,1100481
1.811,1790929131.807,open,25,12,40.654,0.253,241.0,0,24,0,147,8.548,6.281,1100481
1.822,1790929131.818,open,25,12,40.654,0.253,241.0,0,24,0,147,8.548,6.281,1100481
1.834,1790929131.829,recovery,12,12,41.108,0.848,242.0,0,29,2,149,8.116,4.561,1100481
1.844,1790929131.839,recovery,12,12,41.108,0.848,242.0,0,29,2,149,8.116,4.561,1100481
1.854,1790929131.850,recovery,12,12,41.108,0.848,242.0,0,29,2,149,8.116,4.561,1100481
1.865,1790929131.860,recovery,12,12,41.108,0.848,242.0,0,29,2,149,8.116,4.561,1100481
1.875,1790929131.870,recovery,12,12,41.071,0.675,242.0,0,17,5,154,5.077,1.878,1127993
1.886,1790929131.881,recovery,12,12,41.071,0.675,242.0,0,17,5,154,5.077,1.878,1127993
1.896,1790929131.892,recovery,12,12,41.071,0.675,242.0,0,17,5,154,5.077,1.878,1127993
1.907,1790929131.902,recovery,12,12,41.071,0.675,242.0,0,17,5,154,5.077,1.878,1127993
1.917,1790929131.912,open,12,12,40.542,0.34,241.0,0,12,0,154,4.114,3.294,1152609
1.927,1790929131.922,open,12,12,40.542,0.34,241.0,0,12,0,154,4.114,3.294,1152609
1.937,1790929131.933,open,12,12,40.542,0.34,241.0,0,12,0,154,4.114,3.294,1152609
1.948,1790929131.943,open,12,12,40.542,0.34,241.0,0,12,0,154,4.114,3.294,1152609
1.958,1790929131.954,open,13,12,40.639,0.355,241.0,0,13,0,154,4.447,3.403,1169985
1.969,1790929131.964,open,13,12,40.639,0.355,241.0,0,13,0,154,4.447,3.403,1169985
1.979,1790929131.974,open,13,12,40.639,0.355,241.0,0,13,0,154,4.447,3.403,1169985
1.990,1790929131.985,open,14,12,40.633,0.279,241.0,0,14,0,154,4.789,3.709,1181569
2.000,1790929131.996,open,14,12,40.691,0.275,241.0,0,14,0,154,4.783,3.663,1188809
2.011,1790929132.006,open,14,12,40.691,0.275,241.0,0,14,0,154,4.783,3.663,1188809
2.021,1790929132.016,open,14,12,40.691,0.275,241.0,0,14,0,154,4.783,3.663,1188809
2.031,1790929132.026,open,15,12,40.663,0.263,241.0,0,15,0,154,5.128,3.994,1201841
2.041,1790929132.036,open,15,12,40.537,0.278,241.0,0,15,0,154,5.144,3.945,1209081
2.051,1790929132.047,open,15,12,40.537,0.278,241.0,0,15,0,154,5.144,3.945,1209081
2.062,1790929132.057,open,15,12,40.537,0.278,241.0,0,15,0,154,5.144,3.945,1209081
2.073,1790929132.068,open,16,12,40.599,0.332,241.0,0,16,0,154,5.478,4.233,1223561
2.083,1790929132.078,open,16,12,40.664,0.289,241.0,0,16,0,154,5.469,4.268,1230801
2.093,1790929132.088,open,16,12,40.664,0.289,241.0,0,16,0,154,5.469,4.268,1230801
2.104,1790929132.099,open,16,12,40.664,0.289,241.0,0,16,0,154,5.469,4.268,1230801
2.114,1790929132.109,open,17,12,40.721,0.329,241.0,0,17,0,154,5.803,4.505,1246729
2.124,1790929132.120,open,17,12,40.659,0.279,241.0,0,17,0,154,5.812,4.552,1253969
2.135,1790929132.130,open,17,12,40.659,0.279,241.0,0,17,0,154,5.812,4.552,1253969
2.145,1790929132.141,open,17,12,40.659,0.279,241.0,0,17,0,154,5.812,4.552,1253969
2.156,1790929132.151,open,18,12,40.672,0.183,241.0,0,18,0,154,6.152,4.831,1275689
2.166,1790929132.161,open,18,12,40.661,0.16,241.0,0,18,0,154,6.154,4.852,1278585
2.176,1790929132.171,open,18,12,40.661,0.16,241.0,0,18,0,154,6.154,4.852,1278585
2.186,1790929132.181,open,18,12,40.661,0.16,241.0,0,18,0,154,6.154,4.852,1278585
2.196,1790929132.191,open,19,12,40.535,0.181,241.0,0,19,0,154,6.516,5.115,1301753
2.206,1790929132.201,open,19,12,40.487,0.188,241.0,0,19,0,154,6.523,5.136,1304649
2.216,1790929132.211,open,19,12,40.487,0.188,241.0,0,19,0,154,6.523,5.136,1304649
2.226,1790929132.222,open,19,12,40.487,0.188,241.0,0,19,0,154,6.523,5.136,1304649
2.236,1790929132.232,open,20,12,40.395,0.198,241.0,0,20,0,154,6.882,5.486,1329265
2.246,1790929132.242,open,20,12,40.355,0.202,241.0,0,20,0,154,6.889,5.482,1332161
2.257,1790929132.252,open,20,12,40.355,0.202,241.0,0,20,0,154,6.889,5.482,1332161
2.267,1790929132.262,open,20,12,40.355,0.202,241.0,0,20,0,154,6.889,5.482,1332161
2.277,1790929132.272,open,21,12,40.284,0.207,241.0,0,21,0,154,7.246,5.783,1358225
2.287,1790929132.282,open,21,12,40.252,0.208,241.0,0,21,0,154,7.252,5.781,1361121
2.297,1790929132.292,open,21,12,40.252,0.208,241.0,0,21,0,154,7.252,5.781,1361121
2.307,1790929132.302,open,21,12,40.252,0.208,241.0,0,21,0,154,7.252,5.781,1361121
2.317,1790929132.312,open,22,12,40.183,0.193,241.0,0,22,0,154,7.61,6.077,1391529
2.327,1790929132.323,open,22,12,40.183,0.193,241.0,0,22,0,154,7.61,6.077,1391529
2.337,1790929132.333,open,22,12,40.183,0.193,241.0,0,22,0,154,7.61,6.077,1391529
2.348,1790929132.343,open,22,12,40.183,0.193,241.0,0,22,0,154,7.61,6.077,1391529
2.358,1790929132.353,open,23,12,40.34,0.294,241.0,0,23,0,154,7.925,6.284,1423385
2.368,1790929132.363,open,23,12,40.34,0.294,241.0,0,23,0,154,7.925,6.284,1423385
2.378,1790929132.374,open,23,12,40.34,0.294,241.0,0,23,0,154,7.925,6.284,1423385
2.388,1790929132.384,open,23,12,40.34,0.294,241.0,0,23,0,154,7.925,6.284,1423385
2.399,1790929132.394,open,24,12,40.567,0.452,241.0,0,24,0,154,8.224,6.519,1456689
2.409,1790929132.404,open,24,12,40.567,0.452,241.0,0,24,0,154,8.224,6.519,1456689
2.419,1790929132.414,open,24,12,40.567,0.452,241.0,0,24,0,154,8.224,6.519,1456689
2.429,1790929132.425,open,24,12,40.567,0.452,241.0,0,24,0,154,8.224,6.519,1456689
2.441,1790929132.436,open,25,12,40.822,0.701,241.0,0,24,0,154,8.513,6.66,1488545
2.451,1790929132.446,open,25,12,40.822,0.701,241.0,0,24,0,154,8.513,6.66,1488545
2.462,1790929132.458,open,25,12,40.822,0.701,241.0,0,24,0,154,8.513,6.66,1488545
2.473,1790929132.468,open,25,12,40.822,0.701,241.0,0,24,0,154,8.513,6.66,1488545
2.483,1790929132.478,recovery,12,12,40.744,0.472,241.0,0,29,2,156,8.188,5.847,1488545
2.493,1790929132.488,recovery,12,12,40.744,0.472,241.0,0,29,2,156,8.188,5.847,1488545
2.504,1790929132.499,recovery,12,12,40.744,0.472,241.0,0,29,2,156,8.188,5.847,1488545
2.514,1790929132.509,recovery,12,12,40.744,0.472,241.0,0,29,2,156,8.188,5.847,1488545
2.524,1790929132.519,recovery,12,12,40.554,0.514,241.0,0,17,5,161,5.141,1.962,1516057
2.535,1790929132.530,recovery,12,12,40.554,0.514,241.0,0,17,5,161,5.141,1.962,1516057
2.545,1790929132.541,recovery,12,12,40.554,0.514,241.0,0,17,5,161,5.141,1.962,1516057
2.557,1790929132.552,recovery,12,12,40.554,0.514,241.0,0,17,5,161,5.141,1.962,1516057
2.567,1790929132.562,open,12,12,40.693,0.292,241.0,0,12,0,161,4.099,3.362,1540673
2.577,1790929132.573,open,12,12,40.693,0.292,241.0,0,12,0,161,4.099,3.362,1540673
2.587,1790929132.583,open,12,12,40.693,0.292,241.0,0,12,0,161,4.099,3.362,1540673
2.598,1790929132.593,open,12,12,40.693,0.292,241.0,0,12,0,161,4.099,3.362,1540673
2.608,1790929132.603,open,13,12,40.7,0.174,241.0,0,13,0,161,4.44,3.421,1558049
2.619,1790929132.614,open,13,12,40.7,0.174,241.0,0,13,0,161,4.44,3.421,1558049
2.630,1790929132.625,open,13,12,40.7,0.174,241.0,0,13,0,161,4.44,3.421,1558049
2.640,1790929132.635,open,13,12,40.7,0.174,241.0,0,13,0,161,4.44,3.421,1558049
2.651,1790929132.646,open,14,12,40.77,0.227,241.0,0,14,0,161,4.773,3.663,1576873
2.661,1790929132.656,open,14,12,40.77,0.227,241.0,0,14,0,161,4.773,3.663,1576873
2.671,1790929132.667,open,14,12,40.77,0.227,241.0,0,14,0,161,4.773,3.663,1576873
2.682,1790929132.677,open,15,12,40.738,0.227,241.0,0,15,0,161,5.118,3.968,1594249
2.692,1790929132.687,open,15,12,40.728,0.19,241.0,0,15,0,161,5.12,3.944,1597145
2.703,1790929132.698,open,15,12,40.728,0.19,241.0,0,15,0,161,5.12,3.944,1597145
2.713,1790929132.709,open,15,12,40.728,0.19,241.0,0,15,0,161,5.12,3.944,1597145
2.724,1790929132.719,open,16,12,40.697,0.189,241.0,0,16,0,161,5.465,4.272,1618865
2.734,1790929132.730,open,16,12,40.697,0.189,241.0,0,16,0,161,5.465,4.272,1618865
2.744,1790929132.740,open,16,12,40.697,0.189,241.0,0,16,0,161,5.465,4.272,1618865
2.755,1790929132.750,open,16,12,40.697,0.189,241.0,0,16,0,161,5.465,4.272,1618865
2.765,1790929132.760,open,17,12,40.661,0.245,241.0,0,17,0,161,5.812,4.594,1642033
2.776,1790929132.771,open,17,12,40.661,0.245,241.0,0,17,0,161,5.812,4.594,1642033
2.786,1790929132.782,open,17,12,40.661,0.245,241.0,0,17,0,161,5.812,4.594,1642033
2.797,1790929132.792,open,17,12,40.661,0.245,241.0,0,17,0,161,5.812,4.594,1642033
2.807,1790929132.802,open,18,12,40.712,0.287,241.0,0,18,0,161,6.146,4.796,1666649
2.817,1790929132.813,open,18,12,40.712,0.287,241.0,0,18,0,161,6.146,4.796,1666649
2.828,1790929132.823,open,18,12,40.712,0.287,241.0,0,18,0,161,6.146,4.796,1666649
2.839,1790929132.834,open,18,12,40.712,0.287,241.0,0,18,0,161,6.146,4.796,1666649
2.849,1790929132.845,open,19,12,40.702,0.236,241.0,0,19,0,161,6.489,5.132,1692713
2.860,1790929132.855,open,19,12,40.702,0.236,241.0,0,19,0,161,6.489,5.132,1692713
2.870,1790929132.865,open,19,12,40.702,0.236,241.0,0,19,0,161,6.489,5.132,1692713
2.880,1790929132.875,open,19,12,40.702,0.236,241.0,0,19,0,161,6.489,5.132,1692713
2.891,1790929132.886,open,20,12,40.766,0.306,241.0,0,20,0,161,6.82,5.34,1720225
2.902,1790929132.897,open,20,12,40.766,0.306,241.0,0,20,0,161,6.82,5.34,1720225
2.912,1790929132.907,open,20,12,40.766,0.306,241.0,0,20,0,161,6.82,5.34,1720225
2.923,1790929132.918,open,20,12,40.766,0.306,241.0,0,20,0,161,6.82,5.34,1720225
2.933,1790929132.929,open,21,12,40.773,0.244,241.0,0,21,0,161,7.159,5.675,1749185
2.944,1790929132.939,open,21,12,40.773,0.244,241.0,0,21,0,161,7.159,5.675,1749185
2.955,1790929132.950,open,21,12,40.773,0.244,241.0,0,21,0,161,7.159,5.675,1749185
2.965,1790929132.960,open,21,12,40.773,0.244,241.0,0,21,0,161,7.159,5.675,1749185
2.975,1790929132.970,open,22,12,40.793,0.221,241.0,0,22,0,161,7.497,5.944,1779593
2.985,1790929132.981,open,22,12,40.793,0.221,241.0,0,22,0,161,7.497,5.944,1779593
2.995,1790929132.991,open,22,12,40.793,0.221,241.0,0,22,0,161,7.497,5.944,1779593
3.006,1790929133.001,open,22,12,40.793,0.221,241.0,0,22,0,161,7.497,5.944,1779593
3.016,1790929133.011,open,23,12,40.715,0.234,241.0,0,23,0,161,7.852,6.344,1811449
3.026,1790929133.021,open,23,12,40.715,0.234,241.0,0,23,0,161,7.852,6.344,1811449
3.036,1790929133.031,open,23,12,40.715,0.234,241.0,0,23,0,161,7.852,6.344,1811449
3.046,1790929133.041,open,23,12,40.715,0.234,241.0,0,23,0,161,7.852,6.344,1811449
3.056,1790929133.051,open,24,12,40.652,0.242,241.0,0,24,0,161,8.207,6.626,1844753
3.066,1790929133.062,open,24,12,40.652,0.242,241.0,0,24,0,161,8.207,6.626,1844753
3.076,1790929133.072,open,24,12,40.652,0.242,241.0,0,24,0,161,8.207,6.626,1844753
3.086,1790929133.082,open,24,12,40.652,0.242,241.0,0,24,0,161,8.207,6.626,1844753
3.097,1790929133.092,open,25,12,40.591,0.25,241.0,0,24,0,161,8.561,6.345,1876609
3.107,1790929133.102,open,25,12,40.591,0.25,241.0,0,24,0,161,8.561,6.345,1876609
3.117,1790929133.112,open,25,12,40.591,0.25,241.0,0,24,0,161,8.561,6.345,1876609
3.127,1790929133.122,open,25,12,40.591,0.25,241.0,0,24,0,161,8.561,6.345,1876609
3.137,1790929133.132,recovery,12,12,40.497,0.306,241.0,0,28,2,163,8.238,4.533,1876609
3.147,1790929133.142,recovery,12,12,40.497,0.306,241.0,0,28,2,163,8.238,4.533,1876609
3.157,1790929133.153,recovery,12,12,40.497,0.306,241.0,0,28,2,163,8.238,4.533,1876609
3.167,1790929133.163,recovery,12,12,40.497,0.306,241.0,0,28,2,163,8.238,4.533,1876609
3.178,1790929133.173,recovery,12,12,40.376,0.417,241.0,0,16,6,169,5.164,1.692,1902673
3.188,1790929133.183,recovery,12,12,40.376,0.417,241.0,0,16,6,169,5.164,1.692,1902673
3.198,1790929133.193,recovery,12,12,40.376,0.417,241.0,0,16,6,169,5.164,1.692,1902673
3.208,1790929133.203,recovery,12,12,40.376,0.417,241.0,0,16,6,169,5.164,1.692,1902673
3.218,1790929133.213,open,12,12,40.147,0.195,241.0,0,12,0,169,4.155,3.469,1924393
3.228,1790929133.223,open,12,12,40.147,0.195,241.0,0,12,0,169,4.155,3.469,1924393
3.238,1790929133.233,open,12,12,40.147,0.195,241.0,0,12,0,169,4.155,3.469,1924393
3.248,1790929133.244,open,12,12,40.147,0.195,241.0,0,12,0,169,4.155,3.469,1924393
3.258,1790929133.254,open,13,12,43.792,7.43,244.0,0,13,0,169,4.127,3.467,1941769
3.268,1790929133.264,open,13,12,43.792,7.43,244.0,0,13,0,169,4.127,3.467,1941769
3.279,1790929133.274,open,13,12,43.792,7.43,244.0,0,13,0,169,4.127,3.467,1941769
3.289,1790929133.284,open,13,12,43.792,7.43,244.0,0,13,0,169,4.127,3.467,1941769
3.299,1790929133.294,open,14,12,42.929,5.677,243.0,0,14,0,169,4.533,3.755,1960593
3.309,1790929133.304,open,14,12,42.929,5.677,243.0,0,14,0,169,4.533,3.755,1960593
3.319,1790929133.314,open,14,12,42.929,5.677,243.0,0,14,0,169,4.533,3.755,1960593
3.329,1790929133.324,open,14,12,42.929,5.677,243.0,0,14,0,169,4.533,3.755,1960593
3.339,1790929133.335,open,15,12,42.265,4.345,243.0,0,15,0,169,4.933,4.046,1980865
3.349,1790929133.345,open,15,12,42.265,4.345,243.0,0,15,0,169,4.933,4.046,1980865
3.359,1790929133.355,open,15,12,42.265,4.345,243.0,0,15,0,169,4.933,4.046,1980865
3.370,1790929133.365,open,16,12,41.994,3.802,242.0,0,16,0,169,5.296,4.33,1996793
3.380,1790929133.375,open,16,12,41.751,3.337,242.0,0,16,0,169,5.327,4.336,2002585
3.390,1790929133.385,open,16,12,41.751,3.337,242.0,0,16,0,169,5.327,4.336,2002585
3.400,1790929133.396,open,16,12,41.751,3.337,242.0,0,16,0,169,5.327,4.336,2002585
3.411,1790929133.406,open,17,12,41.492,2.306,242.0,0,17,0,169,5.695,4.528,2025753
3.422,1790929133.417,open,17,12,41.492,2.306,242.0,0,17,0,169,5.695,4.528,2025753
3.432,1790929133.428,open,17,12,41.492,2.306,242.0,0,17,0,169,5.695,4.528,2025753
3.443,1790929133.438,open,17,12,41.492,2.306,242.0,0,17,0,169,5.695,4.528,2025753
3.453,1790929133.448,open,18,12,41.198,1.805,242.0,0,18,0,169,6.073,4.811,2050369
3.463,1790929133.458,open,18,12,41.198,1.805,242.0,0,18,0,169,6.073,4.811,2050369
3.473,1790929133.468,open,18,12,41.198,1.805,242.0,0,18,0,169,6.073,4.811,2050369
3.484,1790929133.479,open,18,12,41.198,1.805,242.0,0,18,0,169,6.073,4.811,2050369
3.494,1790929133.489,open,19,12,41.098,1.186,242.0,0,19,0,169,6.426,5.109,2076433
3.504,1790929133.499,open,19,12,41.098,1.186,242.0,0,19,0,169,6.426,5.109,2076433
3.515,1790929133.510,open,19,12,41.098,1.186,242.0,0,19,0,169,6.426,5.109,2076433
3.525,1790929133.520,open,19,12,41.098,1.186,242.0,0,19,0,169,6.426,5.109,2076433
3.535,1790929133.530,open,20,12,40.929,0.955,241.0,0,20,0,169,6.793,5.394,2103945
3.546,1790929133.541,open,20,12,40.929,0.955,241.0,0,20,0,169,6.793,5.394,2103945
3.556,1790929133.551,open,20,12,40.929,0.955,241.0,0,20,0,169,6.793,5.394,2103945
3.566,1790929133.561,open,20,12,40.929,0.955,241.0,0,20,0,169,6.793,5.394,2103945
3.577,1790929133.572,open,21,12,40.902,0.667,241.0,0,21,0,169,7.137,5.638,2132905
3.587,1790929133.582,open,21,12,40.902,0.667,241.0,0,21,0,169,7.137,5.638,2132905
3.597,1790929133.592,open,21,12,40.902,0.667,241.0,0,21,0,169,7.137,5.638,2132905
3.608,1790929133.603,open,21,12,40.902,0.667,241.0,0,21,0,169,7.137,5.638,2132905
3.618,1790929133.614,open,22,12,40.785,0.576,241.0,0,22,0,169,7.498,5.92,2163313
3.629,1790929133.624,open,22,12,40.785,0.576,241.0,0,22,0,169,7.498,5.92,2163313
3.639,1790929133.634,open,22,12,40.785,0.576,241.0,0,22,0,169,7.498,5.92,2163313
3.649,1790929133.645,open,22,12,40.785,0.576,241.0,0,22,0,169,7.498,5.92,2163313
3.660,1790929133.655,open,23,12,40.643,0.563,241.0,0,23,0,169,7.867,6.299,2195169
3.670,1790929133.665,open,23,12,40.643,0.563,241.0,0,23,0,169,7.867,6.299,2195169
3.681,1790929133.676,open,23,12,40.643,0.563,241.0,0,23,0,169,7.867,6.299,2195169
3.692,1790929133.687,open,23,12,40.643,0.563,241.0,0,23,0,169,7.867,6.299,2195169
3.702,1790929133.697,open,24,12,40.721,0.489,241.0,0,24,0,169,8.193,6.56,2228473
3.712,1790929133.707,open,24,12,40.721,0.489,241.0,0,24,0,169,8.193,6.56,2228473
3.723,1790929133.718,open,24,12,40.721,0.489,241.0,0,24,0,169,8.193,6.56,2228473
3.733,1790929133.728,open,24,12,40.721,0.489,241.0,0,24,0,169,8.193,6.56,2228473
3.743,1790929133.739,open,25,12,40.624,0.44,241.0,0,25,0,169,8.554,6.272,2260329
3.753,1790929133.749,open,25,12,40.624,0.44,241.0,0,25,0,169,8.554,6.272,2260329
3.764,1790929133.759,open,25,12,40.624,0.44,241.0,0,25,0,169,8.554,6.272,2260329
3.774,1790929133.769,open,25,12,40.624,0.44,241.0,0,25,0,169,8.554,6.272,2260329
3.784,1790929133.779,recovery,12,12,40.765,0.533,241.0,0,29,7,176,8.525,4.784,2260329
3.794,1790929133.790,recovery,12,12,40.765,0.533,241.0,0,29,7,176,8.525,4.784,2260329
3.805,1790929133.800,recovery,12,12,40.765,0.533,241.0,0,29,7,176,8.525,4.784,2260329
3.815,1790929133.810,recovery,12,12,40.586,0.544,241.0,0,13,6,177,4.11,4.573,2286393
3.825,1790929133.820,recovery,12,12,40.922,0.29,241.0,0,16,1,177,5.095,3.094,2295081
3.835,1790929133.831,recovery,12,12,40.922,0.29,241.0,0,16,1,177,5.095,3.094,2295081
3.846,1790929133.841,recovery,12,12,40.922,0.29,241.0,0,16,1,177,5.095,3.094,2295081
3.856,1790929133.851,open,12,12,40.761,0.311,241.0,0,12,0,177,4.092,3.438,2305217
3.866,1790929133.861,open,13,12,40.771,0.253,241.0,0,13,0,177,4.432,3.38,2318249
3.876,1790929133.871,open,13,12,40.771,0.253,241.0,0,13,0,177,4.432,3.38,2318249
3.887,1790929133.882,open,13,12,40.771,0.253,241.0,0,13,0,177,4.432,3.38,2318249
3.897,1790929133.892,open,13,12,40.763,0.205,241.0,0,13,0,177,4.433,3.416,2322593
3.907,1790929133.902,open,14,12,40.704,0.213,241.0,0,14,0,177,4.781,3.69,2337073
3.917,1790929133.913,open,14,12,40.704,0.213,241.0,0,14,0,177,4.781,3.69,2337073
3.927,1790929133.923,open,14,12,40.704,0.213,241.0,0,14,0,177,4.781,3.69,2337073
3.937,1790929133.933,open,14,12,40.63,0.224,241.0,0,14,0,177,4.79,3.7,2341417
3.948,1790929133.943,open,15,12,40.569,0.233,241.0,0,15,0,177,5.14,4.024,2357345
3.959,1790929133.954,open,15,12,40.569,0.233,241.0,0,15,0,177,5.14,4.024,2357345
3.969,1790929133.964,open,15,12,40.569,0.233,241.0,0,15,0,177,5.14,4.024,2357345
3.979,1790929133.974,open,16,12,40.635,0.29,241.0,0,16,0,177,5.473,4.288,2379065
3.989,1790929133.985,open,16,12,40.635,0.29,241.0,0,16,0,177,5.473,4.288,2379065
3.999,1790929133.995,open,16,12,40.635,0.29,241.0,0,16,0,177,5.473,4.288,2379065
4.010,1790929134.005,open,16,12,40.635,0.29,241.0,0,16,0,177,5.473,4.288,2379065
4.020,1790929134.015,open,17,12,40.627,0.277,241.0,0,17,0,177,5.817,4.573,2402233
4.030,1790929134.025,open,17,12,40.627,0.277,241.0,0,17,0,177,5.817,4.573,2402233
4.040,1790929134.036,open,17,12,40.627,0.277,241.0,0,17,0,177,5.817,4.573,2402233
4.051,1790929134.046,open,17,12,40.627,0.277,241.0,0,17,0,177,5.817,4.573,2402233
4.061,1790929134.056,open,18,12,40.557,0.275,241.0,0,18,0,177,6.169,4.876,2426849
4.071,1790929134.066,open,18,12,40.557,0.275,241.0,0,18,0,177,6.169,4.876,2426849
4.082,1790929134.078,open,18,12,40.557,0.275,241.0,0,18,0,177,6.169,4.876,2426849
4.092,1790929134.088,open,18,12,40.557,0.275,241.0,0,18,0,177,6.169,4.876,2426849
4.103,1790929134.098,open,19,12,40.604,0.32,241.0,0,19,0,177,6.505,5.075,2452913
4.113,1790929134.108,open,19,12,40.604,0.32,241.0,0,19,0,177,6.505,5.075,2452913
4.124,1790929134.119,open,19,12,40.604,0.32,241.0,0,19,0,177,6.505,5.075,2452913
4.134,1790929134.129,open,19,12,40.604,0.32,241.0,0,19,0,177,6.505,5.075,2452913
4.144,1790929134.139,open,20,12,40.514,0.32,241.0,0,20,0,177,6.862,5.357,2480425
4.155,1790929134.150,open,20,12,40.514,0.32,241.0,0,20,0,177,6.862,5.357,2480425
4.165,1790929134.161,open,20,12,40.514,0.32,241.0,0,20,0,177,6.862,5.357,2480425
4.176,1790929134.172,open,20,12,40.514,0.32,241.0,0,20,0,177,6.862,5.357,2480425
4.187,1790929134.182,open,21,12,40.606,0.363,241.0,0,21,0,177,7.189,5.716,2509385
4.197,1790929134.193,open,21,12,40.606,0.363,241.0,0,21,0,177,7.189,5.716,2509385
4.207,1790929134.203,open,21,12,40.606,0.363,241.0,0,21,0,177,7.189,5.716,2509385
4.218,1790929134.213,open,21,12,40.606,0.363,241.0,0,21,0,177,7.189,5.716,2509385
4.229,1790929134.224,open,22,12,40.609,0.405,241.0,0,22,0,177,7.531,6.003,2539793
4.239,1790929134.234,open,22,12,40.609,0.405,241.0,0,22,0,177,7.531,6.003,2539793
4.249,1790929134.245,open,22,12,40.609,0.405,241.0,0,22,0,177,7.531,6.003,2539793
4.260,1790929134.256,open,22,12,40.609,0.405,241.0,0,22,0,177,7.531,6.003,2539793
4.271,1790929134.266,open,23,12,40.525,0.378,241.0,0,23,0,177,7.889,6.337,2571649
4.281,1790929134.276,open,23,12,40.525,0.378,241.0,0,23,0,177,7.889,6.337,2571649
4.291,1790929134.286,open,23,12,40.525,0.378,241.0,0,23,0,177,7.889,6.337,2571649
4.301,1790929134.297,open,23,12,40.525,0.378,241.0,0,23,0,177,7.889,6.337,2571649
4.311,1790929134.307,open,23,12,40.573,0.379,241.0,0,22,0,177,7.88,5.949,2602057
4.322,1790929134.317,open,23,12,40.573,0.379,241.0,0,22,0,177,7.88,5.949,2602057
4.332,1790929134.328,open,23,12,40.573,0.379,241.0,0,22,0,177,7.88,5.949,2602057
4.343,1790929134.338,recovery,20,11,40.526,0.379,241.0,0,22,2,178,7.546,0.283,2602057
4.354,1790929134.350,recovery,11,11,40.585,0.52,241.0,0,28,2,179,7.535,4.741,2602057
4.365,1790929134.360,recovery,11,11,40.585,0.52,241.0,0,28,2,179,7.535,4.741,2602057
4.375,1790929134.370,recovery,11,11,40.585,0.52,241.0,0,28,2,179,7.535,4.741,2602057
4.385,1790929134.380,recovery,11,11,40.386,0.311,241.0,0,14,3,182,4.475,1.395,2629569
4.395,1790929134.391,recovery,11,11,40.516,0.495,241.0,0,17,3,182,4.803,2.231,2629569
4.406,1790929134.401,recovery,11,11,40.516,0.495,241.0,0,17,3,182,4.803,2.231,2629569
4.416,1790929134.411,recovery,11,11,40.516,0.495,241.0,0,17,3,182,4.803,2.231,2629569
4.427,1790929134.422,open,11,11,40.679,0.308,241.0,0,11,0,182,3.759,3.075,2654185
4.437,1790929134.433,open,11,11,40.679,0.308,241.0,0,11,0,182,3.759,3.075,2654185
4.447,1790929134.443,open,11,11,40.679,0.308,241.0,0,11,0,182,3.759,3.075,2654185
4.458,1790929134.453,open,11,11,40.679,0.308,241.0,0,11,0,182,3.759,3.075,2654185
4.468,1790929134.463,open,12,11,40.562,0.24,241.0,0,12,0,182,4.112,3.112,2670113
4.479,1790929134.474,open,12,11,40.562,0.24,241.0,0,12,0,182,4.112,3.112,2670113
4.489,1790929134.485,open,12,11,40.562,0.24,241.0,0,12,0,182,4.112,3.112,2670113
4.500,1790929134.495,open,12,11,40.562,0.24,241.0,0,12,0,182,4.112,3.112,2670113
4.510,1790929134.505,open,13,11,40.718,0.31,241.0,0,13,0,182,4.438,3.406,2687489
4.521,1790929134.516,open,13,11,40.718,0.31,241.0,0,13,0,182,4.438,3.406,2687489
4.531,1790929134.526,open,13,11,40.718,0.31,241.0,0,13,0,182,4.438,3.406,2687489
4.541,1790929134.536,open,13,11,40.718,0.31,241.0,0,13,0,182,4.438,3.406,2687489
4.551,1790929134.547,open,14,11,40.687,0.288,241.0,0,14,0,182,4.783,3.691,2706313
4.562,1790929134.557,open,14,11,40.687,0.288,241.0,0,14,0,182,4.783,3.691,2706313
4.573,1790929134.568,open,14,11,40.687,0.288,241.0,0,14,0,182,4.783,3.691,2706313
4.583,1790929134.578,open,14,11,40.687,0.288,241.0,0,14,0,182,4.783,3.691,2706313
4.593,1790929134.589,open,15,11,40.842,0.462,241.0,0,15,0,182,5.105,3.866,2726585
4.604,1790929134.599,open,15,11,40.842,0.462,241.0,0,15,0,182,5.105,3.866,2726585
4.614,1790929134.610,open,15,11,40.842,0.462,241.0,0,15,0,182,5.105,3.866,2726585
4.625,1790929134.620,open,15,11,40.842,0.462,241.0,0,15,0,182,5.105,3.866,2726585
4.636,1790929134.631,open,16,11,40.798,0.298,241.0,0,16,0,182,5.451,4.142,2748305
4.646,1790929134.641,open,16,11,40.798,0.298,241.0,0,16,0,182,5.451,4.142,2748305
4.657,1790929134.652,open,16,11,40.798,0.298,241.0,0,16,0,182,5.451,4.142,2748305
4.667,1790929134.662,open,16,11,40.798,0.298,241.0,0,16,0,182,5.451,4.142,2748305
4.677,1790929134.672,open,17,11,40.771,0.181,241.0,0,17,0,182,5.796,4.542,2771473
4.687,1790929134.682,open,17,11,40.771,0.181,241.0,0,17,0,182,5.796,4.542,2771473
4.697,1790929134.693,open,17,11,40.771,0.181,241.0,0,17,0,182,5.796,4.542,2771473
4.708,1790929134.704,open,17,11,40.771,0.181,241.0,0,17,0,182,5.796,4.542,2771473
4.718,1790929134.714,open,18,11,40.769,0.145,241.0,0,18,0,182,6.137,4.817,2796089
4.729,1790929134.724,open,18,11,40.769,0.145,241.0,0,18,0,182,6.137,4.817,2796089
4.739,1790929134.735,open,18,11,40.769,0.145,241.0,0,18,0,182,6.137,4.817,2796089
4.749,1790929134.745,open,19,11,40.729,0.151,241.0,0,19,0,182,6.485,5.138,2812017
4.760,1790929134.755,open,19,11,40.607,0.171,241.0,0,19,0,182,6.504,5.098,2822153
4.770,1790929134.765,open,19,11,40.607,0.171,241.0,0,19,0,182,6.504,5.098,2822153
4.780,1790929134.775,open,19,11,40.607,0.171,241.0,0,19,0,182,6.504,5.098,2822153
4.790,1790929134.786,open,20,11,40.563,0.177,241.0,0,20,0,182,6.854,5.44,2839529
4.800,1790929134.796,open,20,11,40.506,0.147,241.0,0,20,0,182,6.864,5.475,2849665
4.811,1790929134.806,open,20,11,40.506,0.147,241.0,0,20,0,182,6.864,5.475,2849665
4.821,1790929134.817,open,20,11,40.506,0.147,241.0,0,20,0,182,6.864,5.475,2849665
4.832,1790929134.827,open,21,11,40.515,0.173,241.0,0,21,0,182,7.201,5.709,2874281
4.842,1790929134.837,open,21,11,40.471,0.178,241.0,0,21,0,182,7.213,5.768,2878625
4.852,1790929134.847,open,21,11,40.471,0.178,241.0,0,21,0,182,7.213,5.768,2878625
4.863,1790929134.858,open,21,11,40.471,0.178,241.0,0,21,0,182,7.213,5.768,2878625
4.873,1790929134.868,open,22,11,40.499,0.24,241.0,0,22,0,182,7.551,5.949,2904689
4.883,1790929134.878,open,22,11,40.544,0.27,241.0,0,22,0,182,7.543,5.953,2909033
4.893,1790929134.888,open,22,11,40.544,0.27,241.0,0,22,0,182,7.543,5.953,2909033
4.903,1790929134.899,open,22,11,40.544,0.27,241.0,0,22,0,182,7.543,5.953,2909033
4.913,1790929134.909,open,23,11,40.502,0.215,241.0,0,23,0,182,7.894,6.234,2936545
4.924,1790929134.919,open,23,11,40.475,0.215,241.0,0,23,0,182,7.899,6.236,2940889
4.934,1790929134.929,open,23,11,40.475,0.215,241.0,0,23,0,182,7.899,6.236,2940889
4.944,1790929134.940,open,23,11,40.475,0.215,241.0,0,23,0,182,7.899,6.236,2940889
4.955,1790929134.950,open,24,11,40.549,0.289,241.0,0,24,0,182,8.227,6.578,2974193
4.965,1790929134.960,open,24,11,40.549,0.289,241.0,0,24,0,182,8.227,6.578,2974193
4.975,1790929134.970,open,24,11,40.549,0.289,241.0,0,24,0,182,8.227,6.578,2974193
4.985,1790929134.980,open,24,11,40.549,0.289,241.0,0,24,0,182,8.227,6.578,2974193
4.995,1790929134.991,open,25,11,40.472,0.29,241.0,0,25,0,182,8.587,6.894,3004601
5.005,1790929135.001,open,25,11,40.472,0.29,241.0,0,25,0,182,8.587,6.894,3004601
5.016,1790929135.011,open,25,11,40.472,0.29,241.0,0,25,0,182,8.587,6.894,3004601
5.026,1790929135.021,open,25,11,40.472,0.29,241.0,0,25,0,182,8.587,6.894,3004601
5.036,1790929135.031,recovery,12,12,43.288,5.335,244.0,0,29,4,186,8.991,5.077,3006049
5.046,1790929135.041,recovery,12,12,43.288,5.335,244.0,0,29,4,186,8.991,5.077,3006049
5.056,1790929135.051,recovery,12,12,43.288,5.335,244.0,0,29,4,186,8.991,5.077,3006049
5.066,1790929135.061,recovery,12,12,43.288,5.335,244.0,0,29,4,186,8.991,5.077,3006049
5.076,1790929135.072,recovery,12,12,41.316,2.395,242.0,0,17,3,189,5.383,2.538,3036457
5.086,1790929135.082,recovery,12,12,41.316,2.395,242.0,0,17,3,189,5.383,2.538,3036457
5.097,1790929135.092,recovery,12,12,41.316,2.395,242.0,0,17,3,189,5.383,2.538,3036457
5.107,1790929135.102,recovery,12,12,41.316,2.395,242.0,0,17,3,189,5.383,2.538,3036457
5.117,1790929135.112,open,12,12,40.621,1.093,241.0,0,12,0,189,4.106,3.468,3061073
5.127,1790929135.122,open,12,12,40.621,1.093,241.0,0,12,0,189,4.106,3.468,3061073
5.137,1790929135.132,open,12,12,40.621,1.093,241.0,0,12,0,189,4.106,3.468,3061073
5.147,1790929135.142,open,12,12,40.621,1.093,241.0,0,12,0,189,4.106,3.468,3061073
5.157,1790929135.153,open,13,12,40.451,0.72,241.0,0,13,0,189,4.467,3.467,3078449
5.167,1790929135.163,open,13,12,40.451,0.72,241.0,0,13,0,189,4.467,3.467,3078449
5.178,1790929135.173,open,13,12,40.451,0.72,241.0,0,13,0,189,4.467,3.467,3078449
5.188,1790929135.183,open,13,12,40.451,0.72,241.0,0,13,0,189,4.467,3.467,3078449
5.198,1790929135.193,open,14,12,40.331,0.486,241.0,0,14,0,189,4.825,3.756,3097273
5.208,1790929135.203,open,14,12,40.331,0.486,241.0,0,14,0,189,4.825,3.756,3097273
5.218,1790929135.213,open,14,12,40.331,0.486,241.0,0,14,0,189,4.825,3.756,3097273
5.228,1790929135.223,open,14,12,40.331,0.486,241.0,0,14,0,189,4.825,3.756,3097273
5.238,1790929135.234,open,15,12,40.29,0.273,241.0,0,15,0,189,5.175,4.034,3117545
5.248,1790929135.244,open,15,12,40.29,0.273,241.0,0,15,0,189,5.175,4.034,3117545
5.259,1790929135.254,open,15,12,40.29,0.273,241.0,0,15,0,189,5.175,4.034,3117545
5.269,1790929135.264,open,15,12,40.29,0.273,241.0,0,15,0,189,5.175,4.034,3117545
5.279,1790929135.274,open,16,12,40.223,0.219,241.0,0,16,0,189,5.529,4.322,3139265
5.289,1790929135.284,open,16,12,40.223,0.219,241.0,0,16,0,189,5.529,4.322,3139265
5.299,1790929135.294,open,16,12,40.223,0.219,241.0,0,16,0,189,5.529,4.322,3139265
5.309,1790929135.304,open,16,12,40.223,0.219,241.0,0,16,0,189,5.529,4.322,3139265
5.319,1790929135.315,open,17,12,40.179,0.16,241.0,0,17,0,189,5.881,4.624,3162433
5.329,1790929135.325,open,17,12,40.179,0.16,241.0,0,17,0,189,5.881,4.624,3162433
5.339,1790929135.335,open,17,12,40.179,0.16,241.0,0,17,0,189,5.881,4.624,3162433
5.350,1790929135.345,open,17,12,40.179,0.16,241.0,0,17,0,189,5.881,4.624,3162433
5.360,1790929135.355,open,18,12,40.146,0.121,241.0,0,18,0,189,6.232,4.914,3187049
5.370,1790929135.365,open,18,12,40.146,0.121,241.0,0,18,0,189,6.232,4.914,3187049
5.380,1790929135.375,open,18,12,40.146,0.121,241.0,0,18,0,189,6.232,4.914,3187049
5.390,1790929135.385,open,18,12,40.146,0.121,241.0,0,18,0,189,6.232,4.914,3187049
5.400,1790929135.395,open,19,12,40.128,0.083,241.0,0,19,0,189,6.582,5.204,3213113
5.410,1790929135.405,open,19,12,40.128,0.083,241.0,0,19,0,189,6.582,5.204,3213113
5.420,1790929135.415,open,19,12,40.128,0.083,241.0,0,19,0,189,6.582,5.204,3213113
5.430,1790929135.426,open,19,12,40.128,0.083,241.0,0,19,0,189,6.582,5.204,3213113
5.440,1790929135.436,open,20,12,40.114,0.059,241.0,0,20,0,189,6.931,5.493,3240625
5.451,1790929135.446,open,20,12,40.114,0.059,241.0,0,20,0,189,6.931,5.493,3240625
5.461,1790929135.456,open,20,12,40.114,0.059,241.0,0,20,0,189,6.931,5.493,3240625
5.472,1790929135.467,open,20,12,40.114,0.059,241.0,0,20,0,189,6.931,5.493,3240625
5.482,1790929135.477,open,21,12,40.209,0.212,241.0,0,21,0,189,7.26,5.674,3269585
5.493,1790929135.489,open,21,12,40.209,0.212,241.0,0,21,0,189,7.26,5.674,3269585
5.504,1790929135.499,open,21,12,40.209,0.212,241.0,0,21,0,189,7.26,5.674,3269585
5.515,1790929135.510,open,21,12,40.307,0.355,241.0,0,22,0,189,7.26,6.001,3295649
5.525,1790929135.521,open,22,12,40.309,0.27,241.0,0,22,0,189,7.587,5.957,3299993
5.536,1790929135.531,open,22,12,40.309,0.27,241.0,0,22,0,189,7.587,5.957,3299993
5.546,1790929135.541,open,22,12,40.309,0.27,241.0,0,22,0,189,7.587,5.957,3299993
5.556,1790929135.551,open,23,12,40.388,0.362,241.0,0,23,0,189,7.916,6.22,3327505
5.567,1790929135.562,open,23,12,40.477,0.45,241.0,0,23,0,189,7.899,6.199,3331849
5.579,1790929135.574,open,23,12,40.477,0.45,241.0,0,23,0,189,7.899,6.199,3331849
5.589,1790929135.584,open,23,12,40.477,0.45,241.0,0,23,0,189,7.899,6.199,3331849
5.599,1790929135.594,open,24,12,40.688,0.609,241.0,0,24,0,189,8.199,6.457,3365153
5.609,1790929135.605,open,24,12,40.688,0.609,241.0,0,24,0,189,8.199,6.457,3365153
5.620,1790929135.615,open,24,12,40.688,0.609,241.0,0,24,0,189,8.199,6.457,3365153
5.630,1790929135.625,open,24,12,40.688,0.609,241.0,0,24,0,189,8.199,6.457,3365153
5.640,1790929135.636,open,25,12,40.634,0.564,241.0,0,25,0,189,8.552,6.412,3394113
5.651,1790929135.646,open,25,12,40.634,0.564,241.0,0,25,0,189,8.552,6.412,3394113
5.661,1790929135.656,open,25,12,40.634,0.564,241.0,0,25,0,189,8.552,6.412,3394113
5.672,1790929135.667,open,25,12,40.634,0.564,241.0,0,25,0,189,8.552,6.412,3394113
5.682,1790929135.677,recovery,12,12,43.86,6.478,244.0,0,28,3,192,8.24,4.737,3395561
5.692,1790929135.688,recovery,12,12,43.86,6.478,244.0,0,28,3,192,8.24,4.737,3395561
5.703,1790929135.698,recovery,12,12,43.86,6.478,244.0,0,28,3,192,8.24,4.737,3395561
5.713,1790929135.708,recovery,12,12,43.86,6.478,244.0,0,28,3,192,8.24,4.737,3395561
5.724,1790929135.719,recovery,12,12,42.518,3.033,243.0,0,16,5,197,4.904,1.95,3423073
5.735,1790929135.730,recovery,12,12,42.518,3.033,243.0,0,16,5,197,4.904,1.95,3423073
5.745,1790929135.740,recovery,12,12,42.518,3.033,243.0,0,16,5,197,4.904,1.95,3423073
5.755,1790929135.750,recovery,12,12,42.518,3.033,243.0,0,16,5,197,4.904,1.95,3423073
5.765,1790929135.761,open,12,12,41.023,1.653,242.0,0,12,0,197,4.066,3.374,3446241
5.776,1790929135.771,open,12,12,41.023,1.653,242.0,0,12,0,197,4.066,3.374,3446241
5.787,1790929135.782,open,12,12,41.023,1.653,242.0,0,12,0,197,4.066,3.374,3446241
5.798,1790929135.793,open,12,12,41.023,1.653,242.0,0,12,0,197,4.066,3.374,3446241
5.808,1790929135.803,open,13,12,40.872,1.184,241.0,0,13,0,197,4.421,3.434,3463617
5.818,1790929135.814,open,13,12,40.872,1.184,241.0,0,13,0,197,4.421,3.434,3463617
5.829,1790929135.824,open,13,12,40.872,1.184,241.0,0,13,0,197,4.421,3.434,3463617
5.839,1790929135.834,open,13,12,40.872,1.184,241.0,0,13,0,197,4.421,3.434,3463617
5.849,1790929135.844,open,14,12,40.857,0.697,241.0,0,14,0,197,4.763,3.684,3482441
5.860,1790929135.855,open,14,12,40.857,0.697,241.0,0,14,0,197,4.763,3.684,3482441
5.870,1790929135.865,open,14,12,40.857,0.697,241.0,0,14,0,197,4.763,3.684,3482441
5.880,1790929135.875,open,14,12,40.857,0.697,241.0,0,14,0,197,4.763,3.684,3482441
5.891,1790929135.886,open,15,12,40.901,0.458,241.0,0,15,0,197,5.098,3.964,3502713
5.901,1790929135.896,open,15,12,40.901,0.458,241.0,0,15,0,197,5.098,3.964,3502713
5.912,1790929135.907,open,15,12,40.901,0.458,241.0,0,15,0,197,5.098,3.964,3502713
5.922,1790929135.917,open,15,12,40.901,0.458,241.0,0,15,0,197,5.098,3.964,3502713
5.934,1790929135.929,open,16,12,41.046,0.635,242.0,0,16,0,197,5.419,4.246,3524433
5.944,1790929135.939,open,16,12,41.046,0.635,242.0,0,16,0,197,5.419,4.246,3524433
5.954,1790929135.949,open,16,12,41.046,0.635,242.0,0,16,0,197,5.419,4.246,3524433
5.964,1790929135.960,open,17,12,40.993,0.582,241.0,0,17,0,197,5.765,4.563,3547601
5.975,1790929135.970,open,17,12,40.993,0.582,241.0,0,17,0,197,5.765,4.563,3547601
5.985,1790929135.980,open,17,12,40.993,0.582,241.0,0,17,0,197,5.765,4.563,3547601
5.995,1790929135.990,open,17,12,40.993,0.582,241.0,0,17,0,197,5.765,4.563,3547601
6.005,1790929136.000,open,18,12,40.923,0.577,241.0,0,18,0,197,6.114,4.87,3572217
6.015,1790929136.010,open,18,12,40.923,0.577,241.0,0,18,0,197,6.114,4.87,3572217
6.025,1790929136.021,open,18,12,40.923,0.577,241.0,0,18,0,197,6.114,4.87,3572217
6.036,1790929136.031,open,18,12,40.923,0.577,241.0,0,18,0,197,6.114,4.87,3572217
6.046,1790929136.041,open,19,12,40.831,0.581,241.0,0,19,0,197,6.468,5.188,3598281
6.056,1790929136.051,open,19,12,40.831,0.581,241.0,0,19,0,197,6.468,5.188,3598281
6.067,1790929136.062,open,19,12,40.831,0.581,241.0,0,19,0,197,6.468,5.188,3598281
6.077,1790929136.073,open,19,12,40.831,0.581,241.0,0,19,0,197,6.468,5.188,3598281
6.088,1790929136.083,open,20,12,40.803,0.492,241.0,0,20,0,197,6.813,5.42,3625793
6.098,1790929136.094,open,20,12,40.803,0.492,241.0,0,20,0,197,6.813,5.42,3625793
6.109,1790929136.105,open,20,12,40.803,0.492,241.0,0,20,0,197,6.813,5.42,3625793
6.120,1790929136.115,open,20,12,40.803,0.492,241.0,0,20,0,197,6.813,5.42,3625793
6.130,1790929136.126,open,21,12,40.902,0.567,241.0,0,21,0,197,7.137,5.57,3654753
6.141,1790929136.136,open,21,12,40.902,0.567,241.0,0,21,0,197,7.137,5.57,3654753
6.151,1790929136.146,open,21,12,40.902,0.567,241.0,0,21,0,197,7.137,5.57,3654753
6.161,1790929136.156,open,21,12,40.902,0.567,241.0,0,21,0,197,7.137,5.57,3654753
6.171,1790929136.167,open,22,12,40.935,0.491,241.0,0,22,0,197,7.471,5.909,3685161
6.182,1790929136.177,open,22,12,40.935,0.491,241.0,0,22,0,197,7.471,5.909,3685161
6.192,1790929136.187,open,22,12,40.935,0.491,241.0,0,22,0,197,7.471,5.909,3685161
6.202,1790929136.197,open,22,12,40.935,0.491,241.0,0,22,0,197,7.471,5.909,3685161
6.213,1790929136.208,open,23,12,40.932,0.375,241.0,0,23,0,197,7.811,6.23,3717017
6.223,1790929136.219,open,23,12,40.932,0.375,241.0,0,23,0,197,7.811,6.23,3717017
6.234,1790929136.229,open,23,12,40.932,0.375,241.0,0,23,0,197,7.811,6.23,3717017
6.244,1790929136.239,open,23,12,40.932,0.375,241.0,0,23,0,197,7.811,6.23,3717017
6.254,1790929136.249,open,24,12,40.928,0.288,241.0,0,24,0,197,8.151,6.513,3750321
6.264,1790929136.259,open,24,12,40.928,0.288,241.0,0,24,0,197,8.151,6.513,3750321
6.274,1790929136.270,open,24,12,40.928,0.288,241.0,0,24,0,197,8.151,6.513,3750321
6.285,1790929136.280,open,24,12,40.928,0.288,241.0,0,24,0,197,8.151,6.513,3750321
6.295,1790929136.290,open,25,12,40.89,0.288,241.0,0,25,0,197,8.499,6.273,3782177
6.305,1790929136.300,open,25,12,40.89,0.288,241.0,0,25,0,197,8.499,6.273,3782177
6.315,1790929136.310,open,25,12,40.89,0.288,241.0,0,25,0,197,8.499,6.273,3782177
6.325,1790929136.321,open,25,12,40.89,0.288,241.0,0,25,0,197,8.499,6.273,3782177
6.335,1790929136.331,recovery,12,12,40.713,0.368,241.0,0,29,2,199,8.536,4.782,3782177
6.345,1790929136.341,recovery,12,12,40.713,0.368,241.0,0,29,2,199,8.536,4.782,3782177
6.356,1790929136.351,recovery,12,12,40.713,0.368,241.0,0,29,2,199,8.536,4.782,3782177
6.366,1790929136.361,recovery,12,12,40.713,0.368,241.0,0,29,2,199,8.536,4.782,3782177
6.376,1790929136.371,recovery,12,12,40.581,0.465,241.0,0,16,6,205,5.138,1.677,3809689
6.386,1790929136.381,recovery,12,12,40.581,0.465,241.0,0,16,6,205,5.138,1.677,3809689
6.397,1790929136.392,recovery,12,12,40.581,0.465,241.0,0,16,6,205,5.138,1.677,3809689
6.407,1790929136.402,recovery,12,12,40.581,0.465,241.0,0,16,6,205,5.138,1.677,3809689
6.417,1790929136.412,open,12,12,40.782,0.247,241.0,0,12,0,205,4.09,3.431,3831409
6.427,1790929136.423,open,12,12,40.782,0.247,241.0,0,12,0,205,4.09,3.431,3831409
6.438,1790929136.433,open,12,12,40.782,0.247,241.0,0,12,0,205,4.09,3.431,3831409
6.448,1790929136.443,open,12,12,40.782,0.247,241.0,0,12,0,205,4.09,3.431,3831409
6.458,1790929136.453,open,13,12,44.336,7.452,245.0,0,13,0,205,4.076,3.407,3848785
6.468,1790929136.464,open,13,12,44.336,7.452,245.0,0,13,0,205,4.076,3.407,3848785
6.479,1790929136.474,open,13,12,44.336,7.452,245.0,0,13,0,205,4.076,3.407,3848785
6.489,1790929136.485,open,13,12,44.336,7.452,245.0,0,13,0,205,4.076,3.407,3848785
6.499,1790929136.495,open,14,12,43.359,5.885,244.0,0,14,0,205,4.488,3.692,3867609
6.510,1790929136.505,open,14,12,43.359,5.885,244.0,0,14,0,205,4.488,3.692,3867609
6.520,1790929136.515,open,14,12,43.359,5.885,244.0,0,14,0,205,4.488,3.692,3867609
6.531,1790929136.526,open,14,12,43.359,5.885,244.0,0,14,0,205,4.488,3.692,3867609
6.541,1790929136.537,open,15,12,42.79,4.304,243.0,0,15,0,205,4.873,3.971,3887881
6.552,1790929136.547,open,15,12,42.79,4.304,243.0,0,15,0,205,4.873,3.971,3887881
6.562,1790929136.557,open,15,12,42.79,4.304,243.0,0,15,0,205,4.873,3.971,3887881
6.572,1790929136.567,open,15,12,42.79,4.304,243.0,0,15,0,205,4.873,3.971,3887881
6.582,1790929136.578,open,16,12,42.401,3.097,243.0,0,16,0,205,5.245,4.227,3909601
6.593,1790929136.588,open,16,12,42.401,3.097,243.0,0,16,0,205,5.245,4.227,3909601
6.603,1790929136.598,open,16,12,42.401,3.097,243.0,0,16,0,205,5.245,4.227,3909601
6.613,1790929136.609,open,16,12,42.401,3.097,243.0,0,16,0,205,5.245,4.227,3909601
6.624,1790929136.619,open,17,12,41.869,2.667,242.0,0,17,0,205,5.644,4.508,3932769
6.634,1790929136.629,open,17,12,41.869,2.667,242.0,0,17,0,205,5.644,4.508,3932769
6.644,1790929136.639,open,17,12,41.869,2.667,242.0,0,17,0,205,5.644,4.508,3932769
6.654,1790929136.650,open,17,12,41.869,2.667,242.0,0,17,0,205,5.644,4.508,3932769
6.665,1790929136.660,open,18,12,41.603,1.958,242.0,0,18,0,205,6.014,4.829,3957385
6.675,1790929136.670,open,18,12,41.603,1.958,242.0,0,18,0,205,6.014,4.829,3957385
6.685,1790929136.681,open,18,12,41.603,1.958,242.0,0,18,0,205,6.014,4.829,3957385
6.695,1790929136.691,open,18,12,41.603,1.958,242.0,0,18,0,205,6.014,4.829,3957385
6.706,1790929136.702,open,19,12,41.571,1.533,242.0,0,19,0,205,6.353,5.113,3983449
6.717,1790929136.712,open,19,12,41.571,1.533,242.0,0,19,0,205,6.353,5.113,3983449
6.727,1790929136.723,open,19,12,41.571,1.533,242.0,0,19,0,205,6.353,5.113,3983449
6.737,1790929136.733,open,20,12,41.405,1.482,242.0,0,20,0,205,6.714,5.47,4010961
6.748,1790929136.743,open,20,12,41.405,1.482,242.0,0,20,0,205,6.714,5.47,4010961
6.758,1790929136.753,open,20,12,41.405,1.482,242.0,0,20,0,205,6.714,5.47,4010961
6.768,1790929136.763,open,20,12,41.405,1.482,242.0,0,20,0,205,6.714,5.47,4010961
6.778,1790929136.773,open,21,12,41.249,1.424,242.0,0,21,0,205,7.077,5.769,4039921
6.788,1790929136.783,open,21,12,41.249,1.424,242.0,0,21,0,205,7.077,5.769,4039921
6.798,1790929136.794,open,21,12,41.249,1.424,242.0,0,21,0,205,7.077,5.769,4039921
6.808,1790929136.804,open,21,12,41.249,1.424,242.0,0,21,0,205,7.077,5.769,4039921
6.819,1790929136.815,open,22,12,41.13,1.305,242.0,0,22,0,205,7.435,6.036,4070329
6.830,1790929136.825,open,22,12,41.13,1.305,242.0,0,22,0,205,7.435,6.036,4070329
6.840,1790929136.836,open,22,12,41.13,1.305,242.0,0,22,0,205,7.435,6.036,4070329
6.851,1790929136.846,open,22,12,41.13,1.305,242.0,0,22,0,205,7.435,6.036,4070329
6.861,1790929136.857,open,23,12,41.052,1.135,242.0,0,23,0,205,7.788,6.291,4102185
6.872,1790929136.868,open,23,12,41.052,1.135,242.0,0,23,0,205,7.788,6.291,4102185
6.883,1790929136.878,open,23,12,41.052,1.135,242.0,0,23,0,205,7.788,6.291,4102185
6.893,1790929136.888,open,23,12,41.052,1.135,242.0,0,23,0,205,7.788,6.291,4102185
6.903,1790929136.898,open,24,12,41.039,0.878,242.0,0,24,0,205,8.129,6.507,4135489
6.913,1790929136.908,open,24,12,41.039,0.878,242.0,0,24,0,205,8.129,6.507,4135489
6.924,1790929136.919,open,24,12,41.039,0.878,242.0,0,24,0,205,8.129,6.507,4135489
6.934,1790929136.930,open,24,12,41.039,0.878,242.0,0,24,0,205,8.129,6.507,4135489
6.944,1790929136.940,open,25,12,40.938,0.861,241.0,0,25,0,205,8.489,6.047,4165897
6.955,1790929136.950,open,25,12,40.938,0.861,241.0,0,25,0,205,8.489,6.047,4165897
6.965,1790929136.960,open,25,12,40.938,0.861,241.0,0,25,0,205,8.489,6.047,4165897
6.975,1790929136.970,open,25,12,40.938,0.861,241.0,0,25,0,205,8.489,6.047,4165897
6.985,1790929136.980,recovery,12,12,40.619,0.683,241.0,0,29,3,208,8.555,4.894,4165897
6.995,1790929136.990,recovery,12,12,40.619,0.683,241.0,0,29,3,208,8.555,4.894,4165897
7.005,1790929137.001,recovery,12,12,40.619,0.683,241.0,0,29,3,208,8.555,4.894,4165897
7.015,1790929137.011,recovery,12,12,40.619,0.683,241.0,0,29,3,208,8.555,4.894,4165897
7.025,1790929137.021,recovery,12,12,40.508,0.537,241.0,0,16,5,213,5.147,1.975,4194857
7.036,1790929137.031,recovery,12,12,40.508,0.537,241.0,0,16,5,213,5.147,1.975,4194857
7.046,1790929137.041,recovery,12,12,40.508,0.537,241.0,0,16,5,213,5.147,1.975,4194857
7.056,1790929137.051,recovery,12,12,40.508,0.537,241.0,0,16,5,213,5.147,1.975,4194857
7.066,1790929137.061,open,12,12,40.244,0.339,241.0,0,12,0,213,4.145,3.468,4216577
7.076,1790929137.071,open,12,12,40.244,0.339,241.0,0,12,0,213,4.145,3.468,4216577
7.086,1790929137.081,open,12,12,40.244,0.339,241.0,0,12,0,213,4.145,3.468,4216577
7.096,1790929137.092,open,12,12,40.244,0.339,241.0,0,12,0,213,4.145,3.468,4216577
7.106,1790929137.102,open,13,12,44.48,8.734,245.0,0,13,0,213,4.063,3.468,4233953
7.116,1790929137.112,open,13,12,44.48,8.734,245.0,0,13,0,213,4.063,3.468,4233953
7.127,1790929137.122,open,13,12,44.48,8.734,245.0,0,13,0,213,4.063,3.468,4233953
7.137,1790929137.132,open,13,12,44.48,8.734,245.0,0,13,0,213,4.063,3.468,4233953
7.147,1790929137.142,open,14,12,43.939,7.632,244.0,0,14,0,213,4.429,3.752,4252777
7.157,1790929137.152,open,14,12,43.939,7.632,244.0,0,14,0,213,4.429,3.752,4252777
7.167,1790929137.162,open,14,12,43.939,7.632,244.0,0,14,0,213,4.429,3.752,4252777
7.177,1790929137.172,open,14,12,43.939,7.632,244.0,0,14,0,213,4.429,3.752,4252777
7.187,1790929137.182,open,15,12,43.467,6.669,244.0,0,15,0,213,4.797,4.038,4273049
7.197,1790929137.193,open,15,12,43.467,6.669,244.0,0,15,0,213,4.797,4.038,4273049
7.207,1790929137.203,open,15,12,43.467,6.669,244.0,0,15,0,213,4.797,4.038,4273049
7.218,1790929137.213,open,15,12,43.467,6.669,244.0,0,15,0,213,4.797,4.038,4273049
7.228,1790929137.223,open,16,12,43.053,5.831,244.0,0,16,0,213,5.166,4.328,4294769
7.238,1790929137.233,open,16,12,43.053,5.831,244.0,0,16,0,213,5.166,4.328,4294769
7.248,1790929137.243,open,16,12,43.053,5.831,244.0,0,16,0,213,5.166,4.328,4294769
7.258,1790929137.253,open,16,12,43.053,5.831,244.0,0,16,0,213,5.166,4.328,4294769
7.268,1790929137.263,open,17,12,42.689,5.1,243.0,0,17,0,213,5.536,4.617,4317937
7.278,1790929137.273,open,17,12,42.689,5.1,243.0,0,17,0,213,5.536,4.617,4317937
7.288,1790929137.283,open,17,12,42.689,5.1,243.0,0,17,0,213,5.536,4.617,4317937
7.298,1790929137.294,open,17,12,42.689,5.1,243.0,0,17,0,213,5.536,4.617,4317937
7.308,1790929137.304,open,18,12,42.374,4.455,243.0,0,18,0,213,5.905,4.902,4342553
7.319,1790929137.314,open,18,12,42.374,4.455,243.0,0,18,0,213,5.905,4.902,4342553
7.329,1790929137.324,open,18,12,42.374,4.455,243.0,0,18,0,213,5.905,4.902,4342553
7.339,1790929137.334,open,18,12,42.374,4.455,243.0,0,18,0,213,5.905,4.902,4342553
7.349,1790929137.344,open,19,12,42.092,3.905,243.0,0,19,0,213,6.275,5.197,4368617
7.359,1790929137.354,open,19,12,42.092,3.905,243.0,0,19,0,213,6.275,5.197,4368617
7.369,1790929137.364,open,19,12,42.092,3.905,243.0,0,19,0,213,6.275,5.197,4368617
7.379,1790929137.374,open,19,12,42.092,3.905,243.0,0,19,0,213,6.275,5.197,4368617
7.389,1790929137.385,open,20,12,41.844,3.425,242.0,0,20,0,213,6.644,5.488,4396129
7.400,1790929137.395,open,20,12,41.844,3.425,242.0,0,20,0,213,6.644,5.488,4396129
7.410,1790929137.405,open,20,12,41.844,3.425,242.0,0,20,0,213,6.644,5.488,4396129
7.421,1790929137.416,open,20,12,41.844,3.425,242.0,0,20,0,213,6.644,5.488,4396129
7.431,1790929137.426,open,21,12,41.674,2.908,242.0,0,21,0,213,7.005,5.722,4425089
7.441,1790929137.437,open,21,12,41.674,2.908,242.0,0,21,0,213,7.005,5.722,4425089
7.452,1790929137.447,open,21,12,41.674,2.908,242.0,0,21,0,213,7.005,5.722,4425089
7.462,1790929137.457,open,22,12,41.499,2.532,242.0,0,22,0,213,7.369,6.04,4455497
7.473,1790929137.468,open,22,12,41.499,2.532,242.0,0,22,0,213,7.369,6.04,4455497
7.483,1790929137.479,open,22,12,41.499,2.532,242.0,0,22,0,213,7.369,6.04,4455497
7.494,1790929137.489,open,22,12,41.499,2.532,242.0,0,22,0,213,7.369,6.04,4455497
7.504,1790929137.500,open,23,12,41.341,2.215,242.0,0,23,0,213,7.734,6.334,4487353
7.514,1790929137.510,open,23,12,41.341,2.215,242.0,0,23,0,213,7.734,6.334,4487353
7.525,1790929137.520,open,23,12,41.341,2.215,242.0,0,23,0,213,7.734,6.334,4487353
7.536,1790929137.531,open,23,12,41.341,2.215,242.0,0,23,0,213,7.734,6.334,4487353
7.546,1790929137.542,open,24,12,41.322,1.699,242.0,0,24,0,213,8.073,6.468,4520657
7.556,1790929137.552,open,24,12,41.322,1.699,242.0,0,24,0,213,8.073,6.468,4520657
7.567,1790929137.562,open,24,12,41.322,1.699,242.0,0,24,0,213,8.073,6.468,4520657
7.577,1790929137.573,open,24,12,41.322,1.699,242.0,0,24,0,213,8.073,6.468,4520657
7.588,1790929137.583,open,25,12,41.324,1.277,242.0,0,25,0,213,8.41,5.885,4551065
7.598,1790929137.594,open,25,12,41.324,1.277,242.0,0,25,0,213,8.41,5.885,4551065
7.609,1790929137.604,open,25,12,41.324,1.277,242.0,0,25,0,213,8.41,5.885,4551065
7.619,1790929137.614,open,25,12,41.324,1.277,242.0,0,25,0,213,8.41,5.885,4551065
7.629,1790929137.625,recovery,12,12,41.193,1.055,242.0,0,29,3,216,8.436,4.65,4551065
7.640,1790929137.635,recovery,12,12,41.193,1.055,242.0,0,29,3,216,8.436,4.65,4551065
7.650,1790929137.645,recovery,12,12,41.193,1.055,242.0,0,29,3,216,8.436,4.65,4551065
7.660,1790929137.656,recovery,12,12,41.193,1.055,242.0,0,29,3,216,8.436,4.65,4551065
7.671,1790929137.666,recovery,12,12,40.703,0.727,241.0,0,16,5,221,5.123,1.915,4580025
7.681,1790929137.676,recovery,12,12,40.703,0.727,241.0,0,16,5,221,5.123,1.915,4580025
7.691,1790929137.687,recovery,12,12,40.703,0.727,241.0,0,16,5,221,5.123,1.915,4580025
7.702,1790929137.697,recovery,12,12,40.703,0.727,241.0,0,16,5,221,5.123,1.915,4580025
7.712,1790929137.707,open,12,12,40.978,0.422,241.0,0,12,0,221,4.071,3.35,4601745
7.722,1790929137.718,open,12,12,40.978,0.422,241.0,0,12,0,221,4.071,3.35,4601745
7.733,1790929137.728,open,12,12,40.978,0.422,241.0,0,12,0,221,4.071,3.35,4601745
7.744,1790929137.739,open,12,12,40.978,0.422,241.0,0,12,0,221,4.071,3.35,4601745
7.754,1790929137.749,open,13,12,44.475,7.612,245.0,0,13,0,221,4.063,3.349,4619121
7.764,1790929137.759,open,13,12,44.475,7.612,245.0,0,13,0,221,4.063,3.349,4619121
7.774,1790929137.769,open,13,12,44.475,7.612,245.0,0,13,0,221,4.063,3.349,4619121
7.784,1790929137.779,open,13,12,44.475,7.612,245.0,0,13,0,221,4.063,3.349,4619121
7.794,1790929137.789,open,14,12,43.52,5.935,244.0,0,14,0,221,4.472,3.716,4637945
7.804,1790929137.799,open,14,12,43.52,5.935,244.0,0,14,0,221,4.472,3.716,4637945
7.814,1790929137.809,open,14,12,43.52,5.935,244.0,0,14,0,221,4.472,3.716,4637945
7.824,1790929137.820,open,14,12,43.52,5.935,244.0,0,14,0,221,4.472,3.716,4637945
7.835,1790929137.830,open,15,12,42.724,4.719,243.0,0,15,0,221,4.88,4.011,4658217
7.845,1790929137.841,open,15,12,42.724,4.719,243.0,0,15,0,221,4.88,4.011,4658217
7.856,1790929137.851,open,15,12,42.724,4.719,243.0,0,15,0,221,4.88,4.011,4658217
7.867,1790929137.862,open,15,12,42.724,4.719,243.0,0,15,0,221,4.88,4.011,4658217
7.877,1790929137.872,open,16,12,42.28,3.413,243.0,0,16,0,221,5.26,4.238,4679937
7.887,1790929137.883,open,16,12,42.28,3.413,243.0,0,16,0,221,5.26,4.238,4679937
7.898,1790929137.893,open,16,12,42.28,3.413,243.0,0,16,0,221,5.26,4.238,4679937
7.908,1790929137.903,open,16,12,42.28,3.413,243.0,0,16,0,221,5.26,4.238,4679937
7.919,1790929137.914,open,17,12,41.876,2.617,242.0,0,17,0,221,5.643,4.518,4703105
7.929,1790929137.924,open,17,12,41.876,2.617,242.0,0,17,0,221,5.643,4.518,4703105
7.940,1790929137.935,open,17,12,41.876,2.617,242.0,0,17,0,221,5.643,4.518,4703105
7.950,1790929137.945,open,18,12,41.667,2.38,242.0,0,18,0,221,6.005,4.86,4721929
7.960,1790929137.955,open,18,12,41.521,2.076,242.0,0,18,0,221,6.026,4.85,4727721
7.971,1790929137.966,open,18,12,41.521,2.076,242.0,0,18,0,221,6.026,4.85,4727721
7.981,1790929137.976,open,18,12,41.521,2.076,242.0,0,18,0,221,6.026,4.85,4727721
7.991,1790929137.986,open,19,12,41.443,1.714,242.0,0,19,0,221,6.373,5.097,4747993
8.001,1790929137.996,open,19,12,41.304,1.563,242.0,0,19,0,221,6.394,5.148,4753785
8.011,1790929138.007,open,19,12,41.304,1.563,242.0,0,19,0,221,6.394,5.148,4753785
8.021,1790929138.017,open,19,12,41.304,1.563,242.0,0,19,0,221,6.394,5.148,4753785
8.032,1790929138.027,open,20,12,41.162,1.456,242.0,0,20,0,221,6.754,5.379,4775505
8.042,1790929138.037,open,20,12,41.026,1.364,242.0,0,20,0,221,6.776,5.456,4781297
8.052,1790929138.047,open,20,12,41.026,1.364,242.0,0,20,0,221,6.776,5.456,4781297
8.062,1790929138.058,open,20,12,41.026,1.364,242.0,0,20,0,221,6.776,5.456,4781297
8.072,1790929138.068,open,21,12,40.841,1.087,241.0,0,21,0,221,7.148,5.754,4810257
8.083,1790929138.078,open,21,12,40.841,1.087,241.0,0,21,0,221,7.148,5.754,4810257
8.093,1790929138.088,open,21,12,40.841,1.087,241.0,0,21,0,221,7.148,5.754,4810257
8.103,1790929138.099,open,21,12,40.841,1.087,241.0,0,21,0,221,7.148,5.754,4810257
8.114,1790929138.109,open,22,12,40.837,0.78,241.0,0,22,0,221,7.489,6.007,4840665
8.125,1790929138.120,open,22,12,40.837,0.78,241.0,0,22,0,221,7.489,6.007,4840665
8.135,1790929138.130,open,22,12,40.837,0.78,241.0,0,22,0,221,7.489,6.007,4840665
8.145,1790929138.141,open,22,12,40.837,0.78,241.0,0,22,0,221,7.489,6.007,4840665
8.156,1790929138.151,open,23,12,40.774,0.557,241.0,0,23,0,221,7.841,6.293,4872521
8.166,1790929138.161,open,23,12,40.774,0.557,241.0,0,23,0,221,7.841,6.293,4872521
8.176,1790929138.171,open,23,12,40.774,0.557,241.0,0,23,0,221,7.841,6.293,4872521
8.187,1790929138.182,open,23,12,40.774,0.557,241.0,0,23,0,221,7.841,6.293,4872521
8.197,1790929138.193,open,24,12,40.848,0.447,241.0,0,24,0,221,8.167,6.47,4905825
8.208,1790929138.204,open,24,12,40.848,0.447,241.0,0,24,0,221,8.167,6.47,4905825
8.219,1790929138.214,open,24,12,40.848,0.447,241.0,0,24,0,221,8.167,6.47,4905825
8.229,1790929138.224,open,24,12,40.848,0.447,241.0,0,24,0,221,8.167,6.47,4905825
8.239,1790929138.234,open,25,12,41.051,0.6,242.0,0,25,0,221,8.465,6.393,4939129
8.249,1790929138.245,open,25,12,41.051,0.6,242.0,0,25,0,221,8.465,6.393,4939129
8.260,1790929138.256,open,25,12,41.051,0.6,242.0,0,25,0,221,8.465,6.393,4939129
8.270,1790929138.266,open,25,12,41.051,0.6,242.0,0,25,0,221,8.465,6.393,4939129
8.281,1790929138.276,recovery,12,12,41.18,0.82,242.0,0,29,5,226,9.452,4.57,4939129
8.291,1790929138.287,recovery,12,12,41.18,0.82,242.0,0,29,5,226,9.452,4.57,4939129
8.302,1790929138.297,recovery,12,12,41.18,0.82,242.0,0,29,5,226,9.452,4.57,4939129
8.312,1790929138.307,recovery,12,12,41.18,0.82,242.0,0,29,5,226,9.452,4.57,4939129
8.323,1790929138.318,recovery,12,12,40.529,0.619,241.0,0,16,3,229,5.145,2.419,4970985
8.333,1790929138.328,recovery,12,12,40.529,0.619,241.0,0,16,3,229,5.145,2.419,4970985
8.343,1790929138.339,recovery,12,12,40.529,0.619,241.0,0,16,3,229,5.145,2.419,4970985
8.354,1790929138.349,recovery,12,12,40.529,0.619,241.0,0,16,3,229,5.145,2.419,4970985
8.364,1790929138.359,open,12,12,40.637,0.942,241.0,0,12,0,229,4.105,3.427,4994153
8.374,1790929138.370,open,12,12,40.637,0.942,241.0,0,12,0,229,4.105,3.427,4994153
8.385,1790929138.380,open,12,12,40.637,0.942,241.0,0,12,0,229,4.105,3.427,4994153
8.395,1790929138.390,open,12,12,40.637,0.942,241.0,0,12,0,229,4.105,3.427,4994153
8.406,1790929138.401,open,13,12,40.586,0.627,241.0,0,13,0,229,4.452,3.426,5011529
8.416,1790929138.411,open,13,12,40.586,0.627,241.0,0,13,0,229,4.452,3.426,5011529
8.426,1790929138.421,open,13,12,40.586,0.627,241.0,0,13,0,229,4.452,3.426,5011529
8.436,1790929138.431,open,13,12,40.586,0.627,241.0,0,13,0,229,4.452,3.426,5011529
8.446,1790929138.441,open,14,12,40.597,0.423,241.0,0,14,0,229,4.794,3.693,5030353
8.456,1790929138.452,open,14,12,40.597,0.423,241.0,0,14,0,229,4.794,3.693,5030353
8.467,1790929138.462,open,14,12,40.597,0.423,241.0,0,14,0,229,4.794,3.693,5030353
8.477,1790929138.473,open,14,12,40.597,0.423,241.0,0,14,0,229,4.794,3.693,5030353
8.488,1790929138.483,open,15,12,40.64,0.402,241.0,0,15,0,229,5.131,3.945,5050625
8.498,1790929138.493,open,15,12,40.64,0.402,241.0,0,15,0,229,5.131,3.945,5050625
8.508,1790929138.503,open,15,12,40.64,0.402,241.0,0,15,0,229,5.131,3.945,5050625
8.518,1790929138.514,open,16,12,40.625,0.332,241.0,0,16,0,229,5.475,4.287,5063657
8.529,1790929138.524,open,16,12,40.566,0.336,241.0,0,16,0,229,5.483,4.227,5072345
8.539,1790929138.534,open,16,12,40.566,0.336,241.0,0,16,0,229,5.483,4.227,5072345
8.549,1790929138.544,open,16,12,40.566,0.336,241.0,0,16,0,229,5.483,4.227,5072345
8.559,1790929138.555,open,17,12,40.568,0.257,241.0,0,17,0,229,5.825,4.565,5086825
8.570,1790929138.565,open,17,12,40.671,0.398,241.0,0,17,0,229,5.81,4.477,5095513
8.581,1790929138.576,open,17,12,40.671,0.398,241.0,0,17,0,229,5.81,4.477,5095513
8.591,1790929138.587,open,17,12,40.671,0.398,241.0,0,17,0,229,5.81,4.477,5095513
8.602,1790929138.598,open,18,12,40.692,0.341,241.0,0,18,0,229,6.149,4.82,5111441
8.613,1790929138.608,open,18,12,40.637,0.344,241.0,0,18,0,229,6.157,4.757,5120129
8.623,1790929138.618,open,18,12,40.637,0.344,241.0,0,18,0,229,6.157,4.757,5120129
8.633,1790929138.628,open,18,12,40.637,0.344,241.0,0,18,0,229,6.157,4.757,5120129
8.643,1790929138.639,open,19,12,40.613,0.305,241.0,0,19,0,229,6.503,5.104,5137505
8.654,1790929138.649,open,19,12,40.583,0.289,241.0,0,19,0,229,6.508,5.163,5146193
8.664,1790929138.660,open,19,12,40.583,0.289,241.0,0,19,0,229,6.508,5.163,5146193
8.675,1790929138.670,open,19,12,40.583,0.289,241.0,0,19,0,229,6.508,5.163,5146193
8.685,1790929138.680,open,20,12,40.582,0.21,241.0,0,20,0,229,6.851,5.41,5173705
8.696,1790929138.691,open,20,12,40.582,0.21,241.0,0,20,0,229,6.851,5.41,5173705
8.706,1790929138.701,open,20,12,40.582,0.21,241.0,0,20,0,229,6.851,5.41,5173705
8.716,1790929138.711,open,20,12,40.582,0.21,241.0,0,20,0,229,6.851,5.41,5173705
8.726,1790929138.722,open,21,12,40.511,0.206,241.0,0,21,0,229,7.206,5.695,5202665
8.736,1790929138.732,open,21,12,40.511,0.206,241.0,0,21,0,229,7.206,5.695,5202665
8.747,1790929138.742,open,21,12,40.511,0.206,241.0,0,21,0,229,7.206,5.695,5202665
8.757,1790929138.752,open,21,12,40.511,0.206,241.0,0,21,0,229,7.206,5.695,5202665
8.767,1790929138.763,open,22,12,40.42,0.215,241.0,0,22,0,229,7.566,6.027,5233073
8.777,1790929138.773,open,22,12,40.42,0.215,241.0,0,22,0,229,7.566,6.027,5233073
8.788,1790929138.783,open,22,12,40.42,0.215,241.0,0,22,0,229,7.566,6.027,5233073
8.798,1790929138.793,open,22,12,40.42,0.215,241.0,0,22,0,229,7.566,6.027,5233073
8.808,1790929138.803,open,23,12,40.425,0.234,241.0,0,23,0,229,7.909,6.264,5264929
8.818,1790929138.814,open,23,12,40.425,0.234,241.0,0,23,0,229,7.909,6.264,5264929
8.829,1790929138.824,open,23,12,40.425,0.234,241.0,0,23,0,229,7.909,6.264,5264929
8.839,1790929138.834,open,23,12,40.425,0.234,241.0,0,23,0,229,7.909,6.264,5264929
8.849,1790929138.844,open,24,12,40.48,0.221,241.0,0,24,0,229,8.242,6.548,5298233
8.859,1790929138.855,open,24,12,40.48,0.221,241.0,0,24,0,229,8.242,6.548,5298233
8.870,1790929138.865,open,24,12,40.48,0.221,241.0,0,24,0,229,8.242,6.548,5298233
8.880,1790929138.875,open,24,12,40.48,0.221,241.0,0,24,0,229,8.242,6.548,5298233
8.890,1790929138.885,open,25,12,40.499,0.19,241.0,0,24,0,229,8.581,6.547,5331537
8.900,1790929138.896,open,25,12,40.499,0.19,241.0,0,24,0,229,8.581,6.547,5331537
8.911,1790929138.906,open,25,12,40.499,0.19,241.0,0,24,0,229,8.581,6.547,5331537
8.921,1790929138.916,open,25,12,40.499,0.19,241.0,0,24,0,229,8.581,6.547,5331537
8.931,1790929138.927,recovery,12,12,41.028,0.87,242.0,0,29,5,234,9.148,4.635,5331537
8.942,1790929138.937,recovery,12,12,41.028,0.87,242.0,0,29,5,234,9.148,4.635,5331537
8.952,1790929138.947,recovery,12,12,41.028,0.87,242.0,0,29,5,234,9.148,4.635,5331537
8.962,1790929138.957,recovery,12,12,41.028,0.87,242.0,0,29,5,234,9.148,4.635,5331537
8.973,1790929138.968,recovery,12,12,40.601,0.475,241.0,0,17,2,236,5.478,2.725,5363393
8.983,1790929138.978,recovery,12,12,40.601,0.475,241.0,0,17,2,236,5.478,2.725,5363393
8.993,1790929138.988,recovery,12,12,40.601,0.475,241.0,0,17,2,236,5.478,2.725,5363393
9.003,1790929138.998,recovery,12,12,40.601,0.475,241.0,0,17,2,236,5.478,2.725,5363393
9.013,1790929139.009,open,12,12,40.483,0.541,241.0,0,12,0,236,4.12,3.438,5388009
9.023,1790929139.019,open,12,12,40.483,0.541,241.0,0,12,0,236,4.12,3.438,5388009
9.034,1790929139.029,open,12,12,40.483,0.541,241.0,0,12,0,236,4.12,3.438,5388009
9.044,1790929139.039,open,12,12,40.483,0.541,241.0,0,12,0,236,4.12,3.438,5388009
9.054,1790929139.049,open,13,12,40.376,0.374,241.0,0,13,0,236,4.476,3.448,5405385
9.064,1790929139.059,open,13,12,40.376,0.374,241.0,0,13,0,236,4.476,3.448,5405385
9.074,1790929139.069,open,13,12,40.376,0.374,241.0,0,13,0,236,4.476,3.448,5405385
9.084,1790929139.079,open,13,12,40.376,0.374,241.0,0,13,0,236,4.476,3.448,5405385
9.094,1790929139.090,open,14,12,40.278,0.306,241.0,0,14,0,236,4.832,3.736,5424209
9.104,1790929139.100,open,14,12,40.278,0.306,241.0,0,14,0,236,4.832,3.736,5424209
9.114,1790929139.110,open,14,12,40.278,0.306,241.0,0,14,0,236,4.832,3.736,5424209
9.125,1790929139.120,open,15,12,40.26,0.266,241.0,0,15,0,236,5.179,4.04,5432897
9.135,1790929139.130,open,15,12,40.22,0.219,241.0,0,15,0,236,5.184,4.045,5444481
9.145,1790929139.140,open,15,12,40.22,0.219,241.0,0,15,0,236,5.184,4.045,5444481
9.155,1790929139.150,open,15,12,40.22,0.219,241.0,0,15,0,236,5.184,4.045,5444481
9.165,1790929139.160,open,16,12,40.208,0.188,241.0,0,16,0,236,5.531,4.329,5454617
9.175,1790929139.171,open,16,12,40.236,0.22,241.0,0,16,0,236,5.528,4.285,5466201
9.185,1790929139.181,open,16,12,40.236,0.22,241.0,0,16,0,236,5.528,4.285,5466201
9.195,1790929139.191,open,16,12,40.236,0.22,241.0,0,16,0,236,5.528,4.285,5466201
9.206,1790929139.201,open,17,12,40.223,0.19,241.0,0,17,0,236,5.875,4.617,5477785
9.216,1790929139.211,open,17,12,40.189,0.166,241.0,0,17,0,236,5.88,4.57,5489369
9.226,1790929139.221,open,17,12,40.189,0.166,241.0,0,17,0,236,5.88,4.57,5489369
9.236,1790929139.231,open,17,12,40.189,0.166,241.0,0,17,0,236,5.88,4.57,5489369
9.246,1790929139.241,open,18,12,40.181,0.141,241.0,0,18,0,236,6.227,4.906,5502401
9.256,1790929139.251,open,18,12,40.161,0.113,241.0,0,18,0,236,6.23,4.909,5513985
9.266,1790929139.262,open,18,12,40.161,0.113,241.0,0,18,0,236,6.23,4.909,5513985
9.276,1790929139.272,open,18,12,40.161,0.113,241.0,0,18,0,236,6.23,4.909,5513985
9.286,1790929139.282,open,19,12,40.159,0.088,241.0,0,19,0,236,6.577,5.193,5528465
9.297,1790929139.292,open,19,12,40.142,0.08,241.0,0,19,0,236,6.579,5.198,5540049
9.307,1790929139.302,open,19,12,40.142,0.08,241.0,0,19,0,236,6.579,5.198,5540049
9.317,1790929139.312,open,19,12,40.142,0.08,241.0,0,19,0,236,6.579,5.198,5540049
9.327,1790929139.322,open,20,12,40.139,0.066,241.0,0,20,0,236,6.926,5.481,5555977
9.337,1790929139.332,open,20,12,40.123,0.064,241.0,0,20,0,236,6.929,5.492,5567561
9.347,1790929139.342,open,20,12,40.123,0.064,241.0,0,20,0,236,6.929,5.492,5567561
9.357,1790929139.352,open,20,12,40.123,0.064,241.0,0,20,0,236,6.929,5.492,5567561
9.367,1790929139.362,open,21,12,40.117,0.06,241.0,0,21,0,236,7.276,5.774,5584937
9.377,1790929139.372,open,21,12,40.097,0.061,241.0,0,21,0,236,7.28,5.781,5596521
9.387,1790929139.383,open,21,12,40.097,0.061,241.0,0,21,0,236,7.28,5.781,5596521
9.398,1790929139.393,open,21,12,40.097,0.061,241.0,0,21,0,236,7.28,5.781,5596521
9.408,1790929139.403,open,22,12,40.119,0.081,241.0,0,22,0,236,7.623,6.04,5618241
9.418,1790929139.414,open,22,12,40.121,0.065,241.0,0,22,0,236,7.622,6.061,5626929
9.429,1790929139.424,open,22,12,40.121,0.065,241.0,0,22,0,236,7.622,6.061,5626929
9.439,1790929139.434,open,22,12,40.121,0.065,241.0,0,22,0,236,7.622,6.061,5626929
9.449,1790929139.445,open,23,12,40.267,0.261,241.0,0,23,0,236,7.94,6.315,5650097
9.460,1790929139.455,open,23,12,40.29,0.243,241.0,0,23,0,236,7.935,6.296,5658785
9.471,1790929139.466,open,23,12,40.29,0.243,241.0,0,23,0,236,7.935,6.296,5658785
9.481,1790929139.476,open,23,12,40.29,0.243,241.0,0,23,0,236,7.935,6.296,5658785
9.492,1790929139.487,open,24,12,40.427,0.362,241.0,0,24,0,236,8.252,6.542,5683401
9.502,1790929139.497,open,24,12,40.451,0.319,241.0,0,24,0,236,8.247,6.558,5692089
9.512,1790929139.507,open,24,12,40.451,0.319,241.0,0,24,0,236,8.247,6.558,5692089
9.522,1790929139.518,open,24,12,40.451,0.319,241.0,0,24,0,236,8.247,6.558,5692089
9.533,1790929139.528,open,25,12,40.478,0.221,241.0,0,25,0,236,8.585,6.827,5718153
9.543,1790929139.539,open,25,12,40.441,0.224,241.0,0,25,0,236,8.593,5.703,5721049
9.554,1790929139.549,open,25,12,40.441,0.224,241.0,0,25,0,236,8.593,5.703,5721049
9.564,1790929139.559,open,25,12,40.441,0.224,241.0,0,25,0,236,8.593,5.703,5721049
9.574,1790929139.569,recovery,12,12,40.463,0.321,241.0,0,29,8,244,9.276,4.889,5721049
9.584,1790929139.579,recovery,12,12,40.463,0.321,241.0,0,29,8,244,9.276,4.889,5721049
9.594,1790929139.590,recovery,12,12,40.463,0.321,241.0,0,29,8,244,9.276,4.889,5721049
9.604,1790929139.600,recovery,12,12,40.463,0.321,241.0,0,29,8,244,9.276,4.889,5721049
9.615,1790929139.610,open,12,12,40.175,0.205,241.0,0,12,0,244,4.152,3.45,5763041
9.625,1790929139.620,open,12,12,40.175,0.205,241.0,0,12,0,244,4.152,3.45,5763041
9.635,1790929139.630,open,12,12,40.175,0.205,241.0,0,12,0,244,4.152,3.45,5763041
9.645,1790929139.640,open,12,12,40.175,0.205,241.0,0,12,0,244,4.152,3.45,5763041
9.655,1790929139.651,open,13,12,40.185,0.157,241.0,0,13,0,244,4.497,3.446,5780417
9.666,1790929139.661,open,13,12,40.185,0.157,241.0,0,13,0,244,4.497,3.446,5780417
9.676,1790929139.671,open,13,12,40.185,0.157,241.0,0,13,0,244,4.497,3.446,5780417
9.686,1790929139.681,open,13,12,40.185,0.157,241.0,0,13,0,244,4.497,3.446,5780417
9.697,1790929139.692,open,14,12,40.247,0.206,241.0,0,14,0,244,4.835,3.705,5799241
9.707,1790929139.703,open,14,12,40.247,0.206,241.0,0,14,0,244,4.835,3.705,5799241
9.718,1790929139.713,open,14,12,40.247,0.206,241.0,0,14,0,244,4.835,3.705,5799241
9.729,1790929139.724,open,14,12,40.247,0.206,241.0,0,14,0,244,4.835,3.705,5799241
9.740,1790929139.735,open,15,12,40.255,0.195,241.0,0,15,0,244,5.18,3.989,5819513
9.750,1790929139.745,open,15,12,40.255,0.195,241.0,0,15,0,244,5.18,3.989,5819513
9.760,1790929139.755,open,15,12,40.255,0.195,241.0,0,15,0,244,5.18,3.989,5819513
9.770,1790929139.765,open,15,12,40.243,0.17,241.0,0,15,0,244,5.181,4.037,5822409
9.780,1790929139.775,open,16,12,40.204,0.164,241.0,0,16,0,244,5.532,4.289,5841233
9.790,1790929139.786,open,16,12,40.204,0.164,241.0,0,16,0,244,5.532,4.289,5841233
9.800,1790929139.796,open,16,12,40.204,0.164,241.0,0,16,0,244,5.532,4.289,5841233
9.811,1790929139.806,open,16,12,40.189,0.119,241.0,0,16,0,244,5.534,4.33,5849921
9.821,1790929139.816,open,17,12,40.182,0.103,241.0,0,17,0,244,5.881,4.617,5864401
9.831,1790929139.827,open,17,12,40.182,0.103,241.0,0,17,0,244,5.881,4.617,5864401
9.842,1790929139.837,open,17,12,40.182,0.103,241.0,0,17,0,244,5.881,4.617,5864401
9.852,1790929139.847,open,17,12,40.237,0.167,241.0,0,17,0,244,5.873,4.565,5873089
9.862,1790929139.858,open,18,12,40.238,0.127,241.0,0,18,0,244,6.218,4.892,5889017
9.873,1790929139.868,open,18,12,40.238,0.127,241.0,0,18,0,244,6.218,4.892,5889017
9.883,1790929139.878,open,18,12,40.238,0.127,241.0,0,18,0,244,6.218,4.892,5889017
9.893,1790929139.889,open,18,12,40.378,0.311,241.0,0,18,0,244,6.197,4.827,5897705
9.904,1790929139.899,open,19,12,40.354,0.283,241.0,0,19,0,244,6.545,5.18,5915081
9.914,1790929139.909,open,19,12,40.354,0.283,241.0,0,19,0,244,6.545,5.18,5915081
9.925,1790929139.920,open,19,12,40.354,0.283,241.0,0,19,0,244,6.545,5.18,5915081
9.935,1790929139.930,open,19,12,40.345,0.209,241.0,0,19,0,244,6.546,5.11,5923769
9.945,1790929139.941,open,20,12,40.389,0.244,241.0,0,20,0,244,6.883,5.407,5942593
9.956,1790929139.951,open,20,12,40.389,0.244,241.0,0,20,0,244,6.883,5.407,5942593
9.966,1790929139.961,open,20,12,40.389,0.244,241.0,0,20,0,244,6.883,5.407,5942593
9.976,1790929139.971,open,20,12,40.338,0.223,241.0,0,20,0,244,6.892,5.471,5951281
9.986,1790929139.982,open,21,12,40.384,0.259,241.0,0,21,0,244,7.228,5.689,5971553
9.997,1790929139.992,open,21,12,40.384,0.259,241.0,0,21,0,244,7.228,5.689,5971553
10.007,1790929140.002,open,21,12,40.384,0.259,241.0,0,21,0,244,7.228,5.689,5971553
10.017,1790929140.012,open,21,12,40.384,0.214,241.0,0,21,0,244,7.228,5.716,5980241
10.027,1790929140.023,open,22,12,40.352,0.215,241.0,0,22,0,244,7.579,5.974,6001961
10.037,1790929140.033,open,22,12,40.352,0.215,241.0,0,22,0,244,7.579,5.974,6001961
10.048,1790929140.043,open,22,12,40.352,0.215,241.0,0,22,0,244,7.579,5.974,6001961
10.058,1790929140.053,open,22,12,40.295,0.213,241.0,0,22,0,244,7.589,6.002,6010649
10.069,1790929140.064,open,23,12,40.272,0.206,241.0,0,23,0,244,7.939,6.35,6033817
10.080,1790929140.075,open,23,12,40.272,0.206,241.0,0,23,0,244,7.939,6.35,6033817
10.090,1790929140.086,open,23,12,40.272,0.206,241.0,0,23,0,244,7.939,6.35,6033817
10.101,1790929140.096,open,23,12,40.288,0.232,241.0,0,22,0,244,7.936,5.477,6061329
10.111,1790929140.106,open,23,12,40.288,0.232,241.0,0,22,0,244,7.936,5.477,6061329
10.122,1790929140.117,open,23,12,40.288,0.232,241.0,0,22,0,244,7.936,5.477,6061329
10.132,1790929140.127,open,23,12,40.288,0.232,241.0,0,22,0,244,7.936,5.477,6061329
10.143,1790929140.138,recovery,11,11,40.943,0.925,241.0,0,28,4,248,7.469,4.628,6061329
10.153,1790929140.148,recovery,11,11,40.943,0.925,241.0,0,28,4,248,7.469,4.628,6061329
10.163,1790929140.159,recovery,11,11,40.943,0.925,241.0,0,28,4,248,7.469,4.628,6061329
10.174,1790929140.169,recovery,11,11,40.943,0.925,241.0,0,28,4,248,7.469,4.628,6061329
10.184,1790929140.180,recovery,11,11,40.845,0.78,241.0,0,17,1,249,4.765,2.722,6091737
10.194,1790929140.190,recovery,11,11,40.845,0.78,241.0,0,17,1,249,4.765,2.722,6091737
10.205,1790929140.200,recovery,11,11,40.845,0.78,241.0,0,17,1,249,4.765,2.722,6091737
10.215,1790929140.210,open,11,11,40.843,0.511,241.0,0,11,0,249,3.744,3.132,6104769
10.225,1790929140.221,open,12,11,41.288,1.52,242.0,0,12,0,249,4.04,2.996,6116353
10.235,1790929140.231,open,12,11,41.288,1.52,242.0,0,12,0,249,4.04,2.996,6116353
10.246,1790929140.241,open,12,11,41.288,1.52,242.0,0,12,0,249,4.04,2.996,6116353
10.256,1790929140.251,open,12,11,41.192,1.331,242.0,0,12,0,249,4.05,3.132,6120697
10.266,1790929140.261,open,13,11,41.081,0.946,242.0,0,13,0,249,4.399,3.419,6133729
10.276,1790929140.271,open,13,11,41.081,0.946,242.0,0,13,0,249,4.399,3.419,6133729
10.286,1790929140.282,open,13,11,41.081,0.946,242.0,0,13,0,249,4.399,3.419,6133729
10.297,1790929140.292,open,13,11,40.972,0.928,241.0,0,13,0,249,4.411,3.431,6138073
10.307,1790929140.302,open,14,11,40.825,0.772,241.0,0,14,0,249,4.767,3.703,6152553
10.317,1790929140.312,open,14,11,40.825,0.772,241.0,0,14,0,249,4.767,3.703,6152553
10.327,1790929140.323,open,14,11,40.825,0.772,241.0,0,14,0,249,4.767,3.703,6152553
10.338,1790929140.333,open,14,11,40.881,0.692,241.0,0,14,0,249,4.76,3.647,6156897
10.348,1790929140.344,open,15,11,40.882,0.506,241.0,0,15,0,249,5.1,3.943,6172825
10.359,1790929140.354,open,15,11,40.882,0.506,241.0,0,15,0,249,5.1,3.943,6172825
10.369,1790929140.364,open,15,11,40.882,0.506,241.0,0,15,0,249,5.1,3.943,6172825
10.379,1790929140.374,open,15,11,40.828,0.487,241.0,0,15,0,249,5.107,3.927,6177169
10.389,1790929140.385,open,16,11,40.72,0.462,241.0,0,16,0,249,5.462,4.225,6194545
10.400,1790929140.395,open,16,11,40.72,0.462,241.0,0,16,0,249,5.462,4.225,6194545
10.410,1790929140.406,open,16,11,40.72,0.462,241.0,0,16,0,249,5.462,4.225,6194545
10.421,1790929140.416,open,16,11,40.65,0.465,241.0,0,16,0,249,5.471,4.294,6198889
10.431,1790929140.426,open,17,11,40.679,0.422,241.0,0,17,0,249,5.809,4.51,6217713
10.441,1790929140.437,open,17,11,40.679,0.422,241.0,0,17,0,249,5.809,4.51,6217713
10.452,1790929140.447,open,17,11,40.679,0.422,241.0,0,17,0,249,5.809,4.51,6217713
10.463,1790929140.458,open,17,11,40.603,0.428,241.0,0,17,0,249,5.82,4.614,6222057
10.473,1790929140.468,open,18,11,40.779,0.579,241.0,0,18,0,249,6.136,4.71,6242329
10.484,1790929140.479,open,18,11,40.779,0.579,241.0,0,18,0,249,6.136,4.71,6242329
10.494,1790929140.490,open,18,11,40.779,0.579,241.0,0,18,0,249,6.136,4.71,6242329
10.505,1790929140.500,open,18,11,40.711,0.571,241.0,0,18,0,249,6.146,4.894,6246673
10.515,1790929140.510,open,19,11,40.638,0.457,241.0,0,19,0,249,6.499,4.985,6268393
10.525,1790929140.520,open,19,11,40.638,0.457,241.0,0,19,0,249,6.499,4.985,6268393
10.536,1790929140.531,open,19,11,40.638,0.457,241.0,0,19,0,249,6.499,4.985,6268393
10.546,1790929140.542,open,19,11,40.69,0.387,241.0,0,19,0,249,6.491,5.071,6279977
10.557,1790929140.552,open,20,11,40.647,0.377,241.0,0,20,0,249,6.84,5.454,6295905
10.567,1790929140.562,open,20,11,40.647,0.377,241.0,0,20,0,249,6.84,5.454,6295905
10.577,1790929140.572,open,20,11,40.647,0.377,241.0,0,20,0,249,6.84,5.454,6295905
10.587,1790929140.583,open,20,11,40.676,0.327,241.0,0,20,0,249,6.835,5.352,6307489
10.598,1790929140.593,open,21,11,40.712,0.318,241.0,0,21,0,249,7.17,5.653,6324865
10.609,1790929140.604,open,21,11,40.712,0.318,241.0,0,21,0,249,7.17,5.653,6324865
10.620,1790929140.615,open,21,11,40.718,0.25,241.0,0,21,0,249,7.169,5.683,6329209
10.630,1790929140.625,open,21,11,40.72,0.191,241.0,0,21,0,249,7.169,5.651,6336449
10.640,1790929140.635,open,22,11,40.812,0.328,241.0,0,22,0,249,7.493,5.866,6355273
10.650,1790929140.646,open,22,11,40.812,0.328,241.0,0,22,0,249,7.493,5.866,6355273
10.661,1790929140.656,open,22,11,40.812,0.328,241.0,0,22,0,249,7.493,5.866,6355273
10.671,1790929140.666,open,22,11,40.803,0.387,241.0,0,22,0,249,7.495,5.97,6366857
10.681,1790929140.677,open,23,11,40.729,0.393,241.0,0,23,0,249,7.85,6.144,6387129
10.692,1790929140.687,open,23,11,40.729,0.393,241.0,0,23,0,249,7.85,6.144,6387129
10.702,1790929140.697,open,23,11,40.729,0.393,241.0,0,23,0,249,7.85,6.144,6387129
10.712,1790929140.708,open,23,11,40.749,0.312,241.0,0,23,0,249,7.846,6.271,6398713
10.722,1790929140.718,open,24,11,40.819,0.374,241.0,0,24,0,249,8.173,6.449,6420433
10.733,1790929140.728,open,24,11,40.819,0.374,241.0,0,24,0,249,8.173,6.449,6420433
10.743,1790929140.738,open,24,11,40.815,0.286,241.0,0,24,0,249,8.174,6.492,6424777
10.753,1790929140.748,open,24,11,40.878,0.339,241.0,0,24,0,249,8.161,6.448,6432017
10.763,1790929140.758,open,25,11,40.855,0.301,241.0,0,25,0,249,8.506,6.729,6455185
10.773,1790929140.769,open,25,11,40.855,0.301,241.0,0,25,0,249,8.506,6.729,6455185
10.783,1790929140.779,open,25,11,40.763,0.314,241.0,0,25,0,249,8.525,6.813,6459529
10.794,1790929140.789,open,25,11,40.726,0.309,241.0,0,25,0,249,8.533,6.728,6466769
10.804,1790929140.799,open,25,11,40.736,0.252,241.0,0,24,0,249,8.531,5.392,6482697
10.814,1790929140.809,open,25,11,40.736,0.252,241.0,0,24,0,249,8.531,5.392,6482697
10.824,1790929140.819,recovery,17,12,40.548,0.274,241.0,0,24,6,251,8.228,5.477,6482697
10.834,1790929140.830,recovery,12,12,40.714,0.537,241.0,0,24,6,251,8.194,5.256,6482697
10.845,1790929140.840,recovery,12,12,40.895,0.766,241.0,0,29,6,255,8.158,4.67,6482697
10.855,1790929140.850,recovery,12,12,40.895,0.766,241.0,0,29,6,255,8.158,4.67,6482697
10.865,1790929140.861,recovery,12,12,40.92,0.473,241.0,0,29,5,256,9.512,4.552,6485593
10.875,1790929140.871,recovery,12,12,40.92,0.473,241.0,0,29,5,256,9.512,4.552,6485593
10.886,1790929140.881,recovery,12,12,40.693,0.811,241.0,0,17,1,256,5.124,2.994,6516001
10.896,1790929140.891,recovery,12,12,40.693,0.811,241.0,0,17,1,256,5.124,2.994,6516001
10.906,1790929140.901,open,12,12,40.769,0.589,241.0,0,12,0,256,4.092,3.388,6527585
10.917,1790929140.912,open,12,12,40.769,0.589,241.0,0,12,0,256,4.092,3.388,6527585
10.927,1790929140.923,open,13,12,40.717,0.491,241.0,0,13,0,256,4.438,3.267,6540617
10.938,1790929140.933,open,13,12,40.717,0.491,241.0,0,13,0,256,4.438,3.267,6540617
10.948,1790929140.944,open,13,12,40.785,0.505,241.0,0,13,0,256,4.431,3.37,6544961
10.959,1790929140.954,open,13,12,40.746,0.457,241.0,0,13,0,256,4.431,3.395,6555097
10.969,1790929140.964,open,14,12,40.746,0.344,241.0,0,14,0,256,4.776,3.695,6559441
10.979,1790929140.974,open,14,12,40.746,0.344,241.0,0,14,0,256,4.776,3.695,6559441
10.989,1790929140.984,open,14,12,40.686,0.348,241.0,0,14,0,256,4.783,3.65,6563785
10.999,1790929140.995,open,14,12,40.651,0.33,241.0,0,14,0,256,4.787,3.72,6573921
11.009,1790929141.005,open,15,12,40.585,0.336,241.0,0,15,0,256,5.138,3.979,6579713
11.020,1790929141.015,open,15,12,40.585,0.336,241.0,0,15,0,256,5.138,3.979,6579713
11.030,1790929141.025,open,15,12,40.525,0.341,241.0,0,15,0,256,5.145,4.027,6584057
11.040,1790929141.035,open,15,12,40.472,0.343,241.0,0,15,0,256,5.152,4.012,6594193
11.050,1790929141.045,open,16,12,40.42,0.345,241.0,0,16,0,256,5.502,4.331,6601433
11.060,1790929141.056,open,16,12,40.42,0.345,241.0,0,16,0,256,5.502,4.331,6601433
11.071,1790929141.066,open,16,12,40.381,0.338,241.0,0,16,0,256,5.508,4.332,6605777
11.081,1790929141.076,open,16,12,40.351,0.313,241.0,0,16,0,256,5.512,4.328,6615913
11.091,1790929141.086,open,17,12,40.317,0.303,241.0,0,17,0,256,5.861,4.625,6624601
11.101,1790929141.096,open,17,12,40.317,0.303,241.0,0,17,0,256,5.861,4.625,6624601
11.111,1790929141.106,open,17,12,40.291,0.279,241.0,0,17,0,256,5.865,4.62,6628945
11.121,1790929141.116,open,18,12,40.245,0.237,241.0,0,18,0,256,6.217,4.912,6649217
11.131,1790929141.126,open,18,12,40.245,0.237,241.0,0,18,0,256,6.217,4.912,6649217
11.141,1790929141.137,open,18,12,40.245,0.237,241.0,0,18,0,256,6.217,4.912,6649217
11.151,1790929141.147,open,18,12,40.229,0.209,241.0,0,18,0,256,6.22,4.908,6653561
11.162,1790929141.157,open,19,12,40.203,0.165,241.0,0,19,0,256,6.57,5.198,6675281
11.172,1790929141.167,open,19,12,40.203,0.165,241.0,0,19,0,256,6.57,5.198,6675281
11.182,1790929141.177,open,19,12,40.203,0.165,241.0,0,19,0,256,6.57,5.198,6675281
11.192,1790929141.187,open,19,12,40.189,0.15,241.0,0,19,0,256,6.572,5.197,6679625
11.202,1790929141.197,open,20,12,40.168,0.121,241.0,0,20,0,256,6.921,5.487,6702793
11.212,1790929141.207,open,20,12,40.168,0.121,241.0,0,20,0,256,6.921,5.487,6702793
11.222,1790929141.217,open,20,12,40.168,0.121,241.0,0,20,0,256,6.921,5.487,6702793
11.232,1790929141.228,open,20,12,40.171,0.096,241.0,0,20,0,256,6.921,5.476,6707137
11.242,1790929141.238,open,21,12,40.154,0.083,241.0,0,21,0,256,7.27,5.777,6731753
11.252,1790929141.248,open,21,12,40.154,0.083,241.0,0,21,0,256,7.27,5.777,6731753
11.263,1790929141.258,open,21,12,40.154,0.083,241.0,0,21,0,256,7.27,5.777,6731753
11.273,1790929141.268,open,21,12,40.143,0.083,241.0,0,21,0,256,7.272,5.764,6736097
11.283,1790929141.278,open,22,12,40.136,0.061,241.0,0,22,0,256,7.619,6.066,6762161
11.293,1790929141.288,open,22,12,40.136,0.061,241.0,0,22,0,256,7.619,6.066,6762161
11.303,1790929141.298,open,22,12,40.136,0.061,241.0,0,22,0,256,7.619,6.066,6762161
11.313,1790929141.308,open,22,12,40.127,0.061,241.0,0,22,0,256,7.621,6.071,6766505
11.323,1790929141.319,open,23,12,40.113,0.054,241.0,0,23,0,256,7.97,6.355,6794017
11.333,1790929141.329,open,23,12,40.113,0.054,241.0,0,23,0,256,7.97,6.355,6794017
11.344,1790929141.339,open,23,12,40.113,0.054,241.0,0,23,0,256,7.97,6.355,6794017
11.354,1790929141.349,open,23,12,40.107,0.054,241.0,0,23,0,256,7.972,6.36,6798361
11.364,1790929141.359,open,23,12,40.097,0.047,241.0,0,22,0,256,7.973,6.072,6824425
11.374,1790929141.369,open,23,12,40.097,0.047,241.0,0,22,0,256,7.973,6.072,6824425
11.384,1790929141.379,open,23,12,40.097,0.047,241.0,0,22,0,256,7.973,6.072,6824425
11.394,1790929141.389,recovery,19,11,40.083,0.041,241.0,0,22,2,258,7.63,6.071,6824425
11.404,1790929141.399,recovery,11,11,40.198,0.24,241.0,0,28,2,258,8.645,4.909,6824425
11.414,1790929141.409,recovery,11,11,40.198,0.24,241.0,0,28,2,258,8.645,4.909,6824425
11.424,1790929141.420,recovery,11,11,40.198,0.24,241.0,0,28,2,258,8.645,4.909,6824425
11.435,1790929141.430,recovery,11,11,40.151,0.215,241.0,0,11,3,261,3.808,4.619,6851937
11.445,1790929141.440,recovery,11,11,40.409,0.501,241.0,0,17,3,261,4.816,2.23,6851937
11.456,1790929141.451,recovery,11,11,40.409,0.501,241.0,0,17,3,261,4.816,2.23,6851937
11.466,1790929141.462,recovery,11,11,40.409,0.501,241.0,0,17,3,261,4.816,2.23,6851937
11.477,1790929141.472,open,11,11,40.635,0.442,241.0,0,11,0,261,3.763,3.119,6867865
11.488,1790929141.483,open,11,11,40.773,0.564,241.0,0,11,0,261,3.75,3.046,6876553
11.498,1790929141.493,open,11,11,40.773,0.564,241.0,0,11,0,261,3.75,3.046,6876553
11.508,1790929141.503,open,11,11,40.773,0.564,241.0,0,11,0,261,3.75,3.046,6876553
11.519,1790929141.514,open,12,11,40.735,0.499,241.0,0,12,0,261,4.095,3.12,6883793
11.529,1790929141.524,open,12,11,40.758,0.54,241.0,0,12,0,261,4.093,3.047,6892481
11.539,1790929141.534,open,12,11,40.758,0.54,241.0,0,12,0,261,4.093,3.047,6892481
11.549,1790929141.544,open,13,11,40.682,0.541,241.0,0,13,0,261,4.442,3.435,6901169
11.559,1790929141.555,open,13,11,40.682,0.541,241.0,0,13,0,261,4.442,3.435,6901169
11.569,1790929141.565,open,13,11,40.591,0.472,241.0,0,13,0,261,4.452,3.448,6909857
11.580,1790929141.576,open,13,11,40.591,0.472,241.0,0,13,0,261,4.452,3.448,6909857
11.591,1790929141.586,open,14,11,40.557,0.42,241.0,0,14,0,261,4.798,3.733,6919993
11.602,1790929141.597,open,14,11,40.557,0.42,241.0,0,14,0,261,4.798,3.733,6919993
11.612,1790929141.608,open,14,11,40.514,0.307,241.0,0,14,0,261,4.804,3.715,6928681
11.622,1790929141.618,open,14,11,40.514,0.307,241.0,0,14,0,261,4.804,3.715,6928681
11.633,1790929141.629,open,15,11,40.511,0.236,241.0,0,15,0,261,5.147,4.004,6940265
11.644,1790929141.639,open,15,11,40.511,0.236,241.0,0,15,0,261,5.147,4.004,6940265
11.654,1790929141.650,open,15,11,40.52,0.146,241.0,0,15,0,261,5.146,4.001,6948953
11.665,1790929141.660,open,15,11,40.52,0.146,241.0,0,15,0,261,5.146,4.001,6948953
11.675,1790929141.670,open,16,11,40.512,0.124,241.0,0,16,0,261,5.49,4.29,6961985
11.686,1790929141.681,open,16,11,40.517,0.103,241.0,0,16,0,261,5.489,4.28,6966329
11.696,1790929141.691,open,16,11,40.574,0.191,241.0,0,16,0,261,5.482,4.24,6970673
11.706,1790929141.702,open,16,11,40.574,0.191,241.0,0,16,0,261,5.482,4.24,6970673
11.717,1790929141.712,open,17,11,40.601,0.197,241.0,0,17,0,261,5.82,4.543,6985153
11.728,1790929141.723,open,17,11,40.608,0.161,241.0,0,17,0,261,5.819,4.558,6989497
11.738,1790929141.734,open,17,11,40.714,0.333,241.0,0,17,0,261,5.804,4.469,6993841
11.749,1790929141.744,open,17,11,40.714,0.333,241.0,0,17,0,261,5.804,4.469,6993841
11.760,1790929141.755,open,18,11,40.69,0.299,241.0,0,18,0,261,6.149,4.827,7009769
11.770,1790929141.765,open,18,11,40.742,0.342,241.0,0,18,0,261,6.141,4.748,7018457
11.780,1790929141.775,open,18,11,40.742,0.342,241.0,0,18,0,261,6.141,4.748,7018457
11.790,1790929141.785,open,18,11,40.742,0.342,241.0,0,18,0,261,6.141,4.748,7018457
11.801,1790929141.796,open,19,11,40.789,0.351,241.0,0,19,0,261,6.475,5.069,7035833
11.811,1790929141.807,open,19,11,40.804,0.238,241.0,0,19,0,261,6.473,5.114,7044521
11.822,1790929141.817,open,19,11,40.804,0.238,241.0,0,19,0,261,6.473,5.114,7044521
11.832,1790929141.827,open,19,11,40.804,0.238,241.0,0,19,0,261,6.473,5.114,7044521
11.842,1790929141.838,open,20,11,40.776,0.235,241.0,0,20,0,261,6.818,5.351,7063345
11.853,1790929141.848,open,20,11,40.734,0.181,241.0,0,20,0,261,6.825,5.398,7072033
11.863,1790929141.859,open,20,11,40.734,0.181,241.0,0,20,0,261,6.825,5.398,7072033
11.874,1790929141.869,open,20,11,40.734,0.181,241.0,0,20,0,261,6.825,5.398,7072033
11.884,1790929141.880,open,21,11,40.934,0.536,241.0,0,21,0,261,7.131,5.469,7092305
11.895,1790929141.890,open,21,11,40.97,0.363,241.0,0,21,0,261,7.125,5.656,7100993
11.905,1790929141.900,open,21,11,40.97,0.363,241.0,0,21,0,261,7.125,5.656,7100993
11.915,1790929141.910,open,21,11,40.97,0.363,241.0,0,21,0,261,7.125,5.656,7100993
11.926,1790929141.921,open,22,11,40.997,0.328,241.0,0,22,0,261,7.459,5.743,7122713
11.936,1790929141.931,open,22,11,40.865,0.34,241.0,0,22,0,261,7.484,5.938,7131401
11.947,1790929141.942,open,22,11,40.865,0.34,241.0,0,22,0,261,7.484,5.938,7131401
11.957,1790929141.953,open,23,11,40.813,0.342,241.0,0,23,0,261,7.834,6.185,7154569
11.968,1790929141.963,open,23,11,40.813,0.342,241.0,0,23,0,261,7.834,6.185,7154569
11.978,1790929141.973,open,23,11,40.91,0.494,241.0,0,23,0,261,7.815,6.276,7163257
11.988,1790929141.984,open,23,11,40.91,0.494,241.0,0,23,0,261,7.815,6.276,7163257
11.999,1790929141.994,open,24,11,40.934,0.417,241.0,0,24,0,261,8.15,6.479,7187873
12.009,1790929142.005,open,24,11,40.934,0.417,241.0,0,24,0,261,8.15,6.479,7187873
12.019,1790929142.015,open,24,11,40.852,0.425,241.0,0,24,0,261,8.166,6.562,7196561
12.030,1790929142.025,open,24,11,40.852,0.425,241.0,0,24,0,261,8.166,6.562,7196561
12.040,1790929142.035,open,25,11,40.768,0.432,241.0,0,25,0,261,8.524,6.761,7222625
12.050,1790929142.045,open,25,11,40.768,0.432,241.0,0,25,0,261,8.524,6.761,7222625
12.060,1790929142.056,open,25,11,40.712,0.433,241.0,0,25,0,261,8.536,6.895,7231313
12.070,1790929142.066,open,25,11,40.712,0.433,241.0,0,25,0,261,8.536,6.895,7231313
12.081,1790929142.076,open,26,11,40.72,0.342,241.0,0,25,0,261,8.876,6.247,7254481
12.091,1790929142.086,open,26,11,40.72,0.342,241.0,0,25,0,261,8.876,6.247,7254481
12.101,1790929142.096,recovery,19,13,40.849,0.546,241.0,0,25,3,264,8.507,6.043,7254481
12.111,1790929142.106,recovery,19,13,40.849,0.546,241.0,0,25,3,264,8.507,6.043,7254481
12.122,1790929142.117,recovery,13,13,40.846,0.415,241.0,0,30,3,264,8.508,4.822,7254481
12.132,1790929142.127,recovery,13,13,40.846,0.415,241.0,0,30,3,264,8.508,4.822,7254481
12.142,1790929142.138,recovery,13,13,40.897,0.252,241.0,0,13,5,269,4.419,3.847,7283441
12.153,1790929142.148,recovery,13,13,40.897,0.252,241.0,0,13,5,269,4.419,3.847,7283441
12.163,1790929142.158,recovery,13,13,40.979,0.407,241.0,0,18,5,269,5.427,2.21,7283441
12.173,1790929142.168,recovery,13,13,40.979,0.407,241.0,0,18,5,269,5.427,2.21,7283441
12.183,1790929142.178,open,13,13,41.057,0.218,242.0,0,13,0,269,4.401,3.626,7300817
12.193,1790929142.189,open,13,13,41.057,0.218,242.0,0,13,0,269,4.401,3.626,7300817
12.204,1790929142.199,open,13,13,43.585,5.633,244.0,0,13,0,269,4.146,3.592,7309505
12.214,1790929142.209,open,13,13,43.585,5.633,244.0,0,13,0,269,4.146,3.592,7309505
12.224,1790929142.219,open,14,13,43.19,5.015,244.0,0,14,0,269,4.506,3.626,7319641
12.235,1790929142.230,open,14,13,43.19,5.015,244.0,0,14,0,269,4.506,3.626,7319641
12.245,1790929142.240,open,14,13,42.598,3.865,243.0,0,14,0,269,4.568,3.725,7328329
12.255,1790929142.250,open,14,13,42.598,3.865,243.0,0,14,0,269,4.568,3.725,7328329
12.266,1790929142.261,open,15,13,42.378,3.339,243.0,0,15,0,269,4.92,3.971,7339913
12.277,1790929142.272,open,15,13,42.378,3.339,243.0,0,15,0,269,4.92,3.971,7339913
12.287,1790929142.282,open,15,13,42.221,2.818,243.0,0,15,0,269,4.939,3.945,7348601
12.297,1790929142.292,open,15,13,42.221,2.818,243.0,0,15,0,269,4.939,3.945,7348601
12.307,1790929142.302,open,16,13,42.002,2.552,243.0,0,16,0,269,5.295,4.254,7361633
12.317,1790929142.312,open,16,13,42.002,2.552,243.0,0,16,0,269,5.295,4.254,7361633
12.327,1790929142.323,open,16,13,41.772,2.375,242.0,0,16,0,269,5.324,4.226,7370321
12.337,1790929142.333,open,16,13,41.772,2.375,242.0,0,16,0,269,5.324,4.226,7370321
12.347,1790929142.343,open,17,13,41.564,2.196,242.0,0,17,0,269,5.685,4.579,7384801
12.358,1790929142.353,open,17,13,41.564,2.196,242.0,0,17,0,269,5.685,4.579,7384801
12.368,1790929142.363,open,17,13,41.375,2.025,242.0,0,17,0,269,5.711,4.614,7393489
12.378,1790929142.373,open,17,13,41.375,2.025,242.0,0,17,0,269,5.711,4.614,7393489
12.388,1790929142.383,open,18,13,41.212,1.844,242.0,0,18,0,269,6.071,4.909,7409417
12.398,1790929142.393,open,18,13,41.212,1.844,242.0,0,18,0,269,6.071,4.909,7409417
12.408,1790929142.403,open,18,13,41.068,1.672,242.0,0,18,0,269,6.093,4.916,7418105
12.418,1790929142.413,open,18,13,41.068,1.672,242.0,0,18,0,269,6.093,4.916,7418105
12.428,1790929142.423,open,19,13,40.944,1.502,241.0,0,19,0,269,6.451,5.202,7435481
12.438,1790929142.434,open,19,13,40.944,1.502,241.0,0,19,0,269,6.451,5.202,7435481
12.448,1790929142.444,open,19,13,40.832,1.349,241.0,0,19,0,269,6.468,5.205,7444169
12.459,1790929142.454,open,20,13,40.738,1.201,241.0,0,20,0,269,6.824,5.491,7462993
12.469,1790929142.464,open,20,13,40.738,1.201,241.0,0,20,0,269,6.824,5.491,7462993
12.479,1790929142.474,open,20,13,40.738,1.201,241.0,0,20,0,269,6.824,5.491,7462993
12.489,1790929142.484,open,20,13,40.657,1.063,241.0,0,20,0,269,6.838,5.489,7471681
12.499,1790929142.494,open,21,13,40.648,0.814,241.0,0,21,0,269,7.181,5.708,7491953
12.509,1790929142.504,open,21,13,40.648,0.814,241.0,0,21,0,269,7.181,5.708,7491953
12.519,1790929142.515,open,21,13,40.648,0.814,241.0,0,21,0,269,7.181,5.708,7491953
12.530,1790929142.525,open,21,13,40.633,0.642,241.0,0,21,0,269,7.184,5.717,7500641
12.540,1790929142.535,open,21,13,40.699,0.614,241.0,0,22,0,269,7.184,5.908,7522361
12.550,1790929142.546,open,22,13,40.699,0.614,241.0,0,22,0,269,7.514,5.908,7522361
12.560,1790929142.556,open,22,13,40.699,0.614,241.0,0,22,0,269,7.514,5.908,7522361
12.571,1790929142.566,open,22,13,40.636,0.586,241.0,0,22,0,269,7.526,6.001,7531049
12.581,1790929142.576,open,23,13,40.6,0.511,241.0,0,23,0,269,7.875,6.189,7554217
12.591,1790929142.586,open,23,13,40.6,0.511,241.0,0,23,0,269,7.875,6.189,7554217
12.601,1790929142.596,open,23,13,40.6,0.511,241.0,0,23,0,269,7.875,6.189,7554217
12.612,1790929142.607,open,23,13,40.544,0.496,241.0,0,23,0,269,7.886,6.339,7562905
12.622,1790929142.618,open,23,13,40.548,0.38,241.0,0,22,0,269,7.885,5.422,7581729
12.633,1790929142.628,open,23,13,40.548,0.38,241.0,0,22,0,269,7.885,5.422,7581729
12.643,1790929142.638,open,23,13,40.548,0.38,241.0,0,22,0,269,7.885,5.422,7581729
12.653,1790929142.648,recovery,15,11,40.717,0.376,241.0,0,22,4,272,7.511,5.337,7581729
12.663,1790929142.659,recovery,11,11,40.7,0.316,241.0,0,27,4,273,7.514,4.566,7581729
12.674,1790929142.669,recovery,11,11,40.7,0.316,241.0,0,27,4,273,7.514,4.566,7581729
12.684,1790929142.679,recovery,11,11,40.7,0.316,241.0,0,27,4,273,7.514,4.566,7581729
12.695,1790929142.690,recovery,11,11,40.594,0.369,241.0,0,27,3,275,8.903,3.652,7586073
12.705,1790929142.701,recovery,11,11,40.73,0.52,241.0,0,16,2,275,4.778,2.478,7610689
12.716,1790929142.711,recovery,11,11,40.73,0.52,241.0,0,16,2,275,4.778,2.478,7610689
12.726,1790929142.722,recovery,11,11,40.73,0.52,241.0,0,16,2,275,4.778,2.478,7610689
12.737,1790929142.732,open,11,11,40.754,0.381,241.0,0,11,0,275,3.752,3.17,7625169
12.747,1790929142.742,open,11,11,40.847,0.387,241.0,0,11,0,275,3.743,3.03,7633857
12.757,1790929142.753,open,11,11,40.847,0.387,241.0,0,11,0,275,3.743,3.03,7633857
12.767,1790929142.763,open,12,11,40.803,0.379,241.0,0,12,0,275,4.088,3.148,7641097
12.778,1790929142.773,open,12,11,40.803,0.379,241.0,0,12,0,275,4.088,3.148,7641097
12.788,1790929142.783,open,12,11,40.801,0.248,241.0,0,12,0,275,4.088,3.084,7649785
12.798,1790929142.793,open,12,11,40.801,0.248,241.0,0,12,0,275,4.088,3.084,7649785
12.808,1790929142.803,open,13,11,40.792,0.203,241.0,0,13,0,275,4.43,3.412,7658473
12.818,1790929142.814,open,13,11,40.792,0.203,241.0,0,13,0,275,4.43,3.412,7658473
12.828,1790929142.824,open,13,11,40.641,0.228,241.0,0,13,0,275,4.446,3.4,7667161
12.839,1790929142.834,open,13,11,40.641,0.228,241.0,0,13,0,275,4.446,3.4,7667161
12.850,1790929142.845,open,14,11,40.608,0.229,241.0,0,14,0,275,4.792,3.697,7677297
12.860,1790929142.855,open,14,11,40.608,0.229,241.0,0,14,0,275,4.792,3.697,7677297
12.870,1790929142.865,open,14,11,40.603,0.21,241.0,0,14,0,275,4.793,3.725,7685985
12.881,1790929142.876,open,14,11,40.603,0.21,241.0,0,14,0,275,4.793,3.725,7685985
12.891,1790929142.886,open,15,11,40.663,0.279,241.0,0,15,0,275,5.128,3.946,7697569
12.901,1790929142.897,open,15,11,40.663,0.279,241.0,0,15,0,275,5.128,3.946,7697569
12.911,1790929142.907,open,15,11,40.706,0.222,241.0,0,15,0,275,5.122,3.982,7706257
12.922,1790929142.917,open,15,11,40.706,0.222,241.0,0,15,0,275,5.122,3.982,7706257
12.932,1790929142.927,open,16,11,40.682,0.215,241.0,0,16,0,275,5.467,4.228,7719289
12.942,1790929142.937,open,16,11,40.682,0.215,241.0,0,16,0,275,5.467,4.228,7719289
12.952,1790929142.947,open,16,11,40.694,0.169,241.0,0,16,0,275,5.465,4.255,7727977
12.962,1790929142.958,open,16,11,40.694,0.169,241.0,0,16,0,275,5.465,4.255,7727977
12.973,1790929142.968,open,17,11,40.748,0.234,241.0,0,17,0,275,5.799,4.506,7742457
12.983,1790929142.979,open,17,11,40.748,0.234,241.0,0,17,0,275,5.799,4.506,7742457
12.994,1790929142.989,open,17,11,40.713,0.24,241.0,0,17,0,275,5.804,4.539,7751145
13.004,1790929142.999,open,17,11,40.713,0.24,241.0,0,17,0,275,5.804,4.539,7751145
13.014,1790929143.009,open,18,11,40.639,0.251,241.0,0,18,0,275,6.157,4.786,7767073
13.024,1790929143.019,open,18,11,40.639,0.251,241.0,0,18,0,275,6.157,4.786,7767073
13.034,1790929143.030,open,18,11,40.511,0.266,241.0,0,18,0,275,6.176,4.889,7775761
13.044,1790929143.040,open,18,11,40.511,0.266,241.0,0,18,0,275,6.176,4.889,7775761
13.055,1790929143.050,open,19,11,40.505,0.211,241.0,0,19,0,275,6.52,5.152,7793137
13.065,1790929143.060,open,19,11,40.505,0.211,241.0,0,19,0,275,6.52,5.152,7793137
13.075,1790929143.070,open,19,11,40.414,0.22,241.0,0,19,0,275,6.535,5.198,7801825
13.085,1790929143.080,open,19,11,40.414,0.22,241.0,0,19,0,275,6.535,5.198,7801825
13.095,1790929143.090,open,20,11,40.378,0.222,241.0,0,20,0,275,6.885,5.438,7820649
13.105,1790929143.100,open,20,11,40.378,0.222,241.0,0,20,0,275,6.885,5.438,7820649
13.115,1790929143.110,open,20,11,40.307,0.226,241.0,0,20,0,275,6.897,5.487,7829337
13.125,1790929143.121,open,20,11,40.307,0.226,241.0,0,20,0,275,6.897,5.487,7829337
13.135,1790929143.131,open,21,11,40.285,0.213,241.0,0,21,0,275,7.246,5.772,7849609
13.146,1790929143.141,open,21,11,40.285,0.213,241.0,0,21,0,275,7.246,5.772,7849609
13.156,1790929143.151,open,21,11,40.241,0.198,241.0,0,21,0,275,7.254,5.781,7858297
13.166,1790929143.161,open,21,11,40.241,0.198,241.0,0,21,0,275,7.254,5.781,7858297
13.176,1790929143.171,open,22,11,40.228,0.174,241.0,0,22,0,275,7.602,6.059,7880017
13.186,1790929143.181,open,22,11,40.228,0.174,241.0,0,22,0,275,7.602,6.059,7880017
13.196,1790929143.191,open,22,11,40.195,0.156,241.0,0,22,0,275,7.608,6.07,7888705
13.206,1790929143.202,open,22,11,40.195,0.156,241.0,0,22,0,275,7.608,6.07,7888705
13.216,1790929143.212,open,23,11,40.187,0.132,241.0,0,23,0,275,7.956,6.348,7911873
13.227,1790929143.222,open,23,11,40.187,0.132,241.0,0,23,0,275,7.956,6.348,7911873
13.237,1790929143.232,open,23,11,40.161,0.12,241.0,0,23,0,275,7.961,6.359,7920561
13.247,1790929143.242,open,23,11,40.161,0.12,241.0,0,23,0,275,7.961,6.359,7920561
13.257,1790929143.252,open,24,11,40.157,0.098,241.0,0,24,0,275,8.308,6.637,7945177
13.267,1790929143.262,open,24,11,40.157,0.098,241.0,0,24,0,275,8.308,6.637,7945177
13.277,1790929143.272,open,24,11,40.139,0.087,241.0,0,24,0,275,8.311,6.649,7953865
13.287,1790929143.283,open,24,11,40.139,0.087,241.0,0,24,0,275,8.311,6.649,7953865
13.297,1790929143.293,open,25,11,40.141,0.068,241.0,0,25,0,275,8.657,6.923,7979929
13.308,1790929143.303,open,25,11,40.141,0.068,241.0,0,25,0,275,8.657,6.923,7979929
13.318,1790929143.313,open,25,11,40.125,0.059,241.0,0,25,0,275,8.661,6.938,7988617
13.328,1790929143.323,open,25,11,40.125,0.059,241.0,0,25,0,275,8.661,6.938,7988617
13.338,1790929143.333,open,25,11,40.127,0.047,241.0,0,24,0,275,8.66,5.48,8007441
13.348,1790929143.343,open,25,11,40.127,0.047,241.0,0,24,0,275,8.66,5.48,8007441
13.358,1790929143.353,recovery,15,12,40.225,0.277,241.0,0,24,6,278,8.294,5.42,8007441
13.368,1790929143.363,recovery,15,12,40.225,0.277,241.0,0,24,6,278,8.294,5.42,8007441
13.378,1790929143.374,recovery,12,12,40.329,0.415,241.0,0,29,6,281,8.272,4.796,8007441
13.388,1790929143.384,recovery,12,12,40.329,0.415,241.0,0,29,6,281,8.272,4.796,8007441
13.398,1790929143.394,recovery,12,12,40.316,0.437,241.0,0,29,4,282,9.654,3.994,8011785
13.409,1790929143.404,recovery,12,12,40.316,0.437,241.0,0,29,4,282,9.654,3.994,8011785
13.419,1790929143.414,recovery,12,12,40.192,0.296,241.0,0,17,1,282,4.15,3.103,8040745
13.429,1790929143.424,open,12,12,40.15,0.237,241.0,0,12,0,282,4.155,3.473,8052329
13.439,1790929143.434,open,12,12,40.15,0.237,241.0,0,12,0,282,4.155,3.473,8052329
13.449,1790929143.444,open,12,12,40.15,0.237,241.0,0,12,0,282,4.155,3.473,8052329
13.459,1790929143.454,open,13,12,42.441,4.776,243.0,0,13,0,282,4.258,3.47,8065361
13.469,1790929143.465,open,13,12,42.173,4.117,243.0,0,13,0,282,4.285,3.45,8069705
13.480,1790929143.475,open,13,12,42.173,4.117,243.0,0,13,0,282,4.285,3.45,8069705
13.490,1790929143.485,open,13,12,42.173,4.117,243.0,0,13,0,282,4.285,3.45,8069705
13.500,1790929143.496,open,14,12,41.962,3.51,242.0,0,14,0,282,4.638,3.721,8084185
13.511,1790929143.506,open,14,12,41.78,2.996,242.0,0,14,0,282,4.658,3.717,8088529
13.521,1790929143.516,open,14,12,41.78,2.996,242.0,0,14,0,282,4.658,3.717,8088529
13.531,1790929143.527,open,14,12,41.78,2.996,242.0,0,14,0,282,4.658,3.717,8088529
13.541,1790929143.537,open,15,12,41.62,2.568,242.0,0,15,0,282,5.01,4.004,8104457
13.552,1790929143.547,open,15,12,41.527,2.11,242.0,0,15,0,282,5.021,3.966,8108801
13.562,1790929143.557,open,15,12,41.527,2.11,242.0,0,15,0,282,5.021,3.966,8108801
13.572,1790929143.567,open,15,12,41.527,2.11,242.0,0,15,0,282,5.021,3.966,8108801
13.582,1790929143.577,open,16,12,41.355,1.928,242.0,0,16,0,282,5.378,4.29,8126177
13.592,1790929143.587,open,16,12,41.207,1.741,242.0,0,16,0,282,5.397,4.25,8130521
13.602,1790929143.598,open,16,12,41.207,1.741,242.0,0,16,0,282,5.397,4.25,8130521
13.613,1790929143.608,open,16,12,41.207,1.741,242.0,0,16,0,282,5.397,4.25,8130521
13.623,1790929143.618,open,17,12,41.119,1.483,242.0,0,17,0,282,5.747,4.576,8149345
13.633,1790929143.628,open,17,12,41.0,1.349,241.0,0,17,0,282,5.764,4.613,8153689
13.643,1790929143.638,open,17,12,41.0,1.349,241.0,0,17,0,282,5.764,4.613,8153689
13.653,1790929143.648,open,17,12,41.0,1.349,241.0,0,17,0,282,5.764,4.613,8153689
13.663,1790929143.659,open,18,12,40.898,1.216,241.0,0,18,0,282,6.118,4.862,8173961
13.674,1790929143.669,open,18,12,40.819,1.07,241.0,0,18,0,282,6.13,4.89,8178305
13.684,1790929143.679,open,18,12,40.819,1.07,241.0,0,18,0,282,6.13,4.89,8178305
13.695,1790929143.690,open,18,12,40.819,1.07,241.0,0,18,0,282,6.13,4.89,8178305
13.705,1790929143.700,open,19,12,40.766,0.909,241.0,0,19,0,282,6.479,5.16,8200025
13.716,1790929143.711,open,19,12,40.708,0.798,241.0,0,19,0,282,6.488,5.173,8204369
13.727,1790929143.722,open,19,12,40.708,0.798,241.0,0,19,0,282,6.488,5.173,8204369
13.737,1790929143.732,open,20,12,40.668,0.678,241.0,0,20,0,282,6.836,5.447,8227537
13.747,1790929143.743,open,20,12,40.668,0.678,241.0,0,20,0,282,6.836,5.447,8227537
13.757,1790929143.753,open,20,12,40.708,0.588,241.0,0,20,0,282,6.829,5.369,8231881
13.768,1790929143.763,open,20,12,40.708,0.588,241.0,0,20,0,282,6.829,5.369,8231881
13.778,1790929143.773,open,21,12,40.731,0.487,241.0,0,21,0,282,7.167,5.664,8256497
13.788,1790929143.783,open,21,12,40.731,0.487,241.0,0,21,0,282,7.167,5.664,8256497
13.798,1790929143.793,open,21,12,40.751,0.405,241.0,0,21,0,282,7.163,5.652,8260841
13.809,1790929143.804,open,21,12,40.751,0.405,241.0,0,21,0,282,7.163,5.652,8260841
13.819,1790929143.814,open,22,12,40.751,0.304,241.0,0,22,0,282,7.504,5.947,8286905
13.829,1790929143.824,open,22,12,40.751,0.304,241.0,0,22,0,282,7.504,5.947,8286905
13.840,1790929143.835,open,22,12,40.796,0.318,241.0,0,22,0,282,7.496,5.916,8291249
13.850,1790929143.845,open,22,12,40.796,0.318,241.0,0,22,0,282,7.496,5.916,8291249
13.861,1790929143.856,open,23,12,40.82,0.286,241.0,0,23,0,282,7.832,6.216,8318761
13.871,1790929143.866,open,23,12,40.82,0.286,241.0,0,23,0,282,7.832,6.216,8318761
13.881,1790929143.876,open,23,12,40.795,0.264,241.0,0,23,0,282,7.837,6.198,8323105
13.891,1790929143.886,open,23,12,40.795,0.264,241.0,0,23,0,282,7.837,6.198,8323105
13.901,1790929143.897,open,23,12,40.719,0.274,241.0,0,23,0,282,7.852,5.934,8349169
13.912,1790929143.908,open,23,12,40.719,0.274,241.0,0,23,0,282,7.852,5.934,8349169
13.922,1790929143.918,recovery,20,11,40.94,0.45,241.0,0,23,2,284,7.809,5.875,8349169
13.933,1790929143.928,recovery,20,11,40.94,0.45,241.0,0,23,2,284,7.809,5.875,8349169
13.943,1790929143.938,recovery,11,11,41.118,0.693,242.0,0,28,2,284,7.776,4.647,8349169
13.953,1790929143.948,recovery,11,11,41.118,0.693,242.0,0,28,2,284,7.776,4.647,8349169
13.963,1790929143.958,recovery,11,11,40.856,0.715,241.0,0,11,4,288,3.743,4.477,8376681
13.973,1790929143.969,recovery,11,11,40.856,0.715,241.0,0,11,4,288,3.743,4.477,8376681
13.984,1790929143.979,recovery,11,11,40.774,0.49,241.0,0,16,4,288,4.773,1.913,8376681
13.994,1790929143.990,recovery,11,11,40.774,0.49,241.0,0,16,4,288,4.773,1.913,8376681
14.004,1790929144.000,open,11,11,40.885,0.242,241.0,0,11,0,288,3.74,3.108,8392609
14.015,1790929144.010,open,11,11,40.885,0.242,241.0,0,11,0,288,3.74,3.108,8392609
14.025,1790929144.020,open,11,11,40.7,0.273,241.0,0,11,0,288,3.757,3.095,8399849
14.035,1790929144.030,open,11,11,40.7,0.273,241.0,0,11,0,288,3.757,3.095,8399849
14.045,1790929144.040,open,12,11,40.63,0.281,241.0,0,12,0,288,4.106,3.108,8408537
14.055,1790929144.050,open,12,11,40.63,0.281,241.0,0,12,0,288,4.106,3.108,8408537
14.065,1790929144.060,open,12,11,40.5,0.296,241.0,0,12,0,288,4.119,3.179,8415777
14.075,1790929144.071,open,12,11,40.5,0.296,241.0,0,12,0,288,4.119,3.179,8415777
14.085,1790929144.081,open,13,11,40.448,0.3,241.0,0,13,0,288,4.468,3.465,8425913
14.096,1790929144.091,open,13,11,40.448,0.3,241.0,0,13,0,288,4.468,3.465,8425913
14.106,1790929144.101,open,13,11,40.373,0.296,241.0,0,13,0,288,4.476,3.466,8433153
14.116,1790929144.111,open,13,11,40.373,0.296,241.0,0,13,0,288,4.476,3.466,8433153
14.126,1790929144.121,open,14,11,40.36,0.248,241.0,0,14,0,288,4.822,3.739,8444737
14.136,1790929144.132,open,14,11,40.36,0.248,241.0,0,14,0,288,4.822,3.739,8444737
14.147,1790929144.142,open,14,11,40.407,0.259,241.0,0,14,0,288,4.816,3.692,8451977
14.157,1790929144.152,open,14,11,40.407,0.259,241.0,0,14,0,288,4.816,3.692,8451977
14.167,1790929144.162,open,15,11,40.376,0.257,241.0,0,15,0,288,5.164,4.026,8465009
14.177,1790929144.172,open,15,11,40.376,0.257,241.0,0,15,0,288,5.164,4.026,8465009
14.187,1790929144.182,open,15,11,40.447,0.271,241.0,0,15,0,288,5.155,3.975,8472249
14.197,1790929144.193,open,15,11,40.447,0.271,241.0,0,15,0,288,5.155,3.975,8472249
14.207,1790929144.203,open,16,11,40.52,0.351,241.0,0,16,0,288,5.489,4.233,8486729
14.218,1790929144.213,open,16,11,40.52,0.351,241.0,0,16,0,288,5.489,4.233,8486729
14.228,1790929144.223,open,16,11,40.48,0.273,241.0,0,16,0,288,5.494,4.264,8493969
14.238,1790929144.233,open,16,11,40.48,0.273,241.0,0,16,0,288,5.494,4.264,8493969
14.248,1790929144.243,open,17,11,40.452,0.26,241.0,0,17,0,288,5.842,4.515,8509897
14.258,1790929144.253,open,17,11,40.452,0.26,241.0,0,17,0,288,5.842,4.515,8509897
14.268,1790929144.264,open,17,11,40.376,0.262,241.0,0,17,0,288,5.853,4.613,8517137
14.279,1790929144.274,open,17,11,40.376,0.262,241.0,0,17,0,288,5.853,4.613,8517137
14.289,1790929144.284,open,18,11,40.353,0.243,241.0,0,18,0,288,6.201,4.89,8534513
14.299,1790929144.294,open,18,11,40.353,0.243,241.0,0,18,0,288,6.201,4.89,8534513
14.309,1790929144.304,open,18,11,40.297,0.229,241.0,0,18,0,288,6.209,4.909,8541753
14.319,1790929144.314,open,18,11,40.297,0.229,241.0,0,18,0,288,6.209,4.909,8541753
14.329,1790929144.325,open,19,11,40.279,0.209,241.0,0,19,0,288,6.557,5.186,8560577
14.340,1790929144.335,open,19,11,40.279,0.209,241.0,0,19,0,288,6.557,5.186,8560577
14.350,1790929144.345,open,19,11,40.237,0.19,241.0,0,19,0,288,6.564,5.198,8567817
14.360,1790929144.355,open,19,11,40.229,0.158,241.0,0,20,0,288,6.564,5.478,8588089
14.370,1790929144.365,open,20,11,40.229,0.158,241.0,0,20,0,288,6.911,5.478,8588089
14.380,1790929144.376,open,20,11,40.229,0.158,241.0,0,20,0,288,6.911,5.478,8588089
14.391,1790929144.386,open,20,11,40.252,0.182,241.0,0,20,0,288,6.907,5.483,8595329
14.401,1790929144.396,open,21,11,40.259,0.15,241.0,0,21,0,288,7.251,5.747,8617049
14.411,1790929144.406,open,21,11,40.259,0.15,241.0,0,21,0,288,7.251,5.747,8617049
14.421,1790929144.416,open,21,11,40.259,0.15,241.0,0,21,0,288,7.251,5.747,8617049
14.431,1790929144.426,open,21,11,40.228,0.139,241.0,0,21,0,288,7.256,5.771,8624289
14.441,1790929144.437,open,22,11,40.212,0.137,241.0,0,22,0,288,7.605,6.032,8647457
14.451,1790929144.447,open,22,11,40.212,0.137,241.0,0,22,0,288,7.605,6.032,8647457
14.462,1790929144.457,open,22,11,40.212,0.137,241.0,0,22,0,288,7.605,6.032,8647457
14.472,1790929144.467,open,22,11,40.213,0.086,241.0,0,22,0,288,7.605,6.045,8654697
14.482,1790929144.477,open,23,11,40.235,0.109,241.0,0,23,0,288,7.946,6.309,8679313
14.492,1790929144.488,open,23,11,40.235,0.109,241.0,0,23,0,288,7.946,6.309,8679313
14.503,1790929144.498,open,23,11,40.235,0.109,241.0,0,23,0,288,7.946,6.309,8679313
14.514,1790929144.509,open,23,11,40.249,0.136,241.0,0,23,0,288,7.943,6.33,8686553
14.524,1790929144.519,open,24,11,40.364,0.331,241.0,0,24,0,288,8.265,6.47,8712617
14.535,1790929144.530,open,24,11,40.364,0.331,241.0,0,24,0,288,8.265,6.47,8712617
14.546,1790929144.541,open,24,11,40.364,0.331,241.0,0,24,0,288,8.265,6.47,8712617
14.556,1790929144.551,open,24,11,40.46,0.442,241.0,0,24,0,288,8.245,6.478,8719857
14.566,1790929144.561,open,25,11,40.456,0.341,241.0,0,25,0,288,8.59,6.751,8747369
14.576,1790929144.571,open,25,11,40.456,0.341,241.0,0,25,0,288,8.59,6.751,8747369
14.586,1790929144.582,open,25,11,40.456,0.341,241.0,0,25,0,288,8.59,6.751,8747369
14.596,1790929144.592,open,25,11,40.404,0.343,241.0,0,25,0,288,8.601,6.759,8754609
14.607,1790929144.602,open,25,11,40.362,0.342,241.0,0,24,0,288,8.61,5.157,8773433
14.617,1790929144.612,open,25,11,40.362,0.342,241.0,0,24,0,288,8.61,5.157,8773433
14.627,1790929144.622,open,25,11,40.362,0.342,241.0,0,24,0,288,8.61,5.157,8773433
14.637,1790929144.632,recovery,15,12,40.351,0.426,241.0,0,24,7,291,8.268,5.081,8773433
14.647,1790929144.642,recovery,12,12,40.323,0.376,241.0,0,29,7,295,8.274,4.908,8773433
14.657,1790929144.652,recovery,12,12,40.323,0.376,241.0,0,29,7,295,8.274,4.908,8773433
14.667,1790929144.662,recovery,12,12,40.282,0.362,241.0,0,29,6,295,8.274,4.92,8774881
14.677,1790929144.673,recovery,12,12,40.216,0.319,241.0,0,29,4,295,9.678,4.234,8777777
14.687,1790929144.683,open,12,12,40.12,0.177,241.0,0,12,0,295,4.158,3.464,8815425
14.697,1790929144.693,open,12,12,40.12,0.177,241.0,0,12,0,295,4.158,3.464,8815425
14.708,1790929144.703,open,12,12,40.109,0.154,241.0,0,12,0,295,4.159,3.473,8818321
14.718,1790929144.713,open,12,12,40.109,0.154,241.0,0,12,0,295,4.159,3.473,8818321
14.728,1790929144.723,open,13,12,41.476,2.834,242.0,0,13,0,295,4.357,3.469,8832801
14.738,1790929144.733,open,13,12,41.476,2.834,242.0,0,13,0,295,4.357,3.469,8832801
14.748,1790929144.743,open,13,12,41.295,2.488,242.0,0,13,0,295,4.376,3.473,8835697
14.758,1790929144.754,open,13,12,41.295,2.488,242.0,0,13,0,295,4.376,3.473,8835697
14.768,1790929144.764,open,14,12,41.153,2.149,242.0,0,14,0,295,4.729,3.752,8851625
14.778,1790929144.774,open,14,12,41.153,2.149,242.0,0,14,0,295,4.729,3.752,8851625
14.788,1790929144.784,open,14,12,41.012,1.894,242.0,0,14,0,295,4.745,3.762,8854521
14.799,1790929144.794,open,14,12,41.012,1.894,242.0,0,14,0,295,4.745,3.762,8854521
14.809,1790929144.804,open,15,12,40.901,1.643,241.0,0,15,0,295,5.098,4.04,8871897
14.819,1790929144.814,open,15,12,40.901,1.643,241.0,0,15,0,295,5.098,4.04,8871897
14.829,1790929144.824,open,15,12,40.85,1.334,241.0,0,15,0,295,5.104,4.005,8874793
14.839,1790929144.835,open,15,12,40.85,1.334,241.0,0,15,0,295,5.104,4.005,8874793
14.850,1790929144.845,open,16,12,40.824,1.054,241.0,0,16,0,295,5.448,4.275,8893617
14.860,1790929144.856,open,16,12,40.824,1.054,241.0,0,16,0,295,5.448,4.275,8893617
14.871,1790929144.866,open,16,12,40.769,0.899,241.0,0,16,0,295,5.455,4.291,8896513
14.881,1790929144.877,open,16,12,40.769,0.899,241.0,0,16,0,295,5.455,4.291,8896513
14.891,1790929144.887,open,17,12,40.771,0.677,241.0,0,17,0,295,5.796,4.544,8916785
14.902,1790929144.897,open,17,12,40.771,0.677,241.0,0,17,0,295,5.796,4.544,8916785
14.912,1790929144.907,open,17,12,40.8,0.567,241.0,0,17,0,295,5.792,4.519,8919681
14.922,1790929144.917,open,17,12,40.8,0.567,241.0,0,17,0,295,5.792,4.519,8919681
14.932,1790929144.928,open,18,12,40.859,0.542,241.0,0,18,0,295,6.124,4.771,8941401
14.943,1790929144.938,open,18,12,40.859,0.542,241.0,0,18,0,295,6.124,4.771,8941401
14.953,1790929144.948,open,18,12,40.826,0.472,241.0,0,18,0,295,6.129,4.801,8944297
14.963,1790929144.959,open,18,12,40.826,0.472,241.0,0,18,0,295,6.129,4.801,8944297
14.974,1790929144.969,open,19,12,40.904,0.509,241.0,0,19,0,295,6.457,5.03,8967465
14.984,1790929144.979,open,19,12,40.904,0.509,241.0,0,19,0,295,6.457,5.03,8967465
14.994,1790929144.989,open,19,12,40.836,0.51,241.0,0,19,0,295,6.468,5.136,8970361
15.004,1790929144.999,open,19,12,40.836,0.51,241.0,0,19,0,295,6.468,5.136,8970361
15.014,1790929145.010,open,20,12,40.747,0.516,241.0,0,20,0,295,6.823,5.308,8994977
15.025,1790929145.020,open,20,12,40.747,0.516,241.0,0,20,0,295,6.823,5.308,8994977
15.035,1790929145.030,open,20,12,40.663,0.521,241.0,0,20,0,295,6.837,5.452,8997873
15.045,1790929145.040,open,20,12,40.663,0.521,241.0,0,20,0,295,6.837,5.452,8997873
15.055,1790929145.050,open,21,12,40.599,0.52,241.0,0,21,0,295,7.19,5.77,9023937
15.065,1790929145.060,open,21,12,40.599,0.52,241.0,0,21,0,295,7.19,5.77,9023937
15.075,1790929145.070,open,21,12,40.542,0.504,241.0,0,21,0,295,7.2,5.771,9026833
15.085,1790929145.081,open,21,12,40.542,0.504,241.0,0,21,0,295,7.2,5.771,9026833
15.095,1790929145.091,open,22,12,40.49,0.481,241.0,0,22,0,295,7.553,6.057,9054345
15.106,1790929145.101,open,22,12,40.49,0.481,241.0,0,22,0,295,7.553,6.057,9054345
15.116,1790929145.111,open,22,12,40.44,0.462,241.0,0,22,0,295,7.562,6.06,9057241
15.126,1790929145.121,open,22,12,40.44,0.462,241.0,0,22,0,295,7.562,6.06,9057241
15.136,1790929145.131,open,23,12,40.404,0.418,241.0,0,23,0,295,7.913,6.345,9086201
15.146,1790929145.141,open,23,12,40.404,0.418,241.0,0,23,0,295,7.913,6.345,9086201
15.156,1790929145.151,open,23,12,40.367,0.388,241.0,0,23,0,295,7.92,6.354,9089097
15.166,1790929145.162,open,23,12,40.367,0.388,241.0,0,23,0,295,7.92,6.354,9089097
15.176,1790929145.172,open,24,12,40.341,0.343,241.0,0,23,0,295,8.27,5.767,9115161
15.186,1790929145.182,open,24,12,40.341,0.343,241.0,0,23,0,295,8.27,5.767,9115161
15.197,1790929145.192,recovery,19,12,40.274,0.307,241.0,0,23,3,296,7.938,5.776,9115161
15.207,1790929145.202,recovery,19,12,40.274,0.307,241.0,0,23,3,296,7.938,5.776,9115161
15.217,1790929145.212,recovery,12,12,40.299,0.3,241.0,0,29,3,298,7.933,4.846,9115161
15.227,1790929145.222,recovery,12,12,40.299,0.3,241.0,0,29,3,298,7.933,4.846,9115161
15.237,1790929145.232,recovery,12,12,40.262,0.3,241.0,0,29,5,301,9.667,4.917,9116609
15.247,1790929145.243,recovery,12,12,40.262,0.3,241.0,0,29,5,301,9.667,4.917,9116609
15.257,1790929145.253,recovery,12,12,40.258,0.368,241.0,0,18,3,301,5.179,2.54,9144121
15.268,1790929145.263,recovery,12,12,40.258,0.368,241.0,0,18,3,301,5.179,2.54,9144121
15.278,1790929145.273,open,12,12,40.173,0.284,241.0,0,11,0,301,4.152,3.182,9157153
15.288,1790929145.283,open,12,12,40.173,0.284,241.0,0,11,0,301,4.152,3.182,9157153
15.298,1790929145.293,open,12,12,41.797,3.482,242.0,0,12,0,301,3.991,3.387,9170185
15.308,1790929145.303,open,12,12,41.797,3.482,242.0,0,12,0,301,3.991,3.387,9170185
15.318,1790929145.313,open,13,12,41.583,3.04,242.0,0,13,0,301,4.346,3.469,9173081
15.328,1790929145.323,open,13,12,41.396,2.655,242.0,0,13,0,301,4.365,3.467,9177425
15.338,1790929145.334,open,13,12,41.086,2.031,242.0,0,13,0,301,4.398,3.47,9187561
15.348,1790929145.344,open,13,12,41.086,2.031,242.0,0,13,0,301,4.398,3.47,9187561
15.359,1790929145.354,open,14,12,40.957,1.782,241.0,0,14,0,301,4.752,3.758,9191905
15.369,1790929145.364,open,14,12,40.842,1.566,241.0,0,14,0,301,4.765,3.756,9196249
15.379,1790929145.374,open,14,12,40.652,1.21,241.0,0,14,0,301,4.787,3.759,9206385
15.389,1790929145.384,open,14,12,40.652,1.21,241.0,0,14,0,301,4.787,3.759,9206385
15.399,1790929145.394,open,15,12,40.573,1.064,241.0,0,15,0,301,5.139,4.049,9212177
15.409,1790929145.404,open,15,12,40.46,0.795,241.0,0,15,0,301,5.153,4.045,9222313
15.419,1790929145.415,open,15,12,40.41,0.697,241.0,0,15,0,301,5.16,4.048,9226657
15.429,1790929145.425,open,15,12,40.41,0.697,241.0,0,15,0,301,5.16,4.048,9226657
15.440,1790929145.435,open,16,12,40.398,0.547,241.0,0,16,0,301,5.506,4.31,9233897
15.450,1790929145.446,open,16,12,40.457,0.403,241.0,0,16,0,301,5.497,4.286,9248377
15.461,1790929145.456,open,16,12,40.457,0.403,241.0,0,16,0,301,5.497,4.286,9248377
15.471,1790929145.466,open,16,12,40.457,0.403,241.0,0,16,0,301,5.497,4.286,9248377
15.481,1790929145.476,open,17,12,40.477,0.341,241.0,0,17,0,301,5.838,4.563,9257065
15.491,1790929145.486,open,17,12,40.392,0.34,241.0,0,17,0,301,5.85,4.571,9271545
15.501,1790929145.497,open,17,12,40.392,0.34,241.0,0,17,0,301,5.85,4.571,9271545
15.511,1790929145.507,open,17,12,40.392,0.34,241.0,0,17,0,301,5.85,4.571,9271545
15.522,1790929145.517,open,18,12,40.359,0.321,241.0,0,18,0,301,6.2,4.848,9281681
15.532,1790929145.528,open,18,12,40.394,0.323,241.0,0,18,0,301,6.194,4.828,9296161
15.543,1790929145.538,open,18,12,40.394,0.323,241.0,0,18,0,301,6.194,4.828,9296161
15.553,1790929145.548,open,19,12,40.427,0.309,241.0,0,19,0,301,6.533,5.128,9307745
15.563,1790929145.558,open,19,12,40.427,0.309,241.0,0,19,0,301,6.533,5.128,9307745
15.573,1790929145.569,open,19,12,40.713,0.695,241.0,0,19,0,301,6.487,4.963,9322225
15.584,1790929145.579,open,19,12,40.713,0.695,241.0,0,19,0,301,6.487,4.963,9322225
15.594,1790929145.589,open,20,12,40.716,0.527,241.0,0,20,0,301,6.828,5.402,9335257
15.604,1790929145.600,open,20,12,40.716,0.527,241.0,0,20,0,301,6.828,5.402,9335257
15.615,1790929145.610,open,20,12,40.847,0.519,241.0,0,20,0,301,6.806,5.24,9349737
15.625,1790929145.620,open,20,12,40.847,0.519,241.0,0,20,0,301,6.806,5.24,9349737
15.635,1790929145.630,open,21,12,40.903,0.502,241.0,0,21,0,301,7.137,5.609,9364217
15.645,1790929145.640,open,21,12,40.903,0.502,241.0,0,21,0,301,7.137,5.609,9364217
15.655,1790929145.650,open,21,12,40.76,0.506,241.0,0,21,0,301,7.162,5.62,9378697
15.665,1790929145.661,open,21,12,40.76,0.506,241.0,0,21,0,301,7.162,5.62,9378697
15.676,1790929145.671,open,22,12,40.711,0.478,241.0,0,22,0,301,7.512,5.889,9394625
15.686,1790929145.681,open,22,12,40.711,0.478,241.0,0,22,0,301,7.512,5.889,9394625
15.696,1790929145.691,open,22,12,40.73,0.306,241.0,0,22,0,301,7.508,5.957,9409105
15.706,1790929145.702,open,22,12,40.73,0.306,241.0,0,22,0,301,7.508,5.957,9409105
15.717,1790929145.712,open,23,12,40.815,0.399,241.0,0,23,0,301,7.833,6.154,9426481
15.727,1790929145.722,open,23,12,40.815,0.399,241.0,0,23,0,301,7.833,6.154,9426481
15.737,1790929145.732,open,23,12,40.864,0.331,241.0,0,23,0,301,7.824,6.182,9440961
15.748,1790929145.743,open,23,12,40.864,0.331,241.0,0,23,0,301,7.824,6.182,9440961
15.758,1790929145.754,open,24,12,40.815,0.333,241.0,0,24,0,301,8.174,6.434,9459785
15.768,1790929145.764,open,24,12,40.815,0.333,241.0,0,24,0,301,8.174,6.434,9459785
15.779,1790929145.774,open,24,12,40.691,0.343,241.0,0,24,0,301,8.199,6.463,9474265
15.789,1790929145.784,open,24,12,40.691,0.343,241.0,0,24,0,301,8.199,6.463,9474265
15.799,1790929145.794,open,25,12,40.62,0.349,241.0,0,25,0,301,8.555,6.868,9494537
15.809,1790929145.804,open,25,12,40.62,0.349,241.0,0,25,0,301,8.555,6.868,9494537
15.819,1790929145.814,open,25,12,40.554,0.355,241.0,0,25,0,301,8.569,6.876,9504673
15.829,1790929145.824,open,25,12,40.554,0.355,241.0,0,25,0,301,8.569,6.876,9504673
15.839,1790929145.835,recovery,19,12,42.168,3.365,243.0,0,28,2,303,8.571,4.79,9506121
15.849,1790929145.845,recovery,19,12,42.168,3.365,243.0,0,28,2,303,8.571,4.79,9506121
15.860,1790929145.855,recovery,12,12,42.032,2.797,243.0,0,28,8,309,9.26,4.793,9506121
15.870,1790929145.865,recovery,12,12,42.032,2.797,243.0,0,28,8,309,9.26,4.793,9506121
15.880,1790929145.876,recovery,12,12,41.238,1.917,242.0,0,23,6,309,7.416,3.663,9522049
15.890,1790929145.886,recovery,12,12,41.238,1.917,242.0,0,23,6,309,7.416,3.663,9522049
15.901,1790929145.896,open,12,12,40.555,1.012,241.0,0,12,0,309,4.113,3.384,9546665
15.911,1790929145.906,open,12,12,40.555,1.012,241.0,0,12,0,309,4.113,3.384,9546665
15.921,1790929145.917,open,12,12,40.722,0.769,241.0,0,12,0,309,4.096,3.436,9555353
15.932,1790929145.927,open,12,12,40.722,0.769,241.0,0,12,0,309,4.096,3.436,9555353
15.942,1790929145.937,open,13,12,40.659,0.703,241.0,0,13,0,309,4.444,3.451,9564041
15.953,1790929145.948,open,13,12,40.659,0.703,241.0,0,13,0,309,4.444,3.451,9564041
15.964,1790929145.959,open,13,12,40.609,0.628,241.0,0,13,0,309,4.45,3.436,9572729
15.974,1790929145.969,open,13,12,40.609,0.628,241.0,0,13,0,309,4.45,3.436,9572729
15.984,1790929145.980,open,14,12,40.598,0.492,241.0,0,14,0,309,4.794,3.715,9582865
15.995,1790929145.990,open,14,12,40.598,0.492,241.0,0,14,0,309,4.794,3.715,9582865
16.005,1790929146.000,open,14,12,40.58,0.405,241.0,0,14,0,309,4.796,3.722,9591553
16.015,1790929146.010,open,14,12,40.58,0.405,241.0,0,14,0,309,4.796,3.722,9591553
16.025,1790929146.020,open,15,12,40.633,0.411,241.0,0,15,0,309,5.131,3.954,9603137
16.035,1790929146.031,open,15,12,40.633,0.411,241.0,0,15,0,309,5.131,3.954,9603137
16.045,1790929146.041,open,15,12,40.567,0.414,241.0,0,15,0,309,5.14,4.008,9611825
16.055,1790929146.051,open,15,12,40.567,0.414,241.0,0,15,0,309,5.14,4.008,9611825
16.066,1790929146.061,open,16,12,40.515,0.415,241.0,0,16,0,309,5.49,4.237,9624857
16.076,1790929146.071,open,16,12,40.515,0.415,241.0,0,16,0,309,5.49,4.237,9624857
16.086,1790929146.081,open,16,12,40.501,0.338,241.0,0,16,0,309,5.491,4.3,9633545
16.096,1790929146.092,open,16,12,40.501,0.338,241.0,0,16,0,309,5.491,4.3,9633545
16.107,1790929146.102,open,17,12,40.586,0.424,241.0,0,17,0,309,5.822,4.5,9648025
16.117,1790929146.112,open,17,12,40.586,0.424,241.0,0,17,0,309,5.822,4.5,9648025
16.127,1790929146.123,open,17,12,40.607,0.36,241.0,0,17,0,309,5.819,4.547,9656713
16.138,1790929146.134,open,17,12,40.607,0.36,241.0,0,17,0,309,5.819,4.547,9656713
16.149,1790929146.144,open,18,12,40.632,0.32,241.0,0,18,0,309,6.158,4.78,9672641
16.159,1790929146.154,open,18,12,40.632,0.32,241.0,0,18,0,309,6.158,4.78,9672641
16.169,1790929146.164,open,18,12,40.619,0.268,241.0,0,18,0,309,6.16,4.831,9681329
16.179,1790929146.174,open,18,12,40.619,0.268,241.0,0,18,0,309,6.16,4.831,9681329
16.189,1790929146.185,open,19,12,40.558,0.274,241.0,0,19,0,309,6.512,5.108,9698705
16.199,1790929146.195,open,19,12,40.558,0.274,241.0,0,19,0,309,6.512,5.108,9698705
16.210,1790929146.205,open,19,12,40.504,0.279,241.0,0,19,0,309,6.521,5.145,9707393
16.220,1790929146.215,open,19,12,40.504,0.279,241.0,0,19,0,309,6.521,5.145,9707393
16.230,1790929146.225,open,20,12,40.46,0.281,241.0,0,20,0,309,6.871,5.48,9726217
16.240,1790929146.236,open,20,12,40.46,0.281,241.0,0,20,0,309,6.871,5.48,9726217
16.251,1790929146.246,open,20,12,40.416,0.283,241.0,0,20,0,309,6.879,5.485,9734905
16.262,1790929146.257,open,20,12,40.416,0.283,241.0,0,20,0,309,6.879,5.485,9734905
16.272,1790929146.267,open,21,12,40.563,0.505,241.0,0,21,0,309,7.197,5.57,9755177
16.282,1790929146.278,open,21,12,40.528,0.448,241.0,0,21,0,309,7.203,5.75,9763865
16.293,1790929146.288,open,21,12,40.528,0.448,241.0,0,21,0,309,7.203,5.75,9763865
16.304,1790929146.299,open,22,12,40.539,0.359,241.0,0,22,0,309,7.544,5.849,9785585
16.315,1790929146.311,open,22,12,40.539,0.359,241.0,0,22,0,309,7.544,5.849,9785585
16.325,1790929146.321,open,22,12,40.596,0.384,241.0,0,22,0,309,7.533,5.933,9794273
16.336,1790929146.331,open,22,12,40.596,0.384,241.0,0,22,0,309,7.533,5.933,9794273
16.346,1790929146.341,open,23,12,40.602,0.299,241.0,0,23,0,309,7.874,6.268,9817441
16.356,1790929146.352,open,23,12,40.602,0.299,241.0,0,23,0,309,7.874,6.268,9817441
16.367,1790929146.362,open,23,12,40.56,0.3,241.0,0,23,0,309,7.883,6.215,9826129
16.377,1790929146.372,open,23,12,40.56,0.3,241.0,0,23,0,309,7.883,6.215,9826129
16.388,1790929146.383,open,23,12,40.518,0.301,241.0,0,22,0,309,7.891,5.984,9847849
16.398,1790929146.393,open,23,12,40.518,0.301,241.0,0,22,0,309,7.891,5.984,9847849
16.408,1790929146.404,recovery,17,11,40.706,0.583,241.0,0,23,2,311,7.513,5.754,9847849
16.418,1790929146.414,recovery,17,11,40.706,0.583,241.0,0,23,2,311,7.513,5.754,9847849
16.429,1790929146.424,recovery,11,11,40.707,0.438,241.0,0,28,2,311,7.854,4.836,9847849
16.439,1790929146.435,recovery,11,11,40.707,0.438,241.0,0,28,2,311,7.854,4.836,9847849
16.449,1790929146.445,recovery,11,11,40.746,0.333,241.0,0,12,3,314,3.753,3.835,9875361
16.460,1790929146.455,recovery,11,11,40.746,0.333,241.0,0,12,3,314,3.753,3.835,9875361
16.471,1790929146.466,recovery,11,11,40.927,0.497,241.0,0,17,3,314,4.755,2.199,9875361
16.481,1790929146.477,recovery,11,11,40.927,0.497,241.0,0,17,3,314,4.755,2.199,9875361
16.492,1790929146.487,open,11,11,40.93,0.228,241.0,0,11,0,314,3.736,3.125,9891289
16.502,1790929146.497,open,11,11,40.93,0.228,241.0,0,11,0,314,3.736,3.125,9891289
16.512,1790929146.507,open,11,11,42.842,4.287,243.0,0,11,0,314,3.569,3.023,9899977
16.522,1790929146.517,open,11,11,42.842,4.287,243.0,0,11,0,314,3.569,3.023,9899977
16.532,1790929146.527,open,12,11,42.503,3.893,243.0,0,12,0,314,3.925,3.125,9907217
16.542,1790929146.538,open,12,11,42.503,3.893,243.0,0,12,0,314,3.925,3.125,9907217
16.552,1790929146.548,open,12,11,41.935,3.175,242.0,0,12,0,314,3.978,3.165,9915905
16.562,1790929146.558,open,12,11,41.935,3.175,242.0,0,12,0,314,3.978,3.165,9915905
16.573,1790929146.568,open,13,11,41.713,2.825,242.0,0,13,0,314,4.332,3.461,9924593
16.583,1790929146.578,open,13,11,41.713,2.825,242.0,0,13,0,314,4.332,3.461,9924593
16.593,1790929146.588,open,13,11,41.37,2.183,242.0,0,13,0,314,4.368,3.451,9933281
16.603,1790929146.598,open,13,11,41.37,2.183,242.0,0,13,0,314,4.368,3.451,9933281
16.613,1790929146.608,open,14,11,41.217,1.941,242.0,0,14,0,314,4.722,3.749,9943417
16.623,1790929146.618,open,14,11,41.217,1.941,242.0,0,14,0,314,4.722,3.749,9943417
16.633,1790929146.628,open,14,11,40.952,1.554,241.0,0,14,0,314,4.752,3.739,9952105
16.644,1790929146.639,open,14,11,40.952,1.554,241.0,0,14,0,314,4.752,3.739,9952105
16.654,1790929146.649,open,15,11,40.848,1.373,241.0,0,15,0,314,5.105,4.039,9963689
16.664,1790929146.659,open,15,11,40.848,1.373,241.0,0,15,0,314,5.105,4.039,9963689
16.675,1790929146.670,open,15,11,40.695,1.032,241.0,0,15,0,314,5.124,4.028,9972377
16.686,1790929146.681,open,16,11,40.633,0.898,241.0,0,16,0,314,5.474,4.322,9985409
16.696,1790929146.691,open,16,11,40.633,0.898,241.0,0,16,0,314,5.474,4.322,9985409
16.706,1790929146.701,open,16,11,40.581,0.779,241.0,0,16,0,314,5.481,4.32,9989753
16.717,1790929146.712,open,16,11,40.526,0.694,241.0,0,16,0,314,5.488,4.316,9994097
16.727,1790929146.722,open,17,11,40.524,0.524,241.0,0,17,0,314,5.831,4.574,10008577
16.737,1790929146.732,open,17,11,40.524,0.524,241.0,0,17,0,314,5.831,4.574,10008577
16.747,1790929146.743,open,17,11,40.509,0.488,241.0,0,17,0,314,5.834,4.617,10017265
16.757,1790929146.753,open,17,11,40.509,0.488,241.0,0,17,0,314,5.834,4.617,10017265
16.767,1790929146.763,open,18,11,40.522,0.391,241.0,0,18,0,314,6.175,4.848,10033193
16.778,1790929146.773,open,18,11,40.522,0.391,241.0,0,18,0,314,6.175,4.848,10033193
16.788,1790929146.783,open,18,11,40.501,0.312,241.0,0,18,0,314,6.178,4.891,10041881
16.798,1790929146.793,open,18,11,40.501,0.312,241.0,0,18,0,314,6.178,4.891,10041881
16.808,1790929146.804,open,19,11,40.549,0.329,241.0,0,19,0,314,6.513,5.1,10059257
16.818,1790929146.814,open,19,11,40.549,0.329,241.0,0,19,0,314,6.513,5.1,10059257
16.829,1790929146.824,open,19,11,40.545,0.254,241.0,0,19,0,314,6.514,5.148,10067945
16.839,1790929146.834,open,19,11,40.545,0.254,241.0,0,19,0,314,6.514,5.148,10067945
16.849,1790929146.844,open,20,11,40.5,0.257,241.0,0,20,0,314,6.864,5.383,10086769
16.859,1790929146.854,open,20,11,40.5,0.257,241.0,0,20,0,314,6.864,5.383,10086769
16.869,1790929146.864,open,20,11,40.459,0.259,241.0,0,20,0,314,6.871,5.434,10095457
16.879,1790929146.875,open,20,11,40.459,0.259,241.0,0,20,0,314,6.871,5.434,10095457
16.890,1790929146.885,open,21,11,40.432,0.249,241.0,0,21,0,314,7.22,5.757,10115729
16.900,1790929146.895,open,21,11,40.432,0.249,241.0,0,21,0,314,7.22,5.757,10115729
16.910,1790929146.905,open,21,11,40.408,0.235,241.0,0,21,0,314,7.224,5.757,10124417
16.921,1790929146.916,open,21,11,40.408,0.235,241.0,0,21,0,314,7.224,5.757,10124417
16.932,1790929146.927,open,22,11,40.449,0.26,241.0,0,22,0,314,7.56,5.97,10146137
16.942,1790929146.937,open,22,11,40.449,0.26,241.0,0,22,0,314,7.56,5.97,10146137
16.952,1790929146.947,open,22,11,40.487,0.271,241.0,0,22,0,314,7.553,5.968,10154825
16.963,1790929146.958,open,22,11,40.487,0.271,241.0,0,22,0,314,7.553,5.968,10154825
16.973,1790929146.968,open,23,11,40.52,0.269,241.0,0,23,0,314,7.89,6.248,10177993
16.983,1790929146.979,open,23,11,40.52,0.269,241.0,0,23,0,314,7.89,6.248,10177993
16.993,1790929146.989,open,23,11,40.547,0.255,241.0,0,23,0,314,7.885,6.253,10186681
17.004,1790929146.999,open,23,11,40.547,0.255,241.0,0,23,0,314,7.885,6.253,10186681
17.014,1790929147.009,open,24,11,40.503,0.258,241.0,0,24,0,314,8.237,6.537,10211297
17.024,1790929147.019,open,24,11,40.503,0.258,241.0,0,24,0,314,8.237,6.537,10211297
17.034,1790929147.029,open,24,11,40.456,0.261,241.0,0,24,0,314,8.246,6.54,10219985
17.044,1790929147.040,open,24,11,40.456,0.261,241.0,0,24,0,314,8.246,6.54,10219985
17.054,1790929147.050,open,25,11,40.419,0.262,241.0,0,25,0,314,8.598,6.915,10246049
17.064,1790929147.060,open,25,11,40.419,0.262,241.0,0,25,0,314,8.598,6.915,10246049
17.075,1790929147.070,open,25,11,40.382,0.263,241.0,0,25,0,314,8.606,6.927,10254737
17.085,1790929147.080,open,25,11,40.382,0.263,241.0,0,25,0,314,8.606,6.927,10254737
17.095,1790929147.090,open,25,11,40.349,0.263,241.0,0,25,0,314,8.613,5.768,10275009
17.105,1790929147.100,open,25,11,40.349,0.263,241.0,0,25,0,314,8.613,5.768,10275009
17.115,1790929147.110,recovery,17,12,40.374,0.387,241.0,0,25,5,317,8.608,5.634,10275009
17.125,1790929147.120,recovery,17,12,40.374,0.387,241.0,0,25,5,317,8.608,5.634,10275009
17.135,1790929147.131,recovery,12,12,40.357,0.323,241.0,0,29,5,319,8.611,4.892,10275009
17.145,1790929147.141,recovery,12,12,40.357,0.323,241.0,0,29,5,319,8.611,4.892,10275009
17.155,1790929147.151,recovery,12,12,40.239,0.309,241.0,0,29,5,322,9.673,3.944,10279353
17.166,1790929147.161,recovery,12,12,40.239,0.309,241.0,0,29,5,322,9.673,3.944,10279353
17.176,1790929147.171,recovery,12,12,40.28,0.347,241.0,0,16,3,322,5.177,2.535,10306865
17.186,1790929147.181,recovery,12,12,40.28,0.347,241.0,0,16,3,322,5.177,2.535,10306865
17.196,1790929147.191,open,12,12,40.178,0.233,241.0,0,12,0,322,4.152,3.464,10319897
17.206,1790929147.201,open,12,12,40.178,0.233,241.0,0,12,0,322,4.152,3.464,10319897
17.216,1790929147.212,open,12,12,42.581,4.982,243.0,0,12,0,322,3.917,3.465,10328585
17.226,1790929147.222,open,12,12,42.581,4.982,243.0,0,12,0,322,3.917,3.465,10328585
17.236,1790929147.232,open,13,12,44.626,7.826,245.0,0,13,0,322,4.049,3.464,10337273
17.247,1790929147.242,open,13,12,44.626,7.826,245.0,0,13,0,322,4.049,3.464,10337273
17.257,1790929147.252,open,13,12,44.059,7.005,245.0,0,13,0,322,4.102,3.467,10345961
17.267,1790929147.262,open,13,12,44.059,7.005,245.0,0,13,0,322,4.102,3.467,10345961
17.277,1790929147.272,open,14,12,43.563,6.244,244.0,0,14,0,322,4.467,3.753,10356097
17.287,1790929147.282,open,14,12,43.563,6.244,244.0,0,14,0,322,4.467,3.753,10356097
17.297,1790929147.292,open,14,12,43.127,5.556,244.0,0,14,0,322,4.512,3.756,10364785
17.307,1790929147.302,open,14,12,43.127,5.556,244.0,0,14,0,322,4.512,3.756,10364785
17.317,1790929147.313,open,15,12,42.75,4.92,243.0,0,15,0,322,4.877,4.042,10376369
17.328,1790929147.323,open,15,12,42.75,4.92,243.0,0,15,0,322,4.877,4.042,10376369
17.338,1790929147.333,open,15,12,42.417,4.356,243.0,0,15,0,322,4.916,4.045,10385057
17.348,1790929147.343,open,15,12,42.417,4.356,243.0,0,15,0,322,4.916,4.045,10385057
17.358,1790929147.353,open,16,12,42.128,3.846,243.0,0,16,0,322,5.279,4.331,10398089
17.368,1790929147.363,open,16,12,42.128,3.846,243.0,0,16,0,322,5.279,4.331,10398089
17.378,1790929147.374,open,16,12,41.868,3.405,242.0,0,16,0,322,5.312,4.334,10406777
17.388,1790929147.384,open,16,12,41.868,3.405,242.0,0,16,0,322,5.312,4.334,10406777
17.399,1790929147.394,open,17,12,41.645,2.998,242.0,0,17,0,322,5.674,4.621,10421257
17.409,1790929147.404,open,17,12,41.645,2.998,242.0,0,17,0,322,5.674,4.621,10421257
17.419,1790929147.414,open,17,12,41.452,2.635,242.0,0,17,0,322,5.701,4.622,10429945
17.429,1790929147.424,open,17,12,41.452,2.635,242.0,0,17,0,322,5.701,4.622,10429945
17.439,1790929147.434,open,18,12,41.342,2.197,242.0,0,18,0,322,6.052,4.853,10445873
17.450,1790929147.445,open,18,12,41.342,2.197,242.0,0,18,0,322,6.052,4.853,10445873
17.460,1790929147.456,open,18,12,41.248,1.836,242.0,0,18,0,322,6.066,4.851,10454561
17.471,1790929147.466,open,18,12,41.248,1.836,242.0,0,18,0,322,6.066,4.851,10454561
17.481,1790929147.476,open,19,12,41.121,1.63,242.0,0,19,0,322,6.423,5.139,10471937
17.492,1790929147.487,open,19,12,41.121,1.63,242.0,0,19,0,322,6.423,5.139,10471937
17.502,1790929147.497,open,19,12,41.001,1.464,242.0,0,19,0,322,6.442,5.134,10480625
17.512,1790929147.507,open,19,12,41.001,1.464,242.0,0,19,0,322,6.442,5.134,10480625
17.522,1790929147.518,open,20,12,40.913,1.272,241.0,0,20,0,322,6.795,5.46,10499449
17.533,1790929147.528,open,20,12,40.918,0.962,241.0,0,20,0,322,6.794,5.373,10508137
17.543,1790929147.538,open,20,12,40.918,0.962,241.0,0,20,0,322,6.794,5.373,10508137
17.553,1790929147.549,open,21,12,40.941,0.769,241.0,0,21,0,322,7.13,5.633,10528409
17.564,1790929147.559,open,21,12,40.941,0.769,241.0,0,21,0,322,7.13,5.633,10528409
17.575,1790929147.570,open,21,12,40.891,0.677,241.0,0,21,0,322,7.139,5.657,10537097
17.585,1790929147.580,open,21,12,40.891,0.677,241.0,0,21,0,322,7.139,5.657,10537097
17.595,1790929147.591,open,22,12,40.85,0.59,241.0,0,22,0,322,7.486,5.917,10558817
17.605,1790929147.601,open,22,12,40.85,0.59,241.0,0,22,0,322,7.486,5.917,10558817
17.616,1790929147.611,open,22,12,40.811,0.52,241.0,0,22,0,322,7.493,6.0,10567505
17.626,1790929147.621,open,22,12,40.811,0.52,241.0,0,22,0,322,7.493,6.0,10567505
17.636,1790929147.631,open,23,12,40.843,0.455,241.0,0,23,0,322,7.828,6.204,10590673
17.646,1790929147.642,open,23,12,40.843,0.455,241.0,0,23,0,322,7.828,6.204,10590673
17.657,1790929147.652,open,23,12,40.878,0.411,241.0,0,23,0,322,7.821,6.196,10599361
17.667,1790929147.662,open,23,12,40.878,0.411,241.0,0,23,0,322,7.821,6.196,10599361
17.677,1790929147.672,open,24,12,40.806,0.416,241.0,0,24,0,322,8.176,6.485,10623977
17.687,1790929147.682,open,24,12,40.806,0.416,241.0,0,24,0,322,8.176,6.485,10623977
17.697,1790929147.693,open,24,12,40.781,0.363,241.0,0,24,0,322,8.181,6.478,10632665
17.708,1790929147.703,open,24,12,40.781,0.363,241.0,0,24,0,322,8.181,6.478,10632665
17.718,1790929147.713,open,24,12,40.769,0.295,241.0,0,23,0,322,8.183,5.408,10651489
17.728,1790929147.724,open,24,12,40.769,0.295,241.0,0,23,0,322,8.183,5.408,10651489
17.739,1790929147.734,recovery,15,12,40.958,0.441,241.0,0,23,5,325,7.806,5.236,10651489
17.749,1790929147.745,recovery,15,12,40.958,0.441,241.0,0,23,5,325,7.806,5.236,10651489
17.760,1790929147.755,recovery,12,12,41.066,0.546,242.0,0,29,5,327,7.785,4.708,10651489
17.770,1790929147.765,recovery,12,12,41.066,0.546,242.0,0,29,5,327,7.785,4.708,10651489
17.780,1790929147.775,recovery,12,12,40.714,0.582,241.0,0,29,3,328,9.56,3.859,10655833
17.790,1790929147.786,recovery,12,12,40.714,0.582,241.0,0,29,3,328,9.56,3.859,10655833
17.800,1790929147.796,recovery,12,12,41.13,0.656,242.0,0,18,1,328,5.07,3.025,10683345
17.811,1790929147.806,recovery,12,12,41.13,0.656,242.0,0,18,1,328,5.07,3.025,10683345
17.821,1790929147.816,open,12,12,41.08,0.46,242.0,0,12,0,328,4.061,3.404,10696377
17.831,1790929147.826,open,12,12,41.08,0.46,242.0,0,12,0,328,4.061,3.404,10696377
17.841,1790929147.836,open,13,12,43.177,4.862,244.0,0,13,0,328,4.185,3.301,10709409
17.851,1790929147.847,open,13,12,43.177,4.862,244.0,0,13,0,328,4.185,3.301,10709409
17.861,1790929147.857,open,13,12,42.797,4.407,243.0,0,13,0,328,4.222,3.404,10713753
17.872,1790929147.867,open,13,12,42.797,4.407,243.0,0,13,0,328,4.222,3.404,10713753
17.882,1790929147.877,open,14,12,42.178,3.549,243.0,0,14,0,328,4.614,3.74,10728233
17.892,1790929147.887,open,14,12,42.178,3.549,243.0,0,14,0,328,4.614,3.74,10728233
17.902,1790929147.897,open,14,12,42.028,2.963,243.0,0,14,0,328,4.63,3.675,10732577
17.912,1790929147.907,open,14,12,42.028,2.963,243.0,0,14,0,328,4.63,3.675,10732577
17.922,1790929147.918,open,15,12,41.625,2.384,242.0,0,15,0,328,5.009,4.035,10748505
17.933,1790929147.928,open,15,12,41.625,2.384,242.0,0,15,0,328,5.009,4.035,10748505
17.944,1790929147.939,open,15,12,41.444,2.149,242.0,0,15,0,328,5.031,3.957,10752849
17.954,1790929147.949,open,15,12,41.444,2.149,242.0,0,15,0,328,5.031,3.957,10752849
17.965,1790929147.960,open,16,12,41.409,1.682,242.0,0,16,0,328,5.371,4.224,10770225
17.975,1790929147.970,open,16,12,41.409,1.682,242.0,0,16,0,328,5.371,4.224,10770225
17.985,1790929147.980,open,16,12,41.258,1.563,242.0,0,16,0,328,5.391,4.321,10774569
17.995,1790929147.990,open,16,12,41.258,1.563,242.0,0,16,0,328,5.391,4.321,10774569
18.005,1790929148.000,open,17,12,40.98,1.362,241.0,0,17,0,328,5.767,4.503,10793393
18.015,1790929148.010,open,17,12,40.98,1.362,241.0,0,17,0,328,5.767,4.503,10793393
18.025,1790929148.021,open,17,12,40.866,1.249,241.0,0,17,0,328,5.783,4.61,10797737
18.036,1790929148.031,open,17,12,40.866,1.249,241.0,0,17,0,328,5.783,4.61,10797737
18.046,1790929148.041,open,18,12,40.774,1.12,241.0,0,18,0,328,6.137,4.909,10818009
18.056,1790929148.051,open,18,12,40.774,1.12,241.0,0,18,0,328,6.137,4.909,10818009
18.066,1790929148.061,open,18,12,40.688,1.012,241.0,0,18,0,328,6.149,4.912,10822353
18.076,1790929148.071,open,18,12,40.688,1.012,241.0,0,18,0,328,6.149,4.912,10822353
18.086,1790929148.081,open,19,12,40.619,0.898,241.0,0,19,0,328,6.502,5.195,10844073
18.096,1790929148.091,open,19,12,40.619,0.898,241.0,0,19,0,328,6.502,5.195,10844073
18.106,1790929148.102,open,19,12,40.552,0.808,241.0,0,19,0,328,6.513,5.201,10848417
18.116,1790929148.112,open,19,12,40.552,0.808,241.0,0,19,0,328,6.513,5.201,10848417
18.127,1790929148.122,open,20,12,40.498,0.713,241.0,0,20,0,328,6.865,5.484,10871585
18.137,1790929148.132,open,20,12,40.498,0.713,241.0,0,20,0,328,6.865,5.484,10871585
18.147,1790929148.142,open,20,12,40.444,0.643,241.0,0,20,0,328,6.874,5.49,10875929
18.157,1790929148.152,open,20,12,40.444,0.643,241.0,0,20,0,328,6.874,5.49,10875929
18.167,1790929148.162,open,21,12,40.401,0.568,241.0,0,21,0,328,7.225,5.773,10900545
18.177,1790929148.172,open,21,12,40.401,0.568,241.0,0,21,0,328,7.225,5.773,10900545
18.187,1790929148.183,open,21,12,40.364,0.5,241.0,0,21,0,328,7.232,5.777,10904889
18.197,1790929148.193,open,21,12,40.364,0.5,241.0,0,21,0,328,7.232,5.777,10904889
18.208,1790929148.203,open,22,12,40.337,0.429,241.0,0,22,0,328,7.581,6.057,10930953
18.218,1790929148.213,open,22,12,40.337,0.429,241.0,0,22,0,328,7.581,6.057,10930953
18.228,1790929148.223,open,22,12,40.309,0.378,241.0,0,22,0,328,7.587,6.063,10935297
18.238,1790929148.233,open,22,12,40.309,0.378,241.0,0,22,0,328,7.587,6.063,10935297
18.248,1790929148.243,open,23,12,40.288,0.326,241.0,0,23,0,328,7.936,6.345,10962809
18.258,1790929148.253,open,23,12,40.288,0.326,241.0,0,23,0,328,7.936,6.345,10962809
18.268,1790929148.264,open,23,12,40.263,0.294,241.0,0,23,0,328,7.941,6.352,10967153
18.278,1790929148.274,open,23,12,40.263,0.294,241.0,0,23,0,328,7.941,6.352,10967153
18.289,1790929148.284,open,23,12,40.245,0.257,241.0,0,22,0,328,7.944,6.348,10994665
18.299,1790929148.294,open,23,12,40.245,0.257,241.0,0,22,0,328,7.944,6.348,10994665
18.309,1790929148.304,recovery,20,11,40.179,0.205,241.0,0,23,1,329,7.611,6.356,10994665
18.319,1790929148.314,recovery,20,11,40.179,0.205,241.0,0,23,1,329,7.611,6.356,10994665
18.329,1790929148.324,recovery,11,11,40.293,0.381,241.0,0,27,1,329,7.935,4.51,10994665
18.339,1790929148.334,recovery,11,11,40.293,0.381,241.0,0,27,1,329,7.935,4.51,10994665
18.349,1790929148.344,recovery,11,11,40.232,0.316,241.0,0,12,5,334,3.801,4.337,11019281
18.359,1790929148.355,recovery,11,11,40.232,0.316,241.0,0,12,5,334,3.801,4.337,11019281
18.369,1790929148.365,recovery,11,11,40.318,0.426,241.0,0,16,5,334,4.827,1.688,11019281
18.380,1790929148.375,recovery,11,11,40.318,0.426,241.0,0,16,5,334,4.827,1.688,11019281
18.390,1790929148.385,open,11,11,40.157,0.22,241.0,0,11,0,334,3.808,3.177,11036657
18.400,1790929148.395,open,11,11,40.157,0.22,241.0,0,11,0,334,3.808,3.177,11036657
18.410,1790929148.405,open,11,11,40.137,0.159,241.0,0,11,0,334,3.81,3.094,11042449
18.420,1790929148.415,open,11,11,40.137,0.159,241.0,0,11,0,334,3.81,3.094,11042449
18.430,1790929148.425,open,12,11,40.13,0.133,241.0,0,12,0,334,4.157,3.177,11052585
18.440,1790929148.435,open,12,11,40.13,0.133,241.0,0,12,0,334,4.157,3.177,11052585
18.450,1790929148.446,open,12,11,40.12,0.094,241.0,0,12,0,334,4.158,3.18,11058377
18.460,1790929148.456,open,12,11,40.12,0.094,241.0,0,12,0,334,4.158,3.18,11058377
18.470,1790929148.466,open,13,11,40.116,0.077,241.0,0,13,0,334,4.505,3.467,11069961
18.481,1790929148.476,open,13,11,40.116,0.077,241.0,0,13,0,334,4.505,3.467,11069961
18.491,1790929148.486,open,13,11,40.115,0.065,241.0,0,13,0,334,4.505,3.469,11075753
18.501,1790929148.496,open,14,11,40.114,0.05,241.0,0,14,0,334,4.851,3.754,11088785
18.511,1790929148.506,open,14,11,40.114,0.05,241.0,0,14,0,334,4.851,3.754,11088785
18.521,1790929148.516,open,14,11,40.114,0.05,241.0,0,14,0,334,4.851,3.754,11088785
18.531,1790929148.527,open,14,11,40.116,0.032,241.0,0,14,0,334,4.851,3.753,11094577
18.542,1790929148.537,open,15,11,40.145,0.08,241.0,0,15,0,334,5.194,4.019,11109057
18.552,1790929148.547,open,15,11,40.145,0.08,241.0,0,15,0,334,5.194,4.019,11109057
18.562,1790929148.557,open,15,11,40.145,0.08,241.0,0,15,0,334,5.194,4.019,11109057
18.572,1790929148.567,open,15,11,40.217,0.179,241.0,0,15,0,334,5.185,3.997,11114849
18.582,1790929148.577,open,16,11,40.214,0.14,241.0,0,16,0,334,5.531,4.306,11130777
18.592,1790929148.588,open,16,11,40.214,0.14,241.0,0,16,0,334,5.531,4.306,11130777
18.602,1790929148.598,open,16,11,40.214,0.14,241.0,0,16,0,334,5.531,4.306,11130777
18.613,1790929148.608,open,16,11,40.184,0.132,241.0,0,16,0,334,5.535,4.282,11136569
18.623,1790929148.618,open,17,11,40.173,0.12,241.0,0,17,0,334,5.882,4.61,11153945
18.633,1790929148.628,open,17,11,40.173,0.12,241.0,0,17,0,334,5.882,4.61,11153945
18.643,1790929148.638,open,17,11,40.173,0.12,241.0,0,17,0,334,5.882,4.61,11153945
18.653,1790929148.648,open,17,11,40.166,0.08,241.0,0,17,0,334,5.883,4.617,11159737
18.663,1790929148.659,open,18,11,40.181,0.089,241.0,0,18,0,334,6.227,4.888,11178561
18.674,1790929148.669,open,18,11,40.181,0.089,241.0,0,18,0,334,6.227,4.888,11178561
18.684,1790929148.679,open,18,11,40.181,0.089,241.0,0,18,0,334,6.227,4.888,11178561
18.694,1790929148.689,open,18,11,40.263,0.221,241.0,0,18,0,334,6.214,4.82,11184353
18.704,1790929148.700,open,19,11,40.257,0.179,241.0,0,19,0,334,6.561,5.174,11204625
18.714,1790929148.710,open,19,11,40.257,0.179,241.0,0,19,0,334,6.561,5.174,11204625
18.725,1790929148.720,open,19,11,40.257,0.179,241.0,0,19,0,334,6.561,5.174,11204625
18.735,1790929148.730,open,19,11,40.272,0.127,241.0,0,19,0,334,6.558,5.103,11210417
18.746,1790929148.741,open,20,11,40.262,0.116,241.0,0,20,0,334,6.905,5.472,11232137
18.756,1790929148.751,open,20,11,40.262,0.116,241.0,0,20,0,334,6.905,5.472,11232137
18.766,1790929148.761,open,20,11,40.291,0.146,241.0,0,20,0,334,6.9,5.433,11235033
18.776,1790929148.771,open,20,11,40.281,0.131,241.0,0,20,0,334,6.902,5.458,11237929
18.786,1790929148.782,open,21,11,40.264,0.131,241.0,0,21,0,334,7.25,5.763,11261097
18.796,1790929148.792,open,21,11,40.264,0.131,241.0,0,21,0,334,7.25,5.763,11261097
18.806,1790929148.802,open,21,11,40.237,0.134,241.0,0,21,0,334,7.255,5.72,11263993
18.817,1790929148.812,open,21,11,40.211,0.136,241.0,0,21,0,334,7.259,5.762,11266889
18.827,1790929148.822,open,22,11,40.199,0.126,241.0,0,22,0,334,7.607,6.057,11291505
18.837,1790929148.832,open,22,11,40.199,0.126,241.0,0,22,0,334,7.607,6.057,11291505
18.847,1790929148.842,open,22,11,40.19,0.114,241.0,0,22,0,334,7.609,6.063,11294401
18.857,1790929148.852,open,22,11,40.182,0.101,241.0,0,22,0,334,7.611,6.062,11297297
18.867,1790929148.862,open,23,11,40.174,0.092,241.0,0,23,0,334,7.958,6.352,11323361
18.877,1790929148.872,open,23,11,40.174,0.092,241.0,0,23,0,334,7.958,6.352,11323361
18.887,1790929148.882,open,23,11,40.158,0.093,241.0,0,23,0,334,7.961,6.352,11326257
18.897,1790929148.892,open,23,11,40.141,0.094,241.0,0,23,0,334,7.965,6.351,11329153
18.907,1790929148.902,open,24,11,40.134,0.085,241.0,0,24,0,334,8.312,6.641,11356665
18.917,1790929148.913,open,24,11,40.134,0.085,241.0,0,24,0,334,8.312,6.641,11356665
18.927,1790929148.923,open,24,11,40.126,0.08,241.0,0,24,0,334,8.314,6.647,11359561
18.937,1790929148.933,open,24,11,40.117,0.079,241.0,0,24,0,334,8.316,6.652,11362457
18.947,1790929148.943,open,25,11,40.115,0.062,241.0,0,25,0,334,8.663,6.932,11391417
18.958,1790929148.953,open,25,11,40.115,0.062,241.0,0,25,0,334,8.663,6.932,11391417
18.968,1790929148.963,open,25,11,40.122,0.062,241.0,0,25,0,334,8.661,6.92,11394313
18.978,1790929148.973,open,25,11,40.117,0.058,241.0,0,25,0,334,8.663,6.937,11397209
18.988,1790929148.983,open,25,11,40.138,0.085,241.0,0,24,0,334,8.658,4.887,11416033
18.998,1790929148.993,open,25,11,40.138,0.085,241.0,0,24,0,334,8.658,4.887,11416033
19.008,1790929149.003,recovery,15,12,40.112,0.072,241.0,0,24,8,336,8.317,4.625,11416033
19.018,1790929149.014,recovery,14,12,40.229,0.287,241.0,0,24,8,336,8.293,4.798,11416033
19.029,1790929149.024,recovery,12,12,40.278,0.314,241.0,0,28,8,342,8.283,4.558,11416033
19.039,1790929149.034,recovery,12,12,40.278,0.314,241.0,0,28,8,342,8.283,4.558,11416033
19.049,1790929149.044,recovery,12,12,40.213,0.289,241.0,0,28,6,342,9.333,4.34,11418929
19.059,1790929149.054,recovery,12,12,40.213,0.289,241.0,0,28,6,342,9.333,4.34,11418929
19.069,1790929149.064,open,12,12,40.105,0.144,241.0,0,12,0,342,4.159,3.42,11456577
19.079,1790929149.074,open,12,12,40.105,0.144,241.0,0,12,0,342,4.159,3.42,11456577
19.089,1790929149.085,open,12,12,40.268,0.435,241.0,0,12,0,342,4.142,3.469,11459473
19.099,1790929149.095,open,12,12,40.268,0.435,241.0,0,12,0,342,4.142,3.469,11459473
19.110,1790929149.105,open,13,12,40.253,0.357,241.0,0,13,0,342,4.489,3.46,11473953
19.120,1790929149.115,open,13,12,40.253,0.357,241.0,0,13,0,342,4.489,3.46,11473953
19.130,1790929149.125,open,13,12,40.234,0.306,241.0,0,13,0,342,4.491,3.466,11476849
19.140,1790929149.135,open,13,12,40.234,0.306,241.0,0,13,0,342,4.491,3.466,11476849
19.150,1790929149.145,open,14,12,40.22,0.257,241.0,0,14,0,342,4.839,3.752,11492777
19.160,1790929149.156,open,14,12,40.22,0.257,241.0,0,14,0,342,4.839,3.752,11492777
19.170,1790929149.166,open,14,12,40.205,0.223,241.0,0,14,0,342,4.84,3.755,11495673
19.180,1790929149.176,open,14,12,40.205,0.223,241.0,0,14,0,342,4.84,3.755,11495673
19.191,1790929149.186,open,15,12,40.196,0.185,241.0,0,15,0,342,5.187,4.04,11513049
19.201,1790929149.196,open,15,12,40.196,0.185,241.0,0,15,0,342,5.187,4.04,11513049
19.211,1790929149.206,open,15,12,40.183,0.165,241.0,0,15,0,342,5.189,4.044,11515945
19.221,1790929149.216,open,15,12,40.183,0.165,241.0,0,15,0,342,5.189,4.044,11515945
19.231,1790929149.226,open,16,12,40.177,0.136,241.0,0,16,0,342,5.536,4.329,11534769
19.241,1790929149.236,open,16,12,40.177,0.136,241.0,0,16,0,342,5.536,4.329,11534769
19.251,1790929149.247,open,16,12,40.164,0.128,241.0,0,16,0,342,5.538,4.334,11537665
19.261,1790929149.257,open,16,12,40.164,0.128,241.0,0,16,0,342,5.538,4.334,11537665
19.271,1790929149.267,open,17,12,40.157,0.11,241.0,0,17,0,342,5.885,4.617,11557937
19.282,1790929149.277,open,17,12,40.157,0.11,241.0,0,17,0,342,5.885,4.617,11557937
19.292,1790929149.287,open,17,12,40.148,0.1,241.0,0,17,0,342,5.886,4.623,11560833
19.302,1790929149.297,open,17,12,40.148,0.1,241.0,0,17,0,342,5.886,4.623,11560833
19.312,1790929149.307,open,18,12,40.149,0.077,241.0,0,18,0,342,6.232,4.903,11582553
19.322,1790929149.317,open,18,12,40.149,0.077,241.0,0,18,0,342,6.232,4.903,11582553
19.332,1790929149.327,open,18,12,40.142,0.072,241.0,0,18,0,342,6.233,4.911,11585449
19.342,1790929149.338,open,18,12,40.142,0.072,241.0,0,18,0,342,6.233,4.911,11585449
19.352,1790929149.348,open,19,12,40.144,0.056,241.0,0,19,0,342,6.579,5.191,11608617
19.363,1790929149.358,open,19,12,40.144,0.056,241.0,0,19,0,342,6.579,5.191,11608617
19.373,1790929149.368,open,19,12,40.134,0.057,241.0,0,19,0,342,6.581,5.2,11611513
19.383,1790929149.378,open,19,12,40.134,0.057,241.0,0,19,0,342,6.581,5.2,11611513
19.393,1790929149.388,open,20,12,40.129,0.052,241.0,0,20,0,342,6.928,5.48,11636129
19.403,1790929149.398,open,20,12,40.129,0.052,241.0,0,20,0,342,6.928,5.48,11636129
19.413,1790929149.408,open,20,12,40.117,0.053,241.0,0,20,0,342,6.93,5.493,11639025
19.423,1790929149.418,open,20,12,40.117,0.053,241.0,0,20,0,342,6.93,5.493,11639025
19.433,1790929149.428,open,21,12,40.125,0.055,241.0,0,21,0,342,7.275,5.766,11665089
19.443,1790929149.438,open,21,12,40.125,0.055,241.0,0,21,0,342,7.275,5.766,11665089
19.453,1790929149.449,open,21,12,40.12,0.051,241.0,0,21,0,342,7.276,5.779,11667985
19.464,1790929149.459,open,21,12,40.12,0.051,241.0,0,21,0,342,7.276,5.779,11667985
19.474,1790929149.469,open,22,12,40.172,0.144,241.0,0,22,0,342,7.613,6.0,11695497
19.484,1790929149.479,open,22,12,40.172,0.144,241.0,0,22,0,342,7.613,6.0,11695497
19.495,1790929149.490,open,22,12,40.165,0.123,241.0,0,22,0,342,7.614,6.064,11698393
19.505,1790929149.501,open,22,12,40.165,0.123,241.0,0,22,0,342,7.614,6.064,11698393
19.516,1790929149.511,open,23,12,40.168,0.1,241.0,0,23,0,342,7.959,6.284,11727353
19.526,1790929149.521,open,23,12,40.168,0.1,241.0,0,23,0,342,7.959,6.284,11727353
19.536,1790929149.531,open,23,12,40.307,0.352,241.0,0,23,0,342,7.932,6.173,11730249
19.546,1790929149.541,open,24,12,40.295,0.288,241.0,0,23,0,342,8.279,5.76,11756313
19.557,1790929149.552,open,24,12,40.295,0.288,241.0,0,23,0,342,8.279,5.76,11756313
19.567,1790929149.562,open,24,12,40.295,0.288,241.0,0,23,0,342,8.279,5.76,11756313
19.578,1790929149.573,recovery,19,12,40.399,0.343,241.0,0,23,3,343,7.914,5.612,11756313
19.588,1790929149.583,recovery,12,12,40.395,0.292,241.0,0,29,3,345,7.915,4.851,11756313
19.598,1790929149.594,recovery,12,12,40.395,0.292,241.0,0,29,3,345,7.915,4.851,11756313
19.608,1790929149.604,recovery,12,12,40.395,0.292,241.0,0,29,3,345,7.915,4.851,11756313
19.618,1790929149.614,recovery,12,12,40.346,0.295,241.0,0,29,5,348,9.647,4.835,11757761
19.629,1790929149.624,recovery,12,12,40.331,0.394,241.0,0,18,3,348,5.17,2.531,11785273
19.639,1790929149.634,recovery,12,12,40.331,0.394,241.0,0,18,3,348,5.17,2.531,11785273
19.649,1790929149.644,recovery,12,12,40.331,0.394,241.0,0,18,3,348,5.17,2.531,11785273
19.659,1790929149.654,open,12,12,40.222,0.33,241.0,0,11,0,348,4.147,3.177,11798305
19.669,1790929149.665,open,12,12,41.851,3.101,242.0,0,12,0,348,3.986,3.376,11811337
19.680,1790929149.675,open,12,12,41.851,3.101,242.0,0,12,0,348,3.986,3.376,11811337
19.690,1790929149.685,open,12,12,41.851,3.101,242.0,0,12,0,348,3.986,3.376,11811337
19.700,1790929149.695,open,13,12,41.635,2.759,242.0,0,13,0,348,4.34,3.466,11814233
19.710,1790929149.706,open,13,12,41.474,1.806,242.0,0,13,0,348,4.357,3.366,11828713
19.720,1790929149.716,open,13,12,41.474,1.806,242.0,0,13,0,348,4.357,3.366,11828713
19.731,1790929149.726,open,13,12,41.474,1.806,242.0,0,13,0,348,4.357,3.366,11828713
19.741,1790929149.736,open,14,12,41.303,1.696,242.0,0,14,0,348,4.712,3.754,11833057
19.751,1790929149.746,open,14,12,41.155,1.202,242.0,0,14,0,348,4.729,3.647,11847537
19.761,1790929149.756,open,14,12,41.155,1.202,242.0,0,14,0,348,4.729,3.647,11847537
19.771,1790929149.766,open,14,12,41.155,1.202,242.0,0,14,0,348,4.729,3.647,11847537
19.781,1790929149.777,open,15,12,41.038,1.136,242.0,0,15,0,348,5.081,4.032,11853329
19.792,1790929149.787,open,15,12,40.864,0.93,241.0,0,15,0,348,5.102,3.974,11867809
19.802,1790929149.797,open,15,12,40.864,0.93,241.0,0,15,0,348,5.102,3.974,11867809
19.812,1790929149.807,open,16,12,40.784,0.858,241.0,0,16,0,348,5.453,4.32,11875049
19.822,1790929149.817,open,16,12,40.784,0.858,241.0,0,16,0,348,5.453,4.32,11875049
19.832,1790929149.828,open,16,12,40.715,0.617,241.0,0,16,0,348,5.463,4.297,11889529
19.842,1790929149.838,open,16,12,40.715,0.617,241.0,0,16,0,348,5.463,4.297,11889529
19.853,1790929149.848,open,17,12,40.648,0.597,241.0,0,17,0,348,5.814,4.607,11898217
19.863,1790929149.858,open,17,12,40.648,0.597,241.0,0,17,0,348,5.814,4.607,11898217
19.874,1790929149.869,open,17,12,40.725,0.51,241.0,0,17,0,348,5.803,4.487,11912697
19.884,1790929149.879,open,17,12,40.725,0.51,241.0,0,17,0,348,5.803,4.487,11912697
19.894,1790929149.889,open,18,12,40.754,0.44,241.0,0,18,0,348,6.14,4.807,11922833
19.905,1790929149.901,open,18,12,40.754,0.44,241.0,0,18,0,348,6.14,4.807,11922833
19.915,1790929149.911,open,18,12,40.687,0.361,241.0,0,18,0,348,6.15,4.767,11937313
19.926,1790929149.921,open,18,12,40.687,0.361,241.0,0,18,0,348,6.15,4.767,11937313
19.936,1790929149.931,open,19,12,40.67,0.306,241.0,0,19,0,348,6.494,5.09,11948897
19.946,1790929149.942,open,19,12,40.67,0.306,241.0,0,19,0,348,6.494,5.09,11948897
19.957,1790929149.952,open,19,12,40.652,0.309,241.0,0,19,0,348,6.497,5.095,11963377
19.967,1790929149.962,open,19,12,40.652,0.309,241.0,0,19,0,348,6.497,5.095,11963377
19.977,1790929149.972,open,20,12,40.642,0.252,241.0,0,20,0,348,6.841,5.424,11976409
19.987,1790929149.983,open,20,12,40.642,0.252,241.0,0,20,0,348,6.841,5.424,11976409
19.998,1790929149.994,open,20,12,40.545,0.26,241.0,0,20,0,348,6.857,5.378,11990889
20.009,1790929150.004,open,20,12,40.545,0.26,241.0,0,20,0,348,6.857,5.378,11990889
