t_s,ca_state,cwnd,ssthresh,rtt_ms,minrtt_ms,unacked,total_retrans,pacing_mbps,delivery_mbps,wmem_alloc,wmem_queued,sndbuf,notsent,bytes_acked
0.000,open,10,,80.334,80.334,0,0,2.884,0.0,0,0,87040,0,1
0.010,open,10,,80.334,80.334,10,0,2.884,0.0,0,117728,87040,95568,1
0.020,open,10,,80.334,80.334,10,0,2.884,0.0,0,117728,87040,95568,1
0.031,open,10,,80.334,80.334,10,0,2.884,0.0,0,117728,87040,95568,1
0.041,open,10,,80.334,80.334,10,0,2.884,0.0,0,117728,87040,95568,1
0.051,open,18,,58.407,42.578,18,0,7.14,1.862,0,109984,87040,72400,11585
0.061,open,20,,56.947,42.578,20,0,8.137,2.22,0,108048,87040,66608,14481
0.071,open,20,,56.947,42.578,20,0,8.137,2.22,0,108048,87040,66608,14481
0.081,open,20,,56.947,42.578,20,0,8.137,2.22,0,108048,87040,66608,14481
0.091,open,26,,49.98,42.45,26,0,12.052,3.348,0,101280,87040,49232,23169
0.102,open,34,,49.202,42.45,34,0,16.01,3.955,0,297200,295936,225888,34753
0.112,open,40,,50.501,42.45,40,0,18.35,4.239,0,291392,348160,208512,43441
0.122,open,40,,50.501,42.45,40,0,18.35,4.239,0,291392,348160,208512,43441
0.132,open,44,,48.916,42.45,44,0,20.84,5.681,0,287520,382976,196928,49233
0.142,open,52,,48.165,42.45,52,0,25.012,6.057,0,278816,382976,173760,60817
0.152,open,62,,51.903,42.45,62,0,27.675,6.581,0,268176,382976,144800,75297
0.162,open,70,,56.239,42.45,70,0,28.837,6.63,0,260432,382976,121632,86881
0.172,open,78,,60.909,42.45,78,0,29.669,6.852,0,411480,382976,256296,98465
0.182,open,86,,56.973,42.45,86,0,34.972,9.563,0,733376,731136,558928,110049
0.192,open,94,,55.561,42.45,92,0,39.196,9.771,0,724672,818176,538656,121633
0.203,open,102,,58.254,42.45,102,0,40.566,9.754,0,715008,879104,512592,133217
0.213,open,112,,63.639,42.45,110,0,40.773,9.565,0,702448,974848,486528,147697
0.223,open,120,,68.284,42.45,118,0,40.714,9.565,0,1089504,1044480,854320,159281
0.233,open,128,,73.064,42.45,126,0,40.588,9.565,0,1078880,1114112,831152,170865
0.243,open,136,,76.821,42.45,135,0,41.015,9.565,0,1069216,1183744,806536,182449
0.253,open,144,,81.09,42.45,144,0,41.142,9.564,0,1058592,1235968,781920,194033
0.263,open,152,,85.762,42.45,150,0,41.062,9.565,0,1047968,1323008,761648,205617
0.273,open,160,,89.467,42.45,160,0,41.433,9.564,0,1038304,1392640,735584,217201
0.283,open,170,,94.688,42.45,168,0,41.595,9.67,0,1023824,1479680,709520,231681
0.293,open,178,,99.206,42.45,178,0,41.569,9.666,0,1543120,1549312,1204736,243265
0.303,open,186,,103.858,42.45,185,0,41.491,9.661,0,1532496,1618944,1183016,254849
0.313,open,194,,107.634,42.45,193,0,41.758,9.657,0,1522832,1688576,1159848,266433
0.324,open,201,,111.746,42.45,201,0,41.673,9.654,0,1514616,1749504,1138128,276569
0.334,open,209,,115.815,42.45,208,0,41.809,9.651,0,1504952,1819136,1116408,288153
0.344,open,220,,122.715,42.45,218,0,41.535,9.559,0,1490944,1914880,1086000,304081
0.354,open,228,,126.952,42.45,219,0,41.609,9.558,0,1479360,1984512,1072968,315665
0.364,open,236,,131.387,42.45,220,0,41.615,9.559,0,1467776,2054144,1060032,327249
0.374,open,244,,135.96,42.45,220,0,41.578,9.559,0,1456192,2123776,1048448,338833
0.384,open,252,,140.626,42.45,220,0,41.517,9.559,0,2237088,2193408,1818784,350417
0.394,open,260,,150.421,42.45,233,0,40.045,9.558,0,2229344,2263040,1788376,362001
0.404,open,268,,156.968,42.45,251,0,39.556,9.558,0,2222560,2332672,1750728,373585
0.414,open,277,,162.716,42.45,269,0,39.44,9.555,0,2215288,2411008,1711632,386617
0.425,open,286,,168.675,42.45,284,0,39.283,9.623,0,2206096,2489344,1676880,399649
0.435,open,293,,172.648,42.45,291,0,39.318,9.621,0,2197880,2550272,1656608,409785
0.445,open,302,,178.454,42.45,302,0,39.207,9.556,0,2187728,2611200,1627648,422817
0.455,open,311,,184.064,42.45,310,0,39.145,9.557,0,2177576,2706944,1603032,435849
0.465,open,320,,189.448,42.45,319,0,39.133,9.556,0,2167424,2785280,1576968,448881
0.475,open,326,,192.95,42.45,324,0,39.143,9.56,0,2159696,2837504,1561040,457569
0.485,open,335,,198.534,42.45,333,0,39.093,9.56,0,2149544,2915840,1534976,470601
0.495,open,344,,203.91,42.45,342,0,39.085,9.561,0,2139392,2994176,1508912,483633
0.505,open,353,,208.957,42.45,352,0,39.139,9.561,0,2129240,3072512,1481400,496665
0.515,open,359,,213.055,42.45,358,0,39.038,9.56,0,2122472,3124736,1464024,505353
0.525,open,368,,218.442,42.45,367,0,39.03,9.561,0,3236360,3203072,2545680,518385
0.535,open,378,,224.297,42.45,377,0,39.044,9.562,0,3223800,3290112,2516720,532865
0.545,open,384,,228.079,42.45,383,0,39.006,9.561,0,3217032,3342336,2499344,541553
0.555,open,393,,233.299,42.45,391,0,39.027,9.561,0,3205920,3420672,2474728,554585
0.566,open,402,,238.566,42.45,400,0,39.04,9.561,0,3195768,3499008,2448664,567617
0.576,open,411,,244.434,42.45,409,0,38.955,9.561,0,3185616,3577344,2422600,580649
0.586,open,417,,247.799,42.45,415,0,38.987,9.561,0,3177888,3629568,2405224,589337
0.596,open,426,,253.134,42.45,424,0,38.989,9.561,0,3167736,3707904,2379160,602369
0.606,open,435,,257.772,42.45,433,0,39.097,9.556,0,3157584,3786240,2353096,615401
0.616,open,444,,262.879,42.45,444,0,39.13,9.561,0,3147432,3847168,2324136,628433
0.626,open,453,,265.044,42.45,453,0,39.598,9.564,0,3139296,3942912,2298072,641369
0.636,open,461,,265.514,42.45,461,0,40.225,9.564,0,3129632,4012544,2274904,652953
0.646,open,469,,265.825,42.45,469,0,40.876,9.564,0,3120928,4082176,2251736,664537
0.656,open,478,,266.935,42.45,477,0,41.487,9.65,0,3112696,4160512,2227120,677569
0.666,open,484,,270.534,42.45,483,0,41.449,9.564,0,3104968,4194304,2209744,686257
0.677,open,493,,276.801,42.45,492,0,41.264,9.606,0,3094816,4194304,2183680,699289
0.687,open,502,,283.418,42.45,501,0,41.036,9.645,0,3084664,4194304,2157616,712321
0.697,open,511,,291.695,42.45,510,0,40.586,9.564,0,3073552,4194304,2131552,725353
0.707,open,519,,298.194,42.45,517,0,40.323,9.565,0,3063888,4194304,2109832,736937
0.717,open,528,,305.403,42.45,526,0,40.054,9.567,0,3052776,4194304,2083768,749969
0.727,open,534,,309.795,42.45,532,0,39.935,9.603,0,3046008,4194304,2066392,758657
0.737,open,543,,317.054,42.45,541,0,39.678,9.603,0,3035856,4194304,2040328,771689
0.747,open,552,,324.323,42.45,550,0,39.432,9.601,0,3024744,4194304,2014264,784721
0.757,open,561,,331.591,42.45,559,0,39.197,9.601,0,3014592,4194304,1988200,797753
0.767,open,567,,336.377,42.45,565,0,39.052,9.634,0,3007824,4194304,1970824,806441
0.777,open,578,,344.736,42.45,578,0,38.844,9.599,0,2994776,4194304,1936072,822369
0.787,open,584,,348.147,42.45,583,0,38.863,9.599,0,2988008,4194304,1920144,831057
0.797,open,593,,353.103,42.45,592,0,38.908,9.631,0,2977856,4194304,1894080,844089
0.808,open,602,,358.906,42.45,600,0,38.86,9.596,0,2966744,4194304,1869464,857121
0.818,open,609,,363.026,42.45,607,0,38.866,9.564,0,2958528,4194304,1849192,867257
0.828,open,618,,368.614,42.45,616,0,38.842,9.627,0,2947416,4194304,1823128,880289
0.838,open,627,,374.578,42.45,625,0,38.78,9.565,0,2937264,4194304,1797064,893321
0.848,open,636,,379.286,42.45,634,0,38.849,9.626,0,2927112,4194304,1771000,906353
0.858,open,642,,383.165,42.45,640,0,38.818,9.625,0,2919384,4194304,1753624,915041
0.868,open,653,,389.57,42.45,652,0,38.834,9.624,0,2907296,4194304,1720320,930969
0.878,open,659,,393.12,42.45,658,0,38.837,9.624,0,2900528,4194304,1702944,939657
0.888,open,668,,398.879,42.45,667,0,38.799,9.594,0,2890376,4194304,1676880,952689
0.898,open,677,,403.948,42.45,676,0,38.829,9.623,0,2880224,4194304,1650816,965721
0.908,open,686,,409.746,42.45,684,0,38.788,9.594,0,2869112,4194304,1626200,978753
0.918,open,694,,414.975,42.45,694,0,38.746,9.566,0,2860408,4194304,1600136,990337
0.928,open,702,,419.62,42.45,700,0,38.759,9.62,0,2850744,4194304,1579864,1001921
0.938,open,711,,425.464,42.45,709,0,38.716,9.566,0,2839632,4194304,1553800,1014953
0.949,open,717,,429.101,42.45,715,0,38.712,9.566,0,2832864,4194304,1536424,1023641
0.959,open,726,,434.205,42.45,724,0,38.737,9.619,0,2822712,4194304,1510360,1036673
0.969,open,735,,440.017,42.45,733,0,38.7,9.566,0,2811600,4194304,1484296,1049705
0.979,open,743,,444.1,42.45,742,0,38.761,9.617,0,2802896,4194304,1459680,1061289
0.989,open,752,,449.765,42.45,752,0,38.736,9.591,0,4247384,4194304,2865688,1074321
0.999,open,761,,455.709,42.45,760,0,38.689,9.566,0,4237232,4194304,2841072,1087353
1.009,open,767,,459.372,42.45,766,0,38.683,9.566,0,4230464,4194304,2823696,1096041
1.019,open,776,,464.484,42.45,774,0,38.706,9.615,0,4219352,4194304,2799080,1109073
1.029,open,784,,469.379,42.45,784,0,38.697,9.59,0,4210648,4194304,2773016,1120657
1.039,open,793,,474.267,42.45,792,0,38.738,9.614,0,4200496,4194304,2748400,1133689
1.049,open,802,,480.012,42.45,801,0,38.709,9.59,0,4189384,4194304,2722336,1146721
1.059,open,811,,483.938,42.45,810,0,38.826,9.613,0,4179232,4194304,2696272,1159753
1.069,open,817,,487.139,42.45,816,0,38.856,9.612,0,4172464,4194304,2678896,1168441
1.079,open,826,,492.491,42.45,825,0,38.857,9.589,0,4161352,4194304,2652832,1181473
1.090,open,835,,497.549,42.45,834,0,38.881,9.611,0,4151200,4194304,2626768,1194505
1.100,open,844,,503.172,42.45,843,0,38.861,9.588,0,4140088,4194304,2600704,1207537
1.110,open,850,,506.783,42.45,849,0,38.858,9.588,0,4133320,4194304,2583328,1216225
1.120,open,859,,511.965,42.45,858,0,38.872,9.61,0,4123168,4194304,2557264,1229257
1.130,open,868,,517.608,42.45,867,0,38.851,9.59,0,4112056,4194304,2531200,1242289
1.140,open,877,,522.837,42.45,876,0,38.862,9.609,0,4101904,4194304,2505136,1255321
1.150,open,883,,526.474,42.45,882,0,38.857,9.609,0,4095136,4194304,2487760,1264009
1.160,open,893,,534.183,42.45,892,0,38.73,9.566,0,4082576,4194304,2458800,1278489
1.170,open,902,,540.49,42.45,900,0,38.664,9.607,0,4071464,4194304,2434184,1291521
1.180,open,909,,545.21,42.45,908,0,38.627,9.564,0,4063248,4194304,2412464,1301657
1.190,open,919,,551.657,42.45,918,0,38.595,9.564,0,4050688,4194304,2383504,1316137
1.200,open,925,,555.338,42.45,924,0,38.59,9.564,0,4043920,4194304,2366128,1324825
1.210,open,935,,561.461,42.45,934,0,38.582,9.564,0,4031360,4194304,2337168,1339305
1.220,open,944,,567.05,42.45,943,0,38.569,9.564,0,4020248,4194304,2311104,1352337
1.231,open,952,,571.41,42.45,950,0,38.599,9.605,0,4009624,4194304,2289384,1363921
1.241,open,958,,574.898,42.45,957,0,38.607,9.604,0,4002856,4194304,2270560,1372609
1.251,open,967,,580.618,42.45,966,0,38.586,9.564,0,3992704,4194304,2244496,1385641
1.261,open,976,,585.692,42.45,975,0,38.607,9.603,0,3982552,4194304,2218432,1398673
1.271,open,985,,591.496,42.45,984,0,38.581,9.564,0,3971440,4194304,2192368,1411705
1.281,open,991,,595.119,42.45,990,0,38.58,9.564,0,3964672,4194304,2174992,1420393
1.291,open,1000,,600.216,42.45,999,0,38.599,9.602,0,3953560,4194304,2148928,1433425
1.301,open,1009,,606.025,42.45,1008,0,38.573,9.564,0,3943408,4194304,2122864,1446457
1.311,open,1018,,611.117,42.45,1017,0,38.593,9.602,0,3933256,4194304,2096800,1459489
1.321,open,1027,,616.396,42.45,1026,0,38.601,9.601,0,3922144,4194304,2070736,1472521
1.331,open,1033,,619.788,42.45,1032,0,38.614,9.601,0,3915376,4194304,2053360,1481209
1.341,open,1042,,625.514,42.45,1041,0,38.594,9.58,0,3905224,4194304,2027296,1494241
1.352,open,1051,,630.539,42.45,1050,0,38.617,9.6,0,3894112,4194304,2001232,1507273
1.362,open,1060,,636.326,42.45,1059,0,38.594,9.582,0,3883960,4194304,1975168,1520305
1.372,open,1066,,639.965,42.45,1065,0,38.591,9.582,0,3874296,4194304,1957792,1528993
1.382,open,1075,,645.093,42.45,1074,0,38.608,9.598,0,3866080,4194304,1931728,1542025
1.392,open,1084,,650.881,42.45,1083,0,38.585,9.581,0,3855928,4194304,1905664,1555057
1.402,open,1093,,655.955,42.45,1092,0,38.604,9.599,0,3844816,4194304,1879600,1568089
1.412,open,1102,,661.766,42.45,1101,0,38.58,9.581,0,3834664,4194304,1853536,1581121
1.422,open,1108,,665.392,42.45,1107,0,38.579,9.581,0,3827896,4194304,1836160,1589809
1.432,open,1117,,670.482,42.45,1116,0,38.597,9.598,0,3816784,4194304,1810096,1602841
1.442,open,1126,,676.287,42.45,1125,0,38.574,9.581,0,3806632,4194304,1784032,1615873
1.453,open,1135,,681.382,42.45,1134,0,38.592,9.598,0,3795520,4194304,1757968,1628905
1.463,open,1141,,685.019,42.45,1140,0,38.59,9.597,0,3788752,4194304,1740592,1637593
1.473,open,1150,,690.828,42.45,1149,0,38.567,9.58,0,3778600,4194304,1714528,1650625
1.483,open,1158,,695.467,42.45,1156,0,38.576,9.597,0,3767976,4194304,1692808,1662209
1.493,open,1167,,701.587,42.45,1165,0,38.537,9.564,0,3757824,4194304,1666744,1675241
1.503,open,1176,,706.756,42.45,1174,0,38.55,9.597,0,3747672,4194304,1640680,1688273
1.513,open,1185,,712.59,42.45,1183,0,38.527,9.564,0,3736560,4194304,1614616,1701305
1.523,open,1193,,716.678,42.45,1192,0,38.566,9.596,0,3727856,4194304,1590000,1712889
1.533,open,1202,,722.327,42.45,1202,0,38.553,9.581,0,3717704,4194304,1562488,1725921
1.544,open,1210,,727.76,42.45,1208,0,38.52,9.58,0,3708040,4194304,1542216,1737505
1.554,open,1219,,732.393,42.45,1217,0,38.561,9.596,0,3697888,4194304,1516152,1750537
1.564,open,1225,,735.939,42.45,1225,0,38.564,9.595,0,3691120,4194304,1495880,1759225
1.574,open,1234,,741.698,42.45,1233,0,38.546,9.58,0,3680968,4194304,1471264,1772257
1.584,open,1243,,746.771,42.45,1242,0,38.563,9.595,0,3670816,4194304,1445200,1785289
1.594,open,1252,,752.564,42.45,1251,0,38.543,9.58,0,3659704,4194304,1419136,1798321
1.604,open,1258,,756.203,42.45,1257,0,38.542,9.579,0,3652936,4194304,1401760,1807009
1.614,open,1267,,761.295,42.45,1266,0,38.558,9.594,0,3642784,4194304,1375696,1820041
1.624,open,1276,,767.105,42.45,1275,0,38.538,9.579,0,3631672,4194304,1349632,1833073
1.635,open,1285,,772.197,42.45,1284,0,38.553,9.594,0,3621520,4194304,1323568,1846105
1.645,open,1294,,778.006,42.45,1293,0,38.534,9.579,0,3610408,4194304,1297504,1859137
1.655,open,1302,,782.915,42.45,1300,0,38.529,9.594,0,3600744,4194304,1275784,1870721
1.665,open,1311,,788.853,42.45,1309,0,38.503,9.564,0,3590592,4194304,1249720,1883753
1.675,open,1317,,792.519,42.45,1315,0,38.5,9.564,0,3582864,4194304,1232344,1892441
1.685,open,1326,,797.74,42.45,1324,0,38.51,9.593,0,3571752,4194304,1206280,1905473
1.695,open,1335,,803.473,42.45,1333,0,38.494,9.564,0,3561600,4194304,1180216,1918505
1.705,open,1344,,808.552,42.45,1342,0,38.511,9.592,0,3550488,4194304,1154152,1931537
1.715,open,1350,,812.184,42.45,1348,0,38.509,9.592,0,3543720,4194304,1136776,1940225
1.725,open,1359,,817.991,42.45,1357,0,38.491,9.564,0,3533568,4194304,1110712,1953257
1.736,open,1368,,823.088,42.45,1366,0,38.506,9.592,0,3522456,4194304,1084648,1966289
1.746,open,1376,,827.818,42.45,1375,0,38.51,9.578,0,3513752,4194304,1060032,1977873
1.756,open,1385,,833.215,42.45,1384,0,38.511,9.578,0,3503600,4194304,1033968,1990905
1.766,open,1393,,838.05,42.45,1391,0,38.51,9.591,0,3493936,4194304,1012248,2002489
1.776,open,1402,,843.556,42.45,1400,0,38.505,9.578,0,3483784,4194304,986184,2015521
1.786,open,1408,,847.119,42.45,1407,0,38.508,9.578,0,3477016,4194304,967360,2024209
1.796,open,1417,,852.171,42.45,1416,0,38.524,9.591,0,3466864,4194304,941296,2037241
1.806,open,1426,,857.968,42.45,1425,0,38.507,9.577,0,3456712,4194304,915232,2050273
1.816,open,1435,,863.066,42.45,1434,0,38.521,9.591,0,3445600,4194304,889168,2063305
1.826,open,1444,,868.873,42.45,1443,0,38.503,9.577,0,3435448,4194304,863104,2076337
1.837,open,1450,,872.512,42.45,1449,0,38.502,9.577,0,3427720,4194304,845728,2085025
1.847,open,1459,,875.185,42.45,1458,0,38.623,9.59,0,3417568,4194304,819664,2098057
1.857,open,1468,,878.61,42.45,1467,0,38.71,9.577,0,3407416,4194304,793600,2111089
1.867,open,1477,,882.652,42.45,1476,0,38.769,9.577,0,3396304,4194304,767536,2124121
1.877,open,1485,,887.324,42.45,1483,0,38.773,9.564,0,3386640,4194304,745816,2135705
1.887,open,1494,,891.936,42.45,1492,0,38.807,9.59,0,3376488,4194304,719752,2148737
1.897,open,1500,,895.226,42.45,1498,0,38.819,9.59,0,3368760,4194304,702376,2157425
1.907,open,1509,,901.981,42.45,1507,0,38.76,9.564,0,3357648,4194304,676312,2170457
1.917,open,1518,,906.552,42.45,1516,0,38.794,9.589,0,3346536,4194304,650248,2183489
1.927,open,1527,,911.613,42.45,1525,0,38.808,9.564,0,3336384,4194304,624184,2196521
1.937,open,1533,,915.003,42.45,1531,0,38.816,9.564,0,3329616,4194304,606808,2205209
1.947,open,1542,,920.076,42.45,1540,0,38.828,9.589,0,3318504,4194304,580744,2218241
1.957,open,1550,,925.327,42.45,1550,0,38.808,9.576,0,3309800,4194304,554680,2229825
1.968,open,1559,,930.194,42.45,1559,0,38.829,9.588,0,3299648,4194304,528616,2242857
1.978,open,1568,,935.738,42.45,1568,0,38.822,9.564,0,3288536,4194304,502552,2255889
1.988,open,1576,,940.763,42.45,1575,0,38.812,9.588,0,3278872,4194304,480832,2267473
1.998,open,1585,,946.148,42.45,1584,0,38.811,9.564,0,3267760,4194304,454768,2280505
2.008,open,1594,,951.337,42.45,1593,0,38.819,9.588,0,3257608,4194304,428704,2293537
2.018,open,1600,,954.904,42.45,1599,0,38.819,9.588,0,3250840,4194304,411328,2302225
2.028,open,1609,,960.403,42.45,1608,0,38.814,9.564,0,3239728,4194304,385264,2315257
2.038,open,1618,,965.684,42.45,1617,0,38.818,9.576,0,3229576,4194304,359200,2328289
2.048,open,1627,,971.223,42.45,1626,0,38.811,9.564,0,3219424,4194304,333136,2341321
2.058,open,1633,,974.842,42.45,1632,0,38.81,9.564,0,3211696,4194304,315760,2350009
2.068,open,1642,,980.155,42.45,1641,0,38.812,9.576,0,3201544,4194304,289696,2363041
2.078,open,1651,,985.714,42.45,1650,0,38.805,9.564,0,3191392,4194304,263632,2376073
2.088,open,1660,,991.03,42.45,1659,0,38.807,9.576,0,3180280,4194304,237568,2389105
2.099,open,1669,,996.593,42.45,1668,0,38.8,9.564,0,3170128,4194304,211504,2402137
2.109,open,1675,,1000.234,42.45,1674,0,38.797,9.563,0,3162400,4194304,194128,2410825
2.119,open,1684,,1005.575,42.45,1683,0,38.799,9.575,0,3152248,4194304,168064,2423857
2.129,open,1693,,1011.142,42.45,1692,0,38.791,9.564,0,3142096,4194304,142000,2436889
2.139,open,1702,,1016.46,42.45,1701,0,38.793,9.575,0,3130984,4194304,115936,2449921
2.149,open,1708,,1020.089,42.45,1707,0,38.792,9.575,0,3124216,4194304,98560,2458609
2.159,open,1717,,1025.655,42.45,1716,0,38.784,9.564,0,3114064,4194304,72496,2471641
2.169,open,1726,,1030.99,42.45,1725,0,38.786,9.575,0,3102952,4194304,46432,2484673
2.179,open,1735,,1041.608,42.45,1734,0,38.591,9.564,0,3092800,4194304,20368,2497705
2.189,open,1744,,1049.564,42.45,1740,0,38.497,9.575,0,3080728,4194304,0,2510737
2.199,open,1750,,1053.877,42.45,1734,0,38.471,9.575,0,3070120,4194304,0,2519425
2.210,open,1759,,1060.068,42.45,1725,0,38.443,9.564,0,3054208,4194304,0,2532457
2.220,open,1768,,1065.274,42.45,1716,0,38.451,9.575,0,3038296,4194304,0,2545489
2.230,open,1777,,1070.99,42.45,1707,0,38.441,9.575,0,3022384,4194304,0,2558521
2.240,open,1785,,1076.176,42.45,1699,0,38.428,9.564,0,3007920,4194304,0,2570105
2.250,open,1791,,1079.701,42.45,1693,0,38.431,9.564,0,2997312,4194304,0,2578793
2.260,open,1802,,1086.596,42.45,1682,0,38.422,9.575,0,2977544,4194304,0,2594721
2.270,open,1808,,1089.721,42.45,1676,0,38.439,9.575,0,2966936,4194304,0,2603409
2.280,open,1817,,1095.409,42.45,1667,0,38.43,9.564,0,2951024,4194304,0,2616441
2.290,open,1826,,1100.465,42.45,1658,0,38.443,9.585,0,2935112,4194304,0,2629473
2.300,open,1834,,1105.677,42.45,1650,0,38.429,9.585,0,2920648,4194304,0,2641057
2.310,open,1843,,1111.217,42.45,1641,0,38.425,9.564,0,2904736,4194304,0,2654089
2.320,open,1852,,1116.229,42.45,1632,0,38.439,9.585,0,2888824,4194304,0,2667121
2.330,open,1858,,1119.844,42.45,1626,0,38.439,9.585,0,2878216,4194304,0,2675809
2.340,open,1866,,1125.057,42.45,1618,0,38.426,9.585,0,2863752,4194304,0,2687393
2.351,open,1875,,1130.59,42.45,1609,0,38.422,9.564,0,2847840,4194304,0,2700425
2.361,open,1884,,1135.651,42.45,1600,0,38.435,9.574,0,2831928,4194304,0,2713457
2.371,open,1893,,1140.88,42.45,1591,0,38.441,9.584,0,2816016,4194304,0,2726489
2.381,open,1902,,1146.909,42.45,1582,0,38.421,9.574,0,2800104,4194304,0,2739521
2.391,open,1910,,1151.698,42.45,1908,0,38.422,9.564,0,4226688,4194304,835496,2751105
2.401,open,1918,,1156.193,42.45,1917,0,38.433,9.584,0,4217984,4194304,810880,2762689
2.411,open,1927,,1161.983,42.45,1926,0,38.421,9.564,0,4207832,4194304,784816,2775721
2.421,open,1933,,1165.619,42.45,1932,0,38.421,9.564,0,4200104,4194304,767440,2784409
2.431,open,1942,,1170.702,42.45,1941,0,38.432,9.584,0,4189952,4194304,741376,2797441
2.441,open,1951,,1176.509,42.45,1949,0,38.419,9.564,0,4178840,4194304,716760,2810473
2.451,open,1960,,1181.641,42.45,1958,0,38.429,9.582,0,4168688,4194304,690696,2823505
2.461,open,1966,,1185.32,42.45,1964,0,38.427,9.582,0,4161920,4194304,673320,2832193
2.472,open,1975,,1191.154,42.45,1973,0,38.414,9.563,0,4150808,4194304,647256,2845225
2.482,open,1984,,1196.255,42.45,1982,0,38.424,9.582,0,4140656,4194304,621192,2858257
2.492,open,1993,,1202.066,42.45,1991,0,38.412,9.563,0,4130504,4194304,595128,2871289
2.502,open,1999,,1205.699,42.45,1997,0,38.412,9.563,0,4122776,4194304,577752,2879977
2.512,open,2008,,1210.794,42.45,2006,0,38.422,9.582,0,4112624,4194304,551688,2893009
2.522,open,2017,,1216.601,42.45,2015,0,38.41,9.563,0,4102472,4194304,525624,2906041
2.532,open,2026,,1221.695,42.45,2024,0,38.421,9.582,0,4091360,4194304,499560,2919073
2.542,open,2035,,1227.503,42.45,2033,0,38.409,9.563,0,4081208,4194304,473496,2932105
2.552,open,2041,,1231.134,42.45,2039,0,38.408,9.563,0,4073480,4194304,456120,2940793
2.562,open,2050,,1236.228,42.45,2048,0,38.419,9.582,0,4063328,4194304,430056,2953825
2.572,open,2059,,1242.038,42.45,2057,0,38.407,9.563,0,4053176,4194304,403992,2966857
2.582,open,2068,,1247.125,42.45,2066,0,38.417,9.582,0,4042064,4194304,377928,2979889
2.592,open,2074,,1250.761,42.45,2072,0,38.417,9.581,0,4035296,4194304,360552,2988577
2.602,open,2083,,1256.486,42.45,2081,0,38.408,9.564,0,4025144,4194304,334488,3001609
2.612,open,2092,,1261.635,42.45,2090,0,38.416,9.581,0,4014032,4194304,308424,3014641
2.623,open,2101,,1267.452,42.45,2099,0,38.405,9.563,0,4003880,4194304,282360,3027673
2.633,open,2107,,1271.09,42.45,2105,0,38.404,9.563,0,3997112,4194304,264984,3036361
2.643,open,2116,,1276.185,42.45,2114,0,38.414,9.581,0,3986000,4194304,238920,3049393
2.653,open,2125,,1281.979,42.45,2123,0,38.403,9.563,0,3975848,4194304,212856,3062425
2.663,open,2134,,1287.074,42.45,2132,0,38.413,9.581,0,3964736,4194304,186792,3075457
2.673,open,2143,,1292.606,42.45,2141,0,38.41,9.563,0,3954584,4194304,160728,3088489
2.683,open,2149,,1296.341,42.45,2147,0,38.407,9.564,0,3947816,4194304,143352,3097177
2.693,open,2158,,1301.582,42.45,2156,0,38.412,9.58,0,3936704,4194304,117288,3110209
2.703,open,2167,,1307.413,42.45,2165,0,38.4,9.563,0,3926552,4194304,91224,3123241
2.713,open,2176,,1312.522,42.45,2174,0,38.41,9.581,0,3915440,4194304,65160,3136273
2.723,open,2182,,1316.163,42.45,2180,0,38.409,9.581,0,3908672,4194304,47784,3144961
2.734,open,2191,,1321.959,42.45,2189,0,38.398,9.563,0,3898520,4194304,21720,3157993
2.744,open,2200,,1327.049,42.45,2195,0,38.408,9.581,0,3886448,4194304,0,3171025
2.754,open,2209,,1332.856,42.45,2186,0,38.397,9.563,0,3870536,4194304,0,3184057
2.764,open,2218,,1337.959,42.45,2177,0,38.407,9.58,0,3854624,4194304,0,3197089
2.774,open,2224,,1341.592,42.45,2171,0,38.406,9.58,0,3844016,4194304,0,3205777
2.784,open,2233,,1347.401,42.45,2162,0,38.395,9.563,0,3828104,4194304,0,3218809
2.794,open,2242,,1352.492,42.45,2153,0,38.405,9.58,0,3812192,4194304,0,3231841
2.804,open,2251,,1358.304,42.45,2144,0,38.394,9.563,0,3796280,4194304,0,3244873
2.814,open,2257,,1361.938,42.45,2138,0,38.394,9.563,0,3785672,4194304,0,3253561
2.824,open,2266,,1367.025,42.45,2129,0,38.404,9.58,0,3769760,4194304,0,3266593
2.834,open,2275,,1372.83,42.45,2120,0,38.393,9.563,0,3753848,4194304,0,3279625
2.844,open,2284,,1377.924,42.45,2111,0,38.402,9.58,0,3737936,4194304,0,3292657
2.854,open,2290,,1381.558,42.45,2105,0,38.402,9.58,0,3727328,4194304,0,3301345
2.864,open,2299,,1387.366,42.45,2096,0,38.392,9.563,0,3711416,4194304,0,3314377
2.875,open,2308,,1392.452,42.45,2087,0,38.401,9.58,0,3695504,4194304,0,3327409
2.885,open,2317,,1397.735,42.45,2078,0,38.405,9.58,0,3679592,4194304,0,3340441
2.895,open,2326,,1403.245,42.45,2069,0,38.403,9.571,0,3663680,4194304,0,3353473
2.905,open,2332,,1406.811,42.45,2063,0,38.404,9.571,0,3653072,4194304,0,3362161
2.915,open,2341,,1411.873,42.45,2054,0,38.414,9.579,0,3637160,4194304,0,3375193
2.925,open,2350,,1417.667,42.45,2045,0,38.404,9.571,0,3621248,4194304,0,3388225
2.935,open,2359,,1422.753,42.45,2036,0,38.414,9.579,0,3605336,4194304,0,3401257
2.945,open,2365,,1426.379,42.45,2030,0,38.414,9.579,0,3594728,4194304,0,3409945
2.955,open,2374,,1432.199,42.45,2021,0,38.403,9.571,0,3578816,4194304,0,3422977
2.965,open,2382,,1437.382,42.45,2013,0,38.394,9.579,0,3564352,4194304,0,3434561
2.975,open,2391,,1443.127,42.45,2004,0,38.385,9.563,0,3548440,4194304,0,3447593
2.985,open,2400,,1448.229,42.45,1995,0,38.394,9.579,0,3532528,4194304,0,3460625
2.995,open,2409,,1454.115,42.45,1986,0,38.382,9.563,0,3515656,4194304,0,3473657
3.006,open,2415,,1457.686,42.45,1980,0,38.383,9.563,0,3505048,4194304,0,3482345
3.016,open,2424,,1462.815,42.45,1971,0,38.391,9.571,0,3489136,4194304,0,3495377
3.026,open,2433,,1467.682,42.45,1962,0,38.406,9.579,0,3473224,4194304,0,3508409
3.036,open,2442,,1473.44,42.45,1953,0,38.397,9.571,0,3457312,4194304,0,3521441
3.046,open,2450,,1478.635,42.45,1945,0,38.388,9.563,0,3442848,4194304,0,3533025
3.056,open,2458,,1483.267,42.45,1937,0,38.393,9.579,0,3428384,4194304,0,3544609
3.066,open,2467,,1489.111,42.45,1928,0,38.382,9.563,0,3412472,4194304,0,3557641
3.076,open,2473,,1492.757,42.45,1922,0,38.382,9.563,0,3401864,4194304,0,3566329
3.086,open,2482,,1497.855,42.45,1913,0,38.39,9.579,0,3385952,4194304,0,3579361
3.096,open,2491,,1503.663,42.45,1904,0,38.381,9.563,0,3370040,4194304,0,3592393
3.106,open,2500,,1508.759,42.45,1895,0,38.389,9.578,0,3354128,4194304,0,3605425
3.116,open,2509,,1514.573,42.45,1886,0,38.379,9.563,0,3338216,4194304,0,3618457
3.126,open,2515,,1518.223,42.45,1880,0,38.379,9.563,0,3327608,4194304,0,3627145
3.136,open,2524,,1523.33,42.45,1871,0,38.387,9.578,0,3311696,4194304,0,3640177
3.147,open,2533,,1529.117,42.45,1862,0,38.378,9.563,0,3295784,4194304,0,3653209
3.157,open,2542,,1534.22,42.45,1853,0,38.386,9.578,0,3279872,4194304,0,3666241
3.167,open,2548,,1537.858,42.45,1847,0,38.386,9.578,0,3269264,4194304,0,3674929
3.177,open,2557,,1543.644,42.45,1838,0,38.377,9.563,0,3253352,4194304,0,3687961
3.187,open,2566,,1548.733,42.45,1829,0,38.386,9.578,0,3237440,4194304,0,3700993
3.197,open,2575,,1554.541,42.45,1820,0,38.376,9.563,0,3221528,4194304,0,3714025
3.207,open,2584,,1559.631,42.45,1811,0,38.385,9.578,0,3205616,4194304,0,3727057
3.217,open,2590,,1563.261,42.45,1805,0,38.385,9.578,0,3195008,4194304,0,3735745
3.227,open,2599,,1569.061,42.45,1796,0,38.376,9.563,0,3179096,4194304,0,3748777
3.237,open,2608,,1574.204,42.45,1787,0,38.383,9.571,0,3163184,4194304,0,3761809
3.247,open,2617,,1579.132,42.45,1778,0,38.395,9.577,0,3147272,4194304,0,3774841
3.257,open,2623,,1582.731,42.45,1772,0,38.395,9.577,0,3136664,4194304,0,3783529
3.267,open,2632,,1588.511,42.45,1763,0,38.387,9.57,0,3120752,4194304,0,3796561
3.277,open,2641,,1593.568,42.45,1754,0,38.396,9.578,0,3104840,4194304,0,3809593
3.288,open,2650,,1599.918,42.45,1745,0,38.374,9.57,0,3088928,4194304,0,3822625
3.298,open,2656,,1603.269,42.45,1739,0,38.38,9.57,0,3078320,4194304,0,3831313
3.308,open,2665,,1608.165,42.45,1730,0,38.393,9.578,0,3062408,4194304,0,3844345
3.318,open,2674,,1613.908,42.45,1721,0,38.386,9.57,0,3046496,4194304,0,3857377
3.328,open,2683,,1618.981,42.45,1712,0,38.394,9.578,0,3030584,4194304,0,3870409
3.338,open,2692,,1624.79,42.45,1703,0,38.385,9.57,0,3014672,4194304,0,3883441
3.348,open,2698,,1628.428,42.45,1697,0,38.385,9.57,0,3004064,4194304,0,3892129
3.358,open,2707,,1633.092,42.45,1688,0,38.403,9.577,0,2988152,4194304,0,3905161
3.368,open,2716,,1639.203,42.45,1679,0,38.387,9.57,0,2972240,4194304,0,3918193
3.378,open,2725,,1643.965,42.45,1670,0,38.403,9.577,0,2956328,4194304,0,3931225
3.388,open,2731,,1647.849,42.45,1664,0,38.397,9.577,0,2945720,4194304,0,3939913
3.399,open,2742,,1655.359,42.45,1653,0,38.376,9.577,0,2925952,4194304,0,3955841
3.409,open,2748,,1658.969,42.45,1647,0,38.377,9.577,0,2915344,4194304,0,3964529
3.419,open,2757,,1664.76,42.45,1638,0,38.368,9.563,0,2899432,4194304,0,3977561
3.429,open,2766,,1669.963,42.45,1629,0,38.374,9.577,0,2882560,4194304,0,3990593
3.439,open,2775,,1675.688,42.45,1620,0,38.367,9.563,0,2866648,4194304,0,4003625
3.449,open,2781,,1678.786,42.45,1614,0,38.379,9.577,0,2856040,4194304,0,4012313
3.459,open,2790,,1684.285,42.45,1605,0,38.378,9.57,0,2840128,4194304,0,4025345
3.469,open,2799,,1689.287,42.45,1596,0,38.387,9.577,0,2824216,4194304,0,4038377
3.479,open,2808,,1695.07,42.45,1587,0,38.379,9.57,0,2808304,4194304,0,4051409
3.490,open,2815,,1699.82,42.45,2815,0,38.368,9.563,0,5050008,4194304,65160,4061545
3.500,open,2824,,1704.961,42.45,2823,0,38.374,9.577,0,5039856,4194304,40544,4074577
3.510,open,2833,,1710.784,42.45,2832,0,38.365,9.563,0,5029704,4194304,14480,4087609
3.520,open,2842,,1715.883,42.45,2833,0,38.373,9.577,0,5016672,4194304,0,4100641
3.530,open,2848,,1719.517,42.45,2827,0,38.373,9.577,0,5006064,4194304,0,4109329
3.540,open,2857,,1725.312,42.45,2818,0,38.365,9.563,0,4990152,4194304,0,4122361
3.550,open,2866,,1730.403,42.45,2809,0,38.372,9.577,0,4974240,4194304,0,4135393
3.560,open,2875,,1736.213,42.45,2800,0,38.364,9.563,0,4958328,4194304,0,4148425
3.570,open,2884,,1741.304,42.45,2791,0,38.372,9.577,0,4942416,4194304,0,4161457
3.581,open,2890,,1744.932,42.45,2785,0,38.371,9.577,0,4931808,4194304,0,4170145
3.591,open,2899,,1750.74,42.45,2776,0,38.363,9.563,0,4915896,4194304,0,4183177
3.601,open,2908,,1755.834,42.45,2767,0,38.371,9.563,0,4899984,4194304,0,4196209
3.611,open,2917,,1761.66,42.45,2758,0,38.362,9.563,0,4884072,4194304,0,4209241
3.621,open,2923,,1765.279,42.45,2752,0,38.362,9.563,0,4873464,4194304,0,4217929
3.631,open,2932,,1770.377,42.45,2743,0,38.37,9.563,0,4857552,4194304,0,4230961
3.641,open,2941,,1776.188,42.45,2734,0,38.361,9.563,0,4841640,4194304,0,4243993
3.651,open,2950,,1781.285,42.45,2725,0,38.369,9.563,0,4825728,4194304,0,4257025
3.662,open,2959,,1787.088,42.45,2716,0,38.361,9.563,0,4809816,4194304,0,4270057
3.672,open,2965,,1790.2,42.45,2710,0,38.372,9.563,0,4799208,4194304,0,4278745
3.682,open,2974,,1795.719,42.45,2701,0,38.37,9.563,0,4783296,4194304,0,4291777
3.692,open,2983,,1800.706,42.45,2692,0,38.379,9.563,0,4767384,4194304,0,4304809
3.702,open,2992,,1806.486,42.45,2683,0,38.372,9.563,0,4751472,4194304,0,4317841
3.712,open,3001,,1811.567,42.45,2674,0,38.38,9.563,0,4735560,4194304,0,4330873
3.722,open,3007,,1815.201,42.45,2668,0,38.379,9.57,0,4724952,4194304,0,4339561
3.732,open,3016,,1821.0,42.45,2659,0,38.372,9.563,0,4709040,4194304,0,4352593
3.742,open,3025,,1826.096,42.45,2650,0,38.379,9.563,0,4693128,4194304,0,4365625
3.753,open,3034,,1831.897,42.45,2641,0,38.371,9.563,0,4677216,4194304,0,4378657
3.763,open,3040,,1835.534,42.45,2635,0,38.371,9.563,0,4666608,4194304,0,4387345
3.773,open,3049,,1840.624,42.45,2626,0,38.378,9.563,0,4650696,4194304,0,4400377
3.783,open,3058,,1846.434,42.45,2617,0,38.37,9.563,0,4634784,4194304,0,4413409
3.793,open,3067,,1851.106,42.45,2608,0,38.386,9.563,0,4618872,4194304,0,4426441
3.803,open,3076,,1853.868,42.45,2599,0,38.441,9.563,0,4602960,4194304,0,4439473
3.813,open,3082,,1856.163,42.45,2593,0,38.468,9.564,0,4592352,4194304,0,4448161
3.823,open,3091,,1860.048,42.45,2584,0,38.5,9.564,0,4576440,4194304,0,4461193
3.833,open,3100,,1864.936,42.45,2575,0,38.511,9.564,0,4560528,4194304,0,4474225
3.843,open,3109,,1869.924,42.45,2566,0,38.52,9.564,0,4544616,4194304,0,4487257
3.853,open,3115,,1873.394,42.45,2560,0,38.523,9.564,0,4534008,4194304,0,4495945
3.863,open,3124,,1878.809,42.45,2551,0,38.523,9.563,0,4518096,4194304,0,4508977
3.873,open,3133,,1884.039,42.45,2542,0,38.526,9.563,0,4502184,4194304,0,4522009
3.884,open,3142,,1889.376,42.45,2533,0,38.528,9.563,0,4486272,4194304,0,4535041
3.894,open,3148,,1892.849,42.45,2527,0,38.531,9.563,0,4475664,4194304,0,4543729
3.904,open,3157,,1898.224,42.45,2518,0,38.531,9.564,0,4459752,4194304,0,4556761
3.914,open,3166,,1903.43,42.45,2509,0,38.536,9.563,0,4443840,4194304,0,4569793
3.924,open,3175,,1908.931,42.45,2500,0,38.534,9.563,0,4427928,4194304,0,4582825
3.934,open,3184,,1914.213,42.45,2491,0,38.536,9.563,0,4412016,4194304,0,4595857
3.944,open,3190,,1917.823,42.45,2485,0,38.536,9.563,0,4401408,4194304,0,4604545
3.954,open,3199,,1923.37,42.45,2476,0,38.534,9.563,0,4385496,4194304,0,4617577
3.964,open,3208,,1928.683,42.45,2467,0,38.536,9.563,0,4369584,4194304,0,4630609
3.974,open,3217,,1934.246,42.45,2458,0,38.533,9.563,0,4353672,4194304,0,4643641
3.984,open,3223,,1937.874,42.45,2452,0,38.532,9.563,0,4343064,4194304,0,4652329
3.994,open,3232,,1943.195,42.45,2443,0,38.534,9.563,0,4327152,4194304,0,4665361
4.005,open,3241,,1948.773,42.45,2434,0,38.531,9.563,0,4311240,4194304,0,4678393
4.015,open,3250,,1954.112,42.45,2425,0,38.532,9.563,0,4295328,4194304,0,4691425
4.025,open,3259,,1959.682,42.45,2416,0,38.529,9.563,0,4279416,4194304,0,4704457
4.035,open,3265,,1963.313,42.45,2410,0,38.528,9.563,0,4268808,4194304,0,4713145
4.045,open,3274,,1970.139,42.45,2401,0,38.501,9.563,0,4252896,4194304,0,4726177
4.055,open,3283,,1975.213,42.45,2392,0,38.507,9.563,0,4236984,4194304,0,4739209
4.065,open,3292,,1980.208,42.45,2383,0,38.516,9.563,0,4221072,4194304,0,4752241
4.075,open,3298,,1983.684,42.45,2377,0,38.518,9.563,0,4210464,4194304,0,4760929
4.085,open,3307,,1989.092,42.45,2368,0,38.518,9.563,0,4194552,4194304,0,4773961
4.095,open,3316,,1994.31,42.45,2359,0,38.522,9.563,0,4178640,4194304,0,4786993
4.105,open,3325,,1999.808,42.45,2350,0,38.52,9.563,0,4162728,4194304,0,4800025
4.116,open,3334,,2005.084,42.45,2341,0,38.523,9.563,0,4146816,4194304,0,4813057
4.126,open,3340,,2008.692,42.45,2335,0,38.523,9.563,0,4136208,4194304,0,4821745
4.136,open,3349,,2014.217,42.45,2326,0,38.521,9.563,0,4120296,4194304,0,4834777
4.146,open,3358,,2019.512,42.45,2317,0,38.523,9.564,0,4104384,4194304,0,4847809
4.156,open,3367,,2025.078,42.45,2308,0,38.52,9.563,0,4088472,4194304,0,4860841
4.166,open,3373,,2028.707,42.45,2302,0,38.52,9.563,0,4077864,4194304,0,4869529
4.176,open,3382,,2034.055,42.45,2293,0,38.521,9.563,0,4061952,4194304,0,4882561
4.186,open,3391,,2039.645,42.45,2284,0,38.518,9.563,0,4046040,4194304,0,4895593
4.196,open,3400,,2044.986,42.45,2275,0,38.519,9.563,0,4030128,4194304,0,4908625
4.206,open,3409,,2050.549,42.45,2266,0,38.516,9.563,0,4014216,4194304,0,4921657
4.216,open,3415,,2059.205,42.45,2260,0,38.422,9.563,0,4003608,4194304,0,4930345
4.226,open,3424,,2067.156,42.45,2251,0,38.375,9.563,0,3987696,4194304,0,4943377
4.236,open,3433,,2073.83,42.45,2242,0,38.352,9.563,0,3971784,4194304,0,4956409
4.247,open,3442,,2079.167,42.45,2233,0,38.354,9.563,0,3955872,4194304,0,4969441
4.257,open,3448,,2082.849,42.45,2227,0,38.353,9.563,0,3945264,4194304,0,4978129
4.267,open,3457,,2088.709,42.45,2218,0,38.345,9.563,0,3929352,4194304,0,4991161
4.277,open,3466,,2093.804,42.45,2209,0,38.351,9.574,0,3913440,4194304,0,5004193
4.287,open,3475,,2099.633,42.45,2200,0,38.344,9.563,0,3897528,4194304,0,5017225
4.297,open,3484,,2104.367,42.45,2191,0,38.357,9.579,0,3882968,4194304,0,5028905
4.307,open,3493,,1975.284,42.45,2182,0,40.969,9.569,0,3867056,4194304,0,5041937
4.317,open,3501,,1945.397,42.45,2174,0,41.694,9.569,0,3852592,4194304,0,5053521
4.327,open,3507,,1941.29,42.45,2168,0,41.854,9.569,0,3841984,4194304,0,5062209
4.337,open,3516,,1945.715,42.45,2159,0,41.866,9.569,0,3826072,4194304,0,5075241
4.347,open,3525,,1954.667,42.45,2150,0,41.781,9.569,0,3810160,4194304,0,5088273
4.357,open,3534,,1964.985,42.45,2141,0,41.667,9.569,0,3794248,4194304,0,5101305
4.368,open,3541,,1973.171,42.45,2134,0,41.577,9.569,0,3781232,4194304,0,5111441
4.378,open,3550,,1984.087,42.45,2125,0,41.453,9.569,0,3765320,4194304,0,5124473
4.388,open,3559,,1993.937,42.45,2116,0,41.353,9.569,0,3749408,4194304,0,5137505
4.398,open,3568,,2005.597,42.45,2107,0,41.216,9.569,0,3733496,4194304,0,5150537
4.408,open,3574,,2013.038,42.45,2101,0,41.133,9.569,0,3722888,4194304,0,5159225
4.418,open,3583,,2024.03,42.45,2092,0,41.013,9.569,0,3706976,4194304,0,5172257
4.428,open,3592,,2034.946,42.45,2083,0,40.895,9.569,0,3691064,4194304,0,5185289
4.438,open,3601,,2045.847,42.45,2074,0,40.779,9.569,0,3675152,4194304,0,5198321
4.448,open,3607,,2053.113,42.45,2068,0,40.703,9.569,0,3664544,4194304,0,5207009
4.458,open,3616,,2064.009,42.45,2059,0,40.589,9.569,0,3648632,4194304,0,5220041
4.468,open,3625,,2074.91,42.45,2050,0,40.476,9.569,0,3632720,4194304,0,5233073
4.479,open,3634,,2085.801,42.45,2041,0,40.365,9.569,0,3616808,4194304,0,5246105
4.489,open,3643,,2096.692,42.45,2032,0,40.254,9.569,0,3600896,4194304,0,5259137
4.499,open,3649,,2103.955,42.45,2026,0,40.181,9.569,0,3590288,4194304,0,5267825
4.509,open,3658,,2114.856,42.45,2017,0,40.073,9.569,0,3574376,4194304,0,5280857
4.519,open,3667,,2125.754,42.45,2008,0,39.966,9.569,0,3558464,4194304,0,5293889
4.529,open,3676,,2136.657,42.45,1999,0,39.859,9.569,0,3542552,4194304,0,5306921
4.539,open,3683,,2145.059,42.45,1992,0,39.779,9.569,0,3529536,4194304,0,5317057
4.549,open,3692,,2155.998,42.45,1983,0,39.674,9.569,0,3513624,4194304,0,5330089
4.559,open,3701,,2166.91,42.45,1974,0,39.57,9.569,0,3497712,4194304,0,5343121
4.569,open,3707,,2174.178,42.45,1968,0,39.502,9.569,0,3487104,4194304,0,5351809
4.579,open,3716,,2185.081,42.45,1959,0,39.4,9.569,0,3471192,4194304,0,5364841
4.589,open,3725,,2195.975,42.45,1950,0,39.3,9.569,0,3455280,4194304,0,5377873
4.599,open,3734,,2206.866,42.45,1941,0,39.2,9.569,0,3439368,4194304,0,5390905
4.609,open,3740,,2214.129,42.45,1935,0,39.134,9.569,0,3428760,4194304,0,5399593
4.620,open,3749,,2225.032,42.45,1926,0,39.036,9.569,0,3412848,4194304,0,5412625
4.630,open,3758,,2235.931,42.45,1917,0,38.939,9.569,0,3396936,4194304,0,5425657
4.640,open,3767,,2246.833,42.45,1908,0,38.843,9.569,0,3381024,4194304,0,5438689
4.650,open,3776,,2257.721,42.45,1899,0,38.748,9.569,0,3365112,4194304,0,5451721
4.660,open,3782,,2264.983,42.45,1893,0,38.685,9.569,0,3354504,4194304,0,5460409
4.670,open,3791,,2275.881,42.45,1884,0,38.592,9.569,0,3338592,4194304,0,5473441
4.680,open,3800,,2286.78,42.45,1875,0,38.499,9.569,0,3322680,4194304,0,5486473
4.690,open,3809,,2297.682,42.45,1866,0,38.407,9.569,0,3306768,4194304,0,5499505
4.700,open,3815,,2303.104,42.45,1860,0,38.377,9.578,0,3295200,4194304,0,5508193
4.710,open,3826,,2310.755,42.45,1849,0,38.36,9.578,0,3275432,4194304,0,5524121
4.720,open,3832,,2314.393,42.45,1843,0,38.36,9.578,0,3264824,4194304,0,5532809
4.730,open,3841,,2320.203,42.45,1834,0,38.354,9.578,0,3248912,4194304,0,5545841
4.740,open,3850,,2325.294,42.45,1825,0,38.359,9.578,0,3233000,4194304,0,5558873
4.751,open,3859,,2331.089,42.45,1816,0,38.353,9.578,0,3217088,4194304,0,5571905
4.761,open,3865,,2334.726,42.45,1810,0,38.353,9.578,0,3206480,4194304,0,5580593
4.771,open,3874,,2339.826,42.45,1801,0,38.359,9.578,0,3190568,4194304,0,5593625
4.781,open,3883,,2345.636,42.45,1792,0,38.353,9.578,0,3174656,4194304,0,5606657
4.791,open,3892,,2350.732,42.45,1783,0,38.358,9.578,0,3158744,4194304,0,5619689
4.801,open,3900,,2355.625,42.45,1775,0,38.357,9.578,0,3144280,4194304,0,5631273
4.811,open,3909,,2360.514,42.45,1766,0,38.366,9.578,0,3128368,4194304,0,5644305
4.821,open,3915,,2364.057,42.45,1760,0,38.367,9.578,0,3117760,4194304,0,5652993
4.831,open,3924,,2369.778,42.45,1751,0,38.363,9.578,0,3101848,4194304,0,5666025
4.841,open,3933,,2374.843,42.45,1742,0,38.369,9.578,0,3085936,4194304,0,5679057
4.851,open,3942,,2380.64,42.45,1733,0,38.363,9.578,0,3070024,4194304,0,5692089
4.861,open,3948,,2384.273,42.45,1727,0,38.363,9.578,0,3059416,4194304,0,5700777
4.871,open,3957,,2389.368,42.45,1718,0,38.368,9.578,0,3043504,4194304,0,5713809
4.881,open,3966,,2395.175,42.45,1709,0,38.362,9.578,0,3027592,4194304,0,5726841
4.892,open,3975,,2400.265,42.45,1700,0,38.368,9.578,0,3011680,4194304,0,5739873
4.902,open,3984,,2406.073,42.45,1691,0,38.362,9.578,0,2995768,4194304,0,5752905
4.912,open,3990,,2409.71,42.45,1685,0,38.362,9.578,0,2985160,4194304,0,5761593
4.922,open,3999,,2414.807,42.45,1676,0,38.367,9.578,0,2969248,4194304,0,5774625
4.932,open,4008,,2420.609,42.45,1667,0,38.361,9.578,0,2953336,4194304,0,5787657
4.942,open,4017,,2425.702,42.45,1658,0,38.367,9.578,0,2937424,4194304,0,5800689
4.952,open,4023,,2429.334,42.45,1652,0,38.366,9.578,0,2926816,4194304,0,5809377
4.962,open,4032,,2435.143,42.45,1643,0,38.361,9.578,0,2910904,4194304,0,5822409
4.972,open,4041,,2440.236,42.45,1634,0,38.366,9.578,0,2894992,4194304,0,5835441
4.982,open,4050,,2446.042,42.45,1625,0,38.36,9.578,0,2879080,4194304,0,5848473
4.992,open,4056,,2449.676,42.45,1619,0,38.36,9.578,0,2868472,4194304,0,5857161
5.002,open,4065,,2454.774,42.45,1610,0,38.365,9.578,0,2852560,4194304,0,5870193
5.012,open,4074,,2460.572,42.45,1601,0,38.36,9.578,0,2836648,4194304,0,5883225
5.023,open,4083,,2465.671,42.45,1592,0,38.365,9.578,0,2820736,4194304,0,5896257
5.033,open,4092,,2471.478,42.45,1583,0,38.359,9.578,0,2804824,4194304,0,5909289
5.043,open,4098,,2475.113,42.45,4098,0,38.359,9.578,0,7326336,4194304,65160,5917977
5.053,open,4107,,2480.204,42.45,4106,0,38.364,9.578,0,7316184,4194304,40544,5931009
5.063,open,4116,,2486.011,42.45,4115,0,38.358,9.578,0,7306032,4194304,14480,5944041
5.073,open,4125,,2491.109,42.45,4116,0,38.364,9.578,0,7293000,4194304,0,5957073
5.083,open,4131,,2494.741,42.45,4110,0,38.363,9.578,0,7282392,4194304,0,5965761
5.093,open,4140,,2500.551,42.45,4101,0,38.358,9.578,0,7266480,4194304,0,5978793
5.103,open,4149,,2505.638,42.45,4092,0,38.363,9.578,0,7250568,4194304,0,5991825
5.113,open,4158,,2511.449,42.45,4083,0,38.357,9.578,0,7234656,4194304,0,6004857
5.123,open,4167,,2516.545,42.45,4074,0,38.363,9.578,0,7218744,4194304,0,6017889
5.133,open,4173,,2520.178,42.45,4068,0,38.362,9.578,0,7208136,4194304,0,6026577
5.143,open,4182,,2525.982,42.45,4059,0,38.357,9.578,0,7192224,4194304,0,6039609
5.153,open,4191,,2531.074,42.45,4050,0,38.362,9.578,0,7176312,4194304,0,6052641
5.164,open,4200,,2536.897,42.45,4041,0,38.356,9.578,0,7160400,4194304,0,6065673
5.174,open,4206,,2540.536,42.45,4035,0,38.356,9.578,0,7149792,4194304,0,6074361
5.184,open,4215,,2545.646,42.45,4026,0,38.361,9.578,0,7133880,4194304,0,6087393
5.194,open,4224,,2551.445,42.45,4017,0,38.355,9.578,0,7117968,4194304,0,6100425
5.204,open,4233,,2556.52,42.45,4008,0,38.361,9.578,0,7102056,4194304,0,6113457
5.214,open,4239,,2560.15,42.45,4002,0,38.361,9.578,0,7091448,4194304,0,6122145
5.224,open,4248,,2565.958,42.45,3993,0,38.355,9.578,0,7075536,4194304,0,6135177
5.234,open,4257,,2571.048,42.45,3984,0,38.36,9.578,0,7059624,4194304,0,6148209
5.244,open,4266,,2576.857,42.45,3975,0,38.355,9.578,0,7043712,4194304,0,6161241
5.254,open,4275,,2581.935,42.45,3966,0,38.36,9.578,0,7027800,4194304,0,6174273
5.264,open,4281,,2585.571,42.45,3960,0,38.36,9.578,0,7017192,4194304,0,6182961
5.274,open,4290,,2591.383,42.45,3951,0,38.354,9.578,0,7001280,4194304,0,6195993
5.285,open,4299,,2596.473,42.45,3942,0,38.359,9.578,0,6985368,4194304,0,6209025
5.295,open,4308,,2602.274,42.45,3933,0,38.354,9.578,0,6969456,4194304,0,6222057
5.305,open,4314,,2605.888,42.45,3927,0,38.354,9.578,0,6958848,4194304,0,6230745
5.315,open,4323,,2611.002,42.45,3918,0,38.359,9.578,0,6942936,4194304,0,6243777
5.325,open,4332,,2616.813,42.45,3909,0,38.353,9.578,0,6927024,4194304,0,6256809
5.335,open,4341,,2621.901,42.45,3900,0,38.359,9.578,0,6911112,4194304,0,6269841
5.345,open,4350,,2627.716,42.45,3891,0,38.353,9.578,0,6895200,4194304,0,6282873
5.355,open,4356,,2631.351,42.45,3885,0,38.353,9.578,0,6884592,4194304,0,6291561
5.366,open,4365,,2636.443,42.45,3876,0,38.358,9.578,0,6868680,4194304,0,6304593
5.376,open,4374,,2642.284,42.45,3867,0,38.352,9.578,0,6852768,4194304,0,6317625
5.386,open,4383,,2647.371,42.45,3858,0,38.357,9.578,0,6836856,4194304,0,6330657
5.396,open,4392,,2653.175,42.45,3849,0,38.352,9.578,0,6820944,4194304,0,6343689
5.406,open,4398,,2410.919,42.45,3843,0,42.263,9.578,0,6810336,4194304,0,6352377
5.416,open,4407,,2070.741,42.45,3834,0,49.307,9.578,0,6794424,4194304,0,6365409
5.426,open,4416,,1976.064,42.45,3825,0,51.775,9.578,0,6778512,4194304,0,6378441
5.436,open,4425,,1955.224,42.45,3816,0,52.433,9.578,0,6762600,4194304,0,6391473
5.446,open,4431,,1954.969,42.45,3810,0,52.511,9.578,0,6751992,4194304,0,6400161
5.456,open,4440,,1961.585,42.45,3801,0,52.44,9.578,0,6736080,4194304,0,6413193
5.466,open,4449,,1971.192,42.45,3792,0,52.29,9.578,0,6720168,4194304,0,6426225
5.477,open,4458,,1981.691,42.45,3783,0,52.119,9.578,0,6704256,4194304,0,6439257
5.487,open,4467,,1992.479,42.45,3774,0,51.941,9.578,0,6688344,4194304,0,6452289
5.497,open,4473,,1999.714,42.45,3768,0,51.823,9.578,0,6677736,4194304,0,6460977
5.507,open,4482,,2010.605,42.45,3759,0,51.646,9.578,0,6661824,4194304,0,6474009
5.517,open,4491,,2021.496,42.45,3750,0,51.471,9.578,0,6645912,4194304,0,6487041
5.527,open,4500,,2032.373,42.45,3741,0,51.298,9.578,0,6630000,4194304,0,6500073
5.537,open,4506,,2039.643,42.45,3735,0,51.183,9.578,0,6619392,4194304,0,6508761
5.547,open,4515,,2050.532,42.45,3726,0,51.013,9.578,0,6603480,4194304,0,6521793
5.557,open,4524,,2061.43,42.45,3717,0,50.844,9.578,0,6587568,4194304,0,6534825
5.567,open,4533,,2072.391,42.45,3708,0,50.676,9.578,0,6571656,4194304,0,6547857
5.578,open,4542,,2083.237,42.45,3699,0,50.512,9.578,0,6555744,4194304,0,6560889
5.588,open,4548,,2090.487,42.45,3693,0,50.404,9.578,0,6545136,4194304,0,6569577
5.598,open,4557,,2101.376,42.45,3684,0,50.242,9.578,0,6529224,4194304,0,6582609
5.608,open,4566,,2112.273,42.45,3675,0,50.081,9.578,0,6513312,4194304,0,6595641
5.618,open,4575,,2123.172,42.45,3666,0,49.922,9.578,0,6497400,4194304,0,6608673
5.628,open,4582,,2131.513,42.45,3659,0,49.803,9.578,0,6484384,4194304,0,6618809
5.638,open,4591,,2142.492,42.45,3650,0,49.645,9.578,0,6468472,4194304,0,6631841
5.648,open,4600,,2153.418,42.45,3641,0,49.49,9.578,0,6452560,4194304,0,6644873
5.658,open,4606,,2160.693,42.45,3635,0,49.388,9.578,0,6441952,4194304,0,6653561
5.669,open,4615,,2171.597,42.45,3626,0,49.236,9.578,0,6426040,4194304,0,6666593
5.679,open,4624,,2182.502,42.45,3617,0,49.085,9.578,0,6410128,4194304,0,6679625
5.689,open,4633,,2193.406,42.45,3608,0,48.936,9.578,0,6394216,4194304,0,6692657
5.699,open,4642,,2204.3,42.45,3599,0,48.789,9.578,0,6378304,4194304,0,6705689
5.709,open,4648,,2211.578,42.45,3593,0,48.691,9.578,0,6367696,4194304,0,6714377
5.719,open,4657,,2222.468,42.45,3584,0,48.547,9.578,0,6351784,4194304,0,6727409
5.729,open,4666,,2233.357,42.45,3575,0,48.403,9.578,0,6335872,4194304,0,6740441
5.739,open,4675,,2244.233,42.45,3566,0,48.262,9.578,0,6319960,4194304,0,6753473
5.749,open,4681,,2251.483,42.45,3560,0,48.168,9.578,0,6309352,4194304,0,6762161
5.759,open,4690,,2262.372,42.45,3551,0,48.028,9.578,0,6293440,4194304,0,6775193
5.769,open,4699,,2273.267,42.45,3542,0,47.89,9.578,0,6277528,4194304,0,6788225
5.779,open,4708,,2284.167,42.45,3533,0,47.753,9.578,0,6261616,4194304,0,6801257
5.790,open,4717,,2295.074,42.45,3524,0,47.617,9.578,0,6245704,4194304,0,6814289
5.800,open,4724,,2303.474,42.45,3517,0,47.513,9.578,0,6232688,4194304,0,6824425
5.810,open,4733,,2314.405,42.45,3508,0,47.379,9.578,0,6216776,4194304,0,6837457
5.820,open,4742,,2325.316,42.45,3499,0,47.246,9.578,0,6200864,4194304,0,6850489
5.830,open,4748,,2332.586,42.45,3493,0,47.159,9.578,0,6190256,4194304,0,6859177
5.840,open,4757,,2343.489,42.45,3484,0,47.028,9.578,0,6174344,4194304,0,6872209
5.850,open,4766,,2354.382,42.45,3475,0,46.899,9.578,0,6158432,4194304,0,6885241
5.860,open,4775,,2365.273,42.45,3466,0,46.771,9.578,0,6142520,4194304,0,6898273
5.870,open,4781,,2372.535,42.45,3460,0,46.687,9.578,0,6131912,4194304,0,6906961
5.880,open,4790,,2383.433,42.45,3451,0,46.561,9.578,0,6116000,4194304,0,6919993
5.890,open,4799,,2394.335,42.45,3442,0,46.436,9.578,0,6100088,4194304,0,6933025
5.900,open,4808,,2405.237,42.45,3433,0,46.312,9.578,0,6084176,4194304,0,6946057
5.910,open,4814,,2412.491,42.45,3427,0,46.231,9.578,0,6073568,4194304,0,6954745
5.920,open,4823,,2423.384,42.45,3418,0,46.109,9.578,0,6057656,4194304,0,6967777
5.931,open,4832,,2434.281,42.45,3409,0,45.988,9.578,0,6041744,4194304,0,6980809
5.941,open,4841,,2445.181,42.45,3400,0,45.868,9.578,0,6025832,4194304,0,6993841
5.951,open,4850,,2456.083,42.45,3391,0,45.75,9.578,0,6009920,4194304,0,7006873
5.961,open,4856,,2463.344,42.45,3385,0,45.671,9.578,0,5999312,4194304,0,7015561
5.971,open,4865,,2474.238,42.45,3376,0,45.554,9.578,0,5983400,4194304,0,7028593
5.981,open,4874,,2485.133,42.45,3367,0,45.439,9.578,0,5967488,4194304,0,7041625
5.991,open,4883,,2496.034,42.45,3358,0,45.324,9.578,0,5951576,4194304,0,7054657
6.001,open,4889,,2503.301,42.45,3352,0,45.248,9.578,0,5940968,4194304,0,7063345
6.011,open,4899,,2515.275,42.45,3342,0,45.124,9.578,0,5922648,4194304,0,7077825
6.021,open,4908,,2526.261,42.45,3333,0,45.011,9.578,0,5906736,4194304,0,7090857
6.031,open,4914,,2533.549,42.45,3327,0,44.936,9.578,0,5896128,4194304,0,7099545
6.041,open,4923,,2544.461,42.45,3318,0,44.825,9.578,0,5880216,4194304,0,7112577
6.052,open,4932,,2555.366,42.45,3309,0,44.716,9.578,0,5864304,4194304,0,7125609
6.062,open,4941,,2566.266,42.45,3300,0,44.607,9.578,0,5848392,4194304,0,7138641
6.072,open,4950,,2577.157,42.45,3291,0,44.499,9.578,0,5832480,4194304,0,7151673
6.082,open,4956,,2584.419,42.45,3285,0,44.428,9.578,0,5821872,4194304,0,7160361
6.092,open,4965,,2595.317,42.45,3276,0,44.322,9.578,0,5805960,4194304,0,7173393
6.102,open,4974,,2606.218,42.45,3267,0,44.216,9.578,0,5790048,4194304,0,7186425
6.112,open,4983,,2617.118,42.45,3258,0,44.112,9.578,0,5774136,4194304,0,7199457
6.122,open,4989,,2624.385,42.45,3252,0,44.043,9.578,0,5763528,4194304,0,7208145
6.132,open,4998,,2635.274,42.45,3243,0,43.94,9.578,0,5747616,4194304,0,7221177
6.142,open,5007,,2646.174,42.45,3234,0,43.838,9.578,0,5731704,4194304,0,7234209
6.152,open,5016,,2657.073,42.45,3225,0,43.736,9.578,0,5715792,4194304,0,7247241
6.162,open,5025,,2667.974,42.45,3216,0,43.636,9.578,0,5699880,4194304,0,7260273
6.173,open,5031,,2675.238,42.45,3210,0,43.569,9.578,0,5689272,4194304,0,7268961
6.183,open,5040,,2686.13,42.45,3201,0,43.47,9.578,0,5673360,4194304,0,7281993
6.193,open,5049,,2697.023,42.45,3192,0,43.372,9.578,0,5657448,4194304,0,7295025
6.203,open,5058,,2707.924,42.45,3183,0,43.274,9.578,0,5641536,4194304,0,7308057
6.213,open,5064,,2715.191,42.45,3177,0,43.21,9.578,0,5630928,4194304,0,7316745
6.223,open,5073,,2726.091,42.45,3168,0,43.113,9.578,0,5615016,4194304,0,7329777
6.233,open,5083,,2738.103,42.45,3158,0,43.009,9.578,0,5596696,4194304,0,7344257
6.243,open,5089,,2745.412,42.45,3152,0,42.945,9.578,0,5586088,4194304,0,7352945
6.253,open,5098,,2756.337,42.45,3143,0,42.851,9.578,0,5570176,4194304,0,7365977
6.263,open,5107,,2767.245,42.45,3134,0,42.757,9.578,0,5554264,4194304,0,7379009
6.273,open,5116,,2778.147,42.45,3125,0,42.664,9.578,0,5538352,4194304,0,7392041
6.283,open,5122,,2785.413,42.45,3119,0,42.603,9.578,0,5527744,4194304,0,7400729
6.293,open,5131,,2796.306,42.45,3110,0,42.511,9.578,0,5511832,4194304,0,7413761
6.303,open,5140,,2807.197,42.45,3101,0,42.421,9.578,0,5495920,4194304,0,7426793
6.314,open,5149,,2818.098,42.45,3092,0,42.331,9.578,0,5480008,4194304,0,7439825
6.324,open,5158,,2828.996,42.45,3083,0,42.241,9.578,0,5464096,4194304,0,7452857
6.334,open,5164,,2836.263,42.45,3077,0,42.182,9.578,0,5453488,4194304,0,7461545
6.344,open,5173,,2847.157,42.45,3068,0,42.094,9.578,0,5437576,4194304,0,7474577
6.354,open,5182,,2858.051,42.45,3059,0,42.006,9.578,0,5421664,4194304,0,7487609
6.364,open,5191,,2868.95,42.45,3050,0,41.92,9.578,0,5405752,4194304,0,7500641
6.374,open,5197,,2876.217,42.45,3044,0,41.862,9.578,0,5395144,4194304,0,7509329
6.384,open,5206,,2887.129,42.45,3035,0,41.776,9.578,0,5379232,4194304,0,7522361
6.394,open,5215,,2898.025,42.45,3026,0,41.691,9.578,0,5363320,4194304,0,7535393
6.405,open,5224,,2908.909,42.45,3017,0,41.607,9.578,0,5347408,4194304,0,7548425
6.415,open,5233,,2919.841,42.45,3008,0,41.522,9.578,0,5331496,4194304,0,7561457
6.425,open,5239,,2927.085,42.45,3002,0,41.467,9.578,0,5320888,4194304,0,7570145
6.435,open,5248,,2937.974,42.45,2993,0,41.384,9.578,0,5304976,4194304,0,7583177
6.445,open,5257,,2948.871,42.45,2984,0,41.302,9.578,0,5289064,4194304,0,7596209
6.455,open,5264,,2957.248,42.45,2977,0,41.24,9.578,0,5276048,4194304,0,7606345
6.465,open,5273,,2968.205,42.45,2968,0,41.158,9.578,0,5260136,4194304,0,7619377
6.475,open,5282,,2979.12,42.45,2959,0,41.077,9.578,0,5244224,4194304,0,7632409
6.485,open,5291,,2990.028,42.45,2950,0,40.997,9.578,0,5228312,4194304,0,7645441
6.495,open,5297,,2997.295,42.45,2944,0,40.944,9.578,0,5217704,4194304,0,7654129
6.505,open,5306,,3008.196,42.45,2935,0,40.865,9.578,0,5201792,4194304,0,7667161
6.515,open,5315,,3019.085,42.45,2926,0,40.786,9.578,0,5185880,4194304,0,7680193
6.525,open,5324,,3029.985,42.45,2917,0,40.709,9.578,0,5169968,4194304,0,7693225
6.535,open,5333,,3040.884,42.45,2908,0,40.631,9.578,0,5154056,4194304,0,7706257
6.546,open,5339,,3048.151,42.45,2902,0,40.58,9.578,0,5143448,4194304,0,7714945
6.556,open,5348,,3059.051,42.45,2893,0,40.504,9.578,0,5127536,4194304,0,7727977
6.566,open,5357,,3069.941,42.45,2884,0,40.428,9.578,0,5111624,4194304,0,7741009
6.576,open,5366,,3080.833,42.45,2875,0,40.353,9.578,0,5095712,4194304,0,7754041
6.586,open,5372,,3088.099,42.45,2869,0,40.303,9.578,0,5085104,4194304,0,7762729
6.596,open,5381,,3098.998,42.45,2860,0,40.228,9.578,0,5069192,4194304,0,7775761
6.606,open,5390,,3109.899,42.45,2851,0,40.154,9.578,0,5053280,4194304,0,7788793
6.616,open,5399,,3120.795,42.45,2842,0,40.081,9.578,0,5037368,4194304,0,7801825
6.626,open,5405,,3128.054,42.45,2836,0,40.032,9.578,0,5026760,4194304,0,7810513
6.636,open,5414,,3138.953,42.45,2827,0,39.96,9.578,0,5010848,4194304,0,7823545
6.646,open,5423,,3149.852,42.45,2818,0,39.888,9.578,0,4994936,4194304,0,7836577
6.656,open,5432,,3160.752,42.45,2809,0,39.816,9.578,0,4979024,4194304,0,7849609
6.666,open,5441,,3171.652,42.45,2800,0,39.745,9.578,0,4963112,4194304,0,7862641
6.676,open,5448,,3180.058,42.45,2793,0,39.691,9.578,0,4950096,4194304,0,7872777
6.687,open,5457,,3190.995,42.45,2784,0,39.62,9.578,0,4934184,4194304,0,7885809
6.697,open,5466,,3201.907,42.45,2775,0,39.55,9.578,0,4918272,4194304,0,7898841
6.707,open,5472,,3209.178,42.45,2769,0,39.504,9.578,0,4907664,4194304,0,7907529
6.717,open,5481,,3220.081,42.45,2760,0,39.435,9.578,0,4891752,4194304,0,7920561
6.727,open,5490,,3230.979,42.45,2751,0,39.366,9.578,0,4875840,4194304,0,7933593
6.737,open,5499,,3241.874,42.45,2742,0,39.298,9.578,0,4859928,4194304,0,7946625
6.747,open,5505,,3249.137,42.45,2736,0,39.253,9.578,0,4849320,4194304,0,7955313
6.757,open,5514,,3260.035,42.45,2727,0,39.186,9.578,0,4833408,4194304,0,7968345
6.767,open,5523,,3270.934,42.45,2718,0,39.119,9.578,0,4817496,4194304,0,7981377
6.777,open,5532,,3281.834,42.45,2709,0,39.053,9.578,0,4801584,4194304,0,7994409
6.787,open,5538,,3289.089,42.45,2703,0,39.009,9.578,0,4790976,4194304,0,8003097
6.797,open,5547,,3299.985,42.45,2694,0,38.943,9.578,0,4775064,4194304,0,8016129
6.807,open,5556,,3310.885,42.45,2685,0,38.878,9.578,0,4759152,4194304,0,8029161
6.818,open,5565,,3321.784,42.45,2676,0,38.813,9.578,0,4743240,4194304,0,8042193
6.828,open,5574,,3332.686,42.45,2667,0,38.749,9.578,0,4727328,4194304,0,8055225
6.838,open,5580,,3339.947,42.45,2661,0,38.706,9.578,0,4716720,4194304,0,8063913
6.848,open,5589,,3350.836,42.45,2652,0,38.643,9.578,0,4700808,4194304,0,8076945
6.858,open,5598,,3361.756,42.45,2643,0,38.579,9.578,0,4684896,4194304,0,8089977
6.868,open,5607,,3372.648,42.45,2634,0,38.517,9.578,0,4668984,4194304,0,8103009
6.878,open,5613,,3378.86,42.45,2628,0,38.487,9.578,0,4658376,4194304,0,8111697
6.888,open,5623,,3391.604,42.45,2618,0,38.411,9.578,0,4640056,4194304,0,8126177
6.898,open,5632,,3401.893,42.45,2609,0,38.356,9.578,0,4623184,4194304,0,8139209
6.909,open,5638,,3406.893,42.45,2603,0,38.34,9.578,0,4612576,4194304,0,8147897
6.919,open,5647,,3413.502,42.45,2594,0,38.327,9.578,0,4596664,4194304,0,8160929
6.929,open,5656,,3418.787,42.45,2585,0,38.329,9.578,0,4580752,4194304,0,8173961
6.939,open,5665,,3424.647,42.45,2576,0,38.324,9.578,0,4564840,4194304,0,8186993
6.949,open,5674,,3429.749,42.45,2567,0,38.328,9.578,0,4548928,4194304,0,8200025
6.959,open,5681,,2595.513,42.45,2560,0,50.71,9.578,0,4535912,4194304,0,8210161
6.969,open,5690,,2126.959,42.45,2551,0,61.979,9.578,0,4520000,4194304,0,8223193
6.979,open,5699,,1993.723,42.45,2542,0,66.225,9.578,0,4504088,4194304,0,8236225
6.989,open,5705,,1966.834,42.45,2536,0,67.201,9.578,0,4493480,4194304,0,8244913
6.999,open,5714,,1958.178,42.45,2527,0,67.605,9.578,0,4477976,4194304,0,8257537
7.010,open,5723,,1963.056,42.45,2518,0,67.543,9.578,0,4462064,4194304,0,8270569
7.020,open,5732,,1972.145,42.45,2509,0,67.337,9.578,0,4446152,4194304,0,8283601
7.030,open,5741,,1982.501,42.45,2500,0,67.091,9.578,0,4430240,4194304,0,8296633
7.040,open,5747,,1989.668,42.45,2494,0,66.919,9.578,0,4419632,4194304,0,8305321
7.050,open,5756,,2000.516,42.45,2485,0,66.66,9.578,0,4403720,4194304,0,8318353
7.060,open,5765,,2011.386,42.45,2476,0,66.404,9.578,0,4387808,4194304,0,8331385
7.070,open,5774,,2022.234,42.45,2467,0,66.151,9.578,0,4371896,4194304,0,8344417
7.080,open,5783,,2033.124,42.45,2458,0,65.899,9.578,0,4355984,4194304,0,8357449
7.090,open,5789,,2040.389,42.45,2452,0,65.732,9.578,0,4345376,4194304,0,8366137
7.100,open,5798,,2051.285,42.45,2443,0,65.485,9.578,0,4329464,4194304,0,8379169
7.111,open,5807,,2062.177,42.45,2434,0,65.24,9.578,0,4313552,4194304,0,8392201
7.121,open,5816,,2073.066,42.45,2425,0,64.998,9.578,0,4297640,4194304,0,8405233
7.131,open,5822,,2080.331,42.45,2419,0,64.838,9.578,0,4287032,4194304,0,8413921
7.141,open,5831,,2091.23,42.45,2410,0,64.6,9.578,0,4271120,4194304,0,8426953
7.151,open,5840,,2102.131,42.45,2401,0,64.364,9.578,0,4255208,4194304,0,8439985
7.161,open,5849,,2113.061,42.45,2392,0,64.13,9.578,0,4239296,4194304,0,8453017
7.171,open,5858,,2123.952,42.45,2383,0,63.899,9.578,0,4223384,4194304,0,8466049
7.181,open,5864,,2131.209,42.45,2377,0,63.746,9.578,0,4212776,4194304,0,8474737
7.191,open,5873,,2142.075,42.45,2368,0,63.52,9.578,0,4196864,4194304,0,8487769
7.202,open,5882,,2152.959,42.45,2359,0,63.296,9.578,0,4180952,4194304,0,8500801
7.212,open,5891,,2163.856,42.45,2350,0,63.074,9.578,0,4165040,4194304,0,8513833
7.222,open,5898,,2172.235,42.45,2343,0,62.905,9.578,0,4152024,4194304,0,8523969
7.232,open,5907,,2183.184,42.45,2334,0,62.685,9.578,0,4136112,4194304,0,8537001
7.242,open,5916,,2189.061,42.45,2325,0,62.612,9.578,0,4120200,4194304,0,8550033
7.252,open,5922,,2193.282,42.45,2319,0,62.555,9.578,0,4109592,4194304,0,8558721
7.262,open,5931,,2200.899,42.45,2310,0,62.433,9.578,0,4093680,4194304,0,8571753
7.272,open,5940,,2209.601,42.45,2301,0,62.282,9.578,0,4077768,4194304,0,8584785
7.282,open,5949,,2219.021,42.45,2292,0,62.111,9.578,0,4061856,4194304,0,8597817
7.292,open,5958,,2228.933,42.45,2283,0,61.929,9.578,0,4045944,4194304,0,8610849
7.303,open,5964,,2235.737,42.45,2277,0,61.802,9.578,0,4035336,4194304,0,8619537
7.313,open,5973,,2246.126,42.45,2268,0,61.609,9.578,0,4019424,4194304,0,8632569
7.323,open,5982,,2256.695,42.45,2259,0,61.413,9.578,0,4003512,4194304,0,8645601
7.333,open,5991,,2267.368,42.45,2250,0,61.216,9.578,0,3987600,4194304,0,8658633
7.343,open,5997,,2274.522,42.45,2244,0,61.085,9.578,0,3976992,4194304,0,8667321
7.353,open,6006,,2285.295,42.45,2235,0,60.888,9.578,0,3961080,4194304,0,8680353
7.363,open,6015,,2296.105,42.45,2226,0,60.692,9.578,0,3945168,4194304,0,8693385
7.373,open,6024,,2306.946,42.45,2217,0,60.497,9.578,0,3929256,4194304,0,8706417
7.383,open,6033,,2317.806,42.45,2208,0,60.304,9.578,0,3913344,4194304,0,8719449
7.394,open,6039,,2325.058,42.45,2202,0,60.175,9.578,0,3902736,4194304,0,8728137
7.404,open,6048,,2335.93,42.45,2193,0,59.985,9.578,0,3886824,4194304,0,8741169
7.414,open,6057,,2346.814,42.45,2184,0,59.795,9.578,0,3870912,4194304,0,8754201
7.424,open,6066,,2360.141,42.45,2175,0,59.546,9.578,0,3855000,4194304,0,8767233
7.434,open,6075,,2370.229,42.45,2166,0,59.381,9.578,0,3839088,4194304,0,8780265
7.444,open,6082,,2380.125,42.45,2159,0,59.202,9.578,0,3826072,4194304,0,8790401
7.454,open,6091,,2390.003,42.45,2150,0,59.044,9.578,0,3810160,4194304,0,8803433
7.464,open,6100,,2400.219,42.45,2141,0,58.88,9.578,0,3794248,4194304,0,8816465
7.474,open,6106,,2407.16,42.45,2135,0,58.768,9.578,0,3783640,4194304,0,8825153
7.484,open,6115,,2417.709,42.45,2126,0,58.598,9.578,0,3767728,4194304,0,8838185
7.495,open,6124,,2428.376,42.45,2117,0,58.426,9.578,0,3751816,4194304,0,8851217
7.505,open,6133,,2439.113,42.45,2108,0,58.254,9.578,0,3735904,4194304,0,8864249
7.515,open,6139,,2446.31,42.45,2102,0,58.14,9.578,0,3725296,4194304,0,8872937
7.525,open,6148,,2457.133,42.45,2093,0,57.969,9.578,0,3709384,4194304,0,8885969
7.535,open,6157,,2467.983,42.45,2084,0,57.798,9.578,0,3693472,4194304,0,8899001
7.545,open,6166,,2478.849,42.45,2075,0,57.629,9.578,0,3677560,4194304,0,8912033
7.555,open,6175,,2489.718,42.45,2066,0,57.461,9.578,0,3661648,4194304,0,8925065
7.565,open,6181,,2496.97,42.45,2060,0,57.35,9.578,0,3651040,4194304,0,8933753
7.575,open,6190,,2507.854,42.45,2051,0,57.184,9.578,0,3635128,4194304,0,8946785
7.585,open,6199,,2518.743,42.45,2042,0,57.02,9.578,0,3619216,4194304,0,8959817
7.595,open,6208,,2529.643,42.45,2033,0,56.857,9.578,0,3603304,4194304,0,8972849
7.606,open,6214,,2536.907,42.45,2027,0,56.749,9.578,0,3592696,4194304,0,8981537
7.616,open,6223,,2547.789,42.45,2018,0,56.588,9.578,0,3576784,4194304,0,8994569
7.626,open,6232,,2558.672,42.45,2009,0,56.429,9.578,0,3560872,4194304,0,9007601
7.636,open,6241,,2569.563,42.45,2000,0,56.271,9.578,0,3544960,4194304,0,9020633
7.646,open,6250,,2580.456,42.45,1991,0,56.114,9.578,0,3529048,4194304,0,9033665
7.656,open,6256,,2587.722,42.45,1985,0,56.01,9.578,0,3518440,4194304,0,9042353
7.666,open,6266,,2601.547,42.45,1975,0,55.802,9.578,0,3500120,4194304,0,9056833
7.676,open,6275,,2611.883,42.45,1966,0,55.661,9.578,0,3484208,4194304,0,9069865
7.686,open,6281,,2618.873,42.45,1960,0,55.565,9.578,0,3473600,4194304,0,9078553
7.696,open,6290,,2629.482,42.45,1951,0,55.42,9.578,0,3457688,4194304,0,9091585
7.707,open,6299,,2640.18,42.45,1942,0,55.275,9.578,0,3441776,4194304,0,9104617
7.717,open,6308,,2650.939,42.45,1933,0,55.129,9.578,0,3425864,4194304,0,9117649
7.727,open,6314,,2658.138,42.45,1927,0,55.032,9.578,0,3415256,4194304,0,9126337
7.737,open,6323,,2668.961,42.45,1918,0,54.887,9.578,0,3399344,4194304,0,9139369
7.747,open,6332,,2679.81,42.45,1909,0,54.743,9.578,0,3383432,4194304,0,9152401
7.757,open,6341,,2690.692,42.45,1900,0,54.599,9.578,0,3367520,4194304,0,9165433
7.767,open,6350,,2701.56,42.45,1891,0,54.456,9.578,0,3351608,4194304,0,9178465
7.777,open,6356,,2708.808,42.45,1885,0,54.362,9.578,0,3341000,4194304,0,9187153
7.787,open,6365,,2719.695,42.45,1876,0,54.221,9.578,0,3325088,4194304,0,9200185
7.797,open,6374,,2730.589,42.45,1867,0,54.081,9.578,0,3309176,4194304,0,9213217
7.807,open,6383,,2741.491,42.45,1858,0,53.942,9.578,0,3293264,4194304,0,9226249
7.818,open,6389,,2748.769,42.45,1852,0,53.85,9.578,0,3282656,4194304,0,9234937
7.828,open,6398,,2759.66,42.45,1843,0,53.713,9.578,0,3266744,4194304,0,9247969
7.838,open,6407,,2770.582,42.45,1834,0,53.576,9.578,0,3250832,4194304,0,9261001
7.848,open,6416,,2781.485,42.45,1825,0,53.441,9.578,0,3234920,4194304,0,9274033
7.858,open,6425,,2792.369,42.45,1816,0,53.308,9.578,0,3219008,4194304,0,9287065
7.868,open,6431,,2799.625,42.45,1810,0,53.219,9.578,0,3208400,4194304,0,9295753
7.878,open,6441,,2813.968,42.45,1800,0,53.03,9.578,0,3190080,4194304,0,9310233
7.888,open,6450,,2824.109,42.45,1791,0,52.914,9.578,0,3174168,4194304,0,9323265
7.898,open,6456,,2831.016,42.45,1785,0,52.834,9.578,0,3163560,4194304,0,9331953
7.908,open,6465,,2841.527,42.45,1776,0,52.711,9.578,0,3147648,4194304,0,9344985
7.918,open,6474,,2852.167,42.45,1767,0,52.588,9.578,0,3131736,4194304,0,9358017
7.929,open,6483,,2862.891,42.45,1758,0,52.464,9.578,0,3115824,4194304,0,9371049
7.939,open,6489,,2870.065,42.45,1752,0,52.381,9.578,0,3105216,4194304,0,9379737
7.949,open,6498,,2880.867,42.45,1743,0,52.257,9.578,0,3089304,4194304,0,9392769
7.959,open,6507,,2891.7,42.45,1734,0,52.133,9.578,0,3073392,4194304,0,9405801
7.969,open,6516,,2902.557,42.45,1725,0,52.01,9.578,0,3057480,4194304,0,9418833
7.979,open,6525,,2913.429,42.45,1716,0,51.888,9.578,0,3041568,4194304,0,9431865
7.989,open,6531,,2920.681,42.45,1710,0,51.806,9.578,0,3030960,4194304,0,9440553
7.999,open,6540,,2931.558,42.45,1701,0,51.685,9.578,0,3015048,4194304,0,9453585
8.009,open,6549,,2942.441,42.45,1692,0,51.565,9.578,0,2999136,4194304,0,9466617
8.019,open,6558,,2953.331,42.45,1683,0,51.446,9.578,0,2983224,4194304,0,9479649
8.029,open,6564,,2960.592,42.45,1677,0,51.366,9.578,0,2972616,4194304,0,9488337
8.039,open,6573,,2971.486,42.45,1668,0,51.248,9.578,0,2956704,4194304,0,9501369
8.050,open,6582,,2982.374,42.45,1659,0,51.131,9.578,0,2940792,4194304,0,9514401
8.060,open,6591,,2993.278,42.45,1650,0,51.014,9.578,0,2924880,4194304,0,9527433
8.070,open,6597,,3000.549,42.45,1644,0,50.937,9.578,0,2914272,4194304,0,9536121
8.080,open,6606,,3011.484,42.45,1635,0,50.821,9.578,0,2898360,4194304,0,9549153
8.090,open,6615,,3022.421,42.45,1626,0,50.706,9.578,0,2882448,4194304,0,9562185
8.100,open,6622,,3033.139,42.45,1619,0,50.581,9.578,0,2869432,4194304,0,9572321
8.110,open,6631,,3043.307,42.45,1610,0,50.48,9.578,0,2853520,4194304,0,9585353
8.120,open,6640,,3053.683,42.45,1601,0,50.377,9.578,0,2837608,4194304,0,9598385
8.130,open,6649,,3064.233,42.45,1592,0,50.272,9.578,0,2821696,4194304,0,9611417
8.140,open,6658,,3074.89,42.45,1583,0,50.165,9.578,0,2805784,4194304,0,9624449
8.150,open,6664,,3082.043,42.45,6664,0,50.094,9.578,0,11521648,4194304,65160,9633137
8.160,open,6673,,3092.813,42.45,6671,0,49.987,9.578,0,11509576,4194304,41992,9646169
8.170,open,6682,,3103.624,42.45,6682,0,49.88,9.578,0,11498464,4194304,13032,9659201
8.180,open,6685,,3107.234,42.45,6683,0,49.844,9.578,0,11494120,4194304,7240,9663545
8.191,open,6685,,3107.234,42.45,6683,0,49.844,9.578,0,11494120,4194304,7240,9663545
8.201,open,6685,,3107.234,42.45,6683,0,49.844,9.578,0,11494120,4194304,7240,9663545
8.211,open,6685,,3107.234,42.45,6683,0,49.844,9.578,0,11494120,4194304,7240,9663545
8.221,open,6685,,3107.234,42.45,6683,0,49.844,9.578,0,11494120,4194304,7240,9663545
8.231,open,6685,,3107.234,42.45,6683,0,49.844,9.578,0,11494120,4194304,7240,9663545
8.241,open,6685,,3107.234,42.45,6683,0,49.844,9.578,0,11494120,4194304,7240,9663545
8.251,open,6685,,3107.234,42.45,6683,0,49.844,9.578,0,11494120,4194304,7240,9663545
8.261,open,6685,,3107.234,42.45,6683,0,49.844,9.578,0,11494120,4194304,7240,9663545
8.271,open,6685,,3107.234,42.45,6683,0,49.844,9.578,0,11494120,4194304,7240,9663545
8.281,open,6685,,3107.234,42.45,6683,0,49.844,9.578,0,11494120,4194304,7240,9663545
8.291,open,6685,,3107.234,42.45,6683,0,49.844,9.578,0,11494120,4194304,7240,9663545
8.301,open,6685,,3107.234,42.45,6683,0,49.844,9.578,0,11494120,4194304,7240,9663545
8.311,open,6685,,3107.234,42.45,6683,0,49.844,9.578,0,11494120,4194304,7240,9663545
8.321,open,6685,,3107.234,42.45,6683,0,49.844,9.578,0,11494120,4194304,7240,9663545
8.332,open,6685,,3107.234,42.45,6683,0,49.844,9.578,0,11494120,4194304,7240,9663545
8.342,open,6685,,3107.234,42.45,6683,0,49.844,9.578,0,11494120,4194304,7240,9663545
8.352,open,6685,,3107.234,42.45,6683,0,49.844,9.578,0,11494120,4194304,7240,9663545
8.362,open,6685,,3107.234,42.45,6683,0,49.844,9.578,0,11494120,4194304,7240,9663545
8.372,open,6685,,3107.234,42.45,6683,0,49.844,9.578,0,11494120,4194304,7240,9663545
8.382,open,6685,,3107.234,42.45,6683,0,49.844,9.578,0,11494120,4194304,7240,9663545
8.392,open,6685,,3107.234,42.45,6683,0,49.844,9.578,0,11494120,4194304,7240,9663545
8.402,open,6685,,3107.234,42.45,6683,0,49.844,9.578,0,11494120,4194304,7240,9663545
8.412,open,6685,,3107.234,42.45,6683,0,49.844,9.578,0,11494120,4194304,7240,9663545
8.422,open,6685,,3107.234,42.45,6683,0,49.844,9.578,0,11494120,4194304,7240,9663545
8.432,open,6685,,3107.234,42.45,6683,0,49.844,9.578,0,11494120,4194304,7240,9663545
8.442,open,6685,,3107.234,42.45,6683,0,49.844,9.578,0,11494120,4194304,7240,9663545
8.453,open,6685,,3107.234,42.45,6683,0,49.844,9.578,0,11494120,4194304,7240,9663545
8.463,open,6685,,3107.234,42.45,6683,0,49.844,9.578,0,11494120,4194304,7240,9663545
8.473,open,6685,,3107.234,42.45,6683,0,49.844,9.578,0,11494120,4194304,7240,9663545
8.483,open,6685,,3107.234,42.45,6683,0,49.844,9.578,0,11494120,4194304,7240,9663545
8.493,open,6685,,3107.234,42.45,6683,0,49.844,9.578,0,11494120,4194304,7240,9663545
8.503,open,6685,,3107.234,42.45,6683,0,49.844,9.578,0,11494120,4194304,7240,9663545
8.513,open,6685,,3107.234,42.45,6683,0,49.844,9.578,0,11494120,4194304,7240,9663545
8.523,open,6685,,3107.234,42.45,6683,0,49.844,9.578,0,11494120,4194304,7240,9663545
8.533,open,6685,,3107.234,42.45,6683,0,49.844,9.578,0,11494120,4194304,7240,9663545
8.543,open,6685,,3107.234,42.45,6683,0,49.844,9.578,0,11494120,4194304,7240,9663545
8.553,open,6685,,3107.234,42.45,6683,0,49.844,9.578,0,11494120,4194304,7240,9663545
8.563,open,6685,,3107.234,42.45,6683,0,49.844,9.578,0,11494120,4194304,7240,9663545
8.573,open,6685,,3107.234,42.45,6683,0,49.844,9.578,0,11494120,4194304,7240,9663545
8.584,open,6685,,3107.234,42.45,6683,0,49.844,9.578,0,11494120,4194304,7240,9663545
8.594,open,6685,,3107.234,42.45,6683,0,49.844,9.578,0,11494120,4194304,7240,9663545
8.604,open,6685,,3107.234,42.45,6683,0,49.844,9.578,0,11494120,4194304,7240,9663545
8.614,open,6685,,3107.234,42.45,6683,0,49.844,9.578,0,11494120,4194304,7240,9663545
8.624,open,6685,,3107.234,42.45,6683,0,49.844,9.578,0,11494120,4194304,7240,9663545
8.634,open,6685,,3107.234,42.45,6683,0,49.844,9.578,0,11494120,4194304,7240,9663545
8.644,open,6685,,3107.234,42.45,6683,0,49.844,9.578,0,11494120,4194304,7240,9663545
8.654,open,6685,,3107.234,42.45,6683,0,49.844,9.578,0,11494120,4194304,7240,9663545
8.664,open,6685,,3107.234,42.45,6683,0,49.844,9.578,0,11494120,4194304,7240,9663545
8.674,open,6685,,3107.234,42.45,6683,0,49.844,9.578,0,11494120,4194304,7240,9663545
8.684,open,6685,,3107.234,42.45,6683,0,49.844,9.578,0,11494120,4194304,7240,9663545
8.694,open,6685,,3107.234,42.45,6683,0,49.844,9.578,0,11494120,4194304,7240,9663545
8.704,open,6685,,3107.234,42.45,6683,0,49.844,9.578,0,11494120,4194304,7240,9663545
8.714,open,6685,,3107.234,42.45,6683,0,49.844,9.578,0,11494120,4194304,7240,9663545
8.725,open,6685,,3107.234,42.45,6683,0,49.844,9.578,0,11494120,4194304,7240,9663545
8.735,open,6685,,3107.234,42.45,6683,0,49.844,9.578,0,11494120,4194304,7240,9663545
8.745,open,6685,,3107.234,42.45,6683,0,49.844,9.578,0,11494120,4194304,7240,9663545
8.755,open,6685,,3107.234,42.45,6683,0,49.844,9.578,0,11494120,4194304,7240,9663545
8.765,open,6685,,3107.234,42.45,6683,0,49.844,9.578,0,11494120,4194304,7240,9663545
8.775,open,6685,,3107.234,42.45,6683,0,49.844,9.578,0,11494120,4194304,7240,9663545
8.785,open,6685,,3107.234,42.45,6683,0,49.844,9.578,0,11494120,4194304,7240,9663545
8.795,open,6685,,3107.234,42.45,6683,0,49.844,9.578,0,11494120,4194304,7240,9663545
8.806,open,6685,,3107.234,42.45,6683,0,49.844,9.578,0,11494120,4194304,7240,9663545
8.816,open,6685,,3107.234,42.45,6683,0,49.844,9.578,0,11494120,4194304,7240,9663545
8.826,open,6685,,3107.234,42.45,6683,0,49.844,9.578,0,11494120,4194304,7240,9663545
8.836,open,6685,,3107.234,42.45,6683,0,49.844,9.578,0,11494120,4194304,7240,9663545
8.846,open,6685,,3107.234,42.45,6683,0,49.844,9.578,0,11494120,4194304,7240,9663545
8.856,open,6685,,3107.234,42.45,6683,0,49.844,9.578,0,11494120,4194304,7240,9663545
8.866,open,6685,,3107.234,42.45,6683,0,49.844,9.578,0,11494120,4194304,7240,9663545
8.876,open,6685,,3107.234,42.45,6683,0,49.844,9.578,0,11494120,4194304,7240,9663545
8.886,open,6685,,3107.234,42.45,6683,0,49.844,9.578,0,11494120,4194304,7240,9663545
8.896,open,6685,,3107.234,42.45,6683,0,49.844,9.578,0,11494120,4194304,7240,9663545
8.906,open,6685,,3107.234,42.45,6683,0,49.844,9.578,0,11494120,4194304,7240,9663545
8.917,open,6685,,3107.234,42.45,6683,0,49.844,9.578,0,11494120,4194304,7240,9663545
8.927,open,6685,,3107.234,42.45,6683,0,49.844,9.578,0,11494120,4194304,7240,9663545
8.937,open,6685,,3107.234,42.45,6683,0,49.844,9.578,0,11494120,4194304,7240,9663545
8.947,open,6685,,3107.234,42.45,6683,0,49.844,9.578,0,11494120,4194304,7240,9663545
8.957,open,6685,,3107.234,42.45,6683,0,49.844,9.578,0,11494120,4194304,7240,9663545
8.967,open,6685,,3107.234,42.45,6683,0,49.844,9.578,0,11494120,4194304,7240,9663545
8.977,open,6685,,3107.234,42.45,6683,0,49.844,9.578,0,11494120,4194304,7240,9663545
8.987,open,6685,,3107.234,42.45,6683,0,49.844,9.578,0,11494120,4194304,7240,9663545
8.997,open,6685,,3107.234,42.45,6683,0,49.844,9.578,0,11494120,4194304,7240,9663545
9.007,open,6685,,3107.234,42.45,6683,0,49.844,9.578,0,11494120,4194304,7240,9663545
9.017,open,6685,,3107.234,42.45,6683,0,49.844,9.578,0,11494120,4194304,7240,9663545
9.027,open,6685,,3107.234,42.45,6683,0,49.844,9.578,0,11494120,4194304,7240,9663545
9.038,open,6685,,3107.234,42.45,6683,0,49.844,9.578,0,11494120,4194304,7240,9663545
9.048,open,6685,,3107.234,42.45,6683,0,49.844,9.578,0,11494120,4194304,7240,9663545
9.058,open,6685,,3107.234,42.45,6683,0,49.844,9.578,0,11494120,4194304,7240,9663545
9.068,open,6685,,3107.234,42.45,6683,0,49.844,9.578,0,11494120,4194304,7240,9663545
9.078,open,6685,,3107.234,42.45,6683,0,49.844,9.578,0,11494120,4194304,7240,9663545
9.088,open,6685,,3107.234,42.45,6683,0,49.844,9.578,0,11494120,4194304,7240,9663545
9.098,open,6685,,3107.234,42.45,6683,0,49.844,9.578,0,11494120,4194304,7240,9663545
9.108,open,6685,,3107.234,42.45,6683,0,49.844,9.578,0,11494120,4194304,7240,9663545
9.118,open,6685,,3107.234,42.45,6683,0,49.844,9.578,0,11494120,4194304,7240,9663545
9.128,open,6685,,3107.234,42.45,6683,0,49.844,9.578,0,11494120,4194304,7240,9663545
9.138,open,6685,,3107.234,42.45,6683,0,49.844,9.578,0,11494120,4194304,7240,9663545
9.148,open,6685,,3107.234,42.45,6683,0,49.844,9.578,0,11494120,4194304,7240,9663545
9.158,open,6685,,3107.234,42.45,6683,0,49.844,9.578,0,11494120,4194304,7240,9663545
9.168,open,6685,,3107.234,42.45,6683,0,49.844,9.578,0,11494120,4194304,7240,9663545
9.179,open,6685,,3107.234,42.45,6683,0,49.844,9.578,0,11494120,4194304,7240,9663545
9.189,open,6685,,3107.234,42.45,6683,0,49.844,9.578,0,11494120,4194304,7240,9663545
9.199,open,6685,,3107.234,42.45,6683,0,49.844,9.578,0,11494120,4194304,7240,9663545
9.209,open,6685,,3107.234,42.45,6685,0,49.844,9.578,0,11495080,4194304,4344,9663545
9.219,open,6685,,3107.234,42.45,6685,0,49.844,9.578,0,11495080,4194304,4344,9663545
9.229,open,6685,,3107.234,42.45,6685,0,49.844,9.578,0,11495080,4194304,4344,9663545
9.239,open,6685,,3107.234,42.45,6685,0,49.844,9.578,0,11495080,4194304,4344,9663545
9.249,open,6685,,3107.234,42.45,6685,0,49.844,9.578,0,11495080,4194304,4344,9663545
9.259,open,6685,,3107.234,42.45,6685,0,49.844,9.578,0,11495080,4194304,4344,9663545
9.269,open,6685,,3107.234,42.45,6685,0,49.844,9.578,0,11495080,4194304,4344,9663545
9.279,open,6685,,3107.234,42.45,6685,0,49.844,9.578,0,11495080,4194304,4344,9663545
9.289,open,6685,,3107.234,42.45,6685,0,49.844,9.578,0,11495080,4194304,4344,9663545
9.299,open,6685,,3107.234,42.45,6685,0,49.844,9.578,0,11495080,4194304,4344,9663545
9.310,open,6685,,3107.234,42.45,6685,0,49.844,9.578,0,11495080,4194304,4344,9663545
9.320,open,6685,,3107.234,42.45,6685,0,49.844,9.578,0,11495080,4194304,4344,9663545
9.330,open,6685,,3107.234,42.45,6685,0,49.844,9.578,0,11495080,4194304,4344,9663545
9.340,open,6685,,3107.234,42.45,6685,0,49.844,9.578,0,11495080,4194304,4344,9663545
9.350,open,6685,,3107.234,42.45,6685,0,49.844,9.578,0,11495080,4194304,4344,9663545
9.360,open,6685,,3107.234,42.45,6685,0,49.844,9.578,0,11495080,4194304,4344,9663545
9.370,open,6685,,3107.234,42.45,6685,0,49.844,9.578,0,11495080,4194304,4344,9663545
9.380,open,6685,,3107.234,42.45,6685,0,49.844,9.578,0,11495080,4194304,4344,9663545
9.390,open,6685,,3107.234,42.45,6685,0,49.844,9.578,0,11495080,4194304,4344,9663545
9.400,open,6685,,3107.234,42.45,6685,0,49.844,9.578,0,11495080,4194304,4344,9663545
9.411,open,6685,,3107.234,42.45,6685,0,49.844,9.578,0,11495080,4194304,4344,9663545
9.421,open,6685,,3107.234,42.45,6685,0,49.844,9.578,0,11495080,4194304,4344,9663545
9.431,open,6685,,3107.234,42.45,6685,0,49.844,9.578,0,11495080,4194304,4344,9663545
9.441,open,6685,,3107.234,42.45,6685,0,49.844,9.578,0,11495080,4194304,4344,9663545
9.451,open,6685,,3107.234,42.45,6685,0,49.844,9.578,0,11495080,4194304,4344,9663545
9.461,open,6685,,3107.234,42.45,6685,0,49.844,9.578,0,11495080,4194304,4344,9663545
9.471,open,6685,,3107.234,42.45,6685,0,49.844,9.578,0,11495080,4194304,4344,9663545
9.481,open,6685,,3107.234,42.45,6685,0,49.844,9.578,0,11495080,4194304,4344,9663545
9.491,open,6685,,3107.234,42.45,6685,0,49.844,9.578,0,11495080,4194304,4344,9663545
9.501,open,6685,,3107.234,42.45,6685,0,49.844,9.578,0,11495080,4194304,4344,9663545
9.512,open,6685,,3107.234,42.45,6685,0,49.844,9.578,0,11495080,4194304,4344,9663545
9.522,open,6685,,3107.234,42.45,6685,0,49.844,9.578,0,11495080,4194304,4344,9663545
9.532,open,6685,,3107.234,42.45,6685,0,49.844,9.578,0,11495080,4194304,4344,9663545
9.542,open,6685,,3107.234,42.45,6685,0,49.844,9.578,0,11495080,4194304,4344,9663545
9.552,open,6685,,3107.234,42.45,6685,0,49.844,9.578,0,11495080,4194304,4344,9663545
9.562,open,6685,,3107.234,42.45,6685,0,49.844,9.578,0,11495080,4194304,4344,9663545
9.572,open,6685,,3107.234,42.45,6685,0,49.844,9.578,0,11495080,4194304,4344,9663545
9.582,open,6685,,3107.234,42.45,6685,0,49.844,9.578,0,11495080,4194304,4344,9663545
9.592,open,6685,,3107.234,42.45,6685,0,49.844,9.578,0,11495080,4194304,4344,9663545
9.602,open,6685,,3107.234,42.45,6685,0,49.844,9.578,0,11495080,4194304,4344,9663545
9.613,open,6685,,3107.234,42.45,6685,0,49.844,9.578,0,11495080,4194304,4344,9663545
9.623,open,6685,,3107.234,42.45,6685,0,49.844,9.578,0,11495080,4194304,4344,9663545
9.633,open,6685,,3107.234,42.45,6685,0,49.844,9.578,0,11495080,4194304,4344,9663545
9.643,open,6685,,3107.234,42.45,6685,0,49.844,9.578,0,11495080,4194304,4344,9663545
9.653,open,6685,,3107.234,42.45,6685,0,49.844,9.578,0,11495080,4194304,4344,9663545
9.663,open,6685,,3107.234,42.45,6685,0,49.844,9.578,0,11495080,4194304,4344,9663545
9.673,open,6685,,3107.234,42.45,6685,0,49.844,9.578,0,11495080,4194304,4344,9663545
9.683,open,6685,,3107.234,42.45,6685,0,49.844,9.578,0,11495080,4194304,4344,9663545
9.693,open,6685,,3107.234,42.45,6685,0,49.844,9.578,0,11495080,4194304,4344,9663545
9.703,open,6685,,3107.234,42.45,6685,0,49.844,9.578,0,11495080,4194304,4344,9663545
9.714,open,6685,,3107.234,42.45,6685,0,49.844,9.578,0,11495080,4194304,4344,9663545
9.724,open,6685,,3107.234,42.45,6685,0,49.844,9.578,0,11495080,4194304,4344,9663545
9.734,open,6685,,3107.234,42.45,6685,0,49.844,9.578,0,11495080,4194304,4344,9663545
9.744,open,6685,,3107.234,42.45,6685,0,49.844,9.578,0,11495080,4194304,4344,9663545
9.754,open,6685,,3107.234,42.45,6685,0,49.844,9.578,0,11495080,4194304,4344,9663545
9.764,open,6685,,3107.234,42.45,6685,0,49.844,9.578,0,11495080,4194304,4344,9663545
9.774,open,6685,,3107.234,42.45,6685,0,49.844,9.578,0,11495080,4194304,4344,9663545
9.784,open,6685,,3107.234,42.45,6685,0,49.844,9.578,0,11495080,4194304,4344,9663545
9.794,open,6685,,3107.234,42.45,6685,0,49.844,9.578,0,11495080,4194304,4344,9663545
9.805,open,6685,,3107.234,42.45,6685,0,49.844,9.578,0,11495080,4194304,4344,9663545
9.815,open,6685,,3107.234,42.45,6685,0,49.844,9.578,0,11495080,4194304,4344,9663545
9.825,open,6685,,3107.234,42.45,6685,0,49.844,9.578,0,11495080,4194304,4344,9663545
9.835,open,6685,,3107.234,42.45,6685,0,49.844,9.578,0,11495080,4194304,4344,9663545
9.845,open,6685,,3107.234,42.45,6685,0,49.844,9.578,0,11495080,4194304,4344,9663545
9.855,open,6685,,3107.234,42.45,6685,0,49.844,9.578,0,11495080,4194304,4344,9663545
9.865,open,6685,,3107.234,42.45,6685,0,49.844,9.578,0,11495080,4194304,4344,9663545
9.875,open,6685,,3107.234,42.45,6685,0,49.844,9.578,0,11495080,4194304,4344,9663545
9.885,open,6685,,3107.234,42.45,6685,0,49.844,9.578,0,11495080,4194304,4344,9663545
9.895,open,6685,,3107.234,42.45,6685,0,49.844,9.578,0,11495080,4194304,4344,9663545
9.906,open,6685,,3107.234,42.45,6685,0,49.844,9.578,0,11495080,4194304,4344,9663545
9.916,open,6685,,3107.234,42.45,6685,0,49.844,9.578,0,11495080,4194304,4344,9663545
9.926,open,6685,,3107.234,42.45,6685,0,49.844,9.578,0,11495080,4194304,4344,9663545
9.936,open,6685,,3107.234,42.45,6685,0,49.844,9.578,0,11495080,4194304,4344,9663545
9.946,open,6685,,3107.234,42.45,6685,0,49.844,9.578,0,11495080,4194304,4344,9663545
9.956,open,6685,,3107.234,42.45,6685,0,49.844,9.578,0,11495080,4194304,4344,9663545
9.966,open,6685,,3107.234,42.45,6685,0,49.844,9.578,0,11495080,4194304,4344,9663545
9.976,open,6685,,3107.234,42.45,6685,0,49.844,9.578,0,11495080,4194304,4344,9663545
9.986,open,6685,,3107.234,42.45,6685,0,49.844,9.578,0,11495080,4194304,4344,9663545
9.996,open,6685,,3107.234,42.45,6685,0,49.844,9.578,0,11495080,4194304,4344,9663545
10.006,open,6685,,3107.234,42.45,6685,0,49.844,9.578,0,11495080,4194304,4344,9663545
10.016,open,6685,,3107.234,42.45,6685,0,49.844,9.578,0,11495080,4194304,4344,9663545
10.026,open,8213,,4974.357,42.45,5160,0,38.252,9.578,0,8787176,4194304,0,11876089
10.036,open,8222,,4974.715,42.45,5151,0,38.291,9.578,0,8771264,4194304,0,11889121
10.047,open,8231,,4976.955,42.45,5142,0,38.316,9.578,0,8755352,4194304,0,11902153
10.057,open,8240,,4980.052,42.45,5133,0,38.334,9.578,0,8739440,4194304,0,11915185
10.067,open,8249,,4263.048,42.45,5124,0,44.83,9.578,0,8724192,4194304,0,11927553
10.077,open,8257,,3715.483,42.45,5116,0,51.487,9.578,0,8710688,4194304,0,11939137
10.087,open,8265,,3298.529,42.45,5108,0,58.051,9.578,0,8697184,4194304,0,11950721
10.097,open,8273,,2981.575,42.45,5100,0,64.284,9.578,0,8683680,4194304,0,11962305
10.107,open,8281,,2741.176,42.45,5092,0,69.99,9.578,0,8670176,4194304,0,11973889
10.117,open,8289,,2559.397,42.45,5084,0,75.033,9.578,0,8656672,4194304,0,11985473
10.127,open,8298,,2367.156,42.45,5075,0,81.215,9.578,0,8640760,4194304,0,11998505
10.137,open,8306,,2277.843,42.45,5067,0,84.481,9.578,0,8627256,4194304,0,12010089
10.147,open,8314,,2211.733,42.45,5059,0,87.09,9.578,0,8613752,4194304,0,12021673
10.157,open,8322,,2163.394,42.45,5051,0,89.121,9.578,0,8600248,4194304,0,12033257
10.167,open,8330,,2128.655,42.45,5043,0,90.663,9.578,0,8586744,4194304,0,12044841
10.177,open,8338,,2104.328,42.45,5035,0,91.799,9.578,0,8573240,4194304,0,12056425
10.188,open,8347,,2081.443,42.45,5026,0,92.908,9.578,0,8557328,4194304,0,12069457
10.198,open,8355,,2073.003,42.45,5018,0,93.376,9.578,0,8543824,4194304,0,12081041
10.208,open,8363,,2068.818,42.45,5010,0,93.654,9.578,0,8530320,4194304,0,12092625
10.218,open,8371,,2067.879,42.45,5002,0,93.787,9.578,0,8516816,4194304,0,12104209
10.228,open,8379,,2069.44,42.45,4994,0,93.805,9.578,0,8503312,4194304,0,12115793
10.238,open,8388,,2074.885,42.45,4985,0,93.66,9.578,0,8487400,4194304,0,12128825
10.248,open,8396,,2079.625,42.45,4977,0,93.535,9.578,0,8473896,4194304,0,12140409
10.258,open,8404,,2085.518,42.45,4969,0,93.36,9.578,0,8460392,4194304,0,12151993
10.268,open,8412,,2092.307,42.45,4961,0,93.146,9.578,0,8446888,4194304,0,12163577
10.278,open,8420,,2099.771,42.45,4953,0,92.903,9.578,0,8433384,4194304,0,12175161
10.288,open,8430,,2111.598,42.45,4943,0,92.492,9.578,0,8416024,4194304,0,12189641
10.298,open,8438,,2119.642,42.45,4935,0,92.229,9.578,0,8402520,4194304,0,12201225
10.309,open,8446,,2128.07,42.45,4927,0,91.95,9.578,0,8389016,4194304,0,12212809
10.319,open,8454,,2136.791,42.45,4919,0,91.662,9.578,0,8375512,4194304,0,12224393
10.329,open,8462,,2145.74,42.45,4911,0,91.366,9.578,0,8362008,4194304,0,12235977
10.339,open,8470,,2154.862,42.45,4903,0,91.065,9.578,0,8348504,4194304,0,12247561
10.349,open,8479,,2168.463,42.45,4894,0,90.59,9.578,0,8332592,4194304,0,12260593
10.359,open,8487,,2177.082,42.45,4886,0,90.317,9.578,0,8319088,4194304,0,12272177
10.369,open,8495,,2185.952,42.45,4878,0,90.035,9.578,0,8305584,4194304,0,12283761
10.379,open,8503,,2195.017,42.45,4870,0,89.748,9.578,0,8292080,4194304,0,12295345
10.389,open,8515,,2208.875,42.45,4858,0,89.31,9.578,0,8271824,4194304,0,12312721
10.399,open,8519,,2213.561,42.45,4854,0,89.163,9.578,0,8265072,4194304,0,12318513
10.409,open,8528,,2226.952,42.45,4845,0,88.721,9.578,0,8249160,4194304,0,12331545
10.419,open,8540,,2243.661,42.45,4833,0,88.184,9.578,0,8228904,4194304,0,12348921
10.429,open,8548,,2251.966,42.45,4825,0,87.941,9.578,0,8215400,4194304,0,12360505
10.440,open,8556,,2260.597,42.45,4817,0,87.687,9.578,0,8201896,4194304,0,12372089
10.450,open,8564,,2269.474,42.45,4809,0,87.426,9.578,0,8188392,4194304,0,12383673
10.460,open,8573,,2282.395,42.45,4800,0,87.022,9.578,0,8172480,4194304,0,12396705
10.470,open,8581,,2290.986,42.45,4792,0,86.777,9.578,0,8158976,4194304,0,12408289
10.480,open,8589,,2299.834,42.45,4784,0,86.524,9.578,0,8145472,4194304,0,12419873
10.490,open,8597,,2308.88,42.45,4776,0,86.265,9.578,0,8131968,4194304,0,12431457
10.500,open,8605,,2318.078,42.45,4768,0,86.003,9.578,0,8118464,4194304,0,12443041
10.510,open,8615,,2331.512,42.45,4758,0,85.606,9.578,0,8101104,4194304,0,12457521
10.520,open,8623,,2340.513,42.45,4750,0,85.356,9.578,0,8087600,4194304,0,12469105
10.530,open,8631,,2349.677,42.45,4742,0,85.102,9.578,0,8074096,4194304,0,12480689
10.540,open,8639,,2358.964,42.45,4734,0,84.846,9.578,0,8060592,4194304,0,12492273
10.550,open,8647,,2368.347,42.45,4726,0,84.588,9.578,0,8047088,4194304,0,12503857
10.560,open,8655,,2377.801,42.45,4718,0,84.33,9.578,0,8033584,4194304,0,12515441
10.570,open,8664,,2391.341,42.45,4709,0,83.939,9.578,0,8017672,4194304,0,12528473
10.581,open,8672,,2400.228,42.45,4701,0,83.706,9.578,0,8004168,4194304,0,12540057
10.591,open,8680,,2409.301,42.45,4693,0,83.467,9.578,0,7990664,4194304,0,12551641
10.601,open,8688,,2418.52,42.45,4685,0,83.226,9.578,0,7977160,4194304,0,12563225
10.611,open,8696,,2427.844,42.45,4677,0,82.983,9.578,0,7963656,4194304,0,12574809
10.621,open,8705,,2441.66,42.45,4668,0,82.598,9.578,0,7947744,4194304,0,12587841
10.631,open,8713,,2450.389,42.45,4660,0,82.38,9.578,0,7934240,4194304,0,12599425
10.641,open,8721,,2459.344,42.45,4652,0,82.155,9.578,0,7920736,4194304,0,12611009
10.651,open,8729,,2468.47,42.45,4644,0,81.927,9.578,0,7907232,4194304,0,12622593
10.661,open,8737,,2477.725,42.45,4636,0,81.695,9.578,0,7893728,4194304,0,12634177
10.671,open,8745,,2487.084,42.45,4628,0,81.462,9.578,0,7880224,4194304,0,12645761
10.681,open,8754,,2500.522,42.45,4619,0,81.108,9.578,0,7864312,4194304,0,12658793
10.691,open,8762,,2509.36,42.45,4611,0,80.896,9.578,0,7850808,4194304,0,12670377
10.701,open,8770,,2518.395,42.45,4603,0,80.68,9.578,0,7837304,4194304,0,12681961
10.711,open,8778,,2527.585,42.45,4595,0,80.46,9.578,0,7823800,4194304,0,12693545
10.722,open,8786,,2536.897,42.45,4587,0,80.237,9.578,0,7810296,4194304,0,12705129
10.732,open,8796,,2550.463,42.45,4577,0,79.901,9.578,0,7792936,4194304,0,12719609
10.742,open,8804,,2559.528,42.45,4569,0,79.691,9.578,0,7779432,4194304,0,12731193
10.752,open,8812,,2568.723,42.45,4561,0,79.478,9.578,0,7765928,4194304,0,12742777
10.762,open,8820,,2578.038,42.45,4553,0,79.262,9.578,0,7752424,4194304,0,12754361
10.772,open,8828,,2587.44,42.45,4545,0,79.046,9.578,0,7738920,4194304,0,12765945
10.782,open,8836,,2596.909,42.45,4537,0,78.829,9.578,0,7725416,4194304,0,12777529
10.792,open,8845,,2610.464,42.45,4528,0,78.5,9.578,0,7709504,4194304,0,12790561
10.802,open,8853,,2619.358,42.45,4520,0,78.304,9.578,0,7696000,4194304,0,12802145
10.812,open,8861,,2628.438,42.45,4512,0,78.104,9.578,0,7682496,4194304,0,12813729
10.822,open,8869,,2637.661,42.45,4504,0,77.901,9.578,0,7668992,4194304,0,12825313
10.832,open,8881,,2651.692,42.45,4492,0,77.594,9.578,0,7648736,4194304,0,12842689
10.842,open,8886,,2660.817,42.45,4487,0,77.371,9.578,0,7639576,4194304,0,12849929
10.852,open,8894,,2669.553,42.45,4479,0,77.187,9.578,0,7626072,4194304,0,12861513
10.862,open,8906,,2683.045,42.45,4467,0,76.903,9.578,0,7605816,4194304,0,12878889
10.873,open,8914,,2692.234,42.45,4459,0,76.709,9.578,0,7592312,4194304,0,12890473
10.883,open,8922,,2701.541,42.45,4451,0,76.514,9.578,0,7578808,4194304,0,12902057
10.893,open,8931,,2715.34,42.45,4442,0,76.202,9.578,0,7562896,4194304,0,12915089
10.903,open,8939,,2724.053,42.45,4434,0,76.026,9.578,0,7549392,4194304,0,12926673
10.913,open,8947,,2732.994,42.45,4426,0,75.845,9.578,0,7535888,4194304,0,12938257
10.923,open,8955,,2742.111,42.45,4418,0,75.66,9.578,0,7522384,4194304,0,12949841
10.933,open,8963,,2751.363,42.45,4410,0,75.473,9.578,0,7508880,4194304,0,12961425
10.943,open,8971,,2760.717,42.45,4402,0,75.285,9.578,0,7495376,4194304,0,12973009
10.953,open,8977,,2769.579,42.45,4396,0,75.094,9.578,0,7484768,4194304,0,12981697
10.963,open,8989,,2783.22,42.45,4384,0,74.826,9.578,0,7464512,4194304,0,12999073
10.973,open,8997,,2792.483,42.45,4376,0,74.644,9.578,0,7451008,4194304,0,13010657
10.983,open,9005,,2801.848,42.45,4368,0,74.461,9.578,0,7437504,4194304,0,13022241
10.993,open,9013,,2811.288,42.45,4360,0,74.277,9.578,0,7424000,4194304,0,13033825
11.003,open,9022,,2825.229,42.45,4351,0,73.984,9.578,0,7408088,4194304,0,13046857
11.014,open,9030,,2834.01,42.45,4343,0,73.82,9.578,0,7394584,4194304,0,13058441
11.024,open,9038,,2843.003,42.45,4335,0,73.652,9.578,0,7381080,4194304,0,13070025
11.034,open,9046,,2852.16,42.45,4327,0,73.48,9.578,0,7367576,4194304,0,13081609
11.044,open,9054,,2861.441,42.45,4319,0,73.307,9.578,0,7354072,4194304,0,13093193
11.054,open,9062,,2870.82,42.45,4311,0,73.132,9.578,0,7340568,4194304,0,13104777
11.064,open,9071,,2884.282,42.45,4302,0,72.863,9.578,0,7324656,4194304,0,13117809
11.074,open,9079,,2893.127,42.45,4294,0,72.704,9.578,0,7311152,4194304,0,13129393
11.084,open,9087,,2902.172,42.45,4286,0,72.541,9.578,0,7297648,4194304,0,13140977
11.094,open,9095,,2911.366,42.45,4278,0,72.376,9.578,0,7284144,4194304,0,13152561
11.104,open,9103,,2920.676,42.45,4270,0,72.209,9.578,0,7270640,4194304,0,13164145
11.115,open,9112,,2934.476,42.45,4261,0,71.94,9.578,0,7254728,4194304,0,13177177
11.125,open,9120,,2943.19,42.45,4253,0,71.79,9.578,0,7241224,4194304,0,13188761
11.135,open,9128,,2952.133,42.45,4245,0,71.635,9.578,0,7227720,4194304,0,13200345
11.145,open,9136,,2961.255,42.45,4237,0,71.477,9.578,0,7214216,4194304,0,13211929
11.155,open,9144,,2970.521,42.45,4229,0,71.317,9.578,0,7200712,4194304,0,13223513
11.165,open,9154,,2984.282,42.45,4219,0,71.066,9.578,0,7183352,4194304,0,13237993
11.175,open,9162,,2993.246,42.45,4211,0,70.915,9.578,0,7169848,4194304,0,13249577
11.185,open,9170,,3002.38,42.45,4203,0,70.761,9.578,0,7156344,4194304,0,13261161
11.195,open,9178,,3011.644,42.45,4195,0,70.605,9.578,0,7142840,4194304,0,13272745
11.205,open,9186,,3021.008,42.45,4187,0,70.447,9.578,0,7129336,4194304,0,13284329
11.215,open,9194,,3030.448,42.45,4179,0,70.289,9.578,0,7115832,4194304,0,13295913
11.225,open,9203,,3044.385,42.45,4170,0,70.036,9.578,0,7099920,4194304,0,13308945
11.235,open,9211,,3053.165,42.45,4162,0,69.895,9.578,0,7086416,4194304,0,13320529
11.245,open,9219,,3062.157,42.45,4154,0,69.75,9.578,0,7072912,4194304,0,13332113
11.256,open,9227,,3071.313,42.45,4146,0,69.603,9.578,0,7059408,4194304,0,13343697
11.266,open,9235,,3080.593,42.45,4138,0,69.453,9.578,0,7045904,4194304,0,13355281
11.276,open,9243,,3089.97,42.45,4130,0,69.302,9.578,0,7032400,4194304,0,13366865
11.286,open,9252,,3103.427,42.45,4121,0,69.069,9.578,0,7016488,4194304,0,13379897
11.296,open,9260,,3112.273,42.45,4113,0,68.932,9.578,0,7002984,4194304,0,13391481
11.306,open,9272,,3125.898,42.45,4101,0,68.721,9.578,0,6982728,4194304,0,13408857
11.316,open,9280,,3135.154,42.45,4093,0,68.577,9.578,0,6969224,4194304,0,13420441
11.326,open,9288,,3144.512,42.45,4085,0,68.432,9.578,0,6955720,4194304,0,13432025
11.336,open,9297,,3157.95,42.45,4076,0,68.207,9.578,0,6939808,4194304,0,13445057
11.346,open,9305,,3166.788,42.45,4068,0,68.075,9.578,0,6926304,4194304,0,13456641
11.356,open,9313,,3175.826,42.45,4060,0,67.939,9.578,0,6912800,4194304,0,13468225
11.366,open,9321,,3185.018,42.45,4052,0,67.801,9.578,0,6899296,4194304,0,13479809
11.377,open,9329,,3194.331,42.45,4044,0,67.662,9.578,0,6885792,4194304,0,13491393
11.387,open,9335,,3203.425,42.45,4038,0,67.513,9.578,0,6875184,4194304,0,13500081
11.397,open,9347,,3216.941,42.45,4026,0,67.316,9.578,0,6854928,4194304,0,13517457
11.407,open,9355,,3226.146,42.45,4018,0,67.181,9.578,0,6841424,4194304,0,13529041
11.417,open,9363,,3239.559,42.45,4010,0,66.96,9.578,0,6827920,4194304,0,13540625
11.427,open,9371,,3248.008,42.45,4002,0,66.843,9.578,0,6814416,4194304,0,13552209
11.437,open,9379,,3256.744,42.45,3994,0,66.721,9.578,0,6800912,4194304,0,13563793
11.447,open,9388,,3269.507,42.45,3985,0,66.524,9.578,0,6785000,4194304,0,13576825
11.457,open,9396,,3278.023,42.45,3977,0,66.408,9.578,0,6771496,4194304,0,13588409
11.467,open,9404,,3286.814,42.45,3969,0,66.287,9.578,0,6757992,4194304,0,13599993
11.478,open,9412,,3295.815,42.45,3961,0,66.162,9.578,0,6744488,4194304,0,13611577
11.488,open,9420,,3304.979,42.45,3953,0,66.034,9.578,0,6730984,4194304,0,13623161
11.498,open,9429,,3318.625,42.45,3944,0,65.826,9.578,0,6715072,4194304,0,13636193
11.508,open,9437,,3327.265,42.45,3936,0,65.711,9.578,0,6701568,4194304,0,13647777
11.518,open,9445,,3336.153,42.45,3928,0,65.591,9.578,0,6688064,4194304,0,13659361
11.528,open,9453,,3345.228,42.45,3920,0,65.468,9.578,0,6674560,4194304,0,13670945
11.538,open,9461,,3354.447,42.45,3912,0,65.344,9.578,0,6661056,4194304,0,13682529
11.548,open,9471,,3368.169,42.45,3902,0,65.146,9.578,0,6643696,4194304,0,13697009
11.558,open,9479,,3377.116,42.45,3894,0,65.029,9.578,0,6630192,4194304,0,13708593
11.568,open,9487,,3386.237,42.45,3886,0,64.908,9.578,0,6616688,4194304,0,13720177
11.579,open,9495,,3395.491,42.45,3878,0,64.786,9.578,0,6603184,4194304,0,13731761
11.589,open,9503,,3404.848,42.45,3870,0,64.662,9.578,0,6589680,4194304,0,13743345
11.599,open,9511,,3414.28,42.45,3862,0,64.538,9.578,0,6576176,4194304,0,13754929
11.609,open,9520,,3428.214,42.45,3853,0,64.337,9.578,0,6560264,4194304,0,13767961
11.619,open,9528,,3436.991,42.45,3845,0,64.226,9.578,0,6546760,4194304,0,13779545
11.629,open,9536,,3445.984,42.45,3837,0,64.112,9.578,0,6533256,4194304,0,13791129
11.639,open,9544,,3455.139,42.45,3829,0,63.996,9.578,0,6519752,4194304,0,13802713
11.649,open,9552,,3464.422,42.45,3821,0,63.878,9.578,0,6506248,4194304,0,13814297
11.659,open,9560,,3473.799,42.45,3813,0,63.759,9.578,0,6492744,4194304,0,13825881
11.669,open,9569,,3487.262,42.45,3804,0,63.573,9.578,0,6476832,4194304,0,13838913
11.679,open,9577,,3496.112,42.45,3796,0,63.465,9.578,0,6463328,4194304,0,13850497
11.690,open,9585,,3505.158,42.45,3788,0,63.354,9.578,0,6449824,4194304,0,13862081
11.700,open,9597,,3518.999,42.45,3776,0,63.184,9.578,0,6429568,4194304,0,13879457
11.710,open,9605,,3528.359,42.45,3768,0,63.069,9.578,0,6416064,4194304,0,13891041
11.720,open,9610,,3537.466,42.45,3763,0,62.939,9.578,0,6406904,4194304,0,13898281
11.730,open,9622,,3550.623,42.45,3751,0,62.784,9.578,0,6386648,4194304,0,13915657
11.740,open,9630,,3559.657,42.45,3743,0,62.677,9.578,0,6373144,4194304,0,13927241
11.750,open,9638,,3568.846,42.45,3735,0,62.567,9.578,0,6359640,4194304,0,13938825
11.760,open,9646,,3578.156,42.45,3727,0,62.456,9.578,0,6346136,4194304,0,13950409
11.770,open,9652,,3587.26,42.45,3721,0,62.337,9.578,0,6335528,4194304,0,13959097
11.780,open,9660,,3596.233,42.45,3713,0,62.233,9.578,0,6322024,4194304,0,13970681
11.790,open,9672,,3609.984,42.45,3701,0,62.073,9.578,0,6301768,4194304,0,13988057
11.800,open,9680,,3619.299,42.45,3693,0,61.964,9.578,0,6288264,4194304,0,13999641
11.811,open,9688,,3628.705,42.45,3685,0,61.854,9.578,0,6274760,4194304,0,14011225
11.821,open,9696,,3638.175,42.45,3677,0,61.744,9.578,0,6261256,4194304,0,14022809
11.831,open,9705,,3651.729,42.45,3668,0,61.572,9.578,0,6245344,4194304,0,14035841
11.841,open,9713,,3660.622,42.45,3660,0,61.473,9.578,0,6231840,4194304,0,14047425
11.851,open,9721,,3669.707,42.45,3652,0,61.372,9.578,0,6218336,4194304,0,14059009
11.861,open,9729,,3678.933,42.45,3644,0,61.268,9.578,0,6204832,4194304,0,14070593
11.871,open,9737,,3688.268,42.45,3636,0,61.163,9.578,0,6191328,4194304,0,14082177
11.881,open,9746,,3702.095,42.45,3627,0,60.991,9.578,0,6175416,4194304,0,14095209
11.891,open,9754,,3710.831,42.45,3619,0,60.898,9.578,0,6161912,4194304,0,14106793
11.901,open,9762,,3719.791,42.45,3611,0,60.801,9.578,0,6148408,4194304,0,14118377
11.912,open,9770,,3728.913,42.45,3603,0,60.702,9.578,0,6134904,4194304,0,14129961
11.922,open,9778,,3738.173,42.45,3595,0,60.601,9.578,0,6121400,4194304,0,14141545
11.932,open,9786,,3747.528,42.45,3587,0,60.499,9.578,0,6107896,4194304,0,14153129
11.942,open,9795,,3760.975,42.45,3578,0,60.338,9.578,0,6091984,4194304,0,14166161
11.952,open,9803,,3769.806,42.45,3570,0,60.246,9.578,0,6078480,4194304,0,14177745
11.962,open,9811,,3778.839,42.45,3562,0,60.151,9.578,0,6064976,4194304,0,14189329
11.972,open,9819,,3788.025,42.45,3554,0,60.054,9.578,0,6051472,4194304,0,14200913
11.982,open,9827,,3797.329,42.45,3546,0,59.956,9.578,0,6037968,4194304,0,14212497
11.992,open,9837,,3810.879,42.45,3536,0,59.803,9.578,0,6020608,4194304,0,14226977
12.002,open,9845,,3819.934,42.45,3528,0,59.71,9.578,0,6007104,4194304,0,14238561
12.013,open,9853,,3829.137,42.45,3520,0,59.615,9.578,0,5993600,4194304,0,14250145
12.023,open,9861,,3838.458,42.45,3512,0,59.519,9.578,0,5980096,4194304,0,14261729
12.033,open,9869,,3847.862,42.45,3504,0,59.421,9.578,0,5966592,4194304,0,14273313
12.043,open,9877,,3857.343,42.45,3496,0,59.323,9.578,0,5953088,4194304,0,14284897
12.053,open,9886,,3870.898,42.45,3487,0,59.169,9.578,0,5937176,4194304,0,14297929
12.063,open,9894,,3879.792,42.45,3479,0,59.082,9.578,0,5923672,4194304,0,14309513
12.073,open,9902,,3888.873,42.45,3471,0,58.991,9.578,0,5910168,4194304,0,14321097
12.083,open,9910,,3898.096,42.45,3463,0,58.899,9.578,0,5896664,4194304,0,14332681
12.093,open,9922,,3912.125,42.45,3451,0,58.759,9.578,0,5876408,4194304,0,14350057
12.103,open,9927,,3921.247,42.45,3446,0,58.652,9.578,0,5867248,4194304,0,14357297
12.114,open,9935,,3929.969,42.45,3438,0,58.569,9.578,0,5846992,4194304,0,14368881
12.124,open,9947,,3943.46,42.45,3426,0,58.439,9.578,0,5833488,4194304,0,14386257
12.134,open,9955,,3952.653,42.45,3418,0,58.35,9.578,0,5819984,4194304,0,14397841
12.144,open,9963,,3961.965,42.45,3410,0,58.26,9.578,0,5806480,4194304,0,14409425
12.154,open,9972,,3975.765,42.45,3401,0,58.11,9.578,0,5790568,4194304,0,14422457
12.164,open,9980,,3984.481,42.45,3393,0,58.029,9.578,0,5777064,4194304,0,14434041
12.174,open,9988,,3993.424,42.45,3385,0,57.946,9.578,0,5763560,4194304,0,14445625
12.184,open,9996,,4002.542,42.45,3377,0,57.86,9.578,0,5750056,4194304,0,14457209
12.194,open,10004,,4011.795,42.45,3369,0,57.773,9.578,0,5736552,4194304,0,14468793
12.204,open,10014,,4025.559,42.45,3359,0,57.633,9.578,0,5719192,4194304,0,14483273
12.215,open,10022,,4034.527,42.45,3351,0,57.551,9.578,0,5705688,4194304,0,14494857
12.225,open,10030,,4043.664,42.45,3343,0,57.466,9.578,0,5692184,4194304,0,14506441
12.235,open,10038,,4052.931,42.45,3335,0,57.381,9.578,0,5678680,4194304,0,14518025
12.245,open,10046,,4062.296,42.45,3327,0,57.294,9.578,0,5665176,4194304,0,14529609
12.255,open,10054,,4071.739,42.45,3319,0,57.207,9.578,0,5651672,4194304,0,14541193
12.265,open,10063,,4085.679,42.45,3310,0,57.063,9.578,0,5635760,4194304,0,14554225
12.275,open,10071,,4094.459,42.45,3302,0,56.986,9.578,0,5622256,4194304,0,14565809
12.285,open,10079,,4103.449,42.45,3294,0,56.906,9.578,0,5608752,4194304,0,14577393
12.295,open,10087,,4112.604,42.45,3286,0,56.824,9.578,0,5595248,4194304,0,14588977
12.305,open,10095,,4121.884,42.45,3278,0,56.741,9.578,0,5581744,4194304,0,14600561
12.316,open,10103,,4131.26,42.45,3270,0,56.657,9.578,0,5568240,4194304,0,14612145
12.326,open,10112,,4144.716,42.45,3261,0,56.524,9.578,0,5552328,4194304,0,14625177
12.336,open,10120,,4153.561,42.45,3253,0,56.448,9.578,0,5538824,4194304,0,14636761
12.346,open,10128,,4162.606,42.45,3245,0,56.37,9.578,0,5525320,4194304,0,14648345
12.356,open,10136,,4171.802,42.45,3237,0,56.29,9.578,0,5511816,4194304,0,14659929
12.366,open,10144,,4181.113,42.45,3229,0,56.209,9.578,0,5498312,4194304,0,14671513
12.376,open,10153,,4194.918,42.45,3220,0,56.074,9.578,0,5482400,4194304,0,14684545
12.386,open,10161,,4203.634,42.45,3212,0,56.002,9.578,0,5468896,4194304,0,14696129
12.396,open,10169,,4212.583,42.45,3204,0,55.927,9.578,0,5455392,4194304,0,14707713
12.407,open,10177,,4221.702,42.45,3196,0,55.85,9.578,0,5441888,4194304,0,14719297
12.417,open,10189,,4235.623,42.45,3184,0,55.732,9.578,0,5421632,4194304,0,14736673
12.427,open,10195,,4244.719,42.45,3178,0,55.645,9.578,0,5411024,4194304,0,14745361
12.437,open,10203,,4253.692,42.45,3170,0,55.571,9.578,0,5397520,4194304,0,14756945
12.447,open,10211,,4262.835,42.45,3162,0,55.496,9.578,0,5384016,4194304,0,14768529
12.457,open,10219,,4272.111,42.45,3154,0,55.418,9.578,0,5370512,4194304,0,14780113
12.467,open,10227,,4281.474,42.45,3146,0,55.341,9.578,0,5357008,4194304,0,14791697
12.477,open,10239,,4295.652,42.45,3134,0,55.223,9.578,0,5336752,4194304,0,14809073
12.487,open,10244,,4304.845,42.45,3129,0,55.132,9.578,0,5327592,4194304,0,14816313
12.497,open,10252,,4313.625,42.45,3121,0,55.062,9.578,0,5314088,4194304,0,14827897
12.508,open,10264,,4327.18,42.45,3109,0,54.954,9.578,0,5293832,4194304,0,14845273
12.518,open,10272,,4336.403,42.45,3101,0,54.88,9.578,0,5280328,4194304,0,14856857
12.528,open,10280,,4345.735,42.45,3093,0,54.805,9.578,0,5266824,4194304,0,14868441
12.538,open,10289,,4359.559,42.45,3084,0,54.679,9.578,0,5250912,4194304,0,14881473
12.548,open,10297,,4368.297,42.45,3076,0,54.612,9.578,0,5237408,4194304,0,14893057
12.558,open,10305,,4377.248,42.45,3068,0,54.543,9.578,0,5223904,4194304,0,14904641
12.568,open,10313,,4386.384,42.45,3060,0,54.471,9.578,0,5210400,4194304,0,14916225
12.578,open,10321,,4395.653,42.45,3052,0,54.398,9.578,0,5196896,4194304,0,14927809
12.588,open,10329,,4405.005,42.45,3044,0,54.325,9.578,0,5183392,4194304,0,14939393
12.598,open,10338,,4418.433,42.45,3035,0,54.207,9.578,0,5167480,4194304,0,14952425
12.609,open,10346,,4427.266,42.45,3027,0,54.141,9.578,0,5153976,4194304,0,14964009
12.619,open,10354,,4436.301,42.45,3019,0,54.072,9.578,0,5140472,4194304,0,14975593
12.629,open,10362,,4445.488,42.45,3011,0,54.002,9.578,0,5126968,4194304,0,14987177
12.639,open,10370,,4454.794,42.45,3003,0,53.931,9.578,0,5113464,4194304,0,14998761
12.649,open,10380,,4468.345,42.45,2993,0,53.819,9.578,0,5096104,4194304,0,15013241
12.659,open,10388,,4477.4,42.45,2985,0,53.752,9.578,0,5082600,4194304,0,15024825
12.669,open,10396,,4486.615,42.45,2977,0,53.683,9.578,0,5069096,4194304,0,15036409
12.679,open,10404,,4495.936,42.45,2969,0,53.613,9.578,0,5055592,4194304,0,15047993
12.689,open,10412,,4505.346,42.45,2961,0,53.542,9.578,0,5042088,4194304,0,15059577
12.699,open,10420,,4514.825,42.45,2953,0,53.471,9.578,0,5028584,4194304,0,15071161
12.710,open,10429,,4528.384,42.45,2944,0,53.357,9.578,0,5012672,4194304,0,15084193
12.720,open,10437,,4537.273,42.45,2936,0,53.293,9.578,0,4999168,4194304,0,15095777
12.730,open,10445,,4546.351,42.45,2928,0,53.227,9.578,0,4985664,4194304,0,15107361
12.740,open,10453,,4555.571,42.45,2920,0,53.16,9.578,0,4972160,4194304,0,15118945
12.750,open,10461,,4564.901,42.45,2912,0,53.092,9.578,0,4958656,4194304,0,15130529
12.760,open,10470,,4578.722,42.45,2903,0,52.977,9.578,0,4942744,4194304,0,15143561
12.770,open,10478,,4587.45,42.45,2895,0,52.917,9.578,0,4929240,4194304,0,15155145
12.780,open,10486,,4596.402,42.45,2887,0,52.854,9.578,0,4915736,4194304,0,15166729
12.790,open,10494,,4605.527,42.45,2879,0,52.79,9.578,0,4902232,4194304,0,15178313
12.801,open,10506,,4619.456,42.45,2867,0,52.691,9.578,0,4881976,4194304,0,15195689
12.811,open,10510,,4624.146,42.45,2863,0,52.657,9.578,0,4875224,4194304,0,15201481
12.821,open,10519,,4637.583,42.45,2854,0,52.55,9.578,0,4859312,4194304,0,15214513
12.831,open,10531,,4650.928,42.45,2842,0,52.459,9.578,0,4839056,4194304,0,15231889
12.841,open,10539,,4660.045,42.45,2834,0,52.396,9.578,0,4825552,4194304,0,15243473
12.851,open,10547,,4669.296,42.45,2826,0,52.332,9.578,0,4812048,4194304,0,15255057
12.861,open,10555,,4678.655,42.45,2818,0,52.267,9.578,0,4798544,4194304,0,15266641
12.871,open,10561,,4687.514,42.45,2812,0,52.198,9.578,0,4787936,4194304,0,15275329
12.881,open,10569,,4696.566,42.45,2804,0,52.137,9.578,0,4774432,4194304,0,15286913
12.891,open,10581,,4710.413,42.45,2792,0,52.042,9.578,0,4754176,4194304,0,15304289
12.901,open,10589,,4719.775,42.45,2784,0,51.978,9.578,0,4740672,4194304,0,15315873
12.911,open,10597,,4729.214,42.45,2776,0,51.914,9.578,0,4727168,4194304,0,15327457
12.921,open,10606,,4743.154,42.45,2767,0,51.805,9.578,0,4711256,4194304,0,15340489
12.932,open,10614,,4751.936,42.45,2759,0,51.748,9.578,0,4697752,4194304,0,15352073
12.942,open,10622,,4760.931,42.45,2751,0,51.69,9.578,0,4684248,4194304,0,15363657
12.952,open,10630,,4770.09,42.45,2743,0,51.629,9.578,0,4670744,4194304,0,15375241
12.962,open,10638,,4779.372,42.45,2735,0,51.568,9.578,0,4657240,4194304,0,15386825
12.972,open,10646,,4788.749,42.45,2727,0,51.505,9.578,0,4643736,4194304,0,15398409
12.982,open,10655,,4802.209,42.45,2718,0,51.404,9.578,0,4627824,4194304,0,15411441
12.992,open,10663,,4811.056,42.45,2710,0,51.348,9.578,0,4614320,4194304,0,15423025
13.002,open,10671,,4820.101,42.45,2702,0,51.291,9.578,0,4600816,4194304,0,15434609
13.012,open,10679,,4829.297,42.45,2694,0,51.231,9.578,0,4587312,4194304,0,15446193
13.022,open,10687,,4838.608,42.45,2686,0,51.171,9.578,0,4573808,4194304,0,15457777
13.032,open,10697,,4852.166,42.45,2676,0,51.076,9.578,0,4556448,4194304,0,15472257
13.043,open,10705,,4861.225,42.45,2668,0,51.019,9.578,0,4542944,4194304,0,15483841
13.053,open,10713,,4870.432,42.45,2660,0,50.96,9.578,0,4529440,4194304,0,15495425
13.063,open,10721,,4879.752,42.45,2652,0,50.901,9.578,0,4515936,4194304,0,15507009
13.073,open,10729,,4889.159,42.45,2644,0,50.841,9.578,0,4502432,4194304,0,15518593
13.083,open,10737,,4898.631,42.45,2636,0,50.78,9.578,0,4488928,4194304,0,15530177
13.093,open,10746,,4912.192,42.45,2627,0,50.683,9.578,0,4473016,4194304,0,15543209
13.103,open,10754,,4921.087,42.45,2619,0,50.629,9.578,0,4459512,4194304,0,15554793
13.113,open,10762,,4930.171,42.45,2611,0,50.573,9.578,0,4446008,4194304,0,15566377
13.123,open,10770,,4939.395,42.45,2603,0,50.516,9.578,0,4432504,4194304,0,15577961
13.133,open,10778,,4948.729,42.45,2595,0,50.458,9.578,0,4419000,4194304,0,15589545
13.143,open,10787,,4962.555,42.45,2586,0,50.36,9.578,0,4403088,4194304,0,15602577
13.153,open,10795,,4971.284,42.45,2578,0,50.309,9.578,0,4389584,4194304,0,15614161
13.163,open,10803,,4980.236,42.45,2570,0,50.255,9.578,0,4376080,4194304,0,15625745
13.173,open,10811,,4989.363,42.45,2562,0,50.201,9.578,0,4362576,4194304,0,15637329
13.184,open,10819,,4998.621,42.45,2554,0,50.145,9.578,0,4349072,4194304,0,15648913
13.194,open,10827,,5007.979,42.45,2546,0,50.088,9.578,0,4335568,4194304,0,15660497
13.204,open,10836,,5021.418,42.45,2537,0,49.996,9.578,0,4319656,4194304,0,15673529
13.214,open,10844,,5030.256,42.45,2529,0,49.945,9.578,0,4306152,4194304,0,15685113
13.224,open,10852,,5039.295,42.45,2521,0,49.892,9.578,0,4292648,4194304,0,15696697
13.234,open,10864,,5053.126,42.45,2509,0,49.81,9.578,0,4272392,4194304,0,15714073
13.244,open,10872,,5062.495,42.45,2501,0,49.755,9.578,0,4258888,4194304,0,15725657
13.254,open,10878,,5071.365,42.45,2495,0,49.695,9.578,0,4248280,4194304,0,15734345
13.264,open,10886,,5080.426,42.45,2487,0,49.643,9.578,0,4234776,4194304,0,15745929
13.274,open,10894,,5089.634,42.45,2479,0,49.589,9.578,0,4221272,4194304,0,15757513
13.284,open,10902,,5098.953,42.45,2471,0,49.535,9.578,0,4207768,4194304,0,15769097
13.294,open,10910,,5108.361,42.45,2463,0,49.48,9.578,0,4194264,4194304,0,15780681
13.304,open,10918,,5117.833,42.45,2455,0,49.425,9.578,0,4180760,4194304,0,15792265
13.314,open,10927,,5131.388,42.45,2446,0,49.335,9.578,0,4164848,4194304,0,15805297
13.325,open,10935,,5140.282,42.45,2438,0,49.286,9.578,0,4151344,4194304,0,15816881
13.335,open,10947,,5153.976,42.45,2426,0,49.209,9.578,0,4131088,4194304,0,15834257
13.345,open,10955,,5163.255,42.45,2418,0,49.156,9.578,0,4117584,4194304,0,15845841
13.355,open,10963,,5172.635,42.45,2410,0,49.103,9.578,0,4104080,4194304,0,15857425
13.365,open,10972,,5186.086,42.45,2401,0,49.016,9.578,0,4088168,4194304,0,15870457
13.375,open,10980,,5194.93,42.45,2393,0,48.968,9.578,0,4074664,4194304,0,15882041
13.385,open,10988,,5203.973,42.45,2385,0,48.918,9.578,0,4061160,4194304,0,15893625
13.395,open,10996,,5213.191,42.45,2377,0,48.867,9.578,0,4047656,4194304,0,15905209
13.405,open,11004,,5222.497,42.45,2369,0,48.816,9.578,0,4034152,4194304,0,15916793
13.415,open,11013,,5236.294,42.45,2360,0,48.727,9.578,0,4018240,4194304,0,15929825
13.426,open,11021,,5245.009,42.45,2352,0,48.681,9.578,0,4004736,4194304,0,15941409
13.436,open,11029,,5253.95,42.45,2344,0,48.634,9.578,0,3991232,4194304,0,15952993
13.446,open,11037,,5263.066,42.45,2336,0,48.585,9.578,0,3977728,4194304,0,15964577
13.456,open,11045,,5272.318,42.45,2328,0,48.535,9.578,0,3964224,4194304,0,15976161
13.466,open,11055,,5286.076,42.45,2318,0,48.452,9.578,0,3946864,4194304,0,15990641
13.476,open,11063,,5295.042,42.45,2310,0,48.405,9.578,0,3933360,4194304,0,16002225
13.486,open,11071,,5304.176,42.45,2302,0,48.357,9.578,0,3919856,4194304,0,16013809
13.496,open,11079,,5313.441,42.45,2294,0,48.307,9.578,0,3906352,4194304,0,16025393
13.506,open,11087,,5322.804,42.45,2286,0,48.257,9.578,0,3892848,4194304,0,16036977
13.516,open,11095,,5332.246,42.45,2278,0,48.207,9.578,0,3879344,4194304,0,16048561
13.527,open,11104,,5346.19,42.45,2269,0,48.12,9.578,0,3863432,4194304,0,16061593
13.537,open,11112,,5354.974,42.45,2261,0,48.075,9.578,0,3849928,4194304,0,16073177
13.547,open,11120,,5363.969,42.45,2253,0,48.029,9.578,0,3836424,4194304,0,16084761
13.557,open,11128,,5373.128,42.45,2245,0,47.982,9.578,0,3822920,4194304,0,16096345
13.567,open,11136,,5382.41,42.45,2237,0,47.934,9.578,0,3809416,4194304,0,16107929
13.577,open,11144,,5391.788,42.45,2229,0,47.885,9.578,0,3795912,4194304,0,16119513
13.587,open,11153,,5405.245,42.45,2220,0,47.804,9.578,0,3780000,4194304,0,16132545
13.597,open,11161,,5414.095,42.45,2212,0,47.76,9.578,0,3766496,4194304,0,16144129
13.607,open,11169,,5423.14,42.45,2204,0,47.715,9.578,0,3752992,4194304,0,16155713
13.617,open,11177,,5432.336,42.45,2196,0,47.668,9.578,0,3739488,4194304,0,16167297
13.628,open,11189,,5446.336,42.45,2184,0,47.597,9.578,0,3719232,4194304,0,16184673
13.638,open,11194,,5455.452,42.45,2179,0,47.538,9.578,0,3710072,4194304,0,16191913
13.648,open,11202,,5464.169,42.45,2171,0,47.496,9.578,0,3696568,4194304,0,16203497
13.658,open,11214,,5477.656,42.45,2159,0,47.43,9.578,0,3676312,4194304,0,16220873
13.668,open,11222,,5486.848,42.45,2151,0,47.384,9.578,0,3662808,4194304,0,16232457
13.678,open,11230,,5496.156,42.45,2143,0,47.338,9.578,0,3649304,4194304,0,16244041
13.688,open,11236,,5505.25,42.45,2137,0,47.285,9.578,0,3638696,4194304,0,16252729
13.698,open,11244,,5514.215,42.45,2129,0,47.242,9.578,0,3625192,4194304,0,16264313
13.709,open,11252,,5523.349,42.45,2121,0,47.197,9.578,0,3611688,4194304,0,16275897
13.719,open,11264,,5537.288,42.45,2109,0,47.129,9.578,0,3591432,4194304,0,16293273
13.729,open,11272,,5546.693,42.45,2101,0,47.082,9.578,0,3577928,4194304,0,16304857
13.739,open,11280,,5556.163,42.45,2093,0,47.035,9.578,0,3564424,4194304,0,16316441
13.749,open,11289,,5569.723,42.45,2084,0,46.958,9.578,0,3548512,4194304,0,16329473
13.759,open,11297,,5578.619,42.45,2076,0,46.916,9.578,0,3535008,4194304,0,16341057
13.769,open,11305,,5587.7,42.45,2068,0,46.873,9.578,0,3521504,4194304,0,16352641
13.779,open,11313,,5596.924,42.45,2060,0,46.829,9.578,0,3508000,4194304,0,16364225
13.789,open,11321,,5606.257,42.45,2052,0,46.784,9.578,0,3494496,4194304,0,16375809
13.799,open,11330,,5620.084,42.45,2043,0,46.706,9.578,0,3478584,4194304,0,16388841
13.809,open,11338,,5628.811,42.45,2035,0,46.667,9.578,0,3465080,4194304,0,16400425
13.820,open,11346,,5637.766,42.45,2027,0,46.626,9.578,0,3451576,4194304,0,16412009
13.830,open,11354,,5646.893,42.45,2019,0,46.583,9.578,0,3438072,4194304,0,16423593
13.840,open,11362,,5656.151,42.45,2011,0,46.54,9.578,0,3424568,4194304,0,16435177
13.850,open,11370,,5665.51,42.45,2003,0,46.495,9.578,0,3411064,4194304,0,16446761
13.860,open,11379,,5678.953,42.45,1994,0,46.422,9.578,0,3395152,4194304,0,16459793
13.870,open,11387,,5687.791,42.45,1986,0,46.383,9.578,0,3381648,4194304,0,16471377
13.880,open,11395,,5696.826,42.45,1978,0,46.341,9.578,0,3368144,4194304,0,16482961
13.890,open,11403,,5706.014,42.45,1970,0,46.299,9.578,0,3354640,4194304,0,16494545
13.900,open,11411,,5715.322,42.45,1962,0,46.256,9.578,0,3341136,4194304,0,16506129
13.910,open,11421,,5728.879,42.45,1952,0,46.187,9.578,0,3323776,4194304,0,16520609
13.920,open,11429,,5737.937,42.45,1944,0,46.147,9.578,0,3310272,4194304,0,16532193
13.930,open,11437,,5747.143,42.45,1936,0,46.105,9.578,0,3296768,4194304,0,16543777
13.940,open,11445,,5756.462,42.45,1928,0,46.063,9.578,0,3283264,4194304,0,16555361
13.951,open,11453,,5765.869,42.45,1920,0,46.02,9.578,0,3269760,4194304,0,16566945
13.961,open,11461,,5775.341,42.45,1912,0,45.976,9.578,0,3256256,4194304,0,16578529
13.971,open,11470,,5788.901,42.45,1903,0,45.905,9.578,0,3240344,4194304,0,16591561
13.981,open,11478,,5797.793,42.45,1895,0,45.866,9.578,0,3226840,4194304,0,16603145
13.991,open,11486,,5806.872,42.45,1887,0,45.826,9.578,0,3213336,4194304,0,16614729
14.001,open,11494,,5816.094,42.45,1879,0,45.786,9.578,0,3199832,4194304,0,16626313
14.011,open,11502,,5825.427,42.45,1871,0,45.744,9.578,0,3186328,4194304,0,16637897
14.021,open,11511,,5839.253,42.45,1862,0,45.671,9.578,0,3170416,4194304,0,16650929
14.031,open,11519,,5847.979,42.45,1854,0,45.635,9.578,0,3156912,4194304,0,16662513
14.041,open,11527,,5856.932,42.45,1846,0,45.597,9.578,0,3143408,4194304,0,16674097
14.052,open,11539,,5870.673,42.45,1834,0,45.537,9.578,0,3123152,4194304,0,16691473
14.062,open,11547,,5879.984,42.45,1826,0,45.497,9.578,0,3109648,4194304,0,16703057
14.072,open,11551,,5884.674,42.45,1822,0,45.476,9.578,0,3102896,4194304,0,16708849
14.082,open,11564,,5902.504,42.45,1809,0,45.39,9.578,0,3080232,4194304,0,16727673
14.092,open,11572,,5911.449,42.45,1801,0,45.353,9.578,0,3066728,4194304,0,16739257
14.102,open,11580,,5920.569,42.45,1793,0,45.314,9.578,0,3053224,4194304,0,16750841
14.112,open,11588,,5929.821,42.45,1785,0,45.275,9.578,0,3039720,4194304,0,16762425
14.122,open,11596,,5939.177,42.45,1777,0,45.235,9.578,0,3026216,4194304,0,16774009
14.132,open,11602,,5948.041,42.45,1771,0,45.191,9.578,0,3015608,4194304,0,16782697
14.142,open,11614,,5961.684,42.45,1759,0,45.134,9.578,0,2995352,4194304,0,16800073
14.153,open,11622,,5970.949,42.45,1751,0,45.095,9.578,0,2981848,4194304,0,16811657
14.163,open,11630,,5980.315,42.45,1743,0,45.055,9.578,0,2968344,4194304,0,16823241
14.173,open,11638,,5989.755,42.45,1735,0,45.015,9.578,0,2954840,4194304,0,16834825
14.183,open,11647,,6003.698,42.45,1726,0,44.945,9.578,0,2938928,4194304,0,16847857
14.193,open,11655,,6012.481,42.45,1718,0,44.91,9.578,0,2925424,4194304,0,16859441
14.203,open,11663,,6021.477,42.45,1710,0,44.874,9.578,0,2911920,4194304,0,16871025
14.213,open,11671,,6030.635,42.45,1702,0,44.837,9.578,0,2898416,4194304,0,16882609
14.223,open,11679,,6039.918,42.45,1694,0,44.798,9.578,0,2884912,4194304,0,16894193
14.233,open,11687,,6049.297,42.45,1686,0,44.76,9.578,0,2871408,4194304,0,16905777
14.244,open,11696,,6062.756,42.45,1677,0,44.695,9.578,0,2855496,4194304,0,16918809
14.254,open,11704,,6071.616,42.45,1669,0,44.66,9.578,0,2841992,4194304,0,16930393
14.264,open,11712,,6080.662,42.45,1661,0,44.624,9.578,0,2828488,4194304,0,16941977
14.274,open,11720,,6089.863,42.45,1653,0,44.587,9.578,0,2814984,4194304,0,16953561
14.284,open,11728,,6099.179,42.45,1645,0,44.549,9.578,0,2801480,4194304,0,16965145
14.294,open,11737,,6112.976,42.45,9864,0,44.483,9.578,0,17362176,4194304,0,16978177
14.304,open,11745,,6121.689,42.45,9856,0,44.45,9.578,0,17348672,4194304,0,16989761
14.314,open,11753,,6130.632,42.45,9848,0,44.415,9.578,0,17335168,4194304,0,17001345
14.324,open,11761,,6139.749,42.45,9840,0,44.379,9.578,0,17321664,4194304,0,17012929
14.334,open,11769,,6149.001,42.45,9832,0,44.343,9.578,0,17308160,4194304,0,17024513
14.345,open,11779,,6162.76,42.45,9822,0,44.281,9.578,0,17290800,4194304,0,17038993
14.355,open,11787,,6171.727,42.45,9814,0,44.247,9.578,0,17277296,4194304,0,17050577
14.365,open,11795,,6180.862,42.45,9806,0,44.212,9.578,0,17263792,4194304,0,17062161
14.375,open,11803,,6190.127,42.45,9798,0,44.175,9.578,0,17250288,4194304,0,17073745
14.385,open,11811,,6199.493,42.45,9790,0,44.139,9.578,0,17236784,4194304,0,17085329
14.395,open,11819,,6208.936,42.45,9782,0,44.101,9.578,0,17223280,4194304,0,17096913
14.405,open,11828,,6222.887,42.45,9773,0,44.036,9.578,0,17207368,4194304,0,17109945
14.416,open,11836,,6231.67,42.45,9765,0,44.004,9.578,0,17193864,4194304,0,17121529
14.426,open,11844,,6244.096,42.45,9757,0,43.946,9.578,0,17180360,4194304,0,17133113
14.436,open,11856,,6256.745,42.45,9745,0,43.901,9.578,0,17160104,4194304,0,17150489
14.446,open,11864,,6265.538,42.45,9737,0,43.869,9.578,0,17146600,4194304,0,17162073
14.456,open,11868,,6270.016,42.45,9733,0,43.853,9.578,0,17139848,4194304,0,17167865
14.466,open,11881,,6287.221,42.45,9720,0,43.781,9.578,0,17117184,4194304,0,17186689
14.476,open,11889,,6295.956,42.45,9712,0,43.749,9.578,0,17103680,4194304,0,17198273
14.486,open,11897,,6304.915,42.45,9704,0,43.717,9.578,0,17090176,4194304,0,17209857
14.496,open,11905,,6314.044,42.45,9696,0,43.683,9.578,0,17076672,4194304,0,17221441
14.506,open,11913,,6323.306,42.45,9688,0,43.648,9.578,0,17063168,4194304,0,17233025
14.516,open,11919,,6332.098,42.45,9682,0,43.609,9.578,0,17052560,4194304,0,17241713
14.526,open,11931,,6345.674,42.45,9670,0,43.56,9.578,0,17032304,4194304,0,17259089
14.536,open,11939,,6354.915,42.45,9662,0,43.526,9.578,0,17018800,4194304,0,17270673
14.547,open,11947,,6364.251,42.45,9654,0,43.491,9.578,0,17005296,4194304,0,17282257
14.557,open,11955,,6373.67,42.45,9646,0,43.456,9.578,0,16991792,4194304,0,17293841
14.567,open,11964,,6387.585,42.45,9637,0,43.394,9.578,0,16975880,4194304,0,17306873
14.577,open,11972,,6396.358,42.45,9629,0,43.363,9.578,0,16962376,4194304,0,17318457
14.587,open,11980,,6405.345,42.45,9621,0,43.331,9.578,0,16948872,4194304,0,17330041
14.597,open,11988,,6414.498,42.45,9613,0,43.298,9.578,0,16935368,4194304,0,17341625
14.607,open,11996,,6423.779,42.45,9605,0,43.265,9.578,0,16921864,4194304,0,17353209
14.617,open,12004,,6433.155,42.45,9597,0,43.231,9.578,0,16908360,4194304,0,17364793
14.627,open,12013,,6446.609,42.45,9588,0,43.173,9.578,0,16892448,4194304,0,17377825
14.637,open,12021,,6455.458,42.45,9580,0,43.142,9.578,0,16878944,4194304,0,17389409
14.647,open,12029,,6464.506,42.45,9572,0,43.11,9.578,0,16865440,4194304,0,17400993
14.657,open,12037,,6473.705,42.45,9564,0,43.078,9.578,0,16851936,4194304,0,17412577
14.668,open,12045,,6483.025,42.45,9556,0,43.044,9.578,0,16838432,4194304,0,17424161
14.678,open,12054,,6496.817,42.45,9547,0,42.985,9.578,0,16822520,4194304,0,17437193
14.688,open,12062,,6505.526,42.45,9539,0,42.956,9.578,0,16809016,4194304,0,17448777
14.698,open,12070,,6514.467,42.45,9531,0,42.926,9.578,0,16795512,4194304,0,17460361
14.708,open,12078,,6523.582,42.45,9523,0,42.894,9.578,0,16782008,4194304,0,17471945
14.718,open,12086,,6532.831,42.45,9515,0,42.862,9.578,0,16768504,4194304,0,17483529
14.728,open,12096,,6546.588,42.45,9505,0,42.807,9.578,0,16751144,4194304,0,17498009
14.738,open,12104,,6555.551,42.45,9497,0,42.777,9.578,0,16737640,4194304,0,17509593
14.748,open,12112,,6564.686,42.45,9489,0,42.746,9.578,0,16724136,4194304,0,17521177
14.758,open,12120,,6573.949,42.45,9481,0,42.713,9.578,0,16710632,4194304,0,17532761
14.768,open,12128,,6583.313,42.45,9473,0,42.681,9.578,0,16697128,4194304,0,17544345
14.778,open,12136,,6592.753,42.45,9465,0,42.648,9.578,0,16683624,4194304,0,17555929
14.788,open,12145,,6606.696,42.45,9456,0,42.589,9.578,0,16667712,4194304,0,17568961
14.798,open,12153,,6615.478,42.45,9448,0,42.561,9.578,0,16654208,4194304,0,17580545
14.809,open,12161,,6624.474,42.45,9440,0,42.531,9.578,0,16640704,4194304,0,17592129
14.819,open,12169,,6633.631,42.45,9432,0,42.5,9.578,0,16627200,4194304,0,17603713
14.829,open,12177,,6642.913,42.45,9424,0,42.469,9.578,0,16613696,4194304,0,17615297
14.839,open,12185,,6652.291,42.45,9416,0,42.437,9.578,0,16600192,4194304,0,17626881
14.849,open,12194,,6665.755,42.45,9407,0,42.382,9.578,0,16584280,4194304,0,17639913
14.859,open,12202,,6674.606,42.45,9399,0,42.354,9.578,0,16570776,4194304,0,17651497
14.869,open,12210,,6683.655,42.45,9391,0,42.324,9.578,0,16557272,4194304,0,17663081
14.879,open,12222,,6697.504,42.45,9379,0,42.278,9.578,0,16537016,4194304,0,17680457
14.889,open,12230,,6706.864,42.45,9371,0,42.247,9.578,0,16523512,4194304,0,17692041
14.899,open,12235,,6715.972,42.45,9366,0,42.207,9.578,0,16514352,4194304,0,17699281
14.909,open,12247,,6733.025,42.45,9354,0,42.141,9.578,0,16494096,4194304,0,17716657
14.919,open,12255,,6741.148,42.45,9346,0,42.118,9.578,0,16480592,4194304,0,17728241
14.929,open,12263,,6749.639,42.45,9338,0,42.092,9.578,0,16467088,4194304,0,17739825
14.939,open,12271,,6758.411,42.45,9330,0,42.065,9.578,0,16453584,4194304,0,17751409
14.950,open,12277,,6767.094,42.45,9324,0,42.032,9.578,0,16442976,4194304,0,17760097
14.960,open,12285,,6775.746,42.45,9316,0,42.006,9.578,0,16429472,4194304,0,17771681
14.970,open,12297,,6789.161,42.45,9304,0,41.963,9.578,0,16409216,4194304,0,17789057
14.980,open,12305,,6798.318,42.45,9296,0,41.934,9.578,0,16395712,4194304,0,17800641
14.990,open,12313,,6807.6,42.45,9288,0,41.904,9.578,0,16382208,4194304,0,17812225
15.000,open,12321,,6816.978,42.45,9280,0,41.874,9.578,0,16368704,4194304,0,17823809
15.010,open,12330,,6830.437,42.45,9271,0,41.822,9.578,0,16352792,4194304,0,17836841
15.020,open,12338,,6839.284,42.45,9263,0,41.795,9.578,0,16339288,4194304,0,17848425
15.030,open,12346,,6848.329,42.45,9255,0,41.767,9.578,0,16325784,4194304,0,17860009
15.040,open,12354,,6857.525,42.45,9247,0,41.738,9.578,0,16312280,4194304,0,17871593
15.050,open,12362,,6866.837,42.45,9239,0,41.708,9.578,0,16298776,4194304,0,17883177
15.060,open,12371,,6880.648,42.45,9230,0,41.655,9.578,0,16282864,4194304,0,17896209
15.070,open,12379,,6889.367,42.45,9222,0,41.629,9.578,0,16269360,4194304,0,17907793
15.080,open,12387,,6898.313,42.45,9214,0,41.602,9.578,0,16255856,4194304,0,17919377
15.091,open,12395,,6907.434,42.45,9206,0,41.574,9.578,0,16242352,4194304,0,17930961
15.101,open,12403,,6916.688,42.45,9198,0,41.545,9.578,0,16228848,4194304,0,17942545
15.111,open,12411,,6926.044,42.45,9190,0,41.515,9.578,0,16215344,4194304,0,17954129
15.121,open,12420,,6939.476,42.45,9181,0,41.465,9.578,0,16199432,4194304,0,17967161
15.131,open,12428,,6948.313,42.45,9173,0,41.439,9.578,0,16185928,4194304,0,17978745
15.141,open,12436,,6957.349,42.45,9165,0,41.412,9.578,0,16172424,4194304,0,17990329
15.151,open,12444,,6966.553,42.45,9157,0,41.384,9.578,0,16158920,4194304,0,18001913
15.161,open,12452,,6975.86,42.45,9149,0,41.355,9.578,0,16145416,4194304,0,18013497
15.171,open,12462,,6989.421,42.45,9139,0,41.308,9.578,0,16128056,4194304,0,18027977
15.181,open,12470,,6998.487,42.45,9131,0,41.281,9.578,0,16114552,4194304,0,18039561
15.191,open,12478,,7007.689,42.45,9123,0,41.253,9.578,0,16101048,4194304,0,18051145
15.201,open,12486,,7017.002,42.45,9115,0,41.225,9.578,0,16087544,4194304,0,18062729
15.211,open,12494,,7026.401,42.45,9107,0,41.196,9.578,0,16074040,4194304,0,18074313
15.221,open,12502,,7035.868,42.45,9099,0,41.167,9.578,0,16060536,4194304,0,18085897
15.232,open,12511,,7049.424,42.45,9090,0,41.118,9.578,0,16044624,4194304,0,18098929
15.242,open,12519,,7058.32,42.45,9082,0,41.092,9.578,0,16031120,4194304,0,18110513
15.252,open,12527,,7067.401,42.45,9074,0,41.065,9.578,0,16017616,4194304,0,18122097
15.262,open,12535,,7076.626,42.45,9066,0,41.038,9.578,0,16004112,4194304,0,18133681
15.272,open,12543,,7085.959,42.45,9058,0,41.01,9.578,0,15990608,4194304,0,18145265
15.282,open,12552,,7099.79,42.45,9049,0,40.96,9.578,0,15974696,4194304,0,18158297
15.292,open,12560,,7108.523,42.45,9041,0,40.935,9.578,0,15961192,4194304,0,18169881
15.302,open,12568,,7117.482,42.45,9033,0,40.91,9.578,0,15947688,4194304,0,18181465
15.312,open,12576,,7126.603,42.45,9025,0,40.884,9.578,0,15934184,4194304,0,18193049
15.322,open,12588,,7140.524,42.45,9013,0,40.843,9.578,0,15913928,4194304,0,18210425
15.332,open,12592,,7145.214,42.45,9009,0,40.829,9.578,0,15907176,4194304,0,18216217
15.342,open,12601,,7158.649,42.45,9000,0,40.781,9.578,0,15891264,4194304,0,18229249
15.352,open,12613,,7171.986,42.45,8988,0,40.744,9.578,0,15871008,4194304,0,18246625
15.363,open,12621,,7181.106,42.45,8980,0,40.718,9.578,0,15857504,4194304,0,18258209
15.373,open,12629,,7190.369,42.45,8972,0,40.692,9.578,0,15844000,4194304,0,18269793
15.383,open,12637,,7199.737,42.45,8964,0,40.665,9.578,0,15830496,4194304,0,18281377
15.393,open,12643,,7208.598,42.45,8958,0,40.634,9.578,0,15819888,4194304,0,18290065
15.403,open,12651,,7217.652,42.45,8950,0,40.609,9.578,0,15806384,4194304,0,18301649
15.413,open,12663,,7231.498,42.45,8938,0,40.569,9.578,0,15786128,4194304,0,18319025
15.423,open,12671,,7240.859,42.45,8930,0,40.542,9.578,0,15772624,4194304,0,18330609
15.433,open,12679,,7250.295,42.45,8922,0,40.515,9.578,0,15759120,4194304,0,18342193
15.443,open,12688,,7264.231,42.45,8913,0,40.466,9.578,0,15743208,4194304,0,18355225
15.454,open,12696,,7273.015,42.45,8905,0,40.443,9.578,0,15729704,4194304,0,18366809
15.464,open,12704,,7282.007,42.45,8897,0,40.418,9.578,0,15716200,4194304,0,18378393
15.474,open,12712,,7291.164,42.45,8889,0,40.393,9.578,0,15702696,4194304,0,18389977
15.484,open,12720,,7300.447,42.45,8881,0,40.367,9.578,0,15689192,4194304,0,18401561
15.494,open,12728,,7309.826,42.45,8873,0,40.341,9.578,0,15675688,4194304,0,18413145
15.504,open,12737,,7323.282,42.45,8864,0,40.295,9.578,0,15659776,4194304,0,18426177
15.514,open,12745,,7332.132,42.45,8856,0,40.272,9.578,0,15646272,4194304,0,18437761
15.524,open,12753,,7341.176,42.45,8848,0,40.247,9.578,0,15632768,4194304,0,18449345
15.534,open,12761,,7350.371,42.45,8840,0,40.222,9.578,0,15619264,4194304,0,18460929
15.544,open,12769,,7359.683,42.45,8832,0,40.196,9.578,0,15605760,4194304,0,18472513
15.555,open,12778,,7373.487,42.45,8823,0,40.149,9.578,0,15589848,4194304,0,18485545
15.565,open,12786,,7382.205,42.45,8815,0,40.127,9.578,0,15576344,4194304,0,18497129
15.575,open,12794,,7391.148,42.45,8807,0,40.104,9.578,0,15562840,4194304,0,18508713
15.585,open,12802,,7400.271,42.45,8799,0,40.079,9.578,0,15549336,4194304,0,18520297
15.595,open,12810,,7409.524,42.45,8791,0,40.054,9.578,0,15535832,4194304,0,18531881
15.605,open,12820,,7423.289,42.45,8781,0,40.011,9.578,0,15518472,4194304,0,18546361
15.615,open,12828,,7432.256,42.45,8773,0,39.988,9.578,0,15504968,4194304,0,18557945
15.625,open,12836,,7441.39,42.45,8765,0,39.964,9.578,0,15491464,4194304,0,18569529
15.635,open,12844,,7450.651,42.45,8757,0,39.939,9.578,0,15477960,4194304,0,18581113
15.645,open,12852,,7460.015,42.45,8749,0,39.913,9.578,0,15464456,4194304,0,18592697
15.655,open,12860,,7469.46,42.45,8741,0,39.888,9.578,0,15450952,4194304,0,18604281
15.666,open,12869,,7483.409,42.45,8732,0,39.841,9.578,0,15435040,4194304,0,18617313
15.676,open,12877,,7492.19,42.45,8724,0,39.819,9.578,0,15421536,4194304,0,18628897
15.686,open,12885,,7501.183,42.45,8716,0,39.796,9.578,0,15408032,4194304,0,18640481
15.696,open,12893,,7510.34,42.45,8708,0,39.772,9.578,0,15394528,4194304,0,18652065
15.706,open,12905,,7524.297,42.45,8696,0,39.736,9.578,0,15374272,4194304,0,18669441
15.716,open,12909,,7528.995,42.45,8692,0,39.723,9.578,0,15367520,4194304,0,18675233
15.726,open,12918,,7542.453,42.45,8683,0,39.68,9.578,0,15351608,4194304,0,18688265
15.737,open,12930,,7559.74,42.45,8671,0,39.626,9.578,0,15331352,4194304,0,18705641
15.747,open,12938,,7567.941,42.45,8663,0,39.608,9.578,0,15317848,4194304,0,18717225
15.757,open,12946,,7576.492,42.45,8655,0,39.587,9.578,0,15304344,4194304,0,18728809
15.767,open,12954,,7585.308,42.45,8647,0,39.566,9.578,0,15290840,4194304,0,18740393
15.777,open,12960,,7593.76,42.45,8641,0,39.54,9.578,0,15280232,4194304,0,18749081
15.787,open,12968,,7602.5,42.45,8633,0,39.519,9.578,0,15266728,4194304,0,18760665
15.797,open,12980,,7616.012,42.45,8621,0,39.485,9.578,0,15246472,4194304,0,18778041
15.807,open,12988,,7625.214,42.45,8613,0,39.462,9.578,0,15232968,4194304,0,18789625
15.817,open,12996,,7634.53,42.45,8605,0,39.438,9.578,0,15219464,4194304,0,18801209
15.827,open,13005,,7648.34,42.45,8596,0,39.394,9.578,0,15203552,4194304,0,18814241
15.837,open,13013,,7657.059,42.45,8588,0,39.373,9.578,0,15190048,4194304,0,18825825
15.847,open,13021,,7666.009,42.45,8580,0,39.352,9.578,0,15176544,4194304,0,18837409
15.857,open,13029,,7675.135,42.45,8572,0,39.329,9.578,0,15163040,4194304,0,18848993
15.867,open,13037,,7684.391,42.45,8564,0,39.306,9.578,0,15149536,4194304,0,18860577
15.878,open,13045,,7693.752,42.45,8556,0,39.282,9.578,0,15136032,4194304,0,18872161
15.888,open,13054,,7707.226,42.45,8547,0,39.24,9.578,0,15120120,4194304,0,18885193
15.898,open,13062,,7716.063,42.45,8539,0,39.22,9.578,0,15106616,4194304,0,18896777
15.908,open,13070,,7725.093,42.45,8531,0,39.198,9.578,0,15093112,4194304,0,18908361
15.918,open,13078,,7734.275,42.45,8523,0,39.175,9.578,0,15079608,4194304,0,18919945
15.928,open,13086,,7743.582,42.45,8515,0,39.152,9.578,0,15066104,4194304,0,18931529
15.938,open,13095,,7757.383,42.45,8506,0,39.109,9.578,0,15050192,4194304,0,18944561
15.948,open,13103,,7766.104,42.45,8498,0,39.089,9.578,0,15036688,4194304,0,18956145
15.958,open,13111,,7775.057,42.45,8490,0,39.068,9.578,0,15023184,4194304,0,18967729
15.969,open,13119,,7784.167,42.45,8482,0,39.046,9.578,0,15009680,4194304,0,18979313
15.979,open,13127,,7793.41,42.45,8474,0,39.024,9.578,0,14996176,4194304,0,18990897
15.989,open,13137,,7807.161,42.45,8464,0,38.984,9.578,0,14978816,4194304,0,19005377
15.999,open,13145,,7816.123,42.45,8456,0,38.963,9.578,0,14965312,4194304,0,19016961
16.009,open,13153,,7825.252,42.45,8448,0,38.942,9.578,0,14951808,4194304,0,19028545
16.019,open,13161,,7834.514,42.45,8440,0,38.919,9.578,0,14938304,4194304,0,19040129
16.029,open,13169,,7843.875,42.45,8432,0,38.897,9.578,0,14924800,4194304,0,19051713
16.039,open,13177,,7853.313,42.45,8424,0,38.873,9.578,0,14911296,4194304,0,19063297
16.049,open,13186,,7867.258,42.45,8415,0,38.831,9.578,0,14895384,4194304,0,19076329
16.059,open,13194,,7876.049,42.45,8407,0,38.811,9.578,0,14881880,4194304,0,19087913
16.069,open,13202,,7885.04,42.45,8399,0,38.79,9.578,0,14868376,4194304,0,19099497
16.079,open,13210,,7894.194,42.45,8391,0,38.769,9.578,0,14854872,4194304,0,19111081
16.089,open,13218,,7903.474,42.45,8383,0,38.747,9.578,0,14841368,4194304,0,19122665
16.100,open,13226,,7912.849,42.45,8375,0,38.724,9.578,0,14827864,4194304,0,19134249
16.110,open,13235,,7926.307,42.45,8366,0,38.685,9.578,0,14811952,4194304,0,19147281
16.120,open,13243,,7935.153,42.45,8358,0,38.665,9.578,0,14798448,4194304,0,19158865
16.130,open,13251,,7944.198,42.45,8350,0,38.644,9.578,0,14784944,4194304,0,19170449
16.140,open,13263,,7958.037,42.45,8338,0,38.612,9.578,0,14764688,4194304,0,19187825
16.150,open,13271,,7967.395,42.45,8330,0,38.59,9.578,0,14751184,4194304,0,19199409
16.160,open,13276,,7976.511,42.45,8325,0,38.561,9.578,0,14742024,4194304,0,19206649
16.170,open,13288,,7989.679,42.45,8313,0,38.532,9.578,0,14721768,4194304,0,19224025
16.180,open,13296,,7998.718,42.45,8305,0,38.511,9.578,0,14708264,4194304,0,19235609
16.190,open,13304,,8007.909,42.45,8297,0,38.49,9.578,0,14694760,4194304,0,19247193
16.200,open,13312,,8017.219,42.45,8289,0,38.469,9.578,0,14681256,4194304,0,19258777
16.211,open,13318,,8026.323,42.45,8283,0,38.442,9.578,0,14670648,4194304,0,19267465
16.221,open,13328,,8039.543,42.45,8273,0,38.408,9.578,0,14653288,4194304,0,19281945
16.231,open,13336,,8047.377,42.45,8265,0,38.394,9.578,0,14639784,4194304,0,19293529
16.241,open,13344,,8054.787,42.45,8257,0,38.381,9.578,0,14626280,4194304,0,19305113
16.251,open,13352,,8061.482,42.45,8249,0,38.372,9.578,0,14612776,4194304,0,19316697
16.261,open,13360,,8067.564,42.45,8241,0,38.367,9.578,0,14599272,4194304,0,19328281
16.271,open,13370,,7948.137,42.45,8231,0,38.972,9.578,0,14581912,4194304,0,19342761
16.281,open,13379,,6390.443,42.45,8222,0,48.504,12.38,0,14566000,4194304,0,19355793
16.291,open,13388,,4942.076,42.45,8213,0,62.762,12.38,0,14550088,4194304,0,19368825
16.301,open,13394,,4255.192,42.45,8207,0,72.926,12.38,0,14539480,4194304,0,19377513
16.311,open,13403,,3517.623,42.45,8198,0,88.276,12.38,0,14523568,4194304,0,19390545
16.321,open,13412,,3026.996,42.45,8189,0,102.653,12.38,0,14508232,4194304,0,19403001
16.332,open,13421,,2701.865,42.45,8180,0,115.083,12.38,0,14492320,4194304,0,19416033
16.342,open,13430,,2487.652,42.45,8171,0,125.076,12.38,0,14476408,4194304,0,19429065
16.352,open,13436,,2387.837,42.45,8165,0,130.363,12.38,0,14465800,4194304,0,19437753
16.362,open,13445,,2283.272,42.45,8156,0,136.424,12.38,0,14449888,4194304,0,19450785
16.372,open,13454,,2216.817,42.45,8147,0,140.608,12.38,0,14433976,4194304,0,19463817
16.382,open,13463,,2175.888,42.45,8138,0,143.349,12.38,0,14418064,4194304,0,19476849
16.392,open,13469,,2158.506,42.45,8132,0,144.567,12.38,0,14407456,4194304,0,19485537
16.402,open,13478,,2142.84,42.45,8123,0,145.722,12.38,0,14391544,4194304,0,19498569
16.412,open,13487,,2135.927,42.45,8114,0,146.291,12.38,0,14375632,4194304,0,19511601
16.422,open,13496,,2134.891,42.45,8105,0,146.46,12.38,0,14359720,4194304,0,19524633
16.432,open,13505,,2137.789,42.45,8096,0,146.359,12.38,0,14343808,4194304,0,19537665
16.442,open,13511,,2141.254,42.45,8090,0,146.187,12.38,0,14333200,4194304,0,19546353
16.452,open,13520,,2148.053,42.45,8081,0,145.821,12.38,0,14317288,4194304,0,19559385
16.463,open,13529,,2156.207,42.45,8072,0,145.366,12.38,0,14301376,4194304,0,19572417
16.473,open,13538,,2165.261,42.45,8063,0,144.855,12.38,0,14285464,4194304,0,19585449
16.483,open,13544,,2171.65,42.45,8057,0,144.493,12.38,0,14274856,4194304,0,19594137
16.493,open,13553,,2181.597,42.45,8048,0,143.929,12.38,0,14258944,4194304,0,19607169
16.503,open,13562,,2191.858,42.45,8039,0,143.351,12.38,0,14243032,4194304,0,19620201
16.513,open,13571,,2202.332,42.45,8030,0,142.764,12.38,0,14227120,4194304,0,19633233
16.523,open,13577,,2209.395,42.45,8024,0,142.37,12.38,0,14216512,4194304,0,19641921
16.533,open,13586,,2220.076,42.45,8015,0,141.779,12.38,0,14200600,4194304,0,19654953
16.543,open,13596,,2233.969,42.45,8005,0,141.001,12.38,0,14182280,4194304,0,19669433
16.553,open,13602,,2240.709,42.45,7999,0,140.639,12.38,0,14171672,4194304,0,19678121
16.563,open,13611,,2251.041,42.45,7990,0,140.086,12.38,0,14155760,4194304,0,19691153
16.573,open,13620,,2261.562,42.45,7981,0,139.527,12.38,0,14139848,4194304,0,19704185
16.583,open,13629,,2272.207,42.45,7972,0,138.965,12.38,0,14123936,4194304,0,19717217
16.593,open,13638,,2282.935,42.45,7963,0,138.403,12.38,0,14108024,4194304,0,19730249
16.603,open,13644,,2290.117,42.45,7957,0,138.03,12.38,0,14097416,4194304,0,19738937
16.614,open,13653,,2300.926,42.45,7948,0,137.472,12.38,0,14081504,4194304,0,19751969
16.624,open,13662,,2311.765,42.45,7939,0,136.918,12.38,0,14065592,4194304,0,19765001
16.634,open,13671,,2322.625,42.45,7930,0,136.367,12.38,0,14049680,4194304,0,19778033
16.644,open,13677,,2329.872,42.45,7924,0,136.003,12.38,0,14039072,4194304,0,19786721
16.654,open,13686,,2340.746,42.45,7915,0,135.46,12.38,0,14023160,4194304,0,19799753
16.664,open,13695,,2351.628,42.45,7906,0,134.922,12.38,0,14007248,4194304,0,19812785
16.674,open,13704,,2362.515,42.45,7897,0,134.388,12.38,0,13991336,4194304,0,19825817
16.684,open,13710,,2369.777,42.45,7891,0,134.035,12.38,0,13980728,4194304,0,19834505
16.694,open,13719,,2380.67,42.45,7882,0,133.509,12.38,0,13964816,4194304,0,19847537
16.704,open,13728,,2391.565,42.45,7873,0,132.988,12.38,0,13948904,4194304,0,19860569
16.714,open,13737,,2402.456,42.45,7864,0,132.472,12.38,0,13932992,4194304,0,19873601
16.724,open,13746,,2413.351,42.45,7855,0,131.961,12.38,0,13917080,4194304,0,19886633
16.734,open,13752,,2420.615,42.45,7849,0,131.622,12.38,0,13906472,4194304,0,19895321
16.744,open,13761,,2434.296,42.45,7840,0,130.968,12.38,0,13890560,4194304,0,19908353
16.754,open,13770,,2444.276,42.45,7831,0,130.519,12.38,0,13874648,4194304,0,19921385
16.765,open,13777,,2454.103,42.45,7824,0,130.062,12.38,0,13861632,4194304,0,19931521
16.775,open,13786,,2463.933,42.45,7815,0,129.628,12.38,0,13845720,4194304,0,19944553
16.785,open,13795,,2474.118,42.45,7806,0,129.178,12.38,0,13829808,4194304,0,19957585
16.795,open,13804,,2484.538,42.45,7797,0,128.721,12.38,0,13813896,4194304,0,19970617
16.805,open,13810,,2491.577,42.45,7791,0,128.413,12.38,0,13803288,4194304,0,19979305
16.815,open,13819,,2502.23,42.45,7782,0,127.949,12.38,0,13787376,4194304,0,19992337
16.825,open,13828,,2512.959,42.45,7773,0,127.486,12.38,0,13771464,4194304,0,20005369
16.835,open,13837,,2523.745,42.45,7764,0,127.024,12.38,0,13755552,4194304,0,20018401
16.845,open,13843,,2530.958,42.45,7758,0,126.717,12.38,0,13744944,4194304,0,20027089
16.855,open,13852,,2541.805,42.45,7749,0,126.258,12.38,0,13729032,4194304,0,20040121
16.865,open,13861,,2552.67,42.45,7740,0,125.802,12.38,0,13713120,4194304,0,20053153
16.876,open,13870,,2563.542,42.45,7731,0,125.35,12.38,0,13697208,4194304,0,20066185
16.886,open,13879,,2574.428,42.45,7722,0,124.901,12.38,0,13681296,4194304,0,20079217
16.896,open,13885,,2581.691,42.45,7716,0,124.603,12.38,0,13670688,4194304,0,20087905
16.906,open,13894,,2592.585,42.45,7707,0,124.16,12.38,0,13654776,4194304,0,20100937
16.916,open,13903,,2603.481,42.45,7698,0,123.721,12.38,0,13638864,4194304,0,20113969
16.926,open,13912,,2614.378,42.45,7689,0,123.285,12.38,0,13622952,4194304,0,20127001
16.936,open,13921,,2625.264,42.45,7680,0,122.853,12.38,0,13607040,4194304,0,20140033
16.946,open,13927,,2632.523,42.45,7674,0,122.567,12.38,0,13596432,4194304,0,20148721
16.957,open,13936,,2643.416,42.45,7665,0,122.141,12.38,0,13580520,4194304,0,20161753
16.967,open,13945,,2654.312,42.45,7656,0,121.718,12.38,0,13564608,4194304,0,20174785
16.977,open,13951,,2661.576,42.45,7650,0,121.438,12.38,0,13554000,4194304,0,20183473
16.987,open,13961,,2675.394,42.45,7640,0,120.897,12.38,0,13535680,4194304,0,20197953
16.997,open,13970,,2685.715,42.45,7631,0,120.511,12.38,0,13519768,4194304,0,20210985
17.007,open,13979,,2696.227,42.45,7622,0,120.118,12.38,0,13503856,4194304,0,20224017
17.017,open,13985,,2703.31,42.45,7616,0,119.855,12.38,0,13493248,4194304,0,20232705
17.027,open,13994,,2714.011,42.45,7607,0,119.459,12.38,0,13477336,4194304,0,20245737
17.037,open,14003,,2724.774,42.45,7598,0,119.064,12.38,0,13461424,4194304,0,20258769
17.047,open,14012,,2735.58,42.45,7589,0,118.669,12.38,0,13445512,4194304,0,20271801
17.058,open,14021,,2746.418,42.45,7580,0,118.277,12.38,0,13429600,4194304,0,20284833
17.068,open,14027,,2753.656,42.45,7574,0,118.017,12.38,0,13418992,4194304,0,20293521
17.078,open,14036,,2764.524,42.45,7565,0,117.628,12.38,0,13403080,4194304,0,20306553
17.088,open,14045,,2775.401,42.45,7556,0,117.242,12.38,0,13387168,4194304,0,20319585
17.098,open,14054,,2786.282,42.45,7547,0,116.859,12.38,0,13371256,4194304,0,20332617
17.108,open,14060,,2793.54,42.45,7541,0,116.605,12.38,0,13360648,4194304,0,20341305
17.118,open,14069,,2804.429,42.45,7532,0,116.227,12.38,0,13344736,4194304,0,20354337
17.128,open,14078,,2815.324,42.45,7523,0,115.851,12.38,0,13328824,4194304,0,20367369
17.138,open,14087,,2826.219,42.45,7514,0,115.479,12.38,0,13312912,4194304,0,20380401
17.149,open,14096,,2837.11,42.45,7505,0,115.109,12.38,0,13297000,4194304,0,20393433
17.159,open,14102,,2844.371,42.45,7499,0,114.864,12.38,0,13286392,4194304,0,20402121
17.169,open,14111,,2855.281,42.45,7490,0,114.498,12.38,0,13270480,4194304,0,20415153
17.179,open,14120,,2866.195,42.45,7481,0,114.135,12.38,0,13254568,4194304,0,20428185
17.189,open,14129,,2877.096,42.45,7472,0,113.775,12.38,0,13238656,4194304,0,20441217
17.199,open,14136,,2887.817,42.45,7465,0,113.408,12.38,0,13225640,4194304,0,20451353
17.209,open,14145,,2897.963,42.45,7456,0,113.083,12.38,0,13209728,4194304,0,20464385
17.219,open,14154,,2908.351,42.45,7447,0,112.751,12.38,0,13193816,4194304,0,20477417
17.229,open,14163,,2918.908,42.45,7438,0,112.415,12.38,0,13177904,4194304,0,20490449
17.239,open,14169,,2926.012,42.45,7432,0,112.189,12.38,0,13167296,4194304,0,20499137
17.250,open,14178,,2936.736,42.45,7423,0,111.851,12.38,0,13151384,4194304,0,20512169
17.260,open,14187,,2947.513,42.45,7414,0,111.512,12.38,0,13135472,4194304,0,20525201
17.270,open,14196,,2958.329,42.45,7405,0,111.175,12.38,0,13119560,4194304,0,20538233
17.280,open,14202,,2965.556,42.45,7399,0,110.951,12.38,0,13108952,4194304,0,20546921
17.290,open,14211,,2976.422,42.45,7390,0,110.616,12.38,0,13093040,4194304,0,20559953
17.300,open,14220,,2987.305,42.45,7381,0,110.283,12.38,0,13077128,4194304,0,20572985
17.310,open,14229,,2998.191,42.45,7372,0,109.952,12.38,0,13061216,4194304,0,20586017
17.320,open,14238,,3009.071,42.45,7363,0,109.624,12.38,0,13045304,4194304,0,20599049
17.330,open,14244,,3016.326,42.45,7357,0,109.406,12.38,0,13034696,4194304,0,20607737
17.340,open,14253,,3027.211,42.45,7348,0,109.082,12.38,0,13018784,4194304,0,20620769
17.351,open,14262,,3038.099,42.45,7339,0,108.759,12.38,0,13002872,4194304,0,20633801
17.361,open,14271,,3048.992,42.45,7330,0,108.439,12.38,0,12986960,4194304,0,20646833
17.371,open,14277,,3056.252,42.45,7324,0,108.227,12.38,0,12976352,4194304,0,20655521
17.381,open,14286,,3067.147,42.45,7315,0,107.911,12.38,0,12960440,4194304,0,20668553
17.391,open,14295,,3078.051,42.45,7306,0,107.596,12.38,0,12944528,4194304,0,20681585
17.401,open,14304,,3088.957,42.45,7297,0,107.284,12.38,0,12928616,4194304,0,20694617
17.411,open,14313,,3099.853,42.45,7288,0,106.974,12.38,0,12912704,4194304,0,20707649
17.421,open,14320,,3110.31,42.45,7281,0,106.666,12.38,0,12899688,4194304,0,20717785
17.431,open,14329,,3120.545,42.45,7272,0,106.383,12.38,0,12883776,4194304,0,20730817
17.442,open,14338,,3130.998,42.45,7263,0,106.095,12.38,0,12867864,4194304,0,20743849
17.452,open,14344,,3138.054,42.45,7257,0,105.901,12.38,0,12857256,4194304,0,20752537
17.462,open,14353,,3148.724,42.45,7248,0,105.608,12.38,0,12841344,4194304,0,20765569
17.472,open,14362,,3159.469,42.45,7239,0,105.315,12.38,0,12825432,4194304,0,20778601
17.482,open,14371,,3170.259,42.45,7230,0,105.022,12.38,0,12809520,4194304,0,20791633
17.492,open,14380,,3181.087,42.45,7221,0,104.73,12.38,0,12793608,4194304,0,20804665
17.503,open,14386,,3188.32,42.45,7215,0,104.536,12.38,0,12783000,4194304,0,20813353
17.513,open,14395,,3199.186,42.45,7206,0,104.246,12.38,0,12767088,4194304,0,20826385
17.523,open,14404,,3210.061,42.45,7197,0,103.958,12.38,0,12751176,4194304,0,20839417
17.533,open,14413,,3220.939,42.45,7188,0,103.672,12.38,0,12735264,4194304,0,20852449
17.543,open,14422,,3231.824,42.45,7179,0,103.387,12.38,0,12719352,4194304,0,20865481
17.553,open,14428,,3239.085,42.45,7173,0,103.198,12.38,0,12708744,4194304,0,20874169
17.563,open,14437,,3249.978,42.45,7164,0,102.917,12.38,0,12692832,4194304,0,20887201
17.573,open,14446,,3260.872,42.45,7155,0,102.637,12.38,0,12676920,4194304,0,20900233
17.583,open,14455,,3271.764,42.45,7146,0,102.359,12.38,0,12661008,4194304,0,20913265
17.594,open,14461,,3279.025,42.45,7140,0,102.174,12.38,0,12650400,4194304,0,20921953
17.604,open,14470,,3289.917,42.45,7131,0,101.899,12.38,0,12634488,4194304,0,20934985
17.614,open,14479,,3300.813,42.45,7122,0,101.626,12.38,0,12618576,4194304,0,20948017
17.624,open,14488,,3311.715,42.45,7113,0,101.355,12.38,0,12602664,4194304,0,20961049
17.634,open,14494,,3318.979,42.45,7107,0,101.175,12.38,0,12592056,4194304,0,20969737
17.644,open,14504,,3332.806,42.45,7097,0,100.825,12.38,0,12573736,4194304,0,20984217
17.654,open,14513,,3343.13,42.45,7088,0,100.576,12.38,0,12557824,4194304,0,20997249
17.664,open,14522,,3353.646,42.45,7079,0,100.322,12.38,0,12541912,4194304,0,21010281
17.674,open,14528,,3360.729,42.45,7073,0,100.152,12.38,0,12531304,4194304,0,21018969
17.684,open,14537,,3371.431,42.45,7064,0,99.896,12.38,0,12515392,4194304,0,21032001
17.694,open,14546,,3382.193,42.45,7055,0,99.64,12.38,0,12499480,4194304,0,21045033
17.705,open,14555,,3392.999,42.45,7046,0,99.384,12.38,0,12483568,4194304,0,21058065
17.715,open,14561,,3400.222,42.45,7040,0,99.214,12.38,0,12472960,4194304,0,21066753
17.725,open,14570,,3411.074,42.45,7031,0,98.959,12.38,0,12457048,4194304,0,21079785
17.735,open,14579,,3421.94,42.45,7022,0,98.706,12.38,0,12441136,4194304,0,21092817
17.745,open,14588,,3432.815,42.45,7013,0,98.454,12.38,0,12425224,4194304,0,21105849
17.755,open,14594,,3440.066,42.45,7007,0,98.287,12.38,0,12414616,4194304,0,21114537
17.765,open,14603,,3450.949,42.45,6998,0,98.037,12.38,0,12398704,4194304,0,21127569
17.775,open,14612,,3461.838,42.45,6989,0,97.789,12.38,0,12382792,4194304,0,21140601
17.785,open,14621,,3472.73,42.45,6980,0,97.543,12.38,0,12366880,4194304,0,21153633
17.795,open,14630,,3483.626,42.45,6971,0,97.297,12.38,0,12350968,4194304,0,21166665
17.805,open,14637,,3494.066,42.45,6964,0,97.053,12.38,0,12337952,4194304,0,21176801
17.815,open,14646,,3504.307,42.45,6955,0,96.829,12.38,0,12322040,4194304,0,21189833
17.825,open,14655,,3514.784,42.45,6946,0,96.6,12.38,0,12306128,4194304,0,21202865
17.835,open,14661,,3521.854,42.45,6940,0,96.445,12.38,0,12295520,4194304,0,21211553
17.845,open,14670,,3532.528,42.45,6931,0,96.213,12.38,0,12279608,4194304,0,21224585
17.856,open,14679,,3543.271,42.45,6922,0,95.98,12.38,0,12263696,4194304,0,21237617
17.866,open,14688,,3554.062,42.45,6913,0,95.747,12.38,0,12247784,4194304,0,21250649
17.876,open,14694,,3561.277,42.45,6907,0,95.592,12.38,0,12237176,4194304,0,21259337
17.886,open,14703,,3572.123,42.45,6898,0,95.36,12.38,0,12221264,4194304,0,21272369
17.896,open,14712,,3582.987,42.45,6889,0,95.129,12.38,0,12205352,4194304,0,21285401
17.906,open,14721,,3593.864,42.45,6880,0,94.9,12.38,0,12189440,4194304,0,21298433
17.916,open,14727,,3601.115,42.45,6874,0,94.747,12.38,0,12178832,4194304,0,21307121
17.926,open,14736,,3612.007,42.45,6865,0,94.519,12.38,0,12162920,4194304,0,21320153
17.936,open,14745,,3622.899,42.45,6856,0,94.292,12.38,0,12147008,4194304,0,21333185
17.946,open,14754,,3633.792,42.45,6847,0,94.067,12.38,0,12131096,4194304,0,21346217
17.956,open,14763,,3644.71,42.45,6838,0,93.843,12.38,0,12115184,4194304,0,21359249
17.966,open,14769,,3651.986,42.45,6832,0,93.694,12.38,0,12104576,4194304,0,21367937
17.976,open,14778,,3662.865,42.45,6823,0,93.472,12.38,0,12088664,4194304,0,21380969
17.987,open,14787,,3673.747,42.45,6814,0,93.252,12.38,0,12072752,4194304,0,21394001
17.997,open,14796,,3684.636,42.45,6805,0,93.033,12.38,0,12056840,4194304,0,21407033
18.007,open,14802,,3691.897,42.45,6799,0,92.888,12.38,0,12046232,4194304,0,21415721
18.017,open,14811,,3702.786,42.45,6790,0,92.671,12.38,0,12030320,4194304,0,21428753
18.027,open,14821,,3716.601,42.45,6780,0,92.389,12.38,0,12012000,4194304,0,21443233
18.037,open,14827,,3723.46,42.45,6774,0,92.256,12.38,0,12001392,4194304,0,21451921
18.047,open,14836,,3733.929,42.45,6765,0,92.053,12.38,0,11985480,4194304,0,21464953
18.057,open,14845,,3744.538,42.45,6756,0,91.848,12.38,0,11969568,4194304,0,21477985
18.067,open,14854,,3755.25,42.45,6747,0,91.642,12.38,0,11953656,4194304,0,21491017
18.077,open,14860,,3762.421,42.45,6741,0,91.504,12.38,0,11943048,4194304,0,21499705
18.087,open,14869,,3773.215,42.45,6732,0,91.297,12.38,0,11927136,4194304,0,21512737
18.097,open,14878,,3784.051,42.45,6723,0,91.091,12.38,0,11911224,4194304,0,21525769
18.107,open,14887,,3794.894,42.45,6714,0,90.886,12.38,0,11895312,4194304,0,21538801
18.117,open,14896,,3805.757,42.45,6705,0,90.681,12.38,0,11879400,4194304,0,21551833
18.127,open,14902,,3813.006,42.45,6699,0,90.545,12.38,0,11868792,4194304,0,21560521
18.138,open,14911,,3823.879,42.45,6690,0,90.342,12.38,0,11852880,4194304,0,21573553
18.148,open,14920,,3834.762,42.45,6681,0,90.14,12.38,0,11836968,4194304,0,21586585
18.158,open,14929,,3845.648,42.45,6672,0,89.939,12.38,0,11821056,4194304,0,21599617
18.168,open,14935,,3852.91,42.45,6666,0,89.806,12.38,0,11810448,4194304,0,21608305
18.178,open,14944,,3863.807,42.45,6657,0,89.607,12.38,0,11794536,4194304,0,21621337
18.188,open,14953,,3874.701,42.45,6648,0,89.408,12.38,0,11778624,4194304,0,21634369
18.198,open,14962,,3885.594,42.45,6639,0,89.211,12.38,0,11762712,4194304,0,21647401
18.208,open,14971,,3896.496,42.45,6630,0,89.015,12.38,0,11746800,4194304,0,21660433
18.218,open,14977,,3903.769,42.45,6624,0,88.885,12.38,0,11736192,4194304,0,21669121
18.228,open,14986,,3914.663,42.45,6615,0,88.691,12.38,0,11720280,4194304,0,21682153
18.238,open,14996,,3929.013,42.45,6605,0,88.426,12.38,0,11701960,4194304,0,21696633
18.248,open,15002,,3935.746,42.45,6599,0,88.31,12.38,0,11691352,4194304,0,21705321
18.259,open,15011,,3946.069,42.45,6590,0,88.132,12.38,0,11675440,4194304,0,21718353
18.269,open,15020,,3956.584,42.45,6581,0,87.95,12.38,0,11659528,4194304,0,21731385
18.279,open,15029,,3967.225,42.45,6572,0,87.767,12.38,0,11643616,4194304,0,21744417
18.289,open,15035,,3974.369,42.45,6566,0,87.644,12.38,0,11633008,4194304,0,21753105
18.299,open,15044,,3985.133,42.45,6557,0,87.46,12.38,0,11617096,4194304,0,21766137
18.309,open,15053,,3995.945,42.45,6548,0,87.275,12.38,0,11601184,4194304,0,21779169
18.319,open,15062,,4006.793,42.45,6539,0,87.091,12.38,0,11585272,4194304,0,21792201
18.329,open,15068,,4014.036,42.45,6533,0,86.969,12.38,0,11574664,4194304,0,21800889
18.339,open,15077,,4024.908,42.45,6524,0,86.786,12.38,0,11558752,4194304,0,21813921
18.349,open,15086,,4035.792,42.45,6515,0,86.603,12.38,0,11542840,4194304,0,21826953
18.359,open,15095,,4046.654,42.45,6506,0,86.422,12.38,0,11526928,4194304,0,21839985
18.369,open,15104,,4057.527,42.45,6497,0,86.242,12.38,0,11511016,4194304,0,21853017
18.379,open,15110,,4064.788,42.45,6491,0,86.122,12.38,0,11500408,4194304,0,21861705
18.390,open,15119,,4075.674,42.45,6482,0,85.943,12.38,0,11484496,4194304,0,21874737
18.400,open,15128,,4086.566,42.45,6473,0,85.765,12.38,0,11468584,4194304,0,21887769
18.410,open,15137,,4097.453,42.45,6464,0,85.588,12.38,0,11452672,4194304,0,21900801
18.420,open,15143,,4107.9,42.45,6458,0,85.404,12.38,0,11442064,4194304,0,21909489
18.430,open,15152,,4117.74,42.45,6449,0,85.251,12.38,0,11426152,4194304,0,21922521
18.440,open,15161,,4127.931,42.45,6440,0,85.091,12.38,0,11410240,4194304,0,21935553
18.450,open,15170,,4138.356,42.45,6431,0,84.927,12.38,0,11394328,4194304,0,21948585
18.460,open,15177,,4148.765,42.45,6424,0,84.753,12.38,0,11381312,4194304,0,21958721
18.470,open,15186,,4158.701,42.45,6415,0,84.601,12.38,0,11365400,4194304,0,21971753
18.480,open,15195,,4168.956,42.45,6406,0,84.443,12.38,0,11349488,4194304,0,21984785
18.490,open,15204,,4179.424,42.45,6397,0,84.281,12.38,0,11333576,4194304,0,21997817
18.500,open,15210,,4186.485,42.45,6391,0,84.172,12.38,0,11322968,4194304,0,22006505
18.510,open,15219,,4197.165,42.45,6382,0,84.008,12.38,0,11307056,4194304,0,22019537
18.520,open,15228,,4207.909,42.45,6373,0,83.843,12.38,0,11291144,4194304,0,22032569
18.531,open,15237,,4218.705,42.45,6364,0,83.678,12.38,0,11275232,4194304,0,22045601
18.541,open,15243,,4225.922,42.45,6358,0,83.568,12.38,0,11264624,4194304,0,22054289
18.551,open,15252,,4236.769,42.45,6349,0,83.403,12.38,0,11248712,4194304,0,22067321
18.561,open,15261,,4247.634,42.45,6340,0,83.239,12.38,0,11232800,4194304,0,22080353
18.571,open,15270,,4258.505,42.45,6331,0,83.075,12.38,0,11216888,4194304,0,22093385
18.581,open,15276,,4265.757,42.45,6325,0,82.966,12.38,0,11206280,4194304,0,22102073
18.591,open,15285,,4276.641,42.45,6316,0,82.804,12.38,0,11190368,4194304,0,22115105
18.601,open,15294,,4287.53,42.45,6307,0,82.642,12.38,0,11174456,4194304,0,22128137
18.611,open,15303,,4298.423,42.45,6298,0,82.481,12.38,0,11158544,4194304,0,22141169
18.621,open,15312,,4309.317,42.45,6289,0,82.321,12.38,0,11142632,4194304,0,22154201
18.631,open,15318,,4316.577,42.45,6283,0,82.215,12.38,0,11132024,4194304,0,22162889
18.641,open,15327,,4327.47,42.45,6274,0,82.056,12.38,0,11116112,4194304,0,22175921
18.651,open,15336,,4338.366,42.45,6265,0,81.898,12.38,0,11100200,4194304,0,22188953
18.661,open,15345,,4349.263,42.45,6256,0,81.741,12.38,0,11084288,4194304,0,22201985
18.672,open,15351,,4356.529,42.45,6250,0,81.637,12.38,0,11073680,4194304,0,22210673
18.682,open,15361,,4370.606,42.45,6240,0,81.427,12.38,0,11055360,4194304,0,22225153
18.692,open,15370,,4380.849,42.45,6231,0,81.284,12.38,0,11039448,4194304,0,22238185
18.702,open,15376,,4387.804,42.45,6225,0,81.187,12.38,0,11028840,4194304,0,22246873
18.712,open,15385,,4398.367,42.45,6216,0,81.039,12.38,0,11012928,4194304,0,22259905
18.722,open,15394,,4409.042,42.45,6207,0,80.89,12.38,0,10997016,4194304,0,22272937
18.732,open,15403,,4419.788,42.45,6198,0,80.741,12.38,0,10981104,4194304,0,22285969
18.742,open,15409,,4426.979,42.45,6192,0,80.641,12.38,0,10970496,4194304,0,22294657
18.752,open,15418,,4437.797,42.45,6183,0,80.491,12.38,0,10954584,4194304,0,22307689
18.762,open,15427,,4448.643,42.45,6174,0,80.342,12.38,0,10938672,4194304,0,22320721
18.772,open,15436,,4459.507,42.45,6165,0,80.193,12.38,0,10922760,4194304,0,22333753
18.782,open,15445,,4470.383,42.45,6156,0,80.045,12.38,0,10906848,4194304,0,22346785
18.792,open,15451,,4477.633,42.45,6150,0,79.946,12.38,0,10896240,4194304,0,22355473
18.802,open,15460,,4488.516,42.45,6141,0,79.799,12.38,0,10880328,4194304,0,22368505
18.813,open,15469,,4499.404,42.45,6132,0,79.652,12.38,0,10864416,4194304,0,22381537
18.823,open,15478,,4510.297,42.45,6123,0,79.506,12.38,0,10848504,4194304,0,22394569
18.833,open,15484,,4517.562,42.45,6117,0,79.409,12.38,0,10837896,4194304,0,22403257
18.843,open,15493,,4528.458,42.45,6108,0,79.264,12.38,0,10821984,4194304,0,22416289
18.853,open,15502,,4539.353,42.45,6099,0,79.119,12.38,0,10806072,4194304,0,22429321
18.863,open,15511,,4550.256,42.45,6090,0,78.976,12.38,0,10790160,4194304,0,22442353
18.873,open,15520,,4561.166,42.45,6081,0,78.832,12.38,0,10774248,4194304,0,22455385
18.884,open,15526,,4571.61,42.45,6075,0,78.683,12.38,0,10763640,4194304,0,22464073
18.894,open,15535,,4581.457,42.45,6066,0,78.559,12.38,0,10747728,4194304,0,22477105
18.904,open,15545,,4594.393,42.45,6056,0,78.388,12.38,0,10729408,4194304,0,22491585
18.914,open,15551,,4600.957,42.45,6050,0,78.307,12.38,0,10718800,4194304,0,22500273
18.924,open,15560,,4611.097,42.45,6041,0,78.18,12.38,0,10702888,4194304,0,22513305
18.934,open,15569,,4621.488,42.45,6032,0,78.049,12.38,0,10686976,4194304,0,22526337
18.944,open,15578,,4632.048,42.45,6023,0,77.916,12.38,0,10671064,4194304,0,22539369
18.954,open,15587,,4642.722,42.45,6014,0,77.782,12.38,0,10655152,4194304,0,22552401
18.964,open,15593,,4649.878,42.45,6008,0,77.692,12.38,0,10644544,4194304,0,22561089
18.974,open,15602,,4660.66,42.45,5999,0,77.557,12.38,0,10628632,4194304,0,22574121
18.984,open,15611,,4671.479,42.45,5990,0,77.422,12.38,0,10612720,4194304,0,22587153
18.994,open,15620,,4682.323,42.45,5981,0,77.287,12.38,0,10596808,4194304,0,22600185
19.005,open,15626,,4689.564,42.45,5975,0,77.198,12.38,0,10586200,4194304,0,22608873
19.015,open,15635,,4700.43,42.45,5966,0,77.064,12.38,0,10570288,4194304,0,22621905
19.025,open,15644,,4711.308,42.45,5957,0,76.93,12.38,0,10554376,4194304,0,22634937
19.035,open,15653,,4722.193,42.45,5948,0,76.797,12.38,0,10538464,4194304,0,22647969
19.045,open,15662,,4733.084,42.45,5939,0,76.664,12.38,0,10522552,4194304,0,22661001
19.055,open,15668,,4740.345,42.45,5933,0,76.576,12.38,0,10511944,4194304,0,22669689
19.065,open,15677,,4751.237,42.45,5924,0,76.444,12.38,0,10496032,4194304,0,22682721
19.075,open,15686,,4762.13,42.45,5915,0,76.313,12.38,0,10480120,4194304,0,22695753
19.085,open,15695,,4773.027,42.45,5906,0,76.183,12.38,0,10464208,4194304,0,22708785
19.096,open,15701,,4780.291,42.45,5900,0,76.096,12.38,0,10453600,4194304,0,22717473
19.106,open,15710,,4791.187,42.45,5891,0,75.966,12.38,0,10437688,4194304,0,22730505
19.116,open,15720,,4805.555,42.45,5881,0,75.787,12.38,0,10419368,4194304,0,22744985
19.126,open,15726,,4812.304,42.45,5875,0,75.71,12.38,0,10408760,4194304,0,22753673
19.136,open,15735,,4822.626,42.45,5866,0,75.591,12.38,0,10392848,4194304,0,22766705
19.146,open,15744,,4833.143,42.45,5857,0,75.47,12.38,0,10376936,4194304,0,22779737
19.156,open,15753,,4843.788,42.45,5848,0,75.347,12.38,0,10361024,4194304,0,22792769
19.166,open,15762,,4854.516,42.45,5839,0,75.224,12.38,0,10345112,4194304,0,22805801
19.176,open,15768,,4861.698,42.45,5833,0,75.141,12.38,0,10334504,4194304,0,22814489
19.186,open,15777,,4872.506,42.45,5824,0,75.017,12.38,0,10318592,4194304,0,22827521
19.197,open,15786,,4883.342,42.45,5815,0,74.893,12.38,0,10302680,4194304,0,22840553
19.207,open,15795,,4894.202,42.45,5806,0,74.77,12.38,0,10286768,4194304,0,22853585
19.217,open,15801,,4901.448,42.45,5800,0,74.688,12.38,0,10276160,4194304,0,22862273
19.227,open,15810,,4912.34,42.45,5791,0,74.564,12.38,0,10260248,4194304,0,22875305
19.237,open,15819,,4923.23,42.45,5782,0,74.442,12.38,0,10244336,4194304,0,22888337
19.247,open,15828,,4934.113,42.45,5773,0,74.32,12.38,0,10228424,4194304,0,22901369
19.257,open,15837,,4945.012,42.45,5764,0,74.198,12.38,0,10212512,4194304,0,22914401
19.267,open,15843,,4952.272,42.45,5758,0,74.118,12.38,0,10201904,4194304,0,22923089
19.277,open,15852,,4963.161,42.45,5749,0,73.997,12.38,0,10185992,4194304,0,22936121
19.287,open,15862,,4976.971,42.45,5739,0,73.838,12.38,0,10167672,4194304,0,22950601
19.297,open,15868,,4983.825,42.45,5733,0,73.765,12.38,0,10157064,4194304,0,22959289
19.308,open,15877,,4994.285,42.45,5724,0,73.652,12.38,0,10141152,4194304,0,22972321
19.318,open,15886,,5004.892,42.45,5715,0,73.537,12.38,0,10125240,4194304,0,22985353
19.328,open,15895,,5015.596,42.45,5706,0,73.422,12.38,0,10109328,4194304,0,22998385
19.338,open,15901,,5022.767,42.45,5700,0,73.345,12.38,0,10098720,4194304,0,23007073
19.348,open,15910,,5033.563,42.45,5691,0,73.229,12.38,0,10082808,4194304,0,23020105
19.358,open,15919,,5044.395,42.45,5682,0,73.113,12.38,0,10066896,4194304,0,23033137
19.368,open,15928,,5055.248,42.45,5673,0,72.997,12.38,0,10050984,4194304,0,23046169
19.378,open,15937,,5066.119,42.45,5664,0,72.882,12.38,0,10035072,4194304,0,23059201
19.388,open,15943,,5073.369,42.45,5658,0,72.805,12.38,0,10024464,4194304,0,23067889
19.399,open,15952,,5084.26,42.45,5649,0,72.69,12.38,0,10008552,4194304,0,23080921
19.409,open,15961,,5095.163,42.45,5640,0,72.576,12.38,0,9992640,4194304,0,23093953
19.419,open,15970,,5106.043,42.45,5631,0,72.462,12.38,0,9976728,4194304,0,23106985
19.429,open,15979,,5116.928,42.45,5622,0,72.348,12.38,0,9960816,4194304,0,23120017
19.439,open,15985,,5124.187,42.45,5616,0,72.273,12.38,0,9950208,4194304,0,23128705
19.449,open,15994,,5135.073,42.45,5607,0,72.16,12.38,0,9934296,4194304,0,23141737
19.459,open,16003,,5145.964,42.45,5598,0,72.048,12.38,0,9918384,4194304,0,23154769
19.469,open,16012,,5156.856,42.45,5589,0,71.936,12.38,0,9902472,4194304,0,23167801
19.479,open,16018,,5164.12,42.45,5583,0,71.862,12.38,0,9891864,4194304,0,23176489
19.489,open,16027,,5175.018,42.45,5574,0,71.751,12.38,0,9875952,4194304,0,23189521
19.500,open,16037,,5189.377,42.45,5564,0,71.597,12.38,0,9857632,4194304,0,23204001
19.510,open,16043,,5196.111,42.45,5558,0,71.531,12.38,0,9847024,4194304,0,23212689
19.520,open,16052,,5206.438,42.45,5549,0,71.429,12.38,0,9831112,4194304,0,23225721
19.530,open,16061,,5216.958,42.45,5540,0,71.325,12.38,0,9815200,4194304,0,23238753
19.540,open,16070,,5227.598,42.45,5531,0,71.22,12.38,0,9799288,4194304,0,23251785
19.550,open,16079,,5238.323,42.45,5522,0,71.114,12.38,0,9783376,4194304,0,23264817
19.560,open,16085,,5245.503,42.45,5516,0,71.043,12.38,0,9772768,4194304,0,23273505
19.570,open,16094,,5256.309,42.45,5507,0,70.937,12.38,0,9756856,4194304,0,23286537
19.580,open,16103,,5267.148,42.45,5498,0,70.83,12.38,0,9740944,4194304,0,23299569
19.590,open,16112,,5278.007,42.45,5489,0,70.724,12.38,0,9725032,4194304,0,23312601
19.601,open,16118,,5285.254,42.45,5483,0,70.654,12.38,0,9714424,4194304,0,23321289
19.611,open,16127,,5296.13,42.45,5474,0,70.548,12.38,0,9698512,4194304,0,23334321
19.621,open,16136,,5307.009,42.45,5465,0,70.442,12.38,0,9682600,4194304,0,23347353
19.631,open,16145,,5317.895,42.45,5456,0,70.337,12.38,0,9666688,4194304,0,23360385
19.641,open,16154,,5328.785,42.45,5447,0,70.233,12.38,0,9650776,4194304,0,23373417
19.651,open,16160,,5336.049,42.45,5441,0,70.163,12.38,0,9640168,4194304,0,23382105
19.661,open,16169,,5346.946,42.45,5432,0,70.059,12.38,0,9624256,4194304,0,23395137
19.671,open,16178,,5357.839,42.45,5423,0,69.956,12.38,0,9608344,4194304,0,23408169
19.681,open,16187,,5368.734,42.45,5414,0,69.853,12.38,0,9592432,4194304,0,23421201
19.691,open,16193,,5375.999,42.45,5408,0,69.784,12.38,0,9581824,4194304,0,23429889
19.701,open,16202,,5386.897,42.45,5399,0,69.682,12.38,0,9565912,4194304,0,23442921
19.712,open,16211,,5397.794,42.45,5390,0,69.58,12.38,0,9550000,4194304,0,23455953
19.722,open,16218,,5408.521,42.45,5383,0,69.472,12.38,0,9536984,4194304,0,23466089
19.732,open,16227,,5418.668,42.45,5374,0,69.38,12.38,0,9521072,4194304,0,23479121
19.742,open,16236,,5429.064,42.45,5365,0,69.286,12.38,0,9505160,4194304,0,23492153
19.752,open,16245,,5439.627,42.45,5356,0,69.189,12.38,0,9489248,4194304,0,23505185
19.762,open,16251,,5446.732,42.45,5350,0,69.125,12.38,0,9473336,4194304,0,23513873
19.772,open,16260,,5457.477,42.45,5341,0,69.027,12.38,0,9462728,4194304,0,23526905
19.782,open,16269,,5468.273,42.45,5332,0,68.929,12.38,0,9446816,4194304,0,23539937
19.792,open,16278,,5479.102,42.45,5323,0,68.83,12.38,0,9430904,4194304,0,23552969
19.802,open,16287,,5489.942,42.45,5314,0,68.732,12.38,0,9414992,4194304,0,23566001
19.812,open,16293,,5497.18,42.45,5308,0,68.667,12.38,0,9404384,4194304,0,23574689
19.822,open,16302,,5508.052,42.45,5299,0,68.57,12.38,0,9388472,4194304,0,23587721
19.832,open,16311,,5518.931,42.45,5290,0,68.472,12.38,0,9372560,4194304,0,23600753
19.843,open,16320,,5529.812,42.45,5281,0,68.375,12.38,0,9356648,4194304,0,23613785
19.853,open,16326,,5537.072,42.45,5275,0,68.311,12.38,0,9346040,4194304,0,23622473
19.863,open,16335,,5547.965,42.45,5266,0,68.214,12.38,0,9330128,4194304,0,23635505
19.873,open,16344,,5558.857,42.45,5257,0,68.118,12.38,0,9314216,4194304,0,23648537
19.883,open,16353,,5569.755,42.45,5248,0,68.022,12.38,0,9298304,4194304,0,23661569
19.893,open,16362,,5580.644,42.45,5239,0,67.927,12.38,0,9282392,4194304,0,23674601
19.903,open,16368,,5587.906,42.45,5233,0,67.863,12.38,0,9271784,4194304,0,23683289
19.913,open,16377,,5598.812,42.45,5224,0,67.768,12.38,0,9255872,4194304,0,23696321
19.923,open,16386,,5609.708,42.45,5215,0,67.674,12.38,0,9239960,4194304,0,23709353
19.933,open,16395,,5620.602,42.45,5206,0,67.58,12.38,0,9224048,4194304,0,23722385
19.943,open,16402,,5631.034,42.45,5199,0,67.483,12.38,0,9211032,4194304,0,23732521
19.954,open,16411,,5641.271,42.45,5190,0,67.398,12.38,0,9195120,4194304,0,23745553
19.964,open,16420,,5651.727,42.45,5181,0,67.31,12.38,0,9179208,4194304,0,23758585
19.974,open,16426,,5658.782,42.45,5175,0,67.251,12.38,0,9168600,4194304,0,23767273
19.984,open,16435,,5669.455,42.45,5166,0,67.161,12.38,0,9152688,4194304,0,23780305
19.994,open,16444,,5680.203,42.45,5157,0,67.071,12.38,0,9136776,4194304,0,23793337
20.004,open,16453,,5693.75,42.45,5148,0,66.948,12.38,0,9120864,4194304,0,23806369
20.014,open,16462,,5703.67,42.45,5139,0,66.868,12.38,0,9104952,4194304,0,23819401
20.024,open,16468,,5710.469,42.45,5133,0,66.812,12.38,0,9094344,4194304,0,23828089
20.034,open,16477,,5720.869,42.45,5124,0,66.727,12.38,0,9078432,4194304,0,23841121
20.044,open,16486,,5731.431,42.45,5115,0,66.641,12.38,0,9062520,4194304,0,23854153
20.054,open,16495,,5742.099,42.45,5106,0,66.553,12.38,0,9046608,4194304,0,23867185
20.064,open,16501,,5749.255,42.45,5100,0,66.495,12.38,0,9036000,4194304,0,23875873
20.074,open,16510,,5760.036,42.45,5091,0,66.406,12.38,0,9020088,4194304,0,23888905
20.084,open,16519,,5770.857,42.45,5082,0,66.318,12.38,0,9004176,4194304,0,23901937
20.094,open,16528,,5781.705,42.45,5073,0,66.23,12.38,0,8988264,4194304,0,23914969
20.105,open,16534,,5788.944,42.45,5067,0,66.171,12.38,0,8977656,4194304,0,23923657
20.115,open,16543,,5799.811,42.45,5058,0,66.083,12.38,0,8961744,4194304,0,23936689
20.125,open,16552,,5810.689,42.45,5049,0,65.995,12.38,0,8945832,4194304,0,23949721
20.135,open,16561,,5821.575,42.45,5040,0,65.907,12.38,0,8929920,4194304,0,23962753
20.145,open,16570,,5832.467,42.45,5031,0,65.82,12.38,0,8914008,4194304,0,23975785
20.155,open,16576,,5839.729,42.45,5025,0,65.762,12.38,0,8903400,4194304,0,23984473
20.165,open,16586,,5853.554,42.45,5015,0,65.646,12.38,0,8885080,4194304,0,23998953
20.175,open,16595,,5863.894,42.45,5006,0,65.566,12.38,0,8869168,4194304,0,24011985
20.185,open,16601,,5870.889,42.45,5000,0,65.512,12.38,0,8858560,4194304,0,24020673
20.195,open,16610,,5881.493,42.45,4991,0,65.429,12.38,0,8842648,4194304,0,24033705
20.205,open,16619,,5892.195,42.45,4982,0,65.346,12.38,0,8826736,4194304,0,24046737
20.215,open,16628,,5902.958,42.45,4973,0,65.262,12.38,0,8810824,4194304,0,24059769
20.225,open,16634,,5910.159,42.45,4967,0,65.206,12.38,0,8800216,4194304,0,24068457
20.235,open,16643,,5920.987,42.45,4958,0,65.122,12.38,0,8784304,4194304,0,24081489
20.246,open,16652,,5931.841,42.45,4949,0,65.038,12.38,0,8768392,4194304,0,24094521
20.256,open,16661,,5942.709,42.45,4940,0,64.954,12.38,0,8752480,4194304,0,24107553
20.266,open,16667,,5949.971,42.45,4934,0,64.898,12.38,0,8741872,4194304,0,24116241
20.276,open,16676,,5960.848,42.45,4925,0,64.815,12.38,0,8725960,4194304,0,24129273
20.286,open,16685,,5971.742,42.45,4916,0,64.731,12.38,0,8710048,4194304,0,24142305
20.296,open,16694,,5982.63,42.45,4907,0,64.648,12.38,0,8694136,4194304,0,24155337
20.306,open,16703,,5993.523,42.45,4898,0,64.566,12.38,0,8678224,4194304,0,24168369
20.316,open,16709,,6000.79,42.45,4892,0,64.511,12.38,0,8667616,4194304,0,24177057
20.326,open,16718,,6011.678,42.45,4883,0,64.428,12.38,0,8651704,4194304,0,24190089
20.336,open,16727,,6022.569,42.45,4874,0,64.346,12.38,0,8635792,4194304,0,24203121
20.346,open,16736,,6033.461,42.45,4865,0,64.265,12.38,0,8619880,4194304,0,24216153
20.356,open,16742,,6040.726,42.45,4859,0,64.211,12.38,0,8609272,4194304,0,24224841
20.366,open,16751,,6051.62,42.45,4850,0,64.129,12.38,0,8593360,4194304,0,24237873
20.377,open,16761,,6065.982,42.45,4840,0,64.016,12.38,0,8575040,4194304,0,24252353
20.387,open,16767,,6072.71,42.45,4834,0,63.968,12.38,0,8564432,4194304,0,24261041
20.397,open,16776,,6083.035,42.45,4825,0,63.893,12.38,0,8548520,4194304,0,24274073
20.407,open,16785,,6093.546,42.45,4816,0,63.817,12.38,0,8532608,4194304,0,24287105
20.417,open,16794,,6107.309,42.45,4807,0,63.708,12.38,0,8516696,4194304,0,24300137
20.427,open,16803,,6117.003,42.45,4798,0,63.641,12.38,0,8500784,4194304,0,24313169
20.437,open,16809,,6123.693,42.45,4792,0,63.594,12.38,0,8490176,4194304,0,24321857
20.447,open,16818,,6133.971,42.45,4783,0,63.522,12.38,0,8474264,4194304,0,24334889
20.457,open,16827,,6144.454,42.45,4774,0,63.447,12.38,0,8458352,4194304,0,24347921
20.467,open,16836,,6155.076,42.45,4765,0,63.372,12.38,0,8442440,4194304,0,24360953
20.477,open,16842,,6162.21,42.45,4759,0,63.321,12.38,0,8431832,4194304,0,24369641
20.487,open,16851,,6172.966,42.45,4750,0,63.244,12.38,0,8415920,4194304,0,24382673
20.498,open,16860,,6183.765,42.45,4741,0,63.167,12.38,0,8400008,4194304,0,24395705
20.508,open,16869,,6194.597,42.45,4732,0,63.091,12.38,0,8384096,4194304,0,24408737
20.518,open,16875,,6201.831,42.45,4726,0,63.039,12.38,0,8373488,4194304,0,24417425
20.528,open,16884,,6212.697,42.45,4717,0,62.963,12.38,0,8357576,4194304,0,24430457
20.538,open,16893,,6223.574,42.45,4708,0,62.886,12.38,0,8341664,4194304,0,24443489
20.548,open,16902,,6234.452,42.45,4699,0,62.81,12.38,0,8325752,4194304,0,24456521
20.558,open,16911,,6245.347,42.45,4690,0,62.734,12.38,0,8309840,4194304,0,24469553
20.568,open,16917,,6252.628,42.45,4684,0,62.683,12.38,0,8299232,4194304,0,24478241
20.578,open,16926,,6263.519,42.45,4675,0,62.607,12.38,0,8283320,4194304,0,24491273
20.588,open,16935,,6274.409,42.45,4666,0,62.532,12.38,0,8267408,4194304,0,24504305
20.598,open,16942,,6285.129,42.45,4659,0,62.451,12.38,0,8254392,4194304,0,24514441
20.609,open,16951,,6295.274,42.45,4650,0,62.383,12.38,0,8238480,4194304,0,24527473
20.619,open,16960,,6305.668,42.45,4641,0,62.314,12.38,0,8222568,4194304,0,24540505
20.629,open,16969,,6316.228,42.45,4632,0,62.242,12.38,0,8206656,4194304,0,24553537
20.639,open,16975,,6323.334,42.45,4626,0,62.195,12.38,0,8196048,4194304,0,24562225
20.649,open,16984,,6334.06,42.45,4617,0,62.122,12.38,0,8180136,4194304,0,24575257
20.659,open,16993,,6344.838,42.45,4608,0,62.049,12.38,0,8164224,4194304,0,24588289
20.669,open,17002,,6355.656,42.45,4599,0,61.977,12.38,0,8148312,4194304,0,24601321
20.679,open,17011,,6366.502,42.45,4590,0,61.904,12.38,0,8132400,4194304,0,24614353
20.689,open,17017,,6373.743,42.45,4584,0,61.855,12.38,0,8121792,4194304,0,24623041
20.699,open,17026,,6384.616,42.45,4575,0,61.783,12.38,0,8105880,4194304,0,24636073
20.709,open,17035,,6395.493,42.45,4566,0,61.71,12.38,0,8089968,4194304,0,24649105
20.719,open,17044,,6406.377,42.45,4557,0,61.638,12.38,0,8074056,4194304,0,24662137
20.729,open,17050,,6413.635,42.45,4551,0,61.59,12.38,0,8063448,4194304,0,24670825
20.739,open,17059,,6424.528,42.45,4542,0,61.518,12.38,0,8047536,4194304,0,24683857
20.749,open,17068,,6435.422,42.45,4533,0,61.446,12.38,0,8031624,4194304,0,24696889
20.760,open,17074,,6442.687,42.45,4527,0,61.398,12.38,0,8021016,4194304,0,24705577
20.770,open,17084,,6456.512,42.45,4517,0,61.303,12.38,0,8002696,4194304,0,24720057
20.780,open,17093,,6466.837,42.45,4508,0,61.237,12.38,0,7986784,4194304,0,24733089
20.790,open,17102,,6477.352,42.45,4499,0,61.17,12.38,0,7970872,4194304,0,24746121
20.800,open,17108,,6484.435,42.45,4493,0,61.125,12.38,0,7960264,4194304,0,24754809
20.810,open,17117,,6495.138,42.45,4484,0,61.056,12.38,0,7944352,4194304,0,24767841
20.820,open,17126,,6505.902,42.45,4475,0,60.987,12.38,0,7928440,4194304,0,24780873
20.830,open,17135,,6516.709,42.45,4466,0,60.918,12.38,0,7912528,4194304,0,24793905
20.840,open,17144,,6527.547,42.45,4457,0,60.849,12.38,0,7896616,4194304,0,24806937
20.850,open,17150,,6534.786,42.45,4451,0,60.802,12.38,0,7886008,4194304,0,24815625
20.860,open,17159,,6545.653,42.45,4442,0,60.733,12.38,0,7870096,4194304,0,24828657
20.870,open,17168,,6556.532,42.45,4433,0,60.664,12.38,0,7854184,4194304,0,24841689
20.880,open,17177,,6567.411,42.45,4424,0,60.596,12.38,0,7838272,4194304,0,24854721
20.890,open,17183,,6574.669,42.45,4418,0,60.55,12.38,0,7827664,4194304,0,24863409
20.900,open,17192,,6585.559,42.45,4409,0,60.481,12.38,0,7811752,4194304,0,24876441
20.911,open,17201,,6596.454,42.45,4400,0,60.413,12.38,0,7795840,4194304,0,24889473
20.921,open,17210,,6607.349,42.45,4391,0,60.345,12.38,0,7779928,4194304,0,24902505
20.931,open,17216,,6614.611,42.45,4385,0,60.3,12.38,0,7769320,4194304,0,24911193
20.941,open,17225,,6625.504,42.45,4376,0,60.232,12.38,0,7753408,4194304,0,24924225
20.951,open,17234,,6636.4,42.45,4367,0,60.165,12.38,0,7737496,4194304,0,24937257
20.961,open,17243,,6647.298,42.45,4358,0,60.097,12.38,0,7721584,4194304,0,24950289
20.971,open,17252,,6658.197,42.45,4349,0,60.03,12.38,0,7705672,4194304,0,24963321
20.981,open,17259,,6668.924,42.45,4342,0,59.958,12.38,0,7692656,4194304,0,24973457
20.991,open,17268,,6679.079,42.45,4333,0,59.898,12.38,0,7676744,4194304,0,24986489
21.001,open,17277,,6689.482,42.45,4324,0,59.836,12.38,0,7660832,4194304,0,24999521
21.011,open,17283,,6696.513,42.45,4318,0,59.794,12.38,0,7650224,4194304,0,25008209
21.021,open,17292,,6707.158,42.45,4309,0,59.73,12.38,0,7634312,4194304,0,25021241
21.031,open,17301,,6717.888,42.45,4300,0,59.666,12.38,0,7618400,4194304,0,25034273
21.041,open,17310,,6728.678,42.45,4291,0,59.601,12.38,0,7602488,4194304,0,25047305
21.051,open,17316,,6735.891,42.45,4285,0,59.558,12.38,0,7591880,4194304,0,25055993
21.062,open,17325,,6746.732,42.45,4276,0,59.493,12.38,0,7575968,4194304,0,25069025
21.072,open,17334,,6757.58,42.45,4267,0,59.429,12.38,0,7560056,4194304,0,25082057
21.082,open,17343,,6768.445,42.45,4258,0,59.364,12.38,0,7544144,4194304,0,25095089
21.092,open,17349,,6775.693,42.45,4252,0,59.321,12.38,0,7533536,4194304,0,25103777
21.102,open,17358,,6786.57,42.45,4243,0,59.257,12.38,0,7517624,4194304,0,25116809
21.112,open,17367,,6797.455,42.45,4234,0,59.193,12.38,0,7501712,4194304,0,25129841
21.122,open,17376,,6808.349,42.45,4225,0,59.128,12.38,0,7485800,4194304,0,25142873
21.132,open,17385,,6819.248,42.45,4216,0,59.065,12.38,0,7469888,4194304,0,25155905
21.142,open,17391,,6826.514,42.45,4210,0,59.022,12.38,0,7459280,4194304,0,25164593
21.152,open,17400,,6837.409,42.45,4201,0,58.958,12.38,0,7443368,4194304,0,25177625
21.162,open,17409,,6848.306,42.45,4192,0,58.895,12.38,0,7427456,4194304,0,25190657
21.172,open,17418,,6859.207,42.45,4183,0,58.832,12.38,0,7411544,4194304,0,25203689
21.182,open,17424,,6866.489,42.45,4177,0,58.79,12.38,0,7400936,4194304,0,25212377
21.192,open,17433,,6877.39,42.45,4168,0,58.727,12.38,0,7385024,4194304,0,25225409
21.203,open,17443,,6891.468,42.45,4158,0,58.641,12.38,0,7366704,4194304,0,25239889
21.213,open,17449,,6898.267,42.45,4152,0,58.603,12.38,0,7356096,4194304,0,25248577
21.223,open,17458,,6908.664,42.45,4143,0,58.545,12.38,0,7340184,4194304,0,25261609
21.233,open,17467,,6919.223,42.45,4134,0,58.486,12.38,0,7324272,4194304,0,25274641
21.243,open,17476,,6929.897,42.45,4125,0,58.426,12.38,0,7308360,4194304,0,25287673
21.253,open,17482,,6937.058,42.45,4119,0,58.385,12.38,0,7297752,4194304,0,25296361
21.263,open,17491,,6947.834,42.45,4110,0,58.325,12.38,0,7281840,4194304,0,25309393
21.273,open,17500,,6958.65,42.45,4101,0,58.264,12.38,0,7265928,4194304,0,25322425
21.283,open,17509,,6969.494,42.45,4092,0,58.203,12.38,0,7250016,4194304,0,25335457
21.293,open,17518,,6980.356,42.45,4083,0,58.143,12.38,0,7234104,4194304,0,25348489
21.303,open,17524,,6987.616,42.45,4077,0,58.102,12.38,0,7223496,4194304,0,25357177
21.313,open,17533,,6998.493,42.45,4068,0,58.042,12.38,0,7207584,4194304,0,25370209
21.324,open,17542,,7009.371,42.45,4059,0,57.981,12.38,0,7191672,4194304,0,25383241
21.334,open,17551,,7020.268,42.45,4050,0,57.921,12.38,0,7175760,4194304,0,25396273
21.344,open,17560,,7031.163,42.45,4041,0,57.861,12.38,0,7159848,4194304,0,25409305
21.354,open,17566,,7038.431,42.45,4035,0,57.821,12.38,0,7149240,4194304,0,25417993
21.364,open,17575,,7049.32,42.45,4026,0,57.761,12.38,0,7133328,4194304,0,25431025
21.374,open,17584,,7060.213,42.45,4017,0,57.702,12.38,0,7117416,4194304,0,25444057
21.384,open,17593,,7071.108,42.45,4008,0,57.642,12.38,0,7101504,4194304,0,25457089
21.394,open,17599,,7078.374,42.45,4002,0,57.603,12.38,0,7090896,4194304,0,25465777
21.404,open,17608,,7089.269,42.45,3993,0,57.544,12.38,0,7074984,4194304,0,25478809
21.414,open,17617,,7100.162,42.45,3984,0,57.485,12.38,0,7059072,4194304,0,25491841
21.425,open,17624,,7110.602,42.45,3977,0,57.423,12.38,0,7046056,4194304,0,25501977
21.435,open,17633,,7120.84,42.45,3968,0,57.37,12.38,0,7030144,4194304,0,25515009
21.445,open,17642,,7131.304,42.45,3959,0,57.315,12.38,0,7014232,4194304,0,25528041
21.455,open,17651,,7141.906,42.45,3950,0,57.259,12.38,0,6998320,4194304,0,25541073
21.465,open,17660,,7152.607,42.45,3941,0,57.202,12.38,0,6982408,4194304,0,25554105
21.475,open,17666,,7159.775,42.45,3935,0,57.165,12.38,0,6971800,4194304,0,25562793
21.485,open,17675,,7170.568,42.45,3926,0,57.108,12.38,0,6955888,4194304,0,25575825
21.495,open,17684,,7181.396,42.45,3917,0,57.051,12.38,0,6939976,4194304,0,25588857
21.505,open,17693,,7192.249,42.45,3908,0,56.993,12.38,0,6924064,4194304,0,25601889
21.515,open,17699,,7199.495,42.45,3902,0,56.955,12.38,0,6913456,4194304,0,25610577
21.526,open,17708,,7210.372,42.45,3893,0,56.898,12.38,0,6897544,4194304,0,25623609
21.536,open,17717,,7221.251,42.45,3884,0,56.842,12.38,0,6881632,4194304,0,25636641
21.546,open,17726,,7232.137,42.45,3875,0,56.785,12.38,0,6865720,4194304,0,25649673
21.556,open,17735,,7243.037,42.45,3866,0,56.728,12.38,0,6849808,4194304,0,25662705
21.566,open,17741,,7250.295,42.45,3860,0,56.691,12.38,0,6839200,4194304,0,25671393
21.576,open,17750,,7261.187,42.45,3851,0,56.634,12.38,0,6823288,4194304,0,25684425
21.586,open,17759,,7272.079,42.45,3842,0,56.578,12.38,0,6807376,4194304,0,25697457
21.596,open,17768,,7282.972,42.45,3833,0,56.522,12.38,0,6791464,4194304,0,25710489
21.606,open,17774,,7290.236,42.45,3827,0,56.485,12.38,0,6780856,4194304,0,25719177
21.616,open,17783,,7301.132,42.45,3818,0,56.429,12.38,0,6764944,4194304,0,25732209
21.626,open,17792,,7312.029,42.45,3809,0,56.374,12.38,0,6749032,4194304,0,25745241
21.637,open,17798,,7319.295,42.45,3803,0,56.337,12.38,0,6738424,4194304,0,25753929
21.647,open,17808,,7333.125,42.45,3793,0,56.262,12.38,0,6720104,4194304,0,25768409
21.657,open,17817,,7343.456,42.45,3784,0,56.211,12.38,0,6704192,4194304,0,25781441
21.667,open,17826,,7353.97,42.45,3775,0,56.159,12.38,0,6688280,4194304,0,25794473
21.677,open,17835,,7364.611,42.45,3766,0,56.106,12.38,0,6672368,4194304,0,25807505
21.687,open,17841,,7371.756,42.45,3760,0,56.071,12.38,0,6661760,4194304,0,25816193
21.697,open,17850,,7382.52,42.45,3751,0,56.017,12.38,0,6645848,4194304,0,25829225
21.707,open,17859,,7393.329,42.45,3742,0,55.964,12.38,0,6629936,4194304,0,25842257
21.717,open,17868,,7404.166,42.45,3733,0,55.91,12.38,0,6614024,4194304,0,25855289
21.727,open,17874,,7411.402,42.45,3727,0,55.874,12.38,0,6603416,4194304,0,25863977
21.737,open,17883,,7422.268,42.45,3718,0,55.82,12.38,0,6587504,4194304,0,25877009
21.748,open,17892,,7435.919,42.45,3709,0,55.746,12.38,0,6571592,4194304,0,25890041
21.758,open,17901,,7445.888,42.45,3700,0,55.699,12.38,0,6555680,4194304,0,25903073
21.768,open,17910,,7456.165,42.45,3691,0,55.65,12.38,0,6539768,4194304,0,25916105
21.778,open,17916,,7463.135,42.45,3685,0,55.617,12.38,0,6529160,4194304,0,25924793
21.788,open,17925,,7473.716,42.45,3676,0,55.566,12.38,0,6513248,4194304,0,25937825
21.798,open,17934,,7484.403,42.45,3667,0,55.515,12.38,0,6497336,4194304,0,25950857
21.808,open,17943,,7495.154,42.45,3658,0,55.463,12.38,0,6481424,4194304,0,25963889
21.818,open,17949,,7502.349,42.45,3652,0,55.428,12.38,0,6470816,4194304,0,25972577
21.828,open,17958,,7513.174,42.45,3643,0,55.376,12.38,0,6454904,4194304,0,25985609
21.838,open,17967,,7524.018,42.45,3634,0,55.324,12.38,0,6438992,4194304,0,25998641
21.848,open,17976,,7534.878,42.45,3625,0,55.272,12.38,0,6423080,4194304,0,26011673
21.858,open,17983,,7545.579,42.45,3618,0,55.215,12.38,0,6410064,4194304,0,26021809
21.869,open,17992,,7555.711,42.45,3609,0,55.169,12.38,0,6394152,4194304,0,26034841
21.879,open,18001,,7566.098,42.45,3600,0,55.12,12.38,0,6378240,4194304,0,26047873
21.889,open,18010,,7576.654,42.45,3591,0,55.071,12.38,0,6362328,4194304,0,26060905
21.899,open,18016,,7583.762,42.45,3585,0,55.038,12.38,0,6351720,4194304,0,26069593
21.909,open,18025,,7594.496,42.45,3576,0,54.988,12.38,0,6335808,4194304,0,26082625
21.919,open,18034,,7605.27,42.45,3567,0,54.937,12.38,0,6319896,4194304,0,26095657
21.929,open,18043,,7616.085,42.45,3558,0,54.886,12.38,0,6303984,4194304,0,26108689
21.939,open,18049,,7623.309,42.45,3552,0,54.853,12.38,0,6293376,4194304,0,26117377
21.949,open,18058,,7634.166,42.45,3543,0,54.802,12.38,0,6277464,4194304,0,26130409
21.959,open,18067,,7645.035,42.45,3534,0,54.751,12.38,0,6261552,4194304,0,26143441
21.969,open,18076,,7655.93,42.45,3525,0,54.701,12.38,0,6245640,4194304,0,26156473
21.979,open,18082,,7663.188,42.45,3519,0,54.667,12.38,0,6235032,4194304,0,26165161
21.990,open,18091,,7674.095,42.45,3510,0,54.617,12.38,0,6219120,4194304,0,26178193
22.000,open,18100,,7684.999,42.45,3501,0,54.566,12.38,0,6203208,4194304,0,26191225
22.010,open,18109,,7695.884,42.45,3492,0,54.516,12.38,0,6187296,4194304,0,26204257
22.020,open,18115,,7703.141,42.45,3486,0,54.483,12.38,0,6176688,4194304,0,26212945
22.030,open,18125,,7716.95,42.45,3476,0,54.415,12.38,0,6158368,4194304,0,26227425
22.040,open,18134,,7727.267,42.45,3467,0,54.37,12.38,0,6142456,4194304,0,26240457
22.050,open,18143,,7737.778,42.45,3458,0,54.323,12.38,0,6126544,4194304,0,26253489
22.060,open,18149,,7744.858,42.45,3452,0,54.291,12.38,0,6115936,4194304,0,26262177
22.070,open,18158,,7755.558,42.45,3443,0,54.243,12.38,0,6100024,4194304,0,26275209
22.080,open,18167,,7766.321,42.45,3434,0,54.195,12.38,0,6084112,4194304,0,26288241
22.090,open,18176,,7777.127,42.45,3425,0,54.146,12.38,0,6068200,4194304,0,26301273
22.100,open,18182,,7784.362,42.45,3419,0,54.114,12.38,0,6057592,4194304,0,26309961
22.110,open,18191,,7795.233,42.45,3410,0,54.065,12.38,0,6041680,4194304,0,26322993
22.120,open,18200,,7806.108,42.45,3401,0,54.016,12.38,0,6025768,4194304,0,26336025
22.131,open,18209,,7816.997,42.45,3392,0,53.968,12.38,0,6009856,4194304,0,26349057
22.141,open,18215,,7824.244,42.45,3386,0,53.936,12.38,0,5999248,4194304,0,26357745
22.151,open,18224,,7835.121,42.45,3377,0,53.887,12.38,0,5983336,4194304,0,26370777
22.161,open,18233,,7846.002,42.45,3368,0,53.839,12.38,0,5967424,4194304,0,26383809
22.171,open,18242,,7856.886,42.45,3359,0,53.791,12.38,0,5951512,4194304,0,26396841
22.181,open,18251,,7867.778,42.45,3350,0,53.743,12.38,0,5935600,4194304,0,26409873
22.191,open,18257,,7875.035,42.45,3344,0,53.711,12.38,0,5924992,4194304,0,26418561
22.201,open,18266,,7885.927,42.45,3335,0,53.664,12.38,0,5909080,4194304,0,26431593
22.211,open,18275,,7896.821,42.45,3326,0,53.616,12.38,0,5893168,4194304,0,26444625
22.221,open,18284,,7907.72,42.45,3317,0,53.568,12.38,0,5877256,4194304,0,26457657
22.231,open,18290,,7914.984,42.45,3311,0,53.537,12.38,0,5866648,4194304,0,26466345
22.241,open,18300,,7929.342,42.45,3301,0,53.469,12.38,0,5848328,4194304,0,26480825
22.251,open,18309,,7939.493,42.45,3292,0,53.427,12.38,0,5832416,4194304,0,26493857
22.261,open,18315,,7946.403,42.45,3286,0,53.398,12.38,0,5821808,4194304,0,26502545
22.271,open,18324,,7956.919,42.45,3277,0,53.354,12.38,0,5805896,4194304,0,26515577
22.281,open,18333,,7967.562,42.45,3268,0,53.309,12.38,0,5789984,4194304,0,26528609
22.292,open,18342,,7978.291,42.45,3259,0,53.263,12.38,0,5774072,4194304,0,26541641
22.302,open,18348,,7985.472,42.45,3253,0,53.232,12.38,0,5763464,4194304,0,26550329
22.312,open,18357,,7996.28,42.45,3244,0,53.187,12.38,0,5747552,4194304,0,26563361
22.322,open,18366,,8007.118,42.45,3235,0,53.141,12.38,0,5731640,4194304,0,26576393
22.332,open,18375,,8017.978,42.45,3226,0,53.095,12.38,0,5715728,4194304,0,26589425
22.342,open,18384,,8028.85,42.45,3217,0,53.049,12.38,0,5699816,4194304,0,26602457
22.352,open,18390,,8036.103,42.45,3211,0,53.018,12.38,0,5689208,4194304,0,26611145
22.362,open,18399,,8046.986,42.45,3202,0,52.972,12.38,0,5673296,4194304,0,26624177
22.372,open,18408,,8057.875,42.45,3193,0,52.927,12.38,0,5657384,4194304,0,26637209
22.382,open,18417,,8068.766,42.45,3184,0,52.881,12.38,0,5641472,4194304,0,26650241
22.392,open,18423,,8076.032,42.45,3178,0,52.851,12.38,0,5630864,4194304,0,26658929
22.402,open,18432,,8086.938,42.45,3169,0,52.805,12.38,0,5614952,4194304,0,26671961
22.412,open,18441,,8097.826,42.45,3160,0,52.76,12.38,0,5599040,4194304,0,26684993
22.423,open,18450,,8108.719,42.45,3151,0,52.715,12.38,0,5583128,4194304,0,26698025
22.433,open,18459,,8119.612,42.45,3142,0,52.67,12.38,0,5567216,4194304,0,26711057
22.443,open,18465,,8126.876,42.45,3136,0,52.64,12.38,0,5556608,4194304,0,26719745
22.453,open,18474,,8137.773,42.45,3127,0,52.595,12.38,0,5540696,4194304,0,26732777
22.463,open,18481,,8148.5,42.45,3120,0,52.546,12.38,0,5527680,4194304,0,26742913
22.473,open,18490,,8158.649,42.45,3111,0,52.506,12.38,0,5511768,4194304,0,26755945
22.483,open,18499,,8169.047,42.45,3102,0,52.464,12.38,0,5495856,4194304,0,26768977
22.493,open,18508,,8179.61,42.45,3093,0,52.422,12.38,0,5479944,4194304,0,26782009
22.503,open,18517,,8190.286,42.45,3084,0,52.379,12.38,0,5464032,4194304,0,26795041
22.513,open,18523,,8197.446,42.45,3078,0,52.351,12.38,0,5453424,4194304,0,26803729
22.523,open,18532,,8208.226,42.45,3069,0,52.307,12.38,0,5437512,4194304,0,26816761
22.533,open,18541,,8219.045,42.45,3060,0,52.264,12.38,0,5421600,4194304,0,26829793
22.543,open,18550,,8229.892,42.45,3051,0,52.22,12.38,0,5405688,4194304,0,26842825
22.553,open,18556,,8237.133,42.45,3045,0,52.191,12.38,0,5395080,4194304,0,26851513
22.563,open,18565,,8248.005,42.45,3036,0,52.148,12.38,0,5379168,4194304,0,26864545
22.573,open,18574,,8258.882,42.45,3027,0,52.104,12.38,0,5363256,4194304,0,26877577
22.584,open,18583,,8269.763,42.45,3018,0,52.061,12.38,0,5347344,4194304,0,26890609
22.594,open,18589,,8277.021,42.45,3012,0,52.032,12.38,0,5336736,4194304,0,26899297
22.604,open,18598,,8287.912,42.45,3003,0,51.989,12.38,0,5320824,4194304,0,26912329
22.614,open,18607,,8298.807,42.45,2994,0,51.946,12.38,0,5304912,4194304,0,26925361
22.624,open,18616,,8309.7,42.45,2985,0,51.903,12.38,0,5289000,4194304,0,26938393
22.634,open,18625,,8320.591,42.45,2976,0,51.86,12.38,0,5273088,4194304,0,26951425
22.644,open,18631,,8327.854,42.45,2970,0,51.831,12.38,0,5262480,4194304,0,26960113
22.654,open,18640,,8338.75,42.45,2961,0,51.789,12.38,0,5246568,4194304,0,26973145
22.664,open,18649,,8349.647,42.45,2952,0,51.746,12.38,0,5230656,4194304,0,26986177
22.674,open,18658,,8360.547,42.45,2943,0,51.703,12.38,0,5214744,4194304,0,26999209
22.684,open,18665,,8370.989,42.45,2936,0,51.658,12.38,0,5201728,4194304,0,27009345
22.694,open,18674,,8381.234,42.45,2927,0,51.62,12.38,0,5185816,4194304,0,27022377
22.704,open,18683,,8391.695,42.45,2918,0,51.58,12.38,0,5169904,4194304,0,27035409
22.714,open,18689,,8398.753,42.45,2912,0,51.554,12.38,0,5159296,4194304,0,27044097
22.724,open,18698,,8409.428,42.45,2903,0,51.513,12.38,0,5143384,4194304,0,27057129
22.735,open,18707,,8420.176,42.45,2894,0,51.472,12.38,0,5127472,4194304,0,27070161
22.745,open,18716,,8430.969,42.45,2885,0,51.431,12.38,0,5111560,4194304,0,27083193
22.755,open,18722,,8438.185,42.45,2879,0,51.403,12.38,0,5100952,4194304,0,27091881
22.765,open,18731,,8449.032,42.45,2870,0,51.362,12.38,0,5085040,4194304,0,27104913
22.775,open,18740,,8459.895,42.45,2861,0,51.321,12.38,0,5069128,4194304,0,27117945
22.785,open,18749,,8470.772,42.45,2852,0,51.279,12.38,0,5053216,4194304,0,27130977
22.795,open,18758,,8481.651,42.45,2843,0,51.238,12.38,0,5037304,4194304,0,27144009
22.805,open,18764,,8488.907,42.45,2837,0,51.211,12.38,0,5026696,4194304,0,27152697
22.815,open,18773,,8499.796,42.45,2828,0,51.17,12.38,0,5010784,4194304,0,27165729
22.825,open,18782,,8510.689,42.45,2819,0,51.129,12.38,0,4994872,4194304,0,27178761
22.835,open,18791,,8521.583,42.45,2810,0,51.088,12.38,0,4978960,4194304,0,27191793
22.845,open,18797,,8528.846,42.45,2804,0,51.061,12.38,0,4968352,4194304,0,27200481
22.855,open,18806,,8539.739,42.45,2795,0,51.02,12.38,0,4952440,4194304,0,27213513
22.866,open,18815,,8550.633,42.45,2786,0,50.979,12.38,0,4936528,4194304,0,27226545
22.876,open,18824,,8561.53,42.45,2777,0,50.939,12.38,0,4920616,4194304,0,27239577
22.886,open,18833,,8572.428,42.45,2768,0,50.898,12.38,0,4904704,4194304,0,27252609
22.896,open,18839,,8579.694,42.45,2762,0,50.872,12.38,0,4894096,4194304,0,27261297
22.906,open,18849,,8593.523,42.45,2752,0,50.817,12.38,0,4875776,4194304,0,27275777
22.916,open,18858,,8603.849,42.45,2743,0,50.78,12.38,0,4859864,4194304,0,27288809
22.926,open,18864,,8610.843,42.45,2737,0,50.755,12.38,0,4849256,4194304,0,27297497
22.936,open,18873,,8621.449,42.45,2728,0,50.716,12.38,0,4833344,4194304,0,27310529
22.946,open,18882,,8632.152,42.45,2719,0,50.678,12.38,0,4817432,4194304,0,27323561
22.956,open,18891,,8642.916,42.45,2710,0,50.639,12.38,0,4801520,4194304,0,27336593
22.966,open,18897,,8650.116,42.45,2704,0,50.613,12.38,0,4790912,4194304,0,27345281
22.976,open,18906,,8660.946,42.45,2695,0,50.573,12.38,0,4775000,4194304,0,27358313
22.986,open,18915,,8671.798,42.45,2686,0,50.534,12.38,0,4759088,4194304,0,27371345
22.996,open,18924,,8682.667,42.45,2677,0,50.495,12.38,0,4743176,4194304,0,27384377
23.006,open,18930,,8689.919,42.45,2671,0,50.469,12.38,0,4732568,4194304,0,27393065
23.017,open,18939,,8700.795,42.45,2662,0,50.43,12.38,0,4716656,4194304,0,27406097
23.027,open,18948,,8711.679,42.45,2653,0,50.391,12.38,0,4700744,4194304,0,27419129
23.037,open,18957,,8722.57,42.45,2644,0,50.352,12.38,0,4684832,4194304,0,27432161
23.047,open,18966,,8733.463,42.45,2635,0,50.313,12.38,0,4668920,4194304,0,27445193
23.057,open,18972,,8740.73,42.45,2629,0,50.287,12.38,0,4658312,4194304,0,27453881
23.067,open,18981,,8751.621,42.45,2620,0,50.248,12.38,0,4642400,4194304,0,27466913
23.077,open,18990,,8762.521,42.45,2611,0,50.209,12.38,0,4626488,4194304,0,27479945
23.087,open,18999,,8773.422,42.45,2602,0,50.171,12.38,0,4610576,4194304,0,27492977
23.097,open,19005,,8780.689,42.45,2596,0,50.145,12.38,0,4599968,4194304,0,27501665
23.107,open,19014,,8791.591,42.45,2587,0,50.107,12.38,0,4584056,4194304,0,27514697
23.117,open,19024,,8805.945,42.45,2577,0,50.051,12.38,0,4565736,4194304,0,27529177
23.127,open,19030,,8812.677,42.45,2571,0,50.029,12.38,0,4555128,4194304,0,27537865
23.137,open,19039,,8823.0,42.45,2562,0,49.994,12.38,0,4539216,4194304,0,27550897
23.147,open,19048,,8833.514,42.45,2553,0,49.958,12.38,0,4523304,4194304,0,27563929
23.158,open,19057,,8844.156,42.45,2544,0,49.921,12.38,0,4507392,4194304,0,27576961
23.168,open,19063,,8851.302,42.45,2538,0,49.897,12.38,0,4496784,4194304,0,27585649
23.178,open,19072,,8862.064,42.45,2529,0,49.86,12.38,0,4480872,4194304,0,27598681
23.188,open,19081,,8872.87,42.45,2520,0,49.822,12.38,0,4464960,4194304,0,27611713
23.198,open,19090,,8883.707,42.45,2511,0,49.785,12.38,0,4449048,4194304,0,27624745
23.208,open,19099,,8894.566,42.45,2502,0,49.748,12.38,0,4433136,4194304,0,27637777
23.218,open,19105,,8901.813,42.45,2496,0,49.723,12.38,0,4422528,4194304,0,27646465
23.228,open,19114,,8912.689,42.45,2487,0,49.686,12.38,0,4406616,4194304,0,27659497
23.238,open,19123,,8923.569,42.45,2478,0,49.648,12.38,0,4390704,4194304,0,27672529
23.248,open,19132,,8934.457,42.45,2469,0,49.611,12.38,0,4374792,4194304,0,27685561
23.258,open,19138,,8941.717,42.45,2463,0,49.587,12.38,0,4364184,4194304,0,27694249
23.268,open,19147,,8952.611,42.45,2454,0,49.55,12.38,0,4348272,4194304,0,27707281
23.278,open,19156,,8963.508,42.45,2445,0,49.513,12.38,0,4332360,4194304,0,27720313
23.288,open,19165,,8974.4,42.45,2436,0,49.476,12.38,0,4316448,4194304,0,27733345
23.299,open,19171,,8981.663,42.45,2430,0,49.451,12.38,0,4305840,4194304,0,27742033
23.309,open,19180,,8992.558,42.45,2421,0,49.414,12.38,0,4289928,4194304,0,27755065
23.319,open,19189,,9003.456,42.45,2412,0,49.378,12.38,0,4274016,4194304,0,27768097
23.329,open,19198,,9014.355,42.45,2403,0,49.341,12.38,0,4258104,4194304,0,27781129
23.339,open,19205,,9025.082,42.45,2396,0,49.301,12.38,0,4245088,4194304,0,27791265
23.349,open,19214,,9035.231,42.45,2387,0,49.268,12.38,0,4229176,4194304,0,27804297
23.359,open,19223,,9045.638,42.45,2378,0,49.235,12.38,0,4213264,4194304,0,27817329
23.369,open,19232,,9056.21,42.45,2369,0,49.2,12.38,0,4197352,4194304,0,27830361
23.379,open,19238,,9063.326,42.45,2363,0,49.177,12.38,0,4186744,4194304,0,27839049
23.389,open,19247,,9074.054,42.45,2354,0,49.142,12.38,0,4170832,4194304,0,27852081
23.400,open,19256,,9084.831,42.45,2345,0,49.106,12.38,0,4154920,4194304,0,27865113
23.410,open,19265,,9095.651,42.45,2336,0,49.071,12.38,0,4139008,4194304,0,27878145
23.420,open,19271,,9102.887,42.45,2330,0,49.047,12.38,0,4128400,4194304,0,27886833
23.430,open,19280,,9113.743,42.45,2321,0,49.012,12.38,0,4112488,4194304,0,27899865
23.440,open,19289,,9124.615,42.45,2312,0,48.976,12.38,0,4096576,4194304,0,27912897
23.450,open,19298,,9135.491,42.45,2303,0,48.941,12.38,0,4080664,4194304,0,27925929
23.460,open,19307,,9146.373,42.45,2294,0,48.905,12.38,0,4064752,4194304,0,27938961
23.470,open,19313,,9153.632,42.45,2288,0,48.882,12.38,0,4054144,4194304,0,27947649
23.480,open,19322,,9164.524,42.45,2279,0,48.846,12.38,0,4038232,4194304,0,27960681
23.490,open,19331,,9175.418,42.45,2270,0,48.811,12.38,0,4022320,4194304,0,27973713
23.500,open,19337,,9182.679,42.45,2264,0,48.787,12.38,0,4011712,4194304,0,27982401
23.511,open,19347,,9196.5,42.45,2254,0,48.739,12.38,0,3993392,4194304,0,27996881
23.521,open,19356,,9206.822,42.45,2245,0,48.707,12.38,0,3977480,4194304,0,28009913
23.531,open,19365,,9217.335,42.45,2236,0,48.674,12.38,0,3961568,4194304,0,28022945
23.541,open,19371,,9224.418,42.45,2230,0,48.652,12.38,0,3950960,4194304,0,28031633
23.551,open,19380,,9235.118,42.45,2221,0,48.618,12.38,0,3935048,4194304,0,28044665
23.561,open,19389,,9245.883,42.45,2212,0,48.584,12.38,0,3919136,4194304,0,28057697
23.571,open,19398,,9256.696,42.45,2203,0,48.55,12.38,0,3903224,4194304,0,28070729
23.581,open,19407,,9267.533,42.45,2194,0,48.516,12.38,0,3887312,4194304,0,28083761
23.591,open,19413,,9274.772,42.45,2188,0,48.493,12.38,0,3876704,4194304,0,28092449
23.601,open,19422,,9285.643,42.45,2179,0,48.459,12.38,0,3860792,4194304,0,28105481
23.611,open,19431,,9296.52,42.45,2170,0,48.424,12.38,0,3844880,4194304,0,28118513
23.622,open,19440,,9307.4,42.45,2161,0,48.39,12.38,0,3828968,4194304,0,28131545
23.632,open,19449,,9318.293,42.45,2152,0,48.356,12.38,0,3813056,4194304,0,28144577
23.642,open,19455,,9325.553,42.45,2146,0,48.333,12.38,0,3802448,4194304,0,28153265
23.652,open,19464,,9336.454,42.45,2137,0,48.299,12.38,0,3786536,4194304,0,28166297
23.662,open,19473,,9347.345,42.45,2128,0,48.265,12.38,0,3770624,4194304,0,28179329
23.672,open,19482,,9361.423,42.45,2119,0,48.215,12.38,0,3754712,4194304,0,28192361
23.682,open,19488,,9367.935,42.45,2113,0,48.196,12.38,0,3744104,4194304,0,28201049
23.693,open,19497,,9378.022,42.45,2104,0,48.166,12.38,0,3728192,4194304,0,28214081
23.703,open,19506,,9388.376,42.45,2095,0,48.136,12.38,0,3712280,4194304,0,28227113
23.713,open,19515,,9398.91,42.45,2086,0,48.104,12.38,0,3696368,4194304,0,28240145
23.723,open,19522,,9409.393,42.45,2079,0,48.067,12.38,0,3683352,4194304,0,28250281
23.733,open,19531,,9419.38,42.45,2070,0,48.039,12.38,0,3667440,4194304,0,28263313
23.743,open,19540,,9429.668,42.45,2061,0,48.008,12.38,0,3651528,4194304,0,28276345
23.753,open,19549,,9440.157,42.45,2052,0,47.977,12.38,0,3635616,4194304,0,28289377
23.763,open,19555,,9447.228,42.45,2046,0,47.956,12.38,0,3625008,4194304,0,28298065
23.773,open,19564,,9457.918,42.45,2037,0,47.924,12.38,0,3609096,4194304,0,28311097
23.783,open,19573,,9468.671,42.45,2028,0,47.891,12.38,0,3593184,4194304,0,28324129
23.793,open,19582,,9479.473,42.45,2019,0,47.859,12.38,0,3577272,4194304,0,28337161
23.803,open,19588,,9486.693,42.45,2013,0,47.837,12.38,0,3566664,4194304,0,28345849
23.813,open,19597,,9497.544,42.45,2004,0,47.804,12.38,0,3550752,4194304,0,28358881
23.824,open,19606,,9508.41,42.45,1995,0,47.772,12.38,0,3534840,4194304,0,28371913
23.834,open,19615,,9519.284,42.45,1986,0,47.739,12.38,0,3518928,4194304,0,28384945
23.844,open,19624,,9530.164,42.45,1977,0,47.706,12.38,0,3503016,4194304,0,28397977
23.854,open,19630,,9537.421,42.45,1971,0,47.685,12.38,0,3492408,4194304,0,28406665
23.864,open,19639,,9548.311,42.45,1962,0,47.652,12.38,0,3476496,4194304,0,28419697
23.874,open,19648,,9559.205,42.45,1953,0,47.62,12.38,0,3460584,4194304,0,28432729
23.884,open,19657,,9570.099,42.45,1944,0,47.587,12.38,0,3444672,4194304,0,28445761
23.894,open,19663,,9577.359,42.45,1938,0,47.566,12.38,0,3434064,4194304,0,28454449
23.904,open,19672,,9588.253,42.45,1929,0,47.533,12.38,0,3418152,4194304,0,28467481
23.914,open,19681,,9599.148,42.45,1920,0,47.501,12.38,0,3402240,4194304,0,28480513
23.924,open,19690,,9610.046,42.45,1911,0,47.469,12.38,0,3386328,4194304,0,28493545
23.934,open,19696,,9617.313,42.45,1905,0,47.447,12.38,0,3375720,4194304,0,28502233
23.944,open,19706,,9631.405,42.45,1895,0,47.402,12.38,0,3357400,4194304,0,28516713
23.955,open,19715,,9641.644,42.45,1886,0,47.373,12.38,0,3341488,4194304,0,28529745
23.965,open,19721,,9648.6,42.45,1880,0,47.354,12.38,0,3330880,4194304,0,28538433
23.975,open,19730,,9659.161,42.45,1871,0,47.323,12.38,0,3314968,4194304,0,28551465
23.985,open,19739,,9672.568,42.45,1862,0,47.279,12.38,0,3299056,4194304,0,28564497
23.995,open,19748,,9682.41,42.45,1853,0,47.253,12.38,0,3283144,4194304,0,28577529
24.005,open,19757,,9692.596,42.45,1844,0,47.225,12.38,0,3267232,4194304,0,28590561
24.015,open,19763,,9699.524,42.45,1838,0,47.205,12.38,0,3256624,4194304,0,28599249
24.025,open,19772,,9710.058,42.45,1829,0,47.176,12.38,0,3240712,4194304,0,28612281
24.035,open,19781,,9720.715,42.45,1820,0,47.145,12.38,0,3224800,4194304,0,28625313
24.045,open,19790,,9731.463,42.45,1811,0,47.115,12.38,0,3208888,4194304,0,28638345
24.055,open,19796,,9738.659,42.45,1805,0,47.094,12.38,0,3198280,4194304,0,28647033
24.065,open,19805,,9749.484,42.45,1796,0,47.063,12.38,0,3182368,4194304,0,28660065
24.075,open,19814,,9760.334,42.45,1787,0,47.032,12.38,0,3166456,4194304,0,28673097
24.085,open,19823,,9771.197,42.45,1778,0,47.001,12.38,0,3150544,4194304,0,28686129
24.095,open,19829,,9778.439,42.45,1772,0,46.981,12.38,0,3139936,4194304,0,28694817
24.106,open,19838,,9789.311,42.45,1763,0,46.95,12.38,0,3124024,4194304,0,28707849
24.116,open,19847,,9800.188,42.45,1754,0,46.919,12.38,0,3108112,4194304,0,28720881
24.126,open,19856,,9811.073,42.45,1745,0,46.888,12.38,0,3092200,4194304,0,28733913
24.136,open,19865,,9821.965,42.45,1736,0,46.857,12.38,0,3076288,4194304,0,28746945
24.146,open,19871,,9829.227,42.45,1730,0,46.837,12.38,0,3065680,4194304,0,28755633
24.156,open,19880,,9840.122,42.45,1721,0,46.806,12.38,0,3049768,4194304,0,28768665
24.166,open,19890,,9853.952,42.45,1711,0,46.764,12.38,0,3031448,4194304,0,28783145
24.176,open,19896,,9860.812,42.45,1705,0,46.746,12.38,0,3020840,4194304,0,28791833
24.186,open,19905,,9871.274,42.45,1696,0,46.717,12.38,0,3004928,4194304,0,28804865
24.196,open,19914,,9881.888,42.45,1687,0,46.688,12.38,0,2989016,4194304,0,28817897
24.206,open,19923,,9892.598,42.45,1678,0,46.659,12.38,0,2973104,4194304,0,28830929
24.216,open,19929,,9899.768,42.45,1672,0,46.639,12.38,0,2962496,4194304,0,28839617
24.226,open,19938,,9910.554,42.45,1663,0,46.609,12.38,0,2946584,4194304,0,28852649
24.236,open,19947,,9921.379,42.45,1654,0,46.579,12.38,0,2930672,4194304,0,28865681
24.246,open,19956,,9932.228,42.45,1645,0,46.55,12.38,0,2914760,4194304,0,28878713
24.257,open,19962,,9939.472,42.45,1639,0,46.53,12.38,0,2904152,4194304,0,28887401
24.267,open,19971,,9950.347,42.45,1630,0,46.5,12.38,0,2888240,4194304,0,28900433
24.277,open,19980,,9961.224,42.45,1621,0,46.47,12.38,0,2872328,4194304,0,28913465
24.287,open,19989,,9972.109,42.45,1612,0,46.44,12.38,0,2856416,4194304,0,28926497
24.297,open,19998,,9982.999,42.45,1603,0,46.41,12.38,0,2840504,4194304,0,28939529
24.307,open,20004,,9990.267,42.45,1597,0,46.39,12.38,0,2829896,4194304,0,28948217
24.317,open,20013,,10001.173,42.45,1588,0,46.361,12.38,0,2813984,4194304,0,28961249
24.327,open,20022,,10012.063,42.45,1579,0,46.331,12.38,0,2798072,4194304,0,28974281
