t_s,frame_bytes,payload_bytes,gap_us
0.000000,1514,1448,
0.000004,1514,1448,3.8
0.000015,1514,1448,11.0
0.000016,1514,1448,1.2
0.000021,1514,1448,5.0
0.000022,1514,1448,1.2
0.000027,1514,1448,4.8
0.000028,1514,1448,1.2
0.000032,1514,1448,4.3
0.000034,1514,1448,1.2
0.041650,1514,1448,41616.4
0.041654,1514,1448,4.1
0.045180,1514,1448,3526.2
0.045185,1514,1448,4.5
0.051144,1514,1448,5958.8
0.051150,1514,1448,6.4
0.056499,1514,1448,5348.4
0.056514,1514,1448,15.3
0.061120,1514,1448,4606.2
0.061135,1514,1448,15.3
0.065737,1514,1448,4602.0
0.065752,1514,1448,14.8
0.070602,1514,1448,4849.9
0.070616,1514,1448,14.5
0.075012,1514,1448,4395.7
0.075021,1514,1448,9.1
0.079679,1514,1448,4657.3
0.079692,1514,1448,13.6
0.084907,1514,1448,5214.7
0.084919,1514,1448,12.6
0.089542,1514,1448,4622.9
0.089557,1514,1448,14.8
0.093575,1514,1448,4017.8
0.093590,1514,1448,14.8
0.098192,1514,1448,4602.2
0.098197,1514,1448,5.5
0.102845,1514,1448,4648.0
0.102850,1514,1448,4.5
0.107536,1514,1448,4686.1
0.107540,1514,1448,4.1
0.112377,1514,1448,4836.6
0.112386,1514,1448,9.8
0.116747,1514,1448,4360.4
0.116762,1514,1448,15.3
0.121347,1514,1448,4585.0
0.121357,1514,1448,9.8
0.125990,1514,1448,4632.7
0.125994,1514,1448,4.1
0.130623,1514,1448,4629.4
0.130627,1514,1448,4.1
0.135257,1514,1448,4630.3
0.135271,1514,1448,13.6
0.140488,1514,1448,5216.6
0.140503,1514,1448,15.3
0.144531,1514,1448,4028.6
0.144546,1514,1448,14.8
0.149294,1514,1448,4748.1
0.149298,1514,1448,4.1
0.153807,1514,1448,4508.3
0.153812,1514,1448,5.5
0.158432,1514,1448,4620.3
0.158448,1514,1448,15.0
0.163029,1514,1448,4581.5
0.163033,1514,1448,4.3
0.167663,1514,1448,4629.6
0.167667,1514,1448,4.3
0.172356,1514,1448,4689.2
0.172370,1514,1448,14.1
0.176963,1514,1448,4592.4
0.176977,1514,1448,14.5
0.181612,1514,1448,4634.9
0.181623,1514,1448,11.2
0.186214,1514,1448,4591.0
0.186221,1514,1448,6.2
0.190844,1514,1448,4623.2
0.190848,1514,1448,3.8
0.195497,1514,1448,4649.6
0.195512,1514,1448,14.8
0.200145,1514,1448,4632.7
0.200158,1514,1448,12.9
0.204765,1514,1448,4607.4
0.204772,1514,1448,7.4
0.209405,1514,1448,4632.9
0.209410,1514,1448,4.5
0.214122,1514,1448,4712.1
0.214136,1514,1448,14.3
0.218677,1514,1448,4540.2
0.218690,1514,1448,13.1
0.223925,1514,1448,5235.4
0.223941,1514,1448,15.7
0.227953,1514,1448,4012.3
0.227968,1514,1448,15.0
0.232576,1514,1448,4607.4
0.232586,1514,1448,10.0
0.237738,1514,1448,5152.7
0.237754,1514,1448,15.3
0.243019,1514,1448,5265.7
0.243034,1514,1448,14.8
0.246440,1514,1448,3405.6
0.246450,1514,1448,10.0
0.251762,1514,1448,5312.7
0.251778,1514,1448,15.7
0.255747,1514,1448,3968.5
0.255760,1514,1448,13.6
0.260602,1514,1448,4841.3
0.260611,1514,1448,9.5
0.265022,1514,1448,4411.0
0.265037,1514,1448,15.0
0.269630,1514,1448,4593.1
0.269644,1514,1448,14.3
0.274273,1514,1448,4628.9
0.274282,1514,1448,8.8
0.278894,1514,1448,4611.5
0.278911,1514,1448,17.6
0.283527,1514,1448,4615.5
0.283543,1514,1448,16.0
0.288223,1514,1448,4680.4
0.288252,1514,1448,28.8
0.292805,1514,1448,4553.1
0.292814,1514,1448,9.3
0.297424,1514,1448,4609.3
0.297433,1514,1448,9.3
0.302319,1514,1448,4885.9
0.302334,1514,1448,14.8
0.306710,1514,1448,4376.6
0.306722,1514,1448,11.4
0.311416,1514,1448,4694.5
0.311428,1514,1448,11.2
0.316006,1514,1448,4578.1
0.316010,1514,1448,4.1
0.320586,1514,1448,4576.2
0.320590,1514,1448,4.3
0.325235,1514,1448,4644.9
0.325239,1514,1448,3.8
0.329883,1514,1448,4644.2
0.329894,1514,1448,11.0
0.334527,1514,1448,4632.5
0.334542,1514,1448,15.0
0.339162,1514,1448,4620.1
0.339176,1514,1448,14.8
0.343861,1514,1448,4684.7
0.343871,1514,1448,9.8
0.348437,1514,1448,4565.7
0.348441,1514,1448,4.1
0.353042,1514,1448,4601.2
0.353053,1514,1448,10.7
0.357754,1514,1448,4701.9
0.357765,1514,1448,10.3
0.362295,1514,1448,4530.2
0.362299,1514,1448,4.3
0.366938,1514,1448,4638.7
0.366942,1514,1448,4.3
0.371573,1514,1448,4630.6
0.371588,1514,1448,15.0
0.376243,1514,1448,4655.1
0.376257,1514,1448,14.5
0.380828,1514,1448,4571.0
0.380838,1514,1448,9.3
0.385456,1514,1448,4617.9
0.385460,1514,1448,4.1
0.390091,1514,1448,4631.5
0.390096,1514,1448,4.8
0.394726,1514,1448,4630.3
0.394734,1514,1448,7.4
0.399355,1514,1448,4621.3
0.399371,1514,1448,16.2
0.403986,1514,1448,4615.3
0.403998,1514,1448,11.2
0.408607,1514,1448,4609.1
0.408610,1514,1448,2.9
0.413239,1514,1448,4629.9
0.413241,1514,1448,1.9
0.417872,1514,1448,4630.6
0.417873,1514,1448,1.2
0.422505,1514,1448,4632.2
0.422507,1514,1448,1.9
0.427139,1514,1448,4631.8
0.427140,1514,1448,1.4
0.431773,1514,1448,4632.2
0.431774,1514,1448,1.7
0.436406,1514,1448,4632.0
0.436408,1514,1448,1.7
0.441040,1514,1448,4631.8
0.441041,1514,1448,1.4
0.445674,1514,1448,4632.7
0.445675,1514,1448,1.4
0.450307,1514,1448,4632.0
0.450309,1514,1448,1.4
0.454941,1514,1448,4632.2
0.454943,1514,1448,2.1
0.459574,1514,1448,4631.3
0.459576,1514,1448,1.4
0.464208,1514,1448,4631.8
0.464209,1514,1448,1.4
0.468842,1514,1448,4632.5
0.468843,1514,1448,1.4
0.473478,1514,1448,4634.9
0.473480,1514,1448,1.9
0.478108,1514,1448,4628.7
0.478110,1514,1448,1.4
0.482742,1514,1448,4632.5
0.482744,1514,1448,1.4
0.487376,1514,1448,4632.2
0.487377,1514,1448,1.4
0.492010,1514,1448,4632.5
0.492012,1514,1448,1.7
0.496645,1514,1448,4633.9
0.496650,1514,1448,4.3
0.501277,1514,1448,4627.2
0.501279,1514,1448,1.7
0.505914,1514,1448,4635.1
0.505918,1514,1448,3.8
0.510578,1514,1448,4660.8
0.510582,1514,1448,4.1
0.515238,1514,1448,4655.6
0.515253,1514,1448,15.0
0.519845,1514,1448,4591.9
0.519855,1514,1448,9.5
0.524479,1514,1448,4624.8
0.524483,1514,1448,3.8
0.529138,1514,1448,4654.6
0.529153,1514,1448,15.3
0.533766,1514,1448,4612.7
0.533780,1514,1448,14.5
0.538739,1514,1448,4958.6
0.538754,1514,1448,15.0
0.543285,1514,1448,4531.1
0.543300,1514,1448,14.8
0.547671,1514,1448,4370.9
0.547685,1514,1448,14.1
0.552355,1514,1448,4670.4
0.552368,1514,1448,12.9
0.556919,1514,1448,4551.2
0.556927,1514,1448,7.6
0.561532,1514,1448,4605.5
0.561537,1514,1448,4.1
0.566182,1514,1448,4645.1
0.566185,1514,1448,3.8
0.570816,1514,1448,4630.1
0.570819,1514,1448,3.8
0.575449,1514,1448,4629.4
0.575453,1514,1448,4.1
0.580150,1514,1448,4697.1
0.580154,1514,1448,4.3
0.584702,1514,1448,4548.1
0.584708,1514,1448,5.7
0.589347,1514,1448,4639.4
0.589357,1514,1448,10.0
0.593968,1514,1448,4610.8
0.593972,1514,1448,4.3
0.598606,1514,1448,4633.9
0.598610,1514,1448,4.1
0.603276,1514,1448,4665.6
0.603290,1514,1448,14.3
0.607965,1514,1448,4674.4
0.607974,1514,1448,9.1
0.612531,1514,1448,4557.6
0.612547,1514,1448,15.5
0.617165,1514,1448,4618.2
0.617169,1514,1448,4.1
0.621785,1514,1448,4616.0
0.621789,1514,1448,3.8
0.626438,1514,1448,4649.2
0.626451,1514,1448,13.4
0.631046,1514,1448,4594.8
0.631051,1514,1448,4.3
0.635671,1514,1448,4620.1
0.635675,1514,1448,4.3
0.640364,1514,1448,4689.0
0.640368,1514,1448,4.1
0.644995,1514,1448,4627.2
0.645010,1514,1448,14.3
0.649573,1514,1448,4563.8
0.649578,1514,1448,4.8
0.654222,1514,1448,4643.4
0.654226,1514,1448,4.1
0.658855,1514,1448,4629.4
0.658859,1514,1448,4.1
0.663489,1514,1448,4629.6
0.663493,1514,1448,4.1
0.668117,1514,1448,4624.6
0.668129,1514,1448,11.9
0.672738,1514,1448,4608.6
0.672754,1514,1448,16.0
0.677366,1514,1448,4611.7
0.677376,1514,1448,10.5
0.682012,1514,1448,4636.3
0.682027,1514,1448,14.8
0.686621,1514,1448,4594.3
0.686623,1514,1448,1.7
0.691254,1514,1448,4631.3
0.691256,1514,1448,1.4
0.695892,1514,1448,4636.3
0.695896,1514,1448,4.3
0.700522,1514,1448,4625.3
0.700523,1514,1448,1.7
0.705155,1514,1448,4631.5
0.705156,1514,1448,1.4
0.709789,1514,1448,4632.5
0.709790,1514,1448,1.7
0.714423,1514,1448,4632.2
0.714425,1514,1448,1.9
0.719057,1514,1448,4632.7
0.719060,1514,1448,2.9
0.723691,1514,1448,4630.6
0.723692,1514,1448,1.4
0.728323,1514,1448,4630.3
0.728324,1514,1448,1.4
0.732956,1514,1448,4632.5
0.732958,1514,1448,1.4
0.737590,1514,1448,4632.0
0.737591,1514,1448,1.4
0.742224,1514,1448,4633.2
0.742226,1514,1448,1.9
0.746858,1514,1448,4631.5
0.746860,1514,1448,1.7
0.751491,1514,1448,4631.5
0.751493,1514,1448,1.7
0.756124,1514,1448,4631.5
0.756126,1514,1448,1.4
0.760760,1514,1448,4634.1
0.760762,1514,1448,1.9
0.765431,1514,1448,4669.4
0.765446,1514,1448,15.0
0.770570,1514,1448,5123.9
0.770586,1514,1448,15.5
0.774913,1514,1448,4327.5
0.774928,1514,1448,15.0
0.779946,1514,1448,5017.8
0.779962,1514,1448,16.5
0.783978,1514,1448,4015.2
0.783987,1514,1448,9.8
0.788618,1514,1448,4631.0
0.788633,1514,1448,15.0
0.793626,1514,1448,4992.7
0.793636,1514,1448,9.8
0.797886,1514,1448,4250.3
0.797901,1514,1448,14.5
0.802465,1514,1448,4564.8
0.802470,1514,1448,4.5
0.807101,1514,1448,4630.8
0.807107,1514,1448,6.0
0.811729,1514,1448,4622.2
0.811731,1514,1448,1.9
0.816361,1514,1448,4630.6
0.816363,1514,1448,1.7
0.820995,1514,1448,4632.2
0.820997,1514,1448,1.7
0.825629,1514,1448,4631.8
0.825631,1514,1448,1.9
0.830262,1514,1448,4631.8
0.830264,1514,1448,1.2
0.834931,1514,1448,4667.8
0.834935,1514,1448,3.8
0.839566,1514,1448,4630.8
0.839570,1514,1448,3.8
0.844236,1514,1448,4666.6
0.844252,1514,1448,15.3
0.848822,1514,1448,4570.0
0.848832,1514,1448,10.0
0.853466,1514,1448,4633.9
0.853470,1514,1448,4.1
0.858124,1514,1448,4654.4
0.858139,1514,1448,14.8
0.862760,1514,1448,4620.8
0.862775,1514,1448,15.5
0.867369,1514,1448,4594.3
0.867384,1514,1448,14.8
0.872668,1514,1448,5283.4
0.872683,1514,1448,15.5
0.876658,1514,1448,3975.2
0.876673,1514,1448,14.3
0.881276,1514,1448,4603.4
0.881291,1514,1448,14.8
0.885926,1514,1448,4635.8
0.885942,1514,1448,15.0
0.890559,1514,1448,4617.9
0.890574,1514,1448,14.8
0.895153,1514,1448,4578.8
0.895157,1514,1448,4.3
0.899828,1514,1448,4670.9
0.899843,1514,1448,14.5
0.904443,1514,1448,4600.0
0.904458,1514,1448,15.3
0.909069,1514,1448,4611.0
0.909084,1514,1448,15.0
0.913687,1514,1448,4602.4
0.913691,1514,1448,4.1
0.918440,1514,1448,4749.1
0.918444,1514,1448,4.1
0.922976,1514,1448,4532.6
0.922986,1514,1448,9.5
0.927602,1514,1448,4616.5
0.927606,1514,1448,4.1
0.932901,1514,1448,5295.0
0.932929,1514,1448,27.7
0.936868,1514,1448,3939.2
0.936885,1514,1448,16.5
0.941516,1514,1448,4631.0
0.941530,1514,1448,14.5
0.946188,1514,1448,4657.7
0.946203,1514,1448,15.0
0.950787,1514,1448,4583.6
0.950802,1514,1448,15.0
0.955976,1514,1448,5174.6
0.955986,1514,1448,10.3
0.960022,1514,1448,4035.2
0.960038,1514,1448,16.2
0.964698,1514,1448,4659.7
0.964713,1514,1448,15.3
0.969753,1514,1448,5040.4
0.969767,1514,1448,13.8
0.974310,1514,1448,4542.6
0.974325,1514,1448,15.3
0.978905,1514,1448,4579.8
0.978915,1514,1448,10.0
0.983211,1514,1448,4296.1
0.983221,1514,1448,10.0
0.987865,1514,1448,4644.4
0.987880,1514,1448,15.3
0.992748,1514,1448,4867.3
0.992759,1514,1448,10.7
0.997130,1514,1448,4371.9
0.997145,1514,1448,14.5
1.001761,1514,1448,4616.0
1.001771,1514,1448,10.0
1.006526,1514,1448,4754.5
1.006535,1514,1448,9.5
1.011107,1514,1448,4572.2
1.011122,1514,1448,14.8
1.015616,1514,1448,4494.4
1.015626,1514,1448,10.0
1.020623,1514,1448,4996.5
1.020639,1514,1448,16.2
1.025427,1514,1448,4787.7
1.025438,1514,1448,11.0
1.029567,1514,1448,4129.2
1.029582,1514,1448,15.0
1.034461,1514,1448,4878.8
1.034471,1514,1448,9.8
1.039596,1514,1448,5125.3
1.039610,1514,1448,14.3
1.043453,1514,1448,3842.4
1.043462,1514,1448,9.3
1.048076,1514,1448,4614.1
1.048090,1514,1448,14.3
1.052734,1514,1448,4644.2
1.052750,1514,1448,15.5
1.057760,1514,1448,5010.1
1.057769,1514,1448,9.1
1.062011,1514,1448,4242.2
1.062027,1514,1448,15.7
1.066615,1514,1448,4587.9
1.066625,1514,1448,10.0
1.071219,1514,1448,4594.1
1.071228,1514,1448,9.1
1.075966,1514,1448,4738.1
1.075981,1514,1448,14.8
1.080537,1514,1448,4556.2
1.080552,1514,1448,15.0
1.085171,1514,1448,4618.9
1.085186,1514,1448,14.8
1.089787,1514,1448,4601.2
1.089797,1514,1448,10.0
1.094397,1514,1448,4599.6
1.094401,1514,1448,4.3
1.099052,1514,1448,4651.3
1.099062,1514,1448,9.5
1.103680,1514,1448,4618.2
1.103684,1514,1448,3.8
1.108334,1514,1448,4650.4
1.108339,1514,1448,4.5
1.113030,1514,1448,4691.1
1.113034,1514,1448,4.1
1.117629,1514,1448,4595.3
1.117632,1514,1448,3.1
1.122199,1514,1448,4566.4
1.122203,1514,1448,4.3
1.126832,1514,1448,4628.9
1.126836,1514,1448,4.3
1.131448,1514,1448,4611.7
1.131451,1514,1448,3.3
1.136080,1514,1448,4628.7
1.136081,1514,1448,1.4
1.140714,1514,1448,4632.9
1.140717,1514,1448,2.6
1.145347,1514,1448,4630.1
1.145349,1514,1448,1.9
1.149980,1514,1448,4631.5
1.149982,1514,1448,1.4
1.154614,1514,1448,4632.7
1.154616,1514,1448,1.4
1.159249,1514,1448,4632.7
1.159250,1514,1448,1.4
1.163881,1514,1448,4631.0
1.163882,1514,1448,1.2
1.168534,1514,1448,4651.8
1.168538,1514,1448,4.1
1.173173,1514,1448,4634.6
1.173177,1514,1448,4.1
1.177804,1514,1448,4626.8
1.177808,1514,1448,4.1
1.182438,1514,1448,4630.3
1.182444,1514,1448,5.7
1.187050,1514,1448,4606.5
1.187052,1514,1448,1.4
1.191684,1514,1448,4632.0
1.191685,1514,1448,1.4
1.196316,1514,1448,4631.5
1.196318,1514,1448,1.4
1.200952,1514,1448,4634.4
1.200955,1514,1448,2.6
1.205585,1514,1448,4629.6
1.205586,1514,1448,1.7
1.210218,1514,1448,4631.5
1.210219,1514,1448,1.4
1.214851,1514,1448,4631.5
1.214852,1514,1448,1.4
1.219485,1514,1448,4632.7
1.219486,1514,1448,1.2
1.224119,1514,1448,4633.4
1.224122,1514,1448,2.4
1.228752,1514,1448,4629.9
1.228753,1514,1448,1.4
1.233385,1514,1448,4632.0
1.233387,1514,1448,1.4
1.238019,1514,1448,4632.7
1.238021,1514,1448,1.4
1.242652,1514,1448,4631.5
1.242654,1514,1448,1.4
1.247286,1514,1448,4632.2
1.247288,1514,1448,2.1
1.251920,1514,1448,4631.8
1.251921,1514,1448,1.7
1.256553,1514,1448,4631.5
1.256554,1514,1448,1.4
1.261187,1514,1448,4632.5
1.261188,1514,1448,1.4
1.265821,1514,1448,4632.7
1.265822,1514,1448,1.4
1.270454,1514,1448,4632.0
1.270456,1514,1448,1.4
1.275088,1514,1448,4632.0
1.275089,1514,1448,1.4
1.279731,1514,1448,4641.3
1.279739,1514,1448,8.1
1.284360,1514,1448,4621.5
1.284366,1514,1448,5.5
1.288992,1514,1448,4626.0
1.288995,1514,1448,3.6
1.293622,1514,1448,4627.0
1.293624,1514,1448,1.4
1.298256,1514,1448,4632.0
1.298257,1514,1448,1.4
1.302889,1514,1448,4632.2
1.302891,1514,1448,1.7
1.307523,1514,1448,4631.8
1.307524,1514,1448,1.4
1.312158,1514,1448,4633.7
1.312161,1514,1448,3.1
1.316790,1514,1448,4629.4
1.316792,1514,1448,1.4
1.321423,1514,1448,4631.5
1.321425,1514,1448,1.4
1.326058,1514,1448,4632.9
1.326059,1514,1448,1.4
1.330691,1514,1448,4632.2
1.330693,1514,1448,1.4
1.335325,1514,1448,4632.2
1.335326,1514,1448,1.4
1.339958,1514,1448,4631.3
1.339959,1514,1448,1.4
1.344592,1514,1448,4632.7
1.344593,1514,1448,1.4
1.349822,1514,1448,5228.5
1.349837,1514,1448,15.5
1.353882,1514,1448,4044.8
1.353890,1514,1448,7.6
1.359005,1514,1448,5115.3
1.359020,1514,1448,15.5
1.363187,1514,1448,4166.8
1.363203,1514,1448,15.5
1.367823,1514,1448,4619.8
1.367837,1514,1448,14.5
1.372404,1514,1448,4566.4
1.372414,1514,1448,10.5
1.377063,1514,1448,4649.2
1.377068,1514,1448,4.3
1.381681,1514,1448,4613.9
1.381686,1514,1448,4.5
1.386298,1514,1448,4611.7
1.386301,1514,1448,3.3
1.390931,1514,1448,4629.9
1.390934,1514,1448,3.3
1.395562,1514,1448,4628.2
1.395566,1514,1448,3.1
1.400196,1514,1448,4630.3
1.400198,1514,1448,2.4
1.404830,1514,1448,4632.2
1.404833,1514,1448,2.9
1.409464,1514,1448,4630.6
1.409467,1514,1448,2.6
1.414097,1514,1448,4630.8
1.414100,1514,1448,3.1
1.418730,1514,1448,4630.1
1.418733,1514,1448,2.6
1.423365,1514,1448,4632.2
1.423369,1514,1448,3.6
1.427999,1514,1448,4630.1
1.428003,1514,1448,4.1
1.432633,1514,1448,4630.1
1.432637,1514,1448,3.6
1.437268,1514,1448,4630.8
1.437271,1514,1448,3.6
1.441901,1514,1448,4630.1
1.441905,1514,1448,4.3
1.446533,1514,1448,4627.7
1.446536,1514,1448,2.6
1.451166,1514,1448,4630.3
1.451170,1514,1448,3.8
1.455800,1514,1448,4630.3
1.455803,1514,1448,3.1
1.460435,1514,1448,4631.8
1.460438,1514,1448,3.1
1.465069,1514,1448,4631.0
1.465073,1514,1448,3.6
1.469702,1514,1448,4628.7
1.469705,1514,1448,3.6
1.474334,1514,1448,4629.1
1.474338,1514,1448,3.3
1.478968,1514,1448,4630.8
1.478971,1514,1448,3.1
1.483602,1514,1448,4630.3
1.483604,1514,1448,2.4
1.488235,1514,1448,4631.0
1.488239,1514,1448,3.6
1.492870,1514,1448,4631.3
1.492874,1514,1448,4.1
1.497504,1514,1448,4630.1
1.497508,1514,1448,3.6
1.502139,1514,1448,4630.8
1.502142,1514,1448,3.6
1.506774,1514,1448,4631.8
1.506779,1514,1448,5.5
1.511406,1514,1448,4626.3
1.511410,1514,1448,4.1
1.516039,1514,1448,4629.1
1.516043,1514,1448,4.3
1.520673,1514,1448,4629.6
1.520677,1514,1448,3.8
1.525299,1514,1448,4622.7
1.525303,1514,1448,4.1
1.529941,1514,1448,4637.7
1.529947,1514,1448,6.0
1.534573,1514,1448,4626.0
1.534577,1514,1448,4.1
1.539205,1514,1448,4627.5
1.539207,1514,1448,2.9
1.543839,1514,1448,4632.0
1.543842,1514,1448,2.9
1.548473,1514,1448,4630.6
1.548476,1514,1448,3.3
1.553108,1514,1448,4631.8
1.553114,1514,1448,5.7
1.557742,1514,1448,4628.2
1.557746,1514,1448,4.5
1.562394,1514,1448,4647.5
1.562398,1514,1448,3.8
1.567011,1514,1448,4613.6
1.567018,1514,1448,6.2
1.571642,1514,1448,4624.8
1.571647,1514,1448,4.8
1.576275,1514,1448,4627.9
1.576280,1514,1448,4.8
1.580909,1514,1448,4629.6
1.580913,1514,1448,3.6
1.585542,1514,1448,4628.7
1.585546,1514,1448,3.8
1.590176,1514,1448,4630.3
1.590180,1514,1448,4.5
1.594809,1514,1448,4628.9
1.594813,1514,1448,3.6
1.599444,1514,1448,4631.5
1.599448,1514,1448,3.6
1.604075,1514,1448,4627.0
1.604078,1514,1448,2.6
1.608710,1514,1448,4632.0
1.608713,1514,1448,3.1
1.613344,1514,1448,4631.5
1.613348,1514,1448,4.1
1.617995,1514,1448,4646.3
1.618008,1514,1448,13.8
1.622611,1514,1448,4602.9
1.622615,1514,1448,3.3
1.627267,1514,1448,4652.0
1.627280,1514,1448,13.8
1.631877,1514,1448,4596.5
1.631880,1514,1448,2.9
1.636511,1514,1448,4631.5
1.636515,1514,1448,3.6
1.641151,1514,1448,4635.8
1.641158,1514,1448,7.6
1.645783,1514,1448,4625.1
1.645790,1514,1448,6.7
1.650413,1514,1448,4622.5
1.650416,1514,1448,3.6
1.655047,1514,1448,4630.8
1.655050,1514,1448,3.3
1.659681,1514,1448,4630.8
1.659686,1514,1448,4.5
1.664313,1514,1448,4627.2
1.664316,1514,1448,2.9
1.668947,1514,1448,4631.5
1.668950,1514,1448,2.6
1.673580,1514,1448,4629.9
1.673583,1514,1448,3.1
1.678215,1514,1448,4632.5
1.678220,1514,1448,4.5
1.682850,1514,1448,4630.3
1.682854,1514,1448,4.3
1.687481,1514,1448,4627.0
1.687485,1514,1448,3.1
1.692114,1514,1448,4629.9
1.692117,1514,1448,2.4
1.696747,1514,1448,4629.9
1.696749,1514,1448,2.1
1.701380,1514,1448,4631.0
1.701382,1514,1448,2.1
1.706014,1514,1448,4632.0
1.706017,1514,1448,2.9
1.710647,1514,1448,4630.1
1.710650,1514,1448,2.9
1.715282,1514,1448,4632.0
1.715285,1514,1448,2.9
1.719916,1514,1448,4631.8
1.719919,1514,1448,2.6
1.724548,1514,1448,4628.9
1.724550,1514,1448,1.9
1.729183,1514,1448,4633.7
1.729187,1514,1448,3.3
1.733818,1514,1448,4631.0
1.733821,1514,1448,3.6
1.738449,1514,1448,4627.2
1.738451,1514,1448,1.9
1.743082,1514,1448,4631.5
1.743084,1514,1448,2.1
1.747718,1514,1448,4633.4
1.747720,1514,1448,2.9
1.752348,1514,1448,4627.7
1.752350,1514,1448,1.4
1.756982,1514,1448,4632.7
1.756984,1514,1448,1.4
1.761616,1514,1448,4632.5
1.761618,1514,1448,1.4
1.766250,1514,1448,4632.5
1.766252,1514,1448,1.4
1.770900,1514,1448,4648.2
1.770902,1514,1448,1.9
1.775517,1514,1448,4615.1
1.775518,1514,1448,1.4
1.780150,1514,1448,4632.0
1.780152,1514,1448,1.7
1.784785,1514,1448,4632.7
1.784786,1514,1448,1.9
1.789419,1514,1448,4632.2
1.789421,1514,1448,2.6
1.794051,1514,1448,4630.1
1.794053,1514,1448,1.7
1.798685,1514,1448,4631.5
1.798686,1514,1448,1.7
1.803338,1514,1448,4651.5
1.803343,1514,1448,5.0
1.807997,1514,1448,4654.6
1.808024,1514,1448,26.2
1.812602,1514,1448,4577.9
1.812605,1514,1448,3.3
1.817245,1514,1448,4640.1
1.817260,1514,1448,14.8
1.821853,1514,1448,4593.6
1.821855,1514,1448,1.4
1.826488,1514,1448,4632.7
1.826489,1514,1448,1.4
1.831120,1514,1448,4631.0
1.831121,1514,1448,1.4
1.835754,1514,1448,4632.9
1.835757,1514,1448,2.1
1.840387,1514,1448,4630.6
1.840389,1514,1448,1.7
1.845021,1514,1448,4632.2
1.845022,1514,1448,1.2
1.849654,1514,1448,4632.2
1.849656,1514,1448,1.4
1.854292,1514,1448,4636.3
1.854298,1514,1448,5.7
1.858927,1514,1448,4628.9
1.858932,1514,1448,4.8
1.863557,1514,1448,4625.1
1.863559,1514,1448,2.6
1.868189,1514,1448,4629.4
1.868190,1514,1448,1.7
1.872823,1514,1448,4632.2
1.872824,1514,1448,1.4
1.877457,1514,1448,4632.7
1.877459,1514,1448,2.1
1.882089,1514,1448,4630.6
1.882091,1514,1448,1.7
1.886722,1514,1448,4631.3
1.886724,1514,1448,1.4
1.891357,1514,1448,4633.7
1.891359,1514,1448,1.7
1.895990,1514,1448,4630.6
1.895991,1514,1448,1.4
1.900624,1514,1448,4633.2
1.900626,1514,1448,1.9
1.905257,1514,1448,4631.0
1.905259,1514,1448,1.4
1.909891,1514,1448,4632.7
1.909893,1514,1448,1.7
1.914524,1514,1448,4631.3
1.914526,1514,1448,1.7
1.919159,1514,1448,4632.7
1.919160,1514,1448,1.4
1.923791,1514,1448,4631.3
1.923793,1514,1448,1.9
1.928425,1514,1448,4631.5
1.928427,1514,1448,1.7
1.933059,1514,1448,4632.2
1.933060,1514,1448,1.4
1.937693,1514,1448,4632.5
1.937694,1514,1448,1.2
1.942329,1514,1448,4634.9
1.942332,1514,1448,2.9
1.946959,1514,1448,4627.7
1.946961,1514,1448,1.4
1.951593,1514,1448,4632.5
1.951594,1514,1448,1.2
1.956227,1514,1448,4632.5
1.956228,1514,1448,1.4
1.960861,1514,1448,4632.5
1.960862,1514,1448,1.7
1.965495,1514,1448,4632.7
1.965497,1514,1448,2.1
1.970128,1514,1448,4630.8
1.970129,1514,1448,1.4
1.974761,1514,1448,4631.8
1.974763,1514,1448,1.4
1.979394,1514,1448,4631.8
1.979396,1514,1448,1.4
1.984029,1514,1448,4633.2
1.984030,1514,1448,1.4
1.988662,1514,1448,4631.5
1.988664,1514,1448,1.9
1.993294,1514,1448,4629.9
1.993295,1514,1448,1.4
1.997929,1514,1448,4633.9
1.997931,1514,1448,1.7
2.002563,1514,1448,4631.8
2.002564,1514,1448,1.4
2.007196,1514,1448,4632.5
2.007198,1514,1448,1.9
2.011830,1514,1448,4631.5
2.011831,1514,1448,1.4
2.016464,1514,1448,4632.5
2.016465,1514,1448,1.7
2.021097,1514,1448,4632.0
2.021099,1514,1448,1.4
2.025735,1514,1448,4636.5
2.025737,1514,1448,1.7
2.030365,1514,1448,4627.7
2.030367,1514,1448,1.9
2.034998,1514,1448,4631.3
2.034999,1514,1448,1.4
2.039631,1514,1448,4632.0
2.039633,1514,1448,1.4
2.044266,1514,1448,4632.7
2.044267,1514,1448,1.4
2.048899,1514,1448,4631.8
2.048900,1514,1448,1.2
2.053533,1514,1448,4632.7
2.053534,1514,1448,1.4
2.058167,1514,1448,4633.2
2.058169,1514,1448,1.7
2.062800,1514,1448,4630.8
2.062801,1514,1448,1.4
2.067433,1514,1448,4632.2
2.067435,1514,1448,1.4
2.072067,1514,1448,4632.7
2.072069,1514,1448,1.7
2.076701,1514,1448,4631.5
2.076702,1514,1448,1.2
2.081334,1514,1448,4632.5
2.081336,1514,1448,1.4
2.085968,1514,1448,4632.0
2.085969,1514,1448,1.4
2.090601,1514,1448,4631.8
2.090602,1514,1448,1.4
2.095235,1514,1448,4632.5
2.095237,1514,1448,1.7
2.099868,1514,1448,4631.8
2.099870,1514,1448,1.4
2.104502,1514,1448,4632.0
2.104503,1514,1448,1.4
2.109136,1514,1448,4632.7
2.109137,1514,1448,1.4
2.113770,1514,1448,4632.5
2.113771,1514,1448,1.4
2.118402,1514,1448,4631.3
2.118404,1514,1448,1.7
2.123037,1514,1448,4632.5
2.123038,1514,1448,1.7
2.127670,1514,1448,4631.5
2.127671,1514,1448,1.4
2.132295,1514,1448,4623.7
2.132296,1514,1448,1.4
2.136938,1514,1448,4641.5
2.136940,1514,1448,1.9
2.141571,1514,1448,4630.8
2.141572,1514,1448,1.4
2.146204,1514,1448,4632.2
2.146206,1514,1448,1.4
2.150838,1514,1448,4632.7
2.150840,1514,1448,1.7
2.155471,1514,1448,4631.3
2.155473,1514,1448,1.4
2.160105,1514,1448,4632.5
2.160107,1514,1448,1.4
2.164739,1514,1448,4632.0
2.164740,1514,1448,1.4
2.169373,1514,1448,4632.5
2.169374,1514,1448,1.4
2.174006,1514,1448,4631.8
2.174007,1514,1448,1.4
2.178639,1514,1448,4632.2
2.178641,1514,1448,1.7
2.183273,1514,1448,4632.2
2.183275,1514,1448,1.4
2.187907,1514,1448,4632.2
2.187908,1514,1448,1.4
2.192540,1514,1448,4632.0
2.192542,1514,1448,1.4
2.197174,1514,1448,4632.2
2.197176,1514,1448,1.4
2.201808,1514,1448,4632.5
2.201810,1514,1448,1.7
2.206441,1514,1448,4631.3
2.206442,1514,1448,1.4
2.211075,1514,1448,4632.5
2.211076,1514,1448,1.4
2.215708,1514,1448,4631.8
2.215709,1514,1448,1.4
2.220342,1514,1448,4632.9
2.220344,1514,1448,1.7
2.224975,1514,1448,4631.3
2.224977,1514,1448,1.4
2.229609,1514,1448,4632.2
2.229610,1514,1448,1.2
2.234243,1514,1448,4632.7
2.234244,1514,1448,1.4
2.238877,1514,1448,4632.2
2.238878,1514,1448,1.4
2.243510,1514,1448,4632.5
2.243512,1514,1448,1.7
2.248143,1514,1448,4631.3
2.248145,1514,1448,1.2
2.252777,1514,1448,4632.7
2.252779,1514,1448,1.4
2.257411,1514,1448,4632.0
2.257412,1514,1448,1.4
2.262045,1514,1448,4632.5
2.262046,1514,1448,1.4
2.266678,1514,1448,4631.8
2.266680,1514,1448,1.7
2.271311,1514,1448,4631.5
2.271312,1514,1448,1.4
2.275945,1514,1448,4632.7
2.275946,1514,1448,1.2
2.280588,1514,1448,4641.8
2.280596,1514,1448,7.4
2.285222,1514,1448,4626.3
2.285228,1514,1448,6.0
2.289850,1514,1448,4621.7
2.289853,1514,1448,3.6
2.294480,1514,1448,4627.0
2.294482,1514,1448,1.4
2.299113,1514,1448,4631.8
2.299115,1514,1448,1.7
2.303746,1514,1448,4631.5
2.303748,1514,1448,1.4
2.308381,1514,1448,4633.4
2.308383,1514,1448,1.9
2.313015,1514,1448,4631.5
2.313016,1514,1448,1.4
2.317648,1514,1448,4631.8
2.317649,1514,1448,1.2
2.322281,1514,1448,4632.0
2.322283,1514,1448,1.7
2.326919,1514,1448,4636.5
2.326924,1514,1448,4.8
2.331549,1514,1448,4625.3
2.331551,1514,1448,1.7
2.336183,1514,1448,4631.5
2.336184,1514,1448,1.4
2.340816,1514,1448,4631.5
2.340817,1514,1448,1.4
2.345449,1514,1448,4632.2
2.345451,1514,1448,1.4
2.350082,1514,1448,4631.8
2.350084,1514,1448,1.4
2.354717,1514,1448,4633.2
2.354719,1514,1448,1.7
2.359349,1514,1448,4630.8
2.359351,1514,1448,1.4
2.363984,1514,1448,4632.9
2.363985,1514,1448,1.4
2.368618,1514,1448,4632.7
2.368620,1514,1448,1.7
2.373251,1514,1448,4631.0
2.373252,1514,1448,1.2
2.377889,1514,1448,4637.0
2.377894,1514,1448,5.2
2.382519,1514,1448,4624.4
2.382520,1514,1448,1.7
2.387152,1514,1448,4631.8
2.387153,1514,1448,1.4
2.391786,1514,1448,4632.5
2.391787,1514,1448,1.4
2.396427,1514,1448,4639.4
2.396433,1514,1448,6.2
2.401055,1514,1448,4621.7
2.401058,1514,1448,3.3
2.405687,1514,1448,4628.7
2.405688,1514,1448,1.7
2.410320,1514,1448,4631.3
2.410321,1514,1448,1.4
2.414953,1514,1448,4632.2
2.414955,1514,1448,1.4
2.419587,1514,1448,4632.7
2.419589,1514,1448,1.7
2.424220,1514,1448,4631.3
2.424222,1514,1448,1.7
2.428854,1514,1448,4631.8
2.428855,1514,1448,1.7
2.433488,1514,1448,4632.7
2.433490,1514,1448,1.4
2.438121,1514,1448,4631.8
2.438123,1514,1448,1.4
2.442755,1514,1448,4631.8
2.442756,1514,1448,1.4
2.447388,1514,1448,4632.5
2.447390,1514,1448,1.4
2.452022,1514,1448,4632.5
2.452024,1514,1448,1.2
2.456656,1514,1448,4632.2
2.456657,1514,1448,1.4
2.461289,1514,1448,4632.0
2.461291,1514,1448,1.7
2.465924,1514,1448,4633.2
2.465926,1514,1448,1.9
2.470557,1514,1448,4631.0
2.470558,1514,1448,1.2
2.475190,1514,1448,4631.5
2.475191,1514,1448,1.4
2.479826,1514,1448,4634.9
2.479829,1514,1448,3.3
2.484458,1514,1448,4628.7
2.484460,1514,1448,1.7
2.489091,1514,1448,4631.3
2.489092,1514,1448,1.4
2.493726,1514,1448,4633.2
2.493727,1514,1448,1.2
2.498358,1514,1448,4631.0
2.498359,1514,1448,1.4
2.502992,1514,1448,4633.2
2.502994,1514,1448,1.7
2.507660,1514,1448,4666.3
2.507664,1514,1448,4.1
2.512380,1514,1448,4715.9
2.512385,1514,1448,4.8
2.516980,1514,1448,4595.0
2.516984,1514,1448,4.1
2.521530,1514,1448,4545.5
2.521534,1514,1448,4.1
2.526162,1514,1448,4627.9
2.526165,1514,1448,3.3
2.530797,1514,1448,4632.0
2.530801,1514,1448,3.8
2.535462,1514,1448,4661.3
2.535466,1514,1448,4.3
2.540109,1514,1448,4642.2
2.540121,1514,1448,12.2
2.544729,1514,1448,4608.4
2.544734,1514,1448,5.0
2.549399,1514,1448,4664.9
2.549403,1514,1448,4.3
2.554041,1514,1448,4637.5
2.554052,1514,1448,11.0
2.558630,1514,1448,4577.9
2.558634,1514,1448,4.1
2.563247,1514,1448,4613.2
2.563251,1514,1448,4.1
2.567894,1514,1448,4643.2
2.567898,1514,1448,4.1
2.572524,1514,1448,4625.6
2.572528,1514,1448,4.1
2.577701,1514,1448,5173.2
2.577717,1514,1448,15.7
2.581935,1514,1448,4218.3
2.581946,1514,1448,10.7
2.586422,1514,1448,4476.5
2.586432,1514,1448,9.1
2.591061,1514,1448,4629.6
2.591074,1514,1448,13.4
2.595721,1514,1448,4646.5
2.595736,1514,1448,15.0
2.600564,1514,1448,4828.5
2.600573,1514,1448,8.6
2.604991,1514,1448,4418.4
2.605007,1514,1448,15.3
2.609608,1514,1448,4601.0
2.609617,1514,1448,9.5
2.614223,1514,1448,4606.0
2.614233,1514,1448,9.8
2.618893,1514,1448,4660.4
2.618908,1514,1448,14.5
2.623522,1514,1448,4614.1
2.623536,1514,1448,13.8
2.628141,1514,1448,4604.8
2.628151,1514,1448,10.3
2.632792,1514,1448,4641.3
2.632807,1514,1448,15.0
2.637388,1514,1448,4581.0
2.637395,1514,1448,6.4
2.642587,1514,1448,5192.8
2.642603,1514,1448,15.7
2.646721,1514,1448,4117.5
2.646735,1514,1448,14.8
2.651283,1514,1448,4547.8
2.651301,1514,1448,18.1
2.655944,1514,1448,4642.2
2.655955,1514,1448,11.2
2.660570,1514,1448,4615.1
2.660574,1514,1448,4.1
2.665187,1514,1448,4612.9
2.665191,1514,1448,4.1
2.669844,1514,1448,4653.0
2.669853,1514,1448,9.5
2.674495,1514,1448,4641.1
2.674509,1514,1448,14.8
2.679103,1514,1448,4594.1
2.679117,1514,1448,13.6
2.683706,1514,1448,4589.3
2.683712,1514,1448,5.7
2.688341,1514,1448,4629.4
2.688346,1514,1448,4.5
2.692972,1514,1448,4626.5
2.692976,1514,1448,3.6
2.697604,1514,1448,4627.7
2.697605,1514,1448,1.7
2.702239,1514,1448,4633.2
2.702241,1514,1448,2.9
2.706871,1514,1448,4629.4
2.706872,1514,1448,1.4
2.711504,1514,1448,4632.0
2.711506,1514,1448,1.4
2.716137,1514,1448,4631.8
2.716139,1514,1448,1.4
2.720822,1514,1448,4683.5
2.720827,1514,1448,4.8
2.725424,1514,1448,4596.7
2.725428,1514,1448,4.1
2.730057,1514,1448,4629.4
2.730061,1514,1448,4.1
2.734690,1514,1448,4628.9
2.734694,1514,1448,4.1
2.739324,1514,1448,4629.9
2.739329,1514,1448,4.5
2.744318,1514,1448,4988.9
2.744333,1514,1448,15.5
2.748598,1514,1448,4265.3
2.748609,1514,1448,10.3
2.753254,1514,1448,4645.1
2.753265,1514,1448,11.2
2.757876,1514,1448,4611.0
2.757891,1514,1448,15.3
2.762512,1514,1448,4620.6
2.762516,1514,1448,4.8
2.767127,1514,1448,4610.3
2.767131,1514,1448,3.8
2.771802,1514,1448,4671.6
2.771817,1514,1448,15.0
2.776877,1514,1448,5059.7
2.776892,1514,1448,15.3
2.781047,1514,1448,4155.2
2.781057,1514,1448,9.3
2.785753,1514,1448,4696.1
2.785757,1514,1448,4.1
2.790303,1514,1448,4546.4
2.790313,1514,1448,9.3
2.795462,1514,1448,5149.8
2.795473,1514,1448,10.7
2.799905,1514,1448,4432.0
2.799915,1514,1448,9.8
2.804566,1514,1448,4651.1
2.804581,1514,1448,15.5
2.808819,1514,1448,4237.7
2.808829,1514,1448,9.5
2.813445,1514,1448,4616.3
2.813449,1514,1448,3.8
2.818077,1514,1448,4627.9
2.818078,1514,1448,1.4
2.822711,1514,1448,4632.5
2.822712,1514,1448,1.4
2.827344,1514,1448,4632.5
2.827346,1514,1448,1.4
2.831977,1514,1448,4631.3
2.831979,1514,1448,1.7
2.836611,1514,1448,4632.2
2.836613,1514,1448,1.9
2.841245,1514,1448,4631.8
2.841246,1514,1448,1.4
2.845878,1514,1448,4631.5
2.845879,1514,1448,1.4
2.850512,1514,1448,4632.7
2.850513,1514,1448,1.4
2.855145,1514,1448,4632.2
2.855147,1514,1448,1.7
2.859779,1514,1448,4631.8
2.859780,1514,1448,1.4
2.864413,1514,1448,4632.7
2.864414,1514,1448,1.4
2.869046,1514,1448,4631.8
2.869048,1514,1448,1.4
2.873679,1514,1448,4631.5
2.873681,1514,1448,1.4
2.878314,1514,1448,4633.2
2.878316,1514,1448,1.9
2.882947,1514,1448,4631.0
2.882948,1514,1448,1.4
2.887581,1514,1448,4632.5
2.887582,1514,1448,1.7
2.892214,1514,1448,4631.8
2.892216,1514,1448,1.7
2.896847,1514,1448,4631.8
2.896849,1514,1448,1.7
2.901481,1514,1448,4632.2
2.901483,1514,1448,1.7
2.906115,1514,1448,4631.8
2.906116,1514,1448,1.4
2.910748,1514,1448,4632.0
2.910750,1514,1448,1.7
2.915385,1514,1448,4634.6
2.915388,1514,1448,3.1
2.920026,1514,1448,4638.4
2.920034,1514,1448,8.3
2.924658,1514,1448,4623.2
2.924664,1514,1448,6.0
2.929287,1514,1448,4623.2
2.929290,1514,1448,3.3
2.933917,1514,1448,4626.8
2.933918,1514,1448,1.4
2.938552,1514,1448,4633.7
2.938554,1514,1448,1.7
2.943185,1514,1448,4631.0
2.943187,1514,1448,1.9
2.947817,1514,1448,4630.8
2.947819,1514,1448,1.4
2.952451,1514,1448,4632.5
2.952453,1514,1448,1.4
2.957086,1514,1448,4632.9
2.957087,1514,1448,1.7
2.961724,1514,1448,4636.8
2.961730,1514,1448,6.4
2.966356,1514,1448,4625.1
2.966359,1514,1448,3.8
2.970991,1514,1448,4631.8
2.970996,1514,1448,4.8
2.975623,1514,1448,4627.2
2.975627,1514,1448,4.1
2.980256,1514,1448,4628.7
2.980259,1514,1448,3.1
2.984887,1514,1448,4627.9
2.984889,1514,1448,1.7
2.989521,1514,1448,4632.2
2.989523,1514,1448,2.6
2.994154,1514,1448,4631.0
2.994156,1514,1448,1.7
2.998787,1514,1448,4631.0
2.998789,1514,1448,1.9
3.003422,1514,1448,4632.5
3.003423,1514,1448,1.7
3.008055,1514,1448,4631.5
3.008056,1514,1448,1.7
3.012688,1514,1448,4632.0
3.012690,1514,1448,1.4
3.017322,1514,1448,4632.5
3.017324,1514,1448,1.7
3.021956,1514,1448,4632.0
3.021959,1514,1448,2.6
3.026589,1514,1448,4630.8
3.026591,1514,1448,1.7
3.031223,1514,1448,4631.8
3.031225,1514,1448,2.4
3.035857,1514,1448,4631.5
3.035860,1514,1448,2.9
3.040489,1514,1448,4629.9
3.040491,1514,1448,1.4
3.045123,1514,1448,4631.8
3.045124,1514,1448,1.7
3.049841,1514,1448,4717.1
3.049846,1514,1448,5.0
3.054409,1514,1448,4562.6
3.054413,1514,1448,3.8
3.059059,1514,1448,4646.3
3.059063,1514,1448,4.1
3.063658,1514,1448,4594.8
3.063661,1514,1448,2.6
3.068291,1514,1448,4630.8
3.068293,1514,1448,1.7
3.072924,1514,1448,4631.0
3.072926,1514,1448,1.4
3.077559,1514,1448,4632.9
3.077560,1514,1448,1.4
3.082254,1514,1448,4694.2
3.082258,1514,1448,3.8
3.086861,1514,1448,4602.9
3.086865,1514,1448,3.8
3.091495,1514,1448,4630.6
3.091500,1514,1448,4.3
3.096119,1514,1448,4619.1
3.096128,1514,1448,9.8
3.100788,1514,1448,4659.7
3.100803,1514,1448,14.5
3.105397,1514,1448,4594.6
3.105414,1514,1448,16.5
3.110075,1514,1448,4661.6
3.110085,1514,1448,10.3
3.114668,1514,1448,4582.6
3.114677,1514,1448,9.1
3.119469,1514,1448,4792.0
3.119480,1514,1448,10.5
3.124016,1514,1448,4535.9
3.124026,1514,1448,10.7
3.128563,1514,1448,4536.4
3.128567,1514,1448,3.8
3.133196,1514,1448,4629.1
3.133200,1514,1448,4.1
3.137813,1514,1448,4613.6
3.137817,1514,1448,4.1
3.142465,1514,1448,4648.0
3.142471,1514,1448,6.0
3.147087,1514,1448,4615.5
3.147096,1514,1448,9.3
3.151700,1514,1448,4603.9
3.151705,1514,1448,4.5
3.156330,1514,1448,4625.3
3.156332,1514,1448,2.1
3.160964,1514,1448,4631.8
3.160966,1514,1448,1.9
3.165597,1514,1448,4631.0
3.165599,1514,1448,2.1
3.170231,1514,1448,4632.0
3.170233,1514,1448,2.1
3.174863,1514,1448,4630.3
3.174865,1514,1448,1.4
3.179497,1514,1448,4632.7
3.179499,1514,1448,1.7
3.184132,1514,1448,4632.9
3.184134,1514,1448,1.9
3.188764,1514,1448,4630.1
3.188766,1514,1448,1.4
3.193398,1514,1448,4632.9
3.193400,1514,1448,1.7
3.198032,1514,1448,4632.2
3.198034,1514,1448,1.9
3.202666,1514,1448,4631.5
3.202667,1514,1448,1.4
3.207295,1514,1448,4627.7
3.207297,1514,1448,1.9
3.211934,1514,1448,4636.8
3.211936,1514,1448,1.9
3.216566,1514,1448,4630.6
3.216568,1514,1448,1.7
3.221200,1514,1448,4632.0
3.221202,1514,1448,1.9
3.225833,1514,1448,4631.3
3.225834,1514,1448,1.4
3.230467,1514,1448,4632.5
3.230468,1514,1448,1.4
3.235101,1514,1448,4632.2
3.235102,1514,1448,1.4
3.239734,1514,1448,4632.0
3.239736,1514,1448,1.7
3.244368,1514,1448,4632.0
3.244369,1514,1448,1.4
3.249002,1514,1448,4633.2
3.249004,1514,1448,1.9
3.253635,1514,1448,4630.6
3.253636,1514,1448,1.4
3.258268,1514,1448,4632.2
3.258270,1514,1448,1.4
3.262902,1514,1448,4631.8
3.262903,1514,1448,1.4
3.267536,1514,1448,4632.9
3.267537,1514,1448,1.4
3.272169,1514,1448,4631.8
3.272171,1514,1448,1.4
3.276805,1514,1448,4634.9
3.276809,1514,1448,3.3
3.281439,1514,1448,4630.6
3.281443,1514,1448,3.8
3.286078,1514,1448,4635.3
3.286085,1514,1448,6.9
3.290705,1514,1448,4619.6
3.290707,1514,1448,2.4
3.295337,1514,1448,4630.1
3.295339,1514,1448,1.9
3.299971,1514,1448,4631.3
3.299972,1514,1448,1.7
3.304605,1514,1448,4632.7
3.304606,1514,1448,1.2
3.309238,1514,1448,4631.8
3.309240,1514,1448,1.9
3.313872,1514,1448,4632.0
3.313874,1514,1448,2.6
3.318506,1514,1448,4631.0
3.318507,1514,1448,1.7
3.323140,1514,1448,4632.7
3.323142,1514,1448,2.1
3.327773,1514,1448,4630.8
3.327775,1514,1448,2.4
3.332407,1514,1448,4632.0
3.332409,1514,1448,1.7
3.337042,1514,1448,4633.2
3.337046,1514,1448,3.6
3.341674,1514,1448,4628.2
3.341675,1514,1448,1.4
3.346307,1514,1448,4631.5
3.346308,1514,1448,1.4
3.350940,1514,1448,4632.0
3.350942,1514,1448,1.4
3.355577,1514,1448,4635.6
3.355580,1514,1448,2.9
3.360209,1514,1448,4629.4
3.360214,1514,1448,5.0
3.364841,1514,1448,4627.0
3.364843,1514,1448,1.7
3.369475,1514,1448,4632.0
3.369477,1514,1448,1.4
3.374109,1514,1448,4632.0
3.374110,1514,1448,1.7
3.378743,1514,1448,4632.7
3.378746,1514,1448,2.9
3.383376,1514,1448,4630.3
3.383378,1514,1448,2.1
3.388015,1514,1448,4636.3
3.388018,1514,1448,3.6
3.392645,1514,1448,4627.2
3.392649,1514,1448,3.3
3.397279,1514,1448,4629.9
3.397281,1514,1448,2.4
3.401911,1514,1448,4630.1
3.401914,1514,1448,2.9
3.406545,1514,1448,4631.5
3.406548,1514,1448,2.9
3.411180,1514,1448,4631.3
3.411182,1514,1448,2.6
3.415812,1514,1448,4630.3
3.415815,1514,1448,2.6
3.420447,1514,1448,4631.5
3.420450,1514,1448,3.1
3.425079,1514,1448,4629.4
3.425082,1514,1448,3.1
3.429714,1514,1448,4631.5
3.429717,1514,1448,2.9
3.434347,1514,1448,4630.6
3.434351,1514,1448,3.6
3.438981,1514,1448,4629.9
3.438984,1514,1448,3.1
3.443614,1514,1448,4630.3
3.443617,1514,1448,2.9
3.448247,1514,1448,4630.1
3.448249,1514,1448,2.4
3.452881,1514,1448,4631.5
3.452883,1514,1448,2.6
3.457516,1514,1448,4632.7
3.457519,1514,1448,2.4
3.462150,1514,1448,4631.3
3.462152,1514,1448,2.6
3.466783,1514,1448,4630.1
3.466786,1514,1448,3.3
3.471416,1514,1448,4630.1
3.471419,1514,1448,2.9
3.476050,1514,1448,4631.0
3.476052,1514,1448,2.4
3.480683,1514,1448,4630.8
3.480685,1514,1448,2.4
3.485316,1514,1448,4630.8
3.485319,1514,1448,2.6
3.489951,1514,1448,4631.8
3.489955,1514,1448,4.3
3.494585,1514,1448,4630.1
3.494589,1514,1448,4.1
3.499220,1514,1448,4630.8
3.499224,1514,1448,3.8
3.503853,1514,1448,4628.9
3.503856,1514,1448,3.8
3.508489,1514,1448,4632.2
3.508494,1514,1448,5.0
3.513121,1514,1448,4627.0
3.513125,1514,1448,4.3
3.517753,1514,1448,4628.4
3.517758,1514,1448,4.3
3.522388,1514,1448,4629.9
3.522391,1514,1448,3.8
3.527024,1514,1448,4632.7
3.527028,1514,1448,4.1
3.531655,1514,1448,4626.8
3.531660,1514,1448,4.8
3.536289,1514,1448,4629.6
3.536293,1514,1448,4.1
3.540920,1514,1448,4626.5
3.540922,1514,1448,2.4
3.545555,1514,1448,4632.7
3.545557,1514,1448,2.6
3.550189,1514,1448,4631.0
3.550193,1514,1448,4.5
3.554822,1514,1448,4628.9
3.554826,1514,1448,3.8
3.559455,1514,1448,4629.1
3.559459,1514,1448,3.8
3.564089,1514,1448,4630.3
3.564092,1514,1448,2.9
3.568722,1514,1448,4630.6
3.568726,1514,1448,3.6
3.573357,1514,1448,4630.6
3.573360,1514,1448,3.1
3.577990,1514,1448,4630.1
3.577993,1514,1448,2.9
3.582624,1514,1448,4631.3
3.582628,1514,1448,3.6
3.587257,1514,1448,4629.1
3.587260,1514,1448,3.6
3.591892,1514,1448,4631.8
3.591896,1514,1448,3.8
3.596524,1514,1448,4627.9
3.596527,1514,1448,3.3
3.601156,1514,1448,4628.4
3.601157,1514,1448,1.7
3.605798,1514,1448,4640.8
3.605800,1514,1448,2.4
3.610423,1514,1448,4622.9
3.610426,1514,1448,2.6
3.615057,1514,1448,4630.8
3.615058,1514,1448,1.4
3.619692,1514,1448,4633.4
3.619695,1514,1448,3.6
3.624323,1514,1448,4627.9
3.624325,1514,1448,1.7
3.628957,1514,1448,4632.0
3.628959,1514,1448,1.9
3.633591,1514,1448,4632.7
3.633594,1514,1448,2.1
3.638226,1514,1448,4632.2
3.638229,1514,1448,3.1
3.642858,1514,1448,4629.4
3.642860,1514,1448,1.9
3.647495,1514,1448,4634.6
3.647498,1514,1448,3.6
3.652128,1514,1448,4629.4
3.652131,1514,1448,3.6
3.656760,1514,1448,4628.2
3.656763,1514,1448,3.1
3.661394,1514,1448,4631.0
3.661399,1514,1448,5.0
3.666028,1514,1448,4629.9
3.666033,1514,1448,4.5
3.670663,1514,1448,4630.3
3.670668,1514,1448,4.8
3.675297,1514,1448,4628.7
3.675301,1514,1448,4.3
3.679928,1514,1448,4627.0
3.679930,1514,1448,2.1
3.684562,1514,1448,4631.5
3.684565,1514,1448,3.1
3.689194,1514,1448,4629.6
3.689197,1514,1448,2.6
3.693828,1514,1448,4631.3
3.693831,1514,1448,2.9
3.698460,1514,1448,4629.1
3.698462,1514,1448,1.4
3.703096,1514,1448,4634.4
3.703099,1514,1448,2.4
3.707733,1514,1448,4634.9
3.707739,1514,1448,5.7
3.712363,1514,1448,4624.1
3.712365,1514,1448,2.1
3.716997,1514,1448,4631.5
3.717000,1514,1448,3.1
3.721633,1514,1448,4632.9
3.721637,1514,1448,4.5
3.726267,1514,1448,4629.4
3.726271,1514,1448,4.3
3.730896,1514,1448,4625.1
3.730898,1514,1448,1.4
3.735530,1514,1448,4632.5
3.735532,1514,1448,1.4
3.740164,1514,1448,4632.5
3.740166,1514,1448,1.9
3.744797,1514,1448,4630.8
3.744798,1514,1448,1.4
3.749431,1514,1448,4632.5
3.749433,1514,1448,1.9
3.754064,1514,1448,4631.5
3.754066,1514,1448,1.4
3.758697,1514,1448,4631.8
3.758699,1514,1448,1.4
3.763332,1514,1448,4633.2
3.763333,1514,1448,1.4
3.767965,1514,1448,4631.8
3.767967,1514,1448,1.9
3.772598,1514,1448,4631.3
3.772600,1514,1448,1.7
3.777231,1514,1448,4631.5
3.777233,1514,1448,1.4
3.781866,1514,1448,4632.7
3.781867,1514,1448,1.7
3.786499,1514,1448,4632.0
3.786501,1514,1448,1.4
3.791136,1514,1448,4635.1
3.791139,1514,1448,2.9
3.795767,1514,1448,4628.2
3.795768,1514,1448,1.4
3.800400,1514,1448,4631.8
3.800401,1514,1448,1.4
3.805033,1514,1448,4632.0
3.805035,1514,1448,1.7
3.809669,1514,1448,4633.9
3.809673,1514,1448,4.1
3.814296,1514,1448,4622.5
3.814297,1514,1448,1.9
3.818934,1514,1448,4636.8
3.818936,1514,1448,1.7
3.823568,1514,1448,4632.0
3.823569,1514,1448,1.4
3.828201,1514,1448,4631.8
3.828202,1514,1448,1.4
3.832836,1514,1448,4633.2
3.832838,1514,1448,2.6
3.837469,1514,1448,4631.0
3.837471,1514,1448,1.7
3.842103,1514,1448,4631.5
3.842104,1514,1448,1.4
3.846736,1514,1448,4631.8
3.846737,1514,1448,1.4
3.851369,1514,1448,4632.0
3.851371,1514,1448,1.4
3.856004,1514,1448,4632.9
3.856005,1514,1448,1.7
3.860636,1514,1448,4631.0
3.860638,1514,1448,1.4
3.865276,1514,1448,4638.2
3.865281,1514,1448,5.5
3.869905,1514,1448,4623.4
3.869907,1514,1448,2.4
3.874538,1514,1448,4630.6
3.874539,1514,1448,1.4
3.879172,1514,1448,4632.7
3.879174,1514,1448,2.1
3.883805,1514,1448,4630.6
3.883806,1514,1448,1.4
3.888439,1514,1448,4632.7
3.888440,1514,1448,1.7
3.893072,1514,1448,4631.5
3.893074,1514,1448,1.7
3.897705,1514,1448,4631.3
3.897707,1514,1448,1.7
3.902339,1514,1448,4632.5
3.902340,1514,1448,1.4
3.906972,1514,1448,4632.0
3.906974,1514,1448,1.7
3.911606,1514,1448,4632.0
3.911608,1514,1448,1.4
3.916240,1514,1448,4632.2
3.916241,1514,1448,1.4
3.920874,1514,1448,4632.5
3.920876,1514,1448,1.9
3.925507,1514,1448,4631.3
3.925508,1514,1448,1.7
3.930140,1514,1448,4631.5
3.930141,1514,1448,1.4
3.934774,1514,1448,4632.5
3.934775,1514,1448,1.4
3.939407,1514,1448,4631.8
3.939409,1514,1448,1.4
3.944042,1514,1448,4633.2
3.944044,1514,1448,1.9
3.948675,1514,1448,4631.3
3.948676,1514,1448,1.2
3.953308,1514,1448,4632.2
3.953310,1514,1448,1.4
3.957943,1514,1448,4632.9
3.957944,1514,1448,1.7
3.962576,1514,1448,4631.8
3.962578,1514,1448,1.9
3.967209,1514,1448,4631.0
3.967210,1514,1448,1.2
3.971843,1514,1448,4632.2
3.971844,1514,1448,1.4
3.976476,1514,1448,4632.0
3.976477,1514,1448,1.4
3.981111,1514,1448,4633.4
3.981113,1514,1448,1.9
3.985745,1514,1448,4632.0
3.985746,1514,1448,1.7
3.990377,1514,1448,4631.0
3.990379,1514,1448,1.4
3.995011,1514,1448,4631.8
3.995012,1514,1448,1.4
3.999645,1514,1448,4632.5
3.999646,1514,1448,1.4
4.004278,1514,1448,4632.2
4.004280,1514,1448,1.4
4.008913,1514,1448,4632.9
4.008915,1514,1448,2.9
4.013545,1514,1448,4629.6
4.013547,1514,1448,1.7
4.018197,1514,1448,4649.9
4.018206,1514,1448,9.8
4.022816,1514,1448,4609.6
4.022819,1514,1448,2.9
4.027476,1514,1448,4657.5
4.027489,1514,1448,13.1
4.032082,1514,1448,4592.7
4.032085,1514,1448,3.3
4.036713,1514,1448,4627.9
4.036715,1514,1448,1.4
4.041347,1514,1448,4632.0
4.041348,1514,1448,1.7
4.045980,1514,1448,4632.0
4.045982,1514,1448,1.7
4.050615,1514,1448,4632.5
4.050616,1514,1448,1.7
4.055248,1514,1448,4631.3
4.055249,1514,1448,1.7
4.059881,1514,1448,4631.8
4.059882,1514,1448,1.4
4.064515,1514,1448,4632.5
4.064516,1514,1448,1.4
4.069149,1514,1448,4632.9
4.069151,1514,1448,1.4
4.073783,1514,1448,4632.0
4.073785,1514,1448,1.9
4.078415,1514,1448,4630.6
4.078417,1514,1448,1.4
4.083050,1514,1448,4632.9
4.083051,1514,1448,1.7
4.087682,1514,1448,4631.3
4.087684,1514,1448,1.4
4.092316,1514,1448,4632.5
4.092318,1514,1448,1.7
4.096951,1514,1448,4633.4
4.096954,1514,1448,2.4
4.101583,1514,1448,4629.6
4.101585,1514,1448,1.4
4.106217,1514,1448,4632.2
4.106219,1514,1448,1.4
4.110852,1514,1448,4633.2
4.110854,1514,1448,1.9
4.115487,1514,1448,4633.4
4.115490,1514,1448,2.9
4.120118,1514,1448,4628.4
4.120120,1514,1448,1.4
4.124752,1514,1448,4632.0
4.124753,1514,1448,1.4
4.129385,1514,1448,4632.0
4.129387,1514,1448,1.7
4.134019,1514,1448,4632.2
4.134021,1514,1448,1.4
4.138653,1514,1448,4632.2
4.138654,1514,1448,1.4
4.143286,1514,1448,4631.5
4.143287,1514,1448,1.4
4.147919,1514,1448,4632.0
4.147921,1514,1448,1.4
4.152553,1514,1448,4632.5
4.152555,1514,1448,1.4
4.157187,1514,1448,4632.2
4.157188,1514,1448,1.4
4.161821,1514,1448,4632.7
4.161822,1514,1448,1.4
4.166454,1514,1448,4631.5
4.166455,1514,1448,1.4
4.171088,1514,1448,4632.2
4.171089,1514,1448,1.2
4.175721,1514,1448,4632.2
4.175722,1514,1448,1.4
4.180357,1514,1448,4634.9
4.180360,1514,1448,2.6
4.184989,1514,1448,4629.1
4.184990,1514,1448,1.4
4.189622,1514,1448,4631.5
4.189623,1514,1448,1.4
4.194257,1514,1448,4633.2
4.194258,1514,1448,1.7
4.198889,1514,1448,4631.3
4.198891,1514,1448,1.4
4.203524,1514,1448,4633.2
4.203527,1514,1448,2.6
4.208156,1514,1448,4629.6
4.208158,1514,1448,1.2
4.212790,1514,1448,4632.7
4.212792,1514,1448,1.9
4.217424,1514,1448,4631.5
4.217425,1514,1448,1.4
4.222057,1514,1448,4632.2
4.222059,1514,1448,1.4
4.226691,1514,1448,4632.0
4.226692,1514,1448,1.4
4.231345,1514,1448,4652.5
4.231350,1514,1448,5.0
4.235993,1514,1448,4643.0
4.235997,1514,1448,4.1
4.240628,1514,1448,4631.5
4.240643,1514,1448,14.3
4.245266,1514,1448,4623.4
4.245275,1514,1448,8.8
4.250636,1514,1448,5361.1
4.250651,1514,1448,15.0
4.254554,1514,1448,3903.4
4.254564,1514,1448,10.0
4.259184,1514,1448,4620.1
4.259199,1514,1448,14.3
4.263817,1514,1448,4618.4
4.263832,1514,1448,14.5
4.268657,1514,1448,4825.4
4.268667,1514,1448,10.5
4.273516,1514,1448,4848.2
4.273530,1514,1448,14.5
4.277685,1514,1448,4155.2
4.277696,1514,1448,10.5
4.282323,1514,1448,4626.8
4.282334,1514,1448,11.0
4.287026,1514,1448,4692.8
4.287059,1514,1448,32.9
4.291621,1514,1448,4561.9
4.291636,1514,1448,14.8
4.296246,1514,1448,4610.3
4.296262,1514,1448,15.5
4.300888,1514,1448,4626.5
4.300903,1514,1448,15.0
4.305489,1514,1448,4585.7
4.305500,1514,1448,11.0
4.310128,1514,1448,4628.2
4.310142,1514,1448,13.8
4.314749,1514,1448,4606.5
4.314765,1514,1448,16.5
4.319364,1514,1448,4599.3
4.319366,1514,1448,1.9
4.323998,1514,1448,4632.0
4.324001,1514,1448,2.6
4.328630,1514,1448,4629.6
4.328632,1514,1448,1.9
4.333265,1514,1448,4632.7
4.333267,1514,1448,1.7
4.337898,1514,1448,4630.8
4.337899,1514,1448,1.7
4.342531,1514,1448,4631.5
4.342532,1514,1448,1.4
4.347164,1514,1448,4632.2
4.347166,1514,1448,1.4
4.351798,1514,1448,4631.8
4.351799,1514,1448,1.4
4.356432,1514,1448,4633.2
4.356434,1514,1448,1.9
4.361065,1514,1448,4630.8
4.361067,1514,1448,1.7
4.365699,1514,1448,4632.7
4.365701,1514,1448,1.7
4.370332,1514,1448,4631.0
4.370334,1514,1448,1.7
4.374966,1514,1448,4632.2
4.374967,1514,1448,1.4
4.379600,1514,1448,4632.9
4.379602,1514,1448,2.1
4.384233,1514,1448,4631.0
4.384235,1514,1448,1.7
4.388868,1514,1448,4632.5
4.388870,1514,1448,1.9
4.393501,1514,1448,4631.5
4.393502,1514,1448,1.4
4.398134,1514,1448,4632.0
4.398136,1514,1448,1.4
4.402769,1514,1448,4632.7
4.402771,1514,1448,2.1
4.407401,1514,1448,4630.1
4.407403,1514,1448,1.7
4.412035,1514,1448,4632.5
4.412036,1514,1448,1.4
4.416669,1514,1448,4632.2
4.416670,1514,1448,1.2
4.421296,1514,1448,4625.8
4.421298,1514,1448,2.1
4.425936,1514,1448,4637.7
4.425937,1514,1448,1.4
4.430569,1514,1448,4632.2
4.430571,1514,1448,1.7
4.435203,1514,1448,4632.2
4.435205,1514,1448,1.7
4.439837,1514,1448,4632.0
4.439838,1514,1448,1.4
4.444470,1514,1448,4632.0
4.444472,1514,1448,1.9
4.449104,1514,1448,4631.5
4.449105,1514,1448,1.7
4.453737,1514,1448,4632.0
4.453739,1514,1448,1.4
4.458371,1514,1448,4632.2
4.458372,1514,1448,1.4
4.463005,1514,1448,4632.7
4.463007,1514,1448,1.7
4.467638,1514,1448,4630.8
4.467639,1514,1448,1.4
4.472272,1514,1448,4632.9
4.472273,1514,1448,1.4
4.476905,1514,1448,4631.8
4.476907,1514,1448,1.4
4.481539,1514,1448,4632.2
4.481540,1514,1448,1.7
4.486173,1514,1448,4632.2
4.486174,1514,1448,1.7
4.490806,1514,1448,4631.5
4.490807,1514,1448,1.4
4.495440,1514,1448,4632.5
4.495441,1514,1448,1.4
4.500073,1514,1448,4632.2
4.500075,1514,1448,1.4
4.504707,1514,1448,4632.0
4.504708,1514,1448,1.4
4.509341,1514,1448,4632.2
4.509342,1514,1448,1.7
4.513974,1514,1448,4631.5
4.513975,1514,1448,1.4
4.518608,1514,1448,4632.7
4.518609,1514,1448,1.4
4.523241,1514,1448,4631.5
4.523242,1514,1448,1.4
4.527874,1514,1448,4632.2
4.527876,1514,1448,1.7
4.532508,1514,1448,4632.2
4.532510,1514,1448,1.4
4.537142,1514,1448,4632.2
4.537143,1514,1448,1.4
4.541776,1514,1448,4632.2
4.541777,1514,1448,1.4
4.546409,1514,1448,4631.8
4.546410,1514,1448,1.4
4.551043,1514,1448,4632.7
4.551045,1514,1448,1.7
4.555676,1514,1448,4631.8
4.555679,1514,1448,2.1
4.560310,1514,1448,4631.3
4.560311,1514,1448,1.4
4.564943,1514,1448,4632.0
4.564945,1514,1448,1.4
4.569577,1514,1448,4632.7
4.569579,1514,1448,1.4
4.574211,1514,1448,4631.8
4.574212,1514,1448,1.4
4.578844,1514,1448,4632.2
4.578846,1514,1448,1.4
4.583477,1514,1448,4631.8
4.583479,1514,1448,1.7
4.588112,1514,1448,4632.5
4.588114,1514,1448,1.9
4.592746,1514,1448,4632.0
4.592747,1514,1448,1.7
4.597379,1514,1448,4631.5
4.597380,1514,1448,1.7
4.602012,1514,1448,4631.8
4.602014,1514,1448,1.4
4.606647,1514,1448,4633.2
4.606648,1514,1448,1.7
4.611279,1514,1448,4631.0
4.611281,1514,1448,1.4
4.615914,1514,1448,4632.7
4.615915,1514,1448,1.7
4.620546,1514,1448,4631.0
4.620548,1514,1448,1.4
4.625181,1514,1448,4632.9
4.625182,1514,1448,1.2
4.629814,1514,1448,4632.0
4.629815,1514,1448,1.4
4.634448,1514,1448,4632.9
4.634450,1514,1448,1.7
4.639081,1514,1448,4631.5
4.639083,1514,1448,1.4
4.643715,1514,1448,4631.8
4.643716,1514,1448,1.4
4.648349,1514,1448,4632.5
4.648350,1514,1448,1.4
4.652982,1514,1448,4631.8
4.652983,1514,1448,1.4
4.657616,1514,1448,4633.2
4.657618,1514,1448,1.4
4.662249,1514,1448,4631.3
4.662251,1514,1448,1.4
4.666883,1514,1448,4632.2
4.666884,1514,1448,1.4
4.671516,1514,1448,4632.0
4.671518,1514,1448,1.4
4.676150,1514,1448,4632.5
4.676152,1514,1448,1.7
4.680784,1514,1448,4632.0
4.680785,1514,1448,1.7
4.685417,1514,1448,4631.8
4.685419,1514,1448,1.7
4.690050,1514,1448,4631.5
4.690052,1514,1448,1.4
4.694685,1514,1448,4632.7
4.694686,1514,1448,1.4
4.699318,1514,1448,4631.8
4.699319,1514,1448,1.4
4.703951,1514,1448,4632.2
4.703953,1514,1448,1.4
4.708585,1514,1448,4632.2
4.708586,1514,1448,1.4
4.713219,1514,1448,4632.7
4.713221,1514,1448,1.4
4.717852,1514,1448,4631.3
4.717853,1514,1448,1.4
4.722487,1514,1448,4633.7
4.722489,1514,1448,1.9
4.727119,1514,1448,4630.6
4.727121,1514,1448,1.4
4.731753,1514,1448,4632.2
4.731755,1514,1448,1.4
4.736387,1514,1448,4632.7
4.736389,1514,1448,1.9
4.741020,1514,1448,4631.0
4.741022,1514,1448,1.4
4.745654,1514,1448,4632.0
4.745655,1514,1448,1.4
4.750288,1514,1448,4632.9
4.750289,1514,1448,1.4
4.754922,1514,1448,4632.7
4.754924,1514,1448,1.9
4.759557,1514,1448,4632.7
4.759560,1514,1448,3.6
4.764192,1514,1448,4632.0
4.764197,1514,1448,4.3
4.768839,1514,1448,4642.0
4.768852,1514,1448,13.6
4.773465,1514,1448,4612.7
4.773473,1514,1448,7.9
4.778092,1514,1448,4619.4
4.778096,1514,1448,3.6
4.782729,1514,1448,4633.4
4.782735,1514,1448,6.2
4.787360,1514,1448,4624.6
4.787363,1514,1448,3.3
4.791991,1514,1448,4627.5
4.791992,1514,1448,1.4
4.796623,1514,1448,4631.3
4.796625,1514,1448,1.7
4.801257,1514,1448,4632.2
4.801259,1514,1448,1.4
4.805891,1514,1448,4631.8
4.805892,1514,1448,1.4
4.810535,1514,1448,4643.2
4.810547,1514,1448,11.7
4.815171,1514,1448,4624.6
4.815183,1514,1448,11.9
4.819797,1514,1448,4613.2
4.819803,1514,1448,6.0
4.824426,1514,1448,4623.4
4.824427,1514,1448,1.4
4.829059,1514,1448,4631.8
4.829061,1514,1448,1.7
4.833694,1514,1448,4632.9
4.833696,1514,1448,1.9
4.838326,1514,1448,4630.3
4.838327,1514,1448,1.4
4.842960,1514,1448,4632.2
4.842961,1514,1448,1.4
4.847594,1514,1448,4632.5
4.847595,1514,1448,1.4
4.852227,1514,1448,4631.8
4.852228,1514,1448,1.4
4.856864,1514,1448,4635.6
4.856867,1514,1448,3.6
4.861503,1514,1448,4635.3
4.861511,1514,1448,8.8
4.866133,1514,1448,4621.3
4.866137,1514,1448,4.3
4.870765,1514,1448,4627.7
4.870768,1514,1448,3.6
4.875402,1514,1448,4633.4
4.875408,1514,1448,6.0
4.880032,1514,1448,4624.1
4.880035,1514,1448,3.1
4.884663,1514,1448,4627.9
4.884665,1514,1448,1.9
4.889294,1514,1448,4629.4
4.889296,1514,1448,1.7
4.893929,1514,1448,4633.7
4.893931,1514,1448,1.9
4.898563,1514,1448,4632.0
4.898565,1514,1448,1.7
4.903196,1514,1448,4631.3
4.903198,1514,1448,1.4
4.907831,1514,1448,4633.4
4.907833,1514,1448,1.7
4.912464,1514,1448,4630.8
4.912465,1514,1448,1.4
4.917097,1514,1448,4632.0
4.917099,1514,1448,1.4
4.921732,1514,1448,4633.7
4.921735,1514,1448,2.6
4.926364,1514,1448,4629.6
4.926366,1514,1448,1.7
4.930998,1514,1448,4632.0
4.931000,1514,1448,1.7
4.935631,1514,1448,4631.5
4.935633,1514,1448,1.4
4.940269,1514,1448,4635.8
4.940272,1514,1448,3.8
4.944899,1514,1448,4626.5
4.944901,1514,1448,1.7
4.949533,1514,1448,4632.2
4.949534,1514,1448,1.4
4.954166,1514,1448,4632.2
4.954168,1514,1448,1.4
4.958800,1514,1448,4632.2
4.958802,1514,1448,1.7
4.963437,1514,1448,4635.3
4.963439,1514,1448,1.7
4.968071,1514,1448,4632.5
4.968076,1514,1448,4.5
4.972719,1514,1448,4643.4
4.972723,1514,1448,4.1
4.977345,1514,1448,4622.0
4.977350,1514,1448,4.8
4.981973,1514,1448,4622.9
4.981979,1514,1448,6.0
4.986603,1514,1448,4624.4
4.986606,1514,1448,2.6
4.991237,1514,1448,4631.0
4.991239,1514,1448,2.1
4.995869,1514,1448,4629.6
4.995870,1514,1448,1.7
5.000503,1514,1448,4632.2
5.000504,1514,1448,1.4
5.005140,1514,1448,4636.0
5.005143,1514,1448,3.1
5.009771,1514,1448,4628.2
5.009773,1514,1448,1.7
5.014403,1514,1448,4629.9
5.014404,1514,1448,1.2
5.019036,1514,1448,4632.2
5.019038,1514,1448,1.4
5.023670,1514,1448,4632.5
5.023672,1514,1448,1.4
5.028308,1514,1448,4636.8
5.028313,1514,1448,4.3
5.032938,1514,1448,4625.3
5.032940,1514,1448,1.7
5.037572,1514,1448,4632.0
5.037573,1514,1448,1.4
5.042224,1514,1448,4650.6
5.042229,1514,1448,5.2
5.046857,1514,1448,4628.4
5.046861,1514,1448,3.8
5.051506,1514,1448,4645.1
5.051511,1514,1448,4.3
5.056216,1514,1448,4705.0
5.056230,1514,1448,14.8
5.060815,1514,1448,4584.6
5.060829,1514,1448,14.1
5.065381,1514,1448,4552.4
5.065389,1514,1448,7.6
5.070043,1514,1448,4653.9
5.070059,1514,1448,16.0
5.074669,1514,1448,4610.5
5.074684,1514,1448,15.0
5.079315,1514,1448,4630.3
5.079343,1514,1448,28.1
5.083908,1514,1448,4565.5
5.083910,1514,1448,1.7
5.088541,1514,1448,4630.8
5.088542,1514,1448,1.4
5.093177,1514,1448,4635.1
5.093180,1514,1448,2.6
5.097809,1514,1448,4628.7
5.097811,1514,1448,1.9
5.102441,1514,1448,4630.8
5.102443,1514,1448,1.4
5.107075,1514,1448,4632.2
5.107076,1514,1448,1.4
5.111709,1514,1448,4632.9
5.111711,1514,1448,1.9
5.116344,1514,1448,4632.9
5.116347,1514,1448,3.1
5.120976,1514,1448,4628.7
5.120978,1514,1448,1.7
5.125610,1514,1448,4632.0
5.125611,1514,1448,1.4
5.130243,1514,1448,4631.8
5.130244,1514,1448,1.4
5.134877,1514,1448,4632.9
5.134879,1514,1448,1.7
5.139512,1514,1448,4632.7
5.139514,1514,1448,2.6
5.144144,1514,1448,4629.6
5.144145,1514,1448,1.4
5.148777,1514,1448,4632.0
5.148779,1514,1448,1.4
5.153410,1514,1448,4631.8
5.153412,1514,1448,1.4
5.158047,1514,1448,4635.3
5.158051,1514,1448,3.3
5.162678,1514,1448,4627.9
5.162680,1514,1448,1.7
5.167311,1514,1448,4631.0
5.167313,1514,1448,1.4
5.171945,1514,1448,4632.5
5.171947,1514,1448,1.4
5.176580,1514,1448,4633.2
5.176582,1514,1448,1.9
5.181214,1514,1448,4632.0
5.181216,1514,1448,2.9
5.185846,1514,1448,4629.6
5.185848,1514,1448,1.7
5.190480,1514,1448,4632.2
5.190481,1514,1448,1.4
5.195115,1514,1448,4633.2
5.195116,1514,1448,1.7
5.199749,1514,1448,4632.9
5.199752,1514,1448,3.1
5.204381,1514,1448,4628.4
5.204383,1514,1448,1.9
5.209014,1514,1448,4631.5
5.209016,1514,1448,1.4
5.213648,1514,1448,4632.2
5.213649,1514,1448,1.4
5.218281,1514,1448,4631.8
5.218282,1514,1448,1.4
5.222916,1514,1448,4633.2
5.222917,1514,1448,1.7
5.227549,1514,1448,4631.3
5.227550,1514,1448,1.4
5.232182,1514,1448,4631.8
5.232183,1514,1448,1.4
5.236815,1514,1448,4632.2
5.236817,1514,1448,1.2
5.241484,1514,1448,4667.0
5.241488,1514,1448,4.5
5.246119,1514,1448,4630.6
5.246123,1514,1448,4.1
5.250771,1514,1448,4648.2
5.250775,1514,1448,4.1
5.255389,1514,1448,4613.6
5.255403,1514,1448,14.5
5.260732,1514,1448,5328.4
5.260750,1514,1448,18.1
5.264644,1514,1448,3894.1
5.264653,1514,1448,9.5
5.269312,1514,1448,4658.5
5.269328,1514,1448,16.2
5.273898,1514,1448,4570.0
5.273908,1514,1448,10.3
5.278554,1514,1448,4645.3
5.278574,1514,1448,19.8
5.283185,1514,1448,4611.3
5.283198,1514,1448,13.4
5.287812,1514,1448,4613.6
5.287822,1514,1448,10.3
5.292439,1514,1448,4617.0
5.292454,1514,1448,14.5
5.297681,1514,1448,5227.1
5.297696,1514,1448,15.5
5.302498,1514,1448,4802.2
5.302516,1514,1448,18.1
5.306496,1514,1448,3979.7
5.306512,1514,1448,15.5
5.311182,1514,1448,4669.9
5.311196,1514,1448,14.5
5.315646,1514,1448,4449.6
5.315660,1514,1448,14.1
5.320232,1514,1448,4572.2
5.320242,1514,1448,10.5
5.324883,1514,1448,4640.6
5.324894,1514,1448,11.4
5.329524,1514,1448,4629.4
5.329528,1514,1448,4.1
5.334157,1514,1448,4629.6
5.334162,1514,1448,4.5
5.338790,1514,1448,4627.9
5.338794,1514,1448,4.1
5.343430,1514,1448,4635.8
5.343444,1514,1448,13.8
5.348082,1514,1448,4638.4
5.348097,1514,1448,14.8
5.352803,1514,1448,4705.7
5.352813,1514,1448,10.5
5.357311,1514,1448,4497.8
5.357315,1514,1448,4.5
5.361965,1514,1448,4650.1
5.361976,1514,1448,10.3
5.366602,1514,1448,4626.8
5.366617,1514,1448,14.5
5.371250,1514,1448,4633.2
5.371265,1514,1448,14.8
5.375850,1514,1448,4585.0
5.375859,1514,1448,9.5
5.380478,1514,1448,4618.4
5.380483,1514,1448,4.8
5.385111,1514,1448,4628.7
5.385116,1514,1448,5.0
5.389745,1514,1448,4628.7
5.389750,1514,1448,5.2
5.394379,1514,1448,4628.4
5.394383,1514,1448,4.5
5.399013,1514,1448,4629.4
5.399017,1514,1448,4.3
5.403635,1514,1448,4617.9
5.403640,1514,1448,4.8
5.408280,1514,1448,4640.1
5.408285,1514,1448,5.5
5.412913,1514,1448,4627.9
5.412918,1514,1448,5.2
5.417528,1514,1448,4609.6
5.417531,1514,1448,3.6
5.422162,1514,1448,4630.8
5.422166,1514,1448,3.8
5.426796,1514,1448,4629.6
5.426799,1514,1448,3.1
5.431430,1514,1448,4630.8
5.431433,1514,1448,3.8
5.436064,1514,1448,4630.3
5.436067,1514,1448,3.3
5.440696,1514,1448,4628.9
5.440698,1514,1448,2.4
5.445330,1514,1448,4632.0
5.445333,1514,1448,2.9
5.449963,1514,1448,4629.4
5.449965,1514,1448,2.9
5.454597,1514,1448,4631.8
5.454601,1514,1448,3.3
5.459231,1514,1448,4630.3
5.459234,1514,1448,2.6
5.463865,1514,1448,4631.5
5.463868,1514,1448,3.3
5.468498,1514,1448,4630.1
5.468501,1514,1448,2.9
5.473131,1514,1448,4629.9
5.473134,1514,1448,2.6
5.477765,1514,1448,4631.3
5.477767,1514,1448,2.4
5.482399,1514,1448,4631.5
5.482402,1514,1448,3.3
5.487032,1514,1448,4630.1
5.487036,1514,1448,3.1
5.491667,1514,1448,4631.0
5.491670,1514,1448,3.6
5.496302,1514,1448,4632.0
5.496305,1514,1448,3.3
5.500935,1514,1448,4629.9
5.500939,1514,1448,4.1
5.505568,1514,1448,4628.4
5.505571,1514,1448,3.3
5.510203,1514,1448,4632.0
5.510208,1514,1448,4.8
5.514836,1514,1448,4627.7
5.514840,1514,1448,4.1
5.519469,1514,1448,4629.9
5.519474,1514,1448,4.1
5.524104,1514,1448,4630.1
5.524107,1514,1448,3.6
5.528738,1514,1448,4631.3
5.528743,1514,1448,4.3
5.533369,1514,1448,4626.5
5.533373,1514,1448,4.1
5.538001,1514,1448,4627.9
5.538004,1514,1448,3.1
5.542635,1514,1448,4631.0
5.542638,1514,1448,2.9
5.547271,1514,1448,4632.5
5.547274,1514,1448,3.3
5.551904,1514,1448,4630.1
5.551909,1514,1448,5.0
5.556537,1514,1448,4627.7
5.556540,1514,1448,3.3
5.561171,1514,1448,4630.6
5.561173,1514,1448,2.6
5.565804,1514,1448,4630.3
5.565808,1514,1448,3.8
5.570438,1514,1448,4630.6
5.570441,1514,1448,3.1
5.575071,1514,1448,4630.1
5.575076,1514,1448,4.5
5.579705,1514,1448,4629.6
5.579709,1514,1448,3.1
5.584338,1514,1448,4629.4
5.584341,1514,1448,2.9
5.588973,1514,1448,4632.5
5.588977,1514,1448,4.1
5.593605,1514,1448,4627.5
5.593608,1514,1448,2.9
5.598237,1514,1448,4629.6
5.598239,1514,1448,2.1
5.602871,1514,1448,4632.0
5.602874,1514,1448,2.4
5.607505,1514,1448,4631.0
5.607507,1514,1448,1.7
5.612138,1514,1448,4631.0
5.612139,1514,1448,1.7
5.616772,1514,1448,4632.5
5.616774,1514,1448,1.9
5.621405,1514,1448,4631.0
5.621406,1514,1448,1.7
5.626039,1514,1448,4632.5
5.626041,1514,1448,2.1
5.630673,1514,1448,4632.2
5.630675,1514,1448,1.9
5.635306,1514,1448,4631.0
5.635308,1514,1448,2.1
5.639940,1514,1448,4631.5
5.639942,1514,1448,1.9
5.644576,1514,1448,4634.1
5.644580,1514,1448,3.8
5.649210,1514,1448,4630.6
5.649215,1514,1448,4.3
5.653842,1514,1448,4627.5
5.653846,1514,1448,3.8
5.658476,1514,1448,4630.6
5.658480,1514,1448,3.6
5.663111,1514,1448,4630.8
5.663114,1514,1448,3.6
5.667745,1514,1448,4631.0
5.667749,1514,1448,4.1
5.672376,1514,1448,4627.0
5.672380,1514,1448,4.1
5.677010,1514,1448,4629.4
5.677013,1514,1448,2.9
5.681644,1514,1448,4631.3
5.681647,1514,1448,2.6
5.686276,1514,1448,4629.6
5.686279,1514,1448,2.6
5.690909,1514,1448,4630.6
5.690912,1514,1448,2.9
5.695544,1514,1448,4631.3
5.695546,1514,1448,2.4
5.700179,1514,1448,4633.2
5.700184,1514,1448,4.8
5.704813,1514,1448,4629.6
5.704819,1514,1448,5.2
5.709445,1514,1448,4626.5
5.709448,1514,1448,2.9
5.714079,1514,1448,4630.8
5.714082,1514,1448,3.1
5.718715,1514,1448,4632.7
5.718719,1514,1448,4.1
5.723346,1514,1448,4627.0
5.723348,1514,1448,2.1
5.727979,1514,1448,4631.3
5.727982,1514,1448,2.9
5.732611,1514,1448,4629.1
5.732613,1514,1448,1.7
5.737245,1514,1448,4632.2
5.737247,1514,1448,1.7
5.741879,1514,1448,4632.2
5.741881,1514,1448,1.9
5.746512,1514,1448,4631.3
5.746514,1514,1448,1.4
5.751145,1514,1448,4631.8
5.751147,1514,1448,1.4
5.755779,1514,1448,4632.0
5.755780,1514,1448,1.4
5.760412,1514,1448,4632.2
5.760414,1514,1448,1.7
5.765047,1514,1448,4632.5
5.765049,1514,1448,1.9
5.769681,1514,1448,4632.0
5.769682,1514,1448,1.7
5.774313,1514,1448,4630.8
5.774314,1514,1448,1.4
5.778947,1514,1448,4632.7
5.778949,1514,1448,1.7
5.783581,1514,1448,4631.8
5.783582,1514,1448,1.2
5.788215,1514,1448,4633.2
5.788217,1514,1448,1.7
5.792848,1514,1448,4631.3
5.792849,1514,1448,1.4
5.797481,1514,1448,4632.0
5.797483,1514,1448,1.4
5.802115,1514,1448,4632.0
5.802116,1514,1448,1.4
5.806749,1514,1448,4633.2
5.806751,1514,1448,1.7
5.811389,1514,1448,4637.7
5.811395,1514,1448,6.4
5.816017,1514,1448,4622.0
5.816019,1514,1448,1.9
5.820649,1514,1448,4630.1
5.820651,1514,1448,1.4
5.825284,1514,1448,4633.4
5.825286,1514,1448,1.7
5.829917,1514,1448,4631.3
5.829918,1514,1448,1.4
5.834551,1514,1448,4632.7
5.834553,1514,1448,1.9
5.839184,1514,1448,4630.6
5.839185,1514,1448,1.9
5.843828,1514,1448,4642.5
5.843838,1514,1448,10.5
5.848477,1514,1448,4638.9
5.848488,1514,1448,10.3
5.853147,1514,1448,4659.4
5.853151,1514,1448,3.8
5.857753,1514,1448,4602.4
5.857757,1514,1448,3.8
5.862371,1514,1448,4613.6
5.862375,1514,1448,4.1
5.867020,1514,1448,4645.3
5.867024,1514,1448,4.1
5.871654,1514,1448,4629.4
5.871658,1514,1448,4.1
5.876279,1514,1448,4621.0
5.876288,1514,1448,9.5
5.880947,1514,1448,4658.7
5.880962,1514,1448,15.0
5.885590,1514,1448,4627.7
5.885600,1514,1448,10.7
5.890261,1514,1448,4660.4
5.890266,1514,1448,5.0
5.894822,1514,1448,4556.7
5.894827,1514,1448,4.3
5.899440,1514,1448,4612.9
5.899444,1514,1448,4.3
5.904796,1514,1448,5352.3
5.904811,1514,1448,14.8
5.908732,1514,1448,3921.3
5.908747,1514,1448,14.8
5.913376,1514,1448,4629.1
5.913390,1514,1448,14.1
5.918016,1514,1448,4626.0
5.918031,1514,1448,14.5
5.922630,1514,1448,4599.6
5.922639,1514,1448,8.8
5.927282,1514,1448,4642.7
5.927286,1514,1448,3.8
5.931891,1514,1448,4605.1
5.931895,1514,1448,4.1
5.936573,1514,1448,4678.5
5.936587,1514,1448,14.1
5.941184,1514,1448,4596.2
5.941198,1514,1448,14.5
5.945796,1514,1448,4597.9
5.945801,1514,1448,5.5
5.950409,1514,1448,4607.9
5.950413,1514,1448,3.8
5.955115,1514,1448,4701.4
5.955130,1514,1448,15.0
5.959703,1514,1448,4573.6
5.959715,1514,1448,11.9
5.964334,1514,1448,4618.6
5.964339,1514,1448,5.5
5.968986,1514,1448,4646.8
5.969000,1514,1448,14.3
5.973617,1514,1448,4617.0
5.973632,1514,1448,14.3
5.978237,1514,1448,4605.3
5.978248,1514,1448,11.0
5.983551,1514,1448,5302.7
5.983565,1514,1448,14.8
5.987485,1514,1448,3920.1
5.987494,1514,1448,9.1
5.992687,1514,1448,5192.5
5.992702,1514,1448,15.0
5.996786,1514,1448,4084.3
5.996801,1514,1448,15.0
6.001398,1514,1448,4596.5
6.001413,1514,1448,14.8
6.006059,1514,1448,4646.8
6.006069,1514,1448,9.3
6.010668,1514,1448,4598.9
6.010676,1514,1448,8.8
6.015273,1514,1448,4596.9
6.015284,1514,1448,10.3
6.019983,1514,1448,4699.5
6.019997,1514,1448,14.3
6.024547,1514,1448,4549.5
6.024551,1514,1448,4.1
6.029257,1514,1448,4706.4
6.029272,1514,1448,14.3
6.033834,1514,1448,4561.9
6.033839,1514,1448,5.7
6.038464,1514,1448,4624.8
6.038468,1514,1448,3.8
6.043085,1514,1448,4617.0
6.043091,1514,1448,6.0
6.047720,1514,1448,4629.6
6.047727,1514,1448,6.4
6.052357,1514,1448,4630.6
6.052369,1514,1448,11.9
6.056991,1514,1448,4622.0
6.057003,1514,1448,11.4
6.061618,1514,1448,4615.1
6.061623,1514,1448,5.2
6.066249,1514,1448,4626.3
6.066253,1514,1448,4.1
6.070884,1514,1448,4630.1
6.070888,1514,1448,4.1
6.075522,1514,1448,4634.4
6.075529,1514,1448,7.4
6.080163,1514,1448,4633.9
6.080179,1514,1448,16.0
6.084799,1514,1448,4619.6
6.084815,1514,1448,16.2
6.089402,1514,1448,4587.4
6.089407,1514,1448,4.3
6.094063,1514,1448,4655.8
6.094067,1514,1448,4.3
6.098686,1514,1448,4619.6
6.098691,1514,1448,4.5
6.103319,1514,1448,4627.9
6.103323,1514,1448,4.1
6.107952,1514,1448,4629.4
6.107957,1514,1448,4.3
6.112586,1514,1448,4628.9
6.112590,1514,1448,4.5
6.117271,1514,1448,4680.6
6.117275,1514,1448,4.1
6.121875,1514,1448,4600.0
6.121879,1514,1448,4.5
6.126574,1514,1448,4694.2
6.126578,1514,1448,4.1
6.131138,1514,1448,4560.0
6.131153,1514,1448,15.5
6.135782,1514,1448,4629.1
6.135793,1514,1448,10.5
6.140404,1514,1448,4611.3
6.140409,1514,1448,5.2
6.145037,1514,1448,4627.7
6.145041,1514,1448,3.8
6.149695,1514,1448,4654.4
6.149710,1514,1448,14.8
6.154342,1514,1448,4632.0
6.154356,1514,1448,14.1
6.158964,1514,1448,4607.9
6.158979,1514,1448,15.3
6.163562,1514,1448,4582.9
6.163572,1514,1448,9.8
6.168206,1514,1448,4633.9
6.168210,1514,1448,4.1
6.172837,1514,1448,4627.2
6.172851,1514,1448,14.3
6.177478,1514,1448,4626.3
6.177492,1514,1448,14.3
6.182097,1514,1448,4605.3
6.182106,1514,1448,9.1
6.186705,1514,1448,4599.1
6.186708,1514,1448,2.6
6.191376,1514,1448,4668.2
6.191391,1514,1448,14.3
6.196031,1514,1448,4640.8
6.196047,1514,1448,15.3
6.200652,1514,1448,4605.5
6.200667,1514,1448,14.8
6.205280,1514,1448,4613.2
6.205293,1514,1448,13.4
6.209914,1514,1448,4620.8
6.209924,1514,1448,9.5
6.214541,1514,1448,4617.5
6.214545,1514,1448,3.8
6.219575,1514,1448,5029.9
6.219590,1514,1448,15.0
6.223815,1514,1448,4225.0
6.223825,1514,1448,10.0
6.228444,1514,1448,4619.1
6.228459,1514,1448,14.5
6.233077,1514,1448,4618.6
6.233083,1514,1448,5.5
6.237684,1514,1448,4601.0
6.237694,1514,1448,10.0
6.242333,1514,1448,4639.1
6.242339,1514,1448,5.7
6.246979,1514,1448,4640.6
6.246986,1514,1448,6.4
6.251607,1514,1448,4621.0
6.251621,1514,1448,14.1
6.256268,1514,1448,4647.5
6.256284,1514,1448,15.3
6.260934,1514,1448,4650.4
6.260949,1514,1448,14.8
6.265517,1514,1448,4568.3
6.265527,1514,1448,9.8
6.270169,1514,1448,4641.8
6.270182,1514,1448,13.8
6.274767,1514,1448,4585.0
6.274776,1514,1448,9.1
6.279405,1514,1448,4628.4
6.279418,1514,1448,13.1
6.284019,1514,1448,4601.5
6.284027,1514,1448,7.9
6.288668,1514,1448,4640.3
6.288678,1514,1448,10.3
6.293322,1514,1448,4643.7
6.293327,1514,1448,5.0
6.297911,1514,1448,4584.6
6.297914,1514,1448,2.6
6.302544,1514,1448,4630.6
6.302546,1514,1448,1.7
6.307185,1514,1448,4638.9
6.307191,1514,1448,6.2
6.311812,1514,1448,4621.3
6.311814,1514,1448,1.7
6.316457,1514,1448,4643.0
6.316467,1514,1448,9.5
6.321080,1514,1448,4613.4
6.321083,1514,1448,3.1
6.325714,1514,1448,4630.8
6.325716,1514,1448,2.6
6.330345,1514,1448,4628.7
6.330347,1514,1448,1.4
6.334979,1514,1448,4632.0
6.334980,1514,1448,1.4
6.339613,1514,1448,4632.7
6.339614,1514,1448,1.4
6.344246,1514,1448,4631.5
6.344247,1514,1448,1.7
6.348880,1514,1448,4632.7
6.348881,1514,1448,1.2
6.353544,1514,1448,4663.0
6.353549,1514,1448,5.0
6.358244,1514,1448,4694.7
6.358248,1514,1448,4.1
6.362800,1514,1448,4552.4
6.362805,1514,1448,4.5
6.367435,1514,1448,4630.3
6.367440,1514,1448,4.3
6.372082,1514,1448,4642.5
6.372099,1514,1448,16.9
6.376713,1514,1448,4613.6
6.376725,1514,1448,12.2
6.381338,1514,1448,4613.4
6.381344,1514,1448,5.7
6.386057,1514,1448,4712.8
6.386061,1514,1448,4.5
6.390658,1514,1448,4596.5
6.390662,1514,1448,4.1
6.395260,1514,1448,4598.6
6.395264,1514,1448,3.8
6.399868,1514,1448,4604.3
6.399873,1514,1448,4.1
6.404502,1514,1448,4629.1
6.404506,1514,1448,4.1
6.409136,1514,1448,4629.9
6.409140,1514,1448,4.1
6.413769,1514,1448,4629.6
6.413773,1514,1448,4.1
6.418469,1514,1448,4695.4
6.418473,1514,1448,3.8
6.423209,1514,1448,4736.9
6.423224,1514,1448,15.0
6.427677,1514,1448,4452.7
6.427686,1514,1448,9.3
6.432322,1514,1448,4635.1
6.432325,1514,1448,3.8
6.436952,1514,1448,4627.0
6.436956,1514,1448,4.1
6.441588,1514,1448,4631.3
6.441592,1514,1448,4.1
6.446246,1514,1448,4654.2
6.446261,1514,1448,15.0
6.450858,1514,1448,4596.7
6.450863,1514,1448,5.5
6.455537,1514,1448,4674.2
6.455541,1514,1448,4.1
6.460140,1514,1448,4598.1
6.460144,1514,1448,4.1
6.464764,1514,1448,4620.3
6.464775,1514,1448,10.7
6.469358,1514,1448,4583.6
6.469363,1514,1448,4.5
6.474008,1514,1448,4645.1
6.474013,1514,1448,4.8
6.478641,1514,1448,4628.2
6.478646,1514,1448,5.0
6.483281,1514,1448,4635.6
6.483286,1514,1448,4.3
6.487942,1514,1448,4656.8
6.487947,1514,1448,4.1
6.492547,1514,1448,4600.8
6.492557,1514,1448,10.0
6.497190,1514,1448,4633.2
6.497194,1514,1448,3.8
6.501850,1514,1448,4655.8
6.501865,1514,1448,14.5
6.506464,1514,1448,4599.3
6.506479,1514,1448,15.0
6.511114,1514,1448,4635.1
6.511128,1514,1448,13.8
6.515697,1514,1448,4569.5
6.515706,1514,1448,8.6
6.520392,1514,1448,4686.4
6.520397,1514,1448,4.5
6.525013,1514,1448,4616.5
6.525028,1514,1448,14.3
6.529699,1514,1448,4670.9
6.529709,1514,1448,10.0
6.534260,1514,1448,4551.2
6.534264,1514,1448,4.1
6.538873,1514,1448,4609.1
6.538876,1514,1448,3.1
6.543551,1514,1448,4675.4
6.543566,1514,1448,15.0
6.548177,1514,1448,4610.1
6.548191,1514,1448,14.8
6.552819,1514,1448,4627.2
6.552834,1514,1448,15.3
6.557485,1514,1448,4651.1
6.557492,1514,1448,6.9
6.562080,1514,1448,4588.1
6.562083,1514,1448,3.1
6.566694,1514,1448,4610.5
6.566698,1514,1448,4.1
6.571357,1514,1448,4659.7
6.571373,1514,1448,15.7
6.575985,1514,1448,4612.0
6.575999,1514,1448,14.1
6.580585,1514,1448,4586.2
6.580596,1514,1448,10.5
6.585281,1514,1448,4685.4
6.585285,1514,1448,3.8
6.589828,1514,1448,4543.5
6.589831,1514,1448,2.1
6.594461,1514,1448,4630.3
6.594462,1514,1448,1.4
6.599095,1514,1448,4632.2
6.599096,1514,1448,1.4
6.603730,1514,1448,4633.7
6.603733,1514,1448,3.1
6.608361,1514,1448,4628.7
6.608363,1514,1448,1.7
6.612994,1514,1448,4631.3
6.612996,1514,1448,1.7
6.617628,1514,1448,4632.0
6.617630,1514,1448,1.4
6.622262,1514,1448,4632.5
6.622263,1514,1448,1.4
6.626897,1514,1448,4633.2
6.626899,1514,1448,2.1
6.631529,1514,1448,4630.3
6.631531,1514,1448,1.7
6.636163,1514,1448,4632.2
6.636164,1514,1448,1.4
6.640797,1514,1448,4632.9
6.640799,1514,1448,1.7
6.645430,1514,1448,4630.6
6.645431,1514,1448,1.4
6.650064,1514,1448,4633.4
6.650067,1514,1448,2.1
6.654697,1514,1448,4630.8
6.654699,1514,1448,1.4
6.659330,1514,1448,4631.5
6.659332,1514,1448,1.4
6.663965,1514,1448,4632.9
6.663966,1514,1448,1.4
6.668600,1514,1448,4633.7
6.668604,1514,1448,4.1
6.673234,1514,1448,4629.9
6.673237,1514,1448,3.1
6.677866,1514,1448,4629.6
6.677868,1514,1448,1.9
6.682499,1514,1448,4630.8
6.682501,1514,1448,1.4
6.687133,1514,1448,4632.2
6.687134,1514,1448,1.4
6.691837,1514,1448,4702.3
6.691842,1514,1448,5.5
6.696437,1514,1448,4595.3
6.696441,1514,1448,4.1
6.701053,1514,1448,4611.5
6.701057,1514,1448,4.1
6.705686,1514,1448,4629.1
6.705690,1514,1448,4.1
6.710319,1514,1448,4629.1
6.710324,1514,1448,4.3
6.714953,1514,1448,4629.6
6.714957,1514,1448,4.3
6.719646,1514,1448,4688.3
6.719650,1514,1448,4.1
6.724248,1514,1448,4598.6
6.724252,1514,1448,3.8
6.728888,1514,1448,4635.8
6.728892,1514,1448,4.1
6.733487,1514,1448,4595.3
6.733492,1514,1448,4.3
6.738121,1514,1448,4629.6
6.738125,1514,1448,4.1
6.742754,1514,1448,4629.1
6.742758,1514,1448,3.8
6.747388,1514,1448,4629.9
6.747392,1514,1448,4.1
6.752059,1514,1448,4667.3
6.752063,1514,1448,3.8
6.756662,1514,1448,4598.6
6.756666,1514,1448,4.1
6.761363,1514,1448,4697.3
6.761367,1514,1448,3.8
6.765923,1514,1448,4555.5
6.765927,1514,1448,4.1
6.770556,1514,1448,4629.9
6.770561,1514,1448,4.3
6.775190,1514,1448,4629.6
6.775195,1514,1448,4.3
6.779824,1514,1448,4628.9
6.779828,1514,1448,4.1
6.784473,1514,1448,4645.3
6.784477,1514,1448,3.8
6.789091,1514,1448,4614.1
6.789095,1514,1448,4.1
6.793776,1514,1448,4680.9
6.793780,1514,1448,4.1
6.798358,1514,1448,4578.6
6.798363,1514,1448,4.3
6.802991,1514,1448,4628.4
6.802995,1514,1448,4.1
6.807626,1514,1448,4630.3
6.807633,1514,1448,7.6
6.812245,1514,1448,4611.5
6.812250,1514,1448,5.0
6.816874,1514,1448,4624.4
6.816876,1514,1448,2.1
6.821508,1514,1448,4631.5
6.821510,1514,1448,1.9
6.826140,1514,1448,4630.8
6.826142,1514,1448,1.4
6.830775,1514,1448,4632.7
6.830776,1514,1448,1.7
6.835408,1514,1448,4631.8
6.835409,1514,1448,1.2
6.840041,1514,1448,4632.0
6.840043,1514,1448,1.7
6.844676,1514,1448,4633.4
6.844678,1514,1448,1.7
6.849308,1514,1448,4630.6
6.849310,1514,1448,1.2
6.853942,1514,1448,4632.5
6.853944,1514,1448,1.4
6.858576,1514,1448,4632.0
6.858577,1514,1448,1.4
6.863210,1514,1448,4632.9
6.863212,1514,1448,1.7
6.867843,1514,1448,4631.5
6.867845,1514,1448,1.9
6.872476,1514,1448,4631.3
6.872478,1514,1448,1.4
6.877110,1514,1448,4632.0
6.877111,1514,1448,1.4
6.881744,1514,1448,4632.5
6.881745,1514,1448,1.4
6.886377,1514,1448,4632.2
6.886380,1514,1448,2.6
6.891011,1514,1448,4630.6
6.891012,1514,1448,1.4
6.895645,1514,1448,4632.7
6.895646,1514,1448,1.7
6.900278,1514,1448,4631.5
6.900279,1514,1448,1.4
6.904912,1514,1448,4632.7
6.904914,1514,1448,1.9
6.909545,1514,1448,4631.0
6.909546,1514,1448,1.4
6.914180,1514,1448,4633.2
6.914181,1514,1448,1.7
6.918812,1514,1448,4630.8
6.918813,1514,1448,1.4
6.923446,1514,1448,4632.9
6.923448,1514,1448,1.4
6.928080,1514,1448,4632.0
6.928082,1514,1448,1.9
6.932713,1514,1448,4631.3
6.932714,1514,1448,1.4
6.937346,1514,1448,4632.0
6.937348,1514,1448,1.4
6.941981,1514,1448,4632.7
6.941982,1514,1448,1.4
6.946615,1514,1448,4632.7
6.946616,1514,1448,1.7
6.951247,1514,1448,4631.0
6.951249,1514,1448,1.4
6.955881,1514,1448,4632.2
6.955883,1514,1448,1.4
6.960515,1514,1448,4632.2
6.960516,1514,1448,1.4
6.965148,1514,1448,4632.2
6.965150,1514,1448,1.4
6.969782,1514,1448,4632.2
6.969784,1514,1448,1.7
6.974416,1514,1448,4632.5
6.974418,1514,1448,1.4
6.979049,1514,1448,4631.8
6.979051,1514,1448,1.2
6.983683,1514,1448,4632.0
6.983684,1514,1448,1.4
6.988316,1514,1448,4632.2
6.988317,1514,1448,1.2
6.992950,1514,1448,4632.9
6.992952,1514,1448,1.9
6.997584,1514,1448,4632.0
6.997586,1514,1448,1.7
7.002217,1514,1448,4631.3
7.002219,1514,1448,1.4
7.006852,1514,1448,4632.9
7.006853,1514,1448,1.7
7.011484,1514,1448,4630.8
7.011485,1514,1448,1.2
7.016118,1514,1448,4632.5
7.016119,1514,1448,1.4
7.020752,1514,1448,4632.5
7.020753,1514,1448,1.4
7.025385,1514,1448,4632.0
7.025387,1514,1448,1.7
7.030019,1514,1448,4632.0
7.030020,1514,1448,1.4
7.034653,1514,1448,4633.2
7.034655,1514,1448,1.7
7.039287,1514,1448,4631.5
7.039289,1514,1448,1.9
7.043920,1514,1448,4631.0
7.043921,1514,1448,1.9
7.048554,1514,1448,4632.7
7.048556,1514,1448,1.4
7.053186,1514,1448,4630.8
7.053188,1514,1448,1.2
7.057821,1514,1448,4633.4
7.057823,1514,1448,1.7
7.062454,1514,1448,4631.5
7.062456,1514,1448,1.4
7.067088,1514,1448,4632.0
7.067089,1514,1448,1.4
7.071721,1514,1448,4632.2
7.071723,1514,1448,1.4
7.076355,1514,1448,4632.5
7.076357,1514,1448,1.4
7.080989,1514,1448,4632.0
7.080990,1514,1448,1.2
7.085623,1514,1448,4632.7
7.085624,1514,1448,1.4
7.090256,1514,1448,4632.5
7.090258,1514,1448,1.7
7.094889,1514,1448,4631.3
7.094891,1514,1448,1.7
7.099523,1514,1448,4631.8
7.099524,1514,1448,1.4
7.104156,1514,1448,4632.0
7.104158,1514,1448,1.4
7.108791,1514,1448,4633.2
7.108793,1514,1448,1.7
7.113423,1514,1448,4630.8
7.113425,1514,1448,1.4
7.118057,1514,1448,4632.0
7.118058,1514,1448,1.4
7.122690,1514,1448,4632.2
7.122692,1514,1448,1.7
7.127324,1514,1448,4632.2
7.127326,1514,1448,1.4
7.131958,1514,1448,4631.8
7.131959,1514,1448,1.4
7.136592,1514,1448,4632.7
7.136593,1514,1448,1.4
7.141226,1514,1448,4632.7
7.141228,1514,1448,1.9
7.145859,1514,1448,4631.3
7.145861,1514,1448,1.7
7.150492,1514,1448,4631.8
7.150494,1514,1448,1.2
7.155126,1514,1448,4632.2
7.155127,1514,1448,1.2
7.159760,1514,1448,4632.5
7.159761,1514,1448,1.4
7.164393,1514,1448,4632.0
7.164394,1514,1448,1.4
7.169027,1514,1448,4632.9
7.169029,1514,1448,1.4
7.173661,1514,1448,4631.8
7.173662,1514,1448,1.4
7.178296,1514,1448,4633.7
7.178297,1514,1448,1.4
7.182928,1514,1448,4630.6
7.182929,1514,1448,1.4
7.187561,1514,1448,4632.2
7.187563,1514,1448,1.4
7.192195,1514,1448,4632.5
7.192196,1514,1448,1.2
7.196828,1514,1448,4632.0
7.196830,1514,1448,1.4
7.201463,1514,1448,4632.9
7.201464,1514,1448,1.4
7.206097,1514,1448,4632.9
7.206100,1514,1448,2.6
7.210729,1514,1448,4629.1
7.210730,1514,1448,1.4
7.215363,1514,1448,4632.5
7.215364,1514,1448,1.4
7.219996,1514,1448,4632.2
7.219998,1514,1448,1.4
7.224630,1514,1448,4631.8
7.224631,1514,1448,1.4
7.229264,1514,1448,4632.7
7.229265,1514,1448,1.4
7.233897,1514,1448,4632.0
7.233899,1514,1448,1.4
7.238531,1514,1448,4632.2
7.238532,1514,1448,1.4
7.243165,1514,1448,4632.2
7.243166,1514,1448,1.4
7.247798,1514,1448,4632.0
7.247799,1514,1448,1.4
7.252431,1514,1448,4632.0
7.252433,1514,1448,1.4
7.257066,1514,1448,4633.7
7.257070,1514,1448,3.1
7.261698,1514,1448,4628.9
7.261700,1514,1448,1.4
7.266333,1514,1448,4633.2
7.266334,1514,1448,1.2
7.270967,1514,1448,4632.9
7.270969,1514,1448,1.7
7.275600,1514,1448,4630.8
7.275601,1514,1448,1.4
7.280246,1514,1448,4645.1
7.280255,1514,1448,8.3
7.284870,1514,1448,4615.1
7.284873,1514,1448,2.9
7.289524,1514,1448,4651.3
7.289536,1514,1448,12.6
7.294136,1514,1448,4599.3
7.294139,1514,1448,2.9
7.298770,1514,1448,4631.3
7.298772,1514,1448,2.1
7.303401,1514,1448,4628.9
7.303402,1514,1448,1.4
7.308035,1514,1448,4632.7
7.308037,1514,1448,1.4
7.312669,1514,1448,4632.5
7.312671,1514,1448,1.7
7.317298,1514,1448,4627.5
7.317301,1514,1448,3.1
7.321938,1514,1448,4636.5
7.321940,1514,1448,2.6
7.326573,1514,1448,4632.9
7.326578,1514,1448,4.3
7.331207,1514,1448,4628.9
7.331209,1514,1448,2.6
7.335840,1514,1448,4630.8
7.335844,1514,1448,4.3
7.340473,1514,1448,4629.1
7.340476,1514,1448,2.9
7.345106,1514,1448,4630.1
7.345109,1514,1448,2.6
7.349740,1514,1448,4630.8
7.349742,1514,1448,2.1
7.354371,1514,1448,4629.1
7.354373,1514,1448,1.7
7.359007,1514,1448,4634.4
7.359010,1514,1448,3.1
7.363638,1514,1448,4627.9
7.363640,1514,1448,1.4
7.368272,1514,1448,4632.0
7.368273,1514,1448,1.4
7.372905,1514,1448,4631.8
7.372907,1514,1448,1.9
7.377540,1514,1448,4632.9
7.377542,1514,1448,2.1
7.382175,1514,1448,4632.9
7.382178,1514,1448,2.9
7.386809,1514,1448,4631.3
7.386813,1514,1448,4.1
7.391442,1514,1448,4628.7
7.391444,1514,1448,2.6
7.396075,1514,1448,4630.8
7.396078,1514,1448,2.6
7.400709,1514,1448,4631.8
7.400713,1514,1448,3.3
7.405343,1514,1448,4630.1
7.405345,1514,1448,2.6
7.409976,1514,1448,4630.8
7.409979,1514,1448,2.6
7.414611,1514,1448,4632.5
7.414615,1514,1448,3.8
7.419254,1514,1448,4638.4
7.419263,1514,1448,9.8
7.423885,1514,1448,4622.0
7.423894,1514,1448,8.8
7.428511,1514,1448,4617.0
7.428514,1514,1448,3.1
7.433144,1514,1448,4629.6
7.433147,1514,1448,3.1
7.437778,1514,1448,4631.3
7.437781,1514,1448,3.1
7.442412,1514,1448,4630.3
7.442414,1514,1448,2.1
7.447047,1514,1448,4632.7
7.447050,1514,1448,3.3
7.451679,1514,1448,4629.1
7.451682,1514,1448,3.1
7.456313,1514,1448,4630.6
7.456316,1514,1448,2.9
7.460946,1514,1448,4630.3
7.460949,1514,1448,3.1
7.465581,1514,1448,4631.8
7.465584,1514,1448,3.3
7.470215,1514,1448,4630.8
7.470219,1514,1448,3.8
7.474847,1514,1448,4628.4
7.474850,1514,1448,2.9
7.479480,1514,1448,4630.1
7.479483,1514,1448,3.1
7.484113,1514,1448,4630.3
7.484116,1514,1448,2.6
7.488750,1514,1448,4634.1
7.488754,1514,1448,4.1
7.493381,1514,1448,4626.3
7.493384,1514,1448,3.1
7.498015,1514,1448,4631.8
7.498018,1514,1448,2.6
7.502649,1514,1448,4631.0
7.502652,1514,1448,3.3
7.507283,1514,1448,4631.0
7.507288,1514,1448,4.3
7.511918,1514,1448,4630.3
7.511923,1514,1448,4.8
7.516551,1514,1448,4628.4
7.516556,1514,1448,4.3
7.521185,1514,1448,4629.4
7.521189,1514,1448,4.5
7.525819,1514,1448,4629.4
7.525823,1514,1448,4.1
7.530453,1514,1448,4630.1
7.530457,1514,1448,3.6
7.535086,1514,1448,4629.1
7.535091,1514,1448,5.0
7.539718,1514,1448,4627.7
7.539722,1514,1448,3.8
7.544350,1514,1448,4628.2
7.544353,1514,1448,2.4
7.548984,1514,1448,4631.5
7.548987,1514,1448,3.1
7.553618,1514,1448,4630.8
7.553622,1514,1448,3.6
7.558254,1514,1448,4632.5
7.558259,1514,1448,4.5
7.562885,1514,1448,4626.5
7.562888,1514,1448,3.1
7.567519,1514,1448,4630.3
7.567522,1514,1448,3.1
7.572154,1514,1448,4632.0
7.572157,1514,1448,3.6
7.576790,1514,1448,4632.2
7.576794,1514,1448,4.5
7.581420,1514,1448,4626.3
7.581424,1514,1448,3.8
7.586055,1514,1448,4631.0
7.586058,1514,1448,3.1
7.590687,1514,1448,4628.9
7.590690,1514,1448,2.9
7.595321,1514,1448,4630.8
7.595325,1514,1448,4.3
7.599955,1514,1448,4629.6
7.599959,1514,1448,4.5
7.604586,1514,1448,4627.0
7.604588,1514,1448,1.7
7.609222,1514,1448,4633.7
7.609226,1514,1448,3.8
7.613858,1514,1448,4632.0
7.613863,1514,1448,5.2
7.618491,1514,1448,4627.9
7.618495,1514,1448,4.5
7.623124,1514,1448,4628.7
7.623128,1514,1448,4.1
7.627754,1514,1448,4626.5
7.627756,1514,1448,1.9
7.632388,1514,1448,4631.3
7.632390,1514,1448,1.9
7.637021,1514,1448,4631.8
7.637023,1514,1448,1.9
7.641657,1514,1448,4633.7
7.641659,1514,1448,2.4
7.646291,1514,1448,4631.8
7.646295,1514,1448,3.6
7.650925,1514,1448,4630.1
7.650928,1514,1448,3.8
7.655557,1514,1448,4628.7
7.655561,1514,1448,3.6
7.660193,1514,1448,4632.5
7.660197,1514,1448,4.1
7.664826,1514,1448,4629.1
7.664831,1514,1448,4.8
7.669460,1514,1448,4628.9
7.669464,1514,1448,4.3
7.674093,1514,1448,4628.9
7.674097,1514,1448,3.3
7.678728,1514,1448,4631.3
7.678732,1514,1448,4.3
7.683359,1514,1448,4626.5
7.683362,1514,1448,2.9
7.687993,1514,1448,4631.3
7.687996,1514,1448,3.3
7.692626,1514,1448,4629.4
7.692628,1514,1448,2.4
7.697259,1514,1448,4631.0
7.697261,1514,1448,2.1
7.701892,1514,1448,4631.3
7.701895,1514,1448,2.4
7.706526,1514,1448,4630.8
7.706528,1514,1448,2.4
7.711161,1514,1448,4633.2
7.711165,1514,1448,4.3
7.715794,1514,1448,4628.7
7.715798,1514,1448,4.3
7.720426,1514,1448,4627.9
7.720429,1514,1448,2.9
7.725061,1514,1448,4632.0
7.725065,1514,1448,3.8
7.729697,1514,1448,4631.8
7.729701,1514,1448,3.8
7.734326,1514,1448,4625.8
7.734329,1514,1448,2.1
7.738961,1514,1448,4632.2
7.738962,1514,1448,1.7
7.743593,1514,1448,4631.0
7.743595,1514,1448,1.4
7.748227,1514,1448,4632.2
7.748229,1514,1448,1.4
7.752861,1514,1448,4632.9
7.752863,1514,1448,1.7
7.757495,1514,1448,4631.8
7.757496,1514,1448,1.4
7.762128,1514,1448,4631.5
7.762129,1514,1448,1.4
7.766762,1514,1448,4632.5
7.766763,1514,1448,1.2
7.771395,1514,1448,4632.5
7.771397,1514,1448,1.4
7.776029,1514,1448,4632.2
7.776031,1514,1448,1.9
7.780682,1514,1448,4650.6
7.780686,1514,1448,4.8
7.785324,1514,1448,4637.5
7.785328,1514,1448,4.1
7.789986,1514,1448,4657.7
7.790000,1514,1448,14.8
7.794589,1514,1448,4588.6
7.794598,1514,1448,9.3
7.799233,1514,1448,4634.4
7.799237,1514,1448,4.3
7.803873,1514,1448,4635.6
7.803883,1514,1448,10.3
7.808482,1514,1448,4598.9
7.808497,1514,1448,15.5
7.813102,1514,1448,4604.3
7.813105,1514,1448,3.6
7.817733,1514,1448,4627.7
7.817736,1514,1448,3.1
7.822365,1514,1448,4628.7
7.822366,1514,1448,1.7
7.826998,1514,1448,4631.5
7.826999,1514,1448,1.4
7.831632,1514,1448,4632.7
7.831633,1514,1448,1.4
7.836265,1514,1448,4631.8
7.836266,1514,1448,1.2
7.840899,1514,1448,4633.2
7.840902,1514,1448,2.1
7.845532,1514,1448,4630.8
7.845534,1514,1448,1.4
7.850166,1514,1448,4632.0
7.850167,1514,1448,1.2
7.854799,1514,1448,4632.2
7.854801,1514,1448,1.4
7.859433,1514,1448,4632.5
7.859435,1514,1448,1.4
7.864068,1514,1448,4633.2
7.864070,1514,1448,1.9
7.868701,1514,1448,4630.8
7.868702,1514,1448,1.4
7.873334,1514,1448,4632.0
7.873335,1514,1448,1.4
7.877967,1514,1448,4632.0
7.877969,1514,1448,1.4
7.882602,1514,1448,4632.9
7.882604,1514,1448,1.9
7.887234,1514,1448,4630.8
7.887236,1514,1448,1.4
7.891868,1514,1448,4632.5
7.891870,1514,1448,1.4
7.896502,1514,1448,4632.7
7.896504,1514,1448,1.7
7.901135,1514,1448,4631.0
7.901137,1514,1448,1.4
7.905770,1514,1448,4633.2
7.905771,1514,1448,1.4
7.910403,1514,1448,4631.8
7.910405,1514,1448,1.7
7.915037,1514,1448,4632.2
7.915039,1514,1448,1.9
7.919670,1514,1448,4630.8
7.919671,1514,1448,1.4
7.924294,1514,1448,4622.7
7.924295,1514,1448,1.4
7.928937,1514,1448,4641.5
7.928938,1514,1448,1.4
7.933571,1514,1448,4632.7
7.933572,1514,1448,1.4
7.938205,1514,1448,4632.2
7.938206,1514,1448,1.4
7.942838,1514,1448,4632.2
7.942840,1514,1448,1.7
7.947472,1514,1448,4632.2
7.947474,1514,1448,2.1
7.952105,1514,1448,4630.8
7.952106,1514,1448,1.4
7.956739,1514,1448,4632.5
7.956740,1514,1448,1.4
7.961373,1514,1448,4632.5
7.961374,1514,1448,1.4
7.966006,1514,1448,4631.5
7.966007,1514,1448,1.4
7.970639,1514,1448,4632.2
7.970641,1514,1448,1.9
7.975274,1514,1448,4632.2
7.975275,1514,1448,1.4
7.979907,1514,1448,4631.8
7.979908,1514,1448,1.4
7.984540,1514,1448,4632.2
7.984542,1514,1448,1.4
7.989174,1514,1448,4632.0
7.989175,1514,1448,1.4
7.993808,1514,1448,4632.5
7.993809,1514,1448,1.4
7.998441,1514,1448,4632.2
7.998443,1514,1448,1.7
8.003076,1514,1448,4632.5
8.003077,1514,1448,1.7
8.007708,1514,1448,4631.0
8.007710,1514,1448,1.7
8.012342,1514,1448,4632.0
8.012344,1514,1448,1.7
8.016976,1514,1448,4632.0
8.016977,1514,1448,1.4
8.021609,1514,1448,4631.8
8.021610,1514,1448,1.4
8.026243,1514,1448,4632.7
8.026244,1514,1448,1.4
8.030876,1514,1448,4632.0
8.030878,1514,1448,1.4
8.035510,1514,1448,4632.0
8.035511,1514,1448,1.7
8.040143,1514,1448,4631.8
8.040145,1514,1448,1.7
8.044777,1514,1448,4632.0
8.044778,1514,1448,1.4
8.049411,1514,1448,4632.5
8.049412,1514,1448,1.4
8.054045,1514,1448,4632.5
8.054046,1514,1448,1.7
8.058677,1514,1448,4631.0
8.058679,1514,1448,1.4
8.063312,1514,1448,4632.7
8.063313,1514,1448,1.9
8.067945,1514,1448,4631.3
8.067946,1514,1448,1.4
8.072579,1514,1448,4632.9
8.072581,1514,1448,1.4
8.077213,1514,1448,4632.5
8.077215,1514,1448,1.9
8.081846,1514,1448,4631.3
8.081848,1514,1448,1.4
8.086479,1514,1448,4631.8
8.086481,1514,1448,1.4
8.091113,1514,1448,4632.2
8.091115,1514,1448,1.7
8.095747,1514,1448,4631.8
8.095748,1514,1448,1.7
8.100380,1514,1448,4632.0
8.100382,1514,1448,1.4
8.105014,1514,1448,4632.5
8.105016,1514,1448,1.4
8.109648,1514,1448,4632.0
8.109649,1514,1448,1.4
8.114282,1514,1448,4633.2
8.114284,1514,1448,1.9
8.118916,1514,1448,4631.8
8.118918,1514,1448,1.9
8.123548,1514,1448,4630.6
8.123550,1514,1448,1.4
8.128182,1514,1448,4632.2
8.128183,1514,1448,1.4
8.132816,1514,1448,4632.5
8.132817,1514,1448,1.4
8.137450,1514,1448,4632.2
8.137451,1514,1448,1.4
8.142083,1514,1448,4632.0
8.142085,1514,1448,1.9
8.146717,1514,1448,4632.0
8.146718,1514,1448,1.4
8.151350,1514,1448,4631.8
8.151351,1514,1448,1.4
8.155983,1514,1448,4631.8
8.155985,1514,1448,1.4
8.160617,1514,1448,4632.5
8.160619,1514,1448,1.4
8.165251,1514,1448,4632.9
8.165253,1514,1448,1.4
8.169884,1514,1448,4631.3
8.169886,1514,1448,1.4
8.174518,1514,1448,4632.2
8.174519,1514,1448,1.4
8.179152,1514,1448,4632.2
8.179153,1514,1448,1.4
8.183786,1514,1448,4633.4
8.183789,1514,1448,2.1
8.188419,1514,1448,4630.1
8.188420,1514,1448,1.4
8.193052,1514,1448,4632.2
8.193054,1514,1448,1.4
8.197686,1514,1448,4632.0
8.197687,1514,1448,1.7
8.202319,1514,1448,4632.0
8.202321,1514,1448,1.4
8.206953,1514,1448,4632.5
8.206955,1514,1448,1.7
8.211587,1514,1448,4632.0
8.211588,1514,1448,1.4
8.216220,1514,1448,4631.8
8.216222,1514,1448,1.4
8.220854,1514,1448,4632.2
8.220855,1514,1448,1.4
8.225488,1514,1448,4632.5
8.225489,1514,1448,1.4
8.230121,1514,1448,4632.0
8.230123,1514,1448,1.4
8.234755,1514,1448,4632.2
8.234756,1514,1448,1.2
8.239388,1514,1448,4632.2
8.239390,1514,1448,1.4
8.244023,1514,1448,4632.9
8.244024,1514,1448,1.4
8.248656,1514,1448,4632.2
8.248658,1514,1448,1.7
8.253289,1514,1448,4631.0
8.253290,1514,1448,1.4
8.257923,1514,1448,4632.2
8.257924,1514,1448,1.7
8.262556,1514,1448,4632.0
8.262558,1514,1448,1.4
8.267191,1514,1448,4633.2
8.267192,1514,1448,1.4
8.271824,1514,1448,4631.8
8.271826,1514,1448,1.7
8.276457,1514,1448,4631.0
8.276458,1514,1448,1.4
8.281101,1514,1448,4642.2
8.281107,1514,1448,6.9
8.285734,1514,1448,4627.0
8.285741,1514,1448,6.4
8.290361,1514,1448,4620.3
8.290364,1514,1448,2.9
8.294992,1514,1448,4628.4
8.294995,1514,1448,2.1
8.299625,1514,1448,4630.8
8.299627,1514,1448,1.7
8.304259,1514,1448,4632.2
8.304261,1514,1448,1.4
8.308892,1514,1448,4631.8
8.308894,1514,1448,1.4
8.313527,1514,1448,4632.7
8.313529,1514,1448,2.4
8.318160,1514,1448,4630.8
8.318161,1514,1448,1.4
8.322793,1514,1448,4631.5
8.322794,1514,1448,1.7
8.327428,1514,1448,4633.7
8.327431,1514,1448,2.6
8.332060,1514,1448,4629.6
8.332062,1514,1448,1.7
8.336696,1514,1448,4633.9
8.336699,1514,1448,3.3
8.341329,1514,1448,4629.9
8.341331,1514,1448,2.4
8.345962,1514,1448,4630.8
8.345965,1514,1448,2.4
8.350595,1514,1448,4630.3
8.350596,1514,1448,1.4
8.355228,1514,1448,4632.0
8.355230,1514,1448,1.7
8.359864,1514,1448,4634.4
8.359868,1514,1448,3.1
8.364498,1514,1448,4630.1
8.364500,1514,1448,2.4
8.369131,1514,1448,4631.3
8.369135,1514,1448,3.3
8.373767,1514,1448,4632.2
8.373770,1514,1448,3.1
8.378402,1514,1448,4631.5
8.378406,1514,1448,4.3
8.383034,1514,1448,4628.2
8.383038,1514,1448,3.6
8.387667,1514,1448,4629.1
8.387670,1514,1448,3.3
8.392303,1514,1448,4633.2
8.392305,1514,1448,1.9
8.396931,1514,1448,4625.8
8.396932,1514,1448,1.2
8.401565,1514,1448,4632.9
8.401569,1514,1448,3.6
8.406199,1514,1448,4629.9
8.406200,1514,1448,1.7
8.410831,1514,1448,4631.3
8.410833,1514,1448,1.4
8.415466,1514,1448,4632.7
8.415467,1514,1448,1.4
8.420099,1514,1448,4631.8
8.420100,1514,1448,1.4
8.424734,1514,1448,4633.7
8.424737,1514,1448,3.3
8.429366,1514,1448,4629.1
8.429368,1514,1448,1.9
8.434000,1514,1448,4632.2
8.434002,1514,1448,1.4
8.438633,1514,1448,4631.3
8.438635,1514,1448,1.4
8.443270,1514,1448,4635.1
8.443273,1514,1448,3.6
8.447901,1514,1448,4627.7
8.447903,1514,1448,1.7
8.452534,1514,1448,4631.8
8.452536,1514,1448,1.4
8.457168,1514,1448,4631.8
8.457169,1514,1448,1.4
8.461801,1514,1448,4632.2
8.461803,1514,1448,1.4
8.466436,1514,1448,4633.4
8.466439,1514,1448,3.1
8.471068,1514,1448,4629.1
8.471070,1514,1448,1.4
8.475702,1514,1448,4632.0
8.475703,1514,1448,1.4
8.480336,1514,1448,4632.7
8.480337,1514,1448,1.2
8.484971,1514,1448,4633.7
8.484973,1514,1448,2.6
8.489604,1514,1448,4630.8
8.489606,1514,1448,1.9
8.494237,1514,1448,4630.8
8.494238,1514,1448,1.4
8.498870,1514,1448,4631.8
8.498872,1514,1448,1.4
8.503505,1514,1448,4633.7
8.503508,1514,1448,3.1
8.508139,1514,1448,4630.6
8.508141,1514,1448,2.4
8.512772,1514,1448,4630.8
8.512774,1514,1448,2.4
8.517404,1514,1448,4629.9
8.517406,1514,1448,1.4
8.522102,1514,1448,4696.4
8.522107,1514,1448,4.8
8.526714,1514,1448,4607.2
8.526729,1514,1448,14.8
8.531344,1514,1448,4615.5
8.531360,1514,1448,15.5
8.535949,1514,1448,4589.3
8.535959,1514,1448,10.0
8.540608,1514,1448,4648.7
8.540624,1514,1448,16.2
8.545761,1514,1448,5136.5
8.545777,1514,1448,16.2
8.549879,1514,1448,4102.5
8.549895,1514,1448,15.3
8.554518,1514,1448,4623.2
8.554528,1514,1448,10.7
8.559153,1514,1448,4624.8
8.559169,1514,1448,15.3
8.563802,1514,1448,4633.4
8.563817,1514,1448,14.8
8.568526,1514,1448,4709.5
8.568537,1514,1448,10.5
8.573042,1514,1448,4505.6
8.573056,1514,1448,13.1
8.578998,1514,1448,5942.8
8.579013,1514,1448,14.8
8.582915,1514,1448,3902.2
8.582930,1514,1448,15.0
8.586970,1514,1448,4039.3
8.586985,1514,1448,15.3
8.591888,1514,1448,4902.8
8.591898,1514,1448,10.5
8.596202,1514,1448,4303.9
8.596212,1514,1448,10.0
8.600852,1514,1448,4639.9
8.600868,1514,1448,15.5
8.605453,1514,1448,4586.0
8.605464,1514,1448,10.0
8.610137,1514,1448,4674.0
8.610153,1514,1448,15.5
8.614960,1514,1448,4807.5
8.614971,1514,1448,10.7
8.619369,1514,1448,4397.9
8.619378,1514,1448,9.3
8.624063,1514,1448,4684.2
8.624077,1514,1448,14.3
8.628672,1514,1448,4594.8
8.628686,1514,1448,14.8
8.633926,1514,1448,5240.0
8.633941,1514,1448,15.0
8.637939,1514,1448,3998.0
8.637955,1514,1448,15.3
8.642552,1514,1448,4597.4
8.642562,1514,1448,9.5
8.647601,1514,1448,5039.7
8.647617,1514,1448,15.3
8.651839,1514,1448,4222.4
8.651853,1514,1448,14.3
8.656634,1514,1448,4781.0
8.656644,1514,1448,10.0
8.661054,1514,1448,4409.8
8.661063,1514,1448,9.1
8.665714,1514,1448,4651.1
8.665718,1514,1448,4.1
8.670359,1514,1448,4640.3
8.670374,1514,1448,15.5
8.675006,1514,1448,4632.0
8.675021,1514,1448,15.3
8.679625,1514,1448,4603.9
8.679635,1514,1448,9.8
8.684239,1514,1448,4603.9
8.684248,1514,1448,9.5
8.688867,1514,1448,4618.4
8.688871,1514,1448,4.5
8.693535,1514,1448,4663.7
8.693549,1514,1448,13.6
8.698339,1514,1448,4790.8
8.698344,1514,1448,4.3
8.702783,1514,1448,4439.4
8.702787,1514,1448,4.1
8.707408,1514,1448,4620.6
8.707417,1514,1448,9.3
8.712075,1514,1448,4658.2
8.712090,1514,1448,15.0
8.716690,1514,1448,4600.0
8.716700,1514,1448,9.8
8.721323,1514,1448,4622.9
8.721328,1514,1448,5.0
8.726038,1514,1448,4710.2
8.726049,1514,1448,11.0
8.730635,1514,1448,4586.2
8.730640,1514,1448,4.3
8.735227,1514,1448,4587.7
8.735238,1514,1448,10.5
8.739853,1514,1448,4615.1
8.739857,1514,1448,3.8
8.744486,1514,1448,4628.9
8.744489,1514,1448,3.8
8.749144,1514,1448,4654.6
8.749160,1514,1448,15.5
8.753925,1514,1448,4765.5
8.753935,1514,1448,10.3
8.758358,1514,1448,4422.2
8.758363,1514,1448,5.5
8.763058,1514,1448,4694.9
8.763064,1514,1448,6.2
8.767660,1514,1448,4595.8
8.767671,1514,1448,11.2
8.772290,1514,1448,4618.4
8.772311,1514,1448,21.7
8.776905,1514,1448,4593.6
8.776909,1514,1448,4.1
8.781555,1514,1448,4646.3
8.781559,1514,1448,4.1
8.786190,1514,1448,4630.3
8.786206,1514,1448,16.5
8.790866,1514,1448,4659.9
8.790870,1514,1448,4.1
8.795440,1514,1448,4569.8
8.795444,1514,1448,4.1
8.800169,1514,1448,4725.0
8.800173,1514,1448,3.8
8.804746,1514,1448,4573.3
8.804760,1514,1448,14.5
8.809331,1514,1448,4571.0
8.809342,1514,1448,10.3
8.813959,1514,1448,4617.5
8.813962,1514,1448,3.3
8.818590,1514,1448,4627.9
8.818594,1514,1448,3.8
8.823223,1514,1448,4628.9
8.823225,1514,1448,1.7
8.827856,1514,1448,4631.5
8.827858,1514,1448,1.4
8.832489,1514,1448,4631.5
8.832491,1514,1448,1.4
8.837123,1514,1448,4632.2
8.837124,1514,1448,1.4
8.841757,1514,1448,4632.7
8.841759,1514,1448,2.1
8.846793,1514,1448,5033.5
8.846808,1514,1448,15.7
8.851578,1514,1448,4770.0
8.851593,1514,1448,15.0
8.855751,1514,1448,4157.3
8.855765,1514,1448,14.5
8.860373,1514,1448,4607.4
8.860388,1514,1448,15.3
8.864986,1514,1448,4597.7
8.865001,1514,1448,15.0
8.869618,1514,1448,4617.0
8.869633,1514,1448,15.0
8.874641,1514,1448,5008.5
8.874650,1514,1448,9.3
8.878875,1514,1448,4224.5
8.878888,1514,1448,12.6
8.883485,1514,1448,4597.7
8.883495,1514,1448,9.8
8.888150,1514,1448,4655.4
8.888165,1514,1448,15.0
8.892900,1514,1448,4734.5
8.892910,1514,1448,9.8
8.897414,1514,1448,4504.4
8.897424,1514,1448,10.3
8.902005,1514,1448,4580.3
8.902015,1514,1448,10.0
8.906668,1514,1448,4653.0
8.906677,1514,1448,8.8
8.911325,1514,1448,4648.2
8.911340,1514,1448,15.7
8.915934,1514,1448,4593.8
8.915940,1514,1448,6.0
8.920547,1514,1448,4606.7
8.920551,1514,1448,4.1
8.925183,1514,1448,4631.8
8.925189,1514,1448,5.7
8.929821,1514,1448,4632.9
8.929832,1514,1448,10.0
8.934452,1514,1448,4620.6
8.934459,1514,1448,7.4
8.939106,1514,1448,4646.5
8.939117,1514,1448,11.0
8.943739,1514,1448,4621.7
8.943748,1514,1448,9.3
8.948369,1514,1448,4621.0
8.948385,1514,1448,15.7
8.953166,1514,1448,4780.8
8.953180,1514,1448,14.5
8.957687,1514,1448,4507.1
8.957702,1514,1448,15.3
8.962274,1514,1448,4571.7
8.962284,1514,1448,9.8
8.966922,1514,1448,4637.7
8.966936,1514,1448,14.8
8.971520,1514,1448,4583.6
8.971528,1514,1448,7.9
8.976150,1514,1448,4622.2
8.976154,1514,1448,4.1
8.980825,1514,1448,4670.9
8.980840,1514,1448,15.3
8.985435,1514,1448,4594.6
8.985451,1514,1448,16.0
8.990139,1514,1448,4688.0
8.990153,1514,1448,14.1
8.994686,1514,1448,4533.3
8.994690,1514,1448,4.3
8.999426,1514,1448,4735.2
8.999430,1514,1448,4.1
9.003993,1514,1448,4563.1
9.004007,1514,1448,14.1
9.008591,1514,1448,4583.8
9.008601,1514,1448,10.5
9.013232,1514,1448,4630.3
9.013247,1514,1448,16.0
9.017863,1514,1448,4615.3
9.017872,1514,1448,9.5
9.022509,1514,1448,4636.8
9.022520,1514,1448,10.7
9.027150,1514,1448,4630.3
9.027162,1514,1448,11.9
9.031831,1514,1448,4668.7
9.031835,1514,1448,4.1
9.036371,1514,1448,4536.2
9.036375,1514,1448,4.1
9.041025,1514,1448,4650.1
9.041030,1514,1448,4.5
9.045695,1514,1448,4665.4
9.045710,1514,1448,15.0
9.050336,1514,1448,4626.3
9.050352,1514,1448,15.3
9.054940,1514,1448,4587.9
9.054944,1514,1448,4.8
9.059642,1514,1448,4697.3
9.059646,1514,1448,4.1
9.064496,1514,1448,4850.4
9.064512,1514,1448,16.5
9.068857,1514,1448,4344.2
9.068870,1514,1448,13.4
9.073853,1514,1448,4982.9
9.073868,1514,1448,15.0
9.078079,1514,1448,4211.2
9.078089,1514,1448,9.3
9.082753,1514,1448,4664.7
9.082762,1514,1448,9.1
9.087541,1514,1448,4778.4
9.087550,1514,1448,9.8
9.092016,1514,1448,4465.3
9.092027,1514,1448,11.4
9.096640,1514,1448,4612.9
9.096644,1514,1448,3.8
9.101328,1514,1448,4684.4
9.101343,1514,1448,14.8
9.105897,1514,1448,4553.8
9.105906,1514,1448,9.1
9.110584,1514,1448,4677.8
9.110594,1514,1448,9.8
9.115174,1514,1448,4580.0
9.115178,1514,1448,4.1
9.119831,1514,1448,4653.0
9.119845,1514,1448,14.8
9.124440,1514,1448,4594.6
9.124449,1514,1448,9.1
9.129074,1514,1448,4625.3
9.129079,1514,1448,4.3
9.133738,1514,1448,4659.2
9.133742,1514,1448,4.1
9.138330,1514,1448,4588.6
9.138335,1514,1448,4.5
9.142983,1514,1448,4648.0
9.142993,1514,1448,10.5
9.147610,1514,1448,4617.0
9.147614,1514,1448,3.8
9.152228,1514,1448,4613.4
9.152232,1514,1448,4.3
9.156877,1514,1448,4645.3
9.156881,1514,1448,4.1
9.161576,1514,1448,4694.9
9.161590,1514,1448,14.1
9.166170,1514,1448,4579.5
9.166185,1514,1448,14.8
9.170801,1514,1448,4616.3
9.170815,1514,1448,13.8
9.175397,1514,1448,4582.6
9.175403,1514,1448,5.2
9.180054,1514,1448,4651.1
9.180064,1514,1448,10.5
9.184678,1514,1448,4614.1
9.184682,1514,1448,4.1
9.189746,1514,1448,5064.0
9.189761,1514,1448,14.8
9.193935,1514,1448,4174.0
9.193945,1514,1448,10.0
9.198922,1514,1448,4976.7
9.198938,1514,1448,16.5
9.203237,1514,1448,4298.9
9.203252,1514,1448,14.8
9.207872,1514,1448,4620.3
9.207887,1514,1448,15.0
9.212492,1514,1448,4604.6
9.212504,1514,1448,11.7
9.217101,1514,1448,4596.9
9.217109,1514,1448,8.8
9.221772,1514,1448,4662.8
9.221787,1514,1448,15.0
9.226377,1514,1448,4589.6
9.226391,1514,1448,14.5
9.231087,1514,1448,4695.7
9.231099,1514,1448,11.9
9.235654,1514,1448,4555.5
9.235665,1514,1448,10.5
9.240267,1514,1448,4602.4
9.240275,1514,1448,7.6
9.244924,1514,1448,4648.7
9.244935,1514,1448,11.0
9.250077,1514,1448,5142.9
9.250087,1514,1448,9.8
9.254635,1514,1448,4547.6
9.254650,1514,1448,15.5
9.258828,1514,1448,4177.8
9.258838,1514,1448,10.3
9.263412,1514,1448,4573.1
9.263416,1514,1448,4.3
9.268096,1514,1448,4680.2
9.268100,1514,1448,4.1
9.272716,1514,1448,4616.3
9.272720,1514,1448,4.1
9.277338,1514,1448,4617.2
9.277348,1514,1448,10.5
9.281979,1514,1448,4631.3
9.281994,1514,1448,15.0
9.286608,1514,1448,4613.6
9.286617,1514,1448,9.1
9.291416,1514,1448,4798.9
9.291431,1514,1448,15.3
9.295891,1514,1448,4459.9
9.295901,1514,1448,9.8
9.300544,1514,1448,4643.0
9.300559,1514,1448,15.0
9.305142,1514,1448,4583.4
9.305152,1514,1448,9.8
9.309793,1514,1448,4641.5
9.309808,1514,1448,14.5
9.314419,1514,1448,4610.5
9.314431,1514,1448,12.6
9.319041,1514,1448,4609.3
9.319049,1514,1448,8.3
9.323671,1514,1448,4622.5
9.323676,1514,1448,4.3
9.328323,1514,1448,4647.3
9.328328,1514,1448,5.0
9.333019,1514,1448,4691.4
9.333023,1514,1448,4.1
9.337571,1514,1448,4548.1
9.337575,1514,1448,3.8
9.342205,1514,1448,4629.6
9.342209,1514,1448,4.1
9.346839,1514,1448,4630.3
9.346843,1514,1448,4.3
9.351473,1514,1448,4629.9
9.351478,1514,1448,4.5
9.356106,1514,1448,4627.7
9.356110,1514,1448,4.3
9.360830,1514,1448,4720.2
9.360834,1514,1448,4.1
9.365373,1514,1448,4538.8
9.365377,1514,1448,4.1
9.370007,1514,1448,4629.6
9.370010,1514,1448,3.8
9.374641,1514,1448,4630.3
9.374645,1514,1448,4.8
9.379276,1514,1448,4630.6
9.379281,1514,1448,5.2
9.383909,1514,1448,4627.5
9.383914,1514,1448,5.2
9.388542,1514,1448,4628.4
9.388547,1514,1448,4.8
9.393177,1514,1448,4629.4
9.393183,1514,1448,6.0
9.397810,1514,1448,4627.5
9.397815,1514,1448,4.8
9.402443,1514,1448,4628.4
9.402449,1514,1448,5.7
9.407059,1514,1448,4610.3
9.407064,1514,1448,4.8
9.411691,1514,1448,4627.0
9.411694,1514,1448,2.9
9.416326,1514,1448,4631.8
9.416329,1514,1448,3.3
9.420959,1514,1448,4630.1
9.420962,1514,1448,2.6
9.425592,1514,1448,4630.3
9.425595,1514,1448,2.6
9.430227,1514,1448,4632.2
9.430230,1514,1448,3.3
9.434860,1514,1448,4630.1
9.434863,1514,1448,3.1
9.439494,1514,1448,4630.3
9.439497,1514,1448,2.9
9.444127,1514,1448,4630.3
9.444129,1514,1448,2.1
9.448760,1514,1448,4631.3
9.448763,1514,1448,2.9
9.453394,1514,1448,4631.0
9.453396,1514,1448,2.1
9.458028,1514,1448,4631.8
9.458032,1514,1448,4.3
9.462662,1514,1448,4629.9
9.462665,1514,1448,2.6
9.467296,1514,1448,4631.3
9.467299,1514,1448,3.1
9.471929,1514,1448,4629.4
9.471931,1514,1448,2.9
9.476562,1514,1448,4630.3
9.476564,1514,1448,2.4
9.481196,1514,1448,4631.5
9.481198,1514,1448,2.4
9.485830,1514,1448,4631.5
9.485832,1514,1448,2.9
9.490462,1514,1448,4629.9
9.490465,1514,1448,2.6
9.495097,1514,1448,4632.2
9.495101,1514,1448,3.8
9.499732,1514,1448,4630.6
9.499735,1514,1448,3.1
9.504365,1514,1448,4630.8
9.504371,1514,1448,5.5
9.509001,1514,1448,4629.6
9.509005,1514,1448,4.1
9.513633,1514,1448,4628.7
9.513638,1514,1448,4.3
9.518265,1514,1448,4627.9
9.518270,1514,1448,4.1
9.522902,1514,1448,4632.0
9.522906,1514,1448,4.8
9.527533,1514,1448,4627.0
9.527538,1514,1448,5.0
9.532168,1514,1448,4629.9
9.532173,1514,1448,4.8
9.536800,1514,1448,4627.0
9.536803,1514,1448,3.6
9.541434,1514,1448,4630.1
9.541436,1514,1448,2.6
9.546067,1514,1448,4631.0
9.546071,1514,1448,3.3
9.550700,1514,1448,4629.4
9.550704,1514,1448,3.6
9.555334,1514,1448,4630.3
9.555337,1514,1448,3.1
9.559968,1514,1448,4630.6
9.559971,1514,1448,3.6
9.564600,1514,1448,4629.1
9.564604,1514,1448,4.1
9.569236,1514,1448,4631.3
9.569241,1514,1448,5.5
9.573868,1514,1448,4627.0
9.573871,1514,1448,3.1
9.578502,1514,1448,4630.6
9.578505,1514,1448,3.1
9.583136,1514,1448,4631.0
9.583139,1514,1448,3.3
9.587770,1514,1448,4630.3
9.587773,1514,1448,3.1
9.592420,1514,1448,4647.5
9.592425,1514,1448,4.8
9.597036,1514,1448,4611.0
9.597040,1514,1448,4.1
9.601667,1514,1448,4627.2
9.601669,1514,1448,1.7
9.606294,1514,1448,4625.6
9.606296,1514,1448,1.4
9.610936,1514,1448,4640.3
9.610939,1514,1448,2.6
9.615569,1514,1448,4629.9
9.615570,1514,1448,1.7
9.620202,1514,1448,4631.3
9.620203,1514,1448,1.4
9.624835,1514,1448,4631.8
9.624837,1514,1448,1.9
9.629469,1514,1448,4632.5
9.629472,1514,1448,2.4
9.634104,1514,1448,4632.0
9.634106,1514,1448,2.4
9.638739,1514,1448,4633.2
9.638741,1514,1448,2.1
9.643371,1514,1448,4629.4
9.643373,1514,1448,2.4
9.648006,1514,1448,4633.4
9.648010,1514,1448,3.6
9.652640,1514,1448,4629.9
9.652644,1514,1448,4.1
9.657274,1514,1448,4629.9
9.657278,1514,1448,4.3
9.661907,1514,1448,4629.4
9.661912,1514,1448,4.5
9.666540,1514,1448,4627.7
9.666543,1514,1448,3.6
9.671174,1514,1448,4631.0
9.671178,1514,1448,3.3
9.675811,1514,1448,4633.2
9.675817,1514,1448,5.7
9.680441,1514,1448,4624.1
9.680444,1514,1448,3.8
9.685075,1514,1448,4630.8
9.685079,1514,1448,3.3
9.689707,1514,1448,4628.2
9.689709,1514,1448,1.9
9.694341,1514,1448,4632.2
9.694345,1514,1448,3.8
9.698974,1514,1448,4629.1
9.698977,1514,1448,2.6
9.703608,1514,1448,4631.0
9.703610,1514,1448,2.4
9.708241,1514,1448,4631.5
9.708244,1514,1448,2.9
9.712875,1514,1448,4630.6
9.712878,1514,1448,3.3
9.717508,1514,1448,4629.6
9.717510,1514,1448,2.4
9.722145,1514,1448,4634.4
9.722150,1514,1448,5.0
9.726777,1514,1448,4627.5
9.726781,1514,1448,4.1
9.731408,1514,1448,4627.0
9.731410,1514,1448,1.9
9.736042,1514,1448,4631.5
9.736043,1514,1448,1.4
9.740675,1514,1448,4631.8
9.740676,1514,1448,1.7
9.745309,1514,1448,4632.5
9.745310,1514,1448,1.4
9.749942,1514,1448,4632.0
9.749944,1514,1448,1.7
9.754575,1514,1448,4631.3
9.754577,1514,1448,1.4
9.759209,1514,1448,4632.5
9.759210,1514,1448,1.2
9.763843,1514,1448,4632.7
9.763844,1514,1448,1.4
9.768476,1514,1448,4632.0
9.768478,1514,1448,1.7
9.773110,1514,1448,4632.0
9.773112,1514,1448,1.4
9.777744,1514,1448,4632.0
9.777745,1514,1448,1.2
9.782377,1514,1448,4632.5
9.782379,1514,1448,1.7
9.787012,1514,1448,4632.7
9.787014,1514,1448,1.9
9.791645,1514,1448,4631.0
9.791646,1514,1448,1.4
9.796278,1514,1448,4632.0
9.796279,1514,1448,1.4
9.800911,1514,1448,4631.8
9.800913,1514,1448,1.4
9.805546,1514,1448,4633.4
9.805548,1514,1448,1.7
9.810184,1514,1448,4636.3
9.810189,1514,1448,4.8
9.814815,1514,1448,4626.0
9.814818,1514,1448,2.9
9.819446,1514,1448,4628.7
9.819448,1514,1448,1.4
9.824080,1514,1448,4632.5
9.824082,1514,1448,1.4
9.828714,1514,1448,4632.2
9.828716,1514,1448,2.1
9.833347,1514,1448,4630.6
9.833348,1514,1448,1.4
9.837980,1514,1448,4632.2
9.837982,1514,1448,1.4
9.842613,1514,1448,4631.8
9.842615,1514,1448,1.4
9.847248,1514,1448,4633.2
9.847250,1514,1448,1.4
9.851882,1514,1448,4632.5
9.851884,1514,1448,1.9
9.856516,1514,1448,4632.0
9.856517,1514,1448,1.4
9.861149,1514,1448,4631.8
9.861151,1514,1448,1.7
9.865782,1514,1448,4630.8
9.865783,1514,1448,1.4
9.870416,1514,1448,4632.9
9.870418,1514,1448,1.7
9.875049,1514,1448,4631.5
9.875051,1514,1448,1.7
9.879683,1514,1448,4631.8
9.879684,1514,1448,1.4
9.884316,1514,1448,4631.8
9.884317,1514,1448,1.4
9.888950,1514,1448,4632.7
9.888951,1514,1448,1.2
9.893584,1514,1448,4632.9
9.893586,1514,1448,1.7
9.898218,1514,1448,4632.0
9.898219,1514,1448,1.7
9.902851,1514,1448,4631.5
9.902852,1514,1448,1.4
9.907484,1514,1448,4632.0
9.907486,1514,1448,1.7
9.912118,1514,1448,4632.2
9.912120,1514,1448,1.4
9.916752,1514,1448,4632.2
9.916754,1514,1448,2.1
9.921385,1514,1448,4630.8
9.921386,1514,1448,1.7
9.926019,1514,1448,4632.2
9.926020,1514,1448,1.7
9.930652,1514,1448,4631.8
9.930654,1514,1448,1.4
9.935286,1514,1448,4632.5
9.935288,1514,1448,1.9
9.939919,1514,1448,4631.3
9.939921,1514,1448,1.7
9.944553,1514,1448,4632.2
9.944555,1514,1448,1.4
9.949188,1514,1448,4632.9
9.949189,1514,1448,1.9
9.953820,1514,1448,4630.6
9.953821,1514,1448,1.4
9.958454,1514,1448,4632.7
9.958456,1514,1448,1.7
9.963088,1514,1448,4631.8
9.963089,1514,1448,1.4
9.967721,1514,1448,4632.0
9.967722,1514,1448,1.4
9.972356,1514,1448,4633.4
9.972357,1514,1448,1.4
9.976989,1514,1448,4631.5
9.976990,1514,1448,1.7
9.981622,1514,1448,4631.5
9.981624,1514,1448,1.7
9.986256,1514,1448,4632.2
9.986257,1514,1448,1.4
9.990890,1514,1448,4632.2
9.990891,1514,1448,1.4
9.995523,1514,1448,4632.2
9.995525,1514,1448,1.7
10.000156,1514,1448,4631.5
10.000158,1514,1448,1.4
10.004790,1514,1448,4632.2
10.004791,1514,1448,1.4
10.009423,1514,1448,4632.0
10.009425,1514,1448,1.4
10.014057,1514,1448,4632.0
10.014058,1514,1448,1.4
10.018691,1514,1448,4632.7
10.018692,1514,1448,1.4
10.023324,1514,1448,4631.8
10.023326,1514,1448,1.7
10.027958,1514,1448,4632.2
10.027960,1514,1448,1.4
10.032591,1514,1448,4631.5
10.032593,1514,1448,1.7
10.037226,1514,1448,4632.9
10.037227,1514,1448,1.7
10.041859,1514,1448,4631.5
10.041860,1514,1448,1.4
10.046493,1514,1448,4632.2
10.046494,1514,1448,1.7
10.051126,1514,1448,4631.5
10.051127,1514,1448,1.4
10.055759,1514,1448,4632.2
10.055761,1514,1448,1.4
10.060393,1514,1448,4632.5
10.060395,1514,1448,1.4
10.065027,1514,1448,4632.0
10.065028,1514,1448,1.7
10.069660,1514,1448,4631.8
10.069662,1514,1448,1.4
10.074294,1514,1448,4632.5
10.074295,1514,1448,1.2
10.078928,1514,1448,4632.2
10.078929,1514,1448,1.4
10.083561,1514,1448,4632.2
10.083563,1514,1448,1.4
10.088195,1514,1448,4632.7
10.088197,1514,1448,1.4
10.092828,1514,1448,4631.0
10.092829,1514,1448,1.4
10.097462,1514,1448,4632.5
10.097463,1514,1448,1.4
10.102095,1514,1448,4632.2
10.102097,1514,1448,1.4
10.106729,1514,1448,4632.2
10.106730,1514,1448,1.4
10.111362,1514,1448,4632.0
10.111364,1514,1448,1.4
10.115997,1514,1448,4633.2
10.115999,1514,1448,1.9
10.120630,1514,1448,4630.8
10.120631,1514,1448,1.4
10.125263,1514,1448,4632.0
10.125265,1514,1448,1.4
10.129897,1514,1448,4632.5
10.129899,1514,1448,1.7
10.134531,1514,1448,4632.0
10.134532,1514,1448,1.4
10.139165,1514,1448,4632.5
10.139166,1514,1448,1.4
10.143798,1514,1448,4631.5
10.143799,1514,1448,1.4
10.148431,1514,1448,4632.2
10.148433,1514,1448,1.4
10.153065,1514,1448,4632.7
10.153067,1514,1448,1.4
10.157699,1514,1448,4632.0
10.157701,1514,1448,1.7
10.162333,1514,1448,4632.2
10.162334,1514,1448,1.2
10.166966,1514,1448,4632.0
10.166967,1514,1448,1.4
10.171600,1514,1448,4632.2
10.171601,1514,1448,1.4
10.176233,1514,1448,4631.8
10.176234,1514,1448,1.4
10.180868,1514,1448,4633.4
10.180869,1514,1448,1.7
10.185500,1514,1448,4631.0
10.185502,1514,1448,1.4
10.190137,1514,1448,4634.9
10.190140,1514,1448,3.1
10.194784,1514,1448,4644.6
10.194798,1514,1448,14.1
10.199407,1514,1448,4608.9
10.199413,1514,1448,5.7
10.204036,1514,1448,4622.5
10.204037,1514,1448,1.9
10.208668,1514,1448,4630.6
10.208669,1514,1448,1.4
10.213294,1514,1448,4624.6
10.213295,1514,1448,1.4
10.217938,1514,1448,4642.5
10.217940,1514,1448,2.4
10.222569,1514,1448,4628.9
10.222571,1514,1448,1.4
10.227202,1514,1448,4631.8
10.227204,1514,1448,1.4
10.231837,1514,1448,4632.7
10.231838,1514,1448,1.4
10.236470,1514,1448,4632.0
10.236471,1514,1448,1.4
10.241104,1514,1448,4632.5
10.241106,1514,1448,1.7
10.245737,1514,1448,4631.3
10.245738,1514,1448,1.4
10.250371,1514,1448,4633.2
10.250373,1514,1448,1.7
10.255005,1514,1448,4631.8
10.255006,1514,1448,1.4
10.259638,1514,1448,4631.5
10.259640,1514,1448,1.7
10.264271,1514,1448,4632.0
10.264273,1514,1448,1.4
10.268905,1514,1448,4632.0
10.268907,1514,1448,1.7
10.273539,1514,1448,4632.7
10.273541,1514,1448,1.4
10.278173,1514,1448,4632.5
10.278175,1514,1448,1.9
10.282809,1514,1448,4633.4
10.282811,1514,1448,2.4
10.287448,1514,1448,4637.0
10.287454,1514,1448,6.2
10.292073,1514,1448,4619.4
10.292075,1514,1448,1.7
10.296709,1514,1448,4633.7
10.296712,1514,1448,2.9
10.301341,1514,1448,4628.9
10.301342,1514,1448,1.2
10.305978,1514,1448,4635.8
10.305983,1514,1448,5.0
10.310610,1514,1448,4627.2
10.310613,1514,1448,3.6
10.315245,1514,1448,4631.3
10.315249,1514,1448,4.1
10.319876,1514,1448,4627.2
10.319879,1514,1448,2.6
10.324510,1514,1448,4631.5
10.324513,1514,1448,2.6
10.329142,1514,1448,4629.6
10.329144,1514,1448,1.4
10.333776,1514,1448,4632.5
10.333778,1514,1448,1.4
10.338409,1514,1448,4631.8
10.338411,1514,1448,1.4
10.343063,1514,1448,4651.8
10.343067,1514,1448,4.8
10.347696,1514,1448,4628.4
10.347700,1514,1448,4.1
10.352331,1514,1448,4631.5
10.352335,1514,1448,4.1
10.356963,1514,1448,4627.5
10.356967,1514,1448,3.8
10.361634,1514,1448,4667.0
10.361638,1514,1448,4.1
10.366236,1514,1448,4598.4
10.366240,1514,1448,4.1
10.370864,1514,1448,4623.4
10.370868,1514,1448,4.1
10.375497,1514,1448,4629.4
10.375501,1514,1448,4.1
10.380131,1514,1448,4629.9
10.380135,1514,1448,4.1
10.384765,1514,1448,4629.9
10.384769,1514,1448,3.8
