t_s,frame_bytes,payload_bytes,gap_us
0.000000,1514,1448,
0.000002,1514,1448,1.9
0.000010,1514,1448,7.9
0.000011,1514,1448,1.2
0.000016,1514,1448,4.8
0.000017,1514,1448,1.0
0.000021,1514,1448,3.8
0.000021,1514,1448,1.0
0.000025,1514,1448,3.3
0.000026,1514,1448,1.2
0.041279,1514,1448,41253.1
0.041282,1514,1448,3.1
0.042471,1514,1448,1189.0
0.042473,1514,1448,1.7
0.043655,1514,1448,1182.3
0.043657,1514,1448,1.4
0.044867,1514,1448,1210.0
0.044868,1514,1448,1.4
0.046078,1514,1448,1210.5
0.046080,1514,1448,1.2
0.047291,1514,1448,1211.4
0.047292,1514,1448,1.4
0.048493,1514,1448,1200.4
0.048494,1514,1448,1.0
0.049706,1514,1448,1212.4
0.049707,1514,1448,1.2
0.050929,1514,1448,1221.9
0.050931,1514,1448,1.7
0.052130,1514,1448,1198.8
0.052131,1514,1448,1.2
0.082518,1514,1448,30386.7
0.082519,1514,1448,1.4
0.083719,1514,1448,1200.2
0.083720,1514,1448,1.2
0.084929,1514,1448,1208.5
0.084930,1514,1448,1.2
0.086138,1514,1448,1207.8
0.086139,1514,1448,1.4
0.087350,1514,1448,1210.9
0.087352,1514,1448,1.2
0.088561,1514,1448,1209.3
0.088562,1514,1448,1.2
0.089772,1514,1448,1209.5
0.089772,1514,1448,1.0
0.090984,1514,1448,1211.9
0.090986,1514,1448,1.2
0.092198,1514,1448,1212.8
0.092200,1514,1448,1.2
0.093411,1514,1448,1211.4
0.093412,1514,1448,1.2
0.094629,1514,1448,1216.9
0.094631,1514,1448,1.7
0.095835,1514,1448,1204.7
0.095837,1514,1448,1.4
0.098257,1514,1448,2419.7
0.098258,1514,1448,1.2
0.098259,1514,1448,1.2
0.098260,1514,1448,1.0
0.100678,1514,1448,2417.8
0.100679,1514,1448,1.4
0.100680,1514,1448,1.0
0.100681,1514,1448,1.0
0.103098,1514,1448,2417.1
0.103099,1514,1448,1.2
0.103100,1514,1448,1.0
0.103101,1514,1448,1.0
0.105521,1514,1448,2419.7
0.105522,1514,1448,1.2
0.105523,1514,1448,1.0
0.105524,1514,1448,1.0
0.124961,1514,1448,19437.1
0.124963,1514,1448,1.4
0.124964,1514,1448,1.0
0.124964,1514,1448,1.0
0.126165,1514,1448,1200.9
0.126167,1514,1448,1.2
0.127377,1514,1448,1210.2
0.127378,1514,1448,1.2
0.128586,1514,1448,1208.3
0.128587,1514,1448,1.2
0.129798,1514,1448,1210.7
0.129799,1514,1448,1.0
0.131012,1514,1448,1213.3
0.131014,1514,1448,1.2
0.132222,1514,1448,1208.3
0.132223,1514,1448,1.2
0.133443,1514,1448,1219.5
0.133444,1514,1448,1.7
0.134650,1514,1448,1205.2
0.134651,1514,1448,1.2
0.135863,1514,1448,1211.9
0.135864,1514,1448,1.7
0.137079,1514,1448,1214.3
0.137080,1514,1448,1.9
0.138282,1514,1448,1201.2
0.138283,1514,1448,1.0
0.139493,1514,1448,1210.0
0.139494,1514,1448,1.4
0.140723,1514,1448,1229.5
0.140725,1514,1448,1.2
0.141914,1514,1448,1189.7
0.141916,1514,1448,1.2
0.143129,1514,1448,1213.8
0.143131,1514,1448,1.7
0.144339,1514,1448,1207.6
0.144340,1514,1448,1.7
0.145549,1514,1448,1208.5
0.145550,1514,1448,1.4
0.146781,1514,1448,1230.7
0.146783,1514,1448,2.4
0.147982,1514,1448,1198.5
0.147984,1514,1448,2.1
0.149184,1514,1448,1200.2
0.149186,1514,1448,1.9
0.150390,1514,1448,1203.8
0.150391,1514,1448,1.4
0.151607,1514,1448,1215.2
0.151608,1514,1448,1.4
0.152830,1514,1448,1221.7
0.152832,1514,1448,2.1
0.154046,1514,1448,1213.8
0.154048,1514,1448,2.1
0.155290,1514,1448,1242.2
0.155298,1514,1448,8.1
0.156464,1514,1448,1165.9
0.156467,1514,1448,2.9
0.158889,1514,1448,2422.3
0.158891,1514,1448,1.7
0.158892,1514,1448,1.0
0.158893,1514,1448,1.4
0.161309,1514,1448,2415.4
0.161310,1514,1448,1.9
0.161312,1514,1448,1.2
0.161313,1514,1448,1.7
0.163719,1514,1448,2405.9
0.163720,1514,1448,1.2
0.163722,1514,1448,1.2
0.163723,1514,1448,1.2
0.166149,1514,1448,2426.4
0.166150,1514,1448,1.2
0.166151,1514,1448,1.0
0.166152,1514,1448,1.2
0.168565,1514,1448,2412.3
0.168566,1514,1448,1.2
0.168567,1514,1448,1.2
0.168568,1514,1448,1.0
0.170982,1514,1448,2413.7
0.170983,1514,1448,1.2
0.170984,1514,1448,1.0
0.170985,1514,1448,1.4
0.173419,1514,1448,2433.8
0.173420,1514,1448,1.2
0.173421,1514,1448,1.0
0.173422,1514,1448,1.0
0.174648,1514,1448,1225.9
0.174649,1514,1448,1.2
0.175846,1514,1448,1196.9
0.175848,1514,1448,1.2
0.177036,1514,1448,1188.0
0.177037,1514,1448,1.4
0.178245,1514,1448,1207.6
0.178246,1514,1448,1.2
0.179460,1514,1448,1214.5
0.179461,1514,1448,1.2
0.180681,1514,1448,1219.5
0.180683,1514,1448,1.9
0.181888,1514,1448,1205.0
0.181889,1514,1448,1.4
0.183093,1514,1448,1203.3
0.183094,1514,1448,1.4
0.184302,1514,1448,1207.8
0.184303,1514,1448,1.2
0.185516,1514,1448,1213.3
0.185518,1514,1448,1.2
0.186725,1514,1448,1207.8
0.186727,1514,1448,1.2
0.187937,1514,1448,1210.0
0.187938,1514,1448,1.4
0.189147,1514,1448,1209.3
0.189148,1514,1448,1.2
0.190358,1514,1448,1210.0
0.190360,1514,1448,1.4
0.191569,1514,1448,1209.3
0.191570,1514,1448,1.2
0.192781,1514,1448,1210.7
0.192782,1514,1448,1.2
0.193991,1514,1448,1209.3
0.193993,1514,1448,1.2
0.195203,1514,1448,1210.0
0.195204,1514,1448,1.2
0.196414,1514,1448,1210.7
0.196416,1514,1448,1.2
0.197626,1514,1448,1210.0
0.197627,1514,1448,1.2
0.198836,1514,1448,1209.3
0.198837,1514,1448,1.2
0.200047,1514,1448,1210.2
0.200049,1514,1448,1.2
0.201259,1514,1448,1210.7
0.201261,1514,1448,1.2
0.202481,1514,1448,1220.7
0.202483,1514,1448,1.9
0.203685,1514,1448,1201.4
0.203686,1514,1448,1.4
0.204893,1514,1448,1207.4
0.204895,1514,1448,1.4
0.206104,1514,1448,1209.3
0.206105,1514,1448,1.4
0.207314,1514,1448,1209.0
0.207316,1514,1448,1.2
0.208525,1514,1448,1209.5
0.208527,1514,1448,1.4
0.209737,1514,1448,1210.2
0.209738,1514,1448,1.0
0.210948,1514,1448,1210.5
0.210949,1514,1448,1.2
0.212160,1514,1448,1210.2
0.212161,1514,1448,1.2
0.213370,1514,1448,1209.0
0.213371,1514,1448,1.2
0.214581,1514,1448,1210.2
0.214582,1514,1448,1.2
0.215792,1514,1448,1210.0
0.215794,1514,1448,1.2
0.217004,1514,1448,1210.5
0.217005,1514,1448,1.0
0.218215,1514,1448,1210.0
0.218216,1514,1448,1.2
0.219425,1514,1448,1209.3
0.219427,1514,1448,1.2
0.220637,1514,1448,1210.7
0.220639,1514,1448,1.2
0.221859,1514,1448,1220.5
0.221860,1514,1448,1.0
0.223067,1514,1448,1207.4
0.223068,1514,1448,1.2
0.224278,1514,1448,1209.5
0.224280,1514,1448,1.7
0.225494,1514,1448,1214.0
0.225495,1514,1448,1.7
0.226693,1514,1448,1197.6
0.226694,1514,1448,1.2
0.227905,1514,1448,1211.2
0.227907,1514,1448,1.4
0.229116,1514,1448,1209.0
0.229117,1514,1448,1.0
0.230327,1514,1448,1210.7
0.230329,1514,1448,1.2
0.231539,1514,1448,1210.2
0.231540,1514,1448,1.4
0.232750,1514,1448,1210.2
0.232752,1514,1448,1.2
0.233960,1514,1448,1208.8
0.233962,1514,1448,1.2
0.235171,1514,1448,1209.5
0.235172,1514,1448,1.0
0.236384,1514,1448,1212.4
0.237594,1514,1448,1209.7
0.238806,1514,1448,1211.4
0.241226,1514,1448,2420.9
0.243653,1514,1448,2426.9
0.246079,1514,1448,2425.4
0.248495,1514,1448,2415.9
0.250916,1514,1448,2420.9
0.253338,1514,1448,2422.8
0.256762,1514,1448,3423.7
0.259185,1514,1448,2423.0
0.261609,1514,1448,2423.8
0.264030,1514,1448,2420.9
0.266458,1514,1448,2428.3
0.268877,1514,1448,2419.0
0.271297,1514,1448,2419.5
0.273720,1514,1448,2423.0
0.276141,1514,1448,2421.4
0.278563,1514,1448,2421.6
0.280985,1514,1448,2422.8
0.283409,1514,1448,2423.5
0.285832,1514,1448,2423.5
0.288260,1514,1448,2427.1
0.291888,1514,1448,3628.3
0.291889,1514,1448,1.7
0.293098,1514,1448,1209.0
0.293100,1514,1448,1.7
0.294310,1514,1448,1209.7
0.294311,1514,1448,1.4
0.295521,1514,1448,1210.2
0.295523,1514,1448,1.4
0.296733,1514,1448,1210.0
0.296734,1514,1448,1.4
0.297943,1514,1448,1209.0
0.297945,1514,1448,1.2
0.299155,1514,1448,1210.7
0.299157,1514,1448,1.4
0.300366,1514,1448,1209.5
0.300368,1514,1448,1.4
0.301577,1514,1448,1209.7
0.301579,1514,1448,1.4
0.302788,1514,1448,1209.0
0.302789,1514,1448,1.4
0.304000,1514,1448,1210.7
0.304001,1514,1448,1.4
0.305211,1514,1448,1209.3
0.305212,1514,1448,1.2
0.306422,1514,1448,1210.7
0.306424,1514,1448,1.2
0.307635,1514,1448,1210.9
0.307636,1514,1448,1.4
0.308855,1514,1448,1218.6
0.308856,1514,1448,1.9
0.310065,1514,1448,1208.8
0.310067,1514,1448,1.4
0.311268,1514,1448,1201.4
0.311270,1514,1448,1.4
0.312488,1514,1448,1218.3
0.312489,1514,1448,1.4
0.313690,1514,1448,1200.4
0.313691,1514,1448,1.4
0.314901,1514,1448,1209.7
0.314902,1514,1448,1.4
0.316111,1514,1448,1208.8
0.316112,1514,1448,1.2
0.317322,1514,1448,1209.5
0.317323,1514,1448,1.4
0.318534,1514,1448,1210.9
0.318745,1514,1448,210.5
0.319957,1514,1448,1212.6
0.321166,1514,1448,1208.5
0.322378,1514,1448,1211.9
0.323589,1514,1448,1211.2
0.324801,1514,1448,1212.4
0.326014,1514,1448,1212.6
0.327224,1514,1448,1209.7
0.328434,1514,1448,1210.2
0.329647,1514,1448,1213.6
0.330862,1514,1448,1215.0
0.332074,1514,1448,1211.4
0.333278,1514,1448,1204.3
0.334490,1514,1448,1212.4
0.335701,1514,1448,1210.7
0.336913,1514,1448,1212.4
0.338123,1514,1448,1209.5
0.339335,1514,1448,1212.6
0.340545,1514,1448,1210.0
0.341757,1514,1448,1211.6
0.342968,1514,1448,1210.7
0.344180,1514,1448,1211.9
0.345391,1514,1448,1211.2
0.346602,1514,1448,1211.4
0.347813,1514,1448,1211.2
0.349025,1514,1448,1211.2
0.350240,1514,1448,1215.5
0.351451,1514,1448,1210.9
0.352664,1514,1448,1212.6
0.353873,1514,1448,1209.5
0.355080,1514,1448,1207.4
0.356292,1514,1448,1211.2
0.357502,1514,1448,1210.9
0.358714,1514,1448,1211.4
0.359925,1514,1448,1211.2
0.361138,1514,1448,1213.1
0.362350,1514,1448,1211.6
0.363560,1514,1448,1210.5
0.364770,1514,1448,1209.5
0.365987,1514,1448,1217.4
0.367197,1514,1448,1209.5
0.368408,1514,1448,1211.2
0.369620,1514,1448,1212.6
0.370831,1514,1448,1210.9
0.372047,1514,1448,1215.5
0.373262,1514,1448,1215.7
0.374464,1514,1448,1201.2
0.375677,1514,1448,1213.3
0.376888,1514,1448,1211.4
0.378103,1514,1448,1214.7
0.379313,1514,1448,1209.5
0.380526,1514,1448,1213.6
0.381732,1514,1448,1205.9
0.382946,1514,1448,1214.3
0.384156,1514,1448,1209.3
0.385368,1514,1448,1212.4
0.386580,1514,1448,1212.4
0.387788,1514,1448,1207.6
0.388999,1514,1448,1210.9
0.390210,1514,1448,1211.6
0.391422,1514,1448,1211.9
0.392632,1514,1448,1209.5
0.393846,1514,1448,1214.3
0.395074,1514,1448,1228.3
0.396265,1514,1448,1190.2
0.397493,1514,1448,1228.6
0.398691,1514,1448,1198.1
0.399900,1514,1448,1208.8
0.401110,1514,1448,1210.5
0.402319,1514,1448,1209.0
0.403534,1514,1448,1214.5
0.404744,1514,1448,1209.7
0.405957,1514,1448,1213.6
0.407164,1514,1448,1207.1
0.408375,1514,1448,1210.5
0.409586,1514,1448,1211.4
0.410797,1514,1448,1210.7
0.412008,1514,1448,1211.4
0.413220,1514,1448,1211.6
0.414432,1514,1448,1212.1
0.415645,1514,1448,1213.3
0.416855,1514,1448,1209.5
0.418072,1514,1448,1217.4
0.419276,1514,1448,1203.5
0.420494,1514,1448,1218.6
0.421698,1514,1448,1203.3
0.422909,1514,1448,1210.9
0.424121,1514,1448,1212.4
0.425331,1514,1448,1210.5
0.426544,1514,1448,1212.8
0.427754,1514,1448,1209.7
0.428966,1514,1448,1211.6
0.430176,1514,1448,1210.2
0.431387,1514,1448,1211.6
0.432598,1514,1448,1210.9
0.433810,1514,1448,1211.4
0.435021,1514,1448,1211.6
0.436232,1514,1448,1210.7
0.437448,1514,1448,1216.2
0.438661,1514,1448,1212.6
0.439875,1514,1448,1214.5
0.441078,1514,1448,1202.6
0.442286,1514,1448,1208.1
0.443500,1514,1448,1213.8
0.444710,1514,1448,1210.0
0.445923,1514,1448,1213.1
0.447133,1514,1448,1209.7
0.448344,1514,1448,1211.6
0.449554,1514,1448,1210.0
0.450766,1514,1448,1211.6
0.451977,1514,1448,1210.9
0.453188,1514,1448,1211.6
0.454399,1514,1448,1210.9
0.455611,1514,1448,1211.2
0.456822,1514,1448,1211.9
0.458034,1514,1448,1211.2
0.459246,1514,1448,1212.4
0.460459,1514,1448,1212.6
0.461667,1514,1448,1208.1
0.462878,1514,1448,1211.2
0.464134,1514,1448,1255.8
0.465299,1514,1448,1165.9
0.466511,1514,1448,1211.2
0.467722,1514,1448,1211.4
0.468934,1514,1448,1212.4
0.470145,1514,1448,1210.5
0.471374,1514,1448,1228.8
0.472567,1514,1448,1193.3
0.473778,1514,1448,1211.4
0.474992,1514,1448,1213.3
0.476200,1514,1448,1208.5
0.477412,1514,1448,1211.9
0.477413,1514,1448,1.2
0.478622,1514,1448,1208.8
0.479861,1514,1448,1238.6
0.481044,1514,1448,1183.5
0.482256,1514,1448,1212.1
0.483468,1514,1448,1211.6
0.484679,1514,1448,1210.7
0.485898,1514,1448,1219.3
0.487101,1514,1448,1202.8
0.488312,1514,1448,1210.9
0.489541,1514,1448,1229.8
0.490734,1514,1448,1192.3
0.491944,1514,1448,1210.7
0.493156,1514,1448,1211.6
0.494368,1514,1448,1211.9
0.495578,1514,1448,1210.2
0.496789,1514,1448,1211.4
0.498001,1514,1448,1211.6
0.499213,1514,1448,1212.4
0.500424,1514,1448,1210.5
0.501634,1514,1448,1210.5
0.502846,1514,1448,1211.2
0.504058,1514,1448,1212.6
0.505270,1514,1448,1211.9
0.506489,1514,1448,1219.0
0.507691,1514,1448,1201.6
0.508903,1514,1448,1211.9
0.510113,1514,1448,1210.0
0.511324,1514,1448,1211.4
0.512535,1514,1448,1211.4
0.513757,1514,1448,1222.1
0.514958,1514,1448,1200.7
0.516169,1514,1448,1210.9
0.517382,1514,1448,1212.8
0.518595,1514,1448,1212.8
0.519803,1514,1448,1207.8
0.521015,1514,1448,1212.1
0.522224,1514,1448,1209.7
0.523436,1514,1448,1211.4
0.524648,1514,1448,1212.4
0.525861,1514,1448,1212.4
0.527070,1514,1448,1209.5
0.528299,1514,1448,1229.0
0.529492,1514,1448,1192.8
0.530704,1514,1448,1212.4
0.531914,1514,1448,1210.0
0.533126,1514,1448,1211.4
0.534337,1514,1448,1211.4
0.535548,1514,1448,1211.2
0.536760,1514,1448,1211.6
0.537971,1514,1448,1211.4
0.539183,1514,1448,1212.1
0.540394,1514,1448,1210.2
0.541604,1514,1448,1210.0
0.542815,1514,1448,1211.2
0.544026,1514,1448,1211.6
0.545239,1514,1448,1212.6
0.546449,1514,1448,1209.7
0.547662,1514,1448,1213.3
0.548872,1514,1448,1209.5
0.550085,1514,1448,1213.1
0.551294,1514,1448,1209.0
0.552504,1514,1448,1210.5
0.553715,1514,1448,1210.9
0.554929,1514,1448,1213.6
0.556140,1514,1448,1211.2
0.557350,1514,1448,1210.0
0.558563,1514,1448,1213.6
0.559773,1514,1448,1209.5
0.560985,1514,1448,1212.1
0.563406,1514,1448,2420.9
0.565834,1514,1448,2427.8
0.568252,1514,1448,2418.0
0.570673,1514,1448,2421.6
0.573095,1514,1448,2421.4
0.575543,1514,1448,2448.1
0.577941,1514,1448,2398.0
0.580362,1514,1448,2421.4
0.582787,1514,1448,2425.2
0.585231,1514,1448,2443.8
0.587629,1514,1448,2398.3
0.590055,1514,1448,2425.2
0.592488,1514,1448,2433.1
0.594896,1514,1448,2408.7
0.597325,1514,1448,2428.3
0.599742,1514,1448,2417.8
0.603178,1514,1448,3435.6
0.605632,1514,1448,2454.3
0.608013,1514,1448,2380.6
0.610441,1514,1448,2428.5
0.612892,1514,1448,2450.9
0.615280,1514,1448,2387.3
0.617701,1514,1448,2421.4
0.620124,1514,1448,2423.3
0.622546,1514,1448,2421.6
0.624990,1514,1448,2444.3
0.627397,1514,1448,2406.8
0.629813,1514,1448,2416.4
0.632251,1514,1448,2437.6
0.634773,1514,1448,2522.0
0.637079,1514,1448,2306.2
0.640714,1514,1448,3635.2
0.640927,1514,1448,212.4
0.642135,1514,1448,1208.5
0.643345,1514,1448,1210.0
0.644559,1514,1448,1213.8
0.645777,1514,1448,1218.1
0.646984,1514,1448,1206.4
0.648190,1514,1448,1205.9
0.649402,1514,1448,1212.1
0.650613,1514,1448,1211.6
0.651824,1514,1448,1211.2
0.653036,1514,1448,1211.6
0.655460,1514,1448,2424.2
0.655462,1514,1448,1.2
0.657883,1514,1448,2421.9
0.657885,1514,1448,1.4
0.660304,1514,1448,2418.8
0.660305,1514,1448,1.2
0.662727,1514,1448,2422.1
0.662728,1514,1448,1.2
0.665154,1514,1448,2425.7
0.665155,1514,1448,1.2
0.667570,1514,1448,2415.2
0.667571,1514,1448,1.2
0.669994,1514,1448,2423.0
0.669996,1514,1448,1.2
0.672416,1514,1448,2420.2
0.672417,1514,1448,1.2
0.674839,1514,1448,2421.9
0.674840,1514,1448,1.2
0.677272,1514,1448,2431.6
0.677274,1514,1448,1.9
0.681941,1514,1448,4667.3
0.681942,1514,1448,1.7
0.681946,1514,1448,3.6
0.684361,1514,1448,2414.5
0.684362,1514,1448,1.4
0.686783,1514,1448,2421.4
0.686785,1514,1448,1.4
0.689206,1514,1448,2420.9
0.689207,1514,1448,1.4
0.691626,1514,1448,2419.2
0.691627,1514,1448,1.0
0.694049,1514,1448,2421.9
0.694050,1514,1448,1.2
0.696687,1514,1448,2636.9
0.696688,1514,1448,1.2
0.698002,1514,1448,1313.2
0.700323,1514,1448,2321.5
0.700325,1514,1448,1.4
0.702743,1514,1448,2418.8
0.702744,1514,1448,1.2
0.705163,1514,1448,2418.8
0.705164,1514,1448,1.2
0.707589,1514,1448,2424.2
0.707590,1514,1448,1.4
0.710011,1514,1448,2420.9
0.710012,1514,1448,1.2
0.712433,1514,1448,2420.7
0.712434,1514,1448,1.2
0.714854,1514,1448,2420.4
0.714856,1514,1448,1.2
0.717277,1514,1448,2421.1
0.717278,1514,1448,1.2
0.719716,1514,1448,2438.3
0.719718,1514,1448,1.4
0.724378,1514,1448,4660.6
0.724380,1514,1448,1.4
0.726800,1514,1448,2419.9
0.726802,1514,1448,1.9
0.726805,1514,1448,3.3
0.728106,1514,1448,1301.1
0.730431,1514,1448,2325.3
0.730433,1514,1448,1.2
0.732854,1514,1448,2421.1
0.732855,1514,1448,1.2
0.735276,1514,1448,2421.1
0.735277,1514,1448,1.4
0.737699,1514,1448,2421.1
0.737700,1514,1448,1.2
0.740121,1514,1448,2421.6
0.740123,1514,1448,1.2
0.742554,1514,1448,2431.9
0.742556,1514,1448,1.9
0.743814,1514,1448,1258.1
0.746178,1514,1448,2363.7
0.746179,1514,1448,1.2
0.748599,1514,1448,2419.9
0.748600,1514,1448,1.2
0.751095,1514,1448,2494.1
0.751096,1514,1448,1.2
0.753516,1514,1448,2419.9
0.753517,1514,1448,1.2
0.755938,1514,1448,2420.9
0.755939,1514,1448,1.4
0.758361,1514,1448,2421.6
0.758362,1514,1448,1.2
0.760787,1514,1448,2425.2
0.760788,1514,1448,1.2
0.763215,1514,1448,2426.4
0.763217,1514,1448,1.9
0.766829,1514,1448,3612.5
0.766830,1514,1448,1.2
0.769235,1514,1448,2404.7
0.769236,1514,1448,1.2
0.771657,1514,1448,2420.9
0.771659,1514,1448,1.7
0.771662,1514,1448,3.3
0.774079,1514,1448,2416.8
0.774080,1514,1448,1.2
0.776502,1514,1448,2421.4
0.776503,1514,1448,1.4
0.778924,1514,1448,2421.4
0.778926,1514,1448,1.2
0.781346,1514,1448,2420.4
0.781347,1514,1448,1.2
0.783776,1514,1448,2429.0
0.783778,1514,1448,1.7
0.786196,1514,1448,2418.0
0.786198,1514,1448,1.7
0.788614,1514,1448,2416.6
0.788615,1514,1448,1.2
0.789849,1514,1448,1233.3
0.792248,1514,1448,2398.7
0.792249,1514,1448,1.2
0.794670,1514,1448,2420.9
0.794671,1514,1448,1.2
0.797092,1514,1448,2421.1
0.797093,1514,1448,1.2
0.799515,1514,1448,2421.6
0.799516,1514,1448,1.2
0.801937,1514,1448,2420.7
0.801938,1514,1448,1.2
0.804365,1514,1448,2427.1
0.804367,1514,1448,1.9
0.806789,1514,1448,2422.3
0.806791,1514,1448,1.7
0.809264,1514,1448,2473.4
0.809265,1514,1448,1.2
0.811685,1514,1448,2419.9
0.811687,1514,1448,1.2
0.814108,1514,1448,2421.9
0.814110,1514,1448,1.2
0.816531,1514,1448,2421.1
0.816532,1514,1448,1.2
0.817842,1514,1448,1309.9
0.817843,1514,1448,1.2
0.820163,1514,1448,2320.3
0.820164,1514,1448,1.2
0.822586,1514,1448,2421.9
0.822587,1514,1448,1.2
0.825013,1514,1448,2425.7
0.825014,1514,1448,1.2
0.827439,1514,1448,2424.2
0.827440,1514,1448,1.7
0.829854,1514,1448,2413.7
0.829855,1514,1448,1.4
0.832276,1514,1448,2420.4
0.832277,1514,1448,1.4
0.834698,1514,1448,2421.1
0.834700,1514,1448,1.2
0.835950,1514,1448,1250.5
0.838332,1514,1448,2381.6
0.838333,1514,1448,1.2
0.840754,1514,1448,2421.1
0.840755,1514,1448,1.2
0.843177,1514,1448,2421.4
0.843178,1514,1448,1.2
0.845599,1514,1448,2421.1
0.845600,1514,1448,1.2
0.848027,1514,1448,2426.6
0.848028,1514,1448,1.4
0.850447,1514,1448,2418.8
0.850448,1514,1448,1.4
0.852866,1514,1448,2417.8
0.852867,1514,1448,1.2
0.855289,1514,1448,2421.6
0.855290,1514,1448,1.2
0.857711,1514,1448,2420.9
0.857713,1514,1448,1.7
0.857716,1514,1448,3.6
0.860134,1514,1448,2417.6
0.860135,1514,1448,1.2
0.862556,1514,1448,2420.4
0.862557,1514,1448,1.2
0.864978,1514,1448,2421.4
0.864979,1514,1448,1.2
0.867404,1514,1448,2425.2
0.867406,1514,1448,1.2
0.869835,1514,1448,2429.5
0.869838,1514,1448,2.4
0.872247,1514,1448,2409.7
0.872249,1514,1448,1.4
0.874668,1514,1448,2419.7
0.874670,1514,1448,1.2
0.877091,1514,1448,2421.9
0.877093,1514,1448,1.2
0.879512,1514,1448,2419.7
0.879514,1514,1448,1.2
0.881936,1514,1448,2422.1
0.881937,1514,1448,1.0
0.883171,1514,1448,1234.8
0.885570,1514,1448,2398.3
0.885571,1514,1448,1.2
0.887991,1514,1448,2420.7
0.887993,1514,1448,1.4
0.890422,1514,1448,2429.5
0.890424,1514,1448,1.4
0.892840,1514,1448,2416.6
0.892842,1514,1448,1.4
0.895258,1514,1448,2416.6
0.895260,1514,1448,1.2
0.897681,1514,1448,2421.1
0.897682,1514,1448,1.2
0.900103,1514,1448,2420.9
0.900104,1514,1448,1.2
0.902525,1514,1448,2421.1
0.902526,1514,1448,1.0
0.904948,1514,1448,2421.4
0.904949,1514,1448,1.2
0.906185,1514,1448,1236.4
0.906186,1514,1448,1.2
0.908581,1514,1448,2394.7
0.908582,1514,1448,1.2
0.911005,1514,1448,2422.3
0.911006,1514,1448,1.4
0.913433,1514,1448,2426.6
0.913434,1514,1448,1.7
0.915849,1514,1448,2415.2
0.915851,1514,1448,1.2
0.918271,1514,1448,2420.4
0.918272,1514,1448,1.2
0.920693,1514,1448,2421.1
0.920695,1514,1448,1.2
0.923116,1514,1448,2421.9
0.923118,1514,1448,1.2
0.925541,1514,1448,2423.0
0.925542,1514,1448,1.4
0.927962,1514,1448,2419.5
0.927963,1514,1448,1.2
0.930396,1514,1448,2432.8
0.930397,1514,1448,1.7
0.931641,1514,1448,1243.4
0.934070,1514,1448,2429.2
0.934073,1514,1448,2.9
0.936455,1514,1448,2382.5
0.936458,1514,1448,2.6
0.938872,1514,1448,2413.7
0.938873,1514,1448,1.7
0.941298,1514,1448,2424.7
0.941300,1514,1448,2.4
0.943709,1514,1448,2409.0
0.943711,1514,1448,1.4
0.946131,1514,1448,2419.9
0.946132,1514,1448,1.2
0.948552,1514,1448,2419.9
0.948553,1514,1448,1.2
0.950981,1514,1448,2427.8
0.950983,1514,1448,2.1
0.950987,1514,1448,3.8
0.953423,1514,1448,2436.2
0.953424,1514,1448,1.4
0.955848,1514,1448,2423.3
0.955850,1514,1448,2.1
0.958251,1514,1448,2400.6
0.958252,1514,1448,1.4
0.960687,1514,1448,2435.2
0.960688,1514,1448,1.2
0.963115,1514,1448,2426.4
0.963116,1514,1448,1.2
0.965511,1514,1448,2394.7
0.965512,1514,1448,1.2
0.967933,1514,1448,2421.1
0.967934,1514,1448,1.2
0.970356,1514,1448,2422.1
0.970357,1514,1448,1.2
0.972778,1514,1448,2420.2
0.972779,1514,1448,1.4
0.975200,1514,1448,2421.1
0.975201,1514,1448,1.2
0.977633,1514,1448,2431.4
0.977635,1514,1448,2.1
0.980048,1514,1448,2413.0
0.980049,1514,1448,1.2
0.981260,1514,1448,1210.9
0.983679,1514,1448,2418.8
0.983680,1514,1448,1.4
0.986100,1514,1448,2419.7
0.986101,1514,1448,1.2
0.988529,1514,1448,2428.1
0.988532,1514,1448,2.4
0.990947,1514,1448,2414.9
0.990948,1514,1448,1.4
0.993368,1514,1448,2420.4
0.993370,1514,1448,1.2
0.995790,1514,1448,2420.2
0.995791,1514,1448,1.2
0.998217,1514,1448,2425.7
0.998218,1514,1448,1.4
1.000641,1514,1448,2422.8
1.000642,1514,1448,1.2
1.001850,1514,1448,1207.8
1.001851,1514,1448,1.4
1.004268,1514,1448,2417.1
1.004270,1514,1448,1.2
1.006691,1514,1448,2421.6
1.006692,1514,1448,1.2
1.009115,1514,1448,2423.0
1.009117,1514,1448,1.2
1.011537,1514,1448,2420.2
1.011539,1514,1448,1.7
1.013958,1514,1448,2419.0
1.013959,1514,1448,1.2
1.016381,1514,1448,2421.9
1.016382,1514,1448,1.2
1.018803,1514,1448,2420.9
1.018804,1514,1448,1.2
1.021231,1514,1448,2427.1
1.021232,1514,1448,1.4
1.023651,1514,1448,2418.8
1.023653,1514,1448,1.4
1.026070,1514,1448,2417.6
1.026071,1514,1448,1.2
1.028492,1514,1448,2420.7
1.028493,1514,1448,1.2
1.030916,1514,1448,2423.3
1.030918,1514,1448,1.4
1.032127,1514,1448,1209.3
1.034548,1514,1448,2421.1
1.034549,1514,1448,1.2
1.036970,1514,1448,2420.2
1.036971,1514,1448,1.2
1.039392,1514,1448,2421.6
1.039394,1514,1448,1.2
1.041823,1514,1448,2429.2
1.041825,1514,1448,1.7
1.044244,1514,1448,2419.5
1.044246,1514,1448,1.7
1.046661,1514,1448,2415.2
1.046662,1514,1448,1.2
1.049084,1514,1448,2422.1
1.049086,1514,1448,1.7
1.049089,1514,1448,3.6
1.051506,1514,1448,2416.1
1.051507,1514,1448,1.2
1.053927,1514,1448,2420.4
1.053929,1514,1448,1.4
1.056350,1514,1448,2420.9
1.056351,1514,1448,1.4
1.058772,1514,1448,2420.9
1.058773,1514,1448,1.2
1.061194,1514,1448,2421.4
1.061196,1514,1448,1.2
1.063646,1514,1448,2450.5
1.063648,1514,1448,1.4
1.066043,1514,1448,2395.9
1.066045,1514,1448,1.7
1.068462,1514,1448,2417.1
1.068463,1514,1448,1.2
1.070885,1514,1448,2422.1
1.070887,1514,1448,1.9
1.073307,1514,1448,2419.2
1.073308,1514,1448,1.2
1.075728,1514,1448,2420.2
1.075729,1514,1448,1.2
1.078151,1514,1448,2421.4
1.078152,1514,1448,1.4
1.080574,1514,1448,2422.3
1.080575,1514,1448,1.2
1.082997,1514,1448,2421.1
1.082998,1514,1448,1.2
1.084212,1514,1448,1214.5
1.086637,1514,1448,2424.5
1.086639,1514,1448,1.9
1.089053,1514,1448,2414.5
1.089054,1514,1448,1.2
1.091475,1514,1448,2421.1
1.091477,1514,1448,1.2
1.093896,1514,1448,2419.5
1.093897,1514,1448,1.2
1.096320,1514,1448,2422.3
1.096321,1514,1448,1.2
1.098742,1514,1448,2420.7
1.098743,1514,1448,1.2
1.101163,1514,1448,2420.4
1.101164,1514,1448,1.2
1.102377,1514,1448,1212.6
1.102378,1514,1448,1.2
1.104802,1514,1448,2423.5
1.104803,1514,1448,1.2
1.107229,1514,1448,2425.7
1.107230,1514,1448,1.7
1.109643,1514,1448,2412.6
1.109644,1514,1448,1.7
1.112065,1514,1448,2420.4
1.112066,1514,1448,1.2
1.114490,1514,1448,2424.0
1.114491,1514,1448,1.2
1.116910,1514,1448,2418.3
1.116911,1514,1448,1.2
1.119332,1514,1448,2421.1
1.119333,1514,1448,1.0
1.121754,1514,1448,2421.4
1.121755,1514,1448,1.2
1.124177,1514,1448,2421.1
1.124178,1514,1448,1.4
1.126603,1514,1448,2424.7
1.126604,1514,1448,1.2
1.129029,1514,1448,2425.0
1.129030,1514,1448,1.7
1.131444,1514,1448,2413.7
1.131446,1514,1448,1.4
1.133879,1514,1448,2433.3
1.133881,1514,1448,1.9
1.136288,1514,1448,2407.3
1.136289,1514,1448,1.2
1.137501,1514,1448,1211.9
1.139923,1514,1448,2421.4
1.139924,1514,1448,1.2
1.142345,1514,1448,2421.1
1.142346,1514,1448,1.2
1.144769,1514,1448,2422.8
1.144770,1514,1448,1.2
1.147194,1514,1448,2424.2
1.147196,1514,1448,1.4
1.149618,1514,1448,2421.9
1.149619,1514,1448,1.4
1.152038,1514,1448,2418.8
1.152040,1514,1448,2.1
1.152044,1514,1448,4.1
1.154458,1514,1448,2414.2
1.154459,1514,1448,1.2
1.156879,1514,1448,2419.7
1.156880,1514,1448,1.2
1.159302,1514,1448,2421.4
1.159303,1514,1448,1.2
1.161724,1514,1448,2421.1
1.161725,1514,1448,1.2
1.164146,1514,1448,2421.1
1.164148,1514,1448,1.2
1.166569,1514,1448,2421.1
1.166570,1514,1448,1.2
1.168996,1514,1448,2425.7
1.168997,1514,1448,1.2
1.171421,1514,1448,2424.5
1.171423,1514,1448,1.9
1.173839,1514,1448,2416.1
1.173841,1514,1448,1.4
1.176259,1514,1448,2417.8
1.176260,1514,1448,1.2
1.178680,1514,1448,2420.4
1.178681,1514,1448,1.2
1.181103,1514,1448,2421.1
1.181104,1514,1448,1.2
1.183526,1514,1448,2421.9
1.183527,1514,1448,1.2
1.185948,1514,1448,2420.9
1.185949,1514,1448,1.2
1.188371,1514,1448,2422.3
1.188372,1514,1448,1.2
1.190797,1514,1448,2424.5
1.190798,1514,1448,1.2
1.192016,1514,1448,1218.1
1.194431,1514,1448,2415.2
1.194433,1514,1448,1.7
1.196850,1514,1448,2416.6
1.196851,1514,1448,1.2
1.199271,1514,1448,2420.4
1.199272,1514,1448,1.2
1.201693,1514,1448,2420.7
1.201694,1514,1448,1.2
1.204116,1514,1448,2421.9
1.204117,1514,1448,1.2
1.206538,1514,1448,2421.1
1.206540,1514,1448,1.2
1.207752,1514,1448,1212.8
1.207754,1514,1448,1.2
1.210171,1514,1448,2417.6
1.210172,1514,1448,1.2
1.212596,1514,1448,2423.3
1.212597,1514,1448,1.2
1.215024,1514,1448,2426.6
1.215025,1514,1448,1.7
1.217440,1514,1448,2414.7
1.217441,1514,1448,1.2
1.219861,1514,1448,2419.9
1.219862,1514,1448,1.2
1.222284,1514,1448,2421.6
1.222285,1514,1448,1.2
1.224706,1514,1448,2421.1
1.224708,1514,1448,1.4
1.227128,1514,1448,2420.7
1.227129,1514,1448,1.2
1.229551,1514,1448,2421.4
1.229553,1514,1448,1.7
1.231974,1514,1448,2421.9
1.231976,1514,1448,1.2
1.234406,1514,1448,2430.2
1.234407,1514,1448,1.4
1.236820,1514,1448,2413.3
1.236822,1514,1448,1.4
1.239241,1514,1448,2419.0
1.239242,1514,1448,1.4
1.241664,1514,1448,2421.4
1.241665,1514,1448,1.2
1.244095,1514,1448,2430.0
1.244097,1514,1448,1.7
1.246518,1514,1448,2421.1
1.246519,1514,1448,1.7
1.247723,1514,1448,1203.5
1.250167,1514,1448,2444.3
1.250169,1514,1448,1.4
1.252565,1514,1448,2396.6
1.252566,1514,1448,1.2
1.254993,1514,1448,2426.6
1.254994,1514,1448,1.2
1.257413,1514,1448,2419.2
1.257415,1514,1448,1.4
1.259836,1514,1448,2421.4
1.259838,1514,1448,2.1
1.259842,1514,1448,3.8
1.262257,1514,1448,2414.9
1.262259,1514,1448,1.4
1.264680,1514,1448,2421.9
1.264682,1514,1448,1.4
1.267101,1514,1448,2418.8
1.267102,1514,1448,1.2
1.269522,1514,1448,2420.2
1.269523,1514,1448,1.2
1.271945,1514,1448,2422.3
1.271947,1514,1448,1.4
1.274367,1514,1448,2420.2
1.274368,1514,1448,1.2
1.276793,1514,1448,2424.7
1.276794,1514,1448,1.2
1.279216,1514,1448,2422.1
1.279217,1514,1448,1.2
1.281635,1514,1448,2417.6
1.281636,1514,1448,1.2
1.284058,1514,1448,2421.4
1.284059,1514,1448,1.4
1.286487,1514,1448,2427.6
1.286488,1514,1448,1.2
1.288901,1514,1448,2413.3
1.288902,1514,1448,1.2
1.291322,1514,1448,2419.5
1.291323,1514,1448,1.2
1.293745,1514,1448,2422.3
1.293747,1514,1448,1.4
1.296167,1514,1448,2420.2
1.296168,1514,1448,1.2
1.298594,1514,1448,2425.4
1.298595,1514,1448,1.2
1.301014,1514,1448,2419.5
1.301015,1514,1448,1.2
1.303438,1514,1448,2422.3
1.303439,1514,1448,1.4
1.304649,1514,1448,1210.0
1.307068,1514,1448,2419.0
1.307069,1514,1448,1.2
1.309492,1514,1448,2422.3
1.309493,1514,1448,1.2
1.311912,1514,1448,2419.5
1.311913,1514,1448,1.2
1.314336,1514,1448,2422.3
1.314337,1514,1448,1.2
1.316757,1514,1448,2419.7
1.316758,1514,1448,1.2
1.317971,1514,1448,1213.3
1.317972,1514,1448,1.2
1.320395,1514,1448,2422.6
1.320396,1514,1448,1.2
1.322820,1514,1448,2423.8
1.322822,1514,1448,1.7
1.325238,1514,1448,2416.4
1.325239,1514,1448,1.4
1.327659,1514,1448,2419.5
1.327660,1514,1448,1.2
1.330080,1514,1448,2419.9
1.330081,1514,1448,1.2
1.332502,1514,1448,2420.7
1.332503,1514,1448,1.2
1.334925,1514,1448,2421.6
1.334926,1514,1448,1.2
1.337347,1514,1448,2421.1
1.337348,1514,1448,1.2
1.339770,1514,1448,2421.9
1.339772,1514,1448,1.4
1.342203,1514,1448,2431.9
1.342205,1514,1448,1.4
1.344621,1514,1448,2416.6
1.344623,1514,1448,1.7
1.347042,1514,1448,2418.8
1.347043,1514,1448,1.2
1.349459,1514,1448,2415.7
1.349460,1514,1448,1.2
1.351882,1514,1448,2422.3
1.351883,1514,1448,1.2
1.354306,1514,1448,2423.0
1.354308,1514,1448,1.4
1.356727,1514,1448,2419.0
1.356728,1514,1448,1.2
1.359149,1514,1448,2420.9
1.359150,1514,1448,1.2
1.361572,1514,1448,2421.4
1.361573,1514,1448,1.2
1.362788,1514,1448,1215.2
1.365213,1514,1448,2425.2
1.365215,1514,1448,1.7
1.367629,1514,1448,2414.5
1.367631,1514,1448,1.4
1.370049,1514,1448,2418.8
1.370051,1514,1448,1.2
1.372474,1514,1448,2423.5
1.372478,1514,1448,3.3
1.372481,1514,1448,3.8
1.374895,1514,1448,2414.0
1.374897,1514,1448,1.2
1.377316,1514,1448,2419.9
1.377318,1514,1448,1.2
1.379739,1514,1448,2421.1
1.379740,1514,1448,1.2
1.382162,1514,1448,2422.1
1.382163,1514,1448,1.2
1.384589,1514,1448,2426.1
1.384591,1514,1448,1.4
1.387012,1514,1448,2421.6
1.387014,1514,1448,1.7
1.389431,1514,1448,2417.1
1.389432,1514,1448,1.2
1.391852,1514,1448,2419.7
1.391853,1514,1448,1.2
1.394275,1514,1448,2421.9
1.394277,1514,1448,1.4
1.396696,1514,1448,2419.2
1.396697,1514,1448,1.2
1.399118,1514,1448,2421.1
1.399120,1514,1448,1.4
1.401541,1514,1448,2420.9
1.401542,1514,1448,1.2
1.403964,1514,1448,2422.3
1.403965,1514,1448,1.2
1.406397,1514,1448,2431.6
1.406399,1514,1448,1.7
1.408813,1514,1448,2414.5
1.408815,1514,1448,1.7
1.411231,1514,1448,2416.6
1.411232,1514,1448,1.2
1.413653,1514,1448,2420.7
1.413654,1514,1448,1.2
1.416076,1514,1448,2421.6
1.416077,1514,1448,1.2
1.418497,1514,1448,2420.2
1.418499,1514,1448,1.2
1.420920,1514,1448,2421.9
1.420922,1514,1448,1.2
1.422135,1514,1448,1213.8
1.424555,1514,1448,2419.2
1.424556,1514,1448,1.2
1.426977,1514,1448,2421.6
1.426979,1514,1448,1.2
1.429405,1514,1448,2426.1
1.429406,1514,1448,1.7
1.431822,1514,1448,2415.7
1.431823,1514,1448,1.2
1.433036,1514,1448,1212.8
1.433037,1514,1448,1.2
1.435457,1514,1448,2419.2
1.435458,1514,1448,1.4
1.437878,1514,1448,2419.7
1.437879,1514,1448,1.2
1.440300,1514,1448,2421.1
1.440301,1514,1448,1.2
1.442722,1514,1448,2420.4
1.442723,1514,1448,1.2
1.445145,1514,1448,2422.6
1.445147,1514,1448,1.2
1.447571,1514,1448,2424.0
1.447572,1514,1448,1.2
1.449994,1514,1448,2422.3
1.449996,1514,1448,1.4
1.452415,1514,1448,2419.0
1.452416,1514,1448,1.4
1.454835,1514,1448,2419.2
1.454836,1514,1448,1.2
1.457256,1514,1448,2419.5
1.457257,1514,1448,1.2
1.459678,1514,1448,2420.9
1.459679,1514,1448,1.4
1.462103,1514,1448,2423.8
1.462104,1514,1448,1.2
1.464525,1514,1448,2420.7
1.464526,1514,1448,1.2
1.466946,1514,1448,2419.7
1.466947,1514,1448,1.2
1.469375,1514,1448,2428.1
1.469376,1514,1448,1.2
1.471799,1514,1448,2422.3
1.471800,1514,1448,1.7
1.474214,1514,1448,2413.5
1.474215,1514,1448,1.4
1.476636,1514,1448,2420.7
1.476637,1514,1448,1.2
1.479057,1514,1448,2420.2
1.479059,1514,1448,1.2
1.481489,1514,1448,2430.2
1.481490,1514,1448,1.2
1.482695,1514,1448,1205.2
1.485115,1514,1448,2419.5
1.485116,1514,1448,1.4
1.487536,1514,1448,2419.9
1.487538,1514,1448,1.7
1.489959,1514,1448,2421.4
1.489961,1514,1448,1.7
1.489964,1514,1448,2.9
1.492387,1514,1448,2423.5
1.492388,1514,1448,1.2
1.494817,1514,1448,2429.2
1.494819,1514,1448,1.7
1.497228,1514,1448,2408.5
1.497229,1514,1448,1.0
1.499662,1514,1448,2433.3
1.499663,1514,1448,1.2
1.502073,1514,1448,2409.7
1.502074,1514,1448,1.0
1.504500,1514,1448,2426.1
1.504501,1514,1448,1.2
1.506917,1514,1448,2415.7
1.506918,1514,1448,1.2
1.509339,1514,1448,2421.1
1.509340,1514,1448,1.2
1.511763,1514,1448,2423.0
1.511765,1514,1448,1.2
1.514187,1514,1448,2422.1
1.514188,1514,1448,1.2
1.516609,1514,1448,2421.6
1.516611,1514,1448,1.4
1.519031,1514,1448,2419.9
1.519032,1514,1448,1.2
1.521452,1514,1448,2420.4
1.521454,1514,1448,1.4
1.523872,1514,1448,2418.5
1.523874,1514,1448,1.2
1.526296,1514,1448,2422.1
1.526297,1514,1448,1.2
1.528716,1514,1448,2419.5
1.528718,1514,1448,1.2
1.531140,1514,1448,2422.6
1.531141,1514,1448,1.2
1.533566,1514,1448,2425.2
1.533568,1514,1448,1.2
1.535993,1514,1448,2425.2
1.535995,1514,1448,1.7
1.538408,1514,1448,2413.0
1.538409,1514,1448,1.4
1.540829,1514,1448,2419.9
1.540830,1514,1448,1.2
1.543251,1514,1448,2421.1
1.543252,1514,1448,1.2
1.544467,1514,1448,1214.7
1.546886,1514,1448,2418.5
1.546887,1514,1448,1.2
1.549307,1514,1448,2419.9
1.549308,1514,1448,1.4
1.551729,1514,1448,2421.1
1.551731,1514,1448,1.2
1.552944,1514,1448,1213.6
1.552945,1514,1448,1.2
1.555367,1514,1448,2421.9
1.555368,1514,1448,1.0
1.557792,1514,1448,2423.5
1.557793,1514,1448,1.7
1.560209,1514,1448,2415.2
1.560210,1514,1448,1.2
1.562630,1514,1448,2420.7
1.562632,1514,1448,1.4
1.565052,1514,1448,2420.4
1.565053,1514,1448,1.2
1.567476,1514,1448,2422.6
1.567478,1514,1448,1.7
1.569898,1514,1448,2419.9
1.569899,1514,1448,1.2
1.572320,1514,1448,2420.7
1.572321,1514,1448,1.2
1.574744,1514,1448,2422.8
1.574745,1514,1448,1.2
1.577174,1514,1448,2429.5
1.577176,1514,1448,1.4
1.579592,1514,1448,2416.1
1.579594,1514,1448,1.9
1.582010,1514,1448,2416.6
1.582011,1514,1448,1.2
1.584434,1514,1448,2422.3
1.584435,1514,1448,1.2
1.586856,1514,1448,2421.4
1.586858,1514,1448,1.2
1.589277,1514,1448,2419.0
1.589278,1514,1448,1.2
1.591699,1514,1448,2421.4
1.591700,1514,1448,1.2
1.594121,1514,1448,2421.1
1.594123,1514,1448,1.2
1.596544,1514,1448,2421.1
1.596545,1514,1448,1.2
1.598980,1514,1448,2435.2
1.598982,1514,1448,1.7
1.601394,1514,1448,2412.1
1.601396,1514,1448,1.7
1.603824,1514,1448,2428.3
1.603826,1514,1448,1.7
1.606283,1514,1448,2457.4
1.606289,1514,1448,6.4
1.607473,1514,1448,1183.3
1.609889,1514,1448,2415.9
1.609891,1514,1448,2.1
1.612313,1514,1448,2421.9
1.612316,1514,1448,3.3
1.612321,1514,1448,5.5
1.614718,1514,1448,2396.8
1.614720,1514,1448,1.7
1.617136,1514,1448,2416.1
1.617137,1514,1448,1.2
1.619578,1514,1448,2440.5
1.619579,1514,1448,1.4
1.621989,1514,1448,2409.9
1.621991,1514,1448,1.7
1.624420,1514,1448,2429.2
1.624421,1514,1448,1.2
1.626849,1514,1448,2427.8
1.626850,1514,1448,1.2
1.629255,1514,1448,2404.5
1.629256,1514,1448,1.4
1.631693,1514,1448,2436.9
1.631694,1514,1448,1.4
1.634124,1514,1448,2429.7
1.634125,1514,1448,1.4
1.636516,1514,1448,2390.4
1.636517,1514,1448,1.2
1.638937,1514,1448,2420.4
1.638939,1514,1448,1.2
1.641363,1514,1448,2424.7
1.641365,1514,1448,1.2
1.643793,1514,1448,2428.1
1.643794,1514,1448,1.7
1.646224,1514,1448,2429.5
1.646225,1514,1448,1.7
1.648634,1514,1448,2408.5
1.648636,1514,1448,1.9
1.651053,1514,1448,2417.3
1.651054,1514,1448,1.2
1.653476,1514,1448,2422.1
1.653478,1514,1448,1.2
1.655895,1514,1448,2417.6
1.655896,1514,1448,1.2
1.658317,1514,1448,2420.7
1.658318,1514,1448,1.2
1.660739,1514,1448,2420.9
1.660740,1514,1448,1.2
1.663169,1514,1448,2428.8
1.663171,1514,1448,1.7
1.665595,1514,1448,2424.0
1.665596,1514,1448,1.7
1.668007,1514,1448,2410.7
1.668008,1514,1448,1.2
1.670429,1514,1448,2420.7
1.670430,1514,1448,1.0
1.671665,1514,1448,1235.2
1.674061,1514,1448,2395.9
1.674062,1514,1448,1.2
1.676490,1514,1448,2427.6
1.676491,1514,1448,1.2
1.677701,1514,1448,1209.5
1.677702,1514,1448,1.2
1.680118,1514,1448,2415.9
1.680119,1514,1448,1.0
1.682543,1514,1448,2424.0
1.682544,1514,1448,1.2
1.684976,1514,1448,2431.9
1.684978,1514,1448,1.9
1.687390,1514,1448,2412.6
1.687392,1514,1448,1.7
1.689807,1514,1448,2414.9
1.689808,1514,1448,1.4
1.692229,1514,1448,2420.7
1.692230,1514,1448,1.2
1.694651,1514,1448,2421.4
1.694653,1514,1448,1.2
1.697075,1514,1448,2422.1
1.697076,1514,1448,1.2
1.699496,1514,1448,2419.9
1.699497,1514,1448,1.2
1.701924,1514,1448,2427.1
1.701925,1514,1448,1.2
1.704344,1514,1448,2418.8
1.704345,1514,1448,1.0
1.706780,1514,1448,2434.7
1.706782,1514,1448,2.4
1.709194,1514,1448,2411.6
1.709195,1514,1448,1.7
1.711618,1514,1448,2423.0
1.711620,1514,1448,1.9
1.714039,1514,1448,2418.3
1.714041,1514,1448,1.9
1.716462,1514,1448,2421.6
1.716464,1514,1448,1.9
1.718882,1514,1448,2418.3
1.718884,1514,1448,1.7
1.721311,1514,1448,2427.1
1.721313,1514,1448,1.7
1.723730,1514,1448,2417.3
1.723732,1514,1448,1.7
1.726157,1514,1448,2425.0
1.726159,1514,1448,1.9
1.728575,1514,1448,2415.9
1.728576,1514,1448,1.4
1.731001,1514,1448,2425.0
1.731003,1514,1448,1.9
1.733421,1514,1448,2418.3
1.733423,1514,1448,1.7
1.735848,1514,1448,2425.0
1.735850,1514,1448,1.9
1.737078,1514,1448,1228.1
1.739479,1514,1448,2401.1
1.739486,1514,1448,7.2
1.739498,1514,1448,12.2
1.741898,1514,1448,2400.2
1.741900,1514,1448,1.4
1.744320,1514,1448,2419.9
1.744321,1514,1448,1.4
1.746741,1514,1448,2419.5
1.746742,1514,1448,1.2
1.749162,1514,1448,2420.7
1.749164,1514,1448,1.9
1.751587,1514,1448,2422.8
1.751589,1514,1448,1.4
1.754018,1514,1448,2429.7
1.754020,1514,1448,1.7
1.756432,1514,1448,2411.8
1.756433,1514,1448,1.0
1.758852,1514,1448,2419.7
1.758854,1514,1448,1.4
1.761274,1514,1448,2419.7
1.761275,1514,1448,1.7
1.763698,1514,1448,2422.3
1.763699,1514,1448,1.4
1.766123,1514,1448,2424.0
1.766124,1514,1448,1.4
1.768545,1514,1448,2420.9
1.768547,1514,1448,1.7
1.770966,1514,1448,2418.8
1.770967,1514,1448,1.2
1.773405,1514,1448,2438.3
1.773407,1514,1448,2.1
1.775820,1514,1448,2412.8
1.775823,1514,1448,2.4
1.778235,1514,1448,2412.8
1.778237,1514,1448,1.4
1.780661,1514,1448,2424.5
1.780663,1514,1448,1.9
1.783078,1514,1448,2414.9
1.783080,1514,1448,1.4
1.785512,1514,1448,2432.1
1.785513,1514,1448,1.0
1.787926,1514,1448,2413.7
1.787928,1514,1448,1.7
1.790349,1514,1448,2421.4
1.790351,1514,1448,1.9
1.792791,1514,1448,2439.3
1.792792,1514,1448,1.4
1.795202,1514,1448,2410.4
1.795205,1514,1448,2.1
1.797616,1514,1448,2411.1
1.797618,1514,1448,2.1
1.800035,1514,1448,2417.3
1.800037,1514,1448,1.4
1.802462,1514,1448,2425.7
1.802464,1514,1448,1.4
1.803679,1514,1448,1215.0
1.806090,1514,1448,2411.6
1.806092,1514,1448,1.4
1.807310,1514,1448,1218.1
1.807311,1514,1448,1.4
1.809723,1514,1448,2411.8
1.809725,1514,1448,1.4
1.812146,1514,1448,2421.1
1.812147,1514,1448,1.7
1.814571,1514,1448,2423.8
1.814573,1514,1448,1.4
1.816995,1514,1448,2422.8
1.816997,1514,1448,1.4
1.819421,1514,1448,2424.0
1.819423,1514,1448,1.9
1.821842,1514,1448,2419.7
1.821844,1514,1448,1.4
1.824263,1514,1448,2419.2
1.824265,1514,1448,1.4
1.826686,1514,1448,2421.6
1.826687,1514,1448,1.2
1.829108,1514,1448,2421.1
1.829110,1514,1448,1.4
1.831534,1514,1448,2423.8
1.831536,1514,1448,2.1
1.833954,1514,1448,2418.3
1.833956,1514,1448,1.7
1.836383,1514,1448,2427.6
1.836385,1514,1448,1.7
1.838806,1514,1448,2420.9
1.838808,1514,1448,1.9
1.841228,1514,1448,2420.2
1.841230,1514,1448,1.7
1.843647,1514,1448,2417.8
1.843649,1514,1448,1.4
1.846072,1514,1448,2423.0
1.846074,1514,1448,1.9
1.848499,1514,1448,2425.2
1.848501,1514,1448,1.9
1.850916,1514,1448,2414.9
1.850917,1514,1448,1.4
1.853338,1514,1448,2420.9
1.853340,1514,1448,1.7
1.855761,1514,1448,2421.1
1.855763,1514,1448,2.4
1.858186,1514,1448,2422.3
1.858187,1514,1448,1.7
1.860606,1514,1448,2418.5
1.860609,1514,1448,2.9
1.863021,1514,1448,2411.8
1.863022,1514,1448,1.4
1.865451,1514,1448,2429.0
1.865453,1514,1448,1.9
1.867871,1514,1448,2417.6
1.867872,1514,1448,1.7
1.870293,1514,1448,2420.9
1.870295,1514,1448,1.4
1.871533,1514,1448,1238.6
1.871535,1514,1448,1.7
1.873924,1514,1448,2388.7
1.873925,1514,1448,1.4
1.876345,1514,1448,2419.9
1.876347,1514,1448,1.7
1.878768,1514,1448,2421.4
1.878770,1514,1448,1.9
1.881188,1514,1448,2418.5
1.881190,1514,1448,1.4
1.883608,1514,1448,2418.0
1.883609,1514,1448,1.2
1.886031,1514,1448,2421.9
1.886032,1514,1448,1.4
1.888452,1514,1448,2419.5
1.888453,1514,1448,1.0
1.890875,1514,1448,2422.3
1.890876,1514,1448,1.0
1.893301,1514,1448,2424.7
1.893302,1514,1448,1.7
1.895720,1514,1448,2417.3
1.895721,1514,1448,1.7
1.898144,1514,1448,2422.8
1.898146,1514,1448,1.7
1.900570,1514,1448,2423.8
1.900571,1514,1448,1.7
1.903005,1514,1448,2433.3
1.903006,1514,1448,1.2
1.905417,1514,1448,2410.9
1.905418,1514,1448,1.4
1.907833,1514,1448,2414.9
1.907835,1514,1448,1.7
1.910254,1514,1448,2419.5
1.910256,1514,1448,1.4
1.912689,1514,1448,2433.3
1.912690,1514,1448,1.4
1.915103,1514,1448,2412.8
1.915105,1514,1448,1.4
1.917521,1514,1448,2416.8
1.917523,1514,1448,1.9
1.919942,1514,1448,2419.0
1.919944,1514,1448,1.4
1.922362,1514,1448,2417.8
1.922363,1514,1448,1.2
1.924796,1514,1448,2432.8
1.924797,1514,1448,1.2
1.927212,1514,1448,2415.2
1.927213,1514,1448,1.2
1.929630,1514,1448,2417.1
1.929632,1514,1448,1.4
1.932055,1514,1448,2423.5
1.932056,1514,1448,1.2
1.934473,1514,1448,2416.8
1.934475,1514,1448,1.4
1.936897,1514,1448,2422.3
1.936898,1514,1448,1.4
1.939319,1514,1448,2420.9
1.939321,1514,1448,1.9
1.939326,1514,1448,4.3
1.941739,1514,1448,2413.3
1.941740,1514,1448,1.4
1.944160,1514,1448,2419.9
1.944162,1514,1448,1.7
1.946586,1514,1448,2423.8
1.946587,1514,1448,1.2
1.949007,1514,1448,2420.2
1.949008,1514,1448,1.4
1.951429,1514,1448,2420.7
1.951431,1514,1448,1.4
1.953853,1514,1448,2422.8
1.953855,1514,1448,1.4
1.956275,1514,1448,2419.7
1.956276,1514,1448,1.4
1.958706,1514,1448,2430.4
1.958708,1514,1448,1.9
1.961130,1514,1448,2421.9
1.961132,1514,1448,1.7
1.963556,1514,1448,2423.8
1.963557,1514,1448,1.9
1.965976,1514,1448,2419.0
1.965979,1514,1448,2.4
1.968402,1514,1448,2422.8
1.968404,1514,1448,2.1
1.970820,1514,1448,2416.6
1.970822,1514,1448,1.9
1.973241,1514,1448,2418.5
1.973242,1514,1448,1.4
1.975664,1514,1448,2421.4
1.975665,1514,1448,1.7
1.978082,1514,1448,2416.6
1.978083,1514,1448,1.2
1.980508,1514,1448,2425.0
1.980510,1514,1448,1.7
1.982943,1514,1448,2432.8
1.982945,1514,1448,2.4
1.985360,1514,1448,2414.9
1.985362,1514,1448,1.7
1.987783,1514,1448,2421.4
1.987785,1514,1448,1.7
1.990212,1514,1448,2427.1
1.990214,1514,1448,1.9
1.992621,1514,1448,2407.1
1.992623,1514,1448,2.1
1.995040,1514,1448,2417.6
1.995042,1514,1448,1.4
1.997462,1514,1448,2419.9
1.997463,1514,1448,1.4
1.999884,1514,1448,2420.9
1.999886,1514,1448,1.4
2.002312,1514,1448,2426.9
2.002314,1514,1448,1.7
2.004732,1514,1448,2417.8
2.004733,1514,1448,1.4
2.007156,1514,1448,2422.6
2.007157,1514,1448,1.4
2.009578,1514,1448,2421.1
2.009580,1514,1448,1.4
2.010799,1514,1448,1218.8
2.010800,1514,1448,1.2
2.013212,1514,1448,2411.8
2.013214,1514,1448,1.9
2.015629,1514,1448,2415.2
2.015630,1514,1448,1.4
2.018051,1514,1448,2420.9
2.018053,1514,1448,1.4
2.020476,1514,1448,2423.8
2.020478,1514,1448,1.4
2.022900,1514,1448,2422.6
2.022902,1514,1448,1.4
2.025316,1514,1448,2414.5
2.025318,1514,1448,1.4
2.027736,1514,1448,2418.3
2.027737,1514,1448,1.4
2.030170,1514,1448,2432.6
2.030173,1514,1448,2.6
2.032590,1514,1448,2417.1
2.032592,1514,1448,1.9
2.035011,1514,1448,2419.5
2.035013,1514,1448,1.7
2.037434,1514,1448,2421.4
2.037436,1514,1448,1.7
2.039848,1514,1448,2411.8
2.039849,1514,1448,1.4
2.042269,1514,1448,2420.2
2.042270,1514,1448,1.2
2.044690,1514,1448,2419.7
2.044691,1514,1448,1.2
2.047113,1514,1448,2422.1
2.047115,1514,1448,1.2
2.049538,1514,1448,2423.3
2.049539,1514,1448,1.2
2.051961,1514,1448,2422.1
2.051962,1514,1448,1.0
2.054384,1514,1448,2422.1
2.054385,1514,1448,1.2
2.056811,1514,1448,2425.4
2.056812,1514,1448,1.2
2.059224,1514,1448,2412.1
2.059225,1514,1448,1.2
2.061647,1514,1448,2421.4
2.061648,1514,1448,1.4
2.064069,1514,1448,2420.9
2.064070,1514,1448,1.2
2.066490,1514,1448,2420.2
2.066492,1514,1448,1.2
2.068914,1514,1448,2422.1
2.068915,1514,1448,1.0
2.071336,1514,1448,2421.6
2.071337,1514,1448,1.0
2.073758,1514,1448,2420.9
2.073759,1514,1448,1.0
2.076185,1514,1448,2425.9
2.076186,1514,1448,1.2
2.078609,1514,1448,2422.6
2.078610,1514,1448,1.7
2.078614,1514,1448,3.1
2.081025,1514,1448,2411.8
2.081026,1514,1448,1.0
2.083455,1514,1448,2428.8
2.083457,1514,1448,1.4
2.085920,1514,1448,2463.6
2.085925,1514,1448,4.8
2.088328,1514,1448,2403.5
2.088332,1514,1448,3.6
2.090749,1514,1448,2416.6
2.090751,1514,1448,2.9
2.093162,1514,1448,2410.2
2.093163,1514,1448,1.9
2.095559,1514,1448,2395.6
2.095560,1514,1448,1.0
2.097987,1514,1448,2426.9
2.097988,1514,1448,1.2
2.100415,1514,1448,2426.9
2.100417,1514,1448,2.1
2.102833,1514,1448,2415.4
2.102834,1514,1448,1.2
2.105270,1514,1448,2436.2
2.105271,1514,1448,1.4
2.107684,1514,1448,2412.6
2.107685,1514,1448,1.2
2.110098,1514,1448,2412.8
2.110099,1514,1448,1.2
2.112530,1514,1448,2430.4
2.112531,1514,1448,1.2
2.114952,1514,1448,2421.4
2.114953,1514,1448,1.2
2.117360,1514,1448,2406.6
2.117361,1514,1448,1.2
2.119787,1514,1448,2426.4
2.119789,1514,1448,1.2
2.122211,1514,1448,2421.9
2.122212,1514,1448,1.4
2.124628,1514,1448,2416.4
2.124629,1514,1448,1.2
2.127050,1514,1448,2420.4
2.127051,1514,1448,1.0
2.129481,1514,1448,2429.7
2.129482,1514,1448,1.4
2.131912,1514,1448,2429.5
2.131914,1514,1448,2.4
2.134345,1514,1448,2430.9
2.134347,1514,1448,2.6
2.136741,1514,1448,2393.5
2.136742,1514,1448,1.0
2.139219,1514,1448,2477.4
2.139225,1514,1448,6.0
2.141671,1514,1448,2446.2
2.141681,1514,1448,9.5
2.144019,1514,1448,2337.7
2.144021,1514,1448,2.1
2.146429,1514,1448,2408.3
2.146430,1514,1448,1.2
2.148857,1514,1448,2426.9
2.148858,1514,1448,1.2
2.151277,1514,1448,2418.3
2.151278,1514,1448,1.2
2.152526,1514,1448,1248.6
2.152528,1514,1448,1.2
2.154944,1514,1448,2416.8
2.154946,1514,1448,1.2
2.157340,1514,1448,2394.2
2.157341,1514,1448,1.0
2.159762,1514,1448,2420.9
2.159763,1514,1448,1.2
2.162177,1514,1448,2414.2
2.162178,1514,1448,1.0
2.164611,1514,1448,2432.8
2.164613,1514,1448,1.9
2.167024,1514,1448,2411.4
2.167025,1514,1448,1.2
2.169442,1514,1448,2416.8
2.169444,1514,1448,1.4
2.171864,1514,1448,2419.9
2.171865,1514,1448,1.2
2.174287,1514,1448,2422.1
2.174288,1514,1448,1.2
2.176709,1514,1448,2421.4
2.176711,1514,1448,1.2
2.179131,1514,1448,2419.9
2.179132,1514,1448,1.2
2.181555,1514,1448,2423.3
2.181556,1514,1448,1.2
2.183976,1514,1448,2419.5
2.183977,1514,1448,1.2
2.186408,1514,1448,2431.2
2.186410,1514,1448,1.7
2.188826,1514,1448,2416.4
2.188828,1514,1448,1.4
2.191243,1514,1448,2415.7
2.191244,1514,1448,1.2
2.193666,1514,1448,2421.4
2.193667,1514,1448,1.0
2.196087,1514,1448,2420.2
2.196088,1514,1448,1.2
2.198509,1514,1448,2421.1
2.198510,1514,1448,1.2
2.200933,1514,1448,2422.1
2.200933,1514,1448,1.0
2.203355,1514,1448,2421.4
2.203356,1514,1448,1.2
2.205779,1514,1448,2423.0
2.205780,1514,1448,1.2
2.208208,1514,1448,2427.3
2.208209,1514,1448,1.7
2.210625,1514,1448,2415.7
2.210626,1514,1448,1.2
2.213045,1514,1448,2418.8
2.213046,1514,1448,1.2
2.215466,1514,1448,2419.9
2.215467,1514,1448,1.2
2.217889,1514,1448,2422.1
2.217891,1514,1448,1.2
2.220310,1514,1448,2419.7
2.220311,1514,1448,1.2
2.222734,1514,1448,2422.6
2.222736,1514,1448,1.7
2.222739,1514,1448,3.3
2.225157,1514,1448,2417.6
2.225158,1514,1448,1.2
2.227582,1514,1448,2424.5
2.227583,1514,1448,1.2
2.230001,1514,1448,2418.0
2.230003,1514,1448,1.2
2.232424,1514,1448,2421.1
2.232425,1514,1448,1.2
2.234845,1514,1448,2419.9
2.234846,1514,1448,1.2
2.237268,1514,1448,2421.9
2.237269,1514,1448,1.2
2.239690,1514,1448,2420.7
2.239691,1514,1448,1.2
2.242115,1514,1448,2424.0
2.242116,1514,1448,1.2
2.244536,1514,1448,2419.7
2.244537,1514,1448,1.0
2.246957,1514,1448,2419.7
2.246958,1514,1448,1.2
2.249380,1514,1448,2422.1
2.249381,1514,1448,1.2
2.251810,1514,1448,2428.5
2.251811,1514,1448,1.4
2.254231,1514,1448,2420.2
2.254233,1514,1448,1.4
2.256647,1514,1448,2414.2
2.256648,1514,1448,1.2
2.259071,1514,1448,2422.8
2.259072,1514,1448,1.2
2.261515,1514,1448,2442.8
2.261516,1514,1448,1.0
2.263916,1514,1448,2400.4
2.263917,1514,1448,1.2
2.266340,1514,1448,2422.8
2.266341,1514,1448,1.2
2.268761,1514,1448,2419.7
2.268762,1514,1448,1.2
2.271186,1514,1448,2423.5
2.271187,1514,1448,1.4
2.273612,1514,1448,2424.7
2.273613,1514,1448,1.4
2.276030,1514,1448,2416.1
2.276031,1514,1448,1.2
2.278453,1514,1448,2422.3
2.278454,1514,1448,1.2
2.280875,1514,1448,2420.4
2.280876,1514,1448,1.4
2.283300,1514,1448,2424.0
2.283301,1514,1448,1.2
2.285722,1514,1448,2420.9
2.285724,1514,1448,1.4
2.288145,1514,1448,2421.1
2.288146,1514,1448,1.4
2.290568,1514,1448,2421.6
2.290569,1514,1448,1.4
2.292991,1514,1448,2421.4
2.292992,1514,1448,1.4
2.295413,1514,1448,2420.9
2.295414,1514,1448,1.4
2.297835,1514,1448,2420.7
2.297837,1514,1448,1.4
2.299050,1514,1448,1213.3
2.299051,1514,1448,1.2
2.301463,1514,1448,2412.1
2.301464,1514,1448,1.2
2.303886,1514,1448,2422.1
2.303887,1514,1448,1.0
2.306308,1514,1448,2420.4
2.306309,1514,1448,1.2
2.308730,1514,1448,2420.9
2.308731,1514,1448,1.2
2.311152,1514,1448,2420.7
2.311153,1514,1448,1.2
2.313575,1514,1448,2422.1
2.313576,1514,1448,1.2
2.315998,1514,1448,2421.9
2.315999,1514,1448,1.2
2.318422,1514,1448,2422.8
2.318423,1514,1448,1.2
2.320842,1514,1448,2418.3
2.320843,1514,1448,1.2
2.323264,1514,1448,2421.1
2.323265,1514,1448,1.2
2.325686,1514,1448,2421.1
2.325687,1514,1448,1.2
2.328108,1514,1448,2420.9
2.328110,1514,1448,1.2
2.330531,1514,1448,2421.1
2.330532,1514,1448,1.0
2.332952,1514,1448,2420.7
2.332953,1514,1448,1.2
2.335375,1514,1448,2421.6
2.335376,1514,1448,1.0
2.337798,1514,1448,2422.3
2.337800,1514,1448,1.4
2.340221,1514,1448,2421.1
2.340222,1514,1448,1.2
2.342642,1514,1448,2419.9
2.342643,1514,1448,1.0
2.345064,1514,1448,2421.4
2.345066,1514,1448,1.2
2.347487,1514,1448,2421.6
2.347488,1514,1448,1.0
2.349909,1514,1448,2421.1
2.349910,1514,1448,1.0
2.352332,1514,1448,2421.4
2.352333,1514,1448,1.2
2.354754,1514,1448,2421.6
2.354755,1514,1448,1.0
2.357176,1514,1448,2420.7
2.357177,1514,1448,1.0
2.359599,1514,1448,2421.9
2.359600,1514,1448,1.2
2.362021,1514,1448,2420.7
2.362022,1514,1448,1.2
2.364443,1514,1448,2420.9
2.364444,1514,1448,1.2
2.366866,1514,1448,2421.9
2.366867,1514,1448,1.2
2.369287,1514,1448,2420.4
2.369289,1514,1448,1.2
2.371711,1514,1448,2422.1
2.371712,1514,1448,1.7
2.371716,1514,1448,3.3
2.374134,1514,1448,2418.5
2.374135,1514,1448,1.0
2.376555,1514,1448,2419.9
2.376556,1514,1448,1.0
2.378978,1514,1448,2421.4
2.378979,1514,1448,1.2
2.381401,1514,1448,2422.1
2.381402,1514,1448,1.0
2.383822,1514,1448,2420.7
2.383824,1514,1448,1.2
2.386245,1514,1448,2421.4
2.386246,1514,1448,1.2
2.388667,1514,1448,2420.7
2.388668,1514,1448,1.0
2.391090,1514,1448,2422.1
2.391091,1514,1448,1.2
2.393513,1514,1448,2421.6
2.393514,1514,1448,1.2
2.395934,1514,1448,2420.4
2.395936,1514,1448,1.2
2.398357,1514,1448,2421.4
2.398358,1514,1448,1.2
2.400779,1514,1448,2420.9
2.400780,1514,1448,1.2
2.403236,1514,1448,2456.2
2.403238,1514,1448,1.4
2.405625,1514,1448,2387.5
2.405626,1514,1448,1.0
2.408047,1514,1448,2420.4
2.408048,1514,1448,1.2
2.410469,1514,1448,2420.9
2.410470,1514,1448,1.2
2.412893,1514,1448,2423.3
2.412894,1514,1448,1.2
2.415314,1514,1448,2419.7
2.415315,1514,1448,1.2
2.417737,1514,1448,2421.1
2.417737,1514,1448,1.0
2.420158,1514,1448,2420.4
2.420159,1514,1448,1.2
2.422587,1514,1448,2428.3
2.422589,1514,1448,1.2
2.425009,1514,1448,2420.4
2.425010,1514,1448,1.0
2.427428,1514,1448,2417.6
2.427428,1514,1448,1.0
2.429849,1514,1448,2420.2
2.429850,1514,1448,1.2
2.432271,1514,1448,2421.1
2.432272,1514,1448,1.2
2.434693,1514,1448,2421.1
2.434694,1514,1448,1.0
2.437116,1514,1448,2421.6
2.437117,1514,1448,1.0
2.439537,1514,1448,2420.4
2.439538,1514,1448,1.2
2.441960,1514,1448,2421.9
2.441962,1514,1448,1.2
2.444399,1514,1448,2437.1
2.444400,1514,1448,1.4
2.446809,1514,1448,2408.5
2.446810,1514,1448,1.4
2.449229,1514,1448,2418.5
2.449229,1514,1448,1.0
2.450467,1514,1448,1237.2
2.450468,1514,1448,1.2
2.452862,1514,1448,2393.7
2.452863,1514,1448,1.0
2.455283,1514,1448,2420.9
2.455285,1514,1448,1.2
2.457706,1514,1448,2421.1
2.457707,1514,1448,1.2
2.460130,1514,1448,2423.3
2.460131,1514,1448,1.0
2.462551,1514,1448,2420.2
2.462552,1514,1448,1.0
2.464978,1514,1448,2425.2
2.464979,1514,1448,1.4
2.467397,1514,1448,2418.0
2.467398,1514,1448,1.0
2.469818,1514,1448,2420.4
2.469820,1514,1448,1.2
2.472241,1514,1448,2421.4
2.472242,1514,1448,1.2
2.474663,1514,1448,2420.7
2.474664,1514,1448,1.2
2.477086,1514,1448,2421.9
2.477087,1514,1448,1.0
2.479507,1514,1448,2420.7
2.479509,1514,1448,1.2
2.481930,1514,1448,2421.4
2.481931,1514,1448,1.2
2.484353,1514,1448,2421.6
2.484354,1514,1448,1.2
2.486779,1514,1448,2425.4
2.486781,1514,1448,1.2
2.489200,1514,1448,2419.5
2.489201,1514,1448,1.0
2.491620,1514,1448,2419.0
2.491621,1514,1448,1.2
2.494042,1514,1448,2420.7
2.494043,1514,1448,1.2
2.496464,1514,1448,2420.7
2.496465,1514,1448,1.2
2.498887,1514,1448,2422.3
2.498888,1514,1448,1.0
2.501309,1514,1448,2420.7
2.501310,1514,1448,1.2
2.503733,1514,1448,2422.6
2.503734,1514,1448,1.2
2.506154,1514,1448,2420.2
2.506155,1514,1448,1.2
2.508597,1514,1448,2441.4
2.508598,1514,1448,1.4
2.511000,1514,1448,2402.1
2.511001,1514,1448,1.0
2.513421,1514,1448,2419.9
2.513422,1514,1448,1.2
2.515859,1514,1448,2436.9
2.515860,1514,1448,1.0
2.518265,1514,1448,2404.9
2.518266,1514,1448,1.2
2.520688,1514,1448,2422.1
2.520689,1514,1448,1.2
2.523110,1514,1448,2420.2
2.523111,1514,1448,1.2
2.525533,1514,1448,2421.9
2.525535,1514,1448,1.9
2.525538,1514,1448,3.1
2.527955,1514,1448,2416.8
2.527956,1514,1448,1.2
2.530384,1514,1448,2428.1
2.530385,1514,1448,1.7
2.532801,1514,1448,2415.9
2.532802,1514,1448,1.0
2.535223,1514,1448,2420.4
2.535224,1514,1448,1.0
2.537645,1514,1448,2421.6
2.537647,1514,1448,1.2
2.540067,1514,1448,2420.7
2.540068,1514,1448,1.2
2.542490,1514,1448,2421.9
2.542491,1514,1448,1.0
2.544912,1514,1448,2421.1
2.544914,1514,1448,1.2
2.547334,1514,1448,2420.2
2.547335,1514,1448,1.2
2.549761,1514,1448,2425.9
2.549762,1514,1448,1.0
2.552189,1514,1448,2426.9
2.552190,1514,1448,1.2
2.554602,1514,1448,2412.1
2.554603,1514,1448,1.2
2.557024,1514,1448,2421.4
2.557026,1514,1448,1.2
2.559447,1514,1448,2420.9
2.559448,1514,1448,1.2
2.561869,1514,1448,2421.1
2.561870,1514,1448,1.0
2.564291,1514,1448,2420.9
2.564292,1514,1448,1.2
2.566714,1514,1448,2421.6
2.566715,1514,1448,1.2
2.569136,1514,1448,2420.9
2.569137,1514,1448,1.2
2.571562,1514,1448,2424.7
2.571563,1514,1448,1.2
2.573983,1514,1448,2420.2
2.573984,1514,1448,1.0
2.576403,1514,1448,2419.0
2.576404,1514,1448,1.2
2.578826,1514,1448,2421.9
2.578827,1514,1448,1.2
2.581250,1514,1448,2422.8
2.581251,1514,1448,1.2
2.583671,1514,1448,2420.2
2.583672,1514,1448,1.0
2.586093,1514,1448,2420.7
2.586094,1514,1448,1.2
2.588515,1514,1448,2421.1
2.588516,1514,1448,1.2
2.590938,1514,1448,2421.4
2.590939,1514,1448,1.0
2.593365,1514,1448,2426.4
2.593366,1514,1448,1.0
2.595785,1514,1448,2418.5
2.595786,1514,1448,1.4
2.598205,1514,1448,2418.8
2.598206,1514,1448,1.2
2.600635,1514,1448,2429.2
2.600636,1514,1448,1.0
2.603051,1514,1448,2414.7
2.603052,1514,1448,1.4
2.605494,1514,1448,2441.2
2.605496,1514,1448,2.9
2.606721,1514,1448,1224.3
2.606722,1514,1448,1.2
2.609113,1514,1448,2391.6
2.609115,1514,1448,1.4
2.611577,1514,1448,2462.1
2.611582,1514,1448,5.0
2.614040,1514,1448,2458.1
2.614051,1514,1448,10.5
2.616378,1514,1448,2327.2
2.616379,1514,1448,1.7
2.618797,1514,1448,2417.1
2.618798,1514,1448,1.0
2.621220,1514,1448,2422.6
2.621221,1514,1448,1.2
2.623643,1514,1448,2421.6
2.623644,1514,1448,1.0
2.626069,1514,1448,2425.0
2.626070,1514,1448,1.2
2.628497,1514,1448,2426.6
2.628498,1514,1448,1.0
2.630934,1514,1448,2435.9
2.630935,1514,1448,1.2
2.633376,1514,1448,2441.4
2.633377,1514,1448,1.2
2.635754,1514,1448,2376.3
2.635755,1514,1448,1.2
2.638176,1514,1448,2421.6
2.638177,1514,1448,1.0
2.640599,1514,1448,2421.9
2.640600,1514,1448,1.2
2.643022,1514,1448,2421.4
2.643023,1514,1448,1.2
2.645458,1514,1448,2434.7
2.645460,1514,1448,2.1
2.647873,1514,1448,2413.0
2.647874,1514,1448,1.4
2.650289,1514,1448,2414.9
2.650291,1514,1448,1.4
2.652710,1514,1448,2419.5
2.652711,1514,1448,1.2
2.655133,1514,1448,2421.1
2.655134,1514,1448,1.2
2.657555,1514,1448,2421.1
2.657556,1514,1448,1.2
2.659979,1514,1448,2422.6
2.659980,1514,1448,1.0
2.662399,1514,1448,2419.5
2.662400,1514,1448,1.2
2.664824,1514,1448,2423.5
2.664825,1514,1448,1.2
2.667248,1514,1448,2423.3
2.667249,1514,1448,1.0
2.669673,1514,1448,2423.5
2.669674,1514,1448,1.0
2.672090,1514,1448,2415.9
2.672091,1514,1448,1.2
2.674512,1514,1448,2421.1
2.674513,1514,1448,1.2
2.676934,1514,1448,2420.7
2.676935,1514,1448,1.0
2.679359,1514,1448,2424.2
2.679360,1514,1448,1.0
2.681798,1514,1448,2437.8
2.681799,1514,1448,1.4
2.684202,1514,1448,2403.0
2.684204,1514,1448,1.9
2.684208,1514,1448,3.6
2.686623,1514,1448,2415.4
2.686624,1514,1448,1.2
2.689046,1514,1448,2421.6
2.689047,1514,1448,1.2
2.691468,1514,1448,2420.7
2.691469,1514,1448,1.2
2.693890,1514,1448,2420.9
2.693891,1514,1448,1.2
2.696313,1514,1448,2422.3
2.696314,1514,1448,1.0
2.698735,1514,1448,2420.7
2.698736,1514,1448,1.2
2.701158,1514,1448,2421.4
2.701159,1514,1448,1.2
2.703581,1514,1448,2422.6
2.703583,1514,1448,1.2
2.706002,1514,1448,2419.9
2.706004,1514,1448,1.2
2.708424,1514,1448,2420.7
2.708426,1514,1448,1.2
2.710847,1514,1448,2421.1
2.710848,1514,1448,1.2
2.713269,1514,1448,2421.6
2.713271,1514,1448,1.2
2.715692,1514,1448,2421.1
2.715693,1514,1448,1.2
2.718115,1514,1448,2422.1
2.718116,1514,1448,1.2
2.720536,1514,1448,2419.9
2.720537,1514,1448,1.0
2.722960,1514,1448,2422.8
2.722961,1514,1448,1.2
2.725385,1514,1448,2423.8
2.725386,1514,1448,1.2
2.727805,1514,1448,2418.8
2.727806,1514,1448,1.2
2.730227,1514,1448,2420.4
2.730227,1514,1448,1.0
2.732648,1514,1448,2420.9
2.732650,1514,1448,1.2
2.735070,1514,1448,2420.7
2.735071,1514,1448,1.0
2.737493,1514,1448,2421.9
2.737494,1514,1448,1.2
2.739916,1514,1448,2421.6
2.739917,1514,1448,1.2
2.742339,1514,1448,2421.9
2.742340,1514,1448,1.4
2.744767,1514,1448,2426.4
2.744768,1514,1448,1.0
2.747184,1514,1448,2416.6
2.747185,1514,1448,1.2
2.749605,1514,1448,2419.7
2.749606,1514,1448,1.0
2.752028,1514,1448,2422.3
2.752030,1514,1448,1.2
2.754450,1514,1448,2420.2
2.754451,1514,1448,1.2
2.756872,1514,1448,2421.1
2.756873,1514,1448,1.2
2.759295,1514,1448,2421.1
2.759296,1514,1448,1.2
2.761717,1514,1448,2421.4
2.761718,1514,1448,1.2
2.764140,1514,1448,2421.4
2.764141,1514,1448,1.0
2.765354,1514,1448,1213.1
2.766563,1514,1448,1209.3
2.767774,1514,1448,1211.2
2.771205,1514,1448,3431.3
2.773618,1514,1448,2412.3
2.776040,1514,1448,2422.1
2.778462,1514,1448,2422.6
2.780885,1514,1448,2423.0
2.783307,1514,1448,2421.6
2.785730,1514,1448,2422.6
2.788162,1514,1448,2431.9
2.790574,1514,1448,2412.3
2.793002,1514,1448,2427.8
2.795421,1514,1448,2419.2
2.797843,1514,1448,2422.1
2.800265,1514,1448,2421.6
2.802686,1514,1448,2421.1
2.804484,1514,1448,1798.6
2.807532,1514,1448,3047.7
2.809956,1514,1448,2424.0
2.812378,1514,1448,2421.6
2.814800,1514,1448,2421.9
2.817223,1514,1448,2423.8
2.819644,1514,1448,2420.4
2.822070,1514,1448,2425.9
2.824496,1514,1448,2426.1
2.826911,1514,1448,2414.9
2.829334,1514,1448,2423.8
2.831757,1514,1448,2422.1
2.834178,1514,1448,2421.4
2.836601,1514,1448,2422.6
2.839024,1514,1448,2423.0
2.841445,1514,1448,2421.9
2.843868,1514,1448,2422.3
2.847501,1514,1448,3633.5
2.847715,1514,1448,214.1
2.850137,1514,1448,2421.4
2.850138,1514,1448,1.2
2.852558,1514,1448,2419.9
2.852559,1514,1448,1.4
2.854980,1514,1448,2420.7
2.854981,1514,1448,1.2
2.857401,1514,1448,2420.2
2.857403,1514,1448,1.2
2.859824,1514,1448,2421.6
2.859825,1514,1448,1.0
2.862247,1514,1448,2421.4
2.862247,1514,1448,1.0
2.864669,1514,1448,2421.6
2.864670,1514,1448,1.2
2.867092,1514,1448,2421.4
2.867093,1514,1448,1.0
2.869514,1514,1448,2421.4
2.869515,1514,1448,1.0
2.871936,1514,1448,2421.1
2.871937,1514,1448,1.2
2.874368,1514,1448,2430.9
2.874370,1514,1448,1.4
2.876782,1514,1448,2412.3
2.876783,1514,1448,1.2
2.879204,1514,1448,2420.4
2.879205,1514,1448,1.2
2.881626,1514,1448,2420.9
2.881627,1514,1448,1.2
2.884049,1514,1448,2422.6
2.884051,1514,1448,1.2
2.888726,1514,1448,4675.4
2.888728,1514,1448,1.7
2.888736,1514,1448,7.9
2.891360,1514,1448,2624.8
2.891361,1514,1448,1.2
2.892596,1514,1448,1235.0
2.895021,1514,1448,2424.2
2.895022,1514,1448,1.2
2.897487,1514,1448,2465.5
2.897489,1514,1448,1.4
2.899883,1514,1448,2394.0
2.899884,1514,1448,1.0
2.902285,1514,1448,2401.4
2.902286,1514,1448,1.0
2.904782,1514,1448,2496.2
2.904783,1514,1448,1.2
2.907183,1514,1448,2399.7
2.907185,1514,1448,1.4
2.909587,1514,1448,2402.8
2.909589,1514,1448,1.2
2.911986,1514,1448,2397.8
2.911987,1514,1448,1.0
2.914486,1514,1448,2499.1
2.914488,1514,1448,1.2
2.916888,1514,1448,2400.4
2.916889,1514,1448,1.2
2.919293,1514,1448,2403.5
2.919294,1514,1448,1.2
2.921691,1514,1448,2396.8
2.921692,1514,1448,1.2
2.924111,1514,1448,2418.8
2.924112,1514,1448,1.2
2.926592,1514,1448,2480.0
2.926593,1514,1448,1.2
2.931196,1514,1448,4603.4
2.931198,1514,1448,1.4
2.933695,1514,1448,2497.4
2.933697,1514,1448,1.7
2.933700,1514,1448,3.1
2.934894,1514,1448,1193.8
2.937242,1514,1448,2348.4
2.937243,1514,1448,1.2
2.938505,1514,1448,1261.5
2.940877,1514,1448,2372.3
2.940878,1514,1448,1.0
2.943303,1514,1448,2425.0
2.943304,1514,1448,1.2
2.945799,1514,1448,2494.8
2.945800,1514,1448,1.0
2.948200,1514,1448,2400.4
2.948202,1514,1448,1.2
2.950601,1514,1448,2399.4
2.950602,1514,1448,1.2
2.953002,1514,1448,2400.2
2.953003,1514,1448,1.0
2.955503,1514,1448,2499.6
2.955504,1514,1448,1.0
2.957904,1514,1448,2399.7
2.957905,1514,1448,1.0
2.960320,1514,1448,2415.4
2.960322,1514,1448,2.1
2.962708,1514,1448,2386.1
2.962709,1514,1448,1.2
2.965108,1514,1448,2398.7
2.965109,1514,1448,1.0
2.967513,1514,1448,2404.2
2.967514,1514,1448,1.0
2.969944,1514,1448,2429.2
2.969944,1514,1448,1.0
2.973656,1514,1448,3711.2
2.973657,1514,1448,1.0
2.976155,1514,1448,2497.9
2.976156,1514,1448,1.2
2.978578,1514,1448,2422.1
2.978580,1514,1448,1.7
2.978583,1514,1448,3.3
2.981009,1514,1448,2426.1
2.981010,1514,1448,1.4
2.983424,1514,1448,2414.0
2.983426,1514,1448,1.2
2.984632,1514,1448,1206.9
2.987056,1514,1448,2423.3
2.987057,1514,1448,1.2
2.989485,1514,1448,2427.8
2.989486,1514,1448,1.2
2.991900,1514,1448,2414.2
2.991901,1514,1448,1.0
2.994324,1514,1448,2423.3
2.994326,1514,1448,1.2
2.996745,1514,1448,2419.0
2.996746,1514,1448,1.2
2.999167,1514,1448,2421.4
2.999168,1514,1448,1.2
3.001602,1514,1448,2433.8
3.001603,1514,1448,1.0
3.004015,1514,1448,2412.1
3.004016,1514,1448,1.2
3.006435,1514,1448,2418.8
3.006436,1514,1448,1.0
3.008858,1514,1448,2421.6
3.008859,1514,1448,1.2
3.011279,1514,1448,2420.2
3.011280,1514,1448,1.0
3.013702,1514,1448,2421.9
3.013703,1514,1448,1.2
3.016124,1514,1448,2421.4
3.016126,1514,1448,1.2
3.018614,1514,1448,2487.9
3.018615,1514,1448,1.2
3.021128,1514,1448,2513.6
3.021130,1514,1448,1.2
3.023463,1514,1448,2333.2
3.023464,1514,1448,1.4
3.023473,1514,1448,8.6
3.024677,1514,1448,1204.0
3.027133,1514,1448,2455.9
3.027134,1514,1448,1.2
3.029535,1514,1448,2400.9
3.029536,1514,1448,1.2
3.030734,1514,1448,1197.6
3.033234,1514,1448,2500.1
3.033235,1514,1448,1.2
3.035635,1514,1448,2399.9
3.035636,1514,1448,1.0
3.038036,1514,1448,2400.2
3.038037,1514,1448,1.0
3.040438,1514,1448,2401.4
3.040439,1514,1448,1.2
3.042840,1514,1448,2400.6
3.042841,1514,1448,1.2
3.045346,1514,1448,2504.6
3.045347,1514,1448,1.4
3.047745,1514,1448,2397.8
3.047746,1514,1448,1.4
3.050143,1514,1448,2396.1
3.050144,1514,1448,1.2
3.052544,1514,1448,2400.6
3.052545,1514,1448,1.0
3.055042,1514,1448,2497.0
3.055043,1514,1448,1.2
3.057444,1514,1448,2400.2
3.057445,1514,1448,1.4
3.059845,1514,1448,2400.2
3.059846,1514,1448,1.2
3.062246,1514,1448,2399.7
3.062247,1514,1448,1.2
3.064649,1514,1448,2401.8
3.064651,1514,1448,1.4
3.064654,1514,1448,3.1
3.067142,1514,1448,2488.6
3.067145,1514,1448,2.4
3.069538,1514,1448,2393.2
3.069540,1514,1448,1.7
3.071934,1514,1448,2394.0
3.071935,1514,1448,1.2
3.074332,1514,1448,2397.5
3.074333,1514,1448,1.0
3.076752,1514,1448,2419.0
3.076753,1514,1448,1.0
3.077963,1514,1448,1209.5
3.080386,1514,1448,2423.3
3.080387,1514,1448,1.2
3.082807,1514,1448,2419.7
3.082808,1514,1448,1.2
3.085230,1514,1448,2422.1
3.085231,1514,1448,1.2
3.087657,1514,1448,2425.7
3.087658,1514,1448,1.2
3.090078,1514,1448,2419.9
3.090079,1514,1448,1.2
3.092499,1514,1448,2419.7
3.092500,1514,1448,1.0
3.094921,1514,1448,2420.9
3.094922,1514,1448,1.2
3.097342,1514,1448,2420.2
3.097343,1514,1448,1.2
3.099765,1514,1448,2421.4
3.099766,1514,1448,1.2
3.102187,1514,1448,2420.9
3.102188,1514,1448,1.2
3.104610,1514,1448,2421.6
3.104611,1514,1448,1.0
3.107033,1514,1448,2421.9
3.107034,1514,1448,1.4
3.109463,1514,1448,2429.5
3.109465,1514,1448,1.4
3.111881,1514,1448,2416.4
3.111883,1514,1448,1.4
3.113090,1514,1448,1207.6
3.113091,1514,1448,1.2
3.115506,1514,1448,2414.2
3.115507,1514,1448,1.2
3.117934,1514,1448,2427.6
3.117936,1514,1448,1.2
3.120355,1514,1448,2419.5
3.120356,1514,1448,1.2
3.122778,1514,1448,2421.6
3.122779,1514,1448,1.2
3.125200,1514,1448,2421.1
3.125201,1514,1448,1.0
3.126410,1514,1448,1209.0
3.128834,1514,1448,2424.0
3.128835,1514,1448,1.2
3.131269,1514,1448,2433.5
3.131271,1514,1448,1.9
3.133693,1514,1448,2422.3
3.133695,1514,1448,1.4
3.136163,1514,1448,2468.3
3.136167,1514,1448,4.3
3.138555,1514,1448,2387.3
3.138556,1514,1448,1.9
3.140984,1514,1448,2427.6
3.140987,1514,1448,3.3
3.143409,1514,1448,2421.1
3.143411,1514,1448,2.9
3.145803,1514,1448,2391.8
3.145805,1514,1448,1.7
3.148285,1514,1448,2480.3
3.148287,1514,1448,1.4
3.150640,1514,1448,2353.7
3.150642,1514,1448,1.4
3.153072,1514,1448,2430.2
3.153073,1514,1448,1.2
3.155522,1514,1448,2448.6
3.155523,1514,1448,1.4
3.157907,1514,1448,2383.9
3.157909,1514,1448,1.7
3.157912,1514,1448,3.8
3.160317,1514,1448,2404.2
3.160318,1514,1448,1.2
3.162763,1514,1448,2445.2
3.162764,1514,1448,1.2
3.165202,1514,1448,2437.6
3.165203,1514,1448,1.2
3.167574,1514,1448,2370.6
3.167575,1514,1448,1.2
3.169998,1514,1448,2423.3
3.169999,1514,1448,1.2
3.172420,1514,1448,2420.9
3.172421,1514,1448,1.2
3.174843,1514,1448,2421.4
3.174844,1514,1448,1.2
3.176051,1514,1448,1206.9
3.178475,1514,1448,2424.0
3.178476,1514,1448,1.2
3.180896,1514,1448,2419.9
3.180897,1514,1448,1.2
3.183319,1514,1448,2421.6
3.183320,1514,1448,1.2
3.185799,1514,1448,2478.6
3.185800,1514,1448,1.2
3.188198,1514,1448,2398.5
3.188200,1514,1448,1.2
3.190698,1514,1448,2498.1
3.190699,1514,1448,1.4
3.193100,1514,1448,2400.9
3.193101,1514,1448,1.2
3.195502,1514,1448,2401.1
3.195503,1514,1448,1.2
3.197902,1514,1448,2398.3
3.197903,1514,1448,1.0
3.200303,1514,1448,2400.2
3.200304,1514,1448,1.2
3.202737,1514,1448,2433.1
3.202738,1514,1448,1.2
3.205140,1514,1448,2402.1
3.205142,1514,1448,1.2
3.207563,1514,1448,2421.1
3.207564,1514,1448,1.0
3.208774,1514,1448,1210.0
3.208775,1514,1448,1.2
3.211196,1514,1448,2421.4
3.211197,1514,1448,1.2
3.213618,1514,1448,2420.9
3.213620,1514,1448,1.4
3.216043,1514,1448,2423.3
3.216044,1514,1448,1.2
3.218465,1514,1448,2420.4
3.218466,1514,1448,1.2
3.220886,1514,1448,2420.2
3.220887,1514,1448,1.2
3.223309,1514,1448,2421.6
3.223310,1514,1448,1.2
3.225731,1514,1448,2420.7
3.225732,1514,1448,1.2
3.226941,1514,1448,1209.0
3.229364,1514,1448,2423.5
3.229366,1514,1448,1.2
3.231787,1514,1448,2421.1
3.231788,1514,1448,1.2
3.234209,1514,1448,2421.1
3.234210,1514,1448,1.2
3.236632,1514,1448,2421.6
3.236633,1514,1448,1.2
3.239056,1514,1448,2422.8
3.239057,1514,1448,1.2
3.241484,1514,1448,2427.3
3.241486,1514,1448,1.2
3.243898,1514,1448,2412.6
3.243899,1514,1448,1.2
3.246321,1514,1448,2421.6
3.246322,1514,1448,1.2
3.248743,1514,1448,2421.1
3.248744,1514,1448,1.2
3.251167,1514,1448,2422.8
3.251168,1514,1448,1.2
3.253588,1514,1448,2419.5
3.253589,1514,1448,1.2
3.256011,1514,1448,2422.1
3.256013,1514,1448,1.7
3.256015,1514,1448,2.4
3.258433,1514,1448,2417.3
3.258434,1514,1448,1.2
3.260858,1514,1448,2423.8
3.260859,1514,1448,1.4
3.263279,1514,1448,2419.7
3.263280,1514,1448,1.2
3.265700,1514,1448,2419.9
3.265701,1514,1448,1.2
3.268122,1514,1448,2420.7
3.268123,1514,1448,1.2
3.270545,1514,1448,2421.9
3.270546,1514,1448,1.2
3.272967,1514,1448,2421.4
3.272969,1514,1448,1.2
3.275395,1514,1448,2426.1
3.275396,1514,1448,1.2
3.277812,1514,1448,2416.6
3.277814,1514,1448,1.2
3.279023,1514,1448,1209.0
3.281447,1514,1448,2424.0
3.281448,1514,1448,1.2
3.283937,1514,1448,2488.6
3.283938,1514,1448,1.4
3.286337,1514,1448,2399.2
3.286338,1514,1448,1.2
3.288738,1514,1448,2399.7
3.288739,1514,1448,1.2
3.291139,1514,1448,2399.9
3.291140,1514,1448,1.2
3.293638,1514,1448,2497.9
3.293639,1514,1448,1.2
3.296041,1514,1448,2401.4
3.296042,1514,1448,1.2
3.298441,1514,1448,2398.7
3.298442,1514,1448,1.2
3.300828,1514,1448,2385.6
3.300829,1514,1448,1.2
3.303278,1514,1448,2449.5
3.303279,1514,1448,1.2
3.305746,1514,1448,2466.4
3.305747,1514,1448,1.2
3.308145,1514,1448,2398.3
3.308147,1514,1448,1.4
3.309346,1514,1448,1199.0
3.309347,1514,1448,1.2
3.311748,1514,1448,2400.9
3.311749,1514,1448,1.2
3.314148,1514,1448,2399.4
3.314150,1514,1448,1.2
3.316648,1514,1448,2498.4
3.316649,1514,1448,1.2
3.319049,1514,1448,2399.9
3.319050,1514,1448,1.2
3.321451,1514,1448,2400.4
3.321452,1514,1448,1.2
3.323839,1514,1448,2387.3
3.323840,1514,1448,1.2
3.326338,1514,1448,2497.4
3.326339,1514,1448,1.2
3.328739,1514,1448,2399.7
3.328740,1514,1448,1.2
3.331141,1514,1448,2400.6
3.331142,1514,1448,1.2
3.332339,1514,1448,1197.1
3.334739,1514,1448,2400.6
3.334741,1514,1448,1.2
3.337161,1514,1448,2420.4
3.337162,1514,1448,1.4
3.339583,1514,1448,2420.7
3.339584,1514,1448,1.2
3.342006,1514,1448,2422.1
3.342008,1514,1448,1.2
3.344428,1514,1448,2420.4
3.344429,1514,1448,1.2
3.346865,1514,1448,2435.7
3.346866,1514,1448,1.2
3.349273,1514,1448,2407.3
3.349275,1514,1448,1.2
3.351696,1514,1448,2420.9
3.351697,1514,1448,1.2
3.354117,1514,1448,2420.7
3.354119,1514,1448,1.2
3.356540,1514,1448,2421.4
3.356541,1514,1448,1.2
3.358963,1514,1448,2421.9
3.358964,1514,1448,1.4
3.358968,1514,1448,3.1
3.361384,1514,1448,2416.1
3.361385,1514,1448,1.2
3.363807,1514,1448,2422.6
3.363809,1514,1448,1.2
3.366229,1514,1448,2420.7
3.366230,1514,1448,1.2
3.368655,1514,1448,2425.0
3.368657,1514,1448,1.4
3.371076,1514,1448,2419.2
3.371078,1514,1448,1.4
3.373497,1514,1448,2419.9
3.373499,1514,1448,1.2
3.375920,1514,1448,2420.9
3.375921,1514,1448,1.2
3.378342,1514,1448,2421.6
3.378344,1514,1448,1.2
3.380764,1514,1448,2420.4
3.380765,1514,1448,1.2
3.383187,1514,1448,2422.1
3.383188,1514,1448,1.2
3.385609,1514,1448,2420.9
3.385611,1514,1448,1.2
3.386824,1514,1448,1213.1
3.389244,1514,1448,2419.9
3.389245,1514,1448,1.2
3.391666,1514,1448,2421.1
3.391667,1514,1448,1.4
3.394087,1514,1448,2419.9
3.394089,1514,1448,1.2
3.396517,1514,1448,2428.5
3.396518,1514,1448,1.2
3.398943,1514,1448,2424.5
3.398945,1514,1448,2.1
3.401367,1514,1448,2421.9
3.401368,1514,1448,1.7
3.403828,1514,1448,2460.0
3.403833,1514,1448,4.3
3.406207,1514,1448,2373.9
3.406208,1514,1448,1.4
3.408668,1514,1448,2459.5
3.408672,1514,1448,4.1
3.411145,1514,1448,2473.8
3.411157,1514,1448,11.9
3.413491,1514,1448,2333.9
3.413492,1514,1448,1.2
3.414690,1514,1448,1198.1
3.414692,1514,1448,1.2
3.417191,1514,1448,2499.3
3.417192,1514,1448,1.4
3.419530,1514,1448,2337.5
3.419531,1514,1448,1.2
3.421939,1514,1448,2408.3
3.421941,1514,1448,1.2
3.424378,1514,1448,2437.4
3.424379,1514,1448,1.2
3.426776,1514,1448,2396.8
3.426777,1514,1448,1.2
3.429242,1514,1448,2465.2
3.429244,1514,1448,1.4
3.431666,1514,1448,2421.9
3.431667,1514,1448,1.2
3.434036,1514,1448,2369.4
3.434038,1514,1448,1.4
3.436459,1514,1448,2421.4
3.436460,1514,1448,1.4
3.438881,1514,1448,2420.2
3.438882,1514,1448,1.2
3.441303,1514,1448,2420.7
3.441304,1514,1448,1.2
3.442513,1514,1448,1209.0
3.444937,1514,1448,2424.2
3.444938,1514,1448,1.2
3.447358,1514,1448,2420.2
3.447360,1514,1448,1.2
3.449781,1514,1448,2421.1
3.449782,1514,1448,1.2
3.452204,1514,1448,2421.9
3.452205,1514,1448,1.2
3.454626,1514,1448,2421.4
3.454628,1514,1448,1.2
3.457049,1514,1448,2421.9
3.457051,1514,1448,1.4
3.459470,1514,1448,2419.2
3.459471,1514,1448,1.2
3.461892,1514,1448,2421.1
3.461894,1514,1448,1.2
3.464316,1514,1448,2422.1
3.464317,1514,1448,1.2
3.466737,1514,1448,2420.4
3.466739,1514,1448,2.1
3.466743,1514,1448,3.6
3.469160,1514,1448,2417.3
3.469162,1514,1448,1.2
3.471582,1514,1448,2420.9
3.471584,1514,1448,1.2
3.474004,1514,1448,2420.7
3.474005,1514,1448,1.2
3.476428,1514,1448,2422.3
3.476429,1514,1448,1.2
3.478851,1514,1448,2421.9
3.478852,1514,1448,1.2
3.481272,1514,1448,2419.7
3.481273,1514,1448,1.2
3.483695,1514,1448,2422.1
3.483696,1514,1448,1.2
3.486115,1514,1448,2419.2
3.486116,1514,1448,1.0
3.488539,1514,1448,2422.6
3.488540,1514,1448,1.2
3.490961,1514,1448,2421.1
3.490963,1514,1448,1.2
3.493383,1514,1448,2420.9
3.493384,1514,1448,1.0
3.495806,1514,1448,2421.9
3.495807,1514,1448,1.2
3.498240,1514,1448,2432.1
3.498242,1514,1448,2.1
3.499442,1514,1448,1200.0
3.501863,1514,1448,2420.9
3.501864,1514,1448,1.2
3.504284,1514,1448,2420.7
3.504286,1514,1448,1.2
3.506707,1514,1448,2421.9
3.506709,1514,1448,1.2
3.509130,1514,1448,2420.9
3.509131,1514,1448,1.2
3.511551,1514,1448,2419.9
3.511552,1514,1448,1.2
3.513972,1514,1448,2420.2
3.513973,1514,1448,1.2
3.516397,1514,1448,2424.2
3.516399,1514,1448,1.2
3.518847,1514,1448,2447.8
3.518848,1514,1448,1.2
3.521270,1514,1448,2422.6
3.521271,1514,1448,1.2
3.523687,1514,1448,2415.4
3.523688,1514,1448,1.4
3.524898,1514,1448,1210.0
3.524899,1514,1448,1.2
3.527321,1514,1448,2421.1
3.527322,1514,1448,1.2
3.529743,1514,1448,2420.9
3.529744,1514,1448,1.2
3.532166,1514,1448,2421.6
3.532167,1514,1448,1.2
3.534587,1514,1448,2420.7
3.534589,1514,1448,1.2
3.537011,1514,1448,2422.1
3.537012,1514,1448,1.2
3.539433,1514,1448,2420.9
3.539434,1514,1448,1.2
3.541862,1514,1448,2427.6
3.541863,1514,1448,1.7
3.544342,1514,1448,2478.6
3.544343,1514,1448,1.2
3.546743,1514,1448,2399.7
3.546744,1514,1448,1.2
3.549144,1514,1448,2399.9
3.549145,1514,1448,1.2
3.551548,1514,1448,2403.3
3.551550,1514,1448,1.4
3.554046,1514,1448,2496.5
3.554047,1514,1448,1.2
3.556446,1514,1448,2399.0
3.556448,1514,1448,1.2
3.557646,1514,1448,1198.5
3.560048,1514,1448,2402.3
3.560050,1514,1448,1.2
3.562450,1514,1448,2400.6
3.562452,1514,1448,1.4
3.564953,1514,1448,2501.5
3.564955,1514,1448,1.7
3.567351,1514,1448,2396.3
3.567352,1514,1448,1.2
3.569752,1514,1448,2400.2
3.569754,1514,1448,1.2
3.572152,1514,1448,2398.7
3.572154,1514,1448,1.2
3.574557,1514,1448,2403.7
3.574558,1514,1448,1.2
3.577054,1514,1448,2495.5
3.577055,1514,1448,1.2
3.579456,1514,1448,2400.9
3.579458,1514,1448,1.9
3.579461,1514,1448,3.1
3.581856,1514,1448,2395.4
3.581858,1514,1448,1.4
3.584274,1514,1448,2416.1
3.584275,1514,1448,1.4
3.586744,1514,1448,2468.1
3.586745,1514,1448,1.2
3.589144,1514,1448,2399.7
3.589146,1514,1448,1.2
3.591551,1514,1448,2405.6
3.591552,1514,1448,1.2
3.593945,1514,1448,2392.5
3.593946,1514,1448,1.2
3.596358,1514,1448,2411.6
3.596359,1514,1448,1.2
3.598781,1514,1448,2421.9
3.598782,1514,1448,1.2
3.601202,1514,1448,2419.7
3.601203,1514,1448,1.2
3.603637,1514,1448,2433.5
3.603638,1514,1448,1.9
3.606097,1514,1448,2458.6
3.606101,1514,1448,3.8
3.608480,1514,1448,2379.4
3.608482,1514,1448,1.4
3.610896,1514,1448,2414.0
3.610897,1514,1448,1.7
3.613340,1514,1448,2442.8
3.613343,1514,1448,2.9
3.615739,1514,1448,2395.9
3.615740,1514,1448,1.0
3.616949,1514,1448,1209.5
3.619372,1514,1448,2422.6
3.619373,1514,1448,1.2
3.621796,1514,1448,2422.6
3.621797,1514,1448,1.2
3.624203,1514,1448,2405.9
3.624204,1514,1448,1.2
3.626621,1514,1448,2416.6
3.626622,1514,1448,1.2
3.629052,1514,1448,2430.4
3.629054,1514,1448,1.7
3.631488,1514,1448,2434.3
3.631489,1514,1448,1.2
3.633936,1514,1448,2446.9
3.633937,1514,1448,1.2
3.636307,1514,1448,2369.4
3.636308,1514,1448,1.4
3.638730,1514,1448,2422.1
3.638731,1514,1448,1.2
3.639940,1514,1448,1208.5
3.639941,1514,1448,1.2
3.642371,1514,1448,2430.0
3.642373,1514,1448,1.9
3.644796,1514,1448,2423.0
3.644798,1514,1448,2.1
3.647218,1514,1448,2420.2
3.647220,1514,1448,1.4
3.649632,1514,1448,2411.8
3.649633,1514,1448,1.4
3.652054,1514,1448,2421.1
3.652056,1514,1448,1.2
3.654475,1514,1448,2419.5
3.654476,1514,1448,1.2
3.656897,1514,1448,2421.1
3.656898,1514,1448,1.2
3.659319,1514,1448,2420.7
3.659321,1514,1448,1.7
3.661742,1514,1448,2421.6
3.661744,1514,1448,1.2
3.664165,1514,1448,2421.9
3.664167,1514,1448,1.2
3.666615,1514,1448,2448.8
3.666617,1514,1448,1.2
3.669036,1514,1448,2419.7
3.669038,1514,1448,1.4
3.671457,1514,1448,2419.5
3.671459,1514,1448,1.4
3.673876,1514,1448,2416.8
3.673877,1514,1448,1.4
3.676299,1514,1448,2421.6
3.676300,1514,1448,1.2
3.677510,1514,1448,1210.7
3.679996,1514,1448,2485.3
3.679997,1514,1448,1.2
3.682397,1514,1448,2399.7
3.682398,1514,1448,1.4
3.684801,1514,1448,2402.5
3.684802,1514,1448,1.2
3.687201,1514,1448,2398.7
3.687202,1514,1448,1.2
3.689701,1514,1448,2498.9
3.689702,1514,1448,1.4
3.692044,1514,1448,2342.2
3.692045,1514,1448,1.0
3.694507,1514,1448,2461.9
3.694509,1514,1448,1.4
3.696905,1514,1448,2396.1
3.696907,1514,1448,2.4
3.696911,1514,1448,3.8
3.699404,1514,1448,2492.9
3.699405,1514,1448,1.4
3.701811,1514,1448,2406.1
3.701813,1514,1448,1.4
3.704209,1514,1448,2396.1
3.704210,1514,1448,1.4
3.706614,1514,1448,2403.7
3.706615,1514,1448,1.4
3.709015,1514,1448,2399.9
3.709017,1514,1448,1.2
3.711430,1514,1448,2413.0
3.711431,1514,1448,1.7
3.713852,1514,1448,2421.1
3.713854,1514,1448,1.2
3.716318,1514,1448,2464.5
3.716320,1514,1448,1.7
3.718740,1514,1448,2419.9
3.718741,1514,1448,1.4
3.721117,1514,1448,2376.3
3.721119,1514,1448,1.2
3.723522,1514,1448,2403.3
3.723524,1514,1448,1.9
3.725943,1514,1448,2419.2
3.725945,1514,1448,1.4
3.728365,1514,1448,2420.2
3.728366,1514,1448,1.2
3.730793,1514,1448,2426.9
3.730794,1514,1448,1.2
3.733214,1514,1448,2419.9
3.733215,1514,1448,1.4
3.735636,1514,1448,2420.9
3.735638,1514,1448,1.4
3.738072,1514,1448,2434.5
3.738074,1514,1448,1.7
3.739265,1514,1448,1191.1
3.741693,1514,1448,2428.3
3.741695,1514,1448,1.4
3.744123,1514,1448,2428.5
3.744125,1514,1448,1.4
3.746543,1514,1448,2418.3
3.746544,1514,1448,1.2
3.748956,1514,1448,2411.8
3.748957,1514,1448,1.0
3.751379,1514,1448,2422.1
3.751380,1514,1448,1.0
3.753801,1514,1448,2420.9
3.753802,1514,1448,1.4
3.756225,1514,1448,2423.0
3.756227,1514,1448,1.2
3.758648,1514,1448,2421.4
3.758650,1514,1448,1.7
3.759996,1514,1448,1346.8
3.759998,1514,1448,1.7
3.762279,1514,1448,2280.5
3.762280,1514,1448,1.2
3.764697,1514,1448,2417.6
3.764699,1514,1448,1.7
3.767123,1514,1448,2424.2
3.767125,1514,1448,1.7
3.769556,1514,1448,2430.7
3.769557,1514,1448,1.7
3.771979,1514,1448,2421.6
3.771981,1514,1448,1.7
3.774393,1514,1448,2412.1
3.774394,1514,1448,1.7
3.776812,1514,1448,2417.8
3.776814,1514,1448,1.4
3.779236,1514,1448,2422.3
3.779238,1514,1448,1.7
3.781660,1514,1448,2422.1
3.781661,1514,1448,1.7
3.784081,1514,1448,2419.2
3.784082,1514,1448,1.9
3.786503,1514,1448,2420.4
3.786504,1514,1448,1.4
3.788928,1514,1448,2423.5
3.788929,1514,1448,1.4
3.791350,1514,1448,2420.9
3.791352,1514,1448,1.4
3.793772,1514,1448,2420.9
3.793774,1514,1448,1.7
3.796194,1514,1448,2419.9
3.796196,1514,1448,1.7
3.798615,1514,1448,2419.5
3.798617,1514,1448,1.7
3.801042,1514,1448,2425.2
3.801044,1514,1448,1.4
3.802246,1514,1448,1202.8
3.804669,1514,1448,2423.0
3.804671,1514,1448,1.4
3.807091,1514,1448,2420.7
3.807093,1514,1448,1.4
3.809519,1514,1448,2426.1
3.809520,1514,1448,1.4
3.811939,1514,1448,2418.5
3.811940,1514,1448,1.0
3.814361,1514,1448,2420.7
3.814362,1514,1448,1.4
3.816783,1514,1448,2421.1
3.816784,1514,1448,1.2
3.819206,1514,1448,2422.1
3.819209,1514,1448,2.1
3.819212,1514,1448,3.3
3.821630,1514,1448,2418.5
3.821632,1514,1448,1.2
3.824053,1514,1448,2421.1
3.824054,1514,1448,1.4
3.826483,1514,1448,2429.0
3.826485,1514,1448,1.7
3.828897,1514,1448,2412.1
3.828899,1514,1448,1.7
3.831498,1514,1448,2599.7
3.831500,1514,1448,1.9
3.833745,1514,1448,2245.2
3.833747,1514,1448,1.9
3.836171,1514,1448,2423.5
3.836173,1514,1448,1.9
3.838593,1514,1448,2419.9
3.838594,1514,1448,1.7
3.841014,1514,1448,2419.2
3.841015,1514,1448,1.4
3.843440,1514,1448,2425.0
3.843442,1514,1448,1.7
3.845863,1514,1448,2421.1
3.845864,1514,1448,1.4
3.848287,1514,1448,2422.6
3.848289,1514,1448,1.9
3.850705,1514,1448,2416.6
3.850708,1514,1448,2.1
3.853128,1514,1448,2420.2
3.853130,1514,1448,2.1
3.855553,1514,1448,2422.8
3.855554,1514,1448,1.7
3.857974,1514,1448,2419.5
3.857976,1514,1448,1.9
3.860429,1514,1448,2452.9
3.860430,1514,1448,1.7
3.862814,1514,1448,2383.7
3.862816,1514,1448,1.7
3.865240,1514,1448,2424.0
3.865241,1514,1448,1.4
3.866445,1514,1448,1203.8
3.868870,1514,1448,2424.7
3.868871,1514,1448,1.2
3.871294,1514,1448,2423.0
3.871295,1514,1448,1.7
3.873713,1514,1448,2418.0
3.873715,1514,1448,1.7
3.876137,1514,1448,2421.4
3.876138,1514,1448,1.7
3.878557,1514,1448,2418.5
3.878559,1514,1448,1.9
3.880979,1514,1448,2420.2
3.880980,1514,1448,1.4
3.883467,1514,1448,2486.7
3.883469,1514,1448,1.7
3.884609,1514,1448,1140.6
3.884611,1514,1448,1.4
3.887033,1514,1448,2422.6
3.887035,1514,1448,1.4
3.889456,1514,1448,2421.6
3.889458,1514,1448,1.9
3.891902,1514,1448,2444.0
3.891904,1514,1448,1.9
3.894323,1514,1448,2419.2
3.894325,1514,1448,1.4
3.896747,1514,1448,2422.1
3.896748,1514,1448,1.4
3.899167,1514,1448,2419.0
3.899169,1514,1448,1.7
3.901591,1514,1448,2422.1
3.901593,1514,1448,1.7
3.904015,1514,1448,2422.6
3.904017,1514,1448,1.7
3.906436,1514,1448,2419.2
3.906438,1514,1448,1.4
3.908862,1514,1448,2424.7
3.908864,1514,1448,1.4
3.911288,1514,1448,2423.8
3.911289,1514,1448,1.7
3.913704,1514,1448,2414.9
3.913705,1514,1448,1.2
3.916126,1514,1448,2420.4
3.916127,1514,1448,1.4
3.918549,1514,1448,2421.6
3.918550,1514,1448,1.4
3.920975,1514,1448,2424.5
3.920976,1514,1448,1.2
3.923390,1514,1448,2414.0
3.923391,1514,1448,1.2
3.925814,1514,1448,2423.0
3.925815,1514,1448,1.2
3.928234,1514,1448,2419.0
3.928236,1514,1448,1.4
3.930655,1514,1448,2419.5
3.930656,1514,1448,1.2
3.931870,1514,1448,1213.3
3.934292,1514,1448,2421.9
3.934293,1514,1448,1.4
3.936711,1514,1448,2417.6
3.936712,1514,1448,1.0
3.939201,1514,1448,2489.6
3.939202,1514,1448,1.2
3.941613,1514,1448,2410.4
3.941614,1514,1448,1.2
3.943964,1514,1448,2349.6
3.943964,1514,1448,1.0
3.946385,1514,1448,2420.7
3.946387,1514,1448,2.1
3.946391,1514,1448,3.3
3.948802,1514,1448,2410.9
3.948803,1514,1448,1.4
3.951253,1514,1448,2449.8
3.951254,1514,1448,1.2
3.953676,1514,1448,2422.1
3.953678,1514,1448,1.7
3.956097,1514,1448,2419.5
3.956098,1514,1448,1.2
3.958510,1514,1448,2411.6
3.958511,1514,1448,1.2
3.960934,1514,1448,2422.8
3.960936,1514,1448,1.7
3.963374,1514,1448,2438.3
3.963375,1514,1448,1.2
3.965772,1514,1448,2397.3
3.965775,1514,1448,2.4
3.968191,1514,1448,2416.1
3.968193,1514,1448,2.4
3.970615,1514,1448,2422.1
3.970617,1514,1448,1.7
3.973047,1514,1448,2430.4
3.973050,1514,1448,2.1
3.975460,1514,1448,2410.7
3.975462,1514,1448,1.9
3.977878,1514,1448,2416.1
3.977880,1514,1448,1.9
3.980305,1514,1448,2425.0
3.980308,1514,1448,2.4
3.982724,1514,1448,2416.8
3.982727,1514,1448,2.1
3.985147,1514,1448,2420.2
3.985148,1514,1448,1.2
3.987571,1514,1448,2422.6
3.987572,1514,1448,1.4
3.989997,1514,1448,2425.0
3.989999,1514,1448,1.7
3.992419,1514,1448,2420.4
3.992421,1514,1448,1.7
3.994834,1514,1448,2413.5
3.994836,1514,1448,1.4
3.997257,1514,1448,2421.4
3.997258,1514,1448,1.4
3.998465,1514,1448,1206.4
4.000887,1514,1448,2422.3
4.000888,1514,1448,1.0
4.003316,1514,1448,2427.8
4.003317,1514,1448,1.2
4.005740,1514,1448,2422.6
4.005741,1514,1448,1.0
4.008165,1514,1448,2424.0
4.008166,1514,1448,1.0
4.010575,1514,1448,2409.7
4.010576,1514,1448,1.2
4.013010,1514,1448,2433.8
4.013011,1514,1448,1.2
4.014210,1514,1448,1198.5
4.014211,1514,1448,1.2
4.016632,1514,1448,2420.7
4.016633,1514,1448,1.4
4.019052,1514,1448,2418.3
4.019053,1514,1448,1.4
4.021479,1514,1448,2425.9
4.021480,1514,1448,1.4
4.023924,1514,1448,2443.3
4.023925,1514,1448,1.2
4.026346,1514,1448,2421.4
4.026348,1514,1448,1.9
4.028773,1514,1448,2425.0
4.028774,1514,1448,1.4
4.031196,1514,1448,2421.4
4.031197,1514,1448,1.4
4.033616,1514,1448,2418.3
4.033617,1514,1448,1.2
4.036030,1514,1448,2413.3
4.036032,1514,1448,1.7
4.038460,1514,1448,2428.8
4.038462,1514,1448,1.4
4.040878,1514,1448,2416.4
4.040879,1514,1448,1.2
4.043306,1514,1448,2426.9
4.043308,1514,1448,1.4
4.045725,1514,1448,2417.6
4.045727,1514,1448,1.2
4.048144,1514,1448,2417.1
4.048145,1514,1448,1.4
4.050564,1514,1448,2418.5
4.050565,1514,1448,1.2
4.052985,1514,1448,2420.2
4.052986,1514,1448,1.2
4.055407,1514,1448,2420.4
4.055408,1514,1448,1.4
4.057841,1514,1448,2433.3
4.057843,1514,1448,1.4
4.060261,1514,1448,2418.3
4.060262,1514,1448,1.2
4.062660,1514,1448,2397.3
4.062661,1514,1448,1.7
4.065076,1514,1448,2414.7
4.065077,1514,1448,1.2
4.066287,1514,1448,1210.0
4.068705,1514,1448,2418.0
4.068706,1514,1448,1.2
4.071127,1514,1448,2420.7
4.071128,1514,1448,1.2
4.073552,1514,1448,2423.5
4.073553,1514,1448,1.2
4.075973,1514,1448,2420.4
4.075974,1514,1448,1.2
4.078396,1514,1448,2421.1
4.078398,1514,1448,2.1
4.078401,1514,1448,3.6
4.080818,1514,1448,2417.1
4.080820,1514,1448,1.2
4.083245,1514,1448,2425.0
4.083246,1514,1448,1.2
4.085668,1514,1448,2422.1
4.085670,1514,1448,1.7
4.088088,1514,1448,2418.0
4.088089,1514,1448,1.4
4.090506,1514,1448,2417.3
4.090508,1514,1448,1.2
4.092929,1514,1448,2421.6
4.092930,1514,1448,1.2
4.095351,1514,1448,2421.1
4.095353,1514,1448,1.2
4.097775,1514,1448,2421.9
4.097776,1514,1448,1.2
4.100200,1514,1448,2424.2
4.100201,1514,1448,1.4
4.102619,1514,1448,2417.3
4.102620,1514,1448,1.4
4.105046,1514,1448,2425.9
4.105047,1514,1448,1.2
4.107471,1514,1448,2424.0
4.107472,1514,1448,1.2
4.109886,1514,1448,2413.3
4.109887,1514,1448,1.2
4.112309,1514,1448,2421.9
4.112310,1514,1448,1.2
4.114731,1514,1448,2420.7
4.114732,1514,1448,1.2
4.117153,1514,1448,2421.6
4.117155,1514,1448,1.2
4.119577,1514,1448,2422.3
4.119578,1514,1448,1.2
4.121997,1514,1448,2418.8
4.121998,1514,1448,1.4
4.124421,1514,1448,2422.3
4.124422,1514,1448,1.2
4.126847,1514,1448,2425.4
4.126848,1514,1448,1.2
4.129271,1514,1448,2422.8
4.129273,1514,1448,1.7
4.131690,1514,1448,2417.1
4.131691,1514,1448,1.2
4.134109,1514,1448,2417.3
4.134110,1514,1448,1.2
4.135327,1514,1448,1217.6
4.137755,1514,1448,2427.8
4.137757,1514,1448,1.9
4.140167,1514,1448,2410.2
4.140168,1514,1448,1.2
4.142588,1514,1448,2419.2
4.142589,1514,1448,1.2
4.145010,1514,1448,2421.4
4.145011,1514,1448,1.2
4.147438,1514,1448,2426.1
4.147439,1514,1448,1.2
4.148650,1514,1448,1211.4
4.148651,1514,1448,1.2
4.151077,1514,1448,2425.2
4.151078,1514,1448,1.7
4.153494,1514,1448,2415.4
4.153495,1514,1448,1.2
4.155920,1514,1448,2425.0
4.155921,1514,1448,1.4
4.158337,1514,1448,2415.7
4.158338,1514,1448,1.4
4.160755,1514,1448,2416.4
4.160756,1514,1448,1.4
4.163178,1514,1448,2422.3
4.163180,1514,1448,1.4
4.165601,1514,1448,2420.9
4.165602,1514,1448,1.2
4.168024,1514,1448,2422.1
4.168025,1514,1448,1.2
4.170448,1514,1448,2423.0
4.170450,1514,1448,1.4
4.172876,1514,1448,2425.9
4.172878,1514,1448,1.9
4.175291,1514,1448,2413.5
4.175292,1514,1448,1.4
4.177712,1514,1448,2419.9
4.177714,1514,1448,1.4
4.180135,1514,1448,2420.9
4.180136,1514,1448,1.2
4.182559,1514,1448,2422.8
4.182560,1514,1448,1.2
4.184980,1514,1448,2419.7
4.184981,1514,1448,1.2
4.187403,1514,1448,2422.6
4.187405,1514,1448,1.4
4.189824,1514,1448,2419.5
4.189826,1514,1448,1.2
4.192260,1514,1448,2434.3
4.192261,1514,1448,1.7
4.194674,1514,1448,2412.3
4.194675,1514,1448,1.7
4.197092,1514,1448,2416.4
4.197093,1514,1448,1.4
4.199513,1514,1448,2419.9
4.199514,1514,1448,1.0
4.201936,1514,1448,2422.1
4.201937,1514,1448,1.2
4.204359,1514,1448,2421.1
4.204360,1514,1448,1.2
4.205569,1514,1448,1209.5
4.207993,1514,1448,2423.8
4.207994,1514,1448,1.2
4.210416,1514,1448,2421.4
4.210417,1514,1448,1.2
4.212841,1514,1448,2423.8
4.212842,1514,1448,1.2
4.215268,1514,1448,2426.1
4.215270,1514,1448,2.4
4.215274,1514,1448,4.1
4.217705,1514,1448,2430.9
4.217706,1514,1448,1.2
4.220104,1514,1448,2398.0
4.220106,1514,1448,1.2
4.222526,1514,1448,2420.4
4.222528,1514,1448,1.4
4.224948,1514,1448,2420.9
4.224950,1514,1448,1.2
4.227371,1514,1448,2421.6
4.227372,1514,1448,1.2
4.229795,1514,1448,2422.3
4.229796,1514,1448,1.2
4.232215,1514,1448,2419.2
4.232216,1514,1448,1.2
4.234667,1514,1448,2450.2
4.234668,1514,1448,1.2
4.237128,1514,1448,2460.0
4.237130,1514,1448,1.9
4.239524,1514,1448,2394.7
4.239526,1514,1448,1.2
4.241958,1514,1448,2432.1
4.241959,1514,1448,1.2
4.244359,1514,1448,2400.2
4.244360,1514,1448,1.2
4.246774,1514,1448,2413.7
4.246775,1514,1448,1.2
4.249196,1514,1448,2420.4
4.249197,1514,1448,1.2
4.251617,1514,1448,2420.4
4.251618,1514,1448,1.2
4.254041,1514,1448,2422.8
4.254042,1514,1448,1.2
4.256480,1514,1448,2437.4
4.256481,1514,1448,1.7
4.258889,1514,1448,2408.0
4.258891,1514,1448,1.7
4.261307,1514,1448,2415.9
4.261308,1514,1448,1.2
4.263729,1514,1448,2420.9
4.263730,1514,1448,1.2
4.266155,1514,1448,2424.2
4.266156,1514,1448,1.2
4.268574,1514,1448,2418.5
4.268575,1514,1448,1.2
4.270998,1514,1448,2422.1
4.270999,1514,1448,1.2
4.273419,1514,1448,2420.4
4.273420,1514,1448,1.0
4.275842,1514,1448,2421.6
4.275843,1514,1448,1.2
4.277053,1514,1448,1210.0
4.279494,1514,1448,2441.2
4.279496,1514,1448,1.7
4.281898,1514,1448,2402.3
4.281899,1514,1448,1.4
4.284320,1514,1448,2420.7
4.284321,1514,1448,1.2
4.286743,1514,1448,2422.1
4.286745,1514,1448,1.2
4.287953,1514,1448,1208.5
4.287954,1514,1448,1.2
4.290376,1514,1448,2421.9
4.290377,1514,1448,1.2
4.292799,1514,1448,2421.9
4.292800,1514,1448,1.2
4.295220,1514,1448,2419.9
4.295222,1514,1448,1.2
4.297643,1514,1448,2421.6
4.297644,1514,1448,1.2
4.300074,1514,1448,2429.5
4.300078,1514,1448,3.8
4.302491,1514,1448,2413.7
4.302493,1514,1448,1.4
4.304925,1514,1448,2431.9
4.304926,1514,1448,1.4
4.307334,1514,1448,2407.6
4.307335,1514,1448,1.2
4.309755,1514,1448,2420.4
4.309757,1514,1448,1.2
4.312177,1514,1448,2420.2
4.312178,1514,1448,1.2
4.314599,1514,1448,2421.4
4.314600,1514,1448,1.2
4.317023,1514,1448,2422.1
4.317024,1514,1448,1.2
4.319450,1514,1448,2425.9
4.319451,1514,1448,1.2
4.321874,1514,1448,2423.5
4.321876,1514,1448,1.4
4.324356,1514,1448,2479.8
4.324357,1514,1448,1.2
4.326757,1514,1448,2399.9
4.326758,1514,1448,1.2
4.329158,1514,1448,2400.2
4.329159,1514,1448,1.2
4.331829,1514,1448,2669.8
4.331831,1514,1448,1.4
4.334057,1514,1448,2226.8
4.334058,1514,1448,1.0
4.336498,1514,1448,2439.7
4.336500,1514,1448,1.7
4.338862,1514,1448,2362.7
4.338863,1514,1448,1.0
4.341248,1514,1448,2384.9
4.341249,1514,1448,1.2
4.343675,1514,1448,2425.9
4.343677,1514,1448,1.7
4.346165,1514,1448,2487.7
4.346166,1514,1448,1.4
4.348568,1514,1448,2401.8
4.348569,1514,1448,1.2
4.349768,1514,1448,1199.0
4.352161,1514,1448,2392.8
4.352162,1514,1448,1.4
4.354627,1514,1448,2464.5
4.354631,1514,1448,4.1
4.357004,1514,1448,2373.2
4.357007,1514,1448,2.9
4.357012,1514,1448,5.0
4.359483,1514,1448,2471.2
4.359485,1514,1448,1.7
4.361886,1514,1448,2401.1
4.361888,1514,1448,1.9
4.364288,1514,1448,2399.9
4.364290,1514,1448,2.4
4.366768,1514,1448,2477.6
4.366770,1514,1448,1.9
4.369163,1514,1448,2392.8
4.369164,1514,1448,1.2
4.371539,1514,1448,2375.1
4.371540,1514,1448,1.2
4.373969,1514,1448,2429.2
4.373971,1514,1448,1.2
4.376357,1514,1448,2386.3
4.376358,1514,1448,1.2
4.378775,1514,1448,2417.1
4.378776,1514,1448,1.2
4.381220,1514,1448,2443.3
4.381221,1514,1448,1.2
4.383778,1514,1448,2557.0
4.383779,1514,1448,1.2
4.386069,1514,1448,2290.2
4.386071,1514,1448,1.4
4.388488,1514,1448,2417.3
4.388489,1514,1448,1.2
4.390906,1514,1448,2416.4
4.390907,1514,1448,1.2
4.393330,1514,1448,2423.3
4.393331,1514,1448,1.2
4.395750,1514,1448,2419.0
4.395751,1514,1448,1.2
4.398175,1514,1448,2423.3
4.398176,1514,1448,1.4
4.400599,1514,1448,2422.8
4.400600,1514,1448,1.2
4.403028,1514,1448,2427.3
4.403029,1514,1448,1.2
4.405441,1514,1448,2412.6
4.405443,1514,1448,1.4
4.407867,1514,1448,2424.7
4.407869,1514,1448,1.2
4.410287,1514,1448,2418.5
4.410289,1514,1448,1.4
4.412708,1514,1448,2419.7
4.412710,1514,1448,1.4
4.415131,1514,1448,2421.1
4.415132,1514,1448,1.2
4.417553,1514,1448,2421.1
4.417554,1514,1448,1.2
4.419974,1514,1448,2419.5
4.419975,1514,1448,1.2
4.422400,1514,1448,2424.5
4.422401,1514,1448,1.2
4.423608,1514,1448,1207.4
4.426031,1514,1448,2423.0
4.426032,1514,1448,1.2
4.428455,1514,1448,2423.0
4.428457,1514,1448,1.2
4.430879,1514,1448,2422.6
4.430881,1514,1448,1.4
4.432089,1514,1448,1208.8
4.432091,1514,1448,1.2
4.434511,1514,1448,2420.2
4.434512,1514,1448,1.2
4.436931,1514,1448,2419.5
4.436933,1514,1448,1.2
4.439354,1514,1448,2421.4
4.439355,1514,1448,1.2
4.441776,1514,1448,2421.1
4.441777,1514,1448,1.2
4.444199,1514,1448,2421.1
4.444200,1514,1448,1.2
4.446622,1514,1448,2422.6
4.446624,1514,1448,1.4
4.449044,1514,1448,2420.2
4.449045,1514,1448,1.2
4.451467,1514,1448,2421.9
4.451468,1514,1448,1.0
4.453908,1514,1448,2440.0
4.453909,1514,1448,1.2
4.456310,1514,1448,2400.6
4.456311,1514,1448,1.2
4.458810,1514,1448,2498.9
4.458811,1514,1448,1.2
4.461210,1514,1448,2399.0
4.461211,1514,1448,1.2
4.463612,1514,1448,2400.6
4.463613,1514,1448,1.4
4.466013,1514,1448,2400.2
4.466015,1514,1448,1.4
4.468513,1514,1448,2498.4
4.468514,1514,1448,1.2
4.470844,1514,1448,2329.8
4.470845,1514,1448,1.2
4.473317,1514,1448,2471.7
4.473318,1514,1448,1.2
4.475716,1514,1448,2397.5
4.475717,1514,1448,1.2
4.478118,1514,1448,2400.9
4.478119,1514,1448,1.2
4.480618,1514,1448,2498.9
4.480619,1514,1448,1.2
4.482957,1514,1448,2337.9
4.482958,1514,1448,1.2
4.485421,1514,1448,2462.4
4.485422,1514,1448,1.2
4.487822,1514,1448,2399.7
4.487823,1514,1448,1.2
4.490224,1514,1448,2401.1
4.490225,1514,1448,1.4
4.492648,1514,1448,2423.0
4.492650,1514,1448,1.2
4.495126,1514,1448,2476.0
4.495127,1514,1448,1.4
4.497527,1514,1448,2400.4
4.497529,1514,1448,1.2
4.498725,1514,1448,1196.4
4.501126,1514,1448,2401.1
4.501127,1514,1448,1.4
4.503567,1514,1448,2439.3
4.503568,1514,1448,1.7
4.503572,1514,1448,3.6
4.505968,1514,1448,2396.3
4.505970,1514,1448,1.2
4.508392,1514,1448,2422.6
4.508393,1514,1448,1.2
4.510813,1514,1448,2420.2
4.510815,1514,1448,1.2
4.513237,1514,1448,2422.6
4.513238,1514,1448,1.2
4.515661,1514,1448,2422.1
4.515662,1514,1448,1.2
4.518081,1514,1448,2419.2
4.518082,1514,1448,1.2
4.520504,1514,1448,2422.3
4.520506,1514,1448,1.2
4.522926,1514,1448,2420.4
4.522927,1514,1448,1.2
4.525348,1514,1448,2421.1
4.525350,1514,1448,1.2
4.527771,1514,1448,2421.1
4.527772,1514,1448,1.2
4.530193,1514,1448,2420.9
4.530194,1514,1448,1.0
4.532615,1514,1448,2421.4
4.532616,1514,1448,1.2
4.535038,1514,1448,2421.6
4.535039,1514,1448,1.2
4.537461,1514,1448,2422.1
4.537462,1514,1448,1.2
4.539883,1514,1448,2420.9
4.539885,1514,1448,1.2
4.542305,1514,1448,2420.4
4.542306,1514,1448,1.2
4.544728,1514,1448,2421.6
4.544729,1514,1448,1.0
4.547151,1514,1448,2421.9
4.547152,1514,1448,1.4
4.549573,1514,1448,2420.7
4.549574,1514,1448,1.2
4.551995,1514,1448,2421.1
4.551996,1514,1448,1.2
4.554417,1514,1448,2420.4
4.554418,1514,1448,1.2
4.556839,1514,1448,2421.6
4.556841,1514,1448,1.2
4.559264,1514,1448,2423.5
4.559265,1514,1448,1.2
4.561684,1514,1448,2418.5
4.561685,1514,1448,1.2
4.564106,1514,1448,2420.9
4.564107,1514,1448,1.2
4.566529,1514,1448,2421.9
4.566530,1514,1448,1.2
4.568952,1514,1448,2421.9
4.568953,1514,1448,1.2
4.571373,1514,1448,2420.2
4.571375,1514,1448,1.2
4.573795,1514,1448,2419.9
4.573796,1514,1448,1.2
4.575006,1514,1448,1210.7
4.577430,1514,1448,2423.3
4.577431,1514,1448,1.2
4.579863,1514,1448,2431.9
4.579864,1514,1448,1.4
4.581064,1514,1448,1199.7
4.581065,1514,1448,1.2
4.583565,1514,1448,2500.1
4.583566,1514,1448,1.2
4.585960,1514,1448,2394.0
4.585962,1514,1448,1.2
4.588362,1514,1448,2400.4
4.588363,1514,1448,1.2
4.590764,1514,1448,2400.4
4.590765,1514,1448,1.2
4.593261,1514,1448,2496.7
4.593263,1514,1448,1.2
4.595665,1514,1448,2402.1
4.595666,1514,1448,1.0
4.598065,1514,1448,2399.4
4.598066,1514,1448,1.2
4.600463,1514,1448,2396.3
4.600464,1514,1448,1.2
4.602870,1514,1448,2405.9
4.602871,1514,1448,1.2
4.605414,1514,1448,2543.4
4.605418,1514,1448,3.3
4.607723,1514,1448,2305.5
4.607725,1514,1448,1.7
4.610175,1514,1448,2449.8
4.610176,1514,1448,1.2
4.612595,1514,1448,2419.0
4.612597,1514,1448,2.4
4.615080,1514,1448,2482.7
4.615086,1514,1448,6.2
4.617476,1514,1448,2389.9
4.617477,1514,1448,1.2
4.619876,1514,1448,2398.5
4.619877,1514,1448,1.2
4.622283,1514,1448,2405.6
4.622285,1514,1448,2.1
4.624658,1514,1448,2373.7
4.624660,1514,1448,1.4
4.627079,1514,1448,2418.8
4.627080,1514,1448,1.2
4.629494,1514,1448,2414.2
4.629495,1514,1448,1.2
4.631939,1514,1448,2443.6
4.631940,1514,1448,1.2
4.634375,1514,1448,2435.0
4.634376,1514,1448,1.2
4.636779,1514,1448,2402.5
4.636780,1514,1448,1.2
4.639180,1514,1448,2400.2
4.639181,1514,1448,1.2
4.641603,1514,1448,2421.4
4.641604,1514,1448,1.2
4.644026,1514,1448,2422.3
4.644027,1514,1448,1.2
4.646473,1514,1448,2445.5
4.646475,1514,1448,2.4
4.648878,1514,1448,2402.5
4.648880,1514,1448,2.4
4.651292,1514,1448,2411.6
4.651293,1514,1448,1.2
4.652503,1514,1448,1210.2
4.654927,1514,1448,2423.5
4.654928,1514,1448,1.9
4.654932,1514,1448,4.1
4.657348,1514,1448,2415.9
4.657350,1514,1448,1.4
4.659770,1514,1448,2420.4
4.659771,1514,1448,1.2
4.662193,1514,1448,2421.6
4.662194,1514,1448,1.2
4.664617,1514,1448,2422.6
4.664618,1514,1448,1.2
4.667071,1514,1448,2453.3
4.667073,1514,1448,1.2
4.669499,1514,1448,2426.9
4.669501,1514,1448,1.4
4.671904,1514,1448,2403.5
4.671906,1514,1448,1.2
4.674327,1514,1448,2421.1
4.674328,1514,1448,1.2
4.676750,1514,1448,2422.6
4.676752,1514,1448,1.2
4.679174,1514,1448,2422.8
4.679176,1514,1448,1.2
4.681595,1514,1448,2419.0
4.681596,1514,1448,1.2
4.684016,1514,1448,2420.2
4.684017,1514,1448,1.0
4.686444,1514,1448,2427.1
4.686445,1514,1448,1.2
4.688862,1514,1448,2416.6
4.688863,1514,1448,1.4
4.691284,1514,1448,2420.7
4.691285,1514,1448,1.2
4.693707,1514,1448,2421.4
4.693708,1514,1448,1.2
4.696129,1514,1448,2420.9
4.696130,1514,1448,1.2
4.698551,1514,1448,2421.1
4.698552,1514,1448,1.2
4.700972,1514,1448,2419.9
4.700973,1514,1448,1.2
4.703397,1514,1448,2423.5
4.703398,1514,1448,1.0
4.705818,1514,1448,2420.4
4.705819,1514,1448,1.2
4.708243,1514,1448,2423.8
4.708245,1514,1448,1.4
4.710712,1514,1448,2467.2
4.710713,1514,1448,1.4
4.713113,1514,1448,2400.2
4.713115,1514,1448,1.2
4.715518,1514,1448,2403.5
4.715519,1514,1448,1.2
4.718013,1514,1448,2494.1
4.718014,1514,1448,1.2
4.720415,1514,1448,2400.4
4.720416,1514,1448,1.2
4.722817,1514,1448,2401.4
4.722819,1514,1448,1.2
4.725232,1514,1448,2413.7
4.725234,1514,1448,1.9
4.727668,1514,1448,2433.5
4.727672,1514,1448,3.8
4.730137,1514,1448,2465.5
4.730139,1514,1448,2.1
4.731323,1514,1448,1184.0
4.733741,1514,1448,2417.8
4.733743,1514,1448,2.4
4.734940,1514,1448,1196.6
4.734942,1514,1448,2.1
4.737365,1514,1448,2423.0
4.737371,1514,1448,5.7
4.739823,1514,1448,2452.4
4.739825,1514,1448,1.2
4.742136,1514,1448,2311.0
4.742137,1514,1448,1.2
4.744583,1514,1448,2445.9
4.744584,1514,1448,1.4
4.746991,1514,1448,2407.1
4.746993,1514,1448,1.4
4.749410,1514,1448,2417.1
4.749411,1514,1448,1.4
4.751823,1514,1448,2412.1
4.751824,1514,1448,1.2
4.754271,1514,1448,2446.7
4.754272,1514,1448,1.4
4.756756,1514,1448,2483.4
4.756757,1514,1448,1.2
4.759090,1514,1448,2332.7
4.759091,1514,1448,1.2
4.761580,1514,1448,2488.9
4.761581,1514,1448,1.2
4.763956,1514,1448,2375.4
4.763958,1514,1448,1.2
4.766379,1514,1448,2421.4
4.766380,1514,1448,1.2
4.768801,1514,1448,2420.9
4.768802,1514,1448,1.2
4.771224,1514,1448,2421.9
4.771225,1514,1448,1.2
4.773649,1514,1448,2424.2
4.773651,1514,1448,1.2
4.776074,1514,1448,2423.5
4.776076,1514,1448,1.4
4.778492,1514,1448,2416.1
4.778493,1514,1448,1.2
4.780913,1514,1448,2420.2
4.780914,1514,1448,1.2
4.783335,1514,1448,2420.7
4.783336,1514,1448,1.2
4.785758,1514,1448,2421.9
4.785759,1514,1448,1.2
4.788179,1514,1448,2419.7
4.788180,1514,1448,1.2
4.790602,1514,1448,2421.9
4.790603,1514,1448,1.4
4.793025,1514,1448,2421.9
4.793026,1514,1448,1.2
4.795452,1514,1448,2425.7
4.795453,1514,1448,1.2
4.797871,1514,1448,2417.6
4.797872,1514,1448,1.4
4.800291,1514,1448,2419.0
4.800292,1514,1448,1.2
4.802717,1514,1448,2424.7
4.802719,1514,1448,1.7
4.805137,1514,1448,2417.8
4.805138,1514,1448,1.4
4.807559,1514,1448,2420.9
4.807560,1514,1448,1.4
4.809982,1514,1448,2421.9
4.809983,1514,1448,1.2
4.811192,1514,1448,1208.5
4.811193,1514,1448,1.4
4.813615,1514,1448,2421.1
4.813616,1514,1448,1.2
4.816036,1514,1448,2420.2
4.816037,1514,1448,1.2
4.818462,1514,1448,2424.5
4.818463,1514,1448,1.7
4.820882,1514,1448,2418.5
4.820883,1514,1448,1.0
4.823304,1514,1448,2421.4
4.823306,1514,1448,1.4
4.825727,1514,1448,2421.6
4.825728,1514,1448,1.0
4.828149,1514,1448,2420.7
4.828150,1514,1448,1.2
4.830572,1514,1448,2421.6
4.830573,1514,1448,1.2
4.832994,1514,1448,2420.7
4.832995,1514,1448,1.2
4.835416,1514,1448,2421.4
4.835418,1514,1448,1.4
4.837847,1514,1448,2429.0
4.837848,1514,1448,1.2
4.840260,1514,1448,2412.6
4.840261,1514,1448,1.2
4.842764,1514,1448,2502.9
4.842766,1514,1448,1.4
4.845165,1514,1448,2399.2
4.845166,1514,1448,1.2
4.847569,1514,1448,2402.8
4.847570,1514,1448,1.2
4.849967,1514,1448,2397.3
4.849969,1514,1448,1.2
4.852427,1514,1448,2458.6
4.852429,1514,1448,1.4
4.854867,1514,1448,2438.3
4.854868,1514,1448,1.0
4.857270,1514,1448,2402.3
4.857271,1514,1448,1.2
4.859640,1514,1448,2368.5
4.859641,1514,1448,1.2
4.862080,1514,1448,2439.3
4.862082,1514,1448,1.4
4.864584,1514,1448,2502.7
4.864586,1514,1448,1.2
4.866974,1514,1448,2388.7
4.866976,1514,1448,1.2
4.869375,1514,1448,2399.4
4.869376,1514,1448,1.2
4.871777,1514,1448,2400.6
4.871778,1514,1448,1.2
4.874177,1514,1448,2399.4
4.874179,1514,1448,1.2
4.876677,1514,1448,2498.6
4.876678,1514,1448,1.2
4.879078,1514,1448,2399.2
4.879079,1514,1448,1.2
4.881426,1514,1448,2347.5
4.881428,1514,1448,1.2
4.883882,1514,1448,2454.5
4.883883,1514,1448,1.4
4.886349,1514,1448,2466.0
4.886351,1514,1448,1.2
4.888772,1514,1448,2421.1
4.888773,1514,1448,1.2
4.891172,1514,1448,2399.0
4.891174,1514,1448,1.7
4.891177,1514,1448,3.8
4.893574,1514,1448,2397.1
4.893576,1514,1448,1.2
4.895976,1514,1448,2399.9
4.895977,1514,1448,1.2
4.898398,1514,1448,2421.4
4.898399,1514,1448,1.2
4.900821,1514,1448,2421.9
4.900823,1514,1448,1.4
4.903246,1514,1448,2423.0
4.903247,1514,1448,1.2
4.905667,1514,1448,2419.7
4.905668,1514,1448,1.2
4.908088,1514,1448,2420.2
4.908089,1514,1448,1.2
4.910511,1514,1448,2421.9
4.910512,1514,1448,1.2
4.912933,1514,1448,2420.7
4.912934,1514,1448,1.2
4.915355,1514,1448,2420.7
4.915356,1514,1448,1.2
4.917778,1514,1448,2422.1
4.917779,1514,1448,1.2
4.920200,1514,1448,2420.4
4.920201,1514,1448,1.2
4.922622,1514,1448,2420.9
4.922623,1514,1448,1.2
4.925046,1514,1448,2422.8
4.925047,1514,1448,1.2
4.927468,1514,1448,2421.1
4.927469,1514,1448,1.2
4.929889,1514,1448,2420.2
4.929891,1514,1448,1.4
4.932311,1514,1448,2420.4
4.932312,1514,1448,1.2
4.934734,1514,1448,2421.4
4.934735,1514,1448,1.2
4.937155,1514,1448,2420.2
4.937156,1514,1448,1.2
4.939578,1514,1448,2421.9
4.939579,1514,1448,1.2
4.941985,1514,1448,2405.2
4.941986,1514,1448,1.2
4.944424,1514,1448,2437.8
4.944425,1514,1448,1.2
4.946847,1514,1448,2422.6
4.946849,1514,1448,1.2
4.949269,1514,1448,2420.2
4.949270,1514,1448,1.4
4.951692,1514,1448,2421.4
4.951693,1514,1448,1.2
4.954113,1514,1448,2420.4
4.954114,1514,1448,1.2
4.956535,1514,1448,2420.9
4.956537,1514,1448,1.2
4.958958,1514,1448,2421.1
4.958959,1514,1448,1.2
4.961379,1514,1448,2419.7
4.961380,1514,1448,1.0
4.963802,1514,1448,2422.6
4.963803,1514,1448,1.2
4.966226,1514,1448,2422.3
4.966227,1514,1448,1.4
4.968655,1514,1448,2427.6
4.968656,1514,1448,1.4
4.971128,1514,1448,2471.9
4.971129,1514,1448,1.2
4.972258,1514,1448,1128.9
4.973467,1514,1448,1208.8
4.974678,1514,1448,1210.9
4.978101,1514,1448,3422.7
4.980524,1514,1448,2423.3
4.982945,1514,1448,2421.6
4.985367,1514,1448,2421.6
4.987790,1514,1448,2422.6
4.990223,1514,1448,2433.1
4.992635,1514,1448,2411.8
4.995057,1514,1448,2422.3
4.997488,1514,1448,2430.9
4.999902,1514,1448,2414.5
5.002326,1514,1448,2423.3
5.004748,1514,1448,2422.6
5.007169,1514,1448,2420.9
5.009594,1514,1448,2425.2
5.012020,1514,1448,2425.4
5.014437,1514,1448,2417.8
5.016858,1514,1448,2420.9
5.019281,1514,1448,2423.0
5.021703,1514,1448,2421.6
5.024126,1514,1448,2423.3
5.026549,1514,1448,2423.0
5.028970,1514,1448,2421.1
5.031396,1514,1448,2425.9
5.033816,1514,1448,2419.5
5.036238,1514,1448,2422.1
5.038660,1514,1448,2422.3
5.041083,1514,1448,2422.3
5.043505,1514,1448,2422.3
5.045928,1514,1448,2422.6
5.048351,1514,1448,2423.3
5.050772,1514,1448,2421.4
5.054407,1514,1448,3634.9
5.054619,1514,1448,212.2
5.057040,1514,1448,2420.9
5.057042,1514,1448,1.4
5.059463,1514,1448,2421.1
5.059464,1514,1448,1.2
5.061885,1514,1448,2421.1
5.061886,1514,1448,1.2
5.064307,1514,1448,2420.7
5.064308,1514,1448,1.2
5.066729,1514,1448,2421.1
5.066730,1514,1448,1.2
5.069152,1514,1448,2421.9
5.069154,1514,1448,1.2
5.071574,1514,1448,2420.4
5.071575,1514,1448,1.2
5.073996,1514,1448,2420.9
5.073997,1514,1448,1.0
5.076420,1514,1448,2422.6
5.076421,1514,1448,1.4
5.078841,1514,1448,2419.9
5.078842,1514,1448,1.2
5.081264,1514,1448,2422.1
5.081265,1514,1448,1.2
5.083698,1514,1448,2432.1
5.083699,1514,1448,1.2
5.086108,1514,1448,2409.5
5.086109,1514,1448,1.2
5.088531,1514,1448,2421.4
5.088532,1514,1448,1.2
5.090953,1514,1448,2420.7
5.090954,1514,1448,1.2
5.095630,1514,1448,4676.6
5.095632,1514,1448,1.9
5.095636,1514,1448,3.6
5.098264,1514,1448,2627.8
5.098265,1514,1448,1.4
5.099623,1514,1448,1357.6
5.101969,1514,1448,2346.0
5.101970,1514,1448,1.4
5.104371,1514,1448,2400.6
5.104372,1514,1448,1.2
5.106771,1514,1448,2399.4
5.106773,1514,1448,1.2
5.109269,1514,1448,2496.0
5.109270,1514,1448,1.2
5.111673,1514,1448,2402.8
5.111674,1514,1448,1.2
5.114033,1514,1448,2359.6
5.114035,1514,1448,1.2
5.116485,1514,1448,2450.0
5.116486,1514,1448,1.0
5.118915,1514,1448,2429.0
5.118916,1514,1448,1.4
5.121376,1514,1448,2460.0
5.121377,1514,1448,1.2
5.123777,1514,1448,2399.9
5.123778,1514,1448,1.2
5.126179,1514,1448,2400.4
5.126180,1514,1448,1.2
5.128582,1514,1448,2401.6
5.128583,1514,1448,1.2
5.131079,1514,1448,2496.5
5.131080,1514,1448,1.0
5.133485,1514,1448,2404.5
5.133486,1514,1448,1.2
5.138114,1514,1448,4628.4
5.138116,1514,1448,1.4
5.140624,1514,1448,2508.2
5.140627,1514,1448,2.9
5.140631,1514,1448,4.8
5.141784,1514,1448,1152.8
5.144135,1514,1448,2350.8
5.144136,1514,1448,1.2
5.145386,1514,1448,1249.3
5.147788,1514,1448,2402.8
5.147789,1514,1448,1.2
5.150287,1514,1448,2497.9
5.150289,1514,1448,1.2
5.152610,1514,1448,2321.0
5.152611,1514,1448,1.2
5.155032,1514,1448,2421.1
5.155033,1514,1448,1.2
5.157448,1514,1448,2414.7
5.157449,1514,1448,1.2
5.159872,1514,1448,2423.3
5.159873,1514,1448,1.2
5.162294,1514,1448,2420.9
5.162296,1514,1448,1.4
5.164715,1514,1448,2419.2
5.164716,1514,1448,1.2
5.167138,1514,1448,2421.6
5.167139,1514,1448,1.4
5.169572,1514,1448,2432.3
5.169573,1514,1448,1.4
5.171983,1514,1448,2409.5
5.171984,1514,1448,1.4
5.174405,1514,1448,2420.9
5.174406,1514,1448,1.2
5.176826,1514,1448,2420.2
5.176827,1514,1448,1.2
5.180553,1514,1448,3725.3
5.180554,1514,1448,1.2
5.183063,1514,1448,2509.1
5.183064,1514,1448,1.2
5.185496,1514,1448,2431.4
5.185498,1514,1448,1.9
5.185501,1514,1448,3.6
5.187907,1514,1448,2406.1
5.187909,1514,1448,1.4
5.190330,1514,1448,2421.6
5.190331,1514,1448,1.2
5.191540,1514,1448,1208.3
5.193962,1514,1448,2422.6
5.193964,1514,1448,1.2
5.196386,1514,1448,2422.8
5.196388,1514,1448,1.2
5.198807,1514,1448,2419.7
5.198808,1514,1448,1.2
5.201230,1514,1448,2421.6
5.201231,1514,1448,1.4
5.203659,1514,1448,2427.3
5.203660,1514,1448,1.7
5.206082,1514,1448,2421.1
5.206083,1514,1448,1.7
5.208500,1514,1448,2416.8
5.208501,1514,1448,1.2
5.210919,1514,1448,2417.8
5.210920,1514,1448,1.2
5.213342,1514,1448,2422.1
5.213344,1514,1448,1.2
5.215766,1514,1448,2422.3
5.215767,1514,1448,1.4
5.218187,1514,1448,2419.2
5.218188,1514,1448,1.2
5.220609,1514,1448,2421.6
5.220611,1514,1448,1.2
5.223038,1514,1448,2427.8
5.223040,1514,1448,1.2
5.225521,1514,1448,2481.2
5.225524,1514,1448,2.9
5.227937,1514,1448,2413.7
5.227939,1514,1448,1.7
5.230357,1514,1448,2418.0
5.230359,1514,1448,1.9
5.230362,1514,1448,3.3
5.231567,1514,1448,1204.7
5.233989,1514,1448,2422.1
5.233990,1514,1448,1.2
5.236412,1514,1448,2421.4
5.236413,1514,1448,1.0
5.237622,1514,1448,1209.5
5.240046,1514,1448,2424.0
5.240047,1514,1448,1.2
5.242469,1514,1448,2421.9
5.242471,1514,1448,1.7
5.244891,1514,1448,2419.7
5.244892,1514,1448,1.4
5.247323,1514,1448,2430.9
5.247325,1514,1448,1.7
5.249739,1514,1448,2414.5
5.249741,1514,1448,1.7
5.252158,1514,1448,2417.1
5.252159,1514,1448,1.4
5.254581,1514,1448,2421.4
5.254582,1514,1448,1.2
5.257001,1514,1448,2419.5
5.257003,1514,1448,1.2
5.259424,1514,1448,2421.6
5.259425,1514,1448,1.2
5.261847,1514,1448,2421.4
5.261848,1514,1448,1.2
5.264269,1514,1448,2421.4
5.264271,1514,1448,1.2
5.266697,1514,1448,2426.1
5.266698,1514,1448,1.2
5.269124,1514,1448,2426.1
5.269126,1514,1448,1.9
5.271538,1514,1448,2412.1
5.271540,1514,1448,1.9
5.271543,1514,1448,3.3
5.273960,1514,1448,2416.6
5.273961,1514,1448,1.2
5.276383,1514,1448,2421.9
5.276384,1514,1448,1.2
5.278804,1514,1448,2419.7
5.278805,1514,1448,1.2
5.281225,1514,1448,2420.2
5.281226,1514,1448,1.2
5.283649,1514,1448,2423.0
5.283651,1514,1448,1.2
5.284858,1514,1448,1207.8
5.287283,1514,1448,2424.5
5.287284,1514,1448,1.2
5.289714,1514,1448,2430.0
5.289716,1514,1448,1.4
5.292132,1514,1448,2416.4
5.292133,1514,1448,1.4
5.294550,1514,1448,2416.8
5.294551,1514,1448,1.2
5.296971,1514,1448,2419.9
5.296973,1514,1448,1.2
5.299395,1514,1448,2422.3
5.299396,1514,1448,1.2
5.301837,1514,1448,2441.2
5.301838,1514,1448,1.2
5.304250,1514,1448,2411.4
5.304251,1514,1448,1.7
5.306663,1514,1448,2411.8
5.306664,1514,1448,1.2
5.309085,1514,1448,2420.2
5.309086,1514,1448,1.4
5.311517,1514,1448,2431.4
5.311519,1514,1448,1.7
5.313934,1514,1448,2414.5
5.313935,1514,1448,1.7
5.316352,1514,1448,2416.8
5.316353,1514,1448,1.2
5.318774,1514,1448,2421.1
5.318776,1514,1448,1.2
5.319986,1514,1448,1210.7
5.319988,1514,1448,1.2
5.322439,1514,1448,2451.4
5.322440,1514,1448,1.2
5.324853,1514,1448,2413.0
5.324854,1514,1448,1.2
5.327271,1514,1448,2416.4
5.327272,1514,1448,1.2
5.329697,1514,1448,2425.2
5.329698,1514,1448,1.2
5.332123,1514,1448,2425.0
5.332124,1514,1448,1.0
5.333336,1514,1448,1211.6
5.335757,1514,1448,2421.4
5.335759,1514,1448,1.4
5.338177,1514,1448,2418.8
5.338179,1514,1448,1.4
5.340599,1514,1448,2420.4
5.340600,1514,1448,1.2
5.343019,1514,1448,2418.5
5.343020,1514,1448,1.2
5.345443,1514,1448,2423.3
5.345445,1514,1448,1.2
5.347866,1514,1448,2420.9
5.347867,1514,1448,1.2
5.350368,1514,1448,2501.2
5.350369,1514,1448,1.2
5.352714,1514,1448,2344.8
5.352715,1514,1448,1.4
5.355140,1514,1448,2425.0
5.355142,1514,1448,1.7
5.357574,1514,1448,2431.9
5.357575,1514,1448,1.4
5.360030,1514,1448,2454.8
5.360031,1514,1448,1.2
5.362480,1514,1448,2448.3
5.362481,1514,1448,1.4
5.364875,1514,1448,2393.7
5.364877,1514,1448,1.7
5.364880,1514,1448,3.8
5.367276,1514,1448,2395.9
5.367277,1514,1448,1.2
5.369667,1514,1448,2389.9
5.369668,1514,1448,1.2
5.372177,1514,1448,2508.9
5.372179,1514,1448,1.2
5.374518,1514,1448,2339.1
5.374519,1514,1448,1.2
5.376987,1514,1448,2467.9
5.376988,1514,1448,1.7
5.379382,1514,1448,2394.0
5.379384,1514,1448,1.2
5.381779,1514,1448,2395.2
5.381780,1514,1448,1.2
5.383076,1514,1448,1296.3
5.385485,1514,1448,2409.0
5.385486,1514,1448,1.2
5.387885,1514,1448,2398.7
5.387887,1514,1448,1.4
5.390285,1514,1448,2398.7
5.390286,1514,1448,1.2
5.392686,1514,1448,2399.2
5.392687,1514,1448,1.2
5.395182,1514,1448,2495.5
5.395184,1514,1448,1.4
5.397597,1514,1448,2412.8
5.397599,1514,1448,1.9
5.399983,1514,1448,2384.9
5.399985,1514,1448,1.2
5.402383,1514,1448,2398.3
5.402384,1514,1448,1.4
5.404793,1514,1448,2409.0
5.404795,1514,1448,1.4
5.407213,1514,1448,2418.8
5.407214,1514,1448,1.0
5.409637,1514,1448,2422.3
5.409638,1514,1448,1.2
5.412077,1514,1448,2439.3
5.412078,1514,1448,1.2
5.414487,1514,1448,2408.7
5.414489,1514,1448,1.4
5.415693,1514,1448,1204.3
5.415694,1514,1448,1.2
5.418124,1514,1448,2429.7
5.418125,1514,1448,1.7
5.420541,1514,1448,2415.4
5.420543,1514,1448,1.9
5.422993,1514,1448,2450.5
5.422994,1514,1448,1.2
5.425414,1514,1448,2419.5
5.425415,1514,1448,1.2
5.427837,1514,1448,2422.3
5.427839,1514,1448,1.2
5.430260,1514,1448,2421.1
5.430261,1514,1448,1.2
5.432682,1514,1448,2421.1
5.432683,1514,1448,1.2
5.433892,1514,1448,1209.0
5.436316,1514,1448,2423.5
5.436317,1514,1448,1.2
5.438739,1514,1448,2421.9
5.438740,1514,1448,1.2
5.441168,1514,1448,2428.1
5.441170,1514,1448,1.7
5.443583,1514,1448,2413.5
5.443584,1514,1448,1.2
5.446005,1514,1448,2420.7
5.446006,1514,1448,1.2
5.448428,1514,1448,2421.4
5.448429,1514,1448,1.2
5.450851,1514,1448,2422.3
5.450852,1514,1448,1.2
5.453274,1514,1448,2421.6
5.453275,1514,1448,1.2
5.455695,1514,1448,2419.9
5.455696,1514,1448,1.2
5.458119,1514,1448,2422.8
5.458120,1514,1448,1.2
5.460548,1514,1448,2428.1
5.460550,1514,1448,1.7
5.462974,1514,1448,2423.5
5.462976,1514,1448,1.9
5.462980,1514,1448,4.5
5.465385,1514,1448,2404.7
5.465386,1514,1448,1.2
5.467808,1514,1448,2422.3
5.467810,1514,1448,1.4
5.470230,1514,1448,2420.4
5.470231,1514,1448,1.2
5.472652,1514,1448,2420.4
5.472653,1514,1448,1.2
5.475074,1514,1448,2421.4
5.475075,1514,1448,1.2
5.477523,1514,1448,2447.1
5.477524,1514,1448,1.2
5.479921,1514,1448,2397.3
5.479923,1514,1448,1.7
5.482352,1514,1448,2428.8
5.482353,1514,1448,1.7
5.484827,1514,1448,2473.6
5.484828,1514,1448,1.4
5.486023,1514,1448,1194.5
5.488398,1514,1448,2375.4
5.488399,1514,1448,1.2
5.490826,1514,1448,2426.6
5.490827,1514,1448,1.2
5.493325,1514,1448,2497.7
5.493326,1514,1448,1.2
5.495727,1514,1448,2400.6
5.495728,1514,1448,1.2
5.498128,1514,1448,2400.4
5.498129,1514,1448,1.2
5.500535,1514,1448,2405.9
5.500536,1514,1448,1.2
5.502933,1514,1448,2396.8
5.502935,1514,1448,1.4
5.505436,1514,1448,2501.0
5.505438,1514,1448,2.4
5.507833,1514,1448,2395.2
5.507835,1514,1448,1.4
5.510233,1514,1448,2398.5
5.510234,1514,1448,1.2
5.512634,1514,1448,2399.9
5.512635,1514,1448,1.2
5.515134,1514,1448,2498.4
5.515135,1514,1448,1.0
5.516335,1514,1448,1200.7
5.516337,1514,1448,1.4
5.518736,1514,1448,2399.0
5.518737,1514,1448,1.2
5.521137,1514,1448,2399.7
5.521138,1514,1448,1.2
5.523540,1514,1448,2401.8
5.523541,1514,1448,1.2
5.525994,1514,1448,2453.3
5.525996,1514,1448,1.7
5.528368,1514,1448,2371.5
5.528369,1514,1448,1.2
5.530802,1514,1448,2432.8
5.530803,1514,1448,1.4
5.533271,1514,1448,2467.6
5.533276,1514,1448,5.7
5.535654,1514,1448,2377.5
5.535656,1514,1448,2.4
5.538125,1514,1448,2468.6
5.538130,1514,1448,4.8
5.539310,1514,1448,1179.9
5.541783,1514,1448,2473.4
5.541794,1514,1448,11.4
5.544116,1514,1448,2321.7
5.544117,1514,1448,1.4
5.546549,1514,1448,2431.6
5.546551,1514,1448,1.7
5.548970,1514,1448,2418.8
5.548972,1514,1448,2.1
5.551389,1514,1448,2417.3
5.551390,1514,1448,1.2
5.553821,1514,1448,2430.4
5.553822,1514,1448,1.2
5.556232,1514,1448,2410.4
5.556233,1514,1448,1.2
5.558667,1514,1448,2433.5
5.558668,1514,1448,1.2
5.561205,1514,1448,2537.0
5.561206,1514,1448,1.2
5.563495,1514,1448,2288.3
5.563496,1514,1448,1.4
5.565917,1514,1448,2420.4
5.565918,1514,1448,1.7
5.565922,1514,1448,3.8
5.568348,1514,1448,2426.4
5.568350,1514,1448,1.7
5.570745,1514,1448,2395.2
5.570747,1514,1448,1.7
5.573163,1514,1448,2415.7
5.573164,1514,1448,1.4
5.575583,1514,1448,2419.5
5.575585,1514,1448,1.2
5.578006,1514,1448,2421.1
5.578007,1514,1448,1.2
5.580428,1514,1448,2421.4
5.580430,1514,1448,1.2
5.582852,1514,1448,2422.8
5.582854,1514,1448,1.4
5.585274,1514,1448,2419.7
5.585275,1514,1448,1.2
5.587696,1514,1448,2421.6
5.587698,1514,1448,1.2
5.590128,1514,1448,2430.2
5.590129,1514,1448,1.7
5.592546,1514,1448,2416.1
5.592547,1514,1448,1.7
5.593751,1514,1448,1204.3
5.596173,1514,1448,2421.9
5.596175,1514,1448,1.4
5.598597,1514,1448,2421.9
5.598598,1514,1448,1.2
5.601019,1514,1448,2420.9
5.601020,1514,1448,1.2
5.603449,1514,1448,2428.8
5.603450,1514,1448,1.4
5.605887,1514,1448,2437.1
5.605890,1514,1448,2.6
5.608297,1514,1448,2406.8
5.608298,1514,1448,1.4
5.610738,1514,1448,2439.7
5.610740,1514,1448,2.4
5.613155,1514,1448,2414.5
5.613157,1514,1448,2.6
5.615560,1514,1448,2402.8
5.615562,1514,1448,1.7
5.617978,1514,1448,2416.1
5.617979,1514,1448,1.2
5.620399,1514,1448,2420.4
5.620401,1514,1448,1.2
5.621611,1514,1448,1210.5
5.621613,1514,1448,1.4
5.624038,1514,1448,2425.2
5.624039,1514,1448,1.2
5.626462,1514,1448,2422.6
5.626463,1514,1448,1.2
5.628880,1514,1448,2417.6
5.628881,1514,1448,1.2
5.631316,1514,1448,2434.3
5.631317,1514,1448,1.4
5.633800,1514,1448,2482.7
5.633801,1514,1448,1.4
5.636147,1514,1448,2345.3
5.636148,1514,1448,1.2
5.638566,1514,1448,2417.8
5.638567,1514,1448,1.2
5.640989,1514,1448,2422.3
5.640990,1514,1448,1.2
5.643410,1514,1448,2420.2
5.643412,1514,1448,1.2
5.645845,1514,1448,2433.1
5.645847,1514,1448,2.1
5.648266,1514,1448,2419.0
5.648267,1514,1448,1.4
5.649467,1514,1448,1199.5
5.651890,1514,1448,2423.3
5.651891,1514,1448,1.2
5.654317,1514,1448,2425.9
5.654319,1514,1448,1.9
5.656743,1514,1448,2424.0
5.656745,1514,1448,1.9
5.659157,1514,1448,2411.6
5.659158,1514,1448,1.2
5.661578,1514,1448,2419.9
5.661579,1514,1448,1.2
5.664000,1514,1448,2421.1
5.664001,1514,1448,1.4
5.666455,1514,1448,2453.3
5.666456,1514,1448,1.2
5.668870,1514,1448,2414.2
5.668871,1514,1448,1.2
5.671290,1514,1448,2418.8
5.671292,1514,1448,1.4
5.673713,1514,1448,2421.1
5.673715,1514,1448,1.9
5.673718,1514,1448,3.8
5.676142,1514,1448,2423.3
5.676143,1514,1448,1.4
5.678564,1514,1448,2420.7
5.678566,1514,1448,1.9
5.680980,1514,1448,2414.0
5.680981,1514,1448,1.2
5.683400,1514,1448,2419.5
5.683402,1514,1448,1.2
5.685825,1514,1448,2423.0
5.685826,1514,1448,1.2
5.688248,1514,1448,2422.3
5.688249,1514,1448,1.2
5.690669,1514,1448,2419.5
5.690670,1514,1448,1.2
5.693090,1514,1448,2420.2
5.693091,1514,1448,1.2
5.695523,1514,1448,2431.4
5.695524,1514,1448,1.2
5.697948,1514,1448,2424.5
5.697950,1514,1448,1.7
5.700367,1514,1448,2417.3
5.700370,1514,1448,2.1
5.702796,1514,1448,2425.9
5.702797,1514,1448,1.2
5.705217,1514,1448,2420.7
5.705219,1514,1448,1.4
5.706419,1514,1448,1199.7
5.708927,1514,1448,2508.6
5.708929,1514,1448,1.4
5.711263,1514,1448,2334.8
5.711265,1514,1448,1.4
5.713687,1514,1448,2422.3
5.713689,1514,1448,1.7
5.716110,1514,1448,2421.6
5.716112,1514,1448,1.7
5.718543,1514,1448,2430.9
5.718544,1514,1448,1.4
5.720970,1514,1448,2425.7
5.720972,1514,1448,1.4
5.723359,1514,1448,2387.3
5.723360,1514,1448,1.4
5.725792,1514,1448,2431.9
5.725794,1514,1448,1.7
5.728202,1514,1448,2408.5
5.728204,1514,1448,1.2
5.730625,1514,1448,2421.9
5.730627,1514,1448,1.4
5.731834,1514,1448,1206.9
5.731835,1514,1448,1.0
5.734262,1514,1448,2427.3
5.734263,1514,1448,1.2
5.736683,1514,1448,2419.7
5.736685,1514,1448,1.7
5.739111,1514,1448,2426.4
5.739113,1514,1448,1.9
5.741541,1514,1448,2428.1
5.741543,1514,1448,1.7
5.743954,1514,1448,2411.6
5.743956,1514,1448,1.4
5.746382,1514,1448,2426.9
5.746384,1514,1448,1.7
5.748805,1514,1448,2420.7
5.748806,1514,1448,1.4
5.751216,1514,1448,2409.9
5.751218,1514,1448,1.4
5.753643,1514,1448,2425.7
5.753645,1514,1448,1.4
5.756066,1514,1448,2421.4
5.756068,1514,1448,1.7
5.758517,1514,1448,2449.3
5.758519,1514,1448,1.7
5.760914,1514,1448,2394.9
5.760915,1514,1448,1.7
5.763332,1514,1448,2416.8
5.763333,1514,1448,1.2
5.764536,1514,1448,1202.6
5.766961,1514,1448,2425.4
5.766963,1514,1448,1.4
5.769383,1514,1448,2420.7
5.769385,1514,1448,1.7
5.771806,1514,1448,2420.4
5.771807,1514,1448,1.4
5.774228,1514,1448,2421.1
5.774230,1514,1448,1.4
5.776653,1514,1448,2423.0
5.776654,1514,1448,1.4
5.779077,1514,1448,2423.3
5.779079,1514,1448,1.4
5.781502,1514,1448,2423.8
5.781504,1514,1448,1.7
5.783920,1514,1448,2415.7
5.783921,1514,1448,1.2
5.786347,1514,1448,2426.4
5.786350,1514,1448,3.1
5.786355,1514,1448,4.5
5.788764,1514,1448,2409.5
5.788766,1514,1448,1.7
5.791185,1514,1448,2419.2
5.791187,1514,1448,1.4
5.793609,1514,1448,2422.1
5.793610,1514,1448,1.4
5.796031,1514,1448,2420.9
5.796033,1514,1448,1.7
5.798454,1514,1448,2420.7
5.798455,1514,1448,1.4
5.800897,1514,1448,2442.4
5.800899,1514,1448,1.4
5.803319,1514,1448,2419.7
5.803320,1514,1448,1.4
5.805745,1514,1448,2425.4
5.805747,1514,1448,1.7
5.808169,1514,1448,2421.9
5.808171,1514,1448,1.9
5.810584,1514,1448,2413.5
5.810586,1514,1448,1.7
5.813008,1514,1448,2422.3
5.813010,1514,1448,1.9
5.815433,1514,1448,2422.3
5.815434,1514,1448,1.7
5.817833,1514,1448,2399.2
5.817835,1514,1448,1.7
5.820256,1514,1448,2420.9
5.820257,1514,1448,1.4
5.822679,1514,1448,2421.4
5.822680,1514,1448,1.7
5.823884,1514,1448,1203.3
5.826315,1514,1448,2431.2
5.826316,1514,1448,1.4
5.828735,1514,1448,2418.5
5.828737,1514,1448,1.7
5.831161,1514,1448,2425.0
5.831163,1514,1448,1.9
5.833582,1514,1448,2418.5
5.833584,1514,1448,1.9
5.836003,1514,1448,2418.8
5.836004,1514,1448,1.4
5.838426,1514,1448,2421.9
5.838428,1514,1448,1.7
5.840849,1514,1448,2421.9
5.840851,1514,1448,1.9
5.843274,1514,1448,2422.6
5.843276,1514,1448,1.7
5.845695,1514,1448,2419.9
5.845697,1514,1448,1.7
5.846903,1514,1448,1205.7
5.846905,1514,1448,1.7
5.849339,1514,1448,2434.7
5.849342,1514,1448,2.4
5.851756,1514,1448,2414.2
5.851758,1514,1448,1.9
5.854177,1514,1448,2418.8
5.854178,1514,1448,1.9
5.856590,1514,1448,2411.4
5.856591,1514,1448,1.4
5.859013,1514,1448,2421.4
5.859014,1514,1448,1.4
5.861448,1514,1448,2434.0
5.861450,1514,1448,2.1
5.863858,1514,1448,2408.3
5.863860,1514,1448,1.7
5.866308,1514,1448,2447.8
5.866310,1514,1448,2.1
5.868710,1514,1448,2399.9
5.868711,1514,1448,1.2
5.871139,1514,1448,2427.8
5.871141,1514,1448,1.7
5.873557,1514,1448,2416.4
5.873559,1514,1448,2.1
5.875983,1514,1448,2424.0
5.875985,1514,1448,1.7
5.878396,1514,1448,2410.7
5.878397,1514,1448,1.7
5.880814,1514,1448,2416.6
5.880816,1514,1448,1.7
5.883240,1514,1448,2424.2
5.883241,1514,1448,1.4
5.884447,1514,1448,1205.9
5.886871,1514,1448,2423.8
5.886872,1514,1448,1.4
5.889301,1514,1448,2428.3
5.889302,1514,1448,1.4
5.891718,1514,1448,2416.4
5.891720,1514,1448,1.4
5.894148,1514,1448,2427.8
5.894149,1514,1448,1.7
5.896565,1514,1448,2415.4
5.896566,1514,1448,1.7
5.898984,1514,1448,2418.0
5.898986,1514,1448,1.7
5.901410,1514,1448,2424.0
5.901412,1514,1448,1.4
5.903830,1514,1448,2418.0
5.903832,1514,1448,2.1
5.903836,1514,1448,3.8
5.906254,1514,1448,2418.5
5.906256,1514,1448,1.7
5.908678,1514,1448,2422.1
5.908680,1514,1448,1.9
5.911100,1514,1448,2419.9
5.911102,1514,1448,1.9
5.913520,1514,1448,2418.0
5.913521,1514,1448,1.4
5.915945,1514,1448,2424.0
5.915946,1514,1448,1.4
5.918360,1514,1448,2413.5
5.918361,1514,1448,1.4
5.920782,1514,1448,2420.9
5.920784,1514,1448,1.2
5.923209,1514,1448,2425.4
5.923210,1514,1448,1.4
5.925631,1514,1448,2420.9
5.925633,1514,1448,1.7
5.928318,1514,1448,2684.6
5.928319,1514,1448,1.4
5.930490,1514,1448,2170.6
5.930491,1514,1448,1.4
5.932918,1514,1448,2427.1
5.932919,1514,1448,1.2
5.935319,1514,1448,2399.9
5.935321,1514,1448,1.4
5.937736,1514,1448,2415.7
5.937737,1514,1448,1.2
5.940156,1514,1448,2418.3
5.940157,1514,1448,1.4
5.942578,1514,1448,2420.9
5.942579,1514,1448,1.2
5.945007,1514,1448,2427.6
5.945008,1514,1448,1.4
5.946213,1514,1448,1204.7
5.948640,1514,1448,2427.3
5.948642,1514,1448,1.4
5.951059,1514,1448,2417.6
5.951061,1514,1448,1.4
5.953488,1514,1448,2427.6
5.953490,1514,1448,1.4
5.955903,1514,1448,2412.8
5.955904,1514,1448,1.2
5.958328,1514,1448,2424.2
5.958329,1514,1448,1.4
5.960749,1514,1448,2419.7
5.960751,1514,1448,1.4
5.963178,1514,1448,2427.1
5.963179,1514,1448,1.7
5.965602,1514,1448,2423.0
5.965604,1514,1448,1.4
5.966812,1514,1448,1208.1
5.966814,1514,1448,1.7
5.969234,1514,1448,2420.7
5.969235,1514,1448,1.2
5.971665,1514,1448,2429.7
5.971667,1514,1448,1.7
5.974077,1514,1448,2410.2
5.974078,1514,1448,1.2
5.976514,1514,1448,2435.4
5.976515,1514,1448,1.4
5.978924,1514,1448,2409.2
5.978926,1514,1448,1.4
5.981353,1514,1448,2427.6
5.981356,1514,1448,2.6
5.983819,1514,1448,2463.6
5.983821,1514,1448,1.4
5.986201,1514,1448,2380.1
5.986202,1514,1448,1.4
5.988628,1514,1448,2425.9
5.988630,1514,1448,1.4
5.991044,1514,1448,2414.2
5.991046,1514,1448,1.9
5.993492,1514,1448,2445.9
5.993495,1514,1448,3.3
5.995890,1514,1448,2394.4
5.995892,1514,1448,2.6
5.998342,1514,1448,2449.3
5.998346,1514,1448,4.8
6.000764,1514,1448,2417.3
6.000767,1514,1448,3.3
6.003151,1514,1448,2384.2
6.003153,1514,1448,1.7
6.005576,1514,1448,2423.5
6.005578,1514,1448,1.7
6.007995,1514,1448,2417.3
6.007997,1514,1448,1.7
6.009202,1514,1448,1204.5
6.011634,1514,1448,2432.8
6.011636,1514,1448,2.1
6.014058,1514,1448,2421.6
6.014060,1514,1448,1.7
6.016469,1514,1448,2409.0
6.016472,1514,1448,3.3
6.018912,1514,1448,2439.5
6.018913,1514,1448,1.4
6.021394,1514,1448,2481.5
6.021396,1514,1448,1.4
6.023736,1514,1448,2340.1
6.023737,1514,1448,1.4
6.026167,1514,1448,2429.7
6.026170,1514,1448,2.9
6.026175,1514,1448,4.8
6.028587,1514,1448,2412.1
6.028589,1514,1448,1.9
6.031012,1514,1448,2422.8
6.031013,1514,1448,1.9
6.033432,1514,1448,2419.0
6.033434,1514,1448,1.7
6.035850,1514,1448,2415.9
6.035852,1514,1448,1.7
6.038275,1514,1448,2423.0
6.038276,1514,1448,1.4
6.040696,1514,1448,2419.5
6.040697,1514,1448,1.4
6.043113,1514,1448,2416.1
6.043115,1514,1448,1.7
6.045548,1514,1448,2433.3
6.045550,1514,1448,1.9
6.047966,1514,1448,2416.1
6.047968,1514,1448,1.7
6.050383,1514,1448,2414.9
6.050384,1514,1448,1.4
6.052805,1514,1448,2420.4
6.052806,1514,1448,1.4
6.055223,1514,1448,2417.1
6.055224,1514,1448,1.2
6.057645,1514,1448,2420.4
6.057646,1514,1448,1.2
6.060071,1514,1448,2424.7
6.060072,1514,1448,1.2
6.062499,1514,1448,2427.1
6.062500,1514,1448,1.2
6.064935,1514,1448,2434.7
6.064936,1514,1448,1.2
6.067340,1514,1448,2404.2
6.067342,1514,1448,1.2
6.069761,1514,1448,2419.5
6.069762,1514,1448,1.4
6.072176,1514,1448,2414.0
6.072178,1514,1448,1.2
6.073386,1514,1448,1208.5
6.075811,1514,1448,2424.7
6.075812,1514,1448,1.2
6.078231,1514,1448,2418.8
6.078232,1514,1448,1.2
6.080655,1514,1448,2423.3
6.080657,1514,1448,1.2
6.083076,1514,1448,2419.9
6.083078,1514,1448,1.2
6.085510,1514,1448,2432.1
6.085511,1514,1448,1.2
6.087928,1514,1448,2417.3
6.087929,1514,1448,1.2
6.090349,1514,1448,2419.9
6.090351,1514,1448,1.7
6.091557,1514,1448,1205.7
6.091558,1514,1448,1.0
6.093978,1514,1448,2419.9
6.093979,1514,1448,1.2
6.096400,1514,1448,2420.7
6.096401,1514,1448,1.4
6.098821,1514,1448,2420.4
6.098823,1514,1448,1.2
6.101244,1514,1448,2421.9
6.101246,1514,1448,1.2
6.103667,1514,1448,2421.4
6.103668,1514,1448,1.2
6.106089,1514,1448,2420.9
6.106090,1514,1448,1.2
6.108511,1514,1448,2421.1
6.108513,1514,1448,1.2
6.110937,1514,1448,2424.7
6.110939,1514,1448,1.4
6.113359,1514,1448,2420.2
6.113360,1514,1448,1.4
6.115779,1514,1448,2418.3
6.115780,1514,1448,1.2
6.118200,1514,1448,2420.4
6.118201,1514,1448,1.2
6.120624,1514,1448,2422.1
6.120625,1514,1448,1.2
6.123045,1514,1448,2420.4
6.123046,1514,1448,1.2
6.125469,1514,1448,2423.0
6.125471,1514,1448,1.2
6.127891,1514,1448,2419.9
6.127892,1514,1448,1.2
6.130313,1514,1448,2420.9
6.130314,1514,1448,1.2
6.132743,1514,1448,2429.5
6.132745,1514,1448,1.4
6.135179,1514,1448,2434.0
6.135182,1514,1448,2.9
6.137581,1514,1448,2399.4
6.137583,1514,1448,1.4
6.138790,1514,1448,1207.8
6.141214,1514,1448,2423.8
6.141215,1514,1448,1.2
6.143635,1514,1448,2419.9
6.143636,1514,1448,1.2
6.146060,1514,1448,2423.0
6.146061,1514,1448,1.2
6.148486,1514,1448,2425.0
6.148487,1514,1448,1.4
6.150903,1514,1448,2416.1
6.150904,1514,1448,1.2
6.153326,1514,1448,2421.6
6.153328,1514,1448,1.9
6.153332,1514,1448,4.1
6.155766,1514,1448,2433.5
6.155767,1514,1448,1.4
6.158170,1514,1448,2403.5
6.158172,1514,1448,1.2
6.160594,1514,1448,2422.3
6.160595,1514,1448,1.4
6.163016,1514,1448,2420.7
6.163017,1514,1448,1.2
6.165439,1514,1448,2421.4
6.165440,1514,1448,1.2
6.167860,1514,1448,2419.9
6.167861,1514,1448,1.2
6.170347,1514,1448,2486.0
6.170348,1514,1448,1.4
6.172798,1514,1448,2449.8
6.172799,1514,1448,1.2
6.175153,1514,1448,2354.1
6.175155,1514,1448,1.2
6.177600,1514,1448,2445.5
6.177602,1514,1448,1.4
6.180000,1514,1448,2398.7
6.180001,1514,1448,1.2
6.182414,1514,1448,2412.6
6.182415,1514,1448,1.2
6.184839,1514,1448,2423.3
6.184840,1514,1448,1.2
6.187261,1514,1448,2420.9
6.187262,1514,1448,1.4
6.189683,1514,1448,2421.4
6.189685,1514,1448,1.2
6.192104,1514,1448,2419.5
6.192106,1514,1448,1.4
6.194527,1514,1448,2421.6
6.194528,1514,1448,1.2
6.196951,1514,1448,2422.8
6.196952,1514,1448,1.2
6.199374,1514,1448,2421.6
6.199375,1514,1448,1.2
6.201793,1514,1448,2418.3
6.201795,1514,1448,1.2
6.204217,1514,1448,2422.3
6.204218,1514,1448,1.2
6.205428,1514,1448,1210.0
6.207850,1514,1448,2421.9
6.207851,1514,1448,1.4
6.210273,1514,1448,2421.9
6.210274,1514,1448,1.2
6.212694,1514,1448,2419.7
6.212695,1514,1448,1.2
6.215117,1514,1448,2422.1
6.215119,1514,1448,1.2
6.217545,1514,1448,2426.1
6.217546,1514,1448,1.2
6.219965,1514,1448,2419.0
6.219966,1514,1448,1.2
6.221173,1514,1448,1206.4
6.221174,1514,1448,1.2
6.223596,1514,1448,2422.1
6.223597,1514,1448,1.2
6.226018,1514,1448,2420.9
6.226019,1514,1448,1.2
6.228441,1514,1448,2421.4
6.228442,1514,1448,1.2
6.230861,1514,1448,2419.7
6.230863,1514,1448,1.2
6.233286,1514,1448,2423.0
6.233287,1514,1448,1.0
6.235708,1514,1448,2421.4
6.235709,1514,1448,1.2
6.238130,1514,1448,2421.1
6.238132,1514,1448,1.2
6.240553,1514,1448,2421.1
6.240554,1514,1448,1.2
6.242981,1514,1448,2427.6
6.242983,1514,1448,1.4
6.245408,1514,1448,2425.4
6.245410,1514,1448,1.7
6.247821,1514,1448,2410.9
6.247822,1514,1448,1.4
6.250243,1514,1448,2421.1
6.250245,1514,1448,1.2
6.252666,1514,1448,2420.9
6.252667,1514,1448,1.2
6.255133,1514,1448,2466.0
6.255134,1514,1448,1.2
6.257536,1514,1448,2402.5
6.257537,1514,1448,1.0
6.259933,1514,1448,2395.4
6.259934,1514,1448,1.4
6.262371,1514,1448,2436.6
6.262373,1514,1448,2.1
6.264802,1514,1448,2429.2
6.264804,1514,1448,1.4
6.267241,1514,1448,2437.4
6.267242,1514,1448,1.2
6.269623,1514,1448,2380.6
6.269624,1514,1448,1.2
6.272084,1514,1448,2459.5
6.272085,1514,1448,1.2
6.273339,1514,1448,1254.3
6.275678,1514,1448,2338.6
6.275679,1514,1448,1.2
6.278143,1514,1448,2463.8
6.278144,1514,1448,1.2
6.280545,1514,1448,2401.1
6.280546,1514,1448,1.2
6.282949,1514,1448,2402.5
6.282950,1514,1448,1.2
6.285447,1514,1448,2496.7
6.285448,1514,1448,1.7
6.285452,1514,1448,3.3
6.287848,1514,1448,2396.3
6.287849,1514,1448,1.4
6.290248,1514,1448,2398.5
6.290249,1514,1448,1.2
6.292649,1514,1448,2400.2
6.292650,1514,1448,1.2
6.295148,1514,1448,2497.7
6.295149,1514,1448,1.2
6.297552,1514,1448,2402.5
6.297553,1514,1448,1.2
6.299952,1514,1448,2398.5
6.299953,1514,1448,1.2
6.302353,1514,1448,2400.2
6.302354,1514,1448,1.4
6.304749,1514,1448,2394.7
6.304750,1514,1448,1.4
6.307203,1514,1448,2452.9
6.307205,1514,1448,1.4
6.309602,1514,1448,2397.5
6.309603,1514,1448,1.2
6.312015,1514,1448,2411.1
6.312016,1514,1448,1.4
6.314437,1514,1448,2420.7
6.314438,1514,1448,1.2
6.316841,1514,1448,2403.3
6.316842,1514,1448,1.2
6.319280,1514,1448,2437.8
6.319281,1514,1448,1.2
6.321703,1514,1448,2421.9
6.321704,1514,1448,1.2
6.324125,1514,1448,2420.4
6.324126,1514,1448,1.2
6.326549,1514,1448,2422.6
6.326550,1514,1448,1.2
6.328971,1514,1448,2421.4
6.328973,1514,1448,1.7
6.331393,1514,1448,2420.2
6.331394,1514,1448,1.2
6.333815,1514,1448,2421.1
6.333817,1514,1448,1.2
6.336237,1514,1448,2420.2
6.336238,1514,1448,1.2
6.338660,1514,1448,2421.9
6.338661,1514,1448,1.2
6.341082,1514,1448,2421.4
6.341084,1514,1448,1.2
6.342293,1514,1448,1209.5
6.344715,1514,1448,2422.1
6.344716,1514,1448,1.2
6.347140,1514,1448,2423.3
6.347141,1514,1448,1.2
6.349566,1514,1448,2425.7
6.349569,1514,1448,2.1
6.351984,1514,1448,2415.2
6.351985,1514,1448,1.2
6.354405,1514,1448,2420.4
6.354407,1514,1448,1.2
6.355617,1514,1448,1210.2
6.355618,1514,1448,1.2
6.358039,1514,1448,2420.9
6.358040,1514,1448,1.2
6.360461,1514,1448,2421.4
6.360463,1514,1448,1.2
6.362887,1514,1448,2424.2
6.362888,1514,1448,1.2
6.365306,1514,1448,2418.3
6.365308,1514,1448,1.2
6.367736,1514,1448,2428.1
6.367737,1514,1448,1.4
6.370153,1514,1448,2416.1
6.370155,1514,1448,1.4
6.372574,1514,1448,2419.2
6.372575,1514,1448,1.4
6.375010,1514,1448,2435.2
6.375012,1514,1448,1.2
6.377419,1514,1448,2407.3
6.377420,1514,1448,1.2
6.379841,1514,1448,2420.9
6.379842,1514,1448,1.2
6.382278,1514,1448,2435.9
6.382280,1514,1448,1.7
6.384687,1514,1448,2406.8
6.384688,1514,1448,1.4
6.387115,1514,1448,2426.9
6.387116,1514,1448,1.2
6.389531,1514,1448,2414.5
6.389532,1514,1448,1.0
6.391989,1514,1448,2457.6
6.391990,1514,1448,1.2
6.394391,1514,1448,2400.2
6.394392,1514,1448,1.2
6.396889,1514,1448,2497.7
6.396891,1514,1448,1.2
6.399292,1514,1448,2400.9
6.399293,1514,1448,1.2
6.401645,1514,1448,2352.5
6.401646,1514,1448,1.2
6.404073,1514,1448,2426.4
6.404075,1514,1448,1.9
6.406497,1514,1448,2422.8
6.406499,1514,1448,1.7
6.408995,1514,1448,2496.2
6.408997,1514,1448,1.2
6.411396,1514,1448,2399.7
6.411397,1514,1448,1.2
6.412544,1514,1448,1146.3
6.414999,1514,1448,2454.8
6.415000,1514,1448,1.4
6.417399,1514,1448,2398.7
6.417400,1514,1448,1.2
6.419899,1514,1448,2498.9
6.419900,1514,1448,1.2
6.422301,1514,1448,2400.9
6.422302,1514,1448,1.7
6.422307,1514,1448,4.1
6.424663,1514,1448,2356.3
6.424664,1514,1448,1.4
6.427106,1514,1448,2442.1
6.427108,1514,1448,1.4
6.429507,1514,1448,2398.7
6.429508,1514,1448,1.2
6.432003,1514,1448,2495.5
6.432004,1514,1448,1.2
6.434404,1514,1448,2399.7
6.434405,1514,1448,1.2
6.436805,1514,1448,2400.2
6.436807,1514,1448,1.2
6.439205,1514,1448,2398.7
6.439207,1514,1448,1.2
6.441612,1514,1448,2405.4
6.441613,1514,1448,1.2
6.444038,1514,1448,2425.0
6.444039,1514,1448,1.2
6.446463,1514,1448,2423.5
6.446465,1514,1448,1.7
6.448883,1514,1448,2418.8
6.448885,1514,1448,1.4
6.451303,1514,1448,2417.8
6.451304,1514,1448,1.2
6.453725,1514,1448,2421.4
6.453727,1514,1448,1.4
6.456148,1514,1448,2421.6
6.456149,1514,1448,1.2
6.458570,1514,1448,2420.2
6.458571,1514,1448,1.2
6.460994,1514,1448,2423.0
6.460995,1514,1448,1.0
6.463415,1514,1448,2420.2
6.463416,1514,1448,1.2
6.465822,1514,1448,2405.6
6.465823,1514,1448,1.2
6.468247,1514,1448,2424.0
6.468249,1514,1448,1.7
6.470660,1514,1448,2411.4
6.470661,1514,1448,1.2
6.473082,1514,1448,2420.4
6.473083,1514,1448,1.4
6.475501,1514,1448,2418.3
6.475503,1514,1448,1.4
6.477926,1514,1448,2423.0
6.477927,1514,1448,1.2
6.480348,1514,1448,2421.4
6.480350,1514,1448,1.2
6.482771,1514,1448,2421.6
6.482772,1514,1448,1.2
6.483981,1514,1448,1208.5
6.486405,1514,1448,2424.0
6.486406,1514,1448,1.2
6.488835,1514,1448,2428.8
6.488836,1514,1448,1.4
6.491254,1514,1448,2417.8
6.491256,1514,1448,1.7
6.493672,1514,1448,2416.4
6.493673,1514,1448,1.2
6.494883,1514,1448,1210.0
6.494884,1514,1448,1.2
6.497304,1514,1448,2419.7
6.497305,1514,1448,1.2
6.499728,1514,1448,2423.0
6.499730,1514,1448,1.2
6.502150,1514,1448,2420.4
6.502151,1514,1448,1.2
6.504573,1514,1448,2421.6
6.504574,1514,1448,1.2
6.506995,1514,1448,2420.9
6.506996,1514,1448,1.2
6.509428,1514,1448,2432.1
6.509430,1514,1448,1.9
6.511841,1514,1448,2410.4
6.511842,1514,1448,1.0
6.514262,1514,1448,2420.4
6.514263,1514,1448,1.2
6.516685,1514,1448,2421.4
6.516686,1514,1448,1.2
6.519106,1514,1448,2420.7
6.519108,1514,1448,1.2
6.521528,1514,1448,2420.7
6.521529,1514,1448,1.2
6.523950,1514,1448,2420.9
6.523952,1514,1448,1.2
6.526373,1514,1448,2421.6
6.526374,1514,1448,1.2
6.528796,1514,1448,2421.9
6.528797,1514,1448,1.2
6.531227,1514,1448,2430.0
6.531229,1514,1448,1.7
6.533647,1514,1448,2417.6
6.533648,1514,1448,1.7
6.536063,1514,1448,2414.9
6.536064,1514,1448,1.2
6.538494,1514,1448,2429.7
6.538495,1514,1448,1.2
6.540908,1514,1448,2412.6
6.540909,1514,1448,1.2
6.543330,1514,1448,2421.4
6.543332,1514,1448,1.2
6.545753,1514,1448,2420.9
6.545754,1514,1448,1.2
6.548175,1514,1448,2421.6
6.548177,1514,1448,1.2
6.550598,1514,1448,2421.6
6.550599,1514,1448,1.2
6.553033,1514,1448,2433.3
6.553034,1514,1448,1.7
6.555448,1514,1448,2413.3
6.555449,1514,1448,1.4
6.556653,1514,1448,1203.8
6.559076,1514,1448,2422.8
6.559077,1514,1448,1.2
6.561497,1514,1448,2420.2
6.561498,1514,1448,1.2
6.563921,1514,1448,2422.8
6.563923,1514,1448,1.7
6.563926,1514,1448,3.6
6.566343,1514,1448,2416.8
6.566344,1514,1448,1.2
6.568764,1514,1448,2419.9
6.568766,1514,1448,1.4
6.571187,1514,1448,2421.6
6.571188,1514,1448,1.2
6.573619,1514,1448,2430.2
6.573620,1514,1448,1.7
6.576036,1514,1448,2415.7
6.576037,1514,1448,1.4
6.578454,1514,1448,2417.1
6.578456,1514,1448,1.2
6.580876,1514,1448,2420.2
6.580877,1514,1448,1.2
6.583300,1514,1448,2423.0
6.583301,1514,1448,1.2
6.585722,1514,1448,2420.4
6.585723,1514,1448,1.0
6.588144,1514,1448,2421.4
6.588145,1514,1448,1.2
6.590566,1514,1448,2420.7
6.590567,1514,1448,1.2
6.592989,1514,1448,2421.9
6.592990,1514,1448,1.0
6.595423,1514,1448,2433.1
6.595424,1514,1448,1.4
6.597837,1514,1448,2412.8
6.597839,1514,1448,1.4
6.600256,1514,1448,2417.1
6.600257,1514,1448,1.2
6.602679,1514,1448,2422.3
6.602680,1514,1448,1.0
6.605121,1514,1448,2440.9
6.605124,1514,1448,2.9
6.607546,1514,1448,2422.1
6.607548,1514,1448,2.1
6.609949,1514,1448,2400.6
6.609950,1514,1448,1.4
6.612414,1514,1448,2463.6
6.612419,1514,1448,4.8
6.614928,1514,1448,2508.9
6.614939,1514,1448,11.9
6.617245,1514,1448,2305.5
6.617246,1514,1448,1.2
6.619665,1514,1448,2418.8
6.619667,1514,1448,1.7
6.622083,1514,1448,2416.4
6.622084,1514,1448,1.4
6.624520,1514,1448,2435.7
6.624521,1514,1448,1.2
6.626943,1514,1448,2421.9
6.626945,1514,1448,1.4
6.629356,1514,1448,2411.8
6.629358,1514,1448,1.4
6.630567,1514,1448,1209.0
6.632998,1514,1448,2430.7
6.632999,1514,1448,1.2
6.635408,1514,1448,2409.7
6.635410,1514,1448,1.2
6.637832,1514,1448,2422.1
6.637833,1514,1448,1.2
6.639049,1514,1448,1216.4
6.639051,1514,1448,1.7
6.641470,1514,1448,2419.5
6.641472,1514,1448,1.4
6.643883,1514,1448,2411.1
6.643884,1514,1448,1.2
6.646323,1514,1448,2438.8
6.646325,1514,1448,1.9
6.648734,1514,1448,2409.0
6.648735,1514,1448,1.4
6.651152,1514,1448,2416.4
6.651153,1514,1448,1.2
6.653595,1514,1448,2441.9
6.653596,1514,1448,1.2
6.655998,1514,1448,2402.1
6.655999,1514,1448,1.2
6.658420,1514,1448,2420.4
6.658421,1514,1448,1.2
6.660904,1514,1448,2483.1
6.660906,1514,1448,1.7
6.663302,1514,1448,2396.8
6.663304,1514,1448,1.4
6.665674,1514,1448,2369.9
6.665675,1514,1448,1.4
6.668088,1514,1448,2413.3
6.668090,1514,1448,1.2
6.670513,1514,1448,2423.5
6.670515,1514,1448,1.4
6.673002,1514,1448,2487.7
6.673003,1514,1448,1.2
6.675354,1514,1448,2350.3
6.675355,1514,1448,1.2
6.677797,1514,1448,2441.9
6.677798,1514,1448,1.2
6.680224,1514,1448,2425.7
6.680225,1514,1448,1.2
6.682714,1514,1448,2489.6
6.682716,1514,1448,1.7
6.685109,1514,1448,2392.5
6.685110,1514,1448,1.4
6.687511,1514,1448,2401.4
6.687513,1514,1448,1.4
6.689909,1514,1448,2396.3
6.689910,1514,1448,1.2
6.692409,1514,1448,2498.6
6.692410,1514,1448,1.2
6.694810,1514,1448,2399.4
6.694811,1514,1448,1.4
6.697211,1514,1448,2399.7
6.697212,1514,1448,1.4
6.699610,1514,1448,2397.5
6.699611,1514,1448,1.2
6.702024,1514,1448,2412.8
6.702025,1514,1448,1.2
6.704477,1514,1448,2452.1
6.704479,1514,1448,1.9
6.705654,1514,1448,1174.9
6.708075,1514,1448,2421.4
6.708076,1514,1448,1.2
6.710501,1514,1448,2424.7
6.710503,1514,1448,1.7
6.710506,1514,1448,3.6
6.712921,1514,1448,2414.7
6.712922,1514,1448,1.2
6.715344,1514,1448,2422.1
6.715346,1514,1448,1.2
6.717765,1514,1448,2419.2
6.717766,1514,1448,1.2
6.720189,1514,1448,2422.6
6.720190,1514,1448,1.2
6.722616,1514,1448,2426.1
6.722617,1514,1448,1.2
6.725024,1514,1448,2407.1
6.725026,1514,1448,1.7
6.727458,1514,1448,2431.9
6.727459,1514,1448,1.4
6.729878,1514,1448,2419.0
6.729879,1514,1448,1.2
6.732301,1514,1448,2421.4
6.732302,1514,1448,1.2
6.734723,1514,1448,2420.7
6.734724,1514,1448,1.4
6.737144,1514,1448,2419.9
6.737145,1514,1448,1.2
6.739568,1514,1448,2422.6
6.739569,1514,1448,1.2
6.741991,1514,1448,2421.9
6.741992,1514,1448,1.2
6.744416,1514,1448,2423.8
6.744417,1514,1448,1.4
6.746844,1514,1448,2426.9
6.746846,1514,1448,1.7
6.749258,1514,1448,2411.8
6.749259,1514,1448,1.4
6.751680,1514,1448,2420.7
6.751681,1514,1448,1.0
6.754102,1514,1448,2421.1
6.754103,1514,1448,1.2
6.756514,1514,1448,2411.4
6.756516,1514,1448,1.2
6.758946,1514,1448,2430.4
6.758947,1514,1448,1.2
6.761369,1514,1448,2421.4
6.761370,1514,1448,1.2
6.763790,1514,1448,2420.2
6.763791,1514,1448,1.2
6.766217,1514,1448,2426.4
6.766219,1514,1448,1.4
6.768644,1514,1448,2424.7
6.768646,1514,1448,1.9
6.771059,1514,1448,2413.5
6.771060,1514,1448,1.2
6.773485,1514,1448,2425.2
6.773487,1514,1448,1.4
6.775944,1514,1448,2457.1
6.775945,1514,1448,1.2
6.778344,1514,1448,2399.2
6.778346,1514,1448,1.2
6.780748,1514,1448,2402.1
6.780749,1514,1448,1.2
6.781960,1514,1448,1210.7
6.784445,1514,1448,2485.8
6.784446,1514,1448,1.2
6.786849,1514,1448,2402.5
6.786850,1514,1448,1.4
6.788020,1514,1448,1169.2
6.788021,1514,1448,1.2
6.790445,1514,1448,2423.8
6.790447,1514,1448,1.9
6.792950,1514,1448,2503.4
6.792951,1514,1448,1.4
6.795351,1514,1448,2399.2
6.795352,1514,1448,1.2
6.797751,1514,1448,2399.7
6.797753,1514,1448,1.2
6.800154,1514,1448,2401.1
6.800155,1514,1448,1.4
6.802557,1514,1448,2401.4
6.802558,1514,1448,1.2
6.804973,1514,1448,2415.7
6.804975,1514,1448,1.2
6.807456,1514,1448,2481.5
6.807457,1514,1448,1.2
6.809864,1514,1448,2407.1
6.809866,1514,1448,1.7
6.812263,1514,1448,2397.1
6.812265,1514,1448,1.7
6.814662,1514,1448,2397.3
6.814663,1514,1448,1.2
6.817160,1514,1448,2496.7
6.817161,1514,1448,1.2
6.819492,1514,1448,2331.0
6.819493,1514,1448,1.2
6.821906,1514,1448,2413.0
6.821908,1514,1448,1.2
6.824329,1514,1448,2421.1
6.824330,1514,1448,1.4
6.826751,1514,1448,2420.9
6.826752,1514,1448,1.4
6.829173,1514,1448,2420.7
6.829174,1514,1448,1.2
6.831603,1514,1448,2429.0
6.831605,1514,1448,1.4
6.834022,1514,1448,2417.1
6.834023,1514,1448,1.2
6.836442,1514,1448,2419.0
6.836443,1514,1448,1.4
6.838863,1514,1448,2419.5
6.838864,1514,1448,1.2
6.841285,1514,1448,2420.7
6.841286,1514,1448,1.4
6.843707,1514,1448,2421.1
6.843709,1514,1448,1.2
6.846131,1514,1448,2422.1
6.846132,1514,1448,1.2
6.848552,1514,1448,2420.2
6.848553,1514,1448,1.4
6.851004,1514,1448,2450.5
6.851005,1514,1448,1.2
6.853428,1514,1448,2422.6
6.853429,1514,1448,1.4
6.855857,1514,1448,2427.6
6.855858,1514,1448,1.2
6.858265,1514,1448,2407.6
6.858267,1514,1448,1.2
6.859484,1514,1448,1217.4
6.861899,1514,1448,2414.7
6.861900,1514,1448,1.7
6.861904,1514,1448,3.3
6.864320,1514,1448,2416.4
6.864321,1514,1448,1.4
6.866744,1514,1448,2422.6
6.866745,1514,1448,1.4
6.869165,1514,1448,2419.9
6.869167,1514,1448,1.2
6.871588,1514,1448,2420.9
6.871589,1514,1448,1.2
6.874019,1514,1448,2430.7
6.874021,1514,1448,1.9
6.876437,1514,1448,2415.9
6.876439,1514,1448,1.7
6.878855,1514,1448,2415.7
6.878856,1514,1448,1.2
6.881278,1514,1448,2422.1
6.881279,1514,1448,1.2
6.883700,1514,1448,2420.9
6.883701,1514,1448,1.2
6.886123,1514,1448,2421.6
6.886124,1514,1448,1.4
6.888546,1514,1448,2421.6
6.888547,1514,1448,1.2
6.890967,1514,1448,2419.7
6.890968,1514,1448,1.2
6.893394,1514,1448,2425.7
6.893395,1514,1448,1.4
6.895822,1514,1448,2427.3
6.895824,1514,1448,1.7
6.898240,1514,1448,2416.1
6.898242,1514,1448,1.7
6.900671,1514,1448,2429.0
6.900675,1514,1448,4.1
6.903091,1514,1448,2416.6
6.903093,1514,1448,1.7
6.905638,1514,1448,2544.6
6.905641,1514,1448,2.9
6.908001,1514,1448,2360.3
6.908002,1514,1448,1.4
6.910413,1514,1448,2410.9
6.910415,1514,1448,1.9
6.913024,1514,1448,2608.5
6.913033,1514,1448,8.8
6.915195,1514,1448,2162.5
6.915196,1514,1448,1.4
6.917628,1514,1448,2431.9
6.917630,1514,1448,2.1
6.920109,1514,1448,2478.6
6.920110,1514,1448,1.4
6.922467,1514,1448,2356.3
6.922470,1514,1448,3.6
6.924910,1514,1448,2439.5
6.924911,1514,1448,1.2
6.927312,1514,1448,2401.1
6.927314,1514,1448,1.4
6.929728,1514,1448,2414.5
6.929729,1514,1448,1.2
6.932162,1514,1448,2432.6
6.932163,1514,1448,1.2
6.934577,1514,1448,2414.5
6.934579,1514,1448,1.2
6.936999,1514,1448,2420.7
6.937001,1514,1448,1.2
6.938199,1514,1448,1198.8
6.940613,1514,1448,2413.3
6.940614,1514,1448,1.7
6.941819,1514,1448,1205.0
6.941821,1514,1448,1.4
6.944240,1514,1448,2419.2
6.944241,1514,1448,1.2
6.946663,1514,1448,2421.6
6.946664,1514,1448,1.2
6.949084,1514,1448,2420.4
6.949085,1514,1448,1.2
6.951506,1514,1448,2420.7
6.951507,1514,1448,1.2
6.953929,1514,1448,2422.1
6.953931,1514,1448,1.2
6.956352,1514,1448,2421.9
6.956354,1514,1448,1.2
6.958776,1514,1448,2422.1
6.958777,1514,1448,1.2
6.961202,1514,1448,2425.0
6.961203,1514,1448,1.4
6.963624,1514,1448,2420.7
6.963625,1514,1448,1.4
6.966042,1514,1448,2416.8
6.966043,1514,1448,1.2
6.968463,1514,1448,2419.7
6.968464,1514,1448,1.2
6.970907,1514,1448,2442.6
6.970908,1514,1448,1.2
6.973330,1514,1448,2422.1
6.973331,1514,1448,1.2
6.975752,1514,1448,2420.9
6.975754,1514,1448,1.2
6.978174,1514,1448,2420.7
6.978175,1514,1448,1.2
6.980601,1514,1448,2425.4
6.980603,1514,1448,1.9
6.983031,1514,1448,2428.5
6.983033,1514,1448,1.9
6.985444,1514,1448,2410.4
6.985445,1514,1448,1.4
6.987865,1514,1448,2419.9
6.987866,1514,1448,1.2
6.990286,1514,1448,2419.9
6.990287,1514,1448,1.2
6.992708,1514,1448,2421.1
6.992710,1514,1448,1.2
6.995131,1514,1448,2421.4
6.995132,1514,1448,1.2
6.997554,1514,1448,2421.9
6.997555,1514,1448,1.2
6.999975,1514,1448,2420.2
6.999977,1514,1448,1.2
7.002401,1514,1448,2424.5
7.002403,1514,1448,1.4
7.004829,1514,1448,2426.9
7.004831,1514,1448,1.7
7.007243,1514,1448,2411.8
7.007244,1514,1448,1.4
7.009665,1514,1448,2420.9
7.009666,1514,1448,1.2
7.012087,1514,1448,2420.7
7.012089,1514,1448,1.4
7.014515,1514,1448,2426.1
7.014516,1514,1448,1.2
7.016934,1514,1448,2417.8
7.016935,1514,1448,1.4
7.018144,1514,1448,1208.5
7.018145,1514,1448,1.2
7.020584,1514,1448,2438.8
7.020585,1514,1448,1.2
7.022988,1514,1448,2403.5
7.022990,1514,1448,1.2
7.025417,1514,1448,2427.1
7.025418,1514,1448,1.4
7.027837,1514,1448,2418.8
7.027838,1514,1448,1.7
7.030257,1514,1448,2418.0
7.030258,1514,1448,1.2
7.032677,1514,1448,2419.5
7.032678,1514,1448,1.2
7.035148,1514,1448,2469.3
7.035149,1514,1448,1.2
7.037549,1514,1448,2399.7
7.037550,1514,1448,1.2
7.039949,1514,1448,2399.4
7.039950,1514,1448,1.2
7.042449,1514,1448,2498.6
7.042450,1514,1448,1.2
7.044793,1514,1448,2342.5
7.044794,1514,1448,1.2
7.047253,1514,1448,2459.5
7.047255,1514,1448,1.7
7.049658,1514,1448,2403.0
7.049660,1514,1448,1.7
7.052042,1514,1448,2381.8
7.052043,1514,1448,1.2
7.054459,1514,1448,2416.4
7.054460,1514,1448,1.2
7.056881,1514,1448,2420.4
7.056882,1514,1448,1.2
7.059303,1514,1448,2421.1
7.059304,1514,1448,1.2
7.061727,1514,1448,2422.6
7.061728,1514,1448,1.2
7.064147,1514,1448,2419.2
7.064148,1514,1448,1.2
7.066594,1514,1448,2445.2
7.066595,1514,1448,1.4
7.069077,1514,1448,2482.2
7.069080,1514,1448,2.9
7.071464,1514,1448,2383.9
7.071465,1514,1448,1.2
7.073864,1514,1448,2398.3
7.073865,1514,1448,1.2
7.076363,1514,1448,2498.1
7.076364,1514,1448,1.2
7.078764,1514,1448,2399.7
7.078765,1514,1448,1.0
7.081165,1514,1448,2400.6
7.081167,1514,1448,1.2
7.083567,1514,1448,2400.9
7.083569,1514,1448,1.4
7.085969,1514,1448,2400.4
7.085970,1514,1448,1.2
7.088397,1514,1448,2426.1
7.088398,1514,1448,1.2
7.090827,1514,1448,2429.2
7.090829,1514,1448,1.7
7.093238,1514,1448,2409.0
7.093239,1514,1448,1.2
7.095660,1514,1448,2421.1
7.095661,1514,1448,1.2
7.098082,1514,1448,2420.7
7.098084,1514,1448,2.1
7.098088,1514,1448,3.8
7.100514,1514,1448,2426.4
7.100515,1514,1448,1.2
7.102927,1514,1448,2411.8
7.102928,1514,1448,1.2
7.105350,1514,1448,2421.6
7.105351,1514,1448,1.2
7.107771,1514,1448,2419.5
7.107772,1514,1448,1.2
7.110197,1514,1448,2425.2
7.110198,1514,1448,1.2
7.112624,1514,1448,2425.4
7.112625,1514,1448,1.7
7.115040,1514,1448,2414.2
7.115041,1514,1448,1.2
7.117461,1514,1448,2419.9
7.117462,1514,1448,1.2
7.119884,1514,1448,2422.3
7.119885,1514,1448,1.2
7.122308,1514,1448,2422.6
7.122309,1514,1448,1.0
7.124729,1514,1448,2419.7
7.124730,1514,1448,1.4
7.127150,1514,1448,2420.2
7.127151,1514,1448,1.2
7.129573,1514,1448,2421.6
7.129574,1514,1448,1.2
7.132005,1514,1448,2430.7
7.132006,1514,1448,1.4
7.134423,1514,1448,2417.1
7.134425,1514,1448,1.7
7.136844,1514,1448,2418.8
7.136845,1514,1448,1.4
7.139264,1514,1448,2418.3
7.139265,1514,1448,1.4
7.141686,1514,1448,2420.7
7.141687,1514,1448,1.2
7.144108,1514,1448,2420.7
7.144109,1514,1448,1.2
7.146514,1514,1448,2405.2
7.146515,1514,1448,1.2
7.148971,1514,1448,2455.9
7.148973,1514,1448,1.4
7.151376,1514,1448,2403.0
7.151377,1514,1448,1.2
7.153805,1514,1448,2428.5
7.153807,1514,1448,1.7
7.156226,1514,1448,2419.2
7.156228,1514,1448,1.4
7.158643,1514,1448,2415.9
7.158645,1514,1448,1.2
7.161065,1514,1448,2420.2
7.161066,1514,1448,1.4
7.163490,1514,1448,2423.3
7.163491,1514,1448,1.4
7.165999,1514,1448,2507.7
7.166000,1514,1448,1.2
7.168400,1514,1448,2400.4
7.168401,1514,1448,1.2
7.170802,1514,1448,2400.4
7.170803,1514,1448,1.2
7.173176,1514,1448,2373.0
7.173177,1514,1448,1.2
7.175606,1514,1448,2428.8
7.175607,1514,1448,1.4
7.178108,1514,1448,2500.1
7.178109,1514,1448,1.4
7.179209,1514,1448,1100.1
7.180419,1514,1448,1210.2
7.181630,1514,1448,1210.5
7.185052,1514,1448,3422.7
7.187484,1514,1448,2431.6
7.189897,1514,1448,2412.6
7.192319,1514,1448,2422.8
7.194743,1514,1448,2423.3
7.197177,1514,1448,2434.7
7.199588,1514,1448,2410.4
7.202009,1514,1448,2421.4
7.204431,1514,1448,2421.4
7.206855,1514,1448,2424.2
7.209275,1514,1448,2420.7
7.211700,1514,1448,2425.0
7.214120,1514,1448,2419.9
7.216544,1514,1448,2423.3
7.218973,1514,1448,2429.5
7.221387,1514,1448,2414.2
7.223810,1514,1448,2423.0
7.226232,1514,1448,2421.9
7.228655,1514,1448,2422.6
7.231078,1514,1448,2423.0
7.233501,1514,1448,2423.3
7.235923,1514,1448,2421.6
7.238348,1514,1448,2424.7
7.240771,1514,1448,2423.5
7.243189,1514,1448,2418.0
7.245612,1514,1448,2422.6
7.248034,1514,1448,2422.6
7.250457,1514,1448,2422.6
7.252900,1514,1448,2443.1
7.255301,1514,1448,2401.1
7.257725,1514,1448,2423.5
7.261363,1514,1448,3638.5
7.261576,1514,1448,213.1
7.263993,1514,1448,2416.8
7.263994,1514,1448,1.2
7.266415,1514,1448,2420.7
7.266416,1514,1448,1.4
7.268837,1514,1448,2421.1
7.268839,1514,1448,1.4
7.271260,1514,1448,2420.9
7.271261,1514,1448,1.2
7.273681,1514,1448,2419.9
7.273682,1514,1448,1.2
7.276103,1514,1448,2421.4
7.276105,1514,1448,1.4
7.278526,1514,1448,2420.9
7.278527,1514,1448,1.2
7.280950,1514,1448,2423.0
7.280951,1514,1448,1.2
7.283379,1514,1448,2427.3
7.283380,1514,1448,1.7
7.285793,1514,1448,2412.8
7.285794,1514,1448,1.2
7.288217,1514,1448,2422.3
7.288218,1514,1448,1.4
7.290647,1514,1448,2428.8
7.290648,1514,1448,1.7
7.293071,1514,1448,2422.8
7.293073,1514,1448,1.7
7.295505,1514,1448,2431.9
7.295507,1514,1448,1.9
7.297961,1514,1448,2454.3
7.297965,1514,1448,3.6
7.302635,1514,1448,4670.4
7.302640,1514,1448,5.5
7.302647,1514,1448,6.7
7.305239,1514,1448,2591.6
7.305241,1514,1448,2.1
7.306519,1514,1448,1278.2
7.308959,1514,1448,2439.5
7.308960,1514,1448,1.2
7.311305,1514,1448,2345.3
7.311306,1514,1448,1.2
7.313732,1514,1448,2425.4
7.313733,1514,1448,1.2
7.316151,1514,1448,2418.3
7.316152,1514,1448,1.2
7.318584,1514,1448,2431.6
7.318585,1514,1448,1.2
7.320992,1514,1448,2406.8
7.320993,1514,1448,1.2
7.323439,1514,1448,2445.5
7.323440,1514,1448,1.2
7.325896,1514,1448,2455.7
7.325897,1514,1448,1.7
7.328270,1514,1448,2373.2
7.328272,1514,1448,1.7
7.330766,1514,1448,2494.1
7.330768,1514,1448,1.4
7.333089,1514,1448,2321.7
7.333091,1514,1448,1.2
7.335511,1514,1448,2420.7
7.335512,1514,1448,1.2
7.337971,1514,1448,2458.3
7.337972,1514,1448,1.2
7.340425,1514,1448,2452.9
7.340426,1514,1448,1.2
7.345099,1514,1448,4673.0
7.345100,1514,1448,1.2
7.347584,1514,1448,2483.4
7.347586,1514,1448,2.4
7.347590,1514,1448,4.1
7.348778,1514,1448,1188.5
7.351176,1514,1448,2397.3
7.351177,1514,1448,1.2
7.352375,1514,1448,1197.6
7.354823,1514,1448,2448.1
7.354824,1514,1448,1.2
7.357245,1514,1448,2421.4
7.357246,1514,1448,1.2
7.359633,1514,1448,2387.0
7.359635,1514,1448,1.4
7.362056,1514,1448,2420.7
7.362056,1514,1448,1.0
7.364488,1514,1448,2431.9
7.364490,1514,1448,1.2
7.366903,1514,1448,2413.0
7.366904,1514,1448,1.0
7.369332,1514,1448,2428.3
7.369334,1514,1448,1.9
7.371747,1514,1448,2413.5
7.371749,1514,1448,1.4
7.374168,1514,1448,2419.2
7.374169,1514,1448,1.2
7.376590,1514,1448,2420.7
7.376591,1514,1448,1.2
7.379012,1514,1448,2421.1
7.379013,1514,1448,1.2
7.381433,1514,1448,2420.2
7.381435,1514,1448,1.2
7.383857,1514,1448,2422.6
7.383858,1514,1448,1.2
7.387559,1514,1448,3701.0
7.387561,1514,1448,1.2
7.390056,1514,1448,2495.8
7.390058,1514,1448,1.7
7.392476,1514,1448,2418.3
7.392479,1514,1448,2.4
7.392483,1514,1448,4.5
7.394890,1514,1448,2406.8
7.394892,1514,1448,1.4
7.397311,1514,1448,2419.7
7.397312,1514,1448,1.2
7.398507,1514,1448,1195.0
7.400946,1514,1448,2438.5
7.400947,1514,1448,1.4
7.403368,1514,1448,2421.1
7.403370,1514,1448,1.4
7.405791,1514,1448,2420.7
7.405792,1514,1448,1.2
7.408213,1514,1448,2420.9
7.408214,1514,1448,1.2
7.410635,1514,1448,2421.6
7.410637,1514,1448,1.2
7.413065,1514,1448,2428.5
7.413067,1514,1448,1.9
7.415487,1514,1448,2419.7
7.415488,1514,1448,1.2
7.417902,1514,1448,2413.7
7.417903,1514,1448,1.4
7.420401,1514,1448,2498.1
7.420403,1514,1448,1.2
7.422803,1514,1448,2400.2
7.422804,1514,1448,1.2
7.425204,1514,1448,2399.9
7.425205,1514,1448,1.2
7.427591,1514,1448,2385.9
7.427592,1514,1448,1.2
7.430105,1514,1448,2513.4
7.430107,1514,1448,1.2
7.432508,1514,1448,2401.4
7.432509,1514,1448,1.2
7.435018,1514,1448,2508.4
7.435019,1514,1448,1.7
7.437409,1514,1448,2389.9
7.437411,1514,1448,1.7
7.437414,1514,1448,3.6
7.438609,1514,1448,1194.7
7.441011,1514,1448,2402.3
7.441013,1514,1448,1.2
7.443511,1514,1448,2498.6
7.443512,1514,1448,1.2
7.444710,1514,1448,1198.1
7.447113,1514,1448,2402.5
7.447114,1514,1448,1.2
7.449514,1514,1448,2400.2
7.449516,1514,1448,1.4
7.451895,1514,1448,2379.7
7.451897,1514,1448,1.2
7.454328,1514,1448,2431.2
7.454329,1514,1448,1.7
7.456747,1514,1448,2417.1
7.456748,1514,1448,1.7
7.459217,1514,1448,2468.8
7.459218,1514,1448,1.2
7.461632,1514,1448,2413.3
7.461633,1514,1448,1.4
7.464007,1514,1448,2373.7
7.464008,1514,1448,1.2
7.466430,1514,1448,2422.3
7.466431,1514,1448,1.2
7.468854,1514,1448,2422.3
7.468855,1514,1448,1.7
7.471275,1514,1448,2419.9
7.471277,1514,1448,1.2
7.473696,1514,1448,2419.9
7.473698,1514,1448,1.2
7.476127,1514,1448,2429.7
7.476129,1514,1448,1.4
7.478545,1514,1448,2415.9
7.478547,1514,1448,1.9
7.478550,1514,1448,3.3
7.480965,1514,1448,2415.2
7.480966,1514,1448,1.2
7.483387,1514,1448,2421.1
7.483389,1514,1448,1.2
7.485809,1514,1448,2420.7
7.485811,1514,1448,1.2
7.488232,1514,1448,2421.9
7.488234,1514,1448,1.2
7.490654,1514,1448,2419.9
7.490655,1514,1448,1.2
7.491864,1514,1448,1209.0
7.494290,1514,1448,2425.9
7.494291,1514,1448,1.4
7.496720,1514,1448,2429.0
7.496722,1514,1448,1.9
7.499138,1514,1448,2416.1
7.499140,1514,1448,1.7
7.501555,1514,1448,2414.9
7.501556,1514,1448,1.2
7.503978,1514,1448,2422.1
7.503979,1514,1448,1.2
7.506400,1514,1448,2420.7
7.506401,1514,1448,1.0
7.508822,1514,1448,2421.1
7.508823,1514,1448,1.2
7.511244,1514,1448,2421.1
7.511245,1514,1448,1.2
7.513668,1514,1448,2422.8
7.513669,1514,1448,1.2
7.516089,1514,1448,2419.5
7.516090,1514,1448,1.2
7.518536,1514,1448,2446.2
7.518538,1514,1448,1.9
7.520939,1514,1448,2400.6
7.520941,1514,1448,1.7
7.523357,1514,1448,2416.8
7.523359,1514,1448,1.2
7.525779,1514,1448,2420.7
7.525780,1514,1448,1.2
7.526990,1514,1448,1209.7
7.526991,1514,1448,1.0
7.529413,1514,1448,2421.4
7.529414,1514,1448,1.2
7.531834,1514,1448,2420.7
7.531836,1514,1448,1.2
7.534256,1514,1448,2420.9
7.534258,1514,1448,1.2
7.536679,1514,1448,2421.6
7.536680,1514,1448,1.2
7.539107,1514,1448,2426.4
7.539108,1514,1448,1.2
7.540320,1514,1448,1211.9
7.542755,1514,1448,2434.7
7.542756,1514,1448,1.2
7.545228,1514,1448,2471.9
7.545229,1514,1448,1.2
7.547579,1514,1448,2350.1
7.547580,1514,1448,1.2
7.550002,1514,1448,2421.9
7.550003,1514,1448,1.2
7.552456,1514,1448,2452.6
7.552457,1514,1448,1.0
7.554857,1514,1448,2399.9
7.554858,1514,1448,1.2
7.557356,1514,1448,2498.1
7.557357,1514,1448,1.2
7.559695,1514,1448,2337.7
7.559696,1514,1448,1.2
7.562167,1514,1448,2471.0
7.562169,1514,1448,1.7
7.564564,1514,1448,2394.9
7.564565,1514,1448,1.2
7.566962,1514,1448,2397.5
7.566964,1514,1448,1.2
7.569460,1514,1448,2496.2
7.569461,1514,1448,1.2
7.571804,1514,1448,2342.9
7.571806,1514,1448,1.7
7.571809,1514,1448,3.6
7.574265,1514,1448,2456.2
7.574267,1514,1448,1.2
7.576666,1514,1448,2399.0
7.576667,1514,1448,1.2
7.579165,1514,1448,2497.7
7.579166,1514,1448,1.2
7.581498,1514,1448,2332.2
7.581499,1514,1448,1.2
7.583976,1514,1448,2477.2
7.583978,1514,1448,1.7
7.586370,1514,1448,2392.1
7.586371,1514,1448,1.2
7.588771,1514,1448,2399.9
7.588772,1514,1448,1.2
7.589971,1514,1448,1199.0
7.592428,1514,1448,2456.9
7.592429,1514,1448,1.2
7.594817,1514,1448,2387.3
7.594818,1514,1448,1.2
7.597239,1514,1448,2420.7
7.597240,1514,1448,1.2
7.599662,1514,1448,2421.9
7.599663,1514,1448,1.2
7.602085,1514,1448,2421.9
7.602086,1514,1448,1.4
7.604533,1514,1448,2447.4
7.604535,1514,1448,1.4
7.606951,1514,1448,2416.6
7.606954,1514,1448,2.1
7.609364,1514,1448,2409.9
7.609365,1514,1448,1.7
7.611836,1514,1448,2471.0
7.611840,1514,1448,3.6
7.614275,1514,1448,2434.7
7.614285,1514,1448,10.5
7.616622,1514,1448,2337.5
7.616624,1514,1448,1.4
7.619042,1514,1448,2417.8
7.619043,1514,1448,1.2
7.621470,1514,1448,2427.1
7.621472,1514,1448,1.7
7.622677,1514,1448,1205.2
7.622678,1514,1448,1.2
7.625115,1514,1448,2436.9
7.625117,1514,1448,1.9
7.627532,1514,1448,2415.7
7.627535,1514,1448,2.1
7.629947,1514,1448,2412.1
7.629948,1514,1448,1.4
7.632398,1514,1448,2449.5
7.632399,1514,1448,1.2
7.634904,1514,1448,2504.8
7.634905,1514,1448,1.2
7.637210,1514,1448,2305.3
7.637211,1514,1448,1.0
7.639633,1514,1448,2421.6
7.639634,1514,1448,1.2
7.640842,1514,1448,1208.5
7.643266,1514,1448,2424.0
7.643268,1514,1448,1.2
7.645704,1514,1448,2435.9
7.645705,1514,1448,1.9
7.648122,1514,1448,2416.4
7.648124,1514,1448,1.7
7.650540,1514,1448,2416.8
7.650542,1514,1448,1.7
7.652957,1514,1448,2415.2
7.652958,1514,1448,1.2
7.655378,1514,1448,2419.7
7.655380,1514,1448,1.4
7.657800,1514,1448,2420.9
7.657802,1514,1448,1.2
7.660222,1514,1448,2420.2
7.660223,1514,1448,1.2
7.662646,1514,1448,2422.6
7.662647,1514,1448,1.4
7.665069,1514,1448,2421.9
7.665070,1514,1448,1.2
7.667501,1514,1448,2431.2
7.667502,1514,1448,1.2
7.669917,1514,1448,2414.7
7.669920,1514,1448,2.6
7.669924,1514,1448,4.5
7.672338,1514,1448,2414.2
7.672340,1514,1448,1.7
7.674741,1514,1448,2401.1
7.674742,1514,1448,1.2
7.677159,1514,1448,2416.6
7.677160,1514,1448,1.2
7.679581,1514,1448,2420.4
7.679582,1514,1448,1.4
7.682003,1514,1448,2421.4
7.682005,1514,1448,1.2
7.684425,1514,1448,2420.2
7.684426,1514,1448,1.0
7.686848,1514,1448,2422.3
7.686849,1514,1448,1.2
7.689275,1514,1448,2425.9
7.689276,1514,1448,1.2
7.691702,1514,1448,2425.7
7.691704,1514,1448,1.7
7.692905,1514,1448,1200.9
7.695326,1514,1448,2421.1
7.695327,1514,1448,1.4
7.697749,1514,1448,2421.6
7.697750,1514,1448,1.2
7.700170,1514,1448,2419.9
7.700171,1514,1448,1.2
7.702601,1514,1448,2430.0
7.702603,1514,1448,1.4
7.705020,1514,1448,2417.3
7.705022,1514,1448,1.7
7.707442,1514,1448,2420.4
7.707443,1514,1448,1.4
7.709890,1514,1448,2446.7
7.709892,1514,1448,1.9
7.712300,1514,1448,2407.8
7.712301,1514,1448,1.7
7.714734,1514,1448,2432.6
7.714736,1514,1448,1.9
7.717226,1514,1448,2489.6
7.717227,1514,1448,1.4
7.719626,1514,1448,2399.4
7.719628,1514,1448,1.2
7.722004,1514,1448,2376.6
7.722006,1514,1448,1.7
7.723217,1514,1448,1210.9
7.723218,1514,1448,1.2
7.725635,1514,1448,2416.8
7.725636,1514,1448,1.7
7.728067,1514,1448,2430.9
7.728069,1514,1448,1.4
7.730462,1514,1448,2393.5
7.730464,1514,1448,1.7
7.732885,1514,1448,2420.9
7.732887,1514,1448,1.7
7.735307,1514,1448,2419.9
7.735308,1514,1448,1.7
7.737725,1514,1448,2417.3
7.737727,1514,1448,1.4
7.740150,1514,1448,2423.0
7.740152,1514,1448,1.7
7.743413,1514,1448,3261.1
7.743414,1514,1448,1.4
7.744993,1514,1448,1579.3
7.744994,1514,1448,1.0
7.746212,1514,1448,1217.4
7.748635,1514,1448,2423.0
7.748636,1514,1448,1.4
7.751047,1514,1448,2411.1
7.751049,1514,1448,1.2
7.753478,1514,1448,2429.5
7.753479,1514,1448,1.4
7.755900,1514,1448,2420.4
7.755902,1514,1448,1.7
7.758409,1514,1448,2507.0
7.758410,1514,1448,1.4
7.760756,1514,1448,2346.5
7.760758,1514,1448,1.2
7.763170,1514,1448,2412.3
7.763171,1514,1448,1.2
7.765592,1514,1448,2421.1
7.765594,1514,1448,1.2
7.768006,1514,1448,2412.6
7.768007,1514,1448,1.0
7.770427,1514,1448,2419.5
7.770428,1514,1448,1.2
7.772851,1514,1448,2423.3
7.772853,1514,1448,1.9
7.772856,1514,1448,3.1
7.775277,1514,1448,2420.7
7.775278,1514,1448,1.0
7.777713,1514,1448,2435.2
7.777714,1514,1448,1.4
7.780119,1514,1448,2404.7
7.780120,1514,1448,1.4
7.782539,1514,1448,2418.5
7.782540,1514,1448,1.0
7.784961,1514,1448,2420.7
7.784962,1514,1448,1.2
7.787396,1514,1448,2434.0
7.787397,1514,1448,1.0
7.789808,1514,1448,2410.9
7.789809,1514,1448,1.4
7.792240,1514,1448,2430.9
7.792241,1514,1448,1.0
7.794650,1514,1448,2409.2
7.794651,1514,1448,1.2
7.797072,1514,1448,2421.1
7.797074,1514,1448,1.2
7.799508,1514,1448,2434.3
7.799509,1514,1448,1.4
7.800717,1514,1448,1207.4
7.803127,1514,1448,2410.4
7.803128,1514,1448,1.2
7.805588,1514,1448,2459.8
7.805589,1514,1448,1.2
7.807974,1514,1448,2385.1
7.807976,1514,1448,1.2
7.810396,1514,1448,2420.4
7.810397,1514,1448,1.2
7.812818,1514,1448,2421.1
7.812820,1514,1448,1.7
7.815243,1514,1448,2423.5
7.815245,1514,1448,1.2
7.817676,1514,1448,2430.9
7.817677,1514,1448,1.2
7.820089,1514,1448,2412.3
7.820090,1514,1448,1.2
7.822528,1514,1448,2437.4
7.822529,1514,1448,1.7
7.824944,1514,1448,2414.5
7.824945,1514,1448,1.2
7.827358,1514,1448,2413.5
7.827359,1514,1448,1.0
7.828566,1514,1448,1206.9
7.828568,1514,1448,1.2
7.830991,1514,1448,2423.0
7.830992,1514,1448,1.4
7.833413,1514,1448,2420.7
7.833414,1514,1448,1.7
7.835836,1514,1448,2422.1
7.835837,1514,1448,1.0
7.838261,1514,1448,2423.8
7.838263,1514,1448,1.7
7.840685,1514,1448,2422.1
7.840686,1514,1448,1.4
7.843112,1514,1448,2426.1
7.843115,1514,1448,2.1
7.845556,1514,1448,2441.2
7.845557,1514,1448,1.7
7.847951,1514,1448,2393.2
7.847952,1514,1448,1.4
7.850375,1514,1448,2423.3
7.850377,1514,1448,1.2
7.852795,1514,1448,2418.8
7.852797,1514,1448,1.7
7.855221,1514,1448,2423.5
7.855222,1514,1448,1.4
7.856425,1514,1448,1202.6
7.858850,1514,1448,2425.9
7.858852,1514,1448,1.2
7.861271,1514,1448,2419.0
7.861272,1514,1448,1.0
7.863690,1514,1448,2418.5
7.863691,1514,1448,1.2
7.866129,1514,1448,2437.8
7.866131,1514,1448,1.7
7.868537,1514,1448,2406.4
7.868539,1514,1448,1.7
7.870970,1514,1448,2431.6
7.870972,1514,1448,1.2
7.873394,1514,1448,2422.8
7.873396,1514,1448,1.2
7.875815,1514,1448,2419.0
7.875816,1514,1448,1.7
7.878228,1514,1448,2411.6
7.878229,1514,1448,1.2
7.880660,1514,1448,2430.9
7.880662,1514,1448,2.1
7.880665,1514,1448,3.1
7.883075,1514,1448,2410.2
7.883077,1514,1448,1.2
7.885552,1514,1448,2475.7
7.885553,1514,1448,1.0
7.887923,1514,1448,2369.4
7.887924,1514,1448,1.7
7.890341,1514,1448,2416.1
7.890342,1514,1448,1.4
7.892766,1514,1448,2423.5
7.892767,1514,1448,1.4
7.895186,1514,1448,2418.8
7.895188,1514,1448,1.9
7.897609,1514,1448,2421.4
7.897611,1514,1448,1.7
7.900033,1514,1448,2422.3
7.900035,1514,1448,1.7
7.902464,1514,1448,2429.2
7.902467,1514,1448,3.6
7.904879,1514,1448,2411.1
7.904880,1514,1448,1.7
7.907309,1514,1448,2428.8
7.907310,1514,1448,1.4
7.909723,1514,1448,2412.6
7.909725,1514,1448,1.7
7.912151,1514,1448,2425.9
7.912153,1514,1448,2.1
7.913353,1514,1448,1200.4
7.915777,1514,1448,2424.0
7.915779,1514,1448,1.9
7.918205,1514,1448,2425.7
7.918206,1514,1448,1.4
7.920621,1514,1448,2415.2
7.920623,1514,1448,1.4
7.923043,1514,1448,2419.7
7.923044,1514,1448,1.4
7.925462,1514,1448,2418.0
7.925463,1514,1448,1.2
7.927882,1514,1448,2419.2
7.927884,1514,1448,1.2
7.930304,1514,1448,2419.9
7.930305,1514,1448,1.2
7.932731,1514,1448,2426.6
7.932733,1514,1448,1.2
7.935174,1514,1448,2440.9
7.935175,1514,1448,1.7
7.937594,1514,1448,2418.8
7.937595,1514,1448,1.4
7.938800,1514,1448,1204.5
7.938801,1514,1448,1.2
7.941202,1514,1448,2401.1
7.941204,1514,1448,1.4
7.943624,1514,1448,2420.7
7.943626,1514,1448,1.4
7.946046,1514,1448,2419.9
7.946047,1514,1448,1.2
7.948469,1514,1448,2421.9
7.948472,1514,1448,3.3
7.950894,1514,1448,2421.6
7.950895,1514,1448,1.2
7.953316,1514,1448,2421.4
7.953317,1514,1448,1.2
7.955735,1514,1448,2417.8
7.955737,1514,1448,1.4
7.958162,1514,1448,2425.4
7.958164,1514,1448,1.9
7.960583,1514,1448,2419.5
7.960585,1514,1448,1.4
7.963005,1514,1448,2420.4
7.963007,1514,1448,1.7
7.965424,1514,1448,2417.1
7.965425,1514,1448,1.4
7.967855,1514,1448,2429.7
7.967857,1514,1448,1.7
7.970278,1514,1448,2420.7
7.970279,1514,1448,1.7
7.971489,1514,1448,1209.5
7.973911,1514,1448,2422.3
7.973912,1514,1448,1.4
7.976333,1514,1448,2420.4
7.976335,1514,1448,1.9
7.978752,1514,1448,2416.8
7.978753,1514,1448,1.4
7.981178,1514,1448,2424.7
7.981179,1514,1448,1.4
7.983600,1514,1448,2420.4
7.983601,1514,1448,1.4
7.986024,1514,1448,2422.8
7.986026,1514,1448,1.7
7.988458,1514,1448,2432.1
7.988459,1514,1448,1.4
7.990871,1514,1448,2412.1
7.990872,1514,1448,1.2
7.993295,1514,1448,2423.0
7.993298,1514,1448,2.1
7.993301,1514,1448,3.6
7.995716,1514,1448,2414.7
7.995717,1514,1448,1.2
7.998137,1514,1448,2419.7
7.998138,1514,1448,1.2
8.000565,1514,1448,2427.1
8.000566,1514,1448,1.4
8.002978,1514,1448,2411.6
8.002979,1514,1448,1.2
8.005443,1514,1448,2463.8
8.005444,1514,1448,1.2
8.007843,1514,1448,2398.5
8.007844,1514,1448,1.0
8.010270,1514,1448,2426.1
8.010272,1514,1448,2.1
8.012692,1514,1448,2419.9
8.012693,1514,1448,1.2
8.015116,1514,1448,2422.8
8.015117,1514,1448,1.0
8.017538,1514,1448,2420.7
8.017539,1514,1448,1.2
8.019958,1514,1448,2418.8
8.019959,1514,1448,1.7
8.022377,1514,1448,2417.8
8.022378,1514,1448,1.2
8.024810,1514,1448,2431.4
8.024811,1514,1448,1.0
8.027225,1514,1448,2414.7
8.027226,1514,1448,1.2
8.029652,1514,1448,2425.7
8.029655,1514,1448,2.4
8.030841,1514,1448,1186.8
8.033282,1514,1448,2440.7
8.033284,1514,1448,1.9
8.035704,1514,1448,2420.4
8.035706,1514,1448,1.7
8.038130,1514,1448,2424.0
8.038131,1514,1448,1.4
8.040549,1514,1448,2417.6
8.040551,1514,1448,1.7
8.042969,1514,1448,2417.8
8.042970,1514,1448,1.2
8.045398,1514,1448,2428.3
8.045400,1514,1448,1.9
8.047816,1514,1448,2415.9
8.047817,1514,1448,1.2
8.050237,1514,1448,2419.7
8.050238,1514,1448,1.2
8.052662,1514,1448,2424.0
8.052663,1514,1448,1.4
8.053866,1514,1448,1203.1
8.053868,1514,1448,1.2
8.056289,1514,1448,2421.4
8.056290,1514,1448,1.4
8.058711,1514,1448,2420.4
8.058712,1514,1448,1.2
8.061139,1514,1448,2426.9
8.061140,1514,1448,1.2
8.063544,1514,1448,2404.0
8.063545,1514,1448,1.4
8.065961,1514,1448,2415.2
8.065962,1514,1448,1.2
8.068378,1514,1448,2415.9
8.068379,1514,1448,1.2
8.070800,1514,1448,2420.9
8.070801,1514,1448,1.4
8.073221,1514,1448,2419.9
8.073223,1514,1448,1.4
8.075644,1514,1448,2420.9
8.075645,1514,1448,1.2
8.078081,1514,1448,2436.2
8.078082,1514,1448,1.4
8.080497,1514,1448,2414.2
8.080498,1514,1448,1.9
8.082912,1514,1448,2414.0
8.082914,1514,1448,1.2
8.085334,1514,1448,2420.4
8.085335,1514,1448,1.2
8.087756,1514,1448,2420.4
8.087757,1514,1448,1.2
8.090179,1514,1448,2422.1
8.090180,1514,1448,1.2
8.091388,1514,1448,1207.4
8.093811,1514,1448,2423.3
8.093812,1514,1448,1.2
8.096233,1514,1448,2420.7
8.096234,1514,1448,1.4
8.098655,1514,1448,2421.4
8.098657,1514,1448,1.2
8.101078,1514,1448,2421.1
8.101079,1514,1448,1.2
8.103507,1514,1448,2428.1
8.103508,1514,1448,1.2
8.105930,1514,1448,2421.4
8.105931,1514,1448,1.7
8.108346,1514,1448,2414.9
8.108347,1514,1448,1.2
8.110768,1514,1448,2420.9
8.110770,1514,1448,1.7
8.110774,1514,1448,3.8
8.113190,1514,1448,2416.6
8.113192,1514,1448,1.4
8.115613,1514,1448,2420.7
8.115614,1514,1448,1.2
8.118035,1514,1448,2421.1
8.118036,1514,1448,1.2
8.120457,1514,1448,2420.9
8.120458,1514,1448,1.2
8.122879,1514,1448,2420.9
8.122880,1514,1448,1.2
8.125307,1514,1448,2426.9
8.125309,1514,1448,1.4
8.127731,1514,1448,2422.6
8.127733,1514,1448,1.7
8.130149,1514,1448,2416.1
8.130150,1514,1448,1.2
8.132569,1514,1448,2419.2
8.132571,1514,1448,1.2
8.134998,1514,1448,2427.1
8.134999,1514,1448,1.7
8.137434,1514,1448,2434.5
8.137436,1514,1448,1.9
8.139843,1514,1448,2406.8
8.139844,1514,1448,1.4
8.142265,1514,1448,2421.4
8.142267,1514,1448,1.4
8.144683,1514,1448,2416.6
8.144685,1514,1448,1.2
8.147114,1514,1448,2429.7
8.147116,1514,1448,1.4
8.149533,1514,1448,2417.1
8.149534,1514,1448,1.4
8.151950,1514,1448,2416.1
8.151952,1514,1448,1.2
8.153158,1514,1448,1206.9
8.155612,1514,1448,2453.8
8.155614,1514,1448,1.4
8.158037,1514,1448,2423.5
8.158038,1514,1448,1.2
8.160449,1514,1448,2410.4
8.160450,1514,1448,1.4
8.162887,1514,1448,2436.9
8.162889,1514,1448,1.4
8.165293,1514,1448,2404.5
8.165294,1514,1448,1.2
8.167718,1514,1448,2423.5
8.167719,1514,1448,1.2
8.170145,1514,1448,2426.1
8.170146,1514,1448,1.4
8.172561,1514,1448,2414.2
8.172562,1514,1448,1.2
8.173770,1514,1448,1208.3
8.173772,1514,1448,1.4
8.176194,1514,1448,2422.8
8.176196,1514,1448,1.2
8.178617,1514,1448,2421.1
8.178618,1514,1448,1.2
8.181038,1514,1448,2420.2
8.181039,1514,1448,1.2
8.183461,1514,1448,2421.9
8.183462,1514,1448,1.2
8.185884,1514,1448,2421.4
8.185885,1514,1448,1.2
8.188312,1514,1448,2426.6
8.188313,1514,1448,1.2
8.190828,1514,1448,2515.1
8.190830,1514,1448,2.4
8.193214,1514,1448,2383.9
8.193215,1514,1448,1.2
8.195574,1514,1448,2358.4
8.195575,1514,1448,1.2
8.198016,1514,1448,2441.4
8.198018,1514,1448,1.2
8.200417,1514,1448,2399.7
8.200418,1514,1448,1.2
8.202917,1514,1448,2498.4
8.202918,1514,1448,1.2
8.205321,1514,1448,2402.5
8.205322,1514,1448,1.4
8.207684,1514,1448,2362.0
8.207685,1514,1448,1.2
8.210109,1514,1448,2424.2
8.210111,1514,1448,1.2
8.212634,1514,1448,2523.2
8.212636,1514,1448,1.9
8.215028,1514,1448,2392.1
8.215030,1514,1448,2.4
8.216223,1514,1448,1192.3
8.218624,1514,1448,2401.8
8.218626,1514,1448,1.2
8.221025,1514,1448,2399.9
8.221027,1514,1448,1.4
8.223461,1514,1448,2433.8
8.223462,1514,1448,1.4
8.225927,1514,1448,2464.5
8.225928,1514,1448,1.2
8.228327,1514,1448,2399.4
8.228328,1514,1448,1.2
8.230729,1514,1448,2400.9
8.230731,1514,1448,1.2
8.233139,1514,1448,2408.5
8.233141,1514,1448,2.1
8.233145,1514,1448,3.8
8.235633,1514,1448,2488.4
8.235635,1514,1448,1.7
8.238031,1514,1448,2396.3
8.238033,1514,1448,1.2
8.240433,1514,1448,2400.6
8.240434,1514,1448,1.2
8.242833,1514,1448,2398.5
8.242834,1514,1448,1.2
8.245235,1514,1448,2401.1
8.245236,1514,1448,1.2
8.247654,1514,1448,2417.8
8.247655,1514,1448,1.2
8.250076,1514,1448,2420.9
8.250077,1514,1448,1.2
8.252500,1514,1448,2422.1
8.252501,1514,1448,1.4
8.254928,1514,1448,2426.9
8.254930,1514,1448,1.7
8.257346,1514,1448,2416.6
8.257348,1514,1448,1.4
8.259766,1514,1448,2418.5
8.259767,1514,1448,1.2
8.262188,1514,1448,2420.4
8.262189,1514,1448,1.2
8.264610,1514,1448,2421.4
8.264611,1514,1448,1.2
8.267033,1514,1448,2421.1
8.267034,1514,1448,1.2
8.269455,1514,1448,2421.6
8.269457,1514,1448,1.4
8.271878,1514,1448,2421.1
8.271879,1514,1448,1.4
8.274303,1514,1448,2423.5
8.274304,1514,1448,1.4
8.276733,1514,1448,2428.8
8.276735,1514,1448,1.7
8.279147,1514,1448,2412.3
8.279149,1514,1448,1.4
8.280356,1514,1448,1207.1
8.282791,1514,1448,2435.4
8.282793,1514,1448,1.7
8.285260,1514,1448,2467.2
8.285264,1514,1448,3.6
8.287638,1514,1448,2374.6
8.287640,1514,1448,1.9
8.290053,1514,1448,2412.8
8.290054,1514,1448,1.4
8.292497,1514,1448,2442.6
8.292499,1514,1448,2.4
8.294947,1514,1448,2448.1
8.294956,1514,1448,9.1
8.296108,1514,1448,1151.6
8.296109,1514,1448,1.4
8.298532,1514,1448,2422.1
8.298533,1514,1448,1.4
8.300952,1514,1448,2419.2
8.300954,1514,1448,1.4
8.303379,1514,1448,2425.2
8.303380,1514,1448,1.2
8.305823,1514,1448,2443.1
8.305825,1514,1448,1.4
8.308221,1514,1448,2396.1
8.308222,1514,1448,1.2
8.310647,1514,1448,2424.7
8.310648,1514,1448,1.4
8.313053,1514,1448,2405.2
8.313054,1514,1448,1.2
8.315486,1514,1448,2431.4
8.315487,1514,1448,1.2
8.317909,1514,1448,2422.1
8.317910,1514,1448,1.2
8.320344,1514,1448,2433.8
8.320346,1514,1448,1.7
8.322729,1514,1448,2383.5
8.322731,1514,1448,1.4
8.325151,1514,1448,2420.9
8.325153,1514,1448,1.4
8.327573,1514,1448,2419.9
8.327574,1514,1448,1.2
8.329995,1514,1448,2421.4
8.329997,1514,1448,1.2
8.332416,1514,1448,2419.5
8.332417,1514,1448,1.2
8.334840,1514,1448,2422.8
8.334841,1514,1448,1.2
8.337262,1514,1448,2420.4
8.337263,1514,1448,1.4
8.339689,1514,1448,2425.7
8.339690,1514,1448,1.2
8.342114,1514,1448,2423.8
8.342115,1514,1448,1.4
8.344533,1514,1448,2418.3
8.344535,1514,1448,1.2
8.345739,1514,1448,1204.3
8.348163,1514,1448,2424.0
8.348164,1514,1448,1.2
8.350586,1514,1448,2421.9
8.350587,1514,1448,1.2
8.353079,1514,1448,2491.7
8.353080,1514,1448,1.4
8.355485,1514,1448,2404.7
8.355486,1514,1448,1.2
8.357872,1514,1448,2386.3
8.357874,1514,1448,1.2
8.360380,1514,1448,2506.7
8.360382,1514,1448,1.7
8.360386,1514,1448,3.8
8.362794,1514,1448,2408.3
8.362796,1514,1448,1.9
8.365184,1514,1448,2388.0
8.365185,1514,1448,1.2
8.367585,1514,1448,2399.4
8.367586,1514,1448,1.2
8.369986,1514,1448,2400.4
8.369987,1514,1448,1.2
8.372444,1514,1448,2456.4
8.372445,1514,1448,1.2
8.374845,1514,1448,2399.7
8.374846,1514,1448,1.2
8.377253,1514,1448,2406.6
8.377254,1514,1448,1.2
8.379675,1514,1448,2421.4
8.379676,1514,1448,1.2
8.382100,1514,1448,2423.3
8.382101,1514,1448,1.2
8.384525,1514,1448,2424.5
8.384527,1514,1448,1.7
8.386943,1514,1448,2415.7
8.386944,1514,1448,1.2
8.389364,1514,1448,2420.2
8.389365,1514,1448,1.2
8.391787,1514,1448,2422.1
8.391789,1514,1448,1.4
8.394208,1514,1448,2419.7
8.394210,1514,1448,1.2
8.396632,1514,1448,2422.1
8.396633,1514,1448,1.2
8.399054,1514,1448,2420.9
8.399055,1514,1448,1.4
8.401484,1514,1448,2428.8
8.401485,1514,1448,1.2
8.403898,1514,1448,2413.3
8.403900,1514,1448,1.2
8.406332,1514,1448,2432.1
8.406333,1514,1448,1.7
8.408746,1514,1448,2413.0
8.408748,1514,1448,1.4
8.411169,1514,1448,2421.1
8.411170,1514,1448,1.4
8.412379,1514,1448,1208.3
8.414804,1514,1448,2425.0
8.414805,1514,1448,1.4
8.417227,1514,1448,2421.9
8.417228,1514,1448,1.2
8.419646,1514,1448,2418.0
8.419648,1514,1448,1.4
8.422068,1514,1448,2420.2
8.422069,1514,1448,1.2
8.424511,1514,1448,2442.4
8.424513,1514,1448,1.4
8.426921,1514,1448,2408.5
8.426923,1514,1448,1.7
8.428131,1514,1448,1208.1
8.428133,1514,1448,1.4
8.430548,1514,1448,2415.7
8.430550,1514,1448,1.4
8.432970,1514,1448,2420.4
8.432971,1514,1448,1.4
8.435393,1514,1448,2421.6
8.435395,1514,1448,1.4
8.437815,1514,1448,2420.7
8.437816,1514,1448,1.2
8.440242,1514,1448,2425.7
8.440243,1514,1448,1.2
8.442657,1514,1448,2414.2
8.442659,1514,1448,1.2
8.445081,1514,1448,2422.1
8.445082,1514,1448,1.2
8.447519,1514,1448,2437.1
8.447520,1514,1448,1.4
8.449930,1514,1448,2409.7
8.449932,1514,1448,1.7
8.452417,1514,1448,2485.5
8.452419,1514,1448,1.4
8.454820,1514,1448,2400.9
8.454821,1514,1448,1.0
8.457220,1514,1448,2399.0
8.457221,1514,1448,1.2
8.459622,1514,1448,2401.6
8.459624,1514,1448,1.2
8.462122,1514,1448,2498.4
8.462123,1514,1448,1.0
8.464523,1514,1448,2399.7
8.464524,1514,1448,1.2
8.466924,1514,1448,2400.6
8.466926,1514,1448,1.2
8.469334,1514,1448,2408.7
8.469336,1514,1448,1.7
8.471731,1514,1448,2395.2
8.471733,1514,1448,1.4
8.474226,1514,1448,2493.6
8.474227,1514,1448,1.2
8.476628,1514,1448,2400.4
8.476629,1514,1448,1.2
8.479029,1514,1448,2400.2
8.479030,1514,1448,1.0
8.480228,1514,1448,1198.1
8.482631,1514,1448,2402.8
8.482632,1514,1448,1.2
8.485131,1514,1448,2498.9
8.485132,1514,1448,1.2
8.487532,1514,1448,2399.7
8.487533,1514,1448,1.2
8.489891,1514,1448,2358.0
8.489892,1514,1448,1.2
8.492342,1514,1448,2449.3
8.492344,1514,1448,2.4
8.492348,1514,1448,4.3
8.494750,1514,1448,2401.8
8.494751,1514,1448,1.2
8.497235,1514,1448,2484.1
8.497236,1514,1448,1.2
8.499638,1514,1448,2401.4
8.499639,1514,1448,1.2
8.502038,1514,1448,2399.2
8.502039,1514,1448,1.2
8.504440,1514,1448,2400.9
8.504441,1514,1448,1.2
8.506850,1514,1448,2408.5
8.506851,1514,1448,1.2
8.509273,1514,1448,2422.1
8.509275,1514,1448,1.4
8.511703,1514,1448,2428.5
8.511705,1514,1448,1.7
8.514123,1514,1448,2418.5
8.514125,1514,1448,1.7
8.516542,1514,1448,2417.3
8.516544,1514,1448,1.2
8.518963,1514,1448,2419.2
8.518964,1514,1448,1.4
8.521385,1514,1448,2420.7
8.521386,1514,1448,1.2
8.523807,1514,1448,2420.7
8.523808,1514,1448,1.2
8.526229,1514,1448,2421.4
8.526231,1514,1448,1.2
8.528652,1514,1448,2421.6
8.528653,1514,1448,1.0
8.531075,1514,1448,2421.9
8.531076,1514,1448,1.4
8.533511,1514,1448,2435.0
8.533513,1514,1448,1.4
8.535923,1514,1448,2409.7
8.535924,1514,1448,1.4
8.538343,1514,1448,2419.2
8.538344,1514,1448,1.2
8.540765,1514,1448,2420.2
8.540766,1514,1448,1.4
8.543186,1514,1448,2420.2
8.543187,1514,1448,1.2
8.545609,1514,1448,2421.1
8.545610,1514,1448,1.2
8.548032,1514,1448,2422.1
8.548033,1514,1448,1.4
8.549241,1514,1448,1207.6
8.551665,1514,1448,2424.2
8.551666,1514,1448,1.2
8.554089,1514,1448,2422.8
8.554090,1514,1448,1.2
8.556526,1514,1448,2435.7
8.556528,1514,1448,1.7
8.558933,1514,1448,2405.4
8.558934,1514,1448,1.2
8.561355,1514,1448,2420.7
8.561356,1514,1448,1.2
8.562566,1514,1448,1210.0
8.562567,1514,1448,1.2
8.564988,1514,1448,2420.9
8.564989,1514,1448,1.2
8.567411,1514,1448,2421.6
8.567412,1514,1448,1.2
8.569833,1514,1448,2421.1
8.569834,1514,1448,1.2
8.572254,1514,1448,2419.7
8.572255,1514,1448,1.2
8.574680,1514,1448,2424.5
8.574681,1514,1448,1.2
8.577109,1514,1448,2427.8
8.577110,1514,1448,1.4
8.579525,1514,1448,2414.5
8.579526,1514,1448,1.4
8.581948,1514,1448,2421.9
8.581949,1514,1448,1.2
8.584373,1514,1448,2423.5
8.584374,1514,1448,1.2
8.586871,1514,1448,2497.2
8.586872,1514,1448,1.2
8.589273,1514,1448,2400.6
8.589274,1514,1448,1.2
8.591636,1514,1448,2361.5
8.591637,1514,1448,1.2
8.594075,1514,1448,2438.5
8.594077,1514,1448,1.2
8.596485,1514,1448,2408.7
8.596487,1514,1448,1.2
8.598908,1514,1448,2421.6
8.598910,1514,1448,1.9
8.601378,1514,1448,2468.1
8.601380,1514,1448,1.4
8.603749,1514,1448,2368.9
8.603750,1514,1448,1.4
8.606241,1514,1448,2490.8
8.606244,1514,1448,3.1
8.608689,1514,1448,2445.5
8.608691,1514,1448,1.4
8.611088,1514,1448,2397.1
8.611089,1514,1448,1.4
8.613505,1514,1448,2415.9
8.613507,1514,1448,2.1
8.615928,1514,1448,2420.4
8.615936,1514,1448,7.9
8.618287,1514,1448,2351.8
8.618289,1514,1448,1.2
8.619594,1514,1448,1305.8
8.621927,1514,1448,2332.2
8.621928,1514,1448,1.4
8.624346,1514,1448,2417.6
8.624347,1514,1448,1.2
8.626752,1514,1448,2405.4
8.626753,1514,1448,1.2
8.629163,1514,1448,2409.5
8.629165,1514,1448,1.9
8.629169,1514,1448,4.3
8.631587,1514,1448,2418.0
8.631588,1514,1448,1.2
8.634010,1514,1448,2421.4
8.634011,1514,1448,1.0
8.636429,1514,1448,2418.8
8.636431,1514,1448,1.2
8.638856,1514,1448,2425.4
8.638857,1514,1448,1.0
8.641284,1514,1448,2427.3
8.641285,1514,1448,1.2
8.643720,1514,1448,2434.5
8.643721,1514,1448,1.2
8.646155,1514,1448,2434.3
8.646157,1514,1448,1.9
8.648568,1514,1448,2411.1
8.648570,1514,1448,1.9
8.650985,1514,1448,2414.9
8.650986,1514,1448,1.2
8.653408,1514,1448,2421.1
8.653409,1514,1448,1.2
8.655830,1514,1448,2420.9
8.655831,1514,1448,1.4
8.658252,1514,1448,2421.1
8.658253,1514,1448,1.2
8.660676,1514,1448,2422.8
8.660677,1514,1448,1.2
8.663104,1514,1448,2426.6
8.663105,1514,1448,1.2
8.665513,1514,1448,2408.0
8.665514,1514,1448,1.2
8.667924,1514,1448,2409.2
8.667925,1514,1448,1.2
8.670345,1514,1448,2419.9
8.670346,1514,1448,1.4
8.672786,1514,1448,2440.0
8.672787,1514,1448,1.2
8.675207,1514,1448,2419.7
8.675209,1514,1448,1.4
8.677631,1514,1448,2422.6
8.677632,1514,1448,1.2
8.680053,1514,1448,2420.9
8.680054,1514,1448,1.2
8.682475,1514,1448,2420.9
8.682477,1514,1448,1.2
8.684905,1514,1448,2428.8
8.684907,1514,1448,1.4
8.687323,1514,1448,2416.6
8.687325,1514,1448,1.4
8.689746,1514,1448,2420.9
8.689747,1514,1448,1.2
8.690953,1514,1448,1205.9
8.693379,1514,1448,2425.9
8.693380,1514,1448,1.4
8.695801,1514,1448,2421.4
8.695803,1514,1448,1.4
8.698225,1514,1448,2421.6
8.698226,1514,1448,1.4
8.700648,1514,1448,2421.6
8.700649,1514,1448,1.4
8.701858,1514,1448,1208.8
8.701859,1514,1448,1.4
8.704283,1514,1448,2424.2
8.704285,1514,1448,1.7
8.706721,1514,1448,2435.7
8.706723,1514,1448,2.4
8.709130,1514,1448,2407.1
8.709131,1514,1448,1.2
8.711552,1514,1448,2420.2
8.711553,1514,1448,1.7
8.713973,1514,1448,2419.2
8.713974,1514,1448,1.4
8.716394,1514,1448,2419.7
8.716395,1514,1448,1.2
8.718815,1514,1448,2420.2
8.718816,1514,1448,1.2
8.721239,1514,1448,2422.6
8.721240,1514,1448,1.4
8.723660,1514,1448,2420.2
8.723662,1514,1448,1.2
8.726087,1514,1448,2425.7
8.726089,1514,1448,1.2
8.728517,1514,1448,2428.1
8.728518,1514,1448,1.7
8.730930,1514,1448,2411.6
8.730931,1514,1448,1.4
8.733432,1514,1448,2500.8
8.733433,1514,1448,1.2
8.735769,1514,1448,2335.8
8.735770,1514,1448,1.2
8.738233,1514,1448,2462.6
8.738234,1514,1448,1.2
8.740592,1514,1448,2358.0
8.740593,1514,1448,1.2
8.743013,1514,1448,2419.5
8.743014,1514,1448,1.2
8.745436,1514,1448,2422.1
8.745437,1514,1448,1.2
8.747863,1514,1448,2425.9
8.747864,1514,1448,1.2
8.750288,1514,1448,2424.2
8.750291,1514,1448,2.4
8.752702,1514,1448,2411.4
8.752703,1514,1448,1.2
8.755124,1514,1448,2420.9
8.755126,1514,1448,1.2
8.757547,1514,1448,2421.4
8.757548,1514,1448,1.4
8.759969,1514,1448,2420.7
8.759970,1514,1448,1.2
8.762393,1514,1448,2422.3
8.762394,1514,1448,1.2
8.763602,1514,1448,1208.1
8.766026,1514,1448,2424.2
8.766027,1514,1448,1.2
8.768448,1514,1448,2420.7
8.768449,1514,1448,1.2
8.770878,1514,1448,2428.5
8.770880,1514,1448,2.1
8.770884,1514,1448,4.1
8.773297,1514,1448,2412.8
8.773298,1514,1448,1.2
8.775715,1514,1448,2417.6
8.775717,1514,1448,1.4
8.778137,1514,1448,2420.2
8.778138,1514,1448,1.2
8.780559,1514,1448,2420.7
8.780560,1514,1448,1.2
8.782982,1514,1448,2421.6
8.782983,1514,1448,1.4
8.785403,1514,1448,2420.2
8.785404,1514,1448,1.2
8.787826,1514,1448,2421.6
8.787827,1514,1448,1.2
8.790254,1514,1448,2426.9
8.790256,1514,1448,1.4
8.792690,1514,1448,2434.0
8.792691,1514,1448,1.4
8.795094,1514,1448,2403.0
8.795095,1514,1448,1.2
8.797516,1514,1448,2420.7
8.797517,1514,1448,1.2
8.799942,1514,1448,2424.7
8.799943,1514,1448,1.4
8.802362,1514,1448,2418.8
8.802363,1514,1448,1.2
8.804783,1514,1448,2419.7
8.804784,1514,1448,1.2
8.807205,1514,1448,2421.1
8.807206,1514,1448,1.2
8.809628,1514,1448,2421.9
8.809629,1514,1448,1.2
8.812056,1514,1448,2426.6
8.812057,1514,1448,1.2
8.814484,1514,1448,2426.6
8.814486,1514,1448,1.7
8.816895,1514,1448,2409.9
8.816897,1514,1448,1.2
8.819318,1514,1448,2420.9
8.819319,1514,1448,1.4
8.821740,1514,1448,2420.9
8.821741,1514,1448,1.2
8.824169,1514,1448,2428.1
8.824171,1514,1448,1.7
8.826585,1514,1448,2414.5
8.826586,1514,1448,1.2
8.829008,1514,1448,2421.9
8.829010,1514,1448,1.2
8.831431,1514,1448,2421.1
8.831432,1514,1448,1.2
8.833857,1514,1448,2425.4
8.833858,1514,1448,1.2
8.836298,1514,1448,2439.0
8.836299,1514,1448,1.9
8.837492,1514,1448,1192.1
8.839909,1514,1448,2417.3
8.839910,1514,1448,1.2
8.842330,1514,1448,2420.2
8.842331,1514,1448,1.2
8.844756,1514,1448,2425.0
8.844758,1514,1448,1.2
8.845965,1514,1448,1207.4
8.845966,1514,1448,1.2
8.848387,1514,1448,2420.4
8.848388,1514,1448,1.2
8.850809,1514,1448,2421.1
8.850810,1514,1448,1.2
8.853231,1514,1448,2420.7
8.853232,1514,1448,1.2
8.855692,1514,1448,2460.0
8.855693,1514,1448,1.4
8.858104,1514,1448,2411.1
8.858106,1514,1448,1.7
8.860583,1514,1448,2477.2
8.860584,1514,1448,1.2
8.862983,1514,1448,2399.0
8.862985,1514,1448,1.2
8.865385,1514,1448,2399.9
8.865386,1514,1448,1.2
8.867788,1514,1448,2402.5
8.867790,1514,1448,1.2
8.870286,1514,1448,2496.0
8.870287,1514,1448,1.4
8.872687,1514,1448,2399.7
8.872688,1514,1448,1.2
8.875089,1514,1448,2401.4
8.875090,1514,1448,1.2
8.877499,1514,1448,2408.3
8.877500,1514,1448,1.4
8.879993,1514,1448,2493.4
8.879995,1514,1448,1.2
8.882392,1514,1448,2397.5
8.882393,1514,1448,1.2
8.884793,1514,1448,2399.2
8.884794,1514,1448,1.2
8.887194,1514,1448,2399.9
8.887195,1514,1448,1.2
8.889596,1514,1448,2400.9
8.889597,1514,1448,1.0
8.892056,1514,1448,2459.5
8.892057,1514,1448,1.2
8.894457,1514,1448,2399.2
8.894458,1514,1448,1.2
8.896856,1514,1448,2398.5
8.896858,1514,1448,1.2
8.899287,1514,1448,2429.2
8.899288,1514,1448,1.7
8.901708,1514,1448,2419.2
8.901709,1514,1448,1.4
8.904125,1514,1448,2415.7
8.904126,1514,1448,1.4
8.906547,1514,1448,2420.9
8.906549,1514,1448,1.4
8.908969,1514,1448,2420.4
8.908970,1514,1448,1.2
8.911393,1514,1448,2422.6
8.911394,1514,1448,1.2
8.912602,1514,1448,1208.3
8.915025,1514,1448,2422.6
8.915026,1514,1448,1.2
8.917447,1514,1448,2421.4
8.917449,1514,1448,1.9
8.917453,1514,1448,3.6
8.919877,1514,1448,2424.2
8.919878,1514,1448,1.4
8.922298,1514,1448,2419.2
8.922299,1514,1448,1.4
8.924716,1514,1448,2416.6
8.924717,1514,1448,1.2
8.927135,1514,1448,2418.5
8.927137,1514,1448,1.4
8.929559,1514,1448,2422.1
8.929560,1514,1448,1.2
8.931983,1514,1448,2422.3
8.931984,1514,1448,1.2
8.934404,1514,1448,2420.4
8.934405,1514,1448,1.2
8.936829,1514,1448,2423.3
8.936830,1514,1448,1.2
8.939249,1514,1448,2418.8
8.939250,1514,1448,1.4
8.941693,1514,1448,2442.8
8.941694,1514,1448,1.7
8.944098,1514,1448,2403.7
8.944100,1514,1448,1.4
8.946520,1514,1448,2420.2
8.946522,1514,1448,1.7
8.948939,1514,1448,2417.6
8.948940,1514,1448,1.2
8.951361,1514,1448,2420.9
8.951362,1514,1448,1.2
8.953783,1514,1448,2420.4
8.953784,1514,1448,1.2
8.956206,1514,1448,2422.1
8.956208,1514,1448,1.4
8.958628,1514,1448,2420.9
8.958630,1514,1448,1.2
8.961051,1514,1448,2421.4
8.961052,1514,1448,1.2
8.963491,1514,1448,2439.0
8.963493,1514,1448,1.7
8.965903,1514,1448,2409.9
8.965904,1514,1448,1.2
8.968319,1514,1448,2414.9
8.968320,1514,1448,1.4
8.970827,1514,1448,2506.3
8.970828,1514,1448,1.2
8.973227,1514,1448,2399.2
8.973228,1514,1448,1.4
8.975630,1514,1448,2401.1
8.975631,1514,1448,1.4
8.978030,1514,1448,2399.4
8.978031,1514,1448,1.0
8.980431,1514,1448,2399.7
8.980432,1514,1448,1.2
8.982856,1514,1448,2423.3
8.982857,1514,1448,1.2
8.985340,1514,1448,2483.1
8.985342,1514,1448,1.7
8.987700,1514,1448,2358.0
8.987701,1514,1448,1.4
8.988935,1514,1448,1233.6
8.991336,1514,1448,2401.6
8.991337,1514,1448,1.2
8.993754,1514,1448,2416.6
8.993755,1514,1448,1.2
8.995036,1514,1448,1280.8
8.995037,1514,1448,1.4
8.997436,1514,1448,2399.0
8.997437,1514,1448,1.2
8.999810,1514,1448,2372.0
8.999811,1514,1448,1.2
9.002241,1514,1448,2430.0
9.002242,1514,1448,1.2
9.004657,1514,1448,2414.9
9.004658,1514,1448,1.0
9.007149,1514,1448,2491.5
9.007151,1514,1448,1.9
9.009545,1514,1448,2393.5
9.009546,1514,1448,1.2
9.011919,1514,1448,2373.7
9.011920,1514,1448,1.0
9.014346,1514,1448,2425.2
9.014347,1514,1448,1.2
9.016845,1514,1448,2497.7
9.016846,1514,1448,1.2
9.019250,1514,1448,2404.2
9.019251,1514,1448,1.2
9.021648,1514,1448,2397.3
9.021650,1514,1448,1.4
9.024032,1514,1448,2382.3
9.024033,1514,1448,1.2
9.026458,1514,1448,2425.0
9.026459,1514,1448,1.2
9.028897,1514,1448,2437.1
9.028898,1514,1448,1.7
9.031301,1514,1448,2402.5
9.031302,1514,1448,1.4
9.033721,1514,1448,2418.8
9.033722,1514,1448,1.2
9.036145,1514,1448,2422.6
9.036146,1514,1448,1.4
9.038568,1514,1448,2421.4
9.038569,1514,1448,1.4
9.040991,1514,1448,2421.6
9.040992,1514,1448,1.0
9.043411,1514,1448,2419.2
9.043412,1514,1448,1.2
9.045835,1514,1448,2422.8
9.045836,1514,1448,1.2
9.048266,1514,1448,2430.4
9.048268,1514,1448,1.4
9.050684,1514,1448,2415.9
9.050685,1514,1448,1.7
9.053101,1514,1448,2415.7
9.053102,1514,1448,1.2
9.055526,1514,1448,2424.0
9.055527,1514,1448,1.2
9.057947,1514,1448,2419.5
9.057948,1514,1448,1.2
9.060369,1514,1448,2420.7
9.060370,1514,1448,1.2
9.062790,1514,1448,2420.4
9.062792,1514,1448,1.4
9.065214,1514,1448,2422.3
9.065215,1514,1448,1.2
9.066424,1514,1448,1209.0
9.068851,1514,1448,2426.9
9.068853,1514,1448,1.7
9.068856,1514,1448,3.6
9.071280,1514,1448,2423.5
9.071282,1514,1448,1.7
9.073693,1514,1448,2411.6
9.073694,1514,1448,1.2
9.076115,1514,1448,2420.4
9.076116,1514,1448,1.2
9.078537,1514,1448,2421.1
9.078538,1514,1448,1.2
9.080959,1514,1448,2420.4
9.080960,1514,1448,1.2
9.083382,1514,1448,2422.1
9.083383,1514,1448,1.2
9.085804,1514,1448,2421.1
9.085806,1514,1448,1.2
9.088227,1514,1448,2421.1
9.088228,1514,1448,1.0
9.090652,1514,1448,2424.5
9.090653,1514,1448,1.2
9.093081,1514,1448,2428.1
9.093083,1514,1448,1.9
9.095497,1514,1448,2413.7
9.095498,1514,1448,1.2
9.097916,1514,1448,2417.8
9.097917,1514,1448,1.2
9.100338,1514,1448,2420.9
9.100339,1514,1448,1.2
9.102781,1514,1448,2441.9
9.102782,1514,1448,1.2
9.105184,1514,1448,2401.1
9.105185,1514,1448,1.2
9.107605,1514,1448,2420.2
9.107606,1514,1448,1.2
9.110083,1514,1448,2476.9
9.110084,1514,1448,1.2
9.112497,1514,1448,2412.3
9.112498,1514,1448,1.4
9.114877,1514,1448,2378.9
9.114878,1514,1448,1.4
9.117386,1514,1448,2507.2
9.117387,1514,1448,1.2
9.119718,1514,1448,2331.0
9.119719,1514,1448,1.2
9.122188,1514,1448,2468.8
9.122189,1514,1448,1.2
9.124544,1514,1448,2354.9
9.124545,1514,1448,1.2
9.126962,1514,1448,2417.3
9.126964,1514,1448,1.2
9.129386,1514,1448,2422.8
9.129388,1514,1448,1.2
9.131808,1514,1448,2420.2
9.131809,1514,1448,1.2
9.134241,1514,1448,2431.6
9.134242,1514,1448,1.7
9.136659,1514,1448,2417.1
9.136661,1514,1448,1.4
9.139076,1514,1448,2414.7
9.139077,1514,1448,1.4
9.141498,1514,1448,2421.4
9.141500,1514,1448,1.2
9.143920,1514,1448,2420.7
9.143921,1514,1448,1.2
9.145130,1514,1448,1208.8
9.147553,1514,1448,2423.3
9.147555,1514,1448,1.2
9.148764,1514,1448,1209.7
9.148766,1514,1448,1.2
9.151187,1514,1448,2421.6
9.151189,1514,1448,1.4
9.153615,1514,1448,2425.9
9.153616,1514,1448,1.4
9.156039,1514,1448,2422.6
9.156040,1514,1448,1.2
9.158454,1514,1448,2414.7
9.158456,1514,1448,1.2
9.160877,1514,1448,2421.1
9.160878,1514,1448,1.2
9.163299,1514,1448,2421.1
9.163300,1514,1448,1.2
9.165720,1514,1448,2420.2
9.165722,1514,1448,1.2
9.168146,1514,1448,2424.0
9.168147,1514,1448,1.2
9.170566,1514,1448,2419.5
9.170568,1514,1448,1.2
9.172988,1514,1448,2420.9
9.172990,1514,1448,1.2
9.175411,1514,1448,2421.9
9.175413,1514,1448,1.2
9.177835,1514,1448,2421.9
9.177836,1514,1448,1.2
9.180256,1514,1448,2420.4
9.180257,1514,1448,1.2
9.182678,1514,1448,2420.9
9.182679,1514,1448,1.2
9.185100,1514,1448,2420.4
9.185101,1514,1448,1.2
9.187523,1514,1448,2421.9
9.187524,1514,1448,1.2
9.189945,1514,1448,2420.4
9.189946,1514,1448,1.2
9.192368,1514,1448,2422.6
9.192369,1514,1448,1.2
9.194792,1514,1448,2422.6
9.194793,1514,1448,1.4
9.197224,1514,1448,2430.7
9.197226,1514,1448,1.7
9.199638,1514,1448,2411.8
9.199639,1514,1448,1.4
9.202058,1514,1448,2419.0
9.202059,1514,1448,1.2
9.204509,1514,1448,2449.3
9.204510,1514,1448,1.2
9.206924,1514,1448,2414.2
9.206925,1514,1448,1.4
9.209346,1514,1448,2420.2
9.209347,1514,1448,1.2
9.211769,1514,1448,2421.9
9.211770,1514,1448,1.2
9.214191,1514,1448,2421.4
9.214192,1514,1448,1.2
9.216615,1514,1448,2422.3
9.216616,1514,1448,1.2
9.219018,1514,1448,2401.6
9.219019,1514,1448,1.2
9.221444,1514,1448,2425.0
9.221445,1514,1448,1.7
9.223861,1514,1448,2415.4
9.223862,1514,1448,1.2
9.225071,1514,1448,1209.3
9.225072,1514,1448,1.2
9.227494,1514,1448,2421.4
9.227495,1514,1448,1.2
9.229916,1514,1448,2420.7
9.229917,1514,1448,1.2
9.232338,1514,1448,2421.1
9.232339,1514,1448,1.4
9.234760,1514,1448,2420.9
9.234761,1514,1448,1.2
9.237182,1514,1448,2420.7
9.237183,1514,1448,1.2
9.239608,1514,1448,2425.0
9.239609,1514,1448,1.2
9.242030,1514,1448,2420.2
9.242031,1514,1448,1.4
9.244450,1514,1448,2419.0
9.244452,1514,1448,1.4
9.246873,1514,1448,2421.1
9.246874,1514,1448,1.2
9.249295,1514,1448,2421.1
9.249296,1514,1448,1.2
9.251718,1514,1448,2421.4
9.251719,1514,1448,1.2
9.254140,1514,1448,2420.9
9.254141,1514,1448,1.2
9.256562,1514,1448,2420.7
9.256562,1514,1448,1.0
9.258985,1514,1448,2422.6
9.258986,1514,1448,1.4
9.261408,1514,1448,2421.4
9.261409,1514,1448,1.2
9.263830,1514,1448,2421.1
9.263831,1514,1448,1.2
9.266252,1514,1448,2420.7
9.266253,1514,1448,1.2
9.268675,1514,1448,2422.1
9.268677,1514,1448,1.2
9.271097,1514,1448,2420.2
9.271098,1514,1448,1.2
9.273519,1514,1448,2420.7
9.273520,1514,1448,1.2
9.275941,1514,1448,2421.4
9.275942,1514,1448,1.2
9.278363,1514,1448,2421.1
9.278365,1514,1448,1.2
9.280786,1514,1448,2421.4
9.280787,1514,1448,1.2
9.283210,1514,1448,2423.0
9.283211,1514,1448,1.2
9.285632,1514,1448,2420.9
9.285634,1514,1448,1.4
9.288053,1514,1448,2419.0
9.288054,1514,1448,1.2
9.290485,1514,1448,2431.2
9.290486,1514,1448,1.2
9.292898,1514,1448,2411.8
9.292899,1514,1448,1.2
9.295320,1514,1448,2420.2
9.295321,1514,1448,1.2
9.297743,1514,1448,2421.9
9.297744,1514,1448,1.2
9.300164,1514,1448,2420.7
9.300166,1514,1448,1.2
9.302588,1514,1448,2421.9
9.302589,1514,1448,1.2
9.305011,1514,1448,2422.6
9.305013,1514,1448,1.9
9.305017,1514,1448,3.6
9.307442,1514,1448,2425.4
9.307444,1514,1448,1.7
9.309859,1514,1448,2414.9
9.309860,1514,1448,1.4
9.312278,1514,1448,2418.0
9.312279,1514,1448,1.2
9.314701,1514,1448,2421.4
9.314702,1514,1448,1.2
9.317123,1514,1448,2420.9
9.317124,1514,1448,1.2
9.319545,1514,1448,2420.4
9.319546,1514,1448,1.2
9.321968,1514,1448,2422.3
9.321969,1514,1448,1.2
9.324392,1514,1448,2422.3
9.324393,1514,1448,1.2
9.326829,1514,1448,2436.6
9.326832,1514,1448,2.1
9.329242,1514,1448,2410.7
9.329243,1514,1448,1.2
9.331656,1514,1448,2413.0
9.331658,1514,1448,1.2
9.334079,1514,1448,2421.1
9.334080,1514,1448,1.2
9.336502,1514,1448,2421.6
9.336503,1514,1448,1.4
9.338923,1514,1448,2419.5
9.338924,1514,1448,1.2
9.341347,1514,1448,2423.8
9.341349,1514,1448,1.2
9.343767,1514,1448,2418.8
9.343769,1514,1448,1.2
9.346191,1514,1448,2422.8
9.346193,1514,1448,1.2
9.348618,1514,1448,2425.0
9.348619,1514,1448,1.2
9.351037,1514,1448,2418.3
9.351038,1514,1448,1.4
9.353457,1514,1448,2419.0
9.353459,1514,1448,1.2
9.355880,1514,1448,2421.4
9.355881,1514,1448,1.2
9.358305,1514,1448,2423.5
9.358306,1514,1448,1.4
9.360738,1514,1448,2431.9
9.360739,1514,1448,1.4
9.363203,1514,1448,2463.1
9.363206,1514,1448,3.6
9.365582,1514,1448,2376.3
9.365585,1514,1448,2.1
9.368001,1514,1448,2416.8
9.368003,1514,1448,1.4
9.370441,1514,1448,2438.1
9.370444,1514,1448,2.9
9.372892,1514,1448,2448.1
9.372900,1514,1448,8.3
9.375261,1514,1448,2360.6
9.375262,1514,1448,1.2
9.377683,1514,1448,2420.7
9.377684,1514,1448,1.4
9.380135,1514,1448,2451.2
9.380137,1514,1448,1.4
9.382543,1514,1448,2406.4
9.382544,1514,1448,1.2
9.384965,1514,1448,2420.4
9.384966,1514,1448,1.2
9.386162,1514,1448,1196.1
9.387370,1514,1448,1207.8
9.388582,1514,1448,1211.9
9.392019,1514,1448,3437.5
9.394426,1514,1448,2406.4
9.396846,1514,1448,2420.7
9.399269,1514,1448,2422.8
9.401692,1514,1448,2422.6
9.404114,1514,1448,2421.9
9.406537,1514,1448,2423.5
9.408961,1514,1448,2423.5
9.411382,1514,1448,2421.4
9.413807,1514,1448,2425.0
9.416226,1514,1448,2419.2
9.418648,1514,1448,2422.3
9.421070,1514,1448,2421.1
9.423491,1514,1448,2421.9
9.425484,1514,1448,1992.2
9.428338,1514,1448,2853.9
9.430760,1514,1448,2422.8
9.433182,1514,1448,2421.1
9.435606,1514,1448,2424.0
9.438027,1514,1448,2421.6
9.440449,1514,1448,2421.9
9.442871,1514,1448,2422.3
9.445294,1514,1448,2422.6
9.447717,1514,1448,2422.8
9.450140,1514,1448,2423.0
9.452561,1514,1448,2421.6
9.454983,1514,1448,2421.6
9.457409,1514,1448,2425.7
9.459827,1514,1448,2418.8
9.462250,1514,1448,2423.0
9.464673,1514,1448,2422.3
9.468307,1514,1448,3633.7
9.468533,1514,1448,226.3
9.470946,1514,1448,2413.3
9.470948,1514,1448,1.7
9.473365,1514,1448,2417.1
9.473366,1514,1448,1.4
9.475787,1514,1448,2420.7
9.475788,1514,1448,1.2
9.478213,1514,1448,2425.0
9.478215,1514,1448,1.4
9.480632,1514,1448,2417.8
9.480634,1514,1448,1.4
9.483053,1514,1448,2419.0
9.483054,1514,1448,1.2
9.485485,1514,1448,2431.4
9.485487,1514,1448,1.2
9.487899,1514,1448,2412.8
9.487900,1514,1448,1.2
9.490323,1514,1448,2422.6
9.490324,1514,1448,1.4
9.492743,1514,1448,2418.5
9.492744,1514,1448,1.2
9.495166,1514,1448,2421.4
9.495167,1514,1448,1.2
9.497588,1514,1448,2421.1
9.497589,1514,1448,1.2
9.500010,1514,1448,2421.4
9.500012,1514,1448,1.2
9.502433,1514,1448,2421.6
9.502435,1514,1448,1.4
9.504855,1514,1448,2420.4
9.504856,1514,1448,1.2
9.509532,1514,1448,4675.6
9.509534,1514,1448,2.1
9.509538,1514,1448,3.8
9.512171,1514,1448,2632.6
9.512172,1514,1448,1.2
9.513382,1514,1448,1210.7
9.515806,1514,1448,2424.0
9.515808,1514,1448,1.2
9.518229,1514,1448,2420.9
9.518230,1514,1448,1.2
9.520651,1514,1448,2421.4
9.520652,1514,1448,1.2
9.523078,1514,1448,2425.7
9.523079,1514,1448,1.2
9.525496,1514,1448,2416.6
9.525497,1514,1448,1.2
9.527923,1514,1448,2425.9
9.527924,1514,1448,1.2
9.530344,1514,1448,2420.4
9.530346,1514,1448,1.4
9.532854,1514,1448,2507.7
9.532855,1514,1448,1.4
9.535254,1514,1448,2398.5
9.535255,1514,1448,1.2
9.537655,1514,1448,2400.4
9.537656,1514,1448,1.2
9.540056,1514,1448,2399.9
9.540057,1514,1448,1.2
9.542458,1514,1448,2400.2
9.542459,1514,1448,1.2
9.544879,1514,1448,2420.4
9.544881,1514,1448,1.4
9.547300,1514,1448,2419.7
9.547302,1514,1448,1.2
9.551971,1514,1448,4669.7
9.551972,1514,1448,1.2
9.554392,1514,1448,2419.9
9.554394,1514,1448,1.4
9.554397,1514,1448,3.1
9.555602,1514,1448,1205.0
9.558026,1514,1448,2424.0
9.558027,1514,1448,1.4
9.559236,1514,1448,1208.3
9.561659,1514,1448,2423.5
9.561660,1514,1448,1.2
9.564084,1514,1448,2423.3
9.564085,1514,1448,1.2
9.566506,1514,1448,2421.1
9.566507,1514,1448,1.4
9.568927,1514,1448,2419.5
9.568928,1514,1448,1.4
9.571349,1514,1448,2421.1
9.571351,1514,1448,1.2
9.573772,1514,1448,2421.9
9.573774,1514,1448,1.4
9.576194,1514,1448,2420.2
9.576195,1514,1448,1.2
9.578616,1514,1448,2420.4
9.578617,1514,1448,1.2
9.581039,1514,1448,2421.9
9.581040,1514,1448,1.2
9.583462,1514,1448,2422.6
9.583464,1514,1448,1.4
9.585908,1514,1448,2443.8
9.585909,1514,1448,1.2
9.588308,1514,1448,2399.0
9.588309,1514,1448,1.2
9.590729,1514,1448,2419.9
9.590730,1514,1448,1.2
9.594409,1514,1448,3678.6
9.594410,1514,1448,1.2
9.596831,1514,1448,2420.9
9.596832,1514,1448,1.4
9.599253,1514,1448,2420.7
9.599255,1514,1448,1.7
9.599258,1514,1448,3.6
9.601676,1514,1448,2417.3
9.601677,1514,1448,1.2
9.604105,1514,1448,2428.5
9.604107,1514,1448,1.7
9.605317,1514,1448,1210.0
9.607780,1514,1448,2462.6
9.607782,1514,1448,2.6
9.610186,1514,1448,2404.2
9.610188,1514,1448,1.9
9.612618,1514,1448,2429.7
9.612620,1514,1448,1.9
9.615081,1514,1448,2461.0
9.615089,1514,1448,8.6
9.617446,1514,1448,2356.5
9.617447,1514,1448,1.2
9.619868,1514,1448,2420.4
9.619869,1514,1448,1.2
9.622289,1514,1448,2420.4
9.622290,1514,1448,1.2
9.624718,1514,1448,2427.8
9.624719,1514,1448,1.2
9.627149,1514,1448,2430.0
9.627151,1514,1448,1.2
9.629574,1514,1448,2423.8
9.629576,1514,1448,1.7
9.631999,1514,1448,2422.6
9.632000,1514,1448,1.4
9.634413,1514,1448,2412.8
9.634414,1514,1448,1.2
9.636873,1514,1448,2459.3
9.636874,1514,1448,1.2
9.639299,1514,1448,2424.5
9.639300,1514,1448,1.2
9.641797,1514,1448,2497.0
9.641798,1514,1448,1.2
9.644119,1514,1448,2320.5
9.644121,1514,1448,1.9
9.644124,1514,1448,3.6
9.645334,1514,1448,1210.2
9.647811,1514,1448,2476.2
9.647812,1514,1448,1.7
9.650197,1514,1448,2384.9
9.650198,1514,1448,1.2
9.651416,1514,1448,1217.8
9.653829,1514,1448,2413.0
9.653831,1514,1448,1.2
9.656305,1514,1448,2474.8
9.656307,1514,1448,1.4
9.658705,1514,1448,2398.3
9.658706,1514,1448,1.2
9.661107,1514,1448,2400.9
9.661108,1514,1448,1.2
9.663511,1514,1448,2402.5
9.663512,1514,1448,1.2
9.665924,1514,1448,2412.3
9.665926,1514,1448,1.2
9.668340,1514,1448,2414.7
9.668341,1514,1448,1.2
9.670766,1514,1448,2424.5
9.670768,1514,1448,1.7
9.673193,1514,1448,2425.4
9.673194,1514,1448,1.4
9.675611,1514,1448,2417.1
9.675613,1514,1448,1.4
9.678030,1514,1448,2416.8
9.678031,1514,1448,1.2
9.680478,1514,1448,2446.7
9.680479,1514,1448,1.2
9.682897,1514,1448,2418.0
9.682898,1514,1448,1.4
9.685318,1514,1448,2420.2
9.685320,1514,1448,1.9
9.685324,1514,1448,3.3
9.687739,1514,1448,2415.4
9.687741,1514,1448,1.4
9.690163,1514,1448,2422.6
9.690164,1514,1448,1.2
9.692584,1514,1448,2419.5
9.692585,1514,1448,1.2
9.695015,1514,1448,2430.4
9.695017,1514,1448,1.7
9.697424,1514,1448,2407.3
9.697426,1514,1448,1.4
9.698641,1514,1448,1215.5
9.701066,1514,1448,2425.2
9.701068,1514,1448,1.4
9.703498,1514,1448,2430.4
9.703500,1514,1448,1.9
9.705912,1514,1448,2412.1
9.705914,1514,1448,1.9
9.708333,1514,1448,2418.5
9.708334,1514,1448,1.7
9.710762,1514,1448,2427.1
9.710763,1514,1448,1.9
9.713179,1514,1448,2415.7
9.713180,1514,1448,1.2
9.715621,1514,1448,2440.9
9.715622,1514,1448,1.2
9.718029,1514,1448,2406.1
9.718030,1514,1448,1.7
9.720461,1514,1448,2430.9
9.720463,1514,1448,2.1
9.722858,1514,1448,2395.2
9.722860,1514,1448,1.2
9.725286,1514,1448,2425.9
9.725287,1514,1448,1.2
9.727695,1514,1448,2408.7
9.727696,1514,1448,1.0
9.730121,1514,1448,2425.0
9.730123,1514,1448,1.4
9.732543,1514,1448,2420.2
9.732544,1514,1448,1.4
9.733753,1514,1448,1208.8
9.733755,1514,1448,1.4
9.736177,1514,1448,2422.8
9.736179,1514,1448,1.4
9.738603,1514,1448,2424.0
9.738605,1514,1448,2.1
9.741023,1514,1448,2417.6
9.741024,1514,1448,1.7
9.743442,1514,1448,2417.6
9.743443,1514,1448,1.4
9.745864,1514,1448,2420.7
9.745865,1514,1448,1.4
9.747072,1514,1448,1206.4
9.749514,1514,1448,2442.6
9.749516,1514,1448,1.7
9.751931,1514,1448,2415.4
9.751933,1514,1448,1.4
9.754347,1514,1448,2414.0
9.754348,1514,1448,1.4
9.756766,1514,1448,2417.3
9.756767,1514,1448,1.2
9.759186,1514,1448,2419.2
9.759188,1514,1448,1.7
9.761615,1514,1448,2426.9
9.761616,1514,1448,1.7
9.764033,1514,1448,2416.8
9.764035,1514,1448,1.4
9.766455,1514,1448,2420.7
9.766457,1514,1448,1.4
9.768879,1514,1448,2422.1
9.768880,1514,1448,1.4
9.771302,1514,1448,2422.1
9.771304,1514,1448,1.7
9.773725,1514,1448,2421.4
9.773727,1514,1448,1.7
9.776146,1514,1448,2419.5
9.776148,1514,1448,1.2
9.778569,1514,1448,2421.6
9.778572,1514,1448,2.4
9.778576,1514,1448,4.3
9.781018,1514,1448,2441.6
9.781019,1514,1448,1.4
9.783443,1514,1448,2424.5
9.783445,1514,1448,1.9
9.785858,1514,1448,2412.6
9.785860,1514,1448,1.7
9.788284,1514,1448,2424.2
9.788285,1514,1448,1.2
9.790704,1514,1448,2419.2
9.790706,1514,1448,1.4
9.793127,1514,1448,2421.6
9.793129,1514,1448,1.4
9.795545,1514,1448,2416.4
9.795547,1514,1448,1.4
9.796752,1514,1448,1205.7
9.799186,1514,1448,2434.0
9.799188,1514,1448,1.4
9.801602,1514,1448,2414.5
9.801604,1514,1448,1.4
9.804030,1514,1448,2426.1
9.804031,1514,1448,1.7
9.806449,1514,1448,2418.0
9.806451,1514,1448,1.7
9.808873,1514,1448,2421.6
9.808874,1514,1448,1.7
9.811291,1514,1448,2416.6
9.811292,1514,1448,1.4
9.813713,1514,1448,2420.7
9.813715,1514,1448,1.7
9.816137,1514,1448,2422.1
9.816139,1514,1448,1.7
9.818562,1514,1448,2423.0
9.818563,1514,1448,1.7
9.820987,1514,1448,2424.2
9.820989,1514,1448,1.7
9.823407,1514,1448,2418.0
9.823409,1514,1448,1.9
9.825839,1514,1448,2429.5
9.825841,1514,1448,2.4
9.828256,1514,1448,2414.9
9.828258,1514,1448,1.7
9.829464,1514,1448,1206.2
9.829465,1514,1448,1.4
9.831885,1514,1448,2419.5
9.831886,1514,1448,1.7
9.834327,1514,1448,2440.2
9.834328,1514,1448,1.9
9.836737,1514,1448,2408.5
9.836739,1514,1448,1.9
9.839154,1514,1448,2415.7
9.839156,1514,1448,1.9
9.841578,1514,1448,2421.4
9.841579,1514,1448,1.4
9.844000,1514,1448,2421.1
9.844002,1514,1448,1.7
9.846429,1514,1448,2427.3
9.846431,1514,1448,1.7
9.847633,1514,1448,1201.6
9.850054,1514,1448,2420.9
9.850055,1514,1448,1.7
9.852477,1514,1448,2422.1
9.852479,1514,1448,1.9
9.854893,1514,1448,2413.5
9.854894,1514,1448,1.4
9.857306,1514,1448,2412.1
9.857308,1514,1448,1.7
9.859724,1514,1448,2416.4
9.859726,1514,1448,1.7
9.862146,1514,1448,2420.2
9.862148,1514,1448,1.4
9.864568,1514,1448,2420.9
9.864570,1514,1448,1.4
9.866990,1514,1448,2420.4
9.866992,1514,1448,1.7
9.869416,1514,1448,2424.5
9.869418,1514,1448,1.9
9.871837,1514,1448,2418.5
9.871838,1514,1448,1.4
9.874255,1514,1448,2417.1
9.874257,1514,1448,1.4
9.876674,1514,1448,2417.6
9.876676,1514,1448,1.9
9.876680,1514,1448,3.3
9.879100,1514,1448,2420.2
9.879101,1514,1448,1.0
9.881520,1514,1448,2418.8
9.881521,1514,1448,1.2
9.883943,1514,1448,2422.1
9.883944,1514,1448,1.4
9.886366,1514,1448,2422.1
9.886368,1514,1448,1.2
9.888792,1514,1448,2424.5
9.888794,1514,1448,1.7
9.891216,1514,1448,2421.9
9.891217,1514,1448,1.2
9.893634,1514,1448,2417.1
9.893636,1514,1448,1.7
9.896058,1514,1448,2422.1
9.896059,1514,1448,1.2
9.898535,1514,1448,2476.0
9.898536,1514,1448,1.2
9.899691,1514,1448,1154.7
9.902108,1514,1448,2417.6
9.902109,1514,1448,1.0
9.904531,1514,1448,2422.3
9.904533,1514,1448,1.4
9.906962,1514,1448,2428.8
9.906964,1514,1448,1.9
9.909379,1514,1448,2415.7
9.909381,1514,1448,1.4
9.911812,1514,1448,2430.9
9.911813,1514,1448,1.7
9.914220,1514,1448,2406.8
9.914222,1514,1448,1.7
9.916645,1514,1448,2422.8
9.916646,1514,1448,1.2
9.919061,1514,1448,2415.2
9.919062,1514,1448,1.2
9.921495,1514,1448,2433.1
9.921496,1514,1448,1.2
9.923907,1514,1448,2410.9
9.923908,1514,1448,1.2
9.926345,1514,1448,2436.4
9.926347,1514,1448,1.7
9.928761,1514,1448,2414.0
9.928762,1514,1448,1.4
9.929974,1514,1448,1211.6
9.929975,1514,1448,1.4
9.932384,1514,1448,2409.2
9.932385,1514,1448,1.2
9.934806,1514,1448,2420.2
9.934807,1514,1448,1.2
9.937228,1514,1448,2420.9
9.937229,1514,1448,1.4
9.939649,1514,1448,2419.5
9.939650,1514,1448,1.4
9.942072,1514,1448,2422.1
9.942073,1514,1448,1.2
9.944496,1514,1448,2422.8
9.944498,1514,1448,1.7
9.946918,1514,1448,2420.2
9.946919,1514,1448,1.4
9.949341,1514,1448,2421.6
9.949342,1514,1448,1.4
9.951766,1514,1448,2424.0
9.951768,1514,1448,1.7
9.952972,1514,1448,1204.0
9.955397,1514,1448,2424.5
9.955398,1514,1448,1.7
9.957820,1514,1448,2421.9
9.957822,1514,1448,1.4
9.960242,1514,1448,2420.4
9.960243,1514,1448,1.4
9.962681,1514,1448,2437.1
9.962682,1514,1448,1.4
9.965092,1514,1448,2410.2
9.965094,1514,1448,1.4
9.967528,1514,1448,2434.7
9.967530,1514,1448,1.4
9.969938,1514,1448,2407.8
9.969939,1514,1448,1.2
9.972358,1514,1448,2419.0
9.972359,1514,1448,1.4
9.974789,1514,1448,2429.7
9.974791,1514,1448,2.4
9.977217,1514,1448,2425.4
9.977219,1514,1448,2.1
9.979644,1514,1448,2425.4
9.979647,1514,1448,3.1
9.979651,1514,1448,4.1
9.982108,1514,1448,2456.4
9.982112,1514,1448,4.3
9.984500,1514,1448,2388.0
9.984503,1514,1448,2.6
9.986925,1514,1448,2422.3
9.986927,1514,1448,1.7
9.989364,1514,1448,2437.1
9.989367,1514,1448,3.1
9.991835,1514,1448,2467.6
9.991848,1514,1448,13.4
9.994175,1514,1448,2327.2
9.994177,1514,1448,2.1
9.996592,1514,1448,2414.7
9.996594,1514,1448,1.7
9.999049,1514,1448,2455.7
9.999052,1514,1448,2.1
10.001454,1514,1448,2402.5
10.001456,1514,1448,1.9
10.003899,1514,1448,2442.6
10.003900,1514,1448,1.7
10.006301,1514,1448,2400.4
10.006302,1514,1448,1.4
10.007491,1514,1448,1189.0
10.009943,1514,1448,2452.4
10.009945,1514,1448,1.4
10.012389,1514,1448,2444.3
10.012391,1514,1448,1.4
10.014755,1514,1448,2363.9
10.014756,1514,1448,1.9
10.017174,1514,1448,2417.3
10.017175,1514,1448,1.4
10.019596,1514,1448,2420.4
10.019597,1514,1448,1.2
10.022029,1514,1448,2432.1
10.022031,1514,1448,2.4
10.024441,1514,1448,2410.2
10.024443,1514,1448,1.4
10.026865,1514,1448,2421.6
10.026866,1514,1448,1.4
10.029285,1514,1448,2419.5
10.029287,1514,1448,1.9
10.031708,1514,1448,2420.2
10.031709,1514,1448,1.7
10.034129,1514,1448,2419.5
10.034130,1514,1448,1.2
10.035336,1514,1448,1206.2
10.035337,1514,1448,1.2
10.037761,1514,1448,2423.8
10.037763,1514,1448,1.7
10.040196,1514,1448,2433.3
10.040198,1514,1448,2.4
10.042613,1514,1448,2414.2
10.042614,1514,1448,1.7
10.045039,1514,1448,2425.0
10.045041,1514,1448,1.9
10.047455,1514,1448,2414.0
10.047458,1514,1448,3.1
10.049870,1514,1448,2412.1
10.049871,1514,1448,1.2
10.052292,1514,1448,2420.4
10.052293,1514,1448,1.4
10.054711,1514,1448,2417.3
10.054712,1514,1448,1.4
10.057138,1514,1448,2426.1
10.057139,1514,1448,1.2
10.059566,1514,1448,2427.1
10.059568,1514,1448,1.2
10.061986,1514,1448,2418.5
10.061988,1514,1448,1.4
10.063226,1514,1448,1237.9
10.065619,1514,1448,2394.0
10.065621,1514,1448,1.2
10.068037,1514,1448,2416.6
10.068039,1514,1448,1.7
10.070460,1514,1448,2420.9
10.070461,1514,1448,1.4
10.072882,1514,1448,2420.4
10.072883,1514,1448,1.4
10.075303,1514,1448,2419.5
10.075304,1514,1448,1.2
10.077731,1514,1448,2427.3
10.077733,1514,1448,1.4
10.080147,1514,1448,2414.5
10.080148,1514,1448,1.2
10.082569,1514,1448,2421.1
10.082571,1514,1448,1.4
10.084991,1514,1448,2420.2
10.084992,1514,1448,1.2
10.087415,1514,1448,2423.0
10.087417,1514,1448,2.1
10.087421,1514,1448,3.8
10.089842,1514,1448,2421.1
10.089843,1514,1448,1.0
10.092260,1514,1448,2416.6
10.092261,1514,1448,1.2
10.094681,1514,1448,2419.9
10.094682,1514,1448,1.4
10.097105,1514,1448,2422.3
10.097106,1514,1448,1.2
10.099524,1514,1448,2418.3
10.099525,1514,1448,1.2
10.101948,1514,1448,2423.0
10.101950,1514,1448,1.2
10.104370,1514,1448,2420.4
10.104371,1514,1448,1.2
10.106793,1514,1448,2422.1
10.106795,1514,1448,1.4
10.109218,1514,1448,2423.0
10.109219,1514,1448,1.2
10.111639,1514,1448,2419.5
10.111640,1514,1448,1.2
10.114060,1514,1448,2420.2
10.114061,1514,1448,1.2
10.116485,1514,1448,2424.2
10.116487,1514,1448,1.2
10.118904,1514,1448,2417.8
10.118906,1514,1448,1.2
10.120120,1514,1448,1214.5
10.122541,1514,1448,2420.7
10.122542,1514,1448,1.2
10.124965,1514,1448,2423.0
10.124966,1514,1448,1.4
10.127388,1514,1448,2421.4
10.127389,1514,1448,1.2
10.129811,1514,1448,2422.1
10.129812,1514,1448,1.4
10.132230,1514,1448,2417.6
10.132231,1514,1448,1.4
10.134650,1514,1448,2418.5
10.134651,1514,1448,1.2
10.137089,1514,1448,2437.6
10.137090,1514,1448,1.7
10.139513,1514,1448,2422.3
10.139515,1514,1448,1.9
10.141919,1514,1448,2404.7
10.141921,1514,1448,1.4
10.144347,1514,1448,2425.9
10.144348,1514,1448,1.2
10.145553,1514,1448,1205.2
10.145554,1514,1448,1.2
10.147976,1514,1448,2421.9
10.147978,1514,1448,1.4
10.150401,1514,1448,2423.3
10.150402,1514,1448,1.2
10.152825,1514,1448,2423.3
10.152827,1514,1448,1.4
10.155257,1514,1448,2429.7
10.155258,1514,1448,1.7
10.157672,1514,1448,2414.0
10.157673,1514,1448,1.2
10.160087,1514,1448,2413.5
10.160088,1514,1448,1.2
10.162509,1514,1448,2421.4
10.162511,1514,1448,1.2
10.164953,1514,1448,2441.9
10.164954,1514,1448,1.2
10.167354,1514,1448,2400.2
10.167355,1514,1448,1.2
10.169776,1514,1448,2421.4
10.169778,1514,1448,1.2
10.172203,1514,1448,2425.2
10.172204,1514,1448,1.2
10.174628,1514,1448,2424.5
10.174630,1514,1448,1.7
10.177175,1514,1448,2544.6
10.177176,1514,1448,1.4
10.178254,1514,1448,1078.1
10.180677,1514,1448,2422.3
10.180678,1514,1448,1.2
10.183100,1514,1448,2422.3
10.183101,1514,1448,1.2
10.185522,1514,1448,2420.9
10.185524,1514,1448,1.2
10.187944,1514,1448,2420.2
10.187945,1514,1448,1.2
10.190366,1514,1448,2421.1
10.190367,1514,1448,1.2
10.192789,1514,1448,2421.6
10.192790,1514,1448,1.2
10.195219,1514,1448,2429.0
10.195220,1514,1448,1.4
10.197638,1514,1448,2417.3
10.197639,1514,1448,1.7
10.200058,1514,1448,2418.5
10.200060,1514,1448,1.9
10.200063,1514,1448,3.6
10.202487,1514,1448,2423.8
10.202488,1514,1448,1.2
10.205105,1514,1448,2616.9
10.205107,1514,1448,1.4
10.207324,1514,1448,2216.8
10.207325,1514,1448,1.4
10.209745,1514,1448,2419.7
10.209746,1514,1448,1.2
10.212190,1514,1448,2444.0
10.212191,1514,1448,1.2
10.214612,1514,1448,2420.4
10.214612,1514,1448,1.0
10.217055,1514,1448,2442.4
10.217057,1514,1448,1.7
10.219461,1514,1448,2404.7
10.219463,1514,1448,1.7
10.221879,1514,1448,2416.4
10.221880,1514,1448,1.2
10.224300,1514,1448,2419.5
10.224301,1514,1448,1.2
10.226723,1514,1448,2421.6
10.226724,1514,1448,1.2
10.229145,1514,1448,2421.4
10.229147,1514,1448,1.4
10.231569,1514,1448,2422.1
10.231570,1514,1448,1.0
10.233990,1514,1448,2420.2
10.233991,1514,1448,1.2
10.236416,1514,1448,2424.7
10.236417,1514,1448,1.2
10.237632,1514,1448,1214.7
10.240052,1514,1448,2419.7
10.240053,1514,1448,1.7
10.242453,1514,1448,2400.2
10.242455,1514,1448,1.2
10.244891,1514,1448,2436.9
10.244893,1514,1448,1.2
10.247313,1514,1448,2419.9
10.247314,1514,1448,1.2
10.249748,1514,1448,2434.3
10.249749,1514,1448,1.2
10.252157,1514,1448,2407.6
10.252158,1514,1448,1.2
10.254580,1514,1448,2422.3
10.254581,1514,1448,1.2
10.257003,1514,1448,2421.6
10.257004,1514,1448,1.2
10.259437,1514,1448,2432.6
10.259439,1514,1448,2.4
10.259443,1514,1448,3.8
10.260639,1514,1448,1195.9
10.263059,1514,1448,2420.4
10.263061,1514,1448,1.2
10.265486,1514,1448,2425.9
10.265488,1514,1448,1.4
10.267904,1514,1448,2416.1
10.267905,1514,1448,1.2
10.270326,1514,1448,2420.7
10.270327,1514,1448,1.2
10.272749,1514,1448,2421.9
10.272750,1514,1448,1.2
10.275251,1514,1448,2501.0
10.275252,1514,1448,1.2
10.277653,1514,1448,2400.4
10.277654,1514,1448,1.2
10.280002,1514,1448,2347.9
10.280003,1514,1448,1.2
10.282449,1514,1448,2445.5
10.282451,1514,1448,2.1
10.284894,1514,1448,2443.8
10.284896,1514,1448,1.2
10.287356,1514,1448,2460.0
10.287357,1514,1448,1.2
10.289690,1514,1448,2333.2
10.289691,1514,1448,1.2
10.292127,1514,1448,2435.9
10.292128,1514,1448,1.2
10.294561,1514,1448,2433.1
10.294563,1514,1448,1.2
10.296954,1514,1448,2391.6
10.296955,1514,1448,1.2
10.298260,1514,1448,1305.1
10.300663,1514,1448,2402.5
10.300664,1514,1448,1.2
10.303074,1514,1448,2409.7
10.303077,1514,1448,2.6
10.305474,1514,1448,2397.5
10.305476,1514,1448,2.4
10.307965,1514,1448,2488.9
10.307966,1514,1448,1.2
10.310366,1514,1448,2399.9
10.310368,1514,1448,1.4
10.312768,1514,1448,2399.7
10.312769,1514,1448,1.2
10.315170,1514,1448,2401.1
10.315171,1514,1448,1.2
10.317587,1514,1448,2416.1
10.317588,1514,1448,1.2
10.320070,1514,1448,2481.9
10.320072,1514,1448,1.7
10.320075,1514,1448,3.3
10.322412,1514,1448,2336.3
10.322413,1514,1448,1.2
10.324880,1514,1448,2467.6
10.324882,1514,1448,1.7
10.327275,1514,1448,2393.0
10.327276,1514,1448,1.4
10.329676,1514,1448,2399.2
10.329677,1514,1448,1.2
10.332097,1514,1448,2420.4
10.332098,1514,1448,1.0
10.334502,1514,1448,2404.0
10.334504,1514,1448,1.4
10.336942,1514,1448,2438.5
10.336944,1514,1448,1.4
10.339364,1514,1448,2420.4
10.339365,1514,1448,1.4
10.341788,1514,1448,2422.1
10.341789,1514,1448,1.2
10.344211,1514,1448,2422.1
10.344212,1514,1448,1.2
10.346638,1514,1448,2425.7
10.346639,1514,1448,1.7
10.349055,1514,1448,2415.7
10.349056,1514,1448,1.2
10.351485,1514,1448,2428.8
10.351486,1514,1448,1.2
10.353899,1514,1448,2413.0
10.353900,1514,1448,1.2
10.356321,1514,1448,2420.9
10.356323,1514,1448,1.2
10.358744,1514,1448,2421.6
10.358745,1514,1448,1.2
10.359954,1514,1448,1208.8
10.362376,1514,1448,2422.1
10.362377,1514,1448,1.2
10.364803,1514,1448,2425.9
10.364805,1514,1448,1.2
10.367225,1514,1448,2420.2
10.367226,1514,1448,1.7
10.369645,1514,1448,2418.3
10.369646,1514,1448,1.2
10.372068,1514,1448,2422.6
10.372070,1514,1448,1.4
10.374492,1514,1448,2422.3
10.374493,1514,1448,1.2
10.376911,1514,1448,2417.6
10.376912,1514,1448,1.2
10.379334,1514,1448,2422.1
10.379335,1514,1448,1.2
10.381757,1514,1448,2421.1
10.381758,1514,1448,1.2
10.382968,1514,1448,1210.2
10.382969,1514,1448,1.2
10.385389,1514,1448,2419.9
10.385391,1514,1448,1.4
10.387821,1514,1448,2430.7
10.387823,1514,1448,1.4
10.390239,1514,1448,2416.4
10.390241,1514,1448,1.7
