t_s,frame_bytes,payload_bytes,gap_us
0.000000,1514,1448,
0.000004,1514,1448,3.8
0.000013,1514,1448,9.1
0.000014,1514,1448,1.2
0.000019,1514,1448,4.5
0.000020,1514,1448,1.2
0.000024,1514,1448,4.1
0.000025,1514,1448,1.2
0.000030,1514,1448,4.8
0.000031,1514,1448,1.0
0.042580,1514,1448,42548.9
0.042583,1514,1448,3.8
0.047086,1514,1448,4503.0
0.047097,1514,1448,11.0
0.050757,1514,1448,3659.5
0.050762,1514,1448,5.0
0.055375,1514,1448,4612.7
0.055379,1514,1448,4.1
0.060038,1514,1448,4659.2
0.060050,1514,1448,11.7
0.065037,1514,1448,4987.0
0.065046,1514,1448,9.8
0.069275,1514,1448,4228.4
0.069285,1514,1448,10.0
0.073924,1514,1448,4639.4
0.073936,1514,1448,12.2
0.078551,1514,1448,4614.8
0.078561,1514,1448,9.5
0.083296,1514,1448,4735.0
0.083325,1514,1448,29.8
0.087826,1514,1448,4500.9
0.087837,1514,1448,10.7
0.092439,1514,1448,4602.4
0.092443,1514,1448,3.1
0.097092,1514,1448,4649.9
0.097097,1514,1448,4.3
0.101722,1514,1448,4624.8
0.101725,1514,1448,3.3
0.106360,1514,1448,4634.9
0.106363,1514,1448,3.3
0.111001,1514,1448,4638.0
0.111004,1514,1448,3.3
0.115732,1514,1448,4727.4
0.115744,1514,1448,11.9
0.120249,1514,1448,4505.2
0.120257,1514,1448,8.1
0.125525,1514,1448,5268.6
0.125537,1514,1448,11.7
0.129559,1514,1448,4021.4
0.129570,1514,1448,11.0
0.134161,1514,1448,4591.2
0.134165,1514,1448,4.3
0.138790,1514,1448,4624.8
0.138793,1514,1448,3.3
0.143409,1514,1448,4615.8
0.143413,1514,1448,3.8
0.148058,1514,1448,4644.9
0.148060,1514,1448,2.6
0.152670,1514,1448,4609.8
0.152678,1514,1448,7.9
0.157339,1514,1448,4660.8
0.157349,1514,1448,10.0
0.162554,1514,1448,5205.4
0.162567,1514,1448,12.6
0.166611,1514,1448,4044.3
0.166619,1514,1448,8.1
0.171590,1514,1448,4971.0
0.171602,1514,1448,12.2
0.175876,1514,1448,4273.2
0.175887,1514,1448,11.7
0.180998,1514,1448,5110.5
0.181010,1514,1448,12.2
0.185782,1514,1448,4772.2
0.185791,1514,1448,8.8
0.189740,1514,1448,3948.9
0.189749,1514,1448,8.6
0.194688,1514,1448,4939.3
0.194696,1514,1448,8.1
0.199056,1514,1448,4360.2
0.199067,1514,1448,11.2
0.203676,1514,1448,4608.6
0.203687,1514,1448,11.2
0.208291,1514,1448,4603.6
0.208300,1514,1448,9.5
0.212987,1514,1448,4686.4
0.212995,1514,1448,7.9
0.218006,1514,1448,5011.6
0.218014,1514,1448,7.6
0.222831,1514,1448,4817.0
0.222843,1514,1448,11.9
0.226821,1514,1448,3978.5
0.226830,1514,1448,8.8
0.231456,1514,1448,4625.8
0.231464,1514,1448,8.1
0.236186,1514,1448,4722.1
0.236213,1514,1448,27.2
0.240725,1514,1448,4511.8
0.240734,1514,1448,8.6
0.245344,1514,1448,4610.3
0.245347,1514,1448,3.3
0.250035,1514,1448,4687.3
0.250038,1514,1448,3.3
0.254615,1514,1448,4577.2
0.254619,1514,1448,3.8
0.259247,1514,1448,4627.7
0.259250,1514,1448,3.3
0.263866,1514,1448,4616.3
0.263869,1514,1448,3.1
0.268525,1514,1448,4655.8
0.268528,1514,1448,3.3
0.273131,1514,1448,4602.4
0.273133,1514,1448,2.4
0.277762,1514,1448,4628.4
0.277763,1514,1448,1.4
0.282395,1514,1448,4631.5
0.282396,1514,1448,1.2
0.287028,1514,1448,4632.5
0.287030,1514,1448,1.4
0.291661,1514,1448,4631.5
0.291662,1514,1448,1.2
0.296295,1514,1448,4632.9
0.296297,1514,1448,1.4
0.300929,1514,1448,4631.8
0.300930,1514,1448,1.2
0.305562,1514,1448,4632.7
0.305564,1514,1448,1.2
0.310196,1514,1448,4632.2
0.310197,1514,1448,1.2
0.314829,1514,1448,4632.2
0.314831,1514,1448,1.4
0.319463,1514,1448,4632.2
0.319465,1514,1448,1.7
0.324097,1514,1448,4632.2
0.324098,1514,1448,1.2
0.328730,1514,1448,4631.8
0.328731,1514,1448,1.2
0.333364,1514,1448,4632.9
0.333365,1514,1448,1.4
0.337997,1514,1448,4632.0
0.337999,1514,1448,1.4
0.342631,1514,1448,4632.2
0.342632,1514,1448,1.2
0.347264,1514,1448,4632.0
0.347265,1514,1448,1.2
0.351898,1514,1448,4632.5
0.351899,1514,1448,1.2
0.356532,1514,1448,4632.7
0.356533,1514,1448,1.2
0.361166,1514,1448,4632.9
0.361167,1514,1448,1.4
0.365799,1514,1448,4632.0
0.365801,1514,1448,1.4
0.370438,1514,1448,4637.2
0.370440,1514,1448,1.7
0.375067,1514,1448,4626.8
0.375069,1514,1448,2.6
0.379700,1514,1448,4630.6
0.379701,1514,1448,1.4
0.384334,1514,1448,4632.9
0.384336,1514,1448,1.4
0.388967,1514,1448,4631.3
0.388968,1514,1448,1.2
0.393600,1514,1448,4632.5
0.393602,1514,1448,1.2
0.398234,1514,1448,4632.7
0.398236,1514,1448,1.2
0.402867,1514,1448,4631.8
0.402869,1514,1448,1.2
0.407501,1514,1448,4632.9
0.407503,1514,1448,1.4
0.412135,1514,1448,4632.0
0.412136,1514,1448,1.2
0.416772,1514,1448,4636.3
0.416775,1514,1448,2.4
0.421404,1514,1448,4629.1
0.421406,1514,1448,1.7
0.426041,1514,1448,4635.6
0.426044,1514,1448,2.6
0.430670,1514,1448,4625.8
0.430671,1514,1448,1.2
0.435304,1514,1448,4632.9
0.435305,1514,1448,1.7
0.439937,1514,1448,4631.3
0.439938,1514,1448,1.2
0.444570,1514,1448,4632.5
0.444571,1514,1448,1.2
0.449207,1514,1448,4635.6
0.449210,1514,1448,2.6
0.453838,1514,1448,4628.2
0.453839,1514,1448,1.4
0.458471,1514,1448,4631.5
0.458472,1514,1448,1.2
0.463104,1514,1448,4632.2
0.463105,1514,1448,1.2
0.467738,1514,1448,4632.9
0.467740,1514,1448,1.2
0.472372,1514,1448,4632.5
0.472373,1514,1448,1.2
0.477005,1514,1448,4632.0
0.477006,1514,1448,1.2
0.481710,1514,1448,4703.5
0.481721,1514,1448,11.2
0.486344,1514,1448,4622.9
0.486356,1514,1448,11.9
0.490952,1514,1448,4595.8
0.490960,1514,1448,7.9
0.495577,1514,1448,4617.7
0.495581,1514,1448,3.3
0.500210,1514,1448,4629.6
0.500214,1514,1448,3.3
0.504879,1514,1448,4664.9
0.504890,1514,1448,11.4
0.509494,1514,1448,4604.1
0.509505,1514,1448,10.5
0.514164,1514,1448,4659.4
0.514167,1514,1448,3.3
0.518766,1514,1448,4598.6
0.518769,1514,1448,3.3
0.523347,1514,1448,4577.9
0.523350,1514,1448,3.3
0.528025,1514,1448,4674.4
0.528033,1514,1448,8.1
0.532678,1514,1448,4645.3
0.532690,1514,1448,11.2
0.537753,1514,1448,5063.1
0.537765,1514,1448,12.2
0.541971,1514,1448,4205.9
0.541979,1514,1448,8.6
0.546603,1514,1448,4624.1
0.546615,1514,1448,11.4
0.551209,1514,1448,4594.3
0.551218,1514,1448,8.3
0.555799,1514,1448,4581.0
0.555802,1514,1448,3.3
0.560432,1514,1448,4629.9
0.560435,1514,1448,3.3
0.565065,1514,1448,4630.1
0.565068,1514,1448,3.3
0.569699,1514,1448,4630.8
0.569703,1514,1448,3.3
0.574388,1514,1448,4685.2
0.574391,1514,1448,3.6
0.579010,1514,1448,4618.9
0.579014,1514,1448,3.6
0.583612,1514,1448,4598.1
0.583615,1514,1448,3.3
0.588233,1514,1448,4617.5
0.588236,1514,1448,3.1
0.592866,1514,1448,4630.6
0.592870,1514,1448,3.6
0.597500,1514,1448,4629.6
0.597503,1514,1448,3.3
0.602117,1514,1448,4613.9
0.602120,1514,1448,2.9
0.606750,1514,1448,4630.3
0.606753,1514,1448,2.9
0.611382,1514,1448,4628.7
0.611383,1514,1448,1.9
0.616014,1514,1448,4630.3
0.616015,1514,1448,1.2
0.620649,1514,1448,4634.1
0.620651,1514,1448,2.1
0.625286,1514,1448,4634.4
0.625287,1514,1448,1.2
0.629914,1514,1448,4627.0
0.629915,1514,1448,1.2
0.634548,1514,1448,4632.9
0.634549,1514,1448,1.2
0.639182,1514,1448,4632.7
0.639183,1514,1448,1.4
0.643816,1514,1448,4632.7
0.643818,1514,1448,1.7
0.648449,1514,1448,4631.0
0.648450,1514,1448,1.4
0.653082,1514,1448,4632.0
0.653084,1514,1448,1.4
0.657716,1514,1448,4632.5
0.657717,1514,1448,1.2
0.662355,1514,1448,4638.2
0.662359,1514,1448,4.1
0.667017,1514,1448,4658.0
0.667033,1514,1448,15.5
0.671626,1514,1448,4593.1
0.671630,1514,1448,4.1
0.676296,1514,1448,4665.6
0.676307,1514,1448,11.7
0.680891,1514,1448,4583.6
0.680897,1514,1448,5.5
0.685528,1514,1448,4631.3
0.685534,1514,1448,5.7
0.690152,1514,1448,4618.4
0.690153,1514,1448,1.4
0.694786,1514,1448,4632.2
0.694787,1514,1448,1.7
0.699418,1514,1448,4630.8
0.699420,1514,1448,1.7
0.704052,1514,1448,4632.2
0.704053,1514,1448,1.4
0.708687,1514,1448,4633.7
0.708688,1514,1448,1.4
0.713319,1514,1448,4630.8
0.713320,1514,1448,1.2
0.717953,1514,1448,4632.2
0.717954,1514,1448,1.2
0.722586,1514,1448,4632.5
0.722588,1514,1448,1.4
0.727220,1514,1448,4632.2
0.727221,1514,1448,1.4
0.731855,1514,1448,4633.2
0.731856,1514,1448,1.7
0.736487,1514,1448,4630.6
0.736488,1514,1448,1.4
0.741121,1514,1448,4632.5
0.741122,1514,1448,1.4
0.745754,1514,1448,4632.2
0.745756,1514,1448,1.4
0.750388,1514,1448,4632.2
0.750390,1514,1448,1.4
0.755022,1514,1448,4632.2
0.755023,1514,1448,1.4
0.759660,1514,1448,4636.3
0.759663,1514,1448,3.3
0.764289,1514,1448,4626.0
0.764290,1514,1448,1.4
0.768922,1514,1448,4631.8
0.768923,1514,1448,1.2
0.773556,1514,1448,4632.9
0.773558,1514,1448,1.4
0.778190,1514,1448,4632.0
0.778191,1514,1448,1.4
0.782823,1514,1448,4632.2
0.782825,1514,1448,1.4
0.787456,1514,1448,4631.5
0.787457,1514,1448,1.2
0.792090,1514,1448,4632.9
0.792092,1514,1448,1.2
0.796724,1514,1448,4632.0
0.796725,1514,1448,1.4
0.801358,1514,1448,4633.2
0.801360,1514,1448,1.4
0.805991,1514,1448,4631.5
0.805992,1514,1448,1.2
0.810624,1514,1448,4632.0
0.810626,1514,1448,1.2
0.815259,1514,1448,4633.4
0.815260,1514,1448,1.4
0.819892,1514,1448,4631.5
0.819893,1514,1448,1.2
0.824530,1514,1448,4636.5
0.824533,1514,1448,3.1
0.829161,1514,1448,4627.9
0.829162,1514,1448,1.4
0.833793,1514,1448,4631.0
0.833795,1514,1448,1.4
0.838427,1514,1448,4632.0
0.838428,1514,1448,1.4
0.843060,1514,1448,4631.8
0.843061,1514,1448,1.2
0.847693,1514,1448,4632.5
0.847695,1514,1448,1.2
0.852327,1514,1448,4632.7
0.852329,1514,1448,1.4
0.856973,1514,1448,4644.4
0.856980,1514,1448,7.2
0.861596,1514,1448,4615.5
0.861598,1514,1448,1.7
0.866228,1514,1448,4630.6
0.866230,1514,1448,1.4
0.870863,1514,1448,4633.2
0.870864,1514,1448,1.4
0.875495,1514,1448,4631.0
0.875496,1514,1448,1.2
0.880151,1514,1448,4654.9
0.880155,1514,1448,4.1
0.884833,1514,1448,4677.8
0.884836,1514,1448,3.3
0.889417,1514,1448,4580.7
0.889421,1514,1448,3.3
0.894051,1514,1448,4630.1
0.894054,1514,1448,3.3
0.898685,1514,1448,4631.0
0.898688,1514,1448,3.1
0.903310,1514,1448,4622.0
0.903314,1514,1448,3.6
0.907994,1514,1448,4680.6
0.907998,1514,1448,3.3
0.912644,1514,1448,4646.3
0.912647,1514,1448,3.3
0.917198,1514,1448,4551.2
0.917200,1514,1448,1.4
0.921834,1514,1448,4633.9
0.921836,1514,1448,2.1
0.926467,1514,1448,4631.0
0.926469,1514,1448,2.1
0.931098,1514,1448,4629.1
0.931100,1514,1448,1.4
0.935732,1514,1448,4632.2
0.935733,1514,1448,1.4
0.940365,1514,1448,4631.8
0.940367,1514,1448,1.7
0.945004,1514,1448,4636.8
0.945006,1514,1448,2.6
0.949633,1514,1448,4626.8
0.949635,1514,1448,1.7
0.954267,1514,1448,4632.5
0.954268,1514,1448,1.4
0.958900,1514,1448,4631.8
0.958901,1514,1448,1.2
0.963534,1514,1448,4632.7
0.963535,1514,1448,1.2
0.968170,1514,1448,4634.9
0.968172,1514,1448,2.1
0.972800,1514,1448,4628.2
0.972802,1514,1448,1.2
0.977435,1514,1448,4632.9
0.977436,1514,1448,1.2
0.982068,1514,1448,4631.8
0.982069,1514,1448,1.4
0.986705,1514,1448,4635.8
0.986707,1514,1448,2.4
0.991337,1514,1448,4629.4
0.991338,1514,1448,1.9
0.995969,1514,1448,4630.8
0.995971,1514,1448,1.4
1.000603,1514,1448,4632.2
1.000604,1514,1448,1.2
1.005237,1514,1448,4632.7
1.005238,1514,1448,1.4
1.009872,1514,1448,4634.1
1.009875,1514,1448,2.6
1.014504,1514,1448,4629.4
1.014506,1514,1448,1.4
1.019137,1514,1448,4630.8
1.019138,1514,1448,1.2
1.023771,1514,1448,4633.4
1.023773,1514,1448,1.4
1.028404,1514,1448,4630.8
1.028405,1514,1448,1.2
1.033039,1514,1448,4634.6
1.033041,1514,1448,1.9
1.037672,1514,1448,4630.3
1.037673,1514,1448,1.2
1.042305,1514,1448,4632.0
1.042306,1514,1448,1.4
1.046938,1514,1448,4632.2
1.046940,1514,1448,1.4
1.051576,1514,1448,4635.8
1.051579,1514,1448,2.9
1.056206,1514,1448,4627.5
1.056208,1514,1448,1.7
1.060841,1514,1448,4632.9
1.060842,1514,1448,1.7
1.065473,1514,1448,4630.6
1.065474,1514,1448,1.4
1.070106,1514,1448,4632.0
1.070107,1514,1448,1.2
1.074751,1514,1448,4643.9
1.074754,1514,1448,2.4
1.079374,1514,1448,4619.8
1.079375,1514,1448,1.2
1.084007,1514,1448,4632.5
1.084009,1514,1448,1.4
1.088641,1514,1448,4632.0
1.088642,1514,1448,1.2
1.093282,1514,1448,4639.9
1.093284,1514,1448,2.6
1.097909,1514,1448,4624.4
1.097910,1514,1448,1.7
1.102543,1514,1448,4632.7
1.102545,1514,1448,1.9
1.107176,1514,1448,4630.6
1.107177,1514,1448,1.4
1.111809,1514,1448,4632.0
1.111810,1514,1448,1.2
1.116448,1514,1448,4637.5
1.116451,1514,1448,2.9
1.121076,1514,1448,4625.6
1.121078,1514,1448,1.4
1.125710,1514,1448,4632.9
1.125712,1514,1448,1.4
1.130343,1514,1448,4631.0
1.130344,1514,1448,1.4
1.134978,1514,1448,4633.4
1.134979,1514,1448,1.7
1.139612,1514,1448,4632.7
1.139614,1514,1448,1.9
1.144244,1514,1448,4629.6
1.144245,1514,1448,1.2
1.148878,1514,1448,4632.9
1.148879,1514,1448,1.2
1.153511,1514,1448,4631.5
1.153512,1514,1448,1.2
1.158149,1514,1448,4637.2
1.158151,1514,1448,2.4
1.162779,1514,1448,4627.2
1.162780,1514,1448,1.4
1.167412,1514,1448,4632.2
1.167414,1514,1448,1.7
1.172046,1514,1448,4632.5
1.172048,1514,1448,1.7
1.176679,1514,1448,4630.8
1.176680,1514,1448,1.2
1.181316,1514,1448,4635.6
1.181319,1514,1448,3.1
1.185947,1514,1448,4627.9
1.185948,1514,1448,1.4
1.190580,1514,1448,4631.5
1.190581,1514,1448,1.2
1.195214,1514,1448,4632.7
1.195215,1514,1448,1.4
1.199847,1514,1448,4632.0
1.199848,1514,1448,1.4
1.204481,1514,1448,4632.7
1.204482,1514,1448,1.2
1.209115,1514,1448,4632.5
1.209116,1514,1448,1.4
1.213748,1514,1448,4631.3
1.213749,1514,1448,1.2
1.218382,1514,1448,4632.9
1.218383,1514,1448,1.2
1.223018,1514,1448,4635.1
1.223020,1514,1448,2.1
1.227666,1514,1448,4646.1
1.227673,1514,1448,7.2
1.232291,1514,1448,4618.2
1.232294,1514,1448,2.6
1.236950,1514,1448,4656.3
1.236963,1514,1448,12.6
1.241550,1514,1448,4586.7
1.241551,1514,1448,1.4
1.246187,1514,1448,4636.0
1.246190,1514,1448,2.9
1.250817,1514,1448,4627.0
1.250819,1514,1448,1.7
1.255451,1514,1448,4632.2
1.255452,1514,1448,1.4
1.260085,1514,1448,4632.9
1.260087,1514,1448,1.9
1.264722,1514,1448,4634.4
1.264724,1514,1448,2.6
1.269354,1514,1448,4629.4
1.269356,1514,1448,2.4
1.273989,1514,1448,4633.2
1.273993,1514,1448,3.6
1.278620,1514,1448,4626.8
1.278621,1514,1448,1.7
1.283252,1514,1448,4631.3
1.283254,1514,1448,1.2
1.287890,1514,1448,4636.8
1.287894,1514,1448,3.3
1.292520,1514,1448,4625.8
1.292521,1514,1448,1.2
1.297153,1514,1448,4632.5
1.297155,1514,1448,1.4
1.301786,1514,1448,4631.8
1.301788,1514,1448,1.4
1.306421,1514,1448,4633.2
1.306423,1514,1448,1.7
1.311057,1514,1448,4633.9
1.311059,1514,1448,2.4
1.315688,1514,1448,4629.1
1.315690,1514,1448,1.4
1.320321,1514,1448,4631.0
1.320322,1514,1448,1.2
1.324955,1514,1448,4632.7
1.324956,1514,1448,1.4
1.329594,1514,1448,4638.2
1.329597,1514,1448,2.9
1.334235,1514,1448,4637.7
1.334238,1514,1448,3.3
1.338859,1514,1448,4620.8
1.338862,1514,1448,3.6
1.343492,1514,1448,4629.6
1.343495,1514,1448,3.1
1.348135,1514,1448,4640.1
1.348138,1514,1448,2.4
1.352761,1514,1448,4623.2
1.352765,1514,1448,4.1
1.357393,1514,1448,4628.2
1.357395,1514,1448,2.1
1.362026,1514,1448,4631.0
1.362029,1514,1448,2.6
1.366659,1514,1448,4629.9
1.366661,1514,1448,1.9
1.371297,1514,1448,4636.8
1.371301,1514,1448,3.3
1.375931,1514,1448,4630.6
1.375936,1514,1448,4.3
1.380563,1514,1448,4627.9
1.380567,1514,1448,3.3
1.385198,1514,1448,4630.8
1.385201,1514,1448,3.3
1.389828,1514,1448,4627.5
1.389832,1514,1448,3.3
1.394465,1514,1448,4633.4
1.394469,1514,1448,3.8
1.399096,1514,1448,4627.2
1.399099,1514,1448,3.1
1.403731,1514,1448,4631.3
1.403734,1514,1448,3.1
1.408366,1514,1448,4632.2
1.408369,1514,1448,3.3
1.412997,1514,1448,4627.5
1.413000,1514,1448,3.1
1.417641,1514,1448,4641.1
1.417647,1514,1448,6.4
1.422278,1514,1448,4631.0
1.422284,1514,1448,5.2
1.426905,1514,1448,4621.7
1.426910,1514,1448,5.0
1.431529,1514,1448,4618.6
1.431531,1514,1448,1.7
1.436164,1514,1448,4632.9
1.436166,1514,1448,2.1
1.440803,1514,1448,4636.8
1.440808,1514,1448,5.0
1.445432,1514,1448,4624.1
1.445434,1514,1448,2.1
1.450066,1514,1448,4632.2
1.450069,1514,1448,3.1
1.454701,1514,1448,4632.2
1.454705,1514,1448,3.3
1.459342,1514,1448,4637.2
1.459348,1514,1448,6.0
1.463971,1514,1448,4623.4
1.463977,1514,1448,5.2
1.468604,1514,1448,4627.7
1.468610,1514,1448,5.2
1.473240,1514,1448,4630.1
1.473244,1514,1448,4.3
1.477872,1514,1448,4628.2
1.477877,1514,1448,4.8
1.482506,1514,1448,4628.9
1.482511,1514,1448,5.0
1.487139,1514,1448,4628.7
1.487144,1514,1448,4.5
1.491771,1514,1448,4627.5
1.491776,1514,1448,4.3
1.496403,1514,1448,4627.7
1.496407,1514,1448,3.3
1.501036,1514,1448,4629.6
1.501040,1514,1448,3.1
1.505672,1514,1448,4632.0
1.505675,1514,1448,3.8
1.510306,1514,1448,4631.0
1.510311,1514,1448,5.0
1.514937,1514,1448,4625.8
1.514941,1514,1448,4.1
1.519571,1514,1448,4629.9
1.519574,1514,1448,3.1
1.524205,1514,1448,4631.0
1.524208,1514,1448,3.1
1.528841,1514,1448,4633.2
1.528846,1514,1448,4.5
1.533472,1514,1448,4626.3
1.533475,1514,1448,3.1
1.538105,1514,1448,4629.9
1.538109,1514,1448,3.8
1.542741,1514,1448,4632.0
1.542745,1514,1448,4.3
1.547375,1514,1448,4629.4
1.547379,1514,1448,4.3
1.552006,1514,1448,4627.5
1.552010,1514,1448,3.1
1.556635,1514,1448,4625.1
1.556636,1514,1448,1.4
1.561269,1514,1448,4632.7
1.561270,1514,1448,1.4
1.565904,1514,1448,4633.9
1.565907,1514,1448,2.4
1.570539,1514,1448,4632.2
1.570541,1514,1448,2.6
1.575169,1514,1448,4627.7
1.575171,1514,1448,1.4
1.579803,1514,1448,4632.0
1.579804,1514,1448,1.7
1.584447,1514,1448,4642.7
1.584448,1514,1448,1.4
1.589082,1514,1448,4633.4
1.589084,1514,1448,2.4
1.593707,1514,1448,4622.9
1.593710,1514,1448,2.9
1.598339,1514,1448,4628.7
1.598341,1514,1448,1.9
1.602974,1514,1448,4633.2
1.602976,1514,1448,2.1
1.607609,1514,1448,4632.7
1.607611,1514,1448,2.6
1.612243,1514,1448,4632.2
1.612249,1514,1448,5.2
1.616875,1514,1448,4626.0
1.616877,1514,1448,2.4
1.621510,1514,1448,4632.9
1.621513,1514,1448,3.1
1.626143,1514,1448,4629.4
1.626145,1514,1448,2.9
1.630784,1514,1448,4638.7
1.630791,1514,1448,7.2
1.635414,1514,1448,4622.7
1.635418,1514,1448,3.8
1.640043,1514,1448,4624.8
1.640045,1514,1448,2.1
1.644675,1514,1448,4630.1
1.644677,1514,1448,2.4
1.649310,1514,1448,4632.5
1.649311,1514,1448,1.7
1.653941,1514,1448,4629.9
1.653943,1514,1448,1.9
1.658578,1514,1448,4635.1
1.658581,1514,1448,3.1
1.663218,1514,1448,4637.2
1.663221,1514,1448,2.1
1.667847,1514,1448,4626.0
1.667850,1514,1448,3.8
1.672477,1514,1448,4626.3
1.672479,1514,1448,2.4
1.677109,1514,1448,4630.3
1.677111,1514,1448,1.4
1.681749,1514,1448,4637.7
1.681752,1514,1448,3.6
1.686395,1514,1448,4642.7
1.686399,1514,1448,4.5
1.691010,1514,1448,4610.3
1.691011,1514,1448,1.7
1.695643,1514,1448,4631.5
1.695645,1514,1448,1.7
1.700278,1514,1448,4633.7
1.700280,1514,1448,2.1
1.704910,1514,1448,4629.1
1.704911,1514,1448,1.4
1.709544,1514,1448,4633.4
1.709546,1514,1448,1.4
1.714177,1514,1448,4630.8
1.714178,1514,1448,1.2
1.718810,1514,1448,4632.2
1.718811,1514,1448,1.2
1.723445,1514,1448,4633.4
1.723446,1514,1448,1.4
1.728078,1514,1448,4631.5
1.728079,1514,1448,1.2
1.732712,1514,1448,4632.7
1.732713,1514,1448,1.4
1.737345,1514,1448,4631.5
1.737346,1514,1448,1.2
1.741979,1514,1448,4633.2
1.741981,1514,1448,1.7
1.746612,1514,1448,4631.5
1.746614,1514,1448,1.7
1.751246,1514,1448,4632.2
1.751248,1514,1448,1.7
1.755879,1514,1448,4631.0
1.755880,1514,1448,1.2
1.760517,1514,1448,4637.2
1.760520,1514,1448,3.3
1.765147,1514,1448,4627.0
1.765149,1514,1448,1.4
1.769779,1514,1448,4630.6
1.769781,1514,1448,1.2
1.774414,1514,1448,4633.2
1.774415,1514,1448,1.2
1.779048,1514,1448,4633.2
1.779049,1514,1448,1.2
1.783680,1514,1448,4631.0
1.783682,1514,1448,1.2
1.788315,1514,1448,4632.9
1.788316,1514,1448,1.7
1.792948,1514,1448,4631.5
1.792949,1514,1448,1.4
1.797582,1514,1448,4632.7
1.797584,1514,1448,1.9
1.802215,1514,1448,4631.3
1.802217,1514,1448,1.4
1.806849,1514,1448,4632.0
1.806850,1514,1448,1.4
1.811484,1514,1448,4634.4
1.811487,1514,1448,2.4
1.816116,1514,1448,4629.6
1.816118,1514,1448,1.2
1.820750,1514,1448,4632.2
1.820751,1514,1448,1.2
1.825383,1514,1448,4632.2
1.825384,1514,1448,1.2
1.830017,1514,1448,4632.2
1.830018,1514,1448,1.4
1.834650,1514,1448,4632.2
1.834651,1514,1448,1.2
1.839286,1514,1448,4634.1
1.839287,1514,1448,1.2
1.843917,1514,1448,4630.3
1.843919,1514,1448,1.4
1.848551,1514,1448,4632.5
1.848552,1514,1448,1.4
1.853185,1514,1448,4632.5
1.853186,1514,1448,1.4
1.857818,1514,1448,4632.0
1.857820,1514,1448,1.2
1.862461,1514,1448,4641.3
1.862467,1514,1448,6.2
1.867086,1514,1448,4619.4
1.867088,1514,1448,1.4
1.871721,1514,1448,4632.7
1.871722,1514,1448,1.7
1.876353,1514,1448,4630.6
1.876354,1514,1448,1.4
1.880987,1514,1448,4632.7
1.880988,1514,1448,1.4
1.885620,1514,1448,4631.5
1.885621,1514,1448,1.4
1.890254,1514,1448,4632.5
1.890255,1514,1448,1.2
1.894887,1514,1448,4632.5
1.894889,1514,1448,1.4
1.899521,1514,1448,4632.2
1.899522,1514,1448,1.2
1.904154,1514,1448,4631.8
1.904155,1514,1448,1.4
1.908788,1514,1448,4632.9
1.908790,1514,1448,1.4
1.913421,1514,1448,4631.0
1.913422,1514,1448,1.2
1.918055,1514,1448,4633.2
1.918057,1514,1448,1.7
1.922688,1514,1448,4631.5
1.922690,1514,1448,1.2
1.927322,1514,1448,4632.2
1.927323,1514,1448,1.2
1.931956,1514,1448,4632.9
1.931957,1514,1448,1.2
1.936590,1514,1448,4632.7
1.936591,1514,1448,1.4
1.941224,1514,1448,4632.5
1.941225,1514,1448,1.4
1.945857,1514,1448,4631.8
1.945859,1514,1448,1.7
1.950490,1514,1448,4630.8
1.950491,1514,1448,1.4
1.955123,1514,1448,4632.5
1.955125,1514,1448,1.4
1.959785,1514,1448,4660.6
1.959789,1514,1448,3.1
1.964440,1514,1448,4651.5
1.964453,1514,1448,13.1
1.969030,1514,1448,4576.7
1.969032,1514,1448,2.4
1.973713,1514,1448,4680.9
1.973735,1514,1448,21.5
1.978293,1514,1448,4558.1
1.978294,1514,1448,1.4
1.982928,1514,1448,4633.7
1.982930,1514,1448,2.4
1.987559,1514,1448,4628.9
1.987560,1514,1448,1.2
1.992193,1514,1448,4632.9
1.992194,1514,1448,1.2
1.996848,1514,1448,4653.7
1.996852,1514,1448,4.3
2.001467,1514,1448,4614.4
2.001470,1514,1448,3.3
2.006115,1514,1448,4644.6
2.006118,1514,1448,3.3
2.010729,1514,1448,4610.8
2.010730,1514,1448,1.4
2.015361,1514,1448,4630.6
2.015362,1514,1448,1.2
2.019994,1514,1448,4632.2
2.019996,1514,1448,1.4
2.024631,1514,1448,4635.3
2.024633,1514,1448,1.9
2.029262,1514,1448,4629.1
2.029263,1514,1448,1.2
2.033895,1514,1448,4631.3
2.033896,1514,1448,1.4
2.038529,1514,1448,4633.4
2.038531,1514,1448,1.4
2.043163,1514,1448,4631.8
2.043164,1514,1448,1.2
2.047796,1514,1448,4632.2
2.047798,1514,1448,1.7
2.052430,1514,1448,4632.2
2.052431,1514,1448,1.4
2.057101,1514,1448,4669.2
2.057104,1514,1448,3.3
2.061734,1514,1448,4630.6
2.061738,1514,1448,3.3
2.066365,1514,1448,4627.0
2.066374,1514,1448,9.5
2.071001,1514,1448,4626.8
2.071004,1514,1448,3.3
2.075636,1514,1448,4631.3
2.075639,1514,1448,3.3
2.080348,1514,1448,4709.2
2.080360,1514,1448,11.4
2.084927,1514,1448,4567.6
2.084936,1514,1448,8.6
2.089522,1514,1448,4585.7
2.089525,1514,1448,3.6
2.094169,1514,1448,4644.2
2.094173,1514,1448,3.6
2.098835,1514,1448,4662.3
2.098845,1514,1448,10.3
2.103452,1514,1448,4606.7
2.103464,1514,1448,11.4
2.108097,1514,1448,4632.9
2.108108,1514,1448,11.4
2.112736,1514,1448,4627.7
2.112739,1514,1448,3.6
2.117340,1514,1448,4600.5
2.117343,1514,1448,3.3
2.122019,1514,1448,4675.9
2.122030,1514,1448,11.2
2.126624,1514,1448,4594.1
2.126633,1514,1448,8.6
2.131829,1514,1448,5196.1
2.131841,1514,1448,11.7
2.135876,1514,1448,4035.2
2.135880,1514,1448,4.3
2.140548,1514,1448,4667.5
2.140570,1514,1448,22.2
2.145151,1514,1448,4580.7
2.145162,1514,1448,11.2
2.149871,1514,1448,4709.0
2.149882,1514,1448,11.0
2.154404,1514,1448,4521.8
2.154412,1514,1448,8.6
2.159074,1514,1448,4661.6
2.159085,1514,1448,11.4
2.163706,1514,1448,4620.8
2.163717,1514,1448,11.0
2.168343,1514,1448,4625.8
2.168354,1514,1448,11.4
2.172964,1514,1448,4609.6
2.172974,1514,1448,10.3
2.177568,1514,1448,4593.6
2.177576,1514,1448,8.3
2.182330,1514,1448,4753.6
2.182342,1514,1448,12.6
2.186903,1514,1448,4560.9
2.186911,1514,1448,8.1
2.191458,1514,1448,4547.1
2.191462,1514,1448,3.3
2.196119,1514,1448,4657.0
2.196130,1514,1448,11.2
2.200745,1514,1448,4614.6
2.200749,1514,1448,4.3
2.205383,1514,1448,4634.1
2.205395,1514,1448,11.4
2.210022,1514,1448,4627.2
2.210025,1514,1448,3.3
2.214661,1514,1448,4636.0
2.214664,1514,1448,3.1
2.219345,1514,1448,4680.9
2.219353,1514,1448,8.3
2.223910,1514,1448,4556.9
2.223914,1514,1448,3.3
2.228540,1514,1448,4626.5
2.228550,1514,1448,9.8
2.233161,1514,1448,4611.0
2.233170,1514,1448,9.3
2.237895,1514,1448,4725.0
2.237923,1514,1448,27.9
2.242444,1514,1448,4520.9
2.242452,1514,1448,8.3
2.247126,1514,1448,4673.7
2.247137,1514,1448,11.2
2.251814,1514,1448,4676.6
2.251823,1514,1448,9.5
2.256337,1514,1448,4514.0
2.256344,1514,1448,6.9
2.261791,1514,1448,5446.9
2.261803,1514,1448,12.2
2.265599,1514,1448,3795.6
2.265607,1514,1448,8.1
2.270223,1514,1448,4615.5
2.270230,1514,1448,7.6
2.274847,1514,1448,4616.3
2.274849,1514,1448,2.9
2.279478,1514,1448,4628.7
2.279480,1514,1448,1.4
2.284110,1514,1448,4630.1
2.284111,1514,1448,1.2
2.288744,1514,1448,4633.7
2.288746,1514,1448,1.4
2.293376,1514,1448,4630.6
2.293378,1514,1448,1.4
2.298799,1514,1448,5420.7
2.298809,1514,1448,10.5
2.302716,1514,1448,3906.5
2.302727,1514,1448,11.0
2.307872,1514,1448,5145.5
2.307885,1514,1448,12.6
2.312021,1514,1448,4136.6
2.312033,1514,1448,11.9
2.316616,1514,1448,4582.6
2.316627,1514,1448,11.4
2.321748,1514,1448,5121.2
2.321757,1514,1448,8.1
2.325883,1514,1448,4126.5
2.325895,1514,1448,11.7
2.330772,1514,1448,4876.9
2.330780,1514,1448,8.1
2.335164,1514,1448,4383.8
2.335175,1514,1448,11.4
2.339768,1514,1448,4593.4
2.339779,1514,1448,10.7
2.344533,1514,1448,4753.6
2.344541,1514,1448,7.9
2.349097,1514,1448,4556.7
2.349109,1514,1448,11.4
2.353640,1514,1448,4531.1
2.353647,1514,1448,7.4
2.358963,1514,1448,5315.8
2.358975,1514,1448,12.4
2.362950,1514,1448,3974.7
2.362961,1514,1448,11.2
2.367584,1514,1448,4622.2
2.367594,1514,1448,10.5
2.372195,1514,1448,4601.2
2.372203,1514,1448,7.6
2.376784,1514,1448,4580.7
2.376786,1514,1448,2.4
2.381416,1514,1448,4630.3
2.381418,1514,1448,2.1
2.386049,1514,1448,4630.6
2.386050,1514,1448,1.2
2.390683,1514,1448,4632.9
2.390685,1514,1448,1.7
2.395316,1514,1448,4630.8
2.395317,1514,1448,1.2
2.399952,1514,1448,4635.6
2.399955,1514,1448,2.4
2.404584,1514,1448,4629.1
2.404585,1514,1448,1.2
2.409218,1514,1448,4632.5
2.409219,1514,1448,1.2
2.413851,1514,1448,4632.2
2.413852,1514,1448,1.4
2.418498,1514,1448,4645.1
2.418500,1514,1448,2.4
2.423120,1514,1448,4619.6
2.423122,1514,1448,2.1
2.427751,1514,1448,4629.6
2.427753,1514,1448,1.4
2.432385,1514,1448,4632.5
2.432387,1514,1448,1.7
2.437019,1514,1448,4632.0
2.437021,1514,1448,1.7
2.441657,1514,1448,4636.5
2.441660,1514,1448,2.9
2.446286,1514,1448,4626.5
2.446288,1514,1448,1.2
2.450919,1514,1448,4631.3
2.450920,1514,1448,1.2
2.455553,1514,1448,4632.5
2.455554,1514,1448,1.4
2.460186,1514,1448,4632.2
2.460188,1514,1448,1.4
2.464822,1514,1448,4634.4
2.464824,1514,1448,2.1
2.469454,1514,1448,4629.9
2.469455,1514,1448,1.2
2.474087,1514,1448,4631.8
2.474088,1514,1448,1.4
2.478722,1514,1448,4633.4
2.478723,1514,1448,1.4
2.483357,1514,1448,4633.4
2.483359,1514,1448,2.4
2.487989,1514,1448,4630.1
2.487991,1514,1448,1.4
2.492621,1514,1448,4630.6
2.492622,1514,1448,1.2
2.497255,1514,1448,4632.5
2.497256,1514,1448,1.2
2.501889,1514,1448,4632.9
2.501890,1514,1448,1.2
2.506525,1514,1448,4634.9
2.506528,1514,1448,2.6
2.511157,1514,1448,4628.9
2.511158,1514,1448,1.7
2.515790,1514,1448,4631.3
2.515791,1514,1448,1.2
2.520423,1514,1448,4632.2
2.520424,1514,1448,1.2
2.525056,1514,1448,4632.2
2.525058,1514,1448,1.2
2.529690,1514,1448,4632.5
2.529691,1514,1448,1.4
2.534324,1514,1448,4632.7
2.534326,1514,1448,1.4
2.538958,1514,1448,4632.0
2.538959,1514,1448,1.2
2.543591,1514,1448,4631.8
2.543592,1514,1448,1.2
2.548251,1514,1448,4658.9
2.548252,1514,1448,1.7
2.552896,1514,1448,4643.2
2.552899,1514,1448,3.3
2.557540,1514,1448,4641.5
2.557549,1514,1448,8.1
2.562173,1514,1448,4624.4
2.562184,1514,1448,10.7
2.566796,1514,1448,4612.7
2.566800,1514,1448,3.3
2.571431,1514,1448,4631.3
2.571434,1514,1448,3.6
2.576094,1514,1448,4659.9
2.576106,1514,1448,11.4
2.580706,1514,1448,4600.5
2.580713,1514,1448,6.9
2.585307,1514,1448,4593.8
2.585311,1514,1448,3.6
2.590050,1514,1448,4738.8
2.590061,1514,1448,11.2
2.594583,1514,1448,4522.6
2.594587,1514,1448,3.8
2.599198,1514,1448,4610.8
2.599201,1514,1448,2.9
2.603828,1514,1448,4627.7
2.603830,1514,1448,1.7
2.608462,1514,1448,4632.0
2.608464,1514,1448,1.4
2.613098,1514,1448,4634.9
2.613101,1514,1448,2.4
2.617730,1514,1448,4629.4
2.617732,1514,1448,1.7
2.622362,1514,1448,4630.3
2.622364,1514,1448,1.4
2.626996,1514,1448,4632.5
2.626997,1514,1448,1.4
2.631632,1514,1448,4634.1
2.631633,1514,1448,1.7
2.636267,1514,1448,4633.4
2.636270,1514,1448,2.9
2.640897,1514,1448,4627.7
2.640899,1514,1448,1.4
2.645531,1514,1448,4632.0
2.645532,1514,1448,1.4
2.650163,1514,1448,4631.0
2.650165,1514,1448,1.4
2.654797,1514,1448,4632.7
2.654799,1514,1448,1.4
2.659438,1514,1448,4638.9
2.659441,1514,1448,3.3
2.664065,1514,1448,4624.4
2.664067,1514,1448,1.7
2.668699,1514,1448,4632.2
2.668701,1514,1448,1.4
2.673332,1514,1448,4631.3
2.673333,1514,1448,1.4
2.677967,1514,1448,4633.9
2.677969,1514,1448,2.1
2.682599,1514,1448,4629.9
2.682601,1514,1448,1.4
2.687233,1514,1448,4632.2
2.687234,1514,1448,1.2
2.691866,1514,1448,4631.8
2.691867,1514,1448,1.4
2.696500,1514,1448,4632.5
2.696501,1514,1448,1.2
2.701137,1514,1448,4636.0
2.701139,1514,1448,2.4
2.705773,1514,1448,4633.4
2.705776,1514,1448,3.1
2.710401,1514,1448,4624.6
2.710402,1514,1448,1.4
2.715035,1514,1448,4632.7
2.715036,1514,1448,1.4
2.719671,1514,1448,4635.3
2.719674,1514,1448,2.6
2.724304,1514,1448,4629.6
2.724306,1514,1448,2.1
2.728935,1514,1448,4629.6
2.728937,1514,1448,1.2
2.733573,1514,1448,4636.3
2.733575,1514,1448,1.7
2.738203,1514,1448,4628.7
2.738205,1514,1448,1.7
2.742840,1514,1448,4635.3
2.742843,1514,1448,2.9
2.747470,1514,1448,4627.0
2.747472,1514,1448,1.4
2.752104,1514,1448,4632.5
2.752105,1514,1448,1.2
2.756743,1514,1448,4638.2
2.756747,1514,1448,3.8
2.761389,1514,1448,4642.2
2.761399,1514,1448,9.3
2.766025,1514,1448,4626.0
2.766034,1514,1448,9.5
2.770656,1514,1448,4622.0
2.770665,1514,1448,8.3
2.775285,1514,1448,4620.1
2.775290,1514,1448,5.5
2.779915,1514,1448,4624.6
2.779920,1514,1448,5.0
2.784548,1514,1448,4627.9
2.784553,1514,1448,5.0
2.789179,1514,1448,4626.3
2.789183,1514,1448,4.1
2.793806,1514,1448,4622.9
2.793808,1514,1448,1.4
2.798440,1514,1448,4632.2
2.798441,1514,1448,1.2
2.803073,1514,1448,4632.0
2.803074,1514,1448,1.2
2.807706,1514,1448,4632.2
2.807708,1514,1448,1.7
2.812341,1514,1448,4632.7
2.812342,1514,1448,1.7
2.816973,1514,1448,4630.8
2.816974,1514,1448,1.2
2.821607,1514,1448,4632.5
2.821608,1514,1448,1.4
2.826241,1514,1448,4632.2
2.826242,1514,1448,1.4
2.830875,1514,1448,4632.9
2.830876,1514,1448,1.4
2.835508,1514,1448,4631.3
2.835509,1514,1448,1.2
2.840141,1514,1448,4632.5
2.840142,1514,1448,1.2
2.844775,1514,1448,4632.5
2.844776,1514,1448,1.2
2.849408,1514,1448,4632.2
2.849410,1514,1448,1.4
2.854043,1514,1448,4632.7
2.854044,1514,1448,1.2
2.858676,1514,1448,4632.0
2.858677,1514,1448,1.2
2.863310,1514,1448,4633.2
2.863312,1514,1448,1.9
2.867943,1514,1448,4631.0
2.867944,1514,1448,1.2
2.872578,1514,1448,4633.7
2.872579,1514,1448,1.4
2.877211,1514,1448,4631.5
2.877212,1514,1448,1.2
2.881844,1514,1448,4631.8
2.881845,1514,1448,1.2
2.886480,1514,1448,4634.9
2.886482,1514,1448,1.7
2.891116,1514,1448,4634.9
2.891120,1514,1448,3.8
2.895748,1514,1448,4627.5
2.895750,1514,1448,2.1
2.900379,1514,1448,4629.1
2.900381,1514,1448,1.7
2.905014,1514,1448,4632.9
2.905015,1514,1448,1.4
2.909645,1514,1448,4630.3
2.909647,1514,1448,1.2
2.914293,1514,1448,4646.3
2.914296,1514,1448,2.9
2.918916,1514,1448,4619.8
2.918918,1514,1448,2.4
2.923547,1514,1448,4629.1
2.923548,1514,1448,1.2
2.928180,1514,1448,4632.2
2.928182,1514,1448,1.2
2.932815,1514,1448,4632.9
2.932816,1514,1448,1.4
2.937452,1514,1448,4636.0
2.937455,1514,1448,2.9
2.942082,1514,1448,4627.2
2.942084,1514,1448,1.4
2.946714,1514,1448,4630.6
2.946716,1514,1448,1.4
2.951354,1514,1448,4638.0
2.951355,1514,1448,1.2
2.955982,1514,1448,4627.2
2.955983,1514,1448,1.2
2.960619,1514,1448,4635.6
2.960623,1514,1448,3.8
2.965250,1514,1448,4627.0
2.965251,1514,1448,1.4
2.969882,1514,1448,4631.5
2.969884,1514,1448,1.2
2.974517,1514,1448,4632.9
2.974518,1514,1448,1.7
2.979153,1514,1448,4634.6
2.979155,1514,1448,2.4
2.983784,1514,1448,4628.4
2.983785,1514,1448,1.4
2.988417,1514,1448,4631.5
2.988418,1514,1448,1.4
2.993051,1514,1448,4632.7
2.993052,1514,1448,1.4
2.997684,1514,1448,4632.0
2.997685,1514,1448,1.2
3.002321,1514,1448,4635.8
3.002324,1514,1448,2.6
3.006952,1514,1448,4627.7
3.006953,1514,1448,1.2
3.011585,1514,1448,4632.0
3.011586,1514,1448,1.4
3.016219,1514,1448,4632.5
3.016220,1514,1448,1.2
3.020852,1514,1448,4632.5
3.020854,1514,1448,1.7
3.025488,1514,1448,4634.1
3.025490,1514,1448,2.1
3.030119,1514,1448,4629.1
3.030121,1514,1448,1.2
3.034752,1514,1448,4631.8
3.034754,1514,1448,1.2
3.039387,1514,1448,4633.7
3.039389,1514,1448,1.4
3.044024,1514,1448,4635.6
3.044027,1514,1448,2.4
3.048655,1514,1448,4627.9
3.048656,1514,1448,1.4
3.053288,1514,1448,4632.2
3.053290,1514,1448,1.7
3.057926,1514,1448,4636.3
3.057930,1514,1448,3.6
3.062571,1514,1448,4641.5
3.062575,1514,1448,3.6
3.067192,1514,1448,4617.2
3.067195,1514,1448,3.3
3.071822,1514,1448,4627.0
3.071824,1514,1448,1.7
3.076455,1514,1448,4631.3
3.076457,1514,1448,1.2
3.081090,1514,1448,4633.9
3.081092,1514,1448,1.7
3.085722,1514,1448,4630.3
3.085724,1514,1448,1.2
3.090379,1514,1448,4655.1
3.090389,1514,1448,10.3
3.094998,1514,1448,4608.6
3.095001,1514,1448,3.8
3.099638,1514,1448,4636.0
3.099649,1514,1448,11.2
3.104266,1514,1448,4617.5
3.104278,1514,1448,12.2
3.108899,1514,1448,4621.0
3.108905,1514,1448,5.2
3.113560,1514,1448,4655.6
3.113575,1514,1448,14.8
3.118189,1514,1448,4613.6
3.118201,1514,1448,12.2
3.122803,1514,1448,4602.4
3.122810,1514,1448,6.4
3.127428,1514,1448,4618.2
3.127430,1514,1448,2.1
3.132099,1514,1448,4669.2
3.132115,1514,1448,15.7
3.136729,1514,1448,4614.1
3.136744,1514,1448,14.5
3.141342,1514,1448,4598.9
3.141351,1514,1448,8.1
3.145975,1514,1448,4624.4
3.145983,1514,1448,8.6
3.150604,1514,1448,4620.1
3.150609,1514,1448,5.5
3.155233,1514,1448,4623.9
3.155237,1514,1448,3.8
3.159861,1514,1448,4623.9
3.159862,1514,1448,1.2
3.164495,1514,1448,4632.7
3.164496,1514,1448,1.4
3.169127,1514,1448,4631.0
3.169128,1514,1448,1.2
3.173761,1514,1448,4632.5
3.173762,1514,1448,1.2
3.178395,1514,1448,4633.2
3.178397,1514,1448,1.7
3.183028,1514,1448,4631.3
3.183029,1514,1448,1.4
3.187662,1514,1448,4632.2
3.187663,1514,1448,1.2
3.192296,1514,1448,4632.9
3.192297,1514,1448,1.2
3.196929,1514,1448,4632.0
3.196930,1514,1448,1.4
3.201565,1514,1448,4634.1
3.201566,1514,1448,1.4
3.206197,1514,1448,4630.6
3.206198,1514,1448,1.4
3.210829,1514,1448,4631.3
3.210830,1514,1448,1.2
3.215463,1514,1448,4632.9
3.215465,1514,1448,1.4
3.220100,1514,1448,4635.6
3.220103,1514,1448,2.4
3.224730,1514,1448,4627.7
3.224732,1514,1448,1.2
3.229396,1514,1448,4664.4
3.229409,1514,1448,12.6
3.234011,1514,1448,4602.4
3.234018,1514,1448,6.9
3.238667,1514,1448,4649.2
3.238676,1514,1448,8.6
3.243266,1514,1448,4590.5
3.243268,1514,1448,1.7
3.247899,1514,1448,4630.6
3.247900,1514,1448,1.4
3.252532,1514,1448,4632.5
3.252534,1514,1448,1.2
3.257187,1514,1448,4653.7
3.257192,1514,1448,4.3
3.261804,1514,1448,4612.4
3.261807,1514,1448,3.3
3.266437,1514,1448,4629.1
3.266439,1514,1448,2.9
3.271075,1514,1448,4635.1
3.271080,1514,1448,5.7
3.275704,1514,1448,4623.4
3.275706,1514,1448,2.6
3.280334,1514,1448,4628.2
3.280336,1514,1448,1.4
3.284969,1514,1448,4632.7
3.284971,1514,1448,1.9
3.289601,1514,1448,4630.3
3.289602,1514,1448,1.2
3.294234,1514,1448,4632.2
3.294236,1514,1448,1.4
3.298868,1514,1448,4632.2
3.298869,1514,1448,1.4
3.303501,1514,1448,4632.0
3.303503,1514,1448,1.2
3.308135,1514,1448,4632.7
3.308137,1514,1448,1.4
3.312795,1514,1448,4658.0
3.312798,1514,1448,3.3
3.317489,1514,1448,4691.4
3.317493,1514,1448,3.3
3.322149,1514,1448,4656.6
3.322157,1514,1448,8.1
3.326691,1514,1448,4533.5
3.326696,1514,1448,4.8
3.331307,1514,1448,4611.7
3.331310,1514,1448,2.9
3.335941,1514,1448,4630.6
3.335944,1514,1448,3.1
3.340575,1514,1448,4630.6
3.340578,1514,1448,3.1
3.345206,1514,1448,4628.2
3.345208,1514,1448,1.9
3.349841,1514,1448,4632.9
3.349844,1514,1448,2.9
3.354473,1514,1448,4629.9
3.354476,1514,1448,2.4
3.359109,1514,1448,4633.2
3.359112,1514,1448,3.1
3.363742,1514,1448,4629.9
3.363745,1514,1448,3.6
3.368378,1514,1448,4632.5
3.368382,1514,1448,3.6
3.373011,1514,1448,4629.9
3.373015,1514,1448,3.8
3.377643,1514,1448,4627.7
3.377646,1514,1448,3.1
3.382277,1514,1448,4630.6
3.382279,1514,1448,2.6
3.386909,1514,1448,4630.3
3.386912,1514,1448,2.9
3.391544,1514,1448,4631.5
3.391546,1514,1448,2.4
3.396180,1514,1448,4633.9
3.396185,1514,1448,4.5
3.400811,1514,1448,4626.5
3.400814,1514,1448,2.9
3.405445,1514,1448,4631.3
3.405447,1514,1448,2.1
3.410078,1514,1448,4630.3
3.410080,1514,1448,2.6
3.414713,1514,1448,4632.9
3.414716,1514,1448,2.9
3.419345,1514,1448,4628.7
3.419348,1514,1448,2.9
3.423979,1514,1448,4631.3
3.423982,1514,1448,2.6
3.428612,1514,1448,4629.9
3.428614,1514,1448,2.6
3.433245,1514,1448,4631.0
3.433248,1514,1448,2.4
3.437879,1514,1448,4631.8
3.437882,1514,1448,3.1
3.442515,1514,1448,4632.5
3.442518,1514,1448,3.6
3.447150,1514,1448,4631.8
3.447154,1514,1448,3.3
3.451783,1514,1448,4629.1
3.451787,1514,1448,4.5
3.456418,1514,1448,4630.8
3.456422,1514,1448,4.1
3.461050,1514,1448,4627.7
3.461054,1514,1448,4.5
3.465683,1514,1448,4629.1
3.465687,1514,1448,3.8
3.470316,1514,1448,4628.4
3.470319,1514,1448,3.3
3.474950,1514,1448,4630.6
3.474952,1514,1448,2.9
3.479585,1514,1448,4632.5
3.479589,1514,1448,3.8
3.484215,1514,1448,4626.8
3.484218,1514,1448,2.6
3.488848,1514,1448,4630.1
3.488850,1514,1448,2.1
3.493482,1514,1448,4631.5
3.493485,1514,1448,2.9
3.498117,1514,1448,4632.7
3.498120,1514,1448,2.6
3.502752,1514,1448,4632.2
3.502756,1514,1448,3.3
3.507383,1514,1448,4627.7
3.507386,1514,1448,2.4
3.512017,1514,1448,4630.8
3.512020,1514,1448,3.1
3.516653,1514,1448,4632.9
3.516655,1514,1448,2.6
3.521292,1514,1448,4636.8
3.521296,1514,1448,3.6
3.525922,1514,1448,4626.3
3.525926,1514,1448,3.8
3.530553,1514,1448,4627.7
3.530557,1514,1448,3.3
3.535187,1514,1448,4630.6
3.535191,1514,1448,3.8
3.539820,1514,1448,4629.1
3.539824,1514,1448,3.6
3.544452,1514,1448,4628.2
3.544455,1514,1448,2.6
3.549087,1514,1448,4632.7
3.549090,1514,1448,2.9
3.553729,1514,1448,4639.1
3.553733,1514,1448,3.3
3.558352,1514,1448,4618.9
3.558353,1514,1448,1.9
3.562983,1514,1448,4629.9
3.562985,1514,1448,1.4
3.567617,1514,1448,4632.7
3.567619,1514,1448,1.7
3.572253,1514,1448,4634.1
3.572256,1514,1448,2.4
3.576887,1514,1448,4631.3
3.576890,1514,1448,2.6
3.581520,1514,1448,4630.6
3.581522,1514,1448,1.9
3.586153,1514,1448,4630.6
3.586154,1514,1448,1.7
3.590795,1514,1448,4640.6
3.590800,1514,1448,5.5
3.595423,1514,1448,4623.2
3.595428,1514,1448,4.1
3.600058,1514,1448,4630.3
3.600061,1514,1448,3.6
3.604692,1514,1448,4630.3
3.604696,1514,1448,4.3
3.609325,1514,1448,4628.9
3.609329,1514,1448,3.6
3.613960,1514,1448,4631.3
3.613963,1514,1448,2.9
3.618600,1514,1448,4637.2
3.618608,1514,1448,7.6
3.623231,1514,1448,4623.2
3.623235,1514,1448,4.3
3.627869,1514,1448,4634.1
3.627874,1514,1448,5.2
3.632490,1514,1448,4615.8
3.632492,1514,1448,2.1
3.637123,1514,1448,4631.0
3.637126,1514,1448,2.4
3.641756,1514,1448,4630.3
3.641758,1514,1448,2.4
3.646392,1514,1448,4633.9
3.646396,1514,1448,3.6
3.651027,1514,1448,4631.3
3.651030,1514,1448,3.1
3.655658,1514,1448,4627.2
3.655660,1514,1448,2.6
3.660291,1514,1448,4630.6
3.660293,1514,1448,2.4
3.664926,1514,1448,4633.2
3.664929,1514,1448,3.1
3.669561,1514,1448,4631.8
3.669565,1514,1448,3.8
3.674195,1514,1448,4629.9
3.674197,1514,1448,2.4
3.678825,1514,1448,4627.5
3.678826,1514,1448,1.7
3.683457,1514,1448,4630.3
3.683458,1514,1448,1.4
3.688090,1514,1448,4632.2
3.688092,1514,1448,1.4
3.692725,1514,1448,4632.9
3.692727,1514,1448,1.9
3.697358,1514,1448,4631.3
3.697359,1514,1448,1.2
3.701991,1514,1448,4632.0
3.701993,1514,1448,1.4
3.706625,1514,1448,4632.2
3.706626,1514,1448,1.2
3.711259,1514,1448,4633.4
3.711261,1514,1448,1.9
3.715892,1514,1448,4630.3
3.715893,1514,1448,1.4
3.720526,1514,1448,4633.2
3.720528,1514,1448,1.4
3.725159,1514,1448,4631.8
3.725161,1514,1448,1.2
3.729793,1514,1448,4632.0
3.729794,1514,1448,1.4
3.734426,1514,1448,4632.5
3.734428,1514,1448,1.2
3.739060,1514,1448,4632.2
3.739061,1514,1448,1.4
3.743694,1514,1448,4632.2
3.743695,1514,1448,1.2
3.748327,1514,1448,4632.2
3.748328,1514,1448,1.2
3.752961,1514,1448,4632.5
3.752962,1514,1448,1.4
3.757599,1514,1448,4637.2
3.757603,1514,1448,3.8
3.762233,1514,1448,4629.6
3.762235,1514,1448,2.1
3.766862,1514,1448,4627.5
3.766864,1514,1448,1.4
3.771496,1514,1448,4632.5
3.771497,1514,1448,1.2
3.776136,1514,1448,4638.4
3.776140,1514,1448,4.1
3.780825,1514,1448,4684.9
3.780828,1514,1448,3.6
3.785428,1514,1448,4599.1
3.785431,1514,1448,3.6
3.790127,1514,1448,4695.4
3.790130,1514,1448,3.3
3.794684,1514,1448,4554.0
3.794688,1514,1448,3.6
3.799319,1514,1448,4631.0
3.799322,1514,1448,3.1
3.803953,1514,1448,4631.3
3.803958,1514,1448,5.2
3.808570,1514,1448,4611.7
3.808573,1514,1448,3.3
3.813269,1514,1448,4695.4
3.813280,1514,1448,11.4
3.817959,1514,1448,4678.7
3.817969,1514,1448,10.3
3.822552,1514,1448,4583.4
3.822560,1514,1448,7.6
3.827124,1514,1448,4564.0
3.827130,1514,1448,5.7
3.831805,1514,1448,4675.4
3.831816,1514,1448,11.2
3.836411,1514,1448,4594.1
3.836421,1514,1448,10.0
3.841041,1514,1448,4620.3
3.841047,1514,1448,6.0
3.845671,1514,1448,4623.9
3.845674,1514,1448,3.6
3.850392,1514,1448,4717.4
3.850396,1514,1448,4.1
3.855012,1514,1448,4616.5
3.855023,1514,1448,11.0
3.859599,1514,1448,4575.5
3.859609,1514,1448,10.3
3.864183,1514,1448,4574.1
3.864189,1514,1448,6.2
3.868806,1514,1448,4617.2
3.868810,1514,1448,3.6
3.873435,1514,1448,4624.8
3.873436,1514,1448,1.7
3.878068,1514,1448,4632.0
3.878070,1514,1448,1.7
3.882702,1514,1448,4632.0
3.882704,1514,1448,1.4
3.887342,1514,1448,4638.2
3.887344,1514,1448,1.9
3.891970,1514,1448,4626.0
3.891971,1514,1448,1.2
3.896603,1514,1448,4632.0
3.896604,1514,1448,1.4
3.901236,1514,1448,4631.8
3.901237,1514,1448,1.4
3.905870,1514,1448,4632.2
3.905871,1514,1448,1.2
3.910503,1514,1448,4632.2
3.910505,1514,1448,1.4
3.915138,1514,1448,4632.9
3.915139,1514,1448,1.4
3.919770,1514,1448,4631.3
3.919771,1514,1448,1.2
3.924404,1514,1448,4632.5
3.924405,1514,1448,1.4
3.929037,1514,1448,4631.8
3.929039,1514,1448,1.4
3.933671,1514,1448,4632.7
3.933672,1514,1448,1.2
3.938311,1514,1448,4638.7
3.938318,1514,1448,6.7
3.942939,1514,1448,4620.8
3.942940,1514,1448,1.4
3.947618,1514,1448,4677.8
3.947621,1514,1448,3.3
3.952322,1514,1448,4700.4
3.952333,1514,1448,11.4
3.956870,1514,1448,4536.6
3.956878,1514,1448,8.1
3.961511,1514,1448,4633.2
3.961514,1514,1448,3.3
3.966171,1514,1448,4656.8
3.966184,1514,1448,12.6
3.970784,1514,1448,4600.8
3.970797,1514,1448,12.4
3.975412,1514,1448,4614.8
3.975421,1514,1448,9.8
3.980129,1514,1448,4707.3
3.980156,1514,1448,27.7
3.984945,1514,1448,4788.9
3.984957,1514,1448,11.2
3.989632,1514,1448,4675.4
3.989644,1514,1448,12.2
3.994577,1514,1448,4933.1
3.994589,1514,1448,11.7
3.998633,1514,1448,4044.3
3.998644,1514,1448,11.0
4.003207,1514,1448,4563.3
4.003216,1514,1448,8.8
4.007880,1514,1448,4663.9
4.007892,1514,1448,11.4
4.012491,1514,1448,4599.1
4.012499,1514,1448,8.6
4.017125,1514,1448,4625.8
4.017134,1514,1448,8.6
4.021731,1514,1448,4597.4
4.021738,1514,1448,6.7
4.026351,1514,1448,4613.2
4.026355,1514,1448,4.3
4.030978,1514,1448,4622.9
4.030980,1514,1448,1.9
4.035611,1514,1448,4630.8
4.035612,1514,1448,1.2
4.040244,1514,1448,4632.0
4.040246,1514,1448,1.4
4.044878,1514,1448,4632.2
4.044879,1514,1448,1.2
4.049511,1514,1448,4632.0
4.049513,1514,1448,1.7
4.054147,1514,1448,4633.9
4.054148,1514,1448,1.7
4.058778,1514,1448,4630.1
4.058779,1514,1448,1.2
4.063412,1514,1448,4632.7
4.063414,1514,1448,1.7
4.068068,1514,1448,4653.7
4.068071,1514,1448,3.6
4.072680,1514,1448,4609.3
4.072682,1514,1448,1.7
4.077314,1514,1448,4631.5
4.077315,1514,1448,1.4
4.081948,1514,1448,4632.7
4.081949,1514,1448,1.7
4.086580,1514,1448,4630.1
4.086581,1514,1448,1.2
4.091214,1514,1448,4633.7
4.091216,1514,1448,1.9
4.095847,1514,1448,4630.3
4.095848,1514,1448,1.2
4.100481,1514,1448,4632.9
4.100482,1514,1448,1.4
4.105115,1514,1448,4632.7
4.105116,1514,1448,1.4
4.109786,1514,1448,4669.4
4.109789,1514,1448,3.1
4.114437,1514,1448,4648.2
4.114449,1514,1448,11.4
4.119085,1514,1448,4636.5
4.119097,1514,1448,11.4
4.123753,1514,1448,4656.8
4.123759,1514,1448,6.0
4.128333,1514,1448,4574.1
4.128345,1514,1448,11.4
4.132947,1514,1448,4602.7
4.132956,1514,1448,8.3
4.137588,1514,1448,4631.8
4.137591,1514,1448,3.3
4.142220,1514,1448,4629.6
4.142224,1514,1448,3.3
4.146889,1514,1448,4665.1
4.146900,1514,1448,11.4
4.151518,1514,1448,4617.7
4.151531,1514,1448,12.6
4.156118,1514,1448,4587.2
4.156120,1514,1448,2.4
4.160755,1514,1448,4634.9
4.160758,1514,1448,3.3
4.165354,1514,1448,4596.0
4.165357,1514,1448,2.9
4.170022,1514,1448,4664.9
4.170026,1514,1448,3.6
4.174621,1514,1448,4594.8
4.174623,1514,1448,2.1
4.179309,1514,1448,4685.9
4.179321,1514,1448,11.9
4.183953,1514,1448,4632.2
4.183961,1514,1448,8.3
4.188601,1514,1448,4639.4
4.188612,1514,1448,11.4
4.193286,1514,1448,4674.2
4.193296,1514,1448,10.3
4.197822,1514,1448,4525.4
4.197830,1514,1448,7.9
4.202457,1514,1448,4627.5
4.202461,1514,1448,3.6
4.207109,1514,1448,4648.4
4.207121,1514,1448,11.4
4.211760,1514,1448,4639.6
4.211771,1514,1448,11.0
4.216425,1514,1448,4653.5
4.216431,1514,1448,6.4
4.220977,1514,1448,4545.9
4.220980,1514,1448,3.3
4.225622,1514,1448,4642.0
4.225626,1514,1448,3.3
4.230266,1514,1448,4640.3
4.230281,1514,1448,15.3
4.234896,1514,1448,4614.6
4.234907,1514,1448,11.0
4.239512,1514,1448,4604.8
4.239515,1514,1448,3.6
4.244146,1514,1448,4630.8
4.244150,1514,1448,4.1
4.248830,1514,1448,4679.9
4.248833,1514,1448,3.3
4.253412,1514,1448,4578.4
4.253416,1514,1448,3.8
4.258133,1514,1448,4717.4
4.258136,1514,1448,3.3
4.262666,1514,1448,4529.5
4.262669,1514,1448,3.6
4.267315,1514,1448,4645.3
4.267318,1514,1448,3.8
4.271935,1514,1448,4617.0
4.271940,1514,1448,4.3
4.276560,1514,1448,4620.6
4.276563,1514,1448,2.4
4.281195,1514,1448,4632.5
4.281198,1514,1448,2.6
4.285828,1514,1448,4630.1
4.285831,1514,1448,3.3
4.290459,1514,1448,4627.9
4.290461,1514,1448,1.7
4.295095,1514,1448,4634.4
4.295098,1514,1448,2.6
4.299726,1514,1448,4628.2
4.299728,1514,1448,1.7
4.304362,1514,1448,4634.6
4.304365,1514,1448,2.6
4.309042,1514,1448,4676.6
4.309045,1514,1448,3.8
4.313663,1514,1448,4617.9
4.313667,1514,1448,3.3
4.318359,1514,1448,4692.6
4.318363,1514,1448,4.3
4.322960,1514,1448,4596.2
4.322971,1514,1448,11.0
4.327567,1514,1448,4596.0
4.327570,1514,1448,3.6
4.332199,1514,1448,4628.7
4.332202,1514,1448,3.6
4.336832,1514,1448,4629.6
4.336835,1514,1448,3.3
4.341466,1514,1448,4630.8
4.341470,1514,1448,3.6
4.346132,1514,1448,4661.8
4.346143,1514,1448,11.4
4.350739,1514,1448,4595.8
4.350750,1514,1448,11.0
4.355344,1514,1448,4594.1
4.355351,1514,1448,7.6
4.360105,1514,1448,4753.4
4.360116,1514,1448,11.2
4.364659,1514,1448,4543.1
4.364670,1514,1448,11.2
4.369302,1514,1448,4632.0
4.369314,1514,1448,11.4
4.373895,1514,1448,4581.2
4.373903,1514,1448,7.9
4.378534,1514,1448,4631.0
4.378537,1514,1448,3.3
4.383201,1514,1448,4663.7
4.383212,1514,1448,11.0
4.387895,1514,1448,4682.8
4.387903,1514,1448,8.6
4.392436,1514,1448,4532.6
4.392439,1514,1448,3.3
4.397073,1514,1448,4633.4
4.397076,1514,1448,3.6
4.401737,1514,1448,4661.3
4.401749,1514,1448,11.2
4.406343,1514,1448,4593.8
4.406353,1514,1448,10.3
4.410950,1514,1448,4597.2
4.410958,1514,1448,8.1
4.415632,1514,1448,4674.4
4.415644,1514,1448,11.4
4.420316,1514,1448,4672.3
4.420323,1514,1448,6.7
4.424924,1514,1448,4601.5
4.424936,1514,1448,11.4
4.429507,1514,1448,4571.0
4.429511,1514,1448,4.1
4.434137,1514,1448,4626.3
4.434140,1514,1448,3.3
4.438765,1514,1448,4624.6
4.438774,1514,1448,8.6
4.443389,1514,1448,4615.1
4.443392,1514,1448,3.3
4.448093,1514,1448,4700.9
4.448105,1514,1448,12.4
4.452682,1514,1448,4577.2
4.452694,1514,1448,11.4
4.457312,1514,1448,4617.7
4.457316,1514,1448,4.1
4.461940,1514,1448,4624.4
4.461948,1514,1448,8.3
4.466591,1514,1448,4642.7
4.466603,1514,1448,11.4
4.471206,1514,1448,4603.6
4.471210,1514,1448,3.6
4.475839,1514,1448,4629.1
4.475842,1514,1448,3.6
4.480474,1514,1448,4631.3
4.480477,1514,1448,3.6
4.485109,1514,1448,4632.0
4.485113,1514,1448,3.6
4.489767,1514,1448,4653.7
4.489770,1514,1448,3.3
4.494358,1514,1448,4587.9
4.494361,1514,1448,3.3
4.499041,1514,1448,4679.7
4.499052,1514,1448,11.2
4.503665,1514,1448,4612.7
4.503675,1514,1448,10.7
4.508282,1514,1448,4606.2
4.508287,1514,1448,5.5
4.512904,1514,1448,4617.0
4.512908,1514,1448,3.3
4.517555,1514,1448,4647.7
4.517564,1514,1448,8.3
4.522997,1514,1448,5433.1
4.523009,1514,1448,12.6
4.526840,1514,1448,3830.7
4.526851,1514,1448,11.4
4.531456,1514,1448,4604.8
4.531465,1514,1448,8.3
4.536112,1514,1448,4647.7
4.536123,1514,1448,11.0
4.540721,1514,1448,4597.4
4.540728,1514,1448,7.2
4.545350,1514,1448,4622.5
4.545361,1514,1448,10.7
4.549961,1514,1448,4600.3
4.549965,1514,1448,3.3
4.554610,1514,1448,4645.3
4.554613,1514,1448,3.3
4.559244,1514,1448,4630.8
4.559254,1514,1448,10.0
4.563907,1514,1448,4652.5
4.563918,1514,1448,11.0
4.568524,1514,1448,4606.0
4.568530,1514,1448,6.4
4.573113,1514,1448,4582.9
4.573116,1514,1448,3.3
4.577811,1514,1448,4695.2
4.577823,1514,1448,11.7
4.582402,1514,1448,4579.1
4.582413,1514,1448,10.5
4.587137,1514,1448,4724.5
4.587149,1514,1448,11.7
4.591719,1514,1448,4570.2
4.591728,1514,1448,8.8
4.596315,1514,1448,4587.4
4.596319,1514,1448,3.6
4.600958,1514,1448,4639.1
4.600966,1514,1448,8.1
4.605580,1514,1448,4613.6
4.605583,1514,1448,3.3
4.610184,1514,1448,4601.2
4.610188,1514,1448,3.8
4.614823,1514,1448,4634.9
4.614829,1514,1448,6.0
4.619456,1514,1448,4627.2
4.619464,1514,1448,7.4
4.624090,1514,1448,4626.8
4.624097,1514,1448,6.2
4.628724,1514,1448,4627.5
4.628730,1514,1448,6.2
4.633355,1514,1448,4624.4
4.633359,1514,1448,4.8
4.637995,1514,1448,4636.0
4.638001,1514,1448,6.0
4.642620,1514,1448,4618.6
4.642624,1514,1448,4.1
4.647250,1514,1448,4625.6
4.647253,1514,1448,3.3
4.651891,1514,1448,4638.0
4.651898,1514,1448,6.7
4.656514,1514,1448,4616.0
4.656515,1514,1448,1.4
4.661148,1514,1448,4633.2
4.661150,1514,1448,2.1
4.665781,1514,1448,4630.6
4.665782,1514,1448,1.4
4.670415,1514,1448,4632.5
4.670416,1514,1448,1.4
4.675048,1514,1448,4631.8
4.675050,1514,1448,1.7
4.679682,1514,1448,4632.2
4.679683,1514,1448,1.4
4.684316,1514,1448,4632.2
4.684317,1514,1448,1.7
4.688949,1514,1448,4631.3
4.688950,1514,1448,1.2
4.693583,1514,1448,4632.9
4.693584,1514,1448,1.7
4.698216,1514,1448,4631.3
4.698217,1514,1448,1.4
4.702849,1514,1448,4632.0
4.702851,1514,1448,1.4
4.707483,1514,1448,4632.2
4.707484,1514,1448,1.7
4.712117,1514,1448,4632.5
4.712118,1514,1448,1.4
4.716750,1514,1448,4631.8
4.716752,1514,1448,1.4
4.721383,1514,1448,4631.8
4.721385,1514,1448,1.7
4.726023,1514,1448,4638.2
4.726027,1514,1448,3.3
4.730654,1514,1448,4627.5
4.730656,1514,1448,1.9
4.735287,1514,1448,4631.5
4.735289,1514,1448,1.9
4.739919,1514,1448,4630.1
4.739921,1514,1448,1.7
4.744552,1514,1448,4631.3
4.744554,1514,1448,1.4
4.749187,1514,1448,4632.7
4.749189,1514,1448,2.9
4.753818,1514,1448,4628.9
4.753819,1514,1448,1.2
4.758472,1514,1448,4652.7
4.758479,1514,1448,6.4
4.763087,1514,1448,4607.9
4.763088,1514,1448,1.7
4.767720,1514,1448,4631.5
4.767721,1514,1448,1.4
4.772353,1514,1448,4632.0
4.772354,1514,1448,1.2
4.776987,1514,1448,4632.2
4.776988,1514,1448,1.4
4.781620,1514,1448,4632.0
4.781621,1514,1448,1.4
4.786259,1514,1448,4637.2
4.786260,1514,1448,1.4
4.790892,1514,1448,4632.0
4.790895,1514,1448,2.9
4.795522,1514,1448,4626.8
4.795523,1514,1448,1.7
4.800154,1514,1448,4631.0
4.800156,1514,1448,1.4
4.804787,1514,1448,4631.5
4.804789,1514,1448,1.4
4.809421,1514,1448,4632.0
4.809422,1514,1448,1.2
4.814056,1514,1448,4633.7
4.814057,1514,1448,1.7
4.818689,1514,1448,4631.5
4.818690,1514,1448,1.4
4.823322,1514,1448,4631.3
4.823323,1514,1448,1.4
4.827955,1514,1448,4632.5
4.827957,1514,1448,1.2
4.832589,1514,1448,4632.2
4.832590,1514,1448,1.2
4.837224,1514,1448,4633.4
4.837225,1514,1448,1.4
4.841857,1514,1448,4632.0
4.841858,1514,1448,1.4
4.846493,1514,1448,4634.9
4.846496,1514,1448,3.1
4.851124,1514,1448,4627.7
4.851125,1514,1448,1.4
4.855759,1514,1448,4633.4
4.855761,1514,1448,1.7
4.860403,1514,1448,4642.2
4.860405,1514,1448,2.1
4.865038,1514,1448,4632.7
4.865044,1514,1448,6.4
4.869659,1514,1448,4615.1
4.869661,1514,1448,1.7
4.874293,1514,1448,4632.5
4.874295,1514,1448,1.7
4.878926,1514,1448,4631.3
4.878928,1514,1448,1.7
4.883559,1514,1448,4631.3
4.883561,1514,1448,1.7
4.888193,1514,1448,4632.2
4.888194,1514,1448,1.2
4.892827,1514,1448,4632.2
4.892828,1514,1448,1.4
4.897460,1514,1448,4632.0
4.897461,1514,1448,1.4
4.902095,1514,1448,4633.2
4.902096,1514,1448,1.7
4.906727,1514,1448,4630.6
4.906728,1514,1448,1.2
4.911361,1514,1448,4632.7
4.911362,1514,1448,1.2
4.915995,1514,1448,4633.4
4.915997,1514,1448,1.7
4.920629,1514,1448,4631.5
4.920630,1514,1448,1.7
4.925261,1514,1448,4631.3
4.925263,1514,1448,1.2
4.929895,1514,1448,4632.2
4.929896,1514,1448,1.4
4.934529,1514,1448,4632.5
4.934530,1514,1448,1.4
4.939162,1514,1448,4632.2
4.939164,1514,1448,1.7
4.943798,1514,1448,4634.1
4.943800,1514,1448,1.4
4.948429,1514,1448,4629.6
4.948431,1514,1448,1.4
4.953063,1514,1448,4632.5
4.953065,1514,1448,1.4
4.957697,1514,1448,4632.2
4.957698,1514,1448,1.4
4.962330,1514,1448,4631.8
4.962331,1514,1448,1.2
4.966968,1514,1448,4636.5
4.966970,1514,1448,2.4
4.971599,1514,1448,4628.4
4.971601,1514,1448,1.9
4.976232,1514,1448,4631.5
4.976233,1514,1448,1.4
4.980865,1514,1448,4631.5
4.980866,1514,1448,1.4
4.985499,1514,1448,4632.2
4.985500,1514,1448,1.7
4.990132,1514,1448,4631.3
4.990133,1514,1448,1.4
4.994765,1514,1448,4632.2
4.994767,1514,1448,1.4
4.999399,1514,1448,4632.2
4.999400,1514,1448,1.2
5.004032,1514,1448,4632.2
5.004034,1514,1448,1.4
5.008666,1514,1448,4632.0
5.008667,1514,1448,1.7
5.013303,1514,1448,4635.3
5.013305,1514,1448,2.1
5.017934,1514,1448,4628.7
5.017935,1514,1448,1.2
5.022567,1514,1448,4632.0
5.022568,1514,1448,1.2
5.027201,1514,1448,4632.7
5.027202,1514,1448,1.2
5.031834,1514,1448,4632.0
5.031835,1514,1448,1.4
5.036468,1514,1448,4632.2
5.036469,1514,1448,1.2
5.041101,1514,1448,4632.7
5.041103,1514,1448,1.2
5.045735,1514,1448,4632.7
5.045737,1514,1448,1.2
5.050370,1514,1448,4633.2
5.050371,1514,1448,1.7
5.055002,1514,1448,4630.6
5.055003,1514,1448,1.2
5.059635,1514,1448,4632.2
5.059637,1514,1448,1.4
5.064269,1514,1448,4632.5
5.064271,1514,1448,1.4
5.068904,1514,1448,4633.2
5.068906,1514,1448,1.7
5.073538,1514,1448,4632.0
5.073539,1514,1448,1.4
5.078171,1514,1448,4632.0
5.078173,1514,1448,1.7
5.082803,1514,1448,4630.6
5.082804,1514,1448,1.2
5.087437,1514,1448,4632.5
5.087438,1514,1448,1.2
5.092071,1514,1448,4633.2
5.092073,1514,1448,1.4
5.096705,1514,1448,4632.2
5.096706,1514,1448,1.4
5.101339,1514,1448,4632.5
5.101340,1514,1448,1.2
5.105973,1514,1448,4632.5
5.105974,1514,1448,1.4
5.110612,1514,1448,4637.7
5.110616,1514,1448,4.5
5.115258,1514,1448,4641.3
5.115273,1514,1448,15.0
5.119897,1514,1448,4624.1
5.119905,1514,1448,7.9
5.124508,1514,1448,4603.1
5.124509,1514,1448,1.4
5.129149,1514,1448,4640.1
5.129154,1514,1448,4.5
5.133775,1514,1448,4621.3
5.133777,1514,1448,1.7
5.138410,1514,1448,4633.7
5.138414,1514,1448,3.6
5.143041,1514,1448,4627.0
5.143042,1514,1448,1.4
5.147675,1514,1448,4632.2
5.147676,1514,1448,1.4
5.152313,1514,1448,4637.2
5.152316,1514,1448,2.9
5.156942,1514,1448,4625.8
5.156943,1514,1448,1.4
5.161577,1514,1448,4633.2
5.161578,1514,1448,1.9
5.166209,1514,1448,4630.3
5.166210,1514,1448,1.4
5.170842,1514,1448,4632.2
5.170844,1514,1448,1.4
5.175498,1514,1448,4654.6
5.175503,1514,1448,4.3
5.180131,1514,1448,4628.7
5.180135,1514,1448,3.6
5.184781,1514,1448,4645.8
5.184784,1514,1448,3.3
5.189446,1514,1448,4661.6
5.189457,1514,1448,11.7
5.194139,1514,1448,4681.3
5.194148,1514,1448,9.1
5.198685,1514,1448,4537.6
5.198691,1514,1448,5.7
5.204062,1514,1448,5370.9
5.204070,1514,1448,8.3
5.207944,1514,1448,3874.1
5.207953,1514,1448,8.8
5.212575,1514,1448,4622.0
5.212584,1514,1448,8.6
5.217911,1514,1448,5327.7
5.217923,1514,1448,11.9
5.221915,1514,1448,3991.8
5.221927,1514,1448,11.4
5.226463,1514,1448,4536.6
5.226467,1514,1448,4.1
5.231122,1514,1448,4654.6
5.231133,1514,1448,11.2
5.235744,1514,1448,4611.3
5.235752,1514,1448,7.4
5.241092,1514,1448,5340.1
5.241100,1514,1448,7.6
5.245018,1514,1448,3918.9
5.245029,1514,1448,10.7
5.249684,1514,1448,4654.6
5.249695,1514,1448,11.2
5.254750,1514,1448,5054.7
5.254761,1514,1448,11.2
5.258954,1514,1448,4192.6
5.258965,1514,1448,11.9
5.263587,1514,1448,4622.0
5.263595,1514,1448,7.9
5.268172,1514,1448,4576.9
5.268180,1514,1448,7.4
5.272786,1514,1448,4606.2
5.272789,1514,1448,3.1
5.277416,1514,1448,4627.0
5.277417,1514,1448,1.4
5.282049,1514,1448,4631.3
5.282050,1514,1448,1.2
5.286683,1514,1448,4632.7
5.286684,1514,1448,1.4
5.291317,1514,1448,4632.9
5.291319,1514,1448,2.1
5.295949,1514,1448,4630.3
5.295951,1514,1448,1.2
5.300583,1514,1448,4632.2
5.300584,1514,1448,1.2
5.305217,1514,1448,4632.9
5.305218,1514,1448,1.2
5.309862,1514,1448,4644.2
5.309865,1514,1448,2.4
5.314497,1514,1448,4631.8
5.314498,1514,1448,1.9
5.319122,1514,1448,4623.4
5.319125,1514,1448,3.1
5.323754,1514,1448,4629.1
5.323757,1514,1448,2.6
5.328389,1514,1448,4632.5
5.328392,1514,1448,2.9
5.333035,1514,1448,4642.5
5.333037,1514,1448,2.9
5.337659,1514,1448,4621.3
5.337663,1514,1448,4.3
5.342292,1514,1448,4629.4
5.342296,1514,1448,3.8
5.346923,1514,1448,4627.0
5.346926,1514,1448,3.1
5.351556,1514,1448,4630.1
5.351560,1514,1448,3.6
5.356191,1514,1448,4630.8
5.356194,1514,1448,3.3
5.360823,1514,1448,4629.4
5.360826,1514,1448,3.1
5.365459,1514,1448,4632.9
5.365464,1514,1448,4.3
5.370093,1514,1448,4629.1
5.370096,1514,1448,3.3
5.374726,1514,1448,4629.4
5.374728,1514,1448,2.9
5.379358,1514,1448,4629.1
5.379360,1514,1448,2.9
5.383999,1514,1448,4638.7
5.384005,1514,1448,6.0
5.388634,1514,1448,4629.4
5.388639,1514,1448,4.8
5.393260,1514,1448,4620.3
5.393262,1514,1448,2.1
5.397892,1514,1448,4630.8
5.397895,1514,1448,2.4
5.402525,1514,1448,4630.3
5.402528,1514,1448,2.9
5.407159,1514,1448,4631.3
5.407162,1514,1448,2.4
5.411793,1514,1448,4631.8
5.411796,1514,1448,2.4
5.416428,1514,1448,4632.5
5.416431,1514,1448,3.1
5.421060,1514,1448,4628.9
5.421063,1514,1448,2.9
5.425692,1514,1448,4628.9
5.425695,1514,1448,2.6
5.430329,1514,1448,4633.9
5.430331,1514,1448,2.9
5.434960,1514,1448,4628.7
5.434963,1514,1448,2.4
5.439594,1514,1448,4631.8
5.439597,1514,1448,2.9
5.444231,1514,1448,4633.9
5.444235,1514,1448,4.1
5.448864,1514,1448,4629.4
5.448867,1514,1448,2.9
5.453498,1514,1448,4630.3
5.453501,1514,1448,3.8
5.458133,1514,1448,4631.3
5.458137,1514,1448,4.1
5.462767,1514,1448,4630.6
5.462771,1514,1448,4.1
5.467399,1514,1448,4627.9
5.467403,1514,1448,3.3
5.472034,1514,1448,4631.3
5.472038,1514,1448,4.3
5.476665,1514,1448,4627.0
5.476669,1514,1448,3.6
5.481301,1514,1448,4632.0
5.481304,1514,1448,3.3
5.485932,1514,1448,4627.9
5.485935,1514,1448,3.1
5.490566,1514,1448,4630.3
5.490571,1514,1448,5.7
5.495198,1514,1448,4626.3
5.495200,1514,1448,2.6
5.499834,1514,1448,4633.4
5.499836,1514,1448,2.9
5.504466,1514,1448,4629.4
5.504469,1514,1448,3.1
5.509100,1514,1448,4630.8
5.509103,1514,1448,2.9
5.513731,1514,1448,4628.7
5.513734,1514,1448,2.6
5.518370,1514,1448,4636.0
5.518374,1514,1448,4.5
5.523003,1514,1448,4628.7
5.523007,1514,1448,3.8
5.527636,1514,1448,4629.1
5.527640,1514,1448,4.1
5.532275,1514,1448,4635.3
5.532279,1514,1448,4.1
5.536906,1514,1448,4626.5
5.536911,1514,1448,5.0
5.541537,1514,1448,4626.3
5.541541,1514,1448,3.8
5.546170,1514,1448,4628.4
5.546173,1514,1448,3.6
5.550801,1514,1448,4627.5
5.550803,1514,1448,2.1
5.555436,1514,1448,4633.2
5.555440,1514,1448,3.8
5.560073,1514,1448,4632.9
5.560078,1514,1448,5.0
5.564703,1514,1448,4625.3
5.564707,1514,1448,3.6
5.569334,1514,1448,4627.7
5.569336,1514,1448,2.1
5.573969,1514,1448,4632.9
5.573972,1514,1448,2.1
5.578604,1514,1448,4632.2
5.578607,1514,1448,3.3
5.583237,1514,1448,4630.3
5.583241,1514,1448,3.3
5.587869,1514,1448,4628.4
5.587871,1514,1448,1.7
5.592511,1514,1448,4640.3
5.592513,1514,1448,1.4
5.597142,1514,1448,4629.9
5.597147,1514,1448,4.5
5.601772,1514,1448,4624.8
5.601775,1514,1448,3.1
5.606404,1514,1448,4628.9
5.606407,1514,1448,2.9
5.611040,1514,1448,4633.4
5.611044,1514,1448,4.1
5.615673,1514,1448,4628.4
5.615676,1514,1448,3.6
5.620309,1514,1448,4632.5
5.620313,1514,1448,4.3
5.624943,1514,1448,4630.1
5.624947,1514,1448,3.6
5.629571,1514,1448,4624.6
5.629573,1514,1448,1.7
5.634213,1514,1448,4640.1
5.634215,1514,1448,1.7
5.638838,1514,1448,4623.7
5.638840,1514,1448,2.1
5.643471,1514,1448,4630.8
5.643473,1514,1448,1.9
5.648107,1514,1448,4634.1
5.648110,1514,1448,3.1
5.652740,1514,1448,4629.4
5.652742,1514,1448,2.4
5.657375,1514,1448,4632.9
5.657377,1514,1448,2.4
5.662006,1514,1448,4628.9
5.662009,1514,1448,2.4
5.666640,1514,1448,4631.5
5.666642,1514,1448,1.7
5.671276,1514,1448,4634.4
5.671284,1514,1448,7.9
5.675909,1514,1448,4625.1
5.675913,1514,1448,3.3
5.680540,1514,1448,4627.2
5.680541,1514,1448,1.4
5.685174,1514,1448,4632.5
5.685175,1514,1448,1.4
5.689808,1514,1448,4632.7
5.689810,1514,1448,1.9
5.694439,1514,1448,4629.6
5.694441,1514,1448,1.4
5.699073,1514,1448,4632.5
5.699075,1514,1448,1.2
5.703707,1514,1448,4632.7
5.703708,1514,1448,1.2
5.708341,1514,1448,4632.5
5.708342,1514,1448,1.4
5.712974,1514,1448,4631.8
5.712975,1514,1448,1.2
5.717607,1514,1448,4632.0
5.717609,1514,1448,1.4
5.722241,1514,1448,4632.5
5.722242,1514,1448,1.2
5.726875,1514,1448,4632.2
5.726876,1514,1448,1.4
5.731508,1514,1448,4632.0
5.731509,1514,1448,1.4
5.736142,1514,1448,4632.2
5.736143,1514,1448,1.4
5.740775,1514,1448,4632.0
5.740777,1514,1448,1.7
5.745409,1514,1448,4632.0
5.745410,1514,1448,1.2
5.750042,1514,1448,4632.2
5.750044,1514,1448,1.4
5.754676,1514,1448,4632.0
5.754677,1514,1448,1.4
5.759338,1514,1448,4660.8
5.759349,1514,1448,11.4
5.763964,1514,1448,4614.8
5.763973,1514,1448,9.3
5.768588,1514,1448,4614.4
5.768595,1514,1448,6.7
5.773211,1514,1448,4616.7
5.773213,1514,1448,1.4
5.777845,1514,1448,4632.0
5.777846,1514,1448,1.2
5.782500,1514,1448,4653.9
5.782503,1514,1448,3.6
5.787164,1514,1448,4661.1
5.787168,1514,1448,3.3
5.791789,1514,1448,4621.3
5.791800,1514,1448,11.0
5.797099,1514,1448,5298.6
5.797112,1514,1448,13.8
5.801027,1514,1448,3914.8
5.801035,1514,1448,7.4
5.805672,1514,1448,4637.5
5.805685,1514,1448,13.1
5.810288,1514,1448,4603.1
5.810291,1514,1448,2.1
5.814914,1514,1448,4622.9
5.814915,1514,1448,1.2
5.819815,1514,1448,4900.7
5.819816,1514,1448,1.0
5.824182,1514,1448,4365.9
5.824185,1514,1448,2.6
5.828814,1514,1448,4628.9
5.828815,1514,1448,1.4
5.833465,1514,1448,4649.4
5.833473,1514,1448,8.3
5.838093,1514,1448,4620.3
5.838099,1514,1448,5.7
5.842721,1514,1448,4622.2
5.842725,1514,1448,3.3
5.847356,1514,1448,4631.0
5.847359,1514,1448,3.6
5.851990,1514,1448,4630.3
5.851994,1514,1448,4.3
5.856619,1514,1448,4624.8
5.856621,1514,1448,2.6
5.861250,1514,1448,4628.9
5.861251,1514,1448,1.2
5.865883,1514,1448,4631.3
5.865884,1514,1448,1.2
5.870517,1514,1448,4632.9
5.870518,1514,1448,1.4
5.875172,1514,1448,4653.7
5.875177,1514,1448,5.2
5.879804,1514,1448,4627.0
5.879807,1514,1448,3.3
5.884424,1514,1448,4616.5
5.884428,1514,1448,3.8
5.889054,1514,1448,4626.3
5.889057,1514,1448,2.9
5.893684,1514,1448,4627.5
5.893686,1514,1448,1.4
5.898332,1514,1448,4646.5
5.898341,1514,1448,8.3
5.903023,1514,1448,4682.5
5.903035,1514,1448,11.7
5.907602,1514,1448,4566.9
5.907610,1514,1448,8.3
5.912256,1514,1448,4645.3
5.912259,1514,1448,3.3
5.916923,1514,1448,4664.4
5.916934,1514,1448,11.2
5.921527,1514,1448,4592.2
5.921531,1514,1448,4.1
5.926216,1514,1448,4685.4
5.926219,1514,1448,3.3
5.930790,1514,1448,4570.7
5.930794,1514,1448,3.3
5.935434,1514,1448,4640.1
5.935442,1514,1448,8.3
5.940065,1514,1448,4622.9
5.940072,1514,1448,7.4
5.944689,1514,1448,4616.3
5.944697,1514,1448,8.3
5.949365,1514,1448,4668.0
5.949378,1514,1448,12.6
5.953953,1514,1448,4575.5
5.953961,1514,1448,8.1
5.958572,1514,1448,4611.0
5.958580,1514,1448,7.9
5.963258,1514,1448,4678.0
5.963269,1514,1448,11.0
5.967862,1514,1448,4592.9
5.967866,1514,1448,4.3
5.972492,1514,1448,4626.3
5.972496,1514,1448,3.3
5.977142,1514,1448,4646.5
5.977151,1514,1448,9.1
5.981742,1514,1448,4590.3
5.981750,1514,1448,8.6
5.986378,1514,1448,4628.2
5.986382,1514,1448,3.6
5.991033,1514,1448,4650.6
5.991036,1514,1448,3.3
5.995686,1514,1448,4649.6
5.995696,1514,1448,10.0
6.000910,1514,1448,5214.5
6.000921,1514,1448,10.7
6.004942,1514,1448,4021.6
6.004956,1514,1448,13.8
6.009544,1514,1448,4587.9
6.009555,1514,1448,11.2
6.014280,1514,1448,4724.3
6.014305,1514,1448,25.5
6.018845,1514,1448,4539.5
6.018848,1514,1448,3.3
6.023452,1514,1448,4603.6
6.023454,1514,1448,2.9
6.028147,1514,1448,4692.8
6.028151,1514,1448,3.3
6.032715,1514,1448,4564.3
6.032718,1514,1448,3.6
6.037957,1514,1448,5238.5
6.037968,1514,1448,11.4
6.042032,1514,1448,4064.1
6.042044,1514,1448,11.7
6.046664,1514,1448,4619.8
6.046676,1514,1448,11.9
6.051289,1514,1448,4612.7
6.051300,1514,1448,11.4
6.055916,1514,1448,4616.3
6.055920,1514,1448,3.6
6.060633,1514,1448,4713.3
6.060641,1514,1448,7.9
6.065165,1514,1448,4523.5
6.065168,1514,1448,3.1
6.069797,1514,1448,4629.4
6.069800,1514,1448,3.1
6.074429,1514,1448,4628.9
6.074439,1514,1448,9.8
6.079095,1514,1448,4656.6
6.079106,1514,1448,10.5
6.083691,1514,1448,4585.5
6.083699,1514,1448,7.4
6.088350,1514,1448,4650.8
6.088353,1514,1448,3.3
6.093060,1514,1448,4706.6
6.093068,1514,1448,8.1
6.097585,1514,1448,4517.1
6.097588,1514,1448,3.6
6.103371,1514,1448,5782.6
6.103374,1514,1448,3.3
6.106934,1514,1448,3559.8
6.106941,1514,1448,7.4
6.111481,1514,1448,4540.0
6.111489,1514,1448,7.9
6.116145,1514,1448,4656.1
6.116157,1514,1448,11.7
6.120764,1514,1448,4607.4
6.120773,1514,1448,8.1
6.126004,1514,1448,5231.4
6.126012,1514,1448,7.6
6.130476,1514,1448,4464.9
6.130488,1514,1448,11.4
6.135955,1514,1448,5467.2
6.135967,1514,1448,11.9
6.139313,1514,1448,3346.2
6.139324,1514,1448,10.7
6.144501,1514,1448,5176.8
6.144514,1514,1448,12.9
6.148982,1514,1448,4468.0
6.148990,1514,1448,8.1
6.153227,1514,1448,4237.7
6.153239,1514,1448,11.2
6.157822,1514,1448,4583.1
6.157831,1514,1448,9.8
6.162478,1514,1448,4646.3
6.162489,1514,1448,11.2
6.167102,1514,1448,4613.2
6.167113,1514,1448,11.2
6.171728,1514,1448,4615.1
6.171734,1514,1448,5.5
6.176463,1514,1448,4728.8
6.176490,1514,1448,27.4
6.180989,1514,1448,4499.0
6.180992,1514,1448,3.3
6.185694,1514,1448,4702.1
6.185698,1514,1448,3.3
6.190298,1514,1448,4599.8
6.190302,1514,1448,4.3
6.194900,1514,1448,4597.9
6.194903,1514,1448,3.3
6.199539,1514,1448,4635.6
6.199542,1514,1448,3.6
6.204156,1514,1448,4614.1
6.204160,1514,1448,3.6
6.208795,1514,1448,4634.9
6.208799,1514,1448,4.1
6.213420,1514,1448,4621.0
6.213423,1514,1448,2.6
6.218104,1514,1448,4681.6
6.218107,1514,1448,3.3
6.222722,1514,1448,4614.1
6.222725,1514,1448,3.3
6.227326,1514,1448,4601.0
6.227330,1514,1448,4.1
6.231969,1514,1448,4639.1
6.231977,1514,1448,8.3
6.236607,1514,1448,4629.9
6.236616,1514,1448,9.1
6.241225,1514,1448,4608.9
6.241229,1514,1448,3.3
6.245859,1514,1448,4630.6
6.245862,1514,1448,3.3
6.250505,1514,1448,4642.5
6.250508,1514,1448,3.3
6.255123,1514,1448,4615.1
6.255126,1514,1448,2.9
6.259824,1514,1448,4698.0
6.259828,1514,1448,3.3
6.264393,1514,1448,4565.5
6.264396,1514,1448,3.3
6.269027,1514,1448,4630.3
6.269030,1514,1448,3.3
6.273642,1514,1448,4612.2
6.273645,1514,1448,2.6
6.278273,1514,1448,4628.2
6.278275,1514,1448,1.4
6.282907,1514,1448,4632.2
6.282908,1514,1448,1.4
6.287636,1514,1448,4727.6
6.287639,1514,1448,3.6
6.292195,1514,1448,4555.5
6.292198,1514,1448,3.6
6.296828,1514,1448,4629.9
6.296832,1514,1448,3.6
6.301462,1514,1448,4630.3
6.301466,1514,1448,3.3
6.306096,1514,1448,4630.3
6.306099,1514,1448,3.1
6.310729,1514,1448,4630.1
6.310732,1514,1448,3.3
6.315347,1514,1448,4614.8
6.315351,1514,1448,3.3
6.320050,1514,1448,4699.7
6.320054,1514,1448,3.6
6.324651,1514,1448,4597.4
6.324655,1514,1448,3.3
6.329353,1514,1448,4698.0
6.329356,1514,1448,3.3
6.333897,1514,1448,4541.4
6.333901,1514,1448,3.3
6.338531,1514,1448,4630.1
6.338534,1514,1448,3.3
6.343164,1514,1448,4630.1
6.343168,1514,1448,3.3
6.347798,1514,1448,4630.8
6.347801,1514,1448,3.1
6.352462,1514,1448,4660.8
6.352466,1514,1448,3.3
6.357065,1514,1448,4599.1
6.357068,1514,1448,3.3
6.361701,1514,1448,4632.7
6.361705,1514,1448,3.8
6.366332,1514,1448,4627.5
6.366335,1514,1448,3.1
6.370966,1514,1448,4630.8
6.370969,1514,1448,3.3
6.375600,1514,1448,4630.3
6.375603,1514,1448,3.3
6.380233,1514,1448,4630.1
6.380236,1514,1448,3.3
6.384877,1514,1448,4640.3
6.384881,1514,1448,3.8
6.389576,1514,1448,4695.7
6.389580,1514,1448,3.3
6.394179,1514,1448,4599.6
6.394182,1514,1448,3.3
6.398767,1514,1448,4585.0
6.398771,1514,1448,3.6
6.403385,1514,1448,4614.4
6.403389,1514,1448,3.1
6.408035,1514,1448,4646.8
6.408039,1514,1448,3.3
6.412668,1514,1448,4629.1
6.412671,1514,1448,3.3
6.417310,1514,1448,4639.1
6.417314,1514,1448,3.8
6.421918,1514,1448,4603.6
6.421921,1514,1448,2.9
6.426549,1514,1448,4628.7
6.426551,1514,1448,1.9
6.431182,1514,1448,4631.0
6.431183,1514,1448,1.2
6.435815,1514,1448,4631.5
6.435816,1514,1448,1.2
6.440470,1514,1448,4653.9
6.440474,1514,1448,3.6
6.445104,1514,1448,4630.3
6.445107,1514,1448,3.3
6.449737,1514,1448,4629.6
6.449740,1514,1448,3.3
6.454370,1514,1448,4629.9
6.454374,1514,1448,3.8
6.459007,1514,1448,4632.7
6.459010,1514,1448,3.3
6.463706,1514,1448,4696.4
6.463710,1514,1448,3.3
6.468272,1514,1448,4562.1
6.468278,1514,1448,6.4
6.472905,1514,1448,4626.8
6.472908,1514,1448,3.3
6.477539,1514,1448,4631.0
6.477543,1514,1448,3.3
6.482172,1514,1448,4629.6
6.482175,1514,1448,3.1
6.486817,1514,1448,4641.5
6.486820,1514,1448,3.3
6.491514,1514,1448,4693.5
6.491516,1514,1448,2.6
6.496119,1514,1448,4603.1
6.496123,1514,1448,3.3
6.500707,1514,1448,4583.8
6.500710,1514,1448,3.6
6.505340,1514,1448,4630.1
6.505344,1514,1448,3.3
6.509991,1514,1448,4647.0
6.509994,1514,1448,3.3
6.514607,1514,1448,4613.2
6.514611,1514,1448,3.3
6.520239,1514,1448,5628.1
6.520242,1514,1448,3.1
6.523927,1514,1448,3685.0
6.523929,1514,1448,2.6
6.528491,1514,1448,4561.9
6.528494,1514,1448,3.1
6.533122,1514,1448,4627.9
6.533124,1514,1448,1.4
6.537755,1514,1448,4630.8
6.537756,1514,1448,1.2
6.542388,1514,1448,4632.0
6.542389,1514,1448,1.2
6.547022,1514,1448,4632.7
6.547023,1514,1448,1.4
6.551712,1514,1448,4688.5
6.551715,1514,1448,3.3
6.556346,1514,1448,4631.3
6.556350,1514,1448,3.6
6.560947,1514,1448,4596.9
6.560950,1514,1448,3.3
6.565577,1514,1448,4627.2
6.565581,1514,1448,3.3
6.570211,1514,1448,4630.3
6.570215,1514,1448,3.6
6.574844,1514,1448,4629.9
6.574848,1514,1448,3.3
6.579478,1514,1448,4630.3
6.579481,1514,1448,3.3
6.584111,1514,1448,4630.1
6.584115,1514,1448,3.6
6.588758,1514,1448,4643.0
6.588761,1514,1448,3.3
6.593379,1514,1448,4618.2
6.593383,1514,1448,3.6
6.598062,1514,1448,4679.0
6.598066,1514,1448,3.6
6.602646,1514,1448,4580.0
6.602649,1514,1448,3.3
6.607279,1514,1448,4630.3
6.607285,1514,1448,6.0
6.611913,1514,1448,4627.5
6.611916,1514,1448,3.3
6.616547,1514,1448,4630.8
6.616550,1514,1448,3.3
6.621269,1514,1448,4719.0
6.621273,1514,1448,3.3
6.625872,1514,1448,4599.3
6.625875,1514,1448,3.3
6.630475,1514,1448,4599.3
6.630478,1514,1448,3.3
6.635082,1514,1448,4603.6
6.635085,1514,1448,3.3
6.639699,1514,1448,4613.6
6.639702,1514,1448,3.1
6.644333,1514,1448,4631.0
6.644336,1514,1448,3.3
6.648982,1514,1448,4646.1
6.648985,1514,1448,3.3
6.653683,1514,1448,4697.6
6.653686,1514,1448,3.1
6.658249,1514,1448,4563.3
6.658253,1514,1448,3.6
6.662889,1514,1448,4635.6
6.662892,1514,1448,3.3
6.667516,1514,1448,4624.6
6.667520,1514,1448,3.3
6.672150,1514,1448,4630.1
6.672153,1514,1448,3.3
6.676784,1514,1448,4630.6
6.676787,1514,1448,3.3
6.681417,1514,1448,4630.3
6.681421,1514,1448,3.3
6.686096,1514,1448,4675.4
6.686100,1514,1448,3.6
6.690699,1514,1448,4599.3
6.690703,1514,1448,3.6
6.695303,1514,1448,4600.0
6.695306,1514,1448,3.3
6.699951,1514,1448,4645.3
6.699955,1514,1448,3.3
6.704585,1514,1448,4630.3
6.704588,1514,1448,3.3
6.709218,1514,1448,4629.4
6.709221,1514,1448,3.3
6.713852,1514,1448,4630.8
6.713855,1514,1448,3.3
6.718510,1514,1448,4654.6
6.718513,1514,1448,3.3
6.723210,1514,1448,4696.6
6.723213,1514,1448,3.3
6.727753,1514,1448,4539.7
6.727756,1514,1448,3.3
6.732386,1514,1448,4630.1
6.732390,1514,1448,3.3
6.737020,1514,1448,4630.1
6.737023,1514,1448,3.3
6.741654,1514,1448,4631.0
6.741657,1514,1448,3.3
6.746288,1514,1448,4630.1
6.746291,1514,1448,3.3
6.750921,1514,1448,4630.6
6.750925,1514,1448,3.3
6.755624,1514,1448,4699.0
6.755627,1514,1448,3.3
6.760176,1514,1448,4548.8
6.760181,1514,1448,4.8
6.764803,1514,1448,4622.0
6.764805,1514,1448,2.4
6.769436,1514,1448,4630.6
6.769437,1514,1448,1.7
6.774069,1514,1448,4631.3
6.774070,1514,1448,1.4
6.778702,1514,1448,4631.8
6.778703,1514,1448,1.4
6.783357,1514,1448,4653.5
6.783360,1514,1448,3.3
6.788038,1514,1448,4677.5
6.788041,1514,1448,3.3
6.792624,1514,1448,4582.9
6.792627,1514,1448,3.3
6.797343,1514,1448,4715.9
6.797348,1514,1448,5.0
6.801891,1514,1448,4542.6
6.801894,1514,1448,3.3
6.806524,1514,1448,4630.3
6.806528,1514,1448,3.3
6.811160,1514,1448,4632.7
6.811164,1514,1448,3.6
6.815792,1514,1448,4627.9
6.815795,1514,1448,3.3
6.820425,1514,1448,4629.9
6.820428,1514,1448,3.3
6.825059,1514,1448,4630.6
6.825062,1514,1448,3.3
6.829754,1514,1448,4691.6
6.829757,1514,1448,3.3
6.834313,1514,1448,4555.9
6.834320,1514,1448,6.7
6.838959,1514,1448,4639.1
6.838962,1514,1448,3.3
6.843593,1514,1448,4630.6
6.843596,1514,1448,3.3
6.848226,1514,1448,4630.1
6.848230,1514,1448,3.3
6.852864,1514,1448,4633.9
6.852867,1514,1448,3.3
6.857565,1514,1448,4698.0
6.857568,1514,1448,3.3
6.862167,1514,1448,4598.4
6.862170,1514,1448,3.6
6.866760,1514,1448,4590.3
6.866764,1514,1448,3.3
6.871394,1514,1448,4630.3
6.871397,1514,1448,3.3
6.876011,1514,1448,4613.9
6.876014,1514,1448,2.9
6.880661,1514,1448,4647.3
6.880665,1514,1448,3.3
6.885321,1514,1448,4655.8
6.885324,1514,1448,3.3
6.889978,1514,1448,4653.7
6.889981,1514,1448,3.3
6.894580,1514,1448,4599.3
6.894584,1514,1448,3.3
6.899195,1514,1448,4611.5
6.899199,1514,1448,3.3
6.903812,1514,1448,4613.4
6.903815,1514,1448,2.9
6.908443,1514,1448,4628.4
6.908445,1514,1448,1.7
6.913076,1514,1448,4631.0
6.913077,1514,1448,1.4
6.917713,1514,1448,4636.0
6.917716,1514,1448,2.9
6.922347,1514,1448,4630.3
6.922349,1514,1448,2.6
6.926977,1514,1448,4627.7
6.926979,1514,1448,1.7
6.931610,1514,1448,4631.8
6.931612,1514,1448,1.2
6.936244,1514,1448,4632.2
6.936245,1514,1448,1.2
6.940878,1514,1448,4632.7
6.940879,1514,1448,1.7
6.945511,1514,1448,4632.0
6.945513,1514,1448,1.2
6.950145,1514,1448,4632.0
6.950146,1514,1448,1.2
6.954778,1514,1448,4632.5
6.954779,1514,1448,1.2
6.959412,1514,1448,4632.9
6.959414,1514,1448,1.2
6.964046,1514,1448,4632.0
6.964047,1514,1448,1.4
6.968679,1514,1448,4631.8
6.968680,1514,1448,1.4
6.973312,1514,1448,4631.8
6.973313,1514,1448,1.4
6.977946,1514,1448,4632.9
6.977947,1514,1448,1.2
6.982580,1514,1448,4632.7
6.982582,1514,1448,1.4
6.987213,1514,1448,4631.5
6.987215,1514,1448,1.4
6.991847,1514,1448,4632.7
6.991849,1514,1448,1.4
6.996481,1514,1448,4632.7
6.996483,1514,1448,1.4
7.001114,1514,1448,4631.3
7.001115,1514,1448,1.2
7.005748,1514,1448,4632.9
7.005750,1514,1448,1.7
7.010381,1514,1448,4631.0
7.010382,1514,1448,1.4
7.015015,1514,1448,4632.9
7.015017,1514,1448,1.2
7.019652,1514,1448,4635.8
7.019655,1514,1448,2.6
7.024287,1514,1448,4632.0
7.024288,1514,1448,1.4
7.028920,1514,1448,4631.5
7.028923,1514,1448,3.1
7.033550,1514,1448,4627.0
7.033551,1514,1448,1.4
7.038183,1514,1448,4631.3
7.038184,1514,1448,1.4
7.042820,1514,1448,4636.0
7.042823,1514,1448,2.9
7.047454,1514,1448,4631.0
7.047457,1514,1448,2.9
7.052088,1514,1448,4630.8
7.052091,1514,1448,2.9
7.056721,1514,1448,4630.6
7.056724,1514,1448,2.4
7.061355,1514,1448,4631.5
7.061360,1514,1448,4.8
7.065985,1514,1448,4625.3
7.065987,1514,1448,1.7
7.070619,1514,1448,4632.5
7.070621,1514,1448,1.7
7.075252,1514,1448,4631.0
7.075253,1514,1448,1.2
7.079886,1514,1448,4632.5
7.079887,1514,1448,1.2
7.084519,1514,1448,4632.2
7.084520,1514,1448,1.2
7.089152,1514,1448,4632.0
7.089154,1514,1448,1.2
7.093787,1514,1448,4633.2
7.093788,1514,1448,1.7
7.098420,1514,1448,4631.5
7.098421,1514,1448,1.2
7.103053,1514,1448,4632.0
7.103055,1514,1448,1.4
7.107709,1514,1448,4654.2
7.107713,1514,1448,4.5
7.112332,1514,1448,4619.1
7.112336,1514,1448,3.6
7.116958,1514,1448,4621.7
7.116961,1514,1448,2.9
7.121588,1514,1448,4627.9
7.121590,1514,1448,1.7
7.126243,1514,1448,4652.7
7.126244,1514,1448,1.2
7.130855,1514,1448,4611.0
7.130856,1514,1448,1.2
7.135489,1514,1448,4632.7
7.135490,1514,1448,1.4
7.140122,1514,1448,4632.0
7.140124,1514,1448,1.2
7.144756,1514,1448,4632.5
7.144757,1514,1448,1.2
7.149390,1514,1448,4632.5
7.149391,1514,1448,1.2
7.154085,1514,1448,4694.0
7.154088,1514,1448,3.3
7.158660,1514,1448,4571.9
7.158663,1514,1448,2.9
7.163391,1514,1448,4728.1
7.163396,1514,1448,4.8
7.167962,1514,1448,4566.4
7.167966,1514,1448,3.3
7.172630,1514,1448,4664.4
7.172642,1514,1448,11.9
7.177222,1514,1448,4579.8
7.177230,1514,1448,7.9
7.181896,1514,1448,4666.1
7.181907,1514,1448,11.0
7.186527,1514,1448,4620.6
7.186531,1514,1448,4.1
7.191727,1514,1448,5195.6
7.191738,1514,1448,11.2
7.195797,1514,1448,4059.1
7.195809,1514,1448,11.7
7.200384,1514,1448,4575.3
7.200392,1514,1448,7.4
7.205014,1514,1448,4622.7
7.205018,1514,1448,3.3
7.209697,1514,1448,4679.4
7.209708,1514,1448,11.2
7.214752,1514,1448,5044.0
7.214760,1514,1448,7.6
7.218967,1514,1448,4207.1
7.218978,1514,1448,11.0
7.223552,1514,1448,4573.8
7.223558,1514,1448,6.7
7.228169,1514,1448,4611.0
7.228175,1514,1448,5.7
7.232799,1514,1448,4623.9
7.232802,1514,1448,3.3
7.237435,1514,1448,4632.7
7.237439,1514,1448,3.8
7.242062,1514,1448,4623.2
7.242064,1514,1448,1.7
7.246696,1514,1448,4632.7
7.246698,1514,1448,1.7
7.251329,1514,1448,4630.6
7.251330,1514,1448,1.4
7.255962,1514,1448,4631.8
7.255963,1514,1448,1.4
7.260597,1514,1448,4633.9
7.260599,1514,1448,1.4
7.265230,1514,1448,4631.3
7.265232,1514,1448,1.9
7.269865,1514,1448,4633.4
7.269867,1514,1448,1.4
7.274500,1514,1448,4633.7
7.274503,1514,1448,3.1
7.279131,1514,1448,4627.9
7.279133,1514,1448,1.9
7.283778,1514,1448,4644.9
7.283784,1514,1448,6.2
7.288413,1514,1448,4628.2
7.288419,1514,1448,6.0
7.293036,1514,1448,4617.2
7.293038,1514,1448,2.6
7.297665,1514,1448,4626.8
7.297667,1514,1448,1.9
7.302298,1514,1448,4631.3
7.302300,1514,1448,1.4
7.306932,1514,1448,4632.5
7.306933,1514,1448,1.2
7.311567,1514,1448,4633.4
7.311569,1514,1448,2.1
7.316199,1514,1448,4630.1
7.316200,1514,1448,1.2
7.320832,1514,1448,4632.0
7.320834,1514,1448,1.4
7.325466,1514,1448,4632.2
7.325467,1514,1448,1.2
7.330102,1514,1448,4635.1
7.330105,1514,1448,2.6
7.334735,1514,1448,4629.9
7.334737,1514,1448,2.1
7.339372,1514,1448,4635.1
7.339375,1514,1448,3.3
7.344004,1514,1448,4628.4
7.344006,1514,1448,2.1
7.348636,1514,1448,4630.6
7.348638,1514,1448,1.9
7.353271,1514,1448,4632.5
7.353273,1514,1448,2.4
7.357904,1514,1448,4630.8
7.357906,1514,1448,2.4
7.362538,1514,1448,4631.5
7.362540,1514,1448,2.4
7.367171,1514,1448,4631.0
7.367173,1514,1448,2.1
7.371807,1514,1448,4633.9
7.371811,1514,1448,3.3
7.376439,1514,1448,4627.9
7.376441,1514,1448,2.9
7.381074,1514,1448,4632.5
7.381077,1514,1448,2.9
7.385707,1514,1448,4630.3
7.385710,1514,1448,3.3
7.390342,1514,1448,4632.0
7.390345,1514,1448,2.4
7.394973,1514,1448,4628.4
7.394976,1514,1448,2.4
7.399617,1514,1448,4641.3
7.399620,1514,1448,2.6
7.404251,1514,1448,4631.3
7.404253,1514,1448,2.1
7.408874,1514,1448,4621.0
7.408876,1514,1448,2.4
7.413509,1514,1448,4632.2
7.413512,1514,1448,2.9
7.418143,1514,1448,4631.8
7.418147,1514,1448,3.6
7.422786,1514,1448,4638.7
7.422788,1514,1448,2.1
7.427419,1514,1448,4631.3
7.427422,1514,1448,2.6
7.432042,1514,1448,4620.8
7.432045,1514,1448,2.4
7.436685,1514,1448,4639.9
7.436687,1514,1448,2.4
7.441320,1514,1448,4632.7
7.441322,1514,1448,2.4
7.445945,1514,1448,4622.5
7.445948,1514,1448,3.8
7.450579,1514,1448,4631.0
7.450583,1514,1448,3.8
7.455213,1514,1448,4629.4
7.455216,1514,1448,3.6
7.459847,1514,1448,4630.6
7.459850,1514,1448,3.3
7.464480,1514,1448,4629.9
7.464484,1514,1448,4.1
7.469113,1514,1448,4628.9
7.469117,1514,1448,3.8
7.473747,1514,1448,4630.6
7.473751,1514,1448,3.3
7.478381,1514,1448,4630.3
7.478384,1514,1448,3.3
7.483014,1514,1448,4630.1
7.483018,1514,1448,3.6
7.487648,1514,1448,4630.1
7.487652,1514,1448,3.8
7.492288,1514,1448,4635.8
7.492290,1514,1448,1.9
7.496914,1514,1448,4624.4
7.496917,1514,1448,2.6
7.501547,1514,1448,4630.8
7.501550,1514,1448,3.1
7.506184,1514,1448,4633.2
7.506188,1514,1448,4.1
7.510816,1514,1448,4627.9
7.510818,1514,1448,2.9
7.515447,1514,1448,4628.2
7.515449,1514,1448,2.6
7.520082,1514,1448,4633.2
7.520085,1514,1448,2.4
7.524716,1514,1448,4630.8
7.524718,1514,1448,2.6
7.529352,1514,1448,4634.1
7.529356,1514,1448,4.1
7.533983,1514,1448,4626.8
7.533987,1514,1448,3.3
7.538620,1514,1448,4633.2
7.538624,1514,1448,4.1
7.543262,1514,1448,4638.7
7.543267,1514,1448,5.0
7.547883,1514,1448,4615.8
7.547886,1514,1448,3.1
7.552518,1514,1448,4632.0
7.552523,1514,1448,4.3
7.557150,1514,1448,4627.7
7.557154,1514,1448,3.3
7.561791,1514,1448,4637.7
7.561793,1514,1448,1.9
7.566424,1514,1448,4630.8
7.566426,1514,1448,1.7
7.571048,1514,1448,4622.0
7.571049,1514,1448,1.4
7.575683,1514,1448,4633.4
7.575685,1514,1448,2.1
7.580329,1514,1448,4644.2
7.580332,1514,1448,2.6
7.584951,1514,1448,4619.8
7.584953,1514,1448,1.9
7.589593,1514,1448,4639.6
7.589595,1514,1448,1.7
7.594222,1514,1448,4627.7
7.594227,1514,1448,4.3
7.598855,1514,1448,4628.9
7.598859,1514,1448,3.3
7.603488,1514,1448,4629.4
7.603492,1514,1448,4.3
7.608125,1514,1448,4632.7
7.608131,1514,1448,5.7
7.612783,1514,1448,4652.5
7.612794,1514,1448,10.3
7.617393,1514,1448,4598.9
7.617398,1514,1448,5.2
7.622062,1514,1448,4664.4
7.622078,1514,1448,15.5
7.626652,1514,1448,4574.5
7.626654,1514,1448,1.9
7.631288,1514,1448,4633.4
7.631289,1514,1448,1.4
7.635919,1514,1448,4630.1
7.635921,1514,1448,1.9
7.640553,1514,1448,4632.0
7.640555,1514,1448,1.7
7.645198,1514,1448,4643.4
7.645200,1514,1448,2.4
7.649831,1514,1448,4630.1
7.649833,1514,1448,2.4
7.654455,1514,1448,4621.7
7.654457,1514,1448,2.6
7.659087,1514,1448,4630.1
7.659089,1514,1448,1.9
7.663722,1514,1448,4632.5
7.663724,1514,1448,2.1
7.668368,1514,1448,4643.7
7.668370,1514,1448,2.9
7.672992,1514,1448,4621.7
7.672996,1514,1448,4.1
7.677624,1514,1448,4627.2
7.677625,1514,1448,1.9
7.682255,1514,1448,4629.6
7.682257,1514,1448,1.9
7.686888,1514,1448,4631.0
7.686890,1514,1448,1.7
7.691522,1514,1448,4632.0
7.691523,1514,1448,1.2
7.696155,1514,1448,4632.0
7.696156,1514,1448,1.2
7.700788,1514,1448,4631.8
7.700789,1514,1448,1.2
7.705422,1514,1448,4632.9
7.705424,1514,1448,1.7
7.710055,1514,1448,4631.5
7.710057,1514,1448,1.4
7.714689,1514,1448,4632.5
7.714690,1514,1448,1.2
7.719322,1514,1448,4631.5
7.719323,1514,1448,1.4
7.723955,1514,1448,4632.2
7.723957,1514,1448,1.4
7.728590,1514,1448,4632.9
7.728591,1514,1448,1.4
7.733223,1514,1448,4632.2
7.733225,1514,1448,1.4
7.737857,1514,1448,4632.0
7.737858,1514,1448,1.4
7.742490,1514,1448,4631.8
7.742491,1514,1448,1.2
7.747128,1514,1448,4637.0
7.747131,1514,1448,2.6
7.751758,1514,1448,4627.0
7.751759,1514,1448,1.4
7.756392,1514,1448,4632.7
7.756393,1514,1448,1.2
7.761029,1514,1448,4636.0
7.761034,1514,1448,4.3
7.765659,1514,1448,4625.1
7.765660,1514,1448,1.4
7.770293,1514,1448,4632.9
7.770295,1514,1448,1.9
7.774926,1514,1448,4631.3
7.774928,1514,1448,1.4
7.779559,1514,1448,4631.5
7.779560,1514,1448,1.2
7.784193,1514,1448,4632.7
7.784194,1514,1448,1.4
7.788827,1514,1448,4632.2
7.788828,1514,1448,1.2
7.793460,1514,1448,4632.0
7.793461,1514,1448,1.2
7.798196,1514,1448,4734.8
7.798200,1514,1448,3.8
7.802765,1514,1448,4565.5
7.802768,1514,1448,3.3
7.807414,1514,1448,4645.1
7.807425,1514,1448,11.4
7.812019,1514,1448,4594.1
7.812023,1514,1448,3.8
7.816649,1514,1448,4626.3
7.816653,1514,1448,3.3
7.821310,1514,1448,4657.5
7.821313,1514,1448,3.3
7.826007,1514,1448,4693.3
7.826010,1514,1448,3.3
7.830566,1514,1448,4556.4
7.830570,1514,1448,3.3
7.835184,1514,1448,4614.1
7.835187,1514,1448,3.3
7.839867,1514,1448,4680.2
7.839879,1514,1448,11.4
7.844499,1514,1448,4620.6
7.844511,1514,1448,11.4
7.849113,1514,1448,4602.7
7.849125,1514,1448,11.4
7.853749,1514,1448,4623.9
7.853757,1514,1448,8.1
7.858418,1514,1448,4660.6
7.858421,1514,1448,3.3
7.863012,1514,1448,4590.7
7.863020,1514,1448,8.1
7.867635,1514,1448,4615.3
7.867638,1514,1448,3.3
7.872269,1514,1448,4630.8
7.872272,1514,1448,3.1
7.876874,1514,1448,4602.0
7.876879,1514,1448,4.8
7.881500,1514,1448,4621.0
7.881501,1514,1448,1.4
7.886132,1514,1448,4630.8
7.886133,1514,1448,1.2
7.890802,1514,1448,4669.0
7.890806,1514,1448,3.6
7.895502,1514,1448,4695.7
7.895505,1514,1448,3.3
7.900109,1514,1448,4603.9
7.900116,1514,1448,7.4
7.904736,1514,1448,4619.8
7.904747,1514,1448,11.2
7.909325,1514,1448,4577.6
7.909333,1514,1448,7.9
7.913971,1514,1448,4638.7
7.913975,1514,1448,3.6
7.918638,1514,1448,4663.2
7.918650,1514,1448,11.7
7.923312,1514,1448,4662.3
7.923320,1514,1448,7.6
7.927954,1514,1448,4634.6
7.927966,1514,1448,11.4
7.932541,1514,1448,4575.0
7.932552,1514,1448,11.0
7.937785,1514,1448,5233.0
7.937797,1514,1448,11.9
7.941790,1514,1448,3992.8
7.941798,1514,1448,8.3
7.946422,1514,1448,4623.7
7.946434,1514,1448,11.9
7.951492,1514,1448,5058.8
7.951504,1514,1448,11.9
7.955709,1514,1448,4204.8
7.955720,1514,1448,11.2
7.960590,1514,1448,4869.7
7.960598,1514,1448,8.1
7.964946,1514,1448,4347.8
7.964956,1514,1448,10.5
7.969608,1514,1448,4651.5
7.969620,1514,1448,11.9
7.974226,1514,1448,4606.2
7.974235,1514,1448,8.8
7.978843,1514,1448,4607.9
7.978846,1514,1448,3.6
7.983475,1514,1448,4628.9
7.983479,1514,1448,3.3
7.988093,1514,1448,4614.8
7.988097,1514,1448,3.6
7.992777,1514,1448,4679.7
7.992780,1514,1448,3.3
7.997381,1514,1448,4601.5
7.997385,1514,1448,3.1
8.002043,1514,1448,4658.2
8.002054,1514,1448,11.7
8.006660,1514,1448,4605.1
8.006671,1514,1448,11.2
8.012084,1514,1448,5412.8
8.012095,1514,1448,11.4
8.015978,1514,1448,3882.9
8.015986,1514,1448,8.3
8.021052,1514,1448,5065.4
8.021063,1514,1448,11.2
8.025212,1514,1448,4148.7
8.025223,1514,1448,11.2
8.029814,1514,1448,4591.0
8.029818,1514,1448,4.3
8.034414,1514,1448,4596.0
8.034418,1514,1448,3.6
8.039046,1514,1448,4628.2
8.039049,1514,1448,3.6
8.043688,1514,1448,4638.4
8.043696,1514,1448,7.9
8.048314,1514,1448,4618.2
8.048317,1514,1448,3.1
8.052948,1514,1448,4631.3
8.052951,1514,1448,3.1
8.057577,1514,1448,4625.6
8.057579,1514,1448,1.7
8.062209,1514,1448,4630.6
8.062210,1514,1448,1.2
8.066843,1514,1448,4632.5
8.066844,1514,1448,1.2
8.071476,1514,1448,4632.5
8.071478,1514,1448,1.2
8.076115,1514,1448,4637.7
8.076120,1514,1448,4.8
8.080745,1514,1448,4624.4
8.080746,1514,1448,1.4
8.085377,1514,1448,4631.0
8.085378,1514,1448,1.2
8.090021,1514,1448,4642.7
8.090022,1514,1448,1.4
8.094644,1514,1448,4621.7
8.094645,1514,1448,1.2
8.099278,1514,1448,4632.5
8.099279,1514,1448,1.4
8.103932,1514,1448,4653.2
8.103936,1514,1448,3.3
8.108566,1514,1448,4629.9
8.108569,1514,1448,3.3
8.113811,1514,1448,5242.3
8.113822,1514,1448,11.2
8.117846,1514,1448,4023.6
8.117854,1514,1448,7.9
8.122452,1514,1448,4597.9
8.122455,1514,1448,3.3
8.127118,1514,1448,4663.0
8.127122,1514,1448,3.8
8.131716,1514,1448,4594.3
8.131719,1514,1448,3.1
8.136348,1514,1448,4628.7
8.136349,1514,1448,1.4
8.140981,1514,1448,4631.8
8.140982,1514,1448,1.2
8.145614,1514,1448,4631.3
8.145615,1514,1448,1.4
8.150247,1514,1448,4631.5
8.150248,1514,1448,1.2
8.154881,1514,1448,4632.7
8.154882,1514,1448,1.4
8.159607,1514,1448,4724.7
8.159618,1514,1448,11.4
8.164193,1514,1448,4575.3
8.164201,1514,1448,7.2
8.168817,1514,1448,4616.0
8.168820,1514,1448,3.3
8.173453,1514,1448,4632.7
8.173456,1514,1448,3.3
8.178116,1514,1448,4659.7
8.178127,1514,1448,11.2
8.182723,1514,1448,4595.8
8.182727,1514,1448,4.1
8.187350,1514,1448,4623.2
8.187354,1514,1448,4.3
8.192055,1514,1448,4700.7
8.192058,1514,1448,3.3
8.196657,1514,1448,4599.3
8.196661,1514,1448,3.3
8.201291,1514,1448,4629.9
8.201302,1514,1448,11.7
8.205898,1514,1448,4595.8
8.205910,1514,1448,11.9
8.210521,1514,1448,4610.8
8.210525,1514,1448,3.8
8.215180,1514,1448,4655.8
8.215191,1514,1448,11.0
8.219799,1514,1448,4607.4
8.219807,1514,1448,8.1
8.224438,1514,1448,4631.5
8.224450,1514,1448,11.7
8.229057,1514,1448,4606.7
8.229069,1514,1448,12.2
8.233684,1514,1448,4614.6
8.233691,1514,1448,7.6
8.238417,1514,1448,4726.2
8.238453,1514,1448,35.5
8.242964,1514,1448,4510.6
8.242975,1514,1448,11.7
8.247575,1514,1448,4599.8
8.247579,1514,1448,3.6
8.252225,1514,1448,4646.5
8.252229,1514,1448,4.3
8.256927,1514,1448,4697.6
8.256930,1514,1448,3.3
8.261614,1514,1448,4683.7
8.261622,1514,1448,7.9
8.266633,1514,1448,5010.6
8.266644,1514,1448,11.7
8.270767,1514,1448,4122.5
8.270774,1514,1448,7.6
8.275378,1514,1448,4603.1
8.275382,1514,1448,4.1
8.280008,1514,1448,4626.5
8.280011,1514,1448,3.3
8.284692,1514,1448,4680.6
8.284704,1514,1448,11.7
8.289269,1514,1448,4565.0
8.289279,1514,1448,10.7
8.293992,1514,1448,4712.6
8.294000,1514,1448,8.3
8.298559,1514,1448,4559.0
8.298563,1514,1448,3.3
8.303226,1514,1448,4663.5
8.303238,1514,1448,11.4
8.307843,1514,1448,4605.3
8.307852,1514,1448,9.1
8.312484,1514,1448,4632.0
8.312494,1514,1448,9.5
8.317094,1514,1448,4600.5
8.317104,1514,1448,9.8
8.321856,1514,1448,4752.4
8.321865,1514,1448,8.3
8.326385,1514,1448,4520.2
8.326388,1514,1448,3.6
8.331086,1514,1448,4698.0
8.331094,1514,1448,7.2
8.335662,1514,1448,4568.3
8.335673,1514,1448,11.2
8.340255,1514,1448,4581.9
8.340264,1514,1448,8.6
8.344896,1514,1448,4632.5
8.344899,1514,1448,3.3
8.349513,1514,1448,4613.4
8.349516,1514,1448,3.3
8.354193,1514,1448,4677.1
8.354204,1514,1448,11.2
8.358811,1514,1448,4607.0
8.358818,1514,1448,6.9
8.363409,1514,1448,4590.3
8.363413,1514,1448,4.3
8.368094,1514,1448,4681.1
8.368097,1514,1448,3.3
8.372696,1514,1448,4598.6
8.372699,1514,1448,3.3
8.377340,1514,1448,4640.6
8.377350,1514,1448,10.3
8.381970,1514,1448,4620.1
8.381977,1514,1448,6.4
8.386598,1514,1448,4621.3
8.386601,1514,1448,3.6
8.391307,1514,1448,4705.9
8.391311,1514,1448,3.3
8.395933,1514,1448,4622.7
8.395945,1514,1448,11.2
8.400513,1514,1448,4568.6
8.400520,1514,1448,6.9
8.405718,1514,1448,5198.2
8.405730,1514,1448,12.2
8.409800,1514,1448,4069.1
8.409811,1514,1448,11.4
8.414394,1514,1448,4582.9
8.414402,1514,1448,7.6
8.419063,1514,1448,4661.8
8.419075,1514,1448,11.4
8.423693,1514,1448,4617.9
8.423701,1514,1448,8.3
8.428283,1514,1448,4582.2
8.428291,1514,1448,7.9
8.432999,1514,1448,4708.3
8.433003,1514,1448,3.3
8.437567,1514,1448,4564.5
8.437571,1514,1448,3.3
8.442201,1514,1448,4630.1
8.442204,1514,1448,3.3
8.446835,1514,1448,4630.6
8.446838,1514,1448,3.3
8.451447,1514,1448,4608.6
8.451455,1514,1448,8.1
8.456129,1514,1448,4674.0
8.456139,1514,1448,10.7
8.460750,1514,1448,4611.0
8.460762,1514,1448,11.4
8.465445,1514,1448,4683.5
8.465454,1514,1448,8.3
8.470038,1514,1448,4584.6
8.470050,1514,1448,11.4
8.474629,1514,1448,4579.8
8.474638,1514,1448,8.8
8.479311,1514,1448,4672.5
8.479322,1514,1448,11.7
8.483911,1514,1448,4588.4
8.483920,1514,1448,8.8
8.488551,1514,1448,4631.5
8.488558,1514,1448,7.2
8.493243,1514,1448,4684.9
8.493254,1514,1448,11.2
8.497824,1514,1448,4569.8
8.497831,1514,1448,6.9
8.502438,1514,1448,4606.5
8.502441,1514,1448,3.3
8.507055,1514,1448,4613.9
8.507058,1514,1448,3.3
8.511689,1514,1448,4630.6
8.511692,1514,1448,3.3
8.516308,1514,1448,4616.0
8.516311,1514,1448,3.3
8.520956,1514,1448,4644.4
8.520959,1514,1448,3.3
8.525574,1514,1448,4615.1
8.525578,1514,1448,3.6
8.530223,1514,1448,4645.6
8.530255,1514,1448,31.5
8.534842,1514,1448,4586.9
8.534845,1514,1448,3.3
8.539473,1514,1448,4628.2
8.539476,1514,1448,2.9
8.544124,1514,1448,4648.2
8.544128,1514,1448,3.3
8.548741,1514,1448,4613.2
8.548743,1514,1448,2.6
8.553376,1514,1448,4632.2
8.553379,1514,1448,3.1
8.558040,1514,1448,4661.6
8.558044,1514,1448,3.3
8.562742,1514,1448,4697.8
8.562745,1514,1448,3.8
8.567278,1514,1448,4532.6
8.567284,1514,1448,5.7
8.571908,1514,1448,4624.8
8.571912,1514,1448,3.1
8.576540,1514,1448,4628.9
8.576543,1514,1448,2.4
8.581172,1514,1448,4629.4
8.581174,1514,1448,1.4
8.585806,1514,1448,4632.2
8.585807,1514,1448,1.2
8.590439,1514,1448,4631.5
8.590440,1514,1448,1.7
8.595072,1514,1448,4632.0
8.595074,1514,1448,1.4
8.599724,1514,1448,4650.6
8.599726,1514,1448,1.4
8.604340,1514,1448,4614.1
8.604342,1514,1448,1.7
8.608974,1514,1448,4632.0
8.608975,1514,1448,1.4
8.613607,1514,1448,4632.2
8.613608,1514,1448,1.2
8.618241,1514,1448,4632.2
8.618242,1514,1448,1.4
8.622874,1514,1448,4632.0
8.622875,1514,1448,1.4
8.627510,1514,1448,4634.6
8.627512,1514,1448,2.1
8.632154,1514,1448,4641.8
8.632161,1514,1448,7.4
8.636794,1514,1448,4632.7
8.636801,1514,1448,6.9
8.641409,1514,1448,4608.4
8.641411,1514,1448,1.4
8.646044,1514,1448,4633.7
8.646047,1514,1448,2.1
8.650680,1514,1448,4633.4
8.650683,1514,1448,2.9
8.655313,1514,1448,4630.1
8.655315,1514,1448,1.7
8.659953,1514,1448,4638.2
8.659957,1514,1448,4.5
8.664578,1514,1448,4620.6
8.664579,1514,1448,1.4
8.669211,1514,1448,4631.8
8.669213,1514,1448,1.7
8.673844,1514,1448,4630.8
8.673845,1514,1448,1.4
8.678477,1514,1448,4632.2
8.678478,1514,1448,1.2
8.683111,1514,1448,4632.5
8.683112,1514,1448,1.2
8.687745,1514,1448,4632.7
8.687746,1514,1448,1.2
8.692379,1514,1448,4632.7
8.692380,1514,1448,1.4
8.697012,1514,1448,4631.8
8.697013,1514,1448,1.2
8.701656,1514,1448,4643.2
8.701658,1514,1448,1.2
8.706286,1514,1448,4628.4
8.706287,1514,1448,1.2
8.710914,1514,1448,4626.8
8.710915,1514,1448,1.4
8.715546,1514,1448,4630.6
8.715547,1514,1448,1.4
8.720180,1514,1448,4632.5
8.720181,1514,1448,1.4
8.724813,1514,1448,4632.2
8.724815,1514,1448,1.2
8.729447,1514,1448,4632.5
8.729448,1514,1448,1.2
8.734082,1514,1448,4633.2
8.734083,1514,1448,1.7
8.738714,1514,1448,4631.0
8.738716,1514,1448,1.7
8.743348,1514,1448,4631.8
8.743349,1514,1448,1.2
8.747982,1514,1448,4632.7
8.747983,1514,1448,1.2
8.752615,1514,1448,4632.7
8.752617,1514,1448,1.2
8.757249,1514,1448,4632.5
8.757251,1514,1448,1.4
8.761889,1514,1448,4638.9
8.761894,1514,1448,4.8
8.766516,1514,1448,4621.7
8.766517,1514,1448,1.4
8.771150,1514,1448,4632.5
8.771151,1514,1448,1.2
8.775783,1514,1448,4632.0
8.775785,1514,1448,1.9
8.780417,1514,1448,4632.2
8.780419,1514,1448,1.4
8.785050,1514,1448,4631.5
8.785051,1514,1448,1.2
8.789684,1514,1448,4632.2
8.789685,1514,1448,1.4
8.794317,1514,1448,4632.2
8.794319,1514,1448,1.4
8.798951,1514,1448,4632.5
8.798953,1514,1448,1.7
8.803585,1514,1448,4632.2
8.803586,1514,1448,1.2
8.808218,1514,1448,4631.5
8.808219,1514,1448,1.2
8.812852,1514,1448,4632.7
8.812853,1514,1448,1.2
8.817485,1514,1448,4632.5
8.817487,1514,1448,1.2
8.822119,1514,1448,4632.7
8.822121,1514,1448,1.4
8.826753,1514,1448,4632.7
8.826755,1514,1448,1.2
8.831386,1514,1448,4631.8
8.831388,1514,1448,1.2
8.836020,1514,1448,4632.2
8.836021,1514,1448,1.2
8.840656,1514,1448,4635.3
8.840659,1514,1448,2.9
8.845289,1514,1448,4629.6
8.845290,1514,1448,1.7
8.849921,1514,1448,4630.6
8.849922,1514,1448,1.2
8.854554,1514,1448,4632.2
8.854556,1514,1448,1.2
8.859188,1514,1448,4632.2
8.859189,1514,1448,1.4
8.863822,1514,1448,4632.5
8.863823,1514,1448,1.4
8.868455,1514,1448,4631.5
8.868456,1514,1448,1.4
8.873089,1514,1448,4632.7
8.873090,1514,1448,1.2
8.877729,1514,1448,4638.7
8.877732,1514,1448,3.6
8.882357,1514,1448,4625.1
8.882359,1514,1448,1.7
8.886990,1514,1448,4630.6
8.886991,1514,1448,1.4
8.891623,1514,1448,4632.0
8.891624,1514,1448,1.2
8.896257,1514,1448,4632.7
8.896258,1514,1448,1.4
8.900891,1514,1448,4632.2
8.900892,1514,1448,1.2
8.905524,1514,1448,4631.8
8.905525,1514,1448,1.4
8.910160,1514,1448,4634.6
8.910161,1514,1448,1.9
8.914812,1514,1448,4650.4
8.914820,1514,1448,8.6
8.919430,1514,1448,4609.1
8.919432,1514,1448,2.9
8.924065,1514,1448,4632.2
8.924068,1514,1448,3.1
8.928694,1514,1448,4626.5
8.928697,1514,1448,2.4
8.933326,1514,1448,4629.1
8.933327,1514,1448,1.4
8.937959,1514,1448,4632.2
8.937961,1514,1448,1.2
8.942593,1514,1448,4632.0
8.942594,1514,1448,1.2
8.947226,1514,1448,4632.5
8.947227,1514,1448,1.2
8.951860,1514,1448,4632.7
8.951862,1514,1448,1.4
8.956493,1514,1448,4631.5
8.956495,1514,1448,1.7
8.961127,1514,1448,4632.2
8.961128,1514,1448,1.2
8.965761,1514,1448,4632.9
8.965763,1514,1448,1.4
8.970395,1514,1448,4632.2
8.970396,1514,1448,1.4
8.975028,1514,1448,4631.5
8.975029,1514,1448,1.2
8.979662,1514,1448,4632.9
8.979664,1514,1448,1.7
8.984295,1514,1448,4631.3
8.984296,1514,1448,1.2
8.988928,1514,1448,4632.0
8.988929,1514,1448,1.2
8.993562,1514,1448,4633.2
8.993564,1514,1448,1.7
8.998196,1514,1448,4631.8
8.998197,1514,1448,1.4
9.002830,1514,1448,4632.2
9.002831,1514,1448,1.2
9.007463,1514,1448,4632.2
9.007464,1514,1448,1.2
9.012096,1514,1448,4632.2
9.012098,1514,1448,1.4
9.016731,1514,1448,4632.9
9.016732,1514,1448,1.4
9.021363,1514,1448,4631.3
9.021365,1514,1448,1.2
9.025998,1514,1448,4632.9
9.025999,1514,1448,1.2
9.030631,1514,1448,4632.0
9.030632,1514,1448,1.2
9.035266,1514,1448,4633.7
9.035268,1514,1448,1.9
9.039899,1514,1448,4631.0
9.039900,1514,1448,1.4
9.044532,1514,1448,4631.5
9.044533,1514,1448,1.2
9.049165,1514,1448,4632.2
9.049166,1514,1448,1.2
9.053799,1514,1448,4632.5
9.053800,1514,1448,1.4
9.058434,1514,1448,4633.4
9.058435,1514,1448,1.4
9.063066,1514,1448,4631.0
9.063067,1514,1448,1.2
9.067700,1514,1448,4632.7
9.067701,1514,1448,1.2
9.072333,1514,1448,4632.0
9.072335,1514,1448,1.4
9.076967,1514,1448,4632.5
9.076968,1514,1448,1.2
9.081601,1514,1448,4632.5
9.081602,1514,1448,1.2
9.086235,1514,1448,4632.7
9.086236,1514,1448,1.4
9.090867,1514,1448,4631.3
9.090869,1514,1448,1.4
9.095501,1514,1448,4632.0
9.095502,1514,1448,1.4
9.100174,1514,1448,4672.1
9.100179,1514,1448,4.8
9.104769,1514,1448,4590.3
9.104771,1514,1448,1.4
9.109402,1514,1448,4631.8
9.109404,1514,1448,1.4
9.114040,1514,1448,4635.8
9.114042,1514,1448,2.6
9.118670,1514,1448,4627.9
9.118672,1514,1448,1.4
9.123307,1514,1448,4635.3
9.123310,1514,1448,2.9
9.127940,1514,1448,4630.1
9.127943,1514,1448,2.9
9.132571,1514,1448,4627.7
9.132572,1514,1448,1.7
9.137204,1514,1448,4632.2
9.137206,1514,1448,1.4
9.141838,1514,1448,4632.0
9.141839,1514,1448,1.4
9.146471,1514,1448,4631.8
9.146472,1514,1448,1.4
9.151106,1514,1448,4633.2
9.151107,1514,1448,1.4
9.155738,1514,1448,4630.8
9.155739,1514,1448,1.4
9.160377,1514,1448,4637.7
9.160379,1514,1448,2.1
9.165006,1514,1448,4627.0
9.165008,1514,1448,1.4
9.169639,1514,1448,4631.3
9.169640,1514,1448,1.2
9.174273,1514,1448,4632.9
9.174274,1514,1448,1.4
9.178906,1514,1448,4631.8
9.178908,1514,1448,1.4
9.183540,1514,1448,4632.7
9.183542,1514,1448,1.4
9.188173,1514,1448,4631.5
9.188175,1514,1448,1.4
9.192807,1514,1448,4632.2
9.192808,1514,1448,1.4
9.197440,1514,1448,4631.8
9.197442,1514,1448,1.4
9.202074,1514,1448,4632.7
9.202075,1514,1448,1.2
9.206708,1514,1448,4632.9
9.206710,1514,1448,1.2
9.211341,1514,1448,4631.8
9.211343,1514,1448,1.7
9.215975,1514,1448,4632.0
9.215976,1514,1448,1.2
9.220608,1514,1448,4632.0
9.220609,1514,1448,1.2
9.225242,1514,1448,4632.5
9.225243,1514,1448,1.4
9.229901,1514,1448,4657.3
9.229911,1514,1448,10.7
9.234516,1514,1448,4604.3
9.234521,1514,1448,5.7
9.239181,1514,1448,4659.4
9.239195,1514,1448,13.8
9.243777,1514,1448,4582.6
9.243779,1514,1448,2.1
9.248410,1514,1448,4630.6
9.248411,1514,1448,1.2
9.253045,1514,1448,4634.1
9.253047,1514,1448,1.7
9.257678,1514,1448,4630.8
9.257679,1514,1448,1.2
9.262311,1514,1448,4632.0
9.262312,1514,1448,1.4
9.266946,1514,1448,4633.2
9.266947,1514,1448,1.4
9.271580,1514,1448,4632.7
9.271582,1514,1448,1.9
9.276215,1514,1448,4633.7
9.276218,1514,1448,2.4
9.280846,1514,1448,4627.9
9.280847,1514,1448,1.2
9.285480,1514,1448,4632.7
9.285481,1514,1448,1.4
9.290112,1514,1448,4631.3
9.290113,1514,1448,1.2
9.294747,1514,1448,4633.7
9.294749,1514,1448,1.4
9.299380,1514,1448,4631.3
9.299381,1514,1448,1.4
9.304014,1514,1448,4632.9
9.304015,1514,1448,1.2
9.308647,1514,1448,4631.8
9.308648,1514,1448,1.2
9.313286,1514,1448,4637.5
9.313287,1514,1448,1.4
9.317914,1514,1448,4626.8
9.317915,1514,1448,1.2
9.322548,1514,1448,4632.7
9.322549,1514,1448,1.4
9.327182,1514,1448,4632.7
9.327183,1514,1448,1.4
9.331830,1514,1448,4646.1
9.331832,1514,1448,2.6
9.336454,1514,1448,4621.7
9.336458,1514,1448,4.3
9.341087,1514,1448,4628.9
9.341090,1514,1448,2.6
9.345720,1514,1448,4629.9
9.345722,1514,1448,2.4
9.350352,1514,1448,4630.3
9.350354,1514,1448,2.1
9.354987,1514,1448,4632.2
9.354990,1514,1448,3.3
9.359631,1514,1448,4640.6
9.359633,1514,1448,2.4
9.364266,1514,1448,4633.4
9.364269,1514,1448,3.1
9.368889,1514,1448,4619.4
9.368892,1514,1448,3.1
9.373523,1514,1448,4631.5
9.373527,1514,1448,3.6
9.378159,1514,1448,4631.5
9.378162,1514,1448,3.8
9.382794,1514,1448,4632.0
9.382799,1514,1448,4.5
9.387424,1514,1448,4625.1
9.387427,1514,1448,3.3
9.392057,1514,1448,4629.6
9.392060,1514,1448,2.6
9.396691,1514,1448,4631.5
9.396694,1514,1448,3.1
9.401325,1514,1448,4630.3
9.401328,1514,1448,3.6
9.405957,1514,1448,4629.1
9.405961,1514,1448,3.3
9.410592,1514,1448,4631.3
9.410595,1514,1448,3.6
9.415226,1514,1448,4630.1
9.415229,1514,1448,3.1
9.419860,1514,1448,4631.8
9.419864,1514,1448,3.3
9.424492,1514,1448,4628.7
9.424495,1514,1448,2.9
9.429124,1514,1448,4629.1
9.429127,1514,1448,2.4
9.433761,1514,1448,4634.4
9.433764,1514,1448,3.1
9.438392,1514,1448,4627.7
9.438395,1514,1448,2.9
9.443028,1514,1448,4633.7
9.443033,1514,1448,4.3
9.447664,1514,1448,4631.0
9.447668,1514,1448,3.8
9.452299,1514,1448,4631.3
9.452304,1514,1448,5.2
9.456933,1514,1448,4628.4
9.456937,1514,1448,4.8
9.461566,1514,1448,4628.4
9.461570,1514,1448,4.5
9.466199,1514,1448,4629.1
9.466205,1514,1448,5.5
9.470832,1514,1448,4627.0
9.470836,1514,1448,3.8
9.475468,1514,1448,4632.0
9.475474,1514,1448,6.0
9.480100,1514,1448,4626.0
9.480104,1514,1448,4.1
9.484732,1514,1448,4628.4
9.484737,1514,1448,5.2
9.489362,1514,1448,4624.8
9.489366,1514,1448,3.6
9.493998,1514,1448,4632.2
9.494001,1514,1448,3.3
9.498632,1514,1448,4630.6
9.498635,1514,1448,3.1
9.503265,1514,1448,4630.3
9.503269,1514,1448,3.3
9.507898,1514,1448,4629.4
9.507902,1514,1448,3.8
9.512532,1514,1448,4629.9
9.512536,1514,1448,4.1
9.517165,1514,1448,4629.1
9.517168,1514,1448,3.3
9.521800,1514,1448,4631.3
9.521804,1514,1448,4.5
9.526432,1514,1448,4627.5
9.526435,1514,1448,3.1
9.531068,1514,1448,4633.2
9.531072,1514,1448,4.3
9.535702,1514,1448,4630.1
9.535707,1514,1448,4.8
9.540334,1514,1448,4626.5
9.540337,1514,1448,3.8
9.544965,1514,1448,4627.5
9.544968,1514,1448,2.9
9.549595,1514,1448,4627.0
9.549596,1514,1448,1.2
9.554230,1514,1448,4633.9
9.554231,1514,1448,1.7
9.558864,1514,1448,4632.7
9.558867,1514,1448,2.9
9.563498,1514,1448,4630.8
9.563500,1514,1448,2.4
9.568129,1514,1448,4629.1
9.568131,1514,1448,1.4
9.572763,1514,1448,4632.0
9.572764,1514,1448,1.4
9.577397,1514,1448,4632.7
9.577399,1514,1448,1.9
9.582030,1514,1448,4631.5
9.582032,1514,1448,1.7
9.586664,1514,1448,4632.5
9.586666,1514,1448,1.7
9.591299,1514,1448,4632.9
9.591301,1514,1448,1.7
9.595934,1514,1448,4633.2
9.595937,1514,1448,2.6
9.600570,1514,1448,4633.7
9.600574,1514,1448,3.8
9.605201,1514,1448,4627.2
9.605205,1514,1448,3.6
9.609838,1514,1448,4632.7
9.609841,1514,1448,3.6
9.614471,1514,1448,4630.1
9.614475,1514,1448,4.3
9.619102,1514,1448,4626.8
9.619105,1514,1448,2.6
9.623740,1514,1448,4634.9
9.623744,1514,1448,4.3
9.628372,1514,1448,4627.7
9.628375,1514,1448,3.3
9.633002,1514,1448,4626.5
9.633003,1514,1448,1.9
9.637645,1514,1448,4642.0
9.637648,1514,1448,2.1
9.642269,1514,1448,4621.7
9.642272,1514,1448,2.4
9.646901,1514,1448,4628.9
9.646902,1514,1448,1.7
9.651548,1514,1448,4645.6
9.651551,1514,1448,3.3
9.656172,1514,1448,4620.6
9.656175,1514,1448,3.6
9.660805,1514,1448,4629.1
9.660807,1514,1448,2.4
9.665436,1514,1448,4629.4
9.665438,1514,1448,2.1
9.670072,1514,1448,4633.2
9.670075,1514,1448,3.1
9.674708,1514,1448,4633.7
9.674712,1514,1448,3.8
9.679340,1514,1448,4628.2
9.679343,1514,1448,2.9
9.683971,1514,1448,4627.5
9.683972,1514,1448,1.7
9.688603,1514,1448,4631.0
9.688605,1514,1448,1.2
9.693236,1514,1448,4631.3
9.693237,1514,1448,1.2
9.697870,1514,1448,4633.4
9.697872,1514,1448,1.7
9.702504,1514,1448,4631.8
9.702505,1514,1448,1.2
9.707138,1514,1448,4633.2
9.707140,1514,1448,2.1
9.711771,1514,1448,4631.0
9.711773,1514,1448,1.4
9.716404,1514,1448,4631.3
9.716406,1514,1448,1.7
9.721038,1514,1448,4632.0
9.721039,1514,1448,1.2
9.725671,1514,1448,4632.2
9.725673,1514,1448,1.4
9.730306,1514,1448,4632.9
9.730307,1514,1448,1.7
9.734941,1514,1448,4633.9
9.734943,1514,1448,1.7
9.739572,1514,1448,4628.9
9.739573,1514,1448,1.2
9.744205,1514,1448,4632.2
9.744207,1514,1448,1.4
9.748839,1514,1448,4632.5
9.748841,1514,1448,1.7
9.753473,1514,1448,4632.2
9.753474,1514,1448,1.2
9.758106,1514,1448,4631.8
9.758107,1514,1448,1.4
9.762748,1514,1448,4640.6
9.762752,1514,1448,3.8
9.767374,1514,1448,4622.2
9.767375,1514,1448,1.2
9.772008,1514,1448,4632.7
9.772009,1514,1448,1.4
9.776640,1514,1448,4631.0
9.776642,1514,1448,1.2
9.781297,1514,1448,4655.6
9.781303,1514,1448,5.5
9.785929,1514,1448,4626.8
9.785933,1514,1448,3.3
9.790563,1514,1448,4629.9
9.790566,1514,1448,3.3
9.795238,1514,1448,4672.1
9.795242,1514,1448,3.6
9.799841,1514,1448,4599.3
9.799844,1514,1448,3.1
9.804542,1514,1448,4697.6
9.804545,1514,1448,3.3
9.809097,1514,1448,4552.1
9.809100,1514,1448,3.3
9.813732,1514,1448,4631.8
9.813735,1514,1448,3.3
9.818364,1514,1448,4628.9
9.818368,1514,1448,3.3
9.822998,1514,1448,4629.9
9.823001,1514,1448,3.3
9.827652,1514,1448,4651.1
9.827656,1514,1448,3.6
9.832286,1514,1448,4630.6
9.832289,1514,1448,3.3
9.836955,1514,1448,4665.4
9.836958,1514,1448,3.3
9.841532,1514,1448,4573.8
9.841535,1514,1448,3.3
9.846166,1514,1448,4630.8
9.846169,1514,1448,3.3
9.850799,1514,1448,4629.9
9.850803,1514,1448,3.6
9.855417,1514,1448,4613.9
9.855420,1514,1448,3.1
9.860046,1514,1448,4626.3
9.860048,1514,1448,1.4
9.864681,1514,1448,4633.9
9.864684,1514,1448,2.4
9.869313,1514,1448,4628.7
9.869314,1514,1448,1.2
9.873946,1514,1448,4632.7
9.873948,1514,1448,1.4
9.878581,1514,1448,4633.4
9.878583,1514,1448,1.9
9.883214,1514,1448,4630.6
9.883215,1514,1448,1.2
9.887847,1514,1448,4632.5
9.887849,1514,1448,1.2
9.892480,1514,1448,4631.8
9.892482,1514,1448,1.4
9.897137,1514,1448,4655.4
9.897141,1514,1448,3.3
9.901757,1514,1448,4616.0
9.901762,1514,1448,5.5
9.906389,1514,1448,4627.2
9.906394,1514,1448,4.5
9.911037,1514,1448,4643.4
9.911045,1514,1448,8.1
9.915651,1514,1448,4605.5
9.915653,1514,1448,1.7
9.920290,1514,1448,4637.2
9.920293,1514,1448,2.9
9.924917,1514,1448,4623.9
9.924918,1514,1448,1.4
9.929549,1514,1448,4631.5
9.929551,1514,1448,1.2
9.934295,1514,1448,4744.1
9.934299,1514,1448,4.8
9.938838,1514,1448,4538.5
9.938841,1514,1448,3.3
9.943473,1514,1448,4632.0
9.943477,1514,1448,4.1
9.948149,1514,1448,4672.1
9.948161,1514,1448,11.4
9.952983,1514,1448,4822.5
9.952994,1514,1448,11.0
9.957415,1514,1448,4420.3
9.957426,1514,1448,11.4
9.962037,1514,1448,4610.8
9.962041,1514,1448,3.8
9.966656,1514,1448,4615.1
9.966659,1514,1448,3.3
9.971379,1514,1448,4720.2
9.971391,1514,1448,11.7
9.975903,1514,1448,4512.1
9.975912,1514,1448,8.6
9.980568,1514,1448,4656.8
9.980577,1514,1448,8.3
9.985182,1514,1448,4605.3
9.985191,1514,1448,8.6
9.989836,1514,1448,4645.1
9.989844,1514,1448,8.3
9.994451,1514,1448,4606.7
9.994454,1514,1448,3.3
9.999151,1514,1448,4697.3
9.999155,1514,1448,3.3
10.003725,1514,1448,4570.2
10.003728,1514,1448,3.3
10.008328,1514,1448,4600.0
10.008333,1514,1448,4.3
10.012958,1514,1448,4625.1
10.012961,1514,1448,2.9
10.017589,1514,1448,4628.2
10.017590,1514,1448,1.4
10.022222,1514,1448,4631.5
10.022223,1514,1448,1.4
10.026855,1514,1448,4631.8
10.026856,1514,1448,1.2
10.031489,1514,1448,4632.9
10.031491,1514,1448,1.4
10.036123,1514,1448,4632.5
10.036125,1514,1448,1.7
10.040756,1514,1448,4631.3
10.040757,1514,1448,1.4
10.045389,1514,1448,4631.8
10.045390,1514,1448,1.2
10.050023,1514,1448,4632.5
10.050024,1514,1448,1.2
10.054657,1514,1448,4632.5
10.054658,1514,1448,1.2
10.059291,1514,1448,4633.2
10.059292,1514,1448,1.4
10.063930,1514,1448,4637.2
10.063932,1514,1448,2.9
10.068568,1514,1448,4635.6
10.068572,1514,1448,3.8
10.073209,1514,1448,4636.8
10.073216,1514,1448,7.6
10.077833,1514,1448,4616.5
10.077838,1514,1448,5.7
10.082459,1514,1448,4620.8
10.082461,1514,1448,1.9
10.087092,1514,1448,4631.3
10.087094,1514,1448,1.4
10.091726,1514,1448,4631.8
10.091727,1514,1448,1.2
10.096395,1514,1448,4667.8
10.096399,1514,1448,4.3
10.101093,1514,1448,4693.7
10.101096,1514,1448,3.3
10.105647,1514,1448,4550.7
10.105650,1514,1448,3.3
10.110281,1514,1448,4631.5
10.110285,1514,1448,3.3
10.114916,1514,1448,4631.0
10.114921,1514,1448,5.0
10.119550,1514,1448,4629.1
10.119555,1514,1448,5.0
10.124184,1514,1448,4629.4
10.124188,1514,1448,3.3
10.128797,1514,1448,4609.3
10.128800,1514,1448,2.9
10.133429,1514,1448,4628.7
10.133430,1514,1448,1.7
10.138062,1514,1448,4631.5
10.138063,1514,1448,1.7
10.142695,1514,1448,4632.0
10.142697,1514,1448,1.2
10.147329,1514,1448,4632.0
10.147330,1514,1448,1.2
10.151962,1514,1448,4632.2
10.151963,1514,1448,1.4
10.156596,1514,1448,4632.2
10.156597,1514,1448,1.2
10.161230,1514,1448,4633.2
10.161232,1514,1448,1.7
10.165863,1514,1448,4631.0
10.165864,1514,1448,1.4
10.170497,1514,1448,4632.9
10.170499,1514,1448,1.4
10.175130,1514,1448,4631.5
10.175131,1514,1448,1.2
10.179764,1514,1448,4632.5
10.179765,1514,1448,1.2
10.184397,1514,1448,4632.5
10.184399,1514,1448,1.4
10.189031,1514,1448,4632.0
10.189032,1514,1448,1.4
10.193664,1514,1448,4631.8
10.193665,1514,1448,1.2
10.198298,1514,1448,4632.7
10.198299,1514,1448,1.4
10.202932,1514,1448,4632.5
10.202933,1514,1448,1.4
10.207565,1514,1448,4632.0
10.207567,1514,1448,1.4
10.212199,1514,1448,4632.0
10.212200,1514,1448,1.4
10.216832,1514,1448,4632.2
10.216834,1514,1448,1.2
10.221466,1514,1448,4632.2
10.221467,1514,1448,1.4
10.226100,1514,1448,4632.5
10.226101,1514,1448,1.2
10.230743,1514,1448,4642.5
10.230748,1514,1448,4.3
10.235374,1514,1448,4626.3
10.235379,1514,1448,4.5
10.240009,1514,1448,4630.6
10.240014,1514,1448,5.0
10.244639,1514,1448,4624.8
10.244642,1514,1448,3.1
10.249271,1514,1448,4628.9
10.249273,1514,1448,2.1
10.253902,1514,1448,4628.9
10.253903,1514,1448,1.2
10.258536,1514,1448,4632.7
10.258537,1514,1448,1.4
10.263169,1514,1448,4631.5
10.263170,1514,1448,1.2
10.267807,1514,1448,4637.2
10.267810,1514,1448,2.9
10.272439,1514,1448,4628.4
10.272441,1514,1448,2.4
10.277071,1514,1448,4629.6
10.277072,1514,1448,1.9
10.281703,1514,1448,4631.0
10.281705,1514,1448,1.2
10.286337,1514,1448,4632.0
10.286338,1514,1448,1.4
10.290974,1514,1448,4636.0
10.290977,1514,1448,3.1
10.295604,1514,1448,4627.0
10.295606,1514,1448,1.4
10.300238,1514,1448,4632.0
10.300239,1514,1448,1.4
10.304871,1514,1448,4632.2
10.304873,1514,1448,1.2
10.309509,1514,1448,4636.5
10.309512,1514,1448,3.1
10.314141,1514,1448,4628.7
10.314144,1514,1448,2.9
10.318774,1514,1448,4630.1
10.318776,1514,1448,2.4
10.323408,1514,1448,4631.5
10.323410,1514,1448,2.4
10.328040,1514,1448,4629.6
10.328041,1514,1448,1.2
10.332677,1514,1448,4636.0
10.332680,1514,1448,3.1
10.337306,1514,1448,4626.5
10.337308,1514,1448,1.2
10.341940,1514,1448,4632.2
10.341941,1514,1448,1.2
10.346573,1514,1448,4632.2
10.346575,1514,1448,1.4
10.351208,1514,1448,4632.9
10.351209,1514,1448,1.2
10.355843,1514,1448,4634.1
10.355846,1514,1448,2.9
10.360474,1514,1448,4628.4
10.360476,1514,1448,1.4
10.365108,1514,1448,4631.8
10.365109,1514,1448,1.2
10.369743,1514,1448,4633.9
10.369744,1514,1448,1.4
10.374378,1514,1448,4633.7
10.374380,1514,1448,2.6
10.379010,1514,1448,4629.6
10.379011,1514,1448,1.4
10.383642,1514,1448,4630.8
10.383643,1514,1448,1.2
10.388286,1514,1448,4642.2
10.388287,1514,1448,1.4
