t_s,ca_state,cwnd,ssthresh,rtt_ms,minrtt_ms,unacked,total_retrans,pacing_mbps,delivery_mbps,wmem_alloc,wmem_queued,sndbuf,notsent,bytes_acked
0.000,open,10,,80.173,80.173,0,0,2.89,0.0,0,0,87040,0,1
0.010,open,10,,80.173,80.173,10,0,2.89,0.0,2408,114832,87040,92672,1
0.021,open,10,,80.173,80.173,10,0,2.89,0.0,0,114832,87040,92672,1
0.031,open,10,,80.173,80.173,10,0,2.89,0.0,0,114832,87040,92672,1
0.041,open,11,,75.162,40.088,11,0,3.391,0.289,2408,114344,87040,89776,1449
0.051,open,19,,55.102,40.088,15,0,7.989,2.098,12040,188648,165376,153488,13033
0.061,open,20,,53.973,40.088,20,0,8.585,2.276,4816,187200,174080,144800,14481
0.071,open,20,,53.973,40.088,20,0,8.585,2.276,0,187200,174080,144800,14481
0.081,open,21,,52.23,40.031,21,0,9.315,2.889,2408,186712,174080,141904,15929
0.091,open,30,,46.441,40.031,24,0,14.966,3.765,9632,175600,261120,124528,28961
0.102,open,38,,46.171,40.031,24,0,19.068,4.188,9632,278880,330752,225888,40545
0.112,open,40,,46.158,40.031,30,0,20.077,4.438,9632,278864,348160,214304,43441
0.122,open,42,,45.539,40.031,38,0,21.368,5.904,12040,279808,365568,199824,46337
0.132,open,50,,44.587,40.031,38,0,25.98,6.284,12040,417840,435200,335936,57921
0.142,open,58,,45.184,40.031,38,0,29.739,6.368,12040,406256,504832,324352,69505
0.152,open,67,,45.323,40.031,37,0,34.249,6.291,9632,393224,583168,312768,82537
0.162,open,74,,45.63,40.031,41,0,37.572,6.911,16856,599312,644096,511144,92673
0.172,open,81,,45.537,40.031,38,0,41.211,9.564,12040,584360,705024,502456,105705
0.182,open,81,,45.534,40.031,38,0,41.213,9.564,12040,569408,705024,489424,118737
0.192,open,82,,45.532,40.031,39,0,41.724,9.549,14448,555904,713728,476392,130321
0.203,open,82,,45.516,40.031,40,0,41.738,9.549,16856,544320,713728,463360,141905
0.213,open,82,,46.66,40.031,40,0,40.715,9.549,16856,531288,713728,450328,154937
0.223,open,82,,47.022,40.031,38,0,40.401,9.549,12040,517784,713728,441640,166521
0.233,open,84,,47.519,40.031,39,0,40.954,9.551,14448,506200,731136,428608,178105
0.243,open,84,,47.742,40.031,39,0,40.763,9.565,14448,493168,731136,415576,191137
0.253,open,84,,47.748,40.031,40,0,40.757,9.564,16856,746064,731136,663184,202721
0.263,open,84,,47.875,40.031,39,0,40.649,9.563,12040,734968,731136,654496,212857
0.273,open,84,,47.901,40.031,39,0,40.628,9.563,12040,721936,731136,641464,225889
0.283,open,84,,47.913,40.031,39,0,40.617,9.564,14448,708904,731136,628432,238921
0.293,open,84,,47.836,40.031,40,0,40.683,9.336,16856,697320,731136,615400,250505
0.303,open,84,,47.919,40.031,39,0,40.612,9.564,12040,686224,731136,606712,260641
0.313,open,84,,47.922,40.031,39,0,40.61,9.564,12040,673192,731136,593680,273673
0.323,open,84,,47.922,40.031,39,0,40.61,9.564,14448,660160,731136,580648,286705
0.333,open,84,,47.841,40.031,40,0,40.678,9.336,16856,648576,731136,567616,298289
0.344,open,84,,47.842,40.031,40,0,40.677,9.337,16856,635544,731136,554584,311321
0.354,open,84,,47.923,40.031,39,0,40.608,9.562,12040,624448,731136,545896,321457
0.364,open,84,,47.928,40.031,39,0,40.605,9.564,14448,611416,731136,532864,334489
0.374,open,84,,47.93,40.031,39,0,40.603,9.563,14448,597424,731136,519832,347521
0.384,open,84,,47.846,40.031,40,0,40.674,9.336,16856,586800,731136,506800,359105
0.394,open,84,,47.926,40.031,39,0,40.606,9.563,12040,575704,731136,498112,369241
0.404,open,84,,47.919,40.031,39,0,40.612,9.561,12040,562672,731136,485080,382273
0.414,open,84,,47.921,40.031,39,0,40.61,9.563,14448,549640,731136,472048,395305
0.424,open,84,,47.841,40.031,40,0,40.679,9.336,16856,538056,731136,459016,406889
0.434,open,84,,47.841,40.031,40,0,40.678,9.336,16856,525024,731136,445984,419921
0.444,open,84,,47.921,40.031,39,0,40.61,9.564,12040,513928,731136,437296,430057
0.454,open,84,,47.921,40.031,39,0,40.61,9.564,14448,500896,731136,424264,443089
0.464,open,84,,47.922,40.031,39,0,40.61,9.564,14448,487864,731136,411232,456121
0.475,open,84,,47.841,40.031,40,0,40.678,9.336,16856,741720,731136,658840,467705
0.485,open,84,,47.922,40.031,39,0,40.61,9.564,12040,729664,731136,650152,477841
0.495,open,84,,47.921,40.031,39,0,40.611,9.564,14448,716632,731136,637120,490873
0.505,open,84,,47.921,40.031,39,0,40.61,9.564,14448,703600,731136,624088,503905
0.515,open,84,,47.841,40.031,40,0,40.679,9.336,16856,692976,731136,611056,515489
0.525,open,84,,47.928,40.031,39,0,40.604,9.555,12040,681880,731136,602368,525625
0.535,open,84,,47.936,40.031,39,0,40.597,9.552,12040,667888,731136,589336,538657
0.545,open,84,,47.942,40.031,39,0,40.592,9.56,14448,654856,731136,576304,551689
0.555,open,84,,47.856,40.031,40,0,40.665,9.336,16856,644232,731136,563272,563273
0.565,open,84,,47.867,40.031,40,0,40.656,9.336,16856,631200,731136,550240,576305
0.575,open,84,,47.959,40.031,39,0,40.578,9.552,12040,620104,731136,541552,586441
0.585,open,84,,47.951,40.031,39,0,40.585,9.564,14448,607072,731136,528520,599473
0.595,open,84,,47.941,40.031,39,0,40.593,9.564,14448,593080,731136,515488,612505
0.605,open,84,,47.855,40.031,40,0,40.666,9.336,16856,582456,731136,502456,624089
0.615,open,84,,47.936,40.031,39,0,40.598,9.564,12040,571360,731136,493768,634225
0.626,open,84,,47.935,40.031,39,0,40.599,9.564,12040,558328,731136,480736,647257
0.636,open,84,,47.934,40.031,39,0,40.599,9.564,14448,545296,731136,467704,660289
0.646,open,84,,47.853,40.031,40,0,40.668,9.336,16856,533712,731136,454672,671873
0.656,open,84,,47.935,40.031,39,0,40.599,9.564,12040,522616,731136,445984,682009
0.666,open,84,,47.946,40.031,39,0,40.589,9.548,12040,509584,731136,432952,695041
0.676,open,84,,47.954,40.031,39,0,40.583,9.546,14448,496552,731136,419920,708073
0.686,open,84,,47.864,40.031,40,0,40.659,9.336,16856,750408,731136,667528,719657
0.696,open,84,,47.868,40.031,40,0,40.655,9.336,16856,736416,731136,654496,732689
0.706,open,84,,47.946,40.031,39,0,40.589,9.557,12040,725320,731136,645808,742825
0.716,open,84,,47.942,40.031,39,0,40.593,9.564,14448,712288,731136,632776,755857
0.726,open,84,,47.938,40.031,39,0,40.596,9.564,14448,699256,731136,619744,768889
0.736,open,84,,47.853,40.031,40,0,40.668,9.336,16856,688632,731136,606712,780473
0.746,open,84,,47.936,40.031,39,0,40.598,9.564,12040,677536,731136,598024,790609
0.757,open,84,,47.936,40.031,39,0,40.598,9.564,12040,663544,731136,584992,803641
0.767,open,84,,47.937,40.031,39,0,40.597,9.562,14448,650512,731136,571960,816673
0.777,open,84,,47.86,40.031,40,0,40.662,9.336,14448,637480,731136,558928,828257
0.787,open,84,,47.861,40.031,40,0,40.661,9.336,16856,626856,731136,545896,841289
0.797,open,84,,47.937,40.031,39,0,40.597,9.564,12040,615760,731136,537208,851425
0.807,open,84,,47.933,40.031,39,0,40.6,9.564,12040,601768,731136,524176,864457
0.817,open,84,,47.932,40.031,39,0,40.601,9.564,14448,588736,731136,511144,877489
0.828,open,84,,47.844,40.031,40,0,40.676,9.335,16856,578112,731136,498112,889073
0.838,open,84,,47.847,40.031,40,0,40.673,9.336,16856,565080,731136,485080,902105
0.848,open,84,,47.932,40.031,39,0,40.601,9.564,12040,553984,731136,476392,912241
0.858,open,84,,47.933,40.031,39,0,40.6,9.564,14448,540952,731136,463360,925273
0.868,open,84,,47.931,40.031,39,0,40.602,9.563,14448,526960,731136,450328,938305
0.878,open,84,,47.85,40.031,40,0,40.671,9.337,16856,516336,731136,437296,949889
0.888,open,84,,47.929,40.031,39,0,40.604,9.564,16857,505240,731136,428608,960025
0.898,open,84,,47.928,40.031,39,0,40.604,9.564,12040,492208,731136,415576,973057
0.909,open,84,,47.931,40.031,39,0,40.602,9.563,14448,743656,731136,663184,986089
0.919,open,84,,47.929,40.031,39,0,40.604,9.565,14448,729664,731136,650152,999121
0.929,open,84,,47.848,40.031,40,0,40.673,9.336,16856,719040,731136,637120,1010705
0.939,open,84,,47.928,40.031,39,0,40.604,9.564,12040,707944,731136,628432,1020841
0.949,open,84,,47.928,40.031,39,0,40.604,9.564,12040,694912,731136,615400,1033873
0.959,open,84,,47.928,40.031,39,0,40.605,9.563,14448,681880,731136,602368,1046905
0.969,open,84,,47.846,40.031,40,0,40.674,9.337,16856,670296,731136,589336,1058489
0.980,open,84,,47.846,40.031,40,0,40.674,9.337,16856,657264,731136,576304,1071521
0.990,open,84,,47.93,40.031,39,0,40.603,9.562,12040,646168,731136,567616,1081657
1.000,open,84,,47.929,40.031,39,0,40.604,9.563,14448,633136,731136,554584,1094689
1.010,open,84,,47.927,40.031,39,0,40.605,9.564,14448,620104,731136,541552,1107721
1.020,open,84,,47.846,40.031,40,0,40.674,9.336,16856,609480,731136,528520,1119305
1.030,open,84,,47.934,40.031,39,0,40.6,9.559,12040,597424,731136,519832,1129441
1.040,open,84,,47.935,40.031,39,0,40.598,9.561,12040,584392,731136,506800,1142473
1.050,open,84,,47.939,40.031,39,0,40.595,9.561,14448,571360,731136,493768,1155505
1.060,open,84,,47.857,40.031,40,0,40.665,9.337,16856,560736,731136,480736,1167089
1.070,open,84,,47.857,40.031,40,0,40.665,9.337,16856,547704,731136,467704,1180121
1.081,open,84,,47.934,40.031,39,0,40.6,9.564,12040,535648,731136,459016,1190257
1.091,open,84,,47.985,40.031,39,0,40.556,9.542,14448,522616,731136,445984,1203289
1.101,open,84,,47.953,40.031,39,0,40.584,9.536,14448,509584,731136,432952,1216321
1.111,open,84,,47.86,40.031,40,0,40.662,9.538,16856,498960,731136,419920,1227905
1.121,open,84,,47.934,40.031,39,0,40.599,9.539,12040,487864,731136,411232,1238041
1.131,open,84,,47.927,40.031,39,0,40.605,9.539,12040,739312,731136,658840,1251073
1.141,open,84,,47.925,40.031,39,0,40.607,9.541,14448,725320,731136,645808,1264105
1.151,open,84,,47.841,40.031,40,0,40.679,9.336,16856,714696,731136,632776,1275689
1.161,open,84,,47.841,40.031,40,0,40.678,9.336,16856,701664,731136,619744,1288721
1.171,open,84,,47.922,40.031,39,0,40.61,9.564,12040,690568,731136,611056,1298857
1.181,open,84,,47.922,40.031,39,0,40.61,9.564,14448,677536,731136,598024,1311889
1.191,open,84,,47.922,40.031,39,0,40.61,9.564,14448,663544,731136,584992,1324921
1.202,open,84,,47.841,40.031,40,0,40.679,9.336,16856,652920,731136,571960,1336505
1.212,open,84,,47.921,40.031,39,0,40.61,9.564,12040,641824,731136,563272,1346641
1.222,open,84,,47.922,40.031,39,0,40.61,9.564,12040,628792,731136,550240,1359673
1.232,open,84,,47.921,40.031,39,0,40.61,9.564,14448,615760,731136,537208,1372705
1.242,open,84,,47.841,40.031,40,0,40.678,9.336,16856,604176,731136,524176,1384289
1.252,open,84,,47.841,40.031,40,0,40.678,9.336,16856,591144,731136,511144,1397321
1.262,open,84,,47.922,40.031,39,0,40.609,9.564,12040,580048,731136,502456,1407457
1.272,open,84,,47.922,40.031,39,0,40.61,9.564,14448,567016,731136,489424,1420489
1.282,open,84,,47.922,40.031,39,0,40.61,9.564,14448,553984,731136,476392,1433521
1.292,open,84,,47.841,40.031,40,0,40.678,9.336,16856,543360,731136,463360,1445105
1.302,open,84,,47.922,40.031,39,0,40.609,9.564,12040,531304,731136,454672,1455241
1.312,open,84,,47.923,40.031,39,0,40.609,9.563,12040,518272,731136,441640,1468273
1.322,open,84,,47.923,40.031,39,0,40.609,9.564,14448,505240,731136,428608,1481305
1.333,open,84,,47.841,40.031,40,0,40.678,9.336,16856,494616,731136,415576,1492889
1.343,open,84,,47.922,40.031,39,0,40.609,9.564,12040,748000,731136,667528,1503025
1.353,open,84,,47.922,40.031,39,0,40.609,9.564,12040,734008,731136,654496,1516057
1.363,open,84,,47.922,40.031,39,0,40.609,9.564,14448,720976,731136,641464,1529089
1.373,open,84,,47.841,40.031,40,0,40.679,9.336,16856,710352,731136,628432,1540673
1.383,open,84,,47.843,40.031,40,0,40.677,9.336,16856,697320,731136,615400,1553705
1.393,open,84,,47.923,40.031,39,0,40.609,9.564,12040,686224,731136,606712,1563841
1.403,open,84,,47.923,40.031,39,0,40.609,9.564,14448,673192,731136,593680,1576873
1.413,open,84,,47.923,40.031,39,0,40.609,9.564,14448,659200,731136,580648,1589905
1.423,open,84,,47.841,40.031,40,0,40.679,9.335,16856,648576,731136,567616,1601489
1.433,open,84,,47.922,40.031,39,0,40.61,9.564,12040,637480,731136,558928,1611625
1.443,open,84,,47.921,40.031,39,0,40.61,9.564,12040,624448,731136,545896,1624657
1.454,open,84,,47.923,40.031,39,0,40.609,9.564,14448,611416,731136,532864,1637689
1.464,open,84,,47.848,40.031,40,0,40.672,9.336,16856,599832,731136,519832,1649273
1.474,open,84,,47.848,40.031,40,0,40.672,9.338,16856,586800,731136,506800,1662305
1.484,open,84,,47.928,40.031,39,0,40.605,9.564,12040,575704,731136,498112,1672441
1.494,open,84,,47.926,40.031,39,0,40.606,9.563,14448,562672,731136,485080,1685473
1.504,open,84,,47.922,40.031,39,0,40.61,9.557,14448,549640,731136,472048,1698505
1.514,open,84,,47.845,40.031,40,0,40.675,9.336,16856,538056,731136,459016,1710089
1.524,open,84,,47.927,40.031,39,0,40.606,9.564,12040,526960,731136,450328,1720225
1.534,open,84,,47.934,40.031,39,0,40.599,9.561,12040,513928,731136,437296,1733257
1.545,open,84,,47.933,40.031,39,0,40.6,9.562,14448,500896,731136,424264,1746289
1.555,open,84,,47.852,40.031,40,0,40.669,9.341,16856,490272,731136,411232,1757873
1.565,open,84,,47.845,40.031,40,0,40.675,9.336,16856,741720,731136,658840,1770905
1.575,open,84,,47.924,40.031,39,0,40.608,9.564,12040,729664,731136,650152,1781041
1.585,open,84,,47.922,40.031,39,0,40.609,9.564,14448,716632,731136,637120,1794073
1.595,open,84,,47.922,40.031,39,0,40.609,9.564,14448,703600,731136,624088,1807105
1.605,open,84,,47.842,40.031,40,0,40.677,9.339,16856,692976,731136,611056,1818689
1.615,open,84,,47.923,40.031,39,0,40.609,9.565,12040,681880,731136,602368,1828825
1.625,open,84,,47.923,40.031,39,0,40.609,9.564,12040,667888,731136,589336,1841857
1.635,open,84,,47.923,40.031,39,0,40.609,9.564,14448,654856,731136,576304,1854889
1.645,open,84,,47.843,40.031,40,0,40.676,9.336,16856,644232,731136,563272,1866473
1.656,open,84,,47.843,40.031,40,0,40.677,9.336,16856,631200,731136,550240,1879505
1.666,open,84,,47.94,40.031,39,0,40.594,9.55,12040,620104,731136,541552,1889641
1.676,open,84,,47.941,40.031,39,0,40.593,9.549,14448,607072,731136,528520,1902673
1.686,open,84,,47.932,40.031,39,0,40.602,9.548,14448,593080,731136,515488,1915705
1.696,open,84,,47.845,40.031,40,0,40.675,9.549,16856,582456,731136,502456,1927289
1.706,open,84,,47.925,40.031,39,0,40.607,9.549,12040,571360,731136,493768,1937425
1.716,open,84,,47.924,40.031,39,0,40.608,9.549,12040,558328,731136,480736,1950457
1.726,open,84,,47.923,40.031,39,0,40.609,9.564,14448,545296,731136,467704,1963489
1.736,open,84,,47.843,40.031,40,0,40.677,9.336,16856,533712,731136,454672,1975073
1.746,open,84,,47.842,40.031,40,0,40.677,9.336,16856,520680,731136,441640,1988105
1.757,open,84,,47.924,40.031,39,0,40.608,9.564,12040,509584,731136,432952,1998241
1.767,open,84,,47.922,40.031,39,0,40.609,9.565,12040,496552,731136,419920,2011273
1.777,open,84,,47.929,40.031,39,0,40.604,9.563,14448,748000,731136,667528,2024305
1.787,open,84,,47.846,40.031,40,0,40.674,9.336,16856,736416,731136,654496,2035889
1.797,open,84,,47.848,40.031,40,0,40.672,9.336,16856,723384,731136,641464,2048921
1.807,open,84,,47.927,40.031,39,0,40.606,9.564,12040,712288,731136,632776,2059057
1.817,open,84,,47.927,40.031,39,0,40.605,9.563,14448,699256,731136,619744,2072089
1.827,open,84,,47.92,40.031,39,0,40.611,9.564,14448,686224,731136,606712,2085121
1.837,open,84,,47.84,40.031,40,0,40.679,9.336,16856,675600,731136,593680,2096705
1.847,open,84,,47.922,40.031,39,0,40.61,9.564,12040,663544,731136,584992,2106841
1.857,open,84,,47.923,40.031,39,0,40.608,9.563,14448,650512,731136,571960,2119873
1.868,open,84,,47.923,40.031,39,0,40.608,9.565,14448,637480,731136,558928,2132905
1.878,open,84,,47.841,40.031,40,0,40.678,9.337,16856,626856,731136,545896,2144489
1.888,open,84,,47.923,40.031,39,0,40.609,9.564,12040,615760,731136,537208,2154625
1.898,open,84,,47.922,40.031,39,0,40.609,9.564,12040,601768,731136,524176,2167657
1.908,open,84,,47.923,40.031,39,0,40.609,9.564,14448,588736,731136,511144,2180689
1.918,open,84,,47.841,40.031,40,0,40.678,9.336,16856,578112,731136,498112,2192273
1.928,open,84,,47.842,40.031,40,0,40.677,9.336,16856,565080,731136,485080,2205305
1.938,open,84,,47.922,40.031,39,0,40.609,9.564,12040,553984,731136,476392,2215441
1.948,open,84,,47.924,40.031,39,0,40.608,9.563,14448,540952,731136,463360,2228473
1.958,open,84,,47.922,40.031,39,0,40.61,9.564,14448,526960,731136,450328,2241505
1.968,open,84,,47.843,40.031,40,0,40.677,9.336,16856,516336,731136,437296,2253089
1.978,open,84,,47.923,40.031,39,0,40.609,9.564,12040,505240,731136,428608,2263225
1.988,open,84,,47.922,40.031,39,0,40.61,9.564,12040,492208,731136,415576,2276257
1.998,open,84,,47.922,40.031,39,0,40.61,9.564,14448,743656,731136,663184,2289289
2.009,open,84,,47.841,40.031,40,0,40.679,9.336,16856,732072,731136,650152,2300873
2.019,open,84,,47.843,40.031,40,0,40.677,9.336,16856,719040,731136,637120,2313905
2.029,open,84,,47.926,40.031,39,0,40.606,9.564,12040,707944,731136,628432,2324041
2.039,open,84,,47.927,40.031,39,0,40.606,9.562,14448,694912,731136,615400,2337073
2.049,open,84,,47.93,40.031,39,0,40.602,9.563,14448,681880,731136,602368,2350105
2.059,open,84,,47.847,40.031,40,0,40.673,9.336,16856,670296,731136,589336,2361689
2.069,open,84,,47.927,40.031,39,0,40.605,9.564,12040,659200,731136,580648,2371825
2.079,open,84,,47.921,40.031,39,0,40.61,9.564,12040,646168,731136,567616,2384857
2.089,open,84,,47.92,40.031,39,0,40.611,9.564,14448,633136,731136,554584,2397889
2.099,open,84,,47.841,40.031,40,0,40.678,9.336,16856,622512,731136,541552,2409473
2.109,open,84,,47.921,40.031,42,0,40.611,9.564,16856,609480,731136,528520,2419609
2.120,open,84,,47.922,40.031,39,0,40.609,9.563,12040,597424,731136,519832,2432641
2.130,open,84,,47.922,40.031,39,0,40.61,9.564,14448,584392,731136,506800,2445673
2.140,open,84,,47.842,40.031,40,0,40.678,9.337,16856,573768,731136,493768,2457257
2.150,open,84,,47.84,40.031,40,0,40.679,9.336,16856,560736,731136,480736,2470289
2.160,open,84,,47.922,40.031,39,0,40.61,9.564,12040,549640,731136,472048,2480425
2.170,open,84,,47.921,40.031,39,0,40.61,9.563,14448,535648,731136,459016,2493457
2.180,open,84,,47.922,40.031,39,0,40.61,9.564,14448,522616,731136,445984,2506489
2.190,open,84,,47.841,40.031,40,0,40.679,9.336,16856,511992,731136,432952,2518073
2.200,open,84,,47.922,40.031,39,0,40.61,9.564,12040,500896,731136,424264,2528209
2.210,open,84,,47.922,40.031,39,0,40.61,9.564,12040,487864,731136,411232,2541241
2.220,open,84,,47.922,40.031,39,0,40.61,9.564,14448,739312,731136,658840,2554273
2.230,open,84,,47.841,40.031,40,0,40.678,9.336,16856,727728,731136,645808,2565857
2.240,open,84,,47.841,40.031,40,0,40.678,9.336,16856,714696,731136,632776,2578889
2.250,open,84,,47.922,40.031,39,0,40.61,9.564,12040,703600,731136,624088,2589025
2.260,open,84,,47.922,40.031,39,0,40.61,9.564,14448,690568,731136,611056,2602057
2.270,open,84,,47.842,40.031,40,0,40.678,9.336,14449,679944,731136,598024,2613641
2.281,open,84,,47.841,40.031,40,0,40.679,9.336,16856,665952,731136,584992,2626673
2.291,open,84,,47.922,40.031,39,0,40.609,9.564,12040,654856,731136,576304,2636809
2.301,open,84,,47.922,40.031,39,0,40.61,9.564,14448,641824,731136,563272,2649841
2.311,open,84,,47.922,40.031,39,0,40.61,9.564,14448,628792,731136,550240,2662873
2.321,open,84,,47.842,40.031,40,0,40.677,9.337,16856,618168,731136,537208,2674457
2.331,open,84,,47.923,40.031,39,0,40.609,9.564,12040,607072,731136,528520,2684593
2.341,open,84,,47.923,40.031,39,0,40.608,9.564,12040,593080,731136,515488,2697625
2.351,open,84,,47.923,40.031,39,0,40.609,9.564,14448,580048,731136,502456,2710657
2.361,open,84,,47.841,40.031,40,0,40.678,9.336,16856,569424,731136,489424,2722241
2.371,open,84,,47.841,40.031,40,0,40.679,9.336,16856,556392,731136,476392,2735273
2.381,open,84,,47.922,40.031,39,0,40.61,9.564,12040,545296,731136,467704,2745409
2.391,open,84,,47.923,40.031,39,0,40.609,9.564,14448,531304,731136,454672,2758441
2.401,open,84,,47.922,40.031,39,0,40.679,9.564,14448,518272,731136,441640,2771473
2.411,open,84,,47.841,40.031,40,0,40.678,9.336,16856,507648,731136,428608,2783057
2.421,open,84,,47.923,40.031,39,0,40.609,9.564,12040,496552,731136,419920,2793193
2.432,open,84,,47.922,40.031,39,0,40.61,9.564,14448,748000,731136,667528,2806225
2.442,open,84,,47.924,40.031,39,0,40.608,9.563,14448,734008,731136,654496,2819257
2.452,open,84,,47.842,40.031,40,0,40.678,9.336,16856,723384,731136,641464,2830841
2.462,open,84,,47.924,40.031,39,0,40.608,9.564,12040,712288,731136,632776,2840977
2.472,open,84,,47.922,40.031,39,0,40.609,9.564,12040,699256,731136,619744,2854009
2.482,open,84,,47.923,40.031,39,0,40.609,9.564,14448,686224,731136,606712,2867041
2.492,open,84,,47.841,40.031,40,0,40.678,9.337,16856,675600,731136,593680,2878625
2.502,open,84,,47.842,40.031,40,0,40.677,9.336,16856,661608,731136,580648,2891657
2.512,open,84,,47.923,40.031,39,0,40.609,9.564,12040,650512,731136,571960,2901793
2.522,open,84,,47.923,40.031,39,0,40.609,9.563,14448,637480,731136,558928,2914825
2.532,open,84,,47.924,40.031,39,0,40.608,9.564,14448,624448,731136,545896,2927857
2.542,open,84,,47.843,40.031,40,0,40.677,9.336,16856,613824,731136,532864,2939441
2.552,open,84,,47.925,40.031,39,0,40.607,9.563,12040,601768,731136,524176,2949577
2.563,open,84,,47.925,40.031,39,0,40.607,9.563,12040,588736,731136,511144,2962609
2.573,open,84,,47.926,40.031,39,0,40.606,9.563,14448,575704,731136,498112,2975641
2.583,open,84,,47.846,40.031,40,0,40.674,9.336,16856,565080,731136,485080,2987225
2.593,open,84,,47.845,40.031,40,0,40.675,9.333,16856,552048,731136,472048,3000257
2.603,open,84,,47.923,40.031,39,0,40.609,9.563,12040,540952,731136,463360,3010393
2.613,open,84,,47.922,40.031,39,0,40.61,9.563,14448,526960,731136,450328,3023425
2.623,open,84,,47.922,40.031,39,0,40.61,9.564,14448,513928,731136,437296,3036457
2.633,open,84,,47.842,40.031,40,0,40.678,9.336,16856,503304,731136,424264,3048041
2.643,open,84,,47.923,40.031,39,0,40.609,9.565,12040,492208,731136,415576,3058177
2.654,open,84,,47.922,40.031,39,0,40.609,9.563,12040,743656,731136,663184,3071209
2.664,open,84,,47.921,40.031,39,0,40.61,9.564,14448,729664,731136,650152,3084241
2.674,open,84,,47.846,40.031,40,0,40.674,9.336,16856,719040,731136,637120,3095825
2.684,open,84,,47.849,40.031,40,0,40.672,9.337,16856,706008,731136,624088,3108857
2.694,open,84,,47.934,40.031,39,0,40.6,9.558,12040,694912,731136,615400,3118993
2.704,open,84,,47.933,40.031,39,0,40.6,9.56,14448,681880,731136,602368,3132025
2.714,open,84,,47.934,40.031,39,0,40.599,9.56,14448,667888,731136,589336,3145057
2.724,open,84,,47.852,40.031,40,0,40.669,9.336,16856,657264,731136,576304,3156641
2.734,open,84,,47.94,40.031,39,0,40.595,9.561,12040,646168,731136,567616,3166777
2.744,open,84,,47.937,40.031,39,0,40.597,9.562,12040,633136,731136,554584,3179809
2.755,open,84,,47.932,40.031,39,0,40.602,9.564,14448,620104,731136,541552,3192841
2.765,open,84,,47.846,40.031,40,0,40.674,9.336,14448,609480,731136,528520,3204425
2.775,open,84,,47.846,40.031,40,0,40.674,9.337,16856,595488,731136,515488,3217457
2.785,open,84,,47.926,40.031,39,0,40.606,9.563,12040,584392,731136,506800,3227593
2.795,open,84,,47.929,40.031,39,0,40.604,9.565,12040,571360,731136,493768,3240625
2.805,open,84,,47.928,40.031,39,0,40.604,9.563,14448,558328,731136,480736,3253657
2.815,open,84,,47.846,40.031,40,0,40.674,9.336,16856,547704,731136,467704,3265241
2.826,open,84,,47.846,40.031,40,0,40.674,9.336,16856,533712,731136,454672,3278273
2.836,open,84,,47.924,40.031,39,0,40.608,9.565,12040,522616,731136,445984,3288409
2.846,open,84,,47.924,40.031,39,0,40.608,9.564,14448,509584,731136,432952,3301441
2.856,open,84,,47.925,40.031,39,0,40.607,9.565,14448,496552,731136,419920,3314473
2.866,open,84,,47.845,40.031,40,0,40.675,9.337,16856,750408,731136,667528,3326057
2.876,open,84,,47.926,40.031,39,0,40.607,9.565,16856,739312,731136,658840,3336193
2.886,open,84,,47.926,40.031,39,0,40.606,9.563,12040,725320,731136,645808,3349225
2.896,open,84,,47.927,40.031,39,0,40.606,9.563,14448,712288,731136,632776,3362257
2.906,open,84,,47.846,40.031,40,0,40.674,9.336,14448,699256,731136,619744,3373841
2.917,open,84,,47.847,40.031,40,0,40.674,9.336,16856,688632,731136,606712,3386873
2.927,open,84,,47.93,40.031,39,0,40.603,9.563,12040,677536,731136,598024,3397009
2.937,open,84,,47.991,40.031,39,0,40.551,9.474,12040,663544,731136,584992,3410041
2.947,open,84,,47.958,40.031,39,0,40.579,9.563,14448,650512,731136,571960,3423073
2.957,open,84,,47.866,40.031,40,0,40.657,9.336,16856,639888,731136,558928,3434657
2.967,open,84,,47.937,40.031,42,0,40.597,9.562,16856,626856,731136,545896,3444793
2.977,open,84,,47.933,40.031,39,0,40.6,9.564,12040,615760,731136,537208,3457825
2.987,open,84,,47.932,40.031,39,0,40.601,9.565,14448,601768,731136,524176,3470857
2.997,open,84,,47.85,40.031,40,0,40.67,9.335,14448,591144,731136,511144,3482441
3.007,open,84,,47.85,40.031,40,0,40.67,9.337,16856,578112,731136,498112,3495473
3.017,open,84,,47.929,40.031,39,0,40.604,9.566,12040,567016,731136,489424,3505609
3.027,open,84,,47.932,40.031,39,0,40.601,9.56,14448,553984,731136,476392,3518641
3.038,open,84,,47.928,40.031,39,0,40.604,9.564,14448,540952,731136,463360,3531673
3.048,open,84,,47.847,40.031,40,0,40.674,9.338,16856,529368,731136,450328,3543257
3.058,open,84,,47.928,40.031,39,0,40.604,9.565,16856,519232,731136,441640,3553393
3.068,open,84,,47.929,40.031,39,0,40.604,9.564,12040,505240,731136,428608,3566425
3.078,open,84,,47.926,40.031,39,0,40.606,9.564,14448,492208,731136,415576,3579457
3.088,open,84,,47.845,40.031,40,0,40.675,9.336,14448,746064,731136,663184,3591041
3.098,open,84,,47.844,40.031,40,0,40.676,9.336,16856,732072,731136,650152,3604073
3.108,open,84,,47.925,40.031,39,0,40.607,9.564,12040,720976,731136,641464,3614209
3.118,open,84,,47.925,40.031,39,0,40.607,9.564,14448,707944,731136,628432,3627241
3.128,open,84,,47.924,40.031,39,0,40.608,9.564,14448,694912,731136,615400,3640273
3.138,open,84,,47.844,40.031,40,0,40.676,9.336,16856,684288,731136,602368,3651857
3.149,open,84,,47.923,40.031,39,0,40.609,9.564,12040,673192,731136,593680,3661993
3.159,open,84,,47.922,40.031,39,0,40.609,9.565,12040,659200,731136,580648,3675025
3.169,open,84,,47.923,40.031,39,0,40.609,9.565,14448,646168,731136,567616,3688057
3.179,open,84,,47.843,40.031,40,0,40.677,9.336,16856,635544,731136,554584,3699641
3.189,open,84,,47.843,40.031,40,0,40.677,9.337,16856,622512,731136,541552,3712673
3.199,open,84,,47.922,40.031,39,0,40.609,9.564,12040,611416,731136,532864,3722809
3.209,open,84,,47.921,40.031,39,0,40.61,9.563,14448,597424,731136,519832,3735841
3.219,open,84,,47.922,40.031,39,0,40.61,9.564,14448,584392,731136,506800,3748873
3.229,open,84,,47.841,40.031,40,0,40.679,9.337,16856,573768,731136,493768,3760457
3.239,open,84,,47.922,40.031,39,0,40.61,9.564,12040,562672,731136,485080,3770593
3.249,open,84,,47.922,40.031,39,0,40.61,9.564,12040,549640,731136,472048,3783625
3.259,open,84,,47.922,40.031,39,0,40.609,9.564,14448,535648,731136,459016,3796657
3.269,open,84,,47.842,40.031,40,0,40.678,9.336,16856,525024,731136,445984,3808241
3.279,open,84,,47.923,40.031,42,0,40.609,9.564,16856,511992,731136,432952,3818377
3.290,open,84,,47.923,40.031,39,0,40.609,9.564,12040,500896,731136,424264,3831409
3.300,open,84,,47.924,40.031,39,0,40.608,9.564,14448,487864,731136,411232,3844441
3.310,open,84,,47.841,40.031,40,0,40.678,9.336,16856,741720,731136,658840,3856025
3.320,open,84,,47.842,40.031,40,0,40.677,9.336,16856,727728,731136,645808,3869057
3.330,open,84,,47.923,40.031,39,0,40.609,9.564,12040,716632,731136,637120,3879193
3.340,open,84,,47.924,40.031,39,0,40.608,9.563,14448,703600,731136,624088,3892225
3.350,open,84,,47.923,40.031,39,0,40.609,9.564,14448,690568,731136,611056,3905257
3.360,open,84,,47.842,40.031,40,0,40.678,9.336,16856,679944,731136,598024,3916841
3.370,open,84,,47.924,40.031,39,0,40.608,9.564,12040,667888,731136,589336,3926977
3.380,open,84,,47.924,40.031,39,0,40.608,9.563,12040,654856,731136,576304,3940009
3.390,open,84,,47.923,40.031,39,0,40.609,9.564,14448,641824,731136,563272,3953041
3.400,open,84,,47.842,40.031,40,0,40.678,9.336,16856,631200,731136,550240,3964625
3.410,open,84,,47.924,40.031,42,0,40.608,9.564,16856,621064,731136,537208,3974761
3.420,open,84,,47.924,40.031,39,0,40.608,9.564,12040,607072,731136,528520,3987793
3.430,open,84,,47.924,40.031,39,0,40.608,9.564,14448,593080,731136,515488,4000825
3.440,open,84,,47.843,40.031,40,0,40.677,9.336,16856,582456,731136,502456,4012409
3.451,open,84,,47.842,40.031,40,0,40.677,9.335,16856,569424,731136,489424,4025441
3.461,open,84,,47.922,40.031,39,0,40.61,9.564,12040,558328,731136,480736,4035577
3.471,open,84,,47.922,40.031,39,0,40.609,9.564,14448,545296,731136,467704,4048609
3.481,open,84,,47.922,40.031,39,0,40.609,9.564,14448,531304,731136,454672,4061641
3.491,open,84,,47.84,40.031,40,0,40.679,9.336,16856,520680,731136,441640,4073225
3.501,open,84,,47.921,40.031,39,0,40.61,9.564,12040,509584,731136,432952,4083361
3.511,open,84,,47.923,40.031,39,0,40.609,9.562,12040,496552,731136,419920,4096393
3.521,open,84,,47.922,40.031,39,0,40.61,9.564,14448,748000,731136,667528,4109425
3.531,open,84,,47.843,40.031,40,0,40.676,9.336,16856,736416,731136,654496,4121009
3.541,open,84,,47.842,40.031,40,0,40.678,9.336,16856,723384,731136,641464,4134041
3.551,open,84,,47.923,40.031,39,0,40.609,9.564,12040,712288,731136,632776,4144177
3.561,open,84,,47.923,40.031,39,0,40.609,9.564,14448,699256,731136,619744,4157209
3.571,open,84,,47.922,40.031,39,0,40.609,9.564,14448,686224,731136,606712,4170241
3.582,open,84,,47.842,40.031,40,0,40.677,9.336,16856,675600,731136,593680,4181825
3.592,open,84,,47.922,40.031,39,0,40.61,9.564,12040,663544,731136,584992,4191961
3.602,open,84,,47.926,40.031,39,0,40.606,9.564,12040,650512,731136,571960,4204993
3.612,open,84,,47.923,40.031,39,0,40.609,9.564,14448,637480,731136,558928,4218025
3.622,open,84,,47.843,40.031,40,0,40.677,9.337,16856,626856,731136,545896,4229609
3.632,open,84,,47.923,40.031,42,0,40.609,9.564,16856,616720,731136,532864,4239745
3.642,open,84,,47.922,40.031,39,0,40.609,9.564,12040,601768,731136,524176,4252777
3.652,open,84,,47.922,40.031,39,0,40.61,9.564,14448,588736,731136,511144,4265809
3.662,open,84,,47.935,40.031,39,0,40.599,9.564,14448,575704,731136,498112,4278841
3.672,open,84,,47.847,40.031,40,0,40.673,9.336,16856,565080,731136,485080,4290425
3.682,open,84,,47.943,40.031,39,0,40.592,9.539,12040,553984,731136,476392,4300561
3.693,open,84,,47.933,40.031,39,0,40.6,9.563,12040,540952,731136,463360,4313593
3.703,open,84,,47.931,40.031,39,0,40.602,9.564,14448,526960,731136,450328,4326625
3.713,open,84,,47.839,40.031,40,0,40.68,9.336,16856,516336,731136,437296,4338209
3.723,open,84,,47.921,40.031,42,0,40.611,9.564,16856,503304,731136,424264,4348345
3.733,open,84,,47.922,40.031,39,0,40.61,9.564,12040,492208,731136,415576,4361377
3.743,open,84,,47.922,40.031,39,0,40.61,9.564,14448,743656,731136,663184,4374409
3.753,open,84,,47.842,40.031,40,0,40.677,9.336,14448,732072,731136,650152,4385993
3.763,open,84,,47.843,40.031,40,0,40.677,9.336,16856,719040,731136,637120,4399025
3.773,open,84,,47.925,40.031,39,0,40.607,9.563,12040,707944,731136,628432,4409161
3.783,open,84,,47.924,40.031,39,0,40.608,9.564,12040,694912,731136,615400,4422193
3.793,open,84,,47.929,40.031,39,0,40.604,9.56,14448,681880,731136,602368,4435225
3.804,open,84,,47.846,40.031,40,0,40.674,9.337,16856,670296,731136,589336,4446809
3.814,open,84,,47.927,40.031,42,0,40.605,9.564,16856,660160,731136,576304,4456945
3.824,open,84,,47.923,40.031,39,0,40.609,9.563,12040,646168,731136,567616,4469977
3.834,open,84,,47.924,40.031,39,0,40.608,9.562,14448,633136,731136,554584,4483009
3.844,open,84,,47.84,40.031,40,0,40.679,9.336,16856,622512,731136,541552,4494593
3.854,open,84,,47.842,40.031,40,0,40.678,9.336,16856,609480,731136,528520,4507625
3.864,open,84,,47.922,40.031,39,0,40.61,9.563,12040,597424,731136,519832,4517761
3.874,open,84,,47.922,40.031,39,0,40.609,9.564,14448,584392,731136,506800,4530793
3.884,open,84,,47.922,40.031,39,0,40.609,9.564,14448,571360,731136,493768,4543825
3.894,open,84,,47.841,40.031,40,0,40.678,9.336,16856,560736,731136,480736,4555409
3.904,open,84,,47.924,40.031,39,0,40.608,9.563,12040,549640,731136,472048,4565545
3.914,open,84,,47.922,40.031,39,0,40.61,9.564,12040,535648,731136,459016,4578577
3.924,open,84,,47.923,40.031,39,0,40.609,9.564,14448,522616,731136,445984,4591609
3.934,open,84,,47.841,40.031,40,0,40.678,9.337,16856,511992,731136,432952,4603193
3.945,open,84,,47.842,40.031,40,0,40.677,9.337,16856,498960,731136,419920,4616225
3.955,open,84,,47.922,40.031,39,0,40.609,9.564,12040,487864,731136,411232,4626361
3.965,open,84,,47.922,40.031,39,0,40.61,9.562,14448,739312,731136,658840,4639393
3.975,open,84,,47.922,40.031,39,0,40.61,9.564,14448,725320,731136,645808,4652425
3.985,open,84,,47.841,40.031,40,0,40.678,9.336,16856,714696,731136,632776,4664009
3.995,open,84,,47.923,40.031,39,0,40.609,9.564,12040,703600,731136,624088,4674145
4.005,open,84,,47.924,40.031,39,0,40.608,9.562,12040,690568,731136,611056,4687177
4.015,open,84,,47.922,40.031,39,0,40.61,9.564,14448,677536,731136,598024,4700209
4.025,open,84,,47.842,40.031,40,0,40.678,9.336,16856,665952,731136,584992,4711793
4.035,open,84,,47.84,40.031,40,0,40.679,9.336,16856,652920,731136,571960,4724825
4.045,open,84,,47.922,40.031,39,0,40.609,9.563,12040,641824,731136,563272,4734961
4.055,open,84,,47.924,40.031,39,0,40.608,9.563,14448,628792,731136,550240,4747993
4.066,open,84,,47.846,40.031,40,0,40.674,9.336,14448,618168,731136,537208,4759577
4.076,open,84,,47.847,40.031,40,0,40.674,9.336,16856,604176,731136,524176,4772609
4.086,open,84,,47.929,40.031,39,0,40.603,9.563,12040,593080,731136,515488,4782745
4.096,open,84,,47.926,40.031,39,0,40.606,9.563,12040,580048,731136,502456,4795777
4.106,open,84,,47.919,40.031,39,0,40.612,9.561,14448,567016,731136,489424,4808809
4.116,open,84,,47.842,40.031,40,0,40.677,9.336,16856,556392,731136,476392,4820393
4.126,open,84,,47.923,40.031,39,0,40.609,9.564,12040,545296,731136,467704,4830529
4.136,open,84,,47.923,40.031,39,0,40.608,9.564,12040,531304,731136,454672,4843561
4.146,open,84,,47.922,40.031,39,0,40.61,9.565,14448,518272,731136,441640,4856593
4.156,open,84,,47.841,40.031,40,0,40.678,9.34,16856,507648,731136,428608,4868177
4.166,open,84,,47.841,40.031,40,0,40.678,9.336,16856,494616,731136,415576,4881209
4.176,open,84,,47.922,40.031,39,0,40.61,9.564,12040,748000,731136,667528,4891345
4.186,open,84,,47.922,40.031,39,0,40.609,9.564,14448,734008,731136,654496,4904377
4.197,open,84,,47.922,40.031,39,0,40.61,9.564,14448,720976,731136,641464,4917409
4.207,open,84,,47.841,40.031,40,0,40.678,9.336,16856,710352,731136,628432,4928993
4.217,open,84,,47.922,40.031,39,0,40.61,9.564,12040,699256,731136,619744,4939129
4.227,open,84,,47.923,40.031,39,0,40.609,9.564,12040,686224,731136,606712,4952161
4.237,open,84,,47.923,40.031,39,0,40.608,9.562,14448,673192,731136,593680,4965193
4.247,open,84,,47.843,40.031,40,0,40.677,9.336,16856,661608,731136,580648,4976777
4.257,open,84,,47.842,40.031,40,0,40.677,9.337,16856,648576,731136,567616,4989809
4.267,open,84,,47.924,40.031,39,0,40.608,9.564,12040,637480,731136,558928,4999945
4.277,open,84,,47.923,40.031,39,0,40.609,9.564,14448,624448,731136,545896,5012977
4.287,open,84,,47.925,40.031,39,0,40.607,9.564,14448,611416,731136,532864,5026009
4.297,open,84,,47.841,40.031,40,0,40.678,9.336,16856,599832,731136,519832,5037593
4.307,open,84,,47.923,40.031,39,0,40.609,9.563,12040,588736,731136,511144,5047729
4.317,open,84,,47.922,40.031,39,0,40.61,9.564,14448,575704,731136,498112,5060761
4.327,open,84,,47.925,40.031,39,0,40.607,9.562,14448,562672,731136,485080,5073793
4.338,open,84,,47.842,40.031,40,0,40.678,9.336,16856,552048,731136,472048,5085377
4.348,open,84,,47.922,40.031,39,0,40.609,9.564,12040,540952,731136,463360,5095513
4.358,open,84,,47.922,40.031,39,0,40.609,9.564,12040,526960,731136,450328,5108545
4.368,open,84,,47.922,40.031,39,0,40.609,9.564,14448,513928,731136,437296,5121577
4.378,open,84,,47.841,40.031,40,0,40.678,9.336,16856,503304,731136,424264,5133161
4.388,open,84,,47.841,40.031,40,0,40.678,9.336,16856,490272,731136,411232,5146193
4.398,open,84,,47.923,40.031,39,0,40.609,9.564,12040,743656,731136,663184,5156329
4.408,open,84,,47.921,40.031,39,0,40.61,9.564,14448,729664,731136,650152,5169361
4.418,open,84,,47.922,40.031,39,0,40.61,9.564,14448,716632,731136,637120,5182393
4.428,open,84,,47.841,40.031,40,0,40.679,9.337,16856,706008,731136,624088,5193977
4.438,open,84,,47.927,40.031,39,0,40.605,9.564,12040,694912,731136,615400,5204113
4.448,open,84,,47.923,40.031,39,0,40.609,9.564,12040,681880,731136,602368,5217145
4.458,open,84,,47.948,40.031,39,0,40.588,9.563,14448,667888,731136,589336,5230177
4.468,open,84,,47.854,40.031,40,0,40.667,9.336,16856,657264,731136,576304,5241761
4.479,open,84,,47.952,40.031,39,0,40.584,9.551,12040,646168,731136,567616,5251897
4.489,open,84,,47.945,40.031,39,0,40.591,9.551,12040,633136,731136,554584,5264929
4.499,open,84,,47.933,40.031,39,0,40.601,9.55,14448,620104,731136,541552,5277961
4.509,open,84,,47.847,40.031,40,0,40.674,9.551,16856,609480,731136,528520,5289545
4.519,open,84,,47.844,40.031,40,0,40.676,9.55,16856,595488,731136,515488,5302577
4.529,open,84,,47.924,40.031,39,0,40.608,9.552,12040,584392,731136,506800,5312713
4.539,open,84,,47.923,40.031,39,0,40.609,9.564,14448,571360,731136,493768,5325745
4.549,open,84,,47.923,40.031,39,0,40.609,9.564,14448,558328,731136,480736,5338777
4.559,open,84,,47.841,40.031,40,0,40.678,9.336,16856,547704,731136,467704,5350361
4.569,open,84,,47.923,40.031,39,0,40.609,9.564,12040,535648,731136,459016,5360497
4.579,open,84,,47.923,40.031,39,0,40.609,9.564,12040,522616,731136,445984,5373529
4.589,open,84,,47.922,40.031,39,0,40.609,9.564,14448,509584,731136,432952,5386561
4.599,open,84,,47.841,40.031,40,0,40.678,9.336,16856,498960,731136,419920,5398145
4.610,open,84,,47.842,40.031,40,0,40.678,9.336,16856,750408,731136,667528,5411177
4.620,open,84,,47.922,40.031,39,0,40.61,9.564,12040,739312,731136,658840,5421313
4.630,open,84,,47.923,40.031,39,0,40.609,9.564,14448,725320,731136,645808,5434345
4.640,open,84,,47.922,40.031,39,0,40.609,9.564,14448,712288,731136,632776,5447377
4.650,open,84,,47.844,40.031,40,0,40.675,9.336,16856,701664,731136,619744,5458961
4.660,open,84,,47.924,40.031,39,0,40.608,9.564,12040,690568,731136,611056,5469097
4.670,open,84,,47.925,40.031,39,0,40.607,9.564,12040,677536,731136,598024,5482129
4.680,open,84,,47.922,40.031,39,0,40.609,9.564,14448,663544,731136,584992,5495161
4.690,open,84,,47.844,40.031,40,0,40.676,9.336,16856,652920,731136,571960,5506745
4.700,open,84,,47.842,40.031,40,0,40.678,9.336,16856,639888,731136,558928,5519777
4.710,open,84,,47.923,40.031,39,0,40.609,9.564,12040,628792,731136,550240,5529913
4.720,open,84,,47.922,40.031,39,0,40.609,9.564,14448,615760,731136,537208,5542945
4.731,open,84,,47.843,40.031,40,0,40.677,9.336,14448,604176,731136,524176,5554529
4.741,open,84,,47.842,40.031,40,0,40.677,9.336,16856,591144,731136,511144,5567561
4.751,open,84,,47.924,40.031,39,0,40.608,9.564,12040,580048,731136,502456,5577697
4.761,open,84,,47.925,40.031,39,0,40.607,9.563,12040,567016,731136,489424,5590729
4.771,open,84,,47.935,40.031,39,0,40.599,9.559,14448,553984,731136,476392,5603761
4.781,open,84,,47.86,40.031,40,0,40.662,9.333,16856,543360,731136,463360,5615345
4.791,open,84,,47.853,40.031,40,0,40.669,9.333,16856,529368,731136,450328,5628377
4.801,open,84,,47.937,40.031,39,0,40.597,9.56,12040,518272,731136,441640,5638513
4.812,open,84,,47.933,40.031,39,0,40.6,9.56,14448,505240,731136,428608,5651545
4.822,open,84,,47.932,40.031,39,0,40.602,9.559,14448,492208,731136,415576,5664577
4.832,open,84,,47.839,40.031,40,0,40.68,9.336,16856,746064,731136,663184,5676161
4.842,open,84,,47.922,40.031,39,0,40.609,9.564,12040,734008,731136,654496,5686297
4.852,open,84,,47.924,40.031,39,0,40.608,9.564,12040,720976,731136,641464,5699329
4.862,open,84,,47.925,40.031,39,0,40.607,9.564,14448,707944,731136,628432,5712361
4.872,open,84,,47.845,40.031,40,0,40.675,9.338,16856,697320,731136,615400,5723945
4.882,open,84,,47.845,40.031,40,0,40.675,9.336,16856,684288,731136,602368,5736977
4.892,open,84,,47.927,40.031,39,0,40.606,9.564,12040,673192,731136,593680,5747113
4.902,open,84,,47.929,40.031,39,0,40.604,9.563,14448,659200,731136,580648,5760145
4.913,open,84,,47.922,40.031,39,0,40.609,9.563,14448,646168,731136,567616,5773177
4.923,open,84,,47.845,40.031,40,0,40.675,9.336,16856,635544,731136,554584,5784761
4.933,open,84,,47.932,40.031,39,0,40.601,9.561,12040,624448,731136,545896,5794897
4.943,open,84,,47.931,40.031,39,0,40.602,9.562,12040,611416,731136,532864,5807929
4.953,open,84,,47.93,40.031,39,0,40.603,9.563,14448,597424,731136,519832,5820961
4.963,open,84,,47.844,40.031,40,0,40.675,9.344,16856,586800,731136,506800,5832545
4.973,open,84,,47.846,40.031,40,0,40.674,9.337,16856,573768,731136,493768,5845577
4.983,open,84,,47.926,40.031,39,0,40.606,9.565,12040,562672,731136,485080,5855713
4.993,open,84,,47.926,40.031,39,0,40.606,9.564,14448,549640,731136,472048,5868745
5.003,open,84,,47.925,40.031,39,0,40.607,9.564,14448,535648,731136,459016,5881777
5.013,open,84,,47.845,40.031,40,0,40.675,9.336,16856,525024,731136,445984,5893361
5.024,open,84,,47.925,40.031,39,0,40.607,9.564,12040,513928,731136,437296,5903497
5.034,open,84,,47.925,40.031,39,0,40.607,9.564,12040,500896,731136,424264,5916529
5.044,open,84,,47.924,40.031,39,0,40.608,9.564,14448,487864,731136,411232,5929561
5.054,open,84,,47.845,40.031,40,0,40.675,9.337,16856,741720,731136,658840,5941145
5.064,open,84,,47.846,40.031,40,0,40.674,9.336,16856,727728,731136,645808,5954177
5.074,open,84,,47.927,40.031,39,0,40.606,9.563,12040,716632,731136,637120,5964313
5.084,open,84,,47.926,40.031,39,0,40.606,9.563,14448,703600,731136,624088,5977345
5.094,open,84,,47.925,40.031,39,0,40.607,9.564,14448,690568,731136,611056,5990377
5.104,open,84,,47.845,40.031,40,0,40.675,9.336,16856,679944,731136,598024,6001961
5.114,open,84,,47.926,40.031,39,0,40.607,9.564,12040,667888,731136,589336,6012097
5.125,open,84,,47.926,40.031,39,0,40.606,9.564,12040,654856,731136,576304,6025129
5.135,open,84,,47.924,40.031,39,0,40.608,9.564,14448,641824,731136,563272,6038161
5.145,open,84,,47.841,40.031,40,0,40.678,9.335,16856,631200,731136,550240,6049745
5.155,open,84,,47.842,40.031,40,0,40.678,9.337,16856,618168,731136,537208,6062777
5.165,open,84,,47.922,40.031,39,0,40.609,9.564,12040,607072,731136,528520,6072913
5.175,open,84,,47.923,40.031,39,0,40.609,9.564,14448,593080,731136,515488,6085945
5.185,open,84,,47.922,40.031,39,0,40.609,9.564,14448,580048,731136,502456,6098977
5.195,open,84,,47.841,40.031,40,0,40.678,9.337,16856,569424,731136,489424,6110561
5.205,open,84,,47.923,40.031,39,0,40.609,9.564,12040,558328,731136,480736,6120697
5.215,open,84,,47.923,40.031,39,0,40.609,9.564,12040,545296,731136,467704,6133729
5.225,open,84,,47.922,40.031,39,0,40.609,9.564,14448,531304,731136,454672,6146761
5.236,open,84,,47.842,40.031,40,0,40.677,9.336,16856,520680,731136,441640,6158345
5.246,open,84,,47.841,40.031,40,0,40.678,9.337,16856,507648,731136,428608,6171377
5.256,open,84,,47.923,40.031,39,0,40.609,9.563,12040,496552,731136,419920,6181513
5.266,open,84,,47.923,40.031,39,0,40.609,9.564,14448,748000,731136,667528,6194545
5.276,open,84,,47.924,40.031,39,0,40.608,9.559,14448,734008,731136,654496,6207577
5.286,open,84,,47.846,40.031,40,0,40.674,9.336,16856,723384,731136,641464,6219161
5.296,open,84,,47.926,40.031,39,0,40.606,9.564,12040,712288,731136,632776,6229297
5.306,open,84,,47.924,40.031,39,0,40.608,9.564,12040,699256,731136,619744,6242329
5.316,open,84,,47.924,40.031,39,0,40.608,9.563,14448,686224,731136,606712,6255361
5.326,open,84,,47.842,40.031,40,0,40.677,9.336,16856,675600,731136,593680,6266945
5.336,open,84,,47.841,40.031,40,0,40.679,9.336,16856,661608,731136,580648,6279977
5.346,open,84,,47.923,40.031,39,0,40.609,9.564,12040,650512,731136,571960,6290113
5.356,open,84,,47.922,40.031,39,0,40.61,9.564,14448,637480,731136,558928,6303145
5.367,open,84,,47.923,40.031,39,0,40.609,9.564,14448,624448,731136,545896,6316177
5.377,open,84,,47.846,40.031,40,0,40.674,9.337,16856,613824,731136,532864,6327761
5.387,open,84,,47.927,40.031,39,0,40.605,9.563,12040,601768,731136,524176,6337897
5.397,open,84,,47.936,40.031,39,0,40.597,9.553,12040,588736,731136,511144,6350929
5.407,open,84,,47.931,40.031,39,0,40.602,9.563,14448,575704,731136,498112,6363961
5.417,open,84,,47.847,40.031,40,0,40.673,9.335,16856,565080,731136,485080,6375545
5.427,open,84,,47.842,40.031,40,0,40.678,9.336,16856,552048,731136,472048,6388577
5.437,open,84,,47.92,40.031,39,0,40.612,9.565,12040,540952,731136,463360,6398713
5.447,open,84,,47.922,40.031,39,0,40.61,9.564,14448,526960,731136,450328,6411745
5.457,open,84,,47.922,40.031,39,0,40.61,9.564,14448,513928,731136,437296,6424777
5.468,open,84,,47.842,40.031,40,0,40.678,9.338,16856,503304,731136,424264,6436361
5.478,open,84,,47.922,40.031,39,0,40.61,9.566,12040,492208,731136,415576,6446497
5.488,open,84,,47.922,40.031,39,0,40.609,9.564,12040,743656,731136,663184,6459529
5.498,open,84,,47.923,40.031,39,0,40.609,9.564,14448,729664,731136,650152,6472561
5.508,open,84,,47.842,40.031,40,0,40.677,9.336,16856,719040,731136,637120,6484145
5.518,open,84,,47.842,40.031,40,0,40.677,9.336,16856,706008,731136,624088,6497177
5.528,open,84,,47.925,40.031,39,0,40.607,9.563,12040,694912,731136,615400,6507313
5.538,open,84,,47.927,40.031,39,0,40.606,9.564,14448,681880,731136,602368,6520345
5.548,open,84,,47.925,40.031,39,0,40.607,9.564,14448,667888,731136,589336,6533377
5.558,open,84,,47.842,40.031,40,0,40.677,9.335,16856,657264,731136,576304,6544961
5.568,open,84,,47.935,40.031,39,0,40.598,9.554,12040,646168,731136,567616,6555097
5.579,open,84,,47.938,40.031,39,0,40.596,9.553,12040,633136,731136,554584,6568129
5.589,open,84,,47.929,40.031,39,0,40.603,9.552,14448,620104,731136,541552,6581161
5.599,open,84,,47.845,40.031,40,0,40.675,9.553,16856,609480,731136,528520,6592745
5.609,open,84,,47.924,40.031,42,0,40.608,9.552,16856,595488,731136,515488,6602881
5.619,open,84,,47.924,40.031,39,0,40.608,9.554,12040,584392,731136,506800,6615913
5.629,open,84,,47.922,40.031,39,0,40.609,9.564,14448,571360,731136,493768,6628945
5.639,open,84,,47.841,40.031,40,0,40.678,9.336,16856,560736,731136,480736,6640529
5.649,open,84,,47.84,40.031,40,0,40.679,9.336,16856,547704,731136,467704,6653561
5.659,open,84,,47.922,40.031,39,0,40.61,9.564,12040,535648,731136,459016,6663697
5.669,open,84,,47.922,40.031,39,0,40.609,9.564,14448,522616,731136,445984,6676729
5.679,open,84,,47.922,40.031,39,0,40.61,9.564,14448,509584,731136,432952,6689761
5.689,open,84,,47.841,40.031,40,0,40.678,9.336,16856,498960,731136,419920,6701345
5.699,open,84,,47.922,40.031,39,0,40.609,9.564,12040,487864,731136,411232,6711481
5.709,open,84,,47.922,40.031,39,0,40.609,9.564,12040,739312,731136,658840,6724513
5.720,open,84,,47.922,40.031,39,0,40.609,9.564,14448,725320,731136,645808,6737545
5.730,open,84,,47.842,40.031,40,0,40.678,9.336,16856,714696,731136,632776,6749129
5.740,open,84,,47.842,40.031,40,0,40.678,9.337,16856,701664,731136,619744,6762161
5.750,open,84,,47.923,40.031,39,0,40.609,9.564,12040,690568,731136,611056,6772297
5.760,open,84,,47.923,40.031,39,0,40.609,9.564,14448,677536,731136,598024,6785329
5.770,open,84,,47.925,40.031,39,0,40.607,9.564,14448,663544,731136,584992,6798361
5.780,open,84,,47.845,40.031,40,0,40.675,9.335,16856,652920,731136,571960,6809945
5.790,open,84,,47.93,40.031,39,0,40.603,9.559,12040,641824,731136,563272,6820081
5.800,open,84,,47.937,40.031,39,0,40.597,9.564,12040,628792,731136,550240,6833113
5.810,open,84,,47.933,40.031,39,0,40.601,9.561,14448,615760,731136,537208,6846145
5.820,open,84,,47.847,40.031,40,0,40.674,9.336,16856,604176,731136,524176,6857729
5.830,open,84,,47.841,40.031,40,0,40.679,9.337,16856,591144,731136,511144,6870761
5.841,open,84,,47.921,40.031,39,0,40.61,9.563,12040,580048,731136,502456,6880897
5.851,open,84,,47.921,40.031,39,0,40.61,9.564,14448,567016,731136,489424,6893929
5.861,open,84,,47.922,40.031,39,0,40.61,9.562,14448,553984,731136,476392,6906961
5.871,open,84,,47.842,40.031,40,0,40.678,9.337,16856,543360,731136,463360,6918545
5.881,open,84,,47.924,40.031,39,0,40.608,9.564,12040,531304,731136,454672,6928681
5.891,open,84,,47.922,40.031,39,0,40.61,9.564,12040,518272,731136,441640,6941713
5.901,open,84,,47.922,40.031,39,0,40.609,9.564,14448,505240,731136,428608,6954745
5.911,open,84,,47.841,40.031,40,0,40.679,9.338,16856,494616,731136,415576,6966329
5.921,open,84,,47.842,40.031,40,0,40.678,9.336,16856,746064,731136,663184,6979361
5.931,open,84,,47.922,40.031,39,0,40.61,9.564,12040,734008,731136,654496,6989497
5.942,open,84,,47.923,40.031,39,0,40.609,9.563,14448,720976,731136,641464,7002529
5.952,open,84,,47.921,40.031,39,0,40.61,9.564,14448,707944,731136,628432,7015561
5.962,open,84,,47.841,40.031,40,0,40.678,9.336,16856,697320,731136,615400,7027145
5.972,open,84,,47.922,40.031,39,0,40.61,9.564,12040,686224,731136,606712,7037281
5.982,open,84,,47.924,40.031,39,0,40.608,9.563,12040,673192,731136,593680,7050313
5.992,open,84,,47.923,40.031,39,0,40.609,9.564,14448,659200,731136,580648,7063345
6.002,open,84,,47.841,40.031,40,0,40.678,9.336,16856,648576,731136,567616,7074929
6.012,open,84,,47.841,40.031,40,0,40.678,9.336,16856,635544,731136,554584,7087961
6.022,open,84,,47.924,40.031,39,0,40.608,9.562,12040,624448,731136,545896,7098097
6.032,open,84,,47.923,40.031,39,0,40.609,9.564,14448,611416,731136,532864,7111129
6.043,open,84,,47.922,40.031,39,0,40.609,9.564,14448,597424,731136,519832,7124161
6.053,open,84,,47.841,40.031,40,0,40.678,9.336,16856,586800,731136,506800,7135745
6.063,open,84,,47.922,40.031,39,0,40.609,9.564,12040,575704,731136,498112,7145881
6.073,open,84,,47.923,40.031,39,0,40.608,9.564,12040,562672,731136,485080,7158913
6.083,open,84,,47.923,40.031,39,0,40.609,9.563,14448,549640,731136,472048,7171945
6.093,open,84,,47.843,40.031,40,0,40.677,9.336,16856,538056,731136,459016,7183529
6.103,open,84,,47.841,40.031,40,0,40.678,9.337,16856,525024,731136,445984,7196561
6.113,open,84,,47.923,40.031,39,0,40.609,9.563,12040,513928,731136,437296,7206697
6.123,open,84,,47.922,40.031,39,0,40.61,9.564,14448,500896,731136,424264,7219729
6.133,open,84,,47.924,40.031,39,0,40.608,9.562,14448,487864,731136,411232,7232761
6.143,open,84,,47.842,40.031,40,0,40.678,9.336,16856,741720,731136,658840,7244345
6.154,open,84,,47.922,40.031,39,0,40.609,9.564,12040,729664,731136,650152,7254481
6.164,open,84,,47.923,40.031,39,0,40.609,9.564,12040,716632,731136,637120,7267513
6.174,open,84,,47.923,40.031,39,0,40.608,9.563,14448,703600,731136,624088,7280545
6.184,open,84,,47.841,40.031,40,0,40.678,9.336,16856,692976,731136,611056,7292129
6.194,open,84,,47.841,40.031,40,0,40.679,9.336,16856,679944,731136,598024,7305161
6.204,open,84,,47.922,40.031,39,0,40.61,9.564,12040,667888,731136,589336,7315297
6.214,open,84,,47.922,40.031,39,0,40.61,9.564,14448,654856,731136,576304,7328329
6.224,open,84,,47.914,40.031,39,0,40.616,9.564,14448,641824,731136,563272,7341361
6.234,open,84,,47.837,40.031,40,0,40.682,9.336,16856,631200,731136,550240,7352945
6.244,open,84,,47.922,40.031,39,0,40.61,9.564,12040,620104,731136,541552,7363081
6.254,open,84,,47.921,40.031,39,0,40.611,9.564,12040,607072,731136,528520,7376113
6.264,open,84,,47.921,40.031,39,0,40.61,9.564,14448,593080,731136,515488,7389145
6.274,open,84,,47.84,40.031,40,0,40.679,9.344,16856,582456,731136,502456,7400729
6.285,open,84,,47.923,40.031,39,0,40.609,9.564,16856,572320,731136,493768,7410865
6.295,open,84,,47.921,40.031,39,0,40.61,9.564,12040,558328,731136,480736,7423897
6.305,open,84,,47.924,40.031,39,0,40.608,9.563,14448,545296,731136,467704,7436929
6.315,open,84,,47.841,40.031,40,0,40.678,9.336,16856,533712,731136,454672,7448513
6.325,open,84,,47.841,40.031,40,0,40.678,9.336,16856,520680,731136,441640,7461545
6.335,open,84,,47.922,40.031,39,0,40.61,9.564,12040,509584,731136,432952,7471681
6.345,open,84,,47.923,40.031,39,0,40.609,9.564,14448,496552,731136,419920,7484713
6.355,open,84,,47.922,40.031,39,0,40.609,9.564,14448,748000,731136,667528,7497745
6.365,open,84,,47.841,40.031,40,0,40.679,9.336,16856,736416,731136,654496,7509329
6.375,open,84,,47.921,40.031,39,0,40.61,9.564,12040,725320,731136,645808,7519465
6.385,open,84,,47.922,40.031,39,0,40.61,9.564,12040,712288,731136,632776,7532497
6.395,open,84,,47.922,40.031,39,0,40.61,9.564,14448,699256,731136,619744,7545529
6.405,open,84,,47.841,40.031,40,0,40.678,9.337,16856,688632,731136,606712,7557113
6.415,open,84,,47.84,40.031,40,0,40.679,9.336,16856,675600,731136,593680,7570145
6.426,open,84,,47.921,40.031,39,0,40.61,9.564,12040,663544,731136,584992,7580281
6.436,open,84,,47.921,40.031,39,0,40.61,9.564,14448,650512,731136,571960,7593313
6.446,open,84,,47.841,40.031,40,0,40.678,9.336,14448,639888,731136,558928,7604897
6.456,open,84,,47.842,40.031,40,0,40.677,9.336,16856,626856,731136,545896,7617929
6.466,open,84,,47.922,40.031,39,0,40.61,9.564,12040,615760,731136,537208,7628065
6.476,open,84,,47.922,40.031,39,0,40.609,9.563,14448,601768,731136,524176,7641097
6.486,open,84,,47.922,40.031,39,0,40.61,9.564,14448,588736,731136,511144,7654129
6.496,open,84,,47.841,40.031,40,0,40.678,9.336,16856,578112,731136,498112,7665713
6.506,open,84,,47.922,40.031,39,0,40.61,9.564,12040,567016,731136,489424,7675849
6.516,open,84,,47.922,40.031,39,0,40.61,9.564,12040,553984,731136,476392,7688881
6.526,open,84,,47.924,40.031,39,0,40.608,9.561,14448,540952,731136,463360,7701913
6.536,open,84,,47.849,40.031,40,0,40.671,9.336,16856,529368,731136,450328,7713497
6.546,open,84,,47.847,40.031,40,0,40.674,9.336,16856,516336,731136,437296,7726529
6.557,open,84,,47.925,40.031,39,0,40.607,9.564,12040,505240,731136,428608,7736665
6.567,open,84,,47.927,40.031,39,0,40.605,9.564,12040,492208,731136,415576,7749697
6.577,open,84,,47.927,40.031,39,0,40.605,9.564,14448,743656,731136,663184,7762729
6.587,open,84,,47.847,40.031,40,0,40.673,9.336,16856,732072,731136,650152,7774313
6.597,open,84,,47.851,40.031,40,0,40.67,9.336,16856,719040,731136,637120,7787345
6.607,open,84,,47.931,40.031,39,0,40.602,9.563,12040,707944,731136,628432,7797481
6.617,open,84,,47.92,40.031,39,0,40.611,9.561,14448,694912,731136,615400,7810513
6.627,open,84,,47.84,40.031,40,0,40.679,9.336,14448,684288,731136,602368,7822097
6.637,open,84,,47.841,40.031,40,0,40.678,9.337,16856,670296,731136,589336,7835129
6.648,open,84,,47.925,40.031,39,0,40.607,9.564,12040,659200,731136,580648,7845265
6.658,open,84,,47.921,40.031,39,0,40.61,9.564,14448,646168,731136,567616,7858297
6.668,open,84,,47.924,40.031,39,0,40.608,9.562,14448,633136,731136,554584,7871329
6.678,open,84,,47.841,40.031,40,0,40.678,9.336,16856,622512,731136,541552,7882913
6.688,open,84,,47.922,40.031,39,0,40.61,9.564,12040,611416,731136,532864,7893049
6.698,open,84,,47.923,40.031,39,0,40.608,9.563,12040,597424,731136,519832,7906081
6.708,open,84,,47.927,40.031,39,0,40.605,9.562,14448,584392,731136,506800,7919113
6.718,open,84,,47.85,40.031,40,0,40.67,9.336,14448,571360,731136,493768,7930697
6.728,open,84,,47.848,40.031,40,0,40.672,9.337,16856,560736,731136,480736,7943729
6.738,open,84,,47.928,40.031,39,0,40.604,9.563,12040,549640,731136,472048,7953865
6.748,open,84,,47.919,40.031,39,0,40.612,9.561,12040,535648,731136,459016,7966897
6.759,open,84,,47.923,40.031,39,0,40.609,9.564,14448,522616,731136,445984,7979929
6.769,open,84,,47.844,40.031,40,0,40.676,9.337,16856,511992,731136,432952,7991513
6.779,open,84,,47.855,40.031,40,0,40.666,9.336,16856,498960,731136,419920,8004545
6.789,open,84,,47.985,40.031,39,0,40.556,9.561,12040,487864,731136,411232,8014681
6.799,open,84,,47.956,40.031,39,0,40.581,9.561,14448,739312,731136,658840,8027713
6.809,open,84,,47.942,40.031,39,0,40.593,9.56,14448,725320,731136,645808,8040745
6.819,open,84,,47.863,40.031,40,0,40.66,9.336,16856,714696,731136,632776,8052329
6.829,open,84,,47.934,40.031,39,0,40.6,9.56,12040,703600,731136,624088,8062465
6.839,open,84,,47.929,40.031,39,0,40.604,9.561,12040,690568,731136,611056,8075497
6.850,open,84,,47.927,40.031,39,0,40.605,9.561,14448,677536,731136,598024,8088529
6.860,open,84,,47.847,40.031,40,0,40.674,9.333,16856,665952,731136,584992,8100113
6.870,open,84,,47.849,40.031,40,0,40.672,9.333,16856,652920,731136,571960,8113145
6.880,open,84,,47.929,40.031,39,0,40.604,9.565,12040,641824,731136,563272,8123281
6.890,open,84,,47.93,40.031,39,0,40.603,9.564,14448,628792,731136,550240,8136313
6.900,open,84,,47.929,40.031,39,0,40.604,9.563,14448,615760,731136,537208,8149345
6.910,open,84,,47.847,40.031,40,0,40.673,9.336,16856,604176,731136,524176,8160929
6.920,open,84,,47.929,40.031,39,0,40.604,9.563,12040,593080,731136,515488,8171065
6.930,open,84,,47.929,40.031,39,0,40.603,9.563,12040,580048,731136,502456,8184097
6.940,open,84,,47.928,40.031,39,0,40.604,9.564,14448,567016,731136,489424,8197129
6.950,open,84,,47.846,40.031,40,0,40.674,9.337,16856,556392,731136,476392,8208713
6.961,open,84,,47.845,40.031,40,0,40.675,9.337,16856,543360,731136,463360,8221745
6.971,open,84,,47.926,40.031,39,0,40.606,9.564,12040,531304,731136,454672,8231881
6.981,open,84,,47.928,40.031,39,0,40.605,9.562,14448,518272,731136,441640,8244913
6.991,open,84,,47.926,40.031,39,0,40.606,9.564,14448,505240,731136,428608,8257945
7.001,open,84,,47.845,40.031,40,0,40.675,9.337,16856,494616,731136,415576,8269529
7.011,open,84,,47.925,40.031,39,0,40.607,9.564,12040,748000,731136,667528,8279665
7.021,open,84,,47.924,40.031,39,0,40.608,9.563,12040,734008,731136,654496,8292697
7.031,open,84,,47.924,40.031,39,0,40.608,9.565,14448,720976,731136,641464,8305729
7.041,open,84,,47.844,40.031,40,0,40.676,9.336,16856,710352,731136,628432,8317313
7.051,open,84,,47.843,40.031,40,0,40.677,9.336,16856,697320,731136,615400,8330345
7.062,open,84,,47.925,40.031,39,0,40.607,9.563,12040,686224,731136,606712,8340481
7.072,open,84,,47.926,40.031,39,0,40.606,9.564,14448,673192,731136,593680,8353513
7.082,open,84,,47.927,40.031,39,0,40.605,9.564,14448,659200,731136,580648,8366545
7.092,open,84,,47.847,40.031,40,0,40.674,9.336,16856,648576,731136,567616,8378129
7.102,open,84,,47.924,40.031,39,0,40.608,9.564,12040,637480,731136,558928,8388265
7.112,open,84,,47.925,40.031,39,0,40.607,9.564,12040,624448,731136,545896,8401297
7.122,open,84,,47.923,40.031,39,0,40.608,9.564,14448,611416,731136,532864,8414329
7.132,open,84,,47.843,40.031,40,0,40.676,9.336,16856,599832,731136,519832,8425913
7.142,open,84,,47.849,40.031,40,0,40.671,9.337,16856,586800,731136,506800,8438945
7.152,open,84,,47.926,40.031,39,0,40.606,9.564,12040,575704,731136,498112,8449081
7.162,open,84,,47.925,40.031,39,0,40.607,9.564,14448,562672,731136,485080,8462113
7.172,open,84,,47.843,40.031,40,0,40.677,9.336,14448,552048,731136,472048,8473697
7.182,open,84,,47.841,40.031,40,0,40.678,9.336,16856,538056,731136,459016,8486729
7.193,open,84,,47.924,40.031,39,0,40.608,9.564,12040,526960,731136,450328,8496865
7.203,open,84,,47.922,40.031,39,0,40.609,9.564,14448,513928,731136,437296,8509897
7.213,open,84,,47.922,40.031,39,0,40.609,9.564,14448,500896,731136,424264,8522929
7.223,open,84,,47.841,40.031,40,0,40.679,9.336,16856,490272,731136,411232,8534513
7.233,open,84,,47.922,40.031,39,0,40.61,9.564,12040,743656,731136,663184,8544649
7.243,open,84,,47.921,40.031,39,0,40.61,9.564,12040,729664,731136,650152,8557681
7.253,open,84,,47.922,40.031,39,0,40.61,9.564,14448,716632,731136,637120,8570713
7.263,open,84,,47.842,40.031,40,0,40.678,9.336,16856,706008,731136,624088,8582297
7.273,open,84,,47.842,40.031,40,0,40.677,9.336,16856,692976,731136,611056,8595329
7.283,open,84,,47.923,40.031,39,0,40.609,9.564,12040,681880,731136,602368,8605465
7.293,open,84,,47.921,40.031,39,0,40.61,9.564,14448,667888,731136,589336,8618497
7.303,open,84,,47.921,40.031,39,0,40.61,9.564,14448,654856,731136,576304,8631529
7.313,open,84,,47.84,40.031,40,0,40.679,9.336,16856,644232,731136,563272,8643113
7.323,open,84,,47.922,40.031,39,0,40.61,9.564,12040,633136,731136,554584,8653249
7.334,open,84,,47.923,40.031,39,0,40.609,9.564,12040,620104,731136,541552,8666281
7.344,open,84,,47.922,40.031,39,0,40.61,9.564,14448,607072,731136,528520,8679313
7.354,open,84,,47.841,40.031,40,0,40.679,9.336,16856,595488,731136,515488,8690897
7.364,open,84,,47.922,40.031,42,0,40.609,9.564,16856,585352,731136,502456,8701033
7.374,open,84,,47.922,40.031,39,0,40.61,9.564,12040,571360,731136,493768,8714065
7.384,open,84,,47.922,40.031,39,0,40.61,9.564,14448,558328,731136,480736,8727097
7.394,open,84,,47.84,40.031,40,0,40.679,9.336,16856,547704,731136,467704,8738681
7.404,open,84,,47.841,40.031,40,0,40.678,9.336,16856,533712,731136,454672,8751713
7.414,open,84,,47.922,40.031,39,0,40.609,9.564,12040,522616,731136,445984,8761849
7.424,open,84,,47.923,40.031,39,0,40.609,9.564,14448,509584,731136,432952,8774881
7.434,open,84,,47.923,40.031,39,0,40.609,9.564,14448,496552,731136,419920,8787913
7.444,open,84,,47.842,40.031,40,0,40.677,9.336,16856,750408,731136,667528,8799497
7.454,open,84,,47.923,40.031,39,0,40.609,9.564,12040,739312,731136,658840,8809633
7.464,open,84,,47.923,40.031,39,0,40.609,9.564,12040,725320,731136,645808,8822665
7.475,open,84,,47.922,40.031,39,0,40.609,9.564,14448,712288,731136,632776,8835697
7.485,open,84,,47.842,40.031,40,0,40.678,9.336,16856,701664,731136,619744,8847281
7.495,open,84,,47.842,40.031,40,0,40.678,9.337,16856,688632,731136,606712,8860313
7.505,open,84,,47.923,40.031,39,0,40.609,9.564,12040,677536,731136,598024,8870449
7.515,open,84,,47.924,40.031,39,0,40.608,9.564,14448,663544,731136,584992,8883481
7.525,open,84,,47.923,40.031,39,0,40.609,9.564,14448,650512,731136,571960,8896513
7.535,open,84,,47.843,40.031,40,0,40.677,9.337,16856,639888,731136,558928,8908097
7.545,open,84,,47.924,40.031,39,0,40.608,9.563,12040,628792,731136,550240,8918233
7.555,open,84,,47.924,40.031,39,0,40.608,9.563,12040,615760,731136,537208,8931265
7.565,open,84,,47.924,40.031,39,0,40.608,9.564,14448,601768,731136,524176,8944297
7.575,open,84,,47.842,40.031,40,0,40.677,9.336,16856,591144,731136,511144,8955881
7.585,open,84,,47.923,40.031,39,0,40.609,9.564,12040,580048,731136,502456,8966017
7.595,open,84,,47.923,40.031,39,0,40.609,9.564,12040,567016,731136,489424,8979049
7.606,open,84,,47.924,40.031,39,0,40.608,9.563,14448,553984,731136,476392,8992081
7.616,open,84,,47.843,40.031,40,0,40.677,9.336,16856,543360,731136,463360,9003665
7.626,open,84,,47.842,40.031,40,0,40.677,9.336,16856,529368,731136,450328,9016697
7.636,open,84,,47.924,40.031,39,0,40.608,9.564,12040,518272,731136,441640,9026833
7.646,open,84,,47.924,40.031,39,0,40.608,9.564,14448,505240,731136,428608,9039865
7.656,open,84,,47.926,40.031,39,0,40.606,9.563,14448,492208,731136,415576,9052897
7.666,open,84,,47.844,40.031,40,0,40.676,9.336,16856,746064,731136,663184,9064481
7.676,open,84,,47.925,40.031,39,0,40.607,9.564,12040,734008,731136,654496,9074617
7.686,open,84,,47.923,40.031,39,0,40.609,9.564,12040,720976,731136,641464,9087649
7.696,open,84,,47.922,40.031,39,0,40.61,9.564,14448,707944,731136,628432,9100681
7.706,open,84,,47.841,40.031,40,0,40.679,9.336,16856,697320,731136,615400,9112265
7.716,open,84,,47.841,40.031,40,0,40.678,9.336,16856,684288,731136,602368,9125297
7.726,open,84,,47.923,40.031,39,0,40.609,9.564,12040,673192,731136,593680,9135433
7.736,open,84,,47.922,40.031,39,0,40.609,9.564,14448,659200,731136,580648,9148465
7.747,open,84,,47.924,40.031,39,0,40.608,9.564,14448,646168,731136,567616,9161497
7.757,open,84,,47.842,40.031,40,0,40.678,9.336,16856,635544,731136,554584,9173081
7.767,open,84,,47.923,40.031,39,0,40.609,9.564,12040,624448,731136,545896,9183217
7.777,open,84,,47.927,40.031,39,0,40.606,9.56,12040,611416,731136,532864,9196249
7.787,open,84,,47.928,40.031,39,0,40.605,9.559,14448,597424,731136,519832,9209281
7.797,open,84,,47.85,40.031,40,0,40.67,9.336,16856,586800,731136,506800,9220865
7.807,open,84,,47.927,40.031,42,0,40.606,9.563,16856,573768,731136,493768,9231001
7.817,open,84,,47.932,40.031,39,0,40.602,9.56,12040,562672,731136,485080,9244033
7.827,open,84,,47.926,40.031,39,0,40.606,9.563,14448,549640,731136,472048,9257065
7.837,open,84,,47.844,40.031,40,0,40.676,9.336,14448,538056,731136,459016,9268649
7.847,open,84,,47.844,40.031,40,0,40.676,9.336,16856,525024,731136,445984,9281681
7.858,open,84,,47.923,40.031,39,0,40.609,9.563,12040,513928,731136,437296,9291817
7.868,open,84,,47.922,40.031,39,0,40.61,9.564,14448,500896,731136,424264,9304849
7.878,open,84,,47.924,40.031,39,0,40.608,9.565,14448,487864,731136,411232,9317881
7.888,open,84,,47.842,40.031,40,0,40.677,9.336,16856,741720,731136,658840,9329465
7.898,open,84,,47.923,40.031,39,0,40.609,9.565,12040,729664,731136,650152,9339601
7.908,open,84,,47.922,40.031,39,0,40.609,9.565,12040,716632,731136,637120,9352633
7.918,open,84,,47.924,40.031,39,0,40.608,9.563,14448,703600,731136,624088,9365665
7.928,open,84,,47.843,40.031,40,0,40.677,9.336,16856,692976,731136,611056,9377249
7.938,open,84,,47.842,40.031,40,0,40.678,9.336,16856,679944,731136,598024,9390281
7.948,open,84,,47.922,40.031,39,0,40.61,9.564,12040,667888,731136,589336,9400417
7.958,open,84,,47.922,40.031,39,0,40.61,9.564,14448,654856,731136,576304,9413449
7.968,open,84,,47.922,40.031,39,0,40.61,9.564,14448,641824,731136,563272,9426481
7.978,open,84,,47.841,40.031,40,0,40.679,9.336,16856,631200,731136,550240,9438065
7.988,open,84,,47.922,40.031,39,0,40.61,9.565,12040,620104,731136,541552,9448201
7.999,open,84,,47.921,40.031,39,0,40.61,9.564,12040,607072,731136,528520,9461233
8.009,open,84,,47.922,40.031,39,0,40.61,9.564,14448,593080,731136,515488,9474265
8.019,open,84,,47.84,40.031,40,0,40.679,9.336,16856,582456,731136,502456,9485849
8.029,open,84,,47.923,40.031,39,0,40.609,9.562,12040,571360,731136,493768,9495985
8.039,open,84,,47.922,40.031,39,0,40.609,9.564,12040,558328,731136,480736,9509017
8.049,open,84,,47.922,40.031,39,0,40.61,9.564,14448,545296,731136,467704,9522049
8.059,open,84,,47.841,40.031,40,0,40.678,9.336,16856,533712,731136,454672,9533633
8.069,open,84,,47.841,40.031,40,0,40.679,9.336,16856,520680,731136,441640,9546665
8.079,open,84,,47.922,40.031,39,0,40.609,9.564,12040,509584,731136,432952,9556801
8.089,open,84,,47.922,40.031,39,0,40.609,9.564,14448,496552,731136,419920,9569833
8.099,open,84,,47.929,40.031,39,0,40.604,9.556,14448,748000,731136,667528,9582865
8.109,open,84,,47.854,40.031,40,0,40.667,9.336,16856,736416,731136,654496,9594449
8.120,open,84,,47.933,40.031,42,0,40.601,9.562,16856,726280,731136,641464,9604585
8.130,open,84,,47.931,40.031,39,0,40.602,9.563,12040,712288,731136,632776,9617617
8.140,open,84,,47.934,40.031,39,0,40.599,9.555,14448,699256,731136,619744,9630649
8.150,open,84,,47.844,40.031,40,0,40.676,9.336,16856,688632,731136,606712,9642233
8.160,open,84,,47.842,40.031,40,0,40.677,9.336,16856,675600,731136,593680,9655265
8.170,open,84,,47.923,40.031,39,0,40.609,9.564,12040,663544,731136,584992,9665401
8.180,open,84,,47.922,40.031,39,0,40.609,9.564,14448,650512,731136,571960,9678433
8.190,open,84,,47.923,40.031,39,0,40.609,9.565,14448,637480,731136,558928,9691465
8.200,open,84,,47.842,40.031,40,0,40.677,9.336,16856,626856,731136,545896,9703049
8.210,open,84,,47.922,40.031,39,0,40.609,9.564,12040,615760,731136,537208,9713185
8.220,open,84,,47.922,40.031,39,0,40.61,9.564,12040,601768,731136,524176,9726217
8.230,open,84,,47.92,40.031,39,0,40.611,9.563,14448,588736,731136,511144,9739249
8.240,open,84,,47.841,40.031,40,0,40.678,9.336,16856,578112,731136,498112,9750833
8.251,open,84,,47.841,40.031,40,0,40.678,9.336,16856,565080,731136,485080,9763865
8.261,open,84,,47.923,40.031,39,0,40.609,9.564,12040,553984,731136,476392,9774001
8.271,open,84,,47.922,40.031,39,0,40.609,9.564,14448,540952,731136,463360,9787033
8.281,open,84,,47.923,40.031,39,0,40.609,9.564,14448,526960,731136,450328,9800065
8.291,open,84,,47.842,40.031,40,0,40.678,9.336,16856,516336,731136,437296,9811649
8.301,open,84,,47.922,40.031,39,0,40.609,9.564,12040,505240,731136,428608,9821785
8.311,open,84,,47.923,40.031,39,0,40.609,9.564,12040,492208,731136,415576,9834817
8.321,open,84,,47.922,40.031,39,0,40.61,9.564,14448,743656,731136,663184,9847849
8.331,open,84,,47.841,40.031,40,0,40.678,9.336,16856,732072,731136,650152,9859433
8.341,open,84,,47.841,40.031,40,0,40.679,9.336,16856,719040,731136,637120,9872465
8.351,open,84,,47.922,40.031,39,0,40.609,9.564,12040,707944,731136,628432,9882601
8.362,open,84,,47.923,40.031,39,0,40.609,9.564,14448,694912,731136,615400,9895633
8.372,open,84,,47.922,40.031,39,0,40.61,9.564,14448,681880,731136,602368,9908665
8.382,open,84,,47.841,40.031,40,0,40.678,9.336,16856,670296,731136,589336,9920249
8.392,open,84,,47.922,40.031,39,0,40.609,9.564,12040,659200,731136,580648,9930385
8.402,open,84,,47.923,40.031,39,0,40.609,9.563,12040,646168,731136,567616,9943417
8.412,open,84,,47.922,40.031,39,0,40.609,9.564,14448,633136,731136,554584,9956449
8.422,open,84,,47.841,40.031,40,0,40.679,9.336,16856,622512,731136,541552,9968033
8.432,open,84,,47.841,40.031,40,0,40.678,9.336,16856,609480,731136,528520,9981065
8.442,open,84,,47.922,40.031,39,0,40.61,9.564,12040,597424,731136,519832,9991201
8.453,open,84,,47.922,40.031,39,0,40.61,9.564,14448,584392,731136,506800,10004233
8.463,open,84,,47.922,40.031,39,0,40.61,9.564,14448,571360,731136,493768,10017265
8.473,open,84,,47.841,40.031,40,0,40.678,9.336,16856,560736,731136,480736,10028849
8.483,open,84,,47.921,40.031,39,0,40.61,9.564,12040,549640,731136,472048,10038985
8.493,open,84,,47.922,40.031,39,0,40.61,9.564,12040,535648,731136,459016,10052017
8.503,open,84,,47.923,40.031,39,0,40.609,9.563,14448,522616,731136,445984,10065049
8.513,open,84,,47.841,40.031,40,0,40.678,9.336,16856,511992,731136,432952,10076633
8.523,open,84,,47.843,40.031,40,0,40.677,9.337,16856,498960,731136,419920,10089665
8.533,open,84,,47.922,40.031,39,0,40.609,9.564,12040,487864,731136,411232,10099801
8.543,open,84,,47.922,40.031,39,0,40.61,9.564,14448,739312,731136,658840,10112833
8.553,open,84,,47.923,40.031,39,0,40.609,9.564,14448,725320,731136,645808,10125865
8.563,open,84,,47.842,40.031,40,0,40.678,9.336,16856,714696,731136,632776,10137449
8.573,open,84,,47.923,40.031,39,0,40.609,9.564,12040,703600,731136,624088,10147585
8.584,open,84,,47.922,40.031,39,0,40.609,9.564,12040,690568,731136,611056,10160617
8.594,open,84,,47.923,40.031,39,0,40.609,9.564,14448,677536,731136,598024,10173649
8.604,open,84,,47.843,40.031,40,0,40.677,9.336,16856,665952,731136,584992,10185233
8.614,open,84,,47.842,40.031,40,0,40.678,9.336,16856,652920,731136,571960,10198265
8.624,open,84,,47.922,40.031,39,0,40.609,9.564,12040,641824,731136,563272,10208401
8.634,open,84,,47.922,40.031,39,0,40.609,9.564,14448,628792,731136,550240,10221433
8.644,open,84,,47.923,40.031,39,0,40.609,9.564,14448,615760,731136,537208,10234465
8.654,open,84,,47.842,40.031,40,0,40.677,9.336,16856,604176,731136,524176,10246049
8.664,open,84,,47.923,40.031,39,0,40.609,9.564,12040,593080,731136,515488,10256185
8.674,open,84,,47.923,40.031,39,0,40.609,9.564,12040,580048,731136,502456,10269217
8.685,open,84,,47.922,40.031,39,0,40.61,9.564,14448,567016,731136,489424,10282249
8.695,open,84,,47.841,40.031,40,0,40.679,9.336,16856,556392,731136,476392,10293833
8.705,open,84,,47.84,40.031,40,0,40.679,9.336,16856,543360,731136,463360,10306865
8.715,open,84,,47.921,40.031,39,0,40.61,9.564,12040,531304,731136,454672,10317001
8.725,open,84,,47.921,40.031,39,0,40.61,9.564,14448,518272,731136,441640,10330033
8.735,open,84,,47.921,40.031,39,0,40.61,9.565,14448,505240,731136,428608,10343065
8.745,open,84,,47.84,40.031,40,0,40.679,9.336,16856,494616,731136,415576,10354649
8.755,open,84,,47.923,40.031,39,0,40.609,9.563,12040,748000,731136,667528,10364785
8.765,open,84,,47.923,40.031,39,0,40.609,9.564,12040,734008,731136,654496,10377817
8.775,open,84,,47.926,40.031,39,0,40.606,9.563,14448,720976,731136,641464,10390849
8.786,open,84,,47.845,40.031,40,0,40.675,9.336,16856,710352,731136,628432,10402433
8.796,open,84,,47.852,40.031,40,0,40.669,9.336,16856,697320,731136,615400,10415465
8.806,open,84,,47.937,40.031,39,0,40.597,9.564,12040,686224,731136,606712,10425601
8.816,open,84,,47.934,40.031,39,0,40.599,9.562,14448,673192,731136,593680,10438633
8.826,open,84,,47.93,40.031,39,0,40.602,9.56,14448,659200,731136,580648,10451665
8.836,open,84,,47.849,40.031,40,0,40.672,9.336,16856,648576,731136,567616,10463249
8.846,open,84,,47.934,40.031,39,0,40.6,9.564,12040,637480,731136,558928,10473385
8.856,open,84,,47.929,40.031,39,0,40.603,9.563,12040,624448,731136,545896,10486417
8.866,open,84,,47.929,40.031,39,0,40.604,9.565,14448,611416,731136,532864,10499449
8.876,open,84,,47.845,40.031,40,0,40.675,9.34,16856,599832,731136,519832,10511033
8.886,open,84,,47.846,40.031,40,0,40.674,9.337,16856,586800,731136,506800,10524065
8.897,open,84,,47.926,40.031,39,0,40.606,9.564,12040,575704,731136,498112,10534201
8.907,open,84,,47.928,40.031,39,0,40.605,9.564,14448,562672,731136,485080,10547233
8.917,open,84,,47.928,40.031,39,0,40.604,9.564,14448,549640,731136,472048,10560265
8.927,open,84,,47.848,40.031,40,0,40.672,9.336,16856,538056,731136,459016,10571849
8.937,open,84,,47.956,40.031,39,0,40.581,9.563,12040,526960,731136,450328,10581985
8.947,open,84,,47.943,40.031,39,0,40.592,9.564,12040,513928,731136,437296,10595017
8.957,open,84,,47.934,40.031,39,0,40.6,9.564,14448,500896,731136,424264,10608049
8.967,open,84,,47.854,40.031,40,0,40.667,9.336,16856,490272,731136,411232,10619633
8.977,open,84,,47.85,40.031,40,0,40.67,9.335,16856,741720,731136,658840,10632665
8.987,open,84,,47.925,40.031,39,0,40.607,9.563,12040,729664,731136,650152,10642801
8.997,open,84,,47.925,40.031,39,0,40.607,9.562,14448,716632,731136,637120,10655833
9.008,open,84,,47.92,40.031,39,0,40.611,9.562,14448,703600,731136,624088,10668865
9.018,open,84,,47.841,40.031,40,0,40.679,9.336,16856,692976,731136,611056,10680449
9.028,open,84,,47.922,40.031,39,0,40.61,9.564,12040,681880,731136,602368,10690585
9.038,open,84,,47.922,40.031,39,0,40.61,9.565,12040,667888,731136,589336,10703617
9.048,open,84,,47.924,40.031,39,0,40.608,9.564,14448,654856,731136,576304,10716649
9.058,open,84,,47.843,40.031,40,0,40.676,9.338,16856,644232,731136,563272,10728233
9.068,open,84,,47.846,40.031,40,0,40.674,9.336,16856,631200,731136,550240,10741265
9.078,open,84,,47.927,40.031,39,0,40.605,9.563,12040,620104,731136,541552,10751401
9.088,open,84,,47.926,40.031,39,0,40.606,9.562,14448,607072,731136,528520,10764433
9.098,open,84,,47.925,40.031,39,0,40.607,9.564,14448,593080,731136,515488,10777465
9.109,open,84,,47.844,40.031,40,0,40.675,9.336,16856,582456,731136,502456,10789049
9.119,open,84,,47.926,40.031,39,0,40.606,9.563,12040,571360,731136,493768,10799185
9.129,open,84,,47.939,40.031,39,0,40.595,9.564,12040,558328,731136,480736,10812217
9.139,open,84,,47.935,40.031,39,0,40.599,9.561,14448,545296,731136,467704,10825249
9.149,open,84,,47.857,40.031,40,0,40.665,9.337,16856,533712,731136,454672,10836833
9.159,open,84,,47.852,40.031,40,0,40.669,9.337,16856,520680,731136,441640,10849865
9.169,open,84,,47.928,40.031,39,0,40.604,9.563,12040,509584,731136,432952,10860001
9.179,open,84,,47.919,40.031,39,0,40.612,9.564,14448,496552,731136,419920,10873033
9.189,open,84,,47.92,40.031,39,0,40.611,9.564,14448,748000,731136,667528,10886065
9.199,open,84,,47.84,40.031,40,0,40.679,9.337,16856,736416,731136,654496,10897649
9.209,open,84,,47.922,40.031,39,0,40.61,9.565,12040,725320,731136,645808,10907785
9.219,open,84,,47.922,40.031,39,0,40.61,9.564,12040,712288,731136,632776,10920817
9.230,open,84,,47.922,40.031,39,0,40.61,9.564,14448,699256,731136,619744,10933849
9.240,open,84,,47.841,40.031,40,0,40.678,9.337,16856,688632,731136,606712,10945433
9.250,open,84,,47.842,40.031,40,0,40.678,9.336,16856,675600,731136,593680,10958465
9.260,open,84,,47.922,40.031,39,0,40.609,9.564,12040,663544,731136,584992,10968601
9.270,open,84,,47.922,40.031,39,0,40.609,9.564,14448,650512,731136,571960,10981633
9.280,open,84,,47.841,40.031,40,0,40.678,9.336,14448,637480,731136,558928,10993217
9.290,open,84,,47.841,40.031,40,0,40.679,9.336,16856,626856,731136,545896,11006249
9.300,open,84,,47.922,40.031,39,0,40.61,9.564,12040,615760,731136,537208,11016385
9.310,open,84,,47.922,40.031,39,0,40.609,9.563,14448,601768,731136,524176,11029417
9.320,open,84,,47.922,40.031,39,0,40.609,9.564,14448,588736,731136,511144,11042449
9.330,open,84,,47.842,40.031,40,0,40.678,9.336,16856,578112,731136,498112,11054033
9.340,open,84,,47.922,40.031,39,0,40.61,9.564,12040,567016,731136,489424,11064169
9.350,open,84,,47.923,40.031,39,0,40.609,9.564,12040,553984,731136,476392,11077201
9.360,open,84,,47.923,40.031,39,0,40.609,9.564,14448,540952,731136,463360,11090233
9.371,open,84,,47.842,40.031,40,0,40.678,9.336,16856,529368,731136,450328,11101817
9.381,open,84,,47.841,40.031,40,0,40.678,9.336,16856,516336,731136,437296,11114849
9.391,open,84,,47.922,40.031,39,0,40.61,9.564,12040,505240,731136,428608,11124985
9.401,open,84,,47.922,40.031,39,0,40.61,9.564,14448,492208,731136,415576,11138017
9.411,open,84,,47.922,40.031,39,0,40.61,9.564,14448,743656,731136,663184,11151049
9.421,open,84,,47.841,40.031,40,0,40.679,9.336,16856,732072,731136,650152,11162633
9.431,open,84,,47.922,40.031,39,0,40.61,9.564,12040,720976,731136,641464,11172769
9.441,open,84,,47.923,40.031,39,0,40.609,9.564,12040,707944,731136,628432,11185801
9.451,open,84,,47.923,40.031,39,0,40.609,9.564,14448,694912,731136,615400,11198833
9.461,open,84,,47.84,40.031,40,0,40.679,9.336,16856,684288,731136,602368,11210417
9.471,open,84,,47.922,40.031,42,0,40.61,9.564,16856,670296,731136,589336,11220553
9.481,open,84,,47.922,40.031,39,0,40.61,9.564,12040,659200,731136,580648,11233585
9.491,open,84,,47.922,40.031,39,0,40.61,9.564,14448,646168,731136,567616,11246617
9.501,open,84,,47.841,40.031,40,0,40.679,9.336,16856,635544,731136,554584,11258201
9.512,open,84,,47.842,40.031,40,0,40.678,9.336,16856,622512,731136,541552,11271233
9.522,open,84,,47.922,40.031,39,0,40.609,9.564,12040,611416,731136,532864,11281369
9.532,open,84,,47.925,40.031,39,0,40.607,9.563,14448,597424,731136,519832,11294401
9.542,open,84,,47.924,40.031,39,0,40.608,9.564,14448,584392,731136,506800,11307433
9.552,open,84,,47.844,40.031,40,0,40.676,9.335,16856,573768,731136,493768,11319017
9.562,open,84,,47.92,40.031,39,0,40.611,9.564,12040,562672,731136,485080,11329153
9.572,open,84,,47.922,40.031,39,0,40.61,9.564,12040,549640,731136,472048,11342185
9.582,open,84,,47.922,40.031,39,0,40.61,9.564,14448,535648,731136,459016,11355217
9.592,open,84,,47.841,40.031,40,0,40.678,9.336,16856,525024,731136,445984,11366801
9.602,open,84,,47.841,40.031,40,0,40.678,9.338,16856,511992,731136,432952,11379833
9.613,open,84,,47.923,40.031,39,0,40.609,9.564,12040,500896,731136,424264,11389969
9.623,open,84,,47.923,40.031,39,0,40.609,9.564,12040,487864,731136,411232,11403001
9.633,open,84,,47.923,40.031,39,0,40.609,9.564,14448,739312,731136,658840,11416033
9.643,open,84,,47.842,40.031,40,0,40.678,9.337,16856,727728,731136,645808,11427617
9.653,open,84,,47.921,40.031,39,0,40.61,9.563,12040,716632,731136,637120,11437753
9.663,open,84,,47.922,40.031,39,0,40.61,9.564,12040,703600,731136,624088,11450785
9.673,open,84,,47.922,40.031,39,0,40.61,9.564,14448,690568,731136,611056,11463817
9.683,open,84,,47.842,40.031,40,0,40.678,9.336,16856,679944,731136,598024,11475401
9.693,open,84,,47.841,40.031,40,0,40.678,9.336,16856,665952,731136,584992,11488433
9.703,open,84,,47.923,40.031,39,0,40.609,9.564,12040,654856,731136,576304,11498569
9.713,open,84,,47.923,40.031,39,0,40.608,9.563,14448,641824,731136,563272,11511601
9.723,open,84,,47.924,40.031,39,0,40.608,9.563,14448,628792,731136,550240,11524633
9.733,open,84,,47.841,40.031,40,0,40.679,9.336,16856,618168,731136,537208,11536217
9.744,open,84,,47.922,40.031,39,0,40.61,9.564,12040,607072,731136,528520,11546353
9.754,open,84,,47.922,40.031,39,0,40.61,9.564,12040,593080,731136,515488,11559385
9.764,open,84,,47.921,40.031,39,0,40.61,9.564,14448,580048,731136,502456,11572417
9.774,open,84,,47.844,40.031,40,0,40.676,9.336,16856,569424,731136,489424,11584001
9.784,open,84,,47.844,40.031,40,0,40.676,9.336,16856,556392,731136,476392,11597033
9.794,open,84,,47.927,40.031,39,0,40.605,9.562,12040,545296,731136,467704,11607169
9.804,open,84,,47.931,40.031,39,0,40.602,9.564,14448,531304,731136,454672,11620201
9.814,open,84,,47.932,40.031,39,0,40.601,9.562,14448,518272,731136,441640,11633233
9.824,open,84,,47.843,40.031,40,0,40.676,9.336,16856,507648,731136,428608,11644817
9.834,open,84,,47.924,40.031,39,0,40.608,9.564,12040,496552,731136,419920,11654953
9.844,open,84,,47.922,40.031,39,0,40.609,9.564,12040,748000,731136,667528,11667985
9.854,open,84,,47.923,40.031,39,0,40.609,9.563,14448,734008,731136,654496,11681017
9.864,open,84,,47.841,40.031,40,0,40.678,9.336,16856,723384,731136,641464,11692601
9.875,open,84,,47.922,40.031,39,0,40.61,9.566,12040,712288,731136,632776,11702737
9.885,open,84,,47.921,40.031,39,0,40.61,9.564,12040,699256,731136,619744,11715769
9.895,open,84,,47.921,40.031,39,0,40.61,9.564,14448,686224,731136,606712,11728801
9.905,open,84,,47.841,40.031,40,0,40.679,9.336,14448,675600,731136,593680,11740385
9.915,open,84,,47.841,40.031,40,0,40.678,9.336,16856,661608,731136,580648,11753417
9.925,open,84,,47.922,40.031,39,0,40.61,9.564,12040,650512,731136,571960,11763553
9.935,open,84,,47.922,40.031,39,0,40.61,9.564,12040,637480,731136,558928,11776585
9.945,open,84,,47.922,40.031,39,0,40.61,9.564,14448,624448,731136,545896,11789617
9.955,open,84,,47.841,40.031,40,0,40.679,9.336,16856,613824,731136,532864,11801201
9.965,open,84,,47.84,40.031,40,0,40.679,9.336,16856,599832,731136,519832,11814233
9.976,open,84,,47.921,40.031,39,0,40.61,9.564,12040,588736,731136,511144,11824369
9.986,open,84,,47.923,40.031,39,0,40.609,9.564,14448,575704,731136,498112,11837401
9.996,open,84,,47.923,40.031,39,0,40.609,9.564,14448,562672,731136,485080,11850433
10.006,open,84,,47.842,40.031,40,0,40.677,9.336,16856,552048,731136,472048,11862017
10.016,open,84,,47.922,40.031,39,0,40.609,9.564,12040,540952,731136,463360,11872153
10.026,open,84,,47.921,40.031,39,0,40.61,9.563,12040,526960,731136,450328,11885185
10.036,open,84,,47.922,40.031,39,0,40.61,9.564,14448,513928,731136,437296,11898217
10.046,open,84,,47.841,40.031,40,0,40.678,9.336,16856,503304,731136,424264,11909801
10.056,open,84,,47.842,40.031,40,0,40.678,9.336,16856,490272,731136,411232,11922833
10.066,open,84,,47.922,40.031,39,0,40.61,9.564,12040,743656,731136,663184,11932969
10.076,open,84,,47.923,40.031,39,0,40.608,9.562,14448,729664,731136,650152,11946001
10.087,open,84,,47.841,40.031,40,0,40.678,9.336,14448,719040,731136,637120,11957585
10.097,open,84,,47.842,40.031,40,0,40.678,9.336,16856,706008,731136,624088,11970617
10.107,open,84,,47.922,40.031,39,0,40.609,9.564,12040,694912,731136,615400,11980753
10.117,open,84,,47.925,40.031,39,0,40.607,9.563,12040,681880,731136,602368,11993785
10.127,open,84,,47.927,40.031,39,0,40.606,9.564,14448,667888,731136,589336,12006817
10.137,open,84,,47.848,40.031,40,0,40.672,9.336,16856,657264,731136,576304,12018401
10.147,open,84,,47.848,40.031,40,0,40.672,9.336,16856,644232,731136,563272,12031433
10.157,open,84,,47.932,40.031,39,0,40.601,9.56,12040,633136,731136,554584,12041569
10.168,open,84,,47.926,40.031,39,0,40.606,9.562,14448,620104,731136,541552,12054601
10.178,open,84,,47.928,40.031,39,0,40.604,9.564,14448,607072,731136,528520,12067633
10.188,open,84,,47.846,40.031,40,0,40.674,9.336,16856,595488,731136,515488,12079217
10.198,open,84,,47.925,40.031,39,0,40.607,9.561,12040,584392,731136,506800,12089353
10.208,open,84,,47.92,40.031,39,0,40.611,9.564,12040,571360,731136,493768,12102385
10.218,open,84,,47.922,40.031,39,0,40.61,9.565,14448,558328,731136,480736,12115417
10.228,open,84,,47.841,40.031,40,0,40.678,9.336,16856,547704,731136,467704,12127001
10.238,open,84,,47.841,40.031,40,0,40.678,9.336,16856,533712,731136,454672,12140033
10.248,open,84,,47.922,40.031,39,0,40.609,9.565,12040,522616,731136,445984,12150169
10.258,open,84,,47.922,40.031,39,0,40.609,9.564,14448,509584,731136,432952,12163201
10.268,open,84,,47.923,40.031,39,0,40.609,9.564,14448,496552,731136,419920,12176233
10.278,open,84,,47.841,40.031,40,0,40.678,9.336,16856,750408,731136,667528,12187817
10.288,open,84,,47.923,40.031,39,0,40.609,9.564,12040,739312,731136,658840,12197953
10.298,open,84,,47.923,40.031,39,0,40.609,9.562,12041,725320,731136,645808,12210985
10.309,open,84,,47.924,40.031,39,0,40.608,9.564,14448,712288,731136,632776,12224017
10.319,open,84,,47.842,40.031,40,0,40.677,9.336,16856,701664,731136,619744,12235601
10.329,open,84,,47.924,40.031,39,0,40.608,9.564,12040,690568,731136,611056,12245737
10.339,open,84,,47.922,40.031,39,0,40.609,9.564,12040,677536,731136,598024,12258769
10.349,open,84,,47.923,40.031,39,0,40.609,9.564,14448,663544,731136,584992,12271801
10.359,open,84,,47.842,40.031,40,0,40.678,9.336,16856,652920,731136,571960,12283385
10.369,open,84,,47.841,40.031,40,0,40.678,9.336,16856,639888,731136,558928,12296417
10.379,open,84,,47.923,40.031,39,0,40.609,9.564,12040,628792,731136,550240,12306553
10.389,open,84,,47.923,40.031,39,0,40.609,9.564,14448,615760,731136,537208,12319585
10.399,open,84,,47.924,40.031,39,0,40.608,9.563,14448,601768,731136,524176,12332617
10.409,open,84,,47.842,40.031,40,0,40.678,9.336,16856,591144,731136,511144,12344201
10.419,open,84,,47.922,40.031,39,0,40.609,9.564,12040,580048,731136,502456,12354337
10.429,open,84,,47.922,40.031,39,0,40.61,9.564,12040,567016,731136,489424,12367369
10.440,open,84,,47.923,40.031,39,0,40.609,9.564,14448,553984,731136,476392,12380401
10.450,open,84,,47.841,40.031,40,0,40.679,9.336,16856,543360,731136,463360,12391985
10.460,open,84,,47.841,40.031,40,0,40.678,9.336,16856,529368,731136,450328,12405017
10.470,open,84,,47.922,40.031,39,0,40.61,9.564,12040,518272,731136,441640,12415153
10.480,open,84,,47.923,40.031,39,0,40.608,9.564,14448,505240,731136,428608,12428185
10.490,open,84,,47.839,40.031,40,0,40.68,9.336,14448,494616,731136,415576,12439769
10.500,open,84,,47.84,40.031,40,0,40.679,9.335,16856,746064,731136,663184,12452801
10.510,open,84,,47.922,40.031,39,0,40.61,9.564,12040,734008,731136,654496,12462937
10.520,open,84,,47.922,40.031,39,0,40.609,9.564,14448,720976,731136,641464,12475969
10.530,open,84,,47.922,40.031,39,0,40.61,9.564,14448,707944,731136,628432,12489001
10.540,open,84,,47.841,40.031,40,0,40.678,9.336,16856,697320,731136,615400,12500585
10.550,open,84,,47.923,40.031,39,0,40.609,9.564,12040,686224,731136,606712,12510721
10.560,open,84,,47.921,40.031,39,0,40.61,9.564,12040,673192,731136,593680,12523753
10.570,open,84,,47.922,40.031,39,0,40.61,9.564,14448,659200,731136,580648,12536785
10.581,open,84,,47.841,40.031,40,0,40.679,9.336,16856,648576,731136,567616,12548369
10.591,open,84,,47.841,40.031,40,0,40.679,9.336,16856,635544,731136,554584,12561401
10.601,open,84,,47.921,40.031,39,0,40.61,9.564,12040,624448,731136,545896,12571537
10.611,open,84,,47.923,40.031,39,0,40.609,9.564,14448,611416,731136,532864,12584569
10.621,open,84,,47.922,40.031,39,0,40.609,9.564,14448,597424,731136,519832,12597601
10.631,open,84,,47.842,40.031,40,0,40.678,9.337,16856,586800,731136,506800,12609185
10.641,open,84,,47.922,40.031,39,0,40.609,9.564,12040,575704,731136,498112,12619321
10.651,open,84,,47.923,40.031,39,0,40.609,9.564,12040,562672,731136,485080,12632353
10.661,open,84,,47.922,40.031,39,0,40.609,9.564,14448,549640,731136,472048,12645385
10.671,open,84,,47.843,40.031,40,0,40.677,9.336,16856,538056,731136,459016,12656969
10.681,open,84,,47.843,40.031,40,0,40.677,9.336,16856,525024,731136,445984,12670001
10.691,open,84,,47.924,40.031,39,0,40.608,9.562,12040,513928,731136,437296,12680137
10.701,open,84,,47.923,40.031,39,0,40.609,9.564,14448,500896,731136,424264,12693169
10.712,open,84,,47.842,40.031,40,0,40.677,9.336,14448,490272,731136,411232,12704753
10.722,open,84,,47.842,40.031,40,0,40.678,9.336,16856,741720,731136,658840,12717785
10.732,open,84,,47.922,40.031,39,0,40.609,9.564,12040,729664,731136,650152,12727921
10.742,open,84,,47.922,40.031,39,0,40.609,9.564,14448,716632,731136,637120,12740953
10.752,open,84,,47.923,40.031,39,0,40.609,9.564,14448,703600,731136,624088,12753985
10.762,open,84,,47.842,40.031,40,0,40.678,9.336,16856,692976,731136,611056,12765569
10.772,open,84,,47.927,40.031,39,0,40.605,9.562,12040,681880,731136,602368,12775705
10.782,open,84,,47.929,40.031,39,0,40.604,9.563,12040,667888,731136,589336,12788737
10.792,open,84,,47.931,40.031,39,0,40.602,9.564,14448,654856,731136,576304,12801769
10.802,open,84,,47.852,40.031,40,0,40.669,9.336,14448,644232,731136,563272,12813353
10.812,open,84,,47.85,40.031,40,0,40.67,9.336,16856,631200,731136,550240,12826385
10.823,open,84,,47.928,40.031,39,0,40.604,9.564,12040,620104,731136,541552,12836521
10.833,open,84,,47.926,40.031,39,0,40.606,9.564,12040,607072,731136,528520,12849553
10.843,open,84,,47.964,40.031,39,0,40.574,9.51,14448,593080,731136,515488,12862585
10.853,open,84,,47.866,40.031,40,0,40.657,9.336,16856,582456,731136,502456,12874169
10.863,open,84,,47.855,40.031,40,0,40.667,9.337,16856,569424,731136,489424,12887201
10.873,open,84,,47.932,40.031,39,0,40.601,9.564,12040,558328,731136,480736,12897337
10.883,open,84,,47.933,40.031,39,0,40.6,9.561,14448,545296,731136,467704,12910369
10.893,open,84,,47.929,40.031,39,0,40.604,9.564,14448,531304,731136,454672,12923401
10.904,open,84,,47.845,40.031,40,0,40.675,9.337,16856,520680,731136,441640,12934985
10.914,open,84,,47.926,40.031,39,0,40.606,9.564,12040,509584,731136,432952,12945121
10.924,open,84,,47.926,40.031,39,0,40.606,9.564,12040,496552,731136,419920,12958153
10.934,open,84,,47.926,40.031,39,0,40.606,9.564,14448,748000,731136,667528,12971185
10.944,open,84,,47.845,40.031,40,0,40.675,9.337,16856,736416,731136,654496,12982769
10.954,open,84,,47.844,40.031,40,0,40.676,9.336,16856,723384,731136,641464,12995801
10.964,open,84,,47.924,40.031,39,0,40.608,9.564,12040,712288,731136,632776,13005937
10.974,open,84,,47.925,40.031,39,0,40.607,9.564,14448,699256,731136,619744,13018969
10.984,open,84,,47.924,40.031,39,0,40.608,9.564,14448,686224,731136,606712,13032001
10.994,open,84,,47.843,40.031,40,0,40.677,9.336,16856,675600,731136,593680,13043585
11.005,open,84,,47.924,40.031,39,0,40.608,9.564,12040,663544,731136,584992,13053721
11.015,open,84,,47.923,40.031,39,0,40.608,9.564,12040,650512,731136,571960,13066753
11.025,open,84,,47.924,40.031,39,0,40.608,9.564,14448,637480,731136,558928,13079785
11.035,open,84,,47.845,40.031,40,0,40.675,9.336,16856,626856,731136,545896,13091369
11.045,open,84,,47.845,40.031,40,0,40.675,9.336,16856,613824,731136,532864,13104401
11.055,open,84,,47.927,40.031,39,0,40.606,9.563,12040,601768,731136,524176,13114537
11.065,open,84,,47.925,40.031,39,0,40.607,9.564,14448,588736,731136,511144,13127569
11.075,open,84,,47.925,40.031,39,0,40.607,9.564,14448,575704,731136,498112,13140601
11.085,open,84,,47.844,40.031,40,0,40.676,9.336,16856,565080,731136,485080,13152185
11.095,open,84,,47.924,40.031,39,0,40.608,9.564,12040,553984,731136,476392,13162321
11.106,open,84,,47.925,40.031,39,0,40.607,9.564,12040,540952,731136,463360,13175353
11.116,open,84,,47.926,40.031,39,0,40.607,9.564,14448,526960,731136,450328,13188385
11.126,open,84,,47.844,40.031,40,0,40.676,9.336,16856,516336,731136,437296,13199969
11.136,open,84,,47.842,40.031,40,0,40.677,9.337,16856,503304,731136,424264,13213001
11.146,open,84,,47.923,40.031,39,0,40.608,9.564,12040,492208,731136,415576,13223137
11.156,open,84,,47.923,40.031,39,0,40.609,9.564,14448,743656,731136,663184,13236169
11.166,open,84,,47.924,40.031,39,0,40.608,9.563,14448,729664,731136,650152,13249201
11.176,open,84,,47.841,40.031,40,0,40.678,9.337,16856,719040,731136,637120,13260785
11.186,open,84,,47.922,40.031,42,0,40.609,9.564,16856,708904,731136,624088,13270921
11.196,open,84,,47.923,40.031,39,0,40.609,9.563,12040,694912,731136,615400,13283953
11.207,open,84,,47.926,40.031,39,0,40.606,9.56,14448,681880,731136,602368,13296985
11.217,open,84,,47.925,40.031,39,0,40.607,9.563,14448,667888,731136,589336,13310017
11.227,open,84,,47.854,40.031,40,0,40.667,9.336,16856,657264,731136,576304,13321601
11.237,open,84,,47.848,40.031,40,0,40.672,9.336,16856,644232,731136,563272,13334633
11.247,open,84,,47.929,40.031,39,0,40.604,9.559,12040,633136,731136,554584,13344769
11.257,open,84,,47.924,40.031,39,0,40.608,9.564,14448,620104,731136,541552,13357801
11.268,open,84,,47.922,40.031,39,0,40.609,9.565,14448,607072,731136,528520,13370833
11.278,open,84,,47.842,40.031,40,0,40.678,9.336,16856,595488,731136,515488,13382417
11.288,open,84,,47.922,40.031,39,0,40.609,9.564,12040,584392,731136,506800,13392553
11.298,open,84,,47.923,40.031,39,0,40.609,9.567,12040,571360,731136,493768,13405585
11.308,open,84,,47.922,40.031,39,0,40.609,9.564,14448,558328,731136,480736,13418617
11.318,open,84,,47.842,40.031,40,0,40.678,9.337,16856,547704,731136,467704,13430201
11.328,open,84,,47.841,40.031,40,0,40.678,9.336,16856,533712,731136,454672,13443233
11.338,open,84,,47.923,40.031,39,0,40.609,9.564,12040,522616,731136,445984,13453369
11.348,open,84,,47.922,40.031,39,0,40.61,9.564,14448,509584,731136,432952,13466401
11.358,open,84,,47.923,40.031,39,0,40.609,9.564,14448,496552,731136,419920,13479433
11.369,open,84,,47.841,40.031,40,0,40.679,9.336,16856,750408,731136,667528,13491017
11.379,open,84,,47.921,40.031,39,0,40.61,9.564,12040,739312,731136,658840,13501153
11.389,open,84,,47.922,40.031,39,0,40.61,9.564,12040,725320,731136,645808,13514185
11.399,open,84,,47.921,40.031,39,0,40.61,9.564,14448,712288,731136,632776,13527217
11.409,open,84,,47.841,40.031,40,0,40.678,9.336,16856,701664,731136,619744,13538801
11.419,open,84,,47.841,40.031,40,0,40.679,9.336,16856,688632,731136,606712,13551833
11.429,open,84,,47.922,40.031,39,0,40.609,9.564,12040,677536,731136,598024,13561969
11.439,open,84,,47.922,40.031,39,0,40.61,9.564,14448,663544,731136,584992,13575001
11.449,open,84,,47.923,40.031,39,0,40.609,9.564,14448,650512,731136,571960,13588033
11.460,open,84,,47.84,40.031,40,0,40.679,9.337,16856,639888,731136,558928,13599617
11.470,open,84,,47.923,40.031,39,0,40.609,9.563,12040,628792,731136,550240,13609753
11.480,open,84,,47.929,40.031,39,0,40.603,9.564,12040,615760,731136,537208,13622785
11.490,open,84,,47.928,40.031,39,0,40.605,9.564,14448,601768,731136,524176,13635817
11.500,open,84,,47.926,40.031,39,0,40.606,9.564,14448,588736,731136,511144,13648849
11.510,open,84,,47.846,40.031,40,0,40.674,9.336,16856,578112,731136,498112,13660433
11.520,open,84,,47.927,40.031,39,0,40.606,9.563,12040,567016,731136,489424,13670569
11.530,open,84,,47.919,40.031,39,0,40.612,9.564,12040,553984,731136,476392,13683601
11.541,open,84,,47.921,40.031,39,0,40.61,9.564,14448,540952,731136,463360,13696633
11.551,open,84,,47.842,40.031,40,0,40.677,9.336,16856,529368,731136,450328,13708217
11.561,open,84,,47.841,40.031,40,0,40.678,9.337,16856,516336,731136,437296,13721249
11.571,open,84,,47.922,40.031,39,0,40.609,9.564,12040,505240,731136,428608,13731385
11.581,open,84,,47.922,40.031,39,0,40.609,9.563,14448,492208,731136,415576,13744417
11.591,open,84,,47.921,40.031,39,0,40.61,9.564,14448,743656,731136,663184,13757449
11.601,open,84,,47.841,40.031,40,0,40.678,9.336,16856,732072,731136,650152,13769033
11.611,open,84,,47.922,40.031,39,0,40.61,9.564,12040,720976,731136,641464,13779169
11.621,open,84,,47.923,40.031,39,0,40.609,9.564,12040,707944,731136,628432,13792201
11.631,open,84,,47.921,40.031,39,0,40.61,9.565,14448,694912,731136,615400,13805233
11.642,open,84,,47.843,40.031,40,0,40.677,9.337,16856,684288,731136,602368,13816817
11.652,open,84,,47.841,40.031,40,0,40.678,9.337,16856,670296,731136,589336,13829849
11.662,open,84,,47.923,40.031,39,0,40.609,9.564,12040,659200,731136,580648,13839985
11.672,open,84,,47.922,40.031,39,0,40.61,9.564,14448,646168,731136,567616,13853017
11.682,open,84,,47.922,40.031,39,0,40.609,9.564,14448,633136,731136,554584,13866049
11.692,open,84,,47.841,40.031,40,0,40.679,9.336,16856,622512,731136,541552,13877633
11.702,open,84,,47.924,40.031,39,0,40.608,9.562,12040,611416,731136,532864,13887769
11.712,open,84,,47.924,40.031,39,0,40.608,9.564,12040,597424,731136,519832,13900801
11.722,open,84,,47.929,40.031,39,0,40.604,9.56,14448,584392,731136,506800,13913833
11.733,open,84,,47.848,40.031,40,0,40.672,9.336,14448,573768,731136,493768,13925417
11.743,open,84,,47.847,40.031,40,0,40.673,9.336,16856,560736,731136,480736,13938449
11.753,open,84,,47.927,40.031,39,0,40.606,9.564,12040,549640,731136,472048,13948585
11.763,open,84,,47.923,40.031,39,0,40.609,9.564,12040,535648,731136,459016,13961617
11.773,open,84,,47.925,40.031,39,0,40.607,9.564,14448,522616,731136,445984,13974649
11.783,open,84,,47.85,40.031,40,0,40.67,9.336,16856,511992,731136,432952,13986233
11.793,open,84,,47.849,40.031,40,0,40.671,9.336,16856,498960,731136,419920,13999265
11.803,open,84,,47.927,40.031,39,0,40.605,9.565,12040,487864,731136,411232,14009401
11.814,open,84,,47.93,40.031,39,0,40.602,9.561,14448,739312,731136,658840,14022433
11.824,open,84,,47.913,40.031,39,0,40.618,9.551,14448,725320,731136,645808,14035465
11.834,open,84,,47.838,40.031,40,0,40.681,9.336,16856,714696,731136,632776,14047049
11.844,open,84,,47.92,40.031,39,0,40.611,9.564,12040,703600,731136,624088,14057185
11.854,open,84,,47.923,40.031,39,0,40.609,9.563,12040,690568,731136,611056,14070217
11.864,open,84,,47.922,40.031,39,0,40.61,9.564,14448,677536,731136,598024,14083249
11.874,open,84,,47.841,40.031,40,0,40.679,9.349,16856,665952,731136,584992,14094833
11.884,open,84,,47.841,40.031,40,0,40.678,9.336,16856,652920,731136,571960,14107865
11.894,open,84,,47.922,40.031,39,0,40.61,9.564,12040,641824,731136,563272,14118001
11.905,open,84,,47.922,40.031,39,0,40.61,9.564,14448,628792,731136,550240,14131033
11.915,open,84,,47.922,40.031,39,0,40.61,9.564,14448,615760,731136,537208,14144065
11.925,open,84,,47.841,40.031,40,0,40.678,9.336,16856,604176,731136,524176,14155649
11.935,open,84,,47.921,40.031,39,0,40.61,9.565,16856,594040,731136,515488,14165785
11.945,open,84,,47.922,40.031,39,0,40.61,9.564,12040,580048,731136,502456,14178817
11.955,open,84,,47.922,40.031,39,0,40.61,9.564,14448,567016,731136,489424,14191849
11.965,open,84,,47.922,40.031,39,0,40.609,9.564,14448,553984,731136,476392,14204881
11.975,open,84,,47.841,40.031,40,0,40.678,9.337,16856,543360,731136,463360,14216465
11.985,open,84,,47.924,40.031,39,0,40.608,9.562,12040,531304,731136,454672,14226601
11.996,open,84,,47.922,40.031,39,0,40.609,9.564,12040,518272,731136,441640,14239633
12.006,open,84,,47.924,40.031,39,0,40.608,9.564,14448,505240,731136,428608,14252665
12.016,open,84,,47.841,40.031,40,0,40.678,9.336,16856,494616,731136,415576,14264249
12.026,open,84,,47.842,40.031,40,0,40.678,9.336,16856,746064,731136,663184,14277281
12.036,open,84,,47.921,40.031,39,0,40.61,9.564,12040,734008,731136,654496,14287417
12.046,open,84,,47.923,40.031,39,0,40.609,9.563,14448,720976,731136,641464,14300449
12.056,open,84,,47.918,40.031,39,0,40.613,9.563,14448,707944,731136,628432,14313481
12.066,open,84,,47.84,40.031,40,0,40.679,9.336,16856,697320,731136,615400,14325065
12.076,open,84,,47.921,40.031,39,0,40.611,9.564,12040,686224,731136,606712,14335201
12.086,open,84,,47.923,40.031,39,0,40.609,9.564,12040,673192,731136,593680,14348233
12.097,open,84,,47.925,40.031,39,0,40.607,9.562,14448,659200,731136,580648,14361265
12.107,open,84,,47.844,40.031,40,0,40.676,9.335,16856,648576,731136,567616,14372849
12.117,open,84,,47.845,40.031,40,0,40.675,9.335,16856,635544,731136,554584,14385881
12.127,open,84,,47.92,40.031,39,0,40.611,9.562,12040,624448,731136,545896,14396017
12.137,open,84,,47.922,40.031,39,0,40.609,9.564,12040,611416,731136,532864,14409049
12.147,open,84,,47.924,40.031,39,0,40.608,9.564,14448,597424,731136,519832,14422081
12.157,open,84,,47.843,40.031,40,0,40.677,9.337,16856,586800,731136,506800,14433665
12.167,open,84,,47.84,40.031,40,0,40.679,9.337,16856,573768,731136,493768,14446697
12.178,open,84,,47.922,40.031,39,0,40.609,9.564,12040,562672,731136,485080,14456833
12.188,open,84,,47.923,40.031,39,0,40.609,9.564,14448,549640,731136,472048,14469865
12.198,open,84,,47.923,40.031,39,0,40.609,9.564,14448,535648,731136,459016,14482897
12.208,open,84,,47.841,40.031,40,0,40.678,9.337,16856,525024,731136,445984,14494481
12.218,open,84,,47.923,40.031,39,0,40.609,9.563,12040,513928,731136,437296,14504617
12.228,open,84,,47.921,40.031,39,0,40.61,9.564,12040,500896,731136,424264,14517649
12.238,open,84,,47.923,40.031,39,0,40.609,9.563,14448,487864,731136,411232,14530681
12.248,open,84,,47.841,40.031,40,0,40.678,9.336,16856,741720,731136,658840,14542265
12.258,open,84,,47.841,40.031,40,0,40.678,9.336,16856,727728,731136,645808,14555297
12.269,open,84,,47.922,40.031,39,0,40.61,9.563,12040,716632,731136,637120,14565433
12.279,open,84,,47.922,40.031,39,0,40.61,9.564,14448,703600,731136,624088,14578465
12.289,open,84,,47.923,40.031,39,0,40.609,9.563,14448,690568,731136,611056,14591497
12.299,open,84,,47.839,40.031,40,0,40.68,9.336,16856,679944,731136,598024,14603081
12.309,open,84,,47.921,40.031,39,0,40.61,9.564,12040,667888,731136,589336,14613217
12.319,open,84,,47.921,40.031,39,0,40.61,9.564,12040,654856,731136,576304,14626249
12.329,open,84,,47.923,40.031,39,0,40.609,9.564,14448,641824,731136,563272,14639281
12.339,open,84,,47.841,40.031,40,0,40.678,9.337,16856,631200,731136,550240,14650865
12.349,open,84,,47.841,40.031,40,0,40.678,9.336,16856,618168,731136,537208,14663897
12.360,open,84,,47.922,40.031,39,0,40.609,9.564,12040,607072,731136,528520,14674033
12.370,open,84,,47.923,40.031,39,0,40.609,9.564,14448,593080,731136,515488,14687065
12.380,open,84,,47.922,40.031,39,0,40.609,9.564,14448,580048,731136,502456,14700097
12.390,open,84,,47.842,40.031,40,0,40.678,9.336,16856,569424,731136,489424,14711681
12.400,open,84,,47.922,40.031,39,0,40.61,9.564,12040,558328,731136,480736,14721817
12.410,open,84,,47.922,40.031,39,0,40.609,9.563,12040,545296,731136,467704,14734849
12.420,open,84,,47.922,40.031,39,0,40.61,9.564,14448,531304,731136,454672,14747881
12.430,open,84,,47.841,40.031,40,0,40.678,9.336,14448,520680,731136,441640,14759465
12.440,open,84,,47.841,40.031,40,0,40.678,9.336,16856,507648,731136,428608,14772497
12.451,open,84,,47.929,40.031,39,0,40.604,9.564,12040,496552,731136,419920,14782633
12.461,open,84,,47.927,40.031,39,0,40.606,9.562,12040,748000,731136,667528,14795665
12.471,open,84,,47.931,40.031,39,0,40.602,9.564,14448,734008,731136,654496,14808697
12.481,open,84,,47.847,40.031,40,0,40.673,9.336,16856,723384,731136,641464,14820281
12.491,open,84,,47.845,40.031,40,0,40.675,9.335,16856,710352,731136,628432,14833313
12.501,open,84,,47.92,40.031,39,0,40.611,9.564,12040,699256,731136,619744,14843449
12.511,open,84,,47.922,40.031,39,0,40.61,9.566,14448,686224,731136,606712,14856481
12.521,open,84,,47.923,40.031,39,0,40.609,9.564,14448,673192,731136,593680,14869513
12.531,open,84,,47.843,40.031,40,0,40.677,9.336,16856,661608,731136,580648,14881097
12.541,open,84,,47.924,40.031,39,0,40.608,9.564,12040,650512,731136,571960,14891233
12.551,open,84,,47.924,40.031,39,0,40.608,9.564,12040,637480,731136,558928,14904265
12.561,open,84,,47.922,40.031,39,0,40.609,9.564,14448,624448,731136,545896,14917297
12.572,open,84,,47.842,40.031,40,0,40.677,9.336,16856,613824,731136,532864,14928881
12.582,open,84,,47.923,40.031,39,0,40.609,9.564,12040,601768,731136,524176,14939017
12.592,open,84,,47.922,40.031,39,0,40.609,9.564,12040,588736,731136,511144,14952049
12.602,open,84,,47.922,40.031,39,0,40.609,9.564,14448,575704,731136,498112,14965081
12.612,open,84,,47.841,40.031,40,0,40.678,9.336,16856,565080,731136,485080,14976665
12.622,open,84,,47.842,40.031,40,0,40.678,9.337,16856,552048,731136,472048,14989697
12.632,open,84,,47.922,40.031,39,0,40.61,9.563,12040,540952,731136,463360,14999833
12.642,open,84,,47.922,40.031,39,0,40.61,9.564,14448,526960,731136,450328,15012865
12.652,open,84,,47.922,40.031,39,0,40.609,9.564,14448,513928,731136,437296,15025897
12.662,open,84,,47.841,40.031,40,0,40.678,9.336,16856,503304,731136,424264,15037481
12.672,open,84,,47.923,40.031,39,0,40.609,9.564,12040,492208,731136,415576,15047617
12.682,open,84,,47.921,40.031,39,0,40.61,9.564,12040,743656,731136,663184,15060649
12.692,open,84,,47.923,40.031,39,0,40.609,9.564,14448,729664,731136,650152,15073681
12.702,open,84,,47.84,40.031,40,0,40.679,9.336,16856,719040,731136,637120,15085265
12.713,open,84,,47.841,40.031,40,0,40.678,9.336,16856,706008,731136,624088,15098297
12.723,open,84,,47.921,40.031,39,0,40.61,9.564,12040,694912,731136,615400,15108433
12.733,open,84,,47.923,40.031,39,0,40.609,9.564,14448,681880,731136,602368,15121465
12.743,open,84,,47.922,40.031,39,0,40.61,9.564,14448,667888,731136,589336,15134497
12.753,open,84,,47.842,40.031,40,0,40.678,9.336,16856,657264,731136,576304,15146081
12.763,open,84,,47.925,40.031,39,0,40.607,9.563,12040,646168,731136,567616,15156217
12.773,open,84,,47.931,40.031,39,0,40.602,9.556,12040,633136,731136,554584,15169249
12.783,open,84,,47.93,40.031,39,0,40.603,9.562,14448,620104,731136,541552,15182281
12.793,open,84,,47.855,40.031,40,0,40.666,9.336,16856,609480,731136,528520,15193865
12.804,open,84,,47.853,40.031,40,0,40.668,9.336,16856,595488,731136,515488,15206897
12.814,open,84,,47.934,40.031,39,0,40.599,9.56,12040,584392,731136,506800,15217033
12.824,open,84,,47.929,40.031,39,0,40.603,9.565,14448,571360,731136,493768,15230065
12.834,open,84,,47.927,40.031,39,0,40.605,9.563,14448,558328,731136,480736,15243097
12.844,open,84,,47.843,40.031,40,0,40.676,9.336,16856,547704,731136,467704,15254681
12.854,open,84,,47.925,40.031,39,0,40.607,9.565,12040,535648,731136,459016,15264817
12.864,open,84,,47.923,40.031,39,0,40.608,9.564,12040,522616,731136,445984,15277849
12.874,open,84,,47.925,40.031,39,0,40.607,9.564,14448,509584,731136,432952,15290881
12.884,open,84,,47.847,40.031,40,0,40.674,9.337,16856,498960,731136,419920,15302465
12.894,open,84,,47.845,40.031,40,0,40.675,9.336,16856,750408,731136,667528,15315497
12.904,open,84,,47.927,40.031,39,0,40.606,9.563,12040,739312,731136,658840,15325633
12.915,open,84,,47.927,40.031,39,0,40.605,9.563,14448,725320,731136,645808,15338665
12.925,open,84,,47.927,40.031,39,0,40.606,9.563,14448,712288,731136,632776,15351697
12.935,open,84,,47.848,40.031,40,0,40.673,9.336,16856,701664,731136,619744,15363281
12.945,open,84,,47.928,40.031,39,0,40.604,9.564,12040,690568,731136,611056,15373417
12.955,open,84,,47.928,40.031,39,0,40.604,9.562,12040,677536,731136,598024,15386449
12.965,open,84,,47.927,40.031,39,0,40.605,9.565,14448,663544,731136,584992,15399481
12.975,open,84,,47.851,40.031,40,0,40.669,9.336,16856,652920,731136,571960,15411065
12.985,open,84,,47.852,40.031,40,0,40.669,9.337,16856,639888,731136,558928,15424097
12.995,open,84,,47.926,40.031,39,0,40.606,9.563,12040,628792,731136,550240,15434233
13.005,open,84,,47.922,40.031,39,0,40.61,9.564,14448,615760,731136,537208,15447265
13.015,open,84,,47.924,40.031,39,0,40.608,9.564,14448,601768,731136,524176,15460297
13.025,open,84,,47.843,40.031,40,0,40.677,9.337,16856,591144,731136,511144,15471881
13.036,open,84,,47.925,40.031,39,0,40.607,9.564,12040,580048,731136,502456,15482017
13.046,open,84,,47.925,40.031,39,0,40.607,9.562,12040,567016,731136,489424,15495049
13.056,open,84,,47.926,40.031,39,0,40.607,9.564,14448,553984,731136,476392,15508081
13.066,open,84,,47.843,40.031,40,0,40.676,9.336,16856,543360,731136,463360,15519665
13.076,open,84,,47.845,40.031,40,0,40.675,9.336,16856,529368,731136,450328,15532697
13.086,open,84,,47.925,40.031,39,0,40.607,9.563,12040,518272,731136,441640,15542833
13.096,open,84,,47.925,40.031,39,0,40.607,9.564,14448,505240,731136,428608,15555865
13.106,open,84,,47.925,40.031,39,0,40.607,9.564,14448,492208,731136,415576,15568897
13.116,open,84,,47.843,40.031,40,0,40.677,9.336,16856,746064,731136,663184,15580481
13.126,open,84,,47.924,40.031,39,0,40.608,9.564,12040,734008,731136,654496,15590617
13.136,open,84,,47.924,40.031,39,0,40.608,9.564,12040,720976,731136,641464,15603649
13.146,open,84,,47.923,40.031,39,0,40.609,9.564,14448,707944,731136,628432,15616681
13.157,open,84,,47.843,40.031,40,0,40.677,9.337,16856,697320,731136,615400,15628265
13.167,open,84,,47.924,40.031,42,0,40.608,9.565,16856,687184,731136,602368,15638401
13.177,open,84,,47.923,40.031,39,0,40.609,9.564,12040,673192,731136,593680,15651433
13.187,open,84,,47.923,40.031,39,0,40.609,9.564,14448,659200,731136,580648,15664465
13.197,open,84,,47.841,40.031,40,0,40.678,9.337,16856,648576,731136,567616,15676049
13.207,open,84,,47.842,40.031,40,0,40.677,9.336,16856,635544,731136,554584,15689081
13.217,open,84,,47.922,40.031,39,0,40.609,9.564,12040,624448,731136,545896,15699217
13.227,open,84,,47.923,40.031,39,0,40.609,9.564,14448,611416,731136,532864,15712249
13.237,open,84,,47.923,40.031,39,0,40.609,9.564,14448,597424,731136,519832,15725281
13.247,open,84,,47.841,40.031,40,0,40.678,9.336,16856,586800,731136,506800,15736865
13.257,open,84,,47.923,40.031,39,0,40.609,9.564,12040,575704,731136,498112,15747001
13.267,open,84,,47.914,40.031,39,0,40.617,9.563,12040,562672,731136,485080,15760033
13.277,open,84,,47.919,40.031,39,0,40.612,9.564,14448,549640,731136,472048,15773065
13.287,open,84,,47.839,40.031,40,0,40.68,9.337,16856,538056,731136,459016,15784649
13.298,open,84,,47.84,40.031,40,0,40.679,9.338,16856,525024,731136,445984,15797681
13.308,open,84,,47.921,40.031,39,0,40.61,9.564,12040,513928,731136,437296,15807817
13.318,open,84,,47.922,40.031,39,0,40.609,9.564,14448,500896,731136,424264,15820849
13.328,open,84,,47.922,40.031,39,0,40.609,9.564,14448,487864,731136,411232,15833881
13.338,open,84,,47.841,40.031,40,0,40.678,9.336,16856,741720,731136,658840,15845465
13.348,open,84,,47.922,40.031,39,0,40.61,9.564,12040,729664,731136,650152,15855601
13.358,open,84,,47.922,40.031,39,0,40.61,9.564,12040,716632,731136,637120,15868633
13.368,open,84,,47.924,40.031,39,0,40.608,9.563,14448,703600,731136,624088,15881665
13.378,open,84,,47.843,40.031,40,0,40.677,9.336,16856,692976,731136,611056,15893249
13.388,open,84,,47.924,40.031,39,0,40.608,9.564,16856,682840,731136,602368,15903385
13.398,open,84,,47.925,40.031,39,0,40.607,9.564,12040,667888,731136,589336,15916417
13.408,open,84,,47.923,40.031,39,0,40.609,9.562,14448,654856,731136,576304,15929449
13.419,open,84,,47.844,40.031,40,0,40.676,9.336,16856,644232,731136,563272,15941033
13.429,open,84,,47.844,40.031,40,0,40.676,9.336,16856,631200,731136,550240,15954065
13.439,open,84,,47.925,40.031,39,0,40.607,9.564,12040,620104,731136,541552,15964201
13.449,open,84,,47.924,40.031,39,0,40.608,9.563,14448,607072,731136,528520,15977233
13.459,open,84,,47.925,40.031,39,0,40.607,9.563,14448,593080,731136,515488,15990265
13.469,open,84,,47.846,40.031,40,0,40.674,9.336,16856,582456,731136,502456,16001849
13.479,open,84,,47.928,40.031,42,0,40.605,9.562,16856,572320,731136,489424,16011985
13.489,open,84,,47.929,40.031,39,0,40.603,9.561,12040,558328,731136,480736,16025017
13.499,open,84,,47.927,40.031,39,0,40.605,9.564,14448,545296,731136,467704,16038049
13.509,open,84,,47.853,40.031,40,0,40.668,9.336,14448,533712,731136,454672,16049633
13.520,open,84,,47.847,40.031,40,0,40.674,9.337,16856,520680,731136,441640,16062665
13.530,open,84,,47.929,40.031,39,0,40.604,9.565,12040,509584,731136,432952,16072801
13.540,open,84,,47.926,40.031,39,0,40.606,9.564,12040,496552,731136,419920,16085833
13.550,open,84,,47.928,40.031,39,0,40.604,9.564,14448,748000,731136,667528,16098865
13.560,open,84,,47.837,40.031,40,0,40.682,9.335,16856,736416,731136,654496,16110449
13.570,open,84,,47.92,40.031,39,0,40.612,9.565,12040,725320,731136,645808,16120585
13.580,open,84,,47.921,40.031,39,0,40.61,9.564,12040,712288,731136,632776,16133617
13.590,open,84,,47.921,40.031,39,0,40.61,9.564,14448,699256,731136,619744,16146649
13.600,open,84,,47.841,40.031,40,0,40.678,9.337,16856,688632,731136,606712,16158233
13.610,open,84,,47.842,40.031,40,0,40.677,9.338,16856,675600,731136,593680,16171265
13.620,open,84,,47.923,40.031,39,0,40.609,9.564,12040,663544,731136,584992,16181401
13.630,open,84,,47.922,40.031,39,0,40.609,9.564,14448,650512,731136,571960,16194433
13.640,open,84,,47.923,40.031,39,0,40.609,9.564,14448,637480,731136,558928,16207465
13.650,open,84,,47.841,40.031,40,0,40.678,9.336,16856,626856,731136,545896,16219049
13.661,open,84,,47.922,40.031,39,0,40.609,9.564,12040,615760,731136,537208,16229185
13.671,open,84,,47.922,40.031,39,0,40.61,9.564,12040,601768,731136,524176,16242217
13.681,open,84,,47.923,40.031,39,0,40.609,9.564,14448,588736,731136,511144,16255249
13.691,open,84,,47.841,40.031,40,0,40.678,9.336,16856,578112,731136,498112,16266833
13.701,open,84,,47.842,40.031,40,0,40.678,9.336,16856,565080,731136,485080,16279865
13.711,open,84,,47.922,40.031,39,0,40.61,9.564,12040,553984,731136,476392,16290001
13.721,open,84,,47.922,40.031,39,0,40.609,9.564,14448,540952,731136,463360,16303033
13.731,open,84,,47.841,40.031,40,0,40.679,9.336,14448,529368,731136,450328,16314617
13.741,open,84,,47.841,40.031,40,0,40.679,9.336,16856,516336,731136,437296,16327649
13.751,open,84,,47.922,40.031,39,0,40.609,9.564,12040,505240,731136,428608,16337785
13.761,open,84,,47.923,40.031,39,0,40.609,9.564,14448,492208,731136,415576,16350817
13.771,open,84,,47.924,40.031,39,0,40.608,9.564,14448,743656,731136,663184,16363849
13.781,open,84,,47.848,40.031,40,0,40.673,9.337,16856,732072,731136,650152,16375433
13.792,open,84,,47.929,40.031,39,0,40.604,9.562,12040,720976,731136,641464,16385569
13.802,open,84,,47.935,40.031,39,0,40.599,9.563,12040,707944,731136,628432,16398601
13.812,open,84,,47.929,40.031,39,0,40.604,9.564,14448,694912,731136,615400,16411633
13.822,open,84,,47.846,40.031,40,0,40.674,9.335,16856,684288,731136,602368,16423217
13.832,open,84,,47.839,40.031,40,0,40.68,9.336,16856,670296,731136,589336,16436249
13.842,open,84,,47.921,40.031,39,0,40.611,9.564,12040,659200,731136,580648,16446385
13.852,open,84,,47.923,40.031,39,0,40.609,9.564,14448,646168,731136,567616,16459417
13.862,open,84,,47.922,40.031,39,0,40.61,9.563,14448,633136,731136,554584,16472449
13.872,open,84,,47.841,40.031,40,0,40.678,9.338,16856,622512,731136,541552,16484033
13.882,open,84,,47.923,40.031,39,0,40.608,9.563,12040,611416,731136,532864,16494169
13.892,open,84,,47.925,40.031,39,0,40.607,9.564,12040,597424,731136,519832,16507201
13.902,open,84,,47.923,40.031,39,0,40.609,9.563,14448,584392,731136,506800,16520233
13.912,open,84,,47.841,40.031,40,0,40.678,9.337,16856,573768,731136,493768,16531817
13.923,open,84,,47.841,40.031,40,0,40.678,9.336,16856,560736,731136,480736,16544849
13.933,open,84,,47.922,40.031,39,0,40.61,9.564,12040,549640,731136,472048,16554985
13.943,open,84,,47.923,40.031,39,0,40.609,9.563,14448,535648,731136,459016,16568017
13.953,open,84,,47.922,40.031,39,0,40.609,9.564,14448,522616,731136,445984,16581049
13.963,open,84,,47.843,40.031,40,0,40.677,9.336,16856,511992,731136,432952,16592633
13.973,open,84,,47.925,40.031,39,0,40.607,9.562,12040,500896,731136,424264,16602769
13.983,open,84,,47.926,40.031,39,0,40.606,9.563,12040,487864,731136,411232,16615801
13.993,open,84,,47.925,40.031,39,0,40.607,9.564,14448,739312,731136,658840,16628833
14.003,open,84,,47.845,40.031,40,0,40.675,9.336,16856,727728,731136,645808,16640417
14.013,open,84,,47.843,40.031,40,0,40.677,9.335,16856,714696,731136,632776,16653449
14.023,open,84,,47.922,40.031,39,0,40.61,9.564,12040,703600,731136,624088,16663585
14.033,open,84,,47.922,40.031,39,0,40.609,9.564,14448,690568,731136,611056,16676617
14.044,open,84,,47.841,40.031,40,0,40.678,9.337,14448,679944,731136,598024,16688201
14.054,open,84,,47.842,40.031,40,0,40.678,9.336,16856,665952,731136,584992,16701233
14.064,open,84,,47.922,40.031,39,0,40.609,9.565,12040,654856,731136,576304,16711369
14.074,open,84,,47.931,40.031,39,0,40.602,9.553,14448,641824,731136,563272,16724401
14.084,open,84,,47.934,40.031,39,0,40.6,9.56,14448,628792,731136,550240,16737433
14.094,open,84,,47.847,40.031,40,0,40.673,9.336,16856,618168,731136,537208,16749017
14.104,open,84,,47.925,40.031,39,0,40.607,9.564,12040,607072,731136,528520,16759153
14.114,open,84,,47.926,40.031,39,0,40.607,9.564,12040,593080,731136,515488,16772185
14.124,open,84,,47.922,40.031,39,0,40.61,9.564,14448,580048,731136,502456,16785217
14.134,open,84,,47.841,40.031,40,0,40.678,9.336,16856,569424,731136,489424,16796801
14.144,open,84,,47.842,40.031,40,0,40.678,9.336,16856,556392,731136,476392,16809833
14.154,open,84,,47.923,40.031,39,0,40.609,9.564,12040,545296,731136,467704,16819969
14.164,open,84,,47.922,40.031,39,0,40.61,9.564,14448,531304,731136,454672,16833001
14.175,open,84,,47.922,40.031,39,0,40.609,9.563,14448,518272,731136,441640,16846033
14.185,open,84,,47.841,40.031,40,0,40.678,9.336,16856,507648,731136,428608,16857617
14.195,open,84,,47.923,40.031,39,0,40.609,9.564,12040,496552,731136,419920,16867753
14.205,open,84,,47.922,40.031,39,0,40.61,9.564,12040,748000,731136,667528,16880785
14.215,open,84,,47.922,40.031,39,0,40.609,9.564,14448,734008,731136,654496,16893817
14.225,open,84,,47.842,40.031,40,0,40.677,9.336,16856,723384,731136,641464,16905401
14.235,open,84,,47.843,40.031,40,0,40.677,9.336,16856,710352,731136,628432,16918433
14.245,open,84,,47.924,40.031,39,0,40.608,9.564,12040,699256,731136,619744,16928569
14.255,open,84,,47.924,40.031,39,0,40.608,9.562,14448,686224,731136,606712,16941601
14.265,open,84,,47.924,40.031,39,0,40.608,9.564,14448,673192,731136,593680,16954633
14.275,open,84,,47.863,40.031,40,0,40.66,9.553,16856,661608,731136,580648,16966217
14.285,open,84,,47.935,40.031,39,0,40.599,9.552,12040,650512,731136,571960,16976353
14.295,open,84,,47.928,40.031,39,0,40.605,9.552,14448,637480,731136,558928,16989385
14.306,open,84,,47.925,40.031,39,0,40.607,9.552,14448,624448,731136,545896,17002417
14.316,open,84,,47.843,40.031,40,0,40.677,9.326,16856,613824,731136,532864,17014001
14.326,open,84,,47.923,40.031,39,0,40.609,9.553,12040,601768,731136,524176,17024137
14.336,open,84,,47.922,40.031,39,0,40.609,9.564,12040,588736,731136,511144,17037169
14.346,open,84,,47.923,40.031,39,0,40.609,9.564,14448,575704,731136,498112,17050201
14.356,open,84,,47.841,40.031,40,0,40.678,9.336,16856,565080,731136,485080,17061785
14.366,open,84,,47.842,40.031,40,0,40.678,9.336,16856,552048,731136,472048,17074817
14.376,open,84,,47.922,40.031,39,0,40.61,9.563,12040,540952,731136,463360,17084953
14.386,open,84,,47.923,40.031,39,0,40.609,9.564,14448,526960,731136,450328,17097985
14.396,open,84,,47.922,40.031,39,0,40.609,9.564,14448,513928,731136,437296,17111017
14.406,open,84,,47.842,40.031,40,0,40.677,9.336,16856,503304,731136,424264,17122601
14.416,open,84,,47.923,40.031,39,0,40.608,9.564,12040,492208,731136,415576,17132737
14.426,open,84,,47.922,40.031,39,0,40.609,9.564,12040,743656,731136,663184,17145769
14.436,open,84,,47.923,40.031,39,0,40.609,9.564,14448,729664,731136,650152,17158801
14.447,open,84,,47.842,40.031,40,0,40.677,9.337,16856,719040,731136,637120,17170385
14.457,open,84,,47.924,40.031,42,0,40.608,9.564,16856,708904,731136,624088,17180521
14.467,open,84,,47.922,40.031,39,0,40.609,9.564,12040,694912,731136,615400,17193553
14.477,open,84,,47.923,40.031,39,0,40.609,9.564,14448,681880,731136,602368,17206585
14.487,open,84,,47.841,40.031,40,0,40.678,9.336,16856,670296,731136,589336,17218169
14.497,open,84,,47.842,40.031,40,0,40.678,9.336,16856,657264,731136,576304,17231201
14.507,open,84,,47.922,40.031,39,0,40.61,9.564,12040,646168,731136,567616,17241337
14.517,open,84,,47.923,40.031,39,0,40.609,9.563,14448,633136,731136,554584,17254369
14.527,open,84,,47.923,40.031,39,0,40.608,9.564,14448,620104,731136,541552,17267401
14.537,open,84,,47.842,40.031,40,0,40.677,9.336,16856,609480,731136,528520,17278985
14.547,open,84,,47.924,40.031,39,0,40.608,9.564,12040,597424,731136,519832,17289121
14.557,open,84,,47.924,40.031,39,0,40.608,9.564,12040,584392,731136,506800,17302153
14.567,open,84,,47.923,40.031,39,0,40.609,9.564,14448,571360,731136,493768,17315185
14.578,open,84,,47.842,40.031,40,0,40.678,9.336,16856,560736,731136,480736,17326769
14.588,open,84,,47.841,40.031,40,0,40.678,9.336,16856,547704,731136,467704,17339801
14.598,open,84,,47.923,40.031,39,0,40.609,9.564,12040,535648,731136,459016,17349937
14.608,open,84,,47.922,40.031,39,0,40.61,9.564,14448,522616,731136,445984,17362969
14.618,open,84,,47.922,40.031,39,0,40.609,9.564,14448,509584,731136,432952,17376001
14.628,open,84,,47.842,40.031,40,0,40.678,9.336,16856,498960,731136,419920,17387585
14.638,open,84,,47.922,40.031,39,0,40.609,9.564,12040,487864,731136,411232,17397721
14.648,open,84,,47.924,40.031,39,0,40.608,9.564,12040,739312,731136,658840,17410753
14.658,open,84,,47.918,40.031,39,0,40.613,9.564,14448,725320,731136,645808,17423785
14.668,open,84,,47.843,40.031,40,0,40.677,9.336,16856,714696,731136,632776,17435369
14.678,open,84,,47.845,40.031,40,0,40.675,9.336,16856,701664,731136,619744,17448401
14.689,open,84,,47.929,40.031,39,0,40.604,9.564,12040,690568,731136,611056,17458537
14.699,open,84,,47.927,40.031,39,0,40.606,9.563,14448,677536,731136,598024,17471569
14.709,open,84,,47.925,40.031,39,0,40.607,9.563,14448,663544,731136,584992,17484601
14.719,open,84,,47.835,40.031,40,0,40.684,9.336,16856,652920,731136,571960,17496185
14.729,open,84,,47.919,40.031,39,0,40.613,9.564,12040,641824,731136,563272,17506321
14.739,open,84,,47.922,40.031,39,0,40.61,9.564,12040,628792,731136,550240,17519353
14.749,open,84,,47.924,40.031,39,0,40.608,9.564,14448,615760,731136,537208,17532385
14.759,open,84,,47.845,40.031,40,0,40.675,9.338,16856,604176,731136,524176,17543969
14.769,open,84,,47.849,40.031,40,0,40.672,9.336,16856,591144,731136,511144,17557001
14.779,open,84,,47.932,40.031,39,0,40.601,9.56,12040,580048,731136,502456,17567137
14.790,open,84,,47.938,40.031,39,0,40.596,9.557,14448,567016,731136,489424,17580169
14.800,open,84,,47.981,40.031,39,0,40.56,9.559,14448,553984,731136,476392,17593201
14.810,open,84,,47.875,40.031,40,0,40.649,9.333,16856,543360,731136,463360,17604785
14.820,open,84,,47.944,40.031,39,0,40.591,9.56,12040,531304,731136,454672,17614921
14.830,open,84,,47.937,40.031,39,0,40.597,9.564,12040,518272,731136,441640,17627953
14.840,open,84,,47.92,40.031,39,0,40.611,9.562,14448,505240,731136,428608,17640985
14.850,open,84,,47.842,40.031,40,0,40.678,9.337,16856,494616,731136,415576,17652569
14.860,open,84,,47.846,40.031,40,0,40.674,9.339,16856,746064,731136,663184,17665601
14.870,open,84,,47.931,40.031,39,0,40.602,9.563,12040,734008,731136,654496,17675737
14.881,open,84,,47.931,40.031,39,0,40.602,9.563,14448,720976,731136,641464,17688769
14.891,open,84,,47.931,40.031,39,0,40.602,9.566,14448,707944,731136,628432,17701801
14.901,open,84,,47.854,40.031,40,0,40.667,9.334,16856,697320,731136,615400,17713385
14.911,open,84,,47.935,40.031,42,0,40.599,9.562,16856,684288,731136,602368,17723521
14.921,open,84,,47.929,40.031,39,0,40.603,9.564,12040,673192,731136,593680,17736553
14.931,open,84,,47.931,40.031,39,0,40.602,9.564,14448,659200,731136,580648,17749585
14.941,open,84,,47.93,40.031,39,0,40.602,9.563,14448,646168,731136,567616,17762617
14.951,open,84,,47.847,40.031,40,0,40.673,9.338,16856,635544,731136,554584,17774201
14.961,open,84,,47.927,40.031,39,0,40.605,9.565,12040,624448,731136,545896,17784337
14.972,open,84,,47.927,40.031,39,0,40.605,9.564,12040,611416,731136,532864,17797369
14.982,open,84,,47.927,40.031,39,0,40.606,9.564,14448,597424,731136,519832,17810401
14.992,open,84,,47.846,40.031,40,0,40.674,9.337,16856,586800,731136,506800,17821985
15.002,open,84,,47.847,40.031,40,0,40.673,9.337,16856,573768,731136,493768,17835017
15.012,open,84,,47.927,40.031,39,0,40.605,9.564,12040,562672,731136,485080,17845153
15.022,open,84,,47.924,40.031,39,0,40.608,9.564,14448,549640,731136,472048,17858185
15.032,open,84,,47.924,40.031,39,0,40.608,9.564,14448,535648,731136,459016,17871217
15.042,open,84,,47.844,40.031,40,0,40.676,9.336,16856,525024,731136,445984,17882801
15.052,open,84,,47.927,40.031,39,0,40.605,9.561,12040,513928,731136,437296,17892937
15.063,open,84,,47.93,40.031,39,0,40.603,9.562,12040,500896,731136,424264,17905969
15.073,open,84,,47.931,40.031,39,0,40.602,9.563,14448,487864,731136,411232,17919001
15.083,open,84,,47.848,40.031,40,0,40.672,9.336,16856,741720,731136,658840,17930585
15.093,open,84,,47.848,40.031,40,0,40.672,9.336,16856,727728,731136,645808,17943617
15.103,open,84,,47.925,40.031,39,0,40.607,9.563,12040,716632,731136,637120,17953753
15.113,open,84,,47.925,40.031,39,0,40.607,9.564,14448,703600,731136,624088,17966785
15.123,open,84,,47.926,40.031,39,0,40.606,9.564,14448,690568,731136,611056,17979817
15.133,open,84,,47.846,40.031,40,0,40.674,9.335,16856,679944,731136,598024,17991401
15.143,open,84,,47.924,40.031,39,0,40.608,9.565,12040,667888,731136,589336,18001537
15.153,open,84,,47.925,40.031,39,0,40.607,9.565,12040,654856,731136,576304,18014569
15.163,open,84,,47.922,40.031,39,0,40.609,9.564,14448,641824,731136,563272,18027601
15.173,open,84,,47.842,40.031,40,0,40.677,9.337,16856,631200,731136,550240,18039185
15.184,open,84,,47.83,40.031,40,0,40.687,9.338,16856,618168,731136,537208,18052217
15.194,open,84,,47.916,40.031,39,0,40.615,9.563,12040,607072,731136,528520,18062353
15.204,open,84,,47.919,40.031,39,0,40.612,9.564,14448,593080,731136,515488,18075385
15.214,open,84,,47.921,40.031,39,0,40.611,9.564,14448,580048,731136,502456,18088417
15.224,open,84,,47.84,40.031,40,0,40.679,9.336,16856,569424,731136,489424,18100001
15.234,open,84,,47.921,40.031,39,0,40.611,9.564,12040,558328,731136,480736,18110137
15.244,open,84,,47.921,40.031,39,0,40.611,9.564,12040,545296,731136,467704,18123169
15.254,open,84,,47.921,40.031,39,0,40.61,9.564,14448,531304,731136,454672,18136201
15.264,open,84,,47.84,40.031,40,0,40.679,9.336,16856,520680,731136,441640,18147785
15.274,open,84,,47.841,40.031,40,0,40.679,9.336,16856,507648,731136,428608,18160817
15.284,open,84,,47.921,40.031,39,0,40.61,9.564,12040,496552,731136,419920,18170953
15.295,open,84,,47.922,40.031,39,0,40.61,9.564,14448,748000,731136,667528,18183985
15.305,open,84,,47.922,40.031,39,0,40.61,9.564,14448,734008,731136,654496,18197017
15.315,open,84,,47.841,40.031,40,0,40.679,9.336,16856,723384,731136,641464,18208601
15.325,open,84,,47.922,40.031,39,0,40.609,9.564,12040,712288,731136,632776,18218737
15.335,open,84,,47.922,40.031,39,0,40.61,9.564,12040,699256,731136,619744,18231769
15.345,open,84,,47.921,40.031,39,0,40.61,9.564,14448,686224,731136,606712,18244801
15.355,open,84,,47.841,40.031,40,0,40.679,9.336,16856,675600,731136,593680,18256385
15.365,open,84,,47.841,40.031,40,0,40.679,9.336,16856,661608,731136,580648,18269417
15.375,open,84,,47.922,40.031,39,0,40.61,9.564,12040,650512,731136,571960,18279553
15.385,open,84,,47.921,40.031,39,0,40.61,9.564,14448,637480,731136,558928,18292585
15.395,open,84,,47.923,40.031,39,0,40.609,9.562,14448,624448,731136,545896,18305617
15.406,open,84,,47.842,40.031,40,0,40.678,9.336,16856,613824,731136,532864,18317201
15.416,open,84,,47.922,40.031,39,0,40.609,9.564,12040,601768,731136,524176,18327337
15.426,open,84,,47.927,40.031,39,0,40.605,9.56,12040,588736,731136,511144,18340369
15.436,open,84,,47.924,40.031,39,0,40.608,9.564,14448,575704,731136,498112,18353401
15.446,open,84,,47.844,40.031,40,0,40.676,9.336,16856,565080,731136,485080,18364985
15.456,open,84,,47.841,40.031,40,0,40.678,9.337,16856,552048,731136,472048,18378017
15.466,open,84,,47.923,40.031,39,0,40.609,9.563,12040,540952,731136,463360,18388153
15.476,open,84,,47.922,40.031,39,0,40.609,9.564,14448,526960,731136,450328,18401185
15.486,open,84,,47.923,40.031,39,0,40.609,9.564,14448,513928,731136,437296,18414217
15.496,open,84,,47.837,40.031,40,0,40.682,9.558,16856,503304,731136,424264,18425801
15.507,open,84,,47.918,40.031,39,0,40.613,9.563,12040,492208,731136,415576,18435937
15.517,open,84,,47.922,40.031,39,0,40.61,9.562,12040,743656,731136,663184,18448969
15.527,open,84,,47.922,40.031,39,0,40.609,9.564,14448,729664,731136,650152,18462001
15.537,open,84,,47.861,40.031,40,0,40.661,9.336,16856,719040,731136,637120,18473585
15.547,open,84,,47.851,40.031,40,0,40.67,9.343,16856,706008,731136,624088,18486617
15.557,open,84,,47.928,40.031,39,0,40.605,9.564,12040,694912,731136,615400,18496753
15.567,open,84,,47.924,40.031,39,0,40.608,9.564,14448,681880,731136,602368,18509785
15.577,open,84,,47.923,40.031,39,0,40.609,9.563,14448,667888,731136,589336,18522817
15.587,open,84,,47.841,40.031,40,0,40.678,9.336,16856,657264,731136,576304,18534401
15.597,open,84,,47.928,40.031,39,0,40.604,9.56,12040,646168,731136,567616,18544537
15.607,open,84,,47.934,40.031,39,0,40.6,9.56,12040,633136,731136,554584,18557569
15.617,open,84,,47.939,40.031,39,0,40.595,9.554,14448,620104,731136,541552,18570601
15.627,open,84,,47.85,40.031,40,0,40.671,9.337,16856,609480,731136,528520,18582185
15.638,open,84,,47.854,40.031,40,0,40.668,9.336,16856,595488,731136,515488,18595217
15.648,open,84,,47.935,40.031,39,0,40.599,9.564,12040,584392,731136,506800,18605353
15.658,open,84,,47.935,40.031,39,0,40.599,9.564,14448,571360,731136,493768,18618385
15.668,open,84,,47.85,40.031,40,0,40.67,9.336,14448,558328,731136,480736,18629969
15.678,open,84,,47.851,40.031,40,0,40.67,9.336,16856,547704,731136,467704,18643001
15.688,open,84,,47.933,40.031,39,0,40.6,9.564,12040,535648,731136,459016,18653137
15.698,open,84,,47.934,40.031,39,0,40.6,9.564,12040,522616,731136,445984,18666169
15.708,open,84,,47.933,40.031,39,0,40.6,9.563,14448,509584,731136,432952,18679201
15.718,open,84,,47.858,40.031,40,0,40.664,9.336,16856,498960,731136,419920,18690785
15.728,open,84,,47.874,40.031,40,0,40.65,9.336,16856,719800,731136,636920,18703817
15.739,open,84,,47.955,40.031,39,0,40.581,9.55,12040,739312,731136,658840,18713953
15.749,open,84,,47.953,40.031,39,0,40.583,9.549,14448,725320,731136,645808,18726985
15.759,open,84,,47.861,40.031,40,0,40.661,9.337,14448,714696,731136,632776,18738569
15.769,open,84,,47.858,40.031,40,0,40.664,9.336,16856,701664,731136,619744,18751601
15.779,open,84,,47.935,40.031,39,0,40.599,9.564,12040,690568,731136,611056,18761737
15.789,open,84,,47.929,40.031,39,0,40.603,9.564,12040,677536,731136,598024,18774769
15.799,open,84,,47.926,40.031,39,0,40.606,9.563,14448,663544,731136,584992,18787801
15.809,open,84,,47.847,40.031,40,0,40.674,9.336,16856,652920,731136,571960,18799385
15.819,open,84,,47.849,40.031,40,0,40.671,9.336,16856,639888,731136,558928,18812417
15.830,open,84,,47.927,40.031,39,0,40.605,9.564,12040,628792,731136,550240,18822553
15.840,open,84,,47.926,40.031,39,0,40.606,9.564,14448,615760,731136,537208,18835585
15.850,open,84,,47.924,40.031,39,0,40.608,9.563,14448,601768,731136,524176,18848617
15.860,open,84,,47.841,40.031,40,0,40.678,9.336,16856,591144,731136,511144,18860201
15.870,open,84,,47.922,40.031,39,0,40.61,9.565,12040,580048,731136,502456,18870337
15.880,open,84,,47.923,40.031,39,0,40.609,9.564,12040,567016,731136,489424,18883369
15.890,open,84,,47.923,40.031,39,0,40.609,9.564,14448,553984,731136,476392,18896401
15.900,open,84,,47.842,40.031,40,0,40.678,9.336,16856,543360,731136,463360,18907985
15.910,open,84,,47.841,40.031,40,0,40.679,9.336,16856,529368,731136,450328,18921017
15.920,open,84,,47.923,40.031,39,0,40.609,9.564,12040,518272,731136,441640,18931153
15.930,open,84,,47.922,40.031,39,0,40.61,9.564,14448,505240,731136,428608,18944185
15.940,open,84,,47.924,40.031,39,0,40.608,9.563,14448,492208,731136,415576,18957217
15.951,open,84,,47.842,40.031,40,0,40.678,9.337,16856,746064,731136,663184,18968801
15.961,open,84,,47.923,40.031,39,0,40.608,9.564,12040,734008,731136,654496,18978937
15.971,open,84,,47.922,40.031,39,0,40.609,9.564,12040,720976,731136,641464,18991969
15.981,open,84,,47.923,40.031,39,0,40.608,9.563,14448,707944,731136,628432,19005001
15.991,open,84,,47.842,40.031,40,0,40.678,9.336,16856,697320,731136,615400,19016585
16.001,open,84,,47.842,40.031,40,0,40.677,9.336,16856,684288,731136,602368,19029617
16.011,open,84,,47.923,40.031,39,0,40.609,9.564,12040,673192,731136,593680,19039753
16.021,open,84,,47.923,40.031,39,0,40.609,9.564,14448,659200,731136,580648,19052785
16.031,open,84,,47.923,40.031,39,0,40.609,9.564,14448,646168,731136,567616,19065817
16.042,open,84,,47.841,40.031,40,0,40.678,9.336,16856,635544,731136,554584,19077401
16.052,open,84,,47.923,40.031,39,0,40.609,9.564,12040,624448,731136,545896,19087537
16.062,open,84,,47.916,40.031,39,0,40.614,9.559,12040,611416,731136,532864,19100569
16.072,open,84,,47.923,40.031,39,0,40.609,9.562,14448,597424,731136,519832,19113601
16.082,open,84,,47.842,40.031,40,0,40.678,9.336,16856,586800,731136,506800,19125185
16.092,open,84,,47.844,40.031,40,0,40.676,9.336,16856,573768,731136,493768,19138217
16.102,open,84,,47.929,40.031,39,0,40.603,9.558,12040,562672,731136,485080,19148353
16.112,open,84,,47.932,40.031,39,0,40.601,9.567,14448,549640,731136,472048,19161385
16.122,open,84,,47.929,40.031,39,0,40.604,9.564,14448,535648,731136,459016,19174417
16.133,open,84,,47.842,40.031,40,0,40.677,9.336,16856,525024,731136,445984,19186001
16.143,open,84,,47.922,40.031,42,0,40.61,9.564,16856,514888,731136,432952,19196137
16.153,open,84,,47.923,40.031,39,0,40.609,9.564,12040,500896,731136,424264,19209169
16.163,open,84,,47.923,40.031,39,0,40.609,9.564,14448,487864,731136,411232,19222201
16.173,open,84,,47.842,40.031,40,0,40.677,9.336,14448,741720,731136,658840,19233785
16.183,open,84,,47.841,40.031,40,0,40.678,9.337,16856,727728,731136,645808,19246817
16.193,open,84,,47.924,40.031,39,0,40.608,9.561,12040,716632,731136,637120,19256953
16.203,open,84,,47.924,40.031,39,0,40.608,9.564,12040,703600,731136,624088,19269985
16.213,open,84,,47.924,40.031,39,0,40.608,9.563,14448,690568,731136,611056,19283017
16.223,open,84,,47.842,40.031,40,0,40.677,9.337,16856,679944,731136,598024,19294601
16.234,open,84,,47.851,40.031,40,0,40.67,9.337,16856,665952,731136,584992,19307633
16.244,open,84,,47.929,40.031,39,0,40.604,9.564,12040,654856,731136,576304,19317769
16.254,open,84,,47.934,40.031,39,0,40.6,9.554,12040,641824,731136,563272,19330801
16.264,open,84,,47.928,40.031,39,0,40.604,9.563,14448,628792,731136,550240,19343833
16.274,open,84,,47.851,40.031,40,0,40.67,9.336,16856,618168,731136,537208,19355417
16.285,open,84,,47.837,40.031,40,0,40.682,9.336,16856,604176,731136,524176,19368449
16.295,open,84,,47.92,40.031,39,0,40.611,9.564,12040,593080,731136,515488,19378585
16.305,open,84,,47.922,40.031,39,0,40.61,9.564,14448,580048,731136,502456,19391617
16.315,open,84,,47.924,40.031,39,0,40.608,9.564,14448,567016,731136,489424,19404649
16.325,open,84,,47.843,40.031,40,0,40.677,9.336,16856,556392,731136,476392,19416233
16.335,open,84,,47.923,40.031,39,0,40.609,9.564,12040,545296,731136,467704,19426369
16.345,open,84,,47.923,40.031,39,0,40.609,9.564,12040,531304,731136,454672,19439401
16.355,open,84,,47.924,40.031,39,0,40.608,9.564,14448,518272,731136,441640,19452433
16.365,open,84,,47.842,40.031,40,0,40.678,9.336,16856,507648,731136,428608,19464017
16.375,open,84,,47.843,40.031,40,0,40.677,9.336,16856,494616,731136,415576,19477049
16.385,open,84,,47.922,40.031,39,0,40.61,9.564,12040,748000,731136,667528,19487185
16.395,open,84,,47.923,40.031,39,0,40.608,9.564,14448,734008,731136,654496,19500217
16.406,open,84,,47.924,40.031,39,0,40.608,9.564,14448,720976,731136,641464,19513249
16.416,open,84,,47.843,40.031,40,0,40.677,9.337,16856,710352,731136,628432,19524833
16.426,open,84,,47.923,40.031,39,0,40.608,9.564,12040,699256,731136,619744,19534969
16.436,open,84,,47.925,40.031,39,0,40.607,9.563,12040,686224,731136,606712,19548001
16.446,open,84,,47.926,40.031,39,0,40.606,9.564,14448,673192,731136,593680,19561033
16.456,open,84,,47.844,40.031,40,0,40.676,9.336,16856,661608,731136,580648,19572617
16.466,open,84,,47.838,40.031,40,0,40.681,9.557,16856,648576,731136,567616,19585649
16.476,open,84,,47.918,40.031,39,0,40.613,9.564,12040,637480,731136,558928,19595785
16.486,open,84,,47.922,40.031,39,0,40.61,9.564,14448,624448,731136,545896,19608817
16.496,open,84,,47.922,40.031,39,0,40.61,9.564,14448,611416,731136,532864,19621849
16.507,open,84,,47.841,40.031,40,0,40.678,9.336,16856,599832,731136,519832,19633433
16.517,open,84,,47.922,40.031,39,0,40.61,9.564,12040,588736,731136,511144,19643569
16.527,open,84,,47.922,40.031,39,0,40.61,9.563,12040,575704,731136,498112,19656601
16.537,open,84,,47.921,40.031,39,0,40.61,9.564,14448,562672,731136,485080,19669633
16.547,open,84,,47.842,40.031,40,0,40.677,9.336,16856,552048,731136,472048,19681217
16.557,open,84,,47.84,40.031,40,0,40.679,9.337,16856,538056,731136,459016,19694249
16.567,open,84,,47.926,40.031,39,0,40.607,9.562,12040,526960,731136,450328,19704385
16.577,open,84,,47.924,40.031,39,0,40.608,9.564,14448,513928,731136,437296,19717417
16.587,open,84,,47.844,40.031,40,0,40.676,9.336,14448,503304,731136,424264,19729001
16.597,open,84,,47.842,40.031,40,0,40.678,9.336,16856,490272,731136,411232,19742033
16.607,open,84,,47.923,40.031,39,0,40.609,9.564,12040,743656,731136,663184,19752169
16.617,open,84,,47.923,40.031,39,0,40.609,9.564,12040,729664,731136,650152,19765201
16.628,open,84,,47.922,40.031,39,0,40.609,9.564,14448,716632,731136,637120,19778233
16.638,open,84,,47.842,40.031,40,0,40.677,9.336,16856,706008,731136,624088,19789817
16.648,open,84,,47.841,40.031,40,0,40.678,9.336,16856,692976,731136,611056,19802849
16.658,open,84,,47.923,40.031,39,0,40.609,9.564,12040,681880,731136,602368,19812985
16.668,open,84,,47.922,40.031,39,0,40.609,9.564,14448,667888,731136,589336,19826017
16.678,open,84,,47.924,40.031,39,0,40.608,9.564,14448,654856,731136,576304,19839049
16.688,open,84,,47.842,40.031,40,0,40.678,9.336,16856,644232,731136,563272,19850633
16.698,open,84,,47.923,40.031,39,0,40.609,9.564,12040,633136,731136,554584,19860769
16.708,open,84,,47.922,40.031,39,0,40.61,9.564,12040,620104,731136,541552,19873801
16.718,open,84,,47.923,40.031,39,0,40.609,9.564,14448,607072,731136,528520,19886833
16.729,open,84,,47.842,40.031,40,0,40.678,9.336,16856,595488,731136,515488,19898417
16.739,open,84,,47.847,40.031,40,0,40.674,9.336,16856,582456,731136,502456,19911449
16.749,open,84,,47.929,40.031,39,0,40.603,9.559,12040,571360,731136,493768,19921585
16.759,open,84,,47.938,40.031,39,0,40.596,9.564,14448,558328,731136,480736,19934617
16.769,open,84,,47.934,40.031,39,0,40.6,9.563,14448,545296,731136,467704,19947649
16.779,open,84,,47.857,40.031,40,0,40.665,9.336,16856,533712,731136,454672,19959233
16.789,open,84,,47.85,40.031,40,0,40.671,9.336,16856,520680,731136,441640,19972265
16.800,open,84,,47.932,40.031,39,0,40.601,9.564,12040,509584,731136,432952,19982401
16.810,open,84,,47.931,40.031,39,0,40.602,9.563,14448,496552,731136,419920,19995433
16.820,open,84,,47.931,40.031,39,0,40.602,9.564,14448,748000,731136,667528,20008465
16.830,open,84,,47.848,40.031,40,0,40.672,9.336,16856,736416,731136,654496,20020049
16.840,open,84,,47.925,40.031,39,0,40.607,9.562,12040,725320,731136,645808,20030185
16.850,open,84,,47.928,40.031,39,0,40.605,9.562,12040,712288,731136,632776,20043217
16.860,open,84,,47.928,40.031,39,0,40.604,9.562,14448,699256,731136,619744,20056249
16.870,open,84,,47.877,40.031,40,0,40.647,9.336,16856,688632,731136,606712,20067833
16.880,open,84,,47.861,40.031,40,0,40.661,9.337,16856,675600,731136,593680,20080865
16.890,open,84,,47.938,40.031,39,0,40.596,9.562,12040,663544,731136,584992,20091001
16.901,open,84,,47.935,40.031,39,0,40.599,9.562,14448,650512,731136,571960,20104033
16.911,open,84,,47.932,40.031,39,0,40.601,9.565,14448,637480,731136,558928,20117065
16.921,open,84,,47.85,40.031,40,0,40.671,9.337,16856,626856,731136,545896,20128649
16.931,open,84,,47.929,40.031,39,0,40.604,9.564,12040,615760,731136,537208,20138785
16.941,open,84,,47.926,40.031,39,0,40.606,9.562,12040,601768,731136,524176,20151817
16.951,open,84,,47.927,40.031,39,0,40.605,9.564,14448,588736,731136,511144,20164849
16.961,open,84,,47.845,40.031,40,0,40.675,9.336,16856,578112,731136,498112,20176433
16.971,open,84,,47.845,40.031,40,0,40.675,9.336,16856,565080,731136,485080,20189465
16.981,open,84,,47.927,40.031,39,0,40.605,9.563,12040,553984,731136,476392,20199601
16.991,open,84,,47.925,40.031,39,0,40.607,9.565,14448,540952,731136,463360,20212633
17.001,open,84,,47.925,40.031,39,0,40.607,9.564,14448,526960,731136,450328,20225665
17.012,open,84,,47.843,40.031,40,0,40.677,9.336,16856,516336,731136,437296,20237249
17.022,open,84,,47.924,40.031,39,0,40.608,9.564,12040,505240,731136,428608,20247385
17.032,open,84,,47.923,40.031,39,0,40.609,9.564,12040,492208,731136,415576,20260417
17.042,open,84,,47.923,40.031,39,0,40.609,9.564,14448,743656,731136,663184,20273449
17.052,open,84,,47.844,40.031,40,0,40.676,9.337,16856,732072,731136,650152,20285033
17.062,open,84,,47.846,40.031,40,0,40.674,9.337,16856,719040,731136,637120,20298065
17.072,open,84,,47.929,40.031,39,0,40.604,9.563,12040,707944,731136,628432,20308201
17.082,open,84,,47.929,40.031,39,0,40.604,9.562,14448,694912,731136,615400,20321233
17.092,open,84,,47.927,40.031,39,0,40.605,9.563,14448,681880,731136,602368,20334265
17.102,open,84,,47.846,40.031,40,0,40.674,9.336,16856,670296,731136,589336,20345849
17.113,open,84,,47.927,40.031,39,0,40.606,9.564,12040,659200,731136,580648,20355985
17.123,open,84,,47.926,40.031,39,0,40.606,9.564,12040,646168,731136,567616,20369017
17.133,open,84,,47.925,40.031,39,0,40.607,9.565,14448,633136,731136,554584,20382049
17.143,open,84,,47.844,40.031,40,0,40.676,9.337,16856,622512,731136,541552,20393633
17.153,open,84,,47.843,40.031,40,0,40.676,9.336,16856,609480,731136,528520,20406665
17.163,open,84,,47.923,40.031,39,0,40.609,9.564,12040,597424,731136,519832,20416801
17.173,open,84,,47.923,40.031,39,0,40.609,9.564,14448,584392,731136,506800,20429833
17.183,open,84,,47.923,40.031,39,0,40.609,9.564,14448,571360,731136,493768,20442865
17.193,open,84,,47.845,40.031,40,0,40.675,9.336,16856,560736,731136,480736,20454449
17.203,open,84,,47.923,40.031,39,0,40.609,9.564,12040,549640,731136,472048,20464585
17.213,open,84,,47.924,40.031,39,0,40.608,9.563,12040,535648,731136,459016,20477617
17.223,open,84,,47.922,40.031,39,0,40.609,9.564,14448,522616,731136,445984,20490649
17.233,open,84,,47.843,40.031,40,0,40.677,9.337,16856,511992,731136,432952,20502233
17.244,open,84,,47.913,40.031,39,0,40.618,9.561,12040,500896,731136,424264,20512369
17.254,open,84,,47.917,40.031,39,0,40.613,9.564,12040,487864,731136,411232,20525401
17.264,open,84,,47.922,40.031,39,0,40.609,9.564,14448,739312,731136,658840,20538433
17.274,open,84,,47.841,40.031,40,0,40.678,9.336,16856,727728,731136,645808,20550017
17.284,open,84,,47.843,40.031,40,0,40.677,9.336,16856,714696,731136,632776,20563049
17.294,open,84,,47.922,40.031,39,0,40.61,9.564,12040,703600,731136,624088,20573185
17.304,open,84,,47.923,40.031,39,0,40.609,9.564,14448,690568,731136,611056,20586217
17.314,open,84,,47.923,40.031,39,0,40.609,9.564,14448,677536,731136,598024,20599249
17.324,open,84,,47.842,40.031,40,0,40.677,9.336,16856,665952,731136,584992,20610833
17.334,open,84,,47.923,40.031,39,0,40.609,9.564,12040,654856,731136,576304,20620969
17.344,open,84,,47.922,40.031,39,0,40.61,9.564,12040,641824,731136,563272,20634001
17.354,open,84,,47.922,40.031,39,0,40.61,9.564,14448,628792,731136,550240,20647033
17.364,open,84,,47.843,40.031,40,0,40.677,9.336,16856,618168,731136,537208,20658617
17.375,open,84,,47.842,40.031,40,0,40.677,9.336,16856,604176,731136,524176,20671649
17.385,open,84,,47.925,40.031,39,0,40.607,9.563,12040,593080,731136,515488,20681785
17.395,open,84,,47.924,40.031,39,0,40.608,9.564,14448,580048,731136,502456,20694817
17.405,open,84,,47.924,40.031,39,0,40.608,9.562,14448,567016,731136,489424,20707849
17.415,open,84,,47.842,40.031,40,0,40.678,9.336,16856,556392,731136,476392,20719433
17.425,open,84,,47.922,40.031,39,0,40.609,9.564,12040,545296,731136,467704,20729569
17.435,open,84,,47.922,40.031,39,0,40.609,9.564,12040,531304,731136,454672,20742601
17.445,open,84,,47.922,40.031,39,0,40.609,9.564,14448,518272,731136,441640,20755633
17.455,open,84,,47.842,40.031,40,0,40.678,9.336,16856,507648,731136,428608,20767217
17.465,open,84,,47.923,40.031,39,0,40.609,9.564,12040,496552,731136,419920,20777353
17.475,open,84,,47.923,40.031,39,0,40.609,9.564,12040,748000,731136,667528,20790385
17.485,open,84,,47.922,40.031,39,0,40.609,9.565,14448,734008,731136,654496,20803417
17.495,open,84,,47.843,40.031,40,0,40.677,9.336,16856,723384,731136,641464,20815001
17.505,open,84,,47.835,40.031,40,0,40.684,9.336,16856,710352,731136,628432,20828033
17.516,open,84,,47.92,40.031,39,0,40.611,9.564,12040,699256,731136,619744,20838169
17.526,open,84,,47.922,40.031,39,0,40.61,9.563,14448,686224,731136,606712,20851201
17.536,open,84,,47.924,40.031,39,0,40.608,9.563,14448,673192,731136,593680,20864233
17.546,open,84,,47.842,40.031,40,0,40.677,9.337,16856,661608,731136,580648,20875817
17.556,open,84,,47.923,40.031,39,0,40.609,9.563,12040,650512,731136,571960,20885953
17.566,open,84,,47.924,40.031,39,0,40.608,9.564,12040,637480,731136,558928,20898985
17.576,open,84,,47.924,40.031,39,0,40.608,9.564,14448,624448,731136,545896,20912017
17.586,open,84,,47.842,40.031,40,0,40.678,9.336,16856,613824,731136,532864,20923601
17.596,open,84,,47.841,40.031,40,0,40.678,9.336,16856,599832,731136,519832,20936633
17.606,open,84,,47.922,40.031,39,0,40.61,9.564,12040,588736,731136,511144,20946769
17.616,open,84,,47.922,40.031,39,0,40.61,9.564,14448,575704,731136,498112,20959801
17.626,open,84,,47.923,40.031,39,0,40.609,9.563,14448,562672,731136,485080,20972833
17.636,open,84,,47.841,40.031,40,0,40.678,9.336,16856,552048,731136,472048,20984417
17.647,open,84,,47.924,40.031,39,0,40.608,9.564,12040,540952,731136,463360,20994553
17.657,open,84,,47.922,40.031,39,0,40.61,9.564,12040,526960,731136,450328,21007585
17.667,open,84,,47.924,40.031,39,0,40.608,9.562,14448,513928,731136,437296,21020617
17.677,open,84,,47.836,40.031,40,0,40.683,9.337,16856,503304,731136,424264,21032201
17.687,open,84,,47.92,40.031,39,0,40.611,9.563,12040,492208,731136,415576,21042337
17.697,open,84,,47.935,40.031,39,0,40.599,9.548,12040,743656,731136,663184,21055369
17.707,open,84,,47.946,40.031,39,0,40.589,9.546,14448,729664,731136,650152,21068401
17.717,open,84,,47.861,40.031,40,0,40.661,9.336,16856,719040,731136,637120,21079985
17.727,open,84,,47.858,40.031,40,0,40.664,9.336,16856,706008,731136,624088,21093017
17.737,open,84,,47.937,40.031,39,0,40.597,9.561,12040,694912,731136,615400,21103153
17.747,open,84,,47.935,40.031,39,0,40.598,9.564,14448,681880,731136,602368,21116185
17.757,open,84,,47.934,40.031,39,0,40.599,9.564,14448,667888,731136,589336,21129217
17.767,open,84,,47.852,40.031,40,0,40.669,9.336,16856,657264,731136,576304,21140801
17.778,open,84,,47.937,40.031,39,0,40.597,9.562,12040,646168,731136,567616,21150937
17.788,open,84,,47.938,40.031,39,0,40.596,9.563,12040,633136,731136,554584,21163969
17.798,open,84,,47.955,40.031,39,0,40.582,9.542,14448,620104,731136,541552,21177001
17.808,open,84,,47.862,40.031,40,0,40.66,9.336,14448,609480,731136,528520,21188585
17.818,open,84,,47.868,40.031,40,0,40.656,9.334,16856,595488,731136,515488,21201617
17.828,open,84,,47.935,40.031,39,0,40.599,9.56,12040,584392,731136,506800,21211753
17.838,open,84,,47.929,40.031,39,0,40.604,9.564,12040,571360,731136,493768,21224785
17.848,open,84,,47.925,40.031,39,0,40.607,9.565,14448,558328,731136,480736,21237817
17.858,open,84,,47.845,40.031,40,0,40.675,9.336,16856,547704,731136,467704,21249401
17.869,open,84,,47.926,40.031,39,0,40.606,9.564,12040,535648,731136,459016,21259537
17.879,open,84,,47.939,40.031,39,0,40.595,9.552,12040,522616,731136,445984,21272569
17.889,open,84,,47.93,40.031,39,0,40.603,9.563,14448,509584,731136,432952,21285601
17.899,open,84,,47.846,40.031,40,0,40.674,9.334,16856,498960,731136,419920,21297185
17.909,open,84,,47.839,40.031,40,0,40.68,9.336,16856,750408,731136,667528,21310217
17.919,open,84,,47.921,40.031,39,0,40.611,9.564,12040,739312,731136,658840,21320353
17.929,open,84,,47.922,40.031,39,0,40.61,9.564,14448,725320,731136,645808,21333385
17.939,open,84,,47.922,40.031,39,0,40.609,9.564,14448,712288,731136,632776,21346417
17.949,open,84,,47.841,40.031,40,0,40.678,9.339,16856,701664,731136,619744,21358001
17.959,open,84,,47.922,40.031,39,0,40.61,9.564,12040,690568,731136,611056,21368137
17.969,open,84,,47.923,40.031,39,0,40.609,9.564,12040,677536,731136,598024,21381169
17.979,open,84,,47.922,40.031,39,0,40.609,9.564,14448,663544,731136,584992,21394201
17.989,open,84,,47.842,40.031,40,0,40.678,9.336,16856,652920,731136,571960,21405785
17.999,open,84,,47.842,40.031,40,0,40.678,9.336,16856,639888,731136,558928,21418817
18.009,open,84,,47.922,40.031,39,0,40.61,9.564,12040,628792,731136,550240,21428953
18.020,open,84,,47.921,40.031,39,0,40.611,9.563,14448,615760,731136,537208,21441985
18.030,open,84,,47.841,40.031,40,0,40.679,9.337,14448,604176,731136,524176,21453569
18.040,open,84,,47.842,40.031,40,0,40.678,9.336,16856,591144,731136,511144,21466601
18.050,open,84,,47.923,40.031,39,0,40.609,9.563,12040,580048,731136,502456,21476737
18.060,open,84,,47.922,40.031,39,0,40.61,9.564,14448,567016,731136,489424,21489769
18.070,open,84,,47.924,40.031,39,0,40.608,9.562,14448,553984,731136,476392,21502801
18.080,open,84,,47.851,40.031,40,0,40.67,9.336,16856,543360,731136,463360,21514385
18.090,open,84,,47.85,40.031,40,0,40.671,9.336,16856,529368,731136,450328,21527417
18.100,open,84,,47.927,40.031,39,0,40.605,9.564,12040,518272,731136,441640,21537553
18.110,open,84,,47.928,40.031,39,0,40.605,9.562,14448,505240,731136,428608,21550585
18.121,open,84,,47.912,40.031,39,0,40.618,9.552,14448,492208,731136,415576,21563617
18.131,open,84,,47.835,40.031,40,0,40.683,9.336,16856,746064,731136,663184,21575201
18.141,open,84,,47.92,40.031,39,0,40.611,9.564,12040,734008,731136,654496,21585337
18.151,open,84,,47.922,40.031,39,0,40.61,9.564,12040,720976,731136,641464,21598369
18.161,open,84,,47.923,40.031,39,0,40.609,9.564,14448,707944,731136,628432,21611401
18.171,open,84,,47.842,40.031,40,0,40.678,9.348,16856,697320,731136,615400,21622985
18.181,open,84,,47.843,40.031,40,0,40.677,9.336,16856,684288,731136,602368,21636017
18.191,open,84,,47.922,40.031,39,0,40.609,9.564,12040,673192,731136,593680,21646153
18.201,open,84,,47.924,40.031,39,0,40.608,9.562,14448,659200,731136,580648,21659185
18.212,open,84,,47.922,40.031,39,0,40.609,9.564,14448,646168,731136,567616,21672217
18.222,open,84,,47.843,40.031,40,0,40.677,9.337,16856,635544,731136,554584,21683801
18.232,open,84,,47.922,40.031,39,0,40.609,9.563,12040,624448,731136,545896,21693937
18.242,open,84,,47.922,40.031,39,0,40.609,9.564,12040,611416,731136,532864,21706969
18.252,open,84,,47.925,40.031,39,0,40.607,9.563,14448,597424,731136,519832,21720001
18.262,open,84,,47.842,40.031,40,0,40.677,9.336,16856,586800,731136,506800,21731585
18.272,open,84,,47.842,40.031,40,0,40.677,9.336,16856,573768,731136,493768,21744617
18.282,open,84,,47.922,40.031,39,0,40.61,9.564,12040,562672,731136,485080,21754753
18.292,open,84,,47.923,40.031,39,0,40.609,9.562,14448,549640,731136,472048,21767785
18.302,open,84,,47.923,40.031,39,0,40.609,9.564,14448,535648,731136,459016,21780817
18.312,open,84,,47.843,40.031,40,0,40.677,9.336,16856,525024,731136,445984,21792401
18.322,open,84,,47.922,40.031,39,0,40.609,9.564,12040,513928,731136,437296,21802537
18.332,open,84,,47.922,40.031,39,0,40.609,9.564,14448,500896,731136,424264,21815569
18.342,open,84,,47.923,40.031,39,0,40.609,9.564,14448,487864,731136,411232,21828601
18.353,open,84,,47.84,40.031,40,0,40.679,9.336,16856,741720,731136,658840,21840185
18.363,open,84,,47.922,40.031,39,0,40.61,9.564,12040,729664,731136,650152,21850321
18.373,open,84,,47.924,40.031,39,0,40.608,9.563,12040,716632,731136,637120,21863353
18.383,open,84,,47.922,40.031,39,0,40.609,9.564,14448,703600,731136,624088,21876385
18.393,open,84,,47.842,40.031,40,0,40.678,9.336,16856,692976,731136,611056,21887969
18.403,open,84,,47.842,40.031,40,0,40.677,9.336,16856,679944,731136,598024,21901001
18.413,open,84,,47.922,40.031,39,0,40.609,9.564,12040,667888,731136,589336,21911137
18.423,open,84,,47.922,40.031,39,0,40.61,9.564,14448,654856,731136,576304,21924169
18.433,open,84,,47.922,40.031,39,0,40.61,9.564,14448,641824,731136,563272,21937201
18.443,open,84,,47.841,40.031,40,0,40.678,9.336,16856,631200,731136,550240,21948785
18.453,open,84,,47.922,40.031,39,0,40.61,9.564,12040,620104,731136,541552,21958921
18.463,open,84,,47.921,40.031,39,0,40.61,9.564,12040,607072,731136,528520,21971953
18.473,open,84,,47.937,40.031,39,0,40.597,9.542,14448,593080,731136,515488,21984985
18.483,open,84,,47.851,40.031,40,0,40.67,9.336,16856,582456,731136,502456,21996569
18.493,open,84,,47.927,40.031,39,0,40.605,9.564,12040,571360,731136,493768,22006705
18.504,open,84,,47.925,40.031,39,0,40.607,9.564,12040,558328,731136,480736,22019737
18.514,open,84,,47.924,40.031,39,0,40.608,9.564,14448,545296,731136,467704,22032769
18.524,open,84,,47.843,40.031,40,0,40.677,9.336,16856,533712,731136,454672,22044353
18.534,open,84,,47.843,40.031,40,0,40.677,9.336,16856,520680,731136,441640,22057385
18.544,open,84,,47.922,40.031,39,0,40.609,9.564,12040,509584,731136,432952,22067521
18.554,open,84,,47.922,40.031,39,0,40.609,9.563,14448,496552,731136,419920,22080553
18.564,open,84,,47.926,40.031,39,0,40.606,9.559,14448,748000,731136,667528,22093585
18.574,open,84,,47.848,40.031,40,0,40.672,9.336,16856,736416,731136,654496,22105169
18.584,open,84,,47.937,40.031,39,0,40.597,9.56,12040,725320,731136,645808,22115305
18.594,open,84,,47.929,40.031,39,0,40.604,9.564,12040,712288,731136,632776,22128337
18.604,open,84,,47.925,40.031,39,0,40.607,9.564,14448,699256,731136,619744,22141369
18.614,open,84,,47.843,40.031,40,0,40.677,9.336,16856,688632,731136,606712,22152953
18.625,open,84,,47.843,40.031,40,0,40.677,9.336,16856,675600,731136,593680,22165985
18.635,open,84,,47.923,40.031,39,0,40.608,9.564,12040,663544,731136,584992,22176121
18.645,open,84,,47.922,40.031,39,0,40.61,9.564,14448,650512,731136,571960,22189153
18.655,open,84,,47.922,40.031,39,0,40.609,9.564,14448,637480,731136,558928,22202185
18.665,open,84,,47.842,40.031,40,0,40.677,9.336,16856,626856,731136,545896,22213769
18.675,open,84,,47.923,40.031,39,0,40.609,9.564,12040,615760,731136,537208,22223905
18.685,open,84,,47.922,40.031,39,0,40.609,9.564,12040,601768,731136,524176,22236937
18.695,open,84,,47.923,40.031,39,0,40.609,9.563,14448,588736,731136,511144,22249969
18.705,open,84,,47.843,40.031,40,0,40.677,9.337,16856,578112,731136,498112,22261553
18.715,open,84,,47.923,40.031,39,0,40.609,9.564,9632,567016,731136,489424,22271689
18.725,open,84,,47.937,40.031,39,0,40.597,9.546,12040,553984,731136,476392,22284721
18.735,open,84,,47.938,40.031,39,0,40.596,9.56,14448,540952,731136,463360,22297753
18.745,open,84,,47.858,40.031,40,0,40.664,9.336,16856,529368,731136,450328,22309337
18.756,open,84,,47.866,40.031,40,0,40.657,9.336,16856,516336,731136,437296,22322369
18.766,open,84,,47.934,40.031,39,0,40.599,9.559,12040,505240,731136,428608,22332505
18.776,open,84,,47.933,40.031,39,0,40.6,9.564,14448,492208,731136,415576,22345537
18.786,open,84,,47.931,40.031,39,0,40.602,9.564,14448,743656,731136,663184,22358569
18.796,open,84,,47.85,40.031,40,0,40.671,9.337,16856,732072,731136,650152,22370153
18.806,open,84,,47.934,40.031,42,0,40.6,9.564,16856,721936,731136,637120,22380289
18.816,open,84,,47.931,40.031,39,0,40.602,9.567,12040,707944,731136,628432,22393321
18.826,open,84,,47.92,40.031,39,0,40.611,9.556,14448,694912,731136,615400,22406353
18.836,open,84,,47.84,40.031,40,0,40.68,9.336,16856,684288,731136,602368,22417937
18.846,open,84,,47.844,40.031,40,0,40.675,9.336,16856,670296,731136,589336,22430969
18.856,open,84,,47.926,40.031,39,0,40.607,9.563,12040,659200,731136,580648,22441105
18.867,open,84,,47.928,40.031,39,0,40.605,9.563,14448,646168,731136,567616,22454137
18.877,open,84,,47.928,40.031,39,0,40.605,9.562,14448,633136,731136,554584,22467169
18.887,open,84,,47.85,40.031,40,0,40.671,9.337,16856,622512,731136,541552,22478753
18.897,open,84,,47.929,40.031,39,0,40.603,9.563,12040,611416,731136,532864,22488889
18.907,open,84,,47.931,40.031,39,0,40.602,9.563,12040,597424,731136,519832,22501921
18.917,open,84,,47.931,40.031,39,0,40.602,9.563,14448,584392,731136,506800,22514953
18.927,open,84,,47.849,40.031,40,0,40.671,9.334,16856,573768,731136,493768,22526537
18.937,open,84,,47.85,40.031,40,0,40.671,9.336,16856,560736,731136,480736,22539569
18.947,open,84,,47.928,40.031,39,0,40.605,9.563,12040,549640,731136,472048,22549705
18.957,open,84,,47.928,40.031,39,0,40.604,9.564,14448,535648,731136,459016,22562737
18.967,open,84,,47.925,40.031,39,0,40.607,9.563,14448,522616,731136,445984,22575769
18.978,open,84,,47.846,40.031,40,0,40.674,9.338,16856,511992,731136,432952,22587353
18.988,open,84,,47.927,40.031,39,0,40.605,9.566,12040,500896,731136,424264,22597489
18.998,open,84,,47.926,40.031,39,0,40.606,9.565,12040,487864,731136,411232,22610521
19.008,open,84,,47.946,40.031,39,0,40.589,9.534,14448,739312,731136,658840,22623553
19.018,open,84,,47.854,40.031,40,0,40.667,9.337,16856,727728,731136,645808,22635137
19.028,open,84,,47.847,40.031,40,0,40.673,9.336,16856,714696,731136,632776,22648169
19.038,open,84,,47.926,40.031,39,0,40.606,9.564,12040,703600,731136,624088,22658305
19.048,open,84,,47.929,40.031,39,0,40.604,9.563,14448,690568,731136,611056,22671337
19.058,open,84,,47.928,40.031,39,0,40.604,9.564,14448,677536,731136,598024,22684369
19.068,open,84,,47.849,40.031,40,0,40.672,9.337,16856,665952,731136,584992,22695953
19.079,open,84,,47.93,40.031,39,0,40.603,9.563,16856,655816,731136,576304,22706089
19.089,open,84,,47.927,40.031,39,0,40.605,9.563,12040,641824,731136,563272,22719121
19.099,open,84,,47.926,40.031,39,0,40.606,9.563,14448,628792,731136,550240,22732153
19.109,open,84,,47.844,40.031,40,0,40.675,9.336,14448,618168,731136,537208,22743737
19.119,open,84,,47.844,40.031,40,0,40.676,9.336,16856,604176,731136,524176,22756769
19.129,open,84,,47.925,40.031,39,0,40.607,9.565,12040,593080,731136,515488,22766905
19.139,open,84,,47.924,40.031,39,0,40.608,9.565,12040,580048,731136,502456,22779937
19.149,open,84,,47.924,40.031,39,0,40.608,9.564,14448,567016,731136,489424,22792969
19.159,open,84,,47.842,40.031,40,0,40.678,9.337,16856,556392,731136,476392,22804553
19.169,open,84,,47.923,40.031,39,0,40.609,9.564,12040,545296,731136,467704,22814689
19.179,open,84,,47.922,40.031,39,0,40.609,9.564,12040,531304,731136,454672,22827721
19.189,open,84,,47.923,40.031,39,0,40.609,9.564,14448,518272,731136,441640,22840753
19.200,open,84,,47.843,40.031,40,0,40.677,9.337,16856,507648,731136,428608,22852337
19.210,open,84,,47.844,40.031,40,0,40.676,9.335,16856,494616,731136,415576,22865369
19.220,open,84,,47.923,40.031,39,0,40.609,9.564,12040,748000,731136,667528,22875505
19.230,open,84,,47.922,40.031,39,0,40.609,9.564,14448,734008,731136,654496,22888537
19.240,open,84,,47.922,40.031,39,0,40.609,9.563,14448,720976,731136,641464,22901569
19.250,open,84,,47.841,40.031,40,0,40.678,9.336,16856,710352,731136,628432,22913153
19.260,open,84,,47.922,40.031,39,0,40.609,9.564,12040,699256,731136,619744,22923289
19.270,open,84,,47.922,40.031,39,0,40.61,9.564,12040,686224,731136,606712,22936321
19.280,open,84,,47.922,40.031,39,0,40.609,9.564,14448,673192,731136,593680,22949353
19.290,open,84,,47.842,40.031,40,0,40.677,9.337,16856,661608,731136,580648,22960937
19.300,open,84,,47.841,40.031,40,0,40.679,9.336,16856,648576,731136,567616,22973969
19.310,open,84,,47.921,40.031,39,0,40.61,9.564,12040,637480,731136,558928,22984105
19.320,open,84,,47.922,40.031,39,0,40.61,9.564,14448,624448,731136,545896,22997137
19.330,open,84,,47.841,40.031,40,0,40.679,9.336,16856,613824,731136,532864,23008721
19.341,open,84,,47.841,40.031,40,0,40.679,9.336,16856,599832,731136,519832,23021753
19.351,open,84,,47.922,40.031,39,0,40.609,9.564,12040,588736,731136,511144,23031889
19.361,open,84,,47.927,40.031,39,0,40.606,9.563,14448,575704,731136,498112,23044921
19.371,open,84,,47.927,40.031,39,0,40.606,9.563,14448,562672,731136,485080,23057953
19.381,open,84,,47.85,40.031,40,0,40.671,9.336,16856,552048,731136,472048,23069537
19.391,open,84,,47.928,40.031,39,0,40.604,9.563,12040,540952,731136,463360,23079673
19.401,open,84,,47.927,40.031,39,0,40.606,9.563,12040,526960,731136,450328,23092705
19.411,open,84,,47.923,40.031,39,0,40.609,9.564,14448,513928,731136,437296,23105737
19.421,open,84,,47.841,40.031,40,0,40.678,9.336,16856,503304,731136,424264,23117321
19.431,open,84,,47.842,40.031,40,0,40.677,9.336,16856,490272,731136,411232,23130353
19.441,open,84,,47.933,40.031,39,0,40.6,9.565,12040,743656,731136,663184,23140489
19.451,open,84,,47.929,40.031,39,0,40.604,9.563,14448,729664,731136,650152,23153521
19.462,open,84,,47.925,40.031,39,0,40.607,9.562,14448,716632,731136,637120,23166553
19.472,open,84,,47.845,40.031,40,0,40.675,9.336,16856,706008,731136,624088,23178137
19.482,open,84,,47.928,40.031,39,0,40.605,9.563,12040,694912,731136,615400,23188273
19.492,open,84,,47.919,40.031,39,0,40.612,9.564,12040,681880,731136,602368,23201305
19.502,open,84,,47.921,40.031,39,0,40.611,9.564,14448,667888,731136,589336,23214337
19.512,open,84,,47.841,40.031,40,0,40.678,9.343,16856,657264,731136,576304,23225921
19.522,open,84,,47.841,40.031,40,0,40.678,9.336,16856,644232,731136,563272,23238953
19.532,open,84,,47.923,40.031,39,0,40.609,9.564,12040,633136,731136,554584,23249089
19.542,open,84,,47.923,40.031,39,0,40.609,9.564,14448,620104,731136,541552,23262121
19.552,open,84,,47.843,40.031,40,0,40.677,9.336,14448,607072,731136,528520,23273705
19.562,open,84,,47.842,40.031,40,0,40.678,9.336,16856,595488,731136,515488,23286737
19.572,open,84,,47.924,40.031,39,0,40.608,9.563,12040,584392,731136,506800,23296873
19.582,open,84,,47.924,40.031,39,0,40.608,9.564,14448,571360,731136,493768,23309905
19.592,open,84,,47.923,40.031,39,0,40.609,9.564,14448,558328,731136,480736,23322937
19.603,open,84,,47.841,40.031,40,0,40.678,9.336,16856,547704,731136,467704,23334521
19.613,open,84,,47.922,40.031,39,0,40.61,9.564,12040,535648,731136,459016,23344657
19.623,open,84,,47.923,40.031,39,0,40.609,9.564,12040,522616,731136,445984,23357689
19.633,open,84,,47.922,40.031,39,0,40.609,9.564,14448,509584,731136,432952,23370721
19.643,open,84,,47.843,40.031,40,0,40.677,9.336,16856,498960,731136,419920,23382305
19.653,open,84,,47.842,40.031,40,0,40.678,9.337,16856,750408,731136,667528,23395337
19.663,open,84,,47.924,40.031,39,0,40.608,9.563,12040,739312,731136,658840,23405473
19.673,open,84,,47.923,40.031,39,0,40.609,9.564,14448,725320,731136,645808,23418505
19.683,open,84,,47.923,40.031,39,0,40.609,9.563,14448,712288,731136,632776,23431537
19.693,open,84,,47.842,40.031,40,0,40.678,9.336,16856,701664,731136,619744,23443121
19.703,open,84,,47.922,40.031,39,0,40.609,9.564,12040,690568,731136,611056,23453257
19.713,open,84,,47.922,40.031,39,0,40.609,9.564,12040,677536,731136,598024,23466289
19.724,open,84,,47.922,40.031,39,0,40.609,9.564,14448,663544,731136,584992,23479321
19.734,open,84,,47.842,40.031,40,0,40.678,9.336,16856,652920,731136,571960,23490905
19.744,open,84,,47.843,40.031,40,0,40.677,9.336,16856,639888,731136,558928,23503937
19.754,open,84,,47.927,40.031,39,0,40.605,9.559,12040,628792,731136,550240,23514073
19.764,open,84,,47.933,40.031,39,0,40.6,9.56,14448,615760,731136,537208,23527105
19.774,open,84,,47.936,40.031,39,0,40.597,9.559,14448,601768,731136,524176,23540137
19.784,open,84,,47.862,40.031,40,0,40.661,9.336,16856,591144,731136,511144,23551721
19.794,open,84,,47.935,40.031,39,0,40.598,9.563,12040,580048,731136,502456,23561857
19.804,open,84,,47.931,40.031,39,0,40.602,9.565,12040,567016,731136,489424,23574889
19.814,open,84,,47.93,40.031,39,0,40.603,9.564,14448,553984,731136,476392,23587921
19.824,open,84,,47.843,40.031,40,0,40.676,9.332,16856,543360,731136,463360,23599505
19.835,open,84,,47.843,40.031,40,0,40.677,9.336,16856,529368,731136,450328,23612537
19.845,open,84,,47.922,40.031,39,0,40.609,9.564,12040,518272,731136,441640,23622673
19.855,open,84,,47.923,40.031,39,0,40.609,9.564,14448,505240,731136,428608,23635705
19.865,open,84,,47.922,40.031,39,0,40.61,9.564,14448,492208,731136,415576,23648737
19.875,open,84,,47.842,40.031,40,0,40.677,9.342,16856,746064,731136,663184,23660321
19.885,open,84,,47.929,40.031,39,0,40.603,9.561,12040,734008,731136,654496,23670457
19.895,open,84,,47.944,40.031,39,0,40.591,9.553,12040,720976,731136,641464,23683489
19.905,open,84,,47.952,40.031,39,0,40.584,9.561,14448,707944,731136,628432,23696521
19.915,open,84,,47.87,40.031,40,0,40.654,9.337,16856,697320,731136,615400,23708105
19.925,open,84,,47.865,40.031,40,0,40.658,9.336,16856,684288,731136,602368,23721137
19.936,open,84,,47.944,40.031,39,0,40.591,9.562,12040,673192,731136,593680,23731273
19.946,open,84,,47.939,40.031,39,0,40.595,9.564,14448,659200,731136,580648,23744305
19.956,open,84,,47.936,40.031,39,0,40.598,9.564,14448,646168,731136,567616,23757337
19.966,open,84,,47.852,40.031,40,0,40.669,9.336,16856,635544,731136,554584,23768921
19.976,open,84,,47.934,40.031,39,0,40.6,9.564,12040,624448,731136,545896,23779057
19.986,open,84,,47.931,40.031,39,0,40.602,9.566,12040,611416,731136,532864,23792089
19.996,open,84,,47.925,40.031,39,0,40.607,9.564,14448,597424,731136,519832,23805121
20.006,open,84,,47.843,40.031,40,0,40.676,9.336,16856,586800,731136,506800,23816705
20.016,open,84,,47.842,40.031,40,0,40.678,9.337,16856,573768,731136,493768,23829737
20.026,open,84,,47.924,40.031,39,0,40.608,9.564,12040,562672,731136,485080,23839873
20.036,open,84,,47.922,40.031,39,0,40.609,9.564,14448,549640,731136,472048,23852905
20.046,open,84,,47.925,40.031,39,0,40.607,9.561,14448,535648,731136,459016,23865937
20.056,open,84,,47.842,40.031,40,0,40.678,9.336,16856,525024,731136,445984,23877521
20.067,open,84,,47.922,40.031,39,0,40.61,9.564,12040,513928,731136,437296,23887657
20.077,open,84,,47.922,40.031,39,0,40.61,9.564,12040,500896,731136,424264,23900689
20.087,open,84,,47.922,40.031,39,0,40.61,9.563,14448,487864,731136,411232,23913721
