t_s,ca_state,cwnd,ssthresh,rtt_ms,minrtt_ms,unacked,total_retrans,pacing_mbps,delivery_mbps,wmem_alloc,wmem_queued,sndbuf,notsent,bytes_acked
0.000,open,10,,80.105,80.105,0,0,2.892,0.0,0,0,87040,0,1
0.010,open,10,,80.105,80.105,10,0,2.892,0.0,2408,114832,87040,92672,1
0.020,open,10,,80.105,80.105,10,0,2.892,0.0,0,114832,87040,92672,1
0.031,open,10,,80.105,80.105,10,0,2.892,0.0,0,114832,87040,92672,1
0.041,open,11,,75.095,40.027,11,0,3.394,0.289,2408,114344,87040,89776,1449
0.051,open,19,,55.079,40.027,15,0,7.992,2.098,12040,188648,165376,153488,13033
0.061,open,20,,53.952,40.027,20,0,8.588,2.276,7224,187200,174080,144800,14481
0.071,open,20,,53.952,40.027,20,0,8.588,2.276,0,187200,174080,144800,14481
0.081,open,21,,52.211,40.02,21,0,9.318,2.894,2408,186712,174080,141904,15929
0.091,open,29,,46.455,40.02,25,0,14.463,3.614,12040,178008,252416,124528,27513
0.101,open,38,,46.153,40.02,24,0,19.075,4.194,9632,278880,330752,225888,40545
0.111,open,40,,46.141,40.02,30,0,20.084,4.444,9632,278864,348160,214304,43441
0.121,open,40,,46.141,40.02,38,0,20.084,4.444,9632,282704,348160,202720,43441
0.131,open,50,,44.581,40.02,38,0,25.984,6.285,12040,417840,435200,335936,57921
0.141,open,58,,45.183,40.02,38,0,29.74,6.369,12040,406256,504832,324352,69505
0.151,open,66,,45.391,40.02,38,0,33.687,6.369,12040,394672,574464,312768,81089
0.162,open,74,,45.631,40.02,40,0,37.571,6.912,16856,599312,644096,512592,92673
0.172,open,82,,45.537,40.02,40,0,41.719,9.564,16856,585320,713728,499560,105705
0.182,open,82,,45.459,40.02,38,0,41.79,9.564,12040,571816,713728,490872,117289
0.192,open,82,,45.432,40.02,39,0,41.815,9.564,14448,558312,713728,477840,128873
0.202,open,82,,45.504,40.02,39,0,41.749,9.564,14448,543360,713728,464808,141905
0.212,open,82,,46.578,40.02,40,0,40.786,9.565,16856,532736,713728,451776,153489
0.222,open,82,,46.995,40.02,38,0,40.424,9.564,12040,520192,713728,443088,165073
0.232,open,84,,47.506,40.02,39,0,40.965,9.564,12040,507648,731136,430056,176657
0.242,open,84,,47.735,40.02,39,0,40.768,9.563,14448,494616,731136,417024,189689
0.252,open,84,,47.746,40.02,40,0,40.759,9.564,16856,747512,731136,664632,201273
0.262,open,84,,47.799,40.02,40,0,40.714,9.564,16856,734480,731136,651600,214305
0.272,open,84,,47.901,40.02,39,0,40.627,9.564,12040,723384,731136,642912,224441
0.282,open,84,,47.912,40.02,39,0,40.618,9.564,14448,710352,731136,629880,237473
0.292,open,84,,47.919,40.02,39,0,40.612,9.564,14448,696360,731136,616848,250505
0.303,open,84,,47.84,40.02,40,0,40.679,9.336,16856,685736,731136,603816,262089
0.313,open,84,,47.922,40.02,39,0,40.609,9.564,12040,674640,731136,595128,272225
0.323,open,84,,47.94,40.02,39,0,40.595,9.551,14448,661608,731136,582096,285257
0.333,open,84,,47.94,40.02,39,0,40.595,9.549,14448,647616,731136,569064,298289
0.343,open,84,,47.852,40.02,40,0,40.669,9.55,16856,636992,731136,556032,309873
0.353,open,84,,47.928,40.02,39,0,40.605,9.55,12040,625896,731136,547344,320009
0.363,open,84,,47.927,40.02,39,0,40.605,9.55,12040,612864,731136,534312,333041
0.373,open,84,,47.925,40.02,39,0,40.607,9.551,14448,598872,731136,521280,346073
0.383,open,84,,47.843,40.02,40,0,40.677,9.336,16856,588248,731136,508248,357657
0.393,open,84,,47.841,40.02,40,0,40.678,9.336,16856,575216,731136,495216,370689
0.403,open,84,,47.922,40.02,39,0,40.61,9.564,12040,564120,731136,486528,380825
0.413,open,84,,47.921,40.02,39,0,40.61,9.564,14448,551088,731136,473496,393857
0.424,open,84,,47.921,40.02,39,0,40.61,9.564,14448,537096,731136,460464,406889
0.434,open,84,,47.841,40.02,40,0,40.679,9.337,16856,526472,731136,447432,418473
0.444,open,84,,47.925,40.02,39,0,40.607,9.562,16857,515376,731136,438744,428609
0.454,open,84,,47.924,40.02,39,0,40.608,9.564,12040,502344,731136,425712,441641
0.464,open,84,,47.924,40.02,39,0,40.608,9.564,14448,489312,731136,412680,454673
0.474,open,84,,47.841,40.02,40,0,40.678,9.337,16856,743168,731136,660288,466257
0.484,open,84,,47.842,40.02,40,0,40.677,9.336,16856,729176,731136,647256,479289
0.494,open,84,,47.922,40.02,39,0,40.609,9.564,12040,718080,731136,638568,489425
0.504,open,84,,47.923,40.02,39,0,40.608,9.563,14448,705048,731136,625536,502457
0.515,open,84,,47.939,40.02,39,0,40.595,9.551,14448,692016,731136,612504,515489
0.525,open,84,,47.863,40.02,40,0,40.66,9.549,16856,681392,731136,599472,527073
0.535,open,84,,47.72,40.02,39,0,40.781,9.549,9633,669336,731136,590784,537209
0.545,open,84,,47.832,40.02,39,0,40.686,9.548,12040,656304,731136,577752,550241
0.555,open,84,,47.882,40.02,39,0,40.643,9.549,14448,643272,731136,564720,563273
0.565,open,84,,47.825,40.02,40,0,40.692,9.323,14448,632648,731136,551688,574857
0.575,open,84,,47.842,40.02,40,0,40.677,9.336,16856,619616,731136,538656,587889
0.585,open,84,,47.942,40.02,39,0,40.592,9.555,12040,608520,731136,529968,598025
0.595,open,84,,47.943,40.02,39,0,40.592,9.56,12040,594528,731136,516936,611057
0.606,open,84,,47.953,40.02,39,0,40.584,9.554,14448,581496,731136,503904,624089
0.616,open,84,,47.86,40.02,40,0,40.662,9.335,16856,570872,731136,490872,635673
0.626,open,84,,47.845,40.02,40,0,40.675,9.332,16856,557840,731136,477840,648705
0.636,open,84,,47.924,40.02,39,0,40.608,9.564,12040,546744,731136,469152,658841
0.646,open,84,,47.924,40.02,39,0,40.608,9.565,12040,532752,731136,456120,671873
0.656,open,84,,47.929,40.02,39,0,40.604,9.564,14448,519720,731136,443088,684905
0.666,open,84,,47.859,40.02,40,0,40.663,9.337,16856,509096,731136,430056,696489
0.676,open,84,,47.941,40.02,39,0,40.593,9.557,16856,498960,731136,421368,706625
0.686,open,84,,47.935,40.02,39,0,40.599,9.562,12040,749448,731136,668976,719657
0.697,open,84,,47.926,40.02,39,0,40.606,9.562,14448,735456,731136,655944,732689
0.707,open,84,,47.842,40.02,40,0,40.677,9.336,16856,724832,731136,642912,744273
0.717,open,84,,47.843,40.02,40,0,40.677,9.336,16856,711800,731136,629880,757305
0.727,open,84,,47.922,40.02,39,0,40.609,9.563,12040,700704,731136,621192,767441
0.737,open,84,,47.923,40.02,39,0,40.609,9.565,14448,687672,731136,608160,780473
0.747,open,84,,47.924,40.02,39,0,40.608,9.565,14448,674640,731136,595128,793505
0.757,open,84,,47.844,40.02,40,0,40.676,9.336,16856,663056,731136,582096,805089
0.767,open,84,,47.924,40.02,39,0,40.608,9.564,12040,651960,731136,573408,815225
0.777,open,84,,47.922,40.02,39,0,40.609,9.564,12040,638928,731136,560376,828257
0.787,open,84,,47.923,40.02,39,0,40.609,9.564,14448,625896,731136,547344,841289
0.797,open,84,,47.842,40.02,40,0,40.678,9.336,16856,615272,731136,534312,852873
0.807,open,84,,47.841,40.02,40,0,40.678,9.336,16856,601280,731136,521280,865905
0.817,open,84,,47.922,40.02,39,0,40.61,9.564,12040,590184,731136,512592,876041
0.827,open,84,,47.922,40.02,39,0,40.609,9.564,14448,577152,731136,499560,889073
0.838,open,84,,47.922,40.02,39,0,40.61,9.564,14448,564120,731136,486528,902105
0.848,open,84,,47.841,40.02,40,0,40.678,9.336,16856,553496,731136,473496,913689
0.858,open,84,,47.921,40.02,39,0,40.61,9.564,12040,542400,731136,464808,923825
0.868,open,84,,47.922,40.02,39,0,40.61,9.564,14448,528408,731136,451776,936857
0.878,open,84,,47.922,40.02,39,0,40.61,9.564,14448,515376,731136,438744,949889
0.888,open,84,,47.841,40.02,40,0,40.679,9.336,16856,504752,731136,425712,961473
0.898,open,84,,47.921,40.02,39,0,40.61,9.564,12040,493656,731136,417024,971609
0.908,open,84,,47.921,40.02,39,0,40.61,9.564,12040,745104,731136,664632,984641
0.918,open,84,,47.921,40.02,39,0,40.61,9.564,14448,731112,731136,651600,997673
0.928,open,84,,47.841,40.02,40,0,40.678,9.336,16856,720488,731136,638568,1009257
0.938,open,84,,47.841,40.02,40,0,40.679,9.336,16856,707456,731136,625536,1022289
0.948,open,84,,47.921,40.02,39,0,40.61,9.564,12040,696360,731136,616848,1032425
0.958,open,84,,47.922,40.02,39,0,40.61,9.564,14448,683328,731136,603816,1045457
0.968,open,84,,47.922,40.02,39,0,40.61,9.564,14448,669336,731136,590784,1058489
0.979,open,84,,47.833,40.02,40,0,40.685,9.336,16856,658712,731136,577752,1070073
0.989,open,84,,47.918,40.02,39,0,40.613,9.564,12040,647616,731136,569064,1080209
0.999,open,84,,47.921,40.02,39,0,40.611,9.563,12040,634584,731136,556032,1093241
1.009,open,84,,47.921,40.02,39,0,40.611,9.564,14448,621552,731136,543000,1106273
1.019,open,84,,47.841,40.02,40,0,40.678,9.336,16856,610928,731136,529968,1117857
1.029,open,84,,47.841,40.02,40,0,40.679,9.336,16856,596936,731136,516936,1130889
1.039,open,84,,47.922,40.02,39,0,40.609,9.564,12040,585840,731136,508248,1141025
1.049,open,84,,47.921,40.02,39,0,40.61,9.564,14448,572808,731136,495216,1154057
1.059,open,84,,47.84,40.02,40,0,40.679,9.336,16856,562184,731136,482184,1165641
1.069,open,84,,47.841,40.02,40,0,40.679,9.336,16856,549152,731136,469152,1178673
1.079,open,84,,47.922,40.02,39,0,40.61,9.564,12040,537096,731136,460464,1188809
1.089,open,84,,47.922,40.02,39,0,40.609,9.564,14448,524064,731136,447432,1201841
1.099,open,84,,47.921,40.02,39,0,40.61,9.564,14448,511032,731136,434400,1214873
1.110,open,84,,47.841,40.02,40,0,40.679,9.336,16856,500408,731136,421368,1226457
1.120,open,84,,47.922,40.02,39,0,40.61,9.564,12040,489312,731136,412680,1236593
1.130,open,84,,47.922,40.02,39,0,40.61,9.563,12040,740760,731136,660288,1249625
1.140,open,84,,47.922,40.02,39,0,40.61,9.564,14448,726768,731136,647256,1262657
1.150,open,84,,47.843,40.02,40,0,40.677,9.336,16856,716144,731136,634224,1274241
1.160,open,84,,47.844,40.02,40,0,40.675,9.336,16856,703112,731136,621192,1287273
1.170,open,84,,47.929,40.02,39,0,40.604,9.56,12040,692016,731136,612504,1297409
1.180,open,84,,47.93,40.02,39,0,40.603,9.561,14448,678984,731136,599472,1310441
1.190,open,84,,47.933,40.02,39,0,40.6,9.56,14448,664992,731136,586440,1323473
1.200,open,84,,47.85,40.02,40,0,40.671,9.336,16856,654368,731136,573408,1335057
1.210,open,84,,47.933,40.02,39,0,40.6,9.564,12040,643272,731136,564720,1345193
1.221,open,84,,47.933,40.02,39,0,40.6,9.564,12040,630240,731136,551688,1358225
1.231,open,84,,47.934,40.02,39,0,40.599,9.563,14448,617208,731136,538656,1371257
1.241,open,84,,47.863,40.02,40,0,40.66,9.336,16856,605624,731136,525624,1382841
1.251,open,84,,47.87,40.02,40,0,40.654,9.337,16856,592592,731136,512592,1395873
1.261,open,84,,47.959,40.02,39,0,40.578,9.555,12040,581496,731136,503904,1406009
1.271,open,84,,47.965,40.02,39,0,40.574,9.553,14448,568464,731136,490872,1419041
1.281,open,84,,47.878,40.02,40,0,40.647,9.336,14448,557840,731136,477840,1430625
1.291,open,84,,47.867,40.02,40,0,40.656,9.336,16856,544808,731136,464808,1443657
1.301,open,84,,47.941,40.02,39,0,40.593,9.564,12040,532752,731136,456120,1453793
1.311,open,84,,47.937,40.02,39,0,40.597,9.564,14448,519720,731136,443088,1466825
1.321,open,84,,47.935,40.02,39,0,40.598,9.564,14448,506688,731136,430056,1479857
1.331,open,84,,47.852,40.02,40,0,40.669,9.337,16856,496064,731136,417024,1491441
1.341,open,84,,47.934,40.02,39,0,40.599,9.564,12040,749448,731136,668976,1501577
1.351,open,84,,47.98,40.02,39,0,40.56,9.544,12040,735456,731136,655944,1514609
1.361,open,84,,47.95,40.02,39,0,40.586,9.538,14448,722424,731136,642912,1527641
1.371,open,84,,47.855,40.02,40,0,40.666,9.538,16856,711800,731136,629880,1539225
1.382,open,84,,47.871,40.02,40,0,40.653,9.538,16856,698768,731136,616848,1552257
1.392,open,84,,47.955,40.02,39,0,40.582,9.52,12040,687672,731136,608160,1562393
1.402,open,84,,47.948,40.02,39,0,40.588,9.54,14448,674640,731136,595128,1575425
1.412,open,84,,47.859,40.02,40,0,40.663,9.336,14448,663056,731136,582096,1587009
1.422,open,84,,47.853,40.02,40,0,40.668,9.336,16856,650024,731136,569064,1600041
1.432,open,84,,47.934,40.02,39,0,40.599,9.564,12040,638928,731136,560376,1610177
1.442,open,84,,47.934,40.02,39,0,40.6,9.564,12040,625896,731136,547344,1623209
1.452,open,84,,47.934,40.02,39,0,40.6,9.564,14448,612864,731136,534312,1636241
1.462,open,84,,47.851,40.02,40,0,40.67,9.336,16856,601280,731136,521280,1647825
1.472,open,84,,47.852,40.02,40,0,40.669,9.336,16856,588248,731136,508248,1660857
1.483,open,84,,47.942,40.02,39,0,40.593,9.552,12040,577152,731136,499560,1670993
1.493,open,84,,47.946,40.02,39,0,40.59,9.552,14448,564120,731136,486528,1684025
1.503,open,84,,47.862,40.02,40,0,40.66,9.336,14448,551088,731136,473496,1695609
1.513,open,84,,47.862,40.02,40,0,40.66,9.336,16856,539504,731136,460464,1708641
1.523,open,84,,47.951,40.02,39,0,40.585,9.562,12040,528408,731136,451776,1718777
1.533,open,84,,47.947,40.02,39,0,40.588,9.564,12040,515376,731136,438744,1731809
1.543,open,84,,47.939,40.02,39,0,40.595,9.564,14448,502344,731136,425712,1744841
1.553,open,84,,47.855,40.02,40,0,40.667,9.336,16856,491720,731136,412680,1756425
1.563,open,84,,47.853,40.02,40,0,40.668,9.337,16856,743168,731136,660288,1769457
1.574,open,84,,47.939,40.02,39,0,40.595,9.564,12040,731112,731136,651600,1779593
1.584,open,84,,47.93,40.02,39,0,40.603,9.564,14448,718080,731136,638568,1792625
1.594,open,84,,47.937,40.02,39,0,40.597,9.559,14448,705048,731136,625536,1805657
1.604,open,84,,47.858,40.02,40,0,40.664,9.336,16856,694424,731136,612504,1817241
1.614,open,84,,47.936,40.02,39,0,40.598,9.564,12040,683328,731136,603816,1827377
1.624,open,84,,47.932,40.02,39,0,40.601,9.563,12040,669336,731136,590784,1840409
1.634,open,84,,47.925,40.02,39,0,40.607,9.562,14448,656304,731136,577752,1853441
1.644,open,84,,47.929,40.02,39,0,40.604,9.564,14448,643272,731136,564720,1866473
1.655,open,84,,47.844,40.02,40,0,40.676,9.336,16856,632648,731136,551688,1878057
1.665,open,84,,47.926,40.02,39,0,40.606,9.564,12040,621552,731136,543000,1888193
1.675,open,84,,47.925,40.02,39,0,40.607,9.564,12040,608520,731136,529968,1901225
1.685,open,84,,47.925,40.02,39,0,40.607,9.564,14448,594528,731136,516936,1914257
1.695,open,84,,47.844,40.02,40,0,40.675,9.336,16856,583904,731136,503904,1925841
1.705,open,84,,47.845,40.02,40,0,40.675,9.336,16856,570872,731136,490872,1938873
1.715,open,84,,47.926,40.02,39,0,40.606,9.563,12040,559776,731136,482184,1949009
1.725,open,84,,47.929,40.02,39,0,40.604,9.562,14448,546744,731136,469152,1962041
1.736,open,84,,47.929,40.02,39,0,40.604,9.563,14448,532752,731136,456120,1975073
1.746,open,84,,47.848,40.02,40,0,40.673,9.336,16856,522128,731136,443088,1986657
1.756,open,84,,47.85,40.02,40,0,40.671,9.336,16856,509096,731136,430056,1999689
1.766,open,84,,47.977,40.02,39,0,40.563,9.564,12040,498000,731136,421368,2009825
1.776,open,84,,47.95,40.02,39,0,40.586,9.563,14448,749448,731136,668976,2022857
1.786,open,84,,47.941,40.02,39,0,40.594,9.562,14448,735456,731136,655944,2035889
1.796,open,84,,47.855,40.02,40,0,40.666,9.336,16856,724832,731136,642912,2047473
1.806,open,84,,47.931,40.02,39,0,40.602,9.564,12040,713736,731136,634224,2057609
1.816,open,84,,47.928,40.02,39,0,40.605,9.564,12040,700704,731136,621192,2070641
1.827,open,84,,47.926,40.02,39,0,40.606,9.564,14448,687672,731136,608160,2083673
1.837,open,84,,47.844,40.02,40,0,40.676,9.335,16856,677048,731136,595128,2095257
1.847,open,84,,47.844,40.02,40,0,40.676,9.337,16856,663056,731136,582096,2108289
1.857,open,84,,47.932,40.02,39,0,40.601,9.56,12040,651960,731136,573408,2118425
1.867,open,84,,47.937,40.02,39,0,40.597,9.559,14448,638928,731136,560376,2131457
1.877,open,84,,47.977,40.02,39,0,40.563,9.564,14448,625896,731136,547344,2144489
1.887,open,84,,47.875,40.02,40,0,40.649,9.338,16856,615272,731136,534312,2156073
1.897,open,84,,47.949,40.02,39,0,40.587,9.555,12040,603216,731136,525624,2166209
1.908,open,84,,47.94,40.02,39,0,40.594,9.564,12040,590184,731136,512592,2179241
1.918,open,84,,47.936,40.02,39,0,40.598,9.564,14448,577152,731136,499560,2192273
1.928,open,84,,47.85,40.02,40,0,40.67,9.336,14448,566528,731136,486528,2203857
1.938,open,84,,47.85,40.02,40,0,40.67,9.336,16856,553496,731136,473496,2216889
1.948,open,84,,47.932,40.02,39,0,40.602,9.565,12040,542400,731136,464808,2227025
1.958,open,84,,47.929,40.02,39,0,40.604,9.564,12040,528408,731136,451776,2240057
1.968,open,84,,47.926,40.02,39,0,40.607,9.564,14448,515376,731136,438744,2253089
1.978,open,84,,47.843,40.02,40,0,40.676,9.336,16856,504752,731136,425712,2264673
1.988,open,84,,47.923,40.02,39,0,40.609,9.564,12040,493656,731136,417024,2274809
1.998,open,84,,47.922,40.02,39,0,40.609,9.564,12040,745104,731136,664632,2287841
2.008,open,84,,47.933,40.02,39,0,40.6,9.56,14448,731112,731136,651600,2300873
2.019,open,84,,47.854,40.02,40,0,40.667,9.337,16856,720488,731136,638568,2312457
2.029,open,84,,47.867,40.02,40,0,40.656,9.337,16856,707456,731136,625536,2325489
2.039,open,84,,47.956,40.02,39,0,40.581,9.551,12040,696360,731136,616848,2335625
2.049,open,84,,47.959,40.02,39,0,40.579,9.551,14448,683328,731136,603816,2348657
2.059,open,84,,47.968,40.02,39,0,40.571,9.545,14448,669336,731136,590784,2361689
2.069,open,84,,47.868,40.02,40,0,40.656,9.55,16856,658712,731136,577752,2373273
2.079,open,84,,47.942,40.02,39,0,40.593,9.546,12040,647616,731136,569064,2383409
2.089,open,84,,47.937,40.02,39,0,40.597,9.545,12040,634584,731136,556032,2396441
2.099,open,84,,47.936,40.02,39,0,40.598,9.551,14448,621552,731136,543000,2409473
2.109,open,84,,47.852,40.02,40,0,40.669,9.336,14448,610928,731136,529968,2421057
2.120,open,84,,47.851,40.02,40,0,40.67,9.336,16856,596936,731136,516936,2434089
2.130,open,84,,47.948,40.02,39,0,40.588,9.549,12040,585840,731136,508248,2444225
2.140,open,84,,47.944,40.02,39,0,40.591,9.564,12040,572808,731136,495216,2457257
2.150,open,84,,47.954,40.02,39,0,40.582,9.548,14448,559776,731136,482184,2470289
2.160,open,84,,47.866,40.02,40,0,40.657,9.336,16856,549152,731136,469152,2481873
2.170,open,84,,47.869,40.02,40,0,40.655,9.336,16856,535160,731136,456120,2494905
2.180,open,84,,47.944,40.02,39,0,40.591,9.564,12040,524064,731136,447432,2505041
2.190,open,84,,47.939,40.02,39,0,40.595,9.564,14448,511032,731136,434400,2518073
2.201,open,84,,47.937,40.02,39,0,40.597,9.564,14448,498000,731136,421368,2531105
2.211,open,84,,47.853,40.02,40,0,40.668,9.336,16856,751856,731136,668976,2542689
2.221,open,84,,47.935,40.02,39,0,40.599,9.564,12040,740760,731136,660288,2552825
2.231,open,84,,47.935,40.02,39,0,40.598,9.564,12040,726768,731136,647256,2565857
2.241,open,84,,47.935,40.02,39,0,40.599,9.564,14448,713736,731136,634224,2578889
2.251,open,84,,47.852,40.02,40,0,40.669,9.336,16856,703112,731136,621192,2590473
2.261,open,84,,47.852,40.02,40,0,40.669,9.336,16856,690080,731136,608160,2603505
2.271,open,84,,47.939,40.02,39,0,40.595,9.558,12040,678984,731136,599472,2613641
2.281,open,84,,47.938,40.02,39,0,40.596,9.564,14448,664992,731136,586440,2626673
2.292,open,84,,47.931,40.02,39,0,40.602,9.564,14448,651960,731136,573408,2639705
2.302,open,84,,47.847,40.02,40,0,40.673,9.337,16856,641336,731136,560376,2651289
2.312,open,84,,47.935,40.02,39,0,40.598,9.562,12040,630240,731136,551688,2661425
2.322,open,84,,47.936,40.02,39,0,40.597,9.564,12040,617208,731136,538656,2674457
2.332,open,84,,47.932,40.02,39,0,40.601,9.564,14448,603216,731136,525624,2687489
2.342,open,84,,47.849,40.02,40,0,40.672,9.336,14448,590184,731136,512592,2699073
2.352,open,84,,47.845,40.02,40,0,40.675,9.336,16856,579560,731136,499560,2712105
2.362,open,84,,47.923,40.02,39,0,40.609,9.563,12040,568464,731136,490872,2722241
2.372,open,84,,47.921,40.02,39,0,40.61,9.564,12040,555432,731136,477840,2735273
2.382,open,84,,47.931,40.02,39,0,40.602,9.556,14448,542400,731136,464808,2748305
2.392,open,84,,47.866,40.02,40,0,40.657,9.337,16856,530816,731136,451776,2759889
2.403,open,84,,47.952,40.02,42,0,40.584,9.547,16856,520680,731136,438744,2770025
2.413,open,84,,47.954,40.02,39,0,40.583,9.547,12040,506688,731136,430056,2783057
2.423,open,84,,47.956,40.02,39,0,40.581,9.546,14448,493656,731136,417024,2796089
2.433,open,84,,47.868,40.02,40,0,40.655,9.336,14448,747512,731136,664632,2807673
2.443,open,84,,47.86,40.02,40,0,40.662,9.336,16856,733520,731136,651600,2820705
2.453,open,84,,47.938,40.02,39,0,40.596,9.564,12040,722424,731136,642912,2830841
2.463,open,84,,47.936,40.02,39,0,40.598,9.564,12040,709392,731136,629880,2843873
2.473,open,84,,47.935,40.02,39,0,40.599,9.564,14448,696360,731136,616848,2856905
2.483,open,84,,47.852,40.02,40,0,40.669,9.337,16856,685736,731136,603816,2868489
2.493,open,84,,47.934,40.02,42,0,40.599,9.564,16856,674640,731136,590784,2878625
2.504,open,84,,47.933,40.02,39,0,40.6,9.564,12040,660648,731136,582096,2891657
2.514,open,84,,47.943,40.02,39,0,40.592,9.55,14448,647616,731136,569064,2904689
2.524,open,84,,47.857,40.02,40,0,40.665,9.336,14448,634584,731136,556032,2916273
2.534,open,84,,47.854,40.02,40,0,40.667,9.336,16856,623960,731136,543000,2929305
2.544,open,84,,47.947,40.02,39,0,40.588,9.561,12040,612864,731136,534312,2939441
2.554,open,84,,47.933,40.02,39,0,40.6,9.564,12040,598872,731136,521280,2952473
2.564,open,84,,47.927,40.02,39,0,40.606,9.564,14448,585840,731136,508248,2965505
2.574,open,84,,47.845,40.02,40,0,40.675,9.336,16856,575216,731136,495216,2977089
2.584,open,84,,47.846,40.02,40,0,40.674,9.336,16856,562184,731136,482184,2990121
2.595,open,84,,47.932,40.02,39,0,40.601,9.565,12040,551088,731136,473496,3000257
2.605,open,84,,47.938,40.02,39,0,40.596,9.56,14448,537096,731136,460464,3013289
2.615,open,84,,47.939,40.02,39,0,40.595,9.559,14448,524064,731136,447432,3026321
2.625,open,84,,47.852,40.02,40,0,40.669,9.334,16856,513440,731136,434400,3037905
2.635,open,84,,47.932,40.02,39,0,40.601,9.563,12040,502344,731136,425712,3048041
2.645,open,84,,47.929,40.02,39,0,40.604,9.564,12040,489312,731136,412680,3061073
2.655,open,84,,47.927,40.02,39,0,40.605,9.564,14448,740760,731136,660288,3074105
2.665,open,84,,47.846,40.02,40,0,40.674,9.336,16856,729176,731136,647256,3085689
2.675,open,84,,47.843,40.02,40,0,40.677,9.339,16856,716144,731136,634224,3098721
2.686,open,84,,47.926,40.02,39,0,40.606,9.563,12040,705048,731136,625536,3108857
2.696,open,84,,47.929,40.02,39,0,40.604,9.564,12040,692016,731136,612504,3121889
2.706,open,84,,47.932,40.02,39,0,40.601,9.562,14448,678984,731136,599472,3134921
2.716,open,84,,47.852,40.02,40,0,40.669,9.337,16856,667400,731136,586440,3146505
2.726,open,84,,47.851,40.02,40,0,40.67,9.336,16856,654368,731136,573408,3159537
2.736,open,84,,47.923,40.02,39,0,40.608,9.562,12040,643272,731136,564720,3169673
2.746,open,84,,47.925,40.02,39,0,40.607,9.56,14448,630240,731136,551688,3182705
2.756,open,84,,47.925,40.02,39,0,40.607,9.564,14448,617208,731136,538656,3195737
2.766,open,84,,47.843,40.02,40,0,40.677,9.336,16856,605624,731136,525624,3207321
2.777,open,84,,47.922,40.02,39,0,40.609,9.564,12040,594528,731136,516936,3217457
2.787,open,84,,47.923,40.02,39,0,40.609,9.563,12040,581496,731136,503904,3230489
2.797,open,84,,47.924,40.02,39,0,40.608,9.564,14448,568464,731136,490872,3243521
2.807,open,84,,47.843,40.02,40,0,40.677,9.336,16856,557840,731136,477840,3255105
2.817,open,84,,47.843,40.02,40,0,40.677,9.336,16856,544808,731136,464808,3268137
2.827,open,84,,47.926,40.02,39,0,40.606,9.562,12040,532752,731136,456120,3278273
2.837,open,84,,47.924,40.02,39,0,40.608,9.564,14448,519720,731136,443088,3291305
2.847,open,84,,47.924,40.02,39,0,40.608,9.563,14448,506688,731136,430056,3304337
2.857,open,84,,47.841,40.02,40,0,40.678,9.336,16856,496064,731136,417024,3315921
2.868,open,84,,47.922,40.02,39,0,40.609,9.564,12040,749448,731136,668976,3326057
2.878,open,84,,47.922,40.02,39,0,40.609,9.564,12040,735456,731136,655944,3339089
2.888,open,84,,47.922,40.02,39,0,40.61,9.564,14448,722424,731136,642912,3352121
2.898,open,84,,47.841,40.02,40,0,40.678,9.336,16856,711800,731136,629880,3363705
2.908,open,84,,47.841,40.02,40,0,40.678,9.336,16856,698768,731136,616848,3376737
2.918,open,84,,47.923,40.02,39,0,40.609,9.564,12040,687672,731136,608160,3386873
2.928,open,84,,47.922,40.02,39,0,40.609,9.564,14448,674640,731136,595128,3399905
2.938,open,84,,47.922,40.02,39,0,40.609,9.564,14448,660648,731136,582096,3412937
2.948,open,84,,47.841,40.02,40,0,40.678,9.336,16856,650024,731136,569064,3424521
2.958,open,84,,47.922,40.02,39,0,40.61,9.564,12040,638928,731136,560376,3434657
2.969,open,84,,47.922,40.02,39,0,40.61,9.564,12040,625896,731136,547344,3447689
2.979,open,84,,47.923,40.02,39,0,40.609,9.563,14448,612864,731136,534312,3460721
2.989,open,84,,47.841,40.02,40,0,40.678,9.336,16856,601280,731136,521280,3472305
2.999,open,84,,47.842,40.02,40,0,40.677,9.336,16856,588248,731136,508248,3485337
3.009,open,84,,47.922,40.02,39,0,40.609,9.564,12040,577152,731136,499560,3495473
3.019,open,84,,47.922,40.02,39,0,40.61,9.564,14448,564120,731136,486528,3508505
3.029,open,84,,47.922,40.02,39,0,40.61,9.564,14448,551088,731136,473496,3521537
3.039,open,84,,47.841,40.02,40,0,40.679,9.336,16856,539504,731136,460464,3533121
3.049,open,84,,47.922,40.02,39,0,40.609,9.564,12040,528408,731136,451776,3543257
3.059,open,84,,47.922,40.02,39,0,40.61,9.564,12040,515376,731136,438744,3556289
3.069,open,84,,47.921,40.02,39,0,40.61,9.564,14448,502344,731136,425712,3569321
3.080,open,84,,47.842,40.02,40,0,40.678,9.336,16856,491720,731136,412680,3580905
3.090,open,84,,47.841,40.02,40,0,40.678,9.336,16856,743168,731136,660288,3593937
3.100,open,84,,47.922,40.02,39,0,40.61,9.564,12040,731112,731136,651600,3604073
3.110,open,84,,47.923,40.02,39,0,40.609,9.563,14448,718080,731136,638568,3617105
3.120,open,84,,47.922,40.02,39,0,40.609,9.564,14448,705048,731136,625536,3630137
3.130,open,84,,47.842,40.02,40,0,40.678,9.336,16856,694424,731136,612504,3641721
3.140,open,84,,47.922,40.02,39,0,40.61,9.564,12040,683328,731136,603816,3651857
3.150,open,84,,47.922,40.02,39,0,40.61,9.564,12040,669336,731136,590784,3664889
3.160,open,84,,47.922,40.02,39,0,40.609,9.564,14448,656304,731136,577752,3677921
3.171,open,84,,47.841,40.02,40,0,40.678,9.336,14448,643272,731136,564720,3689505
3.181,open,84,,47.841,40.02,40,0,40.678,9.336,16856,632648,731136,551688,3702537
3.191,open,84,,47.923,40.02,39,0,40.609,9.564,12040,621552,731136,543000,3712673
3.201,open,84,,47.922,40.02,39,0,40.609,9.564,12040,608520,731136,529968,3725705
3.211,open,84,,47.922,40.02,39,0,40.61,9.564,14448,594528,731136,516936,3738737
3.221,open,84,,47.842,40.02,40,0,40.677,9.336,16856,583904,731136,503904,3750321
3.231,open,84,,47.844,40.02,40,0,40.675,9.336,16856,570872,731136,490872,3763353
3.241,open,84,,47.928,40.02,39,0,40.605,9.562,12040,559776,731136,482184,3773489
3.251,open,84,,47.929,40.02,39,0,40.604,9.564,14448,546744,731136,469152,3786521
3.261,open,84,,47.928,40.02,39,0,40.605,9.564,14448,532752,731136,456120,3799553
3.271,open,84,,47.844,40.02,40,0,40.675,9.334,16856,522128,731136,443088,3811137
3.282,open,84,,47.923,40.02,39,0,40.608,9.564,12040,511032,731136,434400,3821273
3.292,open,84,,47.923,40.02,39,0,40.609,9.564,14448,498000,731136,421368,3834305
3.302,open,84,,47.923,40.02,39,0,40.609,9.564,14448,749448,731136,668976,3847337
3.312,open,84,,47.841,40.02,40,0,40.678,9.336,16856,737864,731136,655944,3858921
3.322,open,84,,47.923,40.02,39,0,40.609,9.564,12040,726768,731136,647256,3869057
3.332,open,84,,47.923,40.02,39,0,40.609,9.564,12040,713736,731136,634224,3882089
3.342,open,84,,47.927,40.02,39,0,40.606,9.564,14448,700704,731136,621192,3895121
3.352,open,84,,47.844,40.02,40,0,40.676,9.336,16856,690080,731136,608160,3906705
3.362,open,84,,47.846,40.02,40,0,40.674,9.336,16856,677048,731136,595128,3919737
3.372,open,84,,47.922,40.02,39,0,40.61,9.564,12040,664992,731136,586440,3929873
3.382,open,84,,47.925,40.02,39,0,40.607,9.563,14448,651960,731136,573408,3942905
3.392,open,84,,47.921,40.02,39,0,40.611,9.564,14448,638928,731136,560376,3955937
3.402,open,84,,47.841,40.02,40,0,40.679,9.336,16856,628304,731136,547344,3967521
3.412,open,84,,47.921,40.02,39,0,40.61,9.563,12040,617208,731136,538656,3977657
3.423,open,84,,47.921,40.02,39,0,40.61,9.564,12040,603216,731136,525624,3990689
3.433,open,84,,47.922,40.02,39,0,40.61,9.564,14448,590184,731136,512592,4003721
3.443,open,84,,47.841,40.02,40,0,40.679,9.336,16856,579560,731136,499560,4015305
3.453,open,84,,47.923,40.02,39,0,40.609,9.564,9632,568464,731136,490872,4025441
3.463,open,84,,47.922,40.02,39,0,40.61,9.564,12040,555432,731136,477840,4038473
3.473,open,84,,47.922,40.02,39,0,40.609,9.564,14448,542400,731136,464808,4051505
3.483,open,84,,47.841,40.02,40,0,40.678,9.337,16856,530816,731136,451776,4063089
3.493,open,84,,47.842,40.02,40,0,40.677,9.336,16856,517784,731136,438744,4076121
3.503,open,84,,47.913,40.02,39,0,40.618,9.564,12040,506688,731136,430056,4086257
3.513,open,84,,47.919,40.02,39,0,40.612,9.564,14448,493656,731136,417024,4099289
3.523,open,84,,47.92,40.02,39,0,40.611,9.564,14448,745104,731136,664632,4112321
3.533,open,84,,47.84,40.02,40,0,40.679,9.336,16856,733520,731136,651600,4123905
3.543,open,84,,47.921,40.02,39,0,40.61,9.564,12040,722424,731136,642912,4134041
3.553,open,84,,47.924,40.02,39,0,40.608,9.563,12040,709392,731136,629880,4147073
3.564,open,84,,47.922,40.02,39,0,40.609,9.564,14448,696360,731136,616848,4160105
3.574,open,84,,47.844,40.02,40,0,40.676,9.336,16856,685736,731136,603816,4171689
3.584,open,84,,47.849,40.02,40,0,40.672,9.336,16856,671744,731136,590784,4184721
3.594,open,84,,47.938,40.02,39,0,40.596,9.561,12040,660648,731136,582096,4194857
3.604,open,84,,47.935,40.02,39,0,40.599,9.564,14448,647616,731136,569064,4207889
3.614,open,84,,47.932,40.02,39,0,40.601,9.561,14448,634584,731136,556032,4220921
3.624,open,84,,47.849,40.02,40,0,40.671,9.335,16856,623960,731136,543000,4232505
3.634,open,84,,47.927,40.02,39,0,40.605,9.562,12040,612864,731136,534312,4242641
3.644,open,84,,47.927,40.02,39,0,40.605,9.564,12040,598872,731136,521280,4255673
3.654,open,84,,47.93,40.02,39,0,40.603,9.564,14448,585840,731136,508248,4268705
3.665,open,84,,47.848,40.02,40,0,40.672,9.334,16856,575216,731136,495216,4280289
3.675,open,84,,47.845,40.02,40,0,40.675,9.338,16856,562184,731136,482184,4293321
3.685,open,84,,47.927,40.02,39,0,40.605,9.564,12040,551088,731136,473496,4303457
3.695,open,84,,47.927,40.02,39,0,40.605,9.564,14448,537096,731136,460464,4316489
3.705,open,84,,47.927,40.02,39,0,40.606,9.561,14448,524064,731136,447432,4329521
3.715,open,84,,47.845,40.02,40,0,40.675,9.338,16856,513440,731136,434400,4341105
3.725,open,84,,47.927,40.02,39,0,40.605,9.566,12040,502344,731136,425712,4351241
3.735,open,84,,47.928,40.02,39,0,40.605,9.563,12040,489312,731136,412680,4364273
3.745,open,84,,47.929,40.02,39,0,40.604,9.564,14448,740760,731136,660288,4377305
3.756,open,84,,47.846,40.02,40,0,40.674,9.336,14448,729176,731136,647256,4388889
3.766,open,84,,47.845,40.02,40,0,40.675,9.336,16856,716144,731136,634224,4401921
3.776,open,84,,47.932,40.02,39,0,40.601,9.561,12040,705048,731136,625536,4412057
3.786,open,84,,47.929,40.02,39,0,40.604,9.565,12040,692016,731136,612504,4425089
3.796,open,84,,47.93,40.02,39,0,40.603,9.562,14448,678984,731136,599472,4438121
3.806,open,84,,47.867,40.02,40,0,40.656,9.337,16856,667400,731136,586440,4449705
3.816,open,84,,47.937,40.02,39,0,40.597,9.564,9632,656304,731136,577752,4459841
3.826,open,84,,47.929,40.02,39,0,40.604,9.562,12040,643272,731136,564720,4472873
3.836,open,84,,47.926,40.02,39,0,40.606,9.564,14448,630240,731136,551688,4485905
3.846,open,84,,47.845,40.02,40,0,40.675,9.337,14448,619616,731136,538656,4497489
3.856,open,84,,47.846,40.02,40,0,40.674,9.337,16856,605624,731136,525624,4510521
3.867,open,84,,47.914,40.02,39,0,40.617,9.565,12040,594528,731136,516936,4520657
3.877,open,84,,47.921,40.02,39,0,40.61,9.564,12040,581496,731136,503904,4533689
3.887,open,84,,47.926,40.02,39,0,40.606,9.564,14448,568464,731136,490872,4546721
3.897,open,84,,47.843,40.02,40,0,40.677,9.336,16856,557840,731136,477840,4558305
3.907,open,84,,47.843,40.02,40,0,40.677,9.336,16856,544808,731136,464808,4571337
3.917,open,84,,47.923,40.02,39,0,40.608,9.563,12040,532752,731136,456120,4581473
3.927,open,84,,47.925,40.02,39,0,40.607,9.564,14448,519720,731136,443088,4594505
3.937,open,84,,47.927,40.02,39,0,40.605,9.564,14448,506688,731136,430056,4607537
3.947,open,84,,47.844,40.02,40,0,40.676,9.336,16856,496064,731136,417024,4619121
3.957,open,84,,47.924,40.02,39,0,40.608,9.564,12040,749448,731136,668976,4629257
3.967,open,84,,47.926,40.02,39,0,40.606,9.561,12040,735456,731136,655944,4642289
3.978,open,84,,47.938,40.02,39,0,40.596,9.555,14448,722424,731136,642912,4655321
3.988,open,84,,47.861,40.02,40,0,40.661,9.336,16856,711800,731136,629880,4666905
3.998,open,84,,47.933,40.02,39,0,40.6,9.564,12040,700704,731136,621192,4677041
4.008,open,84,,47.925,40.02,39,0,40.607,9.564,12040,687672,731136,608160,4690073
4.018,open,84,,47.923,40.02,39,0,40.608,9.564,14448,674640,731136,595128,4703105
4.028,open,84,,47.842,40.02,40,0,40.677,9.337,16856,663056,731136,582096,4714689
4.038,open,84,,47.842,40.02,40,0,40.677,9.336,16856,650024,731136,569064,4727721
4.048,open,84,,47.928,40.02,39,0,40.604,9.56,12040,638928,731136,560376,4737857
4.058,open,84,,47.927,40.02,39,0,40.606,9.564,14448,625896,731136,547344,4750889
4.068,open,84,,47.928,40.02,39,0,40.605,9.558,14448,612864,731136,534312,4763921
4.078,open,84,,47.846,40.02,40,0,40.674,9.336,16856,601280,731136,521280,4775505
4.088,open,84,,47.924,40.02,39,0,40.608,9.564,12040,590184,731136,512592,4785641
4.098,open,84,,47.924,40.02,39,0,40.608,9.564,12040,577152,731136,499560,4798673
4.108,open,84,,47.922,40.02,39,0,40.61,9.564,14448,564120,731136,486528,4811705
4.119,open,84,,47.844,40.02,40,0,40.676,9.336,16856,553496,731136,473496,4823289
4.129,open,84,,47.844,40.02,40,0,40.676,9.337,16856,539504,731136,460464,4836321
4.139,open,84,,47.93,40.02,39,0,40.603,9.56,12040,528408,731136,451776,4846457
4.149,open,84,,47.935,40.02,39,0,40.599,9.564,14448,515376,731136,438744,4859489
4.159,open,84,,47.933,40.02,39,0,40.6,9.562,14448,502344,731136,425712,4872521
4.169,open,84,,47.843,40.02,40,0,40.677,9.334,16856,491720,731136,412680,4884105
4.179,open,84,,47.923,40.02,39,0,40.609,9.563,12040,745104,731136,664632,4894241
4.189,open,84,,47.923,40.02,39,0,40.609,9.564,12040,731112,731136,651600,4907273
4.199,open,84,,47.922,40.02,39,0,40.609,9.564,14448,718080,731136,638568,4920305
4.209,open,84,,47.846,40.02,40,0,40.674,9.336,16856,707456,731136,625536,4931889
4.219,open,84,,47.942,40.02,39,0,40.592,9.557,12040,696360,731136,616848,4942025
4.229,open,84,,47.941,40.02,39,0,40.594,9.558,12040,683328,731136,603816,4955057
4.240,open,84,,47.93,40.02,39,0,40.602,9.564,14448,669336,731136,590784,4968089
4.250,open,84,,47.848,40.02,40,0,40.672,9.336,16856,658712,731136,577752,4979673
4.260,open,84,,47.853,40.02,40,0,40.668,9.337,16856,645680,731136,564720,4992705
4.270,open,84,,47.932,40.02,39,0,40.601,9.564,12040,634584,731136,556032,5002841
4.280,open,84,,47.926,40.02,39,0,40.606,9.564,14448,621552,731136,543000,5015873
4.290,open,84,,47.929,40.02,39,0,40.604,9.559,14448,608520,731136,529968,5028905
4.300,open,84,,47.849,40.02,40,0,40.672,9.336,16856,596936,731136,516936,5040489
4.310,open,84,,47.923,40.02,39,0,40.609,9.559,12040,585840,731136,508248,5050625
4.320,open,84,,47.929,40.02,39,0,40.604,9.56,12040,572808,731136,495216,5063657
4.330,open,84,,47.933,40.02,39,0,40.6,9.559,14448,559776,731136,482184,5076689
4.340,open,84,,47.855,40.02,40,0,40.666,9.336,16856,549152,731136,469152,5088273
4.350,open,84,,47.849,40.02,40,0,40.672,9.336,16856,535160,731136,456120,5101305
4.360,open,84,,47.926,40.02,39,0,40.606,9.568,12040,524064,731136,447432,5111441
4.370,open,84,,47.924,40.02,39,0,40.608,9.564,14448,511032,731136,434400,5124473
4.381,open,84,,47.924,40.02,39,0,40.608,9.564,14448,498000,731136,421368,5137505
4.391,open,84,,47.842,40.02,40,0,40.677,9.336,16856,751856,731136,668976,5149089
4.401,open,84,,47.924,40.02,39,0,40.608,9.564,12040,740760,731136,660288,5159225
4.411,open,84,,47.923,40.02,39,0,40.609,9.565,12040,726768,731136,647256,5172257
4.421,open,84,,47.924,40.02,39,0,40.608,9.564,14448,713736,731136,634224,5185289
4.431,open,84,,47.842,40.02,40,0,40.677,9.337,16856,703112,731136,621192,5196873
4.441,open,84,,47.924,40.02,39,0,40.608,9.564,12040,692016,731136,612504,5207009
4.451,open,84,,47.923,40.02,39,0,40.609,9.564,12040,678984,731136,599472,5220041
4.461,open,84,,47.923,40.02,39,0,40.609,9.564,14448,664992,731136,586440,5233073
4.471,open,84,,47.842,40.02,40,0,40.678,9.336,16856,654368,731136,573408,5244657
4.481,open,84,,47.842,40.02,40,0,40.677,9.336,16856,641336,731136,560376,5257689
4.491,open,84,,47.923,40.02,39,0,40.609,9.564,12040,630240,731136,551688,5267825
4.501,open,84,,47.923,40.02,39,0,40.609,9.563,14448,617208,731136,538656,5280857
4.511,open,84,,47.926,40.02,39,0,40.606,9.559,14448,603216,731136,525624,5293889
4.522,open,84,,47.844,40.02,40,0,40.676,9.336,16856,592592,731136,512592,5305473
4.532,open,84,,47.924,40.02,39,0,40.608,9.564,12040,581496,731136,503904,5315609
4.542,open,84,,47.925,40.02,39,0,40.607,9.563,12040,568464,731136,490872,5328641
4.552,open,84,,47.933,40.02,39,0,40.6,9.561,14448,555432,731136,477840,5341673
4.562,open,84,,47.85,40.02,40,0,40.67,9.336,16856,544808,731136,464808,5353257
4.572,open,84,,47.854,40.02,40,0,40.668,9.336,16856,530816,731136,451776,5366289
4.582,open,84,,47.934,40.02,39,0,40.6,9.561,12040,519720,731136,443088,5376425
4.592,open,84,,47.932,40.02,39,0,40.601,9.563,14448,506688,731136,430056,5389457
4.602,open,84,,47.925,40.02,39,0,40.607,9.564,14448,493656,731136,417024,5402489
4.613,open,84,,47.85,40.02,40,0,40.671,9.336,16856,747512,731136,664632,5414073
4.623,open,84,,47.934,40.02,39,0,40.599,9.562,12040,735456,731136,655944,5424209
4.633,open,84,,47.929,40.02,39,0,40.604,9.564,12040,722424,731136,642912,5437241
4.643,open,84,,47.924,40.02,39,0,40.608,9.565,14448,709392,731136,629880,5450273
4.653,open,84,,47.842,40.02,40,0,40.677,9.337,16856,698768,731136,616848,5461857
4.663,open,84,,47.843,40.02,40,0,40.677,9.336,16856,685736,731136,603816,5474889
4.673,open,84,,47.923,40.02,39,0,40.609,9.564,12040,674640,731136,595128,5485025
4.683,open,84,,47.923,40.02,39,0,40.609,9.564,14448,660648,731136,582096,5498057
4.693,open,84,,47.923,40.02,39,0,40.609,9.564,14448,647616,731136,569064,5511089
4.703,open,84,,47.842,40.02,40,0,40.677,9.336,16856,636992,731136,556032,5522673
4.713,open,84,,47.923,40.02,39,0,40.609,9.564,12040,625896,731136,547344,5532809
4.723,open,84,,47.923,40.02,39,0,40.608,9.564,12040,612864,731136,534312,5545841
4.733,open,84,,47.923,40.02,39,0,40.609,9.564,14448,598872,731136,521280,5558873
4.744,open,84,,47.843,40.02,40,0,40.677,9.336,16856,588248,731136,508248,5570457
4.754,open,84,,47.845,40.02,40,0,40.675,9.337,16856,575216,731136,495216,5583489
4.764,open,84,,47.929,40.02,39,0,40.603,9.562,12040,564120,731136,486528,5593625
4.774,open,84,,47.931,40.02,39,0,40.602,9.563,14448,551088,731136,473496,5606657
4.784,open,84,,47.93,40.02,39,0,40.603,9.563,14448,537096,731136,460464,5619689
4.794,open,84,,47.84,40.02,40,0,40.679,9.333,16856,526472,731136,447432,5631273
4.804,open,84,,47.92,40.02,39,0,40.611,9.564,12040,515376,731136,438744,5641409
4.814,open,84,,47.921,40.02,39,0,40.61,9.563,12040,502344,731136,425712,5654441
4.824,open,84,,47.922,40.02,39,0,40.61,9.564,14448,489312,731136,412680,5667473
4.835,open,84,,47.841,40.02,40,0,40.678,9.337,16856,743168,731136,660288,5679057
4.845,open,84,,47.842,40.02,40,0,40.677,9.34,16856,729176,731136,647256,5692089
4.855,open,84,,47.923,40.02,39,0,40.609,9.564,12040,718080,731136,638568,5702225
4.865,open,84,,47.922,40.02,39,0,40.609,9.564,14448,705048,731136,625536,5715257
4.875,open,84,,47.923,40.02,39,0,40.609,9.564,14448,692016,731136,612504,5728289
4.885,open,84,,47.842,40.02,40,0,40.678,9.337,16856,681392,731136,599472,5739873
4.895,open,84,,47.922,40.02,39,0,40.609,9.564,12040,669336,731136,590784,5750009
4.905,open,84,,47.922,40.02,39,0,40.609,9.564,12040,656304,731136,577752,5763041
4.915,open,84,,47.922,40.02,39,0,40.61,9.564,14448,643272,731136,564720,5776073
4.926,open,84,,47.841,40.02,40,0,40.679,9.336,14448,632648,731136,551688,5787657
4.936,open,84,,47.841,40.02,40,0,40.678,9.336,16856,619616,731136,538656,5800689
4.946,open,84,,47.922,40.02,39,0,40.609,9.564,12040,608520,731136,529968,5810825
4.956,open,84,,47.923,40.02,39,0,40.609,9.563,12040,594528,731136,516936,5823857
4.966,open,84,,47.923,40.02,39,0,40.609,9.564,14448,581496,731136,503904,5836889
4.976,open,84,,47.842,40.02,40,0,40.678,9.336,16856,570872,731136,490872,5848473
4.986,open,84,,47.842,40.02,40,0,40.678,9.336,16856,557840,731136,477840,5861505
4.996,open,84,,47.922,40.02,39,0,40.61,9.564,12040,546744,731136,469152,5871641
5.006,open,84,,47.922,40.02,39,0,40.609,9.564,14448,532752,731136,456120,5884673
5.016,open,84,,47.922,40.02,39,0,40.609,9.564,14448,519720,731136,443088,5897705
5.027,open,84,,47.842,40.02,40,0,40.677,9.336,16856,509096,731136,430056,5909289
5.037,open,84,,47.923,40.02,39,0,40.609,9.564,12040,498000,731136,421368,5919425
5.047,open,84,,47.923,40.02,39,0,40.609,9.564,12040,749448,731136,668976,5932457
5.057,open,84,,47.922,40.02,39,0,40.609,9.564,14448,735456,731136,655944,5945489
5.067,open,84,,47.841,40.02,40,0,40.678,9.336,16856,724832,731136,642912,5957073
5.077,open,84,,47.841,40.02,40,0,40.678,9.336,16856,711800,731136,629880,5970105
5.087,open,84,,47.923,40.02,39,0,40.609,9.562,12040,700704,731136,621192,5980241
5.097,open,84,,47.923,40.02,39,0,40.609,9.564,14448,687672,731136,608160,5993273
5.107,open,84,,47.923,40.02,39,0,40.609,9.564,14448,674640,731136,595128,6006305
5.118,open,84,,47.841,40.02,40,0,40.678,9.336,16856,663056,731136,582096,6017889
5.128,open,84,,47.922,40.02,39,0,40.609,9.564,12040,651960,731136,573408,6028025
5.138,open,84,,47.922,40.02,39,0,40.609,9.564,12040,638928,731136,560376,6041057
5.148,open,84,,47.922,40.02,39,0,40.609,9.564,14448,625896,731136,547344,6054089
5.158,open,84,,47.841,40.02,40,0,40.678,9.336,16856,615272,731136,534312,6065673
5.168,open,84,,47.841,40.02,40,0,40.678,9.336,16856,601280,731136,521280,6078705
5.178,open,84,,47.923,40.02,39,0,40.609,9.564,12040,590184,731136,512592,6088841
5.188,open,84,,47.921,40.02,39,0,40.61,9.564,12040,577152,731136,499560,6101873
5.198,open,84,,47.922,40.02,39,0,40.61,9.563,14448,564120,731136,486528,6114905
5.209,open,84,,47.841,40.02,40,0,40.679,9.336,16856,553496,731136,473496,6126489
5.219,open,84,,47.844,40.02,40,0,40.676,9.336,16856,539504,731136,460464,6139521
5.229,open,84,,47.93,40.02,39,0,40.603,9.56,12040,528408,731136,451776,6149657
5.239,open,84,,47.932,40.02,39,0,40.601,9.56,14448,515376,731136,438744,6162689
5.249,open,84,,47.853,40.02,40,0,40.668,9.336,14448,504752,731136,425712,6174273
5.259,open,84,,47.857,40.02,40,0,40.665,9.336,16856,491720,731136,412680,6187305
5.269,open,84,,47.951,40.02,39,0,40.585,9.559,12040,745104,731136,664632,6197441
5.279,open,84,,47.946,40.02,39,0,40.589,9.557,14448,731112,731136,651600,6210473
5.289,open,84,,47.939,40.02,39,0,40.595,9.564,14448,718080,731136,638568,6223505
5.299,open,84,,47.855,40.02,40,0,40.667,9.337,16856,707456,731136,625536,6235089
5.309,open,84,,47.935,40.02,39,0,40.598,9.564,12040,696360,731136,616848,6245225
5.319,open,84,,47.932,40.02,39,0,40.601,9.564,12040,683328,731136,603816,6258257
5.330,open,84,,47.927,40.02,39,0,40.605,9.564,14448,669336,731136,590784,6271289
5.340,open,84,,47.846,40.02,40,0,40.674,9.337,16856,658712,731136,577752,6282873
5.350,open,84,,47.847,40.02,40,0,40.673,9.336,16856,645680,731136,564720,6295905
5.360,open,84,,47.927,40.02,39,0,40.605,9.564,12040,634584,731136,556032,6306041
5.370,open,84,,47.927,40.02,39,0,40.606,9.563,12040,621552,731136,543000,6319073
5.380,open,84,,47.939,40.02,39,0,40.595,9.557,14448,608520,731136,529968,6332105
5.390,open,84,,47.851,40.02,40,0,40.67,9.33,16856,596936,731136,516936,6343689
5.400,open,84,,47.846,40.02,40,0,40.674,9.33,16856,583904,731136,503904,6356721
5.411,open,84,,47.925,40.02,39,0,40.607,9.558,12040,572808,731136,495216,6366857
5.421,open,84,,47.924,40.02,39,0,40.608,9.559,14448,559776,731136,482184,6379889
5.431,open,84,,47.924,40.02,39,0,40.608,9.558,14448,546744,731136,469152,6392921
5.441,open,84,,47.841,40.02,40,0,40.678,9.337,16856,535160,731136,456120,6404505
5.451,open,84,,47.924,40.02,39,0,40.608,9.562,12040,524064,731136,447432,6414641
5.461,open,84,,47.924,40.02,39,0,40.608,9.564,12040,511032,731136,434400,6427673
5.471,open,84,,47.924,40.02,39,0,40.608,9.564,14448,498000,731136,421368,6440705
5.481,open,84,,47.842,40.02,40,0,40.677,9.336,16856,751856,731136,668976,6452289
5.491,open,84,,47.842,40.02,40,0,40.678,9.336,16856,737864,731136,655944,6465321
5.501,open,84,,47.924,40.02,39,0,40.608,9.564,12040,726768,731136,647256,6475457
5.512,open,84,,47.923,40.02,39,0,40.609,9.564,14448,713736,731136,634224,6488489
5.522,open,84,,47.922,40.02,39,0,40.609,9.564,14448,700704,731136,621192,6501521
5.532,open,84,,47.842,40.02,40,0,40.678,9.336,16856,690080,731136,608160,6513105
5.542,open,84,,47.922,40.02,39,0,40.609,9.564,12040,678984,731136,599472,6523241
5.552,open,84,,47.922,40.02,39,0,40.609,9.564,12040,664992,731136,586440,6536273
5.562,open,84,,47.923,40.02,39,0,40.609,9.564,14448,651960,731136,573408,6549305
5.572,open,84,,47.844,40.02,40,0,40.676,9.336,16856,641336,731136,560376,6560889
5.582,open,84,,47.847,40.02,40,0,40.673,9.336,16856,628304,731136,547344,6573921
5.592,open,84,,47.929,40.02,39,0,40.603,9.561,12040,617208,731136,538656,6584057
5.603,open,84,,47.937,40.02,39,0,40.597,9.561,14448,603216,731136,525624,6597089
5.613,open,84,,47.933,40.02,39,0,40.6,9.563,14448,590184,731136,512592,6610121
5.623,open,84,,47.856,40.02,40,0,40.666,9.336,16856,579560,731136,499560,6621705
5.633,open,84,,47.933,40.02,39,0,40.6,9.564,12040,568464,731136,490872,6631841
5.643,open,84,,47.931,40.02,39,0,40.602,9.564,12040,555432,731136,477840,6644873
5.653,open,84,,47.957,40.02,39,0,40.58,9.564,14448,542400,731136,464808,6657905
5.663,open,84,,47.861,40.02,40,0,40.661,9.336,14448,530816,731136,451776,6669489
5.673,open,84,,47.853,40.02,40,0,40.668,9.336,16856,517784,731136,438744,6682521
5.683,open,84,,47.931,40.02,39,0,40.602,9.564,12040,506688,731136,430056,6692657
5.694,open,84,,47.927,40.02,39,0,40.605,9.562,12040,493656,731136,417024,6705689
5.704,open,84,,47.926,40.02,39,0,40.606,9.563,14448,745104,731136,664632,6718721
5.714,open,84,,47.845,40.02,40,0,40.675,9.336,16856,733520,731136,651600,6730305
5.724,open,84,,47.846,40.02,40,0,40.674,9.336,16856,720488,731136,638568,6743337
5.734,open,84,,47.929,40.02,39,0,40.604,9.564,12040,709392,731136,629880,6753473
5.744,open,84,,47.927,40.02,39,0,40.605,9.563,14448,696360,731136,616848,6766505
5.754,open,84,,47.929,40.02,39,0,40.604,9.564,14448,683328,731136,603816,6779537
5.764,open,84,,47.847,40.02,40,0,40.674,9.337,16856,671744,731136,590784,6791121
5.775,open,84,,47.927,40.02,39,0,40.605,9.563,12040,660648,731136,582096,6801257
5.785,open,84,,47.926,40.02,39,0,40.606,9.564,12040,647616,731136,569064,6814289
5.795,open,84,,47.927,40.02,39,0,40.606,9.564,14448,634584,731136,556032,6827321
5.805,open,84,,47.844,40.02,40,0,40.676,9.337,16856,623960,731136,543000,6838905
5.815,open,84,,47.844,40.02,40,0,40.676,9.336,16856,610928,731136,529968,6851937
5.825,open,84,,47.925,40.02,39,0,40.607,9.564,12040,598872,731136,521280,6862073
5.835,open,84,,47.923,40.02,39,0,40.609,9.564,14448,585840,731136,508248,6875105
5.845,open,84,,47.925,40.02,39,0,40.607,9.564,14448,572808,731136,495216,6888137
5.855,open,84,,47.845,40.02,40,0,40.675,9.335,16856,562184,731136,482184,6899721
5.865,open,84,,47.931,40.02,39,0,40.602,9.562,12040,551088,731136,473496,6909857
5.875,open,84,,47.929,40.02,39,0,40.604,9.564,12040,537096,731136,460464,6922889
5.886,open,84,,47.93,40.02,39,0,40.603,9.562,14448,524064,731136,447432,6935921
5.896,open,84,,47.866,40.02,40,0,40.657,9.552,16856,513440,731136,434400,6947505
5.906,open,84,,47.856,40.02,40,0,40.665,9.552,16856,500408,731136,421368,6960537
5.916,open,84,,47.934,40.02,39,0,40.6,9.549,12040,489312,731136,412680,6970673
5.926,open,84,,47.935,40.02,39,0,40.599,9.549,12040,740760,731136,660288,6983705
5.936,open,84,,47.935,40.02,39,0,40.599,9.553,14448,726768,731136,647256,6996737
5.946,open,84,,47.852,40.02,40,0,40.669,9.336,16856,716144,731136,634224,7008321
5.956,open,84,,47.927,40.02,39,0,40.605,9.562,12040,705048,731136,625536,7018457
5.966,open,84,,47.923,40.02,39,0,40.609,9.564,12040,692016,731136,612504,7031489
5.976,open,84,,47.922,40.02,39,0,40.61,9.564,14448,678984,731136,599472,7044521
5.987,open,84,,47.84,40.02,40,0,40.679,9.336,16856,667400,731136,586440,7056105
5.997,open,84,,47.841,40.02,40,0,40.679,9.337,16856,654368,731136,573408,7069137
6.007,open,84,,47.922,40.02,39,0,40.609,9.567,12040,643272,731136,564720,7079273
6.017,open,84,,47.923,40.02,39,0,40.609,9.564,14448,630240,731136,551688,7092305
6.027,open,84,,47.925,40.02,39,0,40.607,9.564,14448,617208,731136,538656,7105337
6.037,open,84,,47.843,40.02,40,0,40.677,9.337,16856,605624,731136,525624,7116921
6.047,open,84,,47.924,40.02,39,0,40.608,9.563,12040,594528,731136,516936,7127057
6.057,open,84,,47.923,40.02,39,0,40.609,9.564,12040,581496,731136,503904,7140089
6.067,open,84,,47.922,40.02,39,0,40.61,9.564,14448,568464,731136,490872,7153121
6.077,open,84,,47.842,40.02,40,0,40.677,9.336,16856,557840,731136,477840,7164705
6.087,open,84,,47.841,40.02,40,0,40.678,9.336,16856,544808,731136,464808,7177737
6.097,open,84,,47.922,40.02,39,0,40.61,9.564,12040,532752,731136,456120,7187873
6.107,open,84,,47.921,40.02,39,0,40.61,9.564,14448,519720,731136,443088,7200905
6.117,open,84,,47.84,40.02,40,0,40.679,9.336,16856,509096,731136,430056,7212489
6.127,open,84,,47.841,40.02,40,0,40.679,9.336,16856,496064,731136,417024,7225521
6.138,open,84,,47.922,40.02,39,0,40.61,9.564,12040,749448,731136,668976,7235657
6.148,open,84,,47.923,40.02,39,0,40.609,9.562,14448,735456,731136,655944,7248689
6.158,open,84,,47.923,40.02,39,0,40.609,9.563,14448,722424,731136,642912,7261721
6.168,open,84,,47.841,40.02,40,0,40.678,9.336,16856,711800,731136,629880,7273305
6.178,open,84,,47.922,40.02,39,0,40.609,9.564,12040,700704,731136,621192,7283441
6.188,open,84,,47.922,40.02,39,0,40.609,9.564,12040,687672,731136,608160,7296473
6.198,open,84,,47.922,40.02,39,0,40.61,9.564,14448,674640,731136,595128,7309505
6.208,open,84,,47.841,40.02,40,0,40.679,9.336,16856,663056,731136,582096,7321089
6.218,open,84,,47.841,40.02,40,0,40.679,9.336,16856,650024,731136,569064,7334121
6.228,open,84,,47.922,40.02,39,0,40.61,9.564,12040,638928,731136,560376,7344257
6.238,open,84,,47.922,40.02,39,0,40.609,9.564,14448,625896,731136,547344,7357289
6.248,open,84,,47.923,40.02,39,0,40.609,9.563,14448,612864,731136,534312,7370321
6.258,open,84,,47.84,40.02,40,0,40.679,9.336,16856,601280,731136,521280,7381905
6.268,open,84,,47.921,40.02,39,0,40.61,9.564,12040,590184,731136,512592,7392041
6.278,open,84,,47.922,40.02,39,0,40.61,9.564,14448,577152,731136,499560,7405073
6.289,open,84,,47.922,40.02,39,0,40.61,9.564,14448,564120,731136,486528,7418105
6.299,open,84,,47.841,40.02,40,0,40.679,9.336,16856,553496,731136,473496,7429689
6.309,open,84,,47.922,40.02,39,0,40.61,9.564,12040,542400,731136,464808,7439825
6.319,open,84,,47.922,40.02,39,0,40.609,9.564,12040,528408,731136,451776,7452857
6.329,open,84,,47.922,40.02,39,0,40.609,9.564,14448,515376,731136,438744,7465889
6.339,open,84,,47.844,40.02,40,0,40.676,9.335,16856,504752,731136,425712,7477473
6.349,open,84,,47.845,40.02,40,0,40.675,9.336,16856,491720,731136,412680,7490505
6.359,open,84,,47.926,40.02,39,0,40.607,9.564,12040,745104,731136,664632,7500641
6.369,open,84,,47.924,40.02,39,0,40.608,9.564,14448,731112,731136,651600,7513673
6.379,open,84,,47.923,40.02,39,0,40.609,9.564,14448,718080,731136,638568,7526705
6.389,open,84,,47.841,40.02,40,0,40.678,9.337,16856,707456,731136,625536,7538289
6.399,open,84,,47.923,40.02,39,0,40.609,9.564,12040,696360,731136,616848,7548425
6.409,open,84,,47.922,40.02,39,0,40.609,9.564,12040,683328,731136,603816,7561457
6.420,open,84,,47.923,40.02,39,0,40.608,9.564,14448,669336,731136,590784,7574489
6.430,open,84,,47.842,40.02,40,0,40.678,9.336,16856,658712,731136,577752,7586073
6.440,open,84,,47.842,40.02,40,0,40.677,9.336,16856,645680,731136,564720,7599105
6.450,open,84,,47.922,40.02,39,0,40.609,9.564,12040,634584,731136,556032,7609241
6.460,open,84,,47.923,40.02,39,0,40.609,9.563,14448,621552,731136,543000,7622273
6.470,open,84,,47.841,40.02,40,0,40.678,9.336,14448,610928,731136,529968,7633857
6.480,open,84,,47.841,40.02,40,0,40.678,9.336,16856,596936,731136,516936,7646889
6.490,open,84,,47.922,40.02,39,0,40.61,9.564,12040,585840,731136,508248,7657025
6.500,open,84,,47.922,40.02,39,0,40.61,9.564,14448,572808,731136,495216,7670057
6.510,open,84,,47.922,40.02,39,0,40.61,9.563,14448,559776,731136,482184,7683089
6.520,open,84,,47.841,40.02,40,0,40.678,9.336,16856,549152,731136,469152,7694673
6.530,open,84,,47.924,40.02,39,0,40.608,9.564,12040,537096,731136,460464,7704809
6.540,open,84,,47.923,40.02,39,0,40.609,9.564,12040,524064,731136,447432,7717841
6.550,open,84,,47.923,40.02,39,0,40.609,9.564,14448,511032,731136,434400,7730873
6.560,open,84,,47.842,40.02,40,0,40.678,9.337,16856,500408,731136,421368,7742457
6.571,open,84,,47.843,40.02,40,0,40.677,9.336,16856,751856,731136,668976,7755489
6.581,open,84,,47.937,40.02,39,0,40.597,9.559,12040,740760,731136,660288,7765625
6.591,open,84,,47.935,40.02,39,0,40.599,9.559,14448,726768,731136,647256,7778657
6.601,open,84,,47.93,40.02,39,0,40.603,9.562,14448,713736,731136,634224,7791689
6.611,open,84,,47.848,40.02,40,0,40.673,9.336,16856,703112,731136,621192,7803273
6.621,open,84,,47.934,40.02,39,0,40.599,9.562,12040,692016,731136,612504,7813409
6.631,open,84,,47.917,40.02,39,0,40.614,9.564,12040,678984,731136,599472,7826441
6.641,open,84,,47.923,40.02,39,0,40.609,9.564,14448,664992,731136,586440,7839473
6.651,open,84,,47.847,40.02,40,0,40.673,9.336,16856,654368,731136,573408,7851057
6.661,open,84,,47.85,40.02,40,0,40.671,9.336,16856,641336,731136,560376,7864089
6.671,open,84,,47.932,40.02,39,0,40.601,9.565,12040,630240,731136,551688,7874225
6.681,open,84,,47.93,40.02,39,0,40.603,9.563,14448,617208,731136,538656,7887257
6.692,open,84,,47.839,40.02,40,0,40.68,9.327,14448,605624,731136,525624,7898841
6.702,open,84,,47.837,40.02,40,0,40.682,9.336,16856,592592,731136,512592,7911873
6.712,open,84,,47.92,40.02,39,0,40.612,9.564,12040,581496,731136,503904,7922009
6.722,open,84,,47.922,40.02,39,0,40.609,9.564,14448,568464,731136,490872,7935041
6.732,open,84,,47.92,40.02,39,0,40.611,9.565,14448,555432,731136,477840,7948073
6.742,open,84,,47.841,40.02,40,0,40.678,9.346,16856,544808,731136,464808,7959657
6.752,open,84,,47.922,40.02,39,0,40.61,9.564,12040,532752,731136,456120,7969793
6.762,open,84,,47.922,40.02,39,0,40.609,9.563,12040,519720,731136,443088,7982825
6.772,open,84,,47.922,40.02,39,0,40.61,9.564,14448,506688,731136,430056,7995857
6.782,open,84,,47.841,40.02,40,0,40.678,9.336,16856,496064,731136,417024,8007441
6.792,open,84,,47.842,40.02,40,0,40.678,9.336,16856,747512,731136,664632,8020473
6.802,open,84,,47.922,40.02,39,0,40.61,9.564,12040,735456,731136,655944,8030609
6.812,open,84,,47.922,40.02,39,0,40.61,9.563,14448,722424,731136,642912,8043641
6.822,open,84,,47.922,40.02,39,0,40.61,9.564,14448,709392,731136,629880,8056673
6.833,open,84,,47.842,40.02,40,0,40.678,9.336,16856,698768,731136,616848,8068257
6.843,open,84,,47.922,40.02,39,0,40.61,9.564,12040,687672,731136,608160,8078393
6.853,open,84,,47.922,40.02,39,0,40.609,9.564,12040,674640,731136,595128,8091425
6.863,open,84,,47.922,40.02,39,0,40.61,9.564,14448,660648,731136,582096,8104457
6.873,open,84,,47.841,40.02,40,0,40.678,9.336,16856,650024,731136,569064,8116041
6.883,open,84,,47.922,40.02,39,0,40.61,9.564,12040,638928,731136,560376,8126177
6.893,open,84,,47.923,40.02,39,0,40.609,9.563,12040,625896,731136,547344,8139209
6.903,open,84,,47.922,40.02,39,0,40.609,9.564,14448,612864,731136,534312,8152241
6.913,open,84,,47.842,40.02,40,0,40.677,9.336,16856,601280,731136,521280,8163825
6.923,open,84,,47.841,40.02,40,0,40.678,9.336,16856,588248,731136,508248,8176857
6.933,open,84,,47.923,40.02,39,0,40.609,9.563,12040,577152,731136,499560,8186993
6.943,open,84,,47.922,40.02,39,0,40.61,9.564,14448,564120,731136,486528,8200025
6.954,open,84,,47.922,40.02,39,0,40.61,9.563,14448,551088,731136,473496,8213057
6.964,open,84,,47.84,40.02,40,0,40.679,9.336,16856,539504,731136,460464,8224641
6.974,open,84,,47.922,40.02,42,0,40.61,9.564,16856,529368,731136,447432,8234777
6.984,open,84,,47.922,40.02,39,0,40.61,9.564,12040,515376,731136,438744,8247809
6.994,open,84,,47.922,40.02,39,0,40.609,9.563,14448,502344,731136,425712,8260841
7.004,open,84,,47.923,40.02,39,0,40.609,9.564,14448,489312,731136,412680,8273873
7.014,open,84,,47.841,40.02,40,0,40.678,9.336,16856,743168,731136,660288,8285457
7.024,open,84,,47.925,40.02,39,0,40.607,9.562,12040,731112,731136,651600,8295593
7.034,open,84,,47.928,40.02,39,0,40.605,9.559,12040,718080,731136,638568,8308625
7.045,open,84,,47.934,40.02,39,0,40.6,9.56,14448,705048,731136,625536,8321657
7.055,open,84,,47.853,40.02,40,0,40.668,9.337,16856,694424,731136,612504,8333241
7.065,open,84,,47.85,40.02,40,0,40.671,9.336,16856,681392,731136,599472,8346273
7.075,open,84,,47.924,40.02,39,0,40.608,9.562,12040,669336,731136,590784,8356409
7.085,open,84,,47.924,40.02,39,0,40.608,9.564,14448,656304,731136,577752,8369441
7.095,open,84,,47.923,40.02,39,0,40.609,9.564,14448,643272,731136,564720,8382473
7.105,open,84,,47.843,40.02,40,0,40.677,9.336,16856,632648,731136,551688,8394057
7.115,open,84,,47.923,40.02,39,0,40.609,9.565,12040,621552,731136,543000,8404193
7.125,open,84,,47.923,40.02,39,0,40.609,9.564,12040,608520,731136,529968,8417225
7.135,open,84,,47.922,40.02,39,0,40.61,9.564,14448,594528,731136,516936,8430257
7.145,open,84,,47.841,40.02,40,0,40.679,9.337,16856,583904,731136,503904,8441841
7.156,open,84,,47.841,40.02,40,0,40.679,9.336,16856,570872,731136,490872,8454873
7.166,open,84,,47.924,40.02,39,0,40.608,9.564,12040,559776,731136,482184,8465009
7.176,open,84,,47.924,40.02,39,0,40.608,9.564,14448,546744,731136,469152,8478041
7.186,open,84,,47.922,40.02,39,0,40.609,9.564,14448,532752,731136,456120,8491073
7.196,open,84,,47.843,40.02,40,0,40.677,9.336,16856,522128,731136,443088,8502657
7.206,open,84,,47.92,40.02,39,0,40.611,9.562,12040,511032,731136,434400,8512793
7.216,open,84,,47.923,40.02,39,0,40.609,9.564,14448,498000,731136,421368,8525825
7.226,open,84,,47.921,40.02,39,0,40.61,9.564,14448,749448,731136,668976,8538857
7.236,open,84,,47.841,40.02,40,0,40.678,9.336,16856,737864,731136,655944,8550441
7.246,open,84,,47.922,40.02,39,0,40.61,9.564,12040,726768,731136,647256,8560577
7.256,open,84,,47.923,40.02,39,0,40.609,9.564,12040,713736,731136,634224,8573609
7.266,open,84,,47.922,40.02,39,0,40.61,9.564,14448,700704,731136,621192,8586641
7.276,open,84,,47.841,40.02,40,0,40.678,9.336,16856,690080,731136,608160,8598225
7.286,open,84,,47.841,40.02,40,0,40.678,9.336,16856,677048,731136,595128,8611257
7.296,open,84,,47.922,40.02,39,0,40.61,9.564,12040,664992,731136,586440,8621393
7.307,open,84,,47.922,40.02,39,0,40.61,9.564,14448,651960,731136,573408,8634425
7.317,open,84,,47.923,40.02,39,0,40.609,9.562,14448,638928,731136,560376,8647457
7.327,open,84,,47.843,40.02,40,0,40.677,9.336,16856,628304,731136,547344,8659041
7.337,open,84,,47.925,40.02,39,0,40.607,9.563,12040,617208,731136,538656,8669177
7.347,open,84,,47.929,40.02,39,0,40.604,9.563,12040,603216,731136,525624,8682209
7.357,open,84,,47.94,40.02,39,0,40.595,9.549,14448,590184,731136,512592,8695241
7.367,open,84,,47.854,40.02,40,0,40.667,9.335,16856,579560,731136,499560,8706825
7.377,open,84,,47.851,40.02,40,0,40.67,9.334,16856,566528,731136,486528,8719857
7.387,open,84,,47.918,40.02,39,0,40.613,9.56,12040,555432,731136,477840,8729993
7.397,open,84,,47.92,40.02,39,0,40.611,9.564,14448,542400,731136,464808,8743025
7.408,open,84,,47.923,40.02,39,0,40.609,9.564,14448,528408,731136,451776,8756057
7.418,open,84,,47.841,40.02,40,0,40.678,9.338,16856,517784,731136,438744,8767641
7.428,open,84,,47.923,40.02,39,0,40.609,9.565,12040,506688,731136,430056,8777777
7.438,open,84,,47.922,40.02,39,0,40.61,9.564,12040,493656,731136,417024,8790809
7.448,open,84,,47.923,40.02,39,0,40.609,9.563,14448,745104,731136,664632,8803841
7.458,open,84,,47.842,40.02,40,0,40.678,9.336,16856,733520,731136,651600,8815425
7.468,open,84,,47.922,40.02,42,0,40.609,9.564,16856,723384,731136,638568,8825561
7.478,open,84,,47.923,40.02,39,0,40.609,9.564,12040,709392,731136,629880,8838593
7.488,open,84,,47.922,40.02,39,0,40.609,9.564,14448,696360,731136,616848,8851625
7.498,open,84,,47.841,40.02,40,0,40.678,9.336,16856,685736,731136,603816,8863209
7.508,open,84,,47.841,40.02,40,0,40.678,9.336,16856,671744,731136,590784,8876241
7.518,open,84,,47.922,40.02,39,0,40.609,9.564,12040,660648,731136,582096,8886377
7.528,open,84,,47.922,40.02,39,0,40.61,9.564,14448,647616,731136,569064,8899409
7.538,open,84,,47.922,40.02,39,0,40.61,9.563,14448,634584,731136,556032,8912441
7.548,open,84,,47.841,40.02,40,0,40.679,9.336,16856,623960,731136,543000,8924025
7.559,open,84,,47.923,40.02,39,0,40.609,9.564,12040,612864,731136,534312,8934161
7.569,open,84,,47.93,40.02,39,0,40.603,9.556,12040,598872,731136,521280,8947193
7.579,open,84,,47.956,40.02,39,0,40.581,9.53,14448,585840,731136,508248,8960225
7.589,open,84,,47.868,40.02,40,0,40.655,9.337,16856,575216,731136,495216,8971809
7.599,open,84,,47.858,40.02,40,0,40.664,9.336,16856,562184,731136,482184,8984841
7.609,open,84,,47.936,40.02,39,0,40.598,9.563,12040,551088,731136,473496,8994977
7.619,open,84,,47.942,40.02,39,0,40.592,9.562,14448,537096,731136,460464,9008009
7.629,open,84,,47.927,40.02,39,0,40.605,9.556,14448,524064,731136,447432,9021041
7.639,open,84,,47.846,40.02,40,0,40.674,9.333,16856,513440,731136,434400,9032625
7.649,open,84,,47.926,40.02,39,0,40.606,9.561,12040,502344,731136,425712,9042761
7.659,open,84,,47.925,40.02,39,0,40.607,9.561,12040,489312,731136,412680,9055793
7.670,open,84,,47.925,40.02,39,0,40.607,9.562,14448,740760,731136,660288,9068825
7.680,open,84,,47.845,40.02,40,0,40.675,9.341,16856,729176,731136,647256,9080409
7.690,open,84,,47.845,40.02,40,0,40.675,9.336,16856,716144,731136,634224,9093441
7.700,open,84,,47.925,40.02,39,0,40.607,9.564,12040,705048,731136,625536,9103577
7.710,open,84,,47.926,40.02,39,0,40.607,9.564,14448,692016,731136,612504,9116609
7.720,open,84,,47.926,40.02,39,0,40.606,9.564,14448,678984,731136,599472,9129641
7.730,open,84,,47.846,40.02,40,0,40.674,9.336,16856,667400,731136,586440,9141225
7.740,open,84,,47.927,40.02,39,0,40.605,9.563,12040,656304,731136,577752,9151361
7.750,open,84,,47.925,40.02,39,0,40.607,9.564,12040,643272,731136,564720,9164393
7.760,open,84,,47.925,40.02,39,0,40.607,9.564,14448,630240,731136,551688,9177425
7.771,open,84,,47.845,40.02,40,0,40.675,9.336,16856,619616,731136,538656,9189009
7.781,open,84,,47.845,40.02,40,0,40.675,9.337,16856,605624,731136,525624,9202041
7.791,open,84,,47.926,40.02,39,0,40.606,9.564,12040,594528,731136,516936,9212177
7.801,open,84,,47.926,40.02,39,0,40.606,9.564,14448,581496,731136,503904,9225209
7.811,open,84,,47.925,40.02,39,0,40.607,9.564,14448,568464,731136,490872,9238241
7.821,open,84,,47.843,40.02,40,0,40.677,9.336,16856,557840,731136,477840,9249825
7.831,open,84,,47.921,40.02,39,0,40.61,9.562,12040,546744,731136,469152,9259961
7.841,open,84,,47.923,40.02,39,0,40.609,9.565,12040,532752,731136,456120,9272993
7.851,open,84,,47.922,40.02,39,0,40.609,9.564,14448,519720,731136,443088,9286025
7.861,open,84,,47.844,40.02,40,0,40.676,9.337,16856,509096,731136,430056,9297609
7.872,open,84,,47.844,40.02,40,0,40.675,9.337,16856,496064,731136,417024,9310641
7.882,open,84,,47.928,40.02,39,0,40.604,9.562,12040,749448,731136,668976,9320777
7.892,open,84,,47.928,40.02,39,0,40.605,9.564,14448,735456,731136,655944,9333809
7.902,open,84,,47.927,40.02,39,0,40.605,9.563,14448,722424,731136,642912,9346841
7.912,open,84,,47.844,40.02,40,0,40.676,9.336,16856,711800,731136,629880,9358425
7.922,open,84,,47.926,40.02,39,0,40.606,9.564,12040,700704,731136,621192,9368561
7.932,open,84,,47.925,40.02,39,0,40.607,9.564,12040,687672,731136,608160,9381593
7.942,open,84,,47.925,40.02,39,0,40.607,9.564,14448,674640,731136,595128,9394625
7.952,open,84,,47.845,40.02,40,0,40.675,9.337,16856,663056,731136,582096,9406209
7.962,open,84,,47.841,40.02,40,0,40.679,9.334,16856,650024,731136,569064,9419241
7.972,open,84,,47.921,40.02,39,0,40.61,9.564,12040,638928,731136,560376,9429377
7.982,open,84,,47.921,40.02,39,0,40.61,9.564,14448,625896,731136,547344,9442409
7.992,open,84,,47.841,40.02,40,0,40.678,9.337,14448,612864,731136,534312,9453993
8.003,open,84,,47.841,40.02,40,0,40.678,9.336,16856,601280,731136,521280,9467025
8.013,open,84,,47.922,40.02,39,0,40.609,9.564,12040,590184,731136,512592,9477161
8.023,open,84,,47.922,40.02,39,0,40.61,9.564,14448,577152,731136,499560,9490193
8.033,open,84,,47.922,40.02,39,0,40.61,9.564,14448,564120,731136,486528,9503225
8.043,open,84,,47.84,40.02,40,0,40.679,9.336,16856,553496,731136,473496,9514809
8.053,open,84,,47.922,40.02,42,0,40.61,9.564,16856,542400,731136,460464,9524945
8.063,open,84,,47.922,40.02,39,0,40.61,9.564,12040,528408,731136,451776,9537977
8.073,open,84,,47.921,40.02,39,0,40.61,9.564,14448,515376,731136,438744,9551009
8.083,open,84,,47.841,40.02,40,0,40.679,9.336,14448,504752,731136,425712,9562593
8.093,open,84,,47.84,40.02,40,0,40.679,9.336,16856,491720,731136,412680,9575625
8.103,open,84,,47.923,40.02,39,0,40.609,9.562,12040,745104,731136,664632,9585761
8.114,open,84,,47.924,40.02,39,0,40.608,9.564,12040,731112,731136,651600,9598793
8.124,open,84,,47.924,40.02,39,0,40.608,9.563,14448,718080,731136,638568,9611825
8.134,open,84,,47.846,40.02,40,0,40.674,9.336,16856,707456,731136,625536,9623409
8.144,open,84,,47.845,40.02,40,0,40.675,9.336,16856,694424,731136,612504,9636441
8.154,open,84,,47.926,40.02,39,0,40.606,9.564,12040,683328,731136,603816,9646577
8.164,open,84,,47.925,40.02,39,0,40.607,9.563,14448,669336,731136,590784,9659609
8.174,open,84,,47.925,40.02,39,0,40.607,9.563,14448,656304,731136,577752,9672641
8.184,open,84,,47.844,40.02,40,0,40.676,9.336,16856,645680,731136,564720,9684225
8.194,open,84,,47.927,40.02,39,0,40.605,9.562,12040,634584,731136,556032,9694361
8.204,open,84,,47.929,40.02,39,0,40.604,9.564,12040,621552,731136,543000,9707393
8.215,open,84,,47.93,40.02,39,0,40.603,9.563,14448,608520,731136,529968,9720425
8.225,open,84,,47.847,40.02,40,0,40.674,9.334,16856,596936,731136,516936,9732009
8.235,open,84,,47.926,40.02,42,0,40.606,9.563,16856,586800,731136,503904,9742145
8.245,open,84,,47.923,40.02,39,0,40.608,9.563,12040,572808,731136,495216,9755177
8.255,open,84,,47.922,40.02,39,0,40.609,9.564,14448,559776,731136,482184,9768209
8.265,open,84,,47.841,40.02,40,0,40.678,9.335,16856,549152,731136,469152,9779793
8.275,open,84,,47.841,40.02,40,0,40.678,9.338,16856,535160,731136,456120,9792825
8.285,open,84,,47.922,40.02,39,0,40.61,9.564,12040,524064,731136,447432,9802961
8.295,open,84,,47.922,40.02,39,0,40.61,9.564,14448,511032,731136,434400,9815993
8.305,open,84,,47.921,40.02,39,0,40.611,9.563,14448,498000,731136,421368,9829025
8.315,open,84,,47.84,40.02,40,0,40.679,9.336,16856,751856,731136,668976,9840609
8.325,open,84,,47.922,40.02,39,0,40.609,9.564,12040,740760,731136,660288,9850745
8.336,open,84,,47.924,40.02,39,0,40.608,9.564,12040,726768,731136,647256,9863777
8.346,open,84,,47.924,40.02,39,0,40.608,9.564,14448,713736,731136,634224,9876809
8.356,open,84,,47.924,40.02,39,0,40.608,9.564,14448,700704,731136,621192,9889841
8.366,open,84,,47.843,40.02,40,0,40.676,9.337,16856,690080,731136,608160,9901425
8.376,open,84,,47.926,40.02,39,0,40.606,9.56,12040,678984,731136,599472,9911561
8.386,open,84,,47.941,40.02,39,0,40.594,9.547,12040,664992,731136,586440,9924593
8.396,open,84,,47.934,40.02,39,0,40.6,9.562,14448,651960,731136,573408,9937625
8.406,open,84,,47.848,40.02,40,0,40.673,9.336,16856,641336,731136,560376,9949209
8.416,open,84,,47.849,40.02,40,0,40.671,9.336,16856,628304,731136,547344,9962241
8.427,open,84,,47.927,40.02,39,0,40.605,9.564,12040,617208,731136,538656,9972377
8.437,open,84,,47.939,40.02,39,0,40.595,9.564,14448,603216,731136,525624,9985409
8.447,open,84,,47.945,40.02,39,0,40.59,9.547,14448,590184,731136,512592,9998441
8.457,open,84,,47.88,40.02,40,0,40.645,9.548,16856,579560,731136,499560,10010025
8.467,open,84,,47.941,40.02,39,0,40.593,9.549,12040,568464,731136,490872,10020161
8.477,open,84,,47.931,40.02,39,0,40.602,9.547,12040,555432,731136,477840,10033193
8.487,open,84,,47.926,40.02,39,0,40.606,9.548,14448,542400,731136,464808,10046225
8.497,open,84,,47.843,40.02,40,0,40.676,9.321,16856,530816,731136,451776,10057809
8.507,open,84,,47.924,40.02,39,0,40.608,9.551,16856,520680,731136,443088,10067945
8.517,open,84,,47.923,40.02,39,0,40.609,9.564,12040,506688,731136,430056,10080977
8.527,open,84,,47.923,40.02,39,0,40.608,9.564,14448,493656,731136,417024,10094009
8.538,open,84,,47.84,40.02,40,0,40.679,9.335,14448,747512,731136,664632,10105593
8.548,open,84,,47.84,40.02,40,0,40.679,9.336,16856,733520,731136,651600,10118625
8.558,open,84,,47.922,40.02,39,0,40.61,9.564,12040,722424,731136,642912,10128761
8.568,open,84,,47.922,40.02,39,0,40.609,9.563,14448,709392,731136,629880,10141793
8.578,open,84,,47.924,40.02,39,0,40.608,9.563,14448,696360,731136,616848,10154825
8.588,open,84,,47.845,40.02,40,0,40.675,9.338,16856,685736,731136,603816,10166409
8.598,open,84,,47.927,40.02,39,0,40.606,9.561,12040,674640,731136,595128,10176545
8.608,open,84,,47.929,40.02,39,0,40.604,9.564,12040,660648,731136,582096,10189577
8.618,open,84,,47.929,40.02,39,0,40.604,9.563,14448,647616,731136,569064,10202609
8.628,open,84,,47.841,40.02,40,0,40.678,9.336,16856,636992,731136,556032,10214193
8.638,open,84,,47.841,40.02,40,0,40.679,9.336,16856,623960,731136,543000,10227225
8.648,open,84,,47.924,40.02,39,0,40.608,9.564,12040,612864,731136,534312,10237361
8.659,open,84,,47.925,40.02,39,0,40.607,9.563,14448,598872,731136,521280,10250393
8.669,open,84,,47.926,40.02,39,0,40.606,9.565,14448,585840,731136,508248,10263425
8.679,open,84,,47.849,40.02,40,0,40.672,9.336,16856,575216,731136,495216,10275009
8.689,open,84,,47.931,40.02,39,0,40.602,9.562,16857,564120,731136,486528,10285145
8.699,open,84,,47.932,40.02,39,0,40.601,9.564,12040,551088,731136,473496,10298177
8.709,open,84,,47.928,40.02,39,0,40.605,9.564,14448,537096,731136,460464,10311209
8.719,open,84,,47.846,40.02,40,0,40.674,9.336,16856,526472,731136,447432,10322793
8.729,open,84,,47.845,40.02,40,0,40.675,9.337,16856,513440,731136,434400,10335825
8.739,open,84,,47.924,40.02,39,0,40.608,9.563,12040,502344,731136,425712,10345961
8.749,open,84,,47.921,40.02,39,0,40.61,9.564,14448,489312,731136,412680,10358993
8.759,open,84,,47.922,40.02,39,0,40.609,9.564,14448,740760,731136,660288,10372025
8.770,open,84,,47.841,40.02,40,0,40.679,9.336,16856,729176,731136,647256,10383609
8.780,open,84,,47.922,40.02,39,0,40.61,9.565,12040,718080,731136,638568,10393745
8.790,open,84,,47.924,40.02,39,0,40.608,9.564,12040,705048,731136,625536,10406777
8.800,open,84,,47.924,40.02,39,0,40.608,9.565,14448,692016,731136,612504,10419809
8.810,open,84,,47.844,40.02,40,0,40.676,9.336,16856,681392,731136,599472,10431393
8.820,open,84,,47.841,40.02,40,0,40.678,9.337,16856,667400,731136,586440,10444425
8.830,open,84,,47.923,40.02,39,0,40.609,9.564,12040,656304,731136,577752,10454561
8.840,open,84,,47.922,40.02,39,0,40.61,9.564,14448,643272,731136,564720,10467593
8.850,open,84,,47.923,40.02,39,0,40.609,9.564,14448,630240,731136,551688,10480625
8.860,open,84,,47.842,40.02,40,0,40.677,9.337,16856,619616,731136,538656,10492209
8.871,open,84,,47.916,40.02,39,0,40.615,9.563,12040,608520,731136,529968,10502345
8.881,open,84,,47.919,40.02,39,0,40.612,9.564,12040,594528,731136,516936,10515377
8.891,open,84,,47.924,40.02,39,0,40.608,9.563,14448,581496,731136,503904,10528409
8.901,open,84,,47.841,40.02,40,0,40.678,9.335,16856,570872,731136,490872,10539993
8.911,open,84,,47.84,40.02,40,0,40.68,9.336,16856,557840,731136,477840,10553025
8.921,open,84,,47.921,40.02,39,0,40.61,9.564,12040,546744,731136,469152,10563161
8.931,open,84,,47.921,40.02,39,0,40.61,9.564,14448,532752,731136,456120,10576193
8.941,open,84,,47.921,40.02,39,0,40.61,9.564,14448,519720,731136,443088,10589225
8.951,open,84,,47.84,40.02,40,0,40.679,9.338,16856,509096,731136,430056,10600809
8.961,open,84,,47.92,40.02,39,0,40.611,9.564,12040,498000,731136,421368,10610945
8.971,open,84,,47.921,40.02,39,0,40.611,9.564,12040,749448,731136,668976,10623977
8.981,open,84,,47.922,40.02,39,0,40.609,9.565,14448,735456,731136,655944,10637009
8.991,open,84,,47.841,40.02,40,0,40.678,9.336,16856,724832,731136,642912,10648593
9.002,open,84,,47.842,40.02,40,0,40.678,9.334,16856,711800,731136,629880,10661625
9.012,open,84,,47.919,40.02,39,0,40.612,9.564,12040,700704,731136,621192,10671761
9.022,open,84,,47.921,40.02,39,0,40.611,9.564,14448,687672,731136,608160,10684793
9.032,open,84,,47.92,40.02,39,0,40.612,9.563,14448,674640,731136,595128,10697825
9.042,open,84,,47.84,40.02,40,0,40.679,9.336,16856,663056,731136,582096,10709409
9.052,open,84,,47.92,40.02,39,0,40.611,9.564,12040,651960,731136,573408,10719545
9.062,open,84,,47.92,40.02,39,0,40.611,9.564,12040,638928,731136,560376,10732577
9.072,open,84,,47.922,40.02,39,0,40.609,9.563,14448,625896,731136,547344,10745609
9.082,open,84,,47.841,40.02,40,0,40.678,9.337,16856,615272,731136,534312,10757193
9.092,open,84,,47.84,40.02,40,0,40.679,9.336,16856,601280,731136,521280,10770225
9.102,open,84,,47.921,40.02,39,0,40.61,9.564,12040,590184,731136,512592,10780361
9.112,open,84,,47.921,40.02,39,0,40.61,9.564,14448,577152,731136,499560,10793393
9.122,open,84,,47.84,40.02,40,0,40.679,9.336,16856,566528,731136,486528,10804977
9.133,open,84,,47.84,40.02,40,0,40.679,9.337,16856,553496,731136,473496,10818009
9.143,open,84,,47.921,40.02,39,0,40.61,9.564,12040,542400,731136,464808,10828145
9.153,open,84,,47.922,40.02,39,0,40.609,9.564,14448,528408,731136,451776,10841177
9.163,open,84,,47.922,40.02,39,0,40.61,9.564,14448,515376,731136,438744,10854209
9.173,open,84,,47.841,40.02,40,0,40.678,9.336,16856,504752,731136,425712,10865793
9.183,open,84,,47.923,40.02,39,0,40.609,9.564,12040,493656,731136,417024,10875929
9.193,open,84,,47.923,40.02,39,0,40.609,9.564,12040,745104,731136,664632,10888961
9.203,open,84,,47.924,40.02,39,0,40.608,9.564,14448,731112,731136,651600,10901993
9.213,open,84,,47.843,40.02,40,0,40.676,9.336,16856,720488,731136,638568,10913577
9.223,open,84,,47.844,40.02,40,0,40.676,9.336,16856,707456,731136,625536,10926609
9.233,open,84,,47.926,40.02,39,0,40.606,9.563,12040,696360,731136,616848,10936745
9.244,open,84,,47.925,40.02,39,0,40.607,9.564,14448,683328,731136,603816,10949777
9.254,open,84,,47.927,40.02,39,0,40.605,9.563,14448,669336,731136,590784,10962809
9.264,open,84,,47.847,40.02,40,0,40.673,9.336,16856,658712,731136,577752,10974393
9.274,open,84,,47.928,40.02,39,0,40.604,9.563,12040,647616,731136,569064,10984529
9.284,open,84,,47.926,40.02,39,0,40.606,9.562,12040,634584,731136,556032,10997561
9.294,open,84,,47.922,40.02,39,0,40.609,9.563,14448,621552,731136,543000,11010593
9.304,open,84,,47.841,40.02,40,0,40.678,9.336,14448,608520,731136,529968,11022177
9.314,open,84,,47.841,40.02,40,0,40.678,9.336,16856,596936,731136,516936,11035209
9.324,open,84,,47.923,40.02,39,0,40.609,9.564,12040,585840,731136,508248,11045345
9.335,open,84,,47.922,40.02,39,0,40.609,9.565,12040,572808,731136,495216,11058377
9.345,open,84,,47.923,40.02,39,0,40.608,9.564,14448,559776,731136,482184,11071409
9.355,open,84,,47.842,40.02,40,0,40.677,9.336,16856,549152,731136,469152,11082993
9.365,open,84,,47.844,40.02,40,0,40.676,9.336,16856,535160,731136,456120,11096025
9.375,open,84,,47.924,40.02,39,0,40.608,9.564,12040,524064,731136,447432,11106161
9.385,open,84,,47.923,40.02,39,0,40.609,9.563,14448,511032,731136,434400,11119193
9.395,open,84,,47.833,40.02,40,0,40.685,9.336,14448,500408,731136,421368,11130777
9.405,open,84,,47.838,40.02,40,0,40.681,9.336,16856,751856,731136,668976,11143809
9.415,open,84,,47.92,40.02,39,0,40.611,9.564,12040,740760,731136,660288,11153945
9.425,open,84,,47.922,40.02,39,0,40.61,9.563,14448,726768,731136,647256,11166977
9.435,open,84,,47.922,40.02,39,0,40.61,9.565,14448,713736,731136,634224,11180009
9.445,open,84,,47.842,40.02,40,0,40.678,9.336,16856,703112,731136,621192,11191593
9.456,open,84,,47.922,40.02,39,0,40.609,9.564,12040,692016,731136,612504,11201729
9.466,open,84,,47.923,40.02,39,0,40.609,9.564,12040,678984,731136,599472,11214761
9.476,open,84,,47.923,40.02,39,0,40.609,9.564,14448,664992,731136,586440,11227793
9.486,open,84,,47.842,40.02,40,0,40.678,9.336,16856,654368,731136,573408,11239377
9.496,open,84,,47.841,40.02,40,0,40.678,9.336,16856,641336,731136,560376,11252409
9.506,open,84,,47.921,40.02,39,0,40.61,9.564,12040,630240,731136,551688,11262545
9.516,open,84,,47.922,40.02,39,0,40.61,9.564,14448,617208,731136,538656,11275577
9.526,open,84,,47.921,40.02,39,0,40.61,9.564,14448,603216,731136,525624,11288609
9.536,open,84,,47.841,40.02,40,0,40.679,9.337,16856,592592,731136,512592,11300193
9.546,open,84,,47.922,40.02,39,0,40.609,9.564,12040,581496,731136,503904,11310329
9.556,open,84,,47.922,40.02,39,0,40.61,9.564,12040,568464,731136,490872,11323361
9.566,open,84,,47.922,40.02,39,0,40.609,9.564,14448,555432,731136,477840,11336393
9.577,open,84,,47.843,40.02,40,0,40.676,9.336,16856,544808,731136,464808,11347977
9.587,open,84,,47.845,40.02,40,0,40.675,9.336,16856,530816,731136,451776,11361009
9.597,open,84,,47.931,40.02,39,0,40.602,9.563,12040,519720,731136,443088,11371145
9.607,open,84,,47.973,40.02,39,0,40.566,9.503,14448,506688,731136,430056,11384177
9.617,open,84,,47.954,40.02,39,0,40.583,9.562,14448,493656,731136,417024,11397209
9.627,open,84,,47.857,40.02,40,0,40.664,9.335,16856,747512,731136,664632,11408793
9.637,open,84,,47.933,40.02,39,0,40.6,9.564,12040,735456,731136,655944,11418929
9.647,open,84,,47.928,40.02,39,0,40.605,9.564,12040,722424,731136,642912,11431961
9.657,open,84,,47.926,40.02,39,0,40.606,9.564,14448,709392,731136,629880,11444993
9.667,open,84,,47.845,40.02,40,0,40.675,9.337,16856,698768,731136,616848,11456577
9.678,open,84,,47.844,40.02,40,0,40.676,9.337,16856,685736,731136,603816,11469609
9.688,open,84,,47.925,40.02,39,0,40.607,9.564,12040,674640,731136,595128,11479745
9.698,open,84,,47.925,40.02,39,0,40.607,9.564,14448,660648,731136,582096,11492777
9.708,open,84,,47.926,40.02,39,0,40.607,9.564,14448,647616,731136,569064,11505809
9.718,open,84,,47.845,40.02,40,0,40.675,9.336,16856,636992,731136,556032,11517393
9.728,open,84,,47.927,40.02,39,0,40.606,9.563,12040,625896,731136,547344,11527529
9.738,open,84,,47.931,40.02,39,0,40.602,9.564,12040,612864,731136,534312,11540561
9.748,open,84,,47.93,40.02,39,0,40.603,9.563,14448,598872,731136,521280,11553593
9.758,open,84,,47.852,40.02,40,0,40.669,9.336,16856,588248,731136,508248,11565177
9.768,open,84,,47.847,40.02,40,0,40.673,9.336,16856,575216,731136,495216,11578209
9.778,open,84,,47.926,40.02,39,0,40.607,9.563,12040,564120,731136,486528,11588345
9.789,open,84,,47.928,40.02,39,0,40.604,9.562,14448,551088,731136,473496,11601377
9.799,open,84,,47.927,40.02,39,0,40.606,9.564,14448,537096,731136,460464,11614409
9.809,open,84,,47.847,40.02,40,0,40.674,9.337,16856,526472,731136,447432,11625993
9.819,open,84,,47.926,40.02,39,0,40.606,9.564,12040,515376,731136,438744,11636129
9.829,open,84,,47.925,40.02,39,0,40.607,9.565,12040,502344,731136,425712,11649161
9.839,open,84,,47.923,40.02,39,0,40.608,9.564,14448,489312,731136,412680,11662193
9.849,open,84,,47.844,40.02,40,0,40.676,9.337,16856,743168,731136,660288,11673777
9.859,open,84,,47.844,40.02,40,0,40.676,9.337,16856,729176,731136,647256,11686809
9.869,open,84,,47.926,40.02,39,0,40.606,9.564,12040,718080,731136,638568,11696945
9.879,open,84,,47.927,40.02,39,0,40.605,9.564,14448,705048,731136,625536,11709977
9.890,open,84,,47.927,40.02,39,0,40.605,9.564,14448,692016,731136,612504,11723009
9.900,open,84,,47.849,40.02,40,0,40.672,9.336,16856,681392,731136,599472,11734593
9.910,open,84,,47.927,40.02,39,0,40.605,9.563,12040,669336,731136,590784,11744729
9.920,open,84,,47.926,40.02,39,0,40.606,9.563,12040,656304,731136,577752,11757761
9.930,open,84,,47.925,40.02,39,0,40.607,9.563,14448,643272,731136,564720,11770793
9.940,open,84,,47.865,40.02,40,0,40.658,9.335,16856,632648,731136,551688,11782377
9.950,open,84,,47.852,40.02,40,0,40.669,9.337,16856,619616,731136,538656,11795409
9.960,open,84,,47.927,40.02,39,0,40.605,9.564,12040,608520,731136,529968,11805545
9.970,open,84,,47.924,40.02,39,0,40.608,9.564,14448,594528,731136,516936,11818577
9.980,open,84,,47.97,40.02,39,0,40.569,9.531,14448,581496,731136,503904,11831609
9.990,open,84,,47.891,40.02,40,0,40.636,9.525,16856,570872,731136,490872,11843193
10.001,open,84,,47.949,40.02,39,0,40.587,9.525,12040,559776,731136,482184,11853329
10.011,open,84,,47.936,40.02,39,0,40.598,9.524,12040,546744,731136,469152,11866361
10.021,open,84,,47.935,40.02,39,0,40.599,9.52,14448,532752,731136,456120,11879393
10.031,open,84,,47.856,40.02,40,0,40.665,9.301,16856,522128,731136,443088,11890977
10.041,open,84,,47.854,40.02,40,0,40.668,9.336,16856,509096,731136,430056,11904009
10.051,open,84,,47.932,40.02,39,0,40.601,9.561,12040,498000,731136,421368,11914145
10.061,open,84,,47.934,40.02,39,0,40.6,9.562,14448,749448,731136,668976,11927177
10.071,open,84,,47.927,40.02,39,0,40.605,9.562,14448,735456,731136,655944,11940209
10.081,open,84,,47.844,40.02,40,0,40.676,9.333,16856,724832,731136,642912,11951793
10.091,open,84,,47.923,40.02,39,0,40.609,9.561,12040,713736,731136,634224,11961929
10.101,open,84,,47.922,40.02,39,0,40.609,9.562,12041,700704,731136,621192,11974961
10.111,open,84,,47.922,40.02,39,0,40.61,9.564,14448,687672,731136,608160,11987993
10.122,open,84,,47.841,40.02,40,0,40.678,9.336,16856,677048,731136,595128,11999577
10.132,open,84,,47.923,40.02,39,0,40.609,9.564,12040,664992,731136,586440,12009713
10.142,open,84,,47.923,40.02,39,0,40.609,9.564,12040,651960,731136,573408,12022745
10.152,open,84,,47.923,40.02,39,0,40.609,9.564,14448,638928,731136,560376,12035777
10.162,open,84,,47.841,40.02,40,0,40.678,9.336,16856,628304,731136,547344,12047361
10.172,open,84,,47.841,40.02,40,0,40.678,9.336,16856,615272,731136,534312,12060393
10.182,open,84,,47.922,40.02,39,0,40.61,9.564,12040,603216,731136,525624,12070529
10.192,open,84,,47.922,40.02,39,0,40.61,9.564,14448,590184,731136,512592,12083561
10.202,open,84,,47.922,40.02,39,0,40.61,9.564,14448,577152,731136,499560,12096593
10.212,open,84,,47.841,40.02,40,0,40.679,9.336,16856,566528,731136,486528,12108177
10.222,open,84,,47.922,40.02,39,0,40.61,9.564,12040,555432,731136,477840,12118313
10.232,open,84,,47.921,40.02,39,0,40.61,9.564,12040,542400,731136,464808,12131345
10.242,open,84,,47.92,40.02,39,0,40.611,9.563,14448,528408,731136,451776,12144377
10.252,open,84,,47.84,40.02,40,0,40.679,9.336,16856,517784,731136,438744,12155961
10.263,open,84,,47.84,40.02,40,0,40.679,9.336,16856,504752,731136,425712,12168993
10.273,open,84,,47.922,40.02,39,0,40.61,9.564,12040,493656,731136,417024,12179129
10.283,open,84,,47.922,40.02,39,0,40.61,9.564,14448,745104,731136,664632,12192161
10.293,open,84,,47.841,40.02,40,0,40.679,9.338,14448,733520,731136,651600,12203745
10.303,open,84,,47.841,40.02,40,0,40.679,9.336,16856,720488,731136,638568,12216777
10.313,open,84,,47.922,40.02,39,0,40.61,9.564,12040,709392,731136,629880,12226913
10.323,open,84,,47.923,40.02,39,0,40.609,9.563,12041,696360,731136,616848,12239945
10.333,open,84,,47.925,40.02,39,0,40.607,9.563,14448,683328,731136,603816,12252977
10.343,open,84,,47.851,40.02,40,0,40.67,9.336,16856,671744,731136,590784,12264561
10.353,open,84,,47.853,40.02,40,0,40.669,9.336,16856,658712,731136,577752,12277593
10.363,open,84,,47.932,40.02,39,0,40.601,9.562,12040,647616,731136,569064,12287729
10.374,open,84,,47.928,40.02,39,0,40.604,9.562,14448,634584,731136,556032,12300761
10.384,open,84,,47.845,40.02,40,0,40.675,9.335,14448,623960,731136,543000,12312345
10.394,open,84,,47.842,40.02,40,0,40.677,9.335,16856,610928,731136,529968,12325377
10.404,open,84,,47.922,40.02,39,0,40.61,9.563,12040,598872,731136,521280,12335513
10.414,open,84,,47.922,40.02,39,0,40.609,9.564,14448,585840,731136,508248,12348545
10.424,open,84,,47.922,40.02,39,0,40.61,9.565,14448,572808,731136,495216,12361577
10.434,open,84,,47.838,40.02,40,0,40.681,9.337,16856,562184,731136,482184,12373161
10.444,open,84,,47.921,40.02,39,0,40.611,9.565,12040,551088,731136,473496,12383297
10.454,open,84,,47.922,40.02,39,0,40.61,9.564,12040,537096,731136,460464,12396329
10.464,open,84,,47.922,40.02,39,0,40.61,9.564,14448,524064,731136,447432,12409361
10.474,open,84,,47.841,40.02,40,0,40.678,9.337,16856,513440,731136,434400,12420945
10.484,open,84,,47.843,40.02,40,0,40.677,9.336,16856,500408,731136,421368,12433977
10.494,open,84,,47.923,40.02,39,0,40.608,9.564,12040,489312,731136,412680,12444113
10.504,open,84,,47.923,40.02,39,0,40.609,9.564,14448,740760,731136,660288,12457145
10.515,open,84,,47.841,40.02,40,0,40.678,9.336,14448,729176,731136,647256,12468729
10.525,open,84,,47.903,40.02,40,0,40.626,9.336,16856,716144,731136,634224,12481761
10.535,open,84,,47.954,40.02,39,0,40.583,9.564,12040,705048,731136,625536,12491897
10.545,open,84,,47.994,40.02,39,0,40.548,9.563,12040,692016,731136,612504,12504929
10.555,open,84,,47.955,40.02,39,0,40.582,9.564,14448,678984,731136,599472,12517961
10.565,open,84,,47.858,40.02,40,0,40.664,9.337,16856,667400,731136,586440,12529545
10.575,open,84,,47.932,40.02,42,0,40.601,9.564,16856,654368,731136,573408,12539681
10.585,open,84,,47.931,40.02,39,0,40.602,9.564,12040,643272,731136,564720,12552713
10.595,open,84,,47.929,40.02,39,0,40.604,9.564,14448,630240,731136,551688,12565745
10.605,open,84,,47.849,40.02,40,0,40.672,9.336,14448,619616,731136,538656,12577329
10.615,open,84,,47.846,40.02,40,0,40.674,9.336,16856,605624,731136,525624,12590361
10.625,open,84,,47.925,40.02,39,0,40.607,9.562,12040,594528,731136,516936,12600497
10.635,open,84,,47.909,40.02,39,0,40.621,9.564,14448,581496,731136,503904,12613529
10.646,open,84,,47.915,40.02,39,0,40.615,9.564,14448,568464,731136,490872,12626561
10.656,open,84,,47.838,40.02,40,0,40.681,9.336,16856,557840,731136,477840,12638145
10.666,open,84,,47.921,40.02,39,0,40.61,9.564,12040,546744,731136,469152,12648281
10.676,open,84,,47.924,40.02,39,0,40.608,9.564,12040,532752,731136,456120,12661313
10.686,open,84,,47.924,40.02,39,0,40.608,9.563,14448,519720,731136,443088,12674345
10.696,open,84,,47.844,40.02,40,0,40.676,9.336,14448,509096,731136,430056,12685929
10.706,open,84,,47.852,40.02,40,0,40.669,9.336,16856,496064,731136,417024,12698961
10.716,open,84,,47.932,40.02,39,0,40.601,9.564,12040,749448,731136,668976,12709097
10.726,open,84,,47.929,40.02,39,0,40.604,9.563,14448,735456,731136,655944,12722129
10.736,open,84,,47.921,40.02,39,0,40.61,9.564,14448,722424,731136,642912,12735161
10.746,open,84,,47.841,40.02,40,0,40.678,9.336,16856,711800,731136,629880,12746745
10.756,open,84,,47.922,40.02,39,0,40.61,9.564,12040,700704,731136,621192,12756881
10.767,open,84,,47.913,40.02,39,0,40.617,9.564,12040,687672,731136,608160,12769913
10.777,open,84,,47.918,40.02,39,0,40.613,9.564,14448,674640,731136,595128,12782945
10.787,open,84,,47.838,40.02,40,0,40.681,9.337,16856,663056,731136,582096,12794529
10.797,open,84,,47.84,40.02,40,0,40.679,9.336,16856,650024,731136,569064,12807561
10.807,open,84,,47.921,40.02,39,0,40.61,9.564,12040,638928,731136,560376,12817697
10.817,open,84,,47.921,40.02,39,0,40.61,9.564,14448,625896,731136,547344,12830729
10.827,open,84,,47.921,40.02,39,0,40.61,9.564,14448,612864,731136,534312,12843761
10.837,open,84,,47.84,40.02,40,0,40.679,9.336,16856,601280,731136,521280,12855345
10.847,open,84,,47.922,40.02,39,0,40.609,9.563,12040,590184,731136,512592,12865481
10.857,open,84,,47.923,40.02,39,0,40.609,9.564,12040,577152,731136,499560,12878513
10.867,open,84,,47.925,40.02,39,0,40.607,9.559,14448,564120,731136,486528,12891545
10.877,open,84,,47.847,40.02,40,0,40.673,9.336,16856,553496,731136,473496,12903129
10.887,open,84,,47.931,40.02,39,0,40.602,9.56,12040,542400,731136,464808,12913265
10.897,open,84,,47.933,40.02,39,0,40.6,9.561,12040,528408,731136,451776,12926297
10.908,open,84,,47.933,40.02,39,0,40.6,9.56,14448,515376,731136,438744,12939329
10.918,open,84,,47.851,40.02,40,0,40.67,9.336,16856,504752,731136,425712,12950913
10.928,open,84,,47.851,40.02,40,0,40.67,9.336,16856,491720,731136,412680,12963945
10.938,open,84,,47.938,40.02,39,0,40.596,9.557,12040,745104,731136,664632,12974081
10.948,open,84,,47.948,40.02,39,0,40.588,9.556,14448,731112,731136,651600,12987113
10.958,open,84,,47.949,40.02,39,0,40.587,9.563,14448,718080,731136,638568,13000145
10.968,open,84,,47.87,40.02,40,0,40.654,9.336,16856,707456,731136,625536,13011729
10.978,open,84,,47.955,40.02,39,0,40.582,9.552,12040,696360,731136,616848,13021865
10.988,open,84,,47.94,40.02,39,0,40.594,9.564,12040,683328,731136,603816,13034897
10.998,open,84,,47.931,40.02,39,0,40.602,9.564,14448,669336,731136,590784,13047929
11.008,open,84,,47.846,40.02,40,0,40.674,9.336,16856,658712,731136,577752,13059513
11.018,open,84,,47.843,40.02,40,0,40.677,9.336,16856,645680,731136,564720,13072545
11.028,open,84,,47.923,40.02,39,0,40.609,9.564,12040,634584,731136,556032,13082681
11.038,open,84,,47.923,40.02,39,0,40.609,9.564,14448,621552,731136,543000,13095713
11.049,open,84,,47.921,40.02,39,0,40.61,9.564,14448,608520,731136,529968,13108745
11.059,open,84,,47.841,40.02,40,0,40.679,9.337,16856,596936,731136,516936,13120329
11.069,open,84,,47.924,40.02,39,0,40.608,9.564,12040,585840,731136,508248,13130465
11.079,open,84,,47.924,40.02,39,0,40.608,9.564,12040,572808,731136,495216,13143497
11.089,open,84,,47.916,40.02,39,0,40.614,9.564,14448,559776,731136,482184,13156529
11.099,open,84,,47.838,40.02,40,0,40.681,9.336,16856,549152,731136,469152,13168113
11.109,open,84,,47.841,40.02,40,0,40.678,9.336,16856,535160,731136,456120,13181145
11.119,open,84,,47.923,40.02,39,0,40.609,9.564,12040,524064,731136,447432,13191281
11.129,open,84,,47.923,40.02,39,0,40.609,9.564,14448,511032,731136,434400,13204313
11.140,open,84,,47.923,40.02,39,0,40.609,9.564,14448,498000,731136,421368,13217345
11.150,open,84,,47.841,40.02,40,0,40.678,9.336,16856,751856,731136,668976,13228929
11.160,open,84,,47.922,40.02,39,0,40.609,9.564,12040,740760,731136,660288,13239065
11.170,open,84,,47.923,40.02,39,0,40.609,9.564,12040,726768,731136,647256,13252097
11.180,open,84,,47.917,40.02,39,0,40.613,9.564,14448,713736,731136,634224,13265129
11.190,open,84,,47.84,40.02,40,0,40.679,9.336,16856,703112,731136,621192,13276713
11.200,open,84,,47.84,40.02,40,0,40.679,9.337,16856,690080,731136,608160,13289745
11.210,open,84,,47.921,40.02,39,0,40.61,9.564,12040,678984,731136,599472,13299881
11.220,open,84,,47.922,40.02,39,0,40.61,9.564,14448,664992,731136,586440,13312913
11.230,open,84,,47.923,40.02,39,0,40.609,9.564,14448,651960,731136,573408,13325945
11.241,open,84,,47.841,40.02,40,0,40.678,9.336,16856,641336,731136,560376,13337529
11.251,open,84,,47.923,40.02,39,0,40.608,9.562,12040,630240,731136,551688,13347665
11.261,open,84,,47.93,40.02,39,0,40.603,9.559,12040,617208,731136,538656,13360697
11.271,open,84,,47.932,40.02,39,0,40.601,9.56,14448,603216,731136,525624,13373729
11.281,open,84,,47.846,40.02,40,0,40.674,9.336,16856,592592,731136,512592,13385313
11.291,open,84,,47.844,40.02,40,0,40.676,9.336,16856,579560,731136,499560,13398345
11.301,open,84,,47.923,40.02,39,0,40.608,9.564,12040,568464,731136,490872,13408481
11.311,open,84,,47.923,40.02,39,0,40.609,9.564,14448,555432,731136,477840,13421513
11.321,open,84,,47.923,40.02,39,0,40.609,9.563,14448,542400,731136,464808,13434545
11.332,open,84,,47.842,40.02,40,0,40.678,9.336,16856,530816,731136,451776,13446129
11.342,open,84,,47.844,40.02,40,0,40.676,9.336,16856,517784,731136,438744,13459161
11.352,open,84,,47.923,40.02,39,0,40.608,9.564,12040,506688,731136,430056,13469297
11.362,open,84,,47.924,40.02,39,0,40.608,9.564,14448,493656,731136,417024,13482329
11.372,open,84,,47.922,40.02,39,0,40.609,9.564,14448,745104,731136,664632,13495361
11.382,open,84,,47.842,40.02,40,0,40.678,9.336,16856,733520,731136,651600,13506945
11.392,open,84,,47.922,40.02,39,0,40.61,9.564,12040,722424,731136,642912,13517081
11.402,open,84,,47.923,40.02,39,0,40.609,9.564,12040,709392,731136,629880,13530113
11.412,open,84,,47.922,40.02,39,0,40.609,9.564,14448,696360,731136,616848,13543145
11.423,open,84,,47.842,40.02,40,0,40.678,9.336,16856,685736,731136,603816,13554729
11.433,open,84,,47.841,40.02,40,0,40.678,9.336,16856,671744,731136,590784,13567761
11.443,open,84,,47.922,40.02,39,0,40.61,9.564,12040,660648,731136,582096,13577897
11.453,open,84,,47.923,40.02,39,0,40.609,9.564,14448,647616,731136,569064,13590929
11.463,open,84,,47.923,40.02,39,0,40.609,9.564,14448,634584,731136,556032,13603961
11.473,open,84,,47.857,40.02,40,0,40.665,9.336,16856,623960,731136,543000,13615545
11.483,open,84,,47.944,40.02,39,0,40.591,9.556,12040,612864,731136,534312,13625681
11.493,open,84,,47.95,40.02,39,0,40.586,9.56,12040,598872,731136,521280,13638713
11.503,open,84,,47.952,40.02,39,0,40.585,9.558,14448,585840,731136,508248,13651745
11.514,open,84,,47.862,40.02,40,0,40.66,9.336,16856,575216,731136,495216,13663329
11.524,open,84,,47.855,40.02,40,0,40.667,9.336,16856,562184,731136,482184,13676361
11.534,open,84,,47.935,40.02,39,0,40.598,9.564,12040,551088,731136,473496,13686497
11.544,open,84,,47.934,40.02,39,0,40.599,9.564,14448,537096,731136,460464,13699529
11.554,open,84,,47.93,40.02,39,0,40.603,9.564,14448,524064,731136,447432,13712561
11.564,open,84,,47.846,40.02,40,0,40.674,9.336,16856,513440,731136,434400,13724145
11.574,open,84,,47.929,40.02,42,0,40.604,9.565,16856,503304,731136,421368,13734281
11.584,open,84,,47.931,40.02,39,0,40.602,9.564,12040,489312,731136,412680,13747313
11.594,open,84,,47.93,40.02,39,0,40.603,9.562,14448,740760,731136,660288,13760345
11.605,open,84,,47.939,40.02,39,0,40.595,9.562,14448,726768,731136,647256,13773377
11.615,open,84,,47.855,40.02,40,0,40.667,9.336,16856,716144,731136,634224,13784961
11.625,open,84,,47.94,40.02,39,0,40.594,9.564,12040,705048,731136,625536,13795097
11.635,open,84,,47.934,40.02,39,0,40.599,9.564,12040,692016,731136,612504,13808129
11.645,open,84,,47.928,40.02,39,0,40.604,9.564,14448,678984,731136,599472,13821161
11.655,open,84,,47.841,40.02,40,0,40.678,9.337,16856,667400,731136,586440,13832745
11.665,open,84,,47.848,40.02,40,0,40.673,9.336,16856,654368,731136,573408,13845777
11.675,open,84,,47.924,40.02,39,0,40.608,9.562,12040,643272,731136,564720,13855913
11.685,open,84,,47.928,40.02,39,0,40.604,9.562,14448,630240,731136,551688,13868945
11.696,open,84,,47.926,40.02,39,0,40.606,9.562,14448,617208,731136,538656,13881977
11.706,open,84,,47.846,40.02,40,0,40.674,9.335,16856,605624,731136,525624,13893561
11.716,open,84,,47.926,40.02,39,0,40.606,9.562,12040,594528,731136,516936,13903697
11.726,open,84,,47.932,40.02,39,0,40.601,9.556,12040,581496,731136,503904,13916729
11.736,open,84,,47.93,40.02,39,0,40.603,9.564,14448,568464,731136,490872,13929761
11.746,open,84,,47.85,40.02,40,0,40.671,9.336,16856,557840,731136,477840,13941345
11.756,open,84,,47.849,40.02,40,0,40.671,9.336,16856,544808,731136,464808,13954377
11.766,open,84,,47.928,40.02,39,0,40.604,9.564,12040,532752,731136,456120,13964513
11.776,open,84,,47.927,40.02,39,0,40.606,9.564,14448,519720,731136,443088,13977545
11.787,open,84,,47.926,40.02,39,0,40.606,9.564,14448,506688,731136,430056,13990577
11.797,open,84,,47.846,40.02,40,0,40.674,9.337,16856,496064,731136,417024,14002161
11.807,open,84,,47.845,40.02,40,0,40.675,9.336,16856,747512,731136,664632,14015193
11.817,open,84,,47.928,40.02,39,0,40.605,9.564,12040,735456,731136,655944,14025329
11.827,open,84,,47.925,40.02,39,0,40.607,9.564,14448,722424,731136,642912,14038361
11.837,open,84,,47.926,40.02,39,0,40.606,9.563,14448,709392,731136,629880,14051393
11.847,open,84,,47.842,40.02,40,0,40.677,9.337,16856,698768,731136,616848,14062977
11.857,open,84,,47.925,40.02,39,0,40.607,9.564,12040,687672,731136,608160,14073113
11.867,open,84,,47.925,40.02,39,0,40.607,9.564,12040,674640,731136,595128,14086145
11.877,open,84,,47.93,40.02,39,0,40.603,9.561,14448,660648,731136,582096,14099177
11.888,open,84,,47.849,40.02,40,0,40.672,9.337,16856,650024,731136,569064,14110761
11.898,open,84,,47.931,40.02,42,0,40.602,9.563,16856,636992,731136,556032,14120897
11.908,open,84,,47.928,40.02,39,0,40.604,9.563,12040,625896,731136,547344,14133929
11.918,open,84,,47.925,40.02,39,0,40.607,9.564,14448,612864,731136,534312,14146961
11.928,open,84,,47.843,40.02,40,0,40.677,9.335,14448,598872,731136,521280,14158545
11.938,open,84,,47.843,40.02,40,0,40.677,9.337,16856,588248,731136,508248,14171577
11.948,open,84,,47.924,40.02,39,0,40.608,9.564,12040,577152,731136,499560,14181713
11.958,open,84,,47.923,40.02,39,0,40.609,9.564,12040,564120,731136,486528,14194745
11.968,open,84,,47.924,40.02,39,0,40.608,9.563,14448,551088,731136,473496,14207777
11.978,open,84,,47.842,40.02,40,0,40.678,9.338,16856,539504,731136,460464,14219361
11.988,open,84,,47.923,40.02,39,0,40.609,9.564,12040,528408,731136,451776,14229497
11.998,open,84,,47.923,40.02,39,0,40.609,9.564,12040,515376,731136,438744,14242529
12.009,open,84,,47.923,40.02,39,0,40.609,9.564,14448,502344,731136,425712,14255561
12.019,open,84,,47.841,40.02,40,0,40.678,9.336,16856,491720,731136,412680,14267145
12.029,open,84,,47.841,40.02,40,0,40.678,9.336,16856,743168,731136,660288,14280177
12.039,open,84,,47.923,40.02,39,0,40.609,9.564,12040,731112,731136,651600,14290313
12.049,open,84,,47.922,40.02,39,0,40.61,9.564,14448,718080,731136,638568,14303345
12.059,open,84,,47.929,40.02,39,0,40.604,9.56,14448,705048,731136,625536,14316377
12.069,open,84,,47.844,40.02,40,0,40.676,9.336,16856,694424,731136,612504,14327961
12.079,open,84,,47.924,40.02,39,0,40.608,9.564,12040,683328,731136,603816,14338097
12.089,open,84,,47.923,40.02,39,0,40.609,9.564,12040,669336,731136,590784,14351129
12.099,open,84,,47.924,40.02,39,0,40.608,9.564,14448,656304,731136,577752,14364161
12.109,open,84,,47.842,40.02,40,0,40.678,9.336,16856,645680,731136,564720,14375745
12.119,open,84,,47.842,40.02,40,0,40.678,9.336,16856,632648,731136,551688,14388777
12.130,open,84,,47.922,40.02,39,0,40.609,9.564,12040,621552,731136,543000,14398913
12.140,open,84,,47.922,40.02,39,0,40.61,9.564,14448,608520,731136,529968,14411945
12.150,open,84,,47.923,40.02,39,0,40.609,9.564,14448,594528,731136,516936,14424977
12.160,open,84,,47.841,40.02,40,0,40.678,9.336,16856,583904,731136,503904,14436561
12.170,open,84,,47.924,40.02,39,0,40.608,9.564,12040,572808,731136,495216,14446697
12.180,open,84,,47.925,40.02,39,0,40.607,9.563,12040,559776,731136,482184,14459729
12.190,open,84,,47.922,40.02,39,0,40.609,9.564,14448,546744,731136,469152,14472761
12.200,open,84,,47.841,40.02,40,0,40.678,9.336,16856,535160,731136,456120,14484345
12.210,open,84,,47.842,40.02,40,0,40.677,9.337,16856,522128,731136,443088,14497377
12.220,open,84,,47.922,40.02,39,0,40.609,9.564,12040,511032,731136,434400,14507513
12.230,open,84,,47.922,40.02,39,0,40.609,9.564,14448,498000,731136,421368,14520545
12.240,open,84,,47.842,40.02,40,0,40.678,9.336,14448,751856,731136,668976,14532129
12.250,open,84,,47.841,40.02,40,0,40.678,9.336,16856,737864,731136,655944,14545161
12.261,open,84,,47.922,40.02,39,0,40.61,9.564,12040,726768,731136,647256,14555297
12.271,open,84,,47.922,40.02,39,0,40.609,9.564,14448,713736,731136,634224,14568329
12.281,open,84,,47.923,40.02,39,0,40.609,9.563,14448,700704,731136,621192,14581361
12.291,open,84,,47.842,40.02,40,0,40.677,9.336,16856,690080,731136,608160,14592945
12.301,open,84,,47.923,40.02,39,0,40.609,9.564,12040,678984,731136,599472,14603081
12.311,open,84,,47.922,40.02,39,0,40.609,9.564,12040,664992,731136,586440,14616113
12.321,open,84,,47.923,40.02,39,0,40.609,9.564,14448,651960,731136,573408,14629145
12.331,open,84,,47.842,40.02,40,0,40.678,9.336,16856,641336,731136,560376,14640729
12.341,open,84,,47.843,40.02,40,0,40.677,9.336,16856,628304,731136,547344,14653761
12.351,open,84,,47.923,40.02,39,0,40.609,9.563,12040,617208,731136,538656,14663897
12.361,open,84,,47.923,40.02,39,0,40.609,9.564,14448,603216,731136,525624,14676929
12.371,open,84,,47.923,40.02,39,0,40.609,9.564,14448,590184,731136,512592,14689961
12.381,open,84,,47.841,40.02,40,0,40.678,9.336,16856,579560,731136,499560,14701545
12.392,open,84,,47.923,40.02,39,0,40.609,9.564,12040,568464,731136,490872,14711681
12.402,open,84,,47.926,40.02,39,0,40.606,9.564,12040,555432,731136,477840,14724713
12.412,open,84,,47.924,40.02,39,0,40.608,9.564,14448,542400,731136,464808,14737745
12.422,open,84,,47.843,40.02,40,0,40.677,9.336,16856,530816,731136,451776,14749329
12.432,open,84,,47.841,40.02,40,0,40.678,9.336,16856,517784,731136,438744,14762361
12.442,open,84,,47.922,40.02,39,0,40.609,9.564,12040,506688,731136,430056,14772497
12.452,open,84,,47.922,40.02,39,0,40.61,9.564,14448,493656,731136,417024,14785529
12.462,open,84,,47.923,40.02,39,0,40.609,9.563,14448,745104,731136,664632,14798561
12.472,open,84,,47.842,40.02,40,0,40.678,9.336,16856,733520,731136,651600,14810145
12.482,open,84,,47.923,40.02,39,0,40.609,9.564,12040,722424,731136,642912,14820281
12.492,open,84,,47.922,40.02,39,0,40.609,9.564,12040,709392,731136,629880,14833313
12.502,open,84,,47.924,40.02,39,0,40.608,9.564,14448,696360,731136,616848,14846345
12.512,open,84,,47.842,40.02,40,0,40.677,9.336,16856,685736,731136,603816,14857929
12.522,open,84,,47.923,40.02,39,0,40.609,9.564,12040,674640,731136,595128,14868065
12.533,open,84,,47.922,40.02,39,0,40.61,9.563,12040,660648,731136,582096,14881097
12.543,open,84,,47.925,40.02,39,0,40.607,9.562,14448,647616,731136,569064,14894129
12.553,open,84,,47.846,40.02,40,0,40.674,9.336,16856,636992,731136,556032,14905713
12.563,open,84,,47.856,40.02,40,0,40.665,9.336,16856,623960,731136,543000,14918745
12.573,open,84,,47.942,40.02,39,0,40.593,9.561,12040,612864,731136,534312,14928881
12.583,open,84,,47.94,40.02,39,0,40.594,9.562,12040,598872,731136,521280,14941913
12.593,open,84,,47.932,40.02,39,0,40.601,9.559,14448,585840,731136,508248,14954945
12.603,open,84,,47.847,40.02,40,0,40.673,9.336,16856,575216,731136,495216,14966529
12.613,open,84,,47.933,40.02,42,0,40.6,9.563,16856,565080,731136,482184,14976665
12.624,open,84,,47.924,40.02,39,0,40.608,9.56,12040,551088,731136,473496,14989697
12.634,open,84,,47.922,40.02,39,0,40.61,9.564,14448,537096,731136,460464,15002729
12.644,open,84,,47.92,40.02,39,0,40.611,9.566,14448,524064,731136,447432,15015761
12.654,open,84,,47.843,40.02,40,0,40.677,9.336,16856,513440,731136,434400,15027345
12.664,open,84,,47.922,40.02,39,0,40.61,9.565,12040,502344,731136,425712,15037481
12.674,open,84,,47.922,40.02,39,0,40.609,9.564,12040,489312,731136,412680,15050513
12.684,open,84,,47.922,40.02,39,0,40.609,9.565,14448,740760,731136,660288,15063545
12.694,open,84,,47.842,40.02,40,0,40.678,9.338,16856,729176,731136,647256,15075129
12.704,open,84,,47.922,40.02,42,0,40.61,9.564,16856,719040,731136,634224,15085265
12.714,open,84,,47.913,40.02,39,0,40.617,9.564,12040,705048,731136,625536,15098297
12.724,open,84,,47.918,40.02,39,0,40.613,9.564,14448,692016,731136,612504,15111329
12.734,open,84,,47.84,40.02,40,0,40.679,9.336,16856,681392,731136,599472,15122913
12.745,open,84,,47.841,40.02,40,0,40.679,9.336,16856,667400,731136,586440,15135945
12.755,open,84,,47.925,40.02,39,0,40.607,9.56,12040,656304,731136,577752,15146081
12.765,open,84,,47.934,40.02,39,0,40.6,9.56,14448,643272,731136,564720,15159113
12.775,open,84,,47.943,40.02,39,0,40.592,9.545,14448,630240,731136,551688,15172145
12.785,open,84,,47.859,40.02,40,0,40.663,9.336,16856,619616,731136,538656,15183729
12.795,open,84,,47.948,40.02,39,0,40.588,9.56,12040,608520,731136,529968,15193865
12.805,open,84,,47.946,40.02,39,0,40.589,9.563,12040,594528,731136,516936,15206897
12.815,open,84,,47.939,40.02,39,0,40.595,9.564,14448,581496,731136,503904,15219929
12.825,open,84,,47.855,40.02,40,0,40.667,9.336,16856,570872,731136,490872,15231513
12.835,open,84,,47.852,40.02,40,0,40.669,9.336,16856,557840,731136,477840,15244545
12.845,open,84,,47.934,40.02,39,0,40.599,9.564,12040,546744,731136,469152,15254681
12.855,open,84,,47.935,40.02,39,0,40.599,9.564,14448,532752,731136,456120,15267713
12.865,open,84,,47.934,40.02,39,0,40.6,9.564,14448,519720,731136,443088,15280745
12.875,open,84,,47.851,40.02,40,0,40.67,9.336,16856,509096,731136,430056,15292329
12.886,open,84,,47.939,40.02,39,0,40.595,9.561,12040,498000,731136,421368,15302465
12.896,open,84,,47.935,40.02,39,0,40.599,9.564,12040,749448,731136,668976,15315497
12.906,open,84,,47.948,40.02,39,0,40.588,9.56,14448,735456,731136,655944,15328529
12.916,open,84,,47.872,40.02,40,0,40.652,9.336,16856,724832,731136,642912,15340113
12.926,open,84,,47.941,40.02,39,0,40.593,9.563,12040,713736,731136,634224,15350249
12.936,open,84,,47.941,40.02,39,0,40.594,9.564,12040,700704,731136,621192,15363281
12.946,open,84,,47.937,40.02,39,0,40.597,9.564,14448,687672,731136,608160,15376313
12.956,open,84,,47.853,40.02,40,0,40.668,9.336,16856,677048,731136,595128,15387897
12.966,open,84,,47.852,40.02,40,0,40.669,9.336,16856,663056,731136,582096,15400929
12.976,open,84,,47.934,40.02,39,0,40.6,9.564,12040,651960,731136,573408,15411065
12.986,open,84,,47.934,40.02,39,0,40.6,9.564,14448,638928,731136,560376,15424097
12.996,open,84,,47.936,40.02,39,0,40.598,9.563,14448,625896,731136,547344,15437129
13.006,open,84,,47.849,40.02,40,0,40.672,9.336,16856,615272,731136,534312,15448713
13.016,open,84,,47.928,40.02,39,0,40.605,9.564,12040,603216,731136,525624,15458849
13.027,open,84,,47.924,40.02,39,0,40.608,9.563,12040,590184,731136,512592,15471881
13.037,open,84,,47.922,40.02,39,0,40.609,9.563,14448,577152,731136,499560,15484913
13.047,open,84,,47.842,40.02,40,0,40.678,9.336,16856,566528,731136,486528,15496497
13.057,open,84,,47.842,40.02,40,0,40.678,9.336,16856,553496,731136,473496,15509529
13.067,open,84,,47.924,40.02,39,0,40.608,9.564,12040,542400,731136,464808,15519665
13.077,open,84,,47.923,40.02,39,0,40.609,9.564,14448,528408,731136,451776,15532697
13.087,open,84,,47.842,40.02,40,0,40.678,9.337,14448,517784,731136,438744,15544281
13.097,open,84,,47.841,40.02,40,0,40.679,9.336,16856,504752,731136,425712,15557313
13.107,open,84,,47.922,40.02,39,0,40.61,9.564,12040,493656,731136,417024,15567449
13.117,open,84,,47.922,40.02,39,0,40.61,9.564,14448,745104,731136,664632,15580481
13.127,open,84,,47.922,40.02,39,0,40.61,9.564,14448,731112,731136,651600,15593513
13.137,open,84,,47.842,40.02,40,0,40.677,9.337,16856,720488,731136,638568,15605097
13.147,open,84,,47.924,40.02,39,0,40.608,9.564,12040,709392,731136,629880,15615233
13.158,open,84,,47.924,40.02,39,0,40.608,9.564,12040,696360,731136,616848,15628265
13.168,open,84,,47.923,40.02,39,0,40.609,9.564,14448,683328,731136,603816,15641297
13.178,open,84,,47.841,40.02,40,0,40.678,9.336,16856,671744,731136,590784,15652881
13.188,open,84,,47.842,40.02,40,0,40.678,9.336,16856,658712,731136,577752,15665913
13.198,open,84,,47.923,40.02,39,0,40.609,9.564,12040,647616,731136,569064,15676049
13.208,open,84,,47.923,40.02,39,0,40.609,9.564,14448,634584,731136,556032,15689081
13.218,open,84,,47.922,40.02,39,0,40.61,9.564,14448,621552,731136,543000,15702113
13.228,open,84,,47.841,40.02,40,0,40.678,9.336,16856,610928,731136,529968,15713697
13.238,open,84,,47.922,40.02,39,0,40.609,9.564,12040,598872,731136,521280,15723833
13.248,open,84,,47.921,40.02,39,0,40.611,9.563,12040,585840,731136,508248,15736865
13.258,open,84,,47.922,40.02,39,0,40.61,9.564,14448,572808,731136,495216,15749897
13.268,open,84,,47.841,40.02,40,0,40.679,9.337,16856,562184,731136,482184,15761481
13.278,open,84,,47.841,40.02,40,0,40.678,9.336,16856,549152,731136,469152,15774513
13.289,open,84,,47.923,40.02,39,0,40.609,9.564,12040,537096,731136,460464,15784649
13.299,open,84,,47.922,40.02,39,0,40.609,9.564,14448,524064,731136,447432,15797681
13.309,open,84,,47.923,40.02,39,0,40.609,9.563,14448,511032,731136,434400,15810713
13.319,open,84,,47.843,40.02,40,0,40.677,9.336,16856,500408,731136,421368,15822297
13.329,open,84,,47.924,40.02,39,0,40.608,9.564,12040,489312,731136,412680,15832433
13.339,open,84,,47.923,40.02,39,0,40.609,9.564,12040,740760,731136,660288,15845465
13.349,open,84,,47.923,40.02,39,0,40.609,9.562,14448,726768,731136,647256,15858497
13.359,open,84,,47.842,40.02,40,0,40.677,9.336,16856,716144,731136,634224,15870081
13.369,open,84,,47.924,40.02,39,0,40.608,9.564,16856,706008,731136,625536,15880217
13.379,open,84,,47.923,40.02,39,0,40.609,9.564,12040,692016,731136,612504,15893249
13.389,open,84,,47.923,40.02,39,0,40.609,9.564,14448,678984,731136,599472,15906281
13.399,open,84,,47.842,40.02,40,0,40.678,9.336,16856,667400,731136,586440,15917865
13.410,open,84,,47.843,40.02,40,0,40.677,9.336,16856,654368,731136,573408,15930897
13.420,open,84,,47.924,40.02,39,0,40.608,9.564,12040,643272,731136,564720,15941033
13.430,open,84,,47.924,40.02,39,0,40.608,9.564,14448,630240,731136,551688,15954065
13.440,open,84,,47.923,40.02,39,0,40.609,9.564,14448,617208,731136,538656,15967097
13.450,open,84,,47.842,40.02,40,0,40.678,9.336,16856,605624,731136,525624,15978681
13.460,open,84,,47.923,40.02,39,0,40.609,9.564,12040,594528,731136,516936,15988817
13.470,open,84,,47.923,40.02,39,0,40.609,9.564,12040,581496,731136,503904,16001849
13.480,open,84,,47.922,40.02,39,0,40.609,9.564,14448,568464,731136,490872,16014881
13.490,open,84,,47.842,40.02,40,0,40.677,9.336,16856,557840,731136,477840,16026465
13.500,open,84,,47.841,40.02,40,0,40.678,9.336,16856,544808,731136,464808,16039497
13.510,open,84,,47.923,40.02,39,0,40.609,9.564,12040,532752,731136,456120,16049633
13.520,open,84,,47.926,40.02,39,0,40.606,9.559,14448,519720,731136,443088,16062665
13.530,open,84,,47.925,40.02,39,0,40.607,9.563,14448,506688,731136,430056,16075697
13.540,open,84,,47.842,40.02,40,0,40.677,9.336,16856,496064,731136,417024,16087281
13.551,open,84,,47.923,40.02,39,0,40.609,9.564,12040,749448,731136,668976,16097417
13.561,open,84,,47.923,40.02,39,0,40.609,9.564,12040,735456,731136,655944,16110449
13.571,open,84,,47.923,40.02,39,0,40.609,9.564,14448,722424,731136,642912,16123481
13.581,open,84,,47.843,40.02,40,0,40.677,9.336,16856,711800,731136,629880,16135065
13.591,open,84,,47.853,40.02,40,0,40.668,9.336,16856,698768,731136,616848,16148097
13.601,open,84,,47.931,40.02,39,0,40.602,9.559,12040,687672,731136,608160,16158233
13.611,open,84,,47.948,40.02,39,0,40.588,9.562,12040,674640,731136,595128,16171265
13.622,open,84,,47.934,40.02,39,0,40.599,9.563,14448,660648,731136,582096,16184297
13.632,open,84,,47.875,40.02,40,0,40.649,9.334,16856,650024,731136,569064,16195881
13.642,open,84,,47.92,40.02,42,0,40.611,9.57,16856,639888,731136,556032,16206017
13.652,open,84,,47.925,40.02,39,0,40.607,9.564,12040,625896,731136,547344,16219049
13.662,open,84,,47.924,40.02,39,0,40.608,9.564,14448,612864,731136,534312,16232081
13.672,open,84,,47.843,40.02,40,0,40.677,9.337,14448,601280,731136,521280,16243665
13.682,open,84,,47.843,40.02,40,0,40.677,9.339,16856,588248,731136,508248,16256697
13.692,open,84,,47.925,40.02,39,0,40.607,9.564,12040,577152,731136,499560,16266833
13.702,open,84,,47.918,40.02,39,0,40.613,9.564,12040,564120,731136,486528,16279865
13.712,open,84,,47.922,40.02,39,0,40.61,9.564,14448,551088,731136,473496,16292897
13.723,open,84,,47.843,40.02,40,0,40.677,9.335,16856,539504,731136,460464,16304481
13.733,open,84,,47.844,40.02,40,0,40.675,9.336,16856,526472,731136,447432,16317513
13.743,open,84,,47.927,40.02,39,0,40.605,9.563,12040,515376,731136,438744,16327649
13.753,open,84,,47.931,40.02,39,0,40.602,9.563,14448,502344,731136,425712,16340681
13.763,open,84,,47.927,40.02,39,0,40.606,9.564,14448,489312,731136,412680,16353713
13.773,open,84,,47.845,40.02,40,0,40.675,9.336,16856,743168,731136,660288,16365297
13.783,open,84,,47.928,40.02,39,0,40.605,9.564,12040,731112,731136,651600,16375433
13.793,open,84,,47.927,40.02,39,0,40.605,9.564,12040,718080,731136,638568,16388465
13.803,open,84,,47.925,40.02,39,0,40.607,9.564,14448,705048,731136,625536,16401497
13.813,open,84,,47.847,40.02,40,0,40.673,9.337,16856,694424,731136,612504,16413081
13.824,open,84,,47.845,40.02,40,0,40.675,9.337,16856,681392,731136,599472,16426113
13.834,open,84,,47.925,40.02,39,0,40.607,9.564,12040,669336,731136,590784,16436249
13.844,open,84,,47.923,40.02,39,0,40.609,9.564,14448,656304,731136,577752,16449281
13.854,open,84,,47.93,40.02,39,0,40.602,9.564,14448,643272,731136,564720,16462313
13.864,open,84,,47.849,40.02,40,0,40.671,9.337,16856,632648,731136,551688,16473897
13.874,open,84,,47.934,40.02,39,0,40.599,9.563,12040,621552,731136,543000,16484033
13.884,open,84,,47.931,40.02,39,0,40.602,9.564,12040,608520,731136,529968,16497065
13.894,open,84,,47.929,40.02,39,0,40.604,9.562,14448,594528,731136,516936,16510097
13.904,open,84,,47.842,40.02,40,0,40.678,9.336,16856,583904,731136,503904,16521681
13.914,open,84,,47.842,40.02,40,0,40.677,9.336,16856,570872,731136,490872,16534713
13.925,open,84,,47.923,40.02,39,0,40.608,9.564,12040,559776,731136,482184,16544849
13.935,open,84,,47.955,40.02,39,0,40.581,9.564,14448,546744,731136,469152,16557881
13.945,open,84,,47.938,40.02,39,0,40.596,9.564,14448,532752,731136,456120,16570913
13.955,open,84,,47.85,40.02,40,0,40.671,9.337,16856,522128,731136,443088,16582497
13.965,open,84,,47.926,40.02,39,0,40.606,9.564,12040,511032,731136,434400,16592633
13.975,open,84,,47.923,40.02,39,0,40.608,9.564,12040,498000,731136,421368,16605665
13.985,open,84,,47.923,40.02,39,0,40.609,9.564,14448,749448,731136,668976,16618697
13.995,open,84,,47.841,40.02,40,0,40.678,9.336,16856,737864,731136,655944,16630281
14.005,open,84,,47.842,40.02,40,0,40.677,9.336,16856,724832,731136,642912,16643313
14.015,open,84,,47.923,40.02,39,0,40.609,9.564,12040,713736,731136,634224,16653449
14.025,open,84,,47.922,40.02,39,0,40.609,9.564,14448,700704,731136,621192,16666481
14.035,open,84,,47.841,40.02,40,0,40.678,9.336,14448,690080,731136,608160,16678065
14.046,open,84,,47.843,40.02,40,0,40.676,9.336,16856,677048,731136,595128,16691097
14.056,open,84,,47.936,40.02,39,0,40.598,9.546,12040,664992,731136,586440,16701233
14.066,open,84,,47.934,40.02,39,0,40.6,9.56,12040,651960,731136,573408,16714265
14.076,open,84,,47.945,40.02,39,0,40.591,9.545,14448,638928,731136,560376,16727297
14.086,open,84,,47.857,40.02,40,0,40.665,9.336,16856,628304,731136,547344,16738881
14.096,open,84,,47.861,40.02,40,0,40.661,9.336,16856,615272,731136,534312,16751913
14.106,open,84,,47.946,40.02,39,0,40.589,9.564,12040,603216,731136,525624,16762049
14.116,open,84,,47.937,40.02,39,0,40.597,9.564,14448,590184,731136,512592,16775081
14.126,open,84,,47.928,40.02,39,0,40.604,9.564,14448,577152,731136,499560,16788113
14.136,open,84,,47.845,40.02,40,0,40.675,9.336,16856,566528,731136,486528,16799697
14.147,open,84,,47.923,40.02,39,0,40.609,9.564,12040,555432,731136,477840,16809833
14.157,open,84,,47.923,40.02,39,0,40.609,9.564,12040,542400,731136,464808,16822865
14.167,open,84,,47.922,40.02,39,0,40.61,9.564,14448,528408,731136,451776,16835897
14.177,open,84,,47.841,40.02,40,0,40.678,9.336,16856,517784,731136,438744,16847481
14.187,open,84,,47.841,40.02,40,0,40.679,9.337,16856,504752,731136,425712,16860513
14.197,open,84,,47.922,40.02,39,0,40.61,9.564,12040,493656,731136,417024,16870649
14.207,open,84,,47.921,40.02,39,0,40.61,9.564,14448,745104,731136,664632,16883681
14.217,open,84,,47.921,40.02,39,0,40.61,9.564,14448,731112,731136,651600,16896713
14.227,open,84,,47.854,40.02,40,0,40.667,9.336,16856,720488,731136,638568,16908297
14.237,open,84,,47.935,40.02,39,0,40.598,9.559,12040,709392,731136,629880,16918433
14.247,open,84,,47.935,40.02,39,0,40.599,9.56,12040,696360,731136,616848,16931465
14.258,open,84,,47.932,40.02,39,0,40.601,9.564,14448,683328,731136,603816,16944497
14.268,open,84,,47.846,40.02,40,0,40.674,9.336,16856,671744,731136,590784,16956081
14.278,open,84,,47.843,40.02,40,0,40.677,9.337,16856,658712,731136,577752,16969113
14.288,open,84,,47.923,40.02,39,0,40.609,9.564,12040,647616,731136,569064,16979249
14.298,open,84,,47.922,40.02,39,0,40.61,9.564,14448,634584,731136,556032,16992281
14.308,open,84,,47.841,40.02,40,0,40.678,9.336,16856,623960,731136,543000,17003865
14.318,open,84,,47.84,40.02,40,0,40.679,9.336,16856,610928,731136,529968,17016897
14.328,open,84,,47.922,40.02,39,0,40.609,9.563,12040,598872,731136,521280,17027033
14.338,open,84,,47.921,40.02,39,0,40.61,9.564,14448,585840,731136,508248,17040065
14.348,open,84,,47.922,40.02,39,0,40.609,9.564,14448,572808,731136,495216,17053097
14.358,open,84,,47.841,40.02,40,0,40.679,9.336,16856,562184,731136,482184,17064681
14.368,open,84,,47.93,40.02,39,0,40.603,9.559,12040,551088,731136,473496,17074817
14.378,open,84,,47.928,40.02,39,0,40.605,9.564,12040,537096,731136,460464,17087849
14.388,open,84,,47.925,40.02,39,0,40.607,9.563,14448,524064,731136,447432,17100881
14.399,open,84,,47.842,40.02,40,0,40.677,9.336,16856,513440,731136,434400,17112465
14.409,open,84,,47.842,40.02,40,0,40.677,9.336,16856,500408,731136,421368,17125497
14.419,open,84,,47.923,40.02,39,0,40.609,9.564,12040,489312,731136,412680,17135633
14.429,open,84,,47.922,40.02,39,0,40.609,9.564,14448,740760,731136,660288,17148665
14.439,open,84,,47.922,40.02,39,0,40.61,9.564,14448,726768,731136,647256,17161697
14.449,open,84,,47.841,40.02,40,0,40.679,9.336,16856,716144,731136,634224,17173281
14.459,open,84,,47.922,40.02,39,0,40.61,9.564,12040,705048,731136,625536,17183417
14.469,open,84,,47.923,40.02,39,0,40.609,9.564,12040,692016,731136,612504,17196449
14.479,open,84,,47.922,40.02,39,0,40.609,9.564,14448,678984,731136,599472,17209481
14.489,open,84,,47.841,40.02,40,0,40.678,9.336,16856,667400,731136,586440,17221065
14.499,open,84,,47.921,40.02,39,0,40.61,9.564,14937,656304,731136,577752,17231201
14.509,open,84,,47.922,40.02,39,0,40.609,9.564,12040,643272,731136,564720,17244233
14.519,open,84,,47.921,40.02,39,0,40.611,9.564,14448,630240,731136,551688,17257265
14.529,open,84,,47.84,40.02,40,0,40.679,9.336,16856,619616,731136,538656,17268849
14.539,open,84,,47.84,40.02,40,0,40.679,9.336,16856,605624,731136,525624,17281881
14.550,open,84,,47.921,40.02,39,0,40.61,9.564,12040,594528,731136,516936,17292017
14.560,open,84,,47.922,40.02,39,0,40.609,9.564,14448,581496,731136,503904,17305049
14.570,open,84,,47.916,40.02,39,0,40.615,9.564,14448,568464,731136,490872,17318081
14.580,open,84,,47.837,40.02,40,0,40.682,9.336,16856,557840,731136,477840,17329665
14.590,open,84,,47.922,40.02,39,0,40.609,9.564,12040,546744,731136,469152,17339801
14.600,open,84,,47.948,40.02,39,0,40.587,9.554,12040,532752,731136,456120,17352833
14.610,open,84,,47.939,40.02,39,0,40.596,9.55,14448,519720,731136,443088,17365865
14.620,open,84,,47.852,40.02,40,0,40.669,9.552,16856,509096,731136,430056,17377449
14.630,open,84,,47.846,40.02,40,0,40.674,9.551,16856,496064,731136,417024,17390481
14.640,open,84,,47.95,40.02,39,0,40.586,9.548,12040,749448,731136,668976,17400617
14.650,open,84,,47.936,40.02,39,0,40.598,9.549,14448,735456,731136,655944,17413649
14.661,open,84,,47.929,40.02,39,0,40.604,9.56,14448,722424,731136,642912,17426681
14.671,open,84,,47.845,40.02,40,0,40.675,9.332,16856,711800,731136,629880,17438265
14.681,open,84,,47.924,40.02,39,0,40.608,9.56,12040,700704,731136,621192,17448401
14.691,open,84,,47.923,40.02,39,0,40.609,9.56,12040,687672,731136,608160,17461433
14.701,open,84,,47.923,40.02,39,0,40.609,9.563,14448,674640,731136,595128,17474465
14.711,open,84,,47.841,40.02,40,0,40.678,9.336,16856,663056,731136,582096,17486049
14.721,open,84,,47.841,40.02,40,0,40.678,9.337,16856,650024,731136,569064,17499081
14.731,open,84,,47.922,40.02,39,0,40.61,9.564,12040,638928,731136,560376,17509217
14.741,open,84,,47.922,40.02,39,0,40.61,9.564,14448,625896,731136,547344,17522249
14.751,open,84,,47.922,40.02,39,0,40.609,9.564,14448,612864,731136,534312,17535281
14.761,open,84,,47.841,40.02,40,0,40.678,9.336,16856,601280,731136,521280,17546865
14.771,open,84,,47.922,40.02,39,0,40.609,9.564,12040,590184,731136,512592,17557001
14.782,open,84,,47.923,40.02,39,0,40.608,9.564,12040,577152,731136,499560,17570033
14.792,open,84,,47.923,40.02,39,0,40.609,9.564,14448,564120,731136,486528,17583065
14.802,open,84,,47.841,40.02,40,0,40.678,9.336,16856,553496,731136,473496,17594649
14.812,open,84,,47.923,40.02,39,0,40.609,9.563,12040,542400,731136,464808,17604785
14.822,open,84,,47.923,40.02,39,0,40.609,9.564,12040,528408,731136,451776,17617817
14.832,open,84,,47.922,40.02,39,0,40.609,9.564,14448,515376,731136,438744,17630849
14.842,open,84,,47.841,40.02,40,0,40.678,9.336,16856,504752,731136,425712,17642433
14.852,open,84,,47.841,40.02,40,0,40.679,9.336,16856,491720,731136,412680,17655465
14.862,open,84,,47.922,40.02,39,0,40.609,9.564,12040,745104,731136,664632,17665601
14.872,open,84,,47.922,40.02,39,0,40.609,9.564,14448,731112,731136,651600,17678633
14.882,open,84,,47.922,40.02,39,0,40.61,9.564,14448,718080,731136,638568,17691665
14.892,open,84,,47.841,40.02,40,0,40.679,9.336,16856,707456,731136,625536,17703249
14.902,open,84,,47.922,40.02,39,0,40.61,9.564,12040,696360,731136,616848,17713385
14.912,open,84,,47.921,40.02,39,0,40.611,9.564,12040,683328,731136,603816,17726417
14.923,open,84,,47.921,40.02,39,0,40.61,9.564,14448,669336,731136,590784,17739449
14.933,open,84,,47.841,40.02,40,0,40.679,9.336,16856,658712,731136,577752,17751033
14.943,open,84,,47.845,40.02,40,0,40.675,9.337,16856,645680,731136,564720,17764065
14.953,open,84,,47.926,40.02,39,0,40.606,9.564,12040,634584,731136,556032,17774201
14.963,open,84,,47.928,40.02,39,0,40.605,9.562,14448,621552,731136,543000,17787233
14.973,open,84,,47.939,40.02,39,0,40.595,9.547,14448,608520,731136,529968,17800265
14.983,open,84,,47.856,40.02,40,0,40.665,9.335,16856,596936,731136,516936,17811849
14.993,open,84,,47.943,40.02,39,0,40.592,9.556,12040,585840,731136,508248,17821985
15.003,open,84,,47.944,40.02,39,0,40.591,9.558,12040,572808,731136,495216,17835017
15.014,open,84,,47.938,40.02,39,0,40.596,9.561,14448,559776,731136,482184,17848049
15.024,open,84,,47.851,40.02,40,0,40.67,9.336,16856,549152,731136,469152,17859633
15.034,open,84,,47.848,40.02,40,0,40.673,9.338,16856,535160,731136,456120,17872665
15.044,open,84,,47.927,40.02,39,0,40.606,9.568,12040,524064,731136,447432,17882801
15.054,open,84,,47.926,40.02,39,0,40.607,9.564,14448,511032,731136,434400,17895833
15.064,open,84,,47.926,40.02,39,0,40.606,9.564,14448,498000,731136,421368,17908865
15.074,open,84,,47.844,40.02,40,0,40.675,9.336,16856,751856,731136,668976,17920449
15.084,open,84,,47.926,40.02,39,0,40.606,9.563,12040,740760,731136,660288,17930585
15.094,open,84,,47.926,40.02,39,0,40.606,9.564,12040,726768,731136,647256,17943617
15.104,open,84,,47.925,40.02,39,0,40.607,9.564,14448,713736,731136,634224,17956649
15.115,open,84,,47.844,40.02,40,0,40.675,9.336,16856,703112,731136,621192,17968233
15.125,open,84,,47.844,40.02,40,0,40.676,9.336,16856,690080,731136,608160,17981265
15.135,open,84,,47.925,40.02,39,0,40.607,9.564,12040,678984,731136,599472,17991401
15.145,open,84,,47.925,40.02,39,0,40.607,9.564,14448,664992,731136,586440,18004433
15.155,open,84,,47.925,40.02,39,0,40.607,9.564,14448,651960,731136,573408,18017465
15.165,open,84,,47.844,40.02,40,0,40.676,9.336,16856,641336,731136,560376,18029049
15.175,open,84,,47.926,40.02,39,0,40.607,9.563,12040,630240,731136,551688,18039185
15.185,open,84,,47.927,40.02,39,0,40.605,9.564,12040,617208,731136,538656,18052217
15.195,open,84,,47.925,40.02,39,0,40.607,9.562,14448,603216,731136,525624,18065249
15.205,open,84,,47.847,40.02,40,0,40.673,9.336,16856,592592,731136,512592,18076833
15.215,open,84,,47.852,40.02,40,0,40.669,9.336,16856,579560,731136,499560,18089865
15.225,open,84,,47.931,40.02,39,0,40.602,9.564,12040,568464,731136,490872,18100001
15.236,open,84,,47.938,40.02,39,0,40.596,9.561,14448,555432,731136,477840,18113033
15.246,open,84,,47.954,40.02,39,0,40.582,9.549,14448,542400,731136,464808,18126065
15.256,open,84,,47.865,40.02,40,0,40.658,9.336,16856,530816,731136,451776,18137649
15.266,open,84,,47.945,40.02,39,0,40.59,9.561,12040,519720,731136,443088,18147785
15.276,open,84,,47.937,40.02,39,0,40.597,9.564,12040,506688,731136,430056,18160817
15.286,open,84,,47.93,40.02,39,0,40.603,9.567,14448,493656,731136,417024,18173849
15.296,open,84,,47.847,40.02,40,0,40.673,9.336,16856,747512,731136,664632,18185433
15.306,open,84,,47.843,40.02,40,0,40.677,9.336,16856,733520,731136,651600,18198465
15.316,open,84,,47.925,40.02,39,0,40.607,9.564,12040,722424,731136,642912,18208601
15.326,open,84,,47.929,40.02,39,0,40.604,9.56,14448,709392,731136,629880,18221633
15.336,open,84,,47.851,40.02,40,0,40.67,9.336,14448,698768,731136,616848,18233217
15.346,open,84,,47.85,40.02,40,0,40.671,9.336,16856,685736,731136,603816,18246249
15.356,open,84,,47.928,40.02,39,0,40.605,9.564,12040,674640,731136,595128,18256385
15.367,open,84,,47.928,40.02,39,0,40.604,9.561,14448,660648,731136,582096,18269417
15.377,open,84,,47.941,40.02,39,0,40.593,9.564,14448,647616,731136,569064,18282449
15.387,open,84,,47.865,40.02,40,0,40.658,9.336,16856,636992,731136,556032,18294033
15.397,open,84,,47.948,40.02,39,0,40.588,9.553,12040,625896,731136,547344,18304169
15.407,open,84,,47.94,40.02,39,0,40.595,9.559,12040,612864,731136,534312,18317201
15.417,open,84,,47.932,40.02,39,0,40.601,9.564,14448,598872,731136,521280,18330233
15.427,open,84,,47.848,40.02,40,0,40.672,9.336,16856,588248,731136,508248,18341817
15.437,open,84,,47.85,40.02,40,0,40.67,9.336,16856,575216,731136,495216,18354849
15.447,open,84,,47.93,40.02,39,0,40.603,9.564,12040,564120,731136,486528,18364985
15.457,open,84,,47.926,40.02,39,0,40.607,9.563,14448,551088,731136,473496,18378017
15.467,open,84,,47.925,40.02,39,0,40.607,9.564,14448,537096,731136,460464,18391049
15.477,open,84,,47.845,40.02,40,0,40.675,9.336,16856,526472,731136,447432,18402633
15.487,open,84,,47.933,40.02,39,0,40.6,9.556,12040,515376,731136,438744,18412769
15.498,open,84,,47.947,40.02,39,0,40.588,9.552,12040,502344,731136,425712,18425801
15.508,open,84,,47.957,40.02,39,0,40.58,9.55,14448,489312,731136,412680,18438833
15.518,open,84,,47.867,40.02,40,0,40.656,9.336,16856,743168,731136,660288,18450417
15.528,open,84,,47.869,40.02,40,0,40.655,9.336,16856,729176,731136,647256,18463449
15.538,open,84,,47.944,40.02,39,0,40.591,9.564,12040,718080,731136,638568,18473585
15.548,open,84,,47.939,40.02,39,0,40.595,9.564,14448,705048,731136,625536,18486617
15.558,open,84,,47.938,40.02,39,0,40.596,9.564,14448,692016,731136,612504,18499649
15.568,open,84,,47.856,40.02,40,0,40.666,9.336,16856,681392,731136,599472,18511233
15.578,open,84,,47.937,40.02,39,0,40.597,9.564,12040,669336,731136,590784,18521369
15.588,open,84,,47.933,40.02,39,0,40.601,9.564,12040,656304,731136,577752,18534401
15.599,open,84,,47.934,40.02,39,0,40.6,9.564,14448,643272,731136,564720,18547433
15.609,open,84,,47.853,40.02,40,0,40.668,9.336,16856,632648,731136,551688,18559017
15.619,open,84,,47.857,40.02,40,0,40.665,9.334,16856,619616,731136,538656,18572049
15.629,open,84,,47.937,40.02,39,0,40.597,9.564,12040,608520,731136,529968,18582185
15.639,open,84,,47.931,40.02,39,0,40.602,9.561,12041,594528,731136,516936,18595217
15.649,open,84,,47.929,40.02,39,0,40.604,9.564,14448,581496,731136,503904,18608249
15.659,open,84,,47.851,40.02,40,0,40.67,9.336,16856,570872,731136,490872,18619833
15.669,open,84,,47.939,40.02,42,0,40.595,9.564,16856,557840,731136,477840,18629969
15.679,open,84,,47.941,40.02,39,0,40.593,9.558,12040,546744,731136,469152,18643001
15.690,open,84,,47.938,40.02,39,0,40.596,9.563,14448,532752,731136,456120,18656033
15.700,open,84,,47.853,40.02,40,0,40.668,9.336,14448,522128,731136,443088,18667617
15.710,open,84,,47.851,40.02,40,0,40.67,9.336,16856,509096,731136,430056,18680649
15.720,open,84,,47.93,40.02,39,0,40.603,9.564,12040,498000,731136,421368,18690785
15.730,open,84,,47.928,40.02,39,0,40.604,9.564,12040,749448,731136,668976,18703817
15.740,open,84,,47.93,40.02,39,0,40.603,9.564,14448,735456,731136,655944,18716849
15.750,open,84,,47.851,40.02,40,0,40.67,9.336,16856,724832,731136,642912,18728433
15.760,open,84,,47.933,40.02,42,0,40.6,9.562,16856,711800,731136,629880,18738569
15.770,open,84,,47.931,40.02,39,0,40.602,9.562,12040,700704,731136,621192,18751601
15.780,open,84,,47.927,40.02,39,0,40.605,9.564,14448,687672,731136,608160,18764633
15.791,open,84,,47.927,40.02,39,0,40.606,9.564,14448,674640,731136,595128,18777665
15.801,open,84,,47.844,40.02,40,0,40.675,9.337,16856,663056,731136,582096,18789249
15.811,open,84,,47.926,40.02,39,0,40.606,9.564,12040,651960,731136,573408,18799385
15.821,open,84,,47.925,40.02,39,0,40.607,9.564,12040,638928,731136,560376,18812417
15.831,open,84,,47.924,40.02,39,0,40.608,9.563,14448,625896,731136,547344,18825449
15.841,open,84,,47.841,40.02,40,0,40.678,9.336,16856,615272,731136,534312,18837033
15.851,open,84,,47.923,40.02,42,0,40.608,9.564,16856,601280,731136,521280,18847169
15.861,open,84,,47.923,40.02,39,0,40.609,9.564,12040,590184,731136,512592,18860201
15.871,open,84,,47.924,40.02,39,0,40.608,9.564,14448,577152,731136,499560,18873233
15.881,open,84,,47.924,40.02,39,0,40.608,9.564,14448,564120,731136,486528,18886265
15.891,open,84,,47.844,40.02,40,0,40.676,9.336,16856,553496,731136,473496,18897849
15.902,open,84,,47.925,40.02,39,0,40.607,9.564,12040,542400,731136,464808,18907985
15.912,open,84,,47.925,40.02,39,0,40.607,9.562,12040,528408,731136,451776,18921017
15.922,open,84,,47.924,40.02,39,0,40.608,9.564,14448,515376,731136,438744,18934049
15.932,open,84,,47.843,40.02,40,0,40.676,9.336,16856,504752,731136,425712,18945633
15.942,open,84,,47.846,40.02,40,0,40.674,9.336,16856,491720,731136,412680,18958665
15.952,open,84,,47.924,40.02,39,0,40.608,9.564,12040,745104,731136,664632,18968801
15.962,open,84,,47.924,40.02,39,0,40.608,9.564,14448,731112,731136,651600,18981833
15.972,open,84,,47.922,40.02,39,0,40.61,9.564,14448,718080,731136,638568,18994865
15.982,open,84,,47.841,40.02,40,0,40.678,9.337,16856,707456,731136,625536,19006449
15.992,open,84,,47.922,40.02,39,0,40.61,9.564,12040,696360,731136,616848,19016585
16.003,open,84,,47.922,40.02,39,0,40.609,9.564,12040,683328,731136,603816,19029617
16.013,open,84,,47.922,40.02,39,0,40.609,9.564,14448,669336,731136,590784,19042649
16.023,open,84,,47.842,40.02,40,0,40.677,9.337,16856,658712,731136,577752,19054233
16.033,open,84,,47.922,40.02,39,0,40.609,9.564,9632,647616,731136,569064,19064369
16.043,open,84,,47.922,40.02,39,0,40.609,9.564,12040,634584,731136,556032,19077401
16.053,open,84,,47.922,40.02,39,0,40.61,9.564,14448,621552,731136,543000,19090433
16.063,open,84,,47.841,40.02,40,0,40.679,9.337,16856,610928,731136,529968,19102017
16.073,open,84,,47.842,40.02,40,0,40.678,9.336,16856,596936,731136,516936,19115049
16.083,open,84,,47.912,40.02,39,0,40.618,9.564,12040,585840,731136,508248,19125185
16.093,open,84,,47.919,40.02,39,0,40.613,9.564,14448,572808,731136,495216,19138217
16.103,open,84,,47.921,40.02,39,0,40.611,9.564,14448,559776,731136,482184,19151249
16.113,open,84,,47.867,40.02,40,0,40.656,9.336,16856,549152,731136,469152,19162833
16.123,open,84,,47.935,40.02,39,0,40.598,9.564,12040,537096,731136,460464,19172969
16.133,open,84,,47.928,40.02,39,0,40.604,9.564,12040,524064,731136,447432,19186001
16.144,open,84,,47.925,40.02,39,0,40.607,9.564,14448,511032,731136,434400,19199033
16.154,open,84,,47.843,40.02,40,0,40.677,9.336,16856,500408,731136,421368,19210617
16.164,open,84,,47.843,40.02,40,0,40.676,9.336,16856,751856,731136,668976,19223649
16.174,open,84,,47.94,40.02,39,0,40.594,9.547,12040,740760,731136,660288,19233785
16.184,open,84,,47.94,40.02,39,0,40.595,9.56,14448,726768,731136,647256,19246817
16.194,open,84,,47.938,40.02,39,0,40.596,9.558,14448,713736,731136,634224,19259849
16.204,open,84,,47.853,40.02,40,0,40.668,9.336,16856,703112,731136,621192,19271433
16.214,open,84,,47.934,40.02,39,0,40.599,9.56,12040,692016,731136,612504,19281569
16.224,open,84,,47.935,40.02,39,0,40.599,9.565,12040,678984,731136,599472,19294601
16.234,open,84,,47.934,40.02,39,0,40.599,9.564,14448,664992,731136,586440,19307633
16.245,open,84,,47.853,40.02,40,0,40.668,9.336,16856,654368,731136,573408,19319217
16.255,open,84,,47.852,40.02,40,0,40.669,9.337,16856,641336,731136,560376,19332249
16.265,open,84,,47.929,40.02,39,0,40.604,9.564,12040,630240,731136,551688,19342385
16.275,open,84,,47.925,40.02,39,0,40.607,9.565,14448,617208,731136,538656,19355417
16.285,open,84,,47.923,40.02,39,0,40.609,9.564,14448,603216,731136,525624,19368449
16.295,open,84,,47.842,40.02,40,0,40.678,9.336,16856,592592,731136,512592,19380033
16.305,open,84,,47.923,40.02,39,0,40.609,9.564,12040,581496,731136,503904,19390169
16.315,open,84,,47.922,40.02,39,0,40.609,9.564,12040,568464,731136,490872,19403201
16.325,open,84,,47.922,40.02,39,0,40.609,9.564,14448,555432,731136,477840,19416233
16.335,open,84,,47.84,40.02,40,0,40.679,9.336,16856,544808,731136,464808,19427817
16.346,open,84,,47.841,40.02,40,0,40.679,9.336,16856,530816,731136,451776,19440849
16.356,open,84,,47.922,40.02,39,0,40.61,9.564,12040,519720,731136,443088,19450985
16.366,open,84,,47.923,40.02,39,0,40.609,9.564,14448,506688,731136,430056,19464017
16.376,open,84,,47.921,40.02,39,0,40.61,9.564,14448,493656,731136,417024,19477049
16.386,open,84,,47.841,40.02,40,0,40.679,9.336,16856,747512,731136,664632,19488633
16.396,open,84,,47.923,40.02,39,0,40.609,9.564,12040,735456,731136,655944,19498769
16.406,open,84,,47.922,40.02,39,0,40.609,9.564,12040,722424,731136,642912,19511801
16.416,open,84,,47.924,40.02,39,0,40.608,9.564,14448,709392,731136,629880,19524833
16.426,open,84,,47.842,40.02,40,0,40.677,9.337,16856,698768,731136,616848,19536417
16.436,open,84,,47.842,40.02,40,0,40.677,9.336,16856,685736,731136,603816,19549449
16.446,open,84,,47.922,40.02,39,0,40.61,9.564,12040,674640,731136,595128,19559585
16.456,open,84,,47.923,40.02,39,0,40.609,9.563,14448,660648,731136,582096,19572617
16.466,open,84,,47.924,40.02,39,0,40.608,9.563,14448,647616,731136,569064,19585649
16.477,open,84,,47.847,40.02,40,0,40.674,9.336,16856,636992,731136,556032,19597233
16.487,open,84,,47.921,40.02,39,0,40.61,9.56,12040,625896,731136,547344,19607369
16.497,open,84,,47.928,40.02,39,0,40.604,9.563,12040,612864,731136,534312,19620401
16.507,open,84,,47.927,40.02,39,0,40.605,9.562,14448,598872,731136,521280,19633433
16.517,open,84,,47.843,40.02,40,0,40.676,9.336,16856,588248,731136,508248,19645017
16.527,open,84,,47.842,40.02,40,0,40.677,9.336,16856,575216,731136,495216,19658049
16.537,open,84,,47.923,40.02,39,0,40.609,9.564,12040,564120,731136,486528,19668185
16.547,open,84,,47.922,40.02,39,0,40.609,9.564,14448,551088,731136,473496,19681217
16.557,open,84,,47.923,40.02,39,0,40.609,9.564,14448,537096,731136,460464,19694249
16.567,open,84,,47.841,40.02,40,0,40.678,9.336,16856,526472,731136,447432,19705833
16.577,open,84,,47.923,40.02,39,0,40.609,9.564,12040,515376,731136,438744,19715969
16.588,open,84,,47.925,40.02,39,0,40.607,9.564,12040,502344,731136,425712,19729001
16.598,open,84,,47.927,40.02,39,0,40.606,9.564,14448,489312,731136,412680,19742033
16.608,open,84,,47.846,40.02,40,0,40.674,9.336,16856,743168,731136,660288,19753617
16.618,open,84,,47.848,40.02,40,0,40.672,9.337,16856,729176,731136,647256,19766649
16.628,open,84,,47.931,40.02,39,0,40.602,9.563,12040,718080,731136,638568,19776785
16.638,open,84,,47.923,40.02,39,0,40.609,9.563,14448,705048,731136,625536,19789817
16.648,open,84,,47.839,40.02,40,0,40.68,9.337,14448,692016,731136,612504,19801401
16.658,open,84,,47.841,40.02,40,0,40.679,9.336,16856,681392,731136,599472,19814433
16.668,open,84,,47.922,40.02,39,0,40.61,9.564,12040,669336,731136,590784,19824569
16.678,open,84,,47.922,40.02,39,0,40.609,9.564,14448,656304,731136,577752,19837601
16.688,open,84,,47.923,40.02,39,0,40.609,9.563,14448,643272,731136,564720,19850633
16.699,open,84,,47.842,40.02,40,0,40.677,9.335,16856,632648,731136,551688,19862217
16.709,open,84,,47.913,40.02,39,0,40.617,9.563,12040,621552,731136,543000,19872353
16.719,open,84,,47.943,40.02,39,0,40.592,9.548,12040,608520,731136,529968,19885385
16.729,open,84,,47.933,40.02,39,0,40.601,9.548,14448,594528,731136,516936,19898417
16.739,open,84,,47.847,40.02,40,0,40.673,9.549,16856,583904,731136,503904,19910001
16.749,open,84,,47.843,40.02,40,0,40.677,9.549,16856,570872,731136,490872,19923033
16.759,open,84,,47.924,40.02,39,0,40.608,9.55,12040,559776,731136,482184,19933169
16.769,open,84,,47.923,40.02,39,0,40.609,9.564,14448,546744,731136,469152,19946201
16.779,open,84,,47.923,40.02,39,0,40.609,9.564,14448,532752,731136,456120,19959233
16.789,open,84,,47.841,40.02,40,0,40.679,9.337,16856,522128,731136,443088,19970817
16.799,open,84,,47.922,40.02,39,0,40.61,9.564,12040,511032,731136,434400,19980953
16.809,open,84,,47.922,40.02,39,0,40.61,9.564,12040,498000,731136,421368,19993985
16.819,open,84,,47.922,40.02,39,0,40.609,9.564,14448,749448,731136,668976,20007017
16.830,open,84,,47.841,40.02,40,0,40.678,9.336,16856,737864,731136,655944,20018601
16.840,open,84,,47.842,40.02,40,0,40.678,9.336,16856,724832,731136,642912,20031633
16.850,open,84,,47.922,40.02,39,0,40.609,9.564,12040,713736,731136,634224,20041769
16.860,open,84,,47.924,40.02,39,0,40.608,9.562,14448,700704,731136,621192,20054801
16.870,open,84,,47.923,40.02,39,0,40.609,9.564,14448,687672,731136,608160,20067833
16.880,open,84,,47.842,40.02,40,0,40.678,9.336,16856,677048,731136,595128,20079417
16.890,open,84,,47.922,40.02,39,0,40.61,9.563,12040,664992,731136,586440,20089553
16.900,open,84,,47.921,40.02,39,0,40.61,9.564,12040,651960,731136,573408,20102585
16.910,open,84,,47.922,40.02,39,0,40.61,9.564,14448,638928,731136,560376,20115617
16.920,open,84,,47.841,40.02,40,0,40.679,9.336,16856,628304,731136,547344,20127201
16.930,open,84,,47.922,40.02,39,0,40.61,9.564,16856,618168,731136,538656,20137337
16.940,open,84,,47.921,40.02,39,0,40.61,9.564,12040,603216,731136,525624,20150369
16.951,open,84,,47.922,40.02,39,0,40.61,9.564,14448,590184,731136,512592,20163401
16.961,open,84,,47.922,40.02,39,0,40.61,9.564,14448,577152,731136,499560,20176433
16.971,open,84,,47.841,40.02,40,0,40.678,9.336,16856,566528,731136,486528,20188017
16.981,open,84,,47.922,40.02,39,0,40.61,9.564,12040,555432,731136,477840,20198153
16.991,open,84,,47.922,40.02,39,0,40.61,9.564,12040,542400,731136,464808,20211185
17.001,open,84,,47.922,40.02,39,0,40.61,9.564,14448,528408,731136,451776,20224217
17.011,open,84,,47.841,40.02,40,0,40.679,9.336,16856,517784,731136,438744,20235801
17.021,open,84,,47.841,40.02,40,0,40.679,9.336,16856,504752,731136,425712,20248833
17.031,open,84,,47.922,40.02,39,0,40.609,9.564,12040,493656,731136,417024,20258969
17.042,open,84,,47.921,40.02,39,0,40.611,9.564,14448,745104,731136,664632,20272001
17.052,open,84,,47.924,40.02,39,0,40.608,9.563,14448,731112,731136,651600,20285033
17.062,open,84,,47.842,40.02,40,0,40.677,9.336,16856,720488,731136,638568,20296617
17.072,open,84,,47.929,40.02,39,0,40.604,9.562,12040,709392,731136,629880,20306753
17.082,open,84,,47.931,40.02,39,0,40.602,9.562,12040,696360,731136,616848,20319785
17.092,open,84,,47.926,40.02,39,0,40.607,9.562,14448,683328,731136,603816,20332817
17.102,open,84,,47.842,40.02,40,0,40.678,9.336,16856,671744,731136,590784,20344401
17.112,open,84,,47.841,40.02,40,0,40.678,9.337,16856,658712,731136,577752,20357433
17.122,open,84,,47.923,40.02,39,0,40.609,9.564,12040,647616,731136,569064,20367569
17.132,open,84,,47.922,40.02,39,0,40.61,9.564,14448,634584,731136,556032,20380601
17.142,open,84,,47.923,40.02,39,0,40.609,9.565,14448,621552,731136,543000,20393633
17.152,open,84,,47.841,40.02,40,0,40.679,9.337,16856,610928,731136,529968,20405217
17.163,open,84,,47.923,40.02,39,0,40.609,9.563,12040,598872,731136,521280,20415353
17.173,open,84,,47.922,40.02,39,0,40.61,9.564,12040,585840,731136,508248,20428385
17.183,open,84,,47.923,40.02,39,0,40.609,9.564,14448,572808,731136,495216,20441417
17.193,open,84,,47.841,40.02,40,0,40.679,9.336,16856,562184,731136,482184,20453001
17.203,open,84,,47.842,40.02,40,0,40.678,9.336,16856,549152,731136,469152,20466033
17.213,open,84,,47.923,40.02,39,0,40.609,9.564,12040,537096,731136,460464,20476169
17.223,open,84,,47.923,40.02,39,0,40.609,9.564,14448,524064,731136,447432,20489201
17.233,open,84,,47.835,40.02,40,0,40.684,9.336,14448,513440,731136,434400,20500785
17.243,open,84,,47.838,40.02,40,0,40.681,9.336,16856,500408,731136,421368,20513817
17.253,open,84,,47.923,40.02,39,0,40.608,9.564,12040,489312,731136,412680,20523953
17.263,open,84,,47.925,40.02,39,0,40.607,9.562,12040,740760,731136,660288,20536985
17.274,open,84,,47.929,40.02,39,0,40.604,9.562,14448,726768,731136,647256,20550017
17.284,open,84,,47.848,40.02,40,0,40.673,9.336,16856,716144,731136,634224,20561601
17.294,open,84,,47.929,40.02,42,0,40.603,9.56,16856,706008,731136,621192,20571737
17.304,open,84,,47.925,40.02,39,0,40.607,9.562,12040,692016,731136,612504,20584769
17.314,open,84,,47.929,40.02,39,0,40.604,9.564,14448,678984,731136,599472,20597801
17.324,open,84,,47.845,40.02,40,0,40.675,9.337,14448,667400,731136,586440,20609385
17.334,open,84,,47.845,40.02,40,0,40.675,9.337,16856,654368,731136,573408,20622417
17.344,open,84,,47.925,40.02,39,0,40.607,9.564,12040,643272,731136,564720,20632553
17.354,open,84,,47.922,40.02,39,0,40.61,9.564,14448,630240,731136,551688,20645585
17.364,open,84,,47.922,40.02,39,0,40.609,9.564,14448,617208,731136,538656,20658617
17.374,open,84,,47.843,40.02,40,0,40.677,9.336,16856,605624,731136,525624,20670201
17.384,open,84,,47.923,40.02,39,0,40.609,9.564,12040,594528,731136,516936,20680337
17.394,open,84,,47.922,40.02,39,0,40.609,9.564,12040,581496,731136,503904,20693369
17.405,open,84,,47.921,40.02,39,0,40.61,9.563,14448,568464,731136,490872,20706401
17.415,open,84,,47.843,40.02,40,0,40.677,9.337,16856,557840,731136,477840,20717985
17.425,open,84,,47.843,40.02,40,0,40.677,9.336,16856,544808,731136,464808,20731017
17.435,open,84,,47.925,40.02,39,0,40.607,9.564,12040,532752,731136,456120,20741153
17.445,open,84,,47.922,40.02,39,0,40.61,9.563,14448,519720,731136,443088,20754185
17.455,open,84,,47.922,40.02,39,0,40.61,9.564,14448,506688,731136,430056,20767217
17.465,open,84,,47.841,40.02,40,0,40.679,9.336,16856,496064,731136,417024,20778801
17.475,open,84,,47.923,40.02,39,0,40.609,9.564,12040,749448,731136,668976,20788937
17.485,open,84,,47.922,40.02,39,0,40.609,9.564,12040,735456,731136,655944,20801969
17.495,open,84,,47.922,40.02,39,0,40.61,9.564,14448,722424,731136,642912,20815001
17.505,open,84,,47.843,40.02,40,0,40.677,9.336,16856,711800,731136,629880,20826585
17.515,open,84,,47.84,40.02,40,0,40.679,9.336,16856,698768,731136,616848,20839617
17.525,open,84,,47.926,40.02,39,0,40.607,9.563,12040,687672,731136,608160,20849753
17.536,open,84,,47.928,40.02,39,0,40.604,9.564,14448,674640,731136,595128,20862785
17.546,open,84,,47.93,40.02,39,0,40.603,9.563,14448,660648,731136,582096,20875817
17.556,open,84,,47.847,40.02,40,0,40.673,9.336,16856,650024,731136,569064,20887401
17.566,open,84,,47.932,40.02,39,0,40.602,9.562,12040,638928,731136,560376,20897537
17.576,open,84,,47.925,40.02,39,0,40.607,9.564,12040,625896,731136,547344,20910569
17.586,open,84,,47.93,40.02,39,0,40.603,9.56,14448,612864,731136,534312,20923601
17.596,open,84,,47.853,40.02,40,0,40.668,9.336,16856,601280,731136,521280,20935185
17.606,open,84,,47.855,40.02,40,0,40.667,9.336,16856,588248,731136,508248,20948217
17.616,open,84,,47.938,40.02,39,0,40.596,9.564,12040,577152,731136,499560,20958353
17.627,open,84,,47.935,40.02,39,0,40.599,9.561,14448,564120,731136,486528,20971385
17.637,open,84,,47.931,40.02,39,0,40.602,9.563,14448,551088,731136,473496,20984417
17.647,open,84,,47.845,40.02,40,0,40.675,9.336,16856,539504,731136,460464,20996001
17.657,open,84,,47.926,40.02,39,0,40.607,9.564,12040,528408,731136,451776,21006137
17.667,open,84,,47.925,40.02,39,0,40.607,9.564,12040,515376,731136,438744,21019169
17.677,open,84,,47.925,40.02,39,0,40.607,9.564,14448,502344,731136,425712,21032201
17.687,open,84,,47.844,40.02,40,0,40.676,9.337,16856,491720,731136,412680,21043785
17.697,open,84,,47.845,40.02,40,0,40.675,9.337,16856,743168,731136,660288,21056817
17.707,open,84,,47.926,40.02,39,0,40.606,9.564,12040,731112,731136,651600,21066953
17.717,open,84,,47.93,40.02,39,0,40.603,9.563,14448,718080,731136,638568,21079985
17.728,open,84,,47.929,40.02,39,0,40.603,9.564,14448,705048,731136,625536,21093017
17.738,open,84,,47.851,40.02,40,0,40.67,9.336,16856,694424,731136,612504,21104601
17.748,open,84,,47.933,40.02,39,0,40.6,9.562,12040,683328,731136,603816,21114737
17.758,open,84,,47.933,40.02,39,0,40.601,9.563,12040,669336,731136,590784,21127769
17.768,open,84,,47.927,40.02,39,0,40.606,9.563,14448,656304,731136,577752,21140801
17.778,open,84,,47.846,40.02,40,0,40.674,9.335,16856,645680,731136,564720,21152385
17.788,open,84,,47.847,40.02,40,0,40.673,9.336,16856,632648,731136,551688,21165417
17.798,open,84,,47.942,40.02,39,0,40.593,9.544,12040,621552,731136,543000,21175553
17.808,open,84,,47.933,40.02,39,0,40.6,9.564,14448,608520,731136,529968,21188585
17.818,open,84,,47.933,40.02,39,0,40.6,9.565,14448,594528,731136,516936,21201617
17.828,open,84,,47.847,40.02,40,0,40.673,9.336,16856,583904,731136,503904,21213201
17.839,open,84,,47.927,40.02,39,0,40.605,9.564,12040,572808,731136,495216,21223337
17.849,open,84,,47.926,40.02,39,0,40.606,9.564,12040,559776,731136,482184,21236369
17.859,open,84,,47.923,40.02,39,0,40.608,9.562,14448,546744,731136,469152,21249401
17.869,open,84,,47.846,40.02,40,0,40.674,9.337,16856,535160,731136,456120,21260985
17.879,open,84,,47.844,40.02,40,0,40.676,9.338,16856,522128,731136,443088,21274017
17.889,open,84,,47.928,40.02,39,0,40.605,9.564,12040,511032,731136,434400,21284153
17.899,open,84,,47.927,40.02,39,0,40.606,9.564,14448,498000,731136,421368,21297185
17.909,open,84,,47.932,40.02,39,0,40.602,9.56,14448,749448,731136,668976,21310217
17.919,open,84,,47.852,40.02,40,0,40.669,9.336,16856,737864,731136,655944,21321801
17.929,open,84,,47.935,40.02,39,0,40.598,9.559,12040,726768,731136,647256,21331937
17.940,open,84,,47.936,40.02,39,0,40.597,9.56,12040,713736,731136,634224,21344969
17.950,open,84,,47.93,40.02,39,0,40.603,9.565,14448,700704,731136,621192,21358001
17.960,open,84,,47.845,40.02,40,0,40.675,9.334,16856,690080,731136,608160,21369585
17.970,open,84,,47.843,40.02,40,0,40.677,9.335,16856,677048,731136,595128,21382617
17.980,open,84,,47.921,40.02,39,0,40.61,9.564,12040,664992,731136,586440,21392753
17.990,open,84,,47.92,40.02,39,0,40.611,9.562,14448,651960,731136,573408,21405785
18.000,open,84,,47.921,40.02,39,0,40.611,9.564,14448,638928,731136,560376,21418817
18.010,open,84,,47.841,40.02,40,0,40.679,9.338,16856,628304,731136,547344,21430401
18.020,open,84,,47.922,40.02,39,0,40.61,9.564,12040,617208,731136,538656,21440537
18.030,open,84,,47.926,40.02,39,0,40.606,9.557,12040,603216,731136,525624,21453569
18.040,open,84,,47.924,40.02,39,0,40.608,9.564,14448,590184,731136,512592,21466601
18.051,open,84,,47.843,40.02,40,0,40.677,9.336,16856,579560,731136,499560,21478185
18.061,open,84,,47.841,40.02,40,0,40.678,9.336,16856,566528,731136,486528,21491217
18.071,open,84,,47.923,40.02,39,0,40.609,9.563,12040,555432,731136,477840,21501353
18.081,open,84,,47.922,40.02,39,0,40.61,9.564,14448,542400,731136,464808,21514385
18.091,open,84,,47.922,40.02,39,0,40.609,9.564,14448,528408,731136,451776,21527417
18.101,open,84,,47.841,40.02,40,0,40.679,9.336,16856,517784,731136,438744,21539001
18.111,open,84,,47.922,40.02,39,0,40.61,9.564,12040,506688,731136,430056,21549137
18.121,open,84,,47.922,40.02,39,0,40.61,9.564,12040,493656,731136,417024,21562169
18.131,open,84,,47.922,40.02,39,0,40.61,9.564,14448,745104,731136,664632,21575201
18.141,open,84,,47.841,40.02,40,0,40.679,9.336,16856,733520,731136,651600,21586785
18.152,open,84,,47.841,40.02,40,0,40.679,9.336,16856,720488,731136,638568,21599817
18.162,open,84,,47.922,40.02,39,0,40.609,9.564,12040,709392,731136,629880,21609953
18.172,open,84,,47.922,40.02,39,0,40.61,9.564,12040,696360,731136,616848,21622985
18.182,open,84,,47.922,40.02,39,0,40.61,9.564,14448,683328,731136,603816,21636017
18.192,open,84,,47.84,40.02,40,0,40.679,9.336,16856,671744,731136,590784,21647601
18.202,open,84,,47.922,40.02,42,0,40.61,9.564,16856,658712,731136,577752,21657737
18.212,open,84,,47.921,40.02,39,0,40.61,9.564,12040,647616,731136,569064,21670769
18.222,open,84,,47.922,40.02,39,0,40.61,9.564,14448,634584,731136,556032,21683801
18.232,open,84,,47.922,40.02,39,0,40.609,9.564,14448,621552,731136,543000,21696833
18.242,open,84,,47.841,40.02,40,0,40.678,9.336,16856,610928,731136,529968,21708417
18.253,open,84,,47.922,40.02,39,0,40.61,9.564,12040,598872,731136,521280,21718553
18.263,open,84,,47.928,40.02,39,0,40.604,9.56,12040,585840,731136,508248,21731585
18.273,open,84,,47.924,40.02,39,0,40.608,9.564,14448,572808,731136,495216,21744617
18.283,open,84,,47.842,40.02,40,0,40.677,9.336,16856,562184,731136,482184,21756201
18.293,open,84,,47.841,40.02,40,0,40.678,9.336,16856,549152,731136,469152,21769233
18.303,open,84,,47.923,40.02,39,0,40.609,9.564,12040,537096,731136,460464,21779369
18.313,open,84,,47.922,40.02,39,0,40.61,9.564,14448,524064,731136,447432,21792401
18.323,open,84,,47.841,40.02,40,0,40.679,9.336,14448,511032,731136,434400,21803985
18.333,open,84,,47.841,40.02,40,0,40.678,9.336,16856,500408,731136,421368,21817017
18.343,open,84,,47.923,40.02,39,0,40.609,9.563,12040,489312,731136,412680,21827153
18.353,open,84,,47.924,40.02,39,0,40.608,9.564,12040,740760,731136,660288,21840185
18.364,open,84,,47.924,40.02,39,0,40.608,9.562,14448,726768,731136,647256,21853217
18.374,open,84,,47.844,40.02,40,0,40.676,9.336,16856,716144,731136,634224,21864801
18.384,open,84,,47.842,40.02,40,0,40.677,9.336,16856,703112,731136,621192,21877833
18.394,open,84,,47.926,40.02,39,0,40.606,9.564,12040,692016,731136,612504,21887969
18.404,open,84,,47.924,40.02,39,0,40.608,9.564,14448,678984,731136,599472,21901001
18.414,open,84,,47.844,40.02,40,0,40.676,9.336,14448,667400,731136,586440,21912585
18.424,open,84,,47.835,40.02,40,0,40.683,9.337,16856,654368,731136,573408,21925617
18.434,open,84,,47.922,40.02,39,0,40.61,9.562,12040,643272,731136,564720,21935753
18.444,open,84,,47.923,40.02,39,0,40.609,9.564,12040,630240,731136,551688,21948785
18.454,open,84,,47.923,40.02,39,0,40.609,9.563,14448,617208,731136,538656,21961817
18.465,open,84,,47.845,40.02,40,0,40.675,9.335,16856,605624,731136,525624,21973401
18.475,open,84,,47.842,40.02,40,0,40.677,9.336,16856,592592,731136,512592,21986433
18.485,open,84,,47.927,40.02,39,0,40.605,9.564,12040,581496,731136,503904,21996569
18.495,open,84,,47.927,40.02,39,0,40.605,9.562,14448,568464,731136,490872,22009601
18.505,open,84,,47.845,40.02,40,0,40.675,9.336,14448,557840,731136,477840,22021185
18.515,open,84,,47.842,40.02,40,0,40.677,9.337,16856,544808,731136,464808,22034217
18.525,open,84,,47.924,40.02,39,0,40.608,9.564,12040,532752,731136,456120,22044353
18.535,open,84,,47.923,40.02,39,0,40.609,9.564,12040,519720,731136,443088,22057385
18.545,open,84,,47.923,40.02,39,0,40.609,9.564,14448,506688,731136,430056,22070417
18.555,open,84,,47.842,40.02,40,0,40.678,9.336,16856,496064,731136,417024,22082001
18.566,open,84,,47.841,40.02,40,0,40.678,9.336,16856,747512,731136,664632,22095033
18.576,open,84,,47.923,40.02,39,0,40.609,9.564,12040,735456,731136,655944,22105169
18.586,open,84,,47.925,40.02,39,0,40.607,9.564,14448,722424,731136,642912,22118201
18.596,open,84,,47.934,40.02,39,0,40.599,9.561,14448,709392,731136,629880,22131233
18.606,open,84,,47.853,40.02,40,0,40.668,9.336,16856,698768,731136,616848,22142817
18.616,open,84,,47.931,40.02,39,0,40.602,9.564,12040,687672,731136,608160,22152953
18.626,open,84,,47.928,40.02,39,0,40.604,9.563,12040,674640,731136,595128,22165985
18.636,open,84,,47.941,40.02,39,0,40.593,9.559,14448,660648,731136,582096,22179017
18.646,open,84,,47.85,40.02,40,0,40.671,9.331,16856,650024,731136,569064,22190601
18.657,open,84,,47.845,40.02,40,0,40.675,9.331,16856,636992,731136,556032,22203633
18.667,open,84,,47.924,40.02,39,0,40.608,9.559,12040,625896,731136,547344,22213769
18.677,open,84,,47.923,40.02,39,0,40.609,9.559,14448,612864,731136,534312,22226801
18.687,open,84,,47.922,40.02,39,0,40.609,9.559,14448,598872,731136,521280,22239833
18.697,open,84,,47.842,40.02,40,0,40.678,9.336,16856,588248,731136,508248,22251417
18.707,open,84,,47.923,40.02,39,0,40.609,9.563,12040,577152,731136,499560,22261553
18.717,open,84,,47.922,40.02,39,0,40.609,9.564,12040,564120,731136,486528,22274585
18.727,open,84,,47.922,40.02,39,0,40.61,9.563,14448,551088,731136,473496,22287617
18.737,open,84,,47.841,40.02,40,0,40.679,9.336,16856,539504,731136,460464,22299201
18.747,open,84,,47.841,40.02,40,0,40.679,9.337,16856,526472,731136,447432,22312233
18.757,open,84,,47.922,40.02,39,0,40.61,9.564,12040,515376,731136,438744,22322369
18.767,open,84,,47.922,40.02,39,0,40.61,9.564,14448,502344,731136,425712,22335401
18.778,open,84,,47.923,40.02,39,0,40.609,9.562,14448,489312,731136,412680,22348433
18.788,open,84,,47.841,40.02,40,0,40.678,9.336,16856,743168,731136,660288,22360017
18.798,open,84,,47.922,40.02,39,0,40.609,9.564,12040,731112,731136,651600,22370153
18.808,open,84,,47.922,40.02,39,0,40.609,9.564,12040,718080,731136,638568,22383185
18.818,open,84,,47.922,40.02,39,0,40.61,9.564,14448,705048,731136,625536,22396217
18.828,open,84,,47.842,40.02,40,0,40.678,9.336,16856,694424,731136,612504,22407801
18.838,open,84,,47.841,40.02,40,0,40.678,9.336,16856,681392,731136,599472,22420833
18.848,open,84,,47.922,40.02,39,0,40.61,9.564,12040,669336,731136,590784,22430969
18.858,open,84,,47.921,40.02,39,0,40.61,9.564,14448,656304,731136,577752,22444001
18.868,open,84,,47.922,40.02,39,0,40.609,9.564,14448,643272,731136,564720,22457033
18.879,open,84,,47.841,40.02,40,0,40.678,9.336,16856,632648,731136,551688,22468617
18.889,open,84,,47.922,40.02,39,0,40.609,9.564,12040,621552,731136,543000,22478753
18.899,open,84,,47.933,40.02,39,0,40.6,9.552,12040,608520,731136,529968,22491785
18.909,open,84,,47.928,40.02,39,0,40.605,9.564,14448,594528,731136,516936,22504817
18.919,open,84,,47.844,40.02,40,0,40.676,9.336,16856,583904,731136,503904,22516401
18.929,open,84,,47.845,40.02,40,0,40.675,9.336,16856,570872,731136,490872,22529433
18.939,open,84,,47.933,40.02,39,0,40.6,9.564,12040,559776,731136,482184,22539569
18.949,open,84,,47.931,40.02,39,0,40.602,9.564,14448,546744,731136,469152,22552601
18.959,open,84,,47.927,40.02,39,0,40.605,9.564,14448,532752,731136,456120,22565633
18.969,open,84,,47.844,40.02,40,0,40.676,9.556,16856,522128,731136,443088,22577217
18.979,open,84,,47.923,40.02,39,0,40.609,9.562,12040,511032,731136,434400,22587353
18.990,open,84,,47.914,40.02,39,0,40.616,9.564,12040,498000,731136,421368,22600385
19.000,open,84,,47.919,40.02,39,0,40.612,9.564,14448,749448,731136,668976,22613417
19.010,open,84,,47.84,40.02,40,0,40.68,9.336,16856,737864,731136,655944,22625001
19.020,open,84,,47.84,40.02,40,0,40.679,9.344,16856,724832,731136,642912,22638033
19.030,open,84,,47.922,40.02,39,0,40.609,9.564,12040,713736,731136,634224,22648169
19.040,open,84,,47.927,40.02,39,0,40.606,9.564,14448,700704,731136,621192,22661201
19.050,open,84,,47.927,40.02,39,0,40.605,9.564,14448,687672,731136,608160,22674233
19.060,open,84,,47.851,40.02,40,0,40.67,9.336,16856,677048,731136,595128,22685817
19.070,open,84,,47.932,40.02,39,0,40.601,9.562,12040,664992,731136,586440,22695953
19.080,open,84,,47.928,40.02,39,0,40.604,9.562,12040,651960,731136,573408,22708985
19.090,open,84,,47.922,40.02,39,0,40.609,9.564,14448,638928,731136,560376,22722017
19.100,open,84,,47.862,40.02,40,0,40.661,9.337,16856,628304,731136,547344,22733601
19.110,open,84,,47.933,40.02,39,0,40.601,9.556,12040,617208,731136,538656,22743737
19.121,open,84,,47.925,40.02,39,0,40.607,9.556,12040,603216,731136,525624,22756769
19.131,open,84,,47.923,40.02,39,0,40.609,9.555,14448,590184,731136,512592,22769801
19.141,open,84,,47.839,40.02,40,0,40.68,9.555,16856,579560,731136,499560,22781385
19.151,open,84,,47.84,40.02,40,0,40.679,9.329,16856,566528,731136,486528,22794417
19.161,open,84,,47.921,40.02,39,0,40.611,9.564,12040,555432,731136,477840,22804553
19.171,open,84,,47.922,40.02,39,0,40.61,9.564,14448,542400,731136,464808,22817585
19.181,open,84,,47.922,40.02,39,0,40.61,9.565,14448,528408,731136,451776,22830617
19.191,open,84,,47.841,40.02,40,0,40.678,9.338,16856,517784,731136,438744,22842201
19.201,open,84,,47.921,40.02,39,0,40.61,9.564,12040,506688,731136,430056,22852337
19.211,open,84,,47.921,40.02,39,0,40.61,9.564,12040,493656,731136,417024,22865369
19.221,open,84,,47.922,40.02,39,0,40.61,9.564,14448,745104,731136,664632,22878401
19.231,open,84,,47.841,40.02,40,0,40.678,9.336,16856,733520,731136,651600,22889985
19.241,open,84,,47.922,40.02,42,0,40.61,9.564,16856,723384,731136,638568,22900121
19.251,open,84,,47.922,40.02,39,0,40.61,9.564,12040,709392,731136,629880,22913153
19.261,open,84,,47.922,40.02,39,0,40.61,9.564,14448,696360,731136,616848,22926185
19.272,open,84,,47.843,40.02,40,0,40.677,9.336,16856,685736,731136,603816,22937769
19.282,open,84,,47.84,40.02,40,0,40.679,9.336,16856,671744,731136,590784,22950801
19.292,open,84,,47.922,40.02,39,0,40.61,9.564,12040,660648,731136,582096,22960937
19.302,open,84,,47.915,40.02,39,0,40.616,9.564,14448,647616,731136,569064,22973969
19.312,open,84,,47.92,40.02,39,0,40.611,9.563,14448,634584,731136,556032,22987001
19.322,open,84,,47.84,40.02,40,0,40.68,9.336,16856,623960,731136,543000,22998585
19.332,open,84,,47.921,40.02,39,0,40.611,9.564,12040,612864,731136,534312,23008721
19.342,open,84,,47.925,40.02,39,0,40.607,9.563,12040,598872,731136,521280,23021753
19.352,open,84,,47.923,40.02,39,0,40.609,9.564,14448,585840,731136,508248,23034785
19.362,open,84,,47.843,40.02,40,0,40.677,9.336,14448,575216,731136,495216,23046369
19.373,open,84,,47.842,40.02,40,0,40.678,9.336,16856,562184,731136,482184,23059401
19.383,open,84,,47.923,40.02,39,0,40.609,9.564,12040,551088,731136,473496,23069537
19.393,open,84,,47.922,40.02,39,0,40.609,9.565,12040,537096,731136,460464,23082569
19.403,open,84,,47.923,40.02,39,0,40.609,9.564,14448,524064,731136,447432,23095601
19.413,open,84,,47.842,40.02,40,0,40.678,9.337,16856,513440,731136,434400,23107185
19.423,open,84,,47.842,40.02,40,0,40.678,9.336,16856,500408,731136,421368,23120217
19.433,open,84,,47.924,40.02,39,0,40.608,9.564,12040,489312,731136,412680,23130353
19.443,open,84,,47.923,40.02,39,0,40.609,9.563,14448,740760,731136,660288,23143385
19.453,open,84,,47.922,40.02,39,0,40.61,9.564,14448,726768,731136,647256,23156417
19.463,open,84,,47.841,40.02,40,0,40.679,9.336,16856,716144,731136,634224,23168001
19.474,open,84,,47.922,40.02,39,0,40.61,9.564,12040,705048,731136,625536,23178137
19.484,open,84,,47.922,40.02,39,0,40.61,9.564,12040,692016,731136,612504,23191169
19.494,open,84,,47.922,40.02,39,0,40.609,9.564,14448,678984,731136,599472,23204201
19.504,open,84,,47.841,40.02,40,0,40.679,9.336,16856,667400,731136,586440,23215785
19.514,open,84,,47.841,40.02,40,0,40.678,9.336,16856,654368,731136,573408,23228817
19.524,open,84,,47.922,40.02,39,0,40.61,9.564,12040,643272,731136,564720,23238953
19.534,open,84,,47.923,40.02,39,0,40.609,9.564,14448,630240,731136,551688,23251985
19.544,open,84,,47.923,40.02,39,0,40.609,9.563,14448,617208,731136,538656,23265017
19.554,open,84,,47.843,40.02,40,0,40.677,9.336,16856,605624,731136,525624,23276601
19.565,open,84,,47.923,40.02,39,0,40.609,9.564,12040,594528,731136,516936,23286737
19.575,open,84,,47.925,40.02,39,0,40.607,9.564,12040,581496,731136,503904,23299769
19.585,open,84,,47.926,40.02,39,0,40.606,9.563,14448,568464,731136,490872,23312801
19.595,open,84,,47.855,40.02,40,0,40.667,9.336,16856,557840,731136,477840,23324385
19.605,open,84,,47.85,40.02,40,0,40.671,9.336,16856,544808,731136,464808,23337417
19.615,open,84,,47.937,40.02,39,0,40.597,9.562,12040,532752,731136,456120,23347553
19.625,open,84,,47.931,40.02,39,0,40.602,9.562,12040,519720,731136,443088,23360585
19.635,open,84,,47.927,40.02,39,0,40.605,9.563,14448,506688,731136,430056,23373617
19.645,open,84,,47.844,40.02,40,0,40.676,9.336,16856,496064,731136,417024,23385201
19.656,open,84,,47.925,40.02,42,0,40.607,9.564,16856,750408,731136,664632,23395337
19.666,open,84,,47.924,40.02,39,0,40.608,9.564,12040,735456,731136,655944,23408369
19.676,open,84,,47.924,40.02,39,0,40.608,9.564,14448,722424,731136,642912,23421401
19.686,open,84,,47.844,40.02,40,0,40.676,9.337,14449,711800,731136,629880,23432985
19.696,open,84,,47.844,40.02,40,0,40.676,9.336,16856,698768,731136,616848,23446017
19.706,open,84,,47.925,40.02,39,0,40.607,9.564,12040,687672,731136,608160,23456153
19.716,open,84,,47.925,40.02,39,0,40.607,9.564,12040,674640,731136,595128,23469185
19.726,open,84,,47.927,40.02,39,0,40.605,9.563,14448,660648,731136,582096,23482217
19.736,open,84,,47.846,40.02,40,0,40.674,9.336,16856,650024,731136,569064,23493801
19.746,open,84,,47.927,40.02,42,0,40.605,9.563,16856,639888,731136,556032,23503937
19.757,open,84,,47.938,40.02,39,0,40.596,9.545,12040,625896,731136,547344,23516969
19.767,open,84,,47.932,40.02,39,0,40.601,9.563,14448,612864,731136,534312,23530001
19.777,open,84,,47.848,40.02,40,0,40.673,9.336,14448,601280,731136,521280,23541585
19.787,open,84,,47.848,40.02,40,0,40.673,9.336,16856,588248,731136,508248,23554617
19.797,open,84,,47.926,40.02,39,0,40.606,9.563,12040,577152,731136,499560,23564753
19.807,open,84,,47.946,40.02,39,0,40.589,9.566,12040,564120,731136,486528,23577785
19.817,open,84,,47.936,40.02,39,0,40.598,9.564,14448,551088,731136,473496,23590817
19.827,open,84,,47.849,40.02,40,0,40.671,9.337,16856,539504,731136,460464,23602401
19.837,open,84,,47.926,40.02,39,0,40.606,9.564,12040,528408,731136,451776,23612537
19.847,open,84,,47.923,40.02,39,0,40.609,9.564,12040,515376,731136,438744,23625569
19.857,open,84,,47.926,40.02,39,0,40.606,9.562,14448,502344,731136,425712,23638601
19.868,open,84,,47.846,40.02,40,0,40.674,9.337,14448,489312,731136,412680,23650185
19.878,open,84,,47.847,40.02,40,0,40.673,9.336,16856,743168,731136,660288,23663217
19.888,open,84,,47.93,40.02,39,0,40.603,9.564,12040,731112,731136,651600,23673353
19.898,open,84,,47.932,40.02,39,0,40.601,9.563,12040,718080,731136,638568,23686385
19.908,open,84,,47.934,40.02,39,0,40.6,9.564,14448,705048,731136,625536,23699417
19.918,open,84,,47.848,40.02,40,0,40.673,9.336,16856,694424,731136,612504,23711001
19.928,open,84,,47.846,40.02,40,0,40.674,9.336,16856,681392,731136,599472,23724033
19.938,open,84,,47.927,40.02,39,0,40.605,9.564,12040,669336,731136,590784,23734169
19.948,open,84,,47.927,40.02,39,0,40.606,9.565,14448,656304,731136,577752,23747201
19.958,open,84,,47.923,40.02,39,0,40.609,9.564,14448,643272,731136,564720,23760233
19.969,open,84,,47.842,40.02,40,0,40.677,9.336,16856,632648,731136,551688,23771817
19.979,open,84,,47.922,40.02,39,0,40.61,9.564,12040,621552,731136,543000,23781953
19.989,open,84,,47.923,40.02,39,0,40.609,9.563,12040,608520,731136,529968,23794985
19.999,open,84,,47.923,40.02,39,0,40.609,9.564,14448,594528,731136,516936,23808017
20.009,open,84,,47.842,40.02,40,0,40.677,9.336,16856,583904,731136,503904,23819601
20.019,open,84,,47.923,40.02,42,0,40.609,9.564,16856,573768,731136,490872,23829737
20.029,open,84,,47.939,40.02,39,0,40.595,9.558,12040,559776,731136,482184,23842769
20.039,open,84,,47.954,40.02,39,0,40.583,9.55,14448,546744,731136,469152,23855801
20.049,open,84,,47.873,40.02,40,0,40.651,9.336,16856,535160,731136,456120,23867385
20.059,open,84,,47.872,40.02,40,0,40.652,9.336,16856,522128,731136,443088,23880417
20.069,open,84,,47.948,40.02,39,0,40.588,9.559,12040,511032,731136,434400,23890553
20.079,open,84,,47.945,40.02,39,0,40.591,9.563,14448,498000,731136,421368,23903585
