t_s,kind,backlog_bytes,backlog_pkts,drops,sent_pkts,count,lastcount,ldelay,drop_next,dropping,ecn_mark,drop_overlimit,new_flows_len,old_flows_len,new_flow_count,maxpacket
0.000,codel,0,0,0,0,0,0,0,0,0,0,0,,,,0
0.012,codel,0,0,0,1,0,0,1,0,0,0,0,,,,42
0.023,codel,0,0,0,1,0,0,1,0,0,0,0,,,,42
0.035,codel,0,0,0,6,0,0,0,0,0,0,0,,,,98
0.047,codel,0,0,0,6,0,0,0,0,0,0,0,,,,98
0.058,codel,0,0,0,6,0,0,0,0,0,0,0,,,,98
0.070,codel,59046,39,0,12,0,0,0,0,0,0,0,,,,1514
0.082,codel,43906,29,0,22,0,0,12084,0,0,0,0,,,,1514
0.093,codel,30378,21,0,31,0,0,22979,0,0,0,0,,,,1514
0.105,codel,15238,11,0,41,0,0,35084,0,0,0,0,,,,1514
0.117,codel,18266,13,0,51,0,0,27479,0,0,0,0,,,,1514
0.128,codel,34822,23,0,61,0,0,13352,0,0,0,0,,,,1514
0.140,codel,51476,34,0,70,0,0,18200,0,0,0,0,,,,1514
0.151,codel,63588,42,0,80,0,0,24259,0,0,0,0,,,,1514
0.163,codel,77214,51,0,89,0,0,30312,0,0,0,0,,,,1514
0.174,codel,92354,61,0,99,0,0,36369,0,0,0,0,,,,1514
0.186,codel,105980,70,1,109,1,1,41217,90227,1,0,0,,,,1514
0.197,codel,121218,81,1,119,1,1,47272,77708,1,0,0,,,,1514
0.210,codel,136358,91,1,129,1,1,53326,65709,1,0,0,,,,1514
0.222,codel,142414,95,1,139,1,1,59305,53896,1,0,0,,,,1514
0.234,codel,143928,96,1,148,1,1,65357,42183,1,0,0,,,,1514
0.246,codel,159068,106,1,158,1,1,71416,30758,1,0,0,,,,1514
0.257,codel,172694,115,1,167,1,1,76261,19417,1,0,0,,,,1514
0.268,codel,177236,118,1,176,1,1,81102,7988,1,0,0,,,,1514
0.280,codel,181680,120,2,187,2,1,86028,46459,1,0,0,,,,1514
0.291,codel,195306,129,2,196,2,1,93287,35017,1,0,0,,,,1514
0.303,codel,210544,140,2,206,2,1,99351,23487,1,0,0,,,,1514
0.314,codel,224170,149,2,215,2,1,102981,12034,1,0,0,,,,1514
0.326,codel,233254,155,2,225,2,1,110242,615,1,0,0,,,,1514
0.337,codel,234768,156,3,234,3,1,106613,45368,1,0,0,,,,1514
0.349,codel,227198,151,3,244,3,1,112669,33934,1,0,0,,,,1514
0.360,codel,219628,146,3,253,3,1,118730,22519,1,0,0,,,,1514
0.371,codel,212058,141,3,263,3,1,123536,11133,1,0,0,,,,1514
0.383,codel,219628,146,3,272,3,1,129628,-303,1,0,0,,,,1514
0.394,codel,231838,155,4,281,4,1,134475,37044,1,0,0,,,,1514
0.406,codel,246978,165,4,291,4,1,135900,25552,1,0,0,,,,1514
0.417,codel,257576,172,4,300,4,1,139322,14201,1,0,0,,,,1514
0.429,codel,274230,183,4,310,4,1,145378,2606,1,0,0,,,,1514
0.440,codel,286342,191,5,319,5,1,150220,35401,1,0,0,,,,1514
0.451,codel,287758,191,5,330,5,1,156358,23851,1,0,0,,,,1514
0.463,codel,280188,186,5,339,5,1,161202,12476,1,0,0,,,,1514
0.474,codel,287758,191,5,349,5,1,166046,1049,1,0,0,,,,1514
0.486,codel,280188,186,6,358,6,1,172104,30169,1,0,0,,,,1514
0.497,codel,272618,181,6,367,6,1,176872,18829,1,0,0,,,,1514
0.508,codel,265232,178,6,377,6,1,181709,7529,1,0,0,,,,1514
0.520,codel,257662,173,7,386,7,1,181718,33721,1,0,0,,,,1514
0.531,codel,248578,167,7,395,7,1,169814,22469,1,0,0,,,,1514
0.542,codel,244036,164,7,404,7,1,162332,11213,1,0,0,,,,1514
0.554,codel,234952,158,7,414,7,1,169605,-169,1,0,0,,,,1514
0.565,codel,233438,157,8,423,8,1,174448,23695,1,0,0,,,,1514
0.576,codel,233340,156,8,434,8,1,180581,12261,1,0,0,,,,1514
0.588,codel,230312,154,8,443,8,1,186638,930,1,0,0,,,,1514
0.599,codel,222742,149,9,452,9,1,191482,22841,1,0,0,,,,1514
0.610,codel,215270,145,9,462,9,1,197534,11541,1,0,0,,,,1514
0.622,codel,207700,140,9,471,9,1,203291,268,1,0,0,,,,1514
0.633,codel,200130,135,10,480,10,1,206015,20541,1,0,0,,,,1514
0.644,codel,194164,132,10,489,10,1,212073,9302,1,0,0,,,,1514
0.655,codel,180538,123,11,499,11,1,218130,28054,1,0,0,,,,1514
0.667,codel,169940,116,11,508,11,1,222976,16741,1,0,0,,,,1514
0.678,codel,160856,110,11,517,11,1,218342,5425,1,0,0,,,,1514
0.689,codel,150258,103,12,527,12,1,218123,22892,1,0,0,,,,1514
0.701,codel,144202,99,12,536,12,1,216921,11515,1,0,0,,,,1514
0.712,codel,139660,96,12,547,12,1,207200,62,1,0,0,,,,1514
0.723,codel,135032,92,13,557,13,1,189342,16159,1,0,0,,,,1514
0.735,codel,127462,87,13,567,13,1,178442,4604,1,0,0,,,,1514
0.747,codel,127462,87,14,576,14,1,177230,19941,1,0,0,,,,1514
0.758,codel,128976,88,14,585,14,1,179439,8572,1,0,0,,,,1514
0.769,codel,121406,83,15,595,15,1,168752,22991,1,0,0,,,,1514
0.781,codel,121308,82,15,605,15,1,157851,11633,1,0,0,,,,1514
0.792,codel,118190,79,15,615,15,1,147021,156,1,0,0,,,,1514
0.803,codel,115732,78,16,625,16,1,115530,13594,1,0,0,,,,1514
0.815,codel,130872,88,16,635,16,1,104708,2108,1,0,0,,,,1514
0.827,codel,129358,87,17,645,17,1,101073,14866,1,0,0,,,,1514
0.838,codel,129358,87,17,654,17,1,97229,3359,1,0,0,,,,1514
0.849,codel,127844,86,18,664,18,1,95872,15511,1,0,0,,,,1514
0.861,codel,121788,82,18,673,18,1,97293,4052,1,0,0,,,,1514
0.872,codel,114218,77,19,683,19,1,91024,15544,1,0,0,,,,1514
0.884,codel,108162,73,19,692,19,1,86181,4107,1,0,0,,,,1514
0.895,codel,100022,67,20,702,20,1,90264,15044,1,0,0,,,,1514
0.907,codel,95382,63,20,713,20,1,98828,3566,1,0,0,,,,1514
0.918,codel,87910,59,21,722,21,1,97541,13981,1,0,0,,,,1514
0.929,codel,83368,56,21,732,21,1,97468,2068,1,0,0,,,,1514
0.941,codel,75798,51,22,741,22,1,95254,11943,1,0,0,,,,1514
0.953,codel,68228,46,22,751,22,1,91333,587,1,0,0,,,,1514
0.964,codel,59144,40,23,760,23,1,81854,9995,1,0,0,,,,1514
0.976,codel,53088,36,24,769,24,1,73164,19080,1,0,0,,,,1514
0.987,codel,46934,31,24,780,24,1,65976,7640,1,0,0,,,,1514
0.998,codel,43906,29,25,789,25,1,54616,16119,1,0,0,,,,1514
1.010,codel,45518,31,25,799,25,1,42427,4729,1,0,0,,,,1514
1.021,codel,40976,28,26,808,26,1,33949,12872,1,0,0,,,,1514
1.033,codel,37948,26,26,818,26,1,32737,1360,1,0,0,,,,1514
1.044,codel,37850,25,27,828,27,1,32817,9050,1,0,0,,,,1514
1.056,codel,30280,20,28,837,28,1,27893,16540,1,0,0,,,,1514
1.067,codel,25738,17,28,847,28,1,27893,5236,1,0,0,,,,1514
1.078,codel,16654,11,29,856,29,1,20627,12502,1,0,0,,,,1514
1.090,codel,12112,8,29,865,29,1,14573,1168,1,0,0,,,,1514
1.101,codel,7570,5,30,875,30,1,4803,0,0,0,0,,,,1514
1.112,codel,0,0,30,884,30,1,2031,0,0,0,0,,,,1514
1.124,codel,0,0,30,892,30,1,1,0,0,0,0,,,,1514
1.135,codel,1514,1,30,901,30,1,0,0,0,0,0,,,,1514
1.146,codel,0,0,30,908,30,1,0,0,0,0,0,,,,1514
1.158,codel,0,0,30,913,30,1,0,0,0,0,0,,,,1514
1.169,codel,0,0,30,918,30,1,0,0,0,0,0,,,,1514
1.180,codel,1514,1,30,926,30,1,0,0,0,0,0,,,,1514
1.192,codel,0,0,30,934,30,1,0,0,0,0,0,,,,1514
1.203,codel,0,0,30,940,30,1,0,0,0,0,0,,,,1514
1.216,codel,1514,1,30,948,30,1,0,0,0,0,0,,,,1514
1.227,codel,4542,3,30,957,30,1,1168,0,0,0,0,,,,1514
1.239,codel,1514,1,30,966,30,1,0,0,0,0,0,,,,1514
1.250,codel,0,0,30,971,30,1,0,0,0,0,0,,,,1514
1.261,codel,3028,2,30,980,30,1,1198,0,0,0,0,,,,1514
1.273,codel,4542,3,30,990,30,1,2418,0,0,0,0,,,,1514
1.284,codel,4542,3,30,999,30,1,3551,0,0,0,0,,,,1514
1.296,codel,0,0,30,1007,30,1,0,0,0,0,0,,,,1514
1.307,codel,1514,1,30,1017,30,1,1,0,0,0,0,,,,1514
1.319,codel,3028,2,30,1028,30,1,1285,0,0,0,0,,,,1514
1.331,codel,4542,3,30,1038,30,1,3703,0,0,0,0,,,,1514
1.342,codel,4542,3,30,1047,30,1,2454,0,0,0,0,,,,1514
1.354,codel,7570,5,30,1057,30,1,4876,0,0,0,0,,,,1514
1.366,codel,9084,6,30,1066,30,1,6006,0,0,0,0,,,,1514
1.377,codel,10598,7,30,1076,30,1,7209,0,0,0,0,,,,1514
1.389,codel,10598,7,30,1086,30,1,7222,0,0,0,0,,,,1514
1.401,codel,13626,9,30,1095,30,1,9638,0,0,0,0,,,,1514
1.412,codel,15238,11,30,1105,30,1,9643,0,0,0,0,,,,1514
1.424,codel,16654,11,30,1116,30,1,10931,0,0,0,0,,,,1514
1.436,codel,18168,12,30,1125,30,1,12143,0,0,0,0,,,,1514
1.448,codel,16654,11,30,1135,30,1,12136,0,0,0,0,,,,1514
1.459,codel,18168,12,30,1145,30,1,12131,0,0,0,0,,,,1514
1.471,codel,19682,13,31,1154,29,29,12137,10177,1,0,0,,,,1514
1.483,codel,19682,13,32,1164,30,29,12061,16659,1,0,0,,,,1514
1.495,codel,21196,14,32,1174,30,29,14486,5087,1,0,0,,,,1514
1.506,codel,19682,13,33,1183,31,29,13276,11426,1,0,0,,,,1514
1.518,codel,16752,12,33,1193,31,29,14484,-92,1,0,0,,,,1514
1.529,codel,16814,13,34,1203,32,29,10935,6043,1,0,0,,,,1514
1.541,codel,16654,11,35,1215,33,29,11052,11979,1,0,0,,,,1514
1.552,codel,16744,12,35,1224,33,29,12273,388,1,0,0,,,,1514
1.564,codel,9084,6,36,1235,34,29,9924,5513,1,0,0,,,,1514
1.576,codel,0,0,37,1244,35,29,0,0,0,0,0,,,,1514
1.588,codel,0,0,37,1251,35,29,0,0,0,0,0,,,,1514
1.599,codel,0,0,37,1255,35,29,0,0,0,0,0,,,,1514
1.611,codel,0,0,37,1265,35,29,0,0,0,0,0,,,,1514
1.623,codel,0,0,37,1270,35,29,0,0,0,0,0,,,,1514
1.634,codel,0,0,37,1275,35,29,1,0,0,0,0,,,,1514
1.646,codel,1514,1,37,1282,35,29,0,0,0,0,0,,,,1514
1.657,codel,0,0,37,1290,35,29,0,0,0,0,0,,,,1514
1.669,codel,0,0,37,1296,35,29,1,0,0,0,0,,,,1514
1.680,codel,0,0,37,1302,35,29,1,0,0,0,0,,,,1514
1.692,codel,3028,2,37,1310,35,29,1195,0,0,0,0,,,,1514
1.703,codel,3028,2,37,1318,35,29,0,0,0,0,0,,,,1514
1.714,codel,1514,1,37,1327,35,29,1,0,0,0,0,,,,1514
1.726,codel,1514,1,37,1333,35,29,0,0,0,0,0,,,,1514
1.737,codel,3028,2,37,1342,35,29,1198,0,0,0,0,,,,1514
1.748,codel,1514,1,37,1352,35,29,0,0,0,0,0,,,,1514
1.760,codel,3028,2,37,1360,35,29,78,0,0,0,0,,,,1514
1.771,codel,1514,1,37,1369,35,29,23,0,0,0,0,,,,1514
1.782,codel,4542,3,37,1378,35,29,1234,0,0,0,0,,,,1514
1.794,codel,3028,2,37,1387,35,29,2238,0,0,0,0,,,,1514
1.805,codel,3028,2,37,1397,35,29,2232,0,0,0,0,,,,1514
1.816,codel,4542,3,37,1407,35,29,1248,0,0,0,0,,,,1514
1.828,codel,4542,3,37,1416,35,29,2455,0,0,0,0,,,,1514
1.839,codel,6056,4,37,1426,35,29,3665,0,0,0,0,,,,1514
1.851,codel,9084,6,37,1435,35,29,3642,0,0,0,0,,,,1514
1.862,codel,10598,7,37,1445,35,29,6010,0,0,0,0,,,,1514
1.874,codel,13626,9,37,1454,35,29,8433,0,0,0,0,,,,1514
1.885,codel,12112,8,37,1463,35,29,8431,0,0,0,0,,,,1514
1.896,codel,15140,10,37,1473,35,29,9647,0,0,0,0,,,,1514
1.908,codel,16654,11,37,1482,35,29,12062,0,0,0,0,,,,1514
1.919,codel,18266,13,37,1492,35,29,12060,0,0,0,0,,,,1514
1.930,codel,16654,11,37,1502,35,29,13358,0,0,0,0,,,,1514
1.942,codel,18168,12,37,1511,35,29,12149,0,0,0,0,,,,1514
1.953,codel,19682,13,37,1521,35,29,12144,0,0,0,0,,,,1514
1.965,codel,22710,15,38,1530,6,6,13357,15745,1,0,0,,,,1514
1.976,codel,19682,13,38,1540,6,6,13358,4451,1,0,0,,,,1514
1.987,codel,18168,12,39,1549,7,6,15699,24154,1,0,0,,,,1514
1.999,codel,19682,13,39,1558,7,6,13282,12787,1,0,0,,,,1514
2.010,codel,18168,12,39,1568,7,6,14488,1387,1,0,0,,,,1514
2.021,codel,21294,15,40,1577,8,6,12067,24640,1,0,0,,,,1514
2.033,codel,19682,13,40,1587,8,6,13356,13341,1,0,0,,,,1514
2.044,codel,21196,14,40,1597,8,6,15780,1945,1,0,0,,,,1514
2.055,codel,18168,12,41,1606,9,6,14571,23752,1,0,0,,,,1514
2.067,codel,12112,8,41,1616,9,6,12358,12370,1,0,0,,,,1514
2.078,codel,7570,5,41,1625,9,6,6222,1040,1,0,0,,,,1514
2.090,codel,7570,5,41,1634,9,6,6012,0,0,0,0,,,,1514
2.101,codel,7570,5,41,1644,9,6,4803,0,0,0,0,,,,1514
2.112,codel,7668,6,41,1653,9,6,6014,0,0,0,0,,,,1514
2.124,codel,7570,5,41,1663,9,6,3668,0,0,0,0,,,,1514
2.135,codel,4542,3,41,1673,9,6,2670,0,0,0,0,,,,1514
2.146,codel,3028,2,41,1682,9,6,2458,0,0,0,0,,,,1514
2.158,codel,4542,3,41,1692,9,6,2452,0,0,0,0,,,,1514
2.169,codel,4542,3,41,1701,9,6,3587,0,0,0,0,,,,1514
2.181,codel,4542,3,41,1710,9,6,1166,0,0,0,0,,,,1514
2.192,codel,3028,2,41,1720,9,6,2378,0,0,0,0,,,,1514
2.203,codel,7570,5,41,1730,9,6,2368,0,0,0,0,,,,1514
2.216,codel,10696,8,41,1740,9,6,7221,0,0,0,0,,,,1514
2.227,codel,10598,7,41,1750,9,6,9706,0,0,0,0,,,,1514
2.239,codel,10598,7,41,1759,9,6,7301,0,0,0,0,,,,1514
2.250,codel,16654,11,41,1769,9,6,9709,0,0,0,0,,,,1514
2.261,codel,16654,11,41,1778,9,6,10934,0,0,0,0,,,,1514
2.273,codel,18168,12,41,1788,9,6,12141,0,0,0,0,,,,1514
2.284,codel,16654,11,41,1797,9,6,13267,0,0,0,0,,,,1514
2.295,codel,19682,13,41,1806,9,6,12064,0,0,0,0,,,,1514
2.307,codel,16654,11,41,1816,9,6,13275,0,0,0,0,,,,1514
2.318,codel,18266,13,42,1825,3,3,12063,37704,1,0,0,,,,1514
2.330,codel,21196,14,42,1835,3,3,14566,26350,1,0,0,,,,1514
2.341,codel,21196,14,42,1845,3,3,14568,14994,1,0,0,,,,1514
2.352,codel,19682,13,42,1854,3,3,16990,3599,1,0,0,,,,1514
2.364,codel,22710,15,43,1863,4,3,14567,41366,1,0,0,,,,1514
2.375,codel,24224,16,43,1873,4,3,16991,30002,1,0,0,,,,1514
2.386,codel,27252,18,43,1882,4,3,16911,18632,1,0,0,,,,1514
2.398,codel,24224,16,43,1892,4,3,19335,7358,1,0,0,,,,1514
2.409,codel,18168,12,44,1901,5,3,18126,39987,1,0,0,,,,1514
2.420,codel,15238,11,44,1910,5,3,17124,28611,1,0,0,,,,1514
2.432,codel,15140,10,44,1921,5,3,9721,17220,1,0,0,,,,1514
2.443,codel,18168,12,44,1930,5,3,10933,5853,1,0,0,,,,1514
2.455,codel,10598,7,45,1939,6,3,11148,34951,1,0,0,,,,1514
2.466,codel,7570,5,45,1949,6,3,3667,0,0,0,0,,,,1514
2.477,codel,9084,6,45,1958,6,3,3590,0,0,0,0,,,,1514
2.489,codel,7570,5,45,1967,6,3,6010,0,0,0,0,,,,1514
2.500,codel,9084,6,45,1977,6,3,4801,0,0,0,0,,,,1514
2.511,codel,10598,7,45,1986,6,3,6011,0,0,0,0,,,,1514
2.523,codel,12112,8,45,1997,6,3,8511,0,0,0,0,,,,1514
2.534,codel,9084,6,45,2006,6,3,9721,0,0,0,0,,,,1514
2.545,codel,3028,2,45,2015,6,3,2456,0,0,0,0,,,,1514
2.557,codel,7570,5,45,2025,6,3,3670,0,0,0,0,,,,1514
2.568,codel,6056,4,45,2034,6,3,3588,0,0,0,0,,,,1514
2.579,codel,7570,5,45,2043,6,3,4800,0,0,0,0,,,,1514
2.591,codel,10598,7,45,2053,6,3,6011,0,0,0,0,,,,1514
2.602,codel,12112,8,45,2062,6,3,9643,0,0,0,0,,,,1514
2.613,codel,12112,8,45,2072,6,3,8434,0,0,0,0,,,,1514
2.625,codel,15140,10,45,2082,6,3,9722,0,0,0,0,,,,1514
2.636,codel,18168,12,45,2091,6,3,10933,0,0,0,0,,,,1514
2.648,codel,15140,10,45,2101,6,3,12145,0,0,0,0,,,,1514
2.659,codel,21196,14,45,2110,6,3,12143,0,0,0,0,,,,1514
2.671,codel,21196,14,45,2120,6,3,14567,0,0,0,0,,,,1514
2.682,codel,22710,15,45,2129,6,3,15698,0,0,0,0,,,,1514
2.693,codel,22710,15,46,2138,3,3,15699,48315,1,0,0,,,,1514
2.705,codel,24224,16,46,2148,3,3,16910,36907,1,0,0,,,,1514
2.716,codel,25836,18,46,2157,3,3,15699,25566,1,0,0,,,,1514
2.728,codel,25836,18,46,2167,3,3,19332,14093,1,0,0,,,,1514
2.739,codel,25738,17,46,2177,3,3,18202,2692,1,0,0,,,,1514
2.750,codel,24224,16,47,2186,4,3,16990,41311,1,0,0,,,,1514
2.762,codel,21196,14,47,2196,4,3,18199,29642,1,0,0,,,,1514
2.773,codel,25738,17,47,2206,4,3,15771,18168,1,0,0,,,,1514
2.785,codel,19682,13,47,2215,4,3,15773,6805,1,0,0,,,,1514
2.796,codel,16654,11,48,2224,5,3,17118,39106,1,0,0,,,,1514
2.808,codel,13626,9,48,2234,5,3,12066,27686,1,0,0,,,,1514
2.819,codel,16752,12,48,2243,5,3,9640,16283,1,0,0,,,,1514
2.831,codel,13626,9,48,2254,5,3,12144,4915,1,0,0,,,,1514
2.842,codel,15140,10,49,2263,6,3,9722,34033,1,0,0,,,,1514
2.853,codel,15140,10,49,2272,6,3,10933,22634,1,0,0,,,,1514
2.865,codel,15140,10,49,2282,6,3,10933,11281,1,0,0,,,,1514
2.876,codel,10598,7,49,2291,6,3,11148,-24,1,0,0,,,,1514
2.887,codel,4542,3,50,2300,7,3,6223,26128,1,0,0,,,,1514
2.899,codel,10598,7,50,2310,7,3,4799,0,0,0,0,,,,1514
2.910,codel,9084,6,50,2320,7,3,6009,0,0,0,0,,,,1514
2.922,codel,3028,2,50,2331,7,3,4881,0,0,0,0,,,,1514
2.934,codel,0,0,50,2338,7,3,0,0,0,0,0,,,,1514
2.945,codel,3028,2,50,2347,7,3,0,0,0,0,0,,,,1514
2.957,codel,3028,2,50,2357,7,3,1198,0,0,0,0,,,,1514
2.968,codel,1514,1,50,2366,7,3,1125,0,0,0,0,,,,1514
2.980,codel,1514,1,50,2374,7,3,2401,0,0,0,0,,,,1514
2.991,codel,4542,3,50,2383,7,3,2432,0,0,0,0,,,,1514
3.003,codel,3028,2,50,2393,7,3,1218,0,0,0,0,,,,1514
3.014,codel,6056,4,50,2402,7,3,3632,0,0,0,0,,,,1514
3.025,codel,4542,3,50,2412,7,3,4879,0,0,0,0,,,,1514
3.037,codel,7570,5,50,2422,7,3,4879,0,0,0,0,,,,1514
3.048,codel,10598,7,50,2431,7,3,4876,0,0,0,0,,,,1514
3.060,codel,9084,6,50,2441,7,3,7300,0,0,0,0,,,,1514
3.071,codel,9084,6,50,2450,7,3,6012,0,0,0,0,,,,1514
3.082,codel,9084,6,50,2459,7,3,6010,0,0,0,0,,,,1514
3.094,codel,15140,10,50,2469,7,3,6010,0,0,0,0,,,,1514
3.105,codel,15140,10,50,2478,7,3,10853,0,0,0,0,,,,1514
3.116,codel,13626,9,50,2487,7,3,12066,0,0,0,0,,,,1514
3.128,codel,15238,11,50,2497,7,3,9644,0,0,0,0,,,,1514
3.139,codel,18168,12,50,2507,7,3,10934,0,0,0,0,,,,1514
3.150,codel,21196,14,50,2516,7,3,10934,0,0,0,0,,,,1514
3.161,codel,21196,14,50,2525,7,3,14352,0,0,0,0,,,,1514
3.173,codel,21196,14,50,2535,7,3,13358,0,0,0,0,,,,1514
3.184,codel,22710,15,50,2544,7,3,16992,0,0,0,0,,,,1514
3.195,codel,22710,15,51,2553,4,4,14488,34880,1,0,0,,,,1514
3.207,codel,25738,17,51,2564,4,4,15699,21869,1,0,0,,,,1514
3.220,codel,25836,18,51,2574,4,4,18110,10317,1,0,0,,,,1514
3.231,codel,22808,16,52,2583,5,4,19333,43521,1,0,0,,,,1514
3.243,codel,19682,13,52,2594,5,4,16944,31950,1,0,0,,,,1514
3.254,codel,13626,9,52,2603,5,4,16970,20662,1,0,0,,,,1514
3.265,codel,12112,8,52,2612,5,4,9937,9221,1,0,0,,,,1514
3.277,codel,19682,13,53,2622,6,4,9720,38118,1,0,0,,,,1514
3.288,codel,16654,11,53,2631,6,4,14567,26933,1,0,0,,,,1514
3.299,codel,18168,12,53,2641,6,4,13273,15440,1,0,0,,,,1514
3.311,codel,15140,10,53,2650,6,4,13276,3936,1,0,0,,,,1514
3.322,codel,12210,9,54,2660,7,4,9638,29848,1,0,0,,,,1514
3.334,codel,9084,6,54,2670,7,4,6070,18122,1,0,0,,,,1514
3.346,codel,9084,6,54,2680,7,4,4870,0,0,0,0,,,,1514
3.357,codel,13626,9,54,2689,7,4,6081,0,0,0,0,,,,1514
3.369,codel,6056,4,54,2699,7,4,7510,0,0,0,0,,,,1514
3.381,codel,6056,4,54,2709,7,4,2371,0,0,0,0,,,,1514
3.392,codel,4542,3,54,2718,7,4,3584,0,0,0,0,,,,1514
3.404,codel,4542,3,54,2728,7,4,3577,0,0,0,0,,,,1514
3.416,codel,3028,2,54,2738,7,4,0,0,0,0,0,,,,1514
3.428,codel,3028,2,54,2748,7,4,1231,0,0,0,0,,,,1514
3.439,codel,1514,1,54,2758,7,4,1203,0,0,0,0,,,,1514
3.451,codel,4542,3,54,2769,7,4,3655,0,0,0,0,,,,1514
3.465,codel,9084,6,54,2779,7,4,6078,0,0,0,0,,,,1514
3.476,codel,6056,4,54,2789,7,4,4752,0,0,0,0,,,,1514
3.488,codel,7570,5,54,2798,7,4,4756,0,0,0,0,,,,1514
3.500,codel,9084,6,54,2808,7,4,6002,0,0,0,0,,,,1514
3.512,codel,10598,7,54,2818,7,4,8425,0,0,0,0,,,,1514
3.523,codel,10696,8,54,2827,7,4,5988,0,0,0,0,,,,1514
3.535,codel,10598,7,54,2838,7,4,8502,0,0,0,0,,,,1514
3.546,codel,18168,12,54,2847,7,4,7270,0,0,0,0,,,,1514
3.558,codel,18168,12,54,2857,7,4,12129,0,0,0,0,,,,1514
3.569,codel,15140,10,54,2867,7,4,12139,0,0,0,0,,,,1514
3.581,codel,15140,10,54,2877,7,4,10848,0,0,0,0,,,,1514
3.593,codel,16654,11,54,2886,7,4,12050,0,0,0,0,,,,1514
3.605,codel,16654,11,55,2896,3,3,9637,42676,1,0,0,,,,1514
3.617,codel,24224,16,55,2906,3,3,12056,31088,1,0,0,,,,1514
3.629,codel,22808,16,55,2915,3,3,15693,19469,1,0,0,,,,1514
3.640,codel,22710,15,55,2926,3,3,18187,8000,1,0,0,,,,1514
3.652,codel,22710,15,56,2935,4,3,16976,46482,1,0,0,,,,1514
3.663,codel,22710,15,56,2945,4,3,15772,35075,1,0,0,,,,1514
3.675,codel,22710,15,56,2954,4,3,15752,23693,1,0,0,,,,1514
3.686,codel,18168,12,56,2963,4,3,18183,12359,1,0,0,,,,1514
3.697,codel,9084,6,56,2973,4,3,15695,930,1,0,0,,,,1514
3.709,codel,12112,8,57,2982,5,3,6008,33311,1,0,0,,,,1514
3.720,codel,12112,8,57,2992,5,3,8431,21662,1,0,0,,,,1514
3.732,codel,15140,10,57,3002,5,3,9721,10080,1,0,0,,,,1514
3.744,codel,13626,9,58,3012,6,3,9725,39140,1,0,0,,,,1514
3.755,codel,13626,9,58,3021,6,3,8514,27566,1,0,0,,,,1514
3.767,codel,15140,10,58,3031,6,3,10933,16140,1,0,0,,,,1514
3.778,codel,15140,10,58,3040,6,3,12140,4670,1,0,0,,,,1514
3.789,codel,12112,8,59,3050,7,3,10853,30753,1,0,0,,,,1514
3.801,codel,10598,7,59,3059,7,3,7225,19450,1,0,0,,,,1514
3.812,codel,10598,7,59,3068,7,3,7221,8017,1,0,0,,,,1514
3.824,codel,12210,9,60,3078,8,3,8431,31732,1,0,0,,,,1514
3.835,codel,9084,6,60,3088,8,3,8515,20364,1,0,0,,,,1514
3.846,codel,9084,6,60,3098,8,3,4881,0,0,0,0,,,,1514
3.858,codel,10598,7,60,3107,8,3,6087,0,0,0,0,,,,1514
3.869,codel,7570,5,60,3117,8,3,7303,0,0,0,0,,,,1514
3.881,codel,1514,1,60,3126,8,3,1377,0,0,0,0,,,,1514
3.892,codel,3028,2,60,3135,8,3,0,0,0,0,0,,,,1514
3.904,codel,4542,3,60,3145,8,3,2395,0,0,0,0,,,,1514
3.915,codel,0,0,60,3152,8,3,0,0,0,0,0,,,,1514
3.926,codel,4542,3,60,3163,8,3,44,0,0,0,0,,,,1514
3.938,codel,3028,2,60,3173,8,3,1256,0,0,0,0,,,,1514
3.949,codel,4542,3,60,3182,8,3,2463,0,0,0,0,,,,1514
3.960,codel,3028,2,60,3192,8,3,1246,0,0,0,0,,,,1514
3.972,codel,6056,4,60,3201,8,3,3587,0,0,0,0,,,,1514
3.983,codel,9084,6,60,3210,8,3,6011,0,0,0,0,,,,1514
3.995,codel,10598,7,60,3220,8,3,4798,0,0,0,0,,,,1514
4.006,codel,7570,5,60,3230,8,3,6006,0,0,0,0,,,,1514
4.018,codel,9084,6,60,3239,8,3,4792,0,0,0,0,,,,1514
4.029,codel,10696,8,60,3249,8,3,8420,0,0,0,0,,,,1514
4.041,codel,9084,6,60,3259,8,3,6087,0,0,0,0,,,,1514
4.052,codel,13626,9,60,3268,8,3,6087,0,0,0,0,,,,1514
4.063,codel,18168,12,60,3278,8,3,10931,0,0,0,0,,,,1514
4.075,codel,19682,13,60,3287,8,3,12143,0,0,0,0,,,,1514
4.086,codel,21196,14,60,3296,8,3,15773,0,0,0,0,,,,1514
4.097,codel,21196,14,60,3306,8,3,14490,0,0,0,0,,,,1514
4.109,codel,21196,14,60,3315,8,3,15698,0,0,0,0,,,,1514
4.120,codel,21196,14,61,3324,5,5,15696,40663,1,0,0,,,,1514
4.132,codel,22808,16,61,3334,5,5,14486,29303,1,0,0,,,,1514
4.143,codel,24224,16,61,3344,5,5,16979,18033,1,0,0,,,,1514
4.154,codel,24224,16,61,3354,5,5,16990,6634,1,0,0,,,,1514
4.166,codel,22710,15,62,3363,6,5,14566,35996,1,0,0,,,,1514
4.177,codel,24224,16,62,3372,6,5,16988,24610,1,0,0,,,,1514
4.188,codel,24224,16,62,3382,6,5,19410,13284,1,0,0,,,,1514
4.200,codel,21196,14,62,3392,6,5,16910,1000,1,0,0,,,,1514
4.212,codel,18168,12,63,3402,7,5,15698,26425,1,0,0,,,,1514
4.224,codel,13626,9,63,3411,7,5,15696,14957,1,0,0,,,,1514
4.235,codel,12112,8,63,3422,7,5,10910,3528,1,0,0,,,,1514
4.247,codel,13626,9,64,3431,8,5,8478,27410,1,0,0,,,,1514
4.258,codel,6056,4,64,3440,8,5,7513,16003,1,0,0,,,,1514
4.270,codel,7570,5,64,3450,8,5,4873,0,0,0,0,,,,1514
4.281,codel,10598,7,64,3459,8,5,6085,0,0,0,0,,,,1514
4.292,codel,4542,3,64,3469,8,5,6006,0,0,0,0,,,,1514
4.304,codel,1514,1,64,3478,8,5,1165,0,0,0,0,,,,1514
4.315,codel,4542,3,64,3487,8,5,2404,0,0,0,0,,,,1514
4.326,codel,3028,2,64,3498,8,5,63,0,0,0,0,,,,1514
4.338,codel,4542,3,64,3507,8,5,4905,0,0,0,0,,,,1514
4.349,codel,4542,3,64,3517,8,5,2456,0,0,0,0,,,,1514
4.361,codel,6056,4,64,3526,8,5,3664,0,0,0,0,,,,1514
4.372,codel,6056,4,64,3535,8,5,2377,0,0,0,0,,,,1514
4.383,codel,9084,6,64,3545,8,5,4795,0,0,0,0,,,,1514
4.395,codel,12112,8,64,3554,8,5,6011,0,0,0,0,,,,1514
4.406,codel,13626,9,64,3564,8,5,8433,0,0,0,0,,,,1514
4.418,codel,12112,8,64,3573,8,5,8432,0,0,0,0,,,,1514
4.429,codel,18266,13,64,3582,8,5,9646,0,0,0,0,,,,1514
4.441,codel,16654,11,64,3593,8,5,13357,0,0,0,0,,,,1514
4.452,codel,19682,13,64,3602,8,5,12146,0,0,0,0,,,,1514
4.463,codel,19682,13,64,3612,8,5,14568,0,0,0,0,,,,1514
4.475,codel,18168,12,64,3621,8,5,14567,0,0,0,0,,,,1514
4.486,codel,24224,16,64,3630,8,5,15778,0,0,0,0,,,,1514
4.498,codel,19682,13,65,3640,3,3,15702,38579,1,0,0,,,,1514
4.509,codel,19682,13,65,3649,3,3,14489,27085,1,0,0,,,,1514
4.520,codel,24224,16,65,3659,3,3,15700,15646,1,0,0,,,,1514
4.532,codel,25836,18,65,3668,3,3,16908,4235,1,0,0,,,,1514
4.543,codel,21196,14,66,3679,4,3,16991,42416,1,0,0,,,,1514
4.555,codel,19682,13,66,3688,4,3,16990,31051,1,0,0,,,,1514
4.566,codel,21196,14,66,3697,4,3,14566,19735,1,0,0,,,,1514
4.577,codel,19682,13,66,3707,4,3,16989,8328,1,0,0,,,,1514
4.589,codel,18168,12,67,3716,5,3,13350,40933,1,0,0,,,,1514
4.600,codel,15140,10,67,3726,5,3,14488,29379,1,0,0,,,,1514
4.612,codel,16654,11,67,3735,5,3,13274,18053,1,0,0,,,,1514
4.623,codel,12112,8,67,3744,5,3,13492,6654,1,0,0,,,,1514
4.634,codel,7570,5,68,3755,6,3,7298,35686,1,0,0,,,,1514
4.646,codel,3028,2,68,3766,6,3,4873,0,0,0,0,,,,1514
4.659,codel,4542,3,68,3775,6,3,3663,0,0,0,0,,,,1514
4.671,codel,4542,3,68,3785,6,3,4840,0,0,0,0,,,,1514
4.682,codel,6056,4,68,3794,6,3,2367,0,0,0,0,,,,1514
4.694,codel,1514,1,68,3804,6,3,1162,0,0,0,0,,,,1514
4.705,codel,0,0,68,3812,6,3,1,0,0,0,0,,,,1514
4.716,codel,0,0,68,3819,6,3,0,0,0,0,0,,,,1514
4.728,codel,1514,1,68,3829,6,3,59,0,0,0,0,,,,1514
4.739,codel,1514,1,68,3838,6,3,1285,0,0,0,0,,,,1514
4.751,codel,7570,5,68,3847,6,3,2653,0,0,0,0,,,,1514
4.762,codel,4542,3,68,3857,6,3,1464,0,0,0,0,,,,1514
4.773,codel,4542,3,68,3866,6,3,1164,0,0,0,0,,,,1514
4.785,codel,6056,4,68,3876,6,3,2340,0,0,0,0,,,,1514
4.796,codel,7570,5,68,3885,6,3,2372,0,0,0,0,,,,1514
4.807,codel,7570,5,68,3894,6,3,2380,0,0,0,0,,,,1514
4.819,codel,9084,6,68,3904,6,3,3565,0,0,0,0,,,,1514
4.830,codel,9182,7,68,3913,6,3,5990,0,0,0,0,,,,1514
4.841,codel,15140,10,68,3923,6,3,8522,0,0,0,0,,,,1514
4.853,codel,13626,9,68,3933,6,3,10935,0,0,0,0,,,,1514
4.864,codel,15140,10,68,3942,6,3,8509,0,0,0,0,,,,1514
4.875,codel,13626,9,68,3952,6,3,9624,0,0,0,0,,,,1514
4.887,codel,16654,11,68,3961,6,3,9528,0,0,0,0,,,,1514
4.898,codel,16654,11,68,3970,6,3,12060,0,0,0,0,,,,1514
4.909,codel,19682,13,68,3980,6,3,13274,0,0,0,0,,,,1514
4.921,codel,21196,14,68,3989,6,3,12061,0,0,0,0,,,,1514
4.932,codel,21294,15,69,3998,3,3,14485,43646,1,0,0,,,,1514
4.944,codel,21196,14,69,4009,3,3,14565,32284,1,0,0,,,,1514
4.955,codel,22710,15,69,4018,3,3,15777,20952,1,0,0,,,,1514
4.966,codel,25738,17,69,4027,3,3,18197,9592,1,0,0,,,,1514
4.978,codel,22710,15,70,4037,4,3,16988,48239,1,0,0,,,,1514
4.989,codel,15140,10,70,4046,4,3,16988,36838,1,0,0,,,,1514
5.000,codel,16654,11,70,4056,4,3,11070,25439,1,0,0,,,,1514
5.012,codel,19682,13,70,4065,4,3,12064,14068,1,0,0,,,,1514
5.023,codel,18168,12,70,4074,4,3,13267,2726,1,0,0,,,,1514
5.034,codel,15238,11,71,4084,5,3,14493,35048,1,0,0,,,,1514
5.046,codel,13626,9,71,4094,5,3,12143,23747,1,0,0,,,,1514
5.057,codel,13626,9,71,4103,5,3,9719,12357,1,0,0,,,,1514
5.069,codel,7570,5,71,4113,5,3,6294,1038,1,0,0,,,,1514
5.080,codel,6056,4,71,4122,5,3,2457,0,0,0,0,,,,1514
5.091,codel,10598,7,71,4131,5,3,4800,0,0,0,0,,,,1514
5.103,codel,4542,3,71,4141,5,3,5014,0,0,0,0,,,,1514
5.114,codel,0,0,71,4149,5,3,0,0,0,0,0,,,,1514
5.125,codel,4542,3,71,4158,5,3,2195,0,0,0,0,,,,1514
5.137,codel,3028,2,71,4168,5,3,1063,0,0,0,0,,,,1514
5.148,codel,6056,4,71,4177,5,3,2279,0,0,0,0,,,,1514
5.159,codel,1514,1,71,4187,5,3,35,0,0,0,0,,,,1514
5.171,codel,4542,3,71,4196,5,3,2456,0,0,0,0,,,,1514
5.182,codel,7570,5,71,4206,5,3,3586,0,0,0,0,,,,1514
5.193,codel,9084,6,71,4215,5,3,3584,0,0,0,0,,,,1514
5.205,codel,7570,5,71,4225,5,3,4783,0,0,0,0,,,,1514
5.218,codel,9084,6,71,4236,5,3,4793,0,0,0,0,,,,1514
5.230,codel,10696,8,71,4245,5,3,4776,0,0,0,0,,,,1514
5.241,codel,15140,10,71,4255,5,3,7289,0,0,0,0,,,,1514
5.253,codel,13626,9,71,4265,5,3,9717,0,0,0,0,,,,1514
5.264,codel,16654,11,71,4274,5,3,9721,0,0,0,0,,,,1514
5.275,codel,16654,11,71,4284,5,3,12141,0,0,0,0,,,,1514
5.287,codel,19682,13,71,4293,5,3,12142,0,0,0,0,,,,1514
5.298,codel,21196,14,71,4303,5,3,14477,0,0,0,0,,,,1514
5.310,codel,24224,16,71,4312,5,3,14484,0,0,0,0,,,,1514
5.321,codel,21196,14,71,4322,5,3,16902,0,0,0,0,,,,1514
5.333,codel,21294,15,71,4331,5,3,18125,0,0,0,0,,,,1514
5.345,codel,22808,16,72,4341,2,2,15696,48169,1,0,0,,,,1514
5.356,codel,22710,15,72,4352,2,2,18191,36531,1,0,0,,,,1514
5.368,codel,24224,16,72,4361,2,2,16980,25006,1,0,0,,,,1514
5.379,codel,28766,19,72,4371,2,2,19407,13309,1,0,0,,,,1514
5.391,codel,30280,20,72,4380,2,2,19401,1741,1,0,0,,,,1514
5.403,codel,24224,16,73,4390,3,2,20605,47795,1,0,0,,,,1514
5.414,codel,25738,17,73,4400,3,2,21727,35921,1,0,0,,,,1514
5.426,codel,27252,18,73,4409,3,2,18110,24096,1,0,0,,,,1514
5.438,codel,24322,17,73,4419,3,2,19324,12232,1,0,0,,,,1514
5.450,codel,24322,17,73,4429,3,2,20516,536,1,0,0,,,,1514
5.462,codel,24224,16,74,4439,4,2,18081,36977,1,0,0,,,,1514
5.473,codel,22710,15,74,4448,4,2,19315,25303,1,0,0,,,,1514
5.485,codel,24224,16,74,4458,4,2,16899,13604,1,0,0,,,,1514
5.497,codel,16654,11,74,4468,4,2,16893,1920,1,0,0,,,,1514
5.508,codel,15140,10,75,4477,5,2,12274,34631,1,0,0,,,,1514
5.520,codel,18168,12,75,4487,5,2,10847,23001,1,0,0,,,,1514
5.532,codel,19682,13,75,4496,5,2,12055,11480,1,0,0,,,,1514
5.543,codel,18266,13,75,4506,5,2,14478,-251,1,0,0,,,,1514
5.555,codel,15140,10,76,4517,6,2,12143,28137,1,0,0,,,,1514
5.567,codel,6126,5,76,4527,6,2,9929,16230,1,0,0,,,,1514
5.579,codel,4542,3,76,4538,6,2,2491,0,0,0,0,,,,1514
5.592,codel,4542,3,76,4548,6,2,4826,0,0,0,0,,,,1514
5.603,codel,7570,5,76,4558,6,2,2406,0,0,0,0,,,,1514
5.615,codel,4542,3,76,4568,6,2,3584,0,0,0,0,,,,1514
5.627,codel,1514,1,76,4577,6,2,1916,0,0,0,0,,,,1514
5.639,codel,0,0,76,4584,6,2,0,0,0,0,0,,,,1514
5.650,codel,3028,2,76,4595,6,2,1188,0,0,0,0,,,,1514
5.662,codel,6056,4,76,4604,6,2,1197,0,0,0,0,,,,1514
5.673,codel,4542,3,76,4614,6,2,4830,0,0,0,0,,,,1514
5.684,codel,6056,4,76,4623,6,2,3587,0,0,0,0,,,,1514
5.696,codel,9084,6,76,4633,6,2,2376,0,0,0,0,,,,1514
5.707,codel,7570,5,76,4642,6,2,6012,0,0,0,0,,,,1514
5.719,codel,9084,6,76,4651,6,2,6008,0,0,0,0,,,,1514
5.730,codel,13626,9,76,4661,6,2,8435,0,0,0,0,,,,1514
5.742,codel,10696,8,76,4670,6,2,9645,0,0,0,0,,,,1514
5.753,codel,13626,9,76,4681,6,2,8502,0,0,0,0,,,,1514
5.765,codel,13626,9,76,4690,6,2,8509,0,0,0,0,,,,1514
5.776,codel,16654,11,76,4700,6,2,10921,0,0,0,0,,,,1514
5.787,codel,18168,12,76,4709,6,2,10934,0,0,0,0,,,,1514
5.799,codel,18168,12,76,4719,6,2,12062,0,0,0,0,,,,1514
5.810,codel,16654,11,76,4728,6,2,13277,0,0,0,0,,,,1514
5.822,codel,18168,12,77,4737,4,4,12063,40387,1,0,0,,,,1514
5.833,codel,22710,15,77,4747,4,4,13277,29120,1,0,0,,,,1514
5.844,codel,24322,17,77,4756,4,4,16913,17560,1,0,0,,,,1514
5.856,codel,22710,15,77,4766,4,4,18201,6227,1,0,0,,,,1514
5.867,codel,22710,15,78,4776,5,4,15777,39161,1,0,0,,,,1514
5.879,codel,22710,15,78,4785,5,4,15775,27703,1,0,0,,,,1514
5.890,codel,24224,16,78,4795,5,4,16983,16211,1,0,0,,,,1514
5.902,codel,25738,17,78,4804,5,4,18201,4768,1,0,0,,,,1514
5.913,codel,18168,12,79,4814,6,4,16912,33640,1,0,0,,,,1514
5.925,codel,19682,13,79,4823,6,4,15915,22188,1,0,0,,,,1514
5.936,codel,18266,13,79,4833,6,4,14489,10721,1,0,0,,,,1514
5.947,codel,19780,14,79,4842,6,4,13245,-851,1,0,0,,,,1514
5.959,codel,18168,12,80,4852,7,4,14498,24324,1,0,0,,,,1514
5.971,codel,13626,9,80,4862,7,4,12057,12720,1,0,0,,,,1514
5.983,codel,16654,11,80,4871,7,4,9628,1301,1,0,0,,,,1514
5.994,codel,13626,9,81,4881,8,4,9563,24897,1,0,0,,,,1514
6.006,codel,15140,10,81,4890,8,4,9616,13572,1,0,0,,,,1514
6.017,codel,15140,10,81,4900,8,4,10855,2212,1,0,0,,,,1514
6.029,codel,13626,9,82,4909,9,4,8432,24028,1,0,0,,,,1514
6.040,codel,12210,9,82,4919,9,4,7436,12650,1,0,0,,,,1514
6.051,codel,13626,9,82,4929,9,4,9720,1235,1,0,0,,,,1514
6.063,codel,10598,7,83,4938,10,4,8511,21311,1,0,0,,,,1514
6.074,codel,9084,6,83,4948,10,4,6088,0,0,0,0,,,,1514
6.086,codel,7570,5,83,4957,10,4,4880,0,0,0,0,,,,1514
6.097,codel,9084,6,83,4967,10,4,4794,0,0,0,0,,,,1514
6.109,codel,9084,6,83,4976,10,4,4800,0,0,0,0,,,,1514
6.120,codel,10598,7,83,4986,10,4,6009,0,0,0,0,,,,1514
6.132,codel,9084,6,83,4995,10,4,6002,0,0,0,0,,,,1514
6.143,codel,1514,1,83,5006,10,4,236,0,0,0,0,,,,1514
6.155,codel,4542,3,83,5015,10,4,31,0,0,0,0,,,,1514
6.166,codel,0,0,83,5023,10,4,28,0,0,0,0,,,,1514
6.177,codel,1514,1,83,5034,10,4,1242,0,0,0,0,,,,1514
6.189,codel,3028,2,83,5043,10,4,0,0,0,0,0,,,,1514
6.200,codel,6056,4,83,5053,10,4,1189,0,0,0,0,,,,1514
6.212,codel,10598,7,83,5063,10,4,4790,0,0,0,0,,,,1514
6.224,codel,10598,7,83,5073,10,4,6019,0,0,0,0,,,,1514
6.236,codel,9084,6,83,5082,10,4,8351,0,0,0,0,,,,1514
6.247,codel,10696,8,83,5091,10,4,7212,0,0,0,0,,,,1514
6.258,codel,15140,10,83,5102,10,4,8509,0,0,0,0,,,,1514
6.270,codel,18168,12,83,5111,10,4,10930,0,0,0,0,,,,1514
6.281,codel,15140,10,83,5122,10,4,13353,0,0,0,0,,,,1514
6.294,codel,15140,10,83,5131,10,4,12085,0,0,0,0,,,,1514
6.306,codel,16654,11,83,5141,10,4,10832,0,0,0,0,,,,1514
6.318,codel,21196,14,84,5151,6,6,10849,37285,1,0,0,,,,1514
6.330,codel,21196,14,84,5161,6,6,14481,25433,1,0,0,,,,1514
6.341,codel,21294,15,84,5171,6,6,15694,13509,1,0,0,,,,1514
6.353,codel,22808,16,84,5180,6,6,15685,1757,1,0,0,,,,1514
6.365,codel,21196,14,85,5191,7,6,14554,28056,1,0,0,,,,1514
6.376,codel,24224,16,85,5200,7,6,15781,16587,1,0,0,,,,1514
6.388,codel,22710,15,85,5210,7,6,16983,5201,1,0,0,,,,1514
6.399,codel,19682,13,86,5219,8,6,18180,28937,1,0,0,,,,1514
6.411,codel,12112,8,86,5228,8,6,13271,17637,1,0,0,,,,1514
6.422,codel,9084,6,86,5238,8,6,5013,6275,1,0,0,,,,1514
6.433,codel,12112,8,86,5247,8,6,6018,0,0,0,0,,,,1514
6.445,codel,6154,5,86,5257,8,6,8435,0,0,0,0,,,,1514
6.456,codel,3028,2,86,5267,8,6,246,0,0,0,0,,,,1514
6.468,codel,0,0,86,5275,8,6,1241,0,0,0,0,,,,1514
6.479,codel,0,0,86,5285,8,6,26,0,0,0,0,,,,1514
6.490,codel,1514,1,86,5294,8,6,1,0,0,0,0,,,,1514
6.502,codel,3028,2,86,5304,8,6,2405,0,0,0,0,,,,1514
6.514,codel,3028,2,86,5314,8,6,0,0,0,0,0,,,,1514
6.526,codel,6056,4,86,5323,8,6,1182,0,0,0,0,,,,1514
6.537,codel,7570,5,86,5333,8,6,4770,0,0,0,0,,,,1514
6.549,codel,7570,5,86,5343,8,6,6076,0,0,0,0,,,,1514
6.560,codel,10598,7,86,5353,8,6,6082,0,0,0,0,,,,1514
6.572,codel,9084,6,86,5362,8,6,6083,0,0,0,0,,,,1514
6.583,codel,16654,11,86,5371,8,6,7301,0,0,0,0,,,,1514
6.594,codel,15140,10,86,5381,8,6,10931,0,0,0,0,,,,1514
6.606,codel,15140,10,86,5390,8,6,12060,0,0,0,0,,,,1514
6.617,codel,16654,11,86,5400,8,6,10850,0,0,0,0,,,,1514
6.629,codel,18168,12,86,5409,8,6,12060,0,0,0,0,,,,1514
6.640,codel,19780,14,86,5419,8,6,12062,0,0,0,0,,,,1514
6.652,codel,18266,13,86,5428,8,6,14483,0,0,0,0,,,,1514
6.663,codel,19682,13,86,5438,8,6,15773,0,0,0,0,,,,1514
6.674,codel,16654,11,87,5448,2,2,12143,39239,1,0,0,,,,1514
6.686,codel,21196,14,87,5457,2,2,12119,27802,1,0,0,,,,1514
6.697,codel,21196,14,87,5467,2,2,15779,16384,1,0,0,,,,1514
6.709,codel,27252,18,87,5476,2,2,15771,4866,1,0,0,,,,1514
6.720,codel,18168,12,88,5486,3,2,16909,48966,1,0,0,,,,1514
6.732,codel,15140,10,88,5495,3,2,15913,37411,1,0,0,,,,1514
6.743,codel,13724,10,88,5505,3,2,10847,25850,1,0,0,,,,1514
6.755,codel,12112,8,88,5515,3,2,9671,14451,1,0,0,,,,1514
6.766,codel,12112,8,88,5525,3,2,9723,3050,1,0,0,,,,1514
6.778,codel,13626,9,89,5534,4,2,4878,0,0,0,0,,,,1514
6.789,codel,13626,9,89,5544,4,2,9717,0,0,0,0,,,,1514
6.801,codel,13626,9,89,5553,4,2,9719,0,0,0,0,,,,1514
6.812,codel,10598,7,89,5564,4,2,6215,0,0,0,0,,,,1514
6.825,codel,10598,7,89,5574,4,2,6001,0,0,0,0,,,,1514
6.838,codel,9084,6,89,5584,4,2,7211,0,0,0,0,,,,1514
6.849,codel,3028,2,89,5594,4,2,3870,0,0,0,0,,,,1514
6.861,codel,1514,1,89,5604,4,2,221,0,0,0,0,,,,1514
6.872,codel,3028,2,89,5613,4,2,1239,0,0,0,0,,,,1514
6.884,codel,9084,6,89,5622,4,2,3664,0,0,0,0,,,,1514
6.895,codel,7570,5,89,5632,4,2,4787,0,0,0,0,,,,1514
6.906,codel,7570,5,89,5642,4,2,3584,0,0,0,0,,,,1514
6.918,codel,7570,5,89,5651,4,2,6004,0,0,0,0,,,,1514
6.930,codel,7570,5,89,5660,4,2,6006,0,0,0,0,,,,1514
6.941,codel,10598,7,89,5670,4,2,6008,0,0,0,0,,,,1514
6.952,codel,9084,6,89,5680,4,2,6085,0,0,0,0,,,,1514
6.964,codel,10598,7,89,5690,4,2,6082,0,0,0,0,,,,1514
6.975,codel,13626,9,89,5699,4,2,8511,0,0,0,0,,,,1514
6.986,codel,16654,11,89,5708,4,2,8509,0,0,0,0,,,,1514
6.998,codel,18168,12,89,5718,4,2,12142,0,0,0,0,,,,1514
7.009,codel,19682,13,89,5727,4,2,14487,0,0,0,0,,,,1514
7.021,codel,22710,15,89,5737,4,2,15695,0,0,0,0,,,,1514
7.032,codel,21196,14,89,5746,4,2,14457,0,0,0,0,,,,1514
7.044,codel,21294,15,89,5756,4,2,15692,0,0,0,0,,,,1514
7.055,codel,25836,18,89,5765,4,2,16909,0,0,0,0,,,,1514
7.067,codel,25738,17,90,5776,2,2,15778,58339,1,0,0,,,,1514
7.079,codel,25738,17,90,5786,2,2,18193,46614,1,0,0,,,,1514
7.091,codel,25738,17,90,5795,2,2,18192,35198,1,0,0,,,,1514
7.102,codel,27252,18,90,5805,2,2,18196,23627,1,0,0,,,,1514
7.114,codel,28766,19,90,5814,2,2,19406,12237,1,0,0,,,,1514
7.125,codel,33308,22,90,5824,2,2,21753,680,1,0,0,,,,1514
7.137,codel,31794,21,91,5834,3,2,20546,46312,1,0,0,,,,1514
7.148,codel,30378,21,91,5843,3,2,22965,34956,1,0,0,,,,1514
7.160,codel,28864,20,91,5852,3,2,24176,23663,1,0,0,,,,1514
7.171,codel,22710,15,91,5863,3,2,24255,12335,1,0,0,,,,1514
7.182,codel,22710,15,91,5872,3,2,19623,1041,1,0,0,,,,1514
7.194,codel,25738,17,92,5881,4,2,15773,37963,1,0,0,,,,1514
7.205,codel,28766,19,92,5891,4,2,16989,25787,1,0,0,,,,1514
7.217,codel,28766,19,92,5901,4,2,19402,14115,1,0,0,,,,1514
7.229,codel,28766,19,92,5911,4,2,21830,2494,1,0,0,,,,1514
7.241,codel,27252,18,93,5920,5,2,20530,35259,1,0,0,,,,1514
7.252,codel,28864,20,93,5930,5,2,21753,23825,1,0,0,,,,1514
7.263,codel,27350,19,93,5939,5,2,21747,12420,1,0,0,,,,1514
7.275,codel,30280,20,93,5949,5,2,23041,982,1,0,0,,,,1514
7.286,codel,25738,17,94,5959,6,2,19408,29859,1,0,0,,,,1514
7.298,codel,28766,19,94,5968,6,2,21833,18220,1,0,0,,,,1514
7.310,codel,28766,19,94,5978,6,2,19365,6550,1,0,0,,,,1514
7.321,codel,24224,16,95,5988,7,2,20620,32315,1,0,0,,,,1514
7.333,codel,18168,12,95,5998,7,2,21752,20448,1,0,0,,,,1514
7.345,codel,16752,12,95,6007,7,2,14693,8687,1,0,0,,,,1514
7.357,codel,13626,9,96,6018,8,2,9707,32109,1,0,0,,,,1514
7.368,codel,10598,7,96,6027,8,2,7506,20531,1,0,0,,,,1514
7.380,codel,1514,1,96,6037,8,2,229,0,0,0,0,,,,1514
7.392,codel,0,0,96,6046,8,2,27,0,0,0,0,,,,1514
7.403,codel,0,0,96,6054,8,2,0,0,0,0,0,,,,1514
7.415,codel,0,0,96,6061,8,2,1199,0,0,0,0,,,,1514
7.427,codel,1514,1,96,6072,8,2,1195,0,0,0,0,,,,1514
7.438,codel,1514,1,96,6082,8,2,17,0,0,0,0,,,,1514
7.450,codel,1514,1,96,6088,8,2,0,0,0,0,0,,,,1514
7.462,codel,1514,1,96,6098,8,2,0,0,0,0,0,,,,1514
7.474,codel,0,0,96,6107,8,2,0,0,0,0,0,,,,1514
7.486,codel,1514,1,96,6117,8,2,183,0,0,0,0,,,,1514
7.497,codel,4542,3,96,6125,8,2,2432,0,0,0,0,,,,1514
7.509,codel,7570,5,96,6134,8,2,3638,0,0,0,0,,,,1514
7.521,codel,6056,4,96,6144,8,2,3638,0,0,0,0,,,,1514
7.532,codel,6056,4,96,6153,8,2,6064,0,0,0,0,,,,1514
7.543,codel,9084,6,96,6163,8,2,4792,0,0,0,0,,,,1514
7.555,codel,10598,7,96,6173,8,2,4868,0,0,0,0,,,,1514
7.567,codel,10598,7,96,6183,8,2,6089,0,0,0,0,,,,1514
7.579,codel,15140,10,96,6193,8,2,8509,0,0,0,0,,,,1514
7.591,codel,16654,11,96,6203,8,2,9718,0,0,0,0,,,,1514
7.603,codel,18168,12,96,6213,8,2,12130,0,0,0,0,,,,1514
7.615,codel,16654,11,96,6223,8,2,12054,0,0,0,0,,,,1514
7.626,codel,19682,13,96,6232,8,2,12060,0,0,0,0,,,,1514
7.638,codel,22710,15,96,6242,8,2,14482,0,0,0,0,,,,1514
7.649,codel,19780,14,96,6251,8,2,15691,0,0,0,0,,,,1514
7.661,codel,18168,12,97,6262,6,6,14554,36963,1,0,0,,,,1514
7.672,codel,19682,13,97,6271,6,6,14559,25617,1,0,0,,,,1514
7.684,codel,22710,15,97,6280,6,6,14540,14352,1,0,0,,,,1514
7.695,codel,22710,15,97,6290,6,6,15772,2899,1,0,0,,,,1514
7.706,codel,24224,16,98,6299,7,6,15776,29212,1,0,0,,,,1514
7.718,codel,21196,14,98,6309,7,6,18200,17893,1,0,0,,,,1514
7.729,codel,24224,16,98,6318,7,6,18122,6411,1,0,0,,,,1514
7.741,codel,21196,14,99,6327,8,6,16910,30077,1,0,0,,,,1514
7.752,codel,18266,13,99,6337,8,6,18123,18623,1,0,0,,,,1514
7.764,codel,13626,9,99,6347,8,6,13352,7158,1,0,0,,,,1514
7.775,codel,12112,8,100,6357,9,6,7298,28871,1,0,0,,,,1514
7.786,codel,13626,9,100,6366,9,6,8506,17408,1,0,0,,,,1514
7.798,codel,19682,13,100,6376,9,6,10925,6047,1,0,0,,,,1514
7.809,codel,18168,12,101,6385,10,6,11839,26234,1,0,0,,,,1514
7.821,codel,15140,10,101,6394,10,6,10857,14723,1,0,0,,,,1514
7.832,codel,9084,6,101,6404,10,6,8647,3224,1,0,0,,,,1514
7.844,codel,6056,4,102,6413,11,6,3581,0,0,0,0,,,,1514
7.855,codel,6056,4,102,6424,11,6,3665,0,0,0,0,,,,1514
7.867,codel,4542,3,102,6433,11,6,3667,0,0,0,0,,,,1514
7.878,codel,0,0,102,6442,11,6,1246,0,0,0,0,,,,1514
7.890,codel,0,0,102,6449,11,6,0,0,0,0,0,,,,1514
7.901,codel,1514,1,102,6457,11,6,976,0,0,0,0,,,,1514
7.913,codel,6056,4,102,6467,11,6,3401,0,0,0,0,,,,1514
7.924,codel,3028,2,102,6476,11,6,3398,0,0,0,0,,,,1514
7.936,codel,0,0,102,6481,11,6,0,0,0,0,0,,,,1514
7.947,codel,4640,4,102,6491,11,6,1195,0,0,0,0,,,,1514
7.959,codel,7570,5,102,6501,11,6,4883,0,0,0,0,,,,1514
7.970,codel,7570,5,102,6511,11,6,4896,0,0,0,0,,,,1514
7.981,codel,4542,3,102,6520,11,6,32,0,0,0,0,,,,1514
7.993,codel,3028,2,102,6530,11,6,0,0,0,0,0,,,,1514
8.005,codel,6056,4,102,6539,11,6,2349,0,0,0,0,,,,1514
8.016,codel,7570,5,102,6549,11,6,3587,0,0,0,0,,,,1514
8.028,codel,9084,6,102,6558,11,6,6010,0,0,0,0,,,,1514
8.039,codel,12112,8,102,6568,11,6,5988,0,0,0,0,,,,1514
8.050,codel,13724,10,102,6577,11,6,9644,0,0,0,0,,,,1514
8.062,codel,16654,11,102,6588,11,6,10908,0,0,0,0,,,,1514
8.073,codel,15140,10,102,6597,11,6,10931,0,0,0,0,,,,1514
8.085,codel,16654,11,102,6607,11,6,10935,0,0,0,0,,,,1514
8.096,codel,19682,13,102,6616,11,6,12146,0,0,0,0,,,,1514
8.108,codel,16654,11,102,6626,11,6,14568,0,0,0,0,,,,1514
8.119,codel,18168,12,102,6635,11,6,13276,0,0,0,0,,,,1514
8.131,codel,18168,12,103,6644,5,5,12066,37147,1,0,0,,,,1514
8.142,codel,16654,11,103,6654,5,5,12079,25730,1,0,0,,,,1514
8.154,codel,21294,15,103,6663,5,5,12067,14386,1,0,0,,,,1514
8.165,codel,25738,17,103,6674,5,5,14565,2981,1,0,0,,,,1514
8.176,codel,24224,16,104,6683,6,5,16982,32176,1,0,0,,,,1514
8.188,codel,27252,18,104,6692,6,5,18199,20832,1,0,0,,,,1514
8.199,codel,27252,18,104,6703,6,5,18185,7999,1,0,0,,,,1514
8.212,codel,27252,18,105,6713,7,5,19411,33479,1,0,0,,,,1514
8.224,codel,18168,12,105,6723,7,5,19329,21777,1,0,0,,,,1514
8.236,codel,13626,9,105,6732,7,5,17107,10073,1,0,0,,,,1514
8.247,codel,10598,7,106,6742,8,5,7186,33715,1,0,0,,,,1514
8.259,codel,9084,6,106,6753,8,5,8513,21268,1,0,0,,,,1514
8.272,codel,7570,5,106,6763,8,5,6074,9161,1,0,0,,,,1514
8.283,codel,7570,5,106,6773,8,5,4857,0,0,0,0,,,,1514
8.295,codel,3028,2,106,6782,8,5,1242,0,0,0,0,,,,1514
8.307,codel,1514,1,106,6791,8,5,0,0,0,0,0,,,,1514
8.318,codel,1514,1,106,6800,8,5,1198,0,0,0,0,,,,1514
8.330,codel,3028,2,106,6809,8,5,1198,0,0,0,0,,,,1514
8.341,codel,1514,1,106,6819,8,5,2408,0,0,0,0,,,,1514
8.352,codel,0,0,106,6828,8,5,60,0,0,0,0,,,,1514
8.364,codel,4542,3,106,6839,8,5,37,0,0,0,0,,,,1514
8.375,codel,9084,6,106,6848,8,5,3691,0,0,0,0,,,,1514
8.387,codel,9084,6,106,6857,8,5,4907,0,0,0,0,,,,1514
8.398,codel,6056,4,106,6867,8,5,3590,0,0,0,0,,,,1514
8.410,codel,9084,6,106,6877,8,5,5977,0,0,0,0,,,,1514
8.422,codel,10598,7,106,6887,8,5,8432,0,0,0,0,,,,1514
8.433,codel,13626,9,106,6896,8,5,7219,0,0,0,0,,,,1514
8.445,codel,12112,8,106,6905,8,5,8431,0,0,0,0,,,,1514
8.456,codel,18266,13,106,6915,8,5,8435,0,0,0,0,,,,1514
8.467,codel,19682,13,106,6925,8,5,10930,0,0,0,0,,,,1514
8.479,codel,19682,13,106,6934,8,5,13353,0,0,0,0,,,,1514
8.490,codel,19682,13,106,6944,8,5,14575,0,0,0,0,,,,1514
8.502,codel,22710,15,106,6953,8,5,14567,0,0,0,0,,,,1514
8.513,codel,19682,13,107,6963,3,3,14568,46170,1,0,0,,,,1514
8.524,codel,22710,15,107,6972,3,3,14466,34665,1,0,0,,,,1514
8.536,codel,21196,14,107,6981,3,3,15700,23340,1,0,0,,,,1514
8.547,codel,22710,15,107,6991,3,3,15700,12018,1,0,0,,,,1514
8.558,codel,22808,16,107,7000,3,3,16911,677,1,0,0,,,,1514
8.570,codel,22710,15,108,7010,4,3,15778,38858,1,0,0,,,,1514
8.581,codel,21196,14,108,7020,4,3,15752,27415,1,0,0,,,,1514
8.593,codel,22710,15,108,7029,4,3,14565,15845,1,0,0,,,,1514
8.604,codel,18168,12,108,7039,4,3,16988,4137,1,0,0,,,,1514
8.616,codel,13626,9,109,7049,5,3,13565,36553,1,0,0,,,,1514
8.627,codel,15140,10,109,7058,5,3,9638,25069,1,0,0,,,,1514
8.639,codel,18168,12,109,7067,5,3,12064,13665,1,0,0,,,,1514
8.650,codel,21294,15,109,7077,5,3,13273,2297,1,0,0,,,,1514
8.662,codel,16752,12,110,7086,6,3,13278,31396,1,0,0,,,,1514
8.673,codel,18168,12,110,7097,6,3,13356,19946,1,0,0,,,,1514
8.684,codel,21196,14,110,7106,6,3,14566,8555,1,0,0,,,,1514
8.696,codel,18168,12,111,7115,7,3,13356,34709,1,0,0,,,,1514
8.707,codel,12112,8,111,7125,7,3,14566,23313,1,0,0,,,,1514
8.718,codel,12112,8,111,7134,7,3,8647,11912,1,0,0,,,,1514
8.730,codel,12112,8,111,7144,7,3,8433,504,1,0,0,,,,1514
8.741,codel,7570,5,112,7153,8,3,6013,24291,1,0,0,,,,1514
8.753,codel,3028,2,112,7163,8,3,1238,0,0,0,0,,,,1514
8.764,codel,6056,4,112,7172,8,3,978,0,0,0,0,,,,1514
8.776,codel,0,0,112,7180,8,3,0,0,0,0,0,,,,1514
8.787,codel,0,0,112,7185,8,3,0,0,0,0,0,,,,1514
8.798,codel,1514,1,112,7195,8,3,1437,0,0,0,0,,,,1514
8.810,codel,0,0,112,7203,8,3,0,0,0,0,0,,,,1514
8.821,codel,0,0,112,7208,8,3,0,0,0,0,0,,,,1514
8.833,codel,1514,1,112,7216,8,3,1015,0,0,0,0,,,,1514
8.844,codel,4542,3,112,7225,8,3,2139,0,0,0,0,,,,1514
8.855,codel,1514,1,112,7234,8,3,0,0,0,0,0,,,,1514
8.867,codel,1514,1,112,7239,8,3,0,0,0,0,0,,,,1514
8.878,codel,3028,2,112,7248,8,3,1188,0,0,0,0,,,,1514
8.890,codel,6056,4,112,7258,8,3,2403,0,0,0,0,,,,1514
8.901,codel,4542,3,112,7267,8,3,4817,0,0,0,0,,,,1514
8.913,codel,3028,2,112,7276,8,3,0,0,0,0,0,,,,1514
8.924,codel,4542,3,112,7285,8,3,1207,0,0,0,0,,,,1514
8.935,codel,3028,2,112,7294,8,3,1207,0,0,0,0,,,,1514
8.947,codel,3028,2,112,7304,8,3,2409,0,0,0,0,,,,1514
8.958,codel,6056,4,112,7314,8,3,3671,0,0,0,0,,,,1514
8.970,codel,6056,4,112,7324,8,3,4878,0,0,0,0,,,,1514
8.981,codel,7570,5,112,7333,8,3,4869,0,0,0,0,,,,1514
8.993,codel,7570,5,112,7343,8,3,6087,0,0,0,0,,,,1514
9.004,codel,9084,6,112,7352,8,3,6010,0,0,0,0,,,,1514
9.016,codel,10598,7,112,7362,8,3,7224,0,0,0,0,,,,1514
9.027,codel,15140,10,112,7371,8,3,7222,0,0,0,0,,,,1514
9.038,codel,16654,11,112,7380,8,3,10855,0,0,0,0,,,,1514
9.050,codel,18168,12,112,7390,8,3,13278,0,0,0,0,,,,1514
9.061,codel,19780,14,112,7399,8,3,13279,0,0,0,0,,,,1514
9.073,codel,19682,13,112,7410,8,3,14569,0,0,0,0,,,,1514
9.084,codel,22710,15,112,7419,8,3,14567,0,0,0,0,,,,1514
9.096,codel,24224,16,112,7429,8,3,16991,0,0,0,0,,,,1514
9.107,codel,24224,16,113,7438,5,5,15771,38916,1,0,0,,,,1514
9.118,codel,22710,15,113,7447,5,5,16989,27475,1,0,0,,,,1514
9.130,codel,24224,16,113,7457,5,5,18122,16056,1,0,0,,,,1514
9.141,codel,25738,17,113,7466,5,5,16910,4575,1,0,0,,,,1514
9.153,codel,21294,15,114,7476,6,5,18123,33918,1,0,0,,,,1514
9.164,codel,24322,17,114,7485,6,5,19334,22538,1,0,0,,,,1514
9.176,codel,24224,16,114,7496,6,5,16990,11043,1,0,0,,,,1514
9.187,codel,24224,16,114,7505,6,5,18202,-447,1,0,0,,,,1514
9.199,codel,16654,11,115,7515,7,5,18202,24449,1,0,0,,,,1514
9.211,codel,7570,5,115,7525,7,5,11151,12364,1,0,0,,,,1514
9.223,codel,10598,7,115,7535,7,5,6008,0,0,0,0,,,,1514
9.235,codel,9084,6,115,7544,7,5,7192,0,0,0,0,,,,1514
9.246,codel,3028,2,115,7554,7,5,3799,0,0,0,0,,,,1514
9.257,codel,6154,5,115,7563,7,5,3585,0,0,0,0,,,,1514
9.269,codel,4542,3,115,7573,7,5,3665,0,0,0,0,,,,1514
9.280,codel,3028,2,115,7583,7,5,3876,0,0,0,0,,,,1514
9.291,codel,6056,4,115,7592,7,5,2453,0,0,0,0,,,,1514
9.303,codel,4542,3,115,7602,7,5,4872,0,0,0,0,,,,1514
9.315,codel,4542,3,115,7612,7,5,3584,0,0,0,0,,,,1514
9.326,codel,7570,5,115,7621,7,5,3586,0,0,0,0,,,,1514
9.338,codel,10598,7,115,7631,7,5,6006,0,0,0,0,,,,1514
9.350,codel,12112,8,115,7640,7,5,9634,0,0,0,0,,,,1514
9.361,codel,12112,8,115,7651,7,5,7294,0,0,0,0,,,,1514
9.373,codel,15140,10,115,7661,7,5,9711,0,0,0,0,,,,1514
9.385,codel,18168,12,115,7670,7,5,10926,0,0,0,0,,,,1514
9.396,codel,19682,13,115,7680,7,5,12136,0,0,0,0,,,,1514
9.408,codel,18168,12,115,7689,7,5,13340,0,0,0,0,,,,1514
9.420,codel,21196,14,115,7699,7,5,13268,0,0,0,0,,,,1514
9.432,codel,22710,15,115,7709,7,5,14482,0,0,0,0,,,,1514
9.443,codel,22710,15,116,7719,2,2,14480,50629,1,0,0,,,,1514
9.455,codel,24322,17,116,7728,2,2,14479,38983,1,0,0,,,,1514
9.467,codel,24322,17,116,7738,2,2,16899,27376,1,0,0,,,,1514
9.478,codel,25738,17,116,7749,2,2,16980,15590,1,0,0,,,,1514
9.490,codel,22710,15,116,7758,2,2,18190,3777,1,0,0,,,,1514
9.502,codel,24224,16,117,7768,3,2,18188,48857,1,0,0,,,,1514
9.513,codel,25738,17,117,7777,3,2,16977,37430,1,0,0,,,,1514
9.525,codel,18168,12,117,7787,3,2,20618,25872,1,0,0,,,,1514
9.536,codel,15140,10,117,7796,3,2,15901,14444,1,0,0,,,,1514
9.548,codel,7570,5,117,7806,3,2,10856,2475,1,0,0,,,,1514
9.560,codel,6056,4,118,7818,4,2,3659,0,0,0,0,,,,1514
9.573,codel,9084,6,118,7827,4,2,3649,0,0,0,0,,,,1514
9.584,codel,6056,4,118,7837,4,2,6077,0,0,0,0,,,,1514
9.596,codel,4542,3,118,7847,4,2,3646,0,0,0,0,,,,1514
9.608,codel,10598,7,118,7856,4,2,5997,0,0,0,0,,,,1514
9.620,codel,12112,8,118,7866,4,2,8423,0,0,0,0,,,,1514
9.631,codel,12112,8,118,7876,4,2,7219,0,0,0,0,,,,1514
9.643,codel,9084,6,118,7885,4,2,3793,0,0,0,0,,,,1514
9.654,codel,6056,4,118,7894,4,2,6003,0,0,0,0,,,,1514
9.666,codel,10598,7,118,7905,4,2,4871,0,0,0,0,,,,1514
9.677,codel,12112,8,118,7914,4,2,7294,0,0,0,0,,,,1514
9.688,codel,12112,8,118,7924,4,2,7299,0,0,0,0,,,,1514
9.700,codel,13626,9,118,7933,4,2,9719,0,0,0,0,,,,1514
9.711,codel,10598,7,118,7942,4,2,9719,0,0,0,0,,,,1514
9.723,codel,15140,10,118,7952,4,2,7220,0,0,0,0,,,,1514
9.734,codel,16654,11,118,7961,4,2,10856,0,0,0,0,,,,1514
9.745,codel,13626,9,118,7971,4,2,12068,0,0,0,0,,,,1514
9.757,codel,18266,13,118,7980,4,2,10855,0,0,0,0,,,,1514
9.768,codel,19780,14,118,7989,4,2,13275,0,0,0,0,,,,1514
9.779,codel,22710,15,119,8000,2,2,12133,54060,1,0,0,,,,1514
9.791,codel,19682,13,119,8009,2,2,14408,42754,1,0,0,,,,1514
9.802,codel,22710,15,119,8018,2,2,15777,31384,1,0,0,,,,1514
9.813,codel,19682,13,119,8028,2,2,16991,20000,1,0,0,,,,1514
9.825,codel,22710,15,119,8037,2,2,16990,8660,1,0,0,,,,1514
9.836,codel,24224,16,120,8047,3,2,14490,54374,1,0,0,,,,1514
9.848,codel,25738,17,120,8056,3,2,16909,42999,1,0,0,,,,1514
9.859,codel,24322,17,120,8066,3,2,18124,31511,1,0,0,,,,1514
9.871,codel,16752,12,120,8075,3,2,18118,20170,1,0,0,,,,1514
9.882,codel,15140,10,120,8085,3,2,14780,8897,1,0,0,,,,1514
9.893,codel,13626,9,121,8095,4,2,9720,45845,1,0,0,,,,1514
9.905,codel,16654,11,121,8104,4,2,8509,34455,1,0,0,,,,1514
9.916,codel,9084,6,121,8113,4,2,12143,23084,1,0,0,,,,1514
9.927,codel,6056,4,121,8123,4,2,7224,11709,1,0,0,,,,1514
9.939,codel,3028,2,121,8132,4,2,0,0,0,0,0,,,,1514
9.950,codel,6056,4,121,8141,4,2,3586,0,0,0,0,,,,1514
9.961,codel,7570,5,121,8152,4,2,3596,0,0,0,0,,,,1514
9.973,codel,7570,5,121,8161,4,2,4880,0,0,0,0,,,,1514
9.984,codel,6056,4,121,8171,4,2,3666,0,0,0,0,,,,1514
9.996,codel,4542,3,121,8180,4,2,2456,0,0,0,0,,,,1514
10.007,codel,7570,5,121,8190,4,2,5976,0,0,0,0,,,,1514
10.019,codel,7570,5,121,8199,4,2,4799,0,0,0,0,,,,1514
10.030,codel,6056,4,121,8209,4,2,4799,0,0,0,0,,,,1514
10.042,codel,10598,7,121,8218,4,2,7223,0,0,0,0,,,,1514
10.053,codel,12112,8,121,8227,4,2,5987,0,0,0,0,,,,1514
10.065,codel,15238,11,121,8237,4,2,10852,0,0,0,0,,,,1514
10.076,codel,15140,10,121,8247,4,2,12145,0,0,0,0,,,,1514
10.088,codel,16654,11,121,8257,4,2,9700,0,0,0,0,,,,1514
10.099,codel,15140,10,121,8266,4,2,10934,0,0,0,0,,,,1514
10.110,codel,19682,13,121,8276,4,2,10913,0,0,0,0,,,,1514
10.122,codel,22710,15,121,8285,4,2,14566,0,0,0,0,,,,1514
10.133,codel,22710,15,121,8294,4,2,15699,0,0,0,0,,,,1514
10.145,codel,21196,14,122,8304,2,2,14467,55758,1,0,0,,,,1514
10.156,codel,22710,15,122,8313,2,2,16912,44360,1,0,0,,,,1514
10.167,codel,19780,14,122,8323,2,2,15674,32844,1,0,0,,,,1514
10.179,codel,25738,17,122,8333,2,2,15776,21357,1,0,0,,,,1514
10.190,codel,21196,14,122,8343,2,2,16987,9927,1,0,0,,,,1514
10.202,codel,13626,9,123,8353,3,2,15686,55137,1,0,0,,,,1514
10.214,codel,18168,12,123,8363,3,2,10881,43108,1,0,0,,,,1514
10.226,codel,16654,11,123,8372,3,2,12142,31626,1,0,0,,,,1514
10.238,codel,18168,12,123,8382,3,2,12054,20129,1,0,0,,,,1514
10.249,codel,16654,11,123,8391,3,2,14484,8805,1,0,0,,,,1514
10.260,codel,12210,9,124,8401,4,2,9858,45634,1,0,0,,,,1514
10.272,codel,12112,8,124,8411,4,2,10909,34316,1,0,0,,,,1514
10.283,codel,13626,9,124,8420,4,2,8725,22866,1,0,0,,,,1514
10.295,codel,18168,12,124,8430,4,2,10932,11468,1,0,0,,,,1514
10.306,codel,18168,12,124,8439,4,2,13356,105,1,0,0,,,,1514
10.317,codel,16654,11,125,8448,5,2,10909,33078,1,0,0,,,,1514
10.329,codel,15140,10,125,8458,5,2,13270,21096,1,0,0,,,,1514
10.341,codel,16654,11,125,8468,5,2,9637,9154,1,0,0,,,,1514
10.353,codel,13626,9,126,8478,6,2,9635,37916,1,0,0,,,,1514
10.364,codel,16752,12,126,8487,6,2,9812,26490,1,0,0,,,,1514
10.376,codel,15140,10,126,8498,6,2,12133,15034,1,0,0,,,,1514
10.387,codel,13626,9,126,8507,6,2,10930,3570,1,0,0,,,,1514
10.399,codel,12112,8,127,8517,7,2,9719,29566,1,0,0,,,,1514
10.410,codel,13626,9,127,8526,7,2,8510,18093,1,0,0,,,,1514
10.422,codel,12112,8,127,8535,7,2,9722,6633,1,0,0,,,,1514
10.433,codel,12112,8,128,8545,8,2,8378,30136,1,0,0,,,,1514
10.445,codel,4542,3,128,8555,8,2,6224,18692,1,0,0,,,,1514
10.456,codel,6056,4,128,8564,8,2,3586,0,0,0,0,,,,1514
10.468,codel,7570,5,128,8574,8,2,3666,0,0,0,0,,,,1514
10.479,codel,3028,2,128,8584,8,2,2453,0,0,0,0,,,,1514
10.491,codel,0,0,128,8592,8,2,1247,0,0,0,0,,,,1514
10.502,codel,3028,2,128,8602,8,2,0,0,0,0,0,,,,1514
10.513,codel,0,0,128,8607,8,2,0,0,0,0,0,,,,1514
10.525,codel,3028,2,128,8616,8,2,0,0,0,0,0,,,,1514
10.536,codel,6056,4,128,8625,8,2,1189,0,0,0,0,,,,1514
10.548,codel,1514,1,128,8635,8,2,2445,0,0,0,0,,,,1514
10.559,codel,0,0,128,8640,8,2,0,0,0,0,0,,,,1514
10.571,codel,3028,2,128,8651,8,2,1187,0,0,0,0,,,,1514
10.582,codel,6056,4,128,8660,8,2,3611,0,0,0,0,,,,1514
10.594,codel,9084,6,128,8669,8,2,6036,0,0,0,0,,,,1514
10.605,codel,3028,2,128,8679,8,2,1166,0,0,0,0,,,,1514
10.616,codel,6056,4,128,8688,8,2,1144,0,0,0,0,,,,1514
10.628,codel,7570,5,128,8698,8,2,2369,0,0,0,0,,,,1514
10.639,codel,7570,5,128,8707,8,2,4797,0,0,0,0,,,,1514
10.651,codel,10598,7,128,8716,8,2,6006,0,0,0,0,,,,1514
10.662,codel,9182,7,128,8726,8,2,6007,0,0,0,0,,,,1514
10.673,codel,15140,10,128,8736,8,2,7300,0,0,0,0,,,,1514
10.685,codel,16654,11,128,8745,8,2,10930,0,0,0,0,,,,1514
10.696,codel,15140,10,128,8755,8,2,10935,0,0,0,0,,,,1514
10.708,codel,15140,10,128,8764,8,2,10935,0,0,0,0,,,,1514
10.719,codel,18168,12,128,8774,8,2,10849,0,0,0,0,,,,1514
10.731,codel,21196,14,128,8784,8,2,12065,0,0,0,0,,,,1514
10.742,codel,22710,15,128,8793,8,2,15693,0,0,0,0,,,,1514
10.754,codel,22710,15,128,8802,8,2,15700,0,0,0,0,,,,1514
10.765,codel,21294,15,129,8812,6,6,14485,39191,1,0,0,,,,1514
10.777,codel,22710,15,129,8822,6,6,14566,27722,1,0,0,,,,1514
10.788,codel,19682,13,129,8832,6,6,16987,16290,1,0,0,,,,1514
10.800,codel,22710,15,129,8841,6,6,13353,4849,1,0,0,,,,1514
10.811,codel,19682,13,130,8851,7,6,14566,31021,1,0,0,,,,1514
10.822,codel,22710,15,130,8860,7,6,15776,19523,1,0,0,,,,1514
10.834,codel,24224,16,130,8870,7,6,15698,8138,1,0,0,,,,1514
10.845,codel,22710,15,131,8879,8,6,15698,31913,1,0,0,,,,1514
10.857,codel,18168,12,131,8888,8,6,16908,20505,1,0,0,,,,1514
10.868,codel,18266,13,131,8898,8,6,12044,8999,1,0,0,,,,1514
10.880,codel,18168,12,132,8907,9,6,15678,30700,1,0,0,,,,1514
10.891,codel,16654,11,132,8917,9,6,13278,19243,1,0,0,,,,1514
10.903,codel,16654,11,132,8926,9,6,15702,7633,1,0,0,,,,1514
10.914,codel,15140,10,133,8938,10,6,9524,25444,1,0,0,,,,1514
10.928,codel,16654,11,133,8947,10,6,12017,13767,1,0,0,,,,1514
10.939,codel,12112,8,133,8957,10,6,12042,2288,1,0,0,,,,1514
10.951,codel,10598,7,134,8966,11,6,4795,0,0,0,0,,,,1514
10.962,codel,9084,6,134,8976,11,6,7197,0,0,0,0,,,,1514
10.974,codel,13626,9,134,8986,11,6,7300,0,0,0,0,,,,1514
10.985,codel,12112,8,134,8995,11,6,8509,0,0,0,0,,,,1514
10.996,codel,7570,5,134,9005,11,6,8514,0,0,0,0,,,,1514
11.008,codel,6056,4,134,9014,11,6,3668,0,0,0,0,,,,1514
11.019,codel,9084,6,134,9024,11,6,4798,0,0,0,0,,,,1514
11.031,codel,10598,7,134,9033,11,6,8432,0,0,0,0,,,,1514
11.042,codel,10598,7,134,9042,11,6,7221,0,0,0,0,,,,1514
11.053,codel,10598,7,134,9052,11,6,8432,0,0,0,0,,,,1514
11.065,codel,13626,9,134,9061,11,6,9641,0,0,0,0,,,,1514
11.076,codel,13626,9,134,9071,11,6,8509,0,0,0,0,,,,1514
11.087,codel,13626,9,134,9081,11,6,10927,0,0,0,0,,,,1514
11.099,codel,15140,10,134,9090,11,6,9724,0,0,0,0,,,,1514
11.110,codel,15140,10,134,9099,11,6,12141,0,0,0,0,,,,1514
11.121,codel,16654,11,135,9109,5,5,10931,38013,1,0,0,,,,1514
11.133,codel,16654,11,135,9118,5,5,10855,26726,1,0,0,,,,1514
11.144,codel,18168,12,135,9127,5,5,12066,15391,1,0,0,,,,1514
11.155,codel,19682,13,135,9137,5,5,14489,4058,1,0,0,,,,1514
11.167,codel,18168,12,136,9146,6,5,13277,33325,1,0,0,,,,1514
11.178,codel,21294,15,136,9155,6,5,14491,22041,1,0,0,,,,1514
11.189,codel,19682,13,136,9166,6,5,14566,10759,1,0,0,,,,1514
11.200,codel,19682,13,137,9176,7,5,13355,35783,1,0,0,,,,1514
11.213,codel,12112,8,137,9186,7,5,16987,23724,1,0,0,,,,1514
11.225,codel,9084,6,137,9195,7,5,6293,12168,1,0,0,,,,1514
11.237,codel,10598,7,137,9205,7,5,5986,728,1,0,0,,,,1514
11.248,codel,10598,7,138,9214,8,5,7215,24487,1,0,0,,,,1514
11.259,codel,10598,7,138,9224,8,5,4797,0,0,0,0,,,,1514
11.271,codel,7668,6,138,9233,8,5,7225,0,0,0,0,,,,1514
11.282,codel,1514,1,138,9243,8,5,245,0,0,0,0,,,,1514
11.294,codel,0,0,138,9251,8,5,0,0,0,0,0,,,,1514
11.306,codel,4542,3,138,9262,8,5,0,0,0,0,0,,,,1514
11.317,codel,7570,5,138,9272,8,5,3617,0,0,0,0,,,,1514
11.329,codel,6056,4,138,9281,8,5,2332,0,0,0,0,,,,1514
11.341,codel,3028,2,138,9291,8,5,1158,0,0,0,0,,,,1514
11.353,codel,7570,5,138,9301,8,5,4795,0,0,0,0,,,,1514
11.365,codel,10598,7,138,9311,8,5,7215,0,0,0,0,,,,1514
11.376,codel,12210,9,138,9320,8,5,8423,0,0,0,0,,,,1514
11.388,codel,13626,9,138,9331,8,5,7271,0,0,0,0,,,,1514
11.400,codel,13626,9,138,9341,8,5,9721,0,0,0,0,,,,1514
11.412,codel,16654,11,138,9350,8,5,9712,0,0,0,0,,,,1514
11.423,codel,16654,11,138,9360,8,5,12130,0,0,0,0,,,,1514
11.435,codel,18168,12,138,9370,8,5,12054,0,0,0,0,,,,1514
11.447,codel,18168,12,138,9380,8,5,12048,0,0,0,0,,,,1514
11.459,codel,21196,14,138,9389,8,5,14468,0,0,0,0,,,,1514
11.470,codel,19780,14,139,9399,3,3,14474,36081,1,0,0,,,,1514
11.482,codel,21294,15,139,9408,3,3,14476,24455,1,0,0,,,,1514
11.493,codel,21196,14,139,9419,3,3,14554,12783,1,0,0,,,,1514
11.505,codel,22710,15,139,9429,3,3,15771,949,1,0,0,,,,1514
11.517,codel,21196,14,140,9438,4,3,16977,38925,1,0,0,,,,1514
11.529,codel,22710,15,140,9448,4,3,14558,27354,1,0,0,,,,1514
11.540,codel,21196,14,140,9457,4,3,15768,15860,1,0,0,,,,1514
11.552,codel,22710,15,140,9467,4,3,15710,4426,1,0,0,,,,1514
11.563,codel,12112,8,141,9477,5,3,15702,36376,1,0,0,,,,1514
11.575,codel,13724,10,141,9487,5,3,7212,24417,1,0,0,,,,1514
11.587,codel,13626,9,141,9497,5,3,8505,12468,1,0,0,,,,1514
11.599,codel,12112,8,141,9507,5,3,7278,625,1,0,0,,,,1514
11.611,codel,7570,5,142,9517,6,3,8491,29502,1,0,0,,,,1514
11.622,codel,7570,5,142,9526,6,3,6077,0,0,0,0,,,,1514
11.634,codel,6056,4,142,9536,6,3,6006,0,0,0,0,,,,1514
11.646,codel,3028,2,142,9545,6,3,2586,0,0,0,0,,,,1514
11.657,codel,3028,2,142,9555,6,3,1162,0,0,0,0,,,,1514
11.668,codel,3028,2,142,9564,6,3,0,0,0,0,0,,,,1514
11.680,codel,3028,2,142,9574,6,3,2452,0,0,0,0,,,,1514
11.691,codel,4542,3,142,9584,6,3,3659,0,0,0,0,,,,1514
11.702,codel,7570,5,142,9593,6,3,3661,0,0,0,0,,,,1514
11.714,codel,7570,5,142,9602,6,3,4878,0,0,0,0,,,,1514
11.725,codel,9084,6,142,9612,6,3,6014,0,0,0,0,,,,1514
11.737,codel,9084,6,142,9621,6,3,7222,0,0,0,0,,,,1514
11.748,codel,12112,8,142,9631,6,3,8427,0,0,0,0,,,,1514
11.760,codel,12112,8,142,9641,6,3,9645,0,0,0,0,,,,1514
11.771,codel,15238,11,142,9650,6,3,9633,0,0,0,0,,,,1514
11.783,codel,16654,11,142,9660,6,3,10842,0,0,0,0,,,,1514
11.794,codel,21196,14,142,9670,6,3,12138,0,0,0,0,,,,1514
11.805,codel,18168,12,142,9679,6,3,14565,0,0,0,0,,,,1514
11.817,codel,19682,13,142,9689,6,3,14542,0,0,0,0,,,,1514
11.828,codel,19682,13,142,9698,6,3,13324,0,0,0,0,,,,1514
11.840,codel,19682,13,143,9707,3,3,13271,49631,1,0,0,,,,1514
11.851,codel,24224,16,143,9717,3,3,15675,38121,1,0,0,,,,1514
11.863,codel,25738,17,143,9726,3,3,16902,26603,1,0,0,,,,1514
11.874,codel,25836,18,143,9736,3,3,19335,15158,1,0,0,,,,1514
11.886,codel,27350,19,143,9745,3,3,18100,3680,1,0,0,,,,1514
11.897,codel,25738,17,144,9756,4,3,19350,42224,1,0,0,,,,1514
11.908,codel,25738,17,144,9765,4,3,18148,30819,1,0,0,,,,1514
11.920,codel,24224,16,144,9775,4,3,16985,19472,1,0,0,,,,1514
11.931,codel,16654,11,144,9784,4,3,18202,8012,1,0,0,,,,1514
11.943,codel,13626,9,145,9793,5,3,11149,40354,1,0,0,,,,1514
11.954,codel,15140,10,145,9803,5,3,10853,28928,1,0,0,,,,1514
11.966,codel,18168,12,145,9812,5,3,12044,17366,1,0,0,,,,1514
11.977,codel,19780,14,145,9822,5,3,12068,5948,1,0,0,,,,1514
11.989,codel,19682,13,146,9831,6,3,14489,34928,1,0,0,,,,1514
12.000,codel,19682,13,146,9842,6,3,13257,22521,1,0,0,,,,1514
12.012,codel,19682,13,146,9852,6,3,13264,10357,1,0,0,,,,1514
12.025,codel,22710,15,147,9861,7,3,13176,36300,1,0,0,,,,1514
12.036,codel,18168,12,147,9871,7,3,14478,24848,1,0,0,,,,1514
12.048,codel,12112,8,147,9880,7,3,16911,13465,1,0,0,,,,1514
12.059,codel,12112,8,147,9889,7,3,9637,2143,1,0,0,,,,1514
12.070,codel,12112,8,148,9899,8,3,8430,25929,1,0,0,,,,1514
12.082,codel,12210,9,148,9908,8,3,8431,14481,1,0,0,,,,1514
12.093,codel,15140,10,148,9919,8,3,9720,3102,1,0,0,,,,1514
12.104,codel,13626,9,149,9928,9,3,8724,24940,1,0,0,,,,1514
12.116,codel,4542,3,149,9937,9,3,9723,13546,1,0,0,,,,1514
12.127,codel,6056,4,149,9947,9,3,2453,0,0,0,0,,,,1514
12.139,codel,4542,3,149,9956,9,3,1164,0,0,0,0,,,,1514
12.150,codel,4542,3,149,9966,9,3,3590,0,0,0,0,,,,1514
12.161,codel,4542,3,149,9975,9,3,0,0,0,0,0,,,,1514
12.173,codel,0,0,149,9981,9,3,0,0,0,0,0,,,,1514
12.184,codel,1514,1,149,9988,9,3,0,0,0,0,0,,,,1514
12.196,codel,3028,2,149,9997,9,3,2403,0,0,0,0,,,,1514
12.207,codel,3028,2,149,10008,9,3,123,0,0,0,0,,,,1514
12.221,codel,3028,2,149,10015,9,3,0,0,0,0,0,,,,1514
12.232,codel,1514,1,149,10023,9,3,1249,0,0,0,0,,,,1514
12.243,codel,4542,3,149,10032,9,3,44,0,0,0,0,,,,1514
12.255,codel,4542,3,149,10042,9,3,3676,0,0,0,0,,,,1514
12.266,codel,0,0,149,10049,9,3,1408,0,0,0,0,,,,1514
12.278,codel,4542,3,149,10060,9,3,0,0,0,0,0,,,,1514
12.289,codel,3028,2,149,10070,9,3,60,0,0,0,0,,,,1514
12.300,codel,9084,6,149,10080,9,3,3690,0,0,0,0,,,,1514
12.312,codel,4542,3,149,10089,9,3,3701,0,0,0,0,,,,1514
12.323,codel,9084,6,149,10099,9,3,3667,0,0,0,0,,,,1514
12.335,codel,9084,6,149,10108,9,3,6008,0,0,0,0,,,,1514
12.346,codel,9084,6,149,10118,9,3,7202,0,0,0,0,,,,1514
12.358,codel,12112,8,149,10127,9,3,8411,0,0,0,0,,,,1514
12.369,codel,16654,11,149,10136,9,3,8428,0,0,0,0,,,,1514
12.381,codel,15238,11,149,10146,9,3,12065,0,0,0,0,,,,1514
12.392,codel,16654,11,149,10156,9,3,12146,0,0,0,0,,,,1514
12.404,codel,16654,11,149,10166,9,3,13304,0,0,0,0,,,,1514
12.415,codel,18168,12,149,10175,9,3,12145,0,0,0,0,,,,1514
12.426,codel,18168,12,149,10184,9,3,13351,0,0,0,0,,,,1514
12.438,codel,19682,13,149,10194,9,3,13353,0,0,0,0,,,,1514
12.449,codel,21196,14,149,10203,9,3,13275,0,0,0,0,,,,1514
12.460,codel,22710,15,150,10213,6,6,14481,30212,1,0,0,,,,1514
12.472,codel,25738,17,150,10222,6,6,16886,18800,1,0,0,,,,1514
12.483,codel,27350,19,150,10231,6,6,18123,7326,1,0,0,,,,1514
12.495,codel,25836,18,151,10241,7,6,18123,33549,1,0,0,,,,1514
12.506,codel,22710,15,151,10251,7,6,18203,22035,1,0,0,,,,1514
12.518,codel,18168,12,151,10261,7,6,15992,10462,1,0,0,,,,1514
12.529,codel,19682,13,151,10270,7,6,13356,-963,1,0,0,,,,1514
12.541,codel,12112,8,152,10280,8,6,12145,22836,1,0,0,,,,1514
12.552,codel,12112,8,152,10289,8,6,9644,11493,1,0,0,,,,1514
12.563,codel,9084,6,152,10298,8,6,6225,186,1,0,0,,,,1514
12.575,codel,10598,7,153,10308,9,6,7222,0,0,0,0,,,,1514
12.586,codel,3028,2,153,10318,9,6,3883,0,0,0,0,,,,1514
12.597,codel,3028,2,153,10327,9,6,33,0,0,0,0,,,,1514
12.609,codel,6056,4,153,10337,9,6,3666,0,0,0,0,,,,1514
12.620,codel,6056,4,153,10346,9,6,3664,0,0,0,0,,,,1514
12.632,codel,4542,3,153,10356,9,6,1167,0,0,0,0,,,,1514
12.643,codel,4542,3,153,10365,9,6,3581,0,0,0,0,,,,1514
12.655,codel,0,0,153,10373,9,6,0,0,0,0,0,,,,1514
12.666,codel,3028,2,153,10382,9,6,0,0,0,0,0,,,,1514
12.678,codel,4542,3,153,10392,9,6,1189,0,0,0,0,,,,1514
12.689,codel,7570,5,153,10402,9,6,2480,0,0,0,0,,,,1514
12.700,codel,6056,4,153,10412,9,6,3666,0,0,0,0,,,,1514
12.712,codel,4542,3,153,10421,9,6,2455,0,0,0,0,,,,1514
12.723,codel,6056,4,153,10430,9,6,3665,0,0,0,0,,,,1514
12.735,codel,7570,5,153,10440,9,6,6007,0,0,0,0,,,,1514
12.746,codel,7570,5,153,10449,9,6,4791,0,0,0,0,,,,1514
12.758,codel,9084,6,153,10459,9,6,4798,0,0,0,0,,,,1514
12.769,codel,9084,6,153,10468,9,6,4789,0,0,0,0,,,,1514
12.781,codel,15238,11,153,10478,9,6,7223,0,0,0,0,,,,1514
12.792,codel,13626,9,153,10488,9,6,10905,0,0,0,0,,,,1514
12.803,codel,15140,11,153,10497,9,6,8512,0,0,0,0,,,,1514
12.815,codel,15140,10,153,10507,9,6,12146,0,0,0,0,,,,1514
12.826,codel,19682,13,153,10516,9,6,12123,0,0,0,0,,,,1514
12.838,codel,22710,15,153,10526,9,6,12145,0,0,0,0,,,,1514
12.849,codel,21196,14,153,10535,9,6,15673,0,0,0,0,,,,1514
12.860,codel,22710,15,153,10544,9,6,16911,0,0,0,0,,,,1514
12.872,codel,22710,15,153,10554,9,6,16912,0,0,0,0,,,,1514
12.883,codel,19780,14,154,10563,3,3,16888,33744,1,0,0,,,,1514
12.894,codel,25836,18,154,10573,3,3,16910,22360,1,0,0,,,,1514
12.906,codel,27252,18,154,10583,3,3,15754,11073,1,0,0,,,,1514
12.917,codel,28766,19,154,10592,3,3,20623,-279,1,0,0,,,,1514
12.928,codel,28766,19,155,10602,4,3,18201,37435,1,0,0,,,,1514
12.940,codel,28766,19,155,10611,4,3,20601,26035,1,0,0,,,,1514
12.951,codel,30280,20,155,10620,4,3,21815,14672,1,0,0,,,,1514
12.963,codel,28766,19,155,10630,4,3,21755,3182,1,0,0,,,,1514
12.974,codel,19682,13,156,10639,5,3,20543,35867,1,0,0,,,,1514
12.985,codel,19780,14,156,10649,5,3,18336,24507,1,0,0,,,,1514
12.997,codel,13626,9,156,10659,5,3,13310,13058,1,0,0,,,,1514
13.008,codel,12112,8,156,10669,5,3,8726,1613,1,0,0,,,,1514
13.020,codel,9084,6,157,10678,6,3,6085,0,0,0,0,,,,1514
13.031,codel,6056,4,157,10687,6,3,2451,0,0,0,0,,,,1514
13.043,codel,1514,1,157,10697,6,3,167,0,0,0,0,,,,1514
13.054,codel,1514,1,157,10705,6,3,0,0,0,0,0,,,,1514
13.066,codel,1514,1,157,10713,6,3,1193,0,0,0,0,,,,1514
13.077,codel,0,0,157,10721,6,3,10,0,0,0,0,,,,1514
13.089,codel,0,0,157,10730,6,3,88,0,0,0,0,,,,1514
13.100,codel,1514,1,157,10737,6,3,1189,0,0,0,0,,,,1514
13.111,codel,1514,1,157,10747,6,3,972,0,0,0,0,,,,1514
13.123,codel,1514,1,157,10756,6,3,0,0,0,0,0,,,,1514
13.134,codel,1514,1,157,10763,6,3,0,0,0,0,0,,,,1514
13.146,codel,1514,1,157,10771,6,3,0,0,0,0,0,,,,1514
13.157,codel,3028,2,157,10779,6,3,2406,0,0,0,0,,,,1514
13.168,codel,6056,4,157,10789,6,3,4508,0,0,0,0,,,,1514
13.180,codel,3028,2,157,10798,6,3,5702,0,0,0,0,,,,1514
13.191,codel,4542,3,157,10808,6,3,3646,0,0,0,0,,,,1514
13.202,codel,3028,2,157,10818,6,3,1240,0,0,0,0,,,,1514
13.214,codel,7570,5,157,10828,6,3,2421,0,0,0,0,,,,1514
13.226,codel,7570,5,157,10837,6,3,3661,0,0,0,0,,,,1514
13.238,codel,9084,6,157,10847,6,3,4797,0,0,0,0,,,,1514
13.249,codel,10598,7,157,10856,6,3,7217,0,0,0,0,,,,1514
13.260,codel,12112,8,157,10866,6,3,7172,0,0,0,0,,,,1514
13.272,codel,10598,7,157,10875,6,3,9644,0,0,0,0,,,,1514
13.283,codel,10696,8,157,10884,6,3,8427,0,0,0,0,,,,1514
13.294,codel,13626,9,157,10895,6,3,8512,0,0,0,0,,,,1514
13.306,codel,16654,11,157,10905,6,3,9722,0,0,0,0,,,,1514
13.318,codel,22710,15,157,10914,6,3,10931,0,0,0,0,,,,1514
13.329,codel,22710,15,157,10924,6,3,15777,0,0,0,0,,,,1514
13.341,codel,18168,12,158,10933,3,3,15768,48441,1,0,0,,,,1514
13.353,codel,21196,14,158,10943,3,3,14477,36847,1,0,0,,,,1514
13.364,codel,22710,15,158,10953,3,3,14483,25183,1,0,0,,,,1514
13.376,codel,24224,16,158,10962,3,3,15694,13440,1,0,0,,,,1514
13.388,codel,22808,16,158,10972,3,3,18120,1813,1,0,0,,,,1514
13.399,codel,22808,16,159,10981,4,3,18118,40203,1,0,0,,,,1514
13.411,codel,22710,15,159,10992,4,3,16984,28401,1,0,0,,,,1514
13.423,codel,25738,17,159,11002,4,3,18189,16477,1,0,0,,,,1514
13.435,codel,22710,15,159,11012,4,3,19399,4551,1,0,0,,,,1514
13.447,codel,18168,12,160,11021,5,3,18187,36674,1,0,0,,,,1514
13.458,codel,18168,12,160,11031,5,3,14570,24922,1,0,0,,,,1514
13.470,codel,19682,13,160,11041,5,3,13265,13179,1,0,0,,,,1514
13.482,codel,22710,15,160,11051,5,3,15686,759,1,0,0,,,,1514
13.494,codel,16752,12,161,11061,6,3,15653,29476,1,0,0,,,,1514
13.506,codel,16654,11,161,11071,6,3,10919,18022,1,0,0,,,,1514
13.517,codel,18168,12,161,11081,6,3,12088,6550,1,0,0,,,,1514
13.529,codel,15140,10,162,11090,7,3,10899,32486,1,0,0,,,,1514
13.540,codel,6056,4,162,11100,7,3,8721,20827,1,0,0,,,,1514
13.552,codel,4542,3,162,11109,7,3,2587,0,0,0,0,,,,1514
13.563,codel,9084,6,162,11119,7,3,6003,0,0,0,0,,,,1514
13.575,codel,3028,2,162,11129,7,3,3795,0,0,0,0,,,,1514
13.587,codel,3028,2,162,11138,7,3,0,0,0,0,0,,,,1514
13.599,codel,3028,2,162,11148,7,3,1189,0,0,0,0,,,,1514
13.610,codel,0,0,162,11157,7,3,0,0,0,0,0,,,,1514
13.622,codel,1514,1,162,11165,7,3,1200,0,0,0,0,,,,1514
13.634,codel,0,0,162,11172,7,3,0,0,0,0,0,,,,1514
13.645,codel,7570,5,162,11182,7,3,1197,0,0,0,0,,,,1514
13.657,codel,4542,3,162,11192,7,3,207,0,0,0,0,,,,1514
13.668,codel,6056,4,162,11201,7,3,3617,0,0,0,0,,,,1514
13.680,codel,4542,3,162,11211,7,3,1154,0,0,0,0,,,,1514
13.691,codel,6056,4,162,11221,7,3,3664,0,0,0,0,,,,1514
13.703,codel,9084,6,162,11230,7,3,4878,0,0,0,0,,,,1514
13.714,codel,9084,6,162,11240,7,3,6088,0,0,0,0,,,,1514
13.725,codel,9084,6,162,11249,7,3,6086,0,0,0,0,,,,1514
13.737,codel,10598,7,162,11259,7,3,6006,0,0,0,0,,,,1514
13.748,codel,10598,7,162,11268,7,3,7219,0,0,0,0,,,,1514
13.760,codel,12182,9,162,11278,7,3,8432,0,0,0,0,,,,1514
13.771,codel,16654,11,162,11288,7,3,9678,0,0,0,0,,,,1514
13.782,codel,15140,10,162,11297,7,3,10904,0,0,0,0,,,,1514
13.794,codel,19780,14,162,11307,7,3,10886,0,0,0,0,,,,1514
13.805,codel,21196,14,162,11317,7,3,13413,0,0,0,0,,,,1514
13.816,codel,22710,15,162,11326,7,3,14600,0,0,0,0,,,,1514
13.828,codel,22710,15,162,11336,7,3,15773,0,0,0,0,,,,1514
13.839,codel,24224,16,162,11345,7,3,15753,0,0,0,0,,,,1514
13.851,codel,22710,15,163,11355,4,4,16985,38355,1,0,0,,,,1514
13.862,codel,24224,16,163,11364,4,4,18122,26878,1,0,0,,,,1514
13.874,codel,22710,15,163,11374,4,4,18126,15289,1,0,0,,,,1514
13.885,codel,28766,19,163,11383,4,4,18100,3857,1,0,0,,,,1514
13.896,codel,25836,17,164,11393,5,4,19309,37048,1,0,0,,,,1514
13.908,codel,24224,16,164,11403,5,4,20626,25678,1,0,0,,,,1514
13.919,codel,25738,17,164,11412,5,4,19410,14255,1,0,0,,,,1514
13.931,codel,28766,19,164,11422,5,4,16979,2916,1,0,0,,,,1514
13.942,codel,22710,15,165,11431,6,4,18172,31726,1,0,0,,,,1514
13.954,codel,19682,13,165,11441,6,4,20600,20336,1,0,0,,,,1514
13.965,codel,22710,15,165,11450,6,4,15702,8925,1,0,0,,,,1514
13.976,codel,21196,14,166,11459,7,4,15675,35060,1,0,0,,,,1514
13.988,codel,24322,17,166,11469,7,4,14490,23521,1,0,0,,,,1514
13.999,codel,24322,17,166,11478,7,4,15675,12054,1,0,0,,,,1514
14.011,codel,21196,14,166,11489,7,4,18178,590,1,0,0,,,,1514
14.022,codel,16654,11,167,11498,8,4,15781,24259,1,0,0,,,,1514
14.034,codel,10598,7,167,11508,8,4,14567,12792,1,0,0,,,,1514
14.045,codel,12112,8,167,11517,8,4,7276,1271,1,0,0,,,,1514
14.057,codel,10598,7,168,11527,9,4,6225,23089,1,0,0,,,,1514
14.068,codel,9084,6,168,11536,9,4,8348,11625,1,0,0,,,,1514
14.080,codel,3028,2,168,11546,9,4,1168,0,0,0,0,,,,1514
14.091,codel,0,0,168,11555,9,4,0,0,0,0,0,,,,1514
14.103,codel,1514,1,168,11562,9,4,0,0,0,0,0,,,,1514
14.114,codel,1514,1,168,11572,9,4,0,0,0,0,0,,,,1514
14.125,codel,3028,2,168,11581,9,4,1218,0,0,0,0,,,,1514
14.137,codel,0,0,168,11587,9,4,1140,0,0,0,0,,,,1514
14.148,codel,4542,3,168,11597,9,4,1143,0,0,0,0,,,,1514
14.160,codel,6056,4,168,11607,9,4,2377,0,0,0,0,,,,1514
14.172,codel,7570,5,168,11616,9,4,6029,0,0,0,0,,,,1514
14.184,codel,4542,3,168,11626,9,4,2356,0,0,0,0,,,,1514
14.196,codel,7570,5,168,11636,9,4,4834,0,0,0,0,,,,1514
14.207,codel,7570,5,168,11647,9,4,4872,0,0,0,0,,,,1514
14.220,codel,6056,4,168,11657,9,4,2454,0,0,0,0,,,,1514
14.232,codel,9084,6,168,11666,9,4,6040,0,0,0,0,,,,1514
14.243,codel,10598,7,168,11675,9,4,7198,0,0,0,0,,,,1514
14.255,codel,15140,10,168,11685,9,4,9592,0,0,0,0,,,,1514
14.266,codel,13626,9,168,11694,9,4,10852,0,0,0,0,,,,1514
14.277,codel,12112,8,168,11704,9,4,9621,0,0,0,0,,,,1514
14.289,codel,18266,13,168,11713,9,4,9644,0,0,0,0,,,,1514
14.300,codel,18266,13,168,11722,9,4,10830,0,0,0,0,,,,1514
14.312,codel,21196,14,168,11733,9,4,13351,0,0,0,0,,,,1514
14.323,codel,19682,13,168,11742,9,4,14522,0,0,0,0,,,,1514
14.334,codel,22710,15,168,11752,9,4,15753,0,0,0,0,,,,1514
14.346,codel,24224,16,169,11761,5,5,15778,30371,1,0,0,,,,1514
14.357,codel,24224,16,169,11770,5,5,16967,19031,1,0,0,,,,1514
14.368,codel,24224,16,169,11780,5,5,18100,7742,1,0,0,,,,1514
14.380,codel,24224,16,170,11789,6,5,16909,37242,1,0,0,,,,1514
14.391,codel,21294,15,170,11798,6,5,16913,25885,1,0,0,,,,1514
14.402,codel,25836,18,170,11808,6,5,15702,14547,1,0,0,,,,1514
14.414,codel,22710,15,170,11818,6,5,16969,3184,1,0,0,,,,1514
14.425,codel,19682,13,171,11827,7,5,16907,29253,1,0,0,,,,1514
14.436,codel,15140,10,171,11837,7,5,16995,17797,1,0,0,,,,1514
14.448,codel,13626,9,171,11846,7,5,13307,6428,1,0,0,,,,1514
14.459,codel,10598,7,172,11856,8,5,5988,30168,1,0,0,,,,1514
14.471,codel,7570,5,172,11865,8,5,5012,18831,1,0,0,,,,1514
14.482,codel,3028,2,172,11875,8,5,0,0,0,0,0,,,,1514
14.494,codel,3028,2,172,11885,8,5,60,0,0,0,0,,,,1514
14.505,codel,0,0,172,11892,8,5,0,0,0,0,0,,,,1514
14.516,codel,4542,3,172,11901,8,5,1166,0,0,0,0,,,,1514
14.528,codel,1514,1,172,11910,8,5,166,0,0,0,0,,,,1514
14.539,codel,0,0,172,11914,8,5,0,0,0,0,0,,,,1514
14.550,codel,0,0,172,11921,8,5,0,0,0,0,0,,,,1514
14.562,codel,3028,2,172,11931,8,5,993,0,0,0,0,,,,1514
14.573,codel,3028,2,172,11941,8,5,744,0,0,0,0,,,,1514
14.585,codel,0,0,172,11947,8,5,1189,0,0,0,0,,,,1514
14.596,codel,3028,2,172,11957,8,5,1197,0,0,0,0,,,,1514
14.608,codel,6056,4,172,11967,8,5,2382,0,0,0,0,,,,1514
14.619,codel,3028,2,172,11976,8,5,1085,0,0,0,0,,,,1514
14.631,codel,0,0,172,11981,8,5,0,0,0,0,0,,,,1514
14.642,codel,1514,1,172,11992,8,5,1185,0,0,0,0,,,,1514
14.653,codel,7570,5,172,12001,8,5,3616,0,0,0,0,,,,1514
14.665,codel,10598,7,172,12010,8,5,4850,0,0,0,0,,,,1514
14.676,codel,6056,4,172,12020,8,5,3561,0,0,0,0,,,,1514
14.688,codel,9084,6,172,12029,8,5,4797,0,0,0,0,,,,1514
14.699,codel,12112,8,172,12039,8,5,7234,0,0,0,0,,,,1514
14.710,codel,12112,8,172,12049,8,5,8509,0,0,0,0,,,,1514
14.721,codel,13626,9,172,12058,8,5,9722,0,0,0,0,,,,1514
14.733,codel,13626,9,172,12068,8,5,9698,0,0,0,0,,,,1514
14.744,codel,16654,11,172,12077,8,5,9722,0,0,0,0,,,,1514
14.756,codel,13626,9,172,12087,8,5,13246,0,0,0,0,,,,1514
14.767,codel,15140,10,172,12096,8,5,9640,0,0,0,0,,,,1514
14.779,codel,15140,10,172,12105,8,5,12042,0,0,0,0,,,,1514
14.790,codel,21294,15,172,12115,8,5,10829,0,0,0,0,,,,1514
14.801,codel,19780,14,173,12124,3,3,12061,35853,1,0,0,,,,1514
14.813,codel,24224,16,173,12134,3,3,14566,24538,1,0,0,,,,1514
14.824,codel,24224,16,173,12144,3,3,16988,13056,1,0,0,,,,1514
14.835,codel,24224,16,173,12153,3,3,18200,1666,1,0,0,,,,1514
14.847,codel,25738,17,174,12163,4,3,16967,39928,1,0,0,,,,1514
14.858,codel,25738,17,174,12172,4,3,15777,28673,1,0,0,,,,1514
14.869,codel,25738,17,174,12181,4,3,18123,17299,1,0,0,,,,1514
14.881,codel,25738,17,174,12190,4,3,20543,6200,1,0,0,,,,1514
14.892,codel,16752,12,175,12200,5,3,20544,38891,1,0,0,,,,1514
14.903,codel,16654,11,175,12210,5,3,12359,27513,1,0,0,,,,1514
14.915,codel,16654,11,175,12219,5,3,13355,16119,1,0,0,,,,1514
14.926,codel,18168,12,175,12229,5,3,12145,4757,1,0,0,,,,1514
14.937,codel,18168,12,176,12238,6,3,10934,33854,1,0,0,,,,1514
14.949,codel,18168,12,176,12248,6,3,13359,22511,1,0,0,,,,1514
14.960,codel,9084,6,176,12257,6,3,14492,11124,1,0,0,,,,1514
14.971,codel,10598,7,176,12266,6,3,7223,-257,1,0,0,,,,1514
14.983,codel,9084,6,177,12276,7,3,6010,0,0,0,0,,,,1514
14.994,codel,16752,12,177,12286,7,3,8432,0,0,0,0,,,,1514
15.007,codel,16654,11,177,12297,7,3,12142,0,0,0,0,,,,1514
15.019,codel,7570,5,177,12307,7,3,12136,0,0,0,0,,,,1514
15.030,codel,7570,5,177,12316,7,3,2444,0,0,0,0,,,,1514
15.042,codel,9084,6,177,12326,7,3,3616,0,0,0,0,,,,1514
15.053,codel,10598,7,177,12335,7,3,5984,0,0,0,0,,,,1514
15.065,codel,9084,6,177,12345,7,3,7221,0,0,0,0,,,,1514
15.076,codel,7570,5,177,12354,7,3,6008,0,0,0,0,,,,1514
15.088,codel,10598,7,177,12363,7,3,4798,0,0,0,0,,,,1514
15.099,codel,12210,9,177,12373,7,3,7221,0,0,0,0,,,,1514
15.110,codel,12112,8,177,12383,7,3,8510,0,0,0,0,,,,1514
15.122,codel,13626,9,177,12392,7,3,9721,0,0,0,0,,,,1514
15.133,codel,13626,9,177,12402,7,3,10934,0,0,0,0,,,,1514
15.144,codel,16654,11,177,12411,7,3,9722,0,0,0,0,,,,1514
15.156,codel,19682,13,177,12420,7,3,13280,0,0,0,0,,,,1514
15.167,codel,19682,13,177,12430,7,3,13277,0,0,0,0,,,,1514
15.179,codel,19682,13,177,12439,7,3,13271,0,0,0,0,,,,1514
15.190,codel,21196,14,177,12449,7,3,15700,0,0,0,0,,,,1514
15.202,codel,22808,16,178,12459,4,4,15702,34275,1,0,0,,,,1514
15.214,codel,24224,16,178,12470,4,4,15769,22361,1,0,0,,,,1514
15.226,codel,27252,18,178,12479,4,4,18192,10739,1,0,0,,,,1514
15.237,codel,24224,16,179,12489,5,4,16977,43938,1,0,0,,,,1514
15.249,codel,15140,10,179,12498,5,4,18199,32542,1,0,0,,,,1514
15.260,codel,13626,9,179,12508,5,4,11127,21098,1,0,0,,,,1514
15.272,codel,18168,12,179,12517,5,4,8431,9763,1,0,0,,,,1514
15.283,codel,15140,10,180,12527,6,4,12061,38343,1,0,0,,,,1514
15.295,codel,12210,9,180,12536,6,4,13275,26520,1,0,0,,,,1514
15.307,codel,7570,5,180,12547,6,4,7292,14849,1,0,0,,,,1514
15.318,codel,10598,7,180,12557,6,4,6079,0,0,0,0,,,,1514
15.330,codel,7570,5,180,12566,6,4,6085,0,0,0,0,,,,1514
15.342,codel,1514,1,180,12576,6,4,236,0,0,0,0,,,,1514
15.353,codel,4542,3,180,12586,6,4,3578,0,0,0,0,,,,1514
15.365,codel,7570,5,180,12595,6,4,2363,0,0,0,0,,,,1514
15.377,codel,1514,1,180,12605,6,4,2373,0,0,0,0,,,,1514
15.388,codel,4542,3,180,12615,6,4,1163,0,0,0,0,,,,1514
15.400,codel,7570,5,180,12625,6,4,4873,0,0,0,0,,,,1514
15.412,codel,7570,5,180,12635,6,4,4866,0,0,0,0,,,,1514
15.424,codel,9084,6,180,12645,6,4,6081,0,0,0,0,,,,1514
15.435,codel,10598,7,180,12655,6,4,6076,0,0,0,0,,,,1514
15.448,codel,10598,7,180,12665,6,4,8496,0,0,0,0,,,,1514
15.460,codel,10598,7,180,12674,6,4,5974,0,0,0,0,,,,1514
15.471,codel,15140,10,180,12684,6,4,8421,0,0,0,0,,,,1514
15.483,codel,18168,12,180,12694,6,4,10848,0,0,0,0,,,,1514
15.495,codel,18266,13,180,12704,6,4,12056,0,0,0,0,,,,1514
15.507,codel,18168,12,180,12715,6,4,13349,0,0,0,0,,,,1514
15.519,codel,18168,12,180,12725,6,4,13338,0,0,0,0,,,,1514
15.531,codel,21196,14,180,12734,6,4,15760,0,0,0,0,,,,1514
15.542,codel,21196,14,181,12744,2,2,13314,46367,1,0,0,,,,1514
15.554,codel,21196,14,181,12753,2,2,15757,34782,1,0,0,,,,1514
15.566,codel,21196,14,181,12763,2,2,15609,22793,1,0,0,,,,1514
15.578,codel,25738,17,181,12773,2,2,15693,11015,1,0,0,,,,1514
15.589,codel,27252,18,182,12783,3,2,18113,56541,1,0,0,,,,1514
15.601,codel,21294,15,182,12792,3,2,19320,44688,1,0,0,,,,1514
15.613,codel,19780,14,182,12802,3,2,20541,32784,1,0,0,,,,1514
15.625,codel,19682,13,182,12813,3,2,14557,21201,1,0,0,,,,1514
15.637,codel,18168,12,182,12822,3,2,13340,9749,1,0,0,,,,1514
15.648,codel,10598,7,183,12832,4,2,12143,46566,1,0,0,,,,1514
15.660,codel,13626,9,183,12841,4,2,7293,35177,1,0,0,,,,1514
15.671,codel,16654,11,183,12851,4,2,10852,23701,1,0,0,,,,1514
15.682,codel,16654,11,183,12860,4,2,10854,12255,1,0,0,,,,1514
15.694,codel,13626,9,183,12869,4,2,12069,937,1,0,0,,,,1514
15.705,codel,6056,4,184,12880,5,2,8511,33856,1,0,0,,,,1514
15.717,codel,6056,4,184,12889,5,2,3664,0,0,0,0,,,,1514
15.728,codel,7570,5,184,12898,5,2,4885,0,0,0,0,,,,1514
15.739,codel,10598,7,184,12908,5,2,4876,0,0,0,0,,,,1514
15.751,codel,9084,6,184,12918,5,2,4800,0,0,0,0,,,,1514
15.763,codel,7570,5,184,12927,5,2,6012,0,0,0,0,,,,1514
15.774,codel,7570,5,184,12937,5,2,5994,0,0,0,0,,,,1514
15.786,codel,7570,5,184,12946,5,2,3586,0,0,0,0,,,,1514
15.797,codel,12210,9,184,12956,5,2,4796,0,0,0,0,,,,1514
15.808,codel,10598,7,184,12966,5,2,8510,0,0,0,0,,,,1514
15.820,codel,9084,6,184,12975,5,2,6068,0,0,0,0,,,,1514
15.831,codel,12112,8,184,12985,5,2,6067,0,0,0,0,,,,1514
15.843,codel,16654,11,184,12994,5,2,8513,0,0,0,0,,,,1514
15.854,codel,16654,11,184,13003,5,2,10934,0,0,0,0,,,,1514
15.865,codel,16654,11,184,13013,5,2,13279,0,0,0,0,,,,1514
15.877,codel,18168,12,184,13022,5,2,12004,0,0,0,0,,,,1514
15.888,codel,18168,12,184,13032,5,2,12064,0,0,0,0,,,,1514
15.899,codel,16752,12,185,13041,3,3,12067,52807,1,0,0,,,,1514
15.911,codel,16654,11,185,13051,3,3,12140,41264,1,0,0,,,,1514
15.922,codel,16654,11,185,13061,3,3,13346,29665,1,0,0,,,,1514
15.934,codel,18168,12,185,13071,3,3,13342,18135,1,0,0,,,,1514
15.945,codel,19682,13,185,13080,3,3,14557,6745,1,0,0,,,,1514
15.957,codel,19682,13,186,13089,4,3,14555,44985,1,0,0,,,,1514
15.968,codel,25738,17,186,13099,4,3,14458,33606,1,0,0,,,,1514
15.980,codel,24224,16,186,13108,4,3,16900,22153,1,0,0,,,,1514
15.991,codel,27252,18,186,13118,4,3,18120,10804,1,0,0,,,,1514
16.002,codel,27350,19,186,13127,4,3,18121,-611,1,0,0,,,,1514
16.014,codel,24322,17,187,13136,5,3,19331,31946,1,0,0,,,,1514
16.025,codel,24224,16,187,13147,5,3,16964,20518,1,0,0,,,,1514
16.037,codel,25738,17,187,13156,5,3,19386,9066,1,0,0,,,,1514
16.048,codel,25738,17,188,13166,6,3,16968,37954,1,0,0,,,,1514
16.060,codel,22710,15,188,13175,6,3,18179,26437,1,0,0,,,,1514
16.071,codel,22710,15,188,13185,6,3,16964,14928,1,0,0,,,,1514
16.083,codel,22710,15,188,13194,6,3,16905,3530,1,0,0,,,,1514
16.094,codel,13626,9,189,13204,7,3,16888,29664,1,0,0,,,,1514
16.105,codel,6154,5,189,13213,7,3,9859,18280,1,0,0,,,,1514
16.117,codel,10598,7,189,13223,7,3,6089,0,0,0,0,,,,1514
16.128,codel,12112,8,189,13233,7,3,8464,0,0,0,0,,,,1514
16.139,codel,6056,4,189,13242,7,3,8515,0,0,0,0,,,,1514
16.151,codel,6056,4,189,13252,7,3,2379,0,0,0,0,,,,1514
16.163,codel,7570,5,189,13262,7,3,3579,0,0,0,0,,,,1514
16.175,codel,4542,3,189,13271,7,3,2350,0,0,0,0,,,,1514
16.186,codel,0,0,189,13280,7,3,0,0,0,0,0,,,,1514
16.198,codel,1514,1,189,13290,7,3,1188,0,0,0,0,,,,1514
16.210,codel,4542,3,189,13302,7,3,2448,0,0,0,0,,,,1514
16.222,codel,6056,4,189,13311,7,3,3686,0,0,0,0,,,,1514
16.233,codel,7570,5,189,13321,7,3,4848,0,0,0,0,,,,1514
16.245,codel,7570,5,189,13330,7,3,6038,0,0,0,0,,,,1514
16.256,codel,12112,8,189,13339,7,3,7181,0,0,0,0,,,,1514
16.268,codel,15140,10,189,13349,7,3,8433,0,0,0,0,,,,1514
16.279,codel,12112,8,189,13358,7,3,10805,0,0,0,0,,,,1514
16.290,codel,12112,8,189,13368,7,3,8432,0,0,0,0,,,,1514
16.302,codel,18266,13,189,13377,7,3,10855,0,0,0,0,,,,1514
16.313,codel,19780,14,189,13386,7,3,13273,0,0,0,0,,,,1514
16.325,codel,19682,13,189,13397,7,3,14561,0,0,0,0,,,,1514
16.336,codel,21196,14,189,13406,7,3,14538,0,0,0,0,,,,1514
16.347,codel,24224,16,189,13415,7,3,15775,0,0,0,0,,,,1514
16.359,codel,21196,14,190,13425,4,4,15773,39252,1,0,0,,,,1514
16.370,codel,19682,13,190,13434,4,4,16989,27876,1,0,0,,,,1514
16.381,codel,21196,14,190,13444,4,4,15697,16491,1,0,0,,,,1514
16.393,codel,22710,15,190,13453,4,4,15675,5024,1,0,0,,,,1514
16.404,codel,24322,17,191,13463,5,4,14488,38228,1,0,0,,,,1514
16.416,codel,22808,16,191,13473,5,4,18129,25713,1,0,0,,,,1514
16.429,codel,25738,17,191,13484,5,4,15769,13537,1,0,0,,,,1514
16.441,codel,27252,18,191,13493,5,4,20545,2028,1,0,0,,,,1514
16.452,codel,16654,11,192,13503,6,4,18168,30853,1,0,0,,,,1514
16.463,codel,15140,10,192,13512,6,4,14780,19419,1,0,0,,,,1514
16.475,codel,21196,14,192,13522,6,4,10840,8114,1,0,0,,,,1514
16.486,codel,19682,13,193,13531,7,4,12066,34342,1,0,0,,,,1514
16.497,codel,21196,14,193,13540,7,4,14486,23002,1,0,0,,,,1514
16.509,codel,18266,13,193,13550,7,4,14467,11600,1,0,0,,,,1514
16.520,codel,10598,7,193,13560,7,4,14567,157,1,0,0,,,,1514
16.532,codel,9084,6,194,13570,8,4,6086,0,0,0,0,,,,1514
16.543,codel,1514,1,194,13579,8,4,245,0,0,0,0,,,,1514
16.555,codel,4542,3,194,13589,8,4,1886,0,0,0,0,,,,1514
16.566,codel,6056,4,194,13598,8,4,4784,0,0,0,0,,,,1514
16.577,codel,1514,1,194,13607,8,4,694,0,0,0,0,,,,1514
16.589,codel,3028,2,194,13617,8,4,1,0,0,0,0,,,,1514
16.600,codel,6056,4,194,13626,8,4,1162,0,0,0,0,,,,1514
16.612,codel,0,0,194,13635,8,4,0,0,0,0,0,,,,1514
16.623,codel,4542,3,194,13645,8,4,2379,0,0,0,0,,,,1514
16.635,codel,4542,3,194,13655,8,4,1145,0,0,0,0,,,,1514
16.646,codel,3028,2,194,13664,8,4,0,0,0,0,0,,,,1514
16.657,codel,4542,3,194,13673,8,4,2371,0,0,0,0,,,,1514
16.669,codel,6056,4,194,13683,8,4,2354,0,0,0,0,,,,1514
16.680,codel,4542,3,194,13692,8,4,3566,0,0,0,0,,,,1514
16.692,codel,7570,5,194,13702,8,4,4798,0,0,0,0,,,,1514
16.703,codel,9182,7,194,13711,8,4,4795,0,0,0,0,,,,1514
16.714,codel,9084,6,194,13721,8,4,4854,0,0,0,0,,,,1514
16.726,codel,9084,6,194,13731,8,4,4802,0,0,0,0,,,,1514
16.737,codel,10598,7,194,13741,8,4,5882,0,0,0,0,,,,1514
16.749,codel,15140,10,194,13750,8,4,9716,0,0,0,0,,,,1514
16.761,codel,16654,11,194,13760,8,4,10852,0,0,0,0,,,,1514
16.772,codel,16654,11,194,13769,8,4,12062,0,0,0,0,,,,1514
16.783,codel,19682,13,194,13778,8,4,12058,0,0,0,0,,,,1514
16.795,codel,18168,12,194,13788,8,4,14480,0,0,0,0,,,,1514
16.806,codel,18266,13,194,13797,8,4,12062,0,0,0,0,,,,1514
16.818,codel,18168,12,194,13808,8,4,13329,0,0,0,0,,,,1514
16.829,codel,21196,14,194,13817,8,4,14562,0,0,0,0,,,,1514
16.840,codel,21196,14,195,13826,4,4,14566,41804,1,0,0,,,,1514
16.852,codel,22710,15,195,13836,4,4,14559,30402,1,0,0,,,,1514
16.863,codel,24224,16,195,13845,4,4,16986,18968,1,0,0,,,,1514
16.875,codel,25738,17,195,13855,4,4,16987,7629,1,0,0,,,,1514
16.886,codel,24224,16,196,13864,5,4,18095,40953,1,0,0,,,,1514
16.897,codel,25738,17,196,13873,5,4,19310,29563,1,0,0,,,,1514
16.909,codel,22808,16,196,13883,5,4,18122,18160,1,0,0,,,,1514
16.920,codel,24322,17,196,13892,5,4,20543,6784,1,0,0,,,,1514
16.932,codel,22710,15,197,13902,6,4,15776,35748,1,0,0,,,,1514
16.943,codel,15140,10,197,13912,6,4,16989,24425,1,0,0,,,,1514
16.954,codel,10598,7,197,13921,6,4,10933,12819,1,0,0,,,,1514
16.966,codel,6056,4,197,13931,6,4,6084,1405,1,0,0,,,,1514
16.977,codel,3028,2,197,13940,6,4,4803,0,0,0,0,,,,1514
16.989,codel,1514,1,197,13948,6,4,979,0,0,0,0,,,,1514
17.000,codel,4542,3,197,13957,6,4,1189,0,0,0,0,,,,1514
17.012,codel,6056,4,197,13968,6,4,3675,0,0,0,0,,,,1514
17.024,codel,3028,2,197,13978,6,4,1276,0,0,0,0,,,,1514
17.036,codel,1514,1,197,13988,6,4,1230,0,0,0,0,,,,1514
17.048,codel,0,0,197,13996,6,4,27,0,0,0,0,,,,1514
17.059,codel,4542,3,197,14007,6,4,3571,0,0,0,0,,,,1514
17.070,codel,6056,4,197,14016,6,4,3636,0,0,0,0,,,,1514
17.082,codel,7570,5,197,14025,6,4,6057,0,0,0,0,,,,1514
17.093,codel,7570,5,197,14035,6,4,6056,0,0,0,0,,,,1514
17.105,codel,12210,9,197,14044,6,4,6011,0,0,0,0,,,,1514
17.116,codel,9084,6,197,14055,6,4,7299,0,0,0,0,,,,1514
17.128,codel,13626,9,197,14064,6,4,7301,0,0,0,0,,,,1514
17.139,codel,13626,9,197,14074,6,4,9700,0,0,0,0,,,,1514
17.150,codel,19682,13,197,14083,6,4,8512,0,0,0,0,,,,1514
17.162,codel,19682,13,197,14092,6,4,12145,0,0,0,0,,,,1514
17.173,codel,21196,14,197,14102,6,4,14488,0,0,0,0,,,,1514
17.185,codel,16654,11,197,14111,6,4,13275,0,0,0,0,,,,1514
17.196,codel,16654,11,197,14121,6,4,13277,0,0,0,0,,,,1514
17.207,codel,18266,13,198,14130,2,2,12066,46828,1,0,0,,,,1514
17.219,codel,19682,13,198,14141,2,2,13355,34792,1,0,0,,,,1514
17.231,codel,19682,13,198,14151,2,2,14561,22828,1,0,0,,,,1514
17.243,codel,24224,16,198,14161,2,2,13355,11137,1,0,0,,,,1514
17.255,codel,21196,14,198,14170,2,2,16977,-349,1,0,0,,,,1514
17.266,codel,21196,14,199,14180,3,2,13420,45602,1,0,0,,,,1514
17.278,codel,24224,16,199,14189,3,2,14462,34233,1,0,0,,,,1514
17.289,codel,25738,17,199,14199,3,2,14487,22503,1,0,0,,,,1514
17.301,codel,18168,12,199,14209,3,2,19331,10390,1,0,0,,,,1514
17.313,codel,18266,13,200,14218,4,2,12279,46950,1,0,0,,,,1514
17.325,codel,19682,13,200,14229,4,2,12141,35391,1,0,0,,,,1514
17.336,codel,22710,14,200,14238,4,2,14543,23714,1,0,0,,,,1514
17.348,codel,21196,14,200,14249,4,2,14553,11476,1,0,0,,,,1514
17.360,codel,19682,13,200,14258,4,2,14557,-237,1,0,0,,,,1514
17.372,codel,21196,14,201,14268,5,2,15771,32435,1,0,0,,,,1514
17.383,codel,22710,15,201,14277,5,2,13267,20769,1,0,0,,,,1514
17.395,codel,22710,15,201,14287,5,2,16899,9154,1,0,0,,,,1514
17.407,codel,18266,13,202,14297,6,2,13281,37739,1,0,0,,,,1514
17.419,codel,13724,10,202,14307,6,2,15694,25973,1,0,0,,,,1514
17.430,codel,15140,10,202,14317,6,2,10924,14256,1,0,0,,,,1514
17.442,codel,13626,9,202,14327,6,2,10923,2351,1,0,0,,,,1514
17.454,codel,9084,6,203,14337,7,2,7280,28180,1,0,0,,,,1514
17.466,codel,4542,3,203,14346,7,2,3659,0,0,0,0,,,,1514
17.477,codel,0,0,203,14355,7,2,159,0,0,0,0,,,,1514
17.489,codel,1514,1,203,14365,7,2,0,0,0,0,0,,,,1514
17.501,codel,1514,1,203,14372,7,2,0,0,0,0,0,,,,1514
17.512,codel,3028,2,203,14382,7,2,1271,0,0,0,0,,,,1514
17.524,codel,0,0,203,14389,7,2,1,0,0,0,0,,,,1514
17.536,codel,1514,1,203,14397,7,2,0,0,0,0,0,,,,1514
17.547,codel,0,0,203,14404,7,2,1009,0,0,0,0,,,,1514
17.559,codel,0,0,203,14414,7,2,0,0,0,0,0,,,,1514
17.571,codel,0,0,203,14420,7,2,0,0,0,0,0,,,,1514
17.583,codel,4542,3,203,14431,7,2,0,0,0,0,0,,,,1514
17.595,codel,4542,3,203,14441,7,2,2223,0,0,0,0,,,,1514
17.606,codel,3028,2,203,14450,7,2,928,0,0,0,0,,,,1514
17.618,codel,3028,2,203,14460,7,2,2364,0,0,0,0,,,,1514
17.630,codel,1514,1,203,14470,7,2,1169,0,0,0,0,,,,1514
17.642,codel,6056,4,203,14479,7,2,2401,0,0,0,0,,,,1514
17.653,codel,4542,3,203,14489,7,2,4807,0,0,0,0,,,,1514
17.665,codel,4542,3,203,14498,7,2,3558,0,0,0,0,,,,1514
17.676,codel,7570,5,203,14508,7,2,2371,0,0,0,0,,,,1514
17.687,codel,10598,7,203,14517,7,2,4794,0,0,0,0,,,,1514
17.699,codel,12112,8,203,14527,7,2,7223,0,0,0,0,,,,1514
17.710,codel,15238,11,203,14538,7,2,8424,0,0,0,0,,,,1514
17.724,codel,15140,10,203,14548,7,2,10931,0,0,0,0,,,,1514
17.735,codel,18168,12,203,14558,7,2,10928,0,0,0,0,,,,1514
17.747,codel,19682,13,203,14568,7,2,12141,0,0,0,0,,,,1514
17.759,codel,19682,13,203,14578,7,2,14544,0,0,0,0,,,,1514
17.771,codel,18168,12,203,14588,7,2,13263,0,0,0,0,,,,1514
17.783,codel,21196,14,203,14597,7,2,15691,0,0,0,0,,,,1514
17.794,codel,19682,13,204,14606,5,5,13267,39546,1,0,0,,,,1514
17.806,codel,22710,15,204,14616,5,5,13276,27552,1,0,0,,,,1514
17.818,codel,21294,15,204,14626,5,5,16911,15688,1,0,0,,,,1514
17.830,codel,21196,14,204,14637,5,5,15778,4216,1,0,0,,,,1514
17.841,codel,19682,13,205,14646,6,5,14557,33233,1,0,0,,,,1514
17.853,codel,19682,13,205,14656,6,5,13279,21801,1,0,0,,,,1514
17.864,codel,22710,15,205,14665,6,5,15773,10336,1,0,0,,,,1514
17.876,codel,25738,17,205,14674,6,5,16987,-1108,1,0,0,,,,1514
17.887,codel,21196,14,206,14684,7,5,16909,24918,1,0,0,,,,1514
17.899,codel,16654,11,206,14693,7,5,16911,13428,1,0,0,,,,1514
17.910,codel,10696,8,206,14703,7,5,11056,2028,1,0,0,,,,1514
17.921,codel,12112,8,207,14713,8,5,7301,25626,1,0,0,,,,1514
17.933,codel,12112,8,207,14723,8,5,7302,14156,1,0,0,,,,1514
17.944,codel,10598,7,207,14732,8,5,9827,2705,1,0,0,,,,1514
17.956,codel,10598,7,208,14742,9,5,7266,24489,1,0,0,,,,1514
17.967,codel,3028,2,208,14751,9,5,2591,0,0,0,0,,,,1514
17.979,codel,1514,1,208,14761,9,5,1165,0,0,0,0,,,,1514
17.990,codel,1514,1,208,14770,9,5,0,0,0,0,0,,,,1514
18.002,codel,1514,1,208,14779,9,5,0,0,0,0,0,,,,1514
18.013,codel,0,0,208,14785,9,5,1,0,0,0,0,,,,1514
18.024,codel,0,0,208,14790,9,5,0,0,0,0,0,,,,1514
18.036,codel,1514,1,208,14800,9,5,957,0,0,0,0,,,,1514
18.047,codel,1514,1,208,14808,9,5,0,0,0,0,0,,,,1514
18.059,codel,0,0,208,14812,9,5,0,0,0,0,0,,,,1514
18.070,codel,1514,1,208,14819,9,5,1209,0,0,0,0,,,,1514
18.081,codel,3028,2,208,14828,9,5,2053,0,0,0,0,,,,1514
18.093,codel,0,0,208,14837,9,5,1005,0,0,0,0,,,,1514
18.104,codel,0,0,208,14842,9,5,0,0,0,0,0,,,,1514
18.116,codel,1514,1,208,14851,9,5,0,0,0,0,0,,,,1514
18.127,codel,3028,2,208,14860,9,5,2374,0,0,0,0,,,,1514
18.138,codel,6056,4,208,14869,9,5,1160,0,0,0,0,,,,1514
18.150,codel,0,0,208,14877,9,5,0,0,0,0,0,,,,1514
18.161,codel,3028,2,208,14886,9,5,1187,0,0,0,0,,,,1514
18.172,codel,9084,6,208,14895,9,5,4825,0,0,0,0,,,,1514
18.184,codel,7570,5,208,14905,9,5,3612,0,0,0,0,,,,1514
18.195,codel,6056,4,208,14914,9,5,4818,0,0,0,0,,,,1514
18.206,codel,7570,5,208,14924,9,5,4793,0,0,0,0,,,,1514
18.219,codel,9084,6,208,14935,9,5,6079,0,0,0,0,,,,1514
18.230,codel,10598,7,208,14944,9,5,8492,0,0,0,0,,,,1514
18.242,codel,12112,8,208,14954,9,5,9725,0,0,0,0,,,,1514
18.253,codel,13626,9,208,14963,9,5,8506,0,0,0,0,,,,1514
18.264,codel,15140,10,208,14972,9,5,8511,0,0,0,0,,,,1514
18.276,codel,18168,12,208,14982,9,5,10850,0,0,0,0,,,,1514
18.287,codel,18168,12,208,14991,9,5,13279,0,0,0,0,,,,1514
18.299,codel,18168,12,208,15001,9,5,13272,0,0,0,0,,,,1514
18.310,codel,18266,13,208,15010,9,5,13278,0,0,0,0,,,,1514
18.322,codel,19780,14,209,15020,4,4,13276,39919,1,0,0,,,,1514
18.333,codel,22710,15,209,15030,4,4,14563,28482,1,0,0,,,,1514
18.344,codel,22710,15,209,15039,4,4,15775,17088,1,0,0,,,,1514
18.356,codel,24224,16,209,15049,4,4,18105,5616,1,0,0,,,,1514
18.367,codel,21196,14,210,15058,5,4,15778,38818,1,0,0,,,,1514
18.379,codel,22710,15,210,15068,5,4,15777,27310,1,0,0,,,,1514
18.390,codel,24224,16,210,15077,5,4,15699,15861,1,0,0,,,,1514
18.402,codel,25738,17,210,15087,5,4,16898,4423,1,0,0,,,,1514
18.413,codel,21294,15,211,15096,6,4,16890,33342,1,0,0,,,,1514
18.425,codel,18266,13,211,15106,6,4,14702,21847,1,0,0,,,,1514
18.436,codel,19682,13,211,15116,6,4,14552,10363,1,0,0,,,,1514
18.447,codel,19682,13,212,15125,7,4,14567,36527,1,0,0,,,,1514
18.459,codel,10598,7,212,15135,7,4,14568,24988,1,0,0,,,,1514
18.470,codel,9084,6,212,15144,7,4,6302,13539,1,0,0,,,,1514
18.482,codel,12112,8,212,15154,7,4,7218,0,0,0,0,,,,1514
18.493,codel,7570,5,212,15163,7,4,8432,0,0,0,0,,,,1514
18.505,codel,3028,2,212,15172,7,4,1169,0,0,0,0,,,,1514
18.516,codel,4542,3,212,15182,7,4,0,0,0,0,0,,,,1514
18.527,codel,4542,3,212,15191,7,4,3607,0,0,0,0,,,,1514
18.538,codel,6056,4,212,15200,7,4,2401,0,0,0,0,,,,1514
18.550,codel,6056,4,212,15210,7,4,3616,0,0,0,0,,,,1514
18.561,codel,6056,4,212,15219,7,4,2376,0,0,0,0,,,,1514
18.573,codel,6056,4,212,15229,7,4,2371,0,0,0,0,,,,1514
18.584,codel,7570,5,212,15238,7,4,3587,0,0,0,0,,,,1514
18.595,codel,10598,7,212,15247,7,4,6011,0,0,0,0,,,,1514
18.607,codel,12112,8,212,15257,7,4,8432,0,0,0,0,,,,1514
18.618,codel,13724,10,212,15266,7,4,9644,0,0,0,0,,,,1514
18.630,codel,10598,7,212,15277,7,4,9714,0,0,0,0,,,,1514
18.641,codel,15140,10,212,15286,7,4,9720,0,0,0,0,,,,1514
18.652,codel,15140,10,212,15296,7,4,10909,0,0,0,0,,,,1514
18.664,codel,19682,13,212,15305,7,4,12142,0,0,0,0,,,,1514
18.675,codel,18168,12,212,15314,7,4,13325,0,0,0,0,,,,1514
18.686,codel,19682,13,212,15324,7,4,13278,0,0,0,0,,,,1514
18.698,codel,16654,11,213,15333,3,3,14486,47662,1,0,0,,,,1514
18.709,codel,18168,12,213,15343,3,3,13252,36059,1,0,0,,,,1514
18.721,codel,21294,15,213,15352,3,3,13272,24229,1,0,0,,,,1514
18.733,codel,22710,15,213,15363,3,3,14565,12175,1,0,0,,,,1514
18.745,codel,24224,16,213,15373,3,3,16791,237,1,0,0,,,,1514
18.757,codel,24224,16,214,15383,4,3,16983,38694,1,0,0,,,,1514
18.768,codel,27252,18,214,15392,4,3,19401,27289,1,0,0,,,,1514
18.780,codel,25738,17,214,15401,4,3,16972,15920,1,0,0,,,,1514
18.791,codel,25738,17,214,15411,4,3,21748,4535,1,0,0,,,,1514
18.802,codel,19682,13,215,15420,5,3,19332,36907,1,0,0,,,,1514
18.814,codel,22808,16,215,15430,5,3,13838,25543,1,0,0,,,,1514
18.825,codel,18266,13,215,15439,5,3,14473,14040,1,0,0,,,,1514
18.837,codel,18168,12,215,15450,5,3,14772,2558,1,0,0,,,,1514
18.848,codel,9084,6,216,15459,6,3,10933,31575,1,0,0,,,,1514
18.860,codel,7570,5,216,15468,6,3,6090,0,0,0,0,,,,1514
18.871,codel,12112,8,216,15478,6,3,6066,0,0,0,0,,,,1514
18.883,codel,13626,9,216,15487,6,3,7220,0,0,0,0,,,,1514
18.894,codel,12112,8,216,15497,6,3,8410,0,0,0,0,,,,1514
18.906,codel,10598,7,216,15506,6,3,6754,0,0,0,0,,,,1514
18.917,codel,12210,9,216,15516,6,3,7198,0,0,0,0,,,,1514
18.929,codel,6056,4,216,15527,6,3,6294,0,0,0,0,,,,1514
18.941,codel,6056,4,216,15537,6,3,1210,0,0,0,0,,,,1514
18.953,codel,6056,4,216,15546,6,3,3664,0,0,0,0,,,,1514
18.964,codel,6056,4,216,15556,6,3,3634,0,0,0,0,,,,1514
18.975,codel,7570,5,216,15565,6,3,6004,0,0,0,0,,,,1514
18.987,codel,10598,7,216,15574,6,3,8425,0,0,0,0,,,,1514
18.998,codel,12112,8,216,15584,6,3,7223,0,0,0,0,,,,1514
19.010,codel,13626,9,216,15593,6,3,9645,0,0,0,0,,,,1514
19.021,codel,16752,12,216,15603,6,3,9641,0,0,0,0,,,,1514
19.032,codel,13626,9,216,15613,6,3,10934,0,0,0,0,,,,1514
19.044,codel,16654,11,216,15622,6,3,9722,0,0,0,0,,,,1514
19.055,codel,18168,12,216,15632,6,3,12143,0,0,0,0,,,,1514
19.066,codel,22710,15,216,15641,6,3,13277,0,0,0,0,,,,1514
19.078,codel,22710,15,216,15650,6,3,12124,0,0,0,0,,,,1514
19.089,codel,18168,12,217,15660,3,3,14488,44587,1,0,0,,,,1514
19.100,codel,22710,15,217,15669,3,3,14487,33266,1,0,0,,,,1514
19.112,codel,19682,13,217,15678,3,3,15697,21907,1,0,0,,,,1514
19.123,codel,21294,15,217,15688,3,3,15678,10553,1,0,0,,,,1514
19.134,codel,21196,14,218,15698,4,3,14544,49169,1,0,0,,,,1514
19.146,codel,19682,13,218,15707,4,3,14565,37801,1,0,0,,,,1514
19.157,codel,22710,15,218,15717,4,3,15778,26396,1,0,0,,,,1514
19.169,codel,19682,13,218,15726,4,3,15746,14949,1,0,0,,,,1514
19.180,codel,18168,12,218,15736,4,3,19414,3537,1,0,0,,,,1514
19.191,codel,13626,9,219,15745,5,3,10853,35827,1,0,0,,,,1514
19.203,codel,16654,11,219,15755,5,3,8648,23372,1,0,0,,,,1514
19.215,codel,13626,9,219,15766,5,3,10855,11086,1,0,0,,,,1514
19.228,codel,18168,12,219,15776,5,3,9700,-397,1,0,0,,,,1514
19.239,codel,19682,13,220,15786,6,3,12142,28596,1,0,0,,,,1514
19.251,codel,15140,10,220,15795,6,3,13352,17145,1,0,0,,,,1514
19.262,codel,16654,11,220,15804,6,3,12097,5757,1,0,0,,,,1514
19.273,codel,18168,12,221,15814,7,3,10933,31887,1,0,0,,,,1514
19.285,codel,13626,9,221,15824,7,3,12062,19815,1,0,0,,,,1514
19.297,codel,16654,11,221,15834,7,3,8430,7813,1,0,0,,,,1514
19.309,codel,9084,6,222,15843,8,3,10850,31148,1,0,0,,,,1514
19.321,codel,3028,2,222,15854,8,3,2665,0,0,0,0,,,,1514
19.333,codel,1514,1,222,15862,8,3,1196,0,0,0,0,,,,1514
19.344,codel,4542,3,222,15872,8,3,2405,0,0,0,0,,,,1514
19.356,codel,4542,3,222,15881,8,3,2408,0,0,0,0,,,,1514
19.368,codel,1514,1,222,15891,8,3,139,0,0,0,0,,,,1514
19.379,codel,3028,2,222,15899,8,3,0,0,0,0,0,,,,1514
19.391,codel,3028,2,222,15909,8,3,2400,0,0,0,0,,,,1514
19.402,codel,4542,3,222,15919,8,3,1196,0,0,0,0,,,,1514
19.414,codel,4542,3,222,15928,8,3,4826,0,0,0,0,,,,1514
19.426,codel,7570,5,222,15939,8,3,4845,0,0,0,0,,,,1514
19.438,codel,7570,5,222,15949,8,3,6057,0,0,0,0,,,,1514
19.450,codel,10598,7,222,15958,8,3,6051,0,0,0,0,,,,1514
19.461,codel,9084,6,222,15968,8,3,6072,0,0,0,0,,,,1514
19.473,codel,9084,6,222,15978,8,3,5999,0,0,0,0,,,,1514
19.484,codel,12112,8,222,15987,8,3,7206,0,0,0,0,,,,1514
19.496,codel,16654,11,222,15997,8,3,10851,0,0,0,0,,,,1514
19.508,codel,16654,11,222,16006,8,3,10844,0,0,0,0,,,,1514
19.519,codel,16752,12,222,16016,8,3,12057,0,0,0,0,,,,1514
19.531,codel,18266,13,222,16025,8,3,12033,0,0,0,0,,,,1514
19.542,codel,18168,12,222,16036,8,3,13324,0,0,0,0,,,,1514
19.554,codel,19682,13,222,16045,8,3,14561,0,0,0,0,,,,1514
19.565,codel,22710,15,222,16055,8,3,14564,0,0,0,0,,,,1514
19.578,codel,21196,14,223,16065,5,5,14561,30155,1,0,0,,,,1514
19.590,codel,22710,15,223,16075,5,5,14479,18629,1,0,0,,,,1514
19.601,codel,24224,16,223,16084,5,5,15692,6989,1,0,0,,,,1514
19.613,codel,22710,15,224,16094,6,5,15687,36165,1,0,0,,,,1514
19.624,codel,22808,16,224,16103,6,5,19315,24641,1,0,0,,,,1514
19.636,codel,22808,16,224,16113,6,5,16899,12985,1,0,0,,,,1514
19.647,codel,25738,17,224,16123,6,5,16980,1557,1,0,0,,,,1514
19.659,codel,22710,15,225,16133,7,5,16985,27527,1,0,0,,,,1514
19.670,codel,21196,14,225,16142,7,5,17627,16261,1,0,0,,,,1514
19.682,codel,19682,13,225,16151,7,5,16986,5005,1,0,0,,,,1514
19.693,codel,22710,15,226,16161,8,5,14565,28868,1,0,0,,,,1514
19.704,codel,15140,10,226,16170,8,5,16910,17418,1,0,0,,,,1514
19.716,codel,16654,11,226,16180,8,5,11068,6014,1,0,0,,,,1514
19.727,codel,13724,10,227,16189,9,5,10857,27905,1,0,0,,,,1514
19.738,codel,13626,9,227,16200,9,5,10934,16002,1,0,0,,,,1514
19.750,codel,6056,4,227,16209,9,5,7515,4355,1,0,0,,,,1514
19.762,codel,3028,2,227,16219,9,5,2664,0,0,0,0,,,,1514
19.773,codel,3028,2,227,16228,9,5,0,0,0,0,0,,,,1514
19.785,codel,3028,2,227,16238,9,5,1379,0,0,0,0,,,,1514
19.796,codel,0,0,227,16246,9,5,0,0,0,0,0,,,,1514
19.807,codel,0,0,227,16255,9,5,1185,0,0,0,0,,,,1514
19.819,codel,1514,1,227,16266,9,5,0,0,0,0,0,,,,1514
19.830,codel,0,0,227,16275,9,5,1272,0,0,0,0,,,,1514
19.841,codel,3028,2,227,16286,9,5,1249,0,0,0,0,,,,1514
19.853,codel,7570,5,227,16295,9,5,3645,0,0,0,0,,,,1514
19.864,codel,7570,5,227,16304,9,5,4879,0,0,0,0,,,,1514
19.876,codel,7570,5,227,16314,9,5,4802,0,0,0,0,,,,1514
19.887,codel,10598,7,227,16323,9,5,4800,0,0,0,0,,,,1514
19.898,codel,10598,7,227,16332,9,5,7226,0,0,0,0,,,,1514
19.910,codel,12112,8,227,16342,9,5,6011,0,0,0,0,,,,1514
19.921,codel,10696,8,227,16351,9,5,8433,0,0,0,0,,,,1514
19.932,codel,12112,8,227,16361,9,5,7302,0,0,0,0,,,,1514
19.944,codel,15140,10,227,16371,9,5,9719,0,0,0,0,,,,1514
19.955,codel,15140,10,227,16380,9,5,10929,0,0,0,0,,,,1514
19.967,codel,16654,11,227,16390,9,5,9722,0,0,0,0,,,,1514
19.978,codel,18168,12,227,16399,9,5,10931,0,0,0,0,,,,1514
19.989,codel,21196,14,228,16408,4,4,12063,41477,1,0,0,,,,1514
20.001,codel,21196,14,228,16418,4,4,15697,30062,1,0,0,,,,1514
20.012,codel,21196,14,228,16427,4,4,15697,18563,1,0,0,,,,1514
20.024,codel,22808,16,228,16437,4,4,14483,7085,1,0,0,,,,1514
20.035,codel,18266,13,229,16446,5,4,16908,40203,1,0,0,,,,1514
20.046,codel,13626,9,229,16456,5,4,15776,28835,1,0,0,,,,1514
20.058,codel,19682,13,229,16466,5,4,10928,17526,1,0,0,,,,1514
20.069,codel,19682,13,229,16475,5,4,13358,6189,1,0,0,,,,1514
20.080,codel,18168,12,230,16485,6,4,12145,35077,1,0,0,,,,1514
20.092,codel,13626,9,230,16494,6,4,10857,23777,1,0,0,,,,1514
20.103,codel,12112,8,230,16503,6,4,7223,12359,1,0,0,,,,1514
20.115,codel,10598,7,230,16513,6,4,8434,964,1,0,0,,,,1514
20.126,codel,1514,1,231,16523,7,4,247,0,0,0,0,,,,1514
20.138,codel,3028,2,231,16533,7,4,31,0,0,0,0,,,,1514
20.149,codel,6056,4,231,16542,7,4,2453,0,0,0,0,,,,1514
20.160,codel,10598,7,231,16551,7,4,4878,0,0,0,0,,,,1514
20.172,codel,9084,6,231,16561,7,4,7303,0,0,0,0,,,,1514
20.183,codel,10598,7,231,16570,7,4,7223,0,0,0,0,,,,1514
20.194,codel,12112,8,231,16580,7,4,6012,0,0,0,0,,,,1514
20.206,codel,13626,9,231,16590,7,4,8434,0,0,0,0,,,,1514
20.218,codel,12112,8,231,16599,7,4,9623,0,0,0,0,,,,1514
20.230,codel,13724,10,231,16609,7,4,8436,0,0,0,0,,,,1514
20.241,codel,13626,9,231,16620,7,4,9719,0,0,0,0,,,,1514
20.254,codel,15140,10,231,16630,7,4,9711,0,0,0,0,,,,1514
20.266,codel,19682,13,231,16639,7,4,10932,0,0,0,0,,,,1514
20.277,codel,21196,14,231,16649,7,4,14542,0,0,0,0,,,,1514
20.289,codel,22710,15,231,16658,7,4,13267,0,0,0,0,,,,1514
20.300,codel,21196,14,232,16668,3,3,14474,37189,1,0,0,,,,1514
20.311,codel,19682,13,232,16677,3,3,15690,25533,1,0,0,,,,1514
20.323,codel,22808,16,232,16687,3,3,16908,13279,1,0,0,,,,1514
20.335,codel,21294,15,232,16697,3,3,16903,1536,1,0,0,,,,1514
20.347,codel,25738,17,233,16708,4,3,13349,39724,1,0,0,,,,1514
20.359,codel,19682,13,233,16718,4,3,15770,27919,1,0,0,,,,1514
20.371,codel,19682,13,233,16727,4,3,14775,16454,1,0,0,,,,1514
20.382,codel,21196,14,233,16736,4,3,14555,4966,1,0,0,,,,1514
20.394,codel,18168,12,234,16746,5,3,14481,37298,1,0,0,,,,1514
20.405,codel,16654,11,234,16755,5,3,12063,25916,1,0,0,,,,1514
20.416,codel,15140,10,234,16765,5,3,12065,14428,1,0,0,,,,1514
20.428,codel,12210,9,234,16774,5,3,12061,3085,1,0,0,,,,1514
20.439,codel,6056,4,235,16785,6,3,1458,0,0,0,0,,,,1514
20.451,codel,6056,4,235,16794,6,3,3664,0,0,0,0,,,,1514
20.462,codel,13626,9,235,16803,6,3,7301,0,0,0,0,,,,1514
20.473,codel,13626,9,235,16813,6,3,9723,0,0,0,0,,,,1514
20.485,codel,13626,9,235,16822,6,3,9725,0,0,0,0,,,,1514
20.496,codel,13626,9,235,16832,6,3,10854,0,0,0,0,,,,1514
20.508,codel,6056,4,235,16841,6,3,9647,0,0,0,0,,,,1514
20.519,codel,7570,5,235,16850,6,3,4802,0,0,0,0,,,,1514
20.530,codel,4542,3,235,16861,6,3,1245,0,0,0,0,,,,1514
20.542,codel,7570,5,235,16870,6,3,6090,0,0,0,0,,,,1514
20.553,codel,4542,3,235,16880,6,3,6081,0,0,0,0,,,,1514
20.565,codel,7570,5,235,16889,6,3,4877,0,0,0,0,,,,1514
20.576,codel,12112,8,235,16899,6,3,6013,0,0,0,0,,,,1514
20.588,codel,13626,9,235,16908,6,3,9644,0,0,0,0,,,,1514
20.599,codel,13626,9,235,16917,6,3,8432,0,0,0,0,,,,1514
20.610,codel,15140,10,235,16927,6,3,10854,0,0,0,0,,,,1514
20.622,codel,13626,9,235,16936,6,3,12066,0,0,0,0,,,,1514
20.633,codel,15238,11,235,16946,6,3,9639,0,0,0,0,,,,1514
20.645,codel,13626,9,235,16956,6,3,10934,0,0,0,0,,,,1514
20.656,codel,16654,11,235,16965,6,3,9723,0,0,0,0,,,,1514
20.667,codel,22710,15,235,16975,6,3,13357,0,0,0,0,,,,1514
20.679,codel,21196,14,236,16984,3,3,14543,46231,1,0,0,,,,1514
20.690,codel,24224,16,236,16994,3,3,15777,34744,1,0,0,,,,1514
20.702,codel,24224,16,236,17003,3,3,16912,23225,1,0,0,,,,1514
20.713,codel,25738,17,236,17013,3,3,18123,11805,1,0,0,,,,1514
20.725,codel,25738,17,236,17022,3,3,19333,423,1,0,0,,,,1514
20.736,codel,27350,19,237,17032,4,3,19337,38523,1,0,0,,,,1514
20.748,codel,28766,19,237,17042,4,3,20298,27174,1,0,0,,,,1514
20.759,codel,30280,20,237,17052,4,3,21833,15801,1,0,0,,,,1514
20.771,codel,25738,17,237,17061,4,3,20623,4382,1,0,0,,,,1514
20.782,codel,19682,13,238,17070,5,3,21830,36745,1,0,0,,,,1514
20.793,codel,19682,13,238,17080,5,3,14781,25353,1,0,0,,,,1514
20.805,codel,19682,13,238,17089,5,3,14488,14062,1,0,0,,,,1514
20.816,codel,19682,13,238,17099,5,3,15698,2678,1,0,0,,,,1514
20.828,codel,24322,17,239,17108,6,3,14489,31656,1,0,0,,,,1514
20.839,codel,24322,17,239,17118,6,3,16913,20012,1,0,0,,,,1514
20.851,codel,21196,14,239,17128,6,3,18202,8163,1,0,0,,,,1514
20.863,codel,15140,10,240,17138,7,3,14562,34094,1,0,0,,,,1514
20.874,codel,9084,6,240,17147,7,3,12338,22671,1,0,0,,,,1514
20.886,codel,12112,8,240,17157,7,3,6056,0,0,0,0,,,,1514
20.897,codel,15140,10,240,17166,7,3,7216,0,0,0,0,,,,1514
20.908,codel,10598,7,240,17176,7,3,9639,0,0,0,0,,,,1514
20.920,codel,7570,5,240,17185,7,3,6013,0,0,0,0,,,,1514
20.931,codel,4542,3,240,17196,7,3,4871,0,0,0,0,,,,1514
20.943,codel,9084,6,240,17206,7,3,6064,0,0,0,0,,,,1514
20.955,codel,7570,5,240,17216,7,3,6079,0,0,0,0,,,,1514
20.967,codel,7570,5,240,17225,7,3,3653,0,0,0,0,,,,1514
20.979,codel,7570,5,240,17235,7,3,5998,0,0,0,0,,,,1514
20.990,codel,12112,8,240,17244,7,3,7214,0,0,0,0,,,,1514
21.002,codel,13626,9,240,17254,7,3,8422,0,0,0,0,,,,1514
21.013,codel,15140,10,240,17263,7,3,8445,0,0,0,0,,,,1514
21.025,codel,16654,11,240,17273,7,3,9649,0,0,0,0,,,,1514
21.036,codel,16752,12,240,17282,7,3,10852,0,0,0,0,,,,1514
21.048,codel,18168,12,240,17293,7,3,12136,0,0,0,0,,,,1514
21.059,codel,16654,11,240,17302,7,3,13352,0,0,0,0,,,,1514
21.071,codel,21196,14,240,17312,7,3,13331,0,0,0,0,,,,1514
21.082,codel,21196,14,240,17321,7,3,14561,0,0,0,0,,,,1514
21.094,codel,22710,15,241,17330,4,4,14564,38552,1,0,0,,,,1514
21.105,codel,24224,16,241,17340,4,4,16905,27177,1,0,0,,,,1514
21.116,codel,22710,15,241,17349,4,4,18120,15913,1,0,0,,,,1514
21.128,codel,24322,17,241,17358,4,4,18100,4524,1,0,0,,,,1514
21.139,codel,19780,14,242,17368,5,4,16907,37663,1,0,0,,,,1514
21.151,codel,19682,13,242,17378,5,4,15991,26169,1,0,0,,,,1514
21.162,codel,16654,11,242,17388,5,4,14566,14734,1,0,0,,,,1514
21.173,codel,18168,12,242,17397,5,4,13328,3350,1,0,0,,,,1514
21.185,codel,12112,8,243,17407,6,4,13352,32202,1,0,0,,,,1514
21.196,codel,7570,5,243,17416,6,4,6013,20817,1,0,0,,,,1514
21.208,codel,10598,7,243,17426,6,4,4786,0,0,0,0,,,,1514
21.220,codel,10598,7,243,17436,6,4,5977,0,0,0,0,,,,1514
21.232,codel,4640,4,243,17446,6,4,4046,0,0,0,0,,,,1514
21.243,codel,4542,3,243,17456,6,4,3668,0,0,0,0,,,,1514
21.255,codel,6056,4,243,17466,6,4,2452,0,0,0,0,,,,1514
21.266,codel,3028,2,243,17475,6,4,1248,0,0,0,0,,,,1514
21.278,codel,4542,3,243,17484,6,4,2376,0,0,0,0,,,,1514
21.289,codel,6056,4,243,17494,6,4,2373,0,0,0,0,,,,1514
21.301,codel,6056,4,243,17504,6,4,3588,0,0,0,0,,,,1514
21.313,codel,9084,6,243,17513,6,4,6002,0,0,0,0,,,,1514
21.324,codel,9084,6,243,17523,6,4,4795,0,0,0,0,,,,1514
21.336,codel,9084,6,243,17534,6,4,4873,0,0,0,0,,,,1514
21.348,codel,9084,6,243,17543,6,4,6082,0,0,0,0,,,,1514
21.360,codel,12112,8,243,17553,6,4,8505,0,0,0,0,,,,1514
21.371,codel,15140,10,243,17563,6,4,9717,0,0,0,0,,,,1514
21.383,codel,15140,10,243,17572,6,4,10934,0,0,0,0,,,,1514
21.395,codel,18168,12,243,17582,6,4,10851,0,0,0,0,,,,1514
21.406,codel,19682,13,243,17592,6,4,12059,0,0,0,0,,,,1514
21.418,codel,19682,13,243,17602,6,4,13266,0,0,0,0,,,,1514
21.430,codel,24322,17,243,17611,6,4,15687,0,0,0,0,,,,1514
21.442,codel,24322,17,243,17621,6,4,15689,0,0,0,0,,,,1514
21.454,codel,24224,16,244,17632,2,2,16973,51247,1,0,0,,,,1514
21.465,codel,24224,16,244,17641,2,2,15769,39508,1,0,0,,,,1514
21.477,codel,22710,15,244,17651,2,2,18194,27905,1,0,0,,,,1514
21.489,codel,25738,17,244,17661,2,2,15763,16260,1,0,0,,,,1514
21.500,codel,21196,14,244,17670,2,2,19398,4706,1,0,0,,,,1514
21.512,codel,13626,9,245,17680,3,2,18109,50610,1,0,0,,,,1514
21.523,codel,16654,11,245,17689,3,2,10840,38955,1,0,0,,,,1514
21.535,codel,18266,13,245,17699,3,2,13272,27455,1,0,0,,,,1514
21.546,codel,15140,10,245,17709,3,2,12130,15757,1,0,0,,,,1514
21.558,codel,12112,8,245,17719,3,2,10932,3804,1,0,0,,,,1514
21.570,codel,9084,6,246,17729,4,2,7297,40058,1,0,0,,,,1514
21.582,codel,12112,8,246,17739,4,2,8496,28256,1,0,0,,,,1514
21.594,codel,13626,9,246,17748,4,2,9636,16789,1,0,0,,,,1514
21.605,codel,10598,7,246,17758,4,2,8642,5284,1,0,0,,,,1514
21.617,codel,6056,4,246,17767,4,2,6003,0,0,0,0,,,,1514
21.629,codel,7570,5,246,17777,4,2,4793,0,0,0,0,,,,1514
21.640,codel,9084,6,246,17787,4,2,4875,0,0,0,0,,,,1514
21.652,codel,9084,6,246,17797,4,2,7292,0,0,0,0,,,,1514
21.663,codel,6056,4,246,17806,4,2,3661,0,0,0,0,,,,1514
21.674,codel,10598,7,246,17816,4,2,4876,0,0,0,0,,,,1514
21.686,codel,9084,6,246,17825,4,2,6012,0,0,0,0,,,,1514
21.697,codel,7570,5,246,17834,4,2,7221,0,0,0,0,,,,1514
21.709,codel,7570,5,246,17844,4,2,4802,0,0,0,0,,,,1514
21.720,codel,13626,9,246,17853,4,2,4800,0,0,0,0,,,,1514
21.731,codel,13724,10,246,17863,4,2,8434,0,0,0,0,,,,1514
21.743,codel,15140,10,246,17874,4,2,10923,0,0,0,0,,,,1514
21.755,codel,15140,10,246,17884,4,2,10931,0,0,0,0,,,,1514
21.767,codel,16654,11,246,17893,4,2,12114,0,0,0,0,,,,1514
21.779,codel,19682,13,246,17903,4,2,13348,0,0,0,0,,,,1514
21.790,codel,21196,14,246,17912,4,2,14519,0,0,0,0,,,,1514
21.802,codel,21196,14,246,17922,4,2,14483,0,0,0,0,,,,1514
21.813,codel,24224,16,246,17931,4,2,15693,0,0,0,0,,,,1514
21.825,codel,24224,16,247,17941,2,2,16906,57334,1,0,0,,,,1514
21.836,codel,25836,18,247,17950,2,2,15693,45904,1,0,0,,,,1514
21.848,codel,25836,18,247,17960,2,2,19311,34455,1,0,0,,,,1514
21.859,codel,25738,17,247,17970,2,2,19414,23019,1,0,0,,,,1514
21.871,codel,24224,16,247,17979,2,2,20623,11579,1,0,0,,,,1514
21.882,codel,27252,18,247,17989,2,2,19411,97,1,0,0,,,,1514
21.894,codel,28766,19,248,17998,3,2,16967,45959,1,0,0,,,,1514
21.905,codel,28766,19,248,18008,3,2,18200,34637,1,0,0,,,,1514
21.916,codel,31794,21,248,18017,3,2,21750,23231,1,0,0,,,,1514
21.928,codel,22710,15,248,18027,3,2,21755,11924,1,0,0,,,,1514
21.939,codel,28864,20,248,18036,3,2,22967,535,1,0,0,,,,1514
21.950,codel,24224,16,249,18046,4,2,16966,37429,1,0,0,,,,1514
21.962,codel,24224,16,249,18056,4,2,20623,26061,1,0,0,,,,1514
21.973,codel,25738,17,249,18065,4,2,19365,14738,1,0,0,,,,1514
21.984,codel,24224,16,249,18074,4,2,18180,3463,1,0,0,,,,1514
21.996,codel,24224,16,250,18084,5,2,18197,36444,1,0,0,,,,1514
22.007,codel,19682,13,250,18093,5,2,16889,25146,1,0,0,,,,1514
22.018,codel,22710,15,250,18102,5,2,15702,13727,1,0,0,,,,1514
22.030,codel,25738,17,250,18112,5,2,15675,2391,1,0,0,,,,1514
22.041,codel,19780,14,251,18121,6,2,16891,31315,1,0,0,,,,1514
22.053,codel,22710,15,251,18131,6,2,15991,19950,1,0,0,,,,1514
22.064,codel,19682,13,251,18141,6,2,16968,8514,1,0,0,,,,1514
22.075,codel,16654,11,252,18150,7,2,13358,34689,1,0,0,,,,1514
22.087,codel,9084,6,252,18160,7,2,12359,23228,1,0,0,,,,1514
22.098,codel,7570,5,252,18169,7,2,4799,0,0,0,0,,,,1514
22.110,codel,7570,5,252,18179,7,2,4775,0,0,0,0,,,,1514
22.121,codel,9084,6,252,18188,7,2,4800,0,0,0,0,,,,1514
22.132,codel,6154,5,252,18197,7,2,3593,0,0,0,0,,,,1514
22.144,codel,9084,6,252,18208,7,2,3667,0,0,0,0,,,,1514
22.155,codel,3028,2,252,18217,7,2,2668,0,0,0,0,,,,1514
22.167,codel,0,0,252,18226,7,2,1245,0,0,0,0,,,,1514
22.178,codel,1514,1,252,18235,7,2,1119,0,0,0,0,,,,1514
22.190,codel,3028,2,252,18245,7,2,1114,0,0,0,0,,,,1514
22.201,codel,1514,1,252,18254,7,2,2330,0,0,0,0,,,,1514
22.212,codel,4542,3,252,18264,7,2,1128,0,0,0,0,,,,1514
22.224,codel,4542,3,252,18274,7,2,3587,0,0,0,0,,,,1514
22.236,codel,9182,7,252,18284,7,2,4799,0,0,0,0,,,,1514
22.248,codel,9084,6,252,18294,7,2,6078,0,0,0,0,,,,1514
22.260,codel,9084,6,252,18304,7,2,6083,0,0,0,0,,,,1514
22.271,codel,12112,8,252,18313,7,2,8513,0,0,0,0,,,,1514
22.283,codel,12112,8,252,18322,7,2,8508,0,0,0,0,,,,1514
22.294,codel,15140,10,252,18332,7,2,8429,0,0,0,0,,,,1514
22.306,codel,18168,12,252,18341,7,2,10856,0,0,0,0,,,,1514
22.317,codel,18168,12,252,18351,7,2,12065,0,0,0,0,,,,1514
22.329,codel,19682,13,252,18360,7,2,13277,0,0,0,0,,,,1514
22.340,codel,21294,15,252,18370,7,2,14483,0,0,0,0,,,,1514
22.352,codel,22710,15,252,18380,7,2,14566,0,0,0,0,,,,1514
22.363,codel,18168,12,253,18390,5,5,14566,33142,1,0,0,,,,1514
22.374,codel,19682,13,253,18399,5,5,15776,21636,1,0,0,,,,1514
22.386,codel,21196,14,253,18409,5,5,14566,10213,1,0,0,,,,1514
22.397,codel,22710,15,254,18418,6,5,13350,39293,1,0,0,,,,1514
22.409,codel,22710,15,254,18428,6,5,16910,27786,1,0,0,,,,1514
22.421,codel,19682,13,254,18437,6,5,16908,16316,1,0,0,,,,1514
22.432,codel,16654,11,254,18447,6,5,14488,4901,1,0,0,,,,1514
22.443,codel,18266,13,255,18456,7,5,13190,30840,1,0,0,,,,1514
22.455,codel,12112,8,255,18466,7,5,10937,19419,1,0,0,,,,1514
22.466,codel,12112,8,255,18476,7,5,6089,7888,1,0,0,,,,1514
22.478,codel,10598,7,256,18485,8,5,7303,31556,1,0,0,,,,1514
22.489,codel,6056,4,256,18495,8,5,8516,20096,1,0,0,,,,1514
22.501,codel,3028,2,256,18504,8,5,1166,0,0,0,0,,,,1514
22.512,codel,3028,2,256,18514,8,5,1168,0,0,0,0,,,,1514
22.524,codel,3028,2,256,18523,8,5,1385,0,0,0,0,,,,1514
22.535,codel,0,0,256,18531,8,5,0,0,0,0,0,,,,1514
22.547,codel,1514,1,256,18541,8,5,1191,0,0,0,0,,,,1514
22.558,codel,0,0,256,18546,8,5,0,0,0,0,0,,,,1514
22.570,codel,0,0,256,18554,8,5,1191,0,0,0,0,,,,1514
22.581,codel,0,0,256,18564,8,5,0,0,0,0,0,,,,1514
22.593,codel,1514,1,256,18574,8,5,1195,0,0,0,0,,,,1514
22.604,codel,3028,2,256,18581,8,5,1189,0,0,0,0,,,,1514
22.616,codel,3028,2,256,18590,8,5,0,0,0,0,0,,,,1514
22.627,codel,4542,3,256,18599,8,5,987,0,0,0,0,,,,1514
22.639,codel,6154,5,256,18608,8,5,5834,0,0,0,0,,,,1514
22.650,codel,4542,3,256,18619,8,5,3484,0,0,0,0,,,,1514
22.662,codel,3028,2,256,18628,8,5,3642,0,0,0,0,,,,1514
22.673,codel,4542,3,256,18638,8,5,1243,0,0,0,0,,,,1514
22.685,codel,7570,5,256,18647,8,5,2377,0,0,0,0,,,,1514
22.696,codel,10598,7,256,18657,8,5,6010,0,0,0,0,,,,1514
22.707,codel,10598,7,256,18666,8,5,5987,0,0,0,0,,,,1514
22.719,codel,12112,8,256,18675,8,5,7223,0,0,0,0,,,,1514
22.730,codel,13626,9,256,18685,8,5,8432,0,0,0,0,,,,1514
22.742,codel,13724,10,256,18695,8,5,9652,0,0,0,0,,,,1514
22.753,codel,16654,11,256,18705,8,5,9723,0,0,0,0,,,,1514
22.765,codel,16654,11,256,18714,8,5,10929,0,0,0,0,,,,1514
22.776,codel,21196,14,256,18724,8,5,13330,0,0,0,0,,,,1514
22.787,codel,21196,14,256,18733,8,5,14562,0,0,0,0,,,,1514
22.799,codel,18168,12,257,18742,3,3,14562,44089,1,0,0,,,,1514
22.810,codel,18168,12,257,18752,3,3,12061,32770,1,0,0,,,,1514
22.821,codel,16654,11,257,18761,3,3,14486,21363,1,0,0,,,,1514
22.833,codel,19682,13,257,18770,3,3,12066,10049,1,0,0,,,,1514
22.844,codel,18266,13,258,18780,4,3,13285,48232,1,0,0,,,,1514
22.855,codel,18168,12,258,18790,4,3,15782,36804,1,0,0,,,,1514
22.867,codel,19682,13,258,18800,4,3,12141,25412,1,0,0,,,,1514
22.878,codel,19682,13,258,18809,4,3,14570,14041,1,0,0,,,,1514
22.890,codel,16654,11,258,18818,4,3,14565,2744,1,0,0,,,,1514
22.901,codel,13626,9,259,18828,5,3,9860,35339,1,0,0,,,,1514
22.912,codel,13626,9,259,18837,5,3,9622,23998,1,0,0,,,,1514
22.924,codel,12112,8,259,18846,5,3,9644,12638,1,0,0,,,,1514
22.935,codel,12210,9,259,18856,5,3,9645,1213,1,0,0,,,,1514
22.946,codel,6056,4,260,18866,6,3,4878,0,0,0,0,,,,1514
22.958,codel,3028,2,260,18875,6,3,1244,0,0,0,0,,,,1514
22.969,codel,6056,4,260,18885,6,3,2458,0,0,0,0,,,,1514
22.980,codel,4542,3,260,18894,6,3,1247,0,0,0,0,,,,1514
22.992,codel,4542,3,260,18904,6,3,2379,0,0,0,0,,,,1514
23.003,codel,6056,4,260,18913,6,3,3589,0,0,0,0,,,,1514
23.014,codel,3028,2,260,18922,6,3,4799,0,0,0,0,,,,1514
23.026,codel,4542,3,260,18930,6,3,0,0,0,0,0,,,,1514
23.037,codel,6154,5,260,18939,6,3,3403,0,0,0,0,,,,1514
23.049,codel,6056,4,260,18950,6,3,3479,0,0,0,0,,,,1514
23.060,codel,7570,5,260,18959,6,3,4688,0,0,0,0,,,,1514
23.071,codel,3028,2,260,18968,6,3,3670,0,0,0,0,,,,1514
23.083,codel,3028,2,260,18978,6,3,1166,0,0,0,0,,,,1514
23.094,codel,6056,4,260,18987,6,3,2377,0,0,0,0,,,,1514
23.105,codel,6056,4,260,18996,6,3,3588,0,0,0,0,,,,1514
23.117,codel,7570,5,260,19006,6,3,6011,0,0,0,0,,,,1514
23.128,codel,10598,7,260,19015,6,3,7220,0,0,0,0,,,,1514
23.139,codel,10696,8,260,19025,6,3,8435,0,0,0,0,,,,1514
23.151,codel,15140,10,260,19035,6,3,7302,0,0,0,0,,,,1514
23.162,codel,18168,12,260,19044,6,3,10933,0,0,0,0,,,,1514
23.173,codel,19682,13,260,19054,6,3,12145,0,0,0,0,,,,1514
23.185,codel,19682,13,260,19064,6,3,14569,0,0,0,0,,,,1514
23.197,codel,18168,12,260,19074,6,3,14564,0,0,0,0,,,,1514
23.209,codel,22710,15,260,19084,6,3,14486,0,0,0,0,,,,1514
23.221,codel,24224,16,260,19093,6,3,15695,0,0,0,0,,,,1514
23.233,codel,22710,15,261,19103,3,3,16904,44275,1,0,0,,,,1514
23.245,codel,24322,17,261,19112,3,3,16890,32820,1,0,0,,,,1514
23.256,codel,22710,15,261,19123,3,3,16989,21330,1,0,0,,,,1514
23.268,codel,25738,17,261,19132,3,3,18182,9740,1,0,0,,,,1514
23.279,codel,22710,15,262,19142,4,3,16978,48227,1,0,0,,,,1514
23.291,codel,21196,14,262,19151,4,3,15777,36865,1,0,0,,,,1514
23.302,codel,22710,15,262,19161,4,3,16989,25046,1,0,0,,,,1514
23.314,codel,22710,15,262,19171,4,3,18118,13267,1,0,0,,,,1514
23.325,codel,22710,15,262,19180,4,3,16908,1497,1,0,0,,,,1514
23.337,codel,21294,15,263,19190,5,3,16905,33406,1,0,0,,,,1514
23.349,codel,24224,16,263,19201,5,3,14561,21787,1,0,0,,,,1514
23.361,codel,25738,17,263,19210,5,3,16984,10264,1,0,0,,,,1514
23.372,codel,19682,13,264,19220,6,3,15771,39198,1,0,0,,,,1514
23.384,codel,12112,8,264,19229,6,3,18196,27740,1,0,0,,,,1514
23.395,codel,13626,9,264,19239,6,3,9721,16238,1,0,0,,,,1514
23.407,codel,16654,11,264,19248,6,3,9637,4452,1,0,0,,,,1514
23.419,codel,6056,4,265,19258,7,3,9374,30183,1,0,0,,,,1514
23.430,codel,3028,2,265,19268,7,3,1138,0,0,0,0,,,,1514
23.442,codel,3028,2,265,19278,7,3,21,0,0,0,0,,,,1514
23.454,codel,3028,2,265,19288,7,3,23,0,0,0,0,,,,1514
23.465,codel,4542,3,265,19298,7,3,1238,0,0,0,0,,,,1514
23.477,codel,6056,4,265,19307,7,3,3661,0,0,0,0,,,,1514
23.489,codel,0,0,265,19315,7,3,0,0,0,0,0,,,,1514
23.501,codel,0,0,265,19322,7,3,0,0,0,0,0,,,,1514
23.512,codel,4542,3,265,19332,7,3,3608,0,0,0,0,,,,1514
23.524,codel,6056,4,265,19342,7,3,2382,0,0,0,0,,,,1514
23.535,codel,4542,3,265,19351,7,3,744,0,0,0,0,,,,1514
23.547,codel,3028,2,265,19362,7,3,1243,0,0,0,0,,,,1514
23.559,codel,3028,2,265,19372,7,3,1323,0,0,0,0,,,,1514
23.571,codel,6056,4,265,19382,7,3,3732,0,0,0,0,,,,1514
23.583,codel,4542,3,265,19392,7,3,2429,0,0,0,0,,,,1514
23.596,codel,4542,3,265,19402,7,3,3560,0,0,0,0,,,,1514
23.607,codel,7570,5,265,19412,7,3,4795,0,0,0,0,,,,1514
23.619,codel,13626,9,265,19421,7,3,7194,0,0,0,0,,,,1514
23.630,codel,12112,8,265,19431,7,3,8424,0,0,0,0,,,,1514
23.642,codel,16752,12,265,19440,7,3,9639,0,0,0,0,,,,1514
23.653,codel,13626,9,265,19451,7,3,12128,0,0,0,0,,,,1514
23.665,codel,16654,11,265,19460,7,3,8509,0,0,0,0,,,,1514
23.676,codel,19682,13,265,19469,7,3,10928,0,0,0,0,,,,1514
23.688,codel,19682,13,265,19479,7,3,13350,0,0,0,0,,,,1514
23.699,codel,21196,14,265,19488,7,3,13351,0,0,0,0,,,,1514
23.710,codel,21196,14,265,19498,7,3,13278,0,0,0,0,,,,1514
23.722,codel,21196,14,266,19507,4,4,14490,41455,1,0,0,,,,1514
23.733,codel,24224,16,266,19516,4,4,16911,30192,1,0,0,,,,1514
23.745,codel,24322,17,266,19526,4,4,16904,18917,1,0,0,,,,1514
23.756,codel,27252,18,266,19536,4,4,16987,7662,1,0,0,,,,1514
23.767,codel,25738,17,267,19545,5,4,18199,40766,1,0,0,,,,1514
23.779,codel,19682,13,267,19555,5,4,19415,29127,1,0,0,,,,1514
23.790,codel,16654,11,267,19565,5,4,14563,17631,1,0,0,,,,1514
23.802,codel,16654,11,267,19574,5,4,12140,5528,1,0,0,,,,1514
23.814,codel,10598,7,268,19584,6,4,10852,33873,1,0,0,,,,1514
23.826,codel,9084,6,268,19594,6,4,9623,22429,1,0,0,,,,1514
23.837,codel,15140,10,268,19603,6,4,7223,11106,1,0,0,,,,1514
23.849,codel,15140,10,269,19613,7,4,9628,37203,1,0,0,,,,1514
23.860,codel,10598,7,269,19622,7,4,10851,25702,1,0,0,,,,1514
23.872,codel,3028,2,269,19632,7,4,5014,0,0,0,0,,,,1514
23.883,codel,6056,4,269,19641,7,4,3591,0,0,0,0,,,,1514
23.894,codel,7570,5,269,19650,7,4,3582,0,0,0,0,,,,1514
23.906,codel,0,0,269,19659,7,4,0,0,0,0,0,,,,1514
23.917,codel,4542,3,269,19668,7,4,2404,0,0,0,0,,,,1514
23.928,codel,7570,5,269,19677,7,4,3604,0,0,0,0,,,,1514
23.940,codel,9084,6,269,19687,7,4,4825,0,0,0,0,,,,1514
23.951,codel,7570,5,269,19697,7,4,6116,0,0,0,0,,,,1514
23.962,codel,9084,6,269,19706,7,4,7303,0,0,0,0,,,,1514
23.974,codel,12112,8,269,19716,7,4,6087,0,0,0,0,,,,1514
23.985,codel,12112,8,269,19725,7,4,8512,0,0,0,0,,,,1514
23.997,codel,9084,6,269,19735,7,4,7220,0,0,0,0,,,,1514
24.008,codel,15140,10,269,19744,7,4,8433,0,0,0,0,,,,1514
24.019,codel,18168,12,269,19753,7,4,10855,0,0,0,0,,,,1514
24.031,codel,18168,12,269,19763,7,4,12066,0,0,0,0,,,,1514
24.042,codel,19780,14,269,19772,7,4,13280,0,0,0,0,,,,1514
24.053,codel,22808,16,269,19782,7,4,14485,0,0,0,0,,,,1514
24.065,codel,18168,12,269,19792,7,4,15778,0,0,0,0,,,,1514
24.076,codel,19682,13,270,19802,3,3,13333,44726,1,0,0,,,,1514
24.088,codel,19682,13,270,19811,3,3,12125,33333,1,0,0,,,,1514
24.099,codel,24224,16,270,19820,3,3,13353,21879,1,0,0,,,,1514
24.111,codel,22710,15,270,19830,3,3,16993,10529,1,0,0,,,,1514
24.122,codel,22710,15,271,19839,4,3,16911,48974,1,0,0,,,,1514
24.134,codel,24224,16,271,19849,4,3,18123,37567,1,0,0,,,,1514
24.145,codel,24322,17,271,19858,4,3,16890,26121,1,0,0,,,,1514
24.156,codel,24322,17,271,19868,4,3,18125,14706,1,0,0,,,,1514
24.168,codel,22710,15,271,19878,4,3,19411,3361,1,0,0,,,,1514
24.179,codel,16654,11,272,19887,5,3,18200,35819,1,0,0,,,,1514
24.190,codel,16654,11,272,19897,5,3,13333,24375,1,0,0,,,,1514
24.202,codel,15140,10,272,19907,5,3,13353,12367,1,0,0,,,,1514
24.214,codel,16654,11,272,19917,5,3,10853,277,1,0,0,,,,1514
24.226,codel,9084,6,273,19927,6,3,12071,28305,1,0,0,,,,1514
24.239,codel,12112,8,273,19937,6,3,8382,16219,1,0,0,,,,1514
24.251,codel,10696,8,273,19947,6,3,8499,4439,1,0,0,,,,1514
24.262,codel,9084,6,274,19957,7,3,8509,30474,1,0,0,,,,1514
24.274,codel,9084,6,274,19966,7,3,4873,0,0,0,0,,,,1514
24.285,codel,6056,4,274,19976,7,3,6074,0,0,0,0,,,,1514
24.297,codel,4542,3,274,19985,7,3,4872,0,0,0,0,,,,1514
24.308,codel,0,0,274,19992,7,3,0,0,0,0,0,,,,1514
24.320,codel,4542,3,274,20002,7,3,2197,0,0,0,0,,,,1514
24.331,codel,6056,4,274,20012,7,3,4622,0,0,0,0,,,,1514
24.343,codel,6154,5,274,20021,7,3,4621,0,0,0,0,,,,1514
24.354,codel,3028,2,274,20032,7,3,1246,0,0,0,0,,,,1514
24.366,codel,7570,5,274,20041,7,3,4880,0,0,0,0,,,,1514
24.377,codel,7570,5,274,20051,7,3,7300,0,0,0,0,,,,1514
24.389,codel,10598,7,274,20060,7,3,4877,0,0,0,0,,,,1514
24.400,codel,12112,8,274,20069,7,3,7225,0,0,0,0,,,,1514
24.411,codel,15140,10,274,20079,7,3,9643,0,0,0,0,,,,1514
24.423,codel,13626,9,274,20088,7,3,10857,0,0,0,0,,,,1514
24.434,codel,15140,10,274,20097,7,3,9645,0,0,0,0,,,,1514
24.445,codel,15238,11,274,20107,7,3,9646,0,0,0,0,,,,1514
24.457,codel,19682,13,274,20117,7,3,12145,0,0,0,0,,,,1514
24.468,codel,18168,12,274,20126,7,3,13355,0,0,0,0,,,,1514
24.479,codel,18168,12,274,20136,7,3,13346,0,0,0,0,,,,1514
24.490,codel,21196,14,274,20145,7,3,14566,0,0,0,0,,,,1514
24.502,codel,22710,15,275,20155,4,4,14567,35867,1,0,0,,,,1514
24.513,codel,22710,15,275,20164,4,4,15699,24536,1,0,0,,,,1514
24.524,codel,25738,17,275,20173,4,4,16910,13209,1,0,0,,,,1514
24.536,codel,27252,18,275,20183,4,4,18123,1862,1,0,0,,,,1514
24.547,codel,21294,15,276,20192,5,4,18124,35153,1,0,0,,,,1514
24.559,codel,22808,16,276,20201,5,4,15916,23791,1,0,0,,,,1514
24.570,codel,21196,14,276,20212,5,4,16989,12448,1,0,0,,,,1514
24.581,codel,27252,18,276,20221,5,4,18202,1135,1,0,0,,,,1514
24.593,codel,16654,11,277,20231,6,4,16987,30032,1,0,0,,,,1514
24.604,codel,16654,11,277,20240,6,4,14781,18603,1,0,0,,,,1514
24.615,codel,16654,11,277,20249,6,4,10856,7172,1,0,0,,,,1514
24.627,codel,10598,7,278,20259,7,4,10856,33448,1,0,0,,,,1514
24.638,codel,7570,5,278,20268,7,4,7222,22131,1,0,0,,,,1514
24.649,codel,13724,10,278,20277,7,4,7222,10816,1,0,0,,,,1514
24.661,codel,12112,8,279,20288,8,4,8513,34489,1,0,0,,,,1514
24.672,codel,12112,8,279,20297,8,4,9721,23187,1,0,0,,,,1514
24.684,codel,13626,9,279,20307,8,4,8510,11805,1,0,0,,,,1514
24.695,codel,12112,8,279,20316,8,4,8514,514,1,0,0,,,,1514
24.706,codel,10598,7,280,20325,9,4,7221,22328,1,0,0,,,,1514
24.718,codel,6056,4,280,20335,9,4,4695,0,0,0,0,,,,1514
24.729,codel,1514,1,280,20344,9,4,1165,0,0,0,0,,,,1514
24.740,codel,6056,4,280,20354,9,4,3586,0,0,0,0,,,,1514
24.752,codel,0,0,280,20362,9,4,1,0,0,0,0,,,,1514
24.764,codel,4542,3,280,20372,9,4,1191,0,0,0,0,,,,1514
24.775,codel,3028,2,280,20382,9,4,1178,0,0,0,0,,,,1514
24.788,codel,3028,2,280,20392,9,4,0,0,0,0,0,,,,1514
24.800,codel,0,0,280,20400,9,4,0,0,0,0,0,,,,1514
24.811,codel,1514,1,280,20409,9,4,0,0,0,0,0,,,,1514
24.823,codel,1514,1,280,20417,9,4,0,0,0,0,0,,,,1514
24.834,codel,3028,2,280,20427,9,4,1206,0,0,0,0,,,,1514
24.845,codel,3028,2,280,20437,9,4,23,0,0,0,0,,,,1514
24.857,codel,0,0,280,20445,9,4,55,0,0,0,0,,,,1514
24.868,codel,3028,2,280,20455,9,4,0,0,0,0,0,,,,1514
24.880,codel,9084,6,280,20464,9,4,3617,0,0,0,0,,,,1514
24.891,codel,9084,6,280,20474,9,4,6039,0,0,0,0,,,,1514
24.903,codel,7570,5,280,20483,9,4,5960,0,0,0,0,,,,1514
24.914,codel,9084,6,280,20492,9,4,3564,0,0,0,0,,,,1514
24.925,codel,7570,5,280,20502,9,4,7221,0,0,0,0,,,,1514
24.937,codel,12112,8,280,20511,9,4,7222,0,0,0,0,,,,1514
24.948,codel,12210,9,280,20521,9,4,7223,0,0,0,0,,,,1514
24.959,codel,10598,7,280,20531,9,4,8512,0,0,0,0,,,,1514
24.971,codel,15140,10,280,20540,9,4,9721,0,0,0,0,,,,1514
24.982,codel,16654,11,280,20550,9,4,10934,0,0,0,0,,,,1514
24.993,codel,21196,14,280,20559,9,4,13357,0,0,0,0,,,,1514
25.005,codel,19682,13,280,20568,9,4,15779,0,0,0,0,,,,1514
25.016,codel,19682,13,280,20578,9,4,15699,0,0,0,0,,,,1514
25.027,codel,21196,14,280,20587,9,4,13278,0,0,0,0,,,,1514
25.039,codel,19682,13,281,20597,5,5,14488,34468,1,0,0,,,,1514
25.050,codel,24322,17,281,20606,5,5,15699,23188,1,0,0,,,,1514
25.061,codel,22808,16,281,20615,5,5,15703,11902,1,0,0,,,,1514
25.073,codel,24224,16,281,20626,5,5,18202,561,1,0,0,,,,1514
25.084,codel,24224,16,282,20635,6,5,16991,30116,1,0,0,,,,1514
25.095,codel,24224,16,282,20644,6,5,19414,18685,1,0,0,,,,1514
25.107,codel,28766,19,282,20654,6,5,19414,7387,1,0,0,,,,1514
25.118,codel,27252,18,283,20663,7,5,19412,33501,1,0,0,,,,1514
25.129,codel,19682,13,283,20672,7,5,19335,22179,1,0,0,,,,1514
25.141,codel,13626,9,283,20682,7,5,17127,10830,1,0,0,,,,1514
25.152,codel,16752,12,283,20691,7,5,9643,-431,1,0,0,,,,1514
25.163,codel,13626,9,284,20701,8,5,10935,23418,1,0,0,,,,1514
25.175,codel,10598,7,284,20711,8,5,10934,12008,1,0,0,,,,1514
25.186,codel,6056,4,284,20721,8,5,4878,0,0,0,0,,,,1514
25.199,codel,0,0,284,20730,8,5,246,0,0,0,0,,,,1514
25.211,codel,1514,1,284,20738,8,5,0,0,0,0,0,,,,1514
25.223,codel,1514,1,284,20748,8,5,1224,0,0,0,0,,,,1514
25.235,codel,6056,4,284,20757,8,5,3640,0,0,0,0,,,,1514
25.246,codel,1514,1,284,20766,8,5,4858,0,0,0,0,,,,1514
25.257,codel,4542,3,284,20777,8,5,31,0,0,0,0,,,,1514
25.269,codel,3028,2,284,20786,8,5,1246,0,0,0,0,,,,1514
25.280,codel,4542,3,284,20796,8,5,2454,0,0,0,0,,,,1514
25.292,codel,7570,5,284,20805,8,5,4879,0,0,0,0,,,,1514
25.303,codel,9084,6,284,20815,8,5,6008,0,0,0,0,,,,1514
25.315,codel,10598,7,284,20825,8,5,4792,0,0,0,0,,,,1514
25.327,codel,9084,6,284,20834,8,5,6005,0,0,0,0,,,,1514
25.338,codel,9084,6,284,20844,8,5,6018,0,0,0,0,,,,1514
25.350,codel,13724,10,284,20854,8,5,8417,0,0,0,0,,,,1514
25.362,codel,12112,8,284,20864,8,5,8506,0,0,0,0,,,,1514
25.374,codel,16654,11,284,20874,8,5,10920,0,0,0,0,,,,1514
25.385,codel,16654,11,284,20883,8,5,12134,0,0,0,0,,,,1514
25.397,codel,19682,13,284,20893,8,5,13344,0,0,0,0,,,,1514
25.408,codel,19682,13,284,20903,8,5,14551,0,0,0,0,,,,1514
25.420,codel,22710,15,284,20913,8,5,14486,0,0,0,0,,,,1514
25.432,codel,24224,16,284,20922,8,5,15686,0,0,0,0,,,,1514
25.444,codel,24224,16,285,20932,3,3,16902,40841,1,0,0,,,,1514
25.455,codel,21294,15,285,20941,3,3,18108,29291,1,0,0,,,,1514
25.467,codel,24224,16,285,20952,3,3,18178,17531,1,0,0,,,,1514
25.479,codel,24224,16,285,20962,3,3,18191,5867,1,0,0,,,,1514
25.490,codel,24224,16,286,20971,4,3,14548,43810,1,0,0,,,,1514
25.502,codel,27252,18,286,20981,4,3,19408,32384,1,0,0,,,,1514
25.513,codel,25738,17,286,20990,4,3,18196,20931,1,0,0,,,,1514
25.525,codel,25738,17,286,21000,4,3,21826,9360,1,0,0,,,,1514
25.537,codel,18168,12,287,21009,5,3,19317,41725,1,0,0,,,,1514
25.548,codel,13724,10,287,21019,5,3,18121,30261,1,0,0,,,,1514
25.560,codel,16654,11,287,21029,5,3,9716,18701,1,0,0,,,,1514
25.571,codel,19682,13,287,21039,5,3,13353,6967,1,0,0,,,,1514
25.583,codel,12112,8,288,21049,6,3,12135,35604,1,0,0,,,,1514
25.595,codel,10598,7,288,21058,6,3,9093,23825,1,0,0,,,,1514
25.606,codel,6056,4,288,21068,6,3,8507,11999,1,0,0,,,,1514
25.618,codel,4542,3,288,21078,6,3,4793,0,0,0,0,,,,1514
25.630,codel,7570,5,288,21087,6,3,3574,0,0,0,0,,,,1514
25.641,codel,9084,6,288,21097,6,3,2370,0,0,0,0,,,,1514
25.653,codel,7668,6,288,21106,6,3,7211,0,0,0,0,,,,1514
25.664,codel,9084,6,288,21117,6,3,6077,0,0,0,0,,,,1514
25.676,codel,10598,7,288,21126,6,3,7294,0,0,0,0,,,,1514
25.687,codel,10598,7,288,21136,6,3,6083,0,0,0,0,,,,1514
25.699,codel,9084,6,288,21145,6,3,7298,0,0,0,0,,,,1514
25.710,codel,10598,7,288,21155,6,3,4794,0,0,0,0,,,,1514
25.722,codel,12112,8,288,21164,6,3,9641,0,0,0,0,,,,1514
25.733,codel,12112,8,288,21173,6,3,9644,0,0,0,0,,,,1514
25.745,codel,12112,8,288,21183,6,3,8430,0,0,0,0,,,,1514
25.756,codel,15238,11,288,21192,6,3,9644,0,0,0,0,,,,1514
25.767,codel,16654,11,288,21202,6,3,10934,0,0,0,0,,,,1514
25.779,codel,15140,10,288,21212,6,3,10935,0,0,0,0,,,,1514
25.790,codel,18168,12,288,21222,6,3,10929,0,0,0,0,,,,1514
25.802,codel,22710,15,288,21231,6,3,14563,0,0,0,0,,,,1514
25.813,codel,24224,16,288,21240,6,3,15780,0,0,0,0,,,,1514
25.825,codel,24224,16,289,21250,3,3,14484,40776,1,0,0,,,,1514
25.836,codel,25738,17,289,21259,3,3,15696,29466,1,0,0,,,,1514
25.847,codel,27252,18,289,21269,3,3,18121,17341,1,0,0,,,,1514
25.859,codel,24322,17,289,21279,3,3,18119,5560,1,0,0,,,,1514
25.871,codel,15140,10,290,21289,4,3,18181,44072,1,0,0,,,,1514
25.883,codel,15140,10,290,21299,4,3,11138,32626,1,0,0,,,,1514
25.894,codel,13626,9,290,21308,4,3,10919,21283,1,0,0,,,,1514
25.905,codel,16654,11,290,21318,4,3,10923,9807,1,0,0,,,,1514
25.917,codel,12112,8,291,21327,5,3,12140,42165,1,0,0,,,,1514
25.928,codel,10598,7,291,21336,5,3,9645,30746,1,0,0,,,,1514
25.940,codel,15140,10,291,21346,5,3,9646,19357,1,0,0,,,,1514
25.951,codel,13724,10,291,21355,5,3,10823,7931,1,0,0,,,,1514
25.962,codel,10598,7,292,21365,6,3,7436,37105,1,0,0,,,,1514
25.974,codel,10598,7,292,21374,6,3,4803,0,0,0,0,,,,1514
25.985,codel,13626,9,292,21383,6,3,8431,0,0,0,0,,,,1514
25.996,codel,15140,10,292,21393,6,3,8433,0,0,0,0,,,,1514
26.008,codel,15140,10,292,21402,6,3,10855,0,0,0,0,,,,1514
26.019,codel,16654,11,292,21411,6,3,10853,0,0,0,0,,,,1514
26.031,codel,18168,12,292,21421,6,3,13279,0,0,0,0,,,,1514
26.042,codel,19682,13,292,21430,6,3,13272,0,0,0,0,,,,1514
26.053,codel,18266,13,292,21440,6,3,12066,0,0,0,0,,,,1514
26.065,codel,21294,15,292,21449,6,3,13263,0,0,0,0,,,,1514
26.076,codel,19682,13,293,21459,3,3,13355,49787,1,0,0,,,,1514
26.087,codel,21196,14,293,21469,3,3,15779,38441,1,0,0,,,,1514
26.099,codel,21196,14,293,21478,3,3,16987,27129,1,0,0,,,,1514
26.110,codel,22710,15,293,21487,3,3,14567,15757,1,0,0,,,,1514
26.121,codel,19682,13,293,21497,3,3,16989,4415,1,0,0,,,,1514
26.133,codel,16654,11,294,21506,4,3,15703,43103,1,0,0,,,,1514
26.144,codel,16654,11,294,21516,4,3,13276,31654,1,0,0,,,,1514
26.156,codel,21294,15,294,21525,4,3,10854,20333,1,0,0,,,,1514
26.167,codel,19682,13,294,21535,4,3,12145,9076,1,0,0,,,,1514
26.178,codel,15140,10,295,21544,5,3,14568,41562,1,0,0,,,,1514
26.189,codel,16654,11,295,21554,5,3,10931,30263,1,0,0,,,,1514
26.201,codel,18168,12,295,21563,5,3,12143,18701,1,0,0,,,,1514
26.212,codel,16654,11,295,21574,5,3,13356,6336,1,0,0,,,,1514
26.225,codel,12112,8,296,21583,6,3,12060,35368,1,0,0,,,,1514
26.236,codel,13626,9,296,21592,6,3,9644,23995,1,0,0,,,,1514
26.247,codel,16654,11,296,21602,6,3,10846,12626,1,0,0,,,,1514
26.259,codel,12210,9,296,21611,6,3,10841,1335,1,0,0,,,,1514
26.270,codel,3028,2,297,21621,7,3,2669,0,0,0,0,,,,1514
26.281,codel,4542,3,297,21631,7,3,32,0,0,0,0,,,,1514
26.293,codel,1514,1,297,21640,7,3,1244,0,0,0,0,,,,1514
26.304,codel,6056,4,297,21650,7,3,3666,0,0,0,0,,,,1514
26.315,codel,4542,3,297,21659,7,3,3590,0,0,0,0,,,,1514
26.327,codel,4542,3,297,21669,7,3,3573,0,0,0,0,,,,1514
26.339,codel,0,0,297,21675,7,3,0,0,0,0,0,,,,1514
26.350,codel,3028,2,297,21682,7,3,0,0,0,0,0,,,,1514
26.362,codel,7570,5,297,21692,7,3,2264,0,0,0,0,,,,1514
26.373,codel,9084,6,297,21702,7,3,3478,0,0,0,0,,,,1514
26.385,codel,1514,1,297,21711,7,3,1028,0,0,0,0,,,,1514
26.396,codel,1514,1,297,21720,7,3,1188,0,0,0,0,,,,1514
26.408,codel,7570,5,297,21729,7,3,3532,0,0,0,0,,,,1514
26.419,codel,9084,6,297,21738,7,3,4746,0,0,0,0,,,,1514
26.430,codel,6056,4,297,21748,7,3,4744,0,0,0,0,,,,1514
26.442,codel,7570,5,297,21757,7,3,3586,0,0,0,0,,,,1514
26.453,codel,9084,6,297,21767,7,3,4798,0,0,0,0,,,,1514
26.464,codel,9084,6,297,21777,7,3,6089,0,0,0,0,,,,1514
26.476,codel,12112,8,297,21786,7,3,8510,0,0,0,0,,,,1514
26.487,codel,10598,7,297,21796,7,3,7301,0,0,0,0,,,,1514
26.499,codel,12112,8,297,21805,7,3,9721,0,0,0,0,,,,1514
26.510,codel,13626,9,297,21814,7,3,9720,0,0,0,0,,,,1514
26.521,codel,18168,12,297,21824,7,3,10852,0,0,0,0,,,,1514
26.533,codel,19682,13,297,21833,7,3,13276,0,0,0,0,,,,1514
26.544,codel,19682,13,297,21843,7,3,14488,0,0,0,0,,,,1514
26.556,codel,22808,16,297,21852,7,3,14488,0,0,0,0,,,,1514
26.567,codel,24322,17,297,21862,7,3,14479,0,0,0,0,,,,1514
26.578,codel,22710,15,298,21871,4,4,15697,37919,1,0,0,,,,1514
26.590,codel,25738,17,298,21881,4,4,18115,26135,1,0,0,,,,1514
26.601,codel,22710,15,298,21890,4,4,18123,14330,1,0,0,,,,1514
26.613,codel,24224,16,298,21900,4,4,19334,2471,1,0,0,,,,1514
26.625,codel,22710,15,299,21910,5,4,15693,35380,1,0,0,,,,1514
26.637,codel,24224,16,299,21920,5,4,16902,23528,1,0,0,,,,1514
26.649,codel,28766,19,299,21929,5,4,14482,11707,1,0,0,,,,1514
26.661,codel,31794,21,299,21939,5,4,19332,232,1,0,0,,,,1514
26.672,codel,33406,23,300,21948,6,4,20533,29056,1,0,0,,,,1514
26.683,codel,34920,24,300,21958,6,4,22948,17638,1,0,0,,,,1514
26.695,codel,34822,23,300,21968,6,4,24343,6179,1,0,0,,,,1514
26.706,codel,31794,21,301,21978,7,4,23041,32391,1,0,0,,,,1514
26.718,codel,24224,16,301,21987,7,4,26675,21048,1,0,0,,,,1514
26.729,codel,21196,14,301,21996,7,4,25468,9697,1,0,0,,,,1514
26.740,codel,22710,15,302,22006,8,4,15768,33179,1,0,0,,,,1514
26.752,codel,18168,12,302,22015,8,4,16905,21695,1,0,0,,,,1514
26.764,codel,9182,7,302,22025,8,4,14700,10247,1,0,0,,,,1514
26.775,codel,7570,5,302,22036,8,4,3661,0,0,0,0,,,,1514
26.787,codel,3028,2,302,22045,8,4,3670,0,0,0,0,,,,1514
26.799,codel,0,0,302,22052,8,4,0,0,0,0,0,,,,1514
26.810,codel,0,0,302,22059,8,4,0,0,0,0,0,,,,1514
26.822,codel,3028,2,302,22069,8,4,0,0,0,0,0,,,,1514
26.833,codel,0,0,302,22077,8,4,1192,0,0,0,0,,,,1514
26.844,codel,3028,2,302,22084,8,4,0,0,0,0,0,,,,1514
26.856,codel,3028,2,302,22093,8,4,0,0,0,0,0,,,,1514
26.867,codel,3028,2,302,22103,8,4,0,0,0,0,0,,,,1514
26.878,codel,1514,1,302,22113,8,4,2236,0,0,0,0,,,,1514
26.890,codel,3028,2,302,22120,8,4,1190,0,0,0,0,,,,1514
26.901,codel,6056,4,302,22129,8,4,3613,0,0,0,0,,,,1514
26.912,codel,7570,5,302,22139,8,4,5956,0,0,0,0,,,,1514
26.924,codel,9084,6,302,22148,8,4,7170,0,0,0,0,,,,1514
26.935,codel,9084,6,302,22157,8,4,4798,0,0,0,0,,,,1514
26.946,codel,9084,6,302,22167,8,4,7224,0,0,0,0,,,,1514
26.958,codel,10598,7,302,22176,8,4,7221,0,0,0,0,,,,1514
26.969,codel,10696,8,302,22186,8,4,8431,0,0,0,0,,,,1514
26.980,codel,13626,9,302,22196,8,4,7301,0,0,0,0,,,,1514
26.992,codel,12112,8,302,22205,8,4,8511,0,0,0,0,,,,1514
27.003,codel,12112,8,302,22215,8,4,7301,0,0,0,0,,,,1514
27.015,codel,15140,10,302,22224,8,4,9723,0,0,0,0,,,,1514
27.026,codel,18168,12,302,22241,8,4,12067,0,0,0,0,,,,1514
27.046,codel,21196,14,303,22250,4,4,12066,40649,1,0,0,,,,1514
27.058,codel,19682,13,303,22260,4,4,14489,29246,1,0,0,,,,1514
27.069,codel,22808,16,303,22269,4,4,15699,17804,1,0,0,,,,1514
27.081,codel,24224,16,303,22279,4,4,14569,6447,1,0,0,,,,1514
27.092,codel,19682,13,304,22289,5,4,15777,39839,1,0,0,,,,1514
27.103,codel,18168,12,304,22298,5,4,18201,28218,1,0,0,,,,1514
27.115,codel,19682,13,304,22309,5,4,13355,15679,1,0,0,,,,1514
27.127,codel,21196,14,304,22318,5,4,13335,4125,1,0,0,,,,1514
27.139,codel,18168,12,305,22328,6,4,12057,32910,1,0,0,,,,1514
27.150,codel,19682,13,305,22337,6,4,13276,21494,1,0,0,,,,1514
27.162,codel,13626,9,305,22347,6,4,13270,10190,1,0,0,,,,1514
27.173,codel,7570,5,306,22357,7,4,7515,36341,1,0,0,,,,1514
27.184,codel,3028,2,306,22366,7,4,3878,0,0,0,0,,,,1514
27.196,codel,3028,2,306,22376,7,4,862,0,0,0,0,,,,1514
27.207,codel,4542,3,306,22386,7,4,2447,0,0,0,0,,,,1514
27.220,codel,3028,2,306,22396,7,4,3593,0,0,0,0,,,,1514
27.231,codel,3028,2,306,22405,7,4,0,0,0,0,0,,,,1514
27.243,codel,0,0,306,22413,7,4,0,0,0,0,0,,,,1514
27.254,codel,6056,4,306,22423,7,4,1198,0,0,0,0,,,,1514
27.266,codel,0,0,306,22432,7,4,961,0,0,0,0,,,,1514
27.277,codel,1514,1,306,22443,7,4,1281,0,0,0,0,,,,1514
27.289,codel,1514,1,306,22452,7,4,11,0,0,0,0,,,,1514
27.300,codel,4542,3,306,22462,7,4,3664,0,0,0,0,,,,1514
27.312,codel,6056,4,306,22472,7,4,4794,0,0,0,0,,,,1514
27.324,codel,7570,5,306,22481,7,4,4796,0,0,0,0,,,,1514
27.335,codel,6056,4,306,22491,7,4,3578,0,0,0,0,,,,1514
27.347,codel,12112,8,306,22500,7,4,4793,0,0,0,0,,,,1514
27.359,codel,9084,6,306,22510,7,4,6005,0,0,0,0,,,,1514
27.370,codel,9084,6,306,22521,7,4,6086,0,0,0,0,,,,1514
27.382,codel,10598,7,306,22530,7,4,7296,0,0,0,0,,,,1514
27.393,codel,15140,10,306,22540,7,4,8506,0,0,0,0,,,,1514
27.405,codel,18168,12,306,22549,7,4,12153,0,0,0,0,,,,1514
27.417,codel,18168,12,306,22559,7,4,13349,0,0,0,0,,,,1514
27.428,codel,18168,12,306,22569,7,4,13270,0,0,0,0,,,,1514
27.440,codel,21196,14,306,22579,7,4,13268,0,0,0,0,,,,1514
27.452,codel,19682,13,307,22589,3,3,12059,43498,1,0,0,,,,1514
27.464,codel,22808,16,307,22598,3,3,15683,31886,1,0,0,,,,1514
27.476,codel,22808,16,307,22608,3,3,15686,20311,1,0,0,,,,1514
27.487,codel,21196,14,307,22618,3,3,15771,8619,1,0,0,,,,1514
27.499,codel,21196,14,308,22628,4,3,15770,46893,1,0,0,,,,1514
27.511,codel,24224,16,308,22637,4,3,16980,35465,1,0,0,,,,1514
27.522,codel,25738,17,308,22647,4,3,16979,23916,1,0,0,,,,1514
27.534,codel,19682,13,308,22656,4,3,19371,12504,1,0,0,,,,1514
27.545,codel,13626,9,308,22666,4,3,15910,1185,1,0,0,,,,1514
27.556,codel,13626,9,309,22675,5,3,8430,33183,1,0,0,,,,1514
27.568,codel,12210,9,309,22685,5,3,9638,21062,1,0,0,,,,1514
27.580,codel,13626,9,309,22696,5,3,8504,9200,1,0,0,,,,1514
27.592,codel,12112,8,310,22706,6,3,7299,38066,1,0,0,,,,1514
27.604,codel,10598,7,310,22715,6,3,9714,26521,1,0,0,,,,1514
27.615,codel,4542,3,310,22725,6,3,2365,0,0,0,0,,,,1514
27.627,codel,9084,6,310,22735,6,3,4792,0,0,0,0,,,,1514
27.639,codel,9084,6,310,22744,6,3,7209,0,0,0,0,,,,1514
27.651,codel,3028,2,310,22754,6,3,0,0,0,0,0,,,,1514
27.662,codel,6056,4,310,22763,6,3,1162,0,0,0,0,,,,1514
27.674,codel,3028,2,310,22774,6,3,1242,0,0,0,0,,,,1514
27.685,codel,3028,2,310,22783,6,3,1452,0,0,0,0,,,,1514
27.697,codel,4542,3,310,22793,6,3,1244,0,0,0,0,,,,1514
27.708,codel,6056,4,310,22802,6,3,3662,0,0,0,0,,,,1514
27.719,codel,7570,5,310,22811,6,3,4793,0,0,0,0,,,,1514
27.731,codel,6056,4,310,22821,6,3,4797,0,0,0,0,,,,1514
27.742,codel,9084,6,310,22831,6,3,4795,0,0,0,0,,,,1514
27.754,codel,12112,8,310,22840,6,3,6006,0,0,0,0,,,,1514
27.765,codel,10696,8,310,22850,6,3,8431,0,0,0,0,,,,1514
27.777,codel,13626,9,310,22860,6,3,7301,0,0,0,0,,,,1514
27.788,codel,15140,10,310,22869,6,3,9732,0,0,0,0,,,,1514
27.800,codel,15140,10,310,22879,6,3,10929,0,0,0,0,,,,1514
27.811,codel,15140,10,310,22888,6,3,10931,0,0,0,0,,,,1514
27.822,codel,19682,13,310,22898,6,3,10932,0,0,0,0,,,,1514
27.834,codel,22710,15,310,22907,6,3,12064,0,0,0,0,,,,1514
27.845,codel,24224,16,310,22916,6,3,15677,0,0,0,0,,,,1514
27.857,codel,21196,14,311,22926,3,3,15675,41900,1,0,0,,,,1514
27.868,codel,22808,16,311,22935,3,3,16889,30544,1,0,0,,,,1514
27.879,codel,21294,15,311,22945,3,3,16904,19145,1,0,0,,,,1514
27.891,codel,24224,16,311,22955,3,3,15756,7840,1,0,0,,,,1514
27.902,codel,25738,17,312,22964,4,3,15776,46447,1,0,0,,,,1514
27.913,codel,21196,14,312,22974,4,3,18181,35076,1,0,0,,,,1514
27.925,codel,21196,14,312,22983,4,3,14780,23685,1,0,0,,,,1514
27.936,codel,19682,13,312,22992,4,3,16991,12422,1,0,0,,,,1514
27.947,codel,18168,12,312,23002,4,3,16912,1062,1,0,0,,,,1514
27.959,codel,15140,10,313,23011,5,3,15704,33551,1,0,0,,,,1514
27.970,codel,13724,10,313,23020,5,3,12065,22214,1,0,0,,,,1514
27.981,codel,16654,11,313,23031,5,3,10935,10920,1,0,0,,,,1514
27.993,codel,16654,11,313,23040,5,3,10930,-378,1,0,0,,,,1514
28.004,codel,10598,7,314,23049,6,3,10933,28850,1,0,0,,,,1514
28.015,codel,15140,10,314,23059,6,3,8509,17558,1,0,0,,,,1514
28.027,codel,15140,10,314,23068,6,3,10935,6230,1,0,0,,,,1514
28.038,codel,15140,10,315,23077,7,3,9645,32398,1,0,0,,,,1514
28.049,codel,10598,7,315,23087,7,3,8647,21058,1,0,0,,,,1514
28.061,codel,10598,7,315,23096,7,3,7223,9678,1,0,0,,,,1514
28.072,codel,13724,10,316,23105,8,3,7222,33482,1,0,0,,,,1514
28.083,codel,4542,3,316,23116,8,3,6305,22049,1,0,0,,,,1514
28.095,codel,4542,3,316,23125,8,3,3671,0,0,0,0,,,,1514
28.106,codel,6056,4,316,23135,8,3,3666,0,0,0,0,,,,1514
28.118,codel,4542,3,316,23144,8,3,3671,0,0,0,0,,,,1514
28.129,codel,6056,4,316,23153,8,3,3803,0,0,0,0,,,,1514
28.140,codel,6056,4,316,23163,8,3,6008,0,0,0,0,,,,1514
28.152,codel,0,0,316,23171,8,3,168,0,0,0,0,,,,1514
28.163,codel,3028,2,316,23178,8,3,0,0,0,0,0,,,,1514
28.174,codel,4542,3,316,23188,8,3,3695,0,0,0,0,,,,1514
28.186,codel,7570,5,316,23197,8,3,4905,0,0,0,0,,,,1514
28.197,codel,3028,2,316,23207,8,3,2653,0,0,0,0,,,,1514
28.209,codel,1514,1,316,23217,8,3,1239,0,0,0,0,,,,1514
28.222,codel,6056,4,316,23227,8,3,4800,0,0,0,0,,,,1514
28.233,codel,9084,6,316,23237,8,3,4791,0,0,0,0,,,,1514
28.245,codel,9084,6,316,23246,8,3,6011,0,0,0,0,,,,1514
28.256,codel,12112,8,316,23255,8,3,7206,0,0,0,0,,,,1514
28.268,codel,10696,8,316,23265,8,3,6009,0,0,0,0,,,,1514
28.279,codel,13626,9,316,23275,8,3,7297,0,0,0,0,,,,1514
28.291,codel,12112,8,316,23285,8,3,9718,0,0,0,0,,,,1514
28.302,codel,15140,10,316,23294,8,3,9719,0,0,0,0,,,,1514
28.314,codel,13626,9,316,23304,8,3,10928,0,0,0,0,,,,1514
28.325,codel,15140,10,316,23313,8,3,9721,0,0,0,0,,,,1514
28.337,codel,21196,14,316,23323,8,3,10849,0,0,0,0,,,,1514
28.348,codel,21196,14,316,23332,8,3,14478,0,0,0,0,,,,1514
28.359,codel,19682,13,317,23342,5,5,14482,36892,1,0,0,,,,1514
28.371,codel,18266,13,317,23351,5,5,14483,25571,1,0,0,,,,1514
28.382,codel,21294,15,317,23360,5,5,14485,14185,1,0,0,,,,1514
28.394,codel,25738,17,317,23371,5,5,14561,2798,1,0,0,,,,1514
28.405,codel,18168,12,318,23380,6,5,16987,32166,1,0,0,,,,1514
28.416,codel,16654,11,318,23390,6,5,14775,20754,1,0,0,,,,1514
28.428,codel,18168,12,318,23399,6,5,12145,9358,1,0,0,,,,1514
28.439,codel,15140,10,319,23408,7,5,10853,35443,1,0,0,,,,1514
28.450,codel,13626,9,319,23418,7,5,10858,24007,1,0,0,,,,1514
28.462,codel,13626,9,319,23427,7,5,8428,12677,1,0,0,,,,1514
28.473,codel,13724,10,319,23437,7,5,10850,1265,1,0,0,,,,1514
28.485,codel,12112,8,320,23447,8,5,9721,25089,1,0,0,,,,1514
28.496,codel,10598,7,320,23456,8,5,6304,13725,1,0,0,,,,1514
28.507,codel,12112,8,320,23466,8,5,7300,2305,1,0,0,,,,1514
28.519,codel,9084,6,321,23475,9,5,8513,24065,1,0,0,,,,1514
28.530,codel,3028,2,321,23484,9,5,1375,0,0,0,0,,,,1514
28.542,codel,0,0,321,23492,9,5,1181,0,0,0,0,,,,1514
28.553,codel,3028,2,321,23502,9,5,1191,0,0,0,0,,,,1514
28.564,codel,4542,3,321,23512,9,5,2400,0,0,0,0,,,,1514
28.576,codel,1514,1,321,23522,9,5,17,0,0,0,0,,,,1514
28.587,codel,0,0,321,23529,9,5,0,0,0,0,0,,,,1514
28.598,codel,0,0,321,23535,9,5,0,0,0,0,0,,,,1514
28.610,codel,3028,2,321,23545,9,5,0,0,0,0,0,,,,1514
28.621,codel,6056,4,321,23555,9,5,1117,0,0,0,0,,,,1514
28.633,codel,0,0,321,23563,9,5,1055,0,0,0,0,,,,1514
28.644,codel,6056,4,321,23572,9,5,992,0,0,0,0,,,,1514
28.656,codel,6056,4,321,23581,9,5,4618,0,0,0,0,,,,1514
28.667,codel,9084,6,321,23590,9,5,4622,0,0,0,0,,,,1514
28.678,codel,4542,3,321,23600,9,5,5172,0,0,0,0,,,,1514
28.690,codel,3028,2,321,23611,9,5,1713,0,0,0,0,,,,1514
28.702,codel,10598,7,321,23620,9,5,4112,0,0,0,0,,,,1514
28.714,codel,12112,8,321,23630,9,5,6544,0,0,0,0,,,,1514
28.726,codel,10598,7,321,23639,9,5,8407,0,0,0,0,,,,1514
28.737,codel,12112,8,321,23649,9,5,8432,0,0,0,0,,,,1514
28.749,codel,10598,7,321,23658,9,5,9645,0,0,0,0,,,,1514
28.760,codel,13626,9,321,23668,9,5,7217,0,0,0,0,,,,1514
28.771,codel,18266,13,321,23677,9,5,9641,0,0,0,0,,,,1514
28.783,codel,18168,12,321,23688,9,5,12147,0,0,0,0,,,,1514
28.794,codel,19682,13,321,23697,9,5,13334,0,0,0,0,,,,1514
28.806,codel,21196,14,322,23707,4,4,12144,40030,1,0,0,,,,1514
28.817,codel,19682,13,322,23716,4,4,13353,28681,1,0,0,,,,1514
28.828,codel,22710,15,322,23725,4,4,14561,17220,1,0,0,,,,1514
28.840,codel,22710,15,322,23735,4,4,14482,5819,1,0,0,,,,1514
28.851,codel,21196,14,323,23744,5,4,15678,38880,1,0,0,,,,1514
28.863,codel,21196,14,323,23754,5,4,14483,27552,1,0,0,,,,1514
28.874,codel,25836,18,323,23763,5,4,16907,16179,1,0,0,,,,1514
28.886,codel,18266,13,323,23772,5,4,16913,4790,1,0,0,,,,1514
28.897,codel,13626,9,324,23783,6,4,13570,33794,1,0,0,,,,1514
28.908,codel,12112,8,324,23792,6,4,8725,22449,1,0,0,,,,1514
28.920,codel,12112,8,324,23801,6,4,8507,11040,1,0,0,,,,1514
28.931,codel,13626,9,324,23811,6,4,8510,-300,1,0,0,,,,1514
28.942,codel,6056,4,325,23820,7,4,7219,25756,1,0,0,,,,1514
28.954,codel,1514,1,325,23830,7,4,1160,0,0,0,0,,,,1514
28.965,codel,4542,3,325,23839,7,4,2377,0,0,0,0,,,,1514
28.976,codel,0,0,325,23846,7,4,0,0,0,0,0,,,,1514
28.988,codel,4542,3,325,23857,7,4,2398,0,0,0,0,,,,1514
28.999,codel,4542,3,325,23866,7,4,3613,0,0,0,0,,,,1514
29.010,codel,7570,5,325,23875,7,4,3610,0,0,0,0,,,,1514
29.022,codel,3028,2,325,23885,7,4,0,0,0,0,0,,,,1514
29.033,codel,6056,4,325,23894,7,4,3588,0,0,0,0,,,,1514
29.044,codel,7570,5,325,23903,7,4,6011,0,0,0,0,,,,1514
29.056,codel,9084,6,325,23913,7,4,6011,0,0,0,0,,,,1514
29.067,codel,9084,6,325,23922,7,4,7225,0,0,0,0,,,,1514
29.078,codel,9182,7,325,23931,7,4,7221,0,0,0,0,,,,1514
29.090,codel,12112,8,325,23942,7,4,7298,0,0,0,0,,,,1514
29.101,codel,13626,9,325,23951,7,4,8510,0,0,0,0,,,,1514
29.112,codel,12112,8,325,23960,7,4,8515,0,0,0,0,,,,1514
29.124,codel,16654,11,325,23970,7,4,8512,0,0,0,0,,,,1514
29.135,codel,16654,11,325,23979,7,4,10859,0,0,0,0,,,,1514
29.146,codel,18168,12,325,23989,7,4,13276,0,0,0,0,,,,1514
29.158,codel,19682,13,326,23998,3,3,10854,46381,1,0,0,,,,1514
29.169,codel,21196,14,326,24007,3,3,14486,35054,1,0,0,,,,1514
29.181,codel,22808,16,326,24017,3,3,14488,23741,1,0,0,,,,1514
29.192,codel,22710,15,326,24027,3,3,16989,12441,1,0,0,,,,1514
29.203,codel,21196,14,326,24037,3,3,15776,-37,1,0,0,,,,1514
29.216,codel,18168,12,327,24048,4,3,16994,37335,1,0,0,,,,1514
29.228,codel,16654,11,327,24057,4,3,14536,25597,1,0,0,,,,1514
29.240,codel,18168,12,327,24067,4,3,12142,14056,1,0,0,,,,1514
29.252,codel,15140,10,327,24076,4,3,13275,2749,1,0,0,,,,1514
29.263,codel,9084,6,328,24086,5,3,6223,35090,1,0,0,,,,1514
29.274,codel,13724,10,328,24095,5,3,8430,23608,1,0,0,,,,1514
29.286,codel,13626,9,328,24106,5,3,9721,12228,1,0,0,,,,1514
29.297,codel,7570,5,328,24115,5,3,9723,572,1,0,0,,,,1514
29.309,codel,6056,4,329,24125,6,3,2454,0,0,0,0,,,,1514
29.320,codel,7570,5,329,24135,6,3,6076,0,0,0,0,,,,1514
29.332,codel,9084,6,329,24144,6,3,4795,0,0,0,0,,,,1514
29.344,codel,10598,7,329,24154,6,3,7212,0,0,0,0,,,,1514
29.356,codel,9084,6,329,24163,6,3,6008,0,0,0,0,,,,1514
29.367,codel,13626,9,329,24173,6,3,8402,0,0,0,0,,,,1514
29.379,codel,13724,10,329,24183,6,3,9638,0,0,0,0,,,,1514
29.390,codel,12112,8,329,24193,6,3,8501,0,0,0,0,,,,1514
29.402,codel,12112,8,329,24203,6,3,7290,0,0,0,0,,,,1514
29.414,codel,15140,10,329,24213,6,3,8506,0,0,0,0,,,,1514
29.426,codel,16654,11,329,24222,6,3,10924,0,0,0,0,,,,1514
29.438,codel,16654,11,329,24232,6,3,12057,0,0,0,0,,,,1514
29.449,codel,16654,11,330,24242,3,3,9632,44392,1,0,0,,,,1514
29.461,codel,16654,11,330,24251,3,3,10847,32616,1,0,0,,,,1514
29.473,codel,19780,14,330,24261,3,3,13264,21026,1,0,0,,,,1514
29.484,codel,18266,13,330,24271,3,3,13246,9366,1,0,0,,,,1514
29.496,codel,15140,10,331,24281,4,3,12138,47723,1,0,0,,,,1514
29.508,codel,16654,11,331,24291,4,3,9704,36137,1,0,0,,,,1514
29.519,codel,15140,10,331,24300,4,3,10923,24632,1,0,0,,,,1514
29.531,codel,18168,12,331,24310,4,3,10921,13121,1,0,0,,,,1514
29.542,codel,13626,9,331,24319,4,3,12057,1574,1,0,0,,,,1514
29.554,codel,12112,8,332,24329,5,3,7218,33456,1,0,0,,,,1514
29.566,codel,13626,9,332,24339,5,3,8429,21366,1,0,0,,,,1514
29.578,codel,15238,11,332,24349,5,3,9639,9327,1,0,0,,,,1514
29.590,codel,13626,9,333,24360,6,3,9711,37958,1,0,0,,,,1514
29.602,codel,13626,9,333,24370,6,3,7283,26156,1,0,0,,,,1514
29.614,codel,13626,9,333,24379,6,3,9719,14373,1,0,0,,,,1514
29.625,codel,12112,8,333,24389,6,3,9710,2771,1,0,0,,,,1514
29.637,codel,15140,10,334,24399,7,3,9643,28528,1,0,0,,,,1514
29.649,codel,16654,11,334,24409,7,3,9646,15752,1,0,0,,,,1514
29.661,codel,12112,8,334,24419,7,3,12056,3732,1,0,0,,,,1514
29.673,codel,7668,6,335,24429,8,3,9633,27216,1,0,0,,,,1514
29.685,codel,3028,2,335,24439,8,3,25,0,0,0,0,,,,1514
29.697,codel,3028,2,335,24449,8,3,2435,0,0,0,0,,,,1514
29.708,codel,7570,5,335,24458,8,3,2453,0,0,0,0,,,,1514
29.719,codel,7570,5,335,24467,8,3,4867,0,0,0,0,,,,1514
29.731,codel,7570,5,335,24477,8,3,3587,0,0,0,0,,,,1514
29.742,codel,10598,7,335,24486,8,3,6008,0,0,0,0,,,,1514
29.754,codel,4542,3,335,24496,8,3,6010,0,0,0,0,,,,1514
29.765,codel,3028,2,335,24505,8,3,2375,0,0,0,0,,,,1514
29.777,codel,7668,6,335,24515,8,3,4783,0,0,0,0,,,,1514
29.788,codel,6056,4,335,24525,8,3,4874,0,0,0,0,,,,1514
29.800,codel,10598,7,335,24534,8,3,3664,0,0,0,0,,,,1514
29.811,codel,9084,6,335,24544,8,3,6089,0,0,0,0,,,,1514
29.822,codel,10598,7,335,24553,8,3,6086,0,0,0,0,,,,1514
29.834,codel,13626,9,335,24563,8,3,8435,0,0,0,0,,,,1514
29.845,codel,12112,8,335,24572,8,3,9644,0,0,0,0,,,,1514
29.857,codel,13626,9,335,24582,8,3,10853,0,0,0,0,,,,1514
29.868,codel,13626,9,335,24591,8,3,8433,0,0,0,0,,,,1514
29.879,codel,18266,13,335,24600,8,3,9644,0,0,0,0,,,,1514
29.891,codel,21196,14,335,24611,8,3,13348,0,0,0,0,,,,1514
29.902,codel,18168,12,335,24620,8,3,14568,0,0,0,0,,,,1514
29.913,codel,19682,13,335,24629,8,3,15754,0,0,0,0,,,,1514
29.925,codel,15140,10,336,24639,5,5,12145,33219,1,0,0,,,,1514
29.936,codel,19682,13,336,24648,5,5,12145,21822,1,0,0,,,,1514
29.947,codel,21196,14,336,24657,5,5,12065,10440,1,0,0,,,,1514
29.959,codel,24224,16,337,24667,6,5,15699,39854,1,0,0,,,,1514
29.970,codel,25738,17,337,24676,6,5,14491,28558,1,0,0,,,,1514
29.982,codel,16752,12,337,24686,6,5,16912,17085,1,0,0,,,,1514
29.993,codel,16654,11,337,24696,6,5,14781,5701,1,0,0,,,,1514
30.004,codel,13626,9,338,24705,7,5,12144,31604,1,0,0,,,,1514
30.016,codel,12112,8,338,24715,7,5,9701,20148,1,0,0,,,,1514
30.027,codel,12112,8,338,24724,7,5,7505,8749,1,0,0,,,,1514
30.039,codel,12112,8,339,24734,8,5,8512,32594,1,0,0,,,,1514
30.050,codel,9084,6,339,24743,8,5,8434,21257,1,0,0,,,,1514
30.061,codel,7570,5,339,24752,8,5,4791,0,0,0,0,,,,1514
30.073,codel,7570,5,339,24762,8,5,6012,0,0,0,0,,,,1514
30.084,codel,9084,6,339,24772,8,5,4879,0,0,0,0,,,,1514
30.095,codel,7570,5,339,24782,8,5,3881,0,0,0,0,,,,1514
30.107,codel,10598,7,339,24791,8,5,4873,0,0,0,0,,,,1514
30.118,codel,7570,5,339,24800,8,5,4881,0,0,0,0,,,,1514
30.130,codel,0,0,339,24808,8,5,169,0,0,0,0,,,,1514
30.141,codel,1514,1,339,24819,8,5,2459,0,0,0,0,,,,1514
30.152,codel,3028,2,339,24828,8,5,32,0,0,0,0,,,,1514
30.164,codel,6056,4,339,24838,8,5,3671,0,0,0,0,,,,1514
30.175,codel,6154,5,339,24847,8,5,2426,0,0,0,0,,,,1514
30.186,codel,3028,2,339,24857,8,5,1243,0,0,0,0,,,,1514
30.198,codel,6056,4,339,24867,8,5,2450,0,0,0,0,,,,1514
30.209,codel,6056,4,339,24877,8,5,4877,0,0,0,0,,,,1514
30.222,codel,10598,7,339,24887,8,5,4880,0,0,0,0,,,,1514
30.233,codel,10598,7,339,24896,8,5,7220,0,0,0,0,,,,1514
30.245,codel,15140,10,339,24906,8,5,7216,0,0,0,0,,,,1514
30.256,codel,16654,11,339,24915,8,5,10849,0,0,0,0,,,,1514
30.268,codel,18168,12,339,24925,8,5,12063,0,0,0,0,,,,1514
30.279,codel,16752,12,339,24934,8,5,10853,0,0,0,0,,,,1514
30.290,codel,18168,12,339,24944,8,5,10931,0,0,0,0,,,,1514
30.302,codel,19682,13,339,24954,8,5,12141,0,0,0,0,,,,1514
30.313,codel,21196,14,339,24963,8,5,13353,0,0,0,0,,,,1514
30.324,codel,22710,15,339,24972,8,5,14558,0,0,0,0,,,,1514
30.336,codel,21196,14,340,24982,3,3,14565,37419,1,0,0,,,,1514
30.347,codel,24224,16,340,24991,3,3,15698,25949,1,0,0,,,,1514
30.359,codel,21196,14,340,25001,3,3,16907,14644,1,0,0,,,,1514
30.370,codel,22710,15,340,25010,3,3,18121,3335,1,0,0,,,,1514
30.381,codel,25836,18,341,25019,4,3,15700,41609,1,0,0,,,,1514
30.392,codel,28766,18,341,25029,4,3,16991,30358,1,0,0,,,,1514
30.404,codel,25738,17,341,25039,4,3,21831,19111,1,0,0,,,,1514
30.415,codel,22710,15,341,25048,4,3,19411,7775,1,0,0,,,,1514
30.426,codel,16654,11,342,25057,5,3,16993,40359,1,0,0,,,,1514
30.438,codel,9084,6,342,25067,5,3,12358,28862,1,0,0,,,,1514
30.449,codel,13626,9,342,25076,5,3,7224,17478,1,0,0,,,,1514
30.461,codel,12112,8,342,25086,5,3,10854,6013,1,0,0,,,,1514
30.472,codel,10598,7,343,25095,6,3,7221,35037,1,0,0,,,,1514
30.484,codel,9084,6,343,25106,6,3,4879,0,0,0,0,,,,1514
30.495,codel,10598,7,343,25115,6,3,7302,0,0,0,0,,,,1514
30.506,codel,6056,4,343,25125,6,3,3881,0,0,0,0,,,,1514
30.518,codel,3028,2,343,25133,6,3,0,0,0,0,0,,,,1514
30.529,codel,1514,1,343,25143,6,3,901,0,0,0,0,,,,1514
30.541,codel,4542,3,343,25152,6,3,0,0,0,0,0,,,,1514
30.552,codel,3028,2,343,25161,6,3,894,0,0,0,0,,,,1514
30.563,codel,4542,3,343,25171,6,3,3589,0,0,0,0,,,,1514
30.575,codel,4640,4,343,25180,6,3,2377,0,0,0,0,,,,1514
30.586,codel,7570,5,343,25190,6,3,2455,0,0,0,0,,,,1514
30.597,codel,10598,7,343,25200,6,3,3667,0,0,0,0,,,,1514
30.609,codel,10598,7,343,25209,6,3,6087,0,0,0,0,,,,1514
30.620,codel,10598,7,343,25219,6,3,7298,0,0,0,0,,,,1514
30.632,codel,9084,6,343,25228,6,3,6010,0,0,0,0,,,,1514
30.643,codel,13626,9,343,25237,6,3,7224,0,0,0,0,,,,1514
30.654,codel,18168,12,343,25247,6,3,9648,0,0,0,0,,,,1514
30.666,codel,19682,13,343,25257,6,3,13265,0,0,0,0,,,,1514
30.678,codel,18266,13,343,25266,6,3,13278,0,0,0,0,,,,1514
30.689,codel,21196,14,343,25277,6,3,13356,0,0,0,0,,,,1514
30.701,codel,21196,14,343,25286,6,3,14562,0,0,0,0,,,,1514
30.712,codel,21196,14,344,25296,3,3,12090,42068,1,0,0,,,,1514
30.724,codel,19682,13,344,25305,3,3,14562,30360,1,0,0,,,,1514
30.736,codel,19682,13,344,25315,3,3,16987,18295,1,0,0,,,,1514
30.748,codel,22710,15,344,25325,3,3,15693,6746,1,0,0,,,,1514
30.759,codel,19682,13,345,25335,4,3,14486,44811,1,0,0,,,,1514
30.771,codel,19682,13,345,25344,4,3,15690,33253,1,0,0,,,,1514
30.783,codel,15238,11,345,25354,4,3,16902,21814,1,0,0,,,,1514
30.794,codel,16654,11,345,25364,4,3,12140,10418,1,0,0,,,,1514
30.805,codel,19682,13,345,25373,4,3,10928,-1041,1,0,0,,,,1514
30.817,codel,19682,13,346,25383,5,3,12142,31391,1,0,0,,,,1514
30.828,codel,19682,13,346,25392,5,3,14558,20060,1,0,0,,,,1514
30.839,codel,15140,10,346,25402,5,3,14566,8585,1,0,0,,,,1514
30.851,codel,6056,4,347,25412,6,3,7437,36608,1,0,0,,,,1514
30.864,codel,6056,4,347,25422,6,3,4794,0,0,0,0,,,,1514
30.875,codel,9084,6,347,25431,6,3,4783,0,0,0,0,,,,1514
30.887,codel,12112,8,347,25442,6,3,7294,0,0,0,0,,,,1514
30.898,codel,15140,10,347,25451,6,3,9698,0,0,0,0,,,,1514
30.910,codel,13626,9,347,25460,6,3,10907,0,0,0,0,,,,1514
30.921,codel,13626,9,347,25470,6,3,9720,0,0,0,0,,,,1514
30.933,codel,13626,9,347,25479,6,3,9721,0,0,0,0,,,,1514
30.944,codel,13626,9,347,25489,6,3,10857,0,0,0,0,,,,1514
30.955,codel,10598,7,347,25498,6,3,10858,0,0,0,0,,,,1514
30.966,codel,12112,8,347,25507,6,3,6012,0,0,0,0,,,,1514
30.978,codel,13724,10,347,25517,6,3,8433,0,0,0,0,,,,1514
30.989,codel,15140,10,348,25526,3,3,9645,47928,1,0,0,,,,1514
31.000,codel,18168,12,348,25535,3,3,10850,36589,1,0,0,,,,1514
31.012,codel,16654,11,348,25545,3,3,12066,25237,1,0,0,,,,1514
31.023,codel,13626,9,348,25554,3,3,10853,13787,1,0,0,,,,1514
31.035,codel,13626,9,348,25564,3,3,10855,2318,1,0,0,,,,1514
31.046,codel,16654,11,349,25573,4,3,9638,40856,1,0,0,,,,1514
31.057,codel,18168,12,349,25582,4,3,10856,29475,1,0,0,,,,1514
31.069,codel,18168,12,349,25592,4,3,14490,18062,1,0,0,,,,1514
31.080,codel,22808,16,349,25601,4,3,14487,6646,1,0,0,,,,1514
31.092,codel,21294,15,350,25611,5,3,15700,39056,1,0,0,,,,1514
31.103,codel,18168,12,350,25621,5,3,15777,27703,1,0,0,,,,1514
31.114,codel,19682,13,350,25630,5,3,12122,16374,1,0,0,,,,1514
31.126,codel,19682,13,350,25640,5,3,14569,5076,1,0,0,,,,1514
31.137,codel,12112,8,351,25649,6,3,13356,34344,1,0,0,,,,1514
31.148,codel,13626,9,351,25658,6,3,9671,22830,1,0,0,,,,1514
31.160,codel,18168,12,351,25668,6,3,10881,11452,1,0,0,,,,1514
31.171,codel,12112,8,351,25677,6,3,12004,99,1,0,0,,,,1514
31.182,codel,4640,4,352,25686,7,3,5042,26299,1,0,0,,,,1514
31.194,codel,4542,3,352,25697,7,3,2457,0,0,0,0,,,,1514
31.205,codel,4542,3,352,25707,7,3,4876,0,0,0,0,,,,1514
31.217,codel,3028,2,352,25717,7,3,1241,0,0,0,0,,,,1514
31.229,codel,3028,2,352,25726,7,3,2372,0,0,0,0,,,,1514
31.241,codel,1514,1,352,25736,7,3,1160,0,0,0,0,,,,1514
31.252,codel,4542,3,352,25745,7,3,2365,0,0,0,0,,,,1514
31.264,codel,4542,3,352,25755,7,3,4799,0,0,0,0,,,,1514
31.275,codel,1514,1,352,25764,7,3,1166,0,0,0,0,,,,1514
31.286,codel,1514,1,352,25774,7,3,1244,0,0,0,0,,,,1514
31.298,codel,7570,5,352,25784,7,3,3664,0,0,0,0,,,,1514
31.310,codel,10598,7,352,25794,7,3,6086,0,0,0,0,,,,1514
31.321,codel,13626,9,352,25803,7,3,7294,0,0,0,0,,,,1514
31.333,codel,12112,8,352,25813,7,3,9641,0,0,0,0,,,,1514
31.345,codel,10598,7,352,25823,7,3,9635,0,0,0,0,,,,1514
31.356,codel,13626,9,352,25832,7,3,9635,0,0,0,0,,,,1514
31.368,codel,18168,12,352,25842,7,3,10850,0,0,0,0,,,,1514
31.380,codel,16752,12,352,25851,7,3,13276,0,0,0,0,,,,1514
31.391,codel,19682,13,352,25862,7,3,13353,0,0,0,0,,,,1514
31.403,codel,21196,14,352,25872,7,3,14540,0,0,0,0,,,,1514
31.415,codel,21196,14,353,25882,4,4,15768,43190,1,0,0,,,,1514
31.427,codel,19682,13,353,25891,4,4,16982,31221,1,0,0,,,,1514
31.439,codel,19682,13,353,25901,4,4,15749,19289,1,0,0,,,,1514
31.451,codel,24224,16,353,25911,4,4,15694,7742,1,0,0,,,,1514
31.462,codel,21196,14,354,25921,5,4,15687,40670,1,0,0,,,,1514
31.474,codel,16654,11,354,25930,5,4,16909,29066,1,0,0,,,,1514
31.486,codel,16752,12,354,25940,5,4,12274,17262,1,0,0,,,,1514
31.497,codel,19682,13,354,25950,5,4,12135,5825,1,0,0,,,,1514
31.509,codel,18168,12,355,25960,6,4,13343,34473,1,0,0,,,,1514
31.520,codel,16654,11,355,25969,6,4,13342,22813,1,0,0,,,,1514
31.532,codel,10598,7,355,25979,6,4,12135,11347,1,0,0,,,,1514
31.543,codel,9084,6,355,25988,6,4,6006,-68,1,0,0,,,,1514
31.555,codel,4542,3,356,25998,7,4,5006,0,0,0,0,,,,1514
31.567,codel,10598,7,356,26008,7,4,4795,0,0,0,0,,,,1514
31.579,codel,4640,4,356,26018,7,4,3582,0,0,0,0,,,,1514
31.591,codel,0,0,356,26027,7,4,1,0,0,0,0,,,,1514
31.602,codel,0,0,356,26035,7,4,1188,0,0,0,0,,,,1514
31.614,codel,4542,3,356,26046,7,4,0,0,0,0,0,,,,1514
31.626,codel,6056,4,356,26055,7,4,2409,0,0,0,0,,,,1514
31.637,codel,1514,1,356,26065,7,4,1381,0,0,0,0,,,,1514
31.649,codel,0,0,356,26073,7,4,0,0,0,0,0,,,,1514
31.660,codel,0,0,356,26082,7,4,1206,0,0,0,0,,,,1514
31.671,codel,3028,2,356,26093,7,4,3618,0,0,0,0,,,,1514
31.683,codel,6154,5,356,26102,7,4,3620,0,0,0,0,,,,1514
31.694,codel,9084,6,356,26112,7,4,4886,0,0,0,0,,,,1514
31.705,codel,10598,7,356,26121,7,4,7275,0,0,0,0,,,,1514
31.716,codel,13626,9,356,26131,7,4,7299,0,0,0,0,,,,1514
31.727,codel,13626,9,356,26140,7,4,8492,0,0,0,0,,,,1514
31.739,codel,15140,10,356,26150,7,4,10856,0,0,0,0,,,,1514
31.750,codel,16654,11,356,26159,7,4,10852,0,0,0,0,,,,1514
31.762,codel,16654,11,356,26169,7,4,12063,0,0,0,0,,,,1514
31.774,codel,18168,12,356,26178,7,4,12062,0,0,0,0,,,,1514
31.785,codel,15238,11,356,26188,7,4,13256,0,0,0,0,,,,1514
31.797,codel,13626,9,356,26198,7,4,12135,0,0,0,0,,,,1514
31.808,codel,21196,14,357,26207,3,3,9718,39913,1,0,0,,,,1514
31.819,codel,21196,14,357,26217,3,3,13348,28564,1,0,0,,,,1514
31.831,codel,25738,17,357,26226,3,3,15778,17231,1,0,0,,,,1514
31.842,codel,25738,17,357,26236,3,3,16989,5897,1,0,0,,,,1514
31.853,codel,22710,15,358,26245,4,3,18123,44480,1,0,0,,,,1514
31.865,codel,18168,12,358,26254,4,3,15700,33115,1,0,0,,,,1514
31.876,codel,18168,12,358,26264,4,3,13273,21697,1,0,0,,,,1514
31.887,codel,16752,12,358,26273,4,3,12065,10249,1,0,0,,,,1514
31.899,codel,13626,9,359,26284,5,3,9724,42669,1,0,0,,,,1514
31.910,codel,15140,10,359,26293,5,3,8725,31255,1,0,0,,,,1514
31.922,codel,13626,9,359,26302,5,3,12144,19905,1,0,0,,,,1514
31.933,codel,16654,11,359,26312,5,3,9722,8577,1,0,0,,,,1514
31.944,codel,10598,7,360,26321,6,3,10932,37765,1,0,0,,,,1514
31.956,codel,12112,8,360,26330,6,3,6011,26381,1,0,0,,,,1514
31.967,codel,13626,9,360,26340,6,3,7222,15130,1,0,0,,,,1514
31.978,codel,13626,9,360,26349,6,3,8433,3852,1,0,0,,,,1514
31.990,codel,13724,10,361,26358,7,3,9641,29948,1,0,0,,,,1514
32.001,codel,6056,4,361,26369,7,3,6304,18633,1,0,0,,,,1514
32.012,codel,7570,5,361,26378,7,3,4877,0,0,0,0,,,,1514
32.023,codel,9084,6,361,26387,7,3,7296,0,0,0,0,,,,1514
32.035,codel,1514,1,361,26397,7,3,2592,0,0,0,0,,,,1514
32.046,codel,4542,3,361,26406,7,3,1163,0,0,0,0,,,,1514
32.058,codel,3028,2,361,26415,7,3,1379,0,0,0,0,,,,1514
32.069,codel,0,0,361,26424,7,3,183,0,0,0,0,,,,1514
32.080,codel,1514,1,361,26432,7,3,1189,0,0,0,0,,,,1514
32.091,codel,1514,1,361,26442,7,3,54,0,0,0,0,,,,1514
32.103,codel,1514,1,361,26452,7,3,1242,0,0,0,0,,,,1514
32.114,codel,4542,3,361,26461,7,3,217,0,0,0,0,,,,1514
32.126,codel,4542,3,361,26471,7,3,1163,0,0,0,0,,,,1514
32.137,codel,1514,1,361,26480,7,3,1189,0,0,0,0,,,,1514
32.149,codel,3028,2,361,26489,7,3,2399,0,0,0,0,,,,1514
32.160,codel,6056,4,361,26499,7,3,3614,0,0,0,0,,,,1514
32.171,codel,7570,5,361,26508,7,3,3614,0,0,0,0,,,,1514
32.183,codel,13724,10,361,26518,7,3,6009,0,0,0,0,,,,1514
32.194,codel,10598,7,361,26528,7,3,7300,0,0,0,0,,,,1514
32.206,codel,15140,10,361,26538,7,3,9722,0,0,0,0,,,,1514
32.218,codel,13626,9,361,26548,7,3,10933,0,0,0,0,,,,1514
32.230,codel,16654,11,361,26558,7,3,10925,0,0,0,0,,,,1514
32.242,codel,18168,12,361,26568,7,3,13345,0,0,0,0,,,,1514
32.253,codel,19682,13,361,26578,7,3,13275,0,0,0,0,,,,1514
32.266,codel,21196,14,361,26588,7,3,14479,0,0,0,0,,,,1514
32.278,codel,22710,15,361,26598,7,3,15696,0,0,0,0,,,,1514
32.290,codel,18266,13,362,26607,4,4,15690,41244,1,0,0,,,,1514
32.301,codel,21196,14,362,26618,4,4,13349,29833,1,0,0,,,,1514
32.313,codel,24224,16,362,26627,4,4,15772,18258,1,0,0,,,,1514
32.324,codel,22710,15,362,26637,4,4,18192,6730,1,0,0,,,,1514
32.336,codel,22710,15,363,26646,5,4,15777,39984,1,0,0,,,,1514
32.347,codel,25738,17,363,26656,5,4,16987,28481,1,0,0,,,,1514
32.359,codel,27252,18,363,26665,5,4,18123,16911,1,0,0,,,,1514
32.370,codel,24224,16,363,26675,5,4,19333,5521,1,0,0,,,,1514
32.382,codel,16654,11,364,26684,6,4,16904,34270,1,0,0,,,,1514
32.393,codel,19780,14,364,26693,6,4,16910,22887,1,0,0,,,,1514
32.405,codel,22710,15,364,26704,6,4,15774,11439,1,0,0,,,,1514
32.416,codel,21196,14,364,26713,6,4,16989,34,1,0,0,,,,1514
32.428,codel,19682,13,365,26723,7,4,14562,26109,1,0,0,,,,1514
32.439,codel,21196,14,365,26732,7,4,15776,14755,1,0,0,,,,1514
32.450,codel,13626,9,365,26742,7,4,14568,3309,1,0,0,,,,1514
32.462,codel,12112,8,366,26751,8,4,10856,27118,1,0,0,,,,1514
32.473,codel,10598,7,366,26760,8,4,9643,15649,1,0,0,,,,1514
32.485,codel,4640,4,366,26770,8,4,6225,4255,1,0,0,,,,1514
32.496,codel,3028,2,366,26780,8,4,2457,0,0,0,0,,,,1514
32.507,codel,1514,1,366,26789,8,4,1241,0,0,0,0,,,,1514
32.519,codel,3028,2,366,26799,8,4,33,0,0,0,0,,,,1514
32.530,codel,6056,4,366,26808,8,4,2457,0,0,0,0,,,,1514
32.541,codel,3028,2,366,26818,8,4,1169,0,0,0,0,,,,1514
32.553,codel,6056,4,366,26827,8,4,2378,0,0,0,0,,,,1514
32.564,codel,7570,5,366,26836,8,4,4810,0,0,0,0,,,,1514
32.576,codel,6056,4,366,26846,8,4,3592,0,0,0,0,,,,1514
32.587,codel,6154,5,366,26855,8,4,3590,0,0,0,0,,,,1514
32.598,codel,4542,3,366,26866,8,4,2456,0,0,0,0,,,,1514
32.610,codel,7570,5,366,26875,8,4,4854,0,0,0,0,,,,1514
32.621,codel,7570,5,366,26884,8,4,3668,0,0,0,0,,,,1514
32.632,codel,9084,6,366,26894,8,4,6085,0,0,0,0,,,,1514
32.644,codel,7570,5,366,26903,8,4,7199,0,0,0,0,,,,1514
32.655,codel,12112,8,366,26913,8,4,5988,0,0,0,0,,,,1514
32.667,codel,16654,11,366,26922,8,4,8431,0,0,0,0,,,,1514
32.678,codel,15140,10,366,26932,8,4,12066,0,0,0,0,,,,1514
32.690,codel,16752,12,366,26941,8,4,12062,0,0,0,0,,,,1514
32.701,codel,16654,11,366,26951,8,4,10934,0,0,0,0,,,,1514
32.713,codel,21196,14,366,26961,8,4,13333,0,0,0,0,,,,1514
32.724,codel,18168,12,366,26970,8,4,13353,0,0,0,0,,,,1514
32.735,codel,19682,13,366,26979,8,4,13356,0,0,0,0,,,,1514
32.747,codel,22710,15,366,26989,8,4,15776,0,0,0,0,,,,1514
32.758,codel,22710,15,367,26998,4,4,15698,41875,1,0,0,,,,1514
32.769,codel,25738,17,367,27008,4,4,16907,30009,1,0,0,,,,1514
32.781,codel,24224,16,367,27018,4,4,18121,18441,1,0,0,,,,1514
32.793,codel,27350,19,367,27027,4,4,20538,7174,1,0,0,,,,1514
32.804,codel,25738,17,368,27037,5,4,18197,40518,1,0,0,,,,1514
32.815,codel,18168,12,368,27047,5,4,16976,29213,1,0,0,,,,1514
32.827,codel,18168,12,368,27056,5,4,15992,17846,1,0,0,,,,1514
32.838,codel,21196,14,368,27065,5,4,14564,6539,1,0,0,,,,1514
32.849,codel,15140,10,369,27075,6,4,12143,35398,1,0,0,,,,1514
32.861,codel,12112,8,369,27084,6,4,12280,24061,1,0,0,,,,1514
32.872,codel,9084,6,369,27094,6,4,7224,12630,1,0,0,,,,1514
32.884,codel,6056,4,369,27103,6,4,3587,0,0,0,0,,,,1514
32.895,codel,6056,4,369,27113,6,4,2454,0,0,0,0,,,,1514
32.906,codel,1514,1,369,27123,6,4,1247,0,0,0,0,,,,1514
32.918,codel,1514,1,369,27131,6,4,1167,0,0,0,0,,,,1514
32.929,codel,1514,1,369,27141,6,4,189,0,0,0,0,,,,1514
32.941,codel,3028,2,369,27149,6,4,973,0,0,0,0,,,,1514
32.952,codel,3028,2,369,27158,6,4,14,0,0,0,0,,,,1514
32.963,codel,6056,4,369,27168,6,4,2243,0,0,0,0,,,,1514
32.975,codel,1514,1,369,27177,6,4,1146,0,0,0,0,,,,1514
32.986,codel,4640,4,369,27187,6,4,4799,0,0,0,0,,,,1514
32.997,codel,3028,2,369,27197,6,4,1243,0,0,0,0,,,,1514
33.009,codel,6056,4,369,27206,6,4,2454,0,0,0,0,,,,1514
33.020,codel,7570,5,369,27216,6,4,4881,0,0,0,0,,,,1514
33.031,codel,12112,8,369,27225,6,4,6091,0,0,0,0,,,,1514
33.043,codel,13626,9,369,27234,6,4,7221,0,0,0,0,,,,1514
33.054,codel,15140,10,369,27244,6,4,9643,0,0,0,0,,,,1514
33.065,codel,13626,9,369,27253,6,4,12064,0,0,0,0,,,,1514
33.077,codel,12112,8,369,27262,6,4,8433,0,0,0,0,,,,1514
33.088,codel,15238,11,369,27272,6,4,9644,0,0,0,0,,,,1514
33.099,codel,13626,9,369,27282,6,4,12144,0,0,0,0,,,,1514
33.111,codel,21196,14,369,27292,6,4,10925,0,0,0,0,,,,1514
33.122,codel,22710,15,369,27301,6,4,13355,0,0,0,0,,,,1514
33.134,codel,18168,12,369,27310,6,4,16989,0,0,0,0,,,,1514
33.145,codel,19682,13,370,27320,2,2,13351,42586,1,0,0,,,,1514
33.156,codel,21196,14,370,27329,2,2,14485,31204,1,0,0,,,,1514
33.168,codel,24224,16,370,27338,2,2,14487,19943,1,0,0,,,,1514
33.179,codel,24224,16,370,27348,2,2,15699,8578,1,0,0,,,,1514
33.190,codel,21294,15,371,27357,3,2,16913,54562,1,0,0,,,,1514
33.202,codel,22808,16,371,27367,3,2,16908,43278,1,0,0,,,,1514
33.213,codel,25738,17,371,27378,3,2,16967,30430,1,0,0,,,,1514
33.226,codel,24224,16,371,27388,3,2,18199,18968,1,0,0,,,,1514
33.237,codel,19682,13,371,27397,3,2,19409,7518,1,0,0,,,,1514
33.249,codel,16654,11,372,27406,4,2,15750,44406,1,0,0,,,,1514
33.260,codel,10598,7,372,27416,4,2,11065,32964,1,0,0,,,,1514
33.272,codel,12112,8,372,27425,4,2,8431,21634,1,0,0,,,,1514
33.283,codel,16654,11,372,27435,4,2,8433,10343,1,0,0,,,,1514
33.294,codel,13724,10,373,27444,5,2,10851,43097,1,0,0,,,,1514
33.306,codel,13626,9,373,27455,5,2,9718,31475,1,0,0,,,,1514
33.318,codel,15140,10,373,27464,5,2,8504,19755,1,0,0,,,,1514
33.329,codel,12112,8,373,27474,5,2,9719,7957,1,0,0,,,,1514
33.341,codel,10598,7,374,27484,6,2,7293,36556,1,0,0,,,,1514
33.353,codel,12112,8,374,27493,6,2,5994,24960,1,0,0,,,,1514
33.364,codel,12112,8,374,27503,6,2,8426,13394,1,0,0,,,,1514
33.376,codel,12112,8,374,27512,6,2,8427,1768,1,0,0,,,,1514
33.388,codel,1612,2,375,27522,7,2,1369,0,0,0,0,,,,1514
33.399,codel,3028,2,375,27533,7,2,1233,0,0,0,0,,,,1514
33.411,codel,4542,3,375,27543,7,2,1230,0,0,0,0,,,,1514
33.423,codel,4542,3,375,27553,7,2,2446,0,0,0,0,,,,1514
33.436,codel,6056,4,375,27563,7,2,3576,0,0,0,0,,,,1514
33.448,codel,1514,1,375,27573,7,2,1196,0,0,0,0,,,,1514
33.459,codel,0,0,375,27578,7,2,0,0,0,0,0,,,,1514
33.471,codel,3028,2,375,27586,7,2,0,0,0,0,0,,,,1514
33.484,codel,4542,3,375,27597,7,2,1193,0,0,0,0,,,,1514
33.496,codel,1514,1,375,27607,7,2,3653,0,0,0,0,,,,1514
33.507,codel,1514,1,375,27613,7,2,0,0,0,0,0,,,,1514
33.519,codel,3028,2,375,27622,7,2,15,0,0,0,0,,,,1514
33.530,codel,7570,5,375,27632,7,2,4861,0,0,0,0,,,,1514
33.542,codel,9084,6,375,27641,7,2,4788,0,0,0,0,,,,1514
33.554,codel,6056,4,375,27651,7,2,2374,0,0,0,0,,,,1514
33.565,codel,7570,5,375,27661,7,2,2369,0,0,0,0,,,,1514
33.577,codel,7570,5,375,27671,7,2,6004,0,0,0,0,,,,1514
33.589,codel,10696,8,375,27680,7,2,7214,0,0,0,0,,,,1514
33.601,codel,12112,8,375,27691,7,2,7286,0,0,0,0,,,,1514
33.613,codel,12112,8,375,27701,7,2,7291,0,0,0,0,,,,1514
33.624,codel,15140,10,375,27710,7,2,9716,0,0,0,0,,,,1514
33.636,codel,15140,10,375,27720,7,2,9688,0,0,0,0,,,,1514
33.648,codel,16654,11,375,27730,7,2,10924,0,0,0,0,,,,1514
33.659,codel,16654,11,375,27739,7,2,10853,0,0,0,0,,,,1514
33.671,codel,19682,13,375,27748,7,2,12059,0,0,0,0,,,,1514
33.682,codel,16654,11,375,27758,7,2,14486,0,0,0,0,,,,1514
33.693,codel,21294,15,376,27767,5,5,12063,35094,1,0,0,,,,1514
33.705,codel,21294,15,376,27776,5,5,15698,23773,1,0,0,,,,1514
33.716,codel,18168,12,376,27787,5,5,15772,12395,1,0,0,,,,1514
33.727,codel,19682,13,376,27796,5,5,14563,992,1,0,0,,,,1514
33.739,codel,10598,7,377,27806,6,5,13351,30209,1,0,0,,,,1514
33.750,codel,13626,9,377,27818,6,5,8507,15297,1,0,0,,,,1514
33.765,codel,16654,11,377,27827,6,5,9644,3728,1,0,0,,,,1514
33.777,codel,16654,11,378,27837,7,5,10858,29819,1,0,0,,,,1514
33.788,codel,13626,9,378,27846,7,5,10858,18199,1,0,0,,,,1514
33.800,codel,16752,12,378,27856,7,5,10857,6824,1,0,0,,,,1514
33.811,codel,13626,9,379,27866,8,5,10942,30611,1,0,0,,,,1514
33.822,codel,10598,7,379,27876,8,5,8518,19291,1,0,0,,,,1514
33.834,codel,10598,7,379,27885,8,5,6086,7957,1,0,0,,,,1514
33.845,codel,10598,7,380,27894,9,5,6097,29849,1,0,0,,,,1514
33.856,codel,6056,4,380,27904,9,5,6012,18499,1,0,0,,,,1514
33.868,codel,0,0,380,27912,9,5,0,0,0,0,0,,,,1514
33.879,codel,0,0,380,27921,9,5,190,0,0,0,0,,,,1514
33.890,codel,0,0,380,27928,9,5,0,0,0,0,0,,,,1514
33.902,codel,1514,1,380,27933,9,5,0,0,0,0,0,,,,1514
33.913,codel,1514,1,380,27943,9,5,1191,0,0,0,0,,,,1514
33.925,codel,0,0,380,27947,9,5,1,0,0,0,0,,,,1514
33.936,codel,0,0,380,27953,9,5,0,0,0,0,0,,,,1514
33.948,codel,3028,2,380,27960,9,5,1208,0,0,0,0,,,,1514
33.959,codel,3028,2,380,27969,9,5,2409,0,0,0,0,,,,1514
33.970,codel,0,0,380,27975,9,5,1189,0,0,0,0,,,,1514
33.982,codel,3028,2,380,27981,9,5,0,0,0,0,0,,,,1514
33.993,codel,3028,2,380,27991,9,5,81,0,0,0,0,,,,1514
34.004,codel,3028,2,380,28001,9,5,2505,0,0,0,0,,,,1514
34.016,codel,0,0,380,28007,9,5,0,0,0,0,0,,,,1514
34.027,codel,1514,1,380,28014,9,5,1192,0,0,0,0,,,,1514
34.039,codel,1514,1,380,28024,9,5,1197,0,0,0,0,,,,1514
34.050,codel,9084,6,380,28033,9,5,4829,0,0,0,0,,,,1514
34.061,codel,3028,2,380,28042,9,5,1484,0,0,0,0,,,,1514
34.072,codel,3028,2,380,28052,9,5,87,0,0,0,0,,,,1514
34.084,codel,1514,1,380,28061,9,5,1197,0,0,0,0,,,,1514
34.095,codel,7570,5,380,28071,9,5,2509,0,0,0,0,,,,1514
34.106,codel,7570,5,380,28081,9,5,4931,0,0,0,0,,,,1514
34.118,codel,10598,7,380,28090,9,5,7300,0,0,0,0,,,,1514
34.129,codel,10598,7,380,28099,9,5,6067,0,0,0,0,,,,1514
34.140,codel,10598,7,380,28109,9,5,8511,0,0,0,0,,,,1514
34.152,codel,13626,9,380,28118,9,5,9643,0,0,0,0,,,,1514
34.163,codel,15140,10,380,28127,9,5,8433,0,0,0,0,,,,1514
34.174,codel,15140,10,380,28137,9,5,10856,0,0,0,0,,,,1514
34.186,codel,16654,11,380,28146,9,5,12030,0,0,0,0,,,,1514
34.197,codel,19780,14,380,28156,9,5,13270,0,0,0,0,,,,1514
34.209,codel,21196,14,380,28167,9,5,14561,0,0,0,0,,,,1514
34.221,codel,19682,13,381,28177,4,4,14546,34909,1,0,0,,,,1514
34.233,codel,18168,12,381,28186,4,4,13350,23576,1,0,0,,,,1514
34.244,codel,21196,14,381,28196,4,4,13348,12106,1,0,0,,,,1514
34.256,codel,24224,16,381,28205,4,4,16978,791,1,0,0,,,,1514
34.267,codel,21196,14,382,28214,5,4,15687,33900,1,0,0,,,,1514
34.279,codel,21196,14,382,28224,5,4,15696,22592,1,0,0,,,,1514
34.290,codel,22710,15,382,28233,5,4,16909,11347,1,0,0,,,,1514
34.301,codel,18266,13,382,28242,5,4,15702,-31,1,0,0,,,,1514
34.312,codel,7570,5,383,28253,6,4,12148,28942,1,0,0,,,,1514
34.324,codel,9084,6,383,28262,6,4,4876,0,0,0,0,,,,1514
34.335,codel,12112,8,383,28271,6,4,4875,0,0,0,0,,,,1514
34.346,codel,12112,8,383,28281,6,4,8511,0,0,0,0,,,,1514
34.358,codel,7570,5,383,28290,6,4,8435,0,0,0,0,,,,1514
34.369,codel,10598,7,383,28299,6,4,7223,0,0,0,0,,,,1514
34.380,codel,9084,6,383,28309,6,4,7222,0,0,0,0,,,,1514
34.392,codel,4542,3,383,28318,6,4,5014,0,0,0,0,,,,1514
34.403,codel,6056,4,383,28329,6,4,2457,0,0,0,0,,,,1514
34.415,codel,4542,3,383,28338,6,4,2454,0,0,0,0,,,,1514
34.426,codel,6056,4,383,28347,6,4,1243,0,0,0,0,,,,1514
34.438,codel,7570,5,383,28357,6,4,2458,0,0,0,0,,,,1514
34.449,codel,9084,6,383,28366,6,4,3590,0,0,0,0,,,,1514
34.460,codel,9084,6,383,28375,6,4,6001,0,0,0,0,,,,1514
34.471,codel,10598,7,383,28385,6,4,6011,0,0,0,0,,,,1514
34.483,codel,13626,9,383,28394,6,4,7224,0,0,0,0,,,,1514
34.494,codel,15238,11,383,28403,6,4,7221,0,0,0,0,,,,1514
34.505,codel,12112,8,383,28414,6,4,10935,0,0,0,0,,,,1514
34.517,codel,13626,9,383,28423,6,4,9723,0,0,0,0,,,,1514
34.528,codel,16654,11,383,28433,6,4,9721,0,0,0,0,,,,1514
34.540,codel,21196,14,383,28442,6,4,12138,0,0,0,0,,,,1514
34.551,codel,22710,15,383,28452,6,4,13355,0,0,0,0,,,,1514
34.563,codel,19682,13,384,28461,2,2,15700,44682,1,0,0,,,,1514
34.574,codel,19682,13,384,28471,2,2,14489,33205,1,0,0,,,,1514
34.586,codel,21196,14,384,28480,2,2,13278,21824,1,0,0,,,,1514
34.597,codel,25836,18,384,28489,2,2,16910,10414,1,0,0,,,,1514
34.608,codel,22808,16,385,28499,3,2,14480,56201,1,0,0,,,,1514
34.620,codel,21196,14,385,28509,3,2,16990,44751,1,0,0,,,,1514
34.631,codel,22710,15,385,28519,3,2,15778,33384,1,0,0,,,,1514
34.643,codel,24224,16,385,28528,3,2,16989,21997,1,0,0,,,,1514
34.654,codel,18168,12,385,28538,3,2,15778,10546,1,0,0,,,,1514
34.666,codel,19682,13,386,28547,4,2,12278,47385,1,0,0,,,,1514
34.677,codel,19682,13,386,28557,4,2,13266,35918,1,0,0,,,,1514
34.689,codel,24224,16,386,28566,4,2,14487,24432,1,0,0,,,,1514
34.700,codel,24322,17,386,28576,4,2,14488,12917,1,0,0,,,,1514
34.711,codel,25836,18,386,28585,4,2,18122,1558,1,0,0,,,,1514
34.723,codel,25738,17,387,28594,5,2,18122,34357,1,0,0,,,,1514
34.734,codel,25738,17,387,28604,5,2,19335,22557,1,0,0,,,,1514
34.746,codel,24224,15,387,28614,5,2,19324,11047,1,0,0,,,,1514
34.758,codel,25738,17,387,28623,5,2,19332,-408,1,0,0,,,,1514
34.769,codel,25738,17,388,28632,6,2,19333,28589,1,0,0,,,,1514
34.780,codel,30280,20,388,28642,6,2,20546,17108,1,0,0,,,,1514
34.792,codel,30280,20,388,28651,6,2,21750,5688,1,0,0,,,,1514
34.803,codel,27350,19,389,28661,7,2,19332,31736,1,0,0,,,,1514
34.815,codel,21294,15,389,28670,7,2,21754,20221,1,0,0,,,,1514
34.826,codel,24224,16,389,28681,7,2,18406,8720,1,0,0,,,,1514
34.838,codel,24224,16,390,28690,8,2,15772,32449,1,0,0,,,,1514
34.849,codel,21196,14,390,28700,8,2,18201,20972,1,0,0,,,,1514
34.861,codel,12112,8,390,28711,8,2,18198,7497,1,0,0,,,,1514
34.874,codel,10598,7,391,28720,9,2,8435,29034,1,0,0,,,,1514
34.886,codel,6056,4,391,28730,9,2,7201,17660,1,0,0,,,,1514
34.897,codel,4542,3,391,28739,9,2,4788,0,0,0,0,,,,1514
34.909,codel,4542,3,391,28749,9,2,1235,0,0,0,0,,,,1514
34.920,codel,0,0,391,28757,9,2,0,0,0,0,0,,,,1514
34.931,codel,0,0,391,28762,9,2,0,0,0,0,0,,,,1514
34.943,codel,4542,3,391,28773,9,2,3613,0,0,0,0,,,,1514
34.954,codel,1514,1,391,28782,9,2,1549,0,0,0,0,,,,1514
34.965,codel,0,0,391,28787,9,2,0,0,0,0,0,,,,1514
34.977,codel,0,0,391,28795,9,2,0,0,0,0,0,,,,1514
34.988,codel,1514,1,391,28805,9,2,1198,0,0,0,0,,,,1514
34.999,codel,6154,5,391,28814,9,2,2421,0,0,0,0,,,,1514
35.011,codel,0,0,391,28822,9,2,0,0,0,0,0,,,,1514
35.022,codel,3028,2,391,28832,9,2,0,0,0,0,0,,,,1514
35.033,codel,1514,1,391,28842,9,2,2420,0,0,0,0,,,,1514
35.045,codel,4542,3,391,28851,9,2,2420,0,0,0,0,,,,1514
35.056,codel,3028,2,391,28860,9,2,0,0,0,0,0,,,,1514
35.067,codel,7570,5,391,28870,9,2,2397,0,0,0,0,,,,1514
35.079,codel,9084,6,391,28879,9,2,3615,0,0,0,0,,,,1514
35.090,codel,6056,4,391,28888,9,2,4827,0,0,0,0,,,,1514
35.101,codel,7668,6,391,28898,9,2,4799,0,0,0,0,,,,1514
35.113,codel,12112,8,391,28908,9,2,4878,0,0,0,0,,,,1514
35.124,codel,12112,8,391,28917,9,2,8512,0,0,0,0,,,,1514
35.136,codel,13626,9,391,28927,9,2,10931,0,0,0,0,,,,1514
35.147,codel,15140,10,391,28936,9,2,9723,0,0,0,0,,,,1514
35.158,codel,15140,10,391,28946,9,2,10923,0,0,0,0,,,,1514
35.170,codel,16654,11,391,28955,9,2,12016,0,0,0,0,,,,1514
35.181,codel,19682,13,391,28964,9,2,10854,0,0,0,0,,,,1514
35.192,codel,18168,12,391,28974,9,2,14486,0,0,0,0,,,,1514
35.204,codel,16752,12,391,28984,9,2,13280,0,0,0,0,,,,1514
35.216,codel,19682,13,392,28995,7,7,10911,36757,1,0,0,,,,1514
35.228,codel,21196,14,392,29004,7,7,14520,25145,1,0,0,,,,1514
35.240,codel,21196,14,392,29014,7,7,14539,13775,1,0,0,,,,1514
35.251,codel,22710,15,392,29023,7,7,15774,2299,1,0,0,,,,1514
35.263,codel,21196,14,393,29033,8,7,15774,26192,1,0,0,,,,1514
35.274,codel,21196,14,393,29042,8,7,18094,14908,1,0,0,,,,1514
35.285,codel,19682,13,393,29051,8,7,15697,3544,1,0,0,,,,1514
35.296,codel,19682,13,394,29061,9,7,16592,25153,1,0,0,,,,1514
35.308,codel,22808,16,394,29070,9,7,15697,13504,1,0,0,,,,1514
35.320,codel,19682,13,394,29081,9,7,14541,1445,1,0,0,,,,1514
35.332,codel,19682,13,395,29091,10,7,12351,21104,1,0,0,,,,1514
35.344,codel,12112,8,395,29101,10,7,13351,9313,1,0,0,,,,1514
35.355,codel,6056,4,396,29110,11,7,5087,27778,1,0,0,,,,1514
35.367,codel,6056,4,396,29120,11,7,3581,0,0,0,0,,,,1514
35.379,codel,3028,2,396,29130,11,7,2366,0,0,0,0,,,,1514
35.390,codel,0,0,396,29136,11,7,0,0,0,0,0,,,,1514
35.402,codel,0,0,396,29145,11,7,1,0,0,0,0,,,,1514
35.413,codel,0,0,396,29150,11,7,0,0,0,0,0,,,,1514
35.426,codel,0,0,396,29160,11,7,1232,0,0,0,0,,,,1514
35.438,codel,1514,1,396,29169,11,7,0,0,0,0,0,,,,1514
35.450,codel,0,0,396,29173,11,7,0,0,0,0,0,,,,1514
35.462,codel,4542,3,396,29183,11,7,1119,0,0,0,0,,,,1514
35.474,codel,1514,1,396,29192,11,7,0,0,0,0,0,,,,1514
35.486,codel,0,0,396,29198,11,7,820,0,0,0,0,,,,1514
35.497,codel,3028,2,396,29205,11,7,975,0,0,0,0,,,,1514
35.509,codel,6056,4,396,29216,11,7,4692,0,0,0,0,,,,1514
35.521,codel,4542,3,396,29225,11,7,2442,0,0,0,0,,,,1514
35.533,codel,0,0,396,29233,11,7,1243,0,0,0,0,,,,1514
35.544,codel,0,0,396,29240,11,7,1,0,0,0,0,,,,1514
35.556,codel,3028,2,396,29251,11,7,1192,0,0,0,0,,,,1514
35.567,codel,7570,5,396,29261,11,7,4831,0,0,0,0,,,,1514
35.579,codel,3028,2,396,29270,11,7,3636,0,0,0,0,,,,1514
35.591,codel,4542,3,396,29280,11,7,2367,0,0,0,0,,,,1514
35.603,codel,4640,4,396,29290,11,7,4794,0,0,0,0,,,,1514
35.615,codel,9084,6,396,29301,11,7,6081,0,0,0,0,,,,1514
35.627,codel,9084,6,396,29310,11,7,7261,0,0,0,0,,,,1514
35.638,codel,10598,7,396,29320,11,7,6081,0,0,0,0,,,,1514
35.650,codel,13626,9,396,29329,11,7,9708,0,0,0,0,,,,1514
35.661,codel,15140,10,396,29338,11,7,8426,0,0,0,0,,,,1514
35.673,codel,15140,10,396,29348,11,7,10825,0,0,0,0,,,,1514
35.684,codel,18168,12,396,29357,11,7,12060,0,0,0,0,,,,1514
35.695,codel,19682,13,396,29367,11,7,12064,0,0,0,0,,,,1514
35.707,codel,18266,13,396,29376,11,7,13278,0,0,0,0,,,,1514
35.718,codel,24322,17,396,29385,11,7,14484,0,0,0,0,,,,1514
35.729,codel,24224,16,396,29396,11,7,15777,0,0,0,0,,,,1514
35.741,codel,19682,13,397,29406,4,4,16986,35961,1,0,0,,,,1514
35.753,codel,21196,14,397,29415,4,4,15776,24299,1,0,0,,,,1514
35.764,codel,24224,16,397,29425,4,4,15778,12770,1,0,0,,,,1514
35.776,codel,25738,17,397,29434,4,4,19408,1225,1,0,0,,,,1514
35.787,codel,27252,18,398,29444,5,4,19288,33721,1,0,0,,,,1514
35.799,codel,28766,19,398,29453,5,4,19331,22397,1,0,0,,,,1514
35.810,codel,30378,21,398,29462,5,4,19332,10878,1,0,0,,,,1514
35.822,codel,30378,21,399,29472,6,4,21753,39965,1,0,0,,,,1514
35.833,codel,22710,15,399,29482,6,4,20624,28651,1,0,0,,,,1514
35.844,codel,13626,9,399,29492,6,4,23051,17332,1,0,0,,,,1514
35.856,codel,16654,11,399,29501,6,4,10817,6000,1,0,0,,,,1514
35.867,codel,12112,8,400,29510,7,4,10934,32142,1,0,0,,,,1514
35.878,codel,9084,6,400,29520,7,4,5014,20771,1,0,0,,,,1514
35.890,codel,4542,3,400,29529,7,4,1167,0,0,0,0,,,,1514
35.901,codel,4542,3,400,29538,7,4,2350,0,0,0,0,,,,1514
35.912,codel,4542,3,400,29549,7,4,4874,0,0,0,0,,,,1514
35.924,codel,0,0,400,29557,7,4,1245,0,0,0,0,,,,1514
35.935,codel,1514,1,400,29566,7,4,0,0,0,0,0,,,,1514
35.947,codel,0,0,400,29571,7,4,0,0,0,0,0,,,,1514
35.958,codel,3028,2,400,29579,7,4,0,0,0,0,0,,,,1514
35.969,codel,3028,2,400,29588,7,4,0,0,0,0,0,,,,1514
35.980,codel,4542,3,400,29598,7,4,3659,0,0,0,0,,,,1514
35.992,codel,1514,1,400,29605,7,4,1188,0,0,0,0,,,,1514
36.003,codel,3028,2,400,29613,7,4,1196,0,0,0,0,,,,1514
36.014,codel,3028,2,400,29624,7,4,1257,0,0,0,0,,,,1514
36.026,codel,7570,5,400,29633,7,4,6119,0,0,0,0,,,,1514
36.037,codel,3028,2,400,29642,7,4,1448,0,0,0,0,,,,1514
36.048,codel,3028,2,400,29652,7,4,1164,0,0,0,0,,,,1514
36.060,codel,4542,3,400,29662,7,4,3565,0,0,0,0,,,,1514
36.071,codel,9084,6,400,29671,7,4,6011,0,0,0,0,,,,1514
36.083,codel,9084,6,400,29680,7,4,6002,0,0,0,0,,,,1514
36.094,codel,10598,7,400,29690,7,4,8429,0,0,0,0,,,,1514
36.106,codel,9182,7,400,29699,7,4,7150,0,0,0,0,,,,1514
36.117,codel,12112,8,400,29710,7,4,8509,0,0,0,0,,,,1514
36.129,codel,15140,10,400,29719,7,4,9719,0,0,0,0,,,,1514
36.140,codel,15140,10,400,29729,7,4,10903,0,0,0,0,,,,1514
36.152,codel,16654,11,400,29738,7,4,12140,0,0,0,0,,,,1514
36.163,codel,21196,14,400,29748,7,4,13351,0,0,0,0,,,,1514
36.175,codel,22710,15,400,29757,7,4,14490,0,0,0,0,,,,1514
36.186,codel,18168,12,401,29767,3,3,14483,44698,1,0,0,,,,1514
36.197,codel,22710,15,401,29776,3,3,14486,33398,1,0,0,,,,1514
36.209,codel,24322,17,401,29786,3,3,16909,21354,1,0,0,,,,1514
36.221,codel,24322,17,401,29796,3,3,16904,9450,1,0,0,,,,1514
36.233,codel,24224,16,402,29806,4,3,18195,47861,1,0,0,,,,1514
36.244,codel,22710,15,402,29815,4,3,19402,36575,1,0,0,,,,1514
36.255,codel,25738,17,402,29825,4,3,15773,25086,1,0,0,,,,1514
36.267,codel,24224,16,402,29834,4,3,15762,13728,1,0,0,,,,1514
36.278,codel,19682,13,402,29844,4,3,18198,2323,1,0,0,,,,1514
36.290,codel,19682,13,403,29853,5,3,16913,34753,1,0,0,,,,1514
36.301,codel,18168,12,403,29862,5,3,12059,23370,1,0,0,,,,1514
36.312,codel,18266,13,403,29872,5,3,12058,12100,1,0,0,,,,1514
36.324,codel,16654,11,403,29882,5,3,14567,746,1,0,0,,,,1514
36.335,codel,13626,9,404,29891,6,3,13352,29783,1,0,0,,,,1514
36.347,codel,10598,7,404,29901,6,3,8513,18332,1,0,0,,,,1514
36.358,codel,13626,9,404,29910,6,3,8512,7004,1,0,0,,,,1514
36.369,codel,13626,9,405,29920,7,3,8432,33142,1,0,0,,,,1514
36.381,codel,9084,6,405,29929,7,3,7436,21803,1,0,0,,,,1514
36.392,codel,10598,7,405,29938,7,3,6009,0,0,0,0,,,,1514
36.403,codel,6056,4,405,29948,7,3,3586,0,0,0,0,,,,1514
36.415,codel,1514,1,405,29958,7,3,1458,0,0,0,0,,,,1514
36.426,codel,0,0,405,29966,7,3,0,0,0,0,0,,,,1514
36.437,codel,3028,2,405,29977,7,3,1185,0,0,0,0,,,,1514
36.450,codel,0,0,405,29983,7,3,0,0,0,0,0,,,,1514
36.462,codel,3028,2,405,29992,7,3,216,0,0,0,0,,,,1514
36.473,codel,6056,4,405,30001,7,3,2459,0,0,0,0,,,,1514
36.484,codel,6056,4,405,30011,7,3,4851,0,0,0,0,,,,1514
36.496,codel,3028,2,405,30020,7,3,155,0,0,0,0,,,,1514
36.507,codel,3126,3,405,30030,7,3,2373,0,0,0,0,,,,1514
36.519,codel,6056,4,405,30040,7,3,2452,0,0,0,0,,,,1514
36.531,codel,4542,3,405,30050,7,3,4868,0,0,0,0,,,,1514
36.542,codel,6056,4,405,30059,7,3,4877,0,0,0,0,,,,1514
36.554,codel,7570,5,405,30069,7,3,6084,0,0,0,0,,,,1514
36.565,codel,10598,7,405,30078,7,3,6002,0,0,0,0,,,,1514
36.576,codel,12112,8,405,30087,7,3,7219,0,0,0,0,,,,1514
36.588,codel,12112,8,405,30097,7,3,8433,0,0,0,0,,,,1514
36.599,codel,15140,10,405,30106,7,3,9644,0,0,0,0,,,,1514
36.610,codel,15238,11,405,30116,7,3,9641,0,0,0,0,,,,1514
36.622,codel,16654,11,405,30126,7,3,12142,0,0,0,0,,,,1514
36.634,codel,15140,10,405,30136,7,3,12138,0,0,0,0,,,,1514
36.645,codel,19682,13,405,30145,7,3,12143,0,0,0,0,,,,1514
36.657,codel,16654,11,405,30155,7,3,14562,0,0,0,0,,,,1514
36.668,codel,21196,14,406,30164,4,4,12142,38753,1,0,0,,,,1514
36.680,codel,24224,16,406,30174,4,4,14482,27302,1,0,0,,,,1514
36.691,codel,24224,16,406,30183,4,4,15693,15900,1,0,0,,,,1514
36.702,codel,19682,13,406,30193,4,4,16905,4405,1,0,0,,,,1514
36.714,codel,16752,12,407,30202,5,4,15700,37814,1,0,0,,,,1514
36.725,codel,19682,13,407,30212,5,4,13352,26395,1,0,0,,,,1514
36.737,codel,24224,16,407,30222,5,4,13351,14916,1,0,0,,,,1514
36.748,codel,25738,17,407,30232,5,4,16985,3090,1,0,0,,,,1514
36.760,codel,18168,12,408,30241,6,4,18201,31960,1,0,0,,,,1514
36.771,codel,19682,13,408,30250,6,4,12358,20513,1,0,0,,,,1514
36.783,codel,22710,15,408,30260,6,4,15690,9139,1,0,0,,,,1514
36.794,codel,18168,12,409,30269,7,4,15696,35300,1,0,0,,,,1514
36.805,codel,13626,9,409,30279,7,4,15695,23930,1,0,0,,,,1514
36.817,codel,10696,8,409,30288,7,4,9859,12590,1,0,0,,,,1514
36.828,codel,9084,6,409,30298,7,4,7190,1180,1,0,0,,,,1514
36.840,codel,6056,4,410,30308,8,4,6090,0,0,0,0,,,,1514
36.851,codel,4542,3,410,30317,8,4,3663,0,0,0,0,,,,1514
36.862,codel,7570,5,410,30326,8,4,2378,0,0,0,0,,,,1514
36.874,codel,9084,6,410,30336,8,4,6008,0,0,0,0,,,,1514
36.885,codel,4542,3,410,30345,8,4,1370,0,0,0,0,,,,1514
36.897,codel,1514,1,410,30355,8,4,0,0,0,0,0,,,,1514
36.908,codel,0,0,410,30363,8,4,0,0,0,0,0,,,,1514
36.919,codel,0,0,410,30369,8,4,0,0,0,0,0,,,,1514
36.931,codel,3028,2,410,30379,8,4,0,0,0,0,0,,,,1514
36.942,codel,3028,2,410,30388,8,4,2360,0,0,0,0,,,,1514
36.953,codel,4542,3,410,30398,8,4,2562,0,0,0,0,,,,1514
36.965,codel,1514,1,410,30405,8,4,998,0,0,0,0,,,,1514
36.976,codel,4542,3,410,30414,8,4,1001,0,0,0,0,,,,1514
36.987,codel,7570,5,410,30424,8,4,5839,0,0,0,0,,,,1514
36.999,codel,7570,5,410,30433,8,4,5843,0,0,0,0,,,,1514
37.010,codel,4640,4,410,30443,8,4,2377,0,0,0,0,,,,1514
37.022,codel,6056,4,410,30453,8,4,4866,0,0,0,0,,,,1514
37.033,codel,9084,6,410,30462,8,4,4877,0,0,0,0,,,,1514
37.044,codel,9084,6,410,30472,8,4,3642,0,0,0,0,,,,1514
37.056,codel,9084,6,410,30481,8,4,7302,0,0,0,0,,,,1514
37.067,codel,13626,9,410,30491,8,4,8433,0,0,0,0,,,,1514
37.079,codel,16654,11,410,30500,8,4,9644,0,0,0,0,,,,1514
37.090,codel,15140,10,410,30509,8,4,13278,0,0,0,0,,,,1514
37.101,codel,15140,10,410,30519,8,4,10855,0,0,0,0,,,,1514
37.113,codel,19780,14,410,30530,8,4,12064,0,0,0,0,,,,1514
37.126,codel,22710,15,410,30540,8,4,12095,0,0,0,0,,,,1514
37.138,codel,22710,15,410,30550,8,4,14564,0,0,0,0,,,,1514
37.149,codel,21196,14,410,30559,8,4,16975,0,0,0,0,,,,1514
37.161,codel,21196,14,411,30569,4,4,16965,36715,1,0,0,,,,1514
37.172,codel,24224,16,411,30578,4,4,15776,25361,1,0,0,,,,1514
37.183,codel,25738,17,411,30587,4,4,18095,13828,1,0,0,,,,1514
37.195,codel,28766,19,411,30597,4,4,19334,2482,1,0,0,,,,1514
37.206,codel,27252,18,412,30607,5,4,19334,34809,1,0,0,,,,1514
37.219,codel,25836,18,412,30617,5,4,19265,23197,1,0,0,,,,1514
37.230,codel,25836,18,412,30626,5,4,20542,11628,1,0,0,,,,1514
37.242,codel,15140,10,412,30637,5,4,18159,176,1,0,0,,,,1514
37.253,codel,16654,11,413,30646,6,4,9928,29082,1,0,0,,,,1514
37.264,codel,22710,15,413,30655,6,4,10886,17642,1,0,0,,,,1514
37.276,codel,22710,15,413,30665,6,4,14540,6345,1,0,0,,,,1514
37.287,codel,22710,15,414,30674,7,4,15776,32422,1,0,0,,,,1514
37.299,codel,21196,14,414,30684,7,4,16909,20827,1,0,0,,,,1514
37.310,codel,21196,14,414,30693,7,4,15699,9282,1,0,0,,,,1514
37.322,codel,16752,12,415,30703,8,4,15698,32998,1,0,0,,,,1514
37.333,codel,15140,10,415,30713,8,4,10931,21255,1,0,0,,,,1514
37.345,codel,12112,8,415,30723,8,4,9716,9699,1,0,0,,,,1514
37.356,codel,12112,8,416,30732,9,4,8504,31382,1,0,0,,,,1514
37.368,codel,12112,8,416,30742,9,4,7290,19734,1,0,0,,,,1514
37.380,codel,13626,9,416,30752,9,4,8424,8125,1,0,0,,,,1514
37.391,codel,10598,7,417,30761,10,4,8428,28092,1,0,0,,,,1514
37.403,codel,6056,4,417,30771,10,4,6008,16386,1,0,0,,,,1514
37.415,codel,0,0,417,30780,10,4,0,0,0,0,0,,,,1514
37.426,codel,1514,1,417,30789,10,4,1187,0,0,0,0,,,,1514
37.438,codel,0,0,417,30796,10,4,0,0,0,0,0,,,,1514
37.450,codel,6056,4,417,30806,10,4,2186,0,0,0,0,,,,1514
37.462,codel,0,0,417,30814,10,4,0,0,0,0,0,,,,1514
37.473,codel,1514,1,417,30820,10,4,0,0,0,0,0,,,,1514
37.485,codel,1514,1,417,30826,10,4,1211,0,0,0,0,,,,1514
37.496,codel,6056,4,417,30836,10,4,4846,0,0,0,0,,,,1514
37.508,codel,1514,1,417,30845,10,4,1156,0,0,0,0,,,,1514
37.519,codel,0,0,417,30851,10,4,1310,0,0,0,0,,,,1514
37.531,codel,0,0,417,30860,10,4,1213,0,0,0,0,,,,1514
37.542,codel,3028,2,417,30871,10,4,2426,0,0,0,0,,,,1514
37.554,codel,1514,1,417,30881,10,4,1160,0,0,0,0,,,,1514
37.566,codel,1514,1,417,30889,10,4,0,0,0,0,0,,,,1514
37.577,codel,1514,1,417,30899,10,4,2407,0,0,0,0,,,,1514
37.589,codel,4542,3,417,30909,10,4,2406,0,0,0,0,,,,1514
37.601,codel,6056,4,417,30918,10,4,2396,0,0,0,0,,,,1514
37.613,codel,6154,5,417,30928,10,4,1159,0,0,0,0,,,,1514
37.625,codel,12112,8,417,30938,10,4,6077,0,0,0,0,,,,1514
37.636,codel,10598,7,417,30948,10,4,6082,0,0,0,0,,,,1514
37.647,codel,12112,8,417,30957,10,4,7299,0,0,0,0,,,,1514
37.659,codel,12112,8,417,30967,10,4,7290,0,0,0,0,,,,1514
37.670,codel,13626,9,417,30976,10,4,9638,0,0,0,0,,,,1514
37.682,codel,15140,10,417,30986,10,4,10850,0,0,0,0,,,,1514
37.693,codel,16654,11,417,30995,10,4,12062,0,0,0,0,,,,1514
37.704,codel,18168,12,417,31004,10,4,10856,0,0,0,0,,,,1514
37.716,codel,21294,15,417,31014,10,4,12064,0,0,0,0,,,,1514
37.727,codel,24322,17,417,31023,10,4,15690,0,0,0,0,,,,1514
37.738,codel,24224,16,417,31034,10,4,16988,0,0,0,0,,,,1514
37.750,codel,21196,14,418,31043,6,6,15775,27546,1,0,0,,,,1514
37.761,codel,25738,17,418,31053,6,6,16989,15865,1,0,0,,,,1514
37.773,codel,24224,16,418,31063,6,6,18199,3604,1,0,0,,,,1514
37.785,codel,24224,16,419,31072,7,6,18187,29800,1,0,0,,,,1514
37.797,codel,21196,14,419,31082,7,6,19329,18429,1,0,0,,,,1514
37.808,codel,19682,13,419,31091,7,6,15686,6942,1,0,0,,,,1514
37.820,codel,18266,13,420,31101,8,6,14483,30709,1,0,0,,,,1514
37.831,codel,15140,10,420,31111,8,6,13352,19307,1,0,0,,,,1514
37.843,codel,10598,7,420,31120,8,6,12146,7878,1,0,0,,,,1514
37.854,codel,10598,7,421,31130,9,6,5074,0,0,0,0,,,,1514
37.866,codel,6056,4,421,31140,9,6,7300,0,0,0,0,,,,1514
37.878,codel,3028,2,421,31150,9,6,1350,0,0,0,0,,,,1514
37.889,codel,4542,3,421,31159,9,6,3556,0,0,0,0,,,,1514
37.901,codel,1514,1,421,31169,9,6,165,0,0,0,0,,,,1514
37.912,codel,3028,2,421,31177,9,6,0,0,0,0,0,,,,1514
37.924,codel,3028,2,421,31187,9,6,56,0,0,0,0,,,,1514
37.935,codel,1514,1,421,31197,9,6,2479,0,0,0,0,,,,1514
37.946,codel,0,0,421,31202,9,6,0,0,0,0,0,,,,1514
37.958,codel,4542,3,421,31212,9,6,2207,0,0,0,0,,,,1514
37.969,codel,1514,1,421,31222,9,6,919,0,0,0,0,,,,1514
37.980,codel,4542,3,421,31231,9,6,918,0,0,0,0,,,,1514
37.992,codel,1514,1,421,31240,9,6,1189,0,0,0,0,,,,1514
38.003,codel,6056,4,421,31249,9,6,3607,0,0,0,0,,,,1514
38.015,codel,4640,4,421,31258,9,6,3603,0,0,0,0,,,,1514
38.026,codel,7570,5,421,31269,9,6,4901,0,0,0,0,,,,1514
38.037,codel,6056,4,421,31278,9,6,2434,0,0,0,0,,,,1514
38.049,codel,7570,5,421,31288,9,6,4876,0,0,0,0,,,,1514
38.060,codel,7570,5,421,31297,9,6,4846,0,0,0,0,,,,1514
38.072,codel,12112,8,421,31307,9,6,6007,0,0,0,0,,,,1514
38.083,codel,12112,8,421,31316,9,6,8432,0,0,0,0,,,,1514
38.095,codel,15140,10,421,31326,9,6,8431,0,0,0,0,,,,1514
38.106,codel,13626,9,421,31335,9,6,10848,0,0,0,0,,,,1514
38.118,codel,18266,13,421,31345,9,6,9640,0,0,0,0,,,,1514
38.129,codel,18168,12,421,31355,9,6,13355,0,0,0,0,,,,1514
38.141,codel,22710,15,421,31364,9,6,13351,0,0,0,0,,,,1514
38.152,codel,22710,15,421,31374,9,6,14564,0,0,0,0,,,,1514
38.163,codel,21196,14,421,31383,9,6,15773,0,0,0,0,,,,1514
38.175,codel,21196,14,422,31393,3,3,15778,41533,1,0,0,,,,1514
38.186,codel,21196,14,422,31402,3,3,14486,30064,1,0,0,,,,1514
38.198,codel,21196,14,422,31412,3,3,14486,18721,1,0,0,,,,1514
38.209,codel,27252,18,422,31422,3,3,16911,6238,1,0,0,,,,1514
38.222,codel,21294,15,423,31432,4,3,19333,43466,1,0,0,,,,1514
38.234,codel,22808,16,423,31441,4,3,19328,31873,1,0,0,,,,1514
38.245,codel,24224,16,423,31452,4,3,18197,20233,1,0,0,,,,1514
38.257,codel,22710,15,423,31461,4,3,16985,8613,1,0,0,,,,1514
38.268,codel,16654,11,424,31471,5,3,14538,41265,1,0,0,,,,1514
38.280,codel,13626,9,424,31480,5,3,14571,29836,1,0,0,,,,1514
38.291,codel,18168,12,424,31490,5,3,9641,18483,1,0,0,,,,1514
38.303,codel,18168,12,424,31499,5,3,13277,7100,1,0,0,,,,1514
38.314,codel,12112,8,425,31508,6,3,12066,36142,1,0,0,,,,1514
38.325,codel,9084,6,425,31519,6,3,6091,24668,1,0,0,,,,1514
38.337,codel,10598,7,425,31528,6,3,7303,13356,1,0,0,,,,1514
38.348,codel,12112,8,425,31538,6,3,8510,2020,1,0,0,,,,1514
38.359,codel,6056,4,426,31547,7,3,7302,28167,1,0,0,,,,1514
38.371,codel,6056,4,426,31556,7,3,2375,0,0,0,0,,,,1514
38.382,codel,7570,5,426,31566,7,3,4795,0,0,0,0,,,,1514
38.394,codel,4542,3,426,31576,7,3,2377,0,0,0,0,,,,1514
38.406,codel,3028,2,426,31585,7,3,0,0,0,0,0,,,,1514
38.417,codel,7668,6,426,31595,7,3,4788,0,0,0,0,,,,1514
38.429,codel,6056,4,426,31605,7,3,6086,0,0,0,0,,,,1514
38.440,codel,0,0,426,31613,7,3,0,0,0,0,0,,,,1514
38.451,codel,1514,1,426,31623,7,3,1183,0,0,0,0,,,,1514
38.463,codel,4542,3,426,31632,7,3,1192,0,0,0,0,,,,1514
38.474,codel,6056,4,426,31642,7,3,3534,0,0,0,0,,,,1514
38.486,codel,7570,5,426,31651,7,3,2378,0,0,0,0,,,,1514
38.497,codel,7570,5,426,31661,7,3,2372,0,0,0,0,,,,1514
38.508,codel,6056,4,426,31670,7,3,2370,0,0,0,0,,,,1514
38.520,codel,9182,7,426,31679,7,3,4791,0,0,0,0,,,,1514
38.531,codel,6056,4,426,31690,7,3,3667,0,0,0,0,,,,1514
38.542,codel,10598,7,426,31699,7,3,6090,0,0,0,0,,,,1514
38.554,codel,10598,7,426,31708,7,3,7300,0,0,0,0,,,,1514
38.565,codel,15140,10,426,31718,7,3,6088,0,0,0,0,,,,1514
38.576,codel,16654,11,426,31727,7,3,10854,0,0,0,0,,,,1514
38.588,codel,18168,12,426,31736,7,3,10853,0,0,0,0,,,,1514
38.599,codel,19682,13,426,31746,7,3,13277,0,0,0,0,,,,1514
38.611,codel,19682,13,426,31755,7,3,13277,0,0,0,0,,,,1514
38.622,codel,19780,14,426,31765,7,3,14466,0,0,0,0,,,,1514
38.634,codel,19682,13,426,31775,7,3,15776,0,0,0,0,,,,1514
38.645,codel,22710,15,426,31784,7,3,14563,0,0,0,0,,,,1514
38.656,codel,21196,14,427,31794,4,4,15777,38049,1,0,0,,,,1514
38.668,codel,22710,15,427,31803,4,4,15763,26671,1,0,0,,,,1514
38.679,codel,22710,15,427,31813,4,4,16967,15291,1,0,0,,,,1514
38.690,codel,24224,16,427,31822,4,4,15694,3836,1,0,0,,,,1514
38.702,codel,22710,15,428,31832,5,4,16909,37027,1,0,0,,,,1514
38.713,codel,27252,18,428,31841,5,4,15696,25498,1,0,0,,,,1514
38.725,codel,24322,17,428,31851,5,4,20542,14084,1,0,0,,,,1514
38.736,codel,30378,21,428,31860,5,4,20521,2106,1,0,0,,,,1514
38.748,codel,19682,13,429,31871,6,4,19412,30778,1,0,0,,,,1514
38.760,codel,19682,13,429,31880,6,4,19624,19301,1,0,0,,,,1514
38.771,codel,21196,14,429,31890,6,4,15768,8038,1,0,0,,,,1514
38.783,codel,21196,14,430,31899,7,4,14564,34211,1,0,0,,,,1514
38.794,codel,15140,10,430,31908,7,4,15773,22886,1,0,0,,,,1514
38.805,codel,10598,7,430,31918,7,4,8635,11495,1,0,0,,,,1514
38.817,codel,10598,7,430,31927,7,4,8437,126,1,0,0,,,,1514
38.828,codel,9084,6,431,31937,8,4,7300,23943,1,0,0,,,,1514
38.839,codel,0,0,431,31945,8,4,0,0,0,0,0,,,,1514
38.851,codel,3028,2,431,31955,8,4,0,0,0,0,0,,,,1514
38.862,codel,0,0,431,31963,8,4,0,0,0,0,0,,,,1514
38.873,codel,0,0,431,31968,8,4,0,0,0,0,0,,,,1514
38.885,codel,1514,1,431,31978,8,4,978,0,0,0,0,,,,1514
38.896,codel,3028,2,431,31987,8,4,997,0,0,0,0,,,,1514
38.907,codel,0,0,431,31993,8,4,0,0,0,0,0,,,,1514
38.919,codel,3126,3,431,32001,8,4,1313,0,0,0,0,,,,1514
38.930,codel,4542,3,431,32011,8,4,2834,0,0,0,0,,,,1514
38.942,codel,9084,6,431,32020,8,4,6474,0,0,0,0,,,,1514
38.953,codel,3028,2,431,32030,8,4,1197,0,0,0,0,,,,1514
38.964,codel,4542,3,431,32039,8,4,2367,0,0,0,0,,,,1514
38.976,codel,6056,4,431,32048,8,4,3585,0,0,0,0,,,,1514
38.987,codel,7570,5,431,32058,8,4,4796,0,0,0,0,,,,1514
38.999,codel,6056,4,431,32067,8,4,3570,0,0,0,0,,,,1514
39.010,codel,6056,4,431,32077,8,4,5986,0,0,0,0,,,,1514
39.021,codel,12210,9,431,32086,8,4,7129,0,0,0,0,,,,1514
39.033,codel,13626,9,431,32096,8,4,9721,0,0,0,0,,,,1514
39.044,codel,13626,9,431,32106,8,4,10931,0,0,0,0,,,,1514
39.055,codel,12112,8,431,32115,8,4,9725,0,0,0,0,,,,1514
39.067,codel,12112,8,431,32124,8,4,8485,0,0,0,0,,,,1514
39.078,codel,18168,12,431,32134,8,4,9645,0,0,0,0,,,,1514
39.089,codel,19682,13,431,32143,8,4,10854,0,0,0,0,,,,1514
39.101,codel,19682,13,431,32152,8,4,13275,0,0,0,0,,,,1514
39.112,codel,21196,14,431,32162,8,4,14484,0,0,0,0,,,,1514
39.123,codel,19780,14,432,32171,4,4,13252,39522,1,0,0,,,,1514
39.135,codel,22710,15,432,32181,4,4,13349,28221,1,0,0,,,,1514
39.146,codel,22710,15,432,32191,4,4,14564,16667,1,0,0,,,,1514
39.158,codel,21196,14,432,32200,4,4,14563,5287,1,0,0,,,,1514
39.169,codel,16654,11,433,32210,5,4,16986,38504,1,0,0,,,,1514
39.181,codel,18168,12,433,32219,5,4,13568,27063,1,0,0,,,,1514
39.192,codel,21196,14,433,32229,5,4,13276,15568,1,0,0,,,,1514
39.204,codel,22710,15,433,32239,5,4,14490,3654,1,0,0,,,,1514
39.216,codel,18168,12,434,32249,6,4,16915,31667,1,0,0,,,,1514
39.228,codel,18266,13,434,32258,6,4,14487,20274,1,0,0,,,,1514
39.239,codel,19682,13,434,32269,6,4,12137,8656,1,0,0,,,,1514
39.251,codel,19682,13,435,32278,7,4,13344,34696,1,0,0,,,,1514
39.262,codel,15140,10,435,32288,7,4,13349,23332,1,0,0,,,,1514
39.274,codel,19682,13,435,32297,7,4,13348,11963,1,0,0,,,,1514
39.285,codel,16654,11,435,32307,7,4,14561,208,1,0,0,,,,1514
39.297,codel,15140,10,436,32316,8,4,12062,23547,1,0,0,,,,1514
39.309,codel,9084,6,436,32326,8,4,8644,11665,1,0,0,,,,1514
39.320,codel,15238,11,436,32336,8,4,5999,280,1,0,0,,,,1514
39.332,codel,12112,8,437,32346,9,4,8504,22144,1,0,0,,,,1514
39.343,codel,6056,4,437,32355,9,4,6286,10643,1,0,0,,,,1514
39.355,codel,4542,3,437,32365,9,4,25,0,0,0,0,,,,1514
39.366,codel,0,0,437,32372,9,4,1,0,0,0,0,,,,1514
39.377,codel,0,0,437,32379,9,4,0,0,0,0,0,,,,1514
39.389,codel,4542,3,437,32389,9,4,1196,0,0,0,0,,,,1514
39.401,codel,0,0,437,32397,9,4,0,0,0,0,0,,,,1514
39.413,codel,0,0,437,32400,9,4,0,0,0,0,0,,,,1514
39.425,codel,4542,3,437,32409,9,4,1053,0,0,0,0,,,,1514
39.436,codel,6056,4,437,32419,9,4,3485,0,0,0,0,,,,1514
39.448,codel,0,0,437,32426,9,4,3690,0,0,0,0,,,,1514
39.460,codel,0,0,437,32432,9,4,0,0,0,0,0,,,,1514
39.472,codel,3028,2,437,32443,9,4,2394,0,0,0,0,,,,1514
39.484,codel,6056,4,437,32453,9,4,3607,0,0,0,0,,,,1514
39.496,codel,3028,2,437,32463,9,4,1189,0,0,0,0,,,,1514
39.508,codel,0,0,437,32469,9,4,0,0,0,0,0,,,,1514
39.519,codel,1514,1,437,32479,9,4,1192,0,0,0,0,,,,1514
39.530,codel,4542,3,437,32490,9,4,2479,0,0,0,0,,,,1514
39.542,codel,7570,5,437,32499,9,4,2477,0,0,0,0,,,,1514
39.553,codel,7570,5,437,32509,9,4,3660,0,0,0,0,,,,1514
39.565,codel,7570,5,437,32519,9,4,4873,0,0,0,0,,,,1514
39.577,codel,9084,6,437,32529,9,4,6007,0,0,0,0,,,,1514
39.589,codel,12112,8,437,32538,9,4,5989,0,0,0,0,,,,1514
39.601,codel,12112,8,437,32548,9,4,7217,0,0,0,0,,,,1514
39.612,codel,15140,10,437,32559,9,4,9631,0,0,0,0,,,,1514
39.625,codel,13724,10,437,32568,9,4,10853,0,0,0,0,,,,1514
39.637,codel,19682,13,437,32579,9,4,10923,0,0,0,0,,,,1514
39.649,codel,19682,13,437,32589,9,4,12126,0,0,0,0,,,,1514
39.660,codel,21196,14,437,32598,9,4,14520,0,0,0,0,,,,1514
39.672,codel,22710,15,437,32607,9,4,15767,0,0,0,0,,,,1514
39.683,codel,21196,14,437,32617,9,4,16985,0,0,0,0,,,,1514
39.695,codel,18168,12,438,32627,5,5,14485,33846,1,0,0,,,,1514
39.707,codel,19682,13,438,32637,5,5,13265,22417,1,0,0,,,,1514
39.718,codel,21196,14,438,32646,5,5,14474,11042,1,0,0,,,,1514
39.730,codel,27350,19,438,32655,5,5,16896,-385,1,0,0,,,,1514
39.741,codel,19682,13,439,32666,6,5,15023,28847,1,0,0,,,,1514
39.753,codel,21196,14,439,32675,6,5,19415,17466,1,0,0,,,,1514
39.764,codel,18168,12,439,32685,6,5,14560,5932,1,0,0,,,,1514
39.776,codel,18168,12,440,32694,7,5,12141,32096,1,0,0,,,,1514
39.787,codel,12112,8,440,32703,7,5,14564,20759,1,0,0,,,,1514
39.798,codel,6056,4,440,32713,7,5,4798,0,0,0,0,,,,1514
39.809,codel,9084,6,440,32722,7,5,4792,0,0,0,0,,,,1514
39.821,codel,4542,3,440,32732,7,5,6013,0,0,0,0,,,,1514
39.832,codel,0,0,440,32741,7,5,0,0,0,0,0,,,,1514
39.845,codel,3028,2,440,32751,7,5,9,0,0,0,0,,,,1514
39.856,codel,3028,2,440,32761,7,5,1220,0,0,0,0,,,,1514
39.868,codel,1514,1,440,32769,7,5,0,0,0,0,0,,,,1514
39.879,codel,1514,1,440,32779,7,5,1214,0,0,0,0,,,,1514
39.891,codel,6056,4,440,32788,7,5,3620,0,0,0,0,,,,1514
39.902,codel,7570,5,440,32798,7,5,4841,0,0,0,0,,,,1514
39.913,codel,9084,6,440,32807,7,5,4798,0,0,0,0,,,,1514
39.925,codel,7668,6,440,32816,7,5,4800,0,0,0,0,,,,1514
39.936,codel,9084,6,440,32827,7,5,6085,0,0,0,0,,,,1514
39.948,codel,10598,7,440,32836,7,5,4874,0,0,0,0,,,,1514
39.959,codel,10598,7,440,32845,7,5,8508,0,0,0,0,,,,1514
39.970,codel,13626,9,440,32855,7,5,8511,0,0,0,0,,,,1514
39.982,codel,13626,9,440,32864,7,5,8433,0,0,0,0,,,,1514
39.993,codel,16654,11,440,32874,7,5,10854,0,0,0,0,,,,1514
40.004,codel,15140,10,440,32883,7,5,10850,0,0,0,0,,,,1514
40.016,codel,18168,12,440,32892,7,5,12062,0,0,0,0,,,,1514
40.027,codel,19682,13,440,32902,7,5,12053,0,0,0,0,,,,1514
40.038,codel,19682,13,440,32911,7,5,12064,0,0,0,0,,,,1514
40.050,codel,22710,15,441,32920,2,2,12064,49973,1,0,0,,,,1514
40.061,codel,24224,16,441,32930,2,2,14487,38683,1,0,0,,,,1514
40.072,codel,25738,17,441,32939,2,2,18121,27375,1,0,0,,,,1514
40.084,codel,27252,18,441,32948,2,2,18119,15961,1,0,0,,,,1514
40.095,codel,24224,16,441,32958,2,2,18121,4638,1,0,0,,,,1514
40.106,codel,18168,12,442,32967,3,2,18121,49872,1,0,0,,,,1514
40.118,codel,19682,13,442,32976,3,2,15699,38465,1,0,0,,,,1514
40.129,codel,18168,12,442,32986,3,2,14488,26999,1,0,0,,,,1514
40.140,codel,22710,15,442,32995,3,2,15689,15666,1,0,0,,,,1514
40.152,codel,15140,10,442,33005,3,2,16910,4326,1,0,0,,,,1514
40.163,codel,16654,11,443,33014,4,2,9860,41672,1,0,0,,,,1514
40.174,codel,16654,11,443,33023,4,2,10854,30292,1,0,0,,,,1514
40.186,codel,16654,11,443,33033,4,2,13276,18982,1,0,0,,,,1514
40.197,codel,12112,8,443,33042,4,2,13279,7669,1,0,0,,,,1514
40.208,codel,10598,7,444,33052,5,2,6014,0,0,0,0,,,,1514
40.221,codel,10598,7,444,33062,5,2,7194,0,0,0,0,,,,1514
40.233,codel,12112,8,444,33072,5,2,7216,0,0,0,0,,,,1514
40.244,codel,13626,9,444,33081,5,2,9640,0,0,0,0,,,,1514
40.255,codel,15140,10,444,33090,5,2,9640,0,0,0,0,,,,1514
40.267,codel,15140,10,444,33100,5,2,10877,0,0,0,0,,,,1514
40.278,codel,16654,11,444,33109,5,2,10854,0,0,0,0,,,,1514
40.290,codel,16654,11,444,33119,5,2,12063,0,0,0,0,,,,1514
40.302,codel,13626,9,444,33129,5,2,12064,0,0,0,0,,,,1514
40.313,codel,16654,11,445,33138,3,3,9640,51637,1,0,0,,,,1514
40.325,codel,16654,11,445,33147,3,3,10853,40280,1,0,0,,,,1514
40.336,codel,16654,11,445,33157,3,3,12061,29071,1,0,0,,,,1514
40.347,codel,16654,11,445,33166,3,3,13270,17422,1,0,0,,,,1514
40.359,codel,18168,12,445,33176,3,3,12062,5894,1,0,0,,,,1514
40.370,codel,13626,9,446,33185,4,3,14493,44158,1,0,0,,,,1514
40.382,codel,10598,7,446,33195,4,3,9638,32724,1,0,0,,,,1514
40.393,codel,15140,10,446,33205,4,3,10848,20328,1,0,0,,,,1514
40.406,codel,15140,10,446,33214,4,3,10847,8654,1,0,0,,,,1514
40.417,codel,10598,7,447,33224,5,3,10846,40832,1,0,0,,,,1514
40.429,codel,10598,7,447,33233,5,3,6007,29408,1,0,0,,,,1514
40.440,codel,13626,9,447,33243,5,3,7201,17973,1,0,0,,,,1514
40.452,codel,12112,8,447,33252,5,3,8432,6818,1,0,0,,,,1514
40.463,codel,13626,9,448,33261,6,3,7219,36055,1,0,0,,,,1514
40.474,codel,15140,10,448,33271,6,3,10861,24502,1,0,0,,,,1514
40.486,codel,16654,11,448,33280,6,3,10856,13012,1,0,0,,,,1514
40.497,codel,16654,11,448,33290,6,3,12067,1879,1,0,0,,,,1514
40.508,codel,15140,10,449,33299,7,3,12064,27956,1,0,0,,,,1514
40.520,codel,15140,10,449,33308,7,3,10860,16551,1,0,0,,,,1514
40.531,codel,16654,11,449,33318,7,3,10848,5172,1,0,0,,,,1514
40.543,codel,13626,9,450,33327,8,3,10854,28985,1,0,0,,,,1514
40.554,codel,4542,3,450,33337,8,3,7437,17632,1,0,0,,,,1514
40.565,codel,9084,6,450,33346,8,3,4789,0,0,0,0,,,,1514
40.577,codel,7570,5,450,33355,8,3,6009,0,0,0,0,,,,1514
40.588,codel,1514,1,450,33365,8,3,1381,0,0,0,0,,,,1514
40.599,codel,0,0,450,33372,8,3,0,0,0,0,0,,,,1514
40.610,codel,3028,2,450,33382,8,3,2409,0,0,0,0,,,,1514
40.622,codel,1514,1,450,33392,8,3,195,0,0,0,0,,,,1514
40.633,codel,0,0,450,33399,8,3,0,0,0,0,0,,,,1514
40.645,codel,1514,1,450,33408,8,3,0,0,0,0,0,,,,1514
40.656,codel,0,0,450,33416,8,3,0,0,0,0,0,,,,1514
40.668,codel,6056,4,450,33425,8,3,1396,0,0,0,0,,,,1514
40.679,codel,6056,4,450,33435,8,3,3559,0,0,0,0,,,,1514
40.690,codel,6056,4,450,33444,8,3,3570,0,0,0,0,,,,1514
40.702,codel,6056,4,450,33454,8,3,2375,0,0,0,0,,,,1514
40.714,codel,7570,5,450,33463,8,3,2377,0,0,0,0,,,,1514
40.725,codel,7570,5,450,33473,8,3,6003,0,0,0,0,,,,1514
40.736,codel,10598,7,450,33482,8,3,5995,0,0,0,0,,,,1514
40.748,codel,13626,9,450,33492,8,3,8429,0,0,0,0,,,,1514
40.759,codel,15140,10,450,33501,8,3,8423,0,0,0,0,,,,1514
40.771,codel,13626,9,450,33511,8,3,9643,0,0,0,0,,,,1514
40.782,codel,15140,10,450,33520,8,3,10850,0,0,0,0,,,,1514
40.793,codel,16654,11,450,33529,8,3,12067,0,0,0,0,,,,1514
40.805,codel,18168,12,450,33539,8,3,13275,0,0,0,0,,,,1514
40.817,codel,15140,10,450,33549,8,3,13278,0,0,0,0,,,,1514
40.828,codel,18168,12,450,33558,8,3,14484,0,0,0,0,,,,1514
40.839,codel,18168,12,451,33567,5,5,12067,38762,1,0,0,,,,1514
40.850,codel,16654,11,451,33576,5,5,13266,27344,1,0,0,,,,1514
40.862,codel,19682,13,451,33586,5,5,13277,15995,1,0,0,,,,1514
40.873,codel,21196,14,451,33595,5,5,13274,4418,1,0,0,,,,1514
40.885,codel,18168,12,452,33605,6,5,14489,33841,1,0,0,,,,1514
40.896,codel,24224,16,452,33614,6,5,16905,22481,1,0,0,,,,1514
40.908,codel,25738,17,452,33624,6,5,14489,11075,1,0,0,,,,1514
40.919,codel,24224,16,452,33633,6,5,18118,-272,1,0,0,,,,1514
40.930,codel,19682,13,453,33642,7,5,16912,25811,1,0,0,,,,1514
40.942,codel,13626,9,453,33652,7,5,15913,14444,1,0,0,,,,1514
40.953,codel,15140,10,453,33661,7,5,8426,3156,1,0,0,,,,1514
40.964,codel,13626,9,454,33670,8,5,8432,26986,1,0,0,,,,1514
40.976,codel,4542,3,454,33680,8,5,5014,15699,1,0,0,,,,1514
40.987,codel,0,0,454,33688,8,5,0,0,0,0,0,,,,1514
40.998,codel,3028,2,454,33699,8,5,1192,0,0,0,0,,,,1514
41.010,codel,0,0,454,33705,8,5,0,0,0,0,0,,,,1514
41.021,codel,0,0,454,33712,8,5,0,0,0,0,0,,,,1514
41.032,codel,1514,1,454,33721,8,5,0,0,0,0,0,,,,1514
41.043,codel,1514,1,454,33726,8,5,0,0,0,0,0,,,,1514
41.055,codel,3028,2,454,33732,8,5,0,0,0,0,0,,,,1514
41.066,codel,0,0,454,33740,8,5,1,0,0,0,0,,,,1514
41.078,codel,0,0,454,33741,8,5,0,0,0,0,0,,,,1514
41.089,codel,1514,1,454,33749,8,5,1198,0,0,0,0,,,,1514
41.100,codel,1514,1,454,33757,8,5,1199,0,0,0,0,,,,1514
41.112,codel,0,0,454,33762,8,5,1032,0,0,0,0,,,,1514
41.123,codel,0,0,454,33765,8,5,0,0,0,0,0,,,,1514
41.134,codel,0,0,454,33774,8,5,1228,0,0,0,0,,,,1514
41.146,codel,1514,1,454,33783,8,5,1166,0,0,0,0,,,,1514
41.157,codel,0,0,454,33786,8,5,1173,0,0,0,0,,,,1514
41.168,codel,3028,2,454,33795,8,5,0,0,0,0,0,,,,1514
41.179,codel,0,0,454,33803,8,5,9,0,0,0,0,,,,1514
41.191,codel,1514,1,454,33813,8,5,1220,0,0,0,0,,,,1514
41.202,codel,3028,2,454,33817,8,5,0,0,0,0,0,,,,1514
41.214,codel,3028,2,454,33827,8,5,1,0,0,0,0,,,,1514
41.227,codel,4542,3,454,33836,8,5,2398,0,0,0,0,,,,1514
41.238,codel,0,0,454,33842,8,5,2402,0,0,0,0,,,,1514
41.249,codel,3028,2,454,33852,8,5,0,0,0,0,0,,,,1514
41.261,codel,4542,3,454,33861,8,5,2085,0,0,0,0,,,,1514
41.272,codel,3028,2,454,33871,8,5,3295,0,0,0,0,,,,1514
41.283,codel,1514,1,454,33880,8,5,1,0,0,0,0,,,,1514
41.295,codel,3028,2,454,33890,8,5,1191,0,0,0,0,,,,1514
41.306,codel,4542,3,454,33899,8,5,2407,0,0,0,0,,,,1514
41.318,codel,4542,3,454,33909,8,5,3618,0,0,0,0,,,,1514
41.329,codel,7570,5,454,33918,8,5,2365,0,0,0,0,,,,1514
41.341,codel,7570,5,454,33928,8,5,4789,0,0,0,0,,,,1514
41.353,codel,9084,6,454,33937,8,5,4789,0,0,0,0,,,,1514
41.364,codel,10598,7,454,33947,8,5,7211,0,0,0,0,,,,1514
41.376,codel,9262,7,454,33956,8,5,6002,0,0,0,0,,,,1514
41.387,codel,6056,4,454,33967,8,5,2510,0,0,0,0,,,,1514
41.399,codel,7570,5,454,33977,8,5,4930,0,0,0,0,,,,1514
41.411,codel,9084,6,454,33986,8,5,3720,0,0,0,0,,,,1514
41.422,codel,0,0,454,33994,8,5,1,0,0,0,0,,,,1514
41.434,codel,3028,2,454,34004,8,5,0,0,0,0,0,,,,1514
41.446,codel,0,0,454,34010,8,5,1,0,0,0,0,,,,1514
41.458,codel,0,0,454,34010,8,5,1,0,0,0,0,,,,1514
41.469,codel,0,0,454,34015,8,5,1,0,0,0,0,,,,1514
41.481,codel,1514,1,454,34025,8,5,1215,0,0,0,0,,,,1514
41.493,codel,0,0,454,34028,8,5,1125,0,0,0,0,,,,1514
41.504,codel,0,0,454,34028,8,5,1125,0,0,0,0,,,,1514
41.516,codel,0,0,454,34037,8,5,10,0,0,0,0,,,,1514
41.527,codel,0,0,454,34046,8,5,1213,0,0,0,0,,,,1514
41.538,codel,0,0,454,34046,8,5,1213,0,0,0,0,,,,1514
41.550,codel,1514,1,454,34050,8,5,0,0,0,0,0,,,,1514
41.561,codel,0,0,454,34059,8,5,0,0,0,0,0,,,,1514
41.573,codel,0,0,454,34064,8,5,1197,0,0,0,0,,,,1514
41.585,codel,0,0,454,34064,8,5,1197,0,0,0,0,,,,1514
41.598,codel,1514,1,454,34074,8,5,52,0,0,0,0,,,,1514
41.609,codel,1514,1,454,34084,8,5,1262,0,0,0,0,,,,1514
41.621,codel,0,0,454,34084,8,5,1262,0,0,0,0,,,,1514
41.633,codel,0,0,454,34089,8,5,64,0,0,0,0,,,,1514
41.645,codel,0,0,454,34098,8,5,66,0,0,0,0,,,,1514
41.657,codel,0,0,454,34104,8,5,1283,0,0,0,0,,,,1514
41.668,codel,0,0,454,34104,8,5,1283,0,0,0,0,,,,1514
41.679,codel,1514,1,454,34114,8,5,11,0,0,0,0,,,,1514
41.690,codel,1514,1,454,34124,8,5,1228,0,0,0,0,,,,1514
41.702,codel,0,0,454,34126,8,5,1233,0,0,0,0,,,,1514
41.713,codel,1514,1,454,34130,8,5,0,0,0,0,0,,,,1514
41.725,codel,1514,1,454,34140,8,5,0,0,0,0,0,,,,1514
41.736,codel,1514,1,454,34149,8,5,1199,0,0,0,0,,,,1514
41.748,codel,0,0,454,34149,8,5,1199,0,0,0,0,,,,1514
41.759,codel,0,0,454,34156,8,5,0,0,0,0,0,,,,1514
41.770,codel,0,0,454,34165,8,5,10,0,0,0,0,,,,1514
41.782,codel,0,0,454,34173,8,5,1213,0,0,0,0,,,,1514
41.793,codel,0,0,454,34175,8,5,0,0,0,0,0,,,,1514
41.804,codel,0,0,454,34175,8,5,0,0,0,0,0,,,,1514
41.816,codel,0,0,454,34175,8,5,0,0,0,0,0,,,,1514
41.828,codel,0,0,454,34175,8,5,0,0,0,0,0,,,,1514
41.839,codel,0,0,454,34176,8,5,1,0,0,0,0,,,,1514
41.851,codel,0,0,454,34176,8,5,1,0,0,0,0,,,,1514
41.862,codel,0,0,454,34176,8,5,1,0,0,0,0,,,,1514
41.874,codel,0,0,454,34176,8,5,1,0,0,0,0,,,,1514
41.885,codel,0,0,454,34176,8,5,1,0,0,0,0,,,,1514
41.896,codel,0,0,454,34176,8,5,1,0,0,0,0,,,,1514
41.908,codel,0,0,454,34176,8,5,1,0,0,0,0,,,,1514
41.919,codel,0,0,454,34176,8,5,1,0,0,0,0,,,,1514
41.931,codel,0,0,454,34176,8,5,1,0,0,0,0,,,,1514
41.942,codel,0,0,454,34176,8,5,1,0,0,0,0,,,,1514
41.953,codel,0,0,454,34176,8,5,1,0,0,0,0,,,,1514
41.965,codel,0,0,454,34176,8,5,1,0,0,0,0,,,,1514
41.976,codel,0,0,454,34176,8,5,1,0,0,0,0,,,,1514
41.987,codel,0,0,454,34176,8,5,1,0,0,0,0,,,,1514
41.999,codel,0,0,454,34176,8,5,1,0,0,0,0,,,,1514
