t_s,ca_state,cwnd,ssthresh,rtt_ms,rttvar_ms,rto_ms,backoff,unacked,lost,total_retrans,pacing_mbps,delivery_mbps,bytes_acked
0.000,open,10,,52.02,26.01,253.0,0,0,0,0,4.454,0.0,1
0.010,open,10,,52.02,26.01,253.0,0,10,0,0,4.454,0.0,1
0.021,open,10,,52.02,26.01,253.0,0,10,0,0,4.454,0.0,1
0.031,open,10,,52.02,26.01,253.0,0,10,0,0,4.454,0.0,1
0.041,open,11,,50.531,22.485,251.0,0,11,0,0,5.043,0.289,1449
0.051,open,15,,49.128,8.666,250.0,0,15,0,0,7.074,1.164,7241
0.061,open,20,,51.917,6.092,252.0,0,20,0,0,8.925,1.99,14481
0.071,open,20,,51.917,6.092,252.0,0,20,0,0,8.925,1.99,14481
0.081,open,20,,51.917,6.092,252.0,0,20,0,0,8.925,1.99,14481
0.091,open,22,,51.26,4.525,252.0,0,22,0,0,9.943,2.565,17377
0.101,open,24,,51.054,2.862,252.0,0,24,0,0,10.891,2.728,20273
0.111,open,31,,55.384,4.64,256.0,0,31,0,0,12.968,2.924,30409
0.121,open,36,,57.555,5.36,258.0,0,36,0,0,14.491,3.307,37649
0.131,open,40,,59.848,7.03,260.0,0,40,0,0,15.484,3.412,43441
0.141,open,40,,59.848,7.03,260.0,0,40,0,0,15.484,3.412,43441
0.151,open,40,,59.848,7.03,260.0,0,40,0,0,15.484,3.412,43441
0.162,open,40,,59.848,7.03,260.0,0,40,0,0,15.484,3.412,43441
0.172,open,40,,59.848,7.03,260.0,0,40,0,0,15.484,3.412,43441
0.182,open,40,,59.848,7.03,260.0,0,40,0,0,15.484,3.412,43441
0.192,open,46,,78.446,22.994,279.0,0,46,0,0,13.585,2.682,52129
0.202,open,48,,83.49,21.717,284.0,0,48,0,0,13.32,2.765,55025
0.212,open,48,,83.49,21.717,284.0,0,48,0,0,13.32,2.765,55025
0.222,open,55,,101.175,18.557,302.0,0,55,0,0,12.594,2.747,65161
0.232,open,64,,112.758,9.847,313.0,0,64,0,0,13.15,3.092,78193
0.242,open,72,,117.825,7.497,318.0,0,72,0,0,14.157,3.343,89777
0.252,open,72,,117.825,7.497,318.0,0,72,0,0,14.157,3.343,89777
0.262,open,80,,123.331,9.921,324.0,0,80,0,0,15.028,3.476,101361
0.272,open,80,,123.331,9.921,324.0,0,80,0,0,15.028,3.476,101361
0.282,open,80,,123.331,9.921,324.0,0,80,0,0,15.028,3.476,101361
0.293,open,80,,123.331,9.921,324.0,0,80,0,0,15.028,3.476,101361
0.303,open,80,,123.331,9.921,324.0,0,80,0,0,15.028,3.476,101361
0.313,open,80,,123.331,9.921,324.0,0,80,0,0,15.028,3.476,101361
0.323,open,80,,123.331,9.921,324.0,0,80,0,0,15.028,3.476,101361
0.333,open,80,,123.331,9.921,324.0,0,80,0,0,15.028,3.476,101361
0.343,open,80,,123.331,9.921,324.0,0,80,0,0,15.028,3.476,101361
0.353,open,80,,123.331,9.921,324.0,0,80,0,0,15.028,3.476,101361
0.363,open,87,,150.901,29.319,351.0,0,87,0,0,13.357,2.855,111497
0.373,open,95,,168.63,16.813,369.0,0,95,0,0,13.052,3.036,123081
0.383,open,96,,170.12,15.588,371.0,0,96,0,0,13.074,3.08,124529
0.393,open,96,,170.12,15.588,371.0,0,96,0,0,13.074,3.08,124529
0.403,open,100,,176.991,14.076,377.0,0,100,0,0,13.09,3.084,130321
0.413,recovery,96,50,185.546,8.481,386.0,0,104,1,1,7.791,3.207,130321
0.423,recovery,92,50,192.429,6.086,393.0,0,109,1,1,7.802,3.4,130321
0.433,recovery,88,50,197.686,5.317,398.0,0,113,1,1,7.876,3.548,130321
0.444,recovery,84,50,202.674,5.039,403.0,0,117,1,1,7.956,3.689,130321
0.454,recovery,79,50,207.008,4.478,408.0,0,120,2,2,7.991,3.772,130321
0.464,recovery,78,50,207.771,4.885,408.0,0,120,2,2,8.028,3.805,130321
0.474,recovery,77,50,211.544,7.871,412.0,0,122,2,2,7.951,3.733,130321
0.484,recovery,72,50,220.048,7.192,421.0,0,126,2,2,7.96,3.889,130321
0.494,recovery,70,50,222.993,6.423,423.0,0,128,2,2,7.979,3.949,130321
0.504,recovery,70,50,222.993,6.423,423.0,0,128,2,2,7.979,3.949,130321
0.514,recovery,70,50,222.993,6.423,423.0,0,128,2,2,7.979,3.949,130321
0.524,recovery,70,50,222.993,6.423,423.0,0,128,2,2,7.979,3.949,130321
0.534,recovery,70,50,222.993,6.423,423.0,0,128,2,2,7.979,3.949,130321
0.544,recovery,70,50,222.993,6.423,423.0,0,128,2,2,7.979,3.949,130321
0.554,recovery,70,50,222.993,6.423,423.0,0,128,2,2,7.979,3.949,130321
0.564,recovery,70,50,222.993,6.423,423.0,0,128,2,2,7.979,3.949,130321
0.574,recovery,70,50,222.993,6.423,423.0,0,128,2,2,7.979,3.949,130321
0.584,recovery,70,50,222.993,6.423,423.0,0,128,2,2,7.979,3.949,130321
0.594,recovery,70,50,222.993,6.423,423.0,0,128,2,2,7.979,3.949,130321
0.604,recovery,70,50,225.998,10.826,426.0,0,129,2,2,7.873,3.611,130321
0.614,recovery,66,50,242.786,14.346,443.0,0,133,2,2,7.558,3.753,130321
0.625,recovery,61,50,252.712,8.469,453.0,0,137,2,2,7.536,3.889,130321
0.635,recovery,56,50,258.385,5.78,459.0,0,140,3,3,7.532,3.967,130321
0.645,recovery,54,50,261.664,5.363,462.0,0,143,3,3,7.544,4.044,130321
0.655,recovery,54,50,261.664,5.363,462.0,0,143,3,3,7.544,4.044,130321
0.665,recovery,50,50,260.849,1.608,461.0,0,146,3,3,7.727,4.252,130321
0.675,recovery,50,50,259.733,1.519,460.0,0,118,2,3,6.262,4.167,183897
0.685,recovery,50,50,252.963,2.71,453.0,0,126,2,3,6.869,3.954,183897
0.695,recovery,50,50,246.384,3.858,447.0,0,89,2,4,4.965,3.77,244713
0.705,recovery,50,50,236.649,5.57,437.0,0,94,2,4,5.463,3.718,244713
0.715,recovery,50,50,231.737,6.253,432.0,0,97,2,4,5.759,3.512,244713
0.725,recovery,50,50,231.737,6.253,432.0,0,97,2,4,5.759,3.512,244713
0.735,recovery,50,50,231.737,6.253,432.0,0,97,2,4,5.759,3.512,244713
0.745,recovery,50,50,231.737,6.253,432.0,0,97,2,4,5.759,3.512,244713
0.755,recovery,50,50,231.737,6.253,432.0,0,97,2,4,5.759,3.512,244713
0.765,recovery,50,50,231.737,6.253,432.0,0,97,2,4,5.759,3.512,244713
0.775,recovery,50,50,193.036,14.029,394.0,0,103,2,4,7.345,2.87,244713
0.786,recovery,48,25,163.765,16.905,364.0,0,74,1,4,6.196,2.359,296841
0.796,recovery,47,25,161.536,16.934,362.0,0,74,1,4,6.368,2.305,296841
0.806,recovery,45,25,150.687,16.119,351.0,0,77,1,4,7.011,2.16,296841
0.816,recovery,40,25,143.109,7.36,344.0,0,80,2,5,7.771,2.196,296841
0.826,recovery,35,25,139.573,2.84,340.0,0,44,1,5,4.382,2.353,354761
0.836,recovery,32,25,137.343,2.1,338.0,0,47,1,5,4.757,2.504,354761
0.846,recovery,29,25,135.423,2.306,336.0,0,48,2,6,4.927,2.52,354761
0.856,recovery,29,25,135.423,2.306,336.0,0,48,2,6,4.927,2.52,354761
0.866,recovery,29,25,135.423,2.306,336.0,0,48,2,6,4.927,2.52,354761
0.876,recovery,29,25,135.423,2.306,336.0,0,48,2,6,4.927,2.52,354761
0.886,recovery,29,25,135.423,2.306,336.0,0,48,2,6,4.927,2.52,354761
0.896,recovery,29,25,135.423,2.306,336.0,0,48,2,6,4.927,2.52,354761
0.906,recovery,29,25,135.555,1.993,336.0,0,49,2,6,4.922,3.369,354761
0.916,recovery,25,25,136.199,0.565,337.0,0,54,2,6,5.409,3.608,354761
0.927,recovery,25,25,136.176,0.604,337.0,0,57,2,6,5.716,3.621,354761
0.937,recovery,25,25,130.264,1.867,331.0,0,63,2,6,6.616,3.323,354761
0.947,recovery,25,25,122.907,3.169,323.0,0,53,1,6,5.881,2.764,379377
0.957,open,25,25,119.29,3.757,320.0,0,25,0,6,2.913,2.624,424265
0.967,open,25,25,119.29,3.757,320.0,0,25,0,6,2.913,2.624,424265
0.977,open,25,25,119.29,3.757,320.0,0,25,0,6,2.913,2.624,424265
0.987,open,25,25,114.532,4.829,315.0,0,25,0,6,3.034,2.461,425713
0.997,recovery,22,12,90.765,9.194,291.0,0,29,1,7,4.288,2.06,425713
1.007,recovery,19,12,83.66,9.785,284.0,0,30,2,8,4.985,2.144,425713
1.017,recovery,15,12,77.459,6.279,278.0,0,33,2,8,5.922,2.281,425713
1.027,recovery,13,12,75.634,4.454,276.0,0,35,2,8,6.433,2.404,425713
1.037,recovery,13,12,75.634,4.454,276.0,0,35,2,8,6.433,2.404,425713
1.047,recovery,13,12,75.634,4.454,276.0,0,35,2,8,6.433,2.404,425713
1.057,recovery,12,12,67.613,5.521,268.0,0,29,1,8,5.757,3.236,441641
1.067,recovery,11,6,59.735,6.564,260.0,0,14,1,9,3.258,2.19,469153
1.077,recovery,10,6,58.173,6.749,259.0,0,14,1,9,3.345,2.068,469153
1.088,recovery,10,6,58.173,6.749,259.0,0,14,1,9,3.345,2.068,469153
1.098,recovery,8,6,49.325,7.818,250.0,0,17,1,9,4.509,2.144,469153
1.108,open,6,6,45.167,6.176,246.0,0,6,0,9,1.847,2.63,489425
1.118,open,6,6,45.167,6.176,246.0,0,6,0,9,1.847,2.63,489425
1.128,open,6,6,45.167,6.176,246.0,0,6,0,9,1.847,2.63,489425
1.138,open,6,6,43.465,5.164,244.0,0,6,0,9,1.919,2.316,493769
1.148,open,7,6,42.808,4.003,243.0,0,7,0,9,2.273,1.686,496665
1.158,open,7,6,42.61,3.399,243.0,0,7,0,9,2.284,1.686,498113
1.168,open,7,6,42.61,3.399,243.0,0,7,0,9,2.284,1.686,498113
1.178,open,7,6,41.756,2.716,242.0,0,7,0,9,2.33,1.736,502457
1.188,open,7,6,41.538,2.473,242.0,0,7,0,9,2.343,1.737,503905
1.198,open,8,6,41.715,1.468,242.0,0,8,0,9,2.666,1.911,508249
1.208,open,8,6,41.715,1.468,242.0,0,8,0,9,2.666,1.911,508249
1.218,open,8,6,41.27,1.244,242.0,0,8,0,9,2.695,2.026,512593
1.228,open,8,6,41.113,1.244,242.0,0,8,0,9,2.705,2.026,514041
1.239,open,9,6,41.3,0.881,242.0,0,9,0,9,3.029,2.184,518385
1.249,open,9,6,41.3,0.881,242.0,0,9,0,9,3.029,2.184,518385
1.259,open,9,6,44.395,5.251,245.0,0,9,0,9,2.818,2.127,524177
1.269,open,9,6,44.395,5.251,245.0,0,9,0,9,2.818,2.127,524177
1.279,open,10,6,44.326,3.792,245.0,0,10,0,9,3.136,2.457,531417
1.289,open,10,6,44.326,3.792,245.0,0,10,0,9,3.136,2.457,531417
1.299,open,10,6,44.326,3.792,245.0,0,10,0,9,3.136,2.457,531417
1.309,open,10,6,44.468,2.38,245.0,0,10,0,9,3.126,2.32,537209
1.319,open,10,6,44.566,1.509,245.0,0,10,0,9,3.119,2.322,543001
1.329,open,11,6,44.758,1.515,245.0,0,11,0,9,3.416,2.513,545897
1.339,open,11,6,44.758,1.515,245.0,0,11,0,9,3.416,2.513,545897
1.349,open,11,6,45.219,2.058,246.0,0,11,0,9,3.381,2.391,548793
1.360,open,11,6,45.623,2.351,246.0,0,11,0,9,3.352,2.391,551689
1.370,open,11,6,46.569,2.963,247.0,0,11,0,9,3.283,2.333,557481
1.380,open,11,6,46.956,2.996,247.0,0,11,0,9,3.256,2.332,560377
1.390,open,11,6,46.956,2.996,247.0,0,11,0,9,3.256,2.332,560377
1.400,open,11,6,46.956,2.996,247.0,0,11,0,9,3.256,2.332,560377
1.410,open,12,6,51.627,6.845,252.0,0,12,0,9,3.231,2.387,567617
1.420,open,12,6,51.627,6.845,252.0,0,12,0,9,3.231,2.387,567617
1.430,open,12,6,52.601,4.351,253.0,0,12,0,9,3.171,2.335,576305
1.440,open,12,6,52.601,4.351,253.0,0,12,0,9,3.171,2.335,576305
1.450,open,12,6,52.601,4.351,253.0,0,12,0,9,3.171,2.335,576305
1.460,open,13,6,53.509,3.266,254.0,0,13,0,9,3.377,2.495,584993
1.471,open,13,6,53.509,3.266,254.0,0,13,0,9,3.377,2.495,584993
1.481,open,13,6,54.025,2.732,255.0,0,13,0,9,3.345,2.495,590785
1.491,open,13,6,54.235,2.47,255.0,0,13,0,9,3.332,2.495,593681
1.501,open,13,6,54.235,2.47,255.0,0,13,0,9,3.332,2.495,593681
1.511,recovery,12,6,53.681,1.885,254.0,0,15,1,10,3.884,2.288,593681
1.521,recovery,10,6,53.709,1.13,254.0,0,16,1,10,4.141,2.495,593681
1.531,recovery,9,6,53.327,0.91,254.0,0,18,1,10,4.431,2.287,593681
1.541,recovery,7,6,53.208,0.576,254.0,0,19,1,10,4.964,2.495,593681
1.551,open,6,6,49.088,1.52,250.0,0,6,0,10,1.699,2.665,615401
1.561,open,6,6,49.088,1.52,250.0,0,6,0,10,1.699,2.665,615401
1.571,open,6,6,49.78,2.523,250.0,0,6,0,10,1.675,2.221,618297
1.581,open,6,6,48.863,2.673,249.0,0,6,0,10,1.707,1.777,621193
1.592,open,7,6,47.905,2.829,248.0,0,7,0,10,2.031,1.695,624089
1.602,open,7,6,47.905,2.829,248.0,0,7,0,10,2.031,1.695,624089
1.612,open,7,6,47.069,2.95,248.0,0,7,0,10,2.067,1.687,626985
1.622,open,7,6,46.337,3.04,247.0,0,7,0,10,2.1,1.686,629881
1.632,open,7,6,46.337,3.04,247.0,0,7,0,10,2.1,1.686,629881
1.642,open,8,6,45.695,3.106,246.0,0,8,0,10,2.434,1.687,632777
1.652,open,8,6,46.506,5.482,247.0,0,8,0,10,2.391,1.968,637121
1.662,open,8,6,45.844,5.437,246.0,0,8,0,10,2.426,1.967,640017
1.672,open,8,6,45.844,5.437,246.0,0,8,0,10,2.426,1.967,640017
1.682,open,8,6,45.267,5.23,246.0,0,8,0,10,2.457,1.966,642913
1.692,open,9,6,46.054,6.536,247.0,0,9,0,10,2.716,2.248,647257
1.702,open,9,6,45.334,5.045,246.0,0,9,0,10,2.76,2.243,651601
1.712,open,9,6,45.334,5.045,246.0,0,9,0,10,2.76,2.243,651601
1.723,open,9,6,44.974,4.504,245.0,0,9,0,10,2.782,2.183,654497
1.733,open,10,6,44.518,4.289,245.0,0,10,0,10,3.122,2.242,657393
1.743,open,10,6,44.023,3.355,245.0,0,10,0,10,3.158,2.529,663185
1.753,open,10,6,44.023,3.355,245.0,0,10,0,10,3.158,2.529,663185
1.763,open,10,6,45.919,5.857,246.0,0,10,0,10,3.027,2.388,667529
1.773,open,10,6,45.919,5.857,246.0,0,10,0,10,3.027,2.388,667529
1.783,open,11,6,45.29,2.812,246.0,0,11,0,10,3.376,2.657,677665
1.793,open,11,6,45.29,2.812,246.0,0,11,0,10,3.376,2.657,677665
1.803,open,11,6,45.29,2.812,246.0,0,11,0,10,3.376,2.657,677665
1.813,open,11,6,45.238,2.213,246.0,0,11,0,10,3.38,2.581,680561
1.823,open,12,6,46.791,3.304,247.0,0,11,0,10,3.565,2.514,687801
1.833,open,12,6,47.041,2.251,248.0,0,12,0,10,3.546,2.694,693593
1.843,open,12,6,47.041,2.251,248.0,0,12,0,10,3.546,2.694,693593
1.853,open,12,6,47.041,2.251,248.0,0,12,0,10,3.546,2.694,693593
1.863,open,12,6,47.518,2.644,248.0,0,12,0,10,3.51,2.505,696489
1.874,open,12,6,48.089,3.123,249.0,0,12,0,10,3.469,2.447,699385
1.884,open,13,6,50.538,3.636,251.0,0,13,0,10,3.576,2.608,710969
1.894,open,13,6,50.538,3.636,251.0,0,13,0,10,3.576,2.608,710969
1.904,open,13,6,50.538,3.636,251.0,0,13,0,10,3.576,2.608,710969
1.914,open,13,6,50.892,3.435,251.0,0,13,0,10,3.551,2.605,713865
1.924,open,13,6,50.892,3.435,251.0,0,13,0,10,3.551,2.605,713865
1.934,recovery,11,6,52.146,2.085,253.0,0,15,1,11,3.999,2.179,718209
1.944,recovery,10,6,53.163,2.474,254.0,0,17,1,11,4.184,2.501,718209
1.954,recovery,10,6,53.163,2.474,254.0,0,17,1,11,4.184,2.501,718209
1.964,recovery,9,6,53.455,2.44,254.0,0,17,1,11,4.421,2.296,718209
1.974,recovery,9,6,53.863,2.645,254.0,0,18,1,11,4.387,2.451,718209
1.984,recovery,7,6,54.536,2.117,255.0,0,19,1,11,4.843,2.296,718209
1.994,recovery,6,6,53.887,1.612,254.0,0,9,1,12,2.064,1.876,737033
2.004,recovery,6,6,53.887,1.612,254.0,0,9,1,12,2.064,1.876,737033
2.014,recovery,6,6,53.887,1.612,254.0,0,9,1,12,2.064,1.876,737033
2.024,recovery,6,6,54.126,1.685,255.0,0,10,1,12,2.311,1.634,737033
2.035,recovery,6,6,54.126,1.685,255.0,0,10,1,12,2.311,1.634,737033
2.045,open,6,6,54.48,1.384,255.0,0,6,0,12,1.531,1.273,748617
2.055,open,6,6,54.48,1.384,255.0,0,6,0,12,1.531,1.273,748617
2.065,open,6,6,54.48,1.384,255.0,0,6,0,12,1.531,1.273,748617
2.075,open,6,6,57.37,6.817,258.0,0,6,0,12,1.454,1.246,751513
2.085,open,6,6,57.37,6.817,258.0,0,6,0,12,1.454,1.246,751513
2.095,open,7,6,54.866,7.013,255.0,0,7,0,12,1.773,1.061,755857
2.105,open,7,6,54.866,7.013,255.0,0,7,0,12,1.773,1.061,755857
2.115,open,7,6,54.763,8.357,255.0,0,7,0,12,1.777,1.544,760201
2.125,open,7,6,54.763,8.357,255.0,0,7,0,12,1.777,1.544,760201
2.135,open,8,6,52.468,8.15,253.0,0,8,0,12,2.119,1.762,765993
2.145,open,8,6,52.468,8.15,253.0,0,8,0,12,2.119,1.762,765993
2.155,open,8,6,51.209,8.21,252.0,0,8,0,12,2.172,1.909,768889
2.166,open,8,6,51.209,8.21,252.0,0,8,0,12,2.172,1.909,768889
2.176,open,9,6,50.461,8.237,251.0,0,9,0,12,2.479,1.806,776129
2.186,open,9,6,49.607,7.886,250.0,0,9,0,12,2.522,2.064,777577
2.196,open,9,6,49.607,7.886,250.0,0,9,0,12,2.522,2.064,777577
2.206,open,9,6,49.774,6.25,250.0,0,9,0,12,2.513,1.819,780473
2.216,open,9,6,49.774,6.25,250.0,0,9,0,12,2.513,1.819,780473
2.226,open,10,6,50.289,3.4,251.0,0,10,0,12,2.764,1.82,787713
2.236,open,10,6,50.671,3.314,251.0,0,10,0,12,2.743,2.0,790609
2.246,open,10,6,50.671,3.314,251.0,0,10,0,12,2.743,2.0,790609
2.256,open,10,6,51.149,3.441,252.0,0,10,0,12,2.718,1.913,793505
2.266,open,10,6,51.149,3.441,252.0,0,10,0,12,2.718,1.913,793505
2.276,open,10,6,51.568,3.419,252.0,0,10,0,12,2.696,1.913,796401
2.286,open,11,6,52.407,3.417,253.0,0,10,0,12,2.918,2.079,802193
2.296,open,11,6,52.407,3.417,253.0,0,10,0,12,2.918,2.079,802193
2.306,open,11,6,52.407,3.417,253.0,0,10,0,12,2.918,2.079,802193
2.317,recovery,9,5,56.114,7.645,257.0,0,11,1,13,2.725,1.869,803641
2.327,recovery,9,5,56.114,7.645,257.0,0,11,1,13,2.725,1.869,803641
2.337,recovery,7,5,56.077,2.994,257.0,0,13,1,13,2.975,1.836,803641
2.347,recovery,5,5,56.113,1.969,257.0,0,13,1,13,3.22,1.836,803641
2.357,recovery,5,5,56.113,1.969,257.0,0,13,1,13,3.22,1.836,803641
2.367,recovery,5,5,56.113,1.969,257.0,0,13,1,13,3.22,1.836,803641
2.377,open,5,5,58.097,3.831,259.0,0,5,0,13,1.196,1.688,819569
2.387,open,5,5,58.097,3.831,259.0,0,5,0,13,1.196,1.688,819569
2.397,open,5,5,58.28,3.239,259.0,0,5,0,13,1.193,1.419,822465
2.407,open,5,5,58.28,3.239,259.0,0,5,0,13,1.193,1.419,822465
2.417,open,5,5,58.28,3.239,259.0,0,5,0,13,1.193,1.419,822465
2.427,open,6,5,57.693,3.284,258.0,0,6,0,13,1.446,0.923,825361
2.437,open,6,5,57.693,3.284,258.0,0,6,0,13,1.446,0.923,825361
2.447,open,6,5,56.964,4.368,257.0,0,6,0,13,1.464,1.014,829705
2.457,open,6,5,56.964,4.368,257.0,0,6,0,13,1.464,1.014,829705
2.468,open,6,5,56.964,4.368,257.0,0,6,0,13,1.464,1.014,829705
2.478,open,6,5,55.749,4.535,256.0,0,6,0,13,1.496,1.106,832601
2.488,open,7,5,55.229,4.41,256.0,0,7,0,13,1.762,1.435,836945
2.498,open,7,5,55.229,4.41,256.0,0,7,0,13,1.762,1.435,836945
2.508,open,7,5,55.229,4.41,256.0,0,7,0,13,1.762,1.435,836945
2.518,open,7,5,56.383,9.031,257.0,0,7,0,13,1.726,1.471,841289
2.528,open,7,5,56.383,9.031,257.0,0,7,0,13,1.726,1.471,841289
2.538,open,8,5,54.277,8.446,255.0,0,8,0,13,2.049,1.674,847081
2.548,open,8,5,54.277,8.446,255.0,0,8,0,13,2.049,1.674,847081
2.558,open,8,5,54.277,8.446,255.0,0,8,0,13,2.049,1.674,847081
2.568,open,8,5,53.699,7.489,254.0,0,8,0,13,2.071,1.633,849977
2.578,open,8,5,53.699,7.489,254.0,0,8,0,13,2.071,1.633,849977
2.588,open,9,5,53.458,5.045,254.0,0,9,0,13,2.34,1.822,858665
2.598,open,9,5,53.458,5.045,254.0,0,9,0,13,2.34,1.822,858665
2.608,open,9,5,53.458,5.045,254.0,0,9,0,13,2.34,1.822,858665
2.618,open,9,5,53.458,5.045,254.0,0,9,0,13,2.34,1.822,858665
2.629,open,9,5,53.599,4.065,254.0,0,9,0,13,2.334,1.698,861561
2.639,open,10,5,53.655,2.017,254.0,0,10,0,13,2.591,1.736,868801
2.649,open,10,5,53.922,2.048,254.0,0,10,0,13,2.578,1.91,871697
2.659,open,10,5,53.922,2.048,254.0,0,10,0,13,2.578,1.91,871697
2.669,open,10,5,53.922,2.048,254.0,0,10,0,13,2.578,1.91,871697
2.679,open,10,5,54.449,2.589,255.0,0,10,0,13,2.553,1.793,874593
2.689,open,10,5,54.449,2.589,255.0,0,10,0,13,2.553,1.793,874593
2.699,open,11,5,56.218,3.827,257.0,0,10,0,13,2.72,1.913,883281
2.709,open,11,5,56.761,3.955,257.0,0,11,0,13,2.694,1.913,886177
2.719,open,11,5,56.761,3.955,257.0,0,11,0,13,2.694,1.913,886177
2.729,open,11,5,56.761,3.955,257.0,0,11,0,13,2.694,1.913,886177
2.739,open,11,5,56.943,3.33,257.0,0,11,0,13,2.685,1.99,889073
2.749,open,11,5,56.95,2.513,257.0,0,11,0,13,2.685,1.952,891969
2.759,open,12,5,56.967,1.085,257.0,0,11,0,13,2.928,1.913,900657
2.770,open,12,5,56.967,1.085,257.0,0,11,0,13,2.928,1.913,900657
2.780,open,12,5,56.967,1.085,257.0,0,11,0,13,2.928,1.913,900657
2.790,open,12,5,59.804,8.699,260.0,0,12,0,13,2.789,2.189,905001
2.800,open,12,5,59.804,8.699,260.0,0,12,0,13,2.789,2.189,905001
2.810,disorder,12,5,56.99,6.527,257.0,0,13,0,13,2.927,2.032,913689
2.820,disorder,12,5,56.99,6.527,257.0,0,13,0,13,2.927,2.032,913689
2.830,recovery,12,6,56.99,6.527,257.0,0,13,1,14,2.927,2.032,913689
2.840,recovery,12,6,56.99,6.527,257.0,0,13,1,14,2.927,2.032,913689
2.850,recovery,10,6,56.41,2.924,257.0,0,15,1,14,3.45,2.244,913689
2.860,recovery,6,6,51.91,3.198,252.0,0,18,1,14,4.552,2.443,913689
2.870,open,6,6,51.171,3.283,252.0,0,6,0,14,1.63,2.132,932513
2.880,open,6,6,51.171,3.283,252.0,0,6,0,14,1.63,2.132,932513
2.890,open,6,6,51.171,3.283,252.0,0,6,0,14,1.63,2.132,932513
2.900,open,6,6,50.115,3.223,251.0,0,6,0,14,1.664,1.874,938305
2.911,open,7,6,50.091,2.465,251.0,0,7,0,14,1.943,1.501,941201
2.921,open,7,6,50.091,2.465,251.0,0,7,0,14,1.943,1.501,941201
2.931,open,7,6,50.091,2.465,251.0,0,7,0,14,1.943,1.501,941201
2.941,open,7,6,48.417,2.725,249.0,0,7,0,14,2.01,1.629,946993
2.951,open,8,6,47.667,2.828,248.0,0,8,0,14,2.333,1.639,949889
2.961,open,8,6,47.667,2.828,248.0,0,8,0,14,2.333,1.639,949889
2.971,open,8,6,47.667,2.828,248.0,0,8,0,14,2.333,1.639,949889
2.981,open,8,6,49.506,7.273,250.0,0,8,0,14,2.246,1.857,954233
2.991,open,8,6,48.774,6.918,249.0,0,8,0,14,2.28,1.857,957129
3.001,open,8,6,48.289,6.158,249.0,0,8,0,14,2.303,1.806,960025
3.011,open,8,6,48.289,6.158,249.0,0,8,0,14,2.303,1.806,960025
3.021,open,8,6,48.289,6.158,249.0,0,8,0,14,2.303,1.806,960025
3.031,open,9,6,51.256,7.024,252.0,0,9,0,14,2.441,1.714,967265
3.041,open,9,6,50.915,5.95,251.0,0,9,0,14,2.457,1.91,968713
3.051,open,9,6,50.606,5.079,251.0,0,9,0,14,2.472,1.913,971609
3.062,open,9,6,50.606,5.079,251.0,0,9,0,14,2.472,1.913,971609
3.072,open,9,6,50.606,5.079,251.0,0,9,0,14,2.472,1.913,971609
3.082,open,10,6,50.972,3.571,251.0,0,10,0,14,2.727,2.002,977401
3.092,open,10,6,51.26,3.255,252.0,0,10,0,14,2.712,1.956,980297
3.102,open,10,6,52.361,4.228,253.0,0,10,0,14,2.655,2.049,984641
3.112,open,10,6,52.361,4.228,253.0,0,10,0,14,2.655,2.049,984641
3.122,open,10,6,52.361,4.228,253.0,0,10,0,14,2.655,2.049,984641
3.132,open,10,6,52.487,3.423,253.0,0,10,0,14,2.648,1.953,987537
3.142,open,11,6,53.943,3.492,254.0,0,11,0,14,2.835,2.076,994777
3.152,open,11,6,54.325,3.384,255.0,0,11,0,14,2.815,2.032,997673
3.162,open,11,6,54.325,3.384,255.0,0,11,0,14,2.815,2.032,997673
3.172,open,11,6,54.325,3.384,255.0,0,11,0,14,2.815,2.032,997673
3.183,open,11,6,54.325,3.384,255.0,0,11,0,14,2.815,2.032,997673
3.193,open,11,6,59.088,9.066,260.0,0,11,0,14,2.588,1.952,1002017
3.203,open,12,6,59.857,5.045,260.0,0,12,0,14,2.787,2.063,1010705
3.213,open,12,6,59.802,3.893,260.0,0,12,0,14,2.789,2.144,1013601
3.223,open,12,6,59.802,3.893,260.0,0,12,0,14,2.789,2.144,1013601
3.233,open,12,6,59.802,3.893,260.0,0,12,0,14,2.789,2.144,1013601
3.243,open,12,6,58.848,4.01,259.0,0,12,0,14,2.835,2.192,1016497
3.253,disorder,13,6,56.704,3.971,257.0,0,14,0,14,3.187,2.063,1022289
3.263,recovery,12,6,55.79,3.683,256.0,0,15,1,15,3.737,2.063,1022289
3.273,recovery,11,6,55.875,2.365,256.0,0,16,1,15,3.732,2.144,1022289
3.283,recovery,11,6,55.875,2.365,256.0,0,16,1,15,3.732,2.144,1022289
3.293,recovery,10,6,55.086,2.388,256.0,0,17,1,15,4.038,2.401,1022289
3.304,recovery,6,6,53.272,1.738,254.0,0,19,1,15,4.958,2.618,1022289
3.315,open,6,6,52.46,1.831,253.0,0,6,0,15,1.59,2.605,1044009
3.325,open,6,6,52.46,1.831,253.0,0,6,0,15,1.59,2.605,1044009
3.335,open,6,6,52.46,1.831,253.0,0,6,0,15,1.59,2.605,1044009
3.345,open,6,6,54.218,6.827,255.0,0,6,0,15,1.538,1.829,1049801
3.355,open,7,6,53.069,6.901,254.0,0,7,0,15,1.834,1.397,1052697
3.365,open,7,6,53.069,6.901,254.0,0,7,0,15,1.834,1.397,1052697
3.375,open,7,6,53.069,6.901,254.0,0,7,0,15,1.834,1.397,1052697
3.385,open,7,6,51.735,7.018,252.0,0,7,0,15,1.881,1.426,1055593
3.395,open,8,6,49.545,7.125,250.0,0,8,0,15,2.245,1.551,1061385
3.405,open,8,6,49.545,7.125,250.0,0,8,0,15,2.245,1.551,1061385
3.416,open,8,6,49.545,7.125,250.0,0,8,0,15,2.245,1.551,1061385
3.426,open,8,6,52.9,12.052,253.0,0,8,0,15,2.102,1.637,1064281
3.436,open,8,6,50.738,10.527,251.0,0,8,0,15,2.192,1.856,1068625
3.446,open,8,6,50.31,8.751,251.0,0,8,0,15,2.21,1.714,1071521
3.456,open,8,6,50.31,8.751,251.0,0,8,0,15,2.21,1.714,1071521
3.466,open,8,6,50.31,8.751,251.0,0,8,0,15,2.21,1.714,1071521
3.476,open,9,6,53.459,12.149,254.0,0,9,0,15,2.34,1.912,1075865
3.486,open,9,6,52.417,8.681,253.0,0,9,0,15,2.387,1.913,1080209
3.496,open,9,6,52.071,7.202,253.0,0,9,0,15,2.403,1.866,1083105
3.506,open,9,6,52.071,7.202,253.0,0,9,0,15,2.403,1.866,1083105
3.517,open,9,6,52.071,7.202,253.0,0,9,0,15,2.403,1.866,1083105
3.527,open,10,6,52.233,5.726,253.0,0,9,0,15,2.661,1.736,1086001
3.537,open,10,6,52.916,4.364,253.0,0,9,0,15,2.627,1.91,1091793
3.547,open,10,6,54.367,4.646,255.0,0,10,0,15,2.557,1.91,1096137
3.557,open,10,6,54.367,4.646,255.0,0,10,0,15,2.557,1.91,1096137
3.567,open,10,6,54.367,4.646,255.0,0,10,0,15,2.557,1.91,1096137
3.577,open,10,6,54.367,4.646,255.0,0,10,0,15,2.557,1.91,1096137
3.587,open,11,6,53.61,3.098,254.0,0,11,0,15,2.852,1.91,1104825
3.597,open,11,6,53.61,3.098,254.0,0,11,0,15,2.852,1.91,1104825
3.607,open,11,6,54.255,2.9,255.0,0,11,0,15,2.818,2.035,1110617
3.617,open,11,6,54.255,2.9,255.0,0,11,0,15,2.818,2.035,1110617
3.627,open,11,6,54.255,2.9,255.0,0,11,0,15,2.818,2.035,1110617
3.638,open,11,6,54.75,3.165,255.0,0,11,0,15,2.793,1.99,1113513
3.648,open,12,6,56.309,3.735,257.0,0,12,0,15,2.962,2.144,1120753
3.658,open,12,6,56.697,3.576,257.0,0,12,0,15,2.942,2.145,1123649
3.668,open,12,6,57.037,3.363,258.0,0,12,0,15,2.925,2.144,1126545
3.678,open,12,6,57.037,3.363,258.0,0,12,0,15,2.925,2.144,1126545
3.688,open,12,6,56.115,3.489,257.0,0,12,0,15,2.973,2.189,1129441
3.698,open,13,6,54.135,3.649,255.0,0,13,0,15,3.338,2.339,1138129
3.708,open,13,6,54.135,3.649,255.0,0,13,0,15,3.338,2.339,1138129
3.718,open,13,6,53.673,2.854,254.0,0,13,0,15,3.367,2.339,1143921
3.728,open,13,6,53.673,2.854,254.0,0,13,0,15,3.367,2.339,1143921
3.738,open,13,6,53.483,2.519,254.0,0,13,0,15,3.379,2.665,1146817
3.748,open,14,6,53.351,1.369,254.0,0,14,0,15,3.648,2.821,1156953
3.758,open,14,6,53.351,1.369,254.0,0,14,0,15,3.648,2.821,1156953
3.768,open,14,6,53.053,1.287,254.0,0,14,0,15,3.668,2.887,1162745
3.779,open,14,6,53.053,1.287,254.0,0,14,0,15,3.668,2.887,1162745
3.789,open,14,6,52.629,1.353,253.0,0,14,0,15,3.698,2.887,1165641
3.799,recovery,12,7,51.191,1.285,252.0,0,16,1,16,4.345,2.821,1169985
3.809,recovery,12,7,51.191,1.285,252.0,0,16,1,16,4.345,2.821,1169985
3.819,recovery,10,7,50.266,1.234,251.0,0,18,1,16,4.978,2.892,1169985
3.829,recovery,10,7,50.266,1.234,251.0,0,18,1,16,4.978,2.892,1169985
3.839,recovery,9,7,49.753,1.085,250.0,0,20,1,16,5.308,2.799,1169985
3.849,open,7,7,49.475,0.509,250.0,0,7,0,16,1.967,3.033,1193153
3.859,open,7,7,48.768,0.67,249.0,0,7,0,16,1.995,2.638,1196049
3.869,open,7,7,48.768,0.67,249.0,0,7,0,16,1.995,2.638,1196049
3.879,open,7,7,48.768,0.67,249.0,0,7,0,16,1.995,2.638,1196049
3.889,open,8,7,47.285,0.995,248.0,0,8,0,16,2.352,1.637,1201841
3.899,open,8,7,47.073,1.764,248.0,0,8,0,16,2.362,1.911,1206185
3.909,open,8,7,47.073,1.764,248.0,0,8,0,16,2.362,1.911,1206185
3.919,open,8,7,47.073,1.764,248.0,0,8,0,16,2.362,1.911,1206185
3.930,open,8,7,46.438,1.812,247.0,0,8,0,16,2.395,1.848,1211977
3.940,open,9,7,47.159,3.232,248.0,0,9,0,16,2.653,2.064,1216321
3.950,open,9,7,47.159,3.232,248.0,0,9,0,16,2.653,2.064,1216321
3.960,open,9,7,47.159,3.232,248.0,0,9,0,16,2.653,2.064,1216321
3.970,open,9,7,47.159,3.232,248.0,0,9,0,16,2.653,2.064,1216321
3.980,open,9,7,50.259,6.432,251.0,0,9,0,16,2.489,1.913,1223561
3.990,open,10,7,49.853,4.242,250.0,0,10,0,16,2.788,2.152,1229353
4.000,open,10,7,49.853,4.242,250.0,0,10,0,16,2.788,2.152,1229353
4.010,open,10,7,49.853,4.242,250.0,0,10,0,16,2.788,2.152,1229353
4.020,open,10,7,49.853,4.242,250.0,0,10,0,16,2.788,2.152,1229353
4.030,open,10,7,49.545,2.273,250.0,0,10,0,16,2.806,2.148,1236593
4.040,open,11,7,50.46,2.946,251.0,0,10,0,16,3.03,1.999,1242385
4.050,open,11,7,50.824,2.937,251.0,0,11,0,16,3.009,2.17,1243833
4.061,open,11,7,50.824,2.937,251.0,0,11,0,16,3.009,2.17,1243833
4.071,open,11,7,50.824,2.937,251.0,0,11,0,16,3.009,2.17,1243833
4.081,open,11,7,51.738,4.031,252.0,0,11,0,16,2.955,1.992,1246729
4.091,open,11,7,52.538,4.623,253.0,0,11,0,16,2.91,1.993,1249625
4.101,open,12,7,55.519,4.659,256.0,0,12,0,16,3.005,2.192,1259761
4.111,open,12,7,55.519,4.659,256.0,0,12,0,16,3.005,2.192,1259761
4.121,open,12,7,55.519,4.659,256.0,0,12,0,16,3.005,2.192,1259761
4.131,open,12,7,55.519,4.659,256.0,0,12,0,16,3.005,2.192,1259761
4.141,open,12,7,55.867,3.224,256.0,0,12,0,16,2.986,2.192,1265553
4.151,open,12,7,55.867,3.224,256.0,0,12,0,16,2.986,2.192,1265553
4.161,open,13,7,57.46,3.055,258.0,0,12,0,16,3.145,2.144,1275689
4.171,open,13,7,57.46,3.055,258.0,0,12,0,16,3.145,2.144,1275689
4.181,open,13,7,57.46,3.055,258.0,0,12,0,16,3.145,2.144,1275689
4.191,open,13,7,57.46,3.055,258.0,0,12,0,16,3.145,2.144,1275689
4.201,open,13,7,60.653,8.14,261.0,0,13,0,16,2.979,2.439,1282929
4.212,open,14,7,57.26,6.938,258.0,0,14,0,16,3.399,2.339,1293065
4.222,open,14,7,57.26,6.938,258.0,0,14,0,16,3.399,2.339,1293065
4.232,open,14,7,57.26,6.938,258.0,0,14,0,16,3.399,2.339,1293065
4.242,open,14,7,53.594,7.192,254.0,0,14,0,16,3.631,2.645,1301753
4.252,open,14,7,53.594,7.192,254.0,0,14,0,16,3.631,2.645,1301753
4.262,open,15,7,51.12,5.401,252.0,0,15,0,16,4.079,3.109,1313337
4.272,open,15,7,51.12,5.401,252.0,0,15,0,16,4.079,3.109,1313337
4.282,open,15,7,48.796,5.64,249.0,0,15,0,16,4.273,3.518,1319129
4.292,open,15,7,47.848,5.701,248.0,0,15,0,16,4.358,3.518,1322025
4.302,open,15,7,45.62,4.7,246.0,0,15,0,16,4.571,3.348,1333609
4.312,open,15,7,45.62,4.7,246.0,0,15,0,16,4.571,3.348,1333609
4.322,open,16,7,47.024,6.42,248.0,0,16,0,16,4.73,3.978,1337953
4.332,open,16,7,46.24,4.969,247.0,0,16,0,16,4.81,3.978,1343745
4.342,open,16,7,45.924,3.343,246.0,0,16,0,16,4.843,3.871,1349537
4.352,open,16,7,45.664,2.331,246.0,0,16,0,16,4.871,3.877,1355329
4.363,open,16,7,45.664,2.331,246.0,0,16,0,16,4.871,3.877,1355329
4.373,open,17,7,46.903,3.54,247.0,0,16,0,16,5.038,3.644,1361121
4.383,open,17,7,47.832,3.602,248.0,0,17,0,16,4.94,3.643,1366913
4.393,open,17,7,48.544,3.26,249.0,0,17,0,16,4.868,3.643,1372705
4.403,open,17,7,49.089,2.778,250.0,0,17,0,16,4.814,3.644,1378497
4.413,open,17,7,49.089,2.778,250.0,0,17,0,16,4.814,3.644,1378497
4.423,open,17,7,49.089,2.778,250.0,0,17,0,16,4.814,3.644,1378497
4.433,open,18,7,51.363,3.844,252.0,0,17,0,16,4.871,3.396,1390081
4.443,open,18,7,51.363,3.844,252.0,0,17,0,16,4.871,3.396,1390081
4.453,open,18,7,54.712,4.786,255.0,0,18,0,16,4.573,3.455,1400217
4.463,open,18,7,54.998,4.162,255.0,0,18,0,16,4.549,3.455,1403113
4.473,open,18,7,54.998,4.162,255.0,0,18,0,16,4.549,3.455,1403113
4.483,open,18,7,55.239,3.604,256.0,0,18,0,16,4.53,3.459,1406009
4.493,open,19,7,55.796,2.357,256.0,0,19,0,16,4.734,3.459,1414697
4.503,open,19,7,55.796,2.357,256.0,0,19,0,16,4.734,3.459,1414697
4.514,recovery,18,9,57.495,2.381,258.0,0,21,1,17,5.077,3.318,1420489
4.524,recovery,17,9,58.031,2.308,259.0,0,22,1,17,5.03,3.263,1420489
4.534,recovery,17,9,58.031,2.308,259.0,0,22,1,17,5.03,3.263,1420489
4.544,recovery,14,9,57.66,1.109,258.0,0,24,1,17,5.786,3.256,1420489
4.554,recovery,12,9,58.069,0.947,259.0,0,26,1,17,6.224,3.522,1420489
4.564,recovery,10,9,56.804,1.132,257.0,0,28,1,17,6.852,3.443,1420489
4.574,open,9,9,56.202,1.164,257.0,0,9,0,17,2.226,3.513,1450897
4.584,open,9,9,56.202,1.164,257.0,0,9,0,17,2.226,3.513,1450897
4.594,open,9,9,59.055,6.578,260.0,0,9,0,17,2.118,3.195,1453793
4.604,open,9,9,58.515,6.013,259.0,0,9,0,17,2.138,2.796,1456689
4.614,open,10,9,57.965,5.807,258.0,0,10,0,17,2.398,1.876,1462481
4.624,open,10,9,57.965,5.807,258.0,0,10,0,17,2.398,1.876,1462481
4.634,open,10,9,57.965,5.807,258.0,0,10,0,17,2.398,1.876,1462481
4.645,open,10,9,56.595,8.346,257.0,0,10,0,17,2.456,1.992,1469721
4.655,open,10,9,54.97,8.492,255.0,0,10,0,17,2.529,2.087,1472617
4.665,open,10,9,53.549,8.581,254.0,0,10,0,17,2.596,2.251,1475513
4.675,open,10,9,53.549,8.581,254.0,0,10,0,17,2.596,2.251,1475513
4.685,open,11,9,50.708,9.914,251.0,0,11,0,17,3.015,2.514,1484201
4.695,open,11,9,49.521,9.809,250.0,0,11,0,17,3.088,2.657,1487097
4.705,open,11,9,48.482,9.435,249.0,0,11,0,17,3.154,2.657,1489993
4.715,open,11,9,48.482,9.435,249.0,0,11,0,17,3.154,2.657,1489993
4.725,open,12,9,48.031,7.978,249.0,0,12,0,17,3.473,2.581,1492889
4.735,open,12,9,47.708,5.088,248.0,0,12,0,17,3.496,2.765,1498681
4.745,open,12,9,47.306,4.87,248.0,0,12,0,17,3.526,2.917,1505921
4.755,open,12,9,47.306,4.87,248.0,0,12,0,17,3.526,2.917,1505921
4.765,open,12,9,47.306,4.87,248.0,0,12,0,17,3.526,2.917,1505921
4.775,open,13,9,46.79,2.244,247.0,0,13,0,17,3.862,3.016,1516057
4.786,open,13,9,46.761,1.543,247.0,0,13,0,17,3.864,2.843,1521849
4.796,open,13,9,46.669,1.341,247.0,0,13,0,17,3.872,3.02,1523297
4.806,open,13,9,46.669,1.341,247.0,0,13,0,17,3.872,3.02,1523297
4.816,open,13,9,46.669,1.341,247.0,0,13,0,17,3.872,3.02,1523297
4.826,open,14,9,48.386,3.296,249.0,0,13,0,17,4.022,2.887,1531985
4.836,open,14,9,49.12,3.085,250.0,0,14,0,17,3.962,2.956,1537777
4.846,open,14,9,49.348,2.77,250.0,0,14,0,17,3.944,2.956,1540673
4.856,open,14,9,49.348,2.77,250.0,0,14,0,17,3.944,2.956,1540673
4.866,open,14,9,49.348,2.77,250.0,0,14,0,17,3.944,2.956,1540673
4.876,open,14,9,53.67,6.365,254.0,0,14,0,17,3.626,2.826,1547913
4.886,open,15,9,53.58,3.735,254.0,0,15,0,17,3.892,2.826,1553705
4.896,open,15,9,54.464,2.577,255.0,0,15,0,17,3.828,2.975,1560945
4.906,open,15,9,54.464,2.577,255.0,0,15,0,17,3.828,2.975,1560945
4.916,open,15,9,54.464,2.577,255.0,0,15,0,17,3.828,2.975,1560945
4.926,open,15,9,54.464,2.577,255.0,0,15,0,17,3.828,2.975,1560945
4.937,open,16,9,56.133,2.948,257.0,0,15,0,17,3.962,2.786,1571081
4.947,open,16,9,57.037,3.186,258.0,0,16,0,17,3.899,2.924,1575425
4.957,recovery,15,8,57.807,2.446,258.0,0,18,1,18,4.328,2.729,1576873
4.967,recovery,15,8,57.807,2.446,258.0,0,18,1,18,4.328,2.729,1576873
4.977,recovery,15,8,57.807,2.446,258.0,0,18,1,18,4.328,2.729,1576873
4.987,recovery,13,8,56.778,2.343,257.0,0,19,1,18,4.652,2.642,1576873
4.997,recovery,9,8,55.903,1.017,256.0,0,23,1,18,5.719,2.924,1576873
5.007,open,8,8,56.048,0.64,257.0,0,8,0,18,1.984,2.924,1602937
5.017,open,8,8,56.048,0.64,257.0,0,8,0,18,1.984,2.924,1602937
5.027,open,8,8,56.048,0.64,257.0,0,8,0,18,1.984,2.924,1602937
5.037,open,8,8,56.048,0.64,257.0,0,8,0,18,1.984,2.924,1602937
5.047,open,8,8,54.883,0.888,255.0,0,8,0,18,2.026,2.347,1608729
5.057,open,9,8,53.234,1.243,254.0,0,9,0,18,2.35,1.663,1614521
5.067,open,9,8,53.234,1.243,254.0,0,9,0,18,2.35,1.663,1614521
5.077,open,9,8,53.234,1.243,254.0,0,9,0,18,2.35,1.663,1614521
5.088,open,9,8,50.692,1.792,251.0,0,9,0,18,2.468,1.95,1620313
5.098,open,10,8,48.705,2.17,249.0,0,10,0,18,2.854,2.122,1626105
5.108,open,10,8,48.705,2.17,249.0,0,10,0,18,2.854,2.122,1626105
5.118,open,10,8,48.705,2.17,249.0,0,10,0,18,2.854,2.122,1626105
5.128,open,10,8,50.17,7.335,251.0,0,10,0,18,2.771,2.331,1633345
5.138,open,10,8,48.084,7.396,249.0,0,10,0,18,2.891,2.47,1639137
5.148,open,10,8,48.084,7.396,249.0,0,10,0,18,2.891,2.47,1639137
5.158,open,10,8,48.084,7.396,249.0,0,10,0,18,2.891,2.47,1639137
5.168,open,10,8,48.084,7.396,249.0,0,10,0,18,2.891,2.47,1639137
5.178,open,11,8,49.872,6.714,250.0,0,11,0,18,3.066,2.514,1650721
5.188,open,11,8,49.39,5.999,250.0,0,11,0,18,3.096,2.517,1653617
5.199,open,11,8,49.39,5.999,250.0,0,11,0,18,3.096,2.517,1653617
5.209,open,11,8,49.39,5.999,250.0,0,11,0,18,3.096,2.517,1653617
5.219,open,11,8,49.39,5.999,250.0,0,11,0,18,3.096,2.517,1653617
5.229,open,12,8,50.698,3.744,251.0,0,11,0,18,3.29,2.276,1665201
5.239,open,12,8,51.034,2.69,252.0,0,12,0,18,3.269,2.443,1669545
5.249,open,12,8,51.034,2.69,252.0,0,12,0,18,3.269,2.443,1669545
5.259,open,12,8,51.034,2.69,252.0,0,12,0,18,3.269,2.443,1669545
5.269,open,12,8,51.034,2.69,252.0,0,12,0,18,3.269,2.443,1669545
5.279,open,13,8,52.131,3.414,253.0,0,12,0,18,3.466,2.287,1675337
5.289,open,13,8,53.899,3.508,254.0,0,13,0,18,3.353,2.442,1686921
5.299,open,13,8,53.899,3.508,254.0,0,13,0,18,3.353,2.442,1686921
5.309,open,13,8,53.899,3.508,254.0,0,13,0,18,3.353,2.442,1686921
5.320,open,13,8,53.899,3.508,254.0,0,13,0,18,3.353,2.442,1686921
5.330,open,13,8,53.899,3.508,254.0,0,13,0,18,3.353,2.442,1686921
5.340,open,14,8,55.195,4.219,256.0,0,13,0,18,3.526,2.339,1692713
5.350,open,14,8,57.406,3.636,258.0,0,14,0,18,3.39,2.483,1705745
5.360,open,14,8,57.406,3.636,258.0,0,14,0,18,3.39,2.483,1705745
5.370,open,14,8,57.406,3.636,258.0,0,14,0,18,3.39,2.483,1705745
5.380,open,14,8,57.406,3.636,258.0,0,14,0,18,3.39,2.483,1705745
5.390,open,14,8,57.406,3.636,258.0,0,14,0,18,3.39,2.483,1705745
5.400,open,14,8,58.146,3.327,259.0,0,14,0,18,3.347,2.487,1711537
5.410,open,15,8,59.147,2.356,260.0,0,14,0,18,3.525,2.487,1723121
5.420,open,15,8,59.475,2.424,260.0,0,15,0,18,3.506,2.625,1726017
5.431,open,15,8,59.475,2.424,260.0,0,15,0,18,3.506,2.625,1726017
5.441,open,15,8,59.475,2.424,260.0,0,15,0,18,3.506,2.625,1726017
5.451,open,15,8,59.475,2.424,260.0,0,15,0,18,3.506,2.625,1726017
5.461,open,16,8,59.032,1.689,260.0,0,16,0,18,3.768,2.678,1734705
5.471,open,16,8,58.659,1.02,259.0,0,16,0,18,3.792,2.625,1746289
5.481,open,16,8,58.659,1.02,259.0,0,16,0,18,3.792,2.625,1746289
5.491,open,16,8,58.659,1.02,259.0,0,16,0,18,3.792,2.625,1746289
5.501,open,16,8,58.659,1.02,259.0,0,16,0,18,3.792,2.625,1746289
5.511,open,16,8,62.321,9.975,263.0,0,16,0,18,3.569,2.989,1750633
5.521,recovery,15,8,58.098,6.028,259.0,0,19,1,19,4.546,2.79,1757873
5.532,recovery,14,8,57.134,3.982,258.0,0,21,1,19,4.866,2.989,1757873
5.542,recovery,14,8,57.134,3.982,258.0,0,21,1,19,4.866,2.989,1757873
5.552,recovery,14,8,57.134,3.982,258.0,0,21,1,19,4.866,2.989,1757873
5.562,recovery,10,8,49.335,4.767,250.0,0,25,1,19,6.762,2.975,1757873
5.572,open,8,8,47.79,3.041,248.0,0,8,0,19,2.327,2.918,1788281
5.582,open,8,8,47.79,3.041,248.0,0,8,0,19,2.327,2.918,1788281
5.592,open,8,8,47.79,3.041,248.0,0,8,0,19,2.327,2.918,1788281
5.602,open,8,8,46.834,3.032,247.0,0,8,0,19,2.374,2.59,1794073
5.612,open,9,8,45.515,3.169,246.0,0,9,0,19,2.749,2.173,1799865
5.622,open,9,8,45.515,3.169,246.0,0,9,0,19,2.749,2.173,1799865
5.632,open,9,8,45.515,3.169,246.0,0,9,0,19,2.749,2.173,1799865
5.642,open,9,8,45.515,3.169,246.0,0,9,0,19,2.749,2.173,1799865
5.653,open,10,8,45.516,1.675,246.0,0,10,0,19,3.054,2.125,1811449
5.663,open,10,8,45.429,1.431,246.0,0,10,0,19,3.06,2.326,1812897
5.673,open,10,8,45.429,1.431,246.0,0,10,0,19,3.06,2.326,1812897
5.683,open,10,8,45.429,1.431,246.0,0,10,0,19,3.06,2.326,1812897
5.693,open,10,8,45.429,1.431,246.0,0,10,0,19,3.06,2.326,1812897
5.703,open,11,8,47.319,2.689,248.0,0,11,0,19,3.231,2.332,1825929
5.713,open,11,8,47.319,2.689,248.0,0,11,0,19,3.231,2.332,1825929
5.723,open,11,8,47.319,2.689,248.0,0,11,0,19,3.231,2.332,1825929
5.733,open,11,8,47.319,2.689,248.0,0,11,0,19,3.231,2.332,1825929
5.743,open,11,8,47.319,2.689,248.0,0,11,0,19,3.231,2.332,1825929
5.753,open,12,8,52.47,4.329,253.0,0,12,0,19,3.179,2.221,1838961
5.763,open,12,8,52.583,3.472,253.0,0,12,0,19,3.172,2.388,1841857
5.773,open,12,8,52.583,3.472,253.0,0,12,0,19,3.172,2.388,1841857
5.783,open,12,8,52.583,3.472,253.0,0,12,0,19,3.172,2.388,1841857
5.793,open,12,8,52.583,3.472,253.0,0,12,0,19,3.172,2.388,1841857
5.804,open,12,8,53.674,3.073,254.0,0,12,0,19,3.108,2.287,1849097
5.814,open,13,8,54.935,2.754,255.0,0,13,0,19,3.29,2.442,1859233
5.824,open,13,8,54.935,2.754,255.0,0,13,0,19,3.29,2.442,1859233
5.834,open,13,8,54.935,2.754,255.0,0,13,0,19,3.29,2.442,1859233
5.844,open,13,8,54.935,2.754,255.0,0,13,0,19,3.29,2.442,1859233
5.854,open,13,8,54.935,2.754,255.0,0,13,0,19,3.29,2.442,1859233
5.864,open,13,8,56.156,2.988,257.0,0,13,0,19,3.218,2.387,1866473
5.874,open,14,8,57.167,2.369,258.0,0,14,0,19,3.404,2.533,1878057
5.884,open,14,8,57.167,2.369,258.0,0,14,0,19,3.404,2.533,1878057
5.894,open,14,8,57.167,2.369,258.0,0,14,0,19,3.404,2.533,1878057
5.905,open,14,8,57.167,2.369,258.0,0,14,0,19,3.404,2.533,1878057
5.915,open,14,8,56.847,2.375,257.0,0,14,0,19,3.423,2.586,1880953
5.925,open,14,8,55.816,1.796,256.0,0,14,0,19,3.487,2.586,1893985
5.935,open,15,8,55.652,1.674,256.0,0,15,0,19,3.747,2.533,1896881
5.945,open,15,8,55.652,1.674,256.0,0,15,0,19,3.747,2.533,1896881
5.955,open,15,8,55.652,1.674,256.0,0,15,0,19,3.747,2.533,1896881
5.965,open,15,8,59.169,9.821,260.0,0,15,0,19,3.524,2.97,1901225
5.975,open,15,8,56.351,6.76,257.0,0,15,0,19,3.7,2.975,1911361
5.985,open,16,8,55.344,5.548,256.0,0,16,0,19,4.019,2.975,1917153
5.995,open,16,8,55.344,5.548,256.0,0,16,0,19,4.019,2.975,1917153
6.005,open,16,8,55.344,5.548,256.0,0,16,0,19,4.019,2.975,1917153
6.015,open,16,8,58.267,11.202,259.0,0,16,0,19,3.817,3.415,1921497
6.025,disorder,16,8,54.929,6.381,255.0,0,17,0,19,4.049,3.116,1933081
6.035,recovery,14,8,53.373,4.824,254.0,0,18,1,20,4.688,3.338,1933081
6.046,recovery,14,8,53.373,4.824,254.0,0,18,1,20,4.688,3.338,1933081
6.056,recovery,14,8,53.373,4.824,254.0,0,18,1,20,4.688,3.338,1933081
6.066,recovery,12,8,50.623,4.165,251.0,0,21,1,20,5.492,3.499,1933081
6.076,open,8,8,48.564,1.679,249.0,0,8,0,20,2.29,3.494,1959145
6.086,open,8,8,48.564,1.679,249.0,0,8,0,20,2.29,3.494,1959145
6.096,open,8,8,48.564,1.679,249.0,0,8,0,20,2.29,3.494,1959145
6.106,open,8,8,48.564,1.679,249.0,0,8,0,20,2.29,3.494,1959145
6.116,open,8,8,48.039,1.484,249.0,0,8,0,20,2.315,2.464,1966385
6.126,open,9,8,47.369,1.605,248.0,0,9,0,20,2.641,1.921,1969281
6.136,open,9,8,47.369,1.605,248.0,0,9,0,20,2.641,1.921,1969281
6.146,open,9,8,47.369,1.605,248.0,0,9,0,20,2.641,1.921,1969281
6.156,open,9,8,47.849,7.684,248.0,0,9,0,20,2.615,1.955,1979417
6.166,open,9,8,47.028,7.405,248.0,0,9,0,20,2.66,2.234,1980865
6.177,open,9,8,47.028,7.405,248.0,0,9,0,20,2.66,2.234,1980865
6.187,open,9,8,47.028,7.405,248.0,0,9,0,20,2.66,2.234,1980865
6.197,open,9,8,47.028,7.405,248.0,0,9,0,20,2.66,2.234,1980865
6.207,open,10,8,50.807,5.441,251.0,0,10,0,20,2.736,2.102,1992449
6.217,open,10,8,50.807,5.441,251.0,0,10,0,20,2.736,2.102,1992449
6.227,open,10,8,50.807,5.441,251.0,0,10,0,20,2.736,2.102,1992449
6.237,open,10,8,50.807,5.441,251.0,0,10,0,20,2.736,2.102,1992449
6.247,open,10,8,50.807,5.441,251.0,0,10,0,20,2.736,2.102,1992449
6.257,open,11,8,55.365,6.467,256.0,0,11,0,20,2.762,2.122,2002585
6.267,open,11,8,55.32,3.928,256.0,0,11,0,20,2.764,2.121,2006929
6.277,open,11,8,55.32,3.928,256.0,0,11,0,20,2.764,2.121,2006929
6.287,open,11,8,55.32,3.928,256.0,0,11,0,20,2.764,2.121,2006929
6.298,open,11,8,55.32,3.928,256.0,0,11,0,20,2.764,2.121,2006929
6.308,open,11,8,55.776,3.857,256.0,0,11,0,20,2.741,1.915,2009825
6.318,open,12,8,56.342,1.609,257.0,0,12,0,20,2.961,2.238,2021409
6.328,open,12,8,56.342,1.609,257.0,0,12,0,20,2.961,2.238,2021409
6.338,open,12,8,56.342,1.609,257.0,0,12,0,20,2.961,2.238,2021409
6.348,open,12,8,56.342,1.609,257.0,0,12,0,20,2.961,2.238,2021409
6.358,open,12,8,56.342,1.609,257.0,0,12,0,20,2.961,2.238,2021409
6.368,disorder,12,8,60.746,8.029,261.0,0,14,0,20,2.975,1.83,2024305
6.378,recovery,8,6,60.176,1.607,261.0,0,17,1,21,3.696,2.11,2024305
6.388,recovery,8,6,60.176,1.607,261.0,0,17,1,21,3.696,2.11,2024305
6.399,recovery,8,6,60.176,1.607,261.0,0,17,1,21,3.696,2.11,2024305
6.409,recovery,7,6,58.655,1.936,259.0,0,17,1,21,4.029,1.299,2024305
6.419,open,6,6,55.163,2.533,256.0,0,6,0,21,1.512,2.19,2044577
6.429,open,6,6,54.36,2.654,255.0,0,6,0,21,1.534,1.726,2047473
6.439,open,6,6,54.36,2.654,255.0,0,6,0,21,1.534,1.726,2047473
6.449,open,6,6,54.36,2.654,255.0,0,6,0,21,1.534,1.726,2047473
6.459,open,7,6,55.519,8.647,256.0,0,7,0,21,1.753,1.399,2053265
6.469,open,7,6,53.731,8.823,254.0,0,7,0,21,1.811,1.501,2056161
6.479,open,7,6,53.731,8.823,254.0,0,7,0,21,1.811,1.501,2056161
6.489,open,7,6,53.731,8.823,254.0,0,7,0,21,1.811,1.501,2056161
6.499,open,7,6,53.731,8.823,254.0,0,7,0,21,1.811,1.501,2056161
6.509,open,8,6,50.04,7.391,251.0,0,8,0,21,2.222,1.808,2066297
6.520,open,8,6,50.04,7.391,251.0,0,8,0,21,2.222,1.808,2066297
6.530,open,8,6,50.04,7.391,251.0,0,8,0,21,2.222,1.808,2066297
6.540,open,8,6,50.04,7.391,251.0,0,8,0,21,2.222,1.808,2066297
6.550,open,8,6,49.855,5.914,250.0,0,8,0,21,2.231,1.67,2069193
6.560,open,9,6,49.84,2.94,250.0,0,9,0,21,2.51,1.862,2076433
6.570,open,9,6,49.84,2.94,250.0,0,9,0,21,2.51,1.862,2076433
6.580,open,9,6,49.84,2.94,250.0,0,9,0,21,2.51,1.862,2076433
6.590,open,9,6,49.84,2.94,250.0,0,9,0,21,2.51,1.862,2076433
6.600,open,9,6,54.858,12.242,255.0,0,9,0,21,2.281,1.03,2077881
6.610,open,10,6,54.737,5.348,255.0,0,9,0,21,2.54,1.701,2086569
6.620,open,10,6,55.01,4.557,256.0,0,10,0,21,2.527,1.871,2089465
6.630,open,10,6,55.01,4.557,256.0,0,10,0,21,2.527,1.871,2089465
6.641,open,10,6,55.01,4.557,256.0,0,10,0,21,2.527,1.871,2089465
6.651,open,10,6,55.01,4.557,256.0,0,10,0,21,2.527,1.871,2089465
6.661,open,10,6,55.414,3.124,256.0,0,10,0,21,2.509,1.911,2096705
6.671,open,11,6,55.216,2.102,256.0,0,10,0,21,2.769,1.871,2102497
6.681,open,11,6,55.216,2.102,256.0,0,10,0,21,2.769,1.871,2102497
6.691,open,11,6,55.216,2.102,256.0,0,10,0,21,2.769,1.871,2102497
6.701,open,11,6,55.216,2.102,256.0,0,10,0,21,2.769,1.871,2102497
6.711,open,11,6,59.626,10.969,260.0,0,11,0,21,2.564,2.171,2106841
6.721,open,12,6,57.106,6.836,258.0,0,12,0,21,2.921,2.123,2116977
6.731,open,12,6,57.106,6.836,258.0,0,12,0,21,2.921,2.123,2116977
6.741,open,12,6,57.106,6.836,258.0,0,12,0,21,2.921,2.123,2116977
6.751,open,12,6,57.106,6.836,258.0,0,12,0,21,2.921,2.123,2116977
6.761,open,12,6,55.577,6.45,256.0,0,12,0,21,3.001,2.391,2122769
6.772,open,12,6,53.779,4.428,254.0,0,12,0,21,3.102,2.391,2132905
6.782,open,12,6,53.779,4.428,254.0,0,12,0,21,3.102,2.391,2132905
6.792,open,12,6,53.779,4.428,254.0,0,12,0,21,3.102,2.391,2132905
6.802,open,12,6,53.779,4.428,254.0,0,12,0,21,3.102,2.391,2132905
6.812,open,13,6,54.822,9.661,255.0,0,13,0,21,3.296,2.728,2143041
6.822,open,13,6,52.848,7.052,253.0,0,13,0,21,3.419,2.728,2150281
6.832,open,13,6,52.848,7.052,253.0,0,13,0,21,3.419,2.728,2150281
6.842,open,13,6,52.848,7.052,253.0,0,13,0,21,3.419,2.728,2150281
6.852,open,14,6,51.854,7.08,252.0,0,14,0,21,3.753,2.943,2153177
6.862,open,14,6,49.576,5.29,250.0,0,14,0,21,3.925,3.109,2164761
6.872,open,14,6,49.141,4.836,250.0,0,14,0,21,3.96,3.188,2167657
6.882,open,14,6,49.141,4.836,250.0,0,14,0,21,3.96,3.188,2167657
6.892,open,14,6,49.141,4.836,250.0,0,14,0,21,3.96,3.188,2167657
6.903,open,15,6,50.91,7.162,251.0,0,15,0,21,4.096,3.433,2176345
6.913,open,15,6,49.389,4.249,250.0,0,15,0,21,4.222,3.433,2187929
6.923,open,15,6,49.389,4.249,250.0,0,15,0,21,4.222,3.433,2187929
6.933,open,15,6,49.389,4.249,250.0,0,15,0,21,4.222,3.433,2187929
6.943,open,15,6,49.389,4.249,250.0,0,15,0,21,4.222,3.433,2187929
6.953,open,16,6,49.953,2.247,250.0,0,16,0,21,4.452,3.411,2198065
6.963,open,16,6,50.364,1.248,251.0,0,16,0,21,4.416,3.41,2209649
6.973,open,16,6,50.364,1.248,251.0,0,16,0,21,4.416,3.41,2209649
6.983,open,16,6,50.364,1.248,251.0,0,16,0,21,4.416,3.41,2209649
6.993,open,16,6,50.364,1.248,251.0,0,16,0,21,4.416,3.41,2209649
7.003,open,16,6,51.185,2.578,252.0,0,16,0,21,4.345,3.052,2212545
7.013,open,17,6,53.964,4.518,254.0,0,16,0,21,4.379,3.188,2224129
7.023,open,17,6,55.343,3.979,256.0,0,17,0,21,4.27,3.188,2232817
7.034,open,17,6,55.343,3.979,256.0,0,17,0,21,4.27,3.188,2232817
7.044,open,17,6,55.343,3.979,256.0,0,17,0,21,4.27,3.188,2232817
7.054,open,17,6,55.343,3.979,256.0,0,17,0,21,4.27,3.188,2232817
7.064,open,17,6,56.004,4.306,257.0,0,17,0,21,4.22,3.057,2235713
7.074,open,18,6,57.916,3.857,258.0,0,17,0,21,4.32,3.057,2247297
7.084,open,18,6,58.811,2.972,259.0,0,17,0,21,4.255,3.057,2255985
7.094,open,18,6,58.811,2.972,259.0,0,17,0,21,4.255,3.057,2255985
7.104,open,18,6,58.811,2.972,259.0,0,17,0,21,4.255,3.057,2255985
7.114,open,18,6,58.811,2.972,259.0,0,17,0,21,4.255,3.057,2255985
7.124,open,18,6,64.244,13.096,265.0,0,18,0,21,3.895,1.925,2257433
7.134,open,18,6,64.627,6.1,265.0,0,18,0,21,3.872,3.011,2266121
7.144,open,19,6,64.967,2.382,265.0,0,19,0,21,4.065,3.007,2277705
7.155,open,19,6,65.032,1.915,266.0,0,19,0,21,4.061,3.007,2280601
7.165,open,19,6,65.032,1.915,266.0,0,19,0,21,4.061,3.007,2280601
7.175,open,19,6,65.032,1.915,266.0,0,19,0,21,4.061,3.007,2280601
7.185,open,19,6,64.424,2.007,265.0,0,19,0,21,4.1,2.039,2283497
7.195,open,19,6,63.82,2.032,264.0,0,19,0,21,4.138,3.188,2289289
7.205,disorder,20,6,63.167,1.148,264.0,0,21,0,21,4.401,3.184,2302321
7.215,recovery,19,10,62.706,1.165,263.0,0,22,1,22,4.877,3.184,2302321
7.225,recovery,19,10,62.706,1.165,263.0,0,22,1,22,4.877,3.184,2302321
7.235,recovery,19,10,62.706,1.165,263.0,0,22,1,22,4.877,3.184,2302321
7.245,recovery,19,10,62.706,1.165,263.0,0,22,1,22,4.877,3.184,2302321
7.256,recovery,16,10,62.805,0.89,263.0,0,25,1,22,5.312,3.318,2302321
7.266,recovery,12,10,62.88,0.946,263.0,0,29,1,22,6.19,3.436,2302321
7.277,open,10,10,63.232,0.734,264.0,0,10,0,22,2.198,3.49,2334177
7.287,open,10,10,63.232,0.734,264.0,0,10,0,22,2.198,3.49,2334177
7.297,open,10,10,63.232,0.734,264.0,0,10,0,22,2.198,3.49,2334177
7.307,open,10,10,63.232,0.734,264.0,0,10,0,22,2.198,3.49,2334177
7.318,open,10,10,63.033,1.234,264.0,0,10,0,22,2.205,2.765,2339969
7.328,open,11,10,60.616,1.711,261.0,0,11,0,22,2.523,1.837,2348657
7.338,open,11,10,60.616,1.711,261.0,0,11,0,22,2.523,1.837,2348657
7.348,open,11,10,60.616,1.711,261.0,0,11,0,22,2.523,1.837,2348657
7.358,open,11,10,56.079,2.721,257.0,0,11,0,22,2.727,2.027,2354449
7.368,open,12,10,51.19,3.655,252.0,0,12,0,22,3.259,2.174,2363137
7.379,open,12,10,51.19,3.655,252.0,0,12,0,22,3.259,2.174,2363137
7.389,open,12,10,51.19,3.655,252.0,0,12,0,22,3.259,2.174,2363137
7.399,open,12,10,52.328,7.947,253.0,0,12,0,22,3.188,3.002,2367481
7.409,open,12,10,47.84,7.945,248.0,0,12,0,22,3.487,3.088,2379065
7.419,open,12,10,47.84,7.945,248.0,0,12,0,22,3.487,3.088,2379065
7.429,open,12,10,47.84,7.945,248.0,0,12,0,22,3.487,3.088,2379065
7.439,open,13,10,48.6,10.042,249.0,0,13,0,22,3.718,3.002,2386305
7.449,open,13,10,45.547,7.158,246.0,0,13,0,22,3.968,3.37,2396441
7.459,open,13,10,45.547,7.158,246.0,0,13,0,22,3.968,3.37,2396441
7.469,open,13,10,45.547,7.158,246.0,0,13,0,22,3.968,3.37,2396441
7.480,open,13,10,45.547,7.158,246.0,0,13,0,22,3.968,3.37,2396441
7.490,open,14,10,45.951,2.327,246.0,0,14,0,22,4.235,3.268,2409473
7.500,open,14,10,45.981,1.36,246.0,0,14,0,22,4.232,3.268,2415265
7.510,open,14,10,45.981,1.36,246.0,0,14,0,22,4.232,3.268,2415265
7.520,open,14,10,45.981,1.36,246.0,0,14,0,22,4.232,3.268,2415265
7.530,open,15,10,46.294,1.307,247.0,0,14,0,22,4.504,3.183,2421057
7.540,open,15,10,47.604,1.747,248.0,0,15,0,22,4.38,3.342,2432641
7.550,open,15,10,47.72,1.541,248.0,0,15,0,22,4.369,3.342,2435537
7.560,open,15,10,47.72,1.541,248.0,0,15,0,22,4.369,3.342,2435537
7.571,open,15,10,47.72,1.541,248.0,0,15,0,22,4.369,3.342,2435537
7.581,open,15,10,48.416,2.548,249.0,0,15,0,22,4.307,3.043,2438433
7.591,open,16,10,50.716,3.927,251.0,0,15,0,22,4.385,3.188,2450017
7.601,open,16,10,52.098,3.723,253.0,0,16,0,22,4.269,3.188,2457257
7.611,open,16,10,52.098,3.723,253.0,0,16,0,22,4.269,3.188,2457257
7.621,open,16,10,52.098,3.723,253.0,0,16,0,22,4.269,3.188,2457257
7.631,open,16,10,52.098,3.723,253.0,0,16,0,22,4.269,3.188,2457257
7.641,open,16,10,52.963,3.595,253.0,0,16,0,22,4.199,3.114,2463049
7.651,open,17,10,54.341,2.412,255.0,0,16,0,22,4.349,3.114,2477529
7.661,open,17,10,54.673,2.473,255.0,0,17,0,22,4.322,3.252,2480425
7.671,open,17,10,54.673,2.473,255.0,0,17,0,22,4.322,3.252,2480425
7.681,open,17,10,54.673,2.473,255.0,0,17,0,22,4.322,3.252,2480425
7.692,open,17,10,54.673,2.473,255.0,0,17,0,22,4.322,3.252,2480425
7.702,open,18,10,56.216,3.363,257.0,0,17,0,22,4.451,3.123,2489113
7.712,recovery,17,9,57.304,1.946,258.0,0,20,1,23,4.852,2.845,2496353
7.722,recovery,16,9,57.884,2.141,258.0,0,21,1,23,4.803,3.071,2496353
7.732,recovery,16,9,57.884,2.141,258.0,0,21,1,23,4.803,3.071,2496353
7.742,recovery,16,9,57.884,2.141,258.0,0,21,1,23,4.803,3.071,2496353
7.752,recovery,13,9,53.617,2.742,254.0,0,24,1,23,5.963,3.123,2496353
7.762,recovery,9,9,51.897,1.948,252.0,0,27,1,23,6.964,3.188,2496353
7.772,open,9,9,52.43,2.008,253.0,0,9,0,23,2.386,3.46,2525313
7.782,open,9,9,52.43,2.008,253.0,0,9,0,23,2.386,3.46,2525313
7.793,open,9,9,52.43,2.008,253.0,0,9,0,23,2.386,3.46,2525313
7.803,open,9,9,56.267,8.267,257.0,0,9,0,23,2.223,2.948,2531105
7.813,open,10,9,54.597,7.518,255.0,0,10,0,23,2.546,1.918,2536897
7.823,open,10,9,54.597,7.518,255.0,0,10,0,23,2.546,1.918,2536897
7.833,open,10,9,54.597,7.518,255.0,0,10,0,23,2.546,1.918,2536897
7.843,open,10,9,55.599,11.5,256.0,0,10,0,23,2.5,1.948,2541241
7.853,open,10,9,51.12,11.463,252.0,0,10,0,23,2.719,2.255,2549929
7.863,open,10,9,51.12,11.463,252.0,0,10,0,23,2.719,2.255,2549929
7.873,open,10,9,51.12,11.463,252.0,0,10,0,23,2.719,2.255,2549929
7.883,open,10,9,51.12,11.463,252.0,0,10,0,23,2.719,2.255,2549929
7.894,open,11,9,50.88,9.147,251.0,0,11,0,23,3.005,2.528,2561513
7.904,open,11,9,50.099,8.422,251.0,0,11,0,23,3.052,2.595,2564409
7.914,open,11,9,50.099,8.422,251.0,0,11,0,23,3.052,2.595,2564409
7.924,open,11,9,50.099,8.422,251.0,0,11,0,23,3.052,2.595,2564409
7.934,open,12,9,49.606,7.302,250.0,0,12,0,23,3.363,2.51,2567305
7.944,open,12,9,48.709,2.86,249.0,0,12,0,23,3.425,2.692,2580337
7.954,open,12,9,48.709,2.86,249.0,0,12,0,23,3.425,2.692,2580337
7.964,open,12,9,48.709,2.86,249.0,0,12,0,23,3.425,2.692,2580337
7.974,open,12,9,48.709,2.86,249.0,0,12,0,23,3.425,2.692,2580337
7.984,open,13,9,46.83,2.587,247.0,0,13,0,23,3.859,3.013,2593369
7.995,open,13,9,46.495,2.077,247.0,0,13,0,23,3.887,2.937,2597713
8.005,open,13,9,46.495,2.077,247.0,0,13,0,23,3.887,2.937,2597713
8.015,open,13,9,46.495,2.077,247.0,0,13,0,23,3.887,2.937,2597713
8.025,open,13,9,46.495,2.077,247.0,0,13,0,23,3.887,2.937,2597713
8.035,open,14,9,48.732,3.72,249.0,0,13,0,23,3.993,2.888,2609297
8.045,open,14,9,49.531,3.476,250.0,0,13,0,23,3.929,2.888,2615089
8.055,open,14,9,49.531,3.476,250.0,0,13,0,23,3.929,2.888,2615089
8.065,open,14,9,49.531,3.476,250.0,0,13,0,23,3.929,2.888,2615089
8.075,open,14,9,49.531,3.476,250.0,0,13,0,23,3.929,2.888,2615089
8.085,open,14,9,55.185,7.937,256.0,0,14,0,23,3.527,2.7,2622329
8.095,open,15,9,55.403,2.797,256.0,0,15,0,23,3.764,2.703,2633913
8.105,open,15,9,55.403,2.797,256.0,0,15,0,23,3.764,2.703,2633913
8.115,open,15,9,55.403,2.797,256.0,0,15,0,23,3.764,2.703,2633913
8.125,open,15,9,55.403,2.797,256.0,0,15,0,23,3.764,2.703,2633913
8.136,open,15,9,55.403,2.797,256.0,0,15,0,23,3.764,2.703,2633913
8.146,recovery,13,7,56.274,1.76,257.0,0,17,1,24,4.199,2.596,2638257
8.156,recovery,10,7,57.749,1.529,258.0,0,21,1,24,4.814,2.739,2638257
8.166,recovery,10,7,57.749,1.529,258.0,0,21,1,24,4.814,2.739,2638257
8.176,recovery,10,7,57.749,1.529,258.0,0,21,1,24,4.814,2.739,2638257
8.186,recovery,10,7,57.749,1.529,258.0,0,21,1,24,4.814,2.739,2638257
8.196,recovery,10,7,57.749,1.529,258.0,0,21,1,24,4.814,2.739,2638257
8.206,open,7,7,60.241,2.758,261.0,0,7,0,24,1.615,2.625,2662873
8.216,open,7,7,60.061,2.143,261.0,0,7,0,24,1.62,1.956,2668665
8.227,open,7,7,60.061,2.143,261.0,0,7,0,24,1.62,1.956,2668665
8.237,open,7,7,60.061,2.143,261.0,0,7,0,24,1.62,1.956,2668665
8.247,open,7,7,60.061,2.143,261.0,0,7,0,24,1.62,1.956,2668665
8.257,open,8,7,54.622,3.182,255.0,0,8,0,24,2.036,1.45,2678801
8.267,open,8,7,54.622,3.182,255.0,0,8,0,24,2.036,1.45,2678801
8.277,open,8,7,54.622,3.182,255.0,0,8,0,24,2.036,1.45,2678801
8.287,open,8,7,54.622,3.182,255.0,0,8,0,24,2.036,1.45,2678801
8.297,open,9,7,51.035,3.758,252.0,0,9,0,24,2.451,2.064,2686041
8.307,open,9,7,49.452,3.917,250.0,0,9,0,24,2.53,2.01,2690385
8.318,open,9,7,49.452,3.917,250.0,0,9,0,24,2.53,2.01,2690385
8.328,open,9,7,49.452,3.917,250.0,0,9,0,24,2.53,2.01,2690385
8.338,open,10,7,47.82,4.077,248.0,0,10,0,24,2.907,2.18,2696177
8.348,open,10,7,46.978,3.785,247.0,0,10,0,24,2.959,2.39,2701969
8.358,open,10,7,46.978,3.785,247.0,0,10,0,24,2.959,2.39,2701969
8.368,open,10,7,46.978,3.785,247.0,0,10,0,24,2.959,2.39,2701969
8.378,open,10,7,46.978,3.785,247.0,0,10,0,24,2.959,2.39,2701969
8.388,open,11,7,49.999,5.104,250.0,0,11,0,24,3.058,2.392,2713553
8.398,open,11,7,49.805,4.217,250.0,0,11,0,24,3.07,2.391,2716449
8.408,open,11,7,49.805,4.217,250.0,0,11,0,24,3.07,2.391,2716449
8.418,open,11,7,49.805,4.217,250.0,0,11,0,24,3.07,2.391,2716449
8.429,open,11,7,49.805,4.217,250.0,0,11,0,24,3.07,2.391,2716449
8.439,open,11,7,51.133,3.761,252.0,0,11,0,24,2.99,2.17,2723689
8.449,open,12,7,52.302,3.403,253.0,0,12,0,24,3.189,2.331,2732377
8.459,open,12,7,52.302,3.403,253.0,0,12,0,24,3.189,2.331,2732377
8.469,open,12,7,52.302,3.403,253.0,0,12,0,24,3.189,2.331,2732377
8.479,open,12,7,52.302,3.403,253.0,0,12,0,24,3.189,2.331,2732377
8.489,open,12,7,52.302,3.403,253.0,0,12,0,24,3.189,2.331,2732377
8.499,open,12,7,54.335,3.752,255.0,0,12,0,24,3.07,2.238,2742513
8.509,open,13,7,54.934,3.146,255.0,0,12,0,24,3.29,2.241,2748305
8.520,open,13,7,54.934,3.146,255.0,0,12,0,24,3.29,2.241,2748305
8.530,open,13,7,54.934,3.146,255.0,0,12,0,24,3.29,2.241,2748305
8.540,open,13,7,54.934,3.146,255.0,0,12,0,24,3.29,2.241,2748305
8.550,open,13,7,60.083,11.043,261.0,0,13,0,24,3.008,2.439,2752649
8.560,open,14,7,58.933,4.977,259.0,0,14,0,24,3.302,2.439,2762785
8.570,open,14,7,58.841,3.917,259.0,0,14,0,24,3.307,2.389,2765681
8.580,open,14,7,58.841,3.917,259.0,0,14,0,24,3.307,2.389,2765681
8.590,open,14,7,58.841,3.917,259.0,0,14,0,24,3.307,2.389,2765681
8.600,open,14,7,57.085,4.107,258.0,0,14,0,24,3.409,2.643,2771473
8.610,open,15,7,55.164,3.585,256.0,0,15,0,24,3.78,2.846,2783057
8.620,open,15,7,54.779,3.46,255.0,0,15,0,24,3.806,2.787,2785953
8.630,open,15,7,54.779,3.46,255.0,0,15,0,24,3.806,2.787,2785953
8.641,open,15,7,54.779,3.46,255.0,0,15,0,24,3.806,2.787,2785953
8.651,open,15,7,54.754,2.644,255.0,0,15,0,24,3.808,2.971,2788849
8.661,open,15,7,55.098,1.633,256.0,0,15,0,24,3.784,2.906,2797537
8.671,recovery,14,7,55.252,0.956,256.0,0,17,1,25,4.277,2.907,2801881
8.681,recovery,14,7,55.252,0.956,256.0,0,17,1,25,4.277,2.907,2801881
8.691,recovery,14,7,55.252,0.956,256.0,0,17,1,25,4.277,2.907,2801881
8.701,recovery,13,7,54.677,1.069,255.0,0,17,1,25,4.322,2.759,2801881
8.711,recovery,10,7,51.278,1.621,252.0,0,21,1,25,5.422,2.906,2801881
8.721,open,7,7,49.912,1.335,250.0,0,7,0,25,1.95,2.907,2826497
8.731,open,7,7,49.912,1.335,250.0,0,7,0,25,1.95,2.907,2826497
8.741,open,7,7,49.912,1.335,250.0,0,7,0,25,1.95,2.907,2826497
8.751,open,7,7,48.29,1.652,249.0,0,7,0,25,2.015,2.343,2832289
8.762,open,8,7,47.712,1.744,248.0,0,8,0,25,2.331,1.639,2835185
8.772,open,8,7,47.712,1.744,248.0,0,8,0,25,2.331,1.639,2835185
8.782,open,8,7,47.712,1.744,248.0,0,8,0,25,2.331,1.639,2835185
8.792,open,8,7,48.213,6.724,249.0,0,8,0,25,2.307,1.968,2842425
8.802,open,8,7,47.338,6.733,248.0,0,8,0,25,2.349,1.968,2845321
8.812,open,8,7,47.338,6.733,248.0,0,8,0,25,2.349,1.968,2845321
8.822,open,8,7,47.338,6.733,248.0,0,8,0,25,2.349,1.968,2845321
8.832,open,9,7,48.442,8.577,249.0,0,9,0,25,2.583,1.968,2852561
8.842,open,9,7,46.746,7.764,247.0,0,9,0,25,2.676,2.249,2856905
8.852,open,9,7,46.746,7.764,247.0,0,9,0,25,2.676,2.249,2856905
8.862,open,9,7,46.746,7.764,247.0,0,9,0,25,2.676,2.249,2856905
8.873,open,10,7,46.595,4.914,247.0,0,10,0,25,2.983,2.264,2862697
8.883,open,10,7,45.581,3.408,246.0,0,10,0,25,3.05,2.53,2869937
8.893,open,10,7,45.581,3.408,246.0,0,10,0,25,3.05,2.53,2869937
8.903,open,10,7,45.581,3.408,246.0,0,10,0,25,3.05,2.53,2869937
8.913,open,10,7,45.581,3.408,246.0,0,10,0,25,3.05,2.53,2869937
8.923,open,11,7,45.082,1.622,246.0,0,11,0,25,3.392,2.657,2882969
8.933,open,11,7,45.082,1.622,246.0,0,11,0,25,3.392,2.657,2882969
8.943,open,11,7,45.082,1.622,246.0,0,11,0,25,3.392,2.657,2882969
8.953,open,11,7,45.082,1.622,246.0,0,11,0,25,3.392,2.657,2882969
8.964,open,12,7,48.55,6.727,249.0,0,12,0,25,3.436,2.513,2890209
8.974,open,12,7,48.258,3.342,249.0,0,12,0,25,3.457,2.693,2898897
8.984,open,12,7,48.258,3.342,249.0,0,12,0,25,3.457,2.693,2898897
8.994,open,12,7,48.258,3.342,249.0,0,12,0,25,3.457,2.693,2898897
9.004,open,12,7,48.258,3.342,249.0,0,12,0,25,3.457,2.693,2898897
9.014,open,12,7,48.887,3.766,249.0,0,12,0,25,3.412,2.391,2901793
9.024,open,13,7,51.997,3.753,252.0,0,13,0,25,3.475,2.55,2916273
9.034,open,13,7,51.997,3.753,252.0,0,13,0,25,3.475,2.55,2916273
9.044,open,13,7,51.997,3.753,252.0,0,13,0,25,3.475,2.55,2916273
9.054,open,13,7,51.997,3.753,252.0,0,13,0,25,3.475,2.55,2916273
9.064,open,13,7,51.997,3.753,252.0,0,13,0,25,3.475,2.55,2916273
9.074,open,13,7,53.454,4.637,254.0,0,13,0,25,3.381,2.388,2922065
9.085,recovery,10,6,56.428,3.32,257.0,0,16,1,26,3.941,2.348,2924961
9.095,recovery,10,6,56.428,3.32,257.0,0,16,1,26,3.941,2.348,2924961
9.105,recovery,10,6,56.428,3.32,257.0,0,16,1,26,3.941,2.348,2924961
9.115,recovery,10,6,56.428,3.32,257.0,0,16,1,26,3.941,2.348,2924961
9.125,recovery,10,6,56.428,3.32,257.0,0,16,1,26,3.941,2.348,2924961
9.135,recovery,8,6,58.316,3.576,259.0,0,18,1,26,4.291,2.258,2924961
9.145,open,6,6,59.737,2.482,260.0,0,6,0,26,1.396,2.295,2946681
9.155,open,6,6,59.737,2.482,260.0,0,6,0,26,1.396,2.295,2946681
9.165,open,6,6,59.737,2.482,260.0,0,6,0,26,1.396,2.295,2946681
9.175,open,6,6,59.737,2.482,260.0,0,6,0,26,1.396,2.295,2946681
9.185,open,6,6,63.22,11.437,264.0,0,6,0,26,1.319,1.728,2951025
9.195,open,7,6,61.712,11.456,262.0,0,7,0,26,1.577,1.129,2953921
9.205,open,7,6,61.712,11.456,262.0,0,7,0,26,1.577,1.129,2953921
9.216,open,7,6,61.712,11.456,262.0,0,7,0,26,1.577,1.129,2953921
9.226,open,7,6,64.606,14.379,265.0,0,7,0,26,1.506,0.705,2956817
9.236,open,7,6,59.977,14.632,260.0,0,7,0,26,1.622,1.462,2962609
9.246,open,7,6,59.977,14.632,260.0,0,7,0,26,1.622,1.462,2962609
9.256,open,7,6,59.977,14.632,260.0,0,7,0,26,1.622,1.462,2962609
9.266,open,7,6,59.977,14.632,260.0,0,7,0,26,1.622,1.462,2962609
9.276,open,8,6,58.627,15.827,259.0,0,8,0,26,1.897,1.759,2969849
9.286,open,8,6,57.052,15.02,258.0,0,8,0,26,1.949,1.762,2972745
9.296,open,8,6,57.052,15.02,258.0,0,8,0,26,1.949,1.762,2972745
9.306,open,8,6,57.052,15.02,258.0,0,8,0,26,1.949,1.762,2972745
9.316,open,9,6,55.825,13.719,256.0,0,9,0,26,2.241,1.717,2975641
9.326,open,9,6,54.381,10.221,255.0,0,9,0,26,2.301,1.866,2981433
9.336,open,9,6,53.79,8.847,254.0,0,9,0,26,2.326,1.866,2984329
9.347,open,9,6,53.79,8.847,254.0,0,9,0,26,2.326,1.866,2984329
9.357,open,9,6,53.79,8.847,254.0,0,9,0,26,2.326,1.866,2984329
9.367,open,9,6,53.79,8.847,254.0,0,9,0,26,2.326,1.866,2984329
9.377,open,10,6,54.069,4.324,255.0,0,10,0,26,2.571,1.91,2991569
9.387,open,10,6,54.472,3.132,255.0,0,10,0,26,2.552,1.869,2997361
9.397,open,10,6,54.472,3.132,255.0,0,10,0,26,2.552,1.869,2997361
9.407,open,10,6,54.472,3.132,255.0,0,10,0,26,2.552,1.869,2997361
9.417,open,10,6,54.472,3.132,255.0,0,10,0,26,2.552,1.869,2997361
9.427,open,11,6,54.763,2.267,255.0,0,10,0,26,2.792,1.871,3003153
9.437,open,11,6,55.033,2.24,256.0,0,11,0,26,2.778,2.035,3006049
9.447,open,11,6,56.044,3.011,257.0,0,11,0,26,2.728,1.952,3011841
9.458,open,11,6,56.044,3.011,257.0,0,11,0,26,2.728,1.952,3011841
9.468,open,11,6,56.044,3.011,257.0,0,11,0,26,2.728,1.952,3011841
9.478,open,11,6,56.044,3.011,257.0,0,11,0,26,2.728,1.952,3011841
9.488,open,11,6,56.551,2.573,257.0,0,11,0,26,2.704,1.99,3017633
9.498,open,12,6,56.91,2.647,257.0,0,11,0,26,2.931,1.949,3020529
9.508,open,12,6,59.468,4.44,260.0,0,12,0,26,2.805,2.06,3027769
9.518,open,12,6,59.468,4.44,260.0,0,12,0,26,2.805,2.06,3027769
9.528,open,12,6,57.79,4.721,258.0,0,12,0,26,2.886,2.189,3030665
9.539,open,13,6,55.046,5.104,256.0,0,13,0,26,3.283,2.144,3036457
9.549,open,13,6,54.081,5.186,255.0,0,13,0,26,3.341,2.101,3039353
9.559,open,13,6,52.779,5.116,253.0,0,13,0,26,3.424,2.247,3045145
9.569,open,13,6,52.779,5.116,253.0,0,13,0,26,3.424,2.247,3045145
9.579,open,13,6,50.924,5.257,251.0,0,13,0,26,3.549,3.018,3050937
9.589,open,13,6,50.462,4.866,251.0,0,13,0,26,3.581,2.943,3053833
9.599,open,14,6,51.596,5.416,252.0,0,14,0,26,3.772,3.034,3058177
9.609,open,14,6,51.139,3.838,252.0,0,14,0,26,3.806,3.033,3063969
9.619,open,14,6,51.139,3.838,252.0,0,14,0,26,3.806,3.033,3063969
9.629,open,14,6,49.849,3.549,250.0,0,14,0,26,3.904,3.188,3072657
9.640,open,14,6,49.849,3.549,250.0,0,14,0,26,3.904,3.188,3072657
9.650,open,15,6,49.429,2.148,250.0,0,15,0,26,4.218,3.267,3081345
9.660,open,15,6,49.315,1.838,250.0,0,15,0,26,4.228,3.266,3084241
9.670,open,15,6,49.315,1.838,250.0,0,15,0,26,4.228,3.266,3084241
9.680,open,15,6,49.702,1.282,250.0,0,15,0,26,4.195,3.261,3092929
9.690,open,15,6,49.702,1.282,250.0,0,15,0,26,4.195,3.261,3092929
9.700,open,16,6,49.698,0.747,250.0,0,16,0,26,4.475,3.5,3103065
9.710,open,16,6,49.693,0.57,250.0,0,16,0,26,4.476,3.499,3105961
9.720,open,16,6,49.693,0.57,250.0,0,16,0,26,4.476,3.499,3105961
9.730,open,16,6,50.537,1.783,251.0,0,16,0,26,4.401,3.26,3111753
9.741,open,16,6,50.881,2.026,251.0,0,16,0,26,4.371,3.261,3114649
9.751,open,17,6,52.005,2.694,253.0,0,16,0,26,4.544,3.396,3123337
9.761,open,17,6,52.609,2.563,253.0,0,17,0,26,4.492,3.396,3129129
9.771,open,17,6,52.609,2.563,253.0,0,17,0,26,4.492,3.396,3129129
9.781,open,17,6,52.609,2.563,253.0,0,17,0,26,4.492,3.396,3129129
9.791,open,17,6,54.46,3.863,255.0,0,17,0,26,4.339,3.184,3137817
9.801,open,17,6,54.46,3.863,255.0,0,17,0,26,4.339,3.184,3137817
9.811,recovery,15,8,55.174,1.379,256.0,0,19,1,27,4.787,2.922,3143609
9.821,recovery,14,8,55.684,1.7,256.0,0,20,1,27,4.993,3.2,3143609
9.832,recovery,14,8,55.684,1.7,256.0,0,20,1,27,4.993,3.2,3143609
9.842,recovery,14,8,55.684,1.7,256.0,0,20,1,27,4.993,3.2,3143609
9.852,recovery,11,8,57.96,2.629,258.0,0,23,1,27,5.516,3.067,3143609
9.862,recovery,8,8,56.595,1.941,257.0,0,25,1,27,6.14,3.327,3143609
9.872,open,8,8,56.284,1.649,257.0,0,8,0,27,1.976,3.327,3171121
9.882,open,8,8,56.284,1.649,257.0,0,8,0,27,1.976,3.327,3171121
9.892,recovery,7,4,55.491,1.796,256.0,0,8,1,28,2.004,2.546,3171121
9.902,recovery,6,4,53.747,2.115,254.0,0,9,1,28,2.069,2.152,3171121
9.912,recovery,4,4,50.209,2.707,251.0,0,11,1,28,2.769,1.486,3171121
9.922,recovery,4,4,50.209,2.707,251.0,0,11,1,28,2.769,1.486,3171121
9.933,recovery,4,4,50.209,2.707,251.0,0,11,1,28,2.769,1.486,3171121
9.943,open,4,4,49.683,2.753,250.0,0,4,0,28,1.119,1.624,3182705
9.953,open,4,4,50.144,2.987,251.0,0,4,0,28,1.109,1.056,3185601
9.963,open,4,4,50.144,2.987,251.0,0,4,0,28,1.109,1.056,3185601
9.973,open,4,4,50.144,2.987,251.0,0,4,0,28,1.109,1.056,3185601
9.983,open,4,4,50.144,2.987,251.0,0,4,0,28,1.109,1.056,3185601
9.993,open,5,4,53.45,8.853,254.0,0,5,0,28,1.3,1.005,3188497
10.003,open,5,4,52.674,8.193,253.0,0,5,0,28,1.32,0.981,3191393
10.013,open,5,4,52.674,8.193,253.0,0,5,0,28,1.32,0.981,3191393
10.024,open,5,4,52.674,8.193,253.0,0,5,0,28,1.32,0.981,3191393
10.034,open,5,4,52.674,8.193,253.0,0,5,0,28,1.32,0.981,3191393
10.044,open,6,4,52.448,6.596,253.0,0,6,0,28,1.59,0.911,3194289
10.054,open,6,4,53.706,6.368,254.0,0,6,0,28,1.553,1.11,3198633
10.064,open,6,4,53.706,6.368,254.0,0,6,0,28,1.553,1.11,3198633
10.074,open,6,4,53.706,6.368,254.0,0,6,0,28,1.553,1.11,3198633
10.084,open,6,4,53.706,6.368,254.0,0,6,0,28,1.553,1.11,3198633
10.094,open,6,4,53.815,4.996,254.0,0,6,0,28,1.55,1.061,3201529
10.104,open,6,4,53.815,4.996,254.0,0,6,0,28,1.55,1.061,3201529
10.114,open,7,4,56.162,6.471,257.0,0,7,0,28,1.733,1.195,3205873
10.125,open,7,4,56.162,6.471,257.0,0,7,0,28,1.733,1.195,3205873
10.135,open,7,4,56.162,6.471,257.0,0,7,0,28,1.733,1.195,3205873
10.145,open,7,4,56.162,6.471,257.0,0,7,0,28,1.733,1.195,3205873
10.155,open,7,4,60.599,12.092,261.0,0,7,0,28,1.606,1.219,3210217
10.165,open,8,4,60.452,9.361,261.0,0,8,0,28,1.84,1.17,3213113
10.175,open,8,4,60.476,7.068,261.0,0,8,0,28,1.839,1.337,3216009
10.185,open,8,4,60.476,7.068,261.0,0,8,0,28,1.839,1.337,3216009
10.195,open,8,4,60.476,7.068,261.0,0,8,0,28,1.839,1.337,3216009
10.205,open,8,4,59.729,6.794,260.0,0,8,0,28,1.862,1.453,3218905
10.216,open,8,4,59.729,6.794,260.0,0,8,0,28,1.862,1.453,3218905
10.226,open,9,4,59.403,6.025,260.0,0,9,0,28,2.106,1.528,3227593
10.236,open,9,4,59.403,6.025,260.0,0,9,0,28,2.106,1.528,3227593
10.246,open,9,4,59.403,6.025,260.0,0,9,0,28,2.106,1.528,3227593
10.256,open,9,4,58.498,6.063,259.0,0,9,0,28,2.139,1.7,3230489
10.266,open,9,4,58.498,6.063,259.0,0,9,0,28,2.139,1.7,3230489
10.276,open,10,4,56.938,4.912,257.0,0,10,0,28,2.441,1.7,3237729
10.286,open,10,4,56.794,3.971,257.0,0,10,0,28,2.448,1.871,3240625
10.297,open,10,4,56.794,3.971,257.0,0,10,0,28,2.448,1.871,3240625
10.307,open,10,4,56.357,3.853,257.0,0,10,0,28,2.467,1.956,3243521
10.317,open,10,4,56.357,3.853,257.0,0,10,0,28,2.467,1.956,3243521
10.327,recovery,9,5,54.811,3.707,255.0,0,12,1,29,3.043,1.777,3243521
10.337,recovery,7,5,54.357,1.701,255.0,0,14,1,29,3.324,1.91,3243521
10.347,recovery,7,5,54.357,1.701,255.0,0,14,1,29,3.324,1.91,3243521
10.357,recovery,6,5,54.057,1.723,255.0,0,14,1,29,3.6,1.739,3243521
10.367,recovery,5,5,53.944,1.517,254.0,0,14,1,29,3.608,1.956,3243521
10.377,recovery,5,5,53.846,1.335,254.0,0,15,1,29,3.614,1.961,3243521
10.388,open,5,5,53.242,1.228,254.0,0,5,0,29,1.305,1.494,3263793
10.398,open,5,5,53.242,1.228,254.0,0,5,0,29,1.305,1.494,3263793
10.408,open,5,5,53.242,1.228,254.0,0,5,0,29,1.305,1.494,3263793
10.418,open,5,5,53.242,1.228,254.0,0,5,0,29,1.305,1.494,3263793
10.428,open,6,5,50.613,1.752,251.0,0,6,0,29,1.648,1.188,3271033
10.438,open,6,5,50.613,1.752,251.0,0,6,0,29,1.648,1.188,3271033
10.448,open,6,5,50.613,1.752,251.0,0,6,0,29,1.648,1.188,3271033
10.458,open,6,5,50.613,1.752,251.0,0,6,0,29,1.648,1.188,3271033
10.468,open,7,5,47.941,2.236,248.0,0,7,0,29,2.03,1.594,3278273
10.478,open,7,5,47.941,2.236,248.0,0,7,0,29,2.03,1.594,3278273
10.489,open,7,5,47.941,2.236,248.0,0,7,0,29,2.03,1.594,3278273
10.499,open,7,5,47.941,2.236,248.0,0,7,0,29,2.03,1.594,3278273
10.509,open,8,5,50.002,8.841,251.0,0,8,0,29,2.224,1.593,3285513
10.519,open,8,5,49.507,7.619,250.0,0,8,0,29,2.246,1.808,3288409
10.529,open,8,5,49.507,7.619,250.0,0,8,0,29,2.246,1.808,3288409
10.539,open,8,5,49.507,7.619,250.0,0,8,0,29,2.246,1.808,3288409
10.549,open,8,5,49.507,7.619,250.0,0,8,0,29,2.246,1.808,3288409
10.559,open,9,5,47.751,3.648,248.0,0,9,0,29,2.62,2.013,3299993
10.570,open,9,5,47.751,3.648,248.0,0,9,0,29,2.62,2.013,3299993
10.580,open,9,5,47.751,3.648,248.0,0,9,0,29,2.62,2.013,3299993
10.590,open,9,5,47.751,3.648,248.0,0,9,0,29,2.62,2.013,3299993
10.600,open,10,5,46.166,3.158,247.0,0,10,0,29,3.011,2.067,3310129
10.610,open,10,5,46.148,2.405,247.0,0,10,0,29,3.012,2.264,3313025
10.620,open,10,5,46.148,2.405,247.0,0,10,0,29,3.012,2.264,3313025
10.630,open,10,5,46.148,2.405,247.0,0,10,0,29,3.012,2.264,3313025
10.640,open,10,5,46.148,2.405,247.0,0,10,0,29,3.012,2.264,3313025
10.650,open,11,5,47.284,2.347,248.0,0,10,0,29,3.234,2.329,3324609
10.660,open,11,5,47.591,2.374,248.0,0,11,0,29,3.213,2.329,3327505
10.671,open,11,5,47.591,2.374,248.0,0,11,0,29,3.213,2.329,3327505
10.681,open,11,5,47.591,2.374,248.0,0,11,0,29,3.213,2.329,3327505
10.691,open,11,5,47.591,2.374,248.0,0,11,0,29,3.213,2.329,3327505
10.701,open,11,5,49.212,4.145,250.0,0,11,0,29,3.107,2.125,3333297
10.711,open,12,5,50.958,4.373,251.0,0,11,0,29,3.273,2.125,3341985
10.721,open,12,5,50.958,4.373,251.0,0,11,0,29,3.273,2.125,3341985
10.731,open,12,5,50.958,4.373,251.0,0,11,0,29,3.273,2.125,3341985
10.741,open,12,5,50.958,4.373,251.0,0,11,0,29,3.273,2.125,3341985
10.751,open,12,5,56.797,14.958,257.0,0,12,0,29,2.937,1.305,3343433
10.761,open,12,5,57.263,7.011,258.0,0,12,0,29,2.913,2.189,3352121
10.772,open,13,5,57.487,4.331,258.0,0,13,0,29,3.143,2.189,3357913
10.782,open,13,5,57.487,4.331,258.0,0,13,0,29,3.143,2.189,3357913
10.792,open,13,5,57.487,4.331,258.0,0,13,0,29,3.143,2.189,3357913
10.802,open,13,5,57.487,4.331,258.0,0,13,0,29,3.143,2.189,3357913
10.812,open,13,5,57.632,3.54,258.0,0,13,0,29,3.136,1.423,3360809
10.822,recovery,10,6,57.242,1.101,258.0,0,16,1,30,3.885,1.99,3363705
10.832,recovery,9,6,57.553,1.199,258.0,0,17,1,30,4.106,2.351,3363705
10.842,recovery,9,6,57.553,1.199,258.0,0,17,1,30,4.106,2.351,3363705
10.852,recovery,9,6,57.553,1.199,258.0,0,17,1,30,4.106,2.351,3363705
10.863,recovery,9,6,57.553,1.199,258.0,0,17,1,30,4.106,2.351,3363705
10.873,recovery,6,6,57.342,0.832,258.0,0,19,1,30,4.606,2.399,3363705
10.883,open,6,6,57.184,0.704,258.0,0,6,0,30,1.459,2.0,3388321
10.893,open,6,6,57.184,0.704,258.0,0,6,0,30,1.459,2.0,3388321
10.903,open,6,6,57.184,0.704,258.0,0,6,0,30,1.459,2.0,3388321
10.913,open,6,6,57.184,0.704,258.0,0,6,0,30,1.459,2.0,3388321
10.923,recovery,4,3,53.062,1.6,254.0,0,8,1,31,2.096,0.866,3388321
10.933,recovery,3,3,52.458,1.701,253.0,0,8,1,31,2.12,1.082,3388321
10.943,recovery,3,3,52.458,1.701,253.0,0,8,1,31,2.12,1.082,3388321
10.954,recovery,3,3,52.458,1.701,253.0,0,8,1,31,2.12,1.082,3388321
10.964,recovery,3,3,52.458,1.701,253.0,0,8,1,31,2.12,1.082,3388321
10.974,open,3,3,51.799,1.665,252.0,0,3,0,31,0.805,1.164,3399905
10.984,open,3,3,51.799,1.665,252.0,0,3,0,31,0.805,1.164,3399905
10.994,open,3,3,51.799,1.665,252.0,0,3,0,31,0.805,1.164,3399905
11.004,open,3,3,51.799,1.665,252.0,0,3,0,31,0.805,1.164,3399905
11.014,open,3,3,51.799,1.665,252.0,0,3,0,31,0.805,1.164,3399905
11.024,open,4,3,51.556,1.673,252.0,0,4,0,31,1.078,0.685,3402801
11.034,open,4,3,51.556,1.673,252.0,0,4,0,31,1.078,0.685,3402801
11.045,open,4,3,51.556,1.673,252.0,0,4,0,31,1.078,0.685,3402801
11.055,open,4,3,51.556,1.673,252.0,0,4,0,31,1.078,0.685,3402801
11.065,open,4,3,56.357,10.858,257.0,0,4,0,31,0.987,0.386,3404249
11.075,open,4,3,55.833,9.192,256.0,0,4,0,31,0.996,0.666,3407145
11.085,open,4,3,55.833,9.192,256.0,0,4,0,31,0.996,0.666,3407145
11.095,open,4,3,55.833,9.192,256.0,0,4,0,31,0.996,0.666,3407145
11.105,open,4,3,55.833,9.192,256.0,0,4,0,31,0.996,0.666,3407145
11.115,open,5,3,60.669,16.566,261.0,0,5,0,31,1.146,0.49,3408593
11.125,open,5,3,60.669,16.566,261.0,0,5,0,31,1.146,0.49,3408593
11.135,open,5,3,60.822,11.497,261.0,0,5,0,31,1.143,0.814,3412937
11.146,open,5,3,60.822,11.497,261.0,0,5,0,31,1.143,0.814,3412937
11.156,open,5,3,60.822,11.497,261.0,0,5,0,31,1.143,0.814,3412937
11.166,open,5,3,60.822,11.497,261.0,0,5,0,31,1.143,0.814,3412937
11.176,open,6,3,60.349,9.568,261.0,0,6,0,31,1.382,0.613,3415833
11.186,open,6,3,60.083,7.709,261.0,0,6,0,31,1.388,0.995,3418729
11.196,open,6,3,60.083,7.709,261.0,0,6,0,31,1.388,0.995,3418729
11.206,open,6,3,60.083,7.709,261.0,0,6,0,31,1.388,0.995,3418729
11.216,open,6,3,60.083,7.709,261.0,0,6,0,31,1.388,0.995,3418729
11.227,open,6,3,61.869,13.255,262.0,0,6,0,31,1.348,1.015,3423073
11.237,open,7,3,59.895,10.4,260.0,0,7,0,31,1.625,1.194,3427417
11.247,open,7,3,59.895,10.4,260.0,0,7,0,31,1.625,1.194,3427417
11.257,open,7,3,59.895,10.4,260.0,0,7,0,31,1.625,1.194,3427417
11.267,open,7,3,57.566,10.658,258.0,0,7,0,31,1.69,1.472,3430313
11.277,open,8,3,53.915,9.263,254.0,0,8,0,31,2.063,1.717,3437553
11.287,open,8,3,53.915,9.263,254.0,0,8,0,31,2.063,1.717,3437553
11.297,open,8,3,53.915,9.263,254.0,0,8,0,31,2.063,1.717,3437553
11.307,open,8,3,52.773,9.231,253.0,0,8,0,31,2.107,1.811,3440449
11.318,open,8,3,51.626,9.216,252.0,0,8,0,31,2.154,1.86,3443345
11.328,open,9,3,50.03,7.95,251.0,0,9,0,31,2.501,2.068,3449137
11.338,open,9,3,50.03,7.95,251.0,0,9,0,31,2.501,2.068,3449137
11.348,open,9,3,50.03,7.95,251.0,0,9,0,31,2.501,2.068,3449137
11.358,open,9,3,49.841,6.341,250.0,0,9,0,31,2.51,1.91,3452033
11.368,open,9,3,49.818,3.607,250.0,0,9,0,31,2.511,1.863,3457825
11.378,open,10,3,50.217,2.679,251.0,0,10,0,31,2.768,2.046,3462169
11.388,open,10,3,50.217,2.679,251.0,0,10,0,31,2.768,2.046,3462169
11.398,open,10,3,50.217,2.679,251.0,0,10,0,31,2.768,2.046,3462169
11.409,open,10,3,50.45,2.476,251.0,0,10,0,31,2.755,2.002,3465065
11.419,open,10,3,50.45,2.476,251.0,0,10,0,31,2.755,2.002,3465065
11.429,open,11,3,52.275,3.27,253.0,0,11,0,31,2.925,2.079,3476649
11.439,open,11,3,52.275,3.27,253.0,0,11,0,31,2.925,2.079,3476649
11.449,open,11,3,52.275,3.27,253.0,0,11,0,31,2.925,2.079,3476649
11.459,open,11,3,52.275,3.27,253.0,0,11,0,31,2.925,2.079,3476649
11.469,open,11,3,52.866,3.633,253.0,0,11,0,31,2.892,2.032,3479545
11.479,open,11,3,53.534,4.061,254.0,0,11,0,31,2.856,1.99,3482441
11.489,recovery,8,5,55.718,3.272,256.0,0,14,1,32,3.493,1.957,3482441
11.500,recovery,8,5,55.718,3.272,256.0,0,14,1,32,3.493,1.957,3482441
11.510,recovery,8,5,55.718,3.272,256.0,0,14,1,32,3.493,1.957,3482441
11.520,recovery,8,5,55.888,2.794,256.0,0,15,1,32,3.482,1.827,3482441
11.530,recovery,7,5,56.293,2.906,257.0,0,15,1,32,3.704,1.959,3482441
11.540,open,5,5,56.886,1.346,257.0,0,5,0,32,1.222,2.032,3501265
11.550,open,5,5,56.886,1.346,257.0,0,5,0,32,1.222,2.032,3501265
11.560,open,5,5,56.886,1.346,257.0,0,5,0,32,1.222,2.032,3501265
11.570,open,5,5,60.259,7.756,261.0,0,5,0,32,1.153,1.623,3504161
11.580,open,5,5,60.259,7.756,261.0,0,5,0,32,1.153,1.623,3504161
11.591,open,6,5,59.121,7.798,260.0,0,6,0,32,1.411,1.0,3507057
11.601,open,6,5,59.121,7.798,260.0,0,6,0,32,1.411,1.0,3507057
11.611,open,6,5,59.121,7.798,260.0,0,6,0,32,1.411,1.0,3507057
11.621,open,6,5,59.238,10.023,260.0,0,6,0,32,1.408,1.14,3511401
11.631,open,6,5,57.132,10.237,258.0,0,6,0,32,1.46,1.219,3514297
11.641,open,6,5,57.132,10.237,258.0,0,6,0,32,1.46,1.219,3514297
11.651,open,6,5,57.132,10.237,258.0,0,6,0,32,1.46,1.219,3514297
11.661,open,7,5,57.177,11.365,258.0,0,7,0,32,1.702,1.548,3518641
11.671,open,7,5,57.177,11.365,258.0,0,7,0,32,1.702,1.548,3518641
11.681,open,7,5,55.907,8.859,256.0,0,7,0,32,1.74,1.508,3522985
11.691,open,7,5,55.907,8.859,256.0,0,7,0,32,1.74,1.508,3522985
11.702,open,7,5,55.907,8.859,256.0,0,7,0,32,1.74,1.508,3522985
11.712,open,8,5,54.177,7.901,255.0,0,8,0,32,2.053,1.674,3528777
11.722,open,8,5,54.177,7.901,255.0,0,8,0,32,2.053,1.674,3528777
11.732,open,8,5,53.763,6.754,254.0,0,8,0,32,2.068,1.594,3531673
11.742,open,8,5,53.763,6.754,254.0,0,8,0,32,2.068,1.594,3531673
11.752,open,8,5,53.763,6.754,254.0,0,8,0,32,2.068,1.594,3531673
11.762,open,9,5,55.95,6.853,256.0,0,9,0,32,2.236,1.736,3540361
11.772,open,9,5,55.95,6.853,256.0,0,9,0,32,2.236,1.736,3540361
11.782,open,9,5,56.081,5.403,257.0,0,9,0,32,2.231,1.626,3543257
11.793,open,9,5,56.081,5.403,257.0,0,9,0,32,2.231,1.626,3543257
11.803,open,9,5,56.081,5.403,257.0,0,9,0,32,2.231,1.626,3543257
11.813,open,9,5,56.035,4.145,257.0,0,9,0,32,2.233,1.663,3546153
11.823,open,10,5,56.348,2.466,257.0,0,10,0,32,2.467,1.831,3553393
11.833,open,10,5,56.348,2.466,257.0,0,10,0,32,2.467,1.831,3553393
11.843,open,10,5,56.723,2.6,257.0,0,10,0,32,2.451,1.757,3556289
11.853,open,10,5,56.723,2.6,257.0,0,10,0,32,2.451,1.757,3556289
11.863,open,10,5,56.723,2.6,257.0,0,10,0,32,2.451,1.757,3556289
11.873,open,10,5,57.06,2.626,258.0,0,10,0,32,2.436,1.754,3559185
11.883,open,11,5,58.125,2.773,259.0,0,11,0,32,2.631,1.91,3567873
11.894,open,11,5,58.125,2.773,259.0,0,11,0,32,2.631,1.91,3567873
11.904,open,11,5,58.439,2.708,259.0,0,11,0,32,2.617,1.91,3570769
11.914,open,11,5,58.439,2.708,259.0,0,11,0,32,2.617,1.91,3570769
11.924,open,11,5,57.644,2.822,258.0,0,11,0,32,2.653,1.949,3573665
11.934,open,12,5,55.808,3.009,256.0,0,12,0,32,2.989,1.91,3582353
11.944,open,12,5,55.808,3.009,256.0,0,12,0,32,2.989,1.91,3582353
11.954,open,12,5,58.219,7.078,259.0,0,12,0,32,2.865,1.91,3585249
11.964,open,12,5,57.604,6.539,258.0,0,12,0,32,2.896,2.101,3586697
11.974,open,12,5,57.604,6.539,258.0,0,12,0,32,2.896,2.101,3586697
11.985,open,12,5,56.981,3.695,257.0,0,12,0,32,2.927,2.287,3595385
11.995,open,13,5,56.823,3.086,257.0,0,13,0,32,3.18,2.287,3598281
12.005,open,13,5,56.823,3.086,257.0,0,13,0,32,3.18,2.287,3598281
12.015,open,13,5,59.516,6.465,260.0,0,13,0,32,3.036,2.391,3602625
12.025,open,13,5,59.516,6.465,260.0,0,13,0,32,3.036,2.391,3602625
12.035,disorder,13,5,56.554,8.566,257.0,0,15,0,32,3.441,2.079,3609865
12.045,recovery,11,6,55.212,7.07,256.0,0,15,1,33,3.777,2.495,3609865
12.055,recovery,11,6,55.212,7.07,256.0,0,15,1,33,3.777,2.495,3609865
12.065,recovery,10,6,53.617,5.315,254.0,0,17,1,33,4.148,2.391,3609865
12.076,recovery,10,6,53.617,5.315,254.0,0,17,1,33,4.148,2.391,3609865
12.086,recovery,6,6,52.5,1.95,253.0,0,19,1,33,5.031,2.676,3609865
12.096,open,6,6,52.253,1.558,253.0,0,6,0,33,1.596,2.728,3631585
12.106,open,6,6,51.349,1.735,252.0,0,6,0,33,1.624,2.283,3634481
12.116,open,6,6,51.349,1.735,252.0,0,6,0,33,1.624,2.283,3634481
12.126,open,6,6,51.349,1.735,252.0,0,6,0,33,1.624,2.283,3634481
12.136,open,7,6,49.696,2.036,250.0,0,7,0,33,1.958,1.364,3640273
12.146,open,7,6,48.635,2.238,249.0,0,7,0,33,2.001,1.631,3643169
12.156,open,7,6,48.635,2.238,249.0,0,7,0,33,2.001,1.631,3643169
12.167,open,7,6,48.635,2.238,249.0,0,7,0,33,2.001,1.631,3643169
12.177,open,8,6,47.463,2.388,248.0,0,8,0,33,2.343,1.593,3648961
12.187,open,8,6,48.655,4.175,249.0,0,8,0,33,2.286,1.687,3651857
12.197,open,8,6,47.724,4.277,248.0,0,8,0,33,2.33,1.968,3653305
12.207,open,8,6,47.724,4.277,248.0,0,8,0,33,2.33,1.968,3653305
12.217,open,8,6,46.494,4.316,247.0,0,8,0,33,2.392,1.858,3659097
12.227,open,8,6,46.494,4.316,247.0,0,8,0,33,2.392,1.858,3659097
12.237,open,9,6,47.441,5.138,248.0,0,9,0,33,2.637,2.066,3663441
12.247,open,9,6,47.441,5.138,248.0,0,9,0,33,2.637,2.066,3663441
12.257,open,9,6,49.223,8.318,250.0,0,9,0,33,2.542,2.12,3667785
12.268,open,9,6,48.534,7.617,249.0,0,9,0,33,2.578,2.12,3670681
12.278,open,10,6,48.233,6.314,249.0,0,10,0,33,2.882,2.009,3673577
12.288,open,10,6,48.273,4.815,249.0,0,10,0,33,2.88,2.202,3676473
12.298,open,10,6,48.273,4.815,249.0,0,10,0,33,2.88,2.202,3676473
12.308,open,10,6,48.46,2.312,249.0,0,10,0,33,2.868,2.152,3683713
12.318,open,10,6,48.46,2.312,249.0,0,10,0,33,2.868,2.152,3683713
12.328,open,11,6,48.472,1.408,249.0,0,11,0,33,3.155,2.391,3690953
12.338,open,11,6,48.472,1.408,249.0,0,11,0,33,3.155,2.391,3690953
12.348,open,11,6,48.472,1.408,249.0,0,11,0,33,3.155,2.391,3690953
12.359,open,11,6,49.075,2.261,250.0,0,11,0,33,3.116,2.174,3693849
12.369,open,11,6,49.602,2.75,250.0,0,11,0,33,3.083,2.174,3696745
12.379,open,11,6,52.36,5.844,253.0,0,11,0,33,2.92,2.122,3701089
12.389,open,12,6,53.185,4.797,254.0,0,12,0,33,3.136,2.283,3706881
12.399,open,12,6,53.185,4.797,254.0,0,12,0,33,3.136,2.283,3706881
12.409,open,12,6,53.185,4.797,254.0,0,12,0,33,3.136,2.283,3706881
12.419,open,12,6,53.796,3.757,254.0,0,12,0,33,3.101,2.284,3712673
12.429,open,12,6,53.796,3.757,254.0,0,12,0,33,3.101,2.284,3712673
12.439,open,12,6,54.961,3.326,255.0,0,12,0,33,3.035,2.238,3719913
12.449,open,13,6,55.205,2.984,256.0,0,12,0,33,3.273,2.239,3722809
12.460,open,13,6,55.205,2.984,256.0,0,12,0,33,3.273,2.239,3722809
12.470,open,13,6,55.205,2.984,256.0,0,12,0,33,3.273,2.239,3722809
12.480,open,13,6,59.78,6.565,260.0,0,13,0,33,3.023,2.292,3730049
12.490,open,13,6,59.78,6.565,260.0,0,13,0,33,3.023,2.292,3730049
12.500,open,14,6,59.264,2.738,260.0,0,14,0,33,3.284,2.388,3740185
12.510,open,14,6,59.264,2.738,260.0,0,14,0,33,3.284,2.388,3740185
12.520,open,14,6,59.264,2.738,260.0,0,14,0,33,3.284,2.388,3740185
12.530,open,14,6,57.177,2.991,258.0,0,14,0,33,3.404,2.483,3748873
12.540,open,14,6,55.934,3.208,256.0,0,14,0,33,3.479,2.587,3751769
12.550,open,15,6,53.215,3.572,254.0,0,15,0,33,3.918,2.786,3760457
12.560,open,15,6,53.215,3.572,254.0,0,15,0,33,3.918,2.786,3760457
12.570,open,15,6,50.697,3.971,251.0,0,15,0,33,4.113,3.043,3766249
12.581,open,15,6,49.669,4.104,250.0,0,15,0,33,4.198,3.043,3769145
12.591,open,15,6,48.092,4.009,249.0,0,15,0,33,4.336,3.433,3777833
12.601,open,15,6,47.692,3.807,248.0,0,15,0,33,4.372,3.347,3780729
12.611,open,16,6,49.764,7.0,250.0,0,16,0,33,4.469,3.719,3783625
12.621,open,16,6,48.129,5.41,249.0,0,16,0,33,4.621,3.877,3790865
12.631,open,16,6,45.844,5.432,246.0,0,16,0,33,4.851,3.871,3799553
12.641,open,16,6,45.264,5.234,246.0,0,16,0,33,4.914,3.871,3802449
12.651,open,16,6,45.264,5.234,246.0,0,16,0,33,4.914,3.871,3802449
12.661,open,17,6,45.165,2.696,246.0,0,17,0,33,5.232,4.126,3811137
12.671,open,17,6,45.256,1.807,246.0,0,17,0,33,5.222,4.02,3816929
12.681,open,17,6,45.536,1.184,246.0,0,17,0,33,5.19,4.02,3825617
12.692,open,17,6,45.536,1.184,246.0,0,17,0,33,5.19,4.02,3825617
12.702,open,17,6,45.598,1.011,246.0,0,17,0,33,5.183,4.027,3828513
12.712,open,18,6,46.377,1.256,247.0,0,18,0,33,5.395,4.169,3838649
12.722,open,18,6,46.293,0.852,247.0,0,18,0,33,5.405,4.271,3844441
12.732,open,18,6,46.228,0.591,247.0,0,18,0,33,5.413,4.271,3850233
12.742,open,18,6,46.228,0.591,247.0,0,18,0,33,5.413,4.271,3850233
12.752,open,19,6,46.75,1.236,247.0,0,18,0,33,5.65,4.064,3856025
12.762,open,19,6,47.71,1.965,248.0,0,19,0,33,5.536,4.199,3864713
12.772,open,19,6,48.469,2.42,249.0,0,19,0,33,5.449,4.093,3870505
12.782,open,19,6,49.05,2.369,250.0,0,19,0,33,5.385,4.092,3876297
12.792,open,19,6,49.05,2.369,250.0,0,19,0,33,5.385,4.092,3876297
12.802,open,19,6,49.05,2.369,250.0,0,19,0,33,5.385,4.092,3876297
12.812,open,20,6,51.338,3.734,252.0,0,19,0,33,5.415,3.82,3887881
12.822,open,20,6,51.895,3.914,252.0,0,19,0,33,5.357,3.737,3890777
12.833,open,20,6,55.194,4.978,256.0,0,20,0,33,5.037,3.786,3900913
12.843,open,20,6,55.562,4.469,256.0,0,20,0,33,5.004,3.786,3903809
12.853,open,20,6,55.562,4.469,256.0,0,20,0,33,5.004,3.786,3903809
12.863,open,20,6,55.884,3.995,256.0,0,20,0,33,4.975,3.786,3906705
12.873,open,21,6,56.674,2.196,257.0,0,21,0,33,5.151,3.861,3918289
12.883,open,21,6,56.674,2.196,257.0,0,21,0,33,5.151,3.861,3918289
12.893,recovery,20,10,58.573,2.567,259.0,0,23,1,34,5.458,3.63,3924081
12.903,recovery,19,10,59.159,2.502,260.0,0,24,1,34,5.404,3.57,3924081
12.913,recovery,19,10,59.159,2.502,260.0,0,24,1,34,5.404,3.57,3924081
12.923,recovery,19,10,59.159,2.502,260.0,0,24,1,34,5.404,3.57,3924081
12.933,recovery,15,10,61.955,2.419,262.0,0,28,1,34,6.058,3.436,3924081
12.943,recovery,13,10,62.898,2.444,263.0,0,29,1,34,6.409,3.554,3924081
12.953,recovery,10,10,63.22,1.144,264.0,0,31,1,34,6.816,3.621,3924081
12.964,open,10,10,63.276,0.865,264.0,0,10,0,34,2.197,3.678,3957385
12.974,open,10,10,63.276,0.865,264.0,0,10,0,34,2.197,3.678,3957385
12.984,open,10,10,64.03,5.735,265.0,0,10,0,34,2.171,2.893,3963177
12.994,open,10,10,64.03,5.735,265.0,0,10,0,34,2.171,2.893,3963177
13.004,recovery,8,5,58.302,5.41,259.0,0,12,1,35,2.623,1.655,3964625
13.014,recovery,8,5,58.302,5.41,259.0,0,12,1,35,2.623,1.655,3964625
13.024,recovery,5,5,51.74,6.321,252.0,0,13,1,35,3.493,2.087,3964625
13.034,recovery,5,5,51.74,6.321,252.0,0,13,1,35,3.493,2.087,3964625
13.044,open,5,5,48.831,6.448,249.0,0,5,0,35,1.423,2.194,3980553
13.054,open,5,5,48.831,6.448,249.0,0,5,0,35,1.423,2.194,3980553
13.064,open,5,5,50.128,7.429,251.0,0,5,0,35,1.387,1.877,3983449
13.075,open,5,5,50.128,7.429,251.0,0,5,0,35,1.387,1.877,3983449
13.085,open,6,5,49.161,7.438,250.0,0,6,0,35,1.697,1.333,3986345
13.095,open,6,5,49.161,7.438,250.0,0,6,0,35,1.697,1.333,3986345
13.105,open,6,5,49.373,8.368,250.0,0,6,0,35,1.689,1.406,3990689
13.115,open,6,5,49.373,8.368,250.0,0,6,0,35,1.689,1.406,3990689
13.125,open,6,5,48.352,8.317,249.0,0,6,0,35,1.725,1.406,3993585
13.135,open,6,5,48.352,8.317,249.0,0,6,0,35,1.725,1.406,3993585
13.145,open,7,5,50.184,9.902,251.0,0,7,0,35,1.939,1.322,3996481
13.155,open,7,5,49.538,8.719,250.0,0,7,0,35,1.964,1.544,3997929
13.165,open,7,5,49.538,8.719,250.0,0,7,0,35,1.964,1.544,3997929
13.175,open,7,5,50.309,9.375,251.0,0,7,0,35,1.934,1.591,4002273
13.185,open,7,5,50.309,9.375,251.0,0,7,0,35,1.934,1.591,4002273
13.195,open,8,5,49.342,6.869,250.0,0,8,0,35,2.254,1.759,4008065
13.206,open,8,5,49.342,6.869,250.0,0,8,0,35,2.254,1.759,4008065
13.216,open,8,5,49.23,5.376,250.0,0,8,0,35,2.259,1.674,4010961
13.226,open,8,5,49.23,5.376,250.0,0,8,0,35,2.259,1.674,4010961
13.236,open,8,5,49.23,5.376,250.0,0,8,0,35,2.259,1.674,4010961
13.246,open,9,5,51.65,4.667,252.0,0,9,0,35,2.422,1.822,4019649
13.256,open,9,5,51.65,4.667,252.0,0,9,0,35,2.422,1.822,4019649
13.266,open,9,5,51.411,3.978,252.0,0,9,0,35,2.433,1.863,4022545
13.276,open,9,5,51.411,3.978,252.0,0,9,0,35,2.433,1.863,4022545
13.286,open,9,5,51.411,3.978,252.0,0,9,0,35,2.433,1.863,4022545
13.296,open,10,5,52.592,3.443,253.0,0,10,0,35,2.643,1.698,4029785
13.307,open,10,5,53.143,3.685,254.0,0,10,0,35,2.616,1.869,4032681
13.317,open,10,5,53.143,3.685,254.0,0,10,0,35,2.616,1.869,4032681
13.327,open,10,5,53.465,3.407,254.0,0,10,0,35,2.6,1.871,4035577
13.337,open,10,5,53.465,3.407,254.0,0,10,0,35,2.6,1.871,4035577
13.347,open,10,5,53.465,3.407,254.0,0,10,0,35,2.6,1.871,4035577
13.357,open,11,5,55.157,4.056,256.0,0,10,0,35,2.772,1.952,4044265
13.367,open,11,5,55.681,4.09,256.0,0,11,0,35,2.746,1.952,4047161
13.377,open,11,5,55.681,4.09,256.0,0,11,0,35,2.746,1.952,4047161
13.387,open,11,5,55.998,3.701,256.0,0,11,0,35,2.731,1.99,4050057
13.398,open,11,5,55.998,3.701,256.0,0,11,0,35,2.731,1.99,4050057
13.408,open,11,5,55.998,3.701,256.0,0,11,0,35,2.731,1.99,4050057
13.418,recovery,9,5,57.612,2.617,258.0,0,13,1,36,3.137,1.561,4052953
13.428,recovery,8,5,58.421,2.915,259.0,0,14,1,36,3.331,1.88,4052953
13.438,recovery,7,5,57.89,2.521,258.0,0,15,1,36,3.602,1.99,4052953
13.448,recovery,7,5,57.89,2.521,258.0,0,15,1,36,3.602,1.99,4052953
13.458,recovery,7,5,57.89,2.521,258.0,0,15,1,36,3.602,1.99,4052953
13.468,recovery,7,5,57.743,2.185,258.0,0,16,1,36,3.611,1.719,4052953
13.478,open,5,5,57.703,0.96,258.0,0,5,0,36,1.205,1.95,4071777
13.488,open,5,5,59.004,3.323,260.0,0,5,0,36,1.178,1.669,4074673
13.499,open,5,5,59.004,3.323,260.0,0,5,0,36,1.178,1.669,4074673
13.509,open,5,5,59.004,3.323,260.0,0,5,0,36,1.178,1.669,4074673
13.519,open,6,5,57.719,3.541,258.0,0,6,0,36,1.445,1.0,4077569
13.529,open,6,5,57.719,3.541,258.0,0,6,0,36,1.445,1.0,4077569
13.539,open,6,5,56.436,3.338,257.0,0,6,0,36,1.478,1.082,4081913
13.549,open,6,5,56.436,3.338,257.0,0,6,0,36,1.478,1.082,4081913
13.559,open,6,5,54.535,3.709,255.0,0,6,0,36,1.529,1.284,4084809
13.569,open,6,5,54.535,3.709,255.0,0,6,0,36,1.529,1.284,4084809
13.579,open,7,5,53.724,3.895,254.0,0,7,0,36,1.811,1.549,4089153
13.589,open,7,5,53.724,3.895,254.0,0,7,0,36,1.811,1.549,4089153
13.599,open,7,5,53.448,6.12,254.0,0,7,0,36,1.821,1.686,4093497
13.610,open,7,5,53.448,6.12,254.0,0,7,0,36,1.821,1.686,4093497
13.620,open,7,5,53.448,6.12,254.0,0,7,0,36,1.821,1.686,4093497
13.630,open,8,5,51.735,5.926,252.0,0,8,0,36,2.15,1.761,4099289
13.640,open,8,5,51.735,5.926,252.0,0,8,0,36,2.15,1.761,4099289
13.650,open,8,5,50.865,5.958,251.0,0,8,0,36,2.186,1.811,4102185
13.660,open,8,5,50.865,5.958,251.0,0,8,0,36,2.186,1.811,4102185
13.670,open,9,5,50.428,6.417,251.0,0,9,0,36,2.481,2.01,4110873
13.680,open,9,5,50.428,6.417,251.0,0,9,0,36,2.481,2.01,4110873
13.690,open,9,5,50.428,6.417,251.0,0,9,0,36,2.481,2.01,4110873
13.700,open,9,5,50.192,5.283,251.0,0,9,0,36,2.493,1.909,4113769
13.711,open,9,5,50.192,5.283,251.0,0,9,0,36,2.493,1.909,4113769
13.721,open,10,5,49.394,2.698,250.0,0,10,0,36,2.814,2.152,4123905
13.731,open,10,5,49.394,2.698,250.0,0,10,0,36,2.814,2.152,4123905
13.741,open,10,5,49.394,2.698,250.0,0,10,0,36,2.814,2.152,4123905
13.751,open,10,5,49.583,2.402,250.0,0,10,0,36,2.804,2.048,4126801
13.761,open,10,5,49.583,2.402,250.0,0,10,0,36,2.804,2.048,4126801
13.771,open,11,5,50.971,3.175,251.0,0,10,0,36,3.0,2.124,4135489
13.781,open,11,5,51.429,3.297,252.0,0,11,0,36,2.973,2.12,4138385
13.791,open,11,5,51.429,3.297,252.0,0,11,0,36,2.973,2.12,4138385
13.802,open,11,5,52.277,4.168,253.0,0,11,0,36,2.925,1.99,4141281
13.812,open,11,5,52.277,4.168,253.0,0,11,0,36,2.925,1.99,4141281
13.822,open,11,5,52.277,4.168,253.0,0,11,0,36,2.925,1.99,4141281
13.832,open,12,5,54.724,4.503,255.0,0,11,0,36,3.048,1.993,4152865
13.842,open,12,5,54.724,4.503,255.0,0,11,0,36,3.048,1.993,4152865
13.852,open,12,5,54.724,4.503,255.0,0,11,0,36,3.048,1.993,4152865
13.862,open,12,5,58.868,8.789,259.0,0,12,0,36,2.834,2.144,4157209
13.872,open,12,5,58.868,8.789,259.0,0,12,0,36,2.834,2.144,4157209
13.882,open,12,5,58.868,8.789,259.0,0,12,0,36,2.834,2.144,4157209
13.892,open,13,5,59.626,3.763,260.0,0,13,0,36,3.031,2.101,4168793
13.903,open,13,5,59.626,3.763,260.0,0,13,0,36,3.031,2.101,4168793
13.913,open,13,5,59.626,3.763,260.0,0,13,0,36,3.031,2.101,4168793
13.923,open,13,5,59.904,3.377,260.0,0,13,0,36,3.017,2.06,4171689
13.933,open,13,5,60.29,3.305,261.0,0,13,0,36,2.997,2.207,4174585
13.943,open,13,5,59.485,3.229,260.0,0,13,0,36,3.038,2.289,4180377
13.953,disorder,13,5,58.498,2.77,259.0,0,15,0,36,3.327,2.292,4183273
13.963,recovery,13,6,58.498,2.77,259.0,0,15,1,37,3.327,2.292,4183273
13.973,recovery,13,6,58.498,2.77,259.0,0,15,1,37,3.327,2.292,4183273
13.983,recovery,11,6,58.763,1.698,259.0,0,16,1,37,3.785,2.023,4183273
13.993,recovery,11,6,58.968,1.683,259.0,0,17,1,37,3.772,2.207,4183273
14.004,recovery,8,6,58.11,0.944,259.0,0,20,1,37,4.545,2.398,4183273
14.014,open,6,6,57.074,0.809,258.0,0,6,0,37,1.461,2.181,4204993
14.024,open,6,6,57.074,0.809,258.0,0,6,0,37,1.461,2.181,4204993
14.034,open,6,6,56.023,1.046,257.0,0,6,0,37,1.489,2.11,4207889
14.044,open,6,6,56.023,1.046,257.0,0,6,0,37,1.489,2.11,4207889
14.054,open,7,6,54.599,1.33,255.0,0,7,0,37,1.782,1.365,4213681
14.064,open,7,6,54.599,1.33,255.0,0,7,0,37,1.782,1.365,4213681
14.074,open,7,6,53.079,1.669,254.0,0,7,0,37,1.833,1.503,4216577
14.084,open,7,6,53.079,1.669,254.0,0,7,0,37,1.833,1.503,4216577
14.095,open,7,6,51.598,1.987,252.0,0,7,0,37,1.886,1.503,4219473
14.105,open,8,6,50.453,2.211,251.0,0,8,0,37,2.204,1.594,4222369
14.115,open,8,6,50.151,3.808,251.0,0,8,0,37,2.217,1.911,4226713
14.125,open,8,6,50.151,3.808,251.0,0,8,0,37,2.217,1.911,4226713
14.135,open,8,6,49.339,3.892,250.0,0,8,0,37,2.254,1.857,4229609
14.145,open,8,6,48.931,3.736,249.0,0,8,0,37,2.273,1.76,4232505
14.155,open,8,6,48.931,3.736,249.0,0,8,0,37,2.273,1.76,4232505
14.166,open,9,6,49.564,5.416,250.0,0,9,0,37,2.524,2.067,4236849
14.176,open,9,6,51.103,7.14,252.0,0,9,0,37,2.448,1.855,4239745
14.186,open,9,6,50.327,6.906,251.0,0,9,0,37,2.486,2.064,4241193
14.196,open,9,6,49.648,6.539,250.0,0,9,0,37,2.52,2.011,4244089
14.206,open,10,6,49.117,4.518,250.0,0,10,0,37,2.83,2.204,4249881
14.216,open,10,6,49.117,4.518,250.0,0,10,0,37,2.83,2.204,4249881
14.226,open,10,6,49.332,3.819,250.0,0,10,0,37,2.818,2.051,4252777
14.236,open,10,6,49.332,3.819,250.0,0,10,0,37,2.818,2.051,4252777
14.247,open,10,6,51.037,4.78,252.0,0,10,0,37,2.724,2.002,4257121
14.257,open,11,6,51.015,2.475,252.0,0,11,0,37,2.997,2.274,4264361
14.267,open,11,6,51.015,2.475,252.0,0,11,0,37,2.997,2.274,4264361
14.277,open,11,6,51.015,2.475,252.0,0,11,0,37,2.997,2.274,4264361
14.287,open,11,6,51.461,2.749,252.0,0,11,0,37,2.971,2.122,4267257
14.297,open,11,6,52.152,3.444,253.0,0,11,0,37,2.932,2.033,4270153
14.307,open,11,6,52.152,3.444,253.0,0,11,0,37,2.932,2.033,4270153
14.317,recovery,9,5,55.186,3.757,256.0,0,14,1,38,3.275,2.0,4271601
14.327,recovery,9,5,55.186,3.757,256.0,0,14,1,38,3.275,2.0,4271601
14.337,recovery,9,5,55.186,3.757,256.0,0,14,1,38,3.275,2.0,4271601
14.348,recovery,8,5,56.259,4.014,257.0,0,15,1,38,3.459,1.92,4271601
14.358,recovery,7,5,57.08,3.721,258.0,0,16,1,38,3.653,1.92,4271601
14.368,recovery,5,5,57.713,3.23,258.0,0,16,1,38,3.854,1.92,4271601
14.378,open,5,5,58.162,2.55,259.0,0,5,0,38,1.195,1.952,4290425
14.388,open,5,5,58.162,2.55,259.0,0,5,0,38,1.195,1.952,4290425
14.398,open,5,5,58.162,2.55,259.0,0,5,0,38,1.195,1.952,4290425
14.408,open,5,5,61.525,8.64,262.0,0,5,0,38,1.13,1.536,4293321
14.418,open,5,5,61.525,8.64,262.0,0,5,0,38,1.13,1.536,4293321
14.428,open,6,5,61.895,7.219,262.0,0,6,0,38,1.348,0.96,4296217
14.438,open,6,5,61.895,7.219,262.0,0,6,0,38,1.348,0.96,4296217
14.449,open,6,5,61.518,8.969,262.0,0,6,0,38,1.356,1.012,4300561
14.459,open,6,5,61.518,8.969,262.0,0,6,0,38,1.356,1.012,4300561
14.469,open,6,5,59.152,9.28,260.0,0,6,0,38,1.41,1.132,4303457
14.479,open,6,5,59.152,9.28,260.0,0,6,0,38,1.41,1.132,4303457
14.489,open,7,5,57.758,8.828,258.0,0,7,0,38,1.685,1.51,4307801
14.499,open,7,5,57.758,8.828,258.0,0,7,0,38,1.685,1.51,4307801
14.509,open,7,5,55.628,7.071,256.0,0,7,0,38,1.749,1.632,4312145
14.519,open,7,5,55.628,7.071,256.0,0,7,0,38,1.749,1.632,4312145
14.529,open,8,5,54.095,7.233,255.0,0,8,0,38,2.056,1.603,4315041
14.540,open,8,5,53.058,7.266,254.0,0,8,0,38,2.096,1.816,4317937
14.550,open,8,5,51.676,7.384,252.0,0,8,0,38,2.152,1.931,4320833
14.560,open,8,5,51.676,7.384,252.0,0,8,0,38,2.152,1.931,4320833
14.570,open,8,5,51.676,7.384,252.0,0,8,0,38,2.152,1.931,4320833
14.580,open,9,5,50.264,8.459,251.0,0,9,0,38,2.489,2.076,4329521
14.590,open,9,5,49.583,7.705,250.0,0,9,0,38,2.523,2.068,4332417
14.600,open,9,5,49.583,7.705,250.0,0,9,0,38,2.523,2.068,4332417
14.610,open,9,5,49.583,7.705,250.0,0,9,0,38,2.523,2.068,4332417
14.620,open,10,5,47.036,5.59,248.0,0,10,0,38,2.955,2.389,4342553
14.630,open,10,5,47.036,5.59,248.0,0,10,0,38,2.955,2.389,4342553
14.641,open,10,5,47.067,4.255,248.0,0,10,0,38,2.953,2.205,4345449
14.651,open,10,5,47.067,4.255,248.0,0,10,0,38,2.953,2.205,4345449
14.661,open,10,5,47.088,3.233,248.0,0,10,0,38,2.952,2.207,4348345
14.671,open,11,5,47.421,1.93,248.0,0,11,0,38,3.224,2.391,4357033
14.681,open,11,5,47.421,1.93,248.0,0,11,0,38,3.224,2.391,4357033
14.691,open,11,5,47.862,2.329,248.0,0,11,0,38,3.195,2.274,4359929
14.701,open,11,5,47.862,2.329,248.0,0,11,0,38,3.195,2.274,4359929
14.711,open,11,5,47.862,2.329,248.0,0,11,0,38,3.195,2.274,4359929
14.721,open,12,5,50.375,3.608,251.0,0,12,0,38,3.311,2.387,4372961
14.731,open,12,5,50.375,3.608,251.0,0,12,0,38,3.311,2.387,4372961
14.742,open,12,5,50.588,3.133,251.0,0,12,0,38,3.297,2.447,4375857
14.752,open,12,5,50.588,3.133,251.0,0,12,0,38,3.297,2.447,4375857
14.762,open,12,5,50.588,3.133,251.0,0,12,0,38,3.297,2.447,4375857
14.772,open,12,5,51.48,2.663,252.0,0,12,0,38,3.24,2.391,4384545
14.782,open,13,5,52.215,2.854,253.0,0,13,0,38,3.461,2.492,4390337
14.792,open,13,5,52.215,2.854,253.0,0,13,0,38,3.461,2.492,4390337
14.802,open,13,5,53.116,3.943,254.0,0,13,0,38,3.402,2.339,4393233
14.812,open,13,5,53.116,3.943,254.0,0,13,0,38,3.402,2.339,4393233
14.822,open,13,5,53.116,3.943,254.0,0,13,0,38,3.402,2.339,4393233
14.833,open,13,5,55.226,3.999,256.0,0,13,0,38,3.272,2.388,4404817
14.843,open,14,5,55.59,3.726,256.0,0,13,0,38,3.501,2.391,4407713
14.853,open,14,5,55.59,3.726,256.0,0,13,0,38,3.501,2.391,4407713
14.863,open,14,5,58.936,9.487,259.0,0,13,0,38,3.302,2.339,4410609
14.873,open,14,5,58.936,9.487,259.0,0,13,0,38,3.302,2.339,4410609
14.883,recovery,10,7,56.692,4.672,257.0,0,15,1,39,3.433,2.189,4410609
14.893,recovery,7,7,55.916,1.964,256.0,0,17,1,39,3.978,2.391,4410609
14.903,recovery,7,7,55.916,1.964,256.0,0,17,1,39,3.978,2.391,4410609
14.913,recovery,7,7,55.42,1.792,256.0,0,19,1,39,4.515,2.342,4410609
14.924,recovery,7,7,55.42,1.792,256.0,0,19,1,39,4.515,2.342,4410609
14.934,open,7,7,55.493,1.489,256.0,0,7,0,39,1.753,2.495,4429433
14.944,open,7,7,55.117,1.237,256.0,0,7,0,39,1.765,1.459,4435225
14.954,open,7,7,55.117,1.237,256.0,0,7,0,39,1.765,1.459,4435225
14.964,open,8,7,54.312,1.399,255.0,0,8,0,39,2.048,1.491,4438121
14.974,open,8,7,54.312,1.399,255.0,0,8,0,39,2.048,1.491,4438121
14.984,open,8,7,54.312,1.399,255.0,0,8,0,39,2.048,1.491,4438121
14.994,open,8,7,54.118,1.022,255.0,0,8,0,39,2.055,1.519,4445361
15.004,open,8,7,54.118,1.022,255.0,0,8,0,39,2.055,1.519,4445361
15.015,open,8,7,52.959,1.28,253.0,0,8,0,39,2.1,1.707,4448257
15.025,open,8,7,52.959,1.28,253.0,0,8,0,39,2.1,1.707,4448257
15.035,open,9,7,55.578,6.199,256.0,0,9,0,39,2.251,1.555,4451153
15.045,open,9,7,53.357,5.85,254.0,0,9,0,39,2.345,1.736,4456945
15.055,open,9,7,52.592,5.859,253.0,0,9,0,39,2.379,1.962,4459841
15.065,open,9,7,52.592,5.859,253.0,0,9,0,39,2.379,1.962,4459841
15.075,open,9,7,52.592,5.859,253.0,0,9,0,39,2.379,1.962,4459841
15.085,open,10,7,52.235,5.108,253.0,0,10,0,39,2.661,1.863,4462737
15.095,open,10,7,52.065,3.207,253.0,0,10,0,39,2.67,2.046,4468529
15.105,open,10,7,53.412,4.45,254.0,0,10,0,39,2.603,1.999,4472873
15.116,open,10,7,53.412,4.45,254.0,0,10,0,39,2.603,1.999,4472873
15.126,open,10,7,53.412,4.45,254.0,0,10,0,39,2.603,1.999,4472873
15.136,open,10,7,53.412,4.45,254.0,0,10,0,39,2.603,1.999,4472873
15.146,open,11,7,54.589,3.702,255.0,0,11,0,39,2.801,2.035,4480113
15.156,open,11,7,54.881,3.361,255.0,0,11,0,39,2.786,2.035,4483009
15.166,open,11,7,55.137,3.032,256.0,0,11,0,39,2.773,2.035,4485905
15.176,open,11,7,55.137,3.032,256.0,0,11,0,39,2.773,2.035,4485905
15.186,open,11,7,55.137,3.032,256.0,0,11,0,39,2.773,2.035,4485905
15.197,open,11,7,55.137,3.032,256.0,0,11,0,39,2.773,2.035,4485905
15.207,open,12,7,59.994,4.192,260.0,0,12,0,39,2.78,2.101,4498937
15.217,open,12,7,59.994,4.192,260.0,0,12,0,39,2.78,2.101,4498937
15.227,open,12,7,60.075,3.305,261.0,0,12,0,39,2.777,2.101,4501833
15.237,open,12,7,60.075,3.305,261.0,0,12,0,39,2.777,2.101,4501833
15.247,open,12,7,60.075,3.305,261.0,0,12,0,39,2.777,2.101,4501833
15.257,recovery,11,6,57.233,3.587,258.0,0,14,1,40,3.4,1.911,4506177
15.267,recovery,9,6,56.13,3.102,257.0,0,15,1,40,3.715,2.101,4506177
15.277,recovery,8,6,54.999,3.189,255.0,0,16,1,40,4.044,2.101,4506177
15.287,recovery,8,6,54.999,3.189,255.0,0,16,1,40,4.044,2.101,4506177
15.298,recovery,8,6,54.999,3.189,255.0,0,16,1,40,4.044,2.101,4506177
15.308,open,6,6,51.736,3.253,252.0,0,6,0,40,1.612,2.447,4526449
15.318,open,6,6,51.966,2.901,252.0,0,6,0,40,1.605,2.058,4529345
15.328,open,6,6,51.966,2.901,252.0,0,6,0,40,1.605,2.058,4529345
15.338,open,6,6,51.966,2.901,252.0,0,6,0,40,1.605,2.058,4529345
15.348,open,6,6,51.25,2.989,252.0,0,6,0,40,1.627,1.403,4532241
15.358,open,7,6,49.481,3.24,250.0,0,7,0,40,1.967,1.594,4538033
15.368,open,7,6,49.481,3.24,250.0,0,7,0,40,1.967,1.594,4538033
15.379,open,7,6,49.481,3.24,250.0,0,7,0,40,1.967,1.594,4538033
15.389,open,7,6,49.481,3.24,250.0,0,7,0,40,1.967,1.594,4538033
15.399,open,8,6,48.973,2.702,249.0,0,8,0,40,2.271,1.469,4543825
15.409,open,8,6,49.38,3.162,250.0,0,8,0,40,2.252,1.714,4548169
15.419,open,8,6,49.38,3.162,250.0,0,8,0,40,2.252,1.714,4548169
15.429,open,8,6,49.38,3.162,250.0,0,8,0,40,2.252,1.714,4548169
15.439,open,8,6,49.38,3.162,250.0,0,8,0,40,2.252,1.714,4548169
15.449,open,8,6,49.445,1.892,250.0,0,8,0,40,2.249,1.633,4553961
15.459,open,9,6,51.01,3.576,252.0,0,9,0,40,2.453,1.739,4558305
15.470,open,9,6,51.01,3.576,252.0,0,9,0,40,2.453,1.739,4558305
15.480,open,9,6,51.01,3.576,252.0,0,9,0,40,2.453,1.739,4558305
15.490,open,9,6,51.01,3.576,252.0,0,9,0,40,2.453,1.739,4558305
15.500,open,9,6,56.302,13.266,257.0,0,9,0,40,2.222,0.993,4559753
15.510,open,10,6,56.078,6.584,257.0,0,10,0,40,2.479,1.736,4568441
15.520,open,10,6,55.889,5.315,256.0,0,10,0,40,2.487,1.91,4571337
15.530,open,10,6,55.889,5.315,256.0,0,10,0,40,2.487,1.91,4571337
15.540,open,10,6,55.889,5.315,256.0,0,10,0,40,2.487,1.91,4571337
15.550,open,10,6,55.889,5.315,256.0,0,10,0,40,2.487,1.91,4571337
15.561,open,10,6,56.987,4.893,257.0,0,10,0,40,2.439,1.721,4575681
15.571,recovery,8,5,57.899,2.425,258.0,0,13,1,41,2.881,1.567,4575681
15.581,recovery,7,5,58.204,2.43,259.0,0,13,1,41,3.105,1.728,4575681
15.591,recovery,7,5,58.204,2.43,259.0,0,13,1,41,3.105,1.728,4575681
15.601,recovery,7,5,58.204,2.43,259.0,0,13,1,41,3.105,1.728,4575681
15.611,recovery,7,5,58.204,2.43,259.0,0,13,1,41,3.105,1.728,4575681
15.621,open,5,5,56.208,2.209,257.0,0,5,0,41,1.237,1.793,4593057
15.631,open,5,5,56.208,2.209,257.0,0,5,0,41,1.237,1.793,4593057
15.641,open,5,5,56.208,2.209,257.0,0,5,0,41,1.237,1.793,4593057
15.651,open,5,5,56.208,2.209,257.0,0,5,0,41,1.237,1.793,4593057
15.661,open,5,5,56.208,2.209,257.0,0,5,0,41,1.237,1.793,4593057
15.672,recovery,4,2,56.915,9.952,257.0,0,7,1,42,1.71,0.868,4594505
15.682,recovery,4,2,56.915,9.952,257.0,0,7,1,42,1.71,0.868,4594505
15.692,recovery,4,2,56.915,9.952,257.0,0,7,1,42,1.71,0.868,4594505
15.702,recovery,4,2,56.915,9.952,257.0,0,7,1,42,1.71,0.868,4594505
15.712,recovery,3,2,55.637,9.96,256.0,0,7,1,42,1.749,0.506,4594505
15.722,open,2,2,53.429,7.615,254.0,0,2,0,42,0.52,0.933,4604641
15.732,open,2,2,53.429,7.615,254.0,0,2,0,42,0.52,0.933,4604641
15.742,open,2,2,53.429,7.615,254.0,0,2,0,42,0.52,0.933,4604641
15.753,open,2,2,53.429,7.615,254.0,0,2,0,42,0.52,0.933,4604641
15.763,open,2,2,53.429,7.615,254.0,0,2,0,42,0.52,0.933,4604641
15.773,open,3,2,52.53,7.51,253.0,0,3,0,42,0.794,0.477,4607537
15.783,open,3,2,52.53,7.51,253.0,0,3,0,42,0.794,0.477,4607537
15.793,open,3,2,52.53,7.51,253.0,0,3,0,42,0.794,0.477,4607537
15.803,open,3,2,52.53,7.51,253.0,0,3,0,42,0.794,0.477,4607537
15.813,open,3,2,52.53,7.51,253.0,0,3,0,42,0.794,0.477,4607537
15.823,open,4,2,52.18,6.331,253.0,0,4,0,42,1.066,0.466,4610433
15.833,open,4,2,52.18,6.331,253.0,0,4,0,42,1.066,0.466,4610433
15.843,open,4,2,52.18,6.331,253.0,0,4,0,42,1.066,0.466,4610433
15.854,open,4,2,52.18,6.331,253.0,0,4,0,42,1.066,0.466,4610433
15.864,open,4,2,57.206,14.801,258.0,0,4,0,42,0.972,0.376,4611881
15.874,open,4,2,57.021,11.47,258.0,0,4,0,42,0.975,0.624,4614777
15.884,open,4,2,57.021,11.47,258.0,0,4,0,42,0.975,0.624,4614777
15.894,open,4,2,57.021,11.47,258.0,0,4,0,42,0.975,0.624,4614777
15.904,open,4,2,57.021,11.47,258.0,0,4,0,42,0.975,0.624,4614777
15.914,recovery,3,2,56.835,8.975,257.0,0,4,1,43,0.978,0.376,4614777
15.924,recovery,3,2,56.835,8.975,257.0,0,4,1,43,0.978,0.376,4614777
15.934,recovery,2,2,56.704,6.995,257.0,0,4,2,44,0.981,0.415,4614777
15.944,recovery,2,2,56.704,6.995,257.0,0,4,2,44,0.981,0.415,4614777
15.955,recovery,2,2,56.704,6.995,257.0,0,4,2,44,0.981,0.415,4614777
15.965,recovery,2,2,56.704,6.995,257.0,0,4,2,44,0.981,0.415,4614777
15.975,recovery,2,2,57.241,6.32,258.0,0,3,1,44,0.486,0.383,4617673
15.985,recovery,2,2,57.241,6.32,258.0,0,3,1,44,0.486,0.383,4617673
15.995,open,2,2,57.71,5.68,258.0,0,2,0,44,0.482,0.383,4620569
16.005,open,2,2,57.71,5.68,258.0,0,2,0,44,0.482,0.383,4620569
16.015,open,2,2,57.71,5.68,258.0,0,2,0,44,0.482,0.383,4620569
16.025,open,2,2,57.71,5.68,258.0,0,2,0,44,0.482,0.383,4620569
16.036,open,2,2,57.71,5.68,258.0,0,2,0,44,0.482,0.383,4620569
16.046,open,3,2,59.589,8.018,260.0,0,3,0,44,0.7,0.383,4623465
16.056,open,3,2,59.589,8.018,260.0,0,3,0,44,0.7,0.383,4623465
16.066,open,3,2,59.589,8.018,260.0,0,3,0,44,0.7,0.383,4623465
16.076,open,3,2,59.589,8.018,260.0,0,3,0,44,0.7,0.383,4623465
16.086,open,3,2,59.589,8.018,260.0,0,3,0,44,0.7,0.383,4623465
16.096,open,4,2,58.206,8.113,259.0,0,4,0,44,0.955,0.477,4626361
16.106,open,4,2,58.206,8.113,259.0,0,4,0,44,0.955,0.477,4626361
16.116,open,4,2,58.206,8.113,259.0,0,4,0,44,0.955,0.477,4626361
16.127,open,4,2,58.206,8.113,259.0,0,4,0,44,0.955,0.477,4626361
16.137,open,4,2,62.325,14.322,263.0,0,4,0,44,0.892,0.381,4627809
16.147,open,4,2,60.136,14.421,261.0,0,4,0,44,0.925,0.716,4630705
16.157,open,4,2,60.136,14.421,261.0,0,4,0,44,0.925,0.716,4630705
16.167,open,4,2,60.136,14.421,261.0,0,4,0,44,0.925,0.716,4630705
16.177,open,4,2,60.136,14.421,261.0,0,4,0,44,0.925,0.716,4630705
16.187,open,5,2,60.923,17.382,261.0,0,5,0,44,1.141,1.034,4636497
16.197,open,5,2,60.923,17.382,261.0,0,5,0,44,1.141,1.034,4636497
16.208,open,5,2,60.923,17.382,261.0,0,5,0,44,1.141,1.034,4636497
16.218,open,5,2,60.923,17.382,261.0,0,5,0,44,1.141,1.034,4636497
16.228,open,5,2,60.923,17.382,261.0,0,5,0,44,1.141,1.034,4636497
16.238,open,6,2,57.62,12.241,258.0,0,6,0,44,1.447,1.139,4643737
16.248,open,6,2,57.62,12.241,258.0,0,6,0,44,1.447,1.139,4643737
16.258,open,6,2,57.62,12.241,258.0,0,6,0,44,1.447,1.139,4643737
16.268,open,6,2,57.62,12.241,258.0,0,6,0,44,1.447,1.139,4643737
16.278,open,6,2,57.62,12.241,258.0,0,6,0,44,1.447,1.139,4643737
16.288,open,7,2,56.626,6.598,257.0,0,7,0,44,1.718,1.273,4650977
16.298,open,7,2,56.626,6.598,257.0,0,7,0,44,1.718,1.273,4650977
16.309,open,7,2,56.626,6.598,257.0,0,7,0,44,1.718,1.273,4650977
16.319,open,7,2,56.626,6.598,257.0,0,7,0,44,1.718,1.273,4650977
16.329,open,7,2,56.626,6.598,257.0,0,7,0,44,1.718,1.273,4650977
16.339,open,7,2,61.577,14.85,262.0,0,7,0,44,1.58,0.722,4652425
16.349,open,8,2,60.751,7.36,261.0,0,8,0,44,1.831,1.366,4661113
16.359,open,8,2,60.751,7.36,261.0,0,8,0,44,1.831,1.366,4661113
16.369,open,8,2,60.751,7.36,261.0,0,8,0,44,1.831,1.366,4661113
16.379,open,8,2,60.751,7.36,261.0,0,8,0,44,1.831,1.366,4661113
16.389,open,8,2,60.751,7.36,261.0,0,8,0,44,1.831,1.366,4661113
16.399,open,8,2,61.298,6.501,262.0,0,8,0,44,1.814,1.393,4665457
16.410,open,9,2,60.697,3.59,261.0,0,9,0,44,2.061,1.559,4672697
16.420,open,9,2,60.697,3.59,261.0,0,9,0,44,2.061,1.559,4672697
16.430,open,9,2,60.697,3.59,261.0,0,9,0,44,2.061,1.559,4672697
16.440,open,9,2,60.697,3.59,261.0,0,9,0,44,2.061,1.559,4672697
16.450,open,9,2,60.697,3.59,261.0,0,9,0,44,2.061,1.559,4672697
16.460,recovery,7,4,57.658,3.476,258.0,0,11,1,45,2.652,1.393,4675593
16.470,recovery,6,4,57.438,2.338,258.0,0,12,1,45,2.904,1.559,4675593
16.480,recovery,6,4,57.438,2.338,258.0,0,12,1,45,2.904,1.559,4675593
16.490,recovery,6,4,57.438,2.338,258.0,0,12,1,45,2.904,1.559,4675593
16.501,recovery,6,4,57.438,2.338,258.0,0,12,1,45,2.904,1.559,4675593
16.511,open,4,4,52.739,3.089,253.0,0,4,0,45,1.054,1.739,4691521
16.521,open,4,4,52.739,3.089,253.0,0,4,0,45,1.054,1.739,4691521
16.531,open,4,4,52.739,3.089,253.0,0,4,0,45,1.054,1.739,4691521
16.541,open,4,4,52.739,3.089,253.0,0,4,0,45,1.054,1.739,4691521
16.551,open,5,4,54.874,10.217,255.0,0,5,0,45,1.267,0.979,4697313
16.561,open,5,4,54.874,10.217,255.0,0,5,0,45,1.267,0.979,4697313
16.571,open,5,4,54.874,10.217,255.0,0,5,0,45,1.267,0.979,4697313
16.581,open,5,4,54.874,10.217,255.0,0,5,0,45,1.267,0.979,4697313
16.592,open,6,4,51.955,10.306,252.0,0,6,0,45,1.605,1.092,4703105
16.602,open,6,4,51.955,10.306,252.0,0,6,0,45,1.605,1.092,4703105
16.612,open,6,4,51.955,10.306,252.0,0,6,0,45,1.605,1.092,4703105
16.622,open,6,4,51.955,10.306,252.0,0,6,0,45,1.605,1.092,4703105
16.632,open,6,4,54.24,14.542,255.0,0,6,0,45,1.538,1.328,4707449
16.642,open,6,4,52.911,13.565,253.0,0,6,0,45,1.576,1.328,4710345
16.652,open,6,4,52.911,13.565,253.0,0,6,0,45,1.576,1.328,4710345
16.662,open,6,4,52.911,13.565,253.0,0,6,0,45,1.576,1.328,4710345
16.672,open,6,4,52.911,13.565,253.0,0,6,0,45,1.576,1.328,4710345
16.683,open,7,4,53.95,12.41,254.0,0,7,0,45,1.804,1.469,4719033
16.693,open,7,4,53.95,12.41,254.0,0,7,0,45,1.804,1.469,4719033
16.703,open,7,4,53.95,12.41,254.0,0,7,0,45,1.804,1.469,4719033
16.713,open,7,4,53.95,12.41,254.0,0,7,0,45,1.804,1.469,4719033
16.723,open,7,4,53.95,12.41,254.0,0,7,0,45,1.804,1.469,4719033
16.733,open,8,4,53.243,6.243,254.0,0,8,0,45,2.089,1.557,4727721
16.743,open,8,4,53.243,6.243,254.0,0,8,0,45,2.089,1.557,4727721
16.753,open,8,4,53.243,6.243,254.0,0,8,0,45,2.089,1.557,4727721
16.763,open,8,4,53.243,6.243,254.0,0,8,0,45,2.089,1.557,4727721
16.773,open,8,4,53.243,6.243,254.0,0,8,0,45,2.089,1.557,4727721
16.784,open,8,4,58.005,11.8,259.0,0,8,0,45,1.917,1.455,4732065
16.794,open,9,4,57.764,5.442,258.0,0,9,0,45,2.166,1.628,4739305
16.804,open,9,4,57.764,5.442,258.0,0,9,0,45,2.166,1.628,4739305
16.814,open,9,4,57.764,5.442,258.0,0,9,0,45,2.166,1.628,4739305
16.824,open,9,4,57.764,5.442,258.0,0,9,0,45,2.166,1.628,4739305
16.834,open,9,4,57.764,5.442,258.0,0,9,0,45,2.166,1.628,4739305
16.844,open,10,4,58.543,3.456,259.0,0,9,0,45,2.374,1.592,4746545
16.854,open,10,4,58.883,2.492,259.0,0,10,0,45,2.361,1.754,4752337
16.864,open,10,4,58.883,2.492,259.0,0,10,0,45,2.361,1.754,4752337
16.875,open,10,4,58.883,2.492,259.0,0,10,0,45,2.361,1.754,4752337
16.885,open,10,4,58.883,2.492,259.0,0,10,0,45,2.361,1.754,4752337
16.895,open,10,4,58.883,2.492,259.0,0,10,0,45,2.361,1.754,4752337
16.905,recovery,8,5,58.418,1.476,259.0,0,12,1,46,2.855,1.754,4756681
16.915,recovery,7,5,58.472,1.123,259.0,0,13,1,46,3.091,1.754,4756681
16.925,recovery,7,5,58.472,1.123,259.0,0,13,1,46,3.091,1.754,4756681
16.935,recovery,7,5,58.472,1.123,259.0,0,13,1,46,3.091,1.754,4756681
16.945,recovery,6,5,55.654,1.746,256.0,0,14,1,46,3.497,1.791,4756681
16.955,open,5,5,51.853,2.439,252.0,0,5,0,46,1.34,1.829,4774057
16.965,open,5,5,51.853,2.439,252.0,0,5,0,46,1.34,1.829,4774057
16.976,open,5,5,51.853,2.439,252.0,0,5,0,46,1.34,1.829,4774057
16.986,open,5,5,51.853,2.439,252.0,0,5,0,46,1.34,1.829,4774057
16.996,open,6,5,54.232,9.606,255.0,0,6,0,46,1.538,1.232,4779849
17.006,open,6,5,54.232,9.606,255.0,0,6,0,46,1.538,1.232,4779849
17.016,open,6,5,54.232,9.606,255.0,0,6,0,46,1.538,1.232,4779849
17.026,open,6,5,54.232,9.606,255.0,0,6,0,46,1.538,1.232,4779849
17.036,open,6,5,54.857,13.505,255.0,0,6,0,46,1.52,1.291,4787089
17.046,open,6,5,54.857,13.505,255.0,0,6,0,46,1.52,1.291,4787089
17.056,open,6,5,54.857,13.505,255.0,0,6,0,46,1.52,1.291,4787089
17.066,open,6,5,54.857,13.505,255.0,0,6,0,46,1.52,1.291,4787089
17.077,open,6,5,54.857,13.505,255.0,0,6,0,46,1.52,1.291,4787089
17.087,open,7,5,56.436,11.52,257.0,0,7,0,46,1.724,1.364,4795777
17.097,open,7,5,56.436,11.52,257.0,0,7,0,46,1.724,1.364,4795777
17.107,open,7,5,56.436,11.52,257.0,0,7,0,46,1.724,1.364,4795777
17.117,open,7,5,56.436,11.52,257.0,0,7,0,46,1.724,1.364,4795777
17.127,open,7,5,56.436,11.52,257.0,0,7,0,46,1.724,1.364,4795777
17.137,open,8,5,56.007,9.499,257.0,0,8,0,46,1.986,0.925,4798673
17.147,open,8,5,55.947,5.45,256.0,0,8,0,46,1.988,1.455,4804465
17.157,open,8,5,55.947,5.45,256.0,0,8,0,46,1.988,1.455,4804465
17.168,open,8,5,55.947,5.45,256.0,0,8,0,46,1.988,1.455,4804465
17.178,open,8,5,55.947,5.45,256.0,0,8,0,46,1.988,1.455,4804465
17.188,open,8,5,60.085,12.674,261.0,0,8,0,46,1.851,1.522,4808809
17.198,open,9,5,59.263,7.411,260.0,0,9,0,46,2.111,1.66,4816049
17.208,open,9,5,59.263,7.411,260.0,0,9,0,46,2.111,1.66,4816049
17.218,open,9,5,59.263,7.411,260.0,0,9,0,46,2.111,1.66,4816049
17.228,open,9,5,59.263,7.411,260.0,0,9,0,46,2.111,1.66,4816049
17.238,open,9,5,59.263,7.411,260.0,0,9,0,46,2.111,1.66,4816049
17.249,open,9,5,58.458,5.566,259.0,0,9,0,46,2.14,1.661,4820393
17.259,open,10,5,57.964,3.04,258.0,0,10,0,46,2.398,1.832,4829081
17.269,open,10,5,57.964,3.04,258.0,0,10,0,46,2.398,1.832,4829081
17.279,open,10,5,57.964,3.04,258.0,0,10,0,46,2.398,1.832,4829081
17.289,open,10,5,57.964,3.04,258.0,0,10,0,46,2.398,1.832,4829081
17.299,open,10,5,57.172,3.026,258.0,0,10,0,46,2.431,1.868,4833425
17.309,open,11,5,57.131,1.739,258.0,0,11,0,46,2.676,2.032,4840665
17.319,open,11,5,57.116,1.334,258.0,0,11,0,46,2.677,2.032,4843561
17.329,open,11,5,57.116,1.334,258.0,0,11,0,46,2.677,2.032,4843561
17.339,open,11,5,57.116,1.334,258.0,0,11,0,46,2.677,2.032,4843561
17.350,open,11,5,57.116,1.334,258.0,0,11,0,46,2.677,2.032,4843561
17.360,open,11,5,56.94,1.337,257.0,0,11,0,46,2.685,2.079,4846457
17.370,open,12,5,57.972,1.584,258.0,0,12,0,46,2.877,2.192,4859489
17.380,open,12,5,57.972,1.584,258.0,0,12,0,46,2.877,2.192,4859489
17.390,open,12,5,57.972,1.584,258.0,0,12,0,46,2.877,2.192,4859489
17.400,open,12,5,57.972,1.584,258.0,0,12,0,46,2.877,2.192,4859489
17.410,open,12,5,57.397,1.678,258.0,0,12,0,46,2.906,2.287,4862385
17.420,recovery,11,6,54.322,2.094,255.0,0,14,1,47,3.583,1.992,4869625
17.430,recovery,10,6,54.174,1.865,255.0,0,14,1,47,3.592,2.192,4869625
17.441,recovery,10,6,54.174,1.865,255.0,0,14,1,47,3.592,2.192,4869625
17.451,recovery,9,6,51.798,2.334,252.0,0,15,1,47,4.025,2.387,4869625
17.461,recovery,6,6,46.257,3.191,247.0,0,18,1,47,5.109,2.503,4869625
17.471,open,6,6,45.159,3.265,246.0,0,6,0,47,1.847,2.502,4889897
17.481,open,6,6,45.159,3.265,246.0,0,6,0,47,1.847,2.502,4889897
17.491,open,6,6,45.159,3.265,246.0,0,6,0,47,1.847,2.502,4889897
17.501,open,6,6,45.206,2.694,246.0,0,6,0,47,1.845,1.646,4895689
17.511,open,7,6,44.706,2.735,245.0,0,7,0,47,2.177,1.686,4898585
17.521,open,7,6,44.706,2.735,245.0,0,7,0,47,2.177,1.686,4898585
17.531,open,7,6,44.706,2.735,245.0,0,7,0,47,2.177,1.686,4898585
17.541,open,7,6,43.91,2.762,244.0,0,7,0,47,2.216,1.687,4904377
17.552,open,8,6,43.575,2.741,244.0,0,8,0,47,2.552,1.686,4907273
17.562,open,8,6,43.575,2.741,244.0,0,8,0,47,2.552,1.686,4907273
17.572,open,8,6,43.575,2.741,244.0,0,8,0,47,2.552,1.686,4907273
17.582,open,8,6,47.006,8.493,248.0,0,8,0,47,2.366,1.869,4911617
17.592,open,8,6,45.651,7.126,246.0,0,8,0,47,2.436,1.966,4917409
17.602,open,8,6,45.651,7.126,246.0,0,8,0,47,2.436,1.966,4917409
17.612,open,8,6,45.651,7.126,246.0,0,8,0,47,2.436,1.966,4917409
17.622,open,8,6,45.651,7.126,246.0,0,8,0,47,2.436,1.966,4917409
17.632,open,9,6,48.064,6.727,249.0,0,9,0,47,2.603,2.068,4928993
17.642,open,9,6,48.064,6.727,249.0,0,9,0,47,2.603,2.068,4928993
17.652,open,9,6,48.064,6.727,249.0,0,9,0,47,2.603,2.068,4928993
17.663,open,9,6,48.064,6.727,249.0,0,9,0,47,2.603,2.068,4928993
17.673,open,10,6,48.113,5.143,249.0,0,9,0,47,2.889,1.912,4931889
17.683,open,10,6,48.993,2.711,249.0,0,10,0,47,2.837,2.099,4942025
17.693,open,10,6,48.993,2.711,249.0,0,10,0,47,2.837,2.099,4942025
17.703,open,10,6,48.993,2.711,249.0,0,10,0,47,2.837,2.099,4942025
17.713,open,10,6,48.993,2.711,249.0,0,10,0,47,2.837,2.099,4942025
17.723,open,10,6,48.993,2.711,249.0,0,10,0,47,2.837,2.099,4942025
17.733,open,11,6,51.713,4.542,252.0,0,11,0,47,2.957,2.077,4952161
17.743,open,11,6,52.222,4.425,253.0,0,11,0,47,2.928,2.076,4955057
17.754,open,11,6,52.222,4.425,253.0,0,11,0,47,2.928,2.076,4955057
17.764,open,11,6,52.222,4.425,253.0,0,11,0,47,2.928,2.076,4955057
17.774,open,11,6,52.222,4.425,253.0,0,11,0,47,2.928,2.076,4955057
17.784,open,11,6,57.636,10.966,258.0,0,11,0,47,2.653,2.035,4959401
17.794,open,12,6,58.025,3.219,259.0,0,12,0,47,2.875,2.192,4970985
17.804,open,12,6,58.025,3.219,259.0,0,12,0,47,2.875,2.192,4970985
17.814,open,12,6,58.025,3.219,259.0,0,12,0,47,2.875,2.192,4970985
17.824,open,12,6,58.025,3.219,259.0,0,12,0,47,2.875,2.192,4970985
17.834,open,12,6,58.025,3.219,259.0,0,12,0,47,2.875,2.192,4970985
17.845,open,13,6,58.059,2.267,259.0,0,13,0,47,3.113,2.235,4981121
17.855,disorder,13,6,57.826,1.416,258.0,0,15,0,47,3.365,2.192,4984017
17.865,recovery,13,6,57.826,1.416,258.0,0,15,1,48,3.365,2.192,4984017
17.875,recovery,13,6,57.826,1.416,258.0,0,15,1,48,3.365,2.192,4984017
17.885,recovery,13,6,57.826,1.416,258.0,0,15,1,48,3.365,2.192,4984017
17.895,recovery,9,6,52.155,2.17,253.0,0,19,1,48,4.797,2.439,4984017
17.905,recovery,6,6,51.465,1.464,252.0,0,20,1,48,5.402,2.439,4984017
17.915,open,6,6,51.407,1.214,252.0,0,6,0,48,1.622,2.163,5005737
17.925,open,6,6,51.407,1.214,252.0,0,6,0,48,1.622,2.163,5005737
17.936,open,6,6,51.407,1.214,252.0,0,6,0,48,1.622,2.163,5005737
17.946,open,6,6,50.567,1.348,251.0,0,6,0,48,1.649,2.055,5011529
17.956,open,6,6,50.567,1.348,251.0,0,6,0,48,1.649,2.055,5011529
17.966,open,7,6,51.691,3.259,252.0,0,7,0,48,1.882,1.346,5014425
17.976,open,7,6,51.691,3.259,252.0,0,7,0,48,1.882,1.346,5014425
17.986,open,7,6,49.234,3.662,250.0,0,7,0,48,1.976,1.586,5020217
17.996,open,7,6,49.234,3.662,250.0,0,7,0,48,1.976,1.586,5020217
18.006,open,8,6,48.355,3.767,249.0,0,8,0,48,2.3,1.594,5023113
18.016,open,8,6,48.355,3.767,249.0,0,8,0,48,2.3,1.594,5023113
18.026,open,8,6,47.854,6.031,248.0,0,8,0,48,2.324,1.968,5030353
18.037,open,8,6,47.854,6.031,248.0,0,8,0,48,2.324,1.968,5030353
18.047,open,8,6,47.025,6.049,248.0,0,8,0,48,2.365,1.921,5033249
18.057,open,8,6,47.025,6.049,248.0,0,8,0,48,2.365,1.921,5033249
18.067,open,9,6,46.612,6.181,247.0,0,9,0,48,2.684,2.194,5041937
18.077,open,9,6,46.612,6.181,247.0,0,9,0,48,2.684,2.194,5041937
18.087,open,9,6,45.946,5.968,246.0,0,9,0,48,2.723,2.245,5044833
18.097,open,9,6,45.946,5.968,246.0,0,9,0,48,2.723,2.245,5044833
18.107,open,10,6,45.597,3.134,246.0,0,10,0,48,3.049,2.325,5053521
18.117,open,10,6,45.597,3.134,246.0,0,10,0,48,3.049,2.325,5053521
18.127,open,10,6,46.434,5.531,247.0,0,10,0,48,2.994,2.525,5057865
18.137,open,10,6,46.434,5.531,247.0,0,10,0,48,2.994,2.525,5057865
18.147,open,10,6,46.434,5.531,247.0,0,10,0,48,2.994,2.525,5057865
18.157,open,11,6,46.792,2.336,247.0,0,11,0,48,3.268,2.451,5068001
18.168,open,11,6,46.792,2.336,247.0,0,11,0,48,3.268,2.451,5068001
18.178,open,11,6,46.839,1.845,247.0,0,11,0,48,3.265,2.456,5070897
18.188,open,11,6,46.839,1.845,247.0,0,11,0,48,3.265,2.456,5070897
18.198,open,11,6,49.878,6.274,250.0,0,11,0,48,3.066,2.387,5075241
18.208,open,12,6,49.713,2.845,250.0,0,12,0,48,3.355,2.562,5083929
18.218,open,12,6,49.713,2.845,250.0,0,12,0,48,3.355,2.562,5083929
18.228,open,12,6,49.716,2.139,250.0,0,12,0,48,3.355,2.562,5086825
18.238,open,12,6,49.716,2.139,250.0,0,12,0,48,3.355,2.562,5086825
18.248,open,12,6,49.716,2.139,250.0,0,12,0,48,3.355,2.562,5086825
18.258,open,13,6,51.977,3.213,252.0,0,13,0,48,3.477,2.551,5098409
18.268,open,13,6,52.293,3.042,253.0,0,13,0,48,3.456,2.55,5101305
18.278,open,13,6,52.72,3.137,253.0,0,13,0,48,3.428,2.495,5104201
18.288,open,13,6,52.72,3.137,253.0,0,13,0,48,3.428,2.495,5104201
18.299,open,13,6,52.72,3.137,253.0,0,13,0,48,3.428,2.495,5104201
18.309,open,13,6,53.439,3.01,254.0,0,13,0,48,3.382,2.492,5109993
18.319,open,14,6,54.8,2.77,255.0,0,14,0,48,3.551,2.641,5120129
18.329,open,14,6,54.8,2.77,255.0,0,14,0,48,3.551,2.641,5120129
18.339,open,14,6,55.227,2.931,256.0,0,14,0,48,3.524,2.587,5123025
18.349,open,14,6,55.227,2.931,256.0,0,14,0,48,3.524,2.587,5123025
18.359,open,14,6,55.227,2.931,256.0,0,14,0,48,3.524,2.587,5123025
18.369,open,14,6,56.187,2.68,257.0,0,14,0,48,3.464,2.59,5131713
18.380,open,15,6,57.229,2.695,258.0,0,15,0,48,3.643,2.733,5140401
18.390,open,15,6,57.229,2.695,258.0,0,15,0,48,3.643,2.733,5140401
18.400,open,15,6,57.493,2.551,258.0,0,15,0,48,3.627,2.733,5143297
18.410,open,15,6,57.493,2.551,258.0,0,15,0,48,3.627,2.733,5143297
18.420,disorder,15,6,56.943,2.35,257.0,0,17,0,48,3.906,2.391,5143297
18.430,recovery,11,7,56.481,0.872,257.0,0,20,1,49,4.676,2.537,5143297
18.440,recovery,9,7,55.688,1.331,256.0,0,22,1,49,5.242,2.537,5143297
18.450,recovery,8,7,54.918,1.482,255.0,0,22,1,49,5.569,2.733,5143297
18.460,recovery,8,7,54.918,1.482,255.0,0,22,1,49,5.569,2.733,5143297
18.471,open,7,7,52.931,1.829,253.0,0,7,0,49,1.838,2.907,5167913
18.481,open,7,7,51.343,2.108,252.0,0,7,0,49,1.895,2.076,5173705
18.491,open,7,7,51.343,2.108,252.0,0,7,0,49,1.895,2.076,5173705
18.501,open,7,7,51.343,2.108,252.0,0,7,0,49,1.895,2.076,5173705
18.511,open,7,7,51.343,2.108,252.0,0,7,0,49,1.895,2.076,5173705
18.521,open,8,7,51.118,7.045,252.0,0,8,0,49,2.175,1.808,5183841
18.531,open,8,7,51.118,7.045,252.0,0,8,0,49,2.175,1.808,5183841
18.541,open,8,7,51.118,7.045,252.0,0,8,0,49,2.175,1.808,5183841
18.551,open,8,7,51.118,7.045,252.0,0,8,0,49,2.175,1.808,5183841
18.561,open,9,7,50.227,5.427,251.0,0,9,0,49,2.491,1.762,5189633
18.572,open,9,7,49.373,3.583,250.0,0,9,0,49,2.534,1.962,5195425
18.582,open,9,7,49.373,3.583,250.0,0,9,0,49,2.534,1.962,5195425
18.592,open,9,7,49.373,3.583,250.0,0,9,0,49,2.534,1.962,5195425
18.602,open,9,7,49.373,3.583,250.0,0,9,0,49,2.534,1.962,5195425
18.612,open,10,7,49.458,2.164,250.0,0,9,0,49,2.811,1.863,5201217
18.622,open,10,7,49.939,2.011,250.0,0,10,0,49,2.784,2.046,5207009
18.632,open,10,7,49.939,2.011,250.0,0,10,0,49,2.784,2.046,5207009
18.642,open,10,7,49.939,2.011,250.0,0,10,0,49,2.784,2.046,5207009
18.652,open,10,7,49.939,2.011,250.0,0,10,0,49,2.784,2.046,5207009
18.663,open,10,7,55.238,12.105,256.0,0,10,0,49,2.517,1.129,5208457
18.673,recovery,10,5,55.338,3.281,256.0,0,13,1,50,3.266,1.871,5215697
18.683,recovery,10,5,55.338,3.281,256.0,0,13,1,50,3.266,1.871,5215697
18.693,recovery,10,5,55.338,3.281,256.0,0,13,1,50,3.266,1.871,5215697
18.703,recovery,10,5,55.338,3.281,256.0,0,13,1,50,3.266,1.871,5215697
18.713,recovery,10,5,55.338,3.281,256.0,0,13,1,50,3.266,1.871,5215697
18.723,recovery,9,5,56.073,3.085,257.0,0,14,1,50,3.223,1.598,5215697
18.733,open,5,5,58.084,1.988,259.0,0,5,0,50,1.197,1.949,5234521
18.743,open,5,5,58.084,1.988,259.0,0,5,0,50,1.197,1.949,5234521
18.753,open,5,5,58.084,1.988,259.0,0,5,0,50,1.197,1.949,5234521
18.763,open,5,5,58.084,1.988,259.0,0,5,0,50,1.197,1.949,5234521
18.774,open,5,5,58.084,1.988,259.0,0,5,0,50,1.197,1.949,5234521
18.784,open,5,5,58.419,2.162,259.0,0,5,0,50,1.19,1.588,5237417
18.794,open,6,5,58.561,1.904,259.0,0,6,0,50,1.424,0.959,5240313
18.804,open,6,5,58.561,1.904,259.0,0,6,0,50,1.424,0.959,5240313
18.814,open,6,5,58.561,1.904,259.0,0,6,0,50,1.424,0.959,5240313
18.824,open,6,5,58.561,1.904,259.0,0,6,0,50,1.424,0.959,5240313
18.834,open,6,5,59.646,11.39,260.0,0,6,0,50,1.398,1.036,5247553
18.844,open,6,5,59.646,11.39,260.0,0,6,0,50,1.398,1.036,5247553
18.854,open,6,5,59.646,11.39,260.0,0,6,0,50,1.398,1.036,5247553
18.864,open,6,5,59.646,11.39,260.0,0,6,0,50,1.398,1.036,5247553
18.875,open,6,5,59.646,11.39,260.0,0,6,0,50,1.398,1.036,5247553
18.885,open,7,5,60.053,14.812,261.0,0,7,0,50,1.62,1.4,5256241
18.895,open,7,5,60.053,14.812,261.0,0,7,0,50,1.62,1.4,5256241
18.905,open,7,5,60.053,14.812,261.0,0,7,0,50,1.62,1.4,5256241
18.915,open,7,5,60.053,14.812,261.0,0,7,0,50,1.62,1.4,5256241
18.925,open,8,5,56.793,13.839,257.0,0,8,0,50,1.958,1.435,5262033
18.935,open,8,5,54.287,12.129,255.0,0,8,0,50,2.048,1.633,5266377
18.945,open,8,5,54.287,12.129,255.0,0,8,0,50,2.048,1.633,5266377
18.955,open,8,5,54.287,12.129,255.0,0,8,0,50,2.048,1.633,5266377
18.965,open,8,5,54.287,12.129,255.0,0,8,0,50,2.048,1.633,5266377
18.975,open,9,5,53.176,6.73,254.0,0,9,0,50,2.353,1.822,5273617
18.986,open,9,5,53.033,4.652,254.0,0,9,0,50,2.359,1.822,5277961
18.996,open,9,5,53.033,4.652,254.0,0,9,0,50,2.359,1.822,5277961
19.006,open,9,5,53.033,4.652,254.0,0,9,0,50,2.359,1.822,5277961
19.016,open,9,5,53.033,4.652,254.0,0,9,0,50,2.359,1.822,5277961
19.026,open,10,5,52.828,2.972,253.0,0,9,0,50,2.631,1.777,5283753
19.036,open,10,5,53.239,2.384,254.0,0,10,0,50,2.611,1.91,5289545
19.046,open,10,5,53.239,2.384,254.0,0,10,0,50,2.611,1.91,5289545
19.056,open,10,5,53.239,2.384,254.0,0,10,0,50,2.611,1.91,5289545
19.066,open,10,5,53.239,2.384,254.0,0,10,0,50,2.611,1.91,5289545
19.076,open,10,5,53.239,2.384,254.0,0,10,0,50,2.611,1.91,5289545
19.087,open,11,5,58.021,6.048,259.0,0,11,0,50,2.635,1.831,5299681
19.097,open,11,5,58.294,4.496,259.0,0,11,0,50,2.623,2.035,5304025
19.107,open,11,5,58.294,4.496,259.0,0,11,0,50,2.623,2.035,5304025
19.117,open,11,5,58.294,4.496,259.0,0,11,0,50,2.623,2.035,5304025
19.127,open,11,5,58.294,4.496,259.0,0,11,0,50,2.623,2.035,5304025
19.137,open,11,5,58.432,3.649,259.0,0,11,0,50,2.617,1.831,5306921
19.147,open,12,5,57.958,2.253,258.0,0,11,0,50,2.878,2.032,5314161
19.157,open,12,5,58.983,2.924,259.0,0,12,0,50,2.828,2.101,5318505
19.167,open,12,5,58.983,2.924,259.0,0,12,0,50,2.828,2.101,5318505
19.178,open,12,5,58.983,2.924,259.0,0,12,0,50,2.828,2.101,5318505
19.188,open,12,5,58.983,2.924,259.0,0,12,0,50,2.828,2.101,5318505
19.198,open,12,5,59.529,9.224,260.0,0,12,0,50,2.802,2.235,5330089
19.208,open,13,5,57.953,7.879,258.0,0,13,0,50,3.118,2.292,5335881
19.218,open,13,5,57.953,7.879,258.0,0,13,0,50,3.118,2.292,5335881
19.228,open,13,5,57.953,7.879,258.0,0,13,0,50,3.118,2.292,5335881
19.238,open,13,5,57.953,7.879,258.0,0,13,0,50,3.118,2.292,5335881
19.248,recovery,10,6,54.836,4.397,255.0,0,16,1,51,4.056,2.174,5335881
19.258,recovery,8,6,54.519,1.628,255.0,0,19,1,51,4.589,2.347,5335881
19.269,recovery,7,6,54.642,1.467,255.0,0,19,1,51,4.834,2.504,5335881
19.279,recovery,7,6,54.642,1.467,255.0,0,19,1,51,4.834,2.504,5335881
19.289,recovery,6,6,53.841,1.621,254.0,0,19,1,51,4.905,2.666,5335881
19.299,open,6,6,50.468,2.237,251.0,0,6,0,51,1.653,1.707,5363393
19.309,open,6,6,50.468,2.237,251.0,0,6,0,51,1.653,1.707,5363393
19.319,open,6,6,50.468,2.237,251.0,0,6,0,51,1.653,1.707,5363393
19.329,open,6,6,50.468,2.237,251.0,0,6,0,51,1.653,1.707,5363393
19.339,open,7,6,48.596,2.56,249.0,0,7,0,51,2.002,1.583,5369185
19.349,open,7,6,47.695,2.705,248.0,0,7,0,51,2.04,1.679,5372081
19.360,open,7,6,47.695,2.705,248.0,0,7,0,51,2.04,1.679,5372081
19.370,open,7,6,47.695,2.705,248.0,0,7,0,51,2.04,1.679,5372081
19.380,open,8,6,46.777,2.299,247.0,0,8,0,51,2.377,1.807,5379321
19.390,open,8,6,46.688,1.902,247.0,0,8,0,51,2.382,1.76,5382217
19.400,open,8,6,46.688,1.902,247.0,0,8,0,51,2.382,1.76,5382217
19.410,open,8,6,46.688,1.902,247.0,0,8,0,51,2.382,1.76,5382217
19.420,open,8,6,46.688,1.902,247.0,0,8,0,51,2.382,1.76,5382217
19.430,open,9,6,47.309,1.792,248.0,0,9,0,51,2.644,1.91,5389457
19.440,open,9,6,47.839,2.069,248.0,0,9,0,51,2.615,1.959,5393801
19.450,open,9,6,47.839,2.069,248.0,0,9,0,51,2.615,1.959,5393801
19.461,open,9,6,47.839,2.069,248.0,0,9,0,51,2.615,1.959,5393801
19.471,open,9,6,47.839,2.069,248.0,0,9,0,51,2.615,1.959,5393801
19.481,open,10,6,49.388,3.277,250.0,0,9,0,51,2.815,1.956,5402489
19.491,open,10,6,49.876,3.433,250.0,0,10,0,51,2.787,1.956,5405385
19.501,open,10,6,49.876,3.433,250.0,0,10,0,51,2.787,1.956,5405385
19.511,open,10,6,49.876,3.433,250.0,0,10,0,51,2.787,1.956,5405385
19.521,open,10,6,49.876,3.433,250.0,0,10,0,51,2.787,1.956,5405385
19.531,open,10,6,55.249,10.322,256.0,0,10,0,51,2.516,1.91,5409729
19.541,open,11,6,55.18,4.73,256.0,0,11,0,51,2.771,1.869,5418417
19.551,open,11,6,55.18,4.73,256.0,0,11,0,51,2.771,1.869,5418417
19.561,open,11,6,55.18,4.73,256.0,0,11,0,51,2.771,1.869,5418417
19.572,open,11,6,55.18,4.73,256.0,0,11,0,51,2.771,1.869,5418417
19.582,open,11,6,55.18,4.73,256.0,0,11,0,51,2.771,1.869,5418417
19.592,open,11,6,60.306,6.618,261.0,0,11,0,51,2.536,1.952,5427105
19.602,open,12,6,60.804,3.976,261.0,0,12,0,51,2.743,2.104,5434345
19.612,open,12,6,60.804,3.976,261.0,0,12,0,51,2.743,2.104,5434345
19.622,open,12,6,60.804,3.976,261.0,0,12,0,51,2.743,2.104,5434345
19.632,open,12,6,60.804,3.976,261.0,0,12,0,51,2.743,2.104,5434345
19.642,open,12,6,60.804,3.976,261.0,0,12,0,51,2.743,2.104,5434345
19.652,open,12,6,59.97,2.481,260.0,0,12,0,51,2.782,2.147,5445929
19.662,open,13,6,59.291,2.211,260.0,0,13,0,51,3.048,2.295,5451721
19.673,open,13,6,59.291,2.211,260.0,0,13,0,51,3.048,2.295,5451721
19.683,open,13,6,59.291,2.211,260.0,0,13,0,51,3.048,2.295,5451721
19.693,open,13,6,59.291,2.211,260.0,0,13,0,51,3.048,2.295,5451721
19.703,open,13,6,57.044,2.552,258.0,0,13,0,51,3.168,2.439,5458961
19.713,open,14,6,54.772,2.56,255.0,0,14,0,51,3.553,2.642,5470545
19.723,open,14,6,54.772,2.56,255.0,0,14,0,51,3.553,2.642,5470545
19.733,open,14,6,54.772,2.56,255.0,0,14,0,51,3.553,2.642,5470545
19.743,open,14,6,51.887,3.112,252.0,0,14,0,51,3.751,2.96,5476337
19.753,open,15,6,47.251,3.579,248.0,0,15,0,51,4.413,3.183,5489369
19.763,open,15,6,47.251,3.579,248.0,0,15,0,51,4.413,3.183,5489369
19.774,open,15,6,47.251,3.579,248.0,0,15,0,51,4.413,3.183,5489369
19.784,open,15,6,47.924,8.041,248.0,0,15,0,51,4.351,3.819,5496609
19.794,open,16,6,44.906,5.336,245.0,0,16,0,51,4.953,3.826,5508193
19.804,open,16,6,44.756,4.302,245.0,0,16,0,51,4.969,3.985,5511089
19.814,open,16,6,44.756,4.302,245.0,0,16,0,51,4.969,3.985,5511089
19.824,open,16,6,44.756,4.302,245.0,0,16,0,51,4.969,3.985,5511089
19.834,open,16,6,45.509,1.811,246.0,0,16,0,51,4.887,3.77,5524121
19.844,open,17,6,46.115,1.399,247.0,0,17,0,51,5.124,3.924,5534257
19.854,open,17,6,46.115,1.399,247.0,0,17,0,51,5.124,3.924,5534257
19.864,open,17,6,46.115,1.399,247.0,0,17,0,51,5.124,3.924,5534257
19.875,open,17,6,46.406,1.633,247.0,0,17,0,51,5.092,3.826,5537153
19.885,open,17,6,47.367,1.728,248.0,0,17,0,51,4.989,3.825,5547289
19.895,open,18,6,48.412,1.741,249.0,0,18,0,51,5.168,3.965,5558873
19.905,open,18,6,48.412,1.741,249.0,0,18,0,51,5.168,3.965,5558873
19.915,open,18,6,48.412,1.741,249.0,0,18,0,51,5.168,3.965,5558873
19.925,open,18,6,48.412,1.741,249.0,0,18,0,51,5.168,3.965,5558873
19.935,open,18,6,50.369,2.666,251.0,0,18,0,51,4.968,3.776,5571905
19.946,open,19,6,51.243,1.998,252.0,0,19,0,51,5.154,3.776,5582041
19.956,open,19,6,51.508,2.03,252.0,0,19,0,51,5.128,3.907,5584937
19.966,open,19,6,51.508,2.03,252.0,0,19,0,51,5.128,3.907,5584937
19.976,open,19,6,51.508,2.03,252.0,0,19,0,51,5.128,3.907,5584937
19.986,open,19,6,52.777,3.342,253.0,0,19,0,51,5.004,3.663,5590729
19.996,open,19,6,54.626,3.484,255.0,0,19,0,51,4.835,3.663,5600865
20.006,open,20,6,55.536,2.913,256.0,0,19,0,51,5.006,3.786,5609553
20.016,open,20,6,55.536,2.913,256.0,0,19,0,51,5.006,3.786,5609553
20.026,open,20,6,55.536,2.913,256.0,0,19,0,51,5.006,3.786,5609553
20.036,open,20,6,55.536,2.913,256.0,0,19,0,51,5.006,3.786,5609553
20.047,recovery,15,10,57.751,4.293,258.0,0,22,1,52,5.295,3.459,5611001
20.057,recovery,10,10,56.028,1.951,257.0,0,25,2,53,5.954,3.188,5611001
20.067,recovery,10,10,55.972,1.576,256.0,0,26,2,53,6.209,3.387,5611001
20.077,recovery,10,10,55.972,1.576,256.0,0,26,2,53,6.209,3.387,5611001
20.087,recovery,10,10,55.972,1.576,256.0,0,26,2,53,6.209,3.387,5611001
20.097,recovery,10,10,50.654,2.487,251.0,0,15,1,54,3.842,2.293,5637065
20.107,recovery,10,10,48.626,2.832,249.0,0,17,1,54,4.574,1.876,5637065
20.117,recovery,10,10,48.626,2.832,249.0,0,17,1,54,4.574,1.876,5637065
20.127,recovery,10,10,48.626,2.832,249.0,0,17,1,54,4.574,1.876,5637065
20.137,open,10,10,48.298,2.781,249.0,0,10,0,54,2.878,2.01,5648649
20.147,open,10,10,48.691,1.438,249.0,0,10,0,54,2.855,2.391,5660233
20.157,open,10,10,48.691,1.438,249.0,0,10,0,54,2.855,2.391,5660233
20.168,open,10,10,48.691,1.438,249.0,0,10,0,54,2.855,2.391,5660233
20.178,open,10,10,48.691,1.438,249.0,0,10,0,54,2.855,2.391,5660233
20.188,open,11,10,53.617,10.932,254.0,0,11,0,54,2.852,1.315,5661681
20.198,open,11,10,52.97,3.418,253.0,0,11,0,54,2.887,2.224,5674713
20.208,open,11,10,52.97,3.418,253.0,0,11,0,54,2.887,2.224,5674713
20.218,open,11,10,52.97,3.418,253.0,0,11,0,54,2.887,2.224,5674713
20.228,open,11,10,52.97,3.418,253.0,0,11,0,54,2.887,2.224,5674713
20.238,open,11,10,52.97,3.418,253.0,0,11,0,54,2.887,2.224,5674713
20.248,open,12,10,53.984,3.078,254.0,0,11,0,54,3.09,2.122,5683401
20.259,open,12,10,54.582,2.2,255.0,0,12,0,54,3.056,2.283,5690641
20.269,open,12,10,54.582,2.2,255.0,0,12,0,54,3.056,2.283,5690641
20.279,open,12,10,54.582,2.2,255.0,0,12,0,54,3.056,2.283,5690641
20.289,open,12,10,54.582,2.2,255.0,0,12,0,54,3.056,2.283,5690641
20.299,open,12,10,54.582,2.2,255.0,0,12,0,54,3.056,2.283,5690641
20.309,open,13,10,55.717,2.27,256.0,0,12,0,54,3.243,2.391,5702225
20.319,disorder,13,10,56.147,1.983,257.0,0,15,0,54,3.218,2.236,5703673
20.329,recovery,13,6,56.147,1.983,257.0,0,15,1,55,3.218,2.236,5703673
20.339,recovery,13,6,56.147,1.983,257.0,0,15,1,55,3.218,2.236,5703673
20.349,recovery,13,6,56.147,1.983,257.0,0,15,1,55,3.218,2.236,5703673
20.359,recovery,11,6,56.36,1.36,257.0,0,16,1,55,3.946,2.035,5703673
20.369,recovery,6,6,56.639,0.849,257.0,0,19,2,56,4.418,2.2,5703673
20.380,recovery,6,6,56.059,0.967,257.0,0,13,1,56,2.976,2.016,5713809
20.390,recovery,6,6,56.059,0.967,257.0,0,13,1,56,2.976,2.016,5713809
20.400,recovery,6,6,56.059,0.967,257.0,0,13,1,56,2.976,2.016,5713809
20.410,open,6,6,53.291,1.549,254.0,0,6,0,56,1.565,1.876,5728289
20.420,open,6,6,52.418,1.719,253.0,0,6,0,56,1.591,1.2,5731185
20.430,open,6,6,52.418,1.719,253.0,0,6,0,56,1.591,1.2,5731185
20.440,open,6,6,52.418,1.719,253.0,0,6,0,56,1.591,1.2,5731185
20.450,open,6,6,52.418,1.719,253.0,0,6,0,56,1.591,1.2,5731185
20.460,open,7,6,55.659,7.618,256.0,0,7,0,56,1.748,1.366,5736977
20.470,open,7,6,55.06,6.911,256.0,0,7,0,56,1.767,1.366,5739873
20.480,open,7,6,55.06,6.911,256.0,0,7,0,56,1.767,1.366,5739873
20.490,open,7,6,55.06,6.911,256.0,0,7,0,56,1.767,1.366,5739873
20.500,open,7,6,55.06,6.911,256.0,0,7,0,56,1.767,1.366,5739873
20.510,open,8,6,50.768,6.875,251.0,0,8,0,56,2.19,1.594,5750009
20.521,open,8,6,50.768,6.875,251.0,0,8,0,56,2.19,1.594,5750009
20.531,open,8,6,50.768,6.875,251.0,0,8,0,56,2.19,1.594,5750009
20.541,open,8,6,50.768,6.875,251.0,0,8,0,56,2.19,1.594,5750009
20.551,open,8,6,50.478,5.736,251.0,0,8,0,56,2.203,1.674,5752905
20.561,open,9,6,50.224,2.988,251.0,0,9,0,56,2.491,1.866,5760145
20.571,open,9,6,50.224,2.988,251.0,0,9,0,56,2.491,1.866,5760145
20.581,open,9,6,50.224,2.988,251.0,0,9,0,56,2.491,1.866,5760145
20.591,open,9,6,50.224,2.988,251.0,0,9,0,56,2.491,1.866,5760145
20.601,open,9,6,54.72,10.352,255.0,0,9,0,56,2.286,1.822,5764489
20.611,open,10,6,53.761,5.653,254.0,0,10,0,56,2.586,1.999,5773177
20.622,open,10,6,53.761,5.653,254.0,0,10,0,56,2.586,1.999,5773177
20.632,open,10,6,53.761,5.653,254.0,0,10,0,56,2.586,1.999,5773177
20.642,open,10,6,53.761,5.653,254.0,0,10,0,56,2.586,1.999,5773177
20.652,open,10,6,53.761,5.653,254.0,0,10,0,56,2.586,1.999,5773177
20.662,open,10,6,54.971,4.124,255.0,0,10,0,56,2.529,1.829,5780417
20.672,open,11,6,56.048,3.409,257.0,0,11,0,56,2.728,1.993,5787657
20.682,open,11,6,56.048,3.409,257.0,0,11,0,56,2.728,1.993,5787657
20.692,open,11,6,56.048,3.409,257.0,0,11,0,56,2.728,1.993,5787657
20.702,open,11,6,56.048,3.409,257.0,0,11,0,56,2.728,1.993,5787657
20.712,open,11,6,56.048,3.409,257.0,0,11,0,56,2.728,1.993,5787657
20.722,open,11,6,57.98,4.397,258.0,0,11,0,56,2.637,1.873,5794897
20.732,open,12,6,59.408,4.078,260.0,0,12,0,56,2.808,2.021,5803585
20.743,open,12,6,59.408,4.078,260.0,0,12,0,56,2.808,2.021,5803585
20.753,open,12,6,59.408,4.078,260.0,0,12,0,56,2.808,2.021,5803585
20.763,open,12,6,59.408,4.078,260.0,0,12,0,56,2.808,2.021,5803585
20.773,open,12,6,58.946,3.982,259.0,0,12,0,56,2.83,2.101,5806481
20.783,open,12,6,57.725,2.895,258.0,0,12,0,56,2.89,2.06,5816617
20.793,open,13,6,57.474,2.673,258.0,0,13,0,56,3.144,2.021,5819513
20.803,open,13,6,57.474,2.673,258.0,0,13,0,56,3.144,2.021,5819513
20.813,open,13,6,57.474,2.673,258.0,0,13,0,56,3.144,2.021,5819513
20.823,open,13,6,57.474,2.673,258.0,0,13,0,56,3.144,2.021,5819513
20.833,disorder,13,6,61.486,8.659,262.0,0,15,0,56,3.165,2.235,5822409
20.843,recovery,9,6,59.01,3.157,260.0,0,18,1,57,4.005,2.197,5822409
20.853,recovery,8,6,59.035,2.416,260.0,0,18,1,57,4.238,2.348,5822409
20.863,recovery,8,6,59.035,2.416,260.0,0,18,1,57,4.238,2.348,5822409
20.874,recovery,8,6,59.035,2.416,260.0,0,18,1,57,4.238,2.348,5822409
20.884,recovery,7,6,57.399,2.67,258.0,0,19,1,57,4.601,2.284,5822409
20.894,open,6,6,55.244,2.866,256.0,0,6,0,57,1.51,1.997,5847025
20.904,open,6,6,55.244,2.866,256.0,0,6,0,57,1.51,1.997,5847025
20.914,open,6,6,55.244,2.866,256.0,0,6,0,57,1.51,1.997,5847025
20.924,open,6,6,55.244,2.866,256.0,0,6,0,57,1.51,1.997,5847025
20.934,open,7,6,57.258,9.405,258.0,0,7,0,57,1.699,1.335,5852817
20.944,open,7,6,55.862,9.46,256.0,0,7,0,57,1.742,1.428,5855713
20.954,open,7,6,55.862,9.46,256.0,0,7,0,57,1.742,1.428,5855713
20.964,open,7,6,55.862,9.46,256.0,0,7,0,57,1.742,1.428,5855713
20.975,open,7,6,55.862,9.46,256.0,0,7,0,57,1.742,1.428,5855713
20.985,open,8,6,54.117,6.463,255.0,0,8,0,57,2.055,1.4,5864401
20.995,open,8,6,53.713,5.655,254.0,0,8,0,57,2.07,1.593,5865849
21.005,open,8,6,53.713,5.655,254.0,0,8,0,57,2.07,1.593,5865849
21.015,open,8,6,53.713,5.655,254.0,0,8,0,57,2.07,1.593,5865849
21.025,open,8,6,53.713,5.655,254.0,0,8,0,57,2.07,1.593,5865849
21.035,open,8,6,53.827,4.469,254.0,0,8,0,57,2.066,1.484,5868745
21.045,open,9,6,54.105,2.465,255.0,0,9,0,57,2.312,1.697,5875985
21.055,open,9,6,54.105,2.465,255.0,0,9,0,57,2.312,1.697,5875985
21.065,open,9,6,54.105,2.465,255.0,0,9,0,57,2.312,1.697,5875985
21.075,open,9,6,54.105,2.465,255.0,0,9,0,57,2.312,1.697,5875985
21.085,open,9,6,59.321,12.281,260.0,0,9,0,57,2.109,0.967,5877433
21.095,open,9,6,59.319,6.914,260.0,0,9,0,57,2.109,1.563,5883225
21.106,open,10,6,59.477,4.204,260.0,0,10,0,57,2.337,1.721,5889017
21.116,open,10,6,59.477,4.204,260.0,0,10,0,57,2.337,1.721,5889017
21.126,open,10,6,59.477,4.204,260.0,0,10,0,57,2.337,1.721,5889017
21.136,open,10,6,59.477,4.204,260.0,0,10,0,57,2.337,1.721,5889017
21.146,open,10,6,59.401,4.035,260.0,0,10,0,57,2.34,1.757,5893361
21.156,recovery,8,5,57.042,3.279,258.0,0,13,1,58,2.924,1.721,5894809
21.166,recovery,8,5,57.042,3.279,258.0,0,13,1,58,2.924,1.721,5894809
21.176,recovery,8,5,57.042,3.279,258.0,0,13,1,58,2.924,1.721,5894809
21.186,recovery,8,5,57.042,3.279,258.0,0,13,1,58,2.924,1.721,5894809
21.196,recovery,6,5,54.011,3.712,255.0,0,14,1,58,3.603,1.869,5894809
21.207,open,5,5,51.84,3.697,252.0,0,5,0,58,1.341,1.911,5912185
21.217,open,5,5,51.84,3.697,252.0,0,5,0,58,1.341,1.911,5912185
21.227,open,5,5,51.84,3.697,252.0,0,5,0,58,1.341,1.911,5912185
21.237,open,5,5,55.54,10.173,256.0,0,5,0,58,1.251,1.682,5915081
21.247,open,6,5,53.933,10.257,254.0,0,6,0,58,1.546,1.171,5917977
21.257,open,6,5,53.933,10.257,254.0,0,6,0,58,1.546,1.171,5917977
21.267,open,6,5,53.933,10.257,254.0,0,6,0,58,1.546,1.171,5917977
21.277,open,6,5,53.933,10.257,254.0,0,6,0,58,1.546,1.171,5917977
21.287,open,6,5,56.217,13.674,257.0,0,6,0,58,1.484,1.225,5922321
21.297,open,6,5,55.095,12.498,256.0,0,6,0,58,1.514,1.226,5925217
21.307,open,6,5,55.095,12.498,256.0,0,6,0,58,1.514,1.226,5925217
21.317,open,6,5,55.095,12.498,256.0,0,6,0,58,1.514,1.226,5925217
21.328,open,6,5,55.095,12.498,256.0,0,6,0,58,1.514,1.226,5925217
21.338,open,7,5,58.405,15.71,259.0,0,7,0,58,1.666,1.363,5929561
21.348,open,7,5,57.051,11.304,258.0,0,7,0,58,1.706,1.364,5933905
21.358,open,7,5,57.051,11.304,258.0,0,7,0,58,1.706,1.364,5933905
21.368,open,7,5,57.051,11.304,258.0,0,7,0,58,1.706,1.364,5933905
21.378,open,7,5,57.051,11.304,258.0,0,7,0,58,1.706,1.364,5933905
21.388,open,8,5,56.841,8.899,257.0,0,8,0,58,1.956,0.9,5936801
21.398,open,8,5,56.726,5.277,257.0,0,8,0,58,1.96,1.424,5942593
21.408,open,8,5,56.726,5.277,257.0,0,8,0,58,1.96,1.424,5942593
21.418,open,8,5,56.726,5.277,257.0,0,8,0,58,1.96,1.424,5942593
21.428,open,8,5,56.726,5.277,257.0,0,8,0,58,1.96,1.424,5942593
21.438,open,8,5,56.726,5.277,257.0,0,8,0,58,1.96,1.424,5942593
21.449,open,8,5,61.674,11.514,262.0,0,8,0,58,1.803,1.364,5946937
21.459,open,9,5,61.294,5.616,262.0,0,9,0,58,2.041,1.559,5954177
21.469,open,9,5,61.294,5.616,262.0,0,9,0,58,2.041,1.559,5954177
21.479,open,9,5,61.294,5.616,262.0,0,9,0,58,2.041,1.559,5954177
21.489,open,9,5,61.294,5.616,262.0,0,9,0,58,2.041,1.559,5954177
21.499,open,9,5,61.116,4.569,262.0,0,9,0,58,2.047,1.364,5957073
21.509,open,10,5,58.835,4.446,259.0,0,10,0,58,2.363,1.72,5964313
21.519,open,10,5,58.294,4.417,259.0,0,10,0,58,2.385,1.754,5967209
21.529,open,10,5,58.294,4.417,259.0,0,10,0,58,2.385,1.754,5967209
21.539,open,10,5,58.294,4.417,259.0,0,10,0,58,2.385,1.754,5967209
21.550,open,10,5,56.156,4.67,257.0,0,10,0,58,2.475,1.739,5973001
21.560,open,11,5,53.362,4.672,254.0,0,11,0,58,2.865,2.125,5981689
21.570,open,11,5,53.362,4.672,254.0,0,11,0,58,2.865,2.125,5981689
21.580,open,11,5,53.362,4.672,254.0,0,11,0,58,2.865,2.125,5981689
21.590,open,11,5,53.362,4.672,254.0,0,11,0,58,2.865,2.125,5981689
21.600,open,12,5,49.954,4.922,250.0,0,12,0,58,3.339,2.387,5991825
21.610,open,12,5,49.316,3.875,250.0,0,12,0,58,3.382,2.626,5997617
21.620,open,12,5,49.316,3.875,250.0,0,12,0,58,3.382,2.626,5997617
21.630,open,12,5,49.316,3.875,250.0,0,12,0,58,3.382,2.626,5997617
21.640,open,12,5,48.562,3.487,249.0,0,12,0,58,3.435,2.764,6003409
21.650,open,13,5,48.035,2.197,249.0,0,13,0,58,3.762,2.937,6012097
21.660,open,13,5,48.096,1.77,249.0,0,13,0,58,3.757,2.865,6014993
21.670,open,13,5,48.096,1.77,249.0,0,13,0,58,3.757,2.865,6014993
21.681,open,13,5,48.096,1.77,249.0,0,13,0,58,3.757,2.865,6014993
21.691,open,13,5,47.818,1.164,248.0,0,13,0,58,3.779,2.942,6023681
21.701,open,14,5,48.043,1.046,249.0,0,14,0,58,4.051,3.109,6030921
21.711,open,14,5,48.249,1.196,249.0,0,14,0,58,4.033,3.031,6033817
21.721,open,14,5,48.249,1.196,249.0,0,14,0,58,4.033,3.031,6033817
21.731,open,14,5,48.249,1.196,249.0,0,14,0,58,4.033,3.031,6033817
21.741,open,14,5,49.444,2.744,250.0,0,14,0,58,3.936,2.823,6039609
21.751,open,15,5,51.218,3.287,252.0,0,15,0,58,4.071,2.971,6051193
21.762,open,15,5,51.789,3.608,252.0,0,15,0,58,4.026,2.907,6054089
21.772,open,15,5,51.789,3.608,252.0,0,15,0,58,4.026,2.907,6054089
21.782,open,15,5,51.789,3.608,252.0,0,15,0,58,4.026,2.907,6054089
21.792,open,15,5,51.789,3.608,252.0,0,15,0,58,4.026,2.907,6054089
21.802,open,15,5,53.89,4.68,254.0,0,15,0,58,3.869,2.789,6062777
21.812,open,16,5,55.298,4.09,256.0,0,15,0,58,4.022,2.789,6071465
21.822,open,16,5,57.328,5.576,258.0,0,16,0,58,3.88,2.869,6075809
21.832,open,16,5,57.328,5.576,258.0,0,16,0,58,3.88,2.869,6075809
21.842,open,16,5,57.328,5.576,258.0,0,16,0,58,3.88,2.869,6075809
21.852,open,16,5,57.328,5.576,258.0,0,16,0,58,3.88,2.869,6075809
21.863,open,16,5,58.034,3.411,259.0,0,16,0,58,3.832,2.923,6084497
21.873,open,17,5,58.659,2.457,259.0,0,17,0,58,4.029,2.863,6093185
21.883,open,17,5,59.214,2.952,260.0,0,17,0,58,3.991,2.754,6096081
21.893,open,17,5,59.849,3.483,260.0,0,17,0,58,3.948,2.883,6098977
21.903,open,17,5,59.849,3.483,260.0,0,17,0,58,3.948,2.883,6098977
21.913,open,17,5,59.849,3.483,260.0,0,17,0,58,3.948,2.883,6098977
21.923,open,17,5,59.645,1.356,260.0,0,17,0,58,3.962,3.119,6110561
21.933,open,17,5,59.726,1.063,260.0,0,17,0,58,3.957,3.054,6116353
21.943,open,18,5,61.121,2.955,262.0,0,18,0,58,4.094,3.121,6120697
21.953,open,18,5,61.058,2.341,262.0,0,18,0,58,4.098,3.063,6123593
21.963,open,18,5,61.058,2.341,262.0,0,18,0,58,4.098,3.063,6123593
21.973,open,18,5,61.058,2.341,262.0,0,18,0,58,4.098,3.063,6123593
21.983,open,18,5,60.384,1.62,261.0,0,18,0,58,4.144,3.313,6135177
21.994,open,18,5,60.003,1.475,261.0,0,18,0,58,4.17,3.251,6140969
22.004,open,19,5,59.01,1.527,260.0,0,19,0,58,4.476,3.44,6149657
22.014,open,19,5,59.01,1.527,260.0,0,19,0,58,4.476,3.44,6149657
22.024,open,19,5,59.01,1.527,260.0,0,19,0,58,4.476,3.44,6149657
22.034,open,19,5,58.912,1.342,259.0,0,19,0,58,4.483,3.509,6152553
22.044,open,19,5,58.602,0.832,259.0,0,19,0,58,4.507,3.509,6164137
22.054,recovery,18,9,58.101,1.557,259.0,0,21,1,59,5.024,3.739,6165585
22.064,recovery,16,9,57.31,1.259,258.0,0,23,1,59,5.336,3.663,6165585
22.074,recovery,16,9,57.31,1.259,258.0,0,23,1,59,5.336,3.663,6165585
22.084,recovery,13,9,51.932,2.326,252.0,0,25,1,59,6.692,3.387,6165585
22.094,recovery,11,9,49.249,2.6,250.0,0,28,1,59,7.621,3.585,6165585
22.105,open,9,9,48.391,1.512,249.0,0,9,0,59,2.585,3.265,6198889
22.115,open,9,9,48.391,1.512,249.0,0,9,0,59,2.585,3.265,6198889
22.125,open,9,9,48.391,1.512,249.0,0,9,0,59,2.585,3.265,6198889
22.135,open,9,9,47.602,1.614,248.0,0,9,0,59,2.628,2.957,6204681
22.145,open,10,9,46.439,1.98,247.0,0,10,0,59,2.993,2.379,6211921
22.155,open,10,9,46.439,1.98,247.0,0,10,0,59,2.993,2.379,6211921
22.165,open,10,9,46.439,1.98,247.0,0,10,0,59,2.993,2.379,6211921
22.175,open,10,9,45.764,2.024,246.0,0,10,0,59,3.037,2.393,6217713
22.186,open,11,9,45.327,1.634,246.0,0,11,0,59,3.373,2.46,6223505
22.196,open,11,9,45.11,1.637,246.0,0,11,0,59,3.39,2.657,6224953
22.206,open,11,9,45.11,1.637,246.0,0,11,0,59,3.39,2.657,6224953
22.216,open,11,9,45.11,1.637,246.0,0,11,0,59,3.39,2.657,6224953
22.226,open,11,9,48.271,5.088,249.0,0,11,0,59,3.168,2.449,6232193
22.236,open,12,9,48.653,2.873,249.0,0,12,0,59,3.429,2.562,6240881
22.246,open,12,9,48.653,2.873,249.0,0,12,0,59,3.429,2.562,6240881
22.256,open,12,9,48.653,2.873,249.0,0,12,0,59,3.429,2.562,6240881
22.266,open,12,9,48.653,2.873,249.0,0,12,0,59,3.429,2.562,6240881
22.277,open,12,9,49.517,2.501,250.0,0,12,0,59,3.369,2.505,6248121
22.287,open,12,9,50.402,2.94,251.0,0,12,0,59,3.31,2.391,6253913
22.297,open,13,9,50.763,2.928,251.0,0,12,0,59,3.56,2.391,6256809
22.307,open,13,9,50.763,2.928,251.0,0,12,0,59,3.56,2.391,6256809
22.317,open,13,9,50.763,2.928,251.0,0,12,0,59,3.56,2.391,6256809
22.327,disorder,13,9,55.597,5.116,256.0,0,15,0,59,3.5,2.284,6261153
22.337,disorder,13,9,55.597,5.116,256.0,0,15,0,59,3.5,2.284,6261153
22.347,recovery,10,6,56.546,1.992,257.0,0,18,1,60,4.179,2.197,6261153
22.357,recovery,10,6,56.546,1.992,257.0,0,18,1,60,4.179,2.197,6261153
22.367,recovery,10,6,56.546,1.992,257.0,0,18,1,60,4.179,2.197,6261153
22.378,recovery,10,6,56.546,1.992,257.0,0,18,1,60,4.179,2.197,6261153
22.388,recovery,6,6,58.295,2.369,259.0,0,20,1,60,4.769,2.303,6261153
22.398,open,6,6,58.508,2.203,259.0,0,6,0,60,1.426,2.107,6282873
22.408,open,6,6,58.488,1.692,259.0,0,6,0,60,1.426,2.197,6285769
22.418,open,6,6,58.488,1.692,259.0,0,6,0,60,1.426,2.197,6285769
22.428,open,6,6,58.488,1.692,259.0,0,6,0,60,1.426,2.197,6285769
22.438,open,6,6,61.962,8.218,262.0,0,6,0,60,1.346,1.763,6288665
22.448,open,7,6,61.975,6.188,262.0,0,7,0,60,1.57,1.154,6291561
22.458,open,7,6,60.294,6.415,261.0,0,7,0,60,1.614,1.243,6294457
22.468,open,7,6,60.294,6.415,261.0,0,7,0,60,1.614,1.243,6294457
22.479,open,7,6,58.358,6.698,259.0,0,7,0,60,1.667,1.359,6297353
22.489,open,7,6,58.358,6.698,259.0,0,7,0,60,1.667,1.359,6297353
22.499,open,8,6,53.905,7.164,254.0,0,8,0,60,2.063,1.671,6304593
22.509,open,8,6,53.905,7.164,254.0,0,8,0,60,2.063,1.671,6304593
22.519,open,8,6,53.905,7.164,254.0,0,8,0,60,2.063,1.671,6304593
22.529,open,8,6,52.469,7.299,253.0,0,8,0,60,2.119,1.809,6307489
22.539,open,9,6,49.168,7.432,250.0,0,9,0,60,2.544,2.125,6314729
22.549,open,9,6,49.168,7.432,250.0,0,9,0,60,2.544,2.125,6314729
22.559,open,9,6,49.168,7.432,250.0,0,9,0,60,2.544,2.125,6314729
22.570,open,9,6,50.088,9.958,251.0,0,9,0,60,2.498,2.185,6319073
22.580,open,10,6,47.46,8.001,248.0,0,10,0,60,2.929,2.457,6327761
22.590,open,10,6,47.46,8.001,248.0,0,10,0,60,2.929,2.457,6327761
22.600,open,10,6,47.46,8.001,248.0,0,10,0,60,2.929,2.457,6327761
22.610,open,10,6,47.256,6.409,248.0,0,10,0,60,2.942,2.275,6330657
22.620,open,10,6,46.943,5.368,247.0,0,10,0,60,2.961,2.397,6337897
22.630,open,11,6,46.552,3.738,247.0,0,11,0,60,3.285,2.591,6342241
22.640,open,11,6,46.552,3.738,247.0,0,11,0,60,3.285,2.591,6342241
22.650,open,11,6,46.193,3.522,247.0,0,11,0,60,3.31,2.528,6345137
22.661,open,11,6,46.193,3.522,247.0,0,11,0,60,3.31,2.528,6345137
22.671,open,12,6,46.515,1.599,247.0,0,12,0,60,3.586,2.697,6358169
22.681,open,12,6,46.515,1.599,247.0,0,12,0,60,3.586,2.697,6358169
22.691,open,12,6,46.515,1.599,247.0,0,12,0,60,3.586,2.697,6358169
22.701,open,12,6,47.06,2.288,248.0,0,12,0,60,3.545,2.505,6361065
22.711,open,12,6,47.06,2.288,248.0,0,12,0,60,3.545,2.505,6361065
22.721,open,13,6,49.058,2.791,250.0,0,12,0,60,3.684,2.501,6374097
22.731,open,13,6,49.058,2.791,250.0,0,12,0,60,3.684,2.501,6374097
22.741,open,13,6,49.058,2.791,250.0,0,12,0,60,3.684,2.501,6374097
22.751,open,13,6,49.058,2.791,250.0,0,12,0,60,3.684,2.501,6374097
22.762,open,13,6,53.948,9.037,254.0,0,13,0,60,3.35,2.491,6378441
22.772,recovery,12,6,54.51,4.518,255.0,0,15,1,61,3.825,2.126,6379889
22.782,recovery,10,6,55.288,2.427,256.0,0,17,1,61,4.023,2.247,6379889
22.792,recovery,10,6,55.288,2.427,256.0,0,17,1,61,4.023,2.247,6379889
22.802,recovery,10,6,55.288,2.427,256.0,0,17,1,61,4.023,2.247,6379889
22.812,recovery,8,6,55.153,1.48,256.0,0,18,1,61,4.537,2.284,6379889
22.822,recovery,8,6,55.348,1.5,256.0,0,19,1,61,4.521,2.451,6379889
22.832,open,6,6,56.192,1.257,257.0,0,6,0,61,1.484,2.043,6404505
22.842,open,6,6,56.192,1.257,257.0,0,6,0,61,1.484,2.043,6404505
22.853,open,6,6,56.192,1.257,257.0,0,6,0,61,1.484,2.043,6404505
22.863,open,6,6,56.192,1.257,257.0,0,6,0,61,1.484,2.043,6404505
22.873,disorder,6,6,55.714,1.337,256.0,0,7,0,61,1.497,1.43,6404505
22.883,recovery,3,3,52.725,1.884,253.0,0,8,1,62,1.846,1.081,6404505
22.893,recovery,3,3,52.725,1.884,253.0,0,8,1,62,1.846,1.081,6404505
22.903,recovery,3,3,52.725,1.884,253.0,0,8,1,62,1.846,1.081,6404505
22.913,recovery,3,3,52.725,1.884,253.0,0,8,1,62,1.846,1.081,6404505
22.923,open,3,3,51.534,2.062,252.0,0,3,0,62,0.809,1.221,6414641
22.933,open,3,3,51.534,2.062,252.0,0,3,0,62,0.809,1.221,6414641
22.943,open,3,3,51.534,2.062,252.0,0,3,0,62,0.809,1.221,6414641
22.953,open,3,3,51.534,2.062,252.0,0,3,0,62,0.809,1.221,6414641
22.963,open,4,3,54.666,7.812,255.0,0,4,0,62,1.017,0.702,6417537
22.973,open,4,3,54.666,7.812,255.0,0,4,0,62,1.017,0.702,6417537
22.983,open,4,3,54.666,7.812,255.0,0,4,0,62,1.017,0.702,6417537
22.993,open,4,3,54.666,7.812,255.0,0,4,0,62,1.017,0.702,6417537
23.003,open,4,3,55.455,11.343,256.0,0,4,0,62,1.003,0.823,6421881
23.014,open,4,3,55.455,11.343,256.0,0,4,0,62,1.003,0.823,6421881
23.024,open,4,3,55.455,11.343,256.0,0,4,0,62,1.003,0.823,6421881
23.034,open,4,3,55.455,11.343,256.0,0,4,0,62,1.003,0.823,6421881
23.044,open,5,3,57.331,15.411,258.0,0,5,0,62,1.212,1.032,6426225
23.054,open,5,3,57.331,15.411,258.0,0,5,0,62,1.212,1.032,6426225
23.064,open,5,3,57.331,15.411,258.0,0,5,0,62,1.212,1.032,6426225
23.074,open,5,3,57.331,15.411,258.0,0,5,0,62,1.212,1.032,6426225
23.084,open,5,3,57.331,15.411,258.0,0,5,0,62,1.212,1.032,6426225
23.094,open,6,3,57.819,16.15,258.0,0,6,0,62,1.443,1.226,6433465
23.104,open,6,3,57.819,16.15,258.0,0,6,0,62,1.443,1.226,6433465
23.114,open,6,3,57.819,16.15,258.0,0,6,0,62,1.443,1.226,6433465
23.124,open,6,3,57.819,16.15,258.0,0,6,0,62,1.443,1.226,6433465
23.134,open,6,3,57.819,16.15,258.0,0,6,0,62,1.443,1.226,6433465
23.144,open,7,3,56.426,6.813,257.0,0,7,0,62,1.724,1.273,6442153
23.155,open,7,3,56.426,6.813,257.0,0,7,0,62,1.724,1.273,6442153
23.165,open,7,3,56.426,6.813,257.0,0,7,0,62,1.724,1.273,6442153
23.175,open,7,3,56.426,6.813,257.0,0,7,0,62,1.724,1.273,6442153
23.185,open,7,3,56.426,6.813,257.0,0,7,0,62,1.724,1.273,6442153
23.195,open,7,3,56.426,6.813,257.0,0,7,0,62,1.724,1.273,6442153
23.205,recovery,5,3,57.061,2.787,258.0,0,9,1,63,2.192,1.175,6445049
23.215,recovery,5,3,57.061,2.787,258.0,0,9,1,63,2.192,1.175,6445049
23.225,recovery,5,3,57.061,2.787,258.0,0,9,1,63,2.192,1.175,6445049
23.235,recovery,5,3,57.061,2.787,258.0,0,9,1,63,2.192,1.175,6445049
23.245,recovery,5,3,57.061,2.787,258.0,0,9,1,63,2.192,1.175,6445049
23.255,recovery,5,3,57.061,2.787,258.0,0,9,1,63,2.192,1.175,6445049
23.265,open,3,3,58.433,2.145,259.0,0,3,0,63,0.714,1.169,6458081
23.276,open,3,3,58.433,2.145,259.0,0,3,0,63,0.714,1.169,6458081
23.286,open,3,3,58.433,2.145,259.0,0,3,0,63,0.714,1.169,6458081
23.296,open,3,3,58.433,2.145,259.0,0,3,0,63,0.714,1.169,6458081
23.306,open,3,3,58.433,2.145,259.0,0,3,0,63,0.714,1.169,6458081
23.316,open,3,3,58.433,2.145,259.0,0,3,0,63,0.714,1.169,6458081
23.326,open,4,3,58.573,1.891,259.0,0,4,0,63,0.949,0.575,6460977
23.336,open,4,3,58.573,1.891,259.0,0,4,0,63,0.949,0.575,6460977
23.346,open,4,3,58.573,1.891,259.0,0,4,0,63,0.949,0.575,6460977
23.356,open,4,3,58.573,1.891,259.0,0,4,0,63,0.949,0.575,6460977
23.366,open,4,3,63.386,11.043,264.0,0,4,0,63,0.877,0.358,6462425
23.376,open,4,3,61.986,11.048,262.0,0,4,0,63,0.897,0.621,6465321
23.386,open,4,3,61.986,11.048,262.0,0,4,0,63,0.897,0.621,6465321
23.397,open,4,3,61.986,11.048,262.0,0,4,0,63,0.897,0.621,6465321
23.407,open,5,3,64.699,13.71,265.0,0,5,0,63,1.074,0.477,6468217
23.417,open,5,3,62.071,13.939,263.0,0,5,0,63,1.12,0.888,6471113
23.427,open,5,3,62.071,13.939,263.0,0,5,0,63,1.12,0.888,6471113
23.437,open,5,3,62.071,13.939,263.0,0,5,0,63,1.12,0.888,6471113
23.447,open,6,3,60.074,14.002,261.0,0,6,0,63,1.388,1.005,6474009
23.457,open,6,3,57.413,11.999,258.0,0,6,0,63,1.453,1.326,6478353
23.467,open,6,3,57.413,11.999,258.0,0,6,0,63,1.453,1.326,6478353
23.477,open,6,3,57.413,11.999,258.0,0,6,0,63,1.453,1.326,6478353
23.487,open,6,3,57.413,11.999,258.0,0,6,0,63,1.453,1.326,6478353
23.497,open,6,3,55.839,12.017,256.0,0,6,0,63,1.494,1.256,6481249
23.507,open,7,3,54.053,9.967,255.0,0,7,0,63,1.8,1.551,6485593
23.518,open,7,3,54.053,9.967,255.0,0,7,0,63,1.8,1.551,6485593
23.528,open,7,3,54.053,9.967,255.0,0,7,0,63,1.8,1.551,6485593
23.538,open,7,3,55.351,13.347,256.0,0,7,0,63,1.758,1.551,6489937
23.548,open,8,3,52.94,11.607,253.0,0,8,0,63,2.101,1.803,6495729
23.558,open,8,3,52.94,11.607,253.0,0,8,0,63,2.101,1.803,6495729
23.568,open,8,3,52.94,11.607,253.0,0,8,0,63,2.101,1.803,6495729
23.578,open,8,3,52.94,11.607,253.0,0,8,0,63,2.101,1.803,6495729
23.588,open,8,3,52.36,7.862,253.0,0,8,0,63,2.124,1.511,6501521
23.598,open,9,3,51.08,5.184,252.0,0,9,0,63,2.449,1.913,6507313
23.608,open,9,3,51.08,5.184,252.0,0,9,0,63,2.449,1.913,6507313
23.618,open,9,3,51.08,5.184,252.0,0,9,0,63,2.449,1.913,6507313
23.629,open,9,3,51.08,5.184,252.0,0,9,0,63,2.449,1.913,6507313
23.639,open,9,3,51.213,4.154,252.0,0,9,0,63,2.443,1.777,6510209
23.649,open,10,3,52.022,2.537,253.0,0,10,0,63,2.672,1.954,6520345
23.659,open,10,3,52.022,2.537,253.0,0,10,0,63,2.672,1.954,6520345
23.669,open,10,3,52.022,2.537,253.0,0,10,0,63,2.672,1.954,6520345
23.679,open,10,3,52.022,2.537,253.0,0,10,0,63,2.672,1.954,6520345
23.689,open,10,3,52.022,2.537,253.0,0,10,0,63,2.672,1.954,6520345
23.699,recovery,9,5,53.506,3.311,254.0,0,12,1,64,3.118,1.628,6520345
23.709,recovery,5,5,56.133,3.406,257.0,0,14,1,64,3.467,1.763,6520345
23.719,recovery,5,5,56.133,3.406,257.0,0,14,1,64,3.467,1.763,6520345
23.729,recovery,5,5,56.133,3.406,257.0,0,14,1,64,3.467,1.763,6520345
23.739,recovery,5,5,56.133,3.406,257.0,0,14,1,64,3.467,1.763,6520345
23.750,recovery,5,5,56.133,3.406,257.0,0,14,1,64,3.467,1.763,6520345
23.760,open,5,5,57.872,4.011,258.0,0,4,0,64,1.201,1.719,6537721
23.770,open,5,5,58.092,3.448,259.0,0,5,0,64,1.196,1.371,6540617
23.780,open,5,5,58.092,3.448,259.0,0,5,0,64,1.196,1.371,6540617
23.790,open,5,5,58.092,3.448,259.0,0,5,0,64,1.196,1.371,6540617
23.800,open,5,5,58.092,3.448,259.0,0,5,0,64,1.196,1.371,6540617
23.810,open,6,5,56.535,3.62,257.0,0,6,0,64,1.475,0.81,6546409
23.820,open,6,5,56.535,3.62,257.0,0,6,0,64,1.475,0.81,6546409
23.830,open,6,5,56.535,3.62,257.0,0,6,0,64,1.475,0.81,6546409
23.840,open,6,5,56.535,3.62,257.0,0,6,0,64,1.475,0.81,6546409
23.850,open,6,5,58.557,10.842,259.0,0,6,0,64,1.424,1.221,6550753
23.860,open,7,5,56.018,10.387,257.0,0,7,0,64,1.737,1.4,6555097
23.870,open,7,5,56.018,10.387,257.0,0,7,0,64,1.737,1.4,6555097
23.880,open,7,5,56.018,10.387,257.0,0,7,0,64,1.737,1.4,6555097
23.891,open,7,5,56.018,10.387,257.0,0,7,0,64,1.737,1.4,6555097
23.901,open,8,5,52.724,9.265,253.0,0,8,0,64,2.109,1.55,6562337
23.911,open,8,5,52.041,8.317,253.0,0,8,0,64,2.137,1.761,6565233
23.921,open,8,5,52.041,8.317,253.0,0,8,0,64,2.137,1.761,6565233
23.931,open,8,5,52.041,8.317,253.0,0,8,0,64,2.137,1.761,6565233
23.941,open,8,5,52.041,8.317,253.0,0,8,0,64,2.137,1.761,6565233
23.951,open,9,5,51.032,4.95,252.0,0,9,0,64,2.452,1.863,6573921
23.961,open,9,5,50.87,4.036,251.0,0,9,0,64,2.459,1.863,6576817
23.971,open,9,5,50.87,4.036,251.0,0,9,0,64,2.459,1.863,6576817
23.981,open,9,5,50.87,4.036,251.0,0,9,0,64,2.459,1.863,6576817
23.991,open,9,5,50.87,4.036,251.0,0,9,0,64,2.459,1.863,6576817
24.001,open,9,5,51.31,3.074,252.0,0,9,0,64,2.438,1.738,6582609
24.011,open,10,5,52.388,2.973,253.0,0,10,0,64,2.653,1.912,6589849
24.021,open,10,5,52.388,2.973,253.0,0,10,0,64,2.653,1.912,6589849
24.032,open,10,5,52.388,2.973,253.0,0,10,0,64,2.653,1.912,6589849
24.042,open,10,5,52.388,2.973,253.0,0,10,0,64,2.653,1.912,6589849
24.052,open,10,5,52.668,2.789,253.0,0,10,0,64,2.639,1.908,6592745
24.062,open,11,5,53.111,1.565,254.0,0,11,0,64,2.879,2.122,6604329
24.072,open,11,5,53.111,1.565,254.0,0,11,0,64,2.879,2.122,6604329
24.082,open,11,5,53.111,1.565,254.0,0,11,0,64,2.879,2.122,6604329
24.092,open,11,5,53.111,1.565,254.0,0,11,0,64,2.879,2.122,6604329
24.102,open,11,5,53.111,1.565,254.0,0,11,0,64,2.879,2.122,6604329
24.112,open,11,5,53.885,2.721,254.0,0,11,0,64,2.838,1.953,6607225
24.122,open,12,5,56.142,3.803,257.0,0,11,0,64,2.971,1.953,6618809
24.132,open,12,5,56.142,3.803,257.0,0,11,0,64,2.971,1.953,6618809
24.142,open,12,5,56.142,3.803,257.0,0,11,0,64,2.971,1.953,6618809
24.153,open,12,5,56.142,3.803,257.0,0,11,0,64,2.971,1.953,6618809
24.163,open,12,5,60.817,12.241,261.0,0,12,0,64,2.743,2.149,6623153
24.173,open,12,5,58.758,8.261,259.0,0,12,0,64,2.839,2.147,6631841
24.183,open,13,5,58.239,7.234,259.0,0,13,0,64,3.103,2.148,6634737
24.193,open,13,5,58.239,7.234,259.0,0,13,0,64,3.103,2.148,6634737
24.203,open,13,5,58.239,7.234,259.0,0,13,0,64,3.103,2.148,6634737
24.213,open,13,5,56.243,7.026,257.0,0,13,0,64,3.213,2.544,6640529
24.223,open,13,5,54.065,6.235,255.0,0,13,0,64,3.342,2.548,6649217
24.233,open,13,5,53.521,5.765,254.0,0,13,0,64,3.376,2.546,6652113
24.244,open,13,5,53.521,5.765,254.0,0,13,0,64,3.376,2.546,6652113
24.254,open,13,5,53.521,5.765,254.0,0,13,0,64,3.376,2.546,6652113
24.264,open,14,5,53.633,9.852,254.0,0,14,0,64,3.629,3.034,6662249
24.274,open,14,5,51.137,7.912,252.0,0,14,0,64,3.806,3.029,6670937
24.284,open,14,5,51.137,7.912,252.0,0,14,0,64,3.806,3.029,6670937
24.294,open,14,5,51.137,7.912,252.0,0,14,0,64,3.806,3.029,6670937
24.304,open,15,5,49.916,6.486,250.0,0,15,0,64,4.177,3.429,6676729
24.314,open,15,5,48.232,4.248,249.0,0,15,0,64,4.323,3.518,6688313
24.324,open,15,5,47.933,3.784,248.0,0,15,0,64,4.35,3.523,6691209
24.335,open,15,5,47.933,3.784,248.0,0,15,0,64,4.35,3.523,6691209
24.345,open,15,5,47.933,3.784,248.0,0,15,0,64,4.35,3.523,6691209
24.355,open,16,5,48.192,1.703,249.0,0,16,0,64,4.615,3.581,6701345
24.365,open,16,5,47.829,1.013,248.0,0,16,0,64,4.65,3.672,6712929
24.375,open,16,5,47.829,1.013,248.0,0,16,0,64,4.65,3.672,6712929
24.385,open,16,5,47.829,1.013,248.0,0,16,0,64,4.65,3.672,6712929
24.395,open,16,5,47.829,1.013,248.0,0,16,0,64,4.65,3.672,6712929
24.405,open,17,5,48.984,2.238,249.0,0,16,0,64,4.824,3.559,6721617
24.415,open,17,5,50.265,2.379,251.0,0,16,0,64,4.701,3.559,6733201
24.426,open,17,5,50.492,2.238,251.0,0,17,0,64,4.68,3.559,6736097
24.436,open,17,5,50.492,2.238,251.0,0,17,0,64,4.68,3.559,6736097
24.446,open,17,5,50.492,2.238,251.0,0,17,0,64,4.68,3.559,6736097
24.456,open,17,5,51.155,3.004,252.0,0,17,0,64,4.62,3.322,6738993
24.466,disorder,18,5,53.261,2.965,254.0,0,20,0,64,4.698,3.184,6749129
24.476,recovery,15,9,54.264,2.15,255.0,0,22,1,65,5.38,3.264,6749129
24.486,recovery,15,9,54.264,2.15,255.0,0,22,1,65,5.38,3.264,6749129
24.496,recovery,15,9,54.264,2.15,255.0,0,22,1,65,5.38,3.264,6749129
24.506,recovery,15,9,54.264,2.15,255.0,0,22,1,65,5.38,3.264,6749129
24.516,recovery,13,9,56.004,3.512,257.0,0,23,1,65,5.709,2.938,6749129
24.527,recovery,9,9,58.582,2.372,259.0,0,27,1,65,6.169,3.071,6749129
24.537,open,9,9,59.253,1.89,260.0,0,9,0,65,2.111,3.041,6780985
24.547,open,9,9,59.253,1.89,260.0,0,9,0,65,2.111,3.041,6780985
24.557,open,9,9,59.253,1.89,260.0,0,9,0,65,2.111,3.041,6780985
24.567,open,9,9,59.253,1.89,260.0,0,9,0,65,2.111,3.041,6780985
24.577,open,9,9,59.041,1.532,260.0,0,9,0,65,2.119,2.112,6786777
24.587,open,10,9,57.321,1.808,258.0,0,10,0,65,2.425,1.825,6794017
24.597,open,10,9,57.321,1.808,258.0,0,10,0,65,2.425,1.825,6794017
24.607,open,10,9,57.321,1.808,258.0,0,10,0,65,2.425,1.825,6794017
24.617,open,10,9,57.321,1.808,258.0,0,10,0,65,2.425,1.825,6794017
24.628,open,10,9,55.535,2.135,256.0,0,10,0,65,2.503,1.903,6799809
24.638,disorder,11,9,53.887,2.339,254.0,0,12,0,65,2.838,1.953,6805601
24.648,recovery,11,5,53.887,2.339,254.0,0,12,1,66,2.838,1.953,6805601
24.658,recovery,11,5,53.887,2.339,254.0,0,12,1,66,2.838,1.953,6805601
24.668,recovery,11,5,53.887,2.339,254.0,0,12,1,66,2.838,1.953,6805601
24.678,recovery,9,5,52.152,2.295,253.0,0,14,1,66,3.465,2.058,6805601
24.688,recovery,5,5,51.435,1.187,252.0,0,16,1,66,4.324,2.233,6805601
24.698,open,5,5,50.631,1.351,251.0,0,5,0,66,1.373,2.098,6822977
24.708,open,5,5,50.631,1.351,251.0,0,5,0,66,1.373,2.098,6822977
24.718,open,5,5,50.631,1.351,251.0,0,5,0,66,1.373,2.098,6822977
24.729,open,6,5,48.979,1.675,249.0,0,6,0,66,1.703,1.6,6828769
24.739,open,6,5,48.979,1.675,249.0,0,6,0,66,1.703,1.6,6828769
24.749,open,6,5,48.979,1.675,249.0,0,6,0,66,1.703,1.6,6828769
24.759,open,6,5,48.979,1.675,249.0,0,6,0,66,1.703,1.6,6828769
24.769,open,6,5,49.342,6.744,250.0,0,6,0,66,1.69,1.4,6836009
24.779,open,6,5,49.342,6.744,250.0,0,6,0,66,1.69,1.4,6836009
24.789,open,6,5,49.342,6.744,250.0,0,6,0,66,1.69,1.4,6836009
24.799,open,6,5,49.342,6.744,250.0,0,6,0,66,1.69,1.4,6836009
24.809,open,7,5,50.176,9.933,251.0,0,7,0,66,1.939,1.592,6844697
24.819,open,7,5,50.176,9.933,251.0,0,7,0,66,1.939,1.592,6844697
24.829,open,7,5,50.176,9.933,251.0,0,7,0,66,1.939,1.592,6844697
24.839,open,7,5,50.176,9.933,251.0,0,7,0,66,1.939,1.592,6844697
24.850,open,8,5,48.945,7.642,249.0,0,8,0,66,2.272,1.808,6850489
24.860,open,8,5,48.432,6.757,249.0,0,8,0,66,2.296,1.808,6853385
24.870,open,8,5,48.432,6.757,249.0,0,8,0,66,2.296,1.808,6853385
24.880,open,8,5,48.432,6.757,249.0,0,8,0,66,2.296,1.808,6853385
24.890,open,8,5,48.432,6.757,249.0,0,8,0,66,2.296,1.808,6853385
24.900,open,9,5,51.118,6.87,252.0,0,9,0,66,2.447,1.913,6864969
24.910,open,9,5,51.118,6.87,252.0,0,9,0,66,2.447,1.913,6864969
24.920,open,9,5,51.118,6.87,252.0,0,9,0,66,2.447,1.913,6864969
24.930,open,9,5,51.118,6.87,252.0,0,9,0,66,2.447,1.913,6864969
24.941,open,9,5,51.118,6.87,252.0,0,9,0,66,2.447,1.913,6864969
24.951,open,10,5,51.968,3.45,252.0,0,10,0,66,2.675,1.953,6875105
24.961,open,10,5,52.143,2.938,253.0,0,10,0,66,2.666,1.953,6878001
24.971,open,10,5,52.143,2.938,253.0,0,10,0,66,2.666,1.953,6878001
24.981,open,10,5,52.143,2.938,253.0,0,10,0,66,2.666,1.953,6878001
24.991,open,10,5,52.143,2.938,253.0,0,10,0,66,2.666,1.953,6878001
25.001,open,10,5,52.589,3.096,253.0,0,10,0,66,2.643,1.871,6880897
25.011,recovery,9,5,54.204,2.57,255.0,0,13,1,67,3.334,1.838,6885241
25.021,recovery,9,5,54.204,2.57,255.0,0,13,1,67,3.334,1.838,6885241
25.031,recovery,9,5,54.204,2.57,255.0,0,13,1,67,3.334,1.838,6885241
25.042,recovery,9,5,54.204,2.57,255.0,0,13,1,67,3.334,1.838,6885241
25.052,recovery,9,5,54.204,2.57,255.0,0,13,1,67,3.334,1.838,6885241
25.062,recovery,8,5,55.99,3.758,256.0,0,15,1,67,3.476,1.565,6885241
25.072,open,5,5,58.55,3.39,259.0,0,5,0,67,1.187,1.91,6904065
25.082,open,5,5,58.55,3.39,259.0,0,5,0,67,1.187,1.91,6904065
25.092,open,5,5,58.55,3.39,259.0,0,5,0,67,1.187,1.91,6904065
25.102,open,5,5,58.55,3.39,259.0,0,5,0,67,1.187,1.91,6904065
25.112,open,5,5,58.55,3.39,259.0,0,5,0,67,1.187,1.91,6904065
25.122,open,6,5,57.916,2.92,258.0,0,6,0,67,1.44,0.94,6909857
25.132,open,6,5,57.916,2.92,258.0,0,6,0,67,1.44,0.94,6909857
25.143,open,6,5,57.916,2.92,258.0,0,6,0,67,1.44,0.94,6909857
25.153,open,6,5,57.916,2.92,258.0,0,6,0,67,1.44,0.94,6909857
25.163,open,6,5,60.316,11.208,261.0,0,6,0,67,1.383,1.059,6914201
25.173,open,7,5,57.142,11.282,258.0,0,7,0,67,1.703,1.361,6918545
25.183,open,7,5,57.142,11.282,258.0,0,7,0,67,1.703,1.361,6918545
25.193,open,7,5,57.142,11.282,258.0,0,7,0,67,1.703,1.361,6918545
25.203,open,7,5,57.142,11.282,258.0,0,7,0,67,1.703,1.361,6918545
25.213,open,8,5,52.326,9.694,253.0,0,8,0,67,2.125,1.714,6928681
25.224,open,8,5,52.326,9.694,253.0,0,8,0,67,2.125,1.714,6928681
25.234,open,8,5,52.326,9.694,253.0,0,8,0,67,2.125,1.714,6928681
25.244,open,8,5,52.326,9.694,253.0,0,8,0,67,2.125,1.714,6928681
25.254,open,8,5,50.584,8.472,251.0,0,8,0,67,2.198,1.806,6934473
25.264,open,8,5,49.384,6.886,250.0,0,8,0,67,2.252,1.76,6938817
25.274,open,8,5,49.384,6.886,250.0,0,8,0,67,2.252,1.76,6938817
25.284,open,8,5,49.384,6.886,250.0,0,8,0,67,2.252,1.76,6938817
25.294,open,8,5,49.384,6.886,250.0,0,8,0,67,2.252,1.76,6938817
25.304,open,9,5,51.647,9.187,252.0,0,9,0,67,2.422,1.962,6948953
25.314,open,9,5,51.647,9.187,252.0,0,9,0,67,2.422,1.962,6948953
25.325,open,9,5,51.647,9.187,252.0,0,9,0,67,2.422,1.962,6948953
25.335,open,9,5,51.647,9.187,252.0,0,9,0,67,2.422,1.962,6948953
25.345,open,9,5,56.161,15.92,257.0,0,9,0,67,2.228,1.056,6950401
25.355,open,10,5,55.811,9.481,256.0,0,10,0,67,2.491,1.91,6956193
25.365,open,10,5,55.522,5.833,256.0,0,10,0,67,2.504,1.91,6961985
25.375,open,10,5,55.522,5.833,256.0,0,10,0,67,2.504,1.91,6961985
25.385,open,10,5,55.522,5.833,256.0,0,10,0,67,2.504,1.91,6961985
25.395,open,10,5,55.522,5.833,256.0,0,10,0,67,2.504,1.91,6961985
25.406,open,10,5,55.522,5.833,256.0,0,10,0,67,2.504,1.91,6961985
25.416,recovery,9,5,57.302,2.406,258.0,0,13,1,68,3.154,1.6,6967777
25.426,recovery,9,5,57.531,2.262,258.0,0,14,1,68,3.141,1.763,6967777
25.436,recovery,9,5,57.531,2.262,258.0,0,14,1,68,3.141,1.763,6967777
25.446,recovery,9,5,57.531,2.262,258.0,0,14,1,68,3.141,1.763,6967777
25.456,recovery,9,5,57.531,2.262,258.0,0,14,1,68,3.141,1.763,6967777
25.466,recovery,8,5,57.74,2.114,258.0,0,14,1,68,3.37,1.565,6967777
25.476,open,5,5,59.487,1.996,260.0,0,5,0,68,1.168,1.91,6986601
25.486,open,5,5,59.487,1.996,260.0,0,5,0,68,1.168,1.91,6986601
25.497,open,5,5,59.487,1.996,260.0,0,5,0,68,1.168,1.91,6986601
25.507,open,5,5,59.487,1.996,260.0,0,5,0,68,1.168,1.91,6986601
25.517,open,5,5,64.428,11.38,265.0,0,5,0,68,1.079,1.053,6988049
25.527,open,6,5,61.979,10.674,262.0,0,6,0,68,1.346,0.955,6993841
25.537,open,6,5,61.979,10.674,262.0,0,6,0,68,1.346,0.955,6993841
25.547,open,6,5,61.979,10.674,262.0,0,6,0,68,1.346,0.955,6993841
25.557,open,6,5,61.979,10.674,262.0,0,6,0,68,1.346,0.955,6993841
25.567,open,6,5,61.979,10.674,262.0,0,6,0,68,1.346,0.955,6993841
25.577,open,7,5,58.574,9.491,259.0,0,7,0,68,1.661,1.112,7001081
25.588,open,7,5,58.574,9.491,259.0,0,7,0,68,1.661,1.112,7001081
25.598,open,7,5,58.574,9.491,259.0,0,7,0,68,1.661,1.112,7001081
25.608,open,7,5,58.574,9.491,259.0,0,7,0,68,1.661,1.112,7001081
25.618,open,7,5,58.574,9.491,259.0,0,7,0,68,1.661,1.112,7001081
25.628,open,7,5,57.772,14.055,258.0,0,7,0,68,1.684,1.397,7009769
25.638,open,7,5,57.772,14.055,258.0,0,7,0,68,1.684,1.397,7009769
25.648,open,7,5,57.772,14.055,258.0,0,7,0,68,1.684,1.397,7009769
25.658,open,7,5,57.772,14.055,258.0,0,7,0,68,1.684,1.397,7009769
25.668,open,8,5,60.03,17.043,261.0,0,8,0,68,1.853,1.671,7014113
25.678,open,8,5,57.466,14.072,258.0,0,8,0,68,1.935,1.671,7018457
25.688,open,8,5,57.466,14.072,258.0,0,8,0,68,1.935,1.671,7018457
25.698,open,8,5,57.466,14.072,258.0,0,8,0,68,1.935,1.671,7018457
25.709,open,8,5,57.466,14.072,258.0,0,8,0,68,1.935,1.671,7018457
25.719,open,9,5,58.955,14.872,259.0,0,9,0,68,2.122,1.822,7025697
25.729,open,9,5,57.945,13.175,258.0,0,9,0,68,2.159,1.822,7028593
25.739,open,9,5,57.945,13.175,258.0,0,9,0,68,2.159,1.822,7028593
25.749,open,9,5,57.945,13.175,258.0,0,9,0,68,2.159,1.822,7028593
25.759,open,9,5,57.945,13.175,258.0,0,9,0,68,2.159,1.822,7028593
25.769,open,9,5,61.333,15.285,262.0,0,9,0,68,2.04,1.519,7032937
25.779,open,10,5,59.054,7.77,260.0,0,10,0,68,2.354,1.869,7041625
25.789,open,10,5,59.054,7.77,260.0,0,10,0,68,2.354,1.869,7041625
25.799,open,10,5,59.054,7.77,260.0,0,10,0,68,2.354,1.869,7041625
25.809,open,10,5,59.054,7.77,260.0,0,10,0,68,2.354,1.869,7041625
25.819,open,10,5,59.054,7.77,260.0,0,10,0,68,2.354,1.869,7041625
25.829,open,10,5,60.013,5.848,261.0,0,10,0,68,2.316,1.722,7045969
25.840,open,11,5,60.613,3.453,261.0,0,11,0,68,2.523,1.875,7053209
25.850,open,11,5,60.613,3.453,261.0,0,11,0,68,2.523,1.875,7053209
25.860,open,11,5,60.613,3.453,261.0,0,11,0,68,2.523,1.875,7053209
25.870,open,11,5,60.613,3.453,261.0,0,11,0,68,2.523,1.875,7053209
25.880,recovery,10,5,64.08,12.954,265.0,0,11,1,69,2.386,1.561,7054657
25.890,recovery,5,5,58.102,6.558,259.0,0,14,2,69,3.349,1.688,7054657
25.900,recovery,5,5,58.102,6.558,259.0,0,14,2,69,3.349,1.688,7054657
25.910,recovery,5,5,58.102,6.558,259.0,0,14,2,69,3.349,1.688,7054657
25.920,recovery,5,5,58.102,6.558,259.0,0,14,2,69,3.349,1.688,7054657
25.930,recovery,5,5,58.102,6.558,259.0,0,14,2,69,3.349,1.688,7054657
25.940,recovery,5,5,54.368,5.921,255.0,0,10,1,70,2.301,1.251,7066241
25.950,recovery,5,5,54.368,5.921,255.0,0,10,1,70,2.301,1.251,7066241
25.961,recovery,5,5,54.368,5.921,255.0,0,10,1,70,2.301,1.251,7066241
25.971,recovery,5,5,54.368,5.921,255.0,0,10,1,70,2.301,1.251,7066241
25.981,recovery,5,5,54.368,5.921,255.0,0,10,1,70,2.301,1.251,7066241
25.991,open,6,5,53.793,3.238,254.0,0,6,0,70,1.55,1.134,7080721
26.001,open,6,5,53.793,3.238,254.0,0,6,0,70,1.55,1.134,7080721
26.011,open,6,5,53.793,3.238,254.0,0,6,0,70,1.55,1.134,7080721
26.021,open,6,5,53.793,3.238,254.0,0,6,0,70,1.55,1.134,7080721
26.031,open,6,5,53.793,3.238,254.0,0,6,0,70,1.55,1.134,7080721
26.041,open,6,5,54.394,2.823,255.0,0,6,0,70,1.533,1.038,7085065
26.051,open,6,5,54.569,2.467,255.0,0,6,0,70,1.528,1.038,7087961
26.061,open,6,5,54.569,2.467,255.0,0,6,0,70,1.528,1.038,7087961
26.071,open,6,5,54.569,2.467,255.0,0,6,0,70,1.528,1.038,7087961
26.081,open,6,5,54.569,2.467,255.0,0,6,0,70,1.528,1.038,7087961
26.092,open,7,5,59.991,12.694,260.0,0,7,0,70,1.622,0.71,7089409
26.102,recovery,6,3,58.962,6.958,259.0,0,9,1,71,2.122,1.018,7090857
26.112,recovery,6,3,58.962,6.958,259.0,0,9,1,71,2.122,1.018,7090857
26.122,recovery,6,3,58.962,6.958,259.0,0,9,1,71,2.122,1.018,7090857
26.132,recovery,6,3,58.962,6.958,259.0,0,9,1,71,2.122,1.018,7090857
26.142,recovery,5,3,58.027,5.474,259.0,0,10,1,71,2.156,0.71,7090857
26.152,recovery,5,3,58.027,5.474,259.0,0,10,1,71,2.156,0.71,7090857
26.162,open,3,3,57.317,2.647,258.0,0,3,0,71,0.728,1.221,7103889
26.172,open,3,3,57.317,2.647,258.0,0,3,0,71,0.728,1.221,7103889
26.183,open,3,3,57.317,2.647,258.0,0,3,0,71,0.728,1.221,7103889
26.193,open,3,3,57.317,2.647,258.0,0,3,0,71,0.728,1.221,7103889
26.203,open,3,3,57.317,2.647,258.0,0,3,0,71,0.728,1.221,7103889
26.213,open,4,3,58.203,3.757,259.0,0,4,0,71,0.955,0.612,7106785
26.223,open,4,3,58.203,3.757,259.0,0,4,0,71,0.955,0.612,7106785
26.233,open,4,3,58.203,3.757,259.0,0,4,0,71,0.955,0.612,7106785
26.243,open,4,3,58.203,3.757,259.0,0,4,0,71,0.955,0.612,7106785
26.253,open,4,3,59.814,11.272,260.0,0,4,0,71,0.93,0.697,7111129
26.263,open,4,3,59.814,11.272,260.0,0,4,0,71,0.93,0.697,7111129
26.273,open,4,3,59.814,11.272,260.0,0,4,0,71,0.93,0.697,7111129
26.283,open,4,3,59.814,11.272,260.0,0,4,0,71,0.93,0.697,7111129
26.293,open,5,3,60.669,14.8,261.0,0,5,0,71,1.146,1.034,7115473
26.304,open,5,3,60.669,14.8,261.0,0,5,0,71,1.146,1.034,7115473
26.314,open,5,3,60.669,14.8,261.0,0,5,0,71,1.146,1.034,7115473
26.324,open,5,3,60.669,14.8,261.0,0,5,0,71,1.146,1.034,7115473
26.334,open,5,3,60.669,14.8,261.0,0,5,0,71,1.146,1.034,7115473
26.344,open,6,3,59.502,16.972,260.0,0,6,0,71,1.402,1.261,7122713
26.354,open,6,3,59.502,16.972,260.0,0,6,0,71,1.402,1.261,7122713
26.364,open,6,3,59.502,16.972,260.0,0,6,0,71,1.402,1.261,7122713
26.374,open,6,3,59.502,16.972,260.0,0,6,0,71,1.402,1.261,7122713
26.384,open,7,3,54.92,13.982,255.0,0,7,0,71,1.772,1.512,7131401
26.394,open,7,3,54.92,13.982,255.0,0,7,0,71,1.772,1.512,7131401
26.404,open,7,3,54.92,13.982,255.0,0,7,0,71,1.772,1.512,7131401
26.414,open,7,3,54.92,13.982,255.0,0,7,0,71,1.772,1.512,7131401
26.424,open,7,3,54.92,13.982,255.0,0,7,0,71,1.772,1.512,7131401
26.434,open,8,3,51.656,8.541,252.0,0,8,0,71,2.153,1.717,7141537
26.445,open,8,3,51.656,8.541,252.0,0,8,0,71,2.153,1.717,7141537
26.455,open,8,3,51.656,8.541,252.0,0,8,0,71,2.153,1.717,7141537
26.465,open,8,3,51.656,8.541,252.0,0,8,0,71,2.153,1.717,7141537
26.475,open,8,3,51.656,8.541,252.0,0,8,0,71,2.153,1.717,7141537
26.485,open,9,3,51.667,3.453,252.0,0,9,0,71,2.421,1.777,7153121
26.495,open,9,3,51.667,3.453,252.0,0,9,0,71,2.421,1.777,7153121
26.505,open,9,3,51.667,3.453,252.0,0,9,0,71,2.421,1.777,7153121
26.515,open,9,3,51.667,3.453,252.0,0,9,0,71,2.421,1.777,7153121
26.525,open,9,3,51.667,3.453,252.0,0,9,0,71,2.421,1.777,7153121
26.535,open,9,3,52.899,4.079,253.0,0,9,0,71,2.365,1.628,7158913
26.545,open,10,3,53.841,3.928,254.0,0,10,0,71,2.582,1.628,7164705
26.555,open,10,3,53.841,3.928,254.0,0,10,0,71,2.582,1.628,7164705
26.566,open,10,3,53.841,3.928,254.0,0,10,0,71,2.582,1.628,7164705
26.576,open,10,3,53.841,3.928,254.0,0,10,0,71,2.582,1.628,7164705
26.586,open,10,3,59.412,14.088,260.0,0,10,0,71,2.34,1.059,7166153
26.596,open,10,3,58.993,6.574,259.0,0,10,0,71,2.356,1.793,7174841
26.606,open,11,3,58.944,3.974,259.0,0,11,0,71,2.594,1.952,7179185
26.616,open,11,3,58.944,3.974,259.0,0,11,0,71,2.594,1.952,7179185
26.626,open,11,3,58.944,3.974,259.0,0,11,0,71,2.594,1.952,7179185
26.636,open,11,3,58.944,3.974,259.0,0,11,0,71,2.594,1.952,7179185
26.646,open,11,3,58.944,3.974,259.0,0,11,0,71,2.594,1.952,7179185
26.656,open,11,3,61.067,5.643,262.0,0,11,0,71,2.504,1.805,7183529
26.666,open,12,3,62.543,3.815,263.0,0,12,0,71,2.667,1.946,7195113
26.677,open,12,3,62.543,3.815,263.0,0,12,0,71,2.667,1.946,7195113
26.687,open,12,3,62.543,3.815,263.0,0,12,0,71,2.667,1.946,7195113
26.697,open,12,3,62.543,3.815,263.0,0,12,0,71,2.667,1.946,7195113
26.707,open,12,3,62.543,3.815,263.0,0,12,0,71,2.667,1.946,7195113
26.717,recovery,10,6,59.783,3.594,260.0,0,15,1,72,3.255,1.622,7195113
26.727,recovery,6,6,58.704,1.713,259.0,0,17,1,72,4.025,1.946,7195113
26.737,recovery,6,6,58.704,1.713,259.0,0,17,1,72,4.025,1.946,7195113
26.747,recovery,6,6,58.704,1.713,259.0,0,17,1,72,4.025,1.946,7195113
26.757,recovery,6,6,57.102,2.059,258.0,0,18,1,72,4.138,2.235,7195113
26.767,open,6,6,53.056,2.852,254.0,0,6,0,72,1.572,1.838,7218281
26.777,open,6,6,53.056,2.852,254.0,0,6,0,72,1.572,1.838,7218281
26.787,open,6,6,53.056,2.852,254.0,0,6,0,72,1.572,1.838,7218281
26.798,open,6,6,53.056,2.852,254.0,0,6,0,72,1.572,1.838,7218281
26.808,open,7,6,52.839,8.312,253.0,0,7,0,72,1.842,1.639,7226969
26.818,open,7,6,52.839,8.312,253.0,0,7,0,72,1.842,1.639,7226969
26.828,open,7,6,52.839,8.312,253.0,0,7,0,72,1.842,1.639,7226969
26.838,open,7,6,52.839,8.312,253.0,0,7,0,72,1.842,1.639,7226969
26.848,open,8,6,49.354,6.932,250.0,0,8,0,72,2.253,1.817,7237105
26.858,open,8,6,49.354,6.932,250.0,0,8,0,72,2.253,1.817,7237105
26.868,open,8,6,49.354,6.932,250.0,0,8,0,72,2.253,1.817,7237105
26.878,open,8,6,49.354,6.932,250.0,0,8,0,72,2.253,1.817,7237105
26.888,open,8,6,49.354,6.932,250.0,0,8,0,72,2.253,1.817,7237105
26.898,open,9,6,48.873,2.968,249.0,0,9,0,72,2.56,1.915,7247241
26.908,open,9,6,48.873,2.968,249.0,0,9,0,72,2.56,1.915,7247241
26.918,open,9,6,48.873,2.968,249.0,0,9,0,72,2.56,1.915,7247241
26.928,open,9,6,48.873,2.968,249.0,0,9,0,72,2.56,1.915,7247241
26.939,open,9,6,53.423,10.376,254.0,0,9,0,72,2.342,1.866,7251585
26.949,open,10,6,52.502,5.607,253.0,0,10,0,72,2.648,2.046,7260273
26.959,open,10,6,52.502,5.607,253.0,0,10,0,72,2.648,2.046,7260273
26.969,open,10,6,52.502,5.607,253.0,0,10,0,72,2.648,2.046,7260273
26.979,open,10,6,52.502,5.607,253.0,0,10,0,72,2.648,2.046,7260273
26.989,open,10,6,52.502,5.607,253.0,0,10,0,72,2.648,2.046,7260273
26.999,open,11,6,52.72,2.105,253.0,0,10,0,72,2.9,2.002,7273305
27.009,open,11,6,52.792,1.721,253.0,0,11,0,72,2.896,2.174,7274753
27.019,open,11,6,52.792,1.721,253.0,0,11,0,72,2.896,2.174,7274753
27.029,open,11,6,52.792,1.721,253.0,0,11,0,72,2.896,2.174,7274753
27.039,open,11,6,52.792,1.721,253.0,0,11,0,72,2.896,2.174,7274753
27.049,open,11,6,53.76,2.647,254.0,0,11,0,72,2.844,2.035,7280545
27.059,open,12,6,55.356,2.945,256.0,0,12,0,72,3.013,2.189,7290681
27.070,open,12,6,55.356,2.945,256.0,0,12,0,72,3.013,2.189,7290681
27.080,open,12,6,55.356,2.945,256.0,0,12,0,72,3.013,2.189,7290681
27.090,open,12,6,55.356,2.945,256.0,0,12,0,72,3.013,2.189,7290681
27.100,open,12,6,55.356,2.945,256.0,0,12,0,72,3.013,2.189,7290681
27.110,recovery,10,6,55.115,1.304,256.0,0,14,1,73,3.531,1.829,7295025
27.120,recovery,8,6,55.308,1.058,256.0,0,16,1,73,4.021,2.189,7295025
27.130,recovery,8,6,55.308,1.058,256.0,0,16,1,73,4.021,2.189,7295025
27.140,recovery,8,6,55.308,1.058,256.0,0,16,1,73,4.021,2.189,7295025
27.150,recovery,8,6,54.282,1.282,255.0,0,17,1,73,4.097,2.076,7295025
27.160,open,6,6,50.51,1.926,251.0,0,6,0,73,1.651,1.878,7318193
27.170,open,6,6,50.51,1.926,251.0,0,6,0,73,1.651,1.878,7318193
27.180,open,6,6,50.51,1.926,251.0,0,6,0,73,1.651,1.878,7318193
27.191,open,6,6,50.51,1.926,251.0,0,6,0,73,1.651,1.878,7318193
27.201,open,7,6,48.105,2.334,249.0,0,7,0,73,2.023,1.584,7326881
27.211,open,7,6,48.105,2.334,249.0,0,7,0,73,2.023,1.584,7326881
27.221,open,7,6,48.105,2.334,249.0,0,7,0,73,2.023,1.584,7326881
27.231,open,7,6,48.105,2.334,249.0,0,7,0,73,2.023,1.584,7326881
27.241,open,8,6,46.153,2.591,247.0,0,8,0,73,2.41,1.64,7335569
27.251,open,8,6,45.697,2.624,246.0,0,8,0,73,2.434,1.907,7337017
27.261,open,8,6,45.697,2.624,246.0,0,8,0,73,2.434,1.907,7337017
27.271,open,8,6,45.697,2.624,246.0,0,8,0,73,2.434,1.907,7337017
27.281,open,8,6,45.597,2.168,246.0,0,8,0,73,2.439,1.806,7339913
27.291,open,9,6,45.756,1.429,246.0,0,9,0,73,2.734,2.013,7347153
27.302,open,9,6,45.756,1.429,246.0,0,9,0,73,2.734,2.013,7347153
27.312,open,9,6,45.756,1.429,246.0,0,9,0,73,2.734,2.013,7347153
27.322,open,9,6,45.756,1.429,246.0,0,9,0,73,2.734,2.013,7347153
27.332,open,9,6,50.237,7.212,251.0,0,9,0,73,2.49,1.913,7354393
27.342,open,10,6,49.968,4.482,250.0,0,10,0,73,2.782,2.1,7360185
27.352,open,10,6,49.968,4.482,250.0,0,10,0,73,2.782,2.1,7360185
27.362,open,10,6,49.968,4.482,250.0,0,10,0,73,2.782,2.1,7360185
27.372,open,10,6,49.968,4.482,250.0,0,10,0,73,2.782,2.1,7360185
27.382,open,10,6,50.545,4.517,251.0,0,10,0,73,2.75,1.91,7363081
27.392,open,11,6,53.018,3.994,254.0,0,11,0,73,2.884,2.076,7374665
27.402,open,11,6,53.018,3.994,254.0,0,11,0,73,2.884,2.076,7374665
27.413,open,11,6,53.018,3.994,254.0,0,11,0,73,2.884,2.076,7374665
27.423,open,11,6,53.018,3.994,254.0,0,11,0,73,2.884,2.076,7374665
27.433,open,11,6,53.018,3.994,254.0,0,11,0,73,2.884,2.076,7374665
27.443,open,11,6,53.933,3.832,254.0,0,11,0,73,2.835,2.035,7380457
27.453,open,12,6,55.425,3.182,256.0,0,12,0,73,3.01,2.192,7390593
27.463,open,12,6,55.425,3.182,256.0,0,12,0,73,3.01,2.192,7390593
27.473,open,12,6,55.425,3.182,256.0,0,12,0,73,3.01,2.192,7390593
27.483,open,12,6,55.425,3.182,256.0,0,12,0,73,3.01,2.192,7390593
27.493,open,12,6,55.425,3.182,256.0,0,12,0,73,3.01,2.192,7390593
27.503,open,12,6,56.647,3.907,257.0,0,12,0,73,2.945,2.101,7396385
27.514,open,13,6,58.411,3.497,259.0,0,12,0,73,3.094,2.101,7406521
27.524,open,13,6,58.411,3.497,259.0,0,12,0,73,3.094,2.101,7406521
27.534,open,13,6,58.411,3.497,259.0,0,12,0,73,3.094,2.101,7406521
27.544,open,13,6,58.411,3.497,259.0,0,12,0,73,3.094,2.101,7406521
27.554,open,13,6,60.592,12.366,261.0,0,13,0,73,2.982,2.292,7413761
27.564,open,14,6,56.734,8.928,257.0,0,14,0,73,3.43,2.292,7423897
27.574,open,14,6,56.734,8.928,257.0,0,14,0,73,3.43,2.292,7423897
27.584,open,14,6,56.734,8.928,257.0,0,14,0,73,3.43,2.292,7423897
27.595,open,14,6,56.734,8.928,257.0,0,14,0,73,3.43,2.292,7423897
27.605,open,14,6,52.815,7.735,253.0,0,14,0,73,3.685,2.955,7435481
27.615,open,15,6,51.124,5.731,252.0,0,15,0,73,4.079,3.183,7444169
27.625,open,15,6,51.124,5.731,252.0,0,15,0,73,4.079,3.183,7444169
27.635,open,15,6,51.124,5.731,252.0,0,15,0,73,4.079,3.183,7444169
27.645,open,15,6,48.666,5.779,249.0,0,15,0,73,4.285,3.433,7452857
27.655,open,15,6,46.603,4.518,247.0,0,15,0,73,4.474,3.348,7464441
27.665,open,15,6,46.603,4.518,247.0,0,15,0,73,4.474,3.348,7464441
27.675,open,15,6,46.603,4.518,247.0,0,15,0,73,4.474,3.348,7464441
27.685,open,16,6,49.523,8.671,250.0,0,16,0,73,4.491,3.775,7468785
27.695,open,16,6,48.075,4.632,249.0,0,16,0,73,4.626,3.775,7480369
27.705,open,16,6,47.592,3.442,248.0,0,16,0,73,4.673,3.775,7486161
27.715,open,16,6,47.592,3.442,248.0,0,16,0,73,4.673,3.775,7486161
27.726,open,16,6,47.592,3.442,248.0,0,16,0,73,4.673,3.775,7486161
27.736,open,17,6,48.094,2.887,249.0,0,16,0,73,4.913,3.732,7491953
27.746,open,17,6,48.75,1.775,249.0,0,17,0,73,4.847,3.726,7503537
27.756,open,17,6,48.983,1.401,249.0,0,17,0,73,4.824,3.726,7509329
27.766,open,17,6,48.983,1.401,249.0,0,17,0,73,4.824,3.726,7509329
27.776,open,17,6,48.983,1.401,249.0,0,17,0,73,4.824,3.726,7509329
27.786,open,17,6,49.379,1.845,250.0,0,17,0,73,4.786,3.553,7512225
27.796,open,18,6,51.25,2.681,252.0,0,18,0,73,4.882,3.689,7525257
27.806,open,18,6,51.923,2.142,252.0,0,18,0,73,4.819,3.695,7533945
27.816,open,18,6,51.923,2.142,252.0,0,18,0,73,4.819,3.695,7533945
27.826,open,18,6,51.923,2.142,252.0,0,18,0,73,4.819,3.695,7533945
27.836,open,18,6,51.923,2.142,252.0,0,18,0,73,4.819,3.695,7533945
27.846,open,19,6,53.574,3.386,254.0,0,19,0,73,4.93,3.459,7542633
27.856,open,19,6,55.377,3.511,256.0,0,19,0,73,4.769,3.582,7554217
27.867,open,19,6,56.043,3.128,257.0,0,19,0,73,4.713,3.582,7560009
27.877,open,19,6,56.043,3.128,257.0,0,19,0,73,4.713,3.582,7560009
27.887,open,19,6,56.043,3.128,257.0,0,19,0,73,4.713,3.582,7560009
27.897,open,19,6,56.043,3.128,257.0,0,19,0,73,4.713,3.582,7560009
27.907,open,20,6,56.743,2.114,257.0,0,19,0,73,4.9,3.658,7571593
27.917,open,20,6,57.436,1.275,258.0,0,20,0,73,4.84,3.781,7584625
27.927,open,20,6,57.523,1.131,258.0,0,20,0,73,4.833,3.781,7587521
27.937,open,20,6,57.523,1.131,258.0,0,20,0,73,4.833,3.781,7587521
27.947,open,20,6,57.523,1.131,258.0,0,20,0,73,4.833,3.781,7587521
27.957,open,21,6,55.753,1.456,256.0,0,21,0,73,5.236,3.861,7596209
27.967,disorder,21,6,54.35,1.557,255.0,0,23,0,73,5.627,3.786,7606345
27.977,recovery,18,10,53.538,1.172,254.0,0,24,1,74,6.231,3.786,7606345
27.987,recovery,18,10,53.538,1.172,254.0,0,24,1,74,6.231,3.786,7606345
27.997,recovery,18,10,53.538,1.172,254.0,0,24,1,74,6.231,3.786,7606345
28.007,recovery,15,10,52.648,0.994,253.0,0,26,2,75,6.865,3.998,7606345
28.018,recovery,10,10,52.507,0.664,253.0,0,29,2,75,7.677,4.02,7606345
28.028,recovery,10,10,52.225,0.672,253.0,0,23,1,75,5.856,4.014,7620825
28.038,recovery,10,10,52.225,0.672,253.0,0,23,1,75,5.856,4.014,7620825
28.048,recovery,10,10,52.225,0.672,253.0,0,23,1,75,5.856,4.014,7620825
28.058,open,10,10,50.792,0.937,251.0,0,10,0,75,2.737,2.903,7646889
28.068,open,10,10,49.155,1.282,250.0,0,10,0,75,2.828,2.224,7652681
28.078,open,10,10,49.155,1.282,250.0,0,10,0,75,2.828,2.224,7652681
28.088,open,10,10,49.155,1.282,250.0,0,10,0,75,2.828,2.224,7652681
28.098,open,10,10,52.559,7.769,253.0,0,10,0,75,2.645,2.32,7655577
28.108,open,11,10,50.423,6.5,251.0,0,11,0,75,3.033,2.517,7664265
28.118,open,11,10,49.873,5.975,250.0,0,11,0,75,3.066,2.517,7667161
28.128,open,11,10,49.873,5.975,250.0,0,11,0,75,3.066,2.517,7667161
28.138,open,11,10,49.873,5.975,250.0,0,11,0,75,3.066,2.517,7667161
28.148,open,12,10,47.739,4.517,248.0,0,12,0,75,3.494,2.769,7677297
28.159,open,12,10,47.08,3.683,248.0,0,12,0,75,3.543,2.769,7683089
28.169,open,12,10,47.08,3.683,248.0,0,12,0,75,3.543,2.769,7683089
28.179,open,12,10,47.08,3.683,248.0,0,12,0,75,3.543,2.769,7683089
28.189,open,12,10,46.494,3.714,247.0,0,12,0,75,3.588,2.915,7685985
28.199,open,13,10,46.41,1.444,247.0,0,13,0,75,3.894,3.02,7697569
28.209,open,13,10,46.361,1.182,247.0,0,13,0,75,3.898,3.021,7700465
28.219,open,13,10,46.361,1.182,247.0,0,13,0,75,3.898,3.021,7700465
28.229,open,13,10,46.361,1.182,247.0,0,13,0,75,3.898,3.021,7700465
28.239,open,13,10,46.85,1.514,247.0,0,13,0,75,3.857,2.869,7706257
28.249,open,14,10,48.382,2.168,249.0,0,14,0,75,4.022,3.027,7719289
28.259,open,14,10,48.382,2.168,249.0,0,14,0,75,4.022,3.027,7719289
28.269,open,14,10,48.382,2.168,249.0,0,14,0,75,4.022,3.027,7719289
28.279,open,14,10,48.382,2.168,249.0,0,14,0,75,4.022,3.027,7719289
28.289,open,14,10,48.855,2.571,249.0,0,14,0,75,3.983,2.887,7722185
28.300,open,15,10,50.223,2.597,251.0,0,14,0,75,4.152,2.887,7733769
28.310,open,15,10,50.809,2.517,251.0,0,15,0,75,4.104,3.043,7739561
28.320,open,15,10,50.809,2.517,251.0,0,15,0,75,4.104,3.043,7739561
28.330,open,15,10,50.809,2.517,251.0,0,15,0,75,4.104,3.043,7739561
28.340,open,15,10,50.809,2.517,251.0,0,15,0,75,4.104,3.043,7739561
28.350,open,15,10,52.543,3.604,253.0,0,15,0,75,3.968,2.911,7748249
28.360,open,16,10,53.874,2.883,254.0,0,15,0,75,4.128,2.907,7759833
28.370,open,16,10,53.874,2.883,254.0,0,15,0,75,4.128,2.907,7759833
28.380,open,16,10,53.874,2.883,254.0,0,15,0,75,4.128,2.907,7759833
28.390,open,16,10,53.874,2.883,254.0,0,15,0,75,4.128,2.907,7759833
28.400,open,16,10,57.861,9.851,258.0,0,16,0,75,3.844,3.052,7764177
28.410,disorder,17,10,56.254,4.167,257.0,0,18,0,75,4.201,2.699,7777209
28.420,disorder,17,10,55.883,3.866,256.0,0,19,0,75,4.477,2.907,7777209
28.430,recovery,17,8,55.883,3.866,256.0,0,19,1,76,4.477,2.907,7777209
28.441,recovery,17,8,55.883,3.866,256.0,0,19,1,76,4.477,2.907,7777209
28.451,recovery,15,8,54.898,2.775,255.0,0,20,1,76,5.064,3.2,7777209
28.461,recovery,10,8,52.589,1.803,253.0,0,23,2,77,6.08,2.971,7777209
28.471,recovery,8,8,51.869,1.148,252.0,0,20,1,77,5.092,2.919,7785897
28.481,recovery,8,8,51.869,1.148,252.0,0,20,1,77,5.092,2.919,7785897
28.491,recovery,8,8,51.869,1.148,252.0,0,20,1,77,5.092,2.919,7785897
28.501,open,8,8,50.107,1.471,251.0,0,8,0,77,2.219,2.74,7809065
28.511,open,8,8,48.637,1.742,249.0,0,8,0,77,2.286,1.98,7814857
28.521,open,8,8,48.637,1.742,249.0,0,8,0,77,2.286,1.98,7814857
28.531,open,8,8,48.637,1.742,249.0,0,8,0,77,2.286,1.98,7814857
28.541,open,9,8,48.314,1.768,249.0,0,9,0,77,2.589,2.004,7817753
28.551,open,9,8,46.389,2.072,247.0,0,9,0,77,2.697,2.183,7826441
28.561,open,9,8,46.389,2.072,247.0,0,9,0,77,2.697,2.183,7826441
28.571,open,9,8,46.389,2.072,247.0,0,9,0,77,2.697,2.183,7826441
28.582,open,10,8,45.742,2.169,246.0,0,10,0,77,3.039,2.185,7829337
28.592,open,10,8,44.766,2.197,245.0,0,10,0,77,3.105,2.453,7836577
28.602,open,10,8,44.625,1.932,245.0,0,10,0,77,3.115,2.389,7839473
28.612,open,10,8,44.625,1.932,245.0,0,10,0,77,3.115,2.389,7839473
28.622,open,10,8,44.625,1.932,245.0,0,10,0,77,3.115,2.389,7839473
28.632,open,11,8,45.287,1.602,246.0,0,11,0,77,3.376,2.337,7849609
28.642,open,11,8,45.621,1.536,246.0,0,11,0,77,3.352,2.439,7853953
28.652,open,11,8,45.621,1.536,246.0,0,11,0,77,3.352,2.439,7853953
28.662,open,11,8,45.621,1.536,246.0,0,11,0,77,3.352,2.439,7853953
28.672,open,11,8,45.735,1.381,246.0,0,11,0,77,3.343,2.489,7856849
28.682,open,12,8,46.293,1.485,247.0,0,11,0,77,3.603,2.667,7865537
28.693,open,12,8,47.945,3.437,248.0,0,12,0,77,3.479,2.563,7869881
28.703,open,12,8,47.945,3.437,248.0,0,12,0,77,3.479,2.563,7869881
28.713,open,12,8,47.945,3.437,248.0,0,12,0,77,3.479,2.563,7869881
28.723,open,12,8,48.159,3.007,249.0,0,12,0,77,3.464,2.566,7872777
28.733,open,13,8,48.651,2.009,249.0,0,13,0,77,3.714,2.566,7881465
28.743,open,13,8,48.921,2.047,249.0,0,13,0,77,3.694,2.508,7884361
28.753,open,13,8,49.317,2.326,250.0,0,13,0,77,3.664,2.669,7887257
28.763,open,13,8,49.317,2.326,250.0,0,13,0,77,3.664,2.669,7887257
28.773,open,13,8,49.317,2.326,250.0,0,13,0,77,3.664,2.669,7887257
28.783,open,14,8,51.055,3.593,252.0,0,13,0,77,3.812,2.547,7895945
28.793,open,14,8,52.297,4.135,253.0,0,14,0,77,3.721,2.699,7900289
28.803,open,14,8,53.4,4.236,254.0,0,14,0,77,3.644,2.642,7906081
28.814,open,14,8,53.4,4.236,254.0,0,14,0,77,3.644,2.642,7906081
28.824,open,14,8,53.4,4.236,254.0,0,14,0,77,3.644,2.642,7906081
28.834,open,14,8,53.84,4.058,254.0,0,14,0,77,3.615,2.645,7908977
28.844,open,15,8,55.268,3.251,256.0,0,15,0,77,3.773,2.79,7920561
28.854,open,15,8,55.268,3.251,256.0,0,15,0,77,3.773,2.79,7920561
28.864,open,15,8,56.235,3.507,257.0,0,15,0,77,3.708,2.729,7926353
28.874,open,15,8,56.235,3.507,257.0,0,15,0,77,3.708,2.729,7926353
28.884,open,15,8,55.423,3.601,256.0,0,15,0,77,3.762,2.849,7929249
28.894,open,16,8,53.07,3.729,254.0,0,16,0,77,4.191,2.79,7940833
28.904,open,16,8,53.07,3.729,254.0,0,16,0,77,4.191,2.79,7940833
28.914,open,16,8,53.634,4.601,254.0,0,16,0,77,4.147,2.924,7948073
28.924,open,16,8,53.634,4.601,254.0,0,16,0,77,4.147,2.924,7948073
28.934,open,17,8,48.308,5.163,249.0,0,17,0,77,4.892,3.726,7961105
28.944,open,17,8,47.721,5.047,248.0,0,17,0,77,4.952,3.726,7964001
28.955,open,17,8,45.987,4.499,246.0,0,17,0,77,5.139,3.644,7971241
28.965,open,17,8,45.987,4.499,246.0,0,17,0,77,5.139,3.644,7971241
28.975,open,17,8,45.718,2.997,246.0,0,17,0,77,5.169,4.133,7977033
28.985,open,18,8,45.638,1.367,246.0,0,18,0,77,5.483,4.277,7988617
28.995,open,18,8,45.01,1.437,246.0,0,18,0,77,5.559,4.645,7994409
29.005,open,18,8,45.01,1.437,246.0,0,18,0,77,5.559,4.645,7994409
29.015,open,18,8,45.01,1.437,246.0,0,18,0,77,5.559,4.645,7994409
29.025,open,18,8,47.248,1.774,248.0,0,18,0,77,5.296,4.169,8007441
29.035,open,19,8,47.661,1.427,248.0,0,19,0,77,5.542,4.304,8014681
29.045,open,19,8,48.129,1.614,249.0,0,19,0,77,5.488,4.199,8020473
29.055,open,19,8,48.129,1.614,249.0,0,19,0,77,5.488,4.199,8020473
29.065,open,19,8,48.129,1.614,249.0,0,19,0,77,5.488,4.199,8020473
29.075,open,19,8,49.014,1.322,250.0,0,19,0,77,5.389,4.192,8033505
29.085,open,20,8,49.404,1.219,250.0,0,20,0,77,5.627,4.32,8042193
29.096,open,20,8,49.482,0.821,250.0,0,20,0,77,5.618,4.425,8047985
29.106,open,20,8,49.482,0.821,250.0,0,20,0,77,5.618,4.425,8047985
29.116,open,20,8,49.482,0.821,250.0,0,20,0,77,5.618,4.425,8047985
29.126,open,20,8,51.29,3.14,252.0,0,20,0,77,5.42,3.913,8056673
29.136,recovery,18,10,52.47,1.794,253.0,0,23,1,78,5.828,3.841,8058121
29.146,recovery,16,10,53.906,3.055,254.0,0,24,1,78,6.189,3.8,8058121
29.156,recovery,14,10,55.335,2.893,256.0,0,26,1,78,6.532,3.8,8058121
29.166,recovery,14,10,55.335,2.893,256.0,0,26,1,78,6.532,3.8,8058121
29.176,recovery,14,10,55.335,2.893,256.0,0,26,1,78,6.532,3.8,8058121
29.186,recovery,10,10,57.426,2.308,258.0,0,29,1,78,7.02,3.717,8058121
29.196,open,10,10,58.347,2.07,259.0,0,10,0,78,2.382,3.472,8092873
29.207,open,10,10,58.054,2.079,259.0,0,10,0,78,2.394,3.064,8095769
29.217,open,10,10,58.054,2.079,259.0,0,10,0,78,2.394,3.064,8095769
29.227,open,10,10,58.054,2.079,259.0,0,10,0,78,2.394,3.064,8095769
29.237,open,10,10,56.68,2.29,257.0,0,10,0,78,2.452,1.956,8101561
29.247,open,11,10,54.773,2.618,255.0,0,11,0,78,2.792,2.068,8107353
29.257,open,11,10,54.295,2.655,255.0,0,11,0,78,2.816,2.162,8110249
29.267,open,11,10,54.295,2.655,255.0,0,11,0,78,2.816,2.162,8110249
29.277,open,11,10,53.12,2.866,254.0,0,11,0,78,2.879,2.268,8113145
29.287,open,12,10,51.192,3.163,252.0,0,12,0,78,3.258,2.391,8118937
29.297,open,12,10,50.533,2.515,251.0,0,12,0,78,3.301,2.63,8123281
29.307,open,12,10,50.121,2.539,251.0,0,12,0,78,3.328,2.501,8126177
29.318,open,12,10,50.121,2.539,251.0,0,12,0,78,3.328,2.501,8126177
29.328,open,12,10,49.913,2.321,250.0,0,12,0,78,3.342,2.63,8129073
29.338,open,13,10,50.122,2.125,251.0,0,13,0,78,3.605,2.799,8139209
29.348,open,13,10,50.122,2.125,251.0,0,13,0,78,3.605,2.799,8139209
29.358,open,13,10,51.637,3.814,252.0,0,13,0,78,3.5,2.728,8143553
29.368,open,13,10,51.637,3.814,252.0,0,13,0,78,3.5,2.728,8143553
29.378,open,13,10,50.908,3.409,251.0,0,13,0,78,3.55,2.864,8149345
29.388,open,14,10,50.653,2.449,251.0,0,13,0,78,3.842,2.728,8155137
29.398,open,14,10,50.993,2.517,251.0,0,14,0,78,3.816,2.887,8158033
29.408,open,14,10,51.283,2.466,252.0,0,14,0,78,3.795,2.825,8160929
29.418,open,14,10,51.283,2.466,252.0,0,14,0,78,3.795,2.825,8160929
29.429,open,14,10,53.401,4.577,254.0,0,14,0,78,3.644,2.891,8168169
29.439,open,14,10,53.236,3.764,254.0,0,14,0,78,3.656,2.892,8171065
29.449,open,15,10,53.249,2.14,254.0,0,14,0,78,3.916,2.826,8176857
29.459,open,15,10,53.249,2.14,254.0,0,14,0,78,3.916,2.826,8176857
29.469,open,15,10,55.432,4.503,256.0,0,15,0,78,3.762,2.908,8181201
29.479,open,15,10,55.022,4.198,256.0,0,15,0,78,3.79,3.11,8184097
29.489,open,15,10,54.195,3.078,255.0,0,15,0,78,3.847,3.109,8191337
29.499,open,16,10,54.003,2.065,255.0,0,16,0,78,4.118,3.038,8197129
29.509,open,16,10,54.003,2.065,255.0,0,16,0,78,4.118,3.038,8197129
29.519,open,16,10,53.988,1.441,254.0,0,16,0,78,4.12,3.115,8202921
29.530,open,16,10,52.691,1.671,253.0,0,16,0,78,4.221,3.411,8208713
29.540,open,16,10,51.826,1.781,252.0,0,16,0,78,4.292,3.331,8213057
29.550,open,16,10,51.317,1.797,252.0,0,16,0,78,4.334,3.255,8218849
29.560,open,16,10,51.317,1.797,252.0,0,16,0,78,4.334,3.255,8218849
29.570,open,17,10,52.7,3.852,253.0,0,17,0,78,4.484,3.401,8226089
29.580,open,17,10,52.004,3.374,253.0,0,17,0,78,4.544,3.727,8231881
29.590,open,17,10,51.72,3.098,252.0,0,17,0,78,4.569,3.727,8234777
29.600,open,17,10,52.507,3.56,253.0,0,17,0,78,4.501,3.638,8242017
29.610,open,17,10,52.507,3.56,253.0,0,17,0,78,4.501,3.638,8242017
29.621,open,18,10,52.782,2.094,253.0,0,18,0,78,4.74,3.695,8250705
29.631,open,18,10,52.846,1.698,253.0,0,18,0,78,4.735,3.695,8253601
29.641,open,18,10,52.95,1.135,253.0,0,18,0,78,4.725,3.695,8259393
29.651,open,18,10,52.394,1.05,253.0,0,18,0,78,4.776,3.866,8266633
29.661,open,19,10,50.065,1.558,251.0,0,19,0,78,5.275,3.694,8272425
29.671,open,19,10,48.699,1.799,249.0,0,19,0,78,5.423,3.912,8276769
29.681,open,19,10,47.193,1.998,248.0,0,19,0,78,5.596,3.913,8285457
29.691,open,19,10,47.055,1.774,248.0,0,19,0,78,5.613,4.098,8288353
29.701,open,19,10,46.936,1.569,247.0,0,19,0,78,5.627,4.199,8291249
29.711,open,20,10,47.536,1.677,248.0,0,20,0,78,5.848,4.66,8302833
29.721,open,20,10,48.545,2.505,249.0,0,20,0,78,5.727,4.543,8307177
29.731,open,20,10,48.371,1.751,249.0,0,20,0,78,5.748,4.659,8312969
29.741,open,20,10,47.537,1.848,248.0,0,20,0,78,5.848,4.774,8318761
29.751,open,20,10,47.342,1.333,248.0,0,20,0,78,5.872,4.53,8324553
29.762,open,21,10,47.348,0.997,248.0,0,21,0,78,6.165,4.897,8330345
29.772,open,21,10,47.479,1.86,248.0,0,21,0,78,6.148,4.904,8341929
29.782,open,21,10,47.479,1.86,248.0,0,21,0,78,6.148,4.904,8341929
29.792,open,21,10,47.44,1.113,248.0,0,21,0,78,6.153,4.897,8347721
29.802,open,21,10,47.684,1.046,248.0,0,21,0,78,6.122,4.782,8353513
29.812,open,22,10,48.355,1.536,249.0,0,22,0,78,6.324,4.898,8360753
29.822,open,22,10,49.663,2.254,250.0,0,22,0,78,6.158,4.666,8370889
29.832,open,22,10,49.813,1.992,250.0,0,22,0,78,6.139,4.782,8372337
29.842,open,22,10,50.061,1.55,251.0,0,22,0,78,6.109,4.782,8378129
29.852,open,22,10,50.535,1.694,251.0,0,22,0,78,6.052,4.67,8383921
29.862,open,23,10,51.489,2.294,252.0,0,23,0,78,6.209,4.67,8392609
29.872,open,23,10,52.027,2.797,253.0,0,23,0,78,6.145,4.568,8395505
29.882,open,23,10,53.686,3.729,254.0,0,23,0,78,5.955,4.471,8402745
29.892,recovery,22,11,54.892,3.657,255.0,0,25,1,79,6.331,4.457,8404193
29.902,recovery,21,11,54.675,3.177,255.0,0,25,1,79,6.356,4.358,8404193
29.913,recovery,17,11,53.887,0.99,254.0,0,29,1,79,7.481,4.245,8404193
29.923,recovery,16,11,53.849,0.835,254.0,0,30,1,79,7.744,4.67,8404193
29.933,recovery,13,11,55.348,1.965,256.0,0,31,2,80,7.786,4.152,8404193
29.943,recovery,12,11,55.668,1.659,256.0,0,32,2,80,7.991,4.267,8404193
29.953,recovery,11,11,57.46,2.912,258.0,0,18,1,80,4.113,4.099,8428809
29.963,recovery,11,11,57.571,2.405,258.0,0,19,1,80,4.346,3.971,8428809
29.973,recovery,11,11,56.919,1.588,257.0,0,23,1,80,5.373,3.396,8428809
29.983,recovery,11,11,56.919,1.588,257.0,0,23,1,80,5.373,3.396,8428809
29.993,open,11,11,56.173,1.674,257.0,0,11,0,80,2.722,2.8,8449081
30.003,open,11,11,56.17,3.158,257.0,0,11,0,80,2.722,2.147,8454873
30.013,open,11,11,55.518,3.222,256.0,0,11,0,80,2.754,2.227,8457769
30.023,open,11,11,54.812,3.298,255.0,0,11,0,80,2.79,2.284,8460665
30.033,open,12,11,55.556,3.963,256.0,0,12,0,80,3.003,2.335,8463561
30.043,open,12,11,56.03,3.92,257.0,0,12,0,80,2.977,2.377,8466457
30.053,open,12,11,53.97,4.185,254.0,0,12,0,80,3.091,2.562,8470801
30.064,open,12,11,53.289,4.224,254.0,0,12,0,80,3.13,2.566,8473697
30.074,open,12,11,52.693,4.241,253.0,0,12,0,80,3.166,2.619,8476593
30.084,open,12,11,52.021,4.277,253.0,0,12,0,80,3.207,2.693,8479489
30.094,open,13,11,51.895,4.994,252.0,0,13,0,80,3.482,2.697,8486729
30.104,open,13,11,50.059,5.054,251.0,0,13,0,80,3.61,2.865,8491073
30.114,open,13,11,48.952,5.173,249.0,0,13,0,80,3.692,2.864,8493969
30.124,open,13,11,47.991,5.251,248.0,0,13,0,80,3.765,2.938,8496865
30.134,open,14,11,47.452,5.016,248.0,0,14,0,80,4.101,3.015,8499761
30.144,open,14,11,46.985,3.672,247.0,0,14,0,80,4.142,3.266,8505553
30.154,open,14,11,46.994,3.382,247.0,0,14,0,80,4.141,3.35,8512793
30.164,open,14,11,46.58,3.363,247.0,0,14,0,80,4.178,3.447,8515689
30.174,open,14,11,46.58,3.363,247.0,0,14,0,80,4.178,3.447,8515689
30.185,open,15,11,46.845,2.006,247.0,0,15,0,80,4.451,3.425,8522929
30.195,open,15,11,46.804,1.419,247.0,0,15,0,80,4.455,3.518,8528721
30.205,open,15,11,46.763,1.105,247.0,0,15,0,80,4.459,3.523,8533065
30.215,open,15,11,46.973,1.248,247.0,0,15,0,80,4.439,3.348,8535961
30.225,open,15,11,46.973,1.248,247.0,0,15,0,80,4.439,3.348,8535961
30.235,open,16,11,48.404,2.751,249.0,0,15,0,80,4.595,3.339,8544649
30.245,open,16,11,48.863,2.981,249.0,0,16,0,80,4.552,3.337,8547545
30.255,open,16,11,49.901,3.476,250.0,0,16,0,80,4.457,3.261,8553337
30.265,open,16,11,52.038,5.256,253.0,0,16,0,80,4.274,3.256,8557681
30.275,open,16,11,52.038,5.256,253.0,0,16,0,80,4.274,3.256,8557681
30.285,open,16,11,52.038,5.256,253.0,0,16,0,80,4.274,3.256,8557681
30.295,open,17,11,53.592,3.689,254.0,0,16,0,80,4.409,3.114,8569265
30.305,open,17,11,55.413,3.901,256.0,0,17,0,80,4.265,3.251,8576505
30.315,open,17,11,55.413,3.901,256.0,0,17,0,80,4.265,3.251,8576505
30.326,open,17,11,55.753,3.606,256.0,0,17,0,80,4.239,3.188,8579401
30.336,open,17,11,55.753,3.606,256.0,0,17,0,80,4.239,3.188,8579401
30.346,open,17,11,58.697,6.723,259.0,0,17,0,80,4.026,3.188,8583745
30.356,recovery,15,8,58.056,2.971,259.0,0,19,1,81,4.549,3.0,8585193
30.366,recovery,12,8,58.859,1.584,259.0,0,22,1,81,5.196,3.067,8585193
30.376,recovery,12,8,58.859,1.584,259.0,0,22,1,81,5.196,3.067,8585193
30.386,recovery,11,8,59.945,2.813,260.0,0,23,1,81,5.334,2.893,8585193
30.396,recovery,11,8,59.945,2.813,260.0,0,23,1,81,5.334,2.893,8585193
30.406,recovery,8,8,59.367,1.274,260.0,0,25,1,81,5.854,3.13,8585193
30.416,open,8,8,58.328,1.186,259.0,0,8,0,81,1.907,2.742,8615601
30.426,open,8,8,58.328,1.186,259.0,0,8,0,81,1.907,2.742,8615601
30.436,open,8,8,59.693,3.619,260.0,0,8,0,81,1.863,2.212,8618497
30.446,open,8,8,59.693,3.619,260.0,0,8,0,81,1.863,2.212,8618497
30.456,open,9,8,57.23,4.004,258.0,0,9,0,81,2.186,1.592,8624289
30.466,open,9,8,56.294,4.113,257.0,0,9,0,81,2.222,1.855,8627185
30.477,open,9,8,56.294,4.113,257.0,0,9,0,81,2.222,1.855,8627185
30.487,open,9,8,55.172,4.265,256.0,0,9,0,81,2.268,1.814,8630081
30.497,open,10,8,52.122,4.752,253.0,0,10,0,81,2.667,1.959,8635873
30.507,open,10,8,50.441,4.704,251.0,0,10,0,81,2.756,2.096,8640217
30.517,open,10,8,50.441,4.704,251.0,0,10,0,81,2.756,2.096,8640217
30.527,open,10,8,49.553,4.779,250.0,0,10,0,81,2.805,2.203,8643113
30.537,open,10,8,49.553,4.779,250.0,0,10,0,81,2.805,2.203,8643113
30.547,open,11,8,48.346,3.996,249.0,0,11,0,81,3.163,2.391,8651801
30.557,open,11,8,47.905,3.88,248.0,0,11,0,81,3.192,2.585,8653249
30.567,open,11,8,47.905,3.88,248.0,0,11,0,81,3.192,2.585,8653249
30.577,open,11,8,49.603,6.479,250.0,0,11,0,81,3.083,2.512,8657593
30.587,open,11,8,49.62,4.893,250.0,0,11,0,81,3.082,2.329,8660489
30.597,open,12,8,49.677,2.651,250.0,0,12,0,81,3.358,2.562,8669177
30.607,open,12,8,49.677,2.651,250.0,0,12,0,81,3.358,2.562,8669177
30.617,open,12,8,49.677,2.651,250.0,0,12,0,81,3.358,2.562,8669177
30.628,open,12,8,49.826,2.286,250.0,0,12,0,81,3.348,2.505,8672073
30.638,open,12,8,49.826,2.286,250.0,0,12,0,81,3.348,2.505,8672073
30.648,open,12,8,52.878,4.702,253.0,0,12,0,81,3.155,2.338,8679313
30.658,open,13,8,53.259,3.306,254.0,0,12,0,81,3.393,2.338,8685105
30.668,open,13,8,53.259,3.306,254.0,0,12,0,81,3.393,2.338,8685105
30.678,disorder,13,8,56.453,8.866,257.0,0,13,0,81,3.201,2.284,8686553
30.688,disorder,13,8,56.453,8.866,257.0,0,13,0,81,3.201,2.284,8686553
30.698,recovery,11,6,56.521,6.786,257.0,0,13,1,82,3.197,2.032,8686553
30.708,recovery,8,6,57.708,2.435,258.0,0,16,1,82,3.613,2.152,8686553
30.718,recovery,6,6,57.929,1.793,258.0,0,16,1,82,3.839,2.152,8686553
30.728,recovery,6,6,57.929,1.793,258.0,0,16,1,82,3.839,2.152,8686553
30.739,recovery,6,6,57.795,1.273,258.0,0,18,1,82,4.089,2.2,8686553
30.749,recovery,6,6,57.795,1.273,258.0,0,18,1,82,4.089,2.2,8686553
30.759,open,6,6,57.844,1.146,258.0,0,6,0,82,1.442,1.761,8708273
30.769,open,6,6,57.844,1.146,258.0,0,6,0,82,1.442,1.761,8708273
30.779,open,6,6,57.844,1.146,258.0,0,6,0,82,1.442,1.761,8708273
30.789,open,6,6,60.338,5.848,261.0,0,6,0,82,1.382,1.226,8711169
30.799,open,6,6,60.338,5.848,261.0,0,6,0,82,1.382,1.226,8711169
30.809,open,6,6,60.338,5.848,261.0,0,6,0,82,1.382,1.226,8711169
30.819,open,7,6,61.681,8.246,262.0,0,7,0,82,1.578,1.246,8716961
30.829,open,7,6,61.681,8.246,262.0,0,7,0,82,1.578,1.246,8716961
30.839,open,7,6,59.724,8.478,260.0,0,7,0,82,1.629,1.297,8719857
30.850,open,7,6,59.724,8.478,260.0,0,7,0,82,1.629,1.297,8719857
30.860,open,7,6,59.724,8.478,260.0,0,7,0,82,1.629,1.297,8719857
30.870,open,8,6,56.842,7.665,257.0,0,8,0,82,1.956,1.453,8727097
30.880,open,8,6,56.842,7.665,257.0,0,8,0,82,1.956,1.453,8727097
30.890,open,8,6,56.106,7.222,257.0,0,8,0,82,1.982,1.592,8729993
30.900,open,8,6,56.106,7.222,257.0,0,8,0,82,1.982,1.592,8729993
30.910,open,8,6,56.106,7.222,257.0,0,8,0,82,1.982,1.592,8729993
30.920,open,9,6,54.794,4.962,255.0,0,9,0,82,2.283,1.779,8737233
30.930,open,9,6,54.794,4.962,255.0,0,9,0,82,2.283,1.779,8737233
30.940,open,9,6,55.161,6.415,256.0,0,9,0,82,2.268,1.819,8741577
30.950,open,9,6,55.161,6.415,256.0,0,9,0,82,2.268,1.819,8741577
30.960,open,9,6,55.161,6.415,256.0,0,9,0,82,2.268,1.819,8741577
30.970,open,10,6,54.448,3.66,255.0,0,10,0,82,2.553,1.956,8750265
30.980,open,10,6,54.448,3.66,255.0,0,10,0,82,2.553,1.956,8750265
30.990,open,10,6,54.454,2.758,255.0,0,10,0,82,2.553,1.913,8753161
31.001,open,10,6,54.454,2.758,255.0,0,10,0,82,2.553,1.913,8753161
31.011,open,10,6,54.454,2.758,255.0,0,10,0,82,2.553,1.913,8753161
31.021,open,11,6,55.91,6.721,256.0,0,11,0,82,2.735,1.956,8763297
31.031,open,11,6,55.431,5.998,256.0,0,11,0,82,2.759,2.174,8764745
31.041,open,11,6,55.431,5.998,256.0,0,11,0,82,2.759,2.174,8764745
31.051,open,11,6,55.618,4.871,256.0,0,11,0,82,2.749,2.035,8767641
31.061,open,11,6,55.618,4.871,256.0,0,11,0,82,2.749,2.035,8767641
31.071,open,11,6,55.791,4.0,256.0,0,11,0,82,2.741,2.032,8770537
31.081,open,12,6,56.697,2.578,257.0,0,12,0,82,2.942,2.189,8780673
31.091,open,12,6,56.697,2.578,257.0,0,12,0,82,2.942,2.189,8780673
31.101,open,12,6,56.584,2.158,257.0,0,12,0,82,2.948,2.239,8783569
31.111,open,12,6,56.584,2.158,257.0,0,12,0,82,2.948,2.239,8783569
31.121,open,12,6,56.584,2.158,257.0,0,12,0,82,2.948,2.239,8783569
31.131,open,13,6,54.431,2.294,255.0,0,13,0,82,3.32,2.189,8796601
31.142,open,13,6,54.431,2.294,255.0,0,13,0,82,3.32,2.189,8796601
31.152,open,13,6,55.457,5.081,256.0,0,13,0,82,3.259,2.491,8800945
31.162,open,13,6,55.457,5.081,256.0,0,13,0,82,3.259,2.491,8800945
31.172,open,13,6,52.981,5.376,253.0,0,13,0,82,3.411,2.668,8806737
31.182,open,14,6,50.445,5.5,251.0,0,14,0,82,3.858,2.668,8813977
31.192,open,14,6,50.166,5.86,251.0,0,14,0,82,3.879,3.031,8818321
31.202,open,14,6,50.166,5.86,251.0,0,14,0,82,3.879,3.031,8818321
31.212,open,14,6,50.49,7.04,251.0,0,14,0,82,3.854,3.354,8822665
31.222,open,15,6,47.288,6.197,248.0,0,15,0,82,4.409,3.612,8834249
31.232,open,15,6,47.288,6.197,248.0,0,15,0,82,4.409,3.612,8834249
31.243,open,15,6,47.13,4.965,248.0,0,15,0,82,4.424,3.524,8837145
31.253,open,15,6,48.025,6.913,249.0,0,15,0,82,4.342,3.819,8841489
31.263,open,15,6,45.409,4.687,246.0,0,15,0,82,4.592,3.72,8854521
31.273,open,15,6,45.409,4.687,246.0,0,15,0,82,4.592,3.72,8854521
31.283,open,16,6,47.313,5.494,248.0,0,16,0,82,4.701,3.672,8858865
31.293,open,16,6,47.313,5.494,248.0,0,16,0,82,4.701,3.672,8858865
31.303,open,16,6,47.758,5.01,248.0,0,16,0,82,4.657,3.416,8861761
31.313,open,16,6,49.653,2.618,250.0,0,16,0,82,4.479,3.416,8876241
31.323,open,16,6,49.653,2.618,250.0,0,16,0,82,4.479,3.416,8876241
31.333,open,17,6,49.956,2.569,250.0,0,16,0,82,4.73,3.336,8879137
31.344,open,17,6,50.524,3.063,251.0,0,17,0,82,4.677,3.478,8882033
31.354,open,17,6,50.524,3.063,251.0,0,17,0,82,4.677,3.478,8882033
31.364,open,17,6,52.302,3.305,253.0,0,17,0,82,4.518,3.401,8892169
31.374,open,17,6,53.171,2.635,254.0,0,17,0,82,4.444,3.395,8899409
31.384,open,17,6,53.171,2.635,254.0,0,17,0,82,4.444,3.395,8899409
31.394,open,18,6,54.071,3.041,255.0,0,17,0,82,4.628,3.251,8905201
31.404,open,18,6,54.071,3.041,255.0,0,17,0,82,4.628,3.251,8905201
31.414,open,18,6,56.878,5.93,257.0,0,18,0,82,4.399,3.455,8909545
31.424,open,18,6,57.188,1.91,258.0,0,18,0,82,4.375,3.327,8922577
31.434,open,18,6,57.155,1.499,258.0,0,18,0,82,4.378,3.459,8924025
31.444,open,18,6,57.155,1.499,258.0,0,18,0,82,4.378,3.459,8924025
31.455,open,19,6,57.385,1.242,258.0,0,19,0,82,4.602,3.387,8929817
31.465,open,19,6,57.385,1.242,258.0,0,19,0,82,4.602,3.387,8929817
31.475,open,19,6,56.03,1.328,257.0,0,19,0,82,4.714,3.743,8944297
31.485,recovery,18,9,55.034,1.446,256.0,0,21,1,83,5.304,3.459,8944297
31.495,recovery,18,9,55.034,1.446,256.0,0,21,1,83,5.304,3.459,8944297
31.505,recovery,15,9,54.062,1.133,255.0,0,23,1,83,5.914,3.587,8944297
31.515,recovery,14,9,52.762,1.382,253.0,0,24,1,83,6.323,3.907,8944297
31.525,recovery,9,9,49.063,1.611,250.0,0,17,1,84,4.533,3.69,8961673
31.535,recovery,9,9,49.063,1.611,250.0,0,17,1,84,4.533,3.69,8961673
31.546,recovery,9,9,49.063,1.611,250.0,0,17,1,84,4.533,3.69,8961673
31.556,recovery,9,9,48.249,1.712,249.0,0,19,1,84,5.186,3.269,8961673
31.566,open,9,9,46.162,2.006,247.0,0,9,0,84,2.71,2.161,8983393
31.576,open,9,9,45.542,2.098,246.0,0,9,0,84,2.747,2.207,8986289
31.586,open,9,9,45.542,2.098,246.0,0,9,0,84,2.747,2.207,8986289
31.596,open,9,9,45.304,2.05,246.0,0,9,0,84,2.761,2.316,8989185
31.606,open,10,9,45.352,1.392,246.0,0,10,0,84,3.065,2.24,8994977
31.616,open,10,9,44.707,1.465,245.0,0,10,0,84,3.109,2.447,8999321
31.626,open,10,9,44.707,1.465,245.0,0,10,0,84,3.109,2.447,8999321
31.636,open,10,9,44.274,1.527,245.0,0,10,0,84,3.14,2.457,9002217
31.646,open,10,9,44.274,1.527,245.0,0,10,0,84,3.14,2.457,9002217
31.656,open,11,9,44.708,1.009,245.0,0,11,0,84,3.42,2.582,9013801
31.666,open,11,9,44.708,1.009,245.0,0,11,0,84,3.42,2.582,9013801
31.677,open,11,9,44.708,1.009,245.0,0,11,0,84,3.42,2.582,9013801
31.687,open,11,9,45.182,1.706,246.0,0,11,0,84,3.384,2.388,9016697
31.697,open,11,9,45.182,1.706,246.0,0,11,0,84,3.384,2.388,9016697
31.707,open,12,9,47.85,4.142,248.0,0,11,0,84,3.486,2.443,9028281
31.717,open,12,9,47.85,4.142,248.0,0,11,0,84,3.486,2.443,9028281
31.727,open,12,9,47.85,4.142,248.0,0,11,0,84,3.486,2.443,9028281
31.737,open,12,9,51.917,8.529,252.0,0,12,0,84,3.213,2.391,9032625
31.747,open,12,9,51.917,8.529,252.0,0,12,0,84,3.213,2.391,9032625
31.757,open,12,9,52.807,6.34,253.0,0,12,0,84,3.159,2.287,9038417
31.767,open,13,9,53.486,4.745,254.0,0,13,0,84,3.379,2.287,9044209
31.777,open,13,9,53.486,4.745,254.0,0,13,0,84,3.379,2.287,9044209
31.787,open,13,9,53.041,3.4,254.0,0,13,0,84,3.407,2.608,9050001
31.798,open,13,9,53.041,3.4,254.0,0,13,0,84,3.407,2.608,9050001
31.808,open,13,9,53.041,3.4,254.0,0,13,0,84,3.407,2.608,9050001
31.818,open,14,9,55.149,4.602,256.0,0,13,0,84,3.529,2.339,9058689
31.828,disorder,14,9,55.683,4.519,256.0,0,14,0,84,3.495,2.339,9060137
31.838,recovery,13,7,55.683,4.519,256.0,0,14,1,85,3.495,2.339,9060137
31.848,recovery,11,7,56.698,2.917,257.0,0,16,1,85,3.678,2.351,9060137
31.858,recovery,11,7,56.698,2.917,257.0,0,16,1,85,3.678,2.351,9060137
31.868,recovery,10,7,56.019,2.675,257.0,0,17,1,85,3.97,2.339,9060137
31.878,recovery,7,7,54.594,2.182,255.0,0,19,2,86,4.583,2.144,9060137
31.888,recovery,7,7,54.145,2.226,255.0,0,9,1,86,2.054,1.902,9076065
31.898,recovery,7,7,53.402,2.223,254.0,0,11,1,86,2.603,1.959,9076065
31.908,recovery,7,7,53.402,2.223,254.0,0,11,1,86,2.603,1.959,9076065
31.918,recovery,7,7,53.086,2.232,254.0,0,12,1,86,2.88,1.918,9076065
31.928,open,7,7,51.95,2.375,252.0,0,7,0,86,1.873,1.561,9086201
31.939,open,7,7,53.204,4.289,254.0,0,7,0,86,1.829,1.564,9089097
31.949,open,7,7,52.912,3.8,253.0,0,7,0,86,1.839,1.623,9091993
31.959,open,7,7,52.912,3.8,253.0,0,7,0,86,1.839,1.623,9091993
31.969,open,7,7,52.912,3.8,253.0,0,7,0,86,1.839,1.623,9091993
31.979,open,8,7,52.692,3.289,253.0,0,8,0,86,2.11,1.623,9094889
31.989,open,8,7,52.738,4.55,253.0,0,8,0,86,2.109,1.633,9099233
31.999,open,8,7,51.909,4.615,252.0,0,8,0,86,2.142,1.633,9102129
32.009,open,8,7,51.909,4.615,252.0,0,8,0,86,2.142,1.633,9102129
32.019,open,8,7,50.719,4.768,251.0,0,8,0,86,2.193,1.623,9105025
32.029,open,9,7,50.395,4.58,251.0,0,9,0,86,2.482,2.064,9109369
32.039,open,9,7,49.171,3.779,250.0,0,9,0,86,2.544,2.01,9113713
32.049,open,9,7,49.171,3.779,250.0,0,9,0,86,2.544,2.01,9113713
32.059,open,9,7,48.327,3.872,249.0,0,9,0,86,2.589,2.185,9116609
32.069,open,10,7,47.263,3.62,248.0,0,10,0,86,2.941,2.326,9122401
32.080,open,10,7,46.661,3.657,247.0,0,10,0,86,2.979,2.456,9125297
32.090,open,10,7,46.661,3.657,247.0,0,10,0,86,2.979,2.456,9125297
32.100,open,10,7,47.645,6.563,248.0,0,10,0,86,2.918,2.458,9129641
32.110,open,11,7,46.439,5.703,247.0,0,11,0,86,3.293,2.385,9135433
32.120,open,11,7,45.648,4.539,246.0,0,11,0,86,3.35,2.655,9139777
32.130,open,11,7,45.648,4.539,246.0,0,11,0,86,3.35,2.655,9139777
32.140,open,11,7,45.698,3.505,246.0,0,11,0,86,3.346,2.515,9142673
32.150,open,11,7,45.698,3.505,246.0,0,11,0,86,3.346,2.515,9142673
32.160,open,12,7,47.555,3.031,248.0,0,12,0,86,3.508,2.63,9152809
32.170,open,12,7,47.828,2.82,248.0,0,12,0,86,3.488,2.562,9155705
32.180,open,12,7,47.828,2.82,248.0,0,12,0,86,3.488,2.562,9155705
32.190,open,12,7,47.828,2.82,248.0,0,12,0,86,3.488,2.562,9155705
32.201,open,12,7,48.37,3.198,249.0,0,12,0,86,3.449,2.443,9158601
32.211,open,12,7,50.152,4.019,251.0,0,12,0,86,3.326,2.387,9165841
32.221,open,13,7,50.556,3.822,251.0,0,12,0,86,3.574,2.387,9168737
32.231,open,13,7,52.437,5.207,253.0,0,13,0,86,3.446,2.494,9173081
32.241,open,13,7,52.437,5.207,253.0,0,13,0,86,3.446,2.494,9173081
32.251,open,13,7,52.847,4.724,253.0,0,13,0,86,3.419,2.495,9175977
32.261,open,13,7,52.847,4.724,253.0,0,13,0,86,3.419,2.495,9175977
32.271,open,14,7,54.681,3.908,255.0,0,14,0,86,3.559,2.439,9186113
32.281,open,14,7,55.09,2.948,256.0,0,14,0,86,3.533,2.642,9191905
32.291,open,14,7,55.09,2.948,256.0,0,14,0,86,3.533,2.642,9191905
32.301,open,14,7,55.09,2.948,256.0,0,14,0,86,3.533,2.642,9191905
32.311,open,14,7,55.481,2.992,256.0,0,14,0,86,3.508,2.587,9194801
32.322,open,14,7,55.481,2.992,256.0,0,14,0,86,3.508,2.587,9194801
32.332,open,15,7,56.744,2.692,257.0,0,15,0,86,3.675,2.733,9206385
32.342,open,15,7,57.922,3.556,258.0,0,15,0,86,3.6,2.625,9212177
32.352,open,15,7,57.922,3.556,258.0,0,15,0,86,3.6,2.625,9212177
32.362,open,15,7,57.922,3.556,258.0,0,15,0,86,3.6,2.625,9212177
32.372,open,15,7,57.949,2.72,258.0,0,15,0,86,3.598,2.786,9215073
32.382,open,15,7,57.727,1.914,258.0,0,15,0,86,3.612,2.786,9220865
32.392,open,15,7,57.558,1.371,258.0,0,15,0,86,3.623,2.733,9226657
32.402,open,16,7,57.786,2.581,258.0,0,16,0,86,3.849,2.813,9233897
32.412,open,16,7,57.786,2.581,258.0,0,16,0,86,3.849,2.813,9233897
32.422,open,16,7,57.688,2.131,258.0,0,16,0,86,3.855,2.989,9236793
32.432,open,16,7,56.987,2.24,257.0,0,16,0,86,3.903,3.048,9239689
32.442,open,16,7,55.368,2.427,256.0,0,16,0,86,4.017,3.048,9248377
32.452,open,17,7,54.3,2.256,255.0,0,17,0,86,4.352,3.322,9257065
32.463,open,17,7,54.3,2.256,255.0,0,17,0,86,4.352,3.322,9257065
32.473,open,17,7,53.124,2.479,254.0,0,17,0,86,4.448,3.251,9259961
32.483,open,17,7,48.714,3.229,249.0,0,17,0,86,4.851,3.559,9271545
32.493,open,18,7,46.144,3.453,247.0,0,18,0,86,5.422,3.781,9281681
32.503,open,18,7,46.144,3.453,247.0,0,18,0,86,5.422,3.781,9281681
32.513,open,18,7,45.978,2.922,246.0,0,18,0,86,5.442,4.387,9284577
32.523,open,18,7,45.193,2.413,246.0,0,18,0,86,5.537,4.517,9293265
32.533,open,19,7,44.952,1.316,245.0,0,19,0,86,5.875,4.394,9301953
32.543,open,19,7,45.354,1.4,246.0,0,19,0,86,5.823,4.518,9307745
32.553,open,19,7,45.354,1.4,246.0,0,19,0,86,5.823,4.518,9307745
32.563,open,19,7,45.246,0.973,246.0,0,19,0,86,5.837,4.642,9313537
32.573,open,19,7,45.134,0.579,246.0,0,19,0,86,5.852,4.644,9322225
32.583,open,20,7,45.457,0.84,246.0,0,20,0,86,6.116,4.774,9332361
32.593,open,20,7,45.525,0.767,246.0,0,20,0,86,6.107,4.769,9335257
32.604,open,20,7,45.744,1.014,246.0,0,20,0,86,6.078,4.655,9338153
32.614,open,20,7,46.378,1.668,247.0,0,20,0,86,5.995,4.543,9343945
32.624,open,20,7,46.911,1.43,247.0,0,20,0,86,5.926,4.659,9352633
32.634,open,21,7,47.339,1.138,248.0,0,21,0,86,6.166,4.775,9364217
32.644,open,21,7,47.339,1.138,248.0,0,21,0,86,6.166,4.775,9364217
32.654,open,21,7,47.339,1.138,248.0,0,21,0,86,6.166,4.775,9364217
32.664,open,21,7,48.607,2.876,249.0,0,21,0,86,6.006,4.349,9370009
32.674,open,21,7,50.165,3.56,251.0,0,21,0,86,5.819,4.342,9378697
32.684,open,22,7,51.484,2.845,252.0,0,21,0,86,5.94,4.342,9390281
32.694,open,22,7,52.327,3.02,253.0,0,22,0,86,5.844,4.465,9394625
32.704,open,22,7,52.327,3.02,253.0,0,22,0,86,5.844,4.465,9394625
32.714,open,22,7,52.75,3.109,253.0,0,22,0,86,5.797,4.367,9397521
32.724,open,22,7,53.747,3.477,254.0,0,22,0,86,5.69,4.267,9403313
32.735,disorder,22,7,55.476,4.102,256.0,0,24,0,86,5.763,3.985,9407657
32.745,recovery,17,11,57.456,2.03,258.0,0,27,1,87,6.532,3.918,9407657
32.755,recovery,16,11,58.001,2.126,259.0,0,28,1,87,6.711,4.031,9407657
32.765,recovery,16,11,58.001,2.126,259.0,0,28,1,87,6.711,4.031,9407657
32.775,recovery,15,11,58.699,2.448,259.0,0,29,1,87,6.868,3.952,9407657
32.785,recovery,13,11,59.681,2.117,260.0,0,31,1,87,7.22,3.946,9407657
32.795,recovery,11,11,60.254,1.481,261.0,0,33,1,87,7.382,3.947,9407657
32.805,open,11,11,59.993,1.206,260.0,0,11,0,87,2.549,3.33,9448201
32.815,open,11,11,59.993,1.206,260.0,0,11,0,87,2.549,3.33,9448201
32.825,open,11,11,59.993,1.206,260.0,0,11,0,87,2.549,3.33,9448201
32.835,open,11,11,60.251,1.42,261.0,0,11,0,87,2.538,2.876,9451097
32.845,open,12,11,57.931,1.905,258.0,0,12,0,87,2.879,2.067,9456889
32.855,open,12,11,54.922,2.46,255.0,0,12,0,87,3.037,2.326,9464129
32.865,open,12,11,54.922,2.46,255.0,0,12,0,87,3.037,2.326,9464129
32.876,open,12,11,54.922,2.46,255.0,0,12,0,87,3.037,2.326,9464129
32.886,open,12,11,50.679,3.263,251.0,0,12,0,87,3.291,2.686,9472817
32.896,open,13,11,47.489,3.631,248.0,0,13,0,87,3.805,2.868,9481505
32.906,open,13,11,47.489,3.631,248.0,0,13,0,87,3.805,2.868,9481505
32.916,open,13,11,47.489,3.631,248.0,0,13,0,87,3.805,2.868,9481505
32.926,open,13,11,46.52,3.646,247.0,0,13,0,87,3.885,3.209,9487297
32.936,open,14,11,45.164,2.704,246.0,0,14,0,87,4.309,3.464,9498881
32.946,open,14,11,45.164,2.704,246.0,0,14,0,87,4.309,3.464,9498881
32.956,open,14,11,45.164,2.704,246.0,0,14,0,87,4.309,3.464,9498881
32.966,open,14,11,47.212,6.535,248.0,0,14,0,87,4.122,3.447,9506121
32.977,open,15,11,46.168,3.291,247.0,0,15,0,87,4.516,3.612,9516257
32.987,open,15,11,46.009,2.787,247.0,0,15,0,87,4.532,3.612,9519153
32.997,open,15,11,46.009,2.787,247.0,0,15,0,87,4.532,3.612,9519153
33.007,open,15,11,46.009,2.787,247.0,0,15,0,87,4.532,3.612,9519153
33.017,open,15,11,47.346,3.176,248.0,0,15,0,87,4.404,3.266,9526393
33.027,open,16,11,48.509,3.088,249.0,0,15,0,87,4.585,3.188,9535081
33.037,open,16,11,49.479,3.378,250.0,0,16,0,87,4.495,3.336,9540873
33.047,open,16,11,49.479,3.378,250.0,0,16,0,87,4.495,3.336,9540873
33.057,open,16,11,49.479,3.378,250.0,0,16,0,87,4.495,3.336,9540873
33.068,open,16,11,49.804,2.464,250.0,0,16,0,87,4.466,3.416,9546665
33.078,open,16,11,51.045,2.643,252.0,0,16,0,87,4.357,3.331,9553905
33.088,open,17,11,51.413,1.668,252.0,0,17,0,87,4.596,3.331,9562593
33.098,open,17,11,51.413,1.668,252.0,0,17,0,87,4.596,3.331,9562593
33.108,open,17,11,51.413,1.668,252.0,0,17,0,87,4.596,3.331,9562593
33.118,open,17,11,55.467,7.464,256.0,0,17,0,87,4.26,3.396,9566937
33.128,open,17,11,55.404,4.458,256.0,0,17,0,87,4.265,3.326,9572729
33.138,open,18,11,55.636,1.631,256.0,0,17,0,87,4.497,3.327,9582865
33.148,open,18,11,56.07,1.628,257.0,0,18,0,87,4.463,3.459,9587209
33.158,open,18,11,56.07,1.628,257.0,0,18,0,87,4.463,3.459,9587209
33.168,open,18,11,56.07,1.628,257.0,0,18,0,87,4.463,3.459,9587209
33.178,open,18,11,56.911,1.946,257.0,0,18,0,87,4.397,3.381,9594449
33.188,open,18,11,57.225,2.087,258.0,0,18,0,87,4.372,3.314,9597345
33.199,open,19,11,58.396,1.761,259.0,0,18,0,87,4.523,3.314,9610377
33.209,open,19,11,58.677,1.882,259.0,0,19,0,87,4.501,3.438,9613273
33.219,open,19,11,58.677,1.882,259.0,0,19,0,87,4.501,3.438,9613273
33.229,open,19,11,58.009,1.99,259.0,0,19,0,87,4.553,3.585,9616169
33.239,open,19,11,56.522,1.924,257.0,0,19,0,87,4.673,3.509,9623409
33.249,open,20,11,53.296,2.392,254.0,0,20,0,87,5.216,3.509,9636441
33.259,open,20,11,52.841,2.431,253.0,0,20,0,87,5.261,3.438,9639337
33.270,open,20,11,52.841,2.431,253.0,0,20,0,87,5.261,3.438,9639337
33.280,open,20,11,55.181,6.992,256.0,0,20,0,87,5.038,4.126,9643681
33.290,open,20,11,54.05,4.639,255.0,0,20,0,87,5.144,4.192,9652369
33.300,open,20,11,52.671,2.623,253.0,0,20,0,87,5.278,4.32,9663953
33.310,open,21,11,52.684,1.755,253.0,0,21,0,87,5.541,4.441,9668297
33.320,open,21,11,52.684,1.755,253.0,0,21,0,87,5.541,4.441,9668297
33.330,open,21,11,51.548,1.754,252.0,0,21,0,87,5.663,4.441,9675537
33.340,open,21,11,51.104,1.733,252.0,0,21,0,87,5.712,4.658,9681329
33.350,open,21,11,50.639,1.016,251.0,0,21,0,87,5.765,4.32,9694361
33.360,disorder,21,11,50.409,0.971,251.0,0,23,0,87,6.067,4.441,9694361
33.371,recovery,20,10,48.824,1.299,249.0,0,24,1,88,6.548,4.783,9694361
33.381,recovery,18,10,46.507,1.692,247.0,0,26,1,88,7.472,4.432,9694361
33.391,recovery,13,10,44.747,1.238,245.0,0,30,1,88,9.319,4.432,9694361
33.401,recovery,10,10,44.611,0.452,245.0,0,32,1,88,9.971,4.665,9694361
33.411,recovery,10,10,44.611,0.452,245.0,0,32,1,88,9.971,4.665,9694361
33.421,open,10,10,44.664,0.695,245.0,0,10,0,88,3.112,5.063,9730561
33.431,open,10,10,44.164,0.775,245.0,0,10,0,88,3.148,3.889,9736353
33.441,open,10,10,44.042,0.781,245.0,0,10,0,88,3.156,3.371,9739249
33.451,open,10,10,44.042,0.781,245.0,0,10,0,88,3.156,3.371,9739249
33.461,open,11,10,45.544,4.246,246.0,0,11,0,88,3.357,2.73,9745041
33.472,open,11,10,45.108,3.218,246.0,0,11,0,88,3.39,2.716,9750833
33.482,open,11,10,44.621,3.239,245.0,0,11,0,88,3.427,2.811,9753729
33.492,open,11,10,44.621,3.239,245.0,0,11,0,88,3.427,2.811,9753729
33.502,open,12,10,44.981,2.526,245.0,0,11,0,88,3.708,2.581,9759521
33.512,open,12,10,45.12,2.172,246.0,0,12,0,88,3.697,2.764,9760969
33.522,open,12,10,45.697,1.725,246.0,0,12,0,88,3.65,2.753,9769657
33.532,open,12,10,45.697,1.725,246.0,0,12,0,88,3.65,2.753,9769657
33.542,open,12,10,45.697,1.725,246.0,0,12,0,88,3.65,2.753,9769657
33.552,open,13,10,45.958,1.195,246.0,0,13,0,88,3.932,2.943,9778345
33.562,open,13,10,45.958,1.195,246.0,0,13,0,88,3.932,2.943,9778345
33.573,open,13,10,46.779,1.739,247.0,0,13,0,88,3.863,2.869,9787033
33.583,open,13,10,46.779,1.739,247.0,0,13,0,88,3.863,2.869,9787033
33.593,open,13,10,46.779,1.739,247.0,0,13,0,88,3.863,2.869,9787033
33.603,open,14,10,48.154,2.8,249.0,0,13,0,88,4.041,2.728,9795721
33.613,open,14,10,48.154,2.8,249.0,0,13,0,88,4.041,2.728,9795721
33.623,open,14,10,51.327,4.228,252.0,0,14,0,88,3.792,2.821,9805857
33.633,open,14,10,51.327,4.228,252.0,0,14,0,88,3.792,2.821,9805857
33.643,open,14,10,51.327,4.228,252.0,0,14,0,88,3.792,2.821,9805857
33.653,open,14,10,51.876,4.267,252.0,0,14,0,88,3.751,2.703,9808753
33.663,open,15,10,52.775,3.959,253.0,0,15,0,88,3.951,2.703,9814545
33.673,open,15,10,53.615,3.723,254.0,0,15,0,88,3.889,2.849,9820337
33.683,open,15,10,54.398,3.454,255.0,0,15,0,88,3.833,2.845,9826129
33.694,open,15,10,54.398,3.454,255.0,0,15,0,88,3.833,2.845,9826129
33.704,open,15,10,54.398,3.454,255.0,0,15,0,88,3.833,2.845,9826129
33.714,open,16,10,54.059,1.967,255.0,0,15,0,88,4.114,2.911,9834817
33.724,open,16,10,53.907,3.809,254.0,0,16,0,88,4.126,3.052,9842057
33.734,open,16,10,53.223,3.192,254.0,0,16,0,88,4.179,3.049,9847849
33.744,open,16,10,53.223,3.192,254.0,0,16,0,88,4.179,3.049,9847849
33.754,open,16,10,53.223,3.192,254.0,0,16,0,88,4.179,3.049,9847849
33.764,open,16,10,53.248,1.382,254.0,0,16,0,88,4.177,3.256,9856537
33.774,open,17,10,53.278,1.347,254.0,0,17,0,88,4.435,3.477,9862329
33.784,disorder,17,10,53.426,1.408,254.0,0,19,0,88,4.683,3.331,9866673
33.795,recovery,17,8,53.426,1.408,254.0,0,19,1,89,4.683,3.331,9866673
33.805,recovery,17,8,53.426,1.408,254.0,0,19,1,89,4.683,3.331,9866673
33.815,recovery,14,8,50.901,1.698,251.0,0,22,1,89,5.735,3.26,9866673
33.825,recovery,11,8,50.411,0.971,251.0,0,24,1,89,6.618,3.477,9866673
33.835,open,8,8,49.058,0.924,250.0,0,8,0,89,2.267,3.261,9894185
33.845,open,8,8,49.058,0.924,250.0,0,8,0,89,2.267,3.261,9894185
33.855,open,8,8,48.254,1.096,249.0,0,8,0,89,2.305,3.508,9897081
33.865,open,8,8,48.283,0.88,249.0,0,8,0,89,2.303,3.041,9899977
33.875,open,9,8,47.241,1.081,248.0,0,9,0,89,2.648,2.113,9905769
33.886,open,9,8,47.241,1.081,248.0,0,9,0,89,2.648,2.113,9905769
33.896,open,9,8,46.486,1.235,247.0,0,9,0,89,2.691,2.249,9908665
33.906,open,9,8,45.826,1.362,246.0,0,9,0,89,2.73,2.249,9911561
33.916,open,9,8,45.248,1.464,246.0,0,9,0,89,2.765,2.249,9914457
33.926,open,10,8,44.895,1.506,245.0,0,10,0,89,3.096,2.185,9917353
33.936,open,10,8,46.036,4.37,247.0,0,10,0,89,3.02,2.458,9921697
33.946,open,10,8,45.432,4.384,246.0,0,10,0,89,3.06,2.53,9924593
33.956,open,10,8,44.904,4.344,245.0,0,10,0,89,3.096,2.53,9927489
33.966,open,10,8,44.445,4.177,245.0,0,10,0,89,3.128,2.458,9930385
33.976,open,11,8,45.868,5.552,246.0,0,11,0,89,3.334,2.649,9934729
33.987,open,11,8,45.684,5.077,246.0,0,11,0,89,3.347,2.811,9939073
33.997,open,11,8,45.124,4.927,246.0,0,11,0,89,3.389,2.811,9941969
34.007,open,11,8,44.787,4.37,245.0,0,11,0,89,3.414,2.73,9944865
34.017,open,11,8,44.787,4.37,245.0,0,11,0,89,3.414,2.73,9944865
34.027,open,12,8,45.104,3.089,246.0,0,12,0,89,3.698,2.767,9950657
34.037,open,12,8,45.342,2.313,246.0,0,12,0,89,3.679,2.901,9957897
34.047,open,12,8,44.99,2.329,245.0,0,12,0,89,3.708,2.996,9960793
34.057,open,12,8,44.99,2.329,245.0,0,12,0,89,3.708,2.996,9960793
34.067,open,13,8,44.402,2.288,245.0,0,13,0,89,4.07,2.767,9966585
34.078,open,13,8,45.476,2.946,246.0,0,13,0,89,3.974,3.0,9970929
34.088,open,13,8,45.561,2.38,246.0,0,13,0,89,3.966,3.012,9973825
34.098,open,13,8,47.189,3.875,248.0,0,13,0,89,3.829,2.865,9978169
34.108,open,13,8,47.189,3.875,248.0,0,13,0,89,3.829,2.865,9978169
34.118,open,14,8,47.776,3.195,248.0,0,13,0,89,4.073,2.799,9983961
34.128,open,14,8,49.713,4.871,250.0,0,14,0,89,3.915,2.891,9988305
34.138,open,14,8,50.4,3.891,251.0,0,14,0,89,3.861,2.891,9992649
34.148,open,14,8,50.762,3.642,251.0,0,14,0,89,3.834,2.826,9995545
34.158,open,14,8,50.762,3.642,251.0,0,14,0,89,3.834,2.826,9995545
34.168,open,14,8,53.758,6.596,254.0,0,14,0,89,3.62,2.763,9999889
34.179,open,14,8,53.853,5.136,254.0,0,14,0,89,3.614,2.762,10002785
34.189,disorder,15,8,54.798,3.651,255.0,0,15,0,89,3.805,2.699,10010025
34.199,disorder,15,8,54.798,3.651,255.0,0,15,0,89,3.805,2.699,10010025
34.209,recovery,12,7,55.182,2.759,256.0,0,15,1,90,3.779,2.642,10010025
34.219,recovery,12,7,55.182,2.759,256.0,0,15,1,90,3.779,2.642,10010025
34.229,recovery,10,7,56.867,2.592,257.0,0,18,1,90,4.155,2.543,10010025
34.239,recovery,9,7,56.997,2.205,257.0,0,18,1,90,4.39,2.4,10010025
34.249,recovery,7,7,57.771,1.435,258.0,0,21,1,90,4.812,2.547,10010025
34.259,open,7,7,58.05,1.633,259.0,0,7,0,90,1.676,2.537,10031745
34.270,open,7,7,58.05,1.633,259.0,0,7,0,90,1.676,2.537,10031745
34.280,open,7,7,57.794,1.646,258.0,0,7,0,90,1.684,2.152,10034641
34.290,open,7,7,58.176,1.998,259.0,0,7,0,90,1.673,1.763,10037537
34.300,open,8,7,56.844,2.268,257.0,0,8,0,90,1.956,1.371,10040433
34.310,open,8,7,56.844,2.268,257.0,0,8,0,90,1.956,1.371,10040433
34.320,open,8,7,56.844,2.268,257.0,0,8,0,90,1.956,1.371,10040433
34.330,open,8,7,57.288,4.892,258.0,0,8,0,90,1.941,1.513,10044777
34.340,open,8,7,54.933,5.17,255.0,0,8,0,90,2.024,1.717,10050569
34.350,open,8,7,54.933,5.17,255.0,0,8,0,90,2.024,1.717,10050569
34.361,open,8,7,54.933,5.17,255.0,0,8,0,90,2.024,1.717,10050569
34.371,open,9,7,57.917,9.846,258.0,0,9,0,90,2.16,1.674,10053465
34.381,open,9,7,55.49,8.785,256.0,0,9,0,90,2.255,1.717,10057809
34.391,open,9,7,53.006,8.855,254.0,0,9,0,90,2.36,1.962,10062153
34.401,open,9,7,53.006,8.855,254.0,0,9,0,90,2.36,1.962,10062153
34.411,open,9,7,53.006,8.855,254.0,0,9,0,90,2.36,1.962,10062153
34.421,open,10,7,51.673,7.211,252.0,0,10,0,90,2.69,2.207,10067945
34.431,open,10,7,51.07,5.06,252.0,0,10,0,90,2.722,1.961,10073737
34.441,open,10,7,50.742,4.45,251.0,0,10,0,90,2.739,2.152,10075185
34.451,open,10,7,50.742,4.45,251.0,0,10,0,90,2.739,2.152,10075185
34.462,open,10,7,50.742,4.45,251.0,0,10,0,90,2.739,2.152,10075185
34.472,open,11,7,50.801,2.326,251.0,0,11,0,90,3.01,2.277,10082425
34.482,open,11,7,50.819,1.782,251.0,0,11,0,90,3.009,2.274,10085321
34.492,open,11,7,50.834,1.365,251.0,0,11,0,90,3.008,2.274,10088217
34.502,open,11,7,50.834,1.365,251.0,0,11,0,90,3.008,2.274,10088217
34.512,open,11,7,50.834,1.365,251.0,0,11,0,90,3.008,2.274,10088217
34.522,open,11,7,55.287,7.807,256.0,0,11,0,90,2.766,2.122,10092561
34.532,disorder,12,7,55.407,4.598,256.0,0,13,0,90,3.011,2.076,10095457
34.542,recovery,9,6,56.034,2.437,257.0,0,14,1,91,3.473,2.0,10095457
34.552,recovery,9,6,56.034,2.437,257.0,0,14,1,91,3.473,2.0,10095457
34.563,recovery,9,6,56.034,2.437,257.0,0,14,1,91,3.473,2.0,10095457
34.573,recovery,9,6,56.034,2.437,257.0,0,14,1,91,3.473,2.0,10095457
34.583,recovery,6,6,57.015,1.947,258.0,0,15,2,92,3.657,1.8,10095457
34.593,recovery,6,6,57.397,1.798,258.0,0,17,2,92,3.875,1.956,10095457
34.603,recovery,6,6,57.92,1.831,258.0,0,11,1,92,2.4,1.784,10107041
34.613,recovery,6,6,57.92,1.831,258.0,0,11,1,92,2.4,1.784,10107041
34.623,recovery,6,6,57.92,1.831,258.0,0,11,1,92,2.4,1.784,10107041
34.633,recovery,6,6,57.92,1.831,258.0,0,11,1,92,2.4,1.784,10107041
34.643,recovery,6,6,57.051,1.647,258.0,0,14,1,93,3.167,0.978,10107041
34.654,recovery,6,6,57.009,1.32,258.0,0,15,1,93,3.414,0.955,10107041
34.664,recovery,6,6,56.973,1.062,257.0,0,16,1,93,3.66,0.991,10107041
34.674,recovery,6,6,56.973,1.062,257.0,0,16,1,93,3.66,0.991,10107041
34.684,recovery,6,6,56.973,1.062,257.0,0,16,1,93,3.66,0.991,10107041
34.694,recovery,6,6,56.973,1.062,257.0,0,16,1,93,3.66,0.991,10107041
34.704,open,6,6,58.259,2.428,259.0,0,6,0,93,1.432,1.144,10127313
34.714,open,6,6,58.259,2.428,259.0,0,6,0,93,1.432,1.144,10127313
34.724,open,6,6,58.725,2.752,259.0,0,6,0,93,1.42,1.144,10130209
34.734,open,6,6,58.725,2.752,259.0,0,6,0,93,1.42,1.144,10130209
34.744,open,6,6,58.725,2.752,259.0,0,6,0,93,1.42,1.144,10130209
34.754,open,6,6,58.725,2.752,259.0,0,6,0,93,1.42,1.144,10130209
34.764,open,7,6,59.593,3.006,260.0,0,7,0,93,1.633,0.938,10134553
34.774,open,7,6,59.593,3.006,260.0,0,7,0,93,1.633,0.938,10134553
34.785,open,7,6,61.561,4.658,262.0,0,7,0,93,1.581,1.125,10138897
34.795,open,7,6,61.561,4.658,262.0,0,7,0,93,1.581,1.125,10138897
34.805,open,7,6,61.561,4.658,262.0,0,7,0,93,1.581,1.125,10138897
34.815,open,7,6,61.561,4.658,262.0,0,7,0,93,1.581,1.125,10138897
34.825,open,8,6,61.215,3.181,262.0,0,8,0,93,1.817,1.313,10144689
34.835,open,8,6,60.991,2.833,261.0,0,8,0,93,1.823,1.339,10147585
34.845,open,8,6,60.991,2.833,261.0,0,8,0,93,1.823,1.339,10147585
34.855,open,8,6,60.991,2.833,261.0,0,8,0,93,1.823,1.339,10147585
34.865,open,8,6,61.844,9.034,262.0,0,8,0,93,1.798,1.364,10151929
34.876,open,9,6,58.267,9.358,259.0,0,9,0,93,2.147,1.528,10156273
34.886,open,9,6,56.292,9.56,257.0,0,9,0,93,2.222,1.559,10159169
34.896,open,9,6,56.292,9.56,257.0,0,9,0,93,2.222,1.559,10159169
34.906,open,9,6,56.292,9.56,257.0,0,9,0,93,2.222,1.559,10159169
34.916,open,10,6,50.968,9.076,251.0,0,10,0,93,2.727,2.266,10169305
34.926,open,10,6,50.343,8.056,251.0,0,10,0,93,2.761,2.268,10172201
34.936,open,10,6,50.343,8.056,251.0,0,10,0,93,2.761,2.268,10172201
34.946,open,10,6,50.343,8.056,251.0,0,10,0,93,2.761,2.268,10172201
34.956,open,11,6,46.854,6.879,247.0,0,11,0,93,3.264,2.655,10183785
34.966,open,11,6,46.301,6.264,247.0,0,11,0,93,3.302,2.52,10186681
34.977,open,11,6,46.301,6.264,247.0,0,11,0,93,3.302,2.52,10186681
34.987,open,11,6,46.301,6.264,247.0,0,11,0,93,3.302,2.52,10186681
34.997,open,12,6,44.504,4.114,245.0,0,12,0,93,3.748,2.73,10198265
35.007,open,12,6,44.247,3.6,245.0,0,12,0,93,3.77,3.002,10199713
35.017,open,12,6,44.021,3.151,245.0,0,12,0,93,3.789,3.002,10202609
35.027,open,12,6,44.021,3.151,245.0,0,12,0,93,3.789,3.002,10202609
35.037,open,12,6,43.491,2.127,244.0,0,12,0,93,3.835,3.004,10211297
35.047,open,13,6,43.541,1.768,244.0,0,13,0,93,4.15,3.187,10217089
35.057,open,13,6,43.854,1.952,244.0,0,13,0,93,4.121,3.019,10219985
35.068,open,13,6,43.854,1.952,244.0,0,13,0,93,4.121,3.019,10219985
35.078,open,13,6,43.854,1.952,244.0,0,13,0,93,4.121,3.019,10219985
35.088,open,13,6,45.28,2.482,246.0,0,13,0,93,3.991,2.938,10231569
35.098,open,14,6,45.54,2.383,246.0,0,13,0,93,4.273,2.935,10234465
35.108,open,14,6,47.855,4.948,248.0,0,14,0,93,4.067,3.026,10238809
35.118,open,14,6,47.855,4.948,248.0,0,14,0,93,4.067,3.026,10238809
35.128,open,14,6,47.855,4.948,248.0,0,14,0,93,4.067,3.026,10238809
35.138,open,14,6,49.662,4.8,250.0,0,14,0,93,3.919,2.825,10247497
35.148,open,15,6,50.512,4.172,251.0,0,15,0,93,4.128,2.827,10253289
35.158,open,15,6,51.315,3.779,252.0,0,15,0,93,4.063,2.975,10259081
35.168,open,15,6,51.315,3.779,252.0,0,15,0,93,4.063,2.975,10259081
35.178,open,15,6,51.315,3.779,252.0,0,15,0,93,4.063,2.975,10259081
35.189,disorder,15,6,52.079,3.449,253.0,0,16,0,93,4.004,2.607,10263425
35.199,recovery,12,7,53.139,2.038,254.0,0,19,1,94,4.709,2.919,10263425
35.209,recovery,12,7,53.139,2.038,254.0,0,19,1,94,4.709,2.919,10263425
35.219,recovery,10,7,54.907,3.013,255.0,0,21,1,94,5.063,2.797,10263425
35.229,recovery,10,7,54.907,3.013,255.0,0,21,1,94,5.063,2.797,10263425
35.239,recovery,10,7,54.907,3.013,255.0,0,21,1,94,5.063,2.797,10263425
35.249,recovery,7,7,56.919,3.642,257.0,0,22,1,94,5.373,2.687,10263425
35.259,open,7,7,57.652,2.524,258.0,0,7,0,94,1.688,2.486,10290937
35.269,open,7,7,57.652,2.524,258.0,0,7,0,94,1.688,2.486,10290937
35.279,open,7,7,57.588,2.022,258.0,0,7,0,94,1.69,1.998,10293833
35.289,open,7,7,57.588,2.022,258.0,0,7,0,94,1.69,1.998,10293833
35.299,open,7,7,57.588,2.022,258.0,0,7,0,94,1.69,1.998,10293833
35.310,open,8,7,56.981,1.649,257.0,0,8,0,94,1.952,1.45,10301073
35.320,open,8,7,56.981,1.649,257.0,0,8,0,94,1.952,1.45,10301073
35.330,open,8,7,56.379,1.747,257.0,0,8,0,94,1.972,1.482,10303969
35.340,open,8,7,56.379,1.747,257.0,0,8,0,94,1.972,1.482,10303969
35.350,open,9,7,52.18,2.602,253.0,0,9,0,94,2.398,1.736,10311209
35.360,open,9,7,52.18,2.602,253.0,0,9,0,94,2.398,1.736,10311209
35.370,open,9,7,51.203,3.118,252.0,0,9,0,94,2.443,1.776,10315553
35.381,open,9,7,51.203,3.118,252.0,0,9,0,94,2.443,1.776,10315553
35.391,open,10,7,48.867,3.5,249.0,0,10,0,94,2.845,2.186,10321345
35.401,open,10,7,48.227,3.551,249.0,0,10,0,94,2.882,2.391,10324241
35.411,open,10,7,47.351,3.659,248.0,0,10,0,94,2.936,2.529,10327137
35.421,open,10,7,47.351,3.659,248.0,0,10,0,94,2.936,2.529,10327137
35.431,open,10,7,47.417,6.726,248.0,0,10,0,94,2.932,2.527,10334377
35.442,open,11,7,46.371,5.639,247.0,0,11,0,94,3.297,2.723,10338721
35.452,open,11,7,45.727,5.518,246.0,0,11,0,94,3.344,2.81,10341617
35.462,open,11,7,45.727,5.518,246.0,0,11,0,94,3.344,2.81,10341617
35.472,open,11,7,45.058,4.222,246.0,0,11,0,94,3.394,2.529,10347409
35.482,open,12,7,44.441,2.712,245.0,0,12,0,94,3.753,2.929,10354649
35.492,open,12,7,44.621,2.394,245.0,0,12,0,94,3.738,2.777,10357545
35.502,open,12,7,44.621,2.394,245.0,0,12,0,94,3.738,2.777,10357545
35.512,open,12,7,44.195,2.425,245.0,0,12,0,94,3.774,3.018,10360441
35.522,open,13,7,43.268,1.513,244.0,0,13,0,94,4.176,3.195,10372025
35.532,open,13,7,43.268,1.513,244.0,0,13,0,94,4.176,3.195,10372025
35.543,open,13,7,43.315,1.227,244.0,0,13,0,94,4.172,3.03,10374921
35.553,open,13,7,43.315,1.227,244.0,0,13,0,94,4.172,3.03,10374921
35.563,open,13,7,43.598,0.856,244.0,0,13,0,94,4.145,3.005,10386505
35.573,open,14,7,43.902,1.089,244.0,0,14,0,94,4.433,3.36,10390849
35.583,open,14,7,44.025,1.062,245.0,0,14,0,94,4.42,3.355,10393745
35.593,open,14,7,44.025,1.062,245.0,0,14,0,94,4.42,3.355,10393745
35.603,open,14,7,44.435,1.617,245.0,0,14,0,94,4.38,3.183,10396641
35.613,open,15,7,45.776,2.365,246.0,0,14,0,94,4.555,3.342,10408225
35.623,open,15,7,46.119,2.459,247.0,0,15,0,94,4.521,3.342,10411121
35.633,open,15,7,46.712,3.031,247.0,0,15,0,94,4.464,3.188,10414017
35.643,open,15,7,46.712,3.031,247.0,0,15,0,94,4.464,3.188,10414017
35.653,open,15,7,46.712,3.031,247.0,0,15,0,94,4.464,3.188,10414017
35.663,open,15,7,49.434,4.509,250.0,0,15,0,94,4.218,3.043,10425601
35.673,open,16,7,50.339,4.104,251.0,0,15,0,94,4.418,3.043,10431393
35.684,open,16,7,50.339,4.104,251.0,0,15,0,94,4.418,3.043,10431393
35.694,open,16,7,53.321,6.953,254.0,0,16,0,94,4.171,3.119,10435737
35.704,open,16,7,53.321,6.953,254.0,0,16,0,94,4.171,3.119,10435737
35.714,open,16,7,53.933,6.439,254.0,0,16,0,94,4.124,2.984,10438633
35.724,open,16,7,55.706,4.349,256.0,0,16,0,94,3.993,2.984,10450217
35.734,open,17,7,56.019,3.888,257.0,0,17,0,94,4.218,2.985,10453113
35.744,open,17,7,56.019,3.888,257.0,0,17,0,94,4.218,2.985,10453113
35.754,open,17,7,56.969,3.874,257.0,0,17,0,94,4.148,3.057,10458905
35.764,open,17,7,56.969,3.874,257.0,0,17,0,94,4.148,3.057,10458905
35.774,open,17,7,56.969,3.874,257.0,0,17,0,94,4.148,3.057,10458905
35.784,open,17,7,58.986,3.851,259.0,0,17,0,94,4.006,2.998,10470489
35.794,open,17,7,59.808,3.632,260.0,0,17,0,94,3.951,2.938,10476281
35.804,open,17,7,59.808,3.632,260.0,0,17,0,94,3.951,2.938,10476281
35.814,open,18,7,63.04,5.414,264.0,0,18,0,94,3.969,3.059,10483521
35.825,open,18,7,63.04,5.414,264.0,0,18,0,94,3.969,3.059,10483521
35.835,disorder,18,7,58.863,5.761,259.0,0,19,0,94,4.251,2.998,10492209
35.845,recovery,16,9,56.054,5.118,257.0,0,21,1,95,4.96,2.938,10492209
35.855,recovery,15,9,53.799,5.357,254.0,0,22,1,95,5.426,2.938,10492209
35.865,recovery,13,9,51.228,4.823,252.0,0,24,1,95,6.241,3.059,10492209
35.875,recovery,11,9,48.724,4.99,249.0,0,25,1,95,7.132,3.476,10492209
35.885,open,9,9,46.165,3.492,247.0,0,9,0,95,2.71,3.781,10521169
35.895,open,9,9,47.092,4.472,248.0,0,9,0,95,2.657,3.697,10524065
35.905,open,9,9,46.509,4.478,247.0,0,9,0,95,2.69,3.129,10526961
35.915,open,9,9,46.509,4.478,247.0,0,9,0,95,2.69,3.129,10526961
35.925,open,10,9,45.451,4.303,246.0,0,10,0,95,3.058,2.333,10532753
35.935,open,10,9,45.451,4.303,246.0,0,10,0,95,3.058,2.333,10532753
35.945,open,10,9,45.863,5.284,246.0,0,10,0,95,3.031,2.513,10539993
35.955,open,10,9,45.863,5.284,246.0,0,10,0,95,3.031,2.513,10539993
35.965,open,10,9,44.805,4.815,245.0,0,10,0,95,3.102,2.529,10545785
35.976,open,10,9,44.805,4.815,245.0,0,10,0,95,3.102,2.529,10545785
35.986,open,11,9,45.822,4.372,246.0,0,11,0,95,3.337,2.65,10554473
35.996,open,11,9,45.822,4.372,246.0,0,11,0,95,3.337,2.65,10554473
36.006,open,11,9,46.013,3.661,247.0,0,11,0,95,3.323,2.446,10557369
36.016,open,11,9,45.898,2.976,246.0,0,11,0,95,3.331,2.569,10560265
36.026,open,12,9,45.611,2.805,246.0,0,12,0,95,3.657,2.656,10563161
36.036,open,12,9,45.572,1.868,246.0,0,12,0,95,3.66,2.839,10568953
36.046,open,12,9,45.572,1.868,246.0,0,12,0,95,3.66,2.839,10568953
36.056,open,12,9,47.855,3.909,248.0,0,12,0,95,3.486,2.698,10576193
36.066,open,12,9,47.855,3.909,248.0,0,12,0,95,3.486,2.698,10576193
36.076,open,13,9,48.451,2.595,249.0,0,13,0,95,3.73,2.804,10583433
36.086,open,13,9,48.593,2.231,249.0,0,13,0,95,3.719,2.803,10586329
36.096,open,13,9,48.593,2.231,249.0,0,13,0,95,3.719,2.803,10586329
36.106,open,13,9,49.903,2.9,250.0,0,13,0,95,3.621,2.665,10593569
36.117,open,13,9,49.903,2.9,250.0,0,13,0,95,3.621,2.665,10593569
36.127,open,13,9,50.336,3.042,251.0,0,13,0,95,3.59,2.605,10596465
36.137,open,14,9,51.622,3.28,252.0,0,14,0,95,3.77,2.759,10605153
36.147,open,14,9,51.622,3.28,252.0,0,14,0,95,3.77,2.759,10605153
36.157,open,14,9,51.622,3.28,252.0,0,14,0,95,3.77,2.759,10605153
36.167,open,14,9,52.883,4.035,253.0,0,14,0,95,3.68,2.64,10610945
36.177,open,14,9,52.883,4.035,253.0,0,14,0,95,3.68,2.64,10610945
36.187,open,14,9,56.375,5.967,257.0,0,14,0,95,3.452,2.59,10618185
36.197,open,15,9,56.787,4.072,257.0,0,14,0,95,3.672,2.59,10623977
36.207,open,15,9,56.787,4.072,257.0,0,14,0,95,3.672,2.59,10623977
36.217,open,15,9,56.787,4.072,257.0,0,14,0,95,3.672,2.59,10623977
36.227,open,15,9,60.473,5.877,261.0,0,15,0,95,3.448,2.68,10631217
36.237,open,15,9,60.473,5.877,261.0,0,15,0,95,3.448,2.68,10631217
36.248,open,15,9,60.641,2.728,261.0,0,15,0,95,3.438,2.674,10638457
36.258,open,16,9,60.641,1.536,261.0,0,16,0,95,3.668,2.675,10644249
36.268,open,16,9,60.641,1.536,261.0,0,16,0,95,3.668,2.675,10644249
36.278,open,16,9,59.504,1.719,260.0,0,16,0,95,3.738,2.867,10650041
36.288,open,16,9,59.03,1.784,260.0,0,16,0,95,3.768,2.871,10652937
36.298,disorder,16,9,58.473,1.867,259.0,0,17,0,95,3.804,2.534,10654385
36.308,recovery,12,8,56.036,1.493,257.0,0,20,1,96,4.961,2.866,10654385
36.318,recovery,12,8,56.036,1.493,257.0,0,20,1,96,4.961,2.866,10654385
36.328,recovery,10,8,53.096,1.958,254.0,0,23,1,96,5.76,2.911,10654385
36.338,recovery,9,8,52.8,1.971,253.0,0,23,1,96,6.055,3.119,10654385
36.348,recovery,8,8,52.532,1.976,253.0,0,23,1,96,6.086,3.109,10654385
36.358,open,8,8,51.913,1.41,252.0,0,8,0,96,2.142,2.77,10683345
36.368,open,8,8,51.913,1.41,252.0,0,8,0,96,2.142,2.77,10683345
36.378,open,8,8,51.506,1.468,252.0,0,8,0,96,2.159,2.573,10686241
36.389,open,8,8,51.506,1.468,252.0,0,8,0,96,2.159,2.573,10686241
36.399,open,9,8,50.08,4.119,251.0,0,9,0,96,2.498,1.953,10694929
36.409,open,9,8,50.08,4.119,251.0,0,9,0,96,2.498,1.953,10694929
36.419,open,9,8,49.122,4.23,250.0,0,9,0,96,2.547,2.004,10697825
36.429,open,9,8,49.122,4.23,250.0,0,9,0,96,2.547,2.004,10697825
36.439,open,10,8,46.341,4.179,247.0,0,10,0,96,3.0,2.454,10707961
36.449,open,10,8,46.341,4.179,247.0,0,10,0,96,3.0,2.454,10707961
36.459,open,10,8,46.341,4.179,247.0,0,10,0,96,3.0,2.454,10707961
36.469,open,10,8,46.312,3.191,247.0,0,10,0,96,3.002,2.261,10710857
36.479,open,11,8,45.109,2.349,246.0,0,11,0,96,3.39,2.656,10720993
36.489,open,11,8,45.109,2.349,246.0,0,11,0,96,3.39,2.656,10720993
36.499,open,11,8,45.109,2.349,246.0,0,11,0,96,3.39,2.656,10720993
36.510,open,11,8,47.442,6.099,248.0,0,11,0,96,3.223,2.512,10725337
36.520,open,11,8,47.274,4.911,248.0,0,11,0,96,3.235,2.513,10728233
36.530,open,12,8,47.188,2.812,248.0,0,12,0,96,3.535,2.693,10736921
36.540,open,12,8,47.188,2.812,248.0,0,12,0,96,3.535,2.693,10736921
36.550,open,12,8,47.188,2.812,248.0,0,12,0,96,3.535,2.693,10736921
36.560,open,12,8,47.648,3.028,248.0,0,12,0,96,3.501,2.505,10739817
36.570,open,12,8,49.716,6.408,250.0,0,12,0,96,3.355,2.333,10742713
36.580,open,13,8,50.194,2.65,251.0,0,12,0,96,3.6,2.505,10752849
36.590,open,13,8,50.194,2.65,251.0,0,12,0,96,3.6,2.505,10752849
36.600,open,13,8,50.194,2.65,251.0,0,12,0,96,3.6,2.505,10752849
36.611,open,13,8,53.854,7.224,254.0,0,13,0,96,3.356,2.605,10757193
36.621,open,13,8,53.854,7.224,254.0,0,13,0,96,3.356,2.605,10757193
36.631,open,13,8,54.626,4.197,255.0,0,13,0,96,3.308,2.492,10764433
36.641,open,13,8,54.771,3.439,255.0,0,13,0,96,3.299,2.492,10767329
36.651,open,13,8,54.771,3.439,255.0,0,13,0,96,3.299,2.492,10767329
36.661,open,13,8,54.771,3.439,255.0,0,13,0,96,3.299,2.492,10767329
36.671,recovery,11,7,58.906,5.014,259.0,0,15,1,97,3.304,2.303,10768777
36.681,recovery,11,7,58.906,5.014,259.0,0,15,1,97,3.304,2.303,10768777
36.691,recovery,7,7,58.021,1.354,259.0,0,18,1,97,4.073,2.4,10768777
36.701,recovery,7,7,58.021,1.354,259.0,0,18,1,97,4.073,2.4,10768777
36.711,recovery,7,7,58.021,1.354,259.0,0,18,1,97,4.073,2.4,10768777
36.722,recovery,7,7,58.021,1.354,259.0,0,18,1,97,4.073,2.4,10768777
36.732,recovery,7,7,58.633,1.424,259.0,0,9,1,98,1.897,1.92,10786153
36.742,recovery,7,7,58.455,1.424,259.0,0,10,1,98,2.14,1.8,10786153
36.752,recovery,7,7,57.812,1.496,258.0,0,12,1,98,2.645,1.2,10786153
36.762,recovery,7,7,57.812,1.496,258.0,0,12,1,98,2.645,1.2,10786153
36.772,recovery,7,7,57.812,1.496,258.0,0,12,1,98,2.645,1.2,10786153
36.782,open,7,7,57.46,1.537,258.0,0,7,0,98,1.693,1.128,10794841
36.792,open,8,7,57.102,2.518,258.0,0,8,0,98,1.947,1.486,10803529
36.802,open,8,7,57.102,2.518,258.0,0,8,0,98,1.947,1.486,10803529
36.812,open,8,7,57.102,2.518,258.0,0,8,0,98,1.947,1.486,10803529
36.823,open,8,7,57.102,2.518,258.0,0,8,0,98,1.947,1.486,10803529
36.833,open,8,7,54.373,3.035,255.0,0,8,0,98,2.045,1.425,10807873
36.843,open,8,7,52.133,3.399,253.0,0,8,0,98,2.133,1.664,10813665
36.853,open,8,7,52.133,3.399,253.0,0,8,0,98,2.133,1.664,10813665
36.863,open,8,7,52.133,3.399,253.0,0,8,0,98,2.133,1.664,10813665
36.873,open,9,7,53.151,8.175,254.0,0,9,0,98,2.354,2.122,10818009
36.883,open,9,7,49.79,7.777,250.0,0,9,0,98,2.513,2.068,10825249
36.893,open,9,7,49.79,7.777,250.0,0,9,0,98,2.513,2.068,10825249
36.903,open,9,7,49.79,7.777,250.0,0,9,0,98,2.513,2.068,10825249
36.913,open,10,7,48.351,6.788,249.0,0,10,0,98,2.875,2.391,10831041
36.924,open,10,7,47.314,4.431,248.0,0,10,0,98,2.938,2.326,10838281
36.934,open,10,7,47.314,4.431,248.0,0,10,0,98,2.938,2.326,10838281
36.944,open,10,7,47.314,4.431,248.0,0,10,0,98,2.938,2.326,10838281
36.954,open,10,7,46.829,4.293,247.0,0,10,0,98,2.968,2.4,10841177
36.964,open,11,7,46.449,3.113,247.0,0,11,0,98,3.292,2.595,10845521
36.974,open,11,7,46.594,2.002,247.0,0,11,0,98,3.282,2.461,10851313
36.984,open,11,7,46.594,2.002,247.0,0,11,0,98,3.282,2.461,10851313
36.994,open,11,7,46.594,2.002,247.0,0,11,0,98,3.282,2.461,10851313
37.004,open,12,7,48.511,5.224,249.0,0,12,0,98,3.439,2.764,10861449
37.014,open,12,7,48.211,4.52,249.0,0,12,0,98,3.46,2.707,10864345
37.025,open,12,7,47.947,3.917,248.0,0,12,0,98,3.479,2.707,10867241
37.035,open,12,7,47.947,3.917,248.0,0,12,0,98,3.479,2.707,10867241
37.045,open,12,7,47.947,3.917,248.0,0,12,0,98,3.479,2.707,10867241
37.055,open,13,7,50.479,3.943,251.0,0,13,0,98,3.58,2.608,10878825
37.065,open,13,7,50.479,3.943,251.0,0,13,0,98,3.58,2.608,10878825
37.075,open,13,7,51.422,3.852,252.0,0,13,0,98,3.514,2.55,10884617
37.085,open,13,7,51.422,3.852,252.0,0,13,0,98,3.514,2.55,10884617
37.095,open,13,7,51.422,3.852,252.0,0,13,0,98,3.514,2.55,10884617
37.106,open,13,7,51.968,3.982,252.0,0,13,0,98,3.477,2.491,10887513
37.116,open,14,7,53.818,3.735,254.0,0,14,0,98,3.616,2.642,10897649
37.126,disorder,14,7,54.367,3.899,255.0,0,15,0,98,3.58,2.388,10897649
37.136,recovery,13,7,55.136,3.566,256.0,0,16,1,99,4.034,2.388,10897649
37.146,recovery,13,7,55.136,3.566,256.0,0,16,1,99,4.034,2.388,10897649
37.156,recovery,13,7,55.136,3.566,256.0,0,16,1,99,4.034,2.388,10897649
37.166,recovery,11,7,56.991,4.281,257.0,0,17,1,99,4.146,2.112,10897649
37.176,recovery,7,7,59.287,3.032,260.0,0,19,2,100,4.455,2.258,10897649
37.186,recovery,7,7,59.287,3.032,260.0,0,19,2,100,4.455,2.258,10897649
37.197,recovery,7,7,60.215,2.565,261.0,0,12,1,100,2.539,2.25,10912129
37.207,recovery,7,7,60.215,2.565,261.0,0,12,1,100,2.539,2.25,10912129
37.217,recovery,7,7,60.215,2.565,261.0,0,12,1,100,2.539,2.25,10912129
37.227,open,7,7,57.7,2.862,258.0,0,7,0,100,1.686,1.317,10925161
37.237,open,7,7,57.7,2.862,258.0,0,7,0,100,1.686,1.317,10925161
37.247,open,7,7,57.184,2.901,258.0,0,7,0,100,1.702,1.292,10928057
37.257,open,7,7,57.184,2.901,258.0,0,7,0,100,1.702,1.292,10928057
37.267,open,7,7,57.184,2.901,258.0,0,7,0,100,1.702,1.292,10928057
37.277,open,7,7,57.184,2.901,258.0,0,7,0,100,1.702,1.292,10928057
37.288,open,8,7,60.728,8.243,261.0,0,8,0,100,1.831,1.45,10933849
37.298,open,8,7,62.221,9.169,263.0,0,8,0,100,1.787,1.247,10936745
37.308,open,8,7,61.56,8.199,262.0,0,8,0,100,1.806,1.424,10938193
37.318,open,8,7,61.56,8.199,262.0,0,8,0,100,1.806,1.424,10938193
37.328,disorder,8,7,60.082,8.312,261.0,0,9,0,100,1.851,1.221,10938193
37.338,recovery,6,4,56.827,7.715,257.0,0,10,1,101,2.446,1.45,10938193
37.348,recovery,5,4,55.267,7.004,256.0,0,11,1,101,2.767,1.455,10938193
37.358,recovery,4,4,54.7,6.387,255.0,0,11,1,101,2.795,1.424,10938193
37.369,recovery,4,4,54.7,6.387,255.0,0,11,1,101,2.795,1.424,10938193
37.379,open,4,4,52.413,6.2,253.0,0,4,0,101,1.061,1.63,10952673
37.389,open,4,4,52.413,6.2,253.0,0,4,0,101,1.061,1.63,10952673
37.399,open,4,4,52.413,6.2,253.0,0,4,0,101,1.061,1.63,10952673
37.409,open,4,4,52.413,6.2,253.0,0,4,0,101,1.061,1.63,10952673
37.419,open,4,4,54.797,9.419,255.0,0,4,0,101,1.015,0.96,10955569
37.429,open,5,4,53.402,9.474,254.0,0,5,0,101,1.302,0.981,10958465
37.439,open,5,4,53.402,9.474,254.0,0,5,0,101,1.302,0.981,10958465
37.449,open,5,4,53.402,9.474,254.0,0,5,0,101,1.302,0.981,10958465
37.459,open,5,4,53.402,9.474,254.0,0,5,0,101,1.302,0.981,10958465
37.469,open,6,4,51.118,9.244,252.0,0,6,0,101,1.632,1.061,10964257
37.479,open,6,4,51.118,9.244,252.0,0,6,0,101,1.632,1.061,10964257
37.490,open,6,4,51.118,9.244,252.0,0,6,0,101,1.632,1.061,10964257
37.500,open,6,4,51.118,9.244,252.0,0,6,0,101,1.632,1.061,10964257
37.510,open,6,4,51.686,13.685,252.0,0,6,0,101,1.614,1.327,10971497
37.520,open,6,4,51.686,13.685,252.0,0,6,0,101,1.614,1.327,10971497
37.530,open,6,4,51.686,13.685,252.0,0,6,0,101,1.614,1.327,10971497
37.540,open,6,4,51.686,13.685,252.0,0,6,0,101,1.614,1.327,10971497
37.550,open,7,4,51.538,12.878,252.0,0,7,0,101,1.888,1.592,10980185
37.560,open,7,4,51.538,12.878,252.0,0,7,0,101,1.888,1.592,10980185
37.570,open,7,4,51.538,12.878,252.0,0,7,0,101,1.888,1.592,10980185
37.580,open,7,4,51.538,12.878,252.0,0,7,0,101,1.888,1.592,10980185
37.590,open,8,4,50.859,11.018,251.0,0,8,0,101,2.187,1.508,10983081
37.601,open,8,4,50.16,7.448,251.0,0,8,0,101,2.217,1.714,10988873
37.611,open,8,4,50.16,7.448,251.0,0,8,0,101,2.217,1.714,10988873
37.621,open,8,4,50.16,7.448,251.0,0,8,0,101,2.217,1.714,10988873
37.631,open,8,4,50.16,7.448,251.0,0,8,0,101,2.217,1.714,10988873
37.641,open,8,4,55.055,15.376,256.0,0,8,0,101,2.02,0.908,10990321
37.651,open,9,4,53.838,6.415,254.0,0,9,0,101,2.324,1.78,11000457
37.661,open,9,4,53.838,6.415,254.0,0,9,0,101,2.324,1.78,11000457
37.671,open,9,4,53.838,6.415,254.0,0,9,0,101,2.324,1.78,11000457
37.681,open,9,4,53.838,6.415,254.0,0,9,0,101,2.324,1.78,11000457
37.691,open,9,4,53.838,6.415,254.0,0,9,0,101,2.324,1.78,11000457
37.701,open,10,4,55.009,4.381,256.0,0,9,0,101,2.527,1.628,11007697
37.711,open,10,4,55.894,3.957,256.0,0,10,0,101,2.487,1.791,11013489
37.721,open,10,4,55.894,3.957,256.0,0,10,0,101,2.487,1.791,11013489
37.732,open,10,4,55.894,3.957,256.0,0,10,0,101,2.487,1.791,11013489
37.742,open,10,4,55.894,3.957,256.0,0,10,0,101,2.487,1.791,11013489
37.752,open,10,4,55.894,3.957,256.0,0,10,0,101,2.487,1.791,11013489
37.762,open,10,4,57.192,3.611,258.0,0,10,0,101,2.431,1.754,11020729
37.772,open,11,4,57.695,2.904,258.0,0,10,0,101,2.65,1.757,11026521
37.782,open,11,4,57.695,2.904,258.0,0,10,0,101,2.65,1.757,11026521
37.792,open,11,4,57.695,2.904,258.0,0,10,0,101,2.65,1.757,11026521
37.802,open,11,4,57.695,2.904,258.0,0,10,0,101,2.65,1.757,11026521
37.812,open,11,4,60.818,11.254,261.0,0,11,0,101,2.514,1.99,11033761
37.822,open,12,4,58.483,8.322,259.0,0,12,0,101,2.852,1.952,11041001
37.833,open,12,4,58.483,8.322,259.0,0,12,0,101,2.852,1.952,11041001
37.843,open,12,4,58.483,8.322,259.0,0,12,0,101,2.852,1.952,11041001
37.853,open,12,4,56.432,8.575,257.0,0,12,0,101,2.956,1.263,11043897
37.863,open,13,4,51.269,8.467,252.0,0,13,0,101,3.525,2.603,11055481
37.873,open,13,4,50.459,7.97,251.0,0,13,0,101,3.581,2.603,11058377
37.883,open,13,4,50.459,7.97,251.0,0,13,0,101,3.581,2.603,11058377
37.893,open,13,4,49.311,8.008,250.0,0,13,0,101,3.665,3.303,11061273
37.903,open,13,4,47.061,6.76,248.0,0,13,0,101,3.84,3.189,11069961
37.913,open,14,4,45.97,4.436,246.0,0,14,0,101,4.233,3.362,11077201
37.923,open,14,4,45.97,4.436,246.0,0,14,0,101,4.233,3.362,11077201
37.933,open,14,4,45.644,3.979,246.0,0,14,0,101,4.264,3.473,11080097
37.943,open,14,4,44.489,3.414,245.0,0,14,0,101,4.374,3.544,11088785
37.953,open,15,4,44.018,2.311,245.0,0,15,0,101,4.737,3.711,11097473
37.963,open,15,4,44.018,2.311,245.0,0,15,0,101,4.737,3.711,11097473
37.973,open,15,4,44.018,2.311,245.0,0,15,0,101,4.737,3.711,11097473
37.984,open,15,4,44.209,1.631,245.0,0,15,0,101,4.716,3.617,11103265
37.994,open,15,4,44.49,0.888,245.0,0,15,0,101,4.687,3.611,11114849
38.004,open,16,4,45.006,1.353,246.0,0,16,0,101,4.942,3.767,11119193
38.014,open,16,4,45.006,1.353,246.0,0,16,0,101,4.942,3.767,11119193
38.024,open,16,4,44.992,1.043,245.0,0,16,0,101,4.943,3.87,11122089
38.034,open,16,4,45.355,0.986,246.0,0,16,0,101,4.904,3.769,11130777
38.044,open,17,4,45.784,0.976,246.0,0,17,0,101,5.161,3.924,11142361
38.054,open,17,4,45.784,0.976,246.0,0,17,0,101,5.161,3.924,11142361
38.064,open,17,4,45.784,0.976,246.0,0,17,0,101,5.161,3.924,11142361
38.074,open,17,4,45.784,0.976,246.0,0,17,0,101,5.161,3.924,11142361
38.084,open,17,4,47.578,3.043,248.0,0,17,0,101,4.967,3.644,11151049
38.094,open,17,4,48.94,2.739,249.0,0,17,0,101,4.829,3.643,11162633
38.104,open,18,4,49.332,2.839,250.0,0,17,0,101,5.072,3.559,11165529
38.115,open,18,4,49.332,2.839,250.0,0,17,0,101,5.072,3.559,11165529
38.125,open,18,4,49.332,2.839,250.0,0,17,0,101,5.072,3.559,11165529
38.135,open,18,4,54.725,9.935,255.0,0,18,0,101,4.572,3.383,11169873
38.145,disorder,18,4,56.018,4.723,257.0,0,19,0,101,4.467,3.251,11178561
38.155,recovery,15,9,56.378,1.534,257.0,0,22,1,102,5.178,3.264,11178561
38.165,recovery,15,9,56.378,1.534,257.0,0,22,1,102,5.178,3.264,11178561
38.175,recovery,15,9,56.378,1.534,257.0,0,22,1,102,5.178,3.264,11178561
38.185,recovery,15,9,56.378,1.534,257.0,0,22,1,102,5.178,3.264,11178561
38.195,recovery,13,9,58.072,2.878,259.0,0,24,1,102,5.506,3.199,11178561
38.205,recovery,9,9,59.681,2.17,260.0,0,26,1,102,6.056,3.199,11178561
38.215,open,9,9,60.048,1.256,261.0,0,9,0,102,2.083,3.037,11210417
38.226,open,9,9,60.048,1.256,261.0,0,9,0,102,2.083,3.037,11210417
38.236,open,9,9,60.048,1.256,261.0,0,9,0,102,2.083,3.037,11210417
38.246,open,9,9,60.048,1.256,261.0,0,9,0,102,2.083,3.037,11210417
38.256,open,9,9,59.08,1.418,260.0,0,9,0,102,2.118,2.07,11216209
38.266,open,10,9,56.53,1.905,257.0,0,10,0,102,2.459,1.822,11223449
38.276,open,10,9,56.53,1.905,257.0,0,10,0,102,2.459,1.822,11223449
38.286,open,10,9,56.53,1.905,257.0,0,10,0,102,2.459,1.822,11223449
38.296,open,10,9,56.53,1.905,257.0,0,10,0,102,2.459,1.822,11223449
38.306,open,10,9,53.888,2.37,254.0,0,10,0,102,2.58,2.087,11232137
38.317,open,11,9,53.048,2.431,254.0,0,11,0,102,2.882,2.329,11236481
38.327,open,11,9,53.048,2.431,254.0,0,11,0,102,2.882,2.329,11236481
38.337,open,11,9,53.048,2.431,254.0,0,11,0,102,2.882,2.329,11236481
38.347,open,11,9,55.101,8.958,256.0,0,11,0,102,2.775,2.387,11240825
38.357,open,12,9,51.147,7.656,252.0,0,12,0,102,3.261,2.562,11252409
38.367,open,12,9,51.147,7.656,252.0,0,12,0,102,3.261,2.562,11252409
38.377,open,12,9,51.147,7.656,252.0,0,12,0,102,3.261,2.562,11252409
38.387,open,12,9,51.147,7.656,252.0,0,12,0,102,3.261,2.562,11252409
38.397,open,12,9,49.399,4.823,250.0,0,12,0,102,3.377,2.764,11262545
38.407,open,13,9,48.728,2.988,249.0,0,13,0,102,3.709,2.938,11269785
38.417,open,13,9,48.728,2.988,249.0,0,13,0,102,3.709,2.938,11269785
38.427,open,13,9,48.728,2.988,249.0,0,13,0,102,3.709,2.938,11269785
38.437,open,13,9,47.391,3.132,248.0,0,13,0,102,3.813,3.097,11275577
38.448,open,14,9,45.913,2.221,246.0,0,14,0,102,4.239,3.182,11288609
38.458,open,14,9,45.913,2.221,246.0,0,14,0,102,4.239,3.182,11288609
38.468,open,14,9,45.913,2.221,246.0,0,14,0,102,4.239,3.182,11288609
38.478,open,14,9,45.927,1.693,246.0,0,14,0,102,4.237,3.272,11291505
38.488,open,14,9,45.598,1.083,246.0,0,14,0,102,4.268,3.36,11301641
38.498,open,15,9,45.772,1.001,246.0,0,15,0,102,4.555,3.518,11308881
38.508,open,15,9,45.772,1.001,246.0,0,15,0,102,4.555,3.518,11308881
38.518,open,15,9,45.772,1.001,246.0,0,15,0,102,4.555,3.518,11308881
38.528,open,15,9,46.119,1.445,247.0,0,15,0,102,4.521,3.34,11311777
38.538,open,15,9,47.435,1.871,248.0,0,15,0,102,4.396,3.34,11324809
38.548,open,16,9,47.829,1.776,248.0,0,16,0,102,4.65,3.498,11330601
38.558,open,16,9,47.829,1.776,248.0,0,16,0,102,4.65,3.498,11330601
38.568,open,16,9,47.829,1.776,248.0,0,16,0,102,4.65,3.498,11330601
38.578,open,16,9,47.829,1.776,248.0,0,16,0,102,4.65,3.498,11330601
38.589,open,16,9,50.431,4.661,251.0,0,16,0,102,4.41,3.119,11339289
38.599,open,16,9,52.748,4.512,253.0,0,16,0,102,4.216,3.119,11349425
38.609,open,17,9,53.117,4.121,254.0,0,16,0,102,4.449,3.12,11352321
38.619,open,17,9,53.117,4.121,254.0,0,16,0,102,4.449,3.12,11352321
38.629,open,17,9,53.117,4.121,254.0,0,16,0,102,4.449,3.12,11352321
38.639,open,17,9,57.72,10.172,258.0,0,17,0,102,4.094,3.32,11356665
38.649,open,17,9,57.886,4.542,258.0,0,17,0,102,4.082,3.183,11365353
38.659,open,18,9,58.658,2.461,259.0,0,18,0,102,4.266,3.118,11375489
38.669,open,18,9,58.658,2.461,259.0,0,18,0,102,4.266,3.118,11375489
38.679,open,18,9,58.658,2.461,259.0,0,18,0,102,4.266,3.118,11375489
38.689,open,18,9,58.658,2.461,259.0,0,18,0,102,4.266,3.118,11375489
38.699,open,18,9,59.408,2.766,260.0,0,18,0,102,4.212,3.191,11381281
38.709,open,18,9,59.959,2.509,260.0,0,18,0,102,4.173,3.189,11387073
38.719,recovery,15,9,59.881,1.026,260.0,0,21,1,103,4.875,3.068,11389969
38.730,recovery,15,9,60.098,1.204,261.0,0,22,1,103,4.857,3.196,11389969
38.740,recovery,15,9,60.098,1.204,261.0,0,22,1,103,4.857,3.196,11389969
38.750,recovery,15,9,60.098,1.204,261.0,0,22,1,103,4.857,3.196,11389969
38.760,recovery,13,9,58.993,1.279,259.0,0,24,1,103,5.42,3.191,11389969
38.770,recovery,9,9,58.089,0.656,259.0,0,27,1,103,6.222,3.315,11389969
38.780,open,9,9,57.683,0.595,258.0,0,9,0,103,2.169,2.82,11421825
38.790,open,9,9,57.683,0.595,258.0,0,9,0,103,2.169,2.82,11421825
38.800,open,9,9,57.683,0.595,258.0,0,9,0,103,2.169,2.82,11421825
38.810,open,9,9,54.848,1.257,255.0,0,9,0,103,2.281,2.197,11427617
38.820,open,10,9,50.484,2.197,251.0,0,10,0,103,2.753,1.949,11434857
38.830,open,10,9,50.484,2.197,251.0,0,10,0,103,2.753,1.949,11434857
38.840,open,10,9,50.484,2.197,251.0,0,10,0,103,2.753,1.949,11434857
38.851,open,10,9,48.329,2.591,249.0,0,10,0,103,2.876,2.514,11440649
38.861,open,11,9,46.375,2.826,247.0,0,11,0,103,3.297,2.743,11447889
38.871,open,11,9,46.375,2.826,247.0,0,11,0,103,3.297,2.743,11447889
38.881,open,11,9,46.375,2.826,247.0,0,11,0,103,3.297,2.743,11447889
38.891,open,11,9,48.104,7.553,249.0,0,11,0,103,3.179,2.804,11452233
38.901,open,12,9,46.311,4.577,247.0,0,12,0,103,3.602,2.892,11463817
38.911,open,12,9,46.311,4.577,247.0,0,12,0,103,3.602,2.892,11463817
38.921,open,12,9,46.311,4.577,247.0,0,12,0,103,3.602,2.892,11463817
38.931,open,12,9,45.828,4.398,246.0,0,12,0,103,3.64,3.002,11466713
38.941,open,12,9,45.527,3.349,246.0,0,12,0,103,3.664,2.922,11476849
38.952,open,13,9,45.51,2.171,246.0,0,13,0,103,3.971,3.097,11481193
38.962,open,13,9,45.51,2.171,246.0,0,13,0,103,3.971,3.097,11481193
38.972,open,13,9,45.423,1.802,246.0,0,13,0,103,3.978,3.102,11484089
38.982,open,13,9,45.654,1.814,246.0,0,13,0,103,3.958,2.94,11486985
38.992,open,14,9,46.401,1.459,247.0,0,13,0,103,4.194,2.948,11497121
39.002,open,14,9,46.798,1.889,247.0,0,14,0,103,4.159,3.113,11500017
39.012,open,14,9,46.798,1.889,247.0,0,14,0,103,4.159,3.113,11500017
39.022,open,14,9,47.316,2.453,248.0,0,14,0,103,4.113,2.956,11502913
39.032,open,14,9,47.614,2.435,248.0,0,14,0,103,4.087,3.03,11505809
39.043,open,15,9,48.747,1.801,249.0,0,14,0,103,4.277,3.028,11518841
39.053,open,15,9,48.747,1.801,249.0,0,14,0,103,4.277,3.028,11518841
39.063,open,15,9,48.747,1.801,249.0,0,14,0,103,4.277,3.028,11518841
39.073,open,15,9,48.747,1.801,249.0,0,14,0,103,4.277,3.028,11518841
39.083,open,15,9,53.586,8.511,254.0,0,15,0,103,3.891,2.848,11523185
39.093,disorder,15,9,54.531,4.935,255.0,0,17,0,103,4.079,2.704,11527529
39.103,recovery,12,7,55.275,2.106,256.0,0,19,1,104,4.527,2.656,11527529
39.113,recovery,12,7,55.275,2.106,256.0,0,19,1,104,4.527,2.656,11527529
39.123,recovery,12,7,55.275,2.106,256.0,0,19,1,104,4.527,2.656,11527529
39.133,recovery,12,7,55.275,2.106,256.0,0,19,1,104,4.527,2.656,11527529
39.144,recovery,9,7,56.455,2.726,257.0,0,20,2,104,4.925,2.545,11527529
39.154,recovery,7,7,56.331,1.134,257.0,0,15,1,105,3.455,2.248,11542009
39.164,recovery,7,7,56.331,1.134,257.0,0,15,1,105,3.455,2.248,11542009
39.174,recovery,7,7,56.331,1.134,257.0,0,15,1,105,3.455,2.248,11542009
39.184,recovery,7,7,56.331,1.134,257.0,0,15,1,105,3.455,2.248,11542009
39.194,recovery,7,7,56.556,1.3,257.0,0,16,1,105,3.687,1.956,11542009
39.204,open,7,7,56.265,1.134,257.0,0,7,0,105,1.729,1.398,11559385
39.214,open,7,7,56.206,0.969,257.0,0,7,0,105,1.731,1.48,11562281
39.225,open,7,7,56.206,0.969,257.0,0,7,0,105,1.731,1.48,11562281
39.235,open,7,7,56.206,0.969,257.0,0,7,0,105,1.731,1.48,11562281
39.245,open,7,7,56.206,0.969,257.0,0,7,0,105,1.731,1.48,11562281
39.255,open,8,7,60.848,10.011,261.0,0,8,0,105,1.828,1.395,11565177
39.265,recovery,7,4,58.861,7.334,259.0,0,10,1,106,2.362,1.273,11566625
39.275,recovery,7,4,58.861,7.334,259.0,0,10,1,106,2.362,1.273,11566625
39.285,recovery,7,4,58.861,7.334,259.0,0,10,1,106,2.362,1.273,11566625
39.295,recovery,6,4,57.533,7.437,258.0,0,10,1,106,2.416,1.106,11566625
39.305,recovery,5,4,55.791,7.056,256.0,0,11,1,106,2.741,1.548,11566625
39.316,open,4,4,53.979,4.597,254.0,0,4,0,106,1.03,1.488,11581105
39.326,open,4,4,53.979,4.597,254.0,0,4,0,106,1.03,1.488,11581105
39.336,open,4,4,53.979,4.597,254.0,0,4,0,106,1.03,1.488,11581105
39.346,open,4,4,53.979,4.597,254.0,0,4,0,106,1.03,1.488,11581105
39.356,open,5,4,52.454,3.9,253.0,0,5,0,106,1.325,0.909,11586897
39.366,open,5,4,52.454,3.9,253.0,0,5,0,106,1.325,0.909,11586897
39.376,open,5,4,52.454,3.9,253.0,0,5,0,106,1.325,0.909,11586897
39.386,open,5,4,52.454,3.9,253.0,0,5,0,106,1.325,0.909,11586897
39.396,open,6,4,49.831,4.304,250.0,0,6,0,106,1.674,1.122,11592689
39.406,open,6,4,49.831,4.304,250.0,0,6,0,106,1.674,1.122,11592689
39.416,open,6,4,49.831,4.304,250.0,0,6,0,106,1.674,1.122,11592689
39.427,open,6,4,49.831,4.304,250.0,0,6,0,106,1.674,1.122,11592689
39.437,open,6,4,50.588,10.54,251.0,0,6,0,106,1.649,1.402,11599929
39.447,open,6,4,50.588,10.54,251.0,0,6,0,106,1.649,1.402,11599929
39.457,open,6,4,50.588,10.54,251.0,0,6,0,106,1.649,1.402,11599929
39.467,open,6,4,50.588,10.54,251.0,0,6,0,106,1.649,1.402,11599929
39.477,open,7,4,49.893,12.298,250.0,0,7,0,106,1.95,1.686,11608617
39.487,open,7,4,49.893,12.298,250.0,0,7,0,106,1.95,1.686,11608617
39.497,open,7,4,49.893,12.298,250.0,0,7,0,106,1.95,1.686,11608617
39.507,open,7,4,49.893,12.298,250.0,0,7,0,106,1.95,1.686,11608617
39.518,open,8,4,49.273,10.463,250.0,0,8,0,106,2.257,1.547,11611513
39.528,open,8,4,48.664,6.984,249.0,0,8,0,106,2.285,1.76,11617305
39.538,open,8,4,48.664,6.984,249.0,0,8,0,106,2.285,1.76,11617305
39.548,open,8,4,48.664,6.984,249.0,0,8,0,106,2.285,1.76,11617305
39.558,open,8,4,48.664,6.984,249.0,0,8,0,106,2.285,1.76,11617305
39.568,open,9,4,52.504,9.607,253.0,0,9,0,106,2.383,1.674,11624545
39.578,open,9,4,51.841,6.553,252.0,0,9,0,106,2.413,1.865,11628889
39.588,open,9,4,51.841,6.553,252.0,0,9,0,106,2.413,1.865,11628889
39.598,open,9,4,51.841,6.553,252.0,0,9,0,106,2.413,1.865,11628889
39.608,open,9,4,51.841,6.553,252.0,0,9,0,106,2.413,1.865,11628889
39.619,open,9,4,52.325,5.883,253.0,0,9,0,106,2.391,1.519,11631785
39.629,open,10,4,53.671,3.751,254.0,0,10,0,106,2.59,1.869,11641921
39.639,open,10,4,53.671,3.751,254.0,0,10,0,106,2.59,1.869,11641921
39.649,open,10,4,53.671,3.751,254.0,0,10,0,106,2.59,1.869,11641921
39.659,open,10,4,53.671,3.751,254.0,0,10,0,106,2.59,1.869,11641921
39.669,open,10,4,53.671,3.751,254.0,0,10,0,106,2.59,1.869,11641921
39.679,open,10,4,54.474,2.781,255.0,0,10,0,106,2.552,1.871,11649161
39.689,open,11,4,54.765,2.068,255.0,0,11,0,106,2.792,1.87,11654953
39.699,open,11,4,54.765,2.068,255.0,0,11,0,106,2.792,1.87,11654953
39.709,open,11,4,54.765,2.068,255.0,0,11,0,106,2.792,1.87,11654953
39.719,open,11,4,54.765,2.068,255.0,0,11,0,106,2.792,1.87,11654953
39.729,open,11,4,60.271,12.564,261.0,0,11,0,106,2.537,1.172,11656401
39.740,open,12,4,58.32,3.929,259.0,0,12,0,106,2.86,2.235,11670881
39.750,open,12,4,58.32,3.929,259.0,0,12,0,106,2.86,2.235,11670881
39.760,open,12,4,58.32,3.929,259.0,0,12,0,106,2.86,2.235,11670881
39.770,open,12,4,58.32,3.929,259.0,0,12,0,106,2.86,2.235,11670881
39.780,open,12,4,54.549,4.486,255.0,0,12,0,106,3.058,2.284,11678121
39.790,open,13,4,52.02,4.688,253.0,0,13,0,106,3.474,2.492,11686809
39.800,open,13,4,52.02,4.688,253.0,0,13,0,106,3.474,2.492,11686809
39.810,open,13,4,52.02,4.688,253.0,0,13,0,106,3.474,2.492,11686809
39.820,open,13,4,52.259,9.701,253.0,0,13,0,106,3.458,2.768,11694049
39.831,open,14,4,47.897,7.022,248.0,0,14,0,106,4.063,3.188,11705633
39.841,open,14,4,47.897,7.022,248.0,0,14,0,106,4.063,3.188,11705633
39.851,open,14,4,47.897,7.022,248.0,0,14,0,106,4.063,3.188,11705633
39.861,open,14,4,47.517,6.028,248.0,0,14,0,106,4.096,3.357,11708529
39.871,open,14,4,46.426,2.773,247.0,0,14,0,106,4.192,3.357,11720113
39.881,open,15,4,46.362,2.116,247.0,0,15,0,106,4.497,3.52,11725905
39.891,open,15,4,46.362,2.116,247.0,0,15,0,106,4.497,3.52,11725905
39.901,open,15,4,46.362,2.116,247.0,0,15,0,106,4.497,3.52,11725905
39.911,open,15,4,46.584,1.575,247.0,0,15,0,106,4.476,3.428,11731697
39.921,open,15,4,47.144,0.9,248.0,0,15,0,106,4.423,3.428,11743281
39.932,open,16,4,47.601,1.256,248.0,0,16,0,106,4.672,3.581,11747625
39.942,open,16,4,47.601,1.256,248.0,0,16,0,106,4.672,3.581,11747625
39.952,open,16,4,47.601,1.256,248.0,0,16,0,106,4.672,3.581,11747625
39.962,open,16,4,48.16,2.062,249.0,0,16,0,106,4.618,3.336,11750521
39.972,open,16,4,50.338,3.062,251.0,0,16,0,106,4.418,3.188,11763553
39.982,open,17,4,51.064,2.459,252.0,0,17,0,106,4.628,3.478,11770793
39.992,open,17,4,51.064,2.459,252.0,0,17,0,106,4.628,3.478,11770793
40.002,open,17,4,51.064,2.459,252.0,0,17,0,106,4.628,3.478,11770793
40.012,open,17,4,51.064,2.459,252.0,0,17,0,106,4.628,3.478,11770793
40.023,disorder,17,4,52.836,2.982,253.0,0,19,0,106,4.736,3.188,11778033
40.033,recovery,13,8,54.018,1.779,255.0,0,21,1,107,5.404,3.131,11778033
40.043,recovery,12,8,55.342,2.882,256.0,0,23,1,107,5.526,3.134,11778033
40.053,recovery,12,8,55.342,2.882,256.0,0,23,1,107,5.526,3.134,11778033
40.063,recovery,12,8,55.342,2.882,256.0,0,23,1,107,5.526,3.134,11778033
40.073,recovery,12,8,55.342,2.882,256.0,0,23,1,107,5.526,3.134,11778033
40.083,recovery,8,8,58.457,3.649,259.0,0,25,1,107,5.945,3.011,11778033
40.093,open,8,8,58.915,2.376,259.0,0,8,0,107,1.888,2.351,11811337
40.103,open,8,8,58.915,2.376,259.0,0,8,0,107,1.888,2.351,11811337
40.113,open,8,8,58.915,2.376,259.0,0,8,0,107,1.888,2.351,11811337
40.123,open,8,8,58.915,2.376,259.0,0,8,0,107,1.888,2.351,11811337
40.133,open,8,8,58.541,2.395,259.0,0,8,0,107,1.9,1.881,11814233
40.144,open,9,8,57.05,2.614,258.0,0,9,0,107,2.193,1.622,11820025
40.154,open,9,8,56.58,2.65,257.0,0,9,0,107,2.211,1.694,11822921
40.164,open,9,8,56.58,2.65,257.0,0,9,0,107,2.211,1.694,11822921
40.174,open,9,8,56.58,2.65,257.0,0,9,0,107,2.211,1.694,11822921
40.184,open,10,8,54.398,3.023,255.0,0,10,0,107,2.555,1.779,11828713
40.194,open,10,8,52.55,3.196,253.0,0,10,0,107,2.645,1.956,11835953
40.204,open,10,8,52.55,3.196,253.0,0,10,0,107,2.645,1.956,11835953
40.214,open,10,8,52.55,3.196,253.0,0,10,0,107,2.645,1.956,11835953
40.224,open,10,8,52.55,3.196,253.0,0,10,0,107,2.645,1.956,11835953
40.235,open,10,8,52.15,2.493,253.0,0,10,0,107,2.666,2.051,11841745
40.245,open,11,8,52.845,2.41,253.0,0,11,0,107,2.894,2.049,11848985
40.255,open,11,8,52.749,1.998,253.0,0,11,0,107,2.899,2.224,11850433
40.265,open,11,8,52.749,1.998,253.0,0,11,0,107,2.899,2.224,11850433
40.275,open,11,8,52.749,1.998,253.0,0,11,0,107,2.899,2.224,11850433
40.285,disorder,11,8,52.441,1.67,253.0,0,13,0,107,3.181,2.049,11851881
40.295,recovery,8,5,52.302,1.162,253.0,0,14,1,108,3.721,2.182,11851881
40.305,recovery,7,5,52.844,1.371,253.0,0,16,1,108,3.946,2.133,11851881
40.315,recovery,7,5,52.844,1.371,253.0,0,16,1,108,3.946,2.133,11851881
40.325,recovery,7,5,52.844,1.371,253.0,0,16,1,108,3.946,2.133,11851881
40.335,recovery,7,5,52.844,1.371,253.0,0,16,1,108,3.946,2.133,11851881
40.345,open,5,5,54.254,2.29,255.0,0,5,0,108,1.281,2.079,11870705
40.356,open,5,5,54.617,2.443,255.0,0,5,0,108,1.273,1.745,11873601
40.366,open,5,5,54.617,2.443,255.0,0,5,0,108,1.273,1.745,11873601
40.376,open,5,5,54.617,2.443,255.0,0,5,0,108,1.273,1.745,11873601
40.386,open,5,5,54.617,2.443,255.0,0,5,0,108,1.273,1.745,11873601
40.396,open,6,5,57.953,10.419,258.0,0,6,0,108,1.439,1.039,11877945
40.406,open,6,5,56.913,9.894,257.0,0,6,0,108,1.465,1.161,11880841
40.416,open,6,5,56.913,9.894,257.0,0,6,0,108,1.465,1.161,11880841
40.426,open,6,5,56.913,9.894,257.0,0,6,0,108,1.465,1.161,11880841
40.436,open,6,5,56.913,9.894,257.0,0,6,0,108,1.465,1.161,11880841
40.446,open,7,5,55.551,7.942,256.0,0,7,0,108,1.752,1.139,11885185
40.456,open,7,5,55.135,5.371,256.0,0,7,0,108,1.765,1.335,11889529
40.466,open,7,5,55.135,5.371,256.0,0,7,0,108,1.765,1.335,11889529
40.476,open,7,5,55.135,5.371,256.0,0,7,0,108,1.765,1.335,11889529
40.486,open,7,5,55.135,5.371,256.0,0,7,0,108,1.765,1.335,11889529
40.497,open,8,5,54.571,3.96,255.0,0,8,0,108,2.038,1.522,11895321
40.507,open,8,5,54.41,3.29,255.0,0,8,0,108,2.044,1.522,11898217
40.517,open,8,5,54.41,3.29,255.0,0,8,0,108,2.044,1.522,11898217
40.527,open,8,5,54.41,3.29,255.0,0,8,0,108,2.044,1.522,11898217
40.537,open,8,5,54.41,3.29,255.0,0,8,0,108,2.044,1.522,11898217
40.547,open,9,5,55.197,9.701,256.0,0,9,0,108,2.267,1.522,11908353
40.557,open,9,5,54.202,9.265,255.0,0,9,0,108,2.308,1.739,11909801
40.567,open,9,5,54.202,9.265,255.0,0,9,0,108,2.308,1.739,11909801
40.577,open,9,5,54.202,9.265,255.0,0,9,0,108,2.308,1.739,11909801
40.587,open,9,5,50.849,8.8,251.0,0,9,0,108,2.46,2.013,11917041
40.597,open,10,5,49.178,7.765,250.0,0,10,0,108,2.827,2.207,11922833
40.607,open,10,5,49.178,7.765,250.0,0,10,0,108,2.827,2.207,11922833
40.617,open,10,5,49.178,7.765,250.0,0,10,0,108,2.827,2.207,11922833
40.627,open,10,5,47.31,7.572,248.0,0,10,0,108,2.938,2.457,11928625
