t_s,kind,backlog_bytes,backlog_pkts,drops,sent_pkts,count,lastcount,ldelay,drop_next,dropping,ecn_mark,drop_overlimit,new_flows_len,old_flows_len,new_flow_count,maxpacket
0.000,fq_codel,0,0,0,2,,,,,,0,0,0,0,2,90
0.012,fq_codel,0,0,0,3,,,,,,0,0,0,0,3,90
0.024,fq_codel,0,0,0,3,,,,,,0,0,0,0,3,90
0.036,fq_codel,0,0,0,5,,,,,,0,0,0,0,5,98
0.047,fq_codel,0,0,0,5,,,,,,0,0,0,0,5,98
0.059,fq_codel,0,0,0,5,,,,,,0,0,0,0,5,98
0.071,fq_codel,12112,8,0,9,,,,,,0,0,0,1,8,1514
0.083,fq_codel,0,0,0,16,,,,,,0,0,0,0,8,1514
0.095,fq_codel,0,0,0,17,,,,,,0,0,0,0,9,1514
0.107,fq_codel,0,0,0,17,,,,,,0,0,0,0,9,1514
0.119,fq_codel,12112,8,0,26,,,,,,0,0,0,1,12,1514
0.131,fq_codel,3028,2,0,36,,,,,,0,0,0,1,12,1514
0.142,fq_codel,0,0,0,37,,,,,,0,0,0,0,12,1514
0.156,fq_codel,9084,6,0,44,,,,,,0,0,0,1,14,1514
0.168,fq_codel,25738,17,0,53,,,,,,0,0,0,1,14,1514
0.180,fq_codel,22710,15,0,63,,,,,,0,0,0,1,14,1514
0.192,fq_codel,13626,9,0,74,,,,,,0,0,0,1,15,1514
0.203,fq_codel,28766,19,0,84,,,,,,0,0,0,1,15,1514
0.215,fq_codel,43906,29,0,94,,,,,,0,0,0,1,15,1514
0.227,fq_codel,54504,36,0,103,,,,,,0,0,0,1,15,1514
0.239,fq_codel,69644,46,0,113,,,,,,0,0,0,1,15,1514
0.251,fq_codel,87812,58,0,123,,,,,,0,0,0,1,15,1514
0.263,fq_codel,101438,67,1,133,,,,,,0,0,0,1,15,1514
0.275,fq_codel,116578,77,1,143,,,,,,0,0,0,1,15,1514
0.287,fq_codel,130204,86,1,152,,,,,,0,0,0,1,15,1514
0.299,fq_codel,145344,96,1,163,,,,,,0,0,0,1,16,1514
0.310,fq_codel,148372,98,1,173,,,,,,0,0,0,1,16,1514
0.322,fq_codel,142316,94,1,182,,,,,,0,0,0,1,16,1514
0.334,fq_codel,133232,88,1,192,,,,,,0,0,0,1,16,1514
0.345,fq_codel,125662,83,1,202,,,,,,0,0,0,1,16,1514
0.357,fq_codel,119606,79,1,211,,,,,,0,0,0,1,16,1514
0.369,fq_codel,110522,73,2,221,,,,,,0,0,0,1,16,1514
0.381,fq_codel,102952,68,2,231,,,,,,0,0,0,1,16,1514
0.392,fq_codel,95382,63,2,241,,,,,,0,0,0,1,17,1514
0.404,fq_codel,87812,58,2,251,,,,,,0,0,0,1,17,1514
0.416,fq_codel,78728,52,3,261,,,,,,0,0,0,1,17,1514
0.428,fq_codel,71158,47,3,271,,,,,,0,0,0,1,17,1514
0.440,fq_codel,63588,42,3,281,,,,,,0,0,0,1,17,1514
0.452,fq_codel,56018,37,3,291,,,,,,0,0,0,1,17,1514
0.464,fq_codel,49962,33,3,300,,,,,,0,0,0,1,17,1514
0.476,fq_codel,48448,32,4,310,,,,,,0,0,0,1,17,1514
0.487,fq_codel,48448,32,4,320,,,,,,0,0,0,1,17,1514
0.499,fq_codel,49962,33,4,330,,,,,,0,0,0,1,18,1514
0.511,fq_codel,49962,33,4,340,,,,,,0,0,0,1,18,1514
0.523,fq_codel,49962,33,5,350,,,,,,0,0,0,1,18,1514
0.535,fq_codel,48448,32,5,360,,,,,,0,0,0,1,18,1514
0.547,fq_codel,43906,29,5,370,,,,,,0,0,0,1,18,1514
0.559,fq_codel,36336,24,5,380,,,,,,0,0,0,1,18,1514
0.571,fq_codel,27252,18,6,390,,,,,,0,0,0,1,18,1514
0.583,fq_codel,19682,13,6,400,,,,,,0,0,0,1,18,1514
0.595,fq_codel,12112,8,6,411,,,,,,0,0,0,1,19,1514
0.607,fq_codel,4542,3,7,420,,,,,,0,0,0,1,19,1514
0.618,fq_codel,0,0,7,428,,,,,,0,0,0,0,23,1514
0.630,fq_codel,0,0,7,438,,,,,,0,0,0,0,33,1514
0.642,fq_codel,0,0,7,447,,,,,,0,0,0,0,42,1514
0.654,fq_codel,0,0,7,455,,,,,,0,0,0,0,50,1514
0.666,fq_codel,0,0,7,460,,,,,,0,0,0,0,55,1514
0.678,fq_codel,0,0,7,465,,,,,,0,0,0,0,60,1514
0.690,fq_codel,0,0,7,470,,,,,,0,0,0,0,65,1514
0.702,fq_codel,0,0,7,476,,,,,,0,0,0,0,71,1514
0.714,fq_codel,0,0,7,480,,,,,,0,0,0,0,75,1514
0.726,fq_codel,0,0,7,487,,,,,,0,0,0,0,82,1514
0.738,fq_codel,0,0,7,491,,,,,,0,0,0,0,86,1514
0.750,fq_codel,0,0,7,496,,,,,,0,0,0,0,91,1514
0.761,fq_codel,0,0,7,501,,,,,,0,0,0,0,96,1514
0.774,fq_codel,0,0,7,508,,,,,,0,0,0,0,102,1514
0.786,fq_codel,0,0,7,512,,,,,,0,0,0,0,106,1514
0.798,fq_codel,0,0,7,518,,,,,,0,0,0,0,112,1514
0.810,fq_codel,0,0,7,526,,,,,,0,0,0,0,119,1514
0.821,fq_codel,0,0,7,530,,,,,,0,0,0,0,123,1514
0.833,fq_codel,0,0,7,535,,,,,,0,0,0,0,128,1514
0.845,fq_codel,0,0,7,541,,,,,,0,0,0,0,134,1514
0.857,fq_codel,0,0,7,549,,,,,,0,0,0,0,142,1514
0.869,fq_codel,0,0,7,553,,,,,,0,0,0,0,146,1514
0.880,fq_codel,0,0,7,558,,,,,,0,0,0,0,151,1514
0.892,fq_codel,1514,1,7,568,,,,,,0,0,0,1,159,1514
0.904,fq_codel,0,0,7,573,,,,,,0,0,0,0,164,1514
0.916,fq_codel,0,0,7,578,,,,,,0,0,0,0,169,1514
0.927,fq_codel,0,0,7,585,,,,,,0,0,0,0,176,1514
0.939,fq_codel,0,0,7,594,,,,,,0,0,0,0,182,1514
0.953,fq_codel,0,0,7,599,,,,,,0,0,0,0,187,1514
0.965,fq_codel,0,0,7,605,,,,,,0,0,0,0,193,1514
0.977,fq_codel,1514,1,7,615,,,,,,0,0,0,1,199,1514
0.989,fq_codel,0,0,7,620,,,,,,0,0,0,0,203,1514
1.000,fq_codel,0,0,7,626,,,,,,0,0,0,0,209,1514
1.013,fq_codel,1514,1,7,636,,,,,,0,0,0,1,218,1514
1.024,fq_codel,0,0,7,644,,,,,,0,0,0,0,220,1514
1.036,fq_codel,0,0,7,650,,,,,,0,0,0,0,226,1514
1.048,fq_codel,0,0,7,657,,,,,,0,0,0,0,233,1514
1.060,fq_codel,1514,1,7,668,,,,,,0,0,0,1,238,1514
1.072,fq_codel,0,0,7,674,,,,,,0,0,0,0,242,1514
1.084,fq_codel,0,0,7,678,,,,,,0,0,0,0,246,1514
1.096,fq_codel,1514,1,7,690,,,,,,0,0,0,1,257,1514
1.108,fq_codel,0,0,7,699,,,,,,0,0,0,0,258,1514
1.119,fq_codel,0,0,7,704,,,,,,0,0,0,0,263,1514
1.131,fq_codel,0,0,7,712,,,,,,0,0,0,0,271,1514
1.143,fq_codel,1514,1,7,724,,,,,,0,0,1,0,283,1514
1.157,fq_codel,0,0,7,730,,,,,,0,0,0,0,288,1514
1.169,fq_codel,0,0,7,737,,,,,,0,0,0,0,295,1514
1.181,fq_codel,1514,1,7,748,,,,,,0,0,1,0,305,1514
1.193,fq_codel,0,0,7,756,,,,,,0,0,0,0,308,1514
1.205,fq_codel,0,0,7,762,,,,,,0,0,0,0,314,1514
1.217,fq_codel,0,0,7,772,,,,,,0,0,0,0,324,1514
1.228,fq_codel,1514,1,7,783,,,,,,0,0,0,1,328,1514
1.240,fq_codel,0,0,7,789,,,,,,0,0,0,0,331,1514
1.252,fq_codel,0,0,7,797,,,,,,0,0,0,0,339,1514
1.264,fq_codel,1514,1,7,808,,,,,,0,0,1,0,348,1514
1.276,fq_codel,0,0,7,817,,,,,,0,0,0,0,348,1514
1.287,fq_codel,0,0,7,823,,,,,,0,0,0,0,354,1514
1.299,fq_codel,0,0,7,834,,,,,,0,0,0,0,365,1514
1.311,fq_codel,1514,1,7,845,,,,,,0,0,0,1,367,1514
1.323,fq_codel,0,0,7,852,,,,,,0,0,0,0,369,1514
1.335,fq_codel,0,0,7,862,,,,,,0,0,0,0,379,1514
1.347,fq_codel,1514,1,7,873,,,,,,0,0,0,1,386,1514
1.358,fq_codel,1514,1,7,883,,,,,,0,0,0,1,386,1514
1.370,fq_codel,0,0,7,890,,,,,,0,0,0,0,392,1514
1.382,fq_codel,0,0,7,900,,,,,,0,0,0,0,402,1514
1.394,fq_codel,1514,1,7,911,,,,,,0,0,0,1,404,1514
1.406,fq_codel,0,0,7,921,,,,,,0,0,0,0,407,1514
1.417,fq_codel,0,0,7,930,,,,,,0,0,0,0,416,1514
1.429,fq_codel,1514,1,7,941,,,,,,0,0,0,1,423,1514
1.441,fq_codel,1514,1,7,951,,,,,,0,0,1,0,428,1514
1.453,fq_codel,1514,1,7,961,,,,,,0,0,1,0,438,1514
1.465,fq_codel,1514,1,7,970,,,,,,0,0,1,0,447,1514
1.476,fq_codel,3028,2,7,980,,,,,,0,0,0,1,449,1514
1.488,fq_codel,3028,2,7,990,,,,,,0,0,0,1,449,1514
1.500,fq_codel,3028,2,7,1001,,,,,,0,0,0,1,450,1514
1.512,fq_codel,4542,3,7,1010,,,,,,0,0,0,1,450,1514
1.524,fq_codel,4542,3,7,1020,,,,,,0,0,0,1,450,1514
1.536,fq_codel,4542,3,7,1030,,,,,,0,0,0,1,450,1514
1.548,fq_codel,4542,3,7,1040,,,,,,0,0,0,1,450,1514
1.559,fq_codel,6056,4,7,1049,,,,,,0,0,0,1,450,1514
1.571,fq_codel,6056,4,7,1059,,,,,,0,0,0,1,450,1514
1.583,fq_codel,6056,4,7,1069,,,,,,0,0,0,1,450,1514
1.595,fq_codel,6056,4,7,1079,,,,,,0,0,0,1,450,1514
1.607,fq_codel,7570,5,7,1089,,,,,,0,0,0,1,451,1514
1.618,fq_codel,7570,5,7,1099,,,,,,0,0,0,1,451,1514
1.630,fq_codel,7570,5,7,1109,,,,,,0,0,0,1,451,1514
1.642,fq_codel,7570,5,7,1119,,,,,,0,0,0,1,451,1514
1.654,fq_codel,9084,6,7,1128,,,,,,0,0,0,1,451,1514
1.666,fq_codel,7570,5,7,1138,,,,,,0,0,0,1,451,1514
1.677,fq_codel,7570,5,7,1148,,,,,,0,0,0,1,451,1514
1.689,fq_codel,7570,5,7,1158,,,,,,0,0,0,1,451,1514
1.701,fq_codel,10598,7,7,1168,,,,,,0,0,0,1,452,1514
1.713,fq_codel,9084,6,7,1178,,,,,,0,0,0,1,452,1514
1.725,fq_codel,9084,6,7,1188,,,,,,0,0,0,1,452,1514
1.737,fq_codel,9084,6,7,1198,,,,,,0,0,0,1,452,1514
1.749,fq_codel,12112,8,7,1208,,,,,,0,0,0,1,452,1514
1.761,fq_codel,10598,7,7,1218,,,,,,0,0,0,1,452,1514
1.772,fq_codel,12112,8,7,1227,,,,,,0,0,0,1,452,1514
1.784,fq_codel,12112,8,7,1237,,,,,,0,0,0,1,452,1514
1.796,fq_codel,13626,9,7,1247,,,,,,0,0,0,1,452,1514
1.808,fq_codel,10598,7,8,1257,,,,,,0,0,0,1,453,1514
1.820,fq_codel,12112,8,8,1267,,,,,,0,0,0,1,453,1514
1.832,fq_codel,12112,8,8,1277,,,,,,0,0,0,1,453,1514
1.843,fq_codel,7570,5,9,1287,,,,,,0,0,0,1,453,1514
1.855,fq_codel,1514,1,9,1296,,,,,,0,0,0,1,453,1514
1.867,fq_codel,0,0,9,1301,,,,,,0,0,0,0,458,1514
1.878,fq_codel,0,0,9,1306,,,,,,0,0,0,0,463,1514
1.890,fq_codel,1514,1,9,1312,,,,,,0,0,1,0,469,1514
1.902,fq_codel,0,0,9,1320,,,,,,0,0,0,0,477,1514
1.913,fq_codel,0,0,9,1325,,,,,,0,0,0,0,482,1514
1.925,fq_codel,0,0,9,1329,,,,,,0,0,0,0,486,1514
1.937,fq_codel,1514,1,9,1339,,,,,,0,0,1,0,495,1514
1.949,fq_codel,0,0,9,1343,,,,,,0,0,0,0,499,1514
1.960,fq_codel,1514,1,9,1350,,,,,,0,0,0,1,505,1514
1.972,fq_codel,0,0,9,1355,,,,,,0,0,0,0,510,1514
1.984,fq_codel,0,0,9,1363,,,,,,0,0,0,0,518,1514
1.996,fq_codel,1514,1,9,1369,,,,,,0,0,1,0,524,1514
2.008,fq_codel,3028,2,9,1375,,,,,,0,0,0,1,529,1514
2.020,fq_codel,1514,1,9,1385,,,,,,0,0,0,1,530,1514
2.032,fq_codel,1514,1,9,1391,,,,,,0,0,1,0,535,1514
2.044,fq_codel,0,0,9,1395,,,,,,0,0,0,0,539,1514
2.056,fq_codel,3028,2,9,1403,,,,,,0,0,1,0,545,1514
2.068,fq_codel,0,0,9,1411,,,,,,0,0,0,0,546,1514
2.080,fq_codel,0,0,9,1417,,,,,,0,0,0,0,552,1514
2.093,fq_codel,0,0,9,1423,,,,,,0,0,0,0,558,1514
2.105,fq_codel,3028,2,9,1434,,,,,,0,0,0,1,563,1514
2.117,fq_codel,0,0,9,1441,,,,,,0,0,0,0,566,1514
2.128,fq_codel,0,0,9,1445,,,,,,0,0,0,0,570,1514
2.140,fq_codel,3028,2,9,1455,,,,,,0,0,1,0,576,1514
2.153,fq_codel,1514,1,9,1465,,,,,,0,0,0,1,578,1514
2.164,fq_codel,0,0,9,1469,,,,,,0,0,0,0,582,1514
2.176,fq_codel,3028,2,9,1477,,,,,,0,0,1,0,590,1514
2.189,fq_codel,3028,2,9,1486,,,,,,0,0,1,0,594,1514
2.200,fq_codel,0,0,9,1495,,,,,,0,0,0,0,598,1514
2.212,fq_codel,0,0,9,1499,,,,,,0,0,0,0,602,1514
2.224,fq_codel,1514,1,9,1510,,,,,,0,0,0,1,610,1514
2.236,fq_codel,3028,2,9,1520,,,,,,0,0,0,1,615,1514
2.248,fq_codel,1514,1,9,1527,,,,,,0,0,1,0,620,1514
2.260,fq_codel,1514,1,9,1533,,,,,,0,0,1,0,626,1514
2.272,fq_codel,1514,1,9,1543,,,,,,0,0,0,1,631,1514
2.284,fq_codel,0,0,9,1552,,,,,,0,0,0,0,634,1514
2.296,fq_codel,1514,1,9,1558,,,,,,0,0,1,0,639,1514
2.308,fq_codel,1514,1,9,1569,,,,,,0,0,0,1,646,1514
2.320,fq_codel,3028,2,9,1579,,,,,,0,0,0,1,646,1514
2.332,fq_codel,0,0,9,1587,,,,,,0,0,0,0,648,1514
2.344,fq_codel,0,0,9,1593,,,,,,0,0,0,0,654,1514
2.356,fq_codel,1514,1,9,1604,,,,,,0,0,0,1,658,1514
2.368,fq_codel,3028,2,9,1614,,,,,,0,0,0,1,659,1514
2.380,fq_codel,0,0,9,1620,,,,,,0,0,0,0,662,1514
2.392,fq_codel,1514,1,9,1630,,,,,,0,0,1,0,672,1514
2.403,fq_codel,3028,2,9,1641,,,,,,0,0,0,1,673,1514
2.415,fq_codel,0,0,9,1650,,,,,,0,0,0,0,673,1514
2.427,fq_codel,1514,1,9,1659,,,,,,0,0,1,0,682,1514
2.439,fq_codel,3028,2,9,1669,,,,,,0,0,1,0,689,1514
2.451,fq_codel,1514,1,9,1679,,,,,,0,0,0,1,693,1514
2.463,fq_codel,1514,1,9,1688,,,,,,0,0,0,1,699,1514
2.475,fq_codel,1514,1,9,1698,,,,,,0,0,1,0,709,1514
2.487,fq_codel,3028,2,9,1707,,,,,,0,0,1,0,714,1514
2.499,fq_codel,1514,1,9,1717,,,,,,0,0,0,1,718,1514
2.511,fq_codel,0,0,9,1727,,,,,,0,0,0,0,724,1514
2.523,fq_codel,1514,1,9,1738,,,,,,0,0,0,1,730,1514
2.535,fq_codel,1514,1,9,1748,,,,,,0,0,0,1,730,1514
2.547,fq_codel,3028,2,9,1758,,,,,,0,0,1,0,733,1514
2.559,fq_codel,1514,1,9,1768,,,,,,0,0,0,1,737,1514
2.571,fq_codel,4542,3,9,1778,,,,,,0,0,0,1,738,1514
2.583,fq_codel,3028,2,9,1788,,,,,,0,0,0,1,738,1514
2.595,fq_codel,4542,3,9,1797,,,,,,0,0,0,1,738,1514
2.607,fq_codel,4542,3,9,1808,,,,,,0,0,0,1,739,1514
2.618,fq_codel,6056,4,9,1817,,,,,,0,0,0,1,739,1514
2.630,fq_codel,4542,3,9,1827,,,,,,0,0,0,1,739,1514
2.642,fq_codel,6056,4,9,1837,,,,,,0,0,0,1,739,1514
2.654,fq_codel,6056,5,9,1847,,,,,,0,0,0,1,739,1514
2.665,fq_codel,7570,5,9,1856,,,,,,0,0,0,1,739,1514
2.677,fq_codel,7570,5,9,1867,,,,,,0,0,0,1,739,1514
2.690,fq_codel,6056,4,9,1877,,,,,,0,0,0,1,739,1514
2.702,fq_codel,9182,7,9,1886,,,,,,0,0,1,1,740,1514
2.714,fq_codel,9084,6,9,1897,,,,,,0,0,0,1,740,1514
2.726,fq_codel,7570,5,9,1907,,,,,,0,0,0,1,740,1514
2.738,fq_codel,9084,6,9,1917,,,,,,0,0,0,1,740,1514
2.750,fq_codel,9084,6,9,1927,,,,,,0,0,0,1,740,1514
2.761,fq_codel,10598,7,9,1936,,,,,,0,0,0,1,740,1514
2.773,fq_codel,10598,7,9,1946,,,,,,0,0,0,1,740,1514
2.785,fq_codel,9084,6,9,1956,,,,,,0,0,0,1,740,1514
2.797,fq_codel,12112,8,9,1966,,,,,,0,0,0,1,740,1514
2.809,fq_codel,10598,7,9,1976,,,,,,0,0,0,1,741,1514
2.820,fq_codel,10598,7,9,1986,,,,,,0,0,0,1,741,1514
2.832,fq_codel,12112,8,9,1996,,,,,,0,0,0,1,741,1514
2.844,fq_codel,10598,7,9,2006,,,,,,0,0,0,1,741,1514
2.856,fq_codel,10598,7,10,2015,,,,,,0,0,0,1,741,1514
2.868,fq_codel,10598,7,10,2025,,,,,,0,0,0,1,741,1514
2.879,fq_codel,12112,8,10,2035,,,,,,0,0,0,1,741,1514
2.891,fq_codel,12112,8,10,2045,,,,,,0,0,0,1,741,1514
2.903,fq_codel,6056,4,10,2054,,,,,,0,0,0,1,741,1514
2.915,fq_codel,0,0,10,2063,,,,,,0,0,0,0,743,1514
2.926,fq_codel,0,0,10,2068,,,,,,0,0,0,0,748,1514
2.938,fq_codel,0,0,10,2073,,,,,,0,0,0,0,753,1514
2.950,fq_codel,0,0,10,2080,,,,,,0,0,0,0,760,1514
2.962,fq_codel,0,0,10,2086,,,,,,0,0,0,0,766,1514
2.973,fq_codel,0,0,10,2092,,,,,,0,0,0,0,772,1514
2.985,fq_codel,1514,1,10,2097,,,,,,0,0,0,1,776,1514
2.997,fq_codel,0,0,10,2106,,,,,,0,0,0,0,780,1514
3.009,fq_codel,1514,1,10,2113,,,,,,0,0,1,0,787,1514
3.021,fq_codel,0,0,10,2117,,,,,,0,0,0,0,791,1514
3.033,fq_codel,3028,2,10,2125,,,,,,0,0,0,1,796,1514
3.045,fq_codel,0,0,10,2132,,,,,,0,0,0,0,800,1514
3.056,fq_codel,0,0,10,2138,,,,,,0,0,0,0,806,1514
3.068,fq_codel,1514,1,10,2144,,,,,,0,0,1,0,812,1514
3.080,fq_codel,1514,1,10,2154,,,,,,0,0,0,1,813,1514
3.092,fq_codel,1514,1,10,2160,,,,,,0,0,1,0,817,1514
3.104,fq_codel,0,0,10,2165,,,,,,0,0,0,0,822,1514
3.116,fq_codel,3028,2,10,2174,,,,,,0,0,0,1,829,1514
3.128,fq_codel,1514,1,10,2184,,,,,,0,0,0,1,830,1514
3.140,fq_codel,0,0,10,2188,,,,,,0,0,0,0,834,1514
3.152,fq_codel,3028,2,10,2196,,,,,,0,0,1,0,842,1514
3.166,fq_codel,3028,2,10,2206,,,,,,0,0,0,1,846,1514
3.178,fq_codel,0,0,10,2212,,,,,,0,0,0,0,848,1514
3.190,fq_codel,1514,1,10,2218,,,,,,0,0,1,0,854,1514
3.202,fq_codel,3028,2,10,2227,,,,,,0,0,0,1,861,1514
3.213,fq_codel,1514,1,10,2238,,,,,,0,0,0,1,862,1514
3.225,fq_codel,1514,1,10,2244,,,,,,0,0,1,0,867,1514
3.237,fq_codel,0,0,10,2250,,,,,,0,0,0,0,873,1514
3.249,fq_codel,1514,1,10,2261,,,,,,0,0,0,1,877,1514
3.261,fq_codel,0,0,10,2268,,,,,,0,0,0,0,880,1514
3.273,fq_codel,1514,1,10,2274,,,,,,0,0,1,0,886,1514
3.285,fq_codel,1514,1,10,2284,,,,,,0,0,0,1,891,1514
3.297,fq_codel,1514,1,10,2294,,,,,,0,0,0,1,892,1514
3.308,fq_codel,1514,1,10,2302,,,,,,0,0,1,0,896,1514
3.320,fq_codel,0,0,10,2308,,,,,,0,0,0,0,902,1514
3.332,fq_codel,1514,1,10,2319,,,,,,0,0,0,1,908,1514
3.344,fq_codel,1514,1,10,2329,,,,,,0,0,0,1,913,1514
3.356,fq_codel,1514,1,10,2334,,,,,,0,0,1,0,917,1514
3.367,fq_codel,3028,2,10,2344,,,,,,0,0,1,0,927,1514
3.379,fq_codel,1514,1,10,2354,,,,,,0,0,0,1,927,1514
3.391,fq_codel,1514,1,10,2363,,,,,,0,0,0,1,929,1514
3.403,fq_codel,0,0,10,2369,,,,,,0,0,0,0,935,1514
3.415,fq_codel,3028,2,10,2382,,,,,,0,0,0,1,941,1514
3.428,fq_codel,3028,2,10,2392,,,,,,0,0,0,1,941,1514
3.440,fq_codel,1514,1,10,2400,,,,,,0,0,1,0,945,1514
3.452,fq_codel,0,0,10,2408,,,,,,0,0,0,0,951,1514
3.464,fq_codel,3028,2,10,2419,,,,,,0,0,0,1,953,1514
3.476,fq_codel,0,0,10,2428,,,,,,0,0,0,0,953,1514
3.488,fq_codel,0,0,10,2437,,,,,,0,0,0,0,961,1514
3.500,fq_codel,1514,1,10,2448,,,,,,0,0,0,1,967,1514
3.512,fq_codel,1514,1,10,2459,,,,,,0,0,0,1,968,1514
3.524,fq_codel,1514,1,10,2469,,,,,,0,0,0,1,971,1514
3.536,fq_codel,0,0,10,2478,,,,,,0,0,0,0,977,1514
3.548,fq_codel,1514,1,10,2488,,,,,,0,0,0,1,979,1514
3.560,fq_codel,1514,1,10,2498,,,,,,0,0,0,1,984,1514
3.572,fq_codel,3028,2,10,2508,,,,,,0,0,1,0,989,1514
3.584,fq_codel,4542,3,10,2518,,,,,,0,0,0,1,992,1514
3.596,fq_codel,4542,3,10,2528,,,,,,0,0,0,1,992,1514
3.607,fq_codel,4542,3,10,2539,,,,,,0,0,0,1,993,1514
3.619,fq_codel,4542,3,10,2548,,,,,,0,0,0,1,993,1514
3.631,fq_codel,4542,3,10,2558,,,,,,0,0,0,1,993,1514
3.643,fq_codel,4542,3,10,2568,,,,,,0,0,0,1,993,1514
3.655,fq_codel,4542,3,10,2578,,,,,,0,0,0,1,993,1514
3.667,fq_codel,7570,5,10,2588,,,,,,0,0,0,1,993,1514
3.679,fq_codel,7570,5,10,2598,,,,,,0,0,0,1,993,1514
3.691,fq_codel,6056,4,10,2607,,,,,,0,0,0,1,993,1514
3.703,fq_codel,6056,4,10,2617,,,,,,0,0,0,1,993,1514
3.714,fq_codel,7570,5,10,2628,,,,,,0,0,0,1,994,1514
3.726,fq_codel,7570,5,10,2638,,,,,,0,0,0,1,994,1514
3.739,fq_codel,7570,5,10,2648,,,,,,0,0,0,1,994,1514
3.750,fq_codel,7570,5,10,2658,,,,,,0,0,0,1,994,1514
3.762,fq_codel,10598,7,10,2668,,,,,,0,0,0,1,994,1514
3.774,fq_codel,9084,6,10,2677,,,,,,0,0,0,1,994,1514
3.786,fq_codel,9084,6,10,2687,,,,,,0,0,0,1,994,1514
3.798,fq_codel,9084,6,10,2697,,,,,,0,0,0,1,994,1514
3.809,fq_codel,9084,6,10,2707,,,,,,0,0,0,1,995,1514
3.821,fq_codel,12112,8,10,2717,,,,,,0,0,0,1,995,1514
3.833,fq_codel,12112,8,10,2727,,,,,,0,0,0,1,995,1514
3.845,fq_codel,10598,7,10,2736,,,,,,0,0,0,1,995,1514
3.856,fq_codel,12112,8,10,2746,,,,,,0,0,0,1,995,1514
3.868,fq_codel,12112,8,11,2756,,,,,,0,0,0,1,995,1514
3.880,fq_codel,10598,7,11,2765,,,,,,0,0,0,1,995,1514
3.892,fq_codel,10598,7,11,2775,,,,,,0,0,0,1,995,1514
3.903,fq_codel,10598,7,11,2785,,,,,,0,0,0,1,995,1514
3.915,fq_codel,9084,6,11,2795,,,,,,0,0,0,1,996,1514
3.927,fq_codel,1514,1,11,2805,,,,,,0,0,0,1,996,1514
3.939,fq_codel,0,0,11,2810,,,,,,0,0,0,0,1001,1514
3.951,fq_codel,0,0,11,2815,,,,,,0,0,0,0,1006,1514
3.963,fq_codel,1514,1,11,2822,,,,,,0,0,1,0,1013,1514
3.975,fq_codel,0,0,11,2828,,,,,,0,0,0,0,1017,1514
3.986,fq_codel,1514,1,11,2834,,,,,,0,0,1,0,1023,1514
3.998,fq_codel,0,0,11,2838,,,,,,0,0,0,0,1027,1514
4.010,fq_codel,1514,1,11,2849,,,,,,0,0,0,1,1033,1514
4.022,fq_codel,1514,1,11,2855,,,,,,0,0,1,0,1038,1514
4.034,fq_codel,0,0,11,2859,,,,,,0,0,0,0,1042,1514
4.046,fq_codel,3028,2,11,2866,,,,,,0,0,0,1,1048,1514
4.058,fq_codel,0,0,11,2874,,,,,,0,0,0,0,1050,1514
4.070,fq_codel,0,0,11,2880,,,,,,0,0,0,0,1056,1514
4.081,fq_codel,0,0,11,2884,,,,,,0,0,0,0,1060,1514
4.093,fq_codel,3028,2,11,2894,,,,,,0,0,1,0,1068,1514
4.105,fq_codel,1514,1,11,2902,,,,,,0,0,1,0,1072,1514
4.117,fq_codel,0,0,11,2907,,,,,,0,0,0,0,1077,1514
4.128,fq_codel,0,0,11,2913,,,,,,0,0,0,0,1083,1514
4.140,fq_codel,1514,1,11,2924,,,,,,0,0,0,1,1087,1514
4.152,fq_codel,0,0,11,2930,,,,,,0,0,0,0,1091,1514
4.164,fq_codel,0,0,11,2934,,,,,,0,0,0,0,1095,1514
4.176,fq_codel,3028,2,11,2944,,,,,,0,0,0,1,1099,1514
4.188,fq_codel,1514,1,11,2954,,,,,,0,0,0,1,1100,1514
4.200,fq_codel,0,0,11,2958,,,,,,0,0,0,0,1104,1514
4.212,fq_codel,1514,1,11,2967,,,,,,0,0,0,1,1112,1514
4.224,fq_codel,1514,1,11,2977,,,,,,0,0,0,1,1113,1514
4.235,fq_codel,0,0,11,2984,,,,,,0,0,0,0,1115,1514
4.247,fq_codel,0,0,11,2988,,,,,,0,0,0,0,1119,1514
4.259,fq_codel,1514,1,11,2999,,,,,,0,0,0,1,1126,1514
4.271,fq_codel,1514,1,11,3009,,,,,,0,0,0,1,1126,1514
4.283,fq_codel,0,0,11,3014,,,,,,0,0,0,0,1129,1514
4.295,fq_codel,0,0,11,3022,,,,,,0,0,0,0,1136,1514
4.307,fq_codel,1514,1,11,3032,,,,,,0,0,0,1,1140,1514
4.319,fq_codel,0,0,11,3041,,,,,,0,0,0,0,1145,1514
4.331,fq_codel,1514,1,11,3048,,,,,,0,0,1,0,1152,1514
4.343,fq_codel,3028,2,11,3058,,,,,,0,0,0,1,1160,1514
4.355,fq_codel,3028,2,11,3068,,,,,,0,0,1,0,1161,1514
4.366,fq_codel,1514,1,11,3076,,,,,,0,0,1,0,1166,1514
4.379,fq_codel,0,0,11,3082,,,,,,0,0,0,0,1172,1514
4.391,fq_codel,3028,2,11,3093,,,,,,0,0,1,0,1180,1514
4.402,fq_codel,3028,2,11,3103,,,,,,0,0,0,1,1180,1514
4.414,fq_codel,0,0,11,3110,,,,,,0,0,0,0,1185,1514
4.426,fq_codel,3028,2,11,3120,,,,,,0,0,1,0,1195,1514
4.438,fq_codel,3028,2,11,3130,,,,,,0,0,1,0,1200,1514
4.450,fq_codel,0,0,11,3139,,,,,,0,0,0,0,1204,1514
4.462,fq_codel,1514,1,11,3148,,,,,,0,0,0,1,1212,1514
4.474,fq_codel,1514,1,11,3158,,,,,,0,0,0,1,1219,1514
4.486,fq_codel,1514,1,11,3168,,,,,,0,0,0,1,1221,1514
4.498,fq_codel,0,0,11,3176,,,,,,0,0,0,0,1225,1514
4.510,fq_codel,0,0,11,3185,,,,,,0,0,0,0,1233,1514
4.522,fq_codel,1514,1,11,3197,,,,,,0,0,0,1,1236,1514
4.534,fq_codel,1514,1,11,3207,,,,,,0,0,0,1,1236,1514
4.545,fq_codel,1514,1,11,3216,,,,,,0,0,0,1,1241,1514
4.557,fq_codel,1514,1,11,3226,,,,,,0,0,0,1,1246,1514
4.569,fq_codel,1514,1,11,3236,,,,,,0,0,0,1,1246,1514
4.581,fq_codel,1514,1,11,3246,,,,,,0,0,0,1,1247,1514
4.593,fq_codel,3028,2,11,3256,,,,,,0,0,1,0,1249,1514
4.605,fq_codel,4542,3,11,3266,,,,,,0,0,0,1,1250,1514
4.616,fq_codel,3028,2,11,3276,,,,,,0,0,0,1,1251,1514
4.628,fq_codel,3028,2,11,3286,,,,,,0,0,0,1,1251,1514
4.640,fq_codel,6056,4,11,3295,,,,,,0,0,0,1,1251,1514
4.652,fq_codel,6056,4,11,3305,,,,,,0,0,0,1,1251,1514
4.664,fq_codel,6056,4,11,3315,,,,,,0,0,0,1,1251,1514
4.676,fq_codel,6056,4,11,3325,,,,,,0,0,0,1,1251,1514
4.688,fq_codel,6056,4,11,3335,,,,,,0,0,0,1,1251,1514
4.700,fq_codel,6056,4,11,3345,,,,,,0,0,0,1,1251,1514
4.712,fq_codel,6056,4,11,3356,,,,,,0,0,0,1,1252,1514
4.724,fq_codel,6056,4,11,3366,,,,,,0,0,0,1,1252,1514
4.736,fq_codel,7570,5,11,3376,,,,,,0,0,0,1,1252,1514
4.747,fq_codel,9084,6,11,3385,,,,,,0,0,0,1,1252,1514
4.759,fq_codel,9084,6,11,3395,,,,,,0,0,0,1,1252,1514
4.771,fq_codel,9084,6,11,3405,,,,,,0,0,0,1,1252,1514
4.783,fq_codel,9084,6,11,3415,,,,,,0,0,0,1,1252,1514
4.795,fq_codel,10598,7,11,3424,,,,,,0,0,0,1,1252,1514
4.807,fq_codel,10598,7,11,3434,,,,,,0,0,0,1,1252,1514
4.818,fq_codel,10598,7,11,3445,,,,,,0,0,0,1,1253,1514
4.831,fq_codel,12112,8,11,3455,,,,,,0,0,0,1,1253,1514
4.843,fq_codel,12112,8,11,3465,,,,,,0,0,0,1,1253,1514
4.855,fq_codel,12112,8,11,3475,,,,,,0,0,0,1,1253,1514
4.867,fq_codel,12112,8,11,3485,,,,,,0,0,0,1,1253,1514
4.879,fq_codel,12112,8,11,3495,,,,,,0,0,0,1,1253,1514
4.891,fq_codel,12112,8,12,3504,,,,,,0,0,0,1,1253,1514
4.902,fq_codel,12112,8,12,3514,,,,,,0,0,0,1,1253,1514
4.914,fq_codel,12112,8,12,3525,,,,,,0,0,0,1,1254,1514
4.926,fq_codel,12112,8,12,3534,,,,,,0,0,0,1,1254,1514
4.938,fq_codel,4542,3,12,3544,,,,,,0,0,0,1,1254,1514
4.950,fq_codel,0,0,12,3551,,,,,,0,0,0,0,1256,1514
4.961,fq_codel,0,0,12,3556,,,,,,0,0,0,0,1261,1514
4.973,fq_codel,0,0,12,3561,,,,,,0,0,0,0,1266,1514
4.985,fq_codel,0,0,12,3570,,,,,,0,0,0,0,1275,1514
4.997,fq_codel,1514,1,12,3576,,,,,,0,0,1,0,1281,1514
5.009,fq_codel,0,0,12,3580,,,,,,0,0,0,0,1285,1514
5.021,fq_codel,3028,2,12,3588,,,,,,0,0,0,1,1291,1514
5.033,fq_codel,0,0,12,3595,,,,,,0,0,0,0,1294,1514
5.045,fq_codel,0,0,12,3601,,,,,,0,0,0,0,1300,1514
5.057,fq_codel,0,0,12,3605,,,,,,0,0,0,0,1304,1514
5.069,fq_codel,1514,1,12,3616,,,,,,0,0,0,1,1308,1514
5.081,fq_codel,1514,1,12,3622,,,,,,0,0,1,0,1312,1514
5.092,fq_codel,0,0,12,3626,,,,,,0,0,0,0,1316,1514
5.104,fq_codel,3028,2,12,3634,,,,,,0,0,1,0,1324,1514
5.116,fq_codel,1514,1,12,3645,,,,,,0,0,0,1,1329,1514
5.128,fq_codel,0,0,12,3649,,,,,,0,0,0,0,1333,1514
5.140,fq_codel,0,0,12,3654,,,,,,0,0,0,0,1338,1514
5.152,fq_codel,3028,2,12,3666,,,,,,0,0,0,1,1346,1514
5.164,fq_codel,0,0,12,3674,,,,,,0,0,0,0,1348,1514
5.177,fq_codel,0,0,12,3678,,,,,,0,0,0,0,1352,1514
5.188,fq_codel,1514,1,12,3687,,,,,,0,0,0,1,1360,1514
5.201,fq_codel,3028,2,12,3697,,,,,,0,0,1,0,1364,1514
5.212,fq_codel,0,0,12,3702,,,,,,0,0,0,0,1368,1514
5.224,fq_codel,1514,1,12,3709,,,,,,0,0,1,0,1375,1514
5.236,fq_codel,1514,1,12,3719,,,,,,0,0,0,1,1382,1514
5.248,fq_codel,0,0,12,3728,,,,,,0,0,0,0,1386,1514
5.261,fq_codel,0,0,12,3734,,,,,,0,0,0,0,1392,1514
5.273,fq_codel,0,0,12,3742,,,,,,0,0,0,0,1400,1514
5.285,fq_codel,1514,1,12,3753,,,,,,0,0,0,1,1403,1514
5.297,fq_codel,1514,1,12,3760,,,,,,0,0,1,0,1406,1514
5.309,fq_codel,1514,1,12,3766,,,,,,0,0,1,0,1412,1514
5.321,fq_codel,1514,1,12,3777,,,,,,0,0,0,1,1420,1514
5.333,fq_codel,3028,2,12,3787,,,,,,0,0,0,1,1420,1514
5.345,fq_codel,0,0,12,3792,,,,,,0,0,0,0,1424,1514
5.357,fq_codel,0,0,12,3800,,,,,,0,0,0,0,1432,1514
5.368,fq_codel,1514,1,12,3811,,,,,,0,0,0,1,1434,1514
5.380,fq_codel,0,0,12,3820,,,,,,0,0,0,0,1439,1514
5.392,fq_codel,0,0,12,3826,,,,,,0,0,0,0,1445,1514
5.404,fq_codel,3028,2,12,3837,,,,,,0,0,0,1,1453,1514
5.416,fq_codel,1612,2,12,3846,,,,,,0,0,1,1,1457,1514
5.427,fq_codel,0,0,12,3854,,,,,,0,0,0,0,1460,1514
5.439,fq_codel,1514,1,12,3864,,,,,,0,0,1,0,1470,1514
5.451,fq_codel,0,0,12,3873,,,,,,0,0,0,0,1475,1514
5.463,fq_codel,1514,1,12,3883,,,,,,0,0,0,1,1480,1514
5.475,fq_codel,0,0,12,3890,,,,,,0,0,0,0,1486,1514
5.487,fq_codel,3028,2,12,3901,,,,,,0,0,1,0,1497,1514
5.499,fq_codel,3028,2,12,3911,,,,,,0,0,1,0,1502,1514
5.511,fq_codel,1514,1,12,3920,,,,,,0,0,1,0,1507,1514
5.523,fq_codel,0,0,12,3930,,,,,,0,0,0,0,1513,1514
5.535,fq_codel,1514,1,12,3941,,,,,,0,0,0,1,1520,1514
5.547,fq_codel,3028,2,12,3950,,,,,,0,0,1,0,1525,1514
5.559,fq_codel,1514,1,12,3960,,,,,,0,0,1,0,1532,1514
5.571,fq_codel,1514,1,12,3970,,,,,,0,0,1,0,1542,1514
5.582,fq_codel,1514,1,12,3980,,,,,,0,0,0,1,1545,1514
5.594,fq_codel,3028,2,12,3989,,,,,,0,0,1,0,1550,1514
5.606,fq_codel,1514,1,12,3999,,,,,,0,0,0,1,1554,1514
5.618,fq_codel,3028,2,12,4010,,,,,,0,0,0,1,1558,1514
5.630,fq_codel,3028,2,12,4020,,,,,,0,0,0,1,1558,1514
5.642,fq_codel,4542,3,12,4029,,,,,,0,0,0,1,1558,1514
5.653,fq_codel,3028,2,12,4039,,,,,,0,0,0,1,1558,1514
5.665,fq_codel,6056,4,12,4049,,,,,,0,0,0,1,1558,1514
5.677,fq_codel,6056,4,12,4059,,,,,,0,0,0,1,1558,1514
5.689,fq_codel,3028,2,12,4069,,,,,,0,0,0,1,1558,1514
5.701,fq_codel,7570,5,12,4078,,,,,,0,0,0,1,1558,1514
5.713,fq_codel,7570,5,12,4088,,,,,,0,0,0,1,1558,1514
5.725,fq_codel,7570,5,12,4099,,,,,,0,0,0,1,1559,1514
5.737,fq_codel,7570,5,12,4109,,,,,,0,0,0,1,1559,1514
5.749,fq_codel,9084,6,12,4119,,,,,,0,0,0,1,1559,1514
5.761,fq_codel,9084,6,12,4129,,,,,,0,0,0,1,1559,1514
5.773,fq_codel,9084,6,12,4139,,,,,,0,0,0,1,1559,1514
5.785,fq_codel,7570,5,12,4148,,,,,,0,0,0,1,1559,1514
5.796,fq_codel,10598,7,12,4158,,,,,,0,0,0,1,1559,1514
5.809,fq_codel,10598,7,12,4168,,,,,,0,0,0,1,1559,1514
5.821,fq_codel,10598,7,12,4179,,,,,,0,0,0,1,1560,1514
5.833,fq_codel,10598,7,12,4189,,,,,,0,0,0,1,1560,1514
5.845,fq_codel,12112,8,12,4199,,,,,,0,0,0,1,1560,1514
5.857,fq_codel,12112,8,12,4209,,,,,,0,0,0,1,1560,1514
5.869,fq_codel,12112,8,12,4219,,,,,,0,0,0,1,1560,1514
5.881,fq_codel,12112,8,12,4229,,,,,,0,0,0,1,1560,1514
5.893,fq_codel,12112,8,12,4239,,,,,,0,0,0,1,1560,1514
5.904,fq_codel,12112,8,13,4248,,,,,,0,0,0,1,1560,1514
5.916,fq_codel,12112,8,13,4258,,,,,,0,0,0,1,1560,1514
5.928,fq_codel,12112,8,13,4269,,,,,,0,0,0,1,1561,1514
5.940,fq_codel,10598,7,13,4278,,,,,,0,0,0,1,1561,1514
5.952,fq_codel,6056,4,13,4288,,,,,,0,0,0,1,1561,1514
5.964,fq_codel,0,0,13,4296,,,,,,0,0,0,0,1562,1514
5.976,fq_codel,0,0,13,4301,,,,,,0,0,0,0,1567,1514
5.988,fq_codel,0,0,13,4306,,,,,,0,0,0,0,1572,1514
6.000,fq_codel,0,0,13,4314,,,,,,0,0,0,0,1580,1514
6.012,fq_codel,0,0,13,4320,,,,,,0,0,0,0,1586,1514
6.024,fq_codel,1514,1,13,4327,,,,,,0,0,1,0,1593,1514
6.036,fq_codel,3028,2,13,4333,,,,,,0,0,1,0,1598,1514
6.048,fq_codel,0,0,13,4341,,,,,,0,0,0,0,1602,1514
6.059,fq_codel,0,0,13,4345,,,,,,0,0,0,0,1606,1514
6.071,fq_codel,0,0,13,4351,,,,,,0,0,0,0,1612,1514
6.083,fq_codel,1514,1,13,4360,,,,,,0,0,0,1,1616,1514
6.095,fq_codel,0,0,13,4366,,,,,,0,0,0,0,1619,1514
6.107,fq_codel,1514,1,13,4372,,,,,,0,0,1,0,1625,1514
6.119,fq_codel,1612,2,13,4378,,,,,,0,0,2,0,1632,1514
6.131,fq_codel,1514,1,13,4389,,,,,,0,0,0,1,1635,1514
6.143,fq_codel,1514,1,13,4395,,,,,,0,0,1,0,1641,1514
6.156,fq_codel,0,0,13,4399,,,,,,0,0,0,0,1645,1514
6.168,fq_codel,3028,2,13,4410,,,,,,0,0,0,1,1652,1514
6.180,fq_codel,1514,1,13,4418,,,,,,0,0,1,0,1655,1514
6.192,fq_codel,0,0,13,4422,,,,,,0,0,0,0,1659,1514
6.204,fq_codel,3028,2,13,4430,,,,,,0,0,1,0,1667,1514
6.216,fq_codel,3028,2,13,4440,,,,,,0,0,1,0,1669,1514
6.228,fq_codel,0,0,13,4447,,,,,,0,0,0,0,1673,1514
6.240,fq_codel,0,0,13,4453,,,,,,0,0,0,0,1679,1514
6.253,fq_codel,3028,2,13,4464,,,,,,0,0,1,0,1685,1514
6.265,fq_codel,0,0,13,4472,,,,,,0,0,0,0,1687,1514
6.277,fq_codel,0,0,13,4478,,,,,,0,0,0,0,1693,1514
6.289,fq_codel,3028,2,13,4486,,,,,,0,0,1,0,1701,1514
6.301,fq_codel,3028,2,13,4496,,,,,,0,0,1,0,1706,1514
6.313,fq_codel,1514,1,13,4504,,,,,,0,0,1,0,1711,1514
6.325,fq_codel,1514,1,13,4511,,,,,,0,0,1,0,1718,1514
6.337,fq_codel,1514,1,13,4521,,,,,,0,0,0,1,1723,1514
6.349,fq_codel,1514,1,13,4531,,,,,,0,0,0,1,1723,1514
6.361,fq_codel,0,0,13,4536,,,,,,0,0,0,0,1727,1514
6.373,fq_codel,3028,2,13,4546,,,,,,0,0,1,0,1736,1514
6.386,fq_codel,1514,1,13,4557,,,,,,0,0,0,1,1736,1514
6.398,fq_codel,0,0,13,4563,,,,,,0,0,0,0,1739,1514
6.410,fq_codel,1514,1,13,4572,,,,,,0,0,0,1,1746,1514
6.422,fq_codel,1514,1,13,4583,,,,,,0,0,0,1,1754,1514
6.434,fq_codel,1514,1,13,4593,,,,,,0,0,0,1,1754,1514
6.446,fq_codel,1514,1,13,4600,,,,,,0,0,0,1,1758,1514
6.458,fq_codel,3028,2,13,4610,,,,,,0,0,1,0,1766,1514
6.470,fq_codel,3028,2,13,4620,,,,,,0,0,1,0,1771,1514
6.482,fq_codel,0,0,13,4629,,,,,,0,0,0,0,1775,1514
6.495,fq_codel,1514,1,13,4638,,,,,,0,0,1,0,1784,1514
6.506,fq_codel,3028,2,13,4647,,,,,,0,0,0,1,1789,1514
6.518,fq_codel,3028,2,13,4657,,,,,,0,0,0,1,1789,1514
6.530,fq_codel,1514,1,13,4667,,,,,,0,0,1,0,1794,1514
6.542,fq_codel,0,0,13,4676,,,,,,0,0,0,0,1801,1514
6.554,fq_codel,1514,1,13,4687,,,,,,0,0,0,1,1807,1514
6.566,fq_codel,1514,1,13,4697,,,,,,0,0,0,1,1812,1514
6.578,fq_codel,0,0,13,4706,,,,,,0,0,0,0,1818,1514
6.590,fq_codel,1514,1,13,4716,,,,,,0,0,0,1,1827,1514
6.602,fq_codel,1514,1,13,4726,,,,,,0,0,0,1,1832,1514
6.614,fq_codel,1514,1,13,4736,,,,,,0,0,0,1,1837,1514
6.626,fq_codel,3028,2,13,4747,,,,,,0,0,0,1,1841,1514
6.638,fq_codel,4542,3,13,4757,,,,,,0,0,0,1,1841,1514
6.650,fq_codel,4542,3,13,4767,,,,,,0,0,0,1,1841,1514
6.662,fq_codel,3028,2,13,4776,,,,,,0,0,0,1,1841,1514
6.674,fq_codel,4542,3,13,4786,,,,,,0,0,0,1,1841,1514
6.686,fq_codel,4542,3,13,4796,,,,,,0,0,0,1,1841,1514
6.698,fq_codel,4542,3,13,4806,,,,,,0,0,0,1,1841,1514
6.710,fq_codel,4542,3,13,4816,,,,,,0,0,0,1,1841,1514
6.722,fq_codel,7570,5,13,4827,,,,,,0,0,0,1,1842,1514
6.734,fq_codel,7570,5,13,4837,,,,,,0,0,0,1,1842,1514
6.746,fq_codel,7570,5,13,4847,,,,,,0,0,0,1,1842,1514
6.758,fq_codel,6056,4,13,4856,,,,,,0,0,0,1,1842,1514
6.769,fq_codel,7570,5,13,4866,,,,,,0,0,0,1,1842,1514
6.781,fq_codel,7570,5,13,4876,,,,,,0,0,0,1,1842,1514
6.793,fq_codel,7570,5,13,4886,,,,,,0,0,0,1,1842,1514
6.805,fq_codel,9084,6,13,4895,,,,,,0,0,0,1,1842,1514
6.816,fq_codel,9084,6,13,4905,,,,,,0,0,0,1,1842,1514
6.828,fq_codel,9084,6,13,4916,,,,,,0,0,0,1,1843,1514
6.840,fq_codel,9084,6,13,4926,,,,,,0,0,0,1,1843,1514
6.852,fq_codel,9084,6,13,4936,,,,,,0,0,0,1,1843,1514
6.865,fq_codel,10598,7,13,4946,,,,,,0,0,0,1,1843,1514
6.877,fq_codel,10598,7,13,4956,,,,,,0,0,0,1,1843,1514
6.889,fq_codel,10598,7,13,4966,,,,,,0,0,0,1,1843,1514
6.901,fq_codel,10598,7,13,4976,,,,,,0,0,0,1,1843,1514
6.913,fq_codel,10598,7,13,4986,,,,,,0,0,0,1,1843,1514
6.925,fq_codel,10598,7,14,4996,,,,,,0,0,0,1,1844,1514
6.936,fq_codel,10598,7,14,5006,,,,,,0,0,0,1,1844,1514
6.948,fq_codel,10598,7,14,5016,,,,,,0,0,0,1,1844,1514
6.960,fq_codel,12112,8,14,5026,,,,,,0,0,0,1,1844,1514
6.972,fq_codel,3028,2,14,5036,,,,,,0,0,0,1,1844,1514
6.985,fq_codel,0,0,14,5042,,,,,,0,0,0,0,1847,1514
6.997,fq_codel,0,0,14,5047,,,,,,0,0,0,0,1852,1514
7.009,fq_codel,0,0,14,5052,,,,,,0,0,0,0,1857,1514
7.021,fq_codel,1514,1,14,5062,,,,,,0,0,1,0,1867,1514
7.033,fq_codel,0,0,14,5067,,,,,,0,0,0,0,1872,1514
7.045,fq_codel,1514,1,14,5073,,,,,,0,0,1,0,1878,1514
7.057,fq_codel,1514,1,14,5081,,,,,,0,0,0,1,1882,1514
7.069,fq_codel,0,0,14,5087,,,,,,0,0,0,0,1887,1514
7.081,fq_codel,0,0,14,5091,,,,,,0,0,0,0,1891,1514
7.093,fq_codel,0,0,14,5097,,,,,,0,0,0,0,1897,1514
7.105,fq_codel,1514,1,14,5108,,,,,,0,0,0,1,1902,1514
7.117,fq_codel,0,0,14,5112,,,,,,0,0,0,0,1906,1514
7.129,fq_codel,0,0,14,5119,,,,,,0,0,0,0,1913,1514
7.141,fq_codel,1514,1,14,5128,,,,,,0,0,0,1,1919,1514
7.153,fq_codel,0,0,14,5135,,,,,,0,0,0,0,1922,1514
7.165,fq_codel,0,0,14,5141,,,,,,0,0,0,0,1928,1514
7.177,fq_codel,0,0,14,5147,,,,,,0,0,0,0,1934,1514
7.189,fq_codel,3028,2,14,5157,,,,,,0,0,0,1,1938,1514
7.201,fq_codel,0,0,14,5164,,,,,,0,0,0,0,1942,1514
7.213,fq_codel,0,0,14,5168,,,,,,0,0,0,0,1946,1514
7.225,fq_codel,3028,2,14,5179,,,,,,0,0,0,1,1951,1514
7.237,fq_codel,1514,1,14,5189,,,,,,0,0,0,1,1952,1514
7.249,fq_codel,0,0,14,5193,,,,,,0,0,0,0,1956,1514
7.261,fq_codel,0,0,14,5199,,,,,,0,0,0,0,1962,1514
7.273,fq_codel,3028,2,14,5210,,,,,,0,0,1,0,1968,1514
7.285,fq_codel,0,0,14,5218,,,,,,0,0,0,0,1972,1514
7.297,fq_codel,0,0,14,5222,,,,,,0,0,0,0,1976,1514
7.308,fq_codel,1514,1,14,5233,,,,,,0,0,0,1,1985,1514
7.320,fq_codel,3028,2,14,5242,,,,,,0,0,1,0,1990,1514
7.332,fq_codel,0,0,14,5249,,,,,,0,0,0,0,1995,1514
7.344,fq_codel,1514,1,14,5257,,,,,,0,0,1,0,2003,1514
7.356,fq_codel,1514,1,14,5267,,,,,,0,0,0,1,2009,1514
7.368,fq_codel,0,0,14,5275,,,,,,0,0,0,0,2012,1514
7.380,fq_codel,0,0,14,5280,,,,,,0,0,0,0,2016,1514
7.391,fq_codel,1514,1,14,5291,,,,,,0,0,0,1,2025,1514
7.403,fq_codel,1514,1,14,5301,,,,,,0,0,0,1,2026,1514
7.415,fq_codel,1514,1,14,5309,,,,,,0,0,1,0,2030,1514
7.427,fq_codel,1514,1,14,5317,,,,,,0,0,0,1,2036,1514
7.439,fq_codel,1514,1,14,5327,,,,,,0,0,0,1,2039,1514
7.451,fq_codel,1514,1,14,5337,,,,,,0,0,0,1,2039,1514
7.463,fq_codel,1514,1,14,5344,,,,,,0,0,0,1,2044,1514
7.475,fq_codel,0,0,14,5352,,,,,,0,0,0,0,2051,1514
7.486,fq_codel,1514,1,14,5363,,,,,,0,0,0,1,2057,1514
7.498,fq_codel,1514,1,14,5373,,,,,,0,0,1,0,2063,1514
7.510,fq_codel,0,0,14,5380,,,,,,0,0,0,0,2070,1514
7.522,fq_codel,3028,2,14,5391,,,,,,0,0,1,0,2080,1514
7.534,fq_codel,3028,2,14,5402,,,,,,0,0,0,1,2082,1514
7.546,fq_codel,1514,1,14,5411,,,,,,0,0,1,0,2086,1514
7.558,fq_codel,1514,1,14,5420,,,,,,0,0,1,0,2093,1514
7.570,fq_codel,3028,2,14,5430,,,,,,0,0,1,0,2097,1514
7.582,fq_codel,3028,2,14,5440,,,,,,0,0,1,0,2102,1514
7.594,fq_codel,1514,1,14,5450,,,,,,0,0,1,0,2109,1514
7.606,fq_codel,1514,1,14,5460,,,,,,0,0,0,1,2117,1514
7.618,fq_codel,1514,1,14,5470,,,,,,0,0,0,1,2122,1514
7.630,fq_codel,1514,1,14,5481,,,,,,0,0,0,1,2126,1514
7.642,fq_codel,3028,2,14,5491,,,,,,0,0,0,1,2127,1514
7.654,fq_codel,4542,3,14,5501,,,,,,0,0,0,1,2127,1514
7.666,fq_codel,4542,3,14,5511,,,,,,0,0,0,1,2127,1514
7.678,fq_codel,4542,3,14,5521,,,,,,0,0,0,1,2127,1514
7.690,fq_codel,3028,2,14,5531,,,,,,0,0,0,1,2127,1514
7.702,fq_codel,4542,3,14,5540,,,,,,0,0,0,1,2127,1514
7.714,fq_codel,4542,3,14,5550,,,,,,0,0,0,1,2127,1514
7.726,fq_codel,4640,4,14,5560,,,,,,0,0,1,1,2128,1514
7.738,fq_codel,7570,5,14,5571,,,,,,0,0,0,1,2128,1514
7.750,fq_codel,7570,5,14,5581,,,,,,0,0,0,1,2128,1514
7.762,fq_codel,7570,5,14,5591,,,,,,0,0,0,1,2128,1514
7.774,fq_codel,6056,4,14,5600,,,,,,0,0,0,1,2128,1514
7.786,fq_codel,7570,5,14,5610,,,,,,0,0,0,1,2128,1514
7.798,fq_codel,7570,5,14,5620,,,,,,0,0,0,1,2128,1514
7.809,fq_codel,7570,5,14,5630,,,,,,0,0,0,1,2128,1514
7.821,fq_codel,9084,6,14,5639,,,,,,0,0,0,1,2128,1514
7.833,fq_codel,10598,7,14,5651,,,,,,0,0,0,1,2129,1514
7.846,fq_codel,10598,7,14,5661,,,,,,0,0,0,1,2129,1514
7.858,fq_codel,9084,6,14,5670,,,,,,0,0,0,1,2129,1514
7.869,fq_codel,9084,6,14,5680,,,,,,0,0,0,1,2129,1514
7.881,fq_codel,10598,7,14,5690,,,,,,0,0,0,1,2129,1514
7.893,fq_codel,10598,7,14,5700,,,,,,0,0,0,1,2129,1514
7.905,fq_codel,10598,7,14,5710,,,,,,0,0,0,1,2129,1514
7.917,fq_codel,12112,8,14,5719,,,,,,0,0,0,1,2129,1514
7.929,fq_codel,12112,8,14,5730,,,,,,0,0,0,1,2130,1514
7.941,fq_codel,10598,7,15,5740,,,,,,0,0,0,1,2130,1514
7.953,fq_codel,10598,7,15,5750,,,,,,0,0,0,1,2130,1514
7.965,fq_codel,10598,7,15,5760,,,,,,0,0,0,1,2130,1514
7.977,fq_codel,12112,8,15,5770,,,,,,0,0,0,1,2130,1514
7.989,fq_codel,3028,2,15,5780,,,,,,0,0,0,1,2130,1514
8.001,fq_codel,0,0,15,5786,,,,,,0,0,0,0,2133,1514
8.013,fq_codel,0,0,15,5791,,,,,,0,0,0,0,2138,1514
8.025,fq_codel,0,0,15,5796,,,,,,0,0,0,0,2143,1514
8.037,fq_codel,1514,1,15,5807,,,,,,0,0,1,0,2154,1514
8.049,fq_codel,0,0,15,5811,,,,,,0,0,0,0,2158,1514
8.061,fq_codel,1514,1,15,5817,,,,,,0,0,1,0,2164,1514
8.073,fq_codel,1514,1,15,5825,,,,,,0,0,0,1,2168,1514
8.085,fq_codel,0,0,15,5831,,,,,,0,0,0,0,2173,1514
8.097,fq_codel,0,0,15,5835,,,,,,0,0,0,0,2177,1514
8.109,fq_codel,0,0,15,5841,,,,,,0,0,0,0,2183,1514
8.121,fq_codel,1514,1,15,5852,,,,,,0,0,0,1,2185,1514
8.133,fq_codel,0,0,15,5857,,,,,,0,0,0,0,2190,1514
8.146,fq_codel,0,0,15,5863,,,,,,0,0,0,0,2196,1514
8.158,fq_codel,1514,1,15,5872,,,,,,0,0,0,1,2203,1514
8.170,fq_codel,0,0,15,5879,,,,,,0,0,0,0,2207,1514
8.182,fq_codel,0,0,15,5885,,,,,,0,0,0,0,2213,1514
8.194,fq_codel,0,0,15,5891,,,,,,0,0,0,0,2219,1514
8.206,fq_codel,3028,2,15,5901,,,,,,0,0,0,1,2224,1514
8.218,fq_codel,1514,1,15,5908,,,,,,0,0,1,0,2229,1514
8.229,fq_codel,1514,1,15,5917,,,,,,0,0,1,0,2238,1514
8.246,fq_codel,3028,2,15,5927,,,,,,0,0,0,1,2241,1514
8.258,fq_codel,0,0,15,5933,,,,,,0,0,0,0,2243,1514
8.270,fq_codel,0,0,15,5939,,,,,,0,0,0,0,2249,1514
8.282,fq_codel,3028,2,15,5948,,,,,,0,0,0,1,2257,1514
8.293,fq_codel,3028,2,15,5958,,,,,,0,0,1,0,2260,1514
8.305,fq_codel,1514,1,15,5964,,,,,,0,0,1,0,2264,1514
8.317,fq_codel,1514,1,15,5970,,,,,,0,0,1,0,2270,1514
8.329,fq_codel,1514,1,15,5979,,,,,,0,0,0,1,2274,1514
8.340,fq_codel,1514,1,15,5990,,,,,,0,0,1,0,2278,1514
8.352,fq_codel,1514,1,15,5995,,,,,,0,0,1,0,2283,1514
8.363,fq_codel,1514,1,15,6003,,,,,,0,0,1,0,2291,1514
8.375,fq_codel,1514,1,15,6013,,,,,,0,0,0,1,2295,1514
8.387,fq_codel,1514,1,15,6022,,,,,,0,0,1,0,2301,1514
8.399,fq_codel,0,0,15,6026,,,,,,0,0,0,0,2305,1514
8.411,fq_codel,1514,1,15,6037,,,,,,0,0,0,1,2314,1514
8.422,fq_codel,1514,1,15,6047,,,,,,0,0,0,1,2316,1514
8.434,fq_codel,1514,1,15,6055,,,,,,0,0,0,1,2322,1514
8.446,fq_codel,1514,1,15,6063,,,,,,0,0,1,0,2330,1514
8.458,fq_codel,1514,1,15,6073,,,,,,0,0,0,1,2334,1514
8.470,fq_codel,1514,1,15,6083,,,,,,0,0,0,1,2334,1514
8.481,fq_codel,1514,1,15,6090,,,,,,0,0,0,1,2339,1514
8.493,fq_codel,1514,1,15,6099,,,,,,0,0,0,1,2346,1514
8.505,fq_codel,1514,1,15,6109,,,,,,0,0,0,1,2347,1514
8.517,fq_codel,0,0,15,6117,,,,,,0,0,0,0,2349,1514
8.529,fq_codel,0,0,15,6127,,,,,,0,0,0,0,2359,1514
8.541,fq_codel,3028,2,15,6138,,,,,,0,0,0,1,2362,1514
8.553,fq_codel,3028,2,15,6148,,,,,,0,0,0,1,2362,1514
8.565,fq_codel,0,0,15,6156,,,,,,0,0,0,0,2367,1514
8.577,fq_codel,1514,1,15,6166,,,,,,0,0,1,0,2377,1514
8.589,fq_codel,3028,2,15,6176,,,,,,0,0,0,1,2378,1514
8.601,fq_codel,0,0,15,6185,,,,,,0,0,0,0,2378,1514
8.613,fq_codel,1514,1,15,6196,,,,,,0,0,1,0,2387,1514
8.625,fq_codel,1514,1,15,6206,,,,,,0,0,0,1,2395,1514
8.637,fq_codel,3028,2,15,6216,,,,,,0,0,0,1,2397,1514
8.648,fq_codel,3028,2,15,6226,,,,,,0,0,0,1,2397,1514
8.660,fq_codel,1514,1,15,6236,,,,,,0,0,0,1,2397,1514
8.672,fq_codel,3028,2,15,6246,,,,,,0,0,0,1,2397,1514
8.684,fq_codel,3028,2,15,6256,,,,,,0,0,0,1,2397,1514
8.696,fq_codel,3028,2,15,6266,,,,,,0,0,0,1,2397,1514
8.708,fq_codel,3028,3,15,6277,,,,,,0,0,0,1,2397,1514
8.721,fq_codel,6056,4,15,6287,,,,,,0,0,0,1,2397,1514
8.734,fq_codel,4542,3,15,6297,,,,,,0,0,0,1,2398,1514
8.746,fq_codel,6056,4,15,6307,,,,,,0,0,0,1,2398,1514
8.758,fq_codel,7570,5,15,6317,,,,,,0,0,0,1,2398,1514
8.769,fq_codel,7570,5,15,6327,,,,,,0,0,0,1,2398,1514
8.781,fq_codel,7570,5,15,6337,,,,,,0,0,0,1,2398,1514
8.793,fq_codel,6056,4,15,6347,,,,,,0,0,0,1,2398,1514
8.805,fq_codel,7570,5,15,6356,,,,,,0,0,0,1,2398,1514
8.817,fq_codel,7570,5,15,6366,,,,,,0,0,0,1,2398,1514
8.829,fq_codel,7570,5,15,6376,,,,,,0,0,0,1,2398,1514
8.841,fq_codel,9084,6,15,6387,,,,,,0,0,0,1,2399,1514
8.852,fq_codel,9084,6,15,6396,,,,,,0,0,0,1,2399,1514
8.864,fq_codel,9084,6,15,6406,,,,,,0,0,0,1,2399,1514
8.876,fq_codel,9084,6,15,6416,,,,,,0,0,0,1,2399,1514
8.888,fq_codel,10598,7,15,6426,,,,,,0,0,0,1,2399,1514
8.900,fq_codel,10598,7,15,6436,,,,,,0,0,0,1,2399,1514
8.912,fq_codel,12112,8,15,6445,,,,,,0,0,0,1,2399,1514
8.924,fq_codel,12112,8,15,6455,,,,,,0,0,0,1,2399,1514
8.936,fq_codel,12112,8,15,6466,,,,,,0,0,0,1,2400,1514
8.948,fq_codel,12112,8,15,6476,,,,,,0,0,0,1,2400,1514
8.960,fq_codel,10598,7,16,6486,,,,,,0,0,0,1,2400,1514
8.972,fq_codel,10598,7,16,6496,,,,,,0,0,0,1,2400,1514
8.984,fq_codel,10598,7,16,6506,,,,,,0,0,0,1,2400,1514
8.996,fq_codel,10598,7,16,6515,,,,,,0,0,0,1,2400,1514
9.008,fq_codel,3028,2,16,6525,,,,,,0,0,0,1,2400,1514
9.019,fq_codel,0,0,16,6531,,,,,,0,0,0,0,2404,1514
9.031,fq_codel,0,0,16,6536,,,,,,0,0,0,0,2409,1514
9.043,fq_codel,1514,1,16,6543,,,,,,0,0,1,0,2416,1514
9.055,fq_codel,0,0,16,6551,,,,,,0,0,0,0,2424,1514
9.067,fq_codel,0,0,16,6555,,,,,,0,0,0,0,2428,1514
9.079,fq_codel,1514,1,16,6561,,,,,,0,0,1,0,2434,1514
9.091,fq_codel,1514,1,16,6569,,,,,,0,0,0,1,2438,1514
9.103,fq_codel,0,0,16,6575,,,,,,0,0,0,0,2443,1514
9.115,fq_codel,1514,1,16,6581,,,,,,0,0,1,0,2449,1514
9.126,fq_codel,0,0,16,6585,,,,,,0,0,0,0,2453,1514
9.138,fq_codel,1514,1,16,6597,,,,,,0,0,0,1,2457,1514
9.151,fq_codel,0,0,16,6601,,,,,,0,0,0,0,2461,1514
9.163,fq_codel,0,0,16,6607,,,,,,0,0,0,0,2467,1514
9.175,fq_codel,1514,1,16,6616,,,,,,0,0,0,1,2471,1514
9.187,fq_codel,0,0,16,6623,,,,,,0,0,0,0,2472,1514
9.199,fq_codel,0,0,16,6629,,,,,,0,0,0,0,2478,1514
9.211,fq_codel,0,0,16,6635,,,,,,0,0,0,0,2484,1514
9.223,fq_codel,1514,1,16,6646,,,,,,0,0,0,1,2489,1514
9.235,fq_codel,0,0,16,6653,,,,,,0,0,0,0,2494,1514
9.247,fq_codel,0,0,16,6657,,,,,,0,0,0,0,2498,1514
9.259,fq_codel,3028,2,16,6667,,,,,,0,0,0,1,2504,1514
9.271,fq_codel,1514,1,16,6677,,,,,,0,0,0,1,2505,1514
9.283,fq_codel,0,0,16,6681,,,,,,0,0,0,0,2509,1514
9.295,fq_codel,1514,1,16,6689,,,,,,0,0,1,0,2517,1514
9.307,fq_codel,1514,1,16,6699,,,,,,0,0,0,1,2523,1514
9.319,fq_codel,0,0,16,6706,,,,,,0,0,0,0,2527,1514
9.330,fq_codel,0,0,16,6710,,,,,,0,0,0,0,2531,1514
9.342,fq_codel,1514,1,16,6722,,,,,,0,0,0,1,2538,1514
9.354,fq_codel,1514,1,16,6732,,,,,,0,0,0,1,2538,1514
9.366,fq_codel,0,0,16,6737,,,,,,0,0,0,0,2541,1514
9.378,fq_codel,0,0,16,6745,,,,,,0,0,0,0,2549,1514
9.390,fq_codel,1514,1,16,6755,,,,,,0,0,0,1,2553,1514
9.402,fq_codel,0,0,16,6763,,,,,,0,0,0,0,2557,1514
9.414,fq_codel,1514,1,16,6770,,,,,,0,0,1,0,2563,1514
9.425,fq_codel,3028,2,16,6780,,,,,,0,0,1,0,2572,1514
9.437,fq_codel,3028,2,16,6791,,,,,,0,0,0,1,2576,1514
9.449,fq_codel,1514,1,16,6799,,,,,,0,0,0,1,2579,1514
9.461,fq_codel,0,0,16,6805,,,,,,0,0,0,0,2585,1514
9.473,fq_codel,3028,2,16,6816,,,,,,0,0,1,0,2594,1514
9.485,fq_codel,3028,2,16,6826,,,,,,0,0,1,0,2599,1514
9.497,fq_codel,1514,1,16,6832,,,,,,0,0,0,1,2603,1514
9.508,fq_codel,3028,2,16,6842,,,,,,0,0,1,0,2612,1514
9.520,fq_codel,3028,2,16,6852,,,,,,0,0,1,0,2617,1514
9.532,fq_codel,0,0,16,6861,,,,,,0,0,0,0,2621,1514
9.544,fq_codel,1514,1,16,6871,,,,,,0,0,1,0,2631,1514
9.556,fq_codel,3028,2,16,6880,,,,,,0,0,1,0,2639,1514
9.568,fq_codel,3028,2,16,6890,,,,,,0,0,1,0,2644,1514
9.580,fq_codel,1514,1,16,6899,,,,,,0,0,1,0,2650,1514
9.591,fq_codel,0,0,16,6908,,,,,,0,0,0,0,2657,1514
9.603,fq_codel,3028,2,16,6918,,,,,,0,0,1,0,2663,1514
9.615,fq_codel,3028,2,16,6928,,,,,,0,0,1,0,2668,1514
9.627,fq_codel,1514,1,16,6938,,,,,,0,0,1,0,2677,1514
9.639,fq_codel,1514,1,16,6949,,,,,,0,0,0,1,2682,1514
9.651,fq_codel,3028,2,16,6958,,,,,,0,0,0,1,2682,1514
9.662,fq_codel,3028,2,16,6968,,,,,,0,0,0,1,2682,1514
9.674,fq_codel,1514,1,16,6978,,,,,,0,0,0,1,2682,1514
9.686,fq_codel,3028,2,16,6988,,,,,,0,0,0,1,2683,1514
9.698,fq_codel,3028,2,16,6998,,,,,,0,0,0,1,2683,1514
9.710,fq_codel,3028,2,16,7008,,,,,,0,0,0,1,2683,1514
9.722,fq_codel,3028,2,16,7017,,,,,,0,0,0,1,2683,1514
9.734,fq_codel,6056,4,16,7027,,,,,,0,0,0,1,2683,1514
9.746,fq_codel,6056,4,16,7038,,,,,,0,0,0,1,2684,1514
9.757,fq_codel,4542,3,16,7047,,,,,,0,0,0,1,2684,1514
9.769,fq_codel,7570,5,16,7057,,,,,,0,0,0,1,2684,1514
9.781,fq_codel,7570,5,16,7067,,,,,,0,0,0,1,2684,1514
9.793,fq_codel,7570,5,16,7077,,,,,,0,0,0,1,2684,1514
9.805,fq_codel,6056,4,16,7086,,,,,,0,0,0,1,2684,1514
9.816,fq_codel,7570,5,16,7096,,,,,,0,0,0,1,2684,1514
9.828,fq_codel,7570,5,16,7106,,,,,,0,0,0,1,2684,1514
9.840,fq_codel,7570,5,16,7117,,,,,,0,0,0,1,2685,1514
9.852,fq_codel,7570,5,16,7127,,,,,,0,0,0,1,2685,1514
9.864,fq_codel,10598,7,16,7137,,,,,,0,0,0,1,2685,1514
9.876,fq_codel,9084,6,16,7146,,,,,,0,0,0,1,2685,1514
9.888,fq_codel,9084,6,16,7156,,,,,,0,0,0,1,2685,1514
9.900,fq_codel,9084,6,16,7166,,,,,,0,0,0,1,2685,1514
9.911,fq_codel,12112,8,16,7175,,,,,,0,0,0,1,2685,1514
9.923,fq_codel,12112,8,16,7185,,,,,,0,0,0,1,2685,1514
9.935,fq_codel,12112,8,16,7195,,,,,,0,0,0,1,2685,1514
9.947,fq_codel,12112,8,16,7206,,,,,,0,0,0,1,2686,1514
9.959,fq_codel,13626,9,16,7215,,,,,,0,0,0,1,2686,1514
9.970,fq_codel,12112,8,17,7225,,,,,,0,0,0,1,2686,1514
9.982,fq_codel,12112,8,17,7235,,,,,,0,0,0,1,2686,1514
9.994,fq_codel,12112,8,17,7245,,,,,,0,0,0,1,2686,1514
10.006,fq_codel,12112,8,17,7255,,,,,,0,0,0,1,2686,1514
10.018,fq_codel,7570,5,17,7264,,,,,,0,0,0,1,2686,1514
10.030,fq_codel,0,0,17,7272,,,,,,0,0,0,0,2687,1514
10.041,fq_codel,0,0,17,7278,,,,,,0,0,0,0,2693,1514
10.053,fq_codel,0,0,17,7283,,,,,,0,0,0,0,2698,1514
10.065,fq_codel,0,0,17,7291,,,,,,0,0,0,0,2706,1514
10.077,fq_codel,0,0,17,7297,,,,,,0,0,0,0,2712,1514
10.089,fq_codel,1514,1,17,7303,,,,,,0,0,1,0,2718,1514
10.101,fq_codel,0,0,17,7308,,,,,,0,0,0,0,2722,1514
10.113,fq_codel,0,0,17,7317,,,,,,0,0,0,0,2727,1514
10.125,fq_codel,0,0,17,7321,,,,,,0,0,0,0,2731,1514
10.137,fq_codel,0,0,17,7328,,,,,,0,0,0,0,2738,1514
10.150,fq_codel,3028,2,17,7338,,,,,,0,0,0,1,2742,1514
10.162,fq_codel,1514,1,17,7345,,,,,,0,0,1,0,2747,1514
10.175,fq_codel,0,0,17,7349,,,,,,0,0,0,0,2751,1514
10.187,fq_codel,3028,2,17,7357,,,,,,0,0,0,1,2757,1514
10.199,fq_codel,1514,1,17,7367,,,,,,0,0,0,1,2758,1514
10.211,fq_codel,0,0,17,7371,,,,,,0,0,0,0,2762,1514
10.223,fq_codel,1514,1,17,7377,,,,,,0,0,1,0,2768,1514
10.235,fq_codel,3028,2,17,7386,,,,,,0,0,0,1,2773,1514
10.247,fq_codel,0,0,17,7395,,,,,,0,0,0,0,2776,1514
10.259,fq_codel,0,0,17,7399,,,,,,0,0,0,0,2780,1514
10.271,fq_codel,1514,1,17,7408,,,,,,0,0,0,1,2788,1514
10.283,fq_codel,3028,2,17,7418,,,,,,0,0,0,1,2790,1514
10.295,fq_codel,0,0,17,7423,,,,,,0,0,0,0,2793,1514
10.307,fq_codel,0,0,17,7429,,,,,,0,0,0,0,2799,1514
10.319,fq_codel,1514,1,17,7439,,,,,,0,0,0,1,2805,1514
10.331,fq_codel,0,0,17,7448,,,,,,0,0,0,0,2807,1514
10.343,fq_codel,1514,1,17,7455,,,,,,0,0,1,0,2814,1514
10.355,fq_codel,3028,2,17,7463,,,,,,0,0,1,0,2822,1514
10.367,fq_codel,3028,2,17,7473,,,,,,0,0,1,0,2827,1514
10.378,fq_codel,1514,1,17,7481,,,,,,0,0,1,0,2832,1514
10.391,fq_codel,1514,1,17,7487,,,,,,0,0,1,0,2838,1514
10.402,fq_codel,1514,1,17,7497,,,,,,0,0,0,1,2842,1514
10.415,fq_codel,3028,2,17,7506,,,,,,0,0,0,1,2842,1514
10.427,fq_codel,0,0,17,7512,,,,,,0,0,0,0,2846,1514
10.438,fq_codel,0,0,17,7521,,,,,,0,0,0,0,2855,1514
10.451,fq_codel,1514,1,17,7532,,,,,,0,0,0,1,2856,1514
10.463,fq_codel,0,0,17,7540,,,,,,0,0,0,0,2857,1514
10.474,fq_codel,0,0,17,7547,,,,,,0,0,0,0,2863,1514
10.486,fq_codel,3028,2,17,7558,,,,,,0,0,1,0,2873,1514
10.498,fq_codel,3028,2,17,7568,,,,,,0,0,1,0,2878,1514
10.510,fq_codel,1514,1,17,7575,,,,,,0,0,1,0,2883,1514
10.522,fq_codel,1514,1,17,7584,,,,,,0,0,1,0,2891,1514
10.534,fq_codel,3028,2,17,7594,,,,,,0,0,1,0,2896,1514
10.547,fq_codel,0,0,17,7604,,,,,,0,0,0,0,2899,1514
10.559,fq_codel,1514,1,17,7613,,,,,,0,0,1,0,2907,1514
10.571,fq_codel,1514,1,17,7623,,,,,,0,0,0,1,2916,1514
10.583,fq_codel,1514,1,17,7633,,,,,,0,0,0,1,2920,1514
10.595,fq_codel,0,0,17,7641,,,,,,0,0,0,0,2925,1514
10.607,fq_codel,0,0,17,7650,,,,,,0,0,0,0,2932,1514
10.618,fq_codel,1514,1,17,7661,,,,,,0,0,0,1,2939,1514
10.630,fq_codel,1514,1,17,7671,,,,,,0,0,0,1,2944,1514
10.642,fq_codel,1514,1,17,7682,,,,,,0,0,0,1,2950,1514
10.654,fq_codel,1514,1,17,7691,,,,,,0,0,0,1,2954,1514
10.665,fq_codel,1514,1,17,7701,,,,,,0,0,0,1,2954,1514
10.677,fq_codel,1514,1,17,7711,,,,,,0,0,0,1,2954,1514
10.689,fq_codel,3028,2,17,7721,,,,,,0,0,1,0,2958,1514
10.701,fq_codel,4542,3,17,7731,,,,,,0,0,0,1,2960,1514
10.713,fq_codel,4542,3,17,7741,,,,,,0,0,0,1,2960,1514
10.725,fq_codel,4542,3,17,7751,,,,,,0,0,0,1,2960,1514
10.737,fq_codel,4542,3,17,7760,,,,,,0,0,0,1,2960,1514
10.749,fq_codel,4542,3,17,7771,,,,,,0,0,0,1,2961,1514
10.761,fq_codel,4542,3,17,7781,,,,,,0,0,0,1,2961,1514
10.773,fq_codel,4542,3,17,7791,,,,,,0,0,0,1,2961,1514
10.785,fq_codel,6056,4,17,7800,,,,,,0,0,0,1,2961,1514
10.796,fq_codel,6056,4,17,7810,,,,,,0,0,0,1,2961,1514
10.808,fq_codel,6056,4,17,7820,,,,,,0,0,0,1,2961,1514
10.820,fq_codel,6056,4,17,7830,,,,,,0,0,0,1,2961,1514
10.832,fq_codel,9084,6,17,7839,,,,,,0,0,0,1,2961,1514
10.844,fq_codel,9084,6,17,7850,,,,,,0,0,0,1,2962,1514
10.855,fq_codel,9084,6,17,7860,,,,,,0,0,0,1,2962,1514
10.867,fq_codel,9084,6,17,7870,,,,,,0,0,0,1,2962,1514
10.879,fq_codel,9084,6,17,7880,,,,,,0,0,0,1,2962,1514
10.891,fq_codel,10598,7,17,7889,,,,,,0,0,0,1,2962,1514
10.903,fq_codel,10598,7,17,7899,,,,,,0,0,0,1,2962,1514
10.915,fq_codel,10598,7,17,7909,,,,,,0,0,0,1,2962,1514
10.927,fq_codel,12112,8,17,7919,,,,,,0,0,0,1,2962,1514
10.938,fq_codel,10598,7,17,7928,,,,,,0,0,0,1,2962,1514
10.950,fq_codel,10598,7,17,7939,,,,,,0,0,0,1,2963,1514
10.962,fq_codel,10598,7,17,7949,,,,,,0,0,0,1,2963,1514
10.975,fq_codel,13626,9,17,7959,,,,,,0,0,0,1,2963,1514
10.986,fq_codel,12112,8,18,7969,,,,,,0,0,0,1,2963,1514
10.998,fq_codel,10598,7,18,7978,,,,,,0,0,0,1,2963,1514
11.010,fq_codel,10598,7,18,7988,,,,,,0,0,0,1,2963,1514
11.022,fq_codel,10598,7,18,7998,,,,,,0,0,0,1,2963,1514
11.033,fq_codel,6056,4,18,8008,,,,,,0,0,0,1,2963,1514
11.045,fq_codel,0,0,18,8017,,,,,,0,0,0,0,2965,1514
11.057,fq_codel,0,0,18,8022,,,,,,0,0,0,0,2970,1514
11.069,fq_codel,0,0,18,8027,,,,,,0,0,0,0,2975,1514
11.080,fq_codel,1514,1,18,8035,,,,,,0,0,1,0,2983,1514
11.092,fq_codel,1514,1,18,8041,,,,,,0,0,1,0,2989,1514
11.104,fq_codel,0,0,18,8045,,,,,,0,0,0,0,2993,1514
11.116,fq_codel,3028,2,18,8051,,,,,,0,0,1,0,2999,1514
11.127,fq_codel,0,0,18,8059,,,,,,0,0,0,0,3002,1514
11.139,fq_codel,0,0,18,8065,,,,,,0,0,0,0,3008,1514
11.151,fq_codel,0,0,18,8070,,,,,,0,0,0,0,3013,1514
11.163,fq_codel,3028,2,18,8079,,,,,,0,0,1,0,3020,1514
11.175,fq_codel,1514,1,18,8087,,,,,,0,0,1,0,3023,1514
11.186,fq_codel,0,0,18,8091,,,,,,0,0,0,0,3027,1514
11.198,fq_codel,1514,1,18,8097,,,,,,0,0,1,0,3033,1514
11.210,fq_codel,1514,1,18,8107,,,,,,0,0,0,1,3039,1514
11.222,fq_codel,0,0,18,8113,,,,,,0,0,0,0,3044,1514
11.233,fq_codel,0,0,18,8117,,,,,,0,0,0,0,3048,1514
11.245,fq_codel,1514,1,18,8126,,,,,,0,0,0,1,3056,1514
11.257,fq_codel,3028,2,18,8136,,,,,,0,0,0,1,3057,1514
11.269,fq_codel,0,0,18,8141,,,,,,0,0,0,0,3061,1514
11.280,fq_codel,0,0,18,8145,,,,,,0,0,0,0,3065,1514
11.292,fq_codel,1514,1,18,8156,,,,,,0,0,0,1,3073,1514
11.304,fq_codel,0,0,18,8165,,,,,,0,0,0,0,3077,1514
11.316,fq_codel,0,0,18,8169,,,,,,0,0,0,0,3081,1514
11.327,fq_codel,1514,1,18,8177,,,,,,0,0,1,0,3089,1514
11.339,fq_codel,1514,1,18,8187,,,,,,0,0,0,1,3095,1514
11.351,fq_codel,0,0,18,8195,,,,,,0,0,0,0,3100,1514
11.363,fq_codel,0,0,18,8201,,,,,,0,0,0,0,3106,1514
11.376,fq_codel,1514,1,18,8212,,,,,,0,0,0,1,3114,1514
11.388,fq_codel,0,0,18,8220,,,,,,0,0,0,0,3118,1514
11.400,fq_codel,1514,1,18,8227,,,,,,0,0,1,0,3123,1514
11.412,fq_codel,1514,1,18,8235,,,,,,0,0,1,0,3131,1514
11.424,fq_codel,1514,1,18,8245,,,,,,0,0,0,1,3137,1514
11.435,fq_codel,1514,1,18,8253,,,,,,0,0,1,0,3142,1514
11.447,fq_codel,0,0,18,8259,,,,,,0,0,0,0,3147,1514
11.459,fq_codel,1514,1,18,8270,,,,,,0,0,0,1,3156,1514
11.471,fq_codel,1514,1,18,8280,,,,,,0,0,0,1,3161,1514
11.483,fq_codel,0,0,18,8287,,,,,,0,0,0,0,3165,1514
11.495,fq_codel,1514,1,18,8295,,,,,,0,0,1,0,3173,1514
11.507,fq_codel,1514,1,18,8305,,,,,,0,0,0,1,3180,1514
11.519,fq_codel,1514,1,18,8315,,,,,,0,0,0,1,3185,1514
11.531,fq_codel,1514,1,18,8322,,,,,,0,0,1,0,3191,1514
11.543,fq_codel,3028,2,18,8332,,,,,,0,0,1,0,3198,1514
11.555,fq_codel,3028,2,18,8343,,,,,,0,0,0,1,3200,1514
11.567,fq_codel,0,0,18,8350,,,,,,0,0,0,0,3201,1514
11.579,fq_codel,1514,1,18,8361,,,,,,0,0,1,0,3212,1514
11.591,fq_codel,3028,2,18,8370,,,,,,0,0,1,0,3219,1514
11.602,fq_codel,3028,2,18,8380,,,,,,0,0,1,0,3224,1514
11.614,fq_codel,1514,1,18,8389,,,,,,0,0,1,0,3231,1514
11.626,fq_codel,1514,1,18,8399,,,,,,0,0,0,1,3235,1514
11.638,fq_codel,3028,2,18,8408,,,,,,0,0,0,1,3235,1514
11.650,fq_codel,0,0,18,8418,,,,,,0,0,0,0,3236,1514
11.661,fq_codel,1514,1,18,8429,,,,,,0,0,0,1,3241,1514
11.673,fq_codel,3028,2,18,8438,,,,,,0,0,0,1,3244,1514
11.685,fq_codel,3028,2,18,8448,,,,,,0,0,0,1,3245,1514
11.697,fq_codel,3028,2,18,8458,,,,,,0,0,1,0,3250,1514
11.708,fq_codel,1514,1,18,8468,,,,,,0,0,0,1,3254,1514
11.720,fq_codel,3028,2,18,8478,,,,,,0,0,0,1,3255,1514
11.733,fq_codel,3028,2,18,8488,,,,,,0,0,0,1,3255,1514
11.744,fq_codel,4640,4,18,8497,,,,,,0,0,1,1,3256,1514
11.756,fq_codel,6056,4,18,8508,,,,,,0,0,0,1,3256,1514
11.768,fq_codel,6056,4,18,8518,,,,,,0,0,0,1,3256,1514
11.780,fq_codel,6056,4,18,8528,,,,,,0,0,0,1,3256,1514
11.792,fq_codel,6056,4,18,8538,,,,,,0,0,0,1,3256,1514
11.804,fq_codel,6056,4,18,8548,,,,,,0,0,0,1,3256,1514
11.816,fq_codel,7570,5,18,8557,,,,,,0,0,0,1,3256,1514
11.828,fq_codel,7570,5,18,8567,,,,,,0,0,0,1,3256,1514
11.840,fq_codel,7570,5,18,8577,,,,,,0,0,0,1,3256,1514
11.852,fq_codel,9084,6,18,8588,,,,,,0,0,0,1,3257,1514
11.864,fq_codel,9084,6,18,8598,,,,,,0,0,0,1,3257,1514
11.875,fq_codel,7570,5,18,8607,,,,,,0,0,0,1,3257,1514
11.887,fq_codel,7570,5,18,8617,,,,,,0,0,0,1,3257,1514
11.899,fq_codel,10598,7,18,8627,,,,,,0,0,0,1,3257,1514
11.911,fq_codel,10598,7,18,8637,,,,,,0,0,0,1,3257,1514
11.923,fq_codel,10598,7,18,8647,,,,,,0,0,0,1,3257,1514
11.935,fq_codel,9084,6,18,8656,,,,,,0,0,0,1,3257,1514
11.947,fq_codel,10598,7,18,8667,,,,,,0,0,0,1,3258,1514
11.959,fq_codel,10598,7,18,8677,,,,,,0,0,0,1,3258,1514
11.970,fq_codel,10598,7,18,8687,,,,,,0,0,0,1,3258,1514
11.982,fq_codel,12112,8,18,8696,,,,,,0,0,0,1,3258,1514
11.994,fq_codel,12112,8,18,8706,,,,,,0,0,0,1,3258,1514
12.006,fq_codel,10598,7,19,8716,,,,,,0,0,0,1,3258,1514
12.018,fq_codel,10598,7,19,8726,,,,,,0,0,0,1,3258,1514
12.030,fq_codel,10598,7,19,8736,,,,,,0,0,0,1,3258,1514
12.042,fq_codel,10598,7,19,8746,,,,,,0,0,0,1,3258,1514
12.053,fq_codel,4542,3,19,8756,,,,,,0,0,0,1,3259,1514
12.065,fq_codel,0,0,19,8763,,,,,,0,0,0,0,3262,1514
12.077,fq_codel,0,0,19,8768,,,,,,0,0,0,0,3267,1514
12.089,fq_codel,0,0,19,8772,,,,,,0,0,0,0,3271,1514
12.101,fq_codel,0,0,19,8781,,,,,,0,0,0,0,3279,1514
12.113,fq_codel,1514,1,19,8787,,,,,,0,0,1,0,3285,1514
12.125,fq_codel,0,0,19,8791,,,,,,0,0,0,0,3289,1514
12.136,fq_codel,1514,1,19,8799,,,,,,0,0,0,1,3294,1514
12.149,fq_codel,1514,1,19,8808,,,,,,0,0,1,0,3300,1514
12.161,fq_codel,0,0,19,8812,,,,,,0,0,0,0,3304,1514
12.173,fq_codel,1514,1,19,8818,,,,,,0,0,1,0,3310,1514
12.185,fq_codel,3028,2,19,8828,,,,,,0,0,1,0,3313,1514
12.197,fq_codel,0,0,19,8833,,,,,,0,0,0,0,3317,1514
12.208,fq_codel,0,0,19,8837,,,,,,0,0,0,0,3321,1514
12.220,fq_codel,1514,1,19,8846,,,,,,0,0,0,1,3329,1514
12.232,fq_codel,1514,1,19,8855,,,,,,0,0,0,1,3333,1514
12.244,fq_codel,0,0,19,8859,,,,,,0,0,0,0,3337,1514
12.256,fq_codel,1514,1,19,8866,,,,,,0,0,1,0,3344,1514
12.268,fq_codel,1514,1,19,8876,,,,,,0,0,0,1,3350,1514
12.279,fq_codel,0,0,19,8883,,,,,,0,0,0,0,3354,1514
12.291,fq_codel,1514,1,19,8889,,,,,,0,0,1,0,3360,1514
12.303,fq_codel,3028,2,19,8896,,,,,,0,0,1,0,3367,1514
12.315,fq_codel,3028,2,19,8906,,,,,,0,0,0,1,3371,1514
12.327,fq_codel,0,0,19,8911,,,,,,0,0,0,0,3374,1514
12.339,fq_codel,0,0,19,8917,,,,,,0,0,0,0,3380,1514
12.351,fq_codel,1514,1,19,8929,,,,,,0,0,0,1,3387,1514
12.363,fq_codel,0,0,19,8937,,,,,,0,0,0,0,3387,1514
12.375,fq_codel,1514,1,19,8943,,,,,,0,0,1,0,3393,1514
12.387,fq_codel,1514,1,19,8951,,,,,,0,0,0,1,3399,1514
12.398,fq_codel,3028,2,19,8961,,,,,,0,0,0,1,3405,1514
12.410,fq_codel,1514,1,19,8969,,,,,,0,0,1,0,3409,1514
12.422,fq_codel,0,0,19,8973,,,,,,0,0,0,0,3413,1514
12.434,fq_codel,1514,1,19,8984,,,,,,0,0,0,1,3422,1514
12.446,fq_codel,3028,2,19,8994,,,,,,0,0,1,0,3427,1514
12.458,fq_codel,0,0,19,9001,,,,,,0,0,0,0,3432,1514
12.470,fq_codel,0,0,19,9009,,,,,,0,0,0,0,3440,1514
12.482,fq_codel,3028,2,19,9020,,,,,,0,0,1,0,3448,1514
12.494,fq_codel,0,0,19,9028,,,,,,0,0,0,0,3451,1514
12.506,fq_codel,0,0,19,9035,,,,,,0,0,0,0,3457,1514
12.518,fq_codel,3028,2,19,9045,,,,,,0,0,1,0,3466,1514
12.530,fq_codel,3028,2,19,9055,,,,,,0,0,1,0,3471,1514
12.542,fq_codel,0,0,19,9061,,,,,,0,0,0,0,3474,1514
12.554,fq_codel,1514,1,19,9073,,,,,,0,0,0,1,3482,1514
12.566,fq_codel,1514,1,19,9083,,,,,,0,0,0,1,3487,1514
12.578,fq_codel,1514,1,19,9093,,,,,,0,0,0,1,3488,1514
12.590,fq_codel,1514,1,19,9101,,,,,,0,0,1,0,3495,1514
12.602,fq_codel,3028,2,19,9111,,,,,,0,0,1,0,3502,1514
12.614,fq_codel,3028,2,19,9121,,,,,,0,0,0,1,3502,1514
12.626,fq_codel,1514,1,19,9129,,,,,,0,0,0,1,3504,1514
12.638,fq_codel,0,0,19,9138,,,,,,0,0,0,0,3513,1514
12.650,fq_codel,3028,2,19,9150,,,,,,0,0,0,1,3520,1514
12.662,fq_codel,3028,2,19,9160,,,,,,0,0,0,1,3520,1514
12.674,fq_codel,1514,1,19,9170,,,,,,0,0,0,1,3524,1514
12.686,fq_codel,1514,1,19,9180,,,,,,0,0,0,1,3528,1514
12.698,fq_codel,1514,1,19,9190,,,,,,0,0,0,1,3532,1514
12.710,fq_codel,1514,1,19,9200,,,,,,0,0,0,1,3537,1514
12.722,fq_codel,3028,2,19,9209,,,,,,0,0,1,0,3541,1514
12.734,fq_codel,3028,2,19,9219,,,,,,0,0,0,1,3544,1514
12.745,fq_codel,3028,2,19,9229,,,,,,0,0,0,1,3544,1514
12.757,fq_codel,4542,3,19,9239,,,,,,0,0,0,1,3545,1514
12.769,fq_codel,4542,3,19,9249,,,,,,0,0,0,1,3545,1514
12.781,fq_codel,6056,4,19,9259,,,,,,0,0,0,1,3545,1514
12.793,fq_codel,6056,4,19,9269,,,,,,0,0,0,1,3545,1514
12.805,fq_codel,4542,3,19,9279,,,,,,0,0,0,1,3545,1514
12.816,fq_codel,4542,3,19,9288,,,,,,0,0,0,1,3545,1514
12.828,fq_codel,7570,5,19,9298,,,,,,0,0,0,1,3545,1514
12.840,fq_codel,7570,5,19,9308,,,,,,0,0,0,1,3545,1514
12.852,fq_codel,6056,4,19,9319,,,,,,0,0,0,1,3546,1514
12.864,fq_codel,7570,5,19,9328,,,,,,0,0,0,1,3546,1514
12.876,fq_codel,7570,5,19,9338,,,,,,0,0,0,1,3546,1514
12.888,fq_codel,7570,5,19,9348,,,,,,0,0,0,1,3546,1514
12.900,fq_codel,9084,6,19,9358,,,,,,0,0,0,1,3546,1514
12.912,fq_codel,10598,7,19,9368,,,,,,0,0,0,1,3546,1514
12.924,fq_codel,10598,7,19,9378,,,,,,0,0,0,1,3546,1514
12.936,fq_codel,10598,7,19,9388,,,,,,0,0,0,1,3546,1514
12.947,fq_codel,9084,6,19,9397,,,,,,0,0,0,1,3546,1514
12.959,fq_codel,10598,7,19,9408,,,,,,0,0,0,1,3547,1514
12.971,fq_codel,10598,7,19,9418,,,,,,0,0,0,1,3547,1514
12.983,fq_codel,10598,7,19,9428,,,,,,0,0,0,1,3547,1514
12.995,fq_codel,10598,7,19,9438,,,,,,0,0,0,1,3547,1514
13.007,fq_codel,12112,8,19,9448,,,,,,0,0,0,1,3547,1514
13.019,fq_codel,10598,7,20,9457,,,,,,0,0,0,1,3547,1514
13.031,fq_codel,10598,7,20,9467,,,,,,0,0,0,1,3547,1514
13.043,fq_codel,10598,7,20,9477,,,,,,0,0,0,1,3547,1514
13.054,fq_codel,12112,8,20,9488,,,,,,0,0,0,1,3548,1514
13.066,fq_codel,9084,6,20,9498,,,,,,0,0,0,1,3548,1514
13.079,fq_codel,1514,1,20,9508,,,,,,0,0,0,1,3548,1514
13.092,fq_codel,0,0,20,9513,,,,,,0,0,0,0,3553,1514
13.103,fq_codel,0,0,20,9518,,,,,,0,0,0,0,3558,1514
13.116,fq_codel,1514,1,20,9526,,,,,,0,0,1,0,3566,1514
13.128,fq_codel,0,0,20,9532,,,,,,0,0,0,0,3572,1514
13.140,fq_codel,1514,1,20,9538,,,,,,0,0,1,0,3578,1514
13.152,fq_codel,1514,1,20,9544,,,,,,0,0,0,1,3583,1514
13.164,fq_codel,0,0,20,9553,,,,,,0,0,0,0,3587,1514
13.176,fq_codel,0,0,20,9557,,,,,,0,0,0,0,3591,1514
13.188,fq_codel,0,0,20,9563,,,,,,0,0,0,0,3597,1514
13.200,fq_codel,3028,2,20,9571,,,,,,0,0,0,1,3601,1514
13.212,fq_codel,0,0,20,9578,,,,,,0,0,0,0,3603,1514
13.224,fq_codel,0,0,20,9584,,,,,,0,0,0,0,3609,1514
13.236,fq_codel,1514,1,20,9590,,,,,,0,0,1,0,3615,1514
13.248,fq_codel,3028,2,20,9599,,,,,,0,0,0,1,3618,1514
13.260,fq_codel,1514,1,20,9607,,,,,,0,0,1,0,3623,1514
13.271,fq_codel,0,0,20,9611,,,,,,0,0,0,0,3627,1514
13.283,fq_codel,3028,2,20,9620,,,,,,0,0,1,0,3636,1514
13.295,fq_codel,1514,1,20,9630,,,,,,0,0,0,1,3639,1514
13.307,fq_codel,0,0,20,9634,,,,,,0,0,0,0,3643,1514
13.319,fq_codel,1514,1,20,9640,,,,,,0,0,1,0,3649,1514
13.331,fq_codel,1514,1,20,9651,,,,,,0,0,0,1,3651,1514
13.342,fq_codel,1514,1,20,9659,,,,,,0,0,1,0,3655,1514
13.354,fq_codel,0,0,20,9664,,,,,,0,0,0,0,3660,1514
13.366,fq_codel,3028,2,20,9673,,,,,,0,0,1,0,3668,1514
13.378,fq_codel,3028,2,20,9683,,,,,,0,0,0,1,3672,1514
13.390,fq_codel,0,0,20,9689,,,,,,0,0,0,0,3676,1514
13.402,fq_codel,1514,1,20,9695,,,,,,0,0,1,0,3682,1514
13.413,fq_codel,3028,2,20,9705,,,,,,0,0,1,0,3689,1514
13.425,fq_codel,1514,1,20,9715,,,,,,0,0,0,1,3693,1514
13.437,fq_codel,0,0,20,9719,,,,,,0,0,0,0,3697,1514
13.449,fq_codel,0,0,20,9727,,,,,,0,0,0,0,3705,1514
13.461,fq_codel,3028,2,20,9739,,,,,,0,0,0,1,3709,1514
13.473,fq_codel,0,0,20,9747,,,,,,0,0,0,0,3710,1514
13.485,fq_codel,0,0,20,9753,,,,,,0,0,0,0,3716,1514
13.497,fq_codel,1514,1,20,9764,,,,,,0,0,0,1,3724,1514
13.509,fq_codel,1514,1,20,9774,,,,,,0,0,0,1,3729,1514
13.521,fq_codel,0,0,20,9779,,,,,,0,0,0,0,3732,1514
13.533,fq_codel,1514,1,20,9789,,,,,,0,0,1,0,3742,1514
13.545,fq_codel,1514,1,20,9799,,,,,,0,0,0,1,3744,1514
13.557,fq_codel,1514,1,20,9810,,,,,,0,0,1,0,3747,1514
13.569,fq_codel,1514,1,20,9817,,,,,,0,0,0,1,3751,1514
13.581,fq_codel,3028,2,20,9827,,,,,,0,0,1,0,3759,1514
13.592,fq_codel,3028,2,20,9837,,,,,,0,0,1,0,3764,1514
13.604,fq_codel,1514,1,20,9844,,,,,,0,0,1,0,3768,1514
13.617,fq_codel,0,0,20,9853,,,,,,0,0,0,0,3777,1514
13.629,fq_codel,3028,2,20,9864,,,,,,0,0,1,0,3785,1514
13.641,fq_codel,3028,2,20,9874,,,,,,0,0,1,0,3790,1514
13.653,fq_codel,0,0,20,9882,,,,,,0,0,0,0,3797,1514
13.665,fq_codel,1514,1,20,9894,,,,,,0,0,0,1,3802,1514
13.676,fq_codel,1514,1,20,9904,,,,,,0,0,0,1,3802,1514
13.688,fq_codel,1514,1,20,9914,,,,,,0,0,0,1,3804,1514
13.700,fq_codel,1514,1,20,9923,,,,,,0,0,1,0,3812,1514
13.712,fq_codel,1514,1,20,9933,,,,,,0,0,0,1,3818,1514
13.724,fq_codel,1514,1,20,9943,,,,,,0,0,0,1,3821,1514
13.736,fq_codel,1514,1,20,9953,,,,,,0,0,0,1,3826,1514
13.748,fq_codel,4542,3,20,9963,,,,,,0,0,0,1,3830,1514
13.760,fq_codel,4542,3,20,9974,,,,,,0,0,0,1,3831,1514
13.772,fq_codel,4542,3,20,9984,,,,,,0,0,0,1,3831,1514
13.784,fq_codel,3028,2,20,9994,,,,,,0,0,0,1,3831,1514
13.796,fq_codel,4542,3,20,10003,,,,,,0,0,0,1,3831,1514
13.808,fq_codel,4542,3,20,10013,,,,,,0,0,0,1,3831,1514
13.820,fq_codel,4542,3,20,10023,,,,,,0,0,0,1,3831,1514
13.832,fq_codel,6056,4,20,10033,,,,,,0,0,0,1,3831,1514
13.844,fq_codel,7570,5,20,10043,,,,,,0,0,0,1,3831,1514
13.856,fq_codel,7570,5,20,10054,,,,,,0,0,0,1,3832,1514
13.868,fq_codel,6056,4,20,10063,,,,,,0,0,0,1,3832,1514
13.880,fq_codel,7570,5,20,10073,,,,,,0,0,0,1,3832,1514
13.892,fq_codel,7570,5,20,10083,,,,,,0,0,0,1,3832,1514
13.903,fq_codel,7570,5,20,10093,,,,,,0,0,0,1,3832,1514
13.915,fq_codel,7570,5,20,10103,,,,,,0,0,0,1,3832,1514
13.927,fq_codel,10598,7,20,10113,,,,,,0,0,0,1,3832,1514
13.939,fq_codel,9084,6,20,10122,,,,,,0,0,0,1,3832,1514
13.951,fq_codel,9084,6,20,10132,,,,,,0,0,0,1,3832,1514
13.963,fq_codel,9084,6,20,10143,,,,,,0,0,0,1,3833,1514
13.975,fq_codel,10598,7,20,10153,,,,,,0,0,0,1,3833,1514
13.987,fq_codel,10598,7,20,10163,,,,,,0,0,0,1,3833,1514
13.999,fq_codel,10598,7,20,10173,,,,,,0,0,0,1,3833,1514
14.011,fq_codel,10598,7,20,10183,,,,,,0,0,0,1,3833,1514
14.023,fq_codel,10598,7,20,10193,,,,,,0,0,0,1,3833,1514
14.035,fq_codel,12112,8,21,10203,,,,,,0,0,0,1,3833,1514
14.047,fq_codel,12112,8,21,10213,,,,,,0,0,0,1,3833,1514
14.059,fq_codel,10598,7,21,10223,,,,,,0,0,0,1,3834,1514
14.071,fq_codel,10598,7,21,10233,,,,,,0,0,0,1,3834,1514
14.083,fq_codel,7570,5,21,10243,,,,,,0,0,0,1,3834,1514
14.095,fq_codel,0,0,21,10252,,,,,,0,0,0,0,3834,1514
14.107,fq_codel,0,0,21,10257,,,,,,0,0,0,0,3839,1514
14.119,fq_codel,0,0,21,10262,,,,,,0,0,0,0,3844,1514
14.131,fq_codel,0,0,21,10269,,,,,,0,0,0,0,3851,1514
14.143,fq_codel,1514,1,21,10277,,,,,,0,0,1,0,3859,1514
14.156,fq_codel,0,0,21,10282,,,,,,0,0,0,0,3864,1514
14.168,fq_codel,3028,2,21,10288,,,,,,0,0,1,0,3870,1514
14.180,fq_codel,1514,1,21,10298,,,,,,0,0,0,1,3874,1514
14.192,fq_codel,0,0,21,10302,,,,,,0,0,0,0,3878,1514
14.204,fq_codel,1514,1,21,10308,,,,,,0,0,1,0,3884,1514
14.216,fq_codel,3028,2,21,10316,,,,,,0,0,0,1,3887,1514
14.228,fq_codel,0,0,21,10323,,,,,,0,0,0,0,3889,1514
14.240,fq_codel,1514,1,21,10329,,,,,,0,0,1,0,3895,1514
14.252,fq_codel,0,0,21,10333,,,,,,0,0,0,0,3899,1514
14.264,fq_codel,3028,2,21,10345,,,,,,0,0,0,1,3904,1514
14.275,fq_codel,0,0,21,10350,,,,,,0,0,0,0,3907,1514
14.287,fq_codel,0,0,21,10356,,,,,,0,0,0,0,3913,1514
14.299,fq_codel,1514,1,21,10364,,,,,,0,0,1,0,3921,1514
14.311,fq_codel,0,0,21,10373,,,,,,0,0,0,0,3925,1514
14.323,fq_codel,1514,1,21,10379,,,,,,0,0,1,0,3931,1514
14.335,fq_codel,1514,1,21,10385,,,,,,0,0,1,0,3937,1514
14.347,fq_codel,3028,2,21,10395,,,,,,0,0,1,0,3943,1514
14.359,fq_codel,1514,1,21,10404,,,,,,0,0,1,0,3948,1514
14.371,fq_codel,0,0,21,10408,,,,,,0,0,0,0,3952,1514
14.383,fq_codel,1514,1,21,10418,,,,,,0,0,0,1,3961,1514
14.395,fq_codel,3028,2,21,10428,,,,,,0,0,0,1,3966,1514
14.407,fq_codel,0,0,21,10433,,,,,,0,0,0,0,3970,1514
14.419,fq_codel,0,0,21,10439,,,,,,0,0,0,0,3976,1514
14.431,fq_codel,1514,1,21,10450,,,,,,0,0,0,1,3983,1514
14.443,fq_codel,0,0,21,10459,,,,,,0,0,0,0,3987,1514
14.455,fq_codel,0,0,21,10464,,,,,,0,0,0,0,3992,1514
14.467,fq_codel,3028,2,21,10475,,,,,,0,0,0,1,3999,1514
14.479,fq_codel,3028,2,21,10485,,,,,,0,0,0,1,3999,1514
14.491,fq_codel,0,0,21,10491,,,,,,0,0,0,0,4001,1514
14.503,fq_codel,1514,1,21,10499,,,,,,0,0,1,0,4008,1514
14.515,fq_codel,3028,2,21,10509,,,,,,0,0,1,0,4011,1514
14.527,fq_codel,0,0,21,10518,,,,,,0,0,0,0,4011,1514
14.539,fq_codel,1514,1,21,10525,,,,,,0,0,1,0,4016,1514
14.551,fq_codel,1514,1,21,10535,,,,,,0,0,1,0,4026,1514
14.563,fq_codel,1514,1,21,10546,,,,,,0,0,0,1,4029,1514
14.575,fq_codel,0,0,21,10554,,,,,,0,0,0,0,4031,1514
14.587,fq_codel,1514,1,21,10563,,,,,,0,0,0,1,4036,1514
14.599,fq_codel,3028,2,21,10573,,,,,,0,0,1,0,4040,1514
14.611,fq_codel,1514,1,21,10582,,,,,,0,0,0,1,4044,1514
14.623,fq_codel,1514,1,21,10590,,,,,,0,0,1,0,4050,1514
14.635,fq_codel,0,0,21,10599,,,,,,0,0,0,0,4059,1514
14.646,fq_codel,3028,2,21,10610,,,,,,0,0,0,1,4060,1514
14.658,fq_codel,1514,1,21,10620,,,,,,0,0,0,1,4061,1514
14.670,fq_codel,0,0,21,10629,,,,,,0,0,0,0,4069,1514
14.683,fq_codel,1514,1,21,10640,,,,,,0,0,0,1,4077,1514
14.695,fq_codel,1514,1,21,10650,,,,,,0,0,0,1,4082,1514
14.707,fq_codel,0,0,21,10658,,,,,,0,0,0,0,4088,1514
14.719,fq_codel,1514,1,21,10669,,,,,,0,0,1,0,4099,1514
14.730,fq_codel,1514,1,21,10679,,,,,,0,0,0,1,4105,1514
14.742,fq_codel,1514,1,21,10689,,,,,,0,0,0,1,4110,1514
14.754,fq_codel,3028,2,21,10699,,,,,,0,0,0,1,4115,1514
14.766,fq_codel,3028,2,21,10709,,,,,,0,0,0,1,4116,1514
14.778,fq_codel,3028,2,21,10719,,,,,,0,0,0,1,4116,1514
14.790,fq_codel,3028,2,21,10729,,,,,,0,0,0,1,4116,1514
14.802,fq_codel,4542,3,21,10739,,,,,,0,0,0,1,4116,1514
14.814,fq_codel,4542,3,21,10749,,,,,,0,0,0,1,4116,1514
14.825,fq_codel,6056,4,21,10758,,,,,,0,0,0,1,4116,1514
14.837,fq_codel,6056,4,21,10768,,,,,,0,0,0,1,4116,1514
14.849,fq_codel,4542,3,21,10778,,,,,,0,0,0,1,4116,1514
14.861,fq_codel,6056,4,21,10789,,,,,,0,0,0,1,4117,1514
14.873,fq_codel,6056,4,21,10799,,,,,,0,0,0,1,4117,1514
14.885,fq_codel,7570,5,21,10808,,,,,,0,0,0,1,4117,1514
14.897,fq_codel,6056,4,21,10818,,,,,,0,0,0,1,4117,1514
14.909,fq_codel,9084,6,21,10828,,,,,,0,0,0,1,4117,1514
14.920,fq_codel,9084,6,21,10838,,,,,,0,0,0,1,4117,1514
14.932,fq_codel,7570,5,21,10847,,,,,,0,0,0,1,4117,1514
14.944,fq_codel,9084,6,21,10858,,,,,,0,0,0,1,4117,1514
14.957,fq_codel,9084,6,21,10868,,,,,,0,0,0,1,4117,1514
14.969,fq_codel,9084,6,21,10879,,,,,,0,0,0,1,4118,1514
14.981,fq_codel,10598,7,21,10888,,,,,,0,0,0,1,4118,1514
14.992,fq_codel,9084,6,21,10898,,,,,,0,0,0,1,4118,1514
15.004,fq_codel,12112,8,21,10908,,,,,,0,0,0,1,4118,1514
15.016,fq_codel,12112,8,21,10918,,,,,,0,0,0,1,4118,1514
15.028,fq_codel,12112,8,21,10928,,,,,,0,0,0,1,4118,1514
15.040,fq_codel,10598,7,21,10937,,,,,,0,0,0,1,4118,1514
15.052,fq_codel,12112,8,22,10947,,,,,,0,0,0,1,4118,1514
15.063,fq_codel,12112,8,22,10958,,,,,,0,0,0,1,4119,1514
15.076,fq_codel,12112,8,22,10968,,,,,,0,0,0,1,4119,1514
15.087,fq_codel,12112,8,22,10978,,,,,,0,0,0,1,4119,1514
15.099,fq_codel,9084,6,22,10987,,,,,,0,0,0,1,4119,1514
15.111,fq_codel,0,0,22,10996,,,,,,0,0,0,0,4119,1514
15.123,fq_codel,0,0,22,11001,,,,,,0,0,0,0,4124,1514
15.135,fq_codel,0,0,22,11007,,,,,,0,0,0,0,4130,1514
15.148,fq_codel,1514,1,22,11015,,,,,,0,0,1,0,4138,1514
15.161,fq_codel,0,0,22,11022,,,,,,0,0,0,0,4145,1514
15.173,fq_codel,0,0,22,11026,,,,,,0,0,0,0,4149,1514
15.185,fq_codel,1514,1,22,11033,,,,,,0,0,0,1,4155,1514
15.197,fq_codel,0,0,22,11042,,,,,,0,0,0,0,4160,1514
15.209,fq_codel,0,0,22,11046,,,,,,0,0,0,0,4164,1514
15.221,fq_codel,0,0,22,11052,,,,,,0,0,0,0,4170,1514
15.233,fq_codel,3028,2,22,11060,,,,,,0,0,0,1,4173,1514
15.245,fq_codel,0,0,22,11067,,,,,,0,0,0,0,4175,1514
15.256,fq_codel,1514,1,22,11073,,,,,,0,0,1,0,4181,1514
15.268,fq_codel,1514,1,22,11080,,,,,,0,0,0,1,4187,1514
15.280,fq_codel,1514,1,22,11090,,,,,,0,0,0,1,4188,1514
15.292,fq_codel,0,0,22,11094,,,,,,0,0,0,0,4191,1514
15.304,fq_codel,0,0,22,11100,,,,,,0,0,0,0,4197,1514
15.316,fq_codel,3028,2,22,11109,,,,,,0,0,0,1,4202,1514
15.328,fq_codel,0,0,22,11117,,,,,,0,0,0,0,4202,1514
15.340,fq_codel,0,0,22,11123,,,,,,0,0,0,0,4208,1514
15.352,fq_codel,1514,1,22,11129,,,,,,0,0,0,1,4213,1514
15.363,fq_codel,3028,2,22,11140,,,,,,0,0,0,1,4215,1514
15.376,fq_codel,1514,1,22,11148,,,,,,0,0,1,0,4218,1514
15.387,fq_codel,0,0,22,11152,,,,,,0,0,0,0,4222,1514
15.399,fq_codel,3028,2,22,11162,,,,,,0,0,1,0,4231,1514
15.412,fq_codel,3028,2,22,11172,,,,,,0,0,0,1,4235,1514
15.424,fq_codel,0,0,22,11177,,,,,,0,0,0,0,4239,1514
15.435,fq_codel,1514,1,22,11185,,,,,,0,0,1,0,4247,1514
15.447,fq_codel,3028,2,22,11194,,,,,,0,0,1,0,4254,1514
15.459,fq_codel,0,0,22,11204,,,,,,0,0,0,0,4258,1514
15.471,fq_codel,0,0,22,11208,,,,,,0,0,0,0,4262,1514
15.483,fq_codel,1514,1,22,11219,,,,,,0,0,0,1,4272,1514
15.495,fq_codel,3028,2,22,11229,,,,,,0,0,0,1,4277,1514
15.507,fq_codel,0,0,22,11235,,,,,,0,0,0,0,4281,1514
15.519,fq_codel,1514,1,22,11243,,,,,,0,0,1,0,4289,1514
15.531,fq_codel,1514,1,22,11253,,,,,,0,0,0,1,4297,1514
15.542,fq_codel,0,0,22,11262,,,,,,0,0,0,0,4301,1514
15.554,fq_codel,1514,1,22,11269,,,,,,0,0,1,0,4306,1514
15.566,fq_codel,0,0,22,11278,,,,,,0,0,0,0,4312,1514
15.578,fq_codel,1514,1,22,11289,,,,,,0,0,0,1,4313,1514
15.590,fq_codel,1514,1,22,11298,,,,,,0,0,1,0,4315,1514
15.602,fq_codel,0,0,22,11305,,,,,,0,0,0,0,4320,1514
15.614,fq_codel,3028,2,22,11316,,,,,,0,0,1,0,4330,1514
15.626,fq_codel,1514,1,22,11325,,,,,,0,0,0,1,4334,1514
15.637,fq_codel,0,0,22,11332,,,,,,0,0,0,0,4338,1514
15.649,fq_codel,1514,1,22,11343,,,,,,0,0,1,0,4349,1514
15.661,fq_codel,1514,1,22,11353,,,,,,0,0,0,2,4355,1514
15.673,fq_codel,1514,1,22,11363,,,,,,0,0,0,1,4355,1514
15.685,fq_codel,0,0,22,11371,,,,,,0,0,0,0,4361,1514
15.696,fq_codel,3028,2,22,11382,,,,,,0,0,1,0,4372,1514
15.708,fq_codel,1514,1,22,11391,,,,,,0,0,0,1,4376,1514
15.720,fq_codel,1514,1,22,11401,,,,,,0,0,1,0,4383,1514
15.732,fq_codel,1514,1,22,11411,,,,,,0,0,1,0,4393,1514
15.744,fq_codel,3028,2,22,11421,,,,,,0,0,1,0,4400,1514
15.756,fq_codel,3028,2,22,11431,,,,,,0,0,1,0,4405,1514
15.767,fq_codel,3028,2,22,11441,,,,,,0,0,0,1,4406,1514
15.779,fq_codel,1514,1,22,11451,,,,,,0,0,0,1,4406,1514
15.791,fq_codel,4542,3,22,11461,,,,,,0,0,0,1,4406,1514
15.803,fq_codel,4542,3,22,11471,,,,,,0,0,0,1,4406,1514
15.815,fq_codel,4542,3,22,11480,,,,,,0,0,0,1,4406,1514
15.827,fq_codel,4542,3,22,11490,,,,,,0,0,0,1,4406,1514
15.839,fq_codel,4542,3,22,11500,,,,,,0,0,0,1,4406,1514
15.851,fq_codel,4542,3,22,11510,,,,,,0,0,0,1,4406,1514
15.863,fq_codel,4542,3,22,11521,,,,,,0,0,0,1,4407,1514
15.875,fq_codel,7570,5,22,11531,,,,,,0,0,0,1,4407,1514
15.887,fq_codel,7570,5,22,11541,,,,,,0,0,0,1,4407,1514
15.899,fq_codel,7570,5,22,11551,,,,,,0,0,0,1,4407,1514
15.911,fq_codel,7570,5,22,11561,,,,,,0,0,0,1,4407,1514
15.923,fq_codel,9084,6,22,11571,,,,,,0,0,0,1,4407,1514
15.935,fq_codel,7570,5,22,11580,,,,,,0,0,0,1,4407,1514
15.947,fq_codel,7570,5,22,11590,,,,,,0,0,0,1,4407,1514
15.959,fq_codel,7570,5,22,11600,,,,,,0,0,0,1,4407,1514
15.971,fq_codel,10598,7,22,11611,,,,,,0,0,0,1,4408,1514
15.982,fq_codel,10598,7,22,11621,,,,,,0,0,0,1,4408,1514
15.994,fq_codel,10598,7,22,11631,,,,,,0,0,0,1,4408,1514
16.006,fq_codel,10598,7,22,11640,,,,,,0,0,0,1,4408,1514
16.018,fq_codel,10598,7,22,11650,,,,,,0,0,0,1,4408,1514
16.030,fq_codel,10598,7,22,11660,,,,,,0,0,0,1,4408,1514
16.041,fq_codel,12112,8,22,11669,,,,,,0,0,0,1,4408,1514
16.053,fq_codel,10598,7,22,11679,,,,,,0,0,0,1,4408,1514
16.065,fq_codel,12112,8,22,11690,,,,,,0,0,0,1,4409,1514
16.077,fq_codel,10598,7,23,11700,,,,,,0,0,0,1,4409,1514
16.089,fq_codel,10598,7,23,11710,,,,,,0,0,0,1,4409,1514
16.101,fq_codel,10598,7,23,11720,,,,,,0,0,0,1,4409,1514
16.113,fq_codel,12112,8,23,11730,,,,,,0,0,0,1,4409,1514
16.126,fq_codel,4542,3,23,11740,,,,,,0,0,0,1,4409,1514
16.137,fq_codel,0,0,23,11747,,,,,,0,0,0,0,4412,1514
16.151,fq_codel,0,0,23,11752,,,,,,0,0,0,0,4417,1514
16.163,fq_codel,1514,1,23,11759,,,,,,0,0,1,0,4424,1514
16.175,fq_codel,0,0,23,11767,,,,,,0,0,0,0,4429,1514
16.187,fq_codel,1514,1,23,11773,,,,,,0,0,1,0,4435,1514
16.199,fq_codel,0,0,23,11777,,,,,,0,0,0,0,4439,1514
16.211,fq_codel,1514,1,23,11785,,,,,,0,0,0,1,4443,1514
16.223,fq_codel,0,0,23,11791,,,,,,0,0,0,0,4447,1514
16.235,fq_codel,0,0,23,11797,,,,,,0,0,0,0,4453,1514
16.246,fq_codel,3028,2,23,11803,,,,,,0,0,1,0,4459,1514
16.258,fq_codel,1514,1,23,11812,,,,,,0,0,0,1,4459,1514
16.270,fq_codel,1514,1,23,11819,,,,,,0,0,1,0,4466,1514
16.282,fq_codel,0,0,23,11823,,,,,,0,0,0,0,4470,1514
16.294,fq_codel,1514,1,23,11832,,,,,,0,0,0,1,4475,1514
16.306,fq_codel,1514,1,23,11841,,,,,,0,0,1,0,4477,1514
16.318,fq_codel,0,0,23,11845,,,,,,0,0,0,0,4481,1514
16.330,fq_codel,1514,1,23,11851,,,,,,0,0,1,0,4487,1514
16.342,fq_codel,3028,2,23,11861,,,,,,0,0,0,1,4489,1514
16.354,fq_codel,0,0,23,11868,,,,,,0,0,0,0,4492,1514
16.366,fq_codel,0,0,23,11873,,,,,,0,0,0,0,4497,1514
16.378,fq_codel,3028,2,23,11883,,,,,,0,0,0,1,4503,1514
16.390,fq_codel,1514,1,23,11893,,,,,,0,0,0,1,4503,1514
16.402,fq_codel,0,0,23,11897,,,,,,0,0,0,0,4507,1514
16.413,fq_codel,0,0,23,11903,,,,,,0,0,0,0,4512,1514
16.425,fq_codel,3028,2,23,11914,,,,,,0,0,0,1,4516,1514
16.437,fq_codel,0,0,23,11922,,,,,,0,0,0,0,4517,1514
16.449,fq_codel,0,0,23,11926,,,,,,0,0,0,0,4521,1514
16.461,fq_codel,3028,2,23,11939,,,,,,0,0,0,1,4531,1514
16.475,fq_codel,3028,2,23,11949,,,,,,0,0,0,1,4531,1514
16.486,fq_codel,0,0,23,11955,,,,,,0,0,0,0,4535,1514
16.498,fq_codel,0,0,23,11961,,,,,,0,0,0,0,4541,1514
16.510,fq_codel,3028,2,23,11972,,,,,,0,0,0,1,4546,1514
16.522,fq_codel,1514,1,23,11982,,,,,,0,0,0,1,4547,1514
16.534,fq_codel,0,0,23,11986,,,,,,0,0,0,0,4551,1514
16.546,fq_codel,1514,1,23,11997,,,,,,0,0,0,1,4560,1514
16.558,fq_codel,3028,2,23,12006,,,,,,0,0,1,0,4564,1514
16.570,fq_codel,0,0,23,12015,,,,,,0,0,0,0,4568,1514
16.582,fq_codel,1514,1,23,12023,,,,,,0,0,1,0,4575,1514
16.594,fq_codel,1514,1,23,12033,,,,,,0,0,0,1,4582,1514
16.606,fq_codel,1514,1,23,12043,,,,,,0,0,0,1,4587,1514
16.618,fq_codel,1514,1,23,12050,,,,,,0,0,1,0,4592,1514
16.629,fq_codel,3028,2,23,12060,,,,,,0,0,0,1,4600,1514
16.642,fq_codel,3028,2,23,12070,,,,,,0,0,1,0,4603,1514
16.654,fq_codel,0,0,23,12077,,,,,,0,0,0,0,4604,1514
16.666,fq_codel,0,0,23,12087,,,,,,0,0,0,0,4613,1514
16.677,fq_codel,1514,1,23,12099,,,,,,0,0,0,1,4620,1514
16.690,fq_codel,1514,1,23,12109,,,,,,0,0,0,1,4620,1514
16.703,fq_codel,1514,1,23,12118,,,,,,0,0,0,1,4626,1514
16.715,fq_codel,1514,1,23,12127,,,,,,0,0,0,1,4634,1514
16.727,fq_codel,1514,1,23,12137,,,,,,0,0,0,1,4634,1514
16.739,fq_codel,1514,1,23,12147,,,,,,0,0,0,1,4635,1514
16.750,fq_codel,0,0,23,12156,,,,,,0,0,0,0,4642,1514
16.762,fq_codel,3028,2,23,12167,,,,,,0,0,1,0,4651,1514
16.774,fq_codel,4542,3,23,12177,,,,,,0,0,0,1,4652,1514
16.786,fq_codel,1514,1,23,12187,,,,,,0,0,0,1,4652,1514
16.798,fq_codel,4542,3,23,12197,,,,,,0,0,0,1,4652,1514
16.810,fq_codel,4542,3,23,12207,,,,,,0,0,0,1,4652,1514
16.822,fq_codel,4542,3,23,12217,,,,,,0,0,0,1,4652,1514
16.833,fq_codel,3028,2,23,12226,,,,,,0,0,0,1,4652,1514
16.845,fq_codel,4542,3,23,12236,,,,,,0,0,0,1,4652,1514
16.857,fq_codel,4542,3,23,12246,,,,,,0,0,0,1,4652,1514
16.869,fq_codel,6056,4,23,12256,,,,,,0,0,0,1,4653,1514
16.880,fq_codel,6056,4,23,12266,,,,,,0,0,0,1,4653,1514
16.892,fq_codel,6056,4,23,12276,,,,,,0,0,0,1,4653,1514
16.904,fq_codel,6056,4,23,12286,,,,,,0,0,0,1,4653,1514
16.916,fq_codel,6056,4,23,12296,,,,,,0,0,0,1,4653,1514
16.928,fq_codel,7570,5,23,12306,,,,,,0,0,0,1,4653,1514
16.940,fq_codel,7570,5,23,12316,,,,,,0,0,0,1,4653,1514
16.953,fq_codel,7570,5,23,12326,,,,,,0,0,0,1,4653,1514
16.965,fq_codel,7570,5,23,12337,,,,,,0,0,0,1,4654,1514
16.977,fq_codel,9084,6,23,12347,,,,,,0,0,0,1,4654,1514
16.989,fq_codel,10598,7,23,12357,,,,,,0,0,0,1,4654,1514
17.001,fq_codel,9084,6,23,12366,,,,,,0,0,0,1,4654,1514
17.013,fq_codel,9084,6,23,12376,,,,,,0,0,0,1,4654,1514
17.024,fq_codel,9084,6,23,12386,,,,,,0,0,0,1,4654,1514
17.036,fq_codel,10598,7,23,12396,,,,,,0,0,0,1,4654,1514
17.048,fq_codel,10598,7,23,12406,,,,,,0,0,0,1,4654,1514
17.060,fq_codel,10598,7,23,12416,,,,,,0,0,0,1,4654,1514
17.072,fq_codel,10598,7,23,12427,,,,,,0,0,0,1,4655,1514
17.084,fq_codel,12112,8,23,12436,,,,,,0,0,0,1,4655,1514
17.096,fq_codel,10598,7,24,12446,,,,,,0,0,0,1,4655,1514
17.108,fq_codel,10598,7,24,12456,,,,,,0,0,0,1,4655,1514
17.120,fq_codel,10598,7,24,12466,,,,,,0,0,0,1,4655,1514
17.132,fq_codel,9084,6,24,12476,,,,,,0,0,0,1,4655,1514
17.144,fq_codel,3028,2,24,12486,,,,,,0,0,0,1,4655,1514
17.157,fq_codel,0,0,24,12492,,,,,,0,0,0,0,4660,1514
17.170,fq_codel,0,0,24,12498,,,,,,0,0,0,0,4666,1514
17.182,fq_codel,1514,1,24,12505,,,,,,0,0,1,0,4673,1514
17.194,fq_codel,0,0,24,12511,,,,,,0,0,0,0,4678,1514
17.206,fq_codel,0,0,24,12517,,,,,,0,0,0,0,4684,1514
17.218,fq_codel,0,0,24,12521,,,,,,0,0,0,0,4688,1514
17.230,fq_codel,0,0,24,12531,,,,,,0,0,0,0,4693,1514
17.242,fq_codel,1514,1,24,12537,,,,,,0,0,1,0,4699,1514
17.254,fq_codel,0,0,24,12541,,,,,,0,0,0,0,4703,1514
17.265,fq_codel,1612,2,24,12549,,,,,,0,0,1,1,4710,1514
17.277,fq_codel,1514,1,24,12559,,,,,,0,0,1,0,4712,1514
17.289,fq_codel,0,0,24,12563,,,,,,0,0,0,0,4716,1514
17.301,fq_codel,0,0,24,12567,,,,,,0,0,0,0,4720,1514
17.313,fq_codel,3028,2,24,12578,,,,,,0,0,0,1,4728,1514
17.325,fq_codel,0,0,24,12585,,,,,,0,0,0,0,4732,1514
17.337,fq_codel,0,0,24,12589,,,,,,0,0,0,0,4736,1514
17.348,fq_codel,1514,1,24,12597,,,,,,0,0,1,0,4744,1514
17.360,fq_codel,3028,2,24,12607,,,,,,0,0,1,0,4750,1514
17.372,fq_codel,0,0,24,12613,,,,,,0,0,0,0,4755,1514
17.384,fq_codel,1514,1,24,12619,,,,,,0,0,1,0,4761,1514
17.396,fq_codel,3028,2,24,12629,,,,,,0,0,1,0,4768,1514
17.408,fq_codel,0,0,24,12637,,,,,,0,0,0,0,4772,1514
17.420,fq_codel,1514,1,24,12643,,,,,,0,0,1,0,4778,1514
17.432,fq_codel,1514,1,24,12651,,,,,,0,0,1,0,4786,1514
17.444,fq_codel,3028,2,24,12660,,,,,,0,0,1,0,4791,1514
17.456,fq_codel,0,0,24,12666,,,,,,0,0,0,0,4794,1514
17.468,fq_codel,0,0,24,12673,,,,,,0,0,0,0,4801,1514
17.480,fq_codel,1514,1,24,12684,,,,,,0,0,0,1,4809,1514
17.492,fq_codel,1514,1,24,12694,,,,,,0,0,1,0,4815,1514
17.504,fq_codel,0,0,24,12699,,,,,,0,0,0,0,4819,1514
17.516,fq_codel,1514,1,24,12707,,,,,,0,0,0,1,4826,1514
17.528,fq_codel,1514,1,24,12717,,,,,,0,0,0,1,4827,1514
17.540,fq_codel,1514,1,24,12726,,,,,,0,0,0,1,4829,1514
17.551,fq_codel,1514,1,24,12732,,,,,,0,0,1,0,4835,1514
17.564,fq_codel,3028,2,24,12742,,,,,,0,0,0,1,4840,1514
17.575,fq_codel,1514,1,24,12752,,,,,,0,0,0,1,4841,1514
17.587,fq_codel,0,0,24,12759,,,,,,0,0,0,0,4844,1514
17.599,fq_codel,0,0,24,12767,,,,,,0,0,0,0,4852,1514
17.611,fq_codel,3028,2,24,12778,,,,,,0,0,1,0,4860,1514
17.623,fq_codel,0,0,24,12787,,,,,,0,0,0,0,4864,1514
17.635,fq_codel,0,0,24,12794,,,,,,0,0,0,0,4870,1514
17.647,fq_codel,1514,1,24,12805,,,,,,0,0,0,1,4878,1514
17.659,fq_codel,1514,1,24,12815,,,,,,0,0,0,1,4880,1514
17.671,fq_codel,0,0,24,12822,,,,,,0,0,0,0,4884,1514
17.683,fq_codel,1514,1,24,12833,,,,,,0,0,1,0,4894,1514
17.695,fq_codel,1514,1,24,12843,,,,,,0,0,0,1,4901,1514
17.707,fq_codel,1514,1,24,12853,,,,,,0,0,0,1,4906,1514
17.719,fq_codel,1514,1,24,12862,,,,,,0,0,0,1,4913,1514
17.731,fq_codel,3028,2,24,12872,,,,,,0,0,1,0,4922,1514
17.743,fq_codel,1514,1,24,12881,,,,,,0,0,0,1,4924,1514
17.754,fq_codel,1514,1,24,12891,,,,,,0,0,0,1,4926,1514
17.766,fq_codel,0,0,24,12900,,,,,,0,0,0,0,4934,1514
17.778,fq_codel,4542,3,24,12911,,,,,,0,0,0,1,4938,1514
17.790,fq_codel,1514,1,24,12921,,,,,,0,0,0,1,4938,1514
17.802,fq_codel,1514,1,24,12931,,,,,,0,0,0,1,4938,1514
17.814,fq_codel,4542,3,24,12941,,,,,,0,0,1,0,4941,1514
17.826,fq_codel,4542,3,24,12951,,,,,,0,0,0,1,4941,1514
17.838,fq_codel,4542,3,24,12961,,,,,,0,0,0,1,4941,1514
17.849,fq_codel,3028,2,24,12970,,,,,,0,0,0,1,4941,1514
17.861,fq_codel,4542,3,24,12980,,,,,,0,0,0,1,4941,1514
17.873,fq_codel,4542,3,24,12991,,,,,,0,0,0,1,4942,1514
17.885,fq_codel,4542,3,24,13001,,,,,,0,0,0,1,4942,1514
17.897,fq_codel,7570,5,24,13010,,,,,,0,0,0,1,4942,1514
17.909,fq_codel,6056,4,24,13020,,,,,,0,0,0,1,4942,1514
17.921,fq_codel,6056,4,24,13030,,,,,,0,0,0,1,4942,1514
17.933,fq_codel,6056,4,24,13040,,,,,,0,0,0,1,4942,1514
17.944,fq_codel,7570,5,24,13050,,,,,,0,0,0,1,4942,1514
17.956,fq_codel,9084,6,24,13059,,,,,,0,0,0,1,4942,1514
17.968,fq_codel,9084,6,24,13070,,,,,,0,0,0,1,4943,1514
17.980,fq_codel,9084,6,24,13080,,,,,,0,0,0,1,4943,1514
17.992,fq_codel,9084,6,24,13090,,,,,,0,0,0,1,4943,1514
18.004,fq_codel,10598,7,24,13101,,,,,,0,0,0,1,4943,1514
18.017,fq_codel,10598,7,24,13111,,,,,,0,0,0,1,4943,1514
18.029,fq_codel,10598,7,24,13121,,,,,,0,0,0,1,4943,1514
18.041,fq_codel,10598,7,24,13131,,,,,,0,0,0,1,4943,1514
18.053,fq_codel,12112,8,24,13141,,,,,,0,0,0,1,4943,1514
18.065,fq_codel,12112,8,24,13151,,,,,,0,0,0,1,4943,1514
18.078,fq_codel,12112,8,24,13162,,,,,,0,0,0,1,4944,1514
18.089,fq_codel,10598,7,24,13171,,,,,,0,0,0,1,4944,1514
18.101,fq_codel,13626,9,24,13181,,,,,,0,0,0,1,4944,1514
18.113,fq_codel,12112,8,25,13191,,,,,,0,0,0,1,4944,1514
18.125,fq_codel,12112,8,25,13201,,,,,,0,0,0,1,4944,1514
18.137,fq_codel,12112,8,25,13211,,,,,,0,0,0,1,4944,1514
18.150,fq_codel,7570,5,25,13222,,,,,,0,0,0,1,4944,1514
18.162,fq_codel,1514,1,25,13231,,,,,,0,0,0,1,4944,1514
18.174,fq_codel,0,0,25,13237,,,,,,0,0,0,0,4950,1514
18.186,fq_codel,0,0,25,13242,,,,,,0,0,0,0,4955,1514
18.198,fq_codel,1514,1,25,13249,,,,,,0,0,1,0,4962,1514
18.210,fq_codel,0,0,25,13255,,,,,,0,0,0,0,4968,1514
18.222,fq_codel,0,0,25,13261,,,,,,0,0,0,0,4974,1514
18.234,fq_codel,0,0,25,13265,,,,,,0,0,0,0,4978,1514
18.246,fq_codel,0,0,25,13275,,,,,,0,0,0,0,4983,1514
18.258,fq_codel,0,0,25,13281,,,,,,0,0,0,0,4989,1514
18.270,fq_codel,0,0,25,13286,,,,,,0,0,0,0,4994,1514
18.282,fq_codel,3028,2,25,13295,,,,,,0,0,1,0,5001,1514
18.294,fq_codel,0,0,25,13303,,,,,,0,0,0,0,5005,1514
18.306,fq_codel,0,0,25,13307,,,,,,0,0,0,0,5009,1514
18.318,fq_codel,1514,1,25,13313,,,,,,0,0,1,0,5015,1514
18.330,fq_codel,1514,1,25,13323,,,,,,0,0,0,1,5021,1514
18.342,fq_codel,0,0,25,13329,,,,,,0,0,0,0,5026,1514
18.354,fq_codel,1514,1,25,13335,,,,,,0,0,1,0,5032,1514
18.366,fq_codel,3028,2,25,13343,,,,,,0,0,1,0,5039,1514
18.378,fq_codel,0,0,25,13353,,,,,,0,0,0,0,5040,1514
18.390,fq_codel,0,0,25,13357,,,,,,0,0,0,0,5044,1514
18.402,fq_codel,0,0,25,13363,,,,,,0,0,0,0,5050,1514
18.414,fq_codel,1514,1,25,13374,,,,,,0,0,0,1,5057,1514
18.426,fq_codel,0,0,25,13381,,,,,,0,0,0,0,5061,1514
18.438,fq_codel,0,0,25,13387,,,,,,0,0,0,0,5067,1514
18.450,fq_codel,1514,1,25,13396,,,,,,0,0,0,1,5075,1514
18.462,fq_codel,3028,2,25,13406,,,,,,0,0,1,0,5080,1514
18.474,fq_codel,0,0,25,13413,,,,,,0,0,0,0,5085,1514
18.486,fq_codel,0,0,25,13419,,,,,,0,0,0,0,5091,1514
18.498,fq_codel,3028,2,25,13430,,,,,,0,0,1,0,5100,1514
18.510,fq_codel,0,0,25,13439,,,,,,0,0,0,0,5104,1514
18.522,fq_codel,0,0,25,13443,,,,,,0,0,0,0,5108,1514
18.534,fq_codel,1514,1,25,13454,,,,,,0,0,0,1,5118,1514
18.546,fq_codel,3028,2,25,13463,,,,,,0,0,1,0,5123,1514
18.558,fq_codel,0,0,25,13470,,,,,,0,0,0,0,5126,1514
18.570,fq_codel,1514,1,25,13479,,,,,,0,0,0,1,5134,1514
18.582,fq_codel,1514,1,25,13489,,,,,,0,0,0,1,5137,1514
18.594,fq_codel,0,0,25,13498,,,,,,0,0,0,0,5137,1514
18.606,fq_codel,1514,1,25,13505,,,,,,0,0,1,0,5143,1514
18.618,fq_codel,0,0,25,13513,,,,,,0,0,0,0,5151,1514
18.630,fq_codel,1514,1,25,13524,,,,,,0,0,0,1,5157,1514
18.642,fq_codel,1514,1,25,13533,,,,,,0,0,1,0,5162,1514
18.653,fq_codel,0,0,25,13540,,,,,,0,0,0,0,5167,1514
18.665,fq_codel,1514,1,25,13550,,,,,,0,0,0,1,5176,1514
18.677,fq_codel,1514,1,25,13561,,,,,,0,0,0,1,5179,1514
18.689,fq_codel,0,0,25,13568,,,,,,0,0,0,0,5183,1514
18.701,fq_codel,1514,1,25,13579,,,,,,0,0,1,0,5194,1514
18.713,fq_codel,3028,2,25,13589,,,,,,0,0,1,0,5200,1514
18.725,fq_codel,1514,1,25,13598,,,,,,0,0,0,1,5204,1514
18.737,fq_codel,0,0,25,13606,,,,,,0,0,0,0,5209,1514
18.748,fq_codel,3028,2,25,13617,,,,,,0,0,1,0,5220,1514
18.760,fq_codel,3028,2,25,13627,,,,,,0,0,1,0,5224,1514
18.772,fq_codel,1514,1,25,13638,,,,,,0,0,0,1,5230,1514
18.784,fq_codel,1514,1,25,13647,,,,,,0,0,0,1,5234,1514
18.796,fq_codel,3028,2,25,13657,,,,,,0,0,0,1,5236,1514
18.808,fq_codel,3028,2,25,13667,,,,,,0,0,0,1,5236,1514
18.819,fq_codel,1514,1,25,13677,,,,,,0,0,0,1,5239,1514
18.831,fq_codel,3028,2,25,13687,,,,,,0,0,1,0,5244,1514
18.843,fq_codel,4542,3,25,13696,,,,,,0,0,0,1,5244,1514
18.855,fq_codel,4542,3,25,13706,,,,,,0,0,0,1,5244,1514
18.867,fq_codel,4542,3,25,13716,,,,,,0,0,0,1,5244,1514
18.879,fq_codel,6056,4,25,13727,,,,,,0,0,0,1,5245,1514
18.891,fq_codel,6056,4,25,13737,,,,,,0,0,0,1,5245,1514
18.903,fq_codel,6056,4,25,13747,,,,,,0,0,0,1,5245,1514
18.915,fq_codel,4542,3,25,13756,,,,,,0,0,0,1,5245,1514
18.927,fq_codel,7570,5,25,13766,,,,,,0,0,0,1,5245,1514
18.938,fq_codel,7570,5,25,13776,,,,,,0,0,0,1,5245,1514
18.950,fq_codel,7570,5,25,13786,,,,,,0,0,0,1,5245,1514
18.962,fq_codel,6056,4,25,13795,,,,,,0,0,0,1,5245,1514
18.974,fq_codel,7570,5,25,13806,,,,,,0,0,0,1,5246,1514
18.986,fq_codel,7570,5,25,13816,,,,,,0,0,0,1,5246,1514
18.998,fq_codel,7570,5,25,13826,,,,,,0,0,0,1,5246,1514
19.010,fq_codel,7570,5,25,13836,,,,,,0,0,0,1,5246,1514
19.022,fq_codel,10598,7,25,13846,,,,,,0,0,0,1,5246,1514
19.034,fq_codel,10598,7,25,13856,,,,,,0,0,0,1,5246,1514
19.046,fq_codel,10598,7,25,13866,,,,,,0,0,0,1,5246,1514
19.058,fq_codel,10598,7,25,13876,,,,,,0,0,0,1,5246,1514
19.070,fq_codel,12112,8,25,13886,,,,,,0,0,0,1,5246,1514
19.082,fq_codel,10598,7,25,13896,,,,,,0,0,0,1,5247,1514
19.094,fq_codel,10598,7,25,13906,,,,,,0,0,0,1,5247,1514
19.106,fq_codel,12112,8,25,13916,,,,,,0,0,0,1,5247,1514
19.118,fq_codel,13626,9,25,13926,,,,,,0,0,0,1,5247,1514
19.130,fq_codel,12112,8,26,13936,,,,,,0,0,0,1,5247,1514
19.142,fq_codel,12112,8,26,13946,,,,,,0,0,0,1,5247,1514
19.154,fq_codel,12112,8,26,13957,,,,,,0,0,0,1,5247,1514
19.167,fq_codel,10598,7,26,13967,,,,,,0,0,0,1,5247,1514
19.179,fq_codel,3028,2,26,13978,,,,,,0,0,0,1,5248,1514
19.192,fq_codel,0,0,26,13984,,,,,,0,0,0,0,5252,1514
19.204,fq_codel,0,0,26,13989,,,,,,0,0,0,0,5257,1514
19.216,fq_codel,0,0,26,13994,,,,,,0,0,0,0,5262,1514
19.228,fq_codel,0,0,26,14002,,,,,,0,0,0,0,5270,1514
19.240,fq_codel,0,0,26,14008,,,,,,0,0,0,0,5276,1514
19.252,fq_codel,0,0,26,14012,,,,,,0,0,0,0,5280,1514
19.264,fq_codel,1514,1,26,14022,,,,,,0,0,0,1,5285,1514
19.276,fq_codel,1514,1,26,14029,,,,,,0,0,1,0,5291,1514
19.288,fq_codel,0,0,26,14033,,,,,,0,0,0,0,5295,1514
19.300,fq_codel,3028,2,26,14040,,,,,,0,0,0,1,5301,1514
19.312,fq_codel,1514,1,26,14050,,,,,,0,0,0,1,5305,1514
19.324,fq_codel,0,0,26,14054,,,,,,0,0,0,0,5309,1514
19.336,fq_codel,0,0,26,14058,,,,,,0,0,0,0,5313,1514
19.347,fq_codel,3028,2,26,14068,,,,,,0,0,0,1,5320,1514
19.359,fq_codel,0,0,26,14076,,,,,,0,0,0,0,5322,1514
19.371,fq_codel,0,0,26,14080,,,,,,0,0,0,0,5326,1514
19.383,fq_codel,0,0,26,14087,,,,,,0,0,0,0,5333,1514
19.394,fq_codel,1514,1,26,14098,,,,,,0,0,0,1,5338,1514
19.406,fq_codel,0,0,26,14104,,,,,,0,0,0,0,5341,1514
19.418,fq_codel,0,0,26,14108,,,,,,0,0,0,0,5345,1514
19.430,fq_codel,3028,2,26,14118,,,,,,0,0,1,0,5353,1514
19.441,fq_codel,1514,1,26,14128,,,,,,0,0,0,1,5357,1514
19.453,fq_codel,0,0,26,14132,,,,,,0,0,0,0,5361,1514
19.465,fq_codel,0,0,26,14138,,,,,,0,0,0,0,5367,1514
19.477,fq_codel,3028,2,26,14150,,,,,,0,0,0,1,5374,1514
19.489,fq_codel,0,0,26,14158,,,,,,0,0,0,0,5375,1514
19.501,fq_codel,0,0,26,14162,,,,,,0,0,0,0,5379,1514
19.513,fq_codel,1514,1,26,14173,,,,,,0,0,0,1,5388,1514
19.525,fq_codel,1514,1,26,14183,,,,,,0,0,0,1,5393,1514
19.537,fq_codel,1514,1,26,14190,,,,,,0,0,1,0,5398,1514
19.549,fq_codel,0,0,26,14196,,,,,,0,0,0,0,5404,1514
19.561,fq_codel,1514,1,26,14206,,,,,,0,0,0,1,5411,1514
19.573,fq_codel,1612,1,26,14216,,,,,,0,0,1,1,5417,1514
19.585,fq_codel,1514,1,26,14222,,,,,,0,0,1,0,5421,1514
19.597,fq_codel,3028,2,26,14232,,,,,,0,0,1,0,5430,1514
19.610,fq_codel,3028,2,26,14242,,,,,,0,0,1,0,5435,1514
19.621,fq_codel,0,0,26,14250,,,,,,0,0,0,0,5440,1514
19.633,fq_codel,1514,1,26,14258,,,,,,0,0,1,0,5448,1514
19.645,fq_codel,1514,1,26,14268,,,,,,0,0,0,1,5455,1514
19.657,fq_codel,3028,2,26,14277,,,,,,0,0,0,1,5456,1514
19.669,fq_codel,0,0,26,14283,,,,,,0,0,0,0,5459,1514
19.680,fq_codel,1514,1,26,14295,,,,,,0,0,0,1,5467,1514
19.692,fq_codel,3028,2,26,14304,,,,,,0,0,0,1,5467,1514
19.704,fq_codel,0,0,26,14313,,,,,,0,0,0,0,5467,1514
19.716,fq_codel,1514,1,26,14322,,,,,,0,0,1,0,5476,1514
19.728,fq_codel,1514,1,26,14332,,,,,,0,0,0,1,5484,1514
19.740,fq_codel,1514,1,26,14342,,,,,,0,0,0,1,5489,1514
19.752,fq_codel,0,0,26,14350,,,,,,0,0,0,0,5495,1514
19.764,fq_codel,0,0,26,14359,,,,,,0,0,0,0,5503,1514
19.776,fq_codel,1514,1,26,14371,,,,,,0,0,0,2,5510,1514
19.788,fq_codel,1514,1,26,14381,,,,,,0,0,0,1,5510,1514
19.799,fq_codel,0,0,26,14390,,,,,,0,0,0,0,5514,1514
19.811,fq_codel,3028,2,26,14401,,,,,,0,0,0,1,5518,1514
19.823,fq_codel,3028,1,26,14411,,,,,,0,0,1,0,5522,1514
19.835,fq_codel,1514,1,26,14420,,,,,,0,0,0,1,5526,1514
19.847,fq_codel,3028,2,26,14430,,,,,,0,0,1,0,5531,1514
19.859,fq_codel,4542,3,26,14440,,,,,,0,0,0,1,5532,1514
19.871,fq_codel,4542,3,26,14450,,,,,,0,0,0,1,5532,1514
19.883,fq_codel,4542,3,26,14461,,,,,,0,0,0,1,5533,1514
19.895,fq_codel,7570,4,26,14470,,,,,,0,0,0,1,5533,1514
19.907,fq_codel,7570,3,26,14480,,,,,,0,0,0,1,5533,1514
19.919,fq_codel,4542,3,26,14490,,,,,,0,0,0,1,5533,1514
19.931,fq_codel,4542,3,26,14500,,,,,,0,0,0,1,5533,1514
19.943,fq_codel,7570,5,26,14510,,,,,,0,0,0,1,5533,1514
19.955,fq_codel,7570,5,26,14520,,,,,,0,0,0,1,5533,1514
19.967,fq_codel,7570,5,26,14530,,,,,,0,0,0,1,5533,1514
19.979,fq_codel,7570,5,26,14541,,,,,,0,0,0,1,5534,1514
19.990,fq_codel,9084,6,26,14551,,,,,,0,0,0,1,5534,1514
20.003,fq_codel,9084,6,26,14561,,,,,,0,0,0,1,5534,1514
20.015,fq_codel,9084,6,26,14571,,,,,,0,0,0,1,5534,1514
20.027,fq_codel,6056,4,26,14581,,,,,,0,0,0,1,5534,1514
20.039,fq_codel,10598,7,26,14590,,,,,,0,0,0,1,5534,1514
20.051,fq_codel,10598,7,26,14600,,,,,,0,0,0,1,5534,1514
20.063,fq_codel,10598,7,26,14610,,,,,,0,0,0,1,5534,1514
20.075,fq_codel,10598,7,26,14620,,,,,,0,0,0,1,5534,1514
20.087,fq_codel,12112,8,26,14631,,,,,,0,0,0,1,5535,1514
20.099,fq_codel,12112,8,26,14641,,,,,,0,0,0,1,5535,1514
20.111,fq_codel,12112,8,26,14651,,,,,,0,0,0,1,5535,1514
20.123,fq_codel,10598,7,26,14660,,,,,,0,0,0,1,5535,1514
20.135,fq_codel,13626,9,26,14670,,,,,,0,0,0,1,5535,1514
20.147,fq_codel,12112,8,27,14682,,,,,,0,0,0,1,5535,1514
20.160,fq_codel,9084,6,27,14692,,,,,,0,0,0,1,5535,1514
20.172,fq_codel,12112,8,27,14702,,,,,,0,0,0,1,5535,1514
20.185,fq_codel,9084,6,27,14713,,,,,,0,0,0,1,5536,1514
20.197,fq_codel,3028,2,27,14722,,,,,,0,0,0,1,5536,1514
20.208,fq_codel,0,0,27,14727,,,,,,0,0,0,0,5540,1514
20.220,fq_codel,0,0,27,14732,,,,,,0,0,0,0,5545,1514
20.232,fq_codel,0,0,27,14738,,,,,,0,0,0,0,5551,1514
20.244,fq_codel,0,0,27,14746,,,,,,0,0,0,0,5559,1514
20.256,fq_codel,1514,1,27,14752,,,,,,0,0,1,0,5565,1514
20.268,fq_codel,0,0,27,14756,,,,,,0,0,0,0,5569,1514
20.280,fq_codel,1514,1,27,14767,,,,,,0,0,0,1,5575,1514
20.292,fq_codel,1514,1,27,14773,,,,,,0,0,1,0,5580,1514
20.304,fq_codel,0,0,27,14777,,,,,,0,0,0,0,5584,1514
20.316,fq_codel,3028,2,27,14784,,,,,,0,0,0,1,5590,1514
20.328,fq_codel,0,0,27,14792,,,,,,0,0,0,0,5593,1514
20.339,fq_codel,1514,1,27,14798,,,,,,0,0,1,0,5599,1514
20.351,fq_codel,0,0,27,14802,,,,,,0,0,0,0,5603,1514
20.364,fq_codel,3028,2,27,14812,,,,,,0,0,0,1,5609,1514
20.376,fq_codel,1514,1,27,14820,,,,,,0,0,1,0,5612,1514
20.388,fq_codel,0,0,27,14825,,,,,,0,0,0,0,5617,1514
20.399,fq_codel,1514,1,27,14833,,,,,,0,0,1,0,5625,1514
20.411,fq_codel,3028,2,27,14843,,,,,,0,0,0,1,5628,1514
20.423,fq_codel,0,0,27,14848,,,,,,0,0,0,0,5632,1514
20.435,fq_codel,0,0,27,14852,,,,,,0,0,0,0,5636,1514
20.447,fq_codel,1514,1,27,14863,,,,,,0,0,0,1,5644,1514
20.459,fq_codel,0,0,27,14872,,,,,,0,0,0,0,5648,1514
20.471,fq_codel,0,0,27,14876,,,,,,0,0,0,0,5652,1514
20.483,fq_codel,0,0,27,14885,,,,,,0,0,0,0,5661,1514
20.495,fq_codel,3028,1,27,14896,,,,,,0,0,1,0,5668,1514
20.507,fq_codel,0,0,27,14902,,,,,,0,0,0,0,5671,1514
20.519,fq_codel,1514,1,27,14908,,,,,,0,0,1,0,5677,1514
20.531,fq_codel,3028,2,27,14918,,,,,,0,0,1,0,5684,1514
20.543,fq_codel,0,0,27,14927,,,,,,0,0,0,0,5688,1514
20.555,fq_codel,1514,1,27,14934,,,,,,0,0,1,0,5693,1514
20.567,fq_codel,1514,1,27,14942,,,,,,0,0,1,0,5701,1514
20.579,fq_codel,1514,1,27,14953,,,,,,0,0,0,1,5707,1514
20.591,fq_codel,1514,1,27,14962,,,,,,0,0,1,0,5710,1514
20.603,fq_codel,0,0,27,14966,,,,,,0,0,0,0,5714,1514
20.615,fq_codel,1514,1,27,14977,,,,,,0,0,0,1,5723,1514
20.627,fq_codel,1514,1,27,14987,,,,,,0,0,0,1,5728,1514
20.638,fq_codel,0,0,27,14994,,,,,,0,0,0,0,5732,1514
20.650,fq_codel,1514,1,27,15002,,,,,,0,0,0,1,5737,1514
20.662,fq_codel,1514,1,27,15012,,,,,,0,0,0,1,5739,1514
20.674,fq_codel,1514,1,27,15022,,,,,,0,0,0,1,5739,1514
20.686,fq_codel,1514,1,27,15030,,,,,,0,0,0,1,5745,1514
20.698,fq_codel,3028,2,27,15040,,,,,,0,0,0,1,5749,1514
20.710,fq_codel,1514,1,27,15049,,,,,,0,0,0,1,5749,1514
20.722,fq_codel,0,0,27,15057,,,,,,0,0,0,0,5751,1514
20.734,fq_codel,1514,1,27,15068,,,,,,0,0,1,0,5762,1514
20.746,fq_codel,3028,2,27,15077,,,,,,0,0,1,0,5769,1514
20.758,fq_codel,3028,2,27,15087,,,,,,0,0,1,0,5774,1514
20.770,fq_codel,1514,1,27,15096,,,,,,0,0,1,0,5781,1514
20.781,fq_codel,3028,2,27,15106,,,,,,0,0,0,1,5788,1514
20.793,fq_codel,3028,2,27,15116,,,,,,0,0,0,1,5788,1514
20.805,fq_codel,0,0,27,15125,,,,,,0,0,0,0,5788,1514
20.817,fq_codel,1514,1,27,15136,,,,,,0,0,0,1,5793,1514
20.828,fq_codel,3028,2,27,15145,,,,,,0,0,1,0,5801,1514
20.840,fq_codel,3028,2,27,15155,,,,,,0,0,1,0,5806,1514
20.852,fq_codel,3028,2,27,15165,,,,,,0,0,1,0,5811,1514
20.864,fq_codel,1514,1,27,15175,,,,,,0,0,0,1,5815,1514
20.876,fq_codel,4542,3,27,15184,,,,,,0,0,0,1,5816,1514
20.888,fq_codel,4542,3,27,15195,,,,,,0,0,0,1,5817,1514
20.900,fq_codel,4542,3,27,15205,,,,,,0,0,0,1,5817,1514
20.911,fq_codel,6056,4,27,15215,,,,,,0,0,0,1,5817,1514
20.923,fq_codel,4542,3,27,15224,,,,,,0,0,0,1,5817,1514
20.935,fq_codel,4542,3,27,15234,,,,,,0,0,0,1,5817,1514
20.947,fq_codel,4542,3,27,15244,,,,,,0,0,0,1,5817,1514
20.959,fq_codel,7570,5,27,15254,,,,,,0,0,0,1,5817,1514
20.970,fq_codel,6056,4,27,15263,,,,,,0,0,0,1,5817,1514
20.982,fq_codel,6056,4,27,15274,,,,,,0,0,0,1,5818,1514
20.994,fq_codel,6056,4,27,15284,,,,,,0,0,0,1,5818,1514
21.006,fq_codel,7570,5,27,15294,,,,,,0,0,0,1,5818,1514
21.018,fq_codel,9084,6,27,15303,,,,,,0,0,0,1,5818,1514
21.029,fq_codel,9084,6,27,15313,,,,,,0,0,0,1,5818,1514
21.041,fq_codel,9084,6,27,15323,,,,,,0,0,0,1,5818,1514
21.053,fq_codel,9084,6,27,15333,,,,,,0,0,0,1,5818,1514
21.065,fq_codel,9084,6,27,15343,,,,,,0,0,0,1,5818,1514
21.077,fq_codel,10598,7,27,15355,,,,,,0,0,0,1,5819,1514
21.091,fq_codel,10598,7,27,15365,,,,,,0,0,0,1,5819,1514
21.103,fq_codel,12112,8,27,15375,,,,,,0,0,0,1,5819,1514
21.115,fq_codel,12112,8,27,15385,,,,,,0,0,0,1,5819,1514
21.127,fq_codel,12112,8,27,15395,,,,,,0,0,0,1,5819,1514
21.139,fq_codel,10598,7,27,15406,,,,,,0,0,0,1,5819,1514
21.152,fq_codel,13626,9,27,15416,,,,,,0,0,0,1,5819,1514
21.164,fq_codel,9084,6,28,15426,,,,,,0,0,0,1,5819,1514
21.176,fq_codel,10598,7,28,15435,,,,,,0,0,0,1,5819,1514
21.188,fq_codel,10598,7,28,15446,,,,,,0,0,0,1,5820,1514
21.201,fq_codel,10598,7,28,15456,,,,,,0,0,0,1,5820,1514
21.213,fq_codel,1514,1,28,15466,,,,,,0,0,0,1,5820,1514
21.225,fq_codel,0,0,28,15471,,,,,,0,0,0,0,5824,1514
21.236,fq_codel,0,0,28,15476,,,,,,0,0,0,0,5829,1514
21.248,fq_codel,0,0,28,15482,,,,,,0,0,0,0,5835,1514
21.260,fq_codel,0,0,28,15490,,,,,,0,0,0,0,5843,1514
21.272,fq_codel,1514,1,28,15496,,,,,,0,0,1,0,5849,1514
21.284,fq_codel,0,0,28,15501,,,,,,0,0,0,0,5854,1514
21.296,fq_codel,3028,2,28,15510,,,,,,0,0,1,0,5859,1514
21.308,fq_codel,0,0,28,15515,,,,,,0,0,0,0,5862,1514
21.320,fq_codel,0,0,28,15521,,,,,,0,0,0,0,5868,1514
21.331,fq_codel,3028,2,28,15527,,,,,,0,0,0,1,5873,1514
21.343,fq_codel,0,0,28,15536,,,,,,0,0,0,0,5873,1514
21.355,fq_codel,1514,1,28,15542,,,,,,0,0,1,0,5879,1514
21.367,fq_codel,0,0,28,15546,,,,,,0,0,0,0,5883,1514
21.379,fq_codel,3028,2,28,15556,,,,,,0,0,1,0,5889,1514
21.391,fq_codel,1514,1,28,15565,,,,,,0,0,1,0,5893,1514
21.403,fq_codel,0,0,28,15569,,,,,,0,0,0,0,5897,1514
21.415,fq_codel,0,0,28,15575,,,,,,0,0,0,0,5902,1514
21.427,fq_codel,1514,1,28,15586,,,,,,0,0,0,1,5907,1514
21.439,fq_codel,0,0,28,15592,,,,,,0,0,0,0,5912,1514
21.451,fq_codel,0,0,28,15596,,,,,,0,0,0,0,5916,1514
21.463,fq_codel,3028,2,28,15607,,,,,,0,0,1,0,5925,1514
21.475,fq_codel,1514,1,28,15616,,,,,,0,0,0,1,5928,1514
21.487,fq_codel,0,0,28,15621,,,,,,0,0,0,0,5933,1514
21.499,fq_codel,1514,1,28,15629,,,,,,0,0,1,0,5941,1514
21.510,fq_codel,1514,1,28,15639,,,,,,0,0,0,1,5946,1514
21.522,fq_codel,0,0,28,15646,,,,,,0,0,0,0,5950,1514
21.534,fq_codel,0,0,28,15650,,,,,,0,0,0,0,5954,1514
21.546,fq_codel,3028,2,28,15661,,,,,,0,0,1,0,5965,1514
21.558,fq_codel,1514,1,28,15671,,,,,,0,0,0,1,5969,1514
21.570,fq_codel,0,0,28,15676,,,,,,0,0,0,0,5972,1514
21.582,fq_codel,0,0,28,15685,,,,,,0,0,0,0,5980,1514
21.594,fq_codel,1514,1,28,15696,,,,,,0,0,0,1,5982,1514
21.606,fq_codel,1514,1,28,15705,,,,,,0,0,1,0,5984,1514
21.618,fq_codel,0,0,28,15710,,,,,,0,0,0,0,5988,1514
21.630,fq_codel,3028,2,28,15721,,,,,,0,0,1,0,5999,1514
21.642,fq_codel,0,0,28,15738,,,,,,0,0,0,0,6007,1514
21.667,fq_codel,0,0,28,15746,,,,,,0,0,0,0,6015,1514
21.679,fq_codel,1514,1,28,15757,,,,,,0,0,0,1,6022,1514
21.691,fq_codel,1514,1,28,15767,,,,,,0,0,0,1,6023,1514
21.702,fq_codel,1514,1,28,15774,,,,,,0,0,0,1,6028,1514
21.714,fq_codel,1514,1,28,15784,,,,,,0,0,1,0,6038,1514
21.726,fq_codel,1514,1,28,15794,,,,,,0,0,0,1,6043,1514
21.738,fq_codel,0,0,28,15801,,,,,,0,0,0,0,6046,1514
21.750,fq_codel,0,0,28,15810,,,,,,0,0,0,0,6055,1514
21.762,fq_codel,1514,1,28,15821,,,,,,0,0,0,1,6063,1514
21.774,fq_codel,1514,1,28,15831,,,,,,0,0,0,1,6068,1514
21.785,fq_codel,1514,1,28,15841,,,,,,0,0,0,1,6074,1514
21.797,fq_codel,1514,1,28,15850,,,,,,0,0,0,1,6078,1514
21.809,fq_codel,1514,1,28,15860,,,,,,0,0,0,1,6079,1514
21.821,fq_codel,1514,1,28,15870,,,,,,0,0,0,1,6080,1514
21.833,fq_codel,1514,1,28,15880,,,,,,0,0,1,0,6090,1514
21.845,fq_codel,3028,2,28,15890,,,,,,0,0,1,0,6098,1514
21.857,fq_codel,1514,1,28,15899,,,,,,0,0,0,1,6102,1514
21.868,fq_codel,3028,2,28,15909,,,,,,0,0,0,1,6107,1514
21.880,fq_codel,1514,1,28,15919,,,,,,0,0,0,1,6111,1514
21.892,fq_codel,3028,2,28,15929,,,,,,0,0,0,1,6112,1514
21.904,fq_codel,3028,2,28,15939,,,,,,0,0,0,1,6112,1514
21.916,fq_codel,4542,3,28,15949,,,,,,0,0,0,1,6112,1514
21.928,fq_codel,4542,3,28,15959,,,,,,0,0,0,1,6112,1514
21.940,fq_codel,4542,3,28,15969,,,,,,0,0,0,1,6112,1514
21.952,fq_codel,4542,3,28,15979,,,,,,0,0,0,1,6112,1514
21.964,fq_codel,6056,4,28,15989,,,,,,0,0,0,1,6112,1514
21.976,fq_codel,7570,5,28,15999,,,,,,0,0,0,1,6112,1514
21.988,fq_codel,7570,5,28,16010,,,,,,0,0,0,1,6113,1514
22.000,fq_codel,7570,5,28,16020,,,,,,0,0,0,1,6113,1514
22.012,fq_codel,7570,5,28,16030,,,,,,0,0,0,1,6113,1514
22.024,fq_codel,7570,5,28,16039,,,,,,0,0,0,1,6113,1514
22.036,fq_codel,7570,5,28,16049,,,,,,0,0,0,1,6113,1514
22.048,fq_codel,7570,5,28,16059,,,,,,0,0,0,1,6113,1514
22.059,fq_codel,9084,6,28,16069,,,,,,0,0,0,1,6113,1514
22.071,fq_codel,9084,6,28,16078,,,,,,0,0,0,1,6113,1514
22.083,fq_codel,9084,6,28,16089,,,,,,0,0,0,1,6114,1514
22.095,fq_codel,9084,6,28,16099,,,,,,0,0,0,1,6114,1514
22.107,fq_codel,10598,7,28,16109,,,,,,0,0,0,1,6114,1514
22.119,fq_codel,10598,7,28,16119,,,,,,0,0,0,1,6114,1514
22.131,fq_codel,12112,8,28,16128,,,,,,0,0,0,1,6114,1514
22.142,fq_codel,12112,8,28,16138,,,,,,0,0,0,1,6114,1514
22.155,fq_codel,12112,8,28,16149,,,,,,0,0,0,1,6114,1514
22.168,fq_codel,13626,9,28,16159,,,,,,0,0,0,1,6114,1514
22.180,fq_codel,12112,8,29,16169,,,,,,0,0,0,1,6114,1514
22.192,fq_codel,12112,8,29,16180,,,,,,0,0,0,1,6115,1514
22.204,fq_codel,12112,8,29,16190,,,,,,0,0,0,1,6115,1514
22.216,fq_codel,13626,9,29,16200,,,,,,0,0,0,1,6115,1514
22.228,fq_codel,4542,3,29,16210,,,,,,0,0,0,1,6115,1514
22.240,fq_codel,0,0,29,16217,,,,,,0,0,0,0,6117,1514
22.252,fq_codel,0,0,29,16222,,,,,,0,0,0,0,6122,1514
22.264,fq_codel,0,0,29,16227,,,,,,0,0,0,0,6127,1514
22.276,fq_codel,0,0,29,16235,,,,,,0,0,0,0,6135,1514
22.288,fq_codel,0,0,29,16242,,,,,,0,0,0,0,6142,1514
22.300,fq_codel,0,0,29,16246,,,,,,0,0,0,0,6146,1514
22.312,fq_codel,1514,1,29,16254,,,,,,0,0,0,1,6151,1514
22.324,fq_codel,0,0,29,16262,,,,,,0,0,0,0,6156,1514
22.336,fq_codel,0,0,29,16266,,,,,,0,0,0,0,6160,1514
22.348,fq_codel,1514,1,29,16272,,,,,,0,0,1,0,6166,1514
22.360,fq_codel,1514,1,29,16281,,,,,,0,0,0,1,6170,1514
22.372,fq_codel,0,0,29,16287,,,,,,0,0,0,0,6175,1514
22.384,fq_codel,1612,2,29,16293,,,,,,0,0,2,0,6182,1514
22.396,fq_codel,1514,1,29,16301,,,,,,0,0,0,1,6187,1514
22.407,fq_codel,0,0,29,16310,,,,,,0,0,0,0,6188,1514
22.419,fq_codel,0,0,29,16314,,,,,,0,0,0,0,6192,1514
22.431,fq_codel,1514,1,29,16320,,,,,,0,0,1,0,6198,1514
22.443,fq_codel,1514,1,29,16330,,,,,,0,0,0,1,6201,1514
22.455,fq_codel,0,0,29,16337,,,,,,0,0,0,0,6203,1514
22.467,fq_codel,0,0,29,16343,,,,,,0,0,0,0,6209,1514
22.479,fq_codel,3028,2,29,16351,,,,,,0,0,1,0,6216,1514
22.491,fq_codel,3028,2,29,16361,,,,,,0,0,0,1,6218,1514
22.503,fq_codel,1514,1,29,16368,,,,,,0,0,1,0,6222,1514
22.515,fq_codel,0,0,29,16372,,,,,,0,0,0,0,6226,1514
22.527,fq_codel,3028,2,29,16383,,,,,,0,0,1,0,6235,1514
22.539,fq_codel,1514,1,29,16393,,,,,,0,0,1,0,6240,1514
22.551,fq_codel,0,0,29,16397,,,,,,0,0,0,0,6244,1514
22.563,fq_codel,1514,1,29,16406,,,,,,0,0,0,1,6252,1514
22.575,fq_codel,1514,1,29,16416,,,,,,0,0,0,1,6256,1514
22.587,fq_codel,0,0,29,16424,,,,,,0,0,0,0,6261,1514
22.599,fq_codel,1514,1,29,16430,,,,,,0,0,1,0,6267,1514
22.610,fq_codel,1514,1,29,16440,,,,,,0,0,0,1,6272,1514
22.622,fq_codel,3028,2,29,16449,,,,,,0,0,1,0,6275,1514
22.634,fq_codel,0,0,29,16455,,,,,,0,0,0,0,6280,1514
22.645,fq_codel,0,0,29,16463,,,,,,0,0,0,0,6287,1514
22.657,fq_codel,1514,1,29,16474,,,,,,0,0,0,1,6288,1514
22.669,fq_codel,0,0,29,16482,,,,,,0,0,0,0,6288,1514
22.681,fq_codel,1514,1,29,16489,,,,,,0,0,1,0,6295,1514
22.693,fq_codel,1514,1,29,16500,,,,,,0,0,0,1,6301,1514
22.705,fq_codel,1514,1,29,16510,,,,,,0,0,0,1,6301,1514
22.717,fq_codel,0,0,29,16516,,,,,,0,0,0,0,6302,1514
22.729,fq_codel,1514,1,29,16527,,,,,,0,0,1,0,6312,1514
22.741,fq_codel,1514,1,29,16536,,,,,,0,0,0,1,6317,1514
22.753,fq_codel,1514,1,29,16546,,,,,,0,0,0,1,6322,1514
22.765,fq_codel,0,0,29,16553,,,,,,0,0,0,0,6328,1514
22.776,fq_codel,3028,2,29,16564,,,,,,0,0,1,0,6339,1514
22.788,fq_codel,1514,1,29,16574,,,,,,0,0,0,1,6343,1514
22.800,fq_codel,0,0,29,16582,,,,,,0,0,0,0,6343,1514
22.812,fq_codel,1514,1,29,16593,,,,,,0,0,1,0,6353,1514
22.824,fq_codel,3028,2,29,16603,,,,,,0,0,1,0,6360,1514
22.836,fq_codel,3028,2,29,16613,,,,,,0,0,1,0,6365,1514
22.848,fq_codel,0,0,29,16622,,,,,,0,0,0,0,6369,1514
22.860,fq_codel,0,0,29,16631,,,,,,0,0,0,0,6377,1514
22.871,fq_codel,3028,2,29,16642,,,,,,0,0,1,0,6384,1514
22.883,fq_codel,3028,2,29,16652,,,,,,0,0,1,0,6389,1514
22.895,fq_codel,1514,1,29,16663,,,,,,0,0,0,1,6390,1514
22.907,fq_codel,4542,3,29,16672,,,,,,0,0,0,1,6390,1514
22.919,fq_codel,3028,2,29,16683,,,,,,0,0,0,1,6390,1514
22.932,fq_codel,3028,2,29,16693,,,,,,0,0,0,1,6390,1514
22.944,fq_codel,4542,3,29,16703,,,,,,0,0,0,1,6390,1514
22.956,fq_codel,4542,3,29,16713,,,,,,0,0,0,1,6390,1514
22.967,fq_codel,6056,4,29,16722,,,,,,0,0,0,1,6390,1514
22.980,fq_codel,6056,4,29,16732,,,,,,0,0,0,1,6390,1514
22.991,fq_codel,6056,4,29,16743,,,,,,0,0,0,1,6391,1514
23.003,fq_codel,6056,4,29,16753,,,,,,0,0,0,1,6391,1514
23.015,fq_codel,6056,4,29,16763,,,,,,0,0,0,1,6391,1514
23.027,fq_codel,7570,5,29,16772,,,,,,0,0,0,1,6391,1514
23.039,fq_codel,9084,6,29,16782,,,,,,0,0,0,1,6391,1514
23.051,fq_codel,9084,6,29,16792,,,,,,0,0,0,1,6391,1514
23.063,fq_codel,9084,6,29,16802,,,,,,0,0,0,1,6391,1514
23.075,fq_codel,9084,6,29,16812,,,,,,0,0,0,1,6391,1514
23.087,fq_codel,9084,6,29,16823,,,,,,0,0,0,1,6392,1514
23.099,fq_codel,9084,6,29,16833,,,,,,0,0,0,1,6392,1514
23.111,fq_codel,10598,7,29,16842,,,,,,0,0,0,1,6392,1514
23.123,fq_codel,10598,7,29,16852,,,,,,0,0,0,1,6392,1514
23.135,fq_codel,12112,8,29,16862,,,,,,0,0,0,1,6392,1514
23.147,fq_codel,10598,7,29,16873,,,,,,0,0,0,1,6392,1514
23.160,fq_codel,10598,7,29,16883,,,,,,0,0,0,1,6392,1514
23.172,fq_codel,10598,7,29,16893,,,,,,0,0,0,1,6392,1514
23.184,fq_codel,13626,9,29,16903,,,,,,0,0,0,1,6392,1514
23.196,fq_codel,12112,8,30,16914,,,,,,0,0,0,1,6393,1514
23.208,fq_codel,12112,8,30,16924,,,,,,0,0,0,1,6393,1514
23.220,fq_codel,12112,8,30,16934,,,,,,0,0,0,1,6393,1514
23.232,fq_codel,12112,8,30,16944,,,,,,0,0,0,1,6393,1514
23.244,fq_codel,6056,4,30,16953,,,,,,0,0,0,1,6393,1514
23.256,fq_codel,0,0,30,16961,,,,,,0,0,0,0,6396,1514
23.268,fq_codel,0,0,30,16966,,,,,,0,0,0,0,6401,1514
23.280,fq_codel,0,0,30,16970,,,,,,0,0,0,0,6405,1514
23.292,fq_codel,0,0,30,16980,,,,,,0,0,0,0,6413,1514
23.304,fq_codel,1514,1,30,16986,,,,,,0,0,1,0,6419,1514
23.316,fq_codel,0,0,30,16990,,,,,,0,0,0,0,6423,1514
23.328,fq_codel,1514,1,30,16998,,,,,,0,0,0,1,6428,1514
23.340,fq_codel,1514,1,30,17006,,,,,,0,0,1,0,6433,1514
23.352,fq_codel,0,0,30,17010,,,,,,0,0,0,0,6437,1514
23.364,fq_codel,0,0,30,17014,,,,,,0,0,0,0,6441,1514
23.376,fq_codel,1514,1,30,17025,,,,,,0,0,0,1,6445,1514
23.388,fq_codel,0,0,30,17032,,,,,,0,0,0,0,6450,1514
23.400,fq_codel,0,0,30,17036,,,,,,0,0,0,0,6454,1514
23.412,fq_codel,1514,1,30,17045,,,,,,0,0,0,1,6461,1514
23.424,fq_codel,0,0,30,17054,,,,,,0,0,0,0,6462,1514
23.436,fq_codel,0,0,30,17058,,,,,,0,0,0,0,6466,1514
23.448,fq_codel,0,0,30,17064,,,,,,0,0,0,0,6472,1514
23.460,fq_codel,1514,1,30,17074,,,,,,0,0,0,1,6480,1514
23.471,fq_codel,0,0,30,17081,,,,,,0,0,0,0,6484,1514
23.483,fq_codel,1514,1,30,17087,,,,,,0,0,1,0,6490,1514
23.495,fq_codel,3028,2,30,17096,,,,,,0,0,1,0,6498,1514
23.507,fq_codel,1514,1,30,17106,,,,,,0,0,0,1,6502,1514
23.519,fq_codel,1514,1,30,17112,,,,,,0,0,1,0,6507,1514
23.531,fq_codel,0,0,30,17116,,,,,,0,0,0,0,6511,1514
23.543,fq_codel,3028,2,30,17127,,,,,,0,0,1,0,6520,1514
23.555,fq_codel,0,0,30,17135,,,,,,0,0,0,0,6523,1514
23.567,fq_codel,0,0,30,17141,,,,,,0,0,0,0,6529,1514
23.579,fq_codel,1514,1,30,17150,,,,,,0,0,0,1,6537,1514
23.591,fq_codel,1514,1,30,17161,,,,,,0,0,0,1,6542,1514
23.603,fq_codel,0,0,30,17168,,,,,,0,0,0,0,6545,1514
23.615,fq_codel,1514,1,30,17174,,,,,,0,0,1,0,6551,1514
23.627,fq_codel,1514,1,30,17184,,,,,,0,0,0,1,6559,1514
23.639,fq_codel,1514,1,30,17194,,,,,,0,0,0,1,6564,1514
23.651,fq_codel,0,0,30,17199,,,,,,0,0,0,0,6569,1514
23.663,fq_codel,3028,2,30,17209,,,,,,0,0,1,0,6579,1514
23.675,fq_codel,3028,2,30,17219,,,,,,0,0,1,0,6581,1514
23.687,fq_codel,0,0,30,17226,,,,,,0,0,0,0,6584,1514
23.699,fq_codel,0,0,30,17234,,,,,,0,0,0,0,6591,1514
23.710,fq_codel,3028,2,30,17245,,,,,,0,0,0,1,6600,1514
23.722,fq_codel,3028,2,30,17255,,,,,,0,0,0,1,6600,1514
23.734,fq_codel,1514,1,30,17262,,,,,,0,0,1,0,6604,1514
23.746,fq_codel,1514,1,30,17271,,,,,,0,0,1,0,6611,1514
23.758,fq_codel,3028,2,30,17281,,,,,,0,0,1,0,6617,1514
23.770,fq_codel,0,0,30,17290,,,,,,0,0,0,0,6619,1514
23.781,fq_codel,0,0,30,17297,,,,,,0,0,0,0,6624,1514
23.793,fq_codel,3028,2,30,17309,,,,,,0,0,0,1,6632,1514
23.805,fq_codel,3028,2,30,17319,,,,,,0,0,0,1,6632,1514
23.817,fq_codel,1514,1,30,17328,,,,,,0,0,1,0,6634,1514
23.828,fq_codel,1514,1,30,17337,,,,,,0,0,1,0,6643,1514
23.840,fq_codel,3028,2,30,17347,,,,,,0,0,1,0,6650,1514
23.852,fq_codel,3028,2,30,17357,,,,,,0,0,1,0,6655,1514
23.864,fq_codel,0,0,30,17366,,,,,,0,0,0,0,6659,1514
23.876,fq_codel,0,0,30,17375,,,,,,0,0,0,0,6667,1514
23.888,fq_codel,3028,2,30,17386,,,,,,0,0,1,0,6674,1514
23.899,fq_codel,3028,2,30,17397,,,,,,0,0,0,1,6676,1514
23.911,fq_codel,1514,1,30,17407,,,,,,0,0,0,1,6676,1514
23.923,fq_codel,3028,2,30,17417,,,,,,0,0,0,1,6676,1514
23.935,fq_codel,3028,2,30,17427,,,,,,0,0,0,1,6676,1514
23.947,fq_codel,3028,2,30,17437,,,,,,0,0,0,1,6676,1514
23.959,fq_codel,3028,2,30,17446,,,,,,0,0,0,1,6676,1514
23.971,fq_codel,6056,4,30,17456,,,,,,0,0,0,1,6676,1514
23.983,fq_codel,6056,4,30,17466,,,,,,0,0,0,1,6676,1514
23.995,fq_codel,6056,4,30,17477,,,,,,0,0,0,1,6677,1514
24.007,fq_codel,6056,4,30,17487,,,,,,0,0,0,1,6677,1514
24.019,fq_codel,6056,4,30,17497,,,,,,0,0,0,1,6677,1514
24.031,fq_codel,6056,4,30,17507,,,,,,0,0,0,1,6677,1514
24.043,fq_codel,7570,5,30,17516,,,,,,0,0,0,1,6677,1514
24.055,fq_codel,9084,6,30,17526,,,,,,0,0,0,1,6677,1514
24.067,fq_codel,9084,6,30,17536,,,,,,0,0,0,1,6677,1514
24.079,fq_codel,9084,6,30,17546,,,,,,0,0,0,1,6677,1514
24.091,fq_codel,9084,6,30,17556,,,,,,0,0,0,1,6677,1514
24.103,fq_codel,10598,7,30,17566,,,,,,0,0,0,1,6678,1514
24.114,fq_codel,10598,7,30,17576,,,,,,0,0,0,1,6678,1514
24.126,fq_codel,10598,7,30,17586,,,,,,0,0,0,1,6678,1514
24.138,fq_codel,10598,7,30,17596,,,,,,0,0,0,1,6678,1514
24.151,fq_codel,12112,8,30,17606,,,,,,0,0,0,1,6678,1514
24.163,fq_codel,10598,7,30,17617,,,,,,0,0,0,1,6678,1514
24.176,fq_codel,10598,7,30,17627,,,,,,0,0,0,1,6678,1514
24.188,fq_codel,10598,7,30,17637,,,,,,0,0,0,1,6678,1514
24.200,fq_codel,13626,9,30,17648,,,,,,0,0,0,1,6679,1514
24.212,fq_codel,12112,8,31,17658,,,,,,0,0,0,1,6679,1514
24.224,fq_codel,12112,8,31,17668,,,,,,0,0,0,1,6679,1514
24.236,fq_codel,10598,7,31,17677,,,,,,0,0,0,1,6679,1514
24.248,fq_codel,12112,8,31,17687,,,,,,0,0,0,1,6679,1514
24.260,fq_codel,4542,3,31,17697,,,,,,0,0,0,1,6679,1514
24.272,fq_codel,0,0,31,17704,,,,,,0,0,0,0,6681,1514
24.284,fq_codel,0,0,31,17709,,,,,,0,0,0,0,6686,1514
24.296,fq_codel,0,0,31,17715,,,,,,0,0,0,0,6692,1514
24.308,fq_codel,1514,1,31,17724,,,,,,0,0,1,0,6701,1514
24.319,fq_codel,0,0,31,17728,,,,,,0,0,0,0,6705,1514
24.331,fq_codel,0,0,31,17734,,,,,,0,0,0,0,6711,1514
24.343,fq_codel,3028,2,31,17741,,,,,,0,0,0,1,6716,1514
24.355,fq_codel,0,0,31,17748,,,,,,0,0,0,0,6720,1514
24.367,fq_codel,0,0,31,17754,,,,,,0,0,0,0,6726,1514
24.379,fq_codel,0,0,31,17758,,,,,,0,0,0,0,6730,1514
24.391,fq_codel,1514,1,31,17769,,,,,,0,0,0,1,6736,1514
24.403,fq_codel,0,0,31,17776,,,,,,0,0,0,0,6742,1514
24.415,fq_codel,0,0,31,17780,,,,,,0,0,0,0,6746,1514
24.427,fq_codel,3028,2,31,17788,,,,,,0,0,1,0,6753,1514
24.439,fq_codel,1514,1,31,17798,,,,,,0,0,1,0,6756,1514
24.451,fq_codel,0,0,31,17802,,,,,,0,0,0,0,6760,1514
24.462,fq_codel,0,0,31,17806,,,,,,0,0,0,0,6764,1514
24.474,fq_codel,3028,2,31,17817,,,,,,0,0,1,0,6772,1514
24.486,fq_codel,0,0,31,17825,,,,,,0,0,0,0,6776,1514
24.498,fq_codel,0,0,31,17830,,,,,,0,0,0,0,6781,1514
24.510,fq_codel,3028,2,31,17839,,,,,,0,0,1,0,6790,1514
24.522,fq_codel,3028,2,31,17849,,,,,,0,0,0,1,6794,1514
24.534,fq_codel,0,0,31,17854,,,,,,0,0,0,0,6798,1514
24.546,fq_codel,1514,1,31,17860,,,,,,0,0,1,0,6804,1514
24.558,fq_codel,3028,2,31,17870,,,,,,0,0,1,0,6812,1514
24.570,fq_codel,0,0,31,17879,,,,,,0,0,0,0,6815,1514
24.582,fq_codel,1514,1,31,17885,,,,,,0,0,1,0,6821,1514
24.594,fq_codel,1612,2,31,17893,,,,,,0,0,2,0,6830,1514
24.606,fq_codel,3028,2,31,17904,,,,,,0,0,0,1,6831,1514
24.618,fq_codel,1514,1,31,17912,,,,,,0,0,1,0,6834,1514
24.630,fq_codel,0,0,31,17916,,,,,,0,0,0,0,6838,1514
24.642,fq_codel,1514,1,31,17927,,,,,,0,0,0,1,6847,1514
24.653,fq_codel,3028,2,31,17937,,,,,,0,0,1,0,6852,1514
24.665,fq_codel,1514,1,31,17943,,,,,,0,0,1,0,6856,1514
24.677,fq_codel,1514,1,31,17951,,,,,,0,0,1,0,6864,1514
24.689,fq_codel,1514,1,31,17961,,,,,,0,0,0,1,6871,1514
24.701,fq_codel,0,0,31,17971,,,,,,0,0,0,0,6875,1514
24.713,fq_codel,1514,1,31,17978,,,,,,0,0,1,0,6881,1514
24.725,fq_codel,1514,1,31,17987,,,,,,0,0,0,1,6889,1514
24.737,fq_codel,1514,1,31,17997,,,,,,0,0,0,1,6893,1514
24.748,fq_codel,0,0,31,18004,,,,,,0,0,0,0,6897,1514
24.760,fq_codel,0,0,31,18013,,,,,,0,0,0,0,6905,1514
24.772,fq_codel,1514,1,31,18023,,,,,,0,0,0,1,6913,1514
24.784,fq_codel,1514,1,31,18033,,,,,,0,0,0,1,6918,1514
24.796,fq_codel,1514,1,31,18042,,,,,,0,0,0,2,6924,1514
24.807,fq_codel,3028,2,31,18052,,,,,,0,0,1,0,6932,1514
24.819,fq_codel,3028,2,31,18062,,,,,,0,0,1,0,6937,1514
24.831,fq_codel,0,0,31,18069,,,,,,0,0,0,0,6940,1514
24.843,fq_codel,0,0,31,18079,,,,,,0,0,0,0,6948,1514
24.854,fq_codel,0,0,31,18089,,,,,,0,0,0,0,6957,1514
24.866,fq_codel,1514,1,31,18099,,,,,,0,0,0,1,6962,1514
24.878,fq_codel,0,0,31,18108,,,,,,0,0,0,0,6966,1514
24.890,fq_codel,1514,1,31,18119,,,,,,0,0,1,0,6976,1514
24.902,fq_codel,4542,3,31,18129,,,,,,0,0,0,1,6980,1514
24.914,fq_codel,1514,1,31,18139,,,,,,0,0,0,1,6980,1514
24.925,fq_codel,3028,2,31,18149,,,,,,0,0,0,1,6980,1514
24.937,fq_codel,4542,3,31,18159,,,,,,0,0,0,1,6980,1514
24.949,fq_codel,4542,3,31,18169,,,,,,0,0,0,1,6980,1514
24.961,fq_codel,4542,3,31,18179,,,,,,0,0,0,1,6980,1514
24.973,fq_codel,3028,2,31,18188,,,,,,0,0,0,1,6980,1514
24.985,fq_codel,4542,3,31,18198,,,,,,0,0,0,1,6980,1514
24.997,fq_codel,4542,3,31,18209,,,,,,0,0,0,1,6981,1514
25.009,fq_codel,4542,3,31,18219,,,,,,0,0,0,1,6981,1514
25.022,fq_codel,6056,4,31,18230,,,,,,0,0,0,1,6981,1514
25.034,fq_codel,7570,5,31,18239,,,,,,0,0,0,1,6981,1514
25.046,fq_codel,7570,5,31,18249,,,,,,0,0,0,1,6981,1514
25.058,fq_codel,7570,5,31,18259,,,,,,0,0,0,1,6981,1514
25.069,fq_codel,9084,6,31,18269,,,,,,0,0,0,1,6981,1514
25.081,fq_codel,9084,6,31,18279,,,,,,0,0,0,1,6981,1514
25.093,fq_codel,6056,4,31,18289,,,,,,0,0,0,1,6981,1514
25.105,fq_codel,7570,5,31,18299,,,,,,0,0,0,1,6982,1514
25.117,fq_codel,7570,5,31,18309,,,,,,0,0,0,1,6982,1514
25.129,fq_codel,10598,7,31,18319,,,,,,0,0,0,1,6982,1514
25.141,fq_codel,10598,7,31,18329,,,,,,0,0,0,1,6982,1514
25.154,fq_codel,10598,7,31,18339,,,,,,0,0,0,1,6982,1514
25.166,fq_codel,12112,8,31,18349,,,,,,0,0,0,1,6982,1514
25.178,fq_codel,12112,8,31,18359,,,,,,0,0,0,1,6982,1514
25.189,fq_codel,12112,8,31,18369,,,,,,0,0,0,1,6982,1514
25.201,fq_codel,12112,8,31,18380,,,,,,0,0,0,1,6983,1514
25.213,fq_codel,13626,9,31,18390,,,,,,0,0,0,1,6983,1514
25.226,fq_codel,10598,7,32,18400,,,,,,0,0,0,1,6983,1514
25.237,fq_codel,10598,7,32,18410,,,,,,0,0,0,1,6983,1514
25.250,fq_codel,10598,7,32,18420,,,,,,0,0,0,1,6983,1514
25.262,fq_codel,10598,7,32,18429,,,,,,0,0,0,1,6983,1514
25.273,fq_codel,9084,6,32,18439,,,,,,0,0,0,1,6983,1514
25.285,fq_codel,1514,1,32,18449,,,,,,0,0,0,1,6983,1514
25.297,fq_codel,0,0,32,18454,,,,,,0,0,0,0,6987,1514
25.309,fq_codel,0,0,32,18460,,,,,,0,0,0,0,6993,1514
25.321,fq_codel,0,0,32,18465,,,,,,0,0,0,0,6998,1514
25.332,fq_codel,0,0,32,18473,,,,,,0,0,0,0,7004,1514
25.344,fq_codel,0,0,32,18479,,,,,,0,0,0,0,7010,1514
25.356,fq_codel,0,0,32,18483,,,,,,0,0,0,0,7014,1514
25.368,fq_codel,3028,2,32,18492,,,,,,0,0,1,0,7019,1514
25.379,fq_codel,0,0,32,18497,,,,,,0,0,0,0,7022,1514
25.391,fq_codel,0,0,32,18503,,,,,,0,0,0,0,7028,1514
25.403,fq_codel,3028,2,32,18510,,,,,,0,0,1,0,7035,1514
25.415,fq_codel,0,0,32,18519,,,,,,0,0,0,0,7038,1514
25.427,fq_codel,0,0,32,18525,,,,,,0,0,0,0,7043,1514
25.439,fq_codel,0,0,32,18529,,,,,,0,0,0,0,7047,1514
25.451,fq_codel,1514,1,32,18538,,,,,,0,0,0,1,7054,1514
25.462,fq_codel,1514,1,32,18547,,,,,,0,0,1,0,7059,1514
25.474,fq_codel,0,0,32,18551,,,,,,0,0,0,0,7063,1514
25.486,fq_codel,1514,1,32,18557,,,,,,0,0,1,0,7069,1514
25.498,fq_codel,3028,2,32,18567,,,,,,0,0,0,1,7076,1514
25.510,fq_codel,0,0,32,18575,,,,,,0,0,0,0,7080,1514
25.522,fq_codel,0,0,32,18579,,,,,,0,0,0,0,7084,1514
25.533,fq_codel,3028,2,32,18589,,,,,,0,0,1,0,7092,1514
25.545,fq_codel,3028,2,32,18598,,,,,,0,0,1,0,7095,1514
25.557,fq_codel,0,0,32,18603,,,,,,0,0,0,0,7099,1514
25.569,fq_codel,0,0,32,18609,,,,,,0,0,0,0,7105,1514
25.581,fq_codel,3028,2,32,18620,,,,,,0,0,1,0,7113,1514
25.593,fq_codel,0,0,32,18628,,,,,,0,0,0,0,7116,1514
25.605,fq_codel,0,0,32,18633,,,,,,0,0,0,0,7121,1514
25.617,fq_codel,3028,2,32,18643,,,,,,0,0,1,0,7130,1514
25.629,fq_codel,3028,2,32,18653,,,,,,0,0,1,0,7135,1514
25.641,fq_codel,0,0,32,18659,,,,,,0,0,0,0,7138,1514
25.652,fq_codel,1514,1,32,18667,,,,,,0,0,1,0,7146,1514
25.664,fq_codel,1514,1,32,18677,,,,,,0,0,0,1,7153,1514
25.676,fq_codel,1514,1,32,18687,,,,,,0,0,0,1,7158,1514
25.688,fq_codel,0,0,32,18690,,,,,,0,0,0,0,7160,1514
25.700,fq_codel,1514,1,32,18702,,,,,,0,0,0,2,7171,1514
25.712,fq_codel,1514,1,32,18712,,,,,,0,0,0,1,7171,1514
25.724,fq_codel,1514,1,32,18721,,,,,,0,0,0,1,7173,1514
25.736,fq_codel,1514,1,32,18727,,,,,,0,0,1,0,7179,1514
25.747,fq_codel,1514,1,32,18737,,,,,,0,0,0,1,7187,1514
25.759,fq_codel,1514,1,32,18747,,,,,,0,0,0,1,7192,1514
25.771,fq_codel,1514,1,32,18754,,,,,,0,0,0,1,7196,1514
25.783,fq_codel,0,0,32,18762,,,,,,0,0,0,0,7204,1514
25.795,fq_codel,1514,1,32,18773,,,,,,0,0,0,1,7210,1514
25.806,fq_codel,1514,1,32,18784,,,,,,0,0,0,1,7213,1514
25.818,fq_codel,0,0,32,18791,,,,,,0,0,0,0,7220,1514
25.830,fq_codel,1514,1,32,18801,,,,,,0,0,0,1,7229,1514
25.842,fq_codel,1514,1,32,18811,,,,,,0,0,0,1,7234,1514
25.854,fq_codel,0,0,32,18819,,,,,,0,0,0,0,7239,1514
25.866,fq_codel,1514,1,32,18830,,,,,,0,0,1,0,7249,1514
25.878,fq_codel,3028,2,32,18840,,,,,,0,0,1,0,7255,1514
25.890,fq_codel,3028,2,32,18850,,,,,,0,0,1,0,7260,1514
25.902,fq_codel,1514,1,32,18861,,,,,,0,0,0,1,7266,1514
25.914,fq_codel,3028,2,32,18870,,,,,,0,0,0,1,7270,1514
25.926,fq_codel,3028,2,32,18880,,,,,,0,0,0,1,7270,1514
25.938,fq_codel,3028,2,32,18890,,,,,,0,0,0,1,7270,1514
25.949,fq_codel,1514,1,32,18900,,,,,,0,0,0,1,7273,1514
25.961,fq_codel,4542,3,32,18909,,,,,,0,0,0,1,7275,1514
25.973,fq_codel,4542,3,32,18919,,,,,,0,0,0,1,7275,1514
25.985,fq_codel,4542,3,32,18929,,,,,,0,0,0,1,7275,1514
25.997,fq_codel,3028,2,32,18939,,,,,,0,0,0,1,7275,1514
26.009,fq_codel,6056,4,32,18950,,,,,,0,0,0,1,7276,1514
26.021,fq_codel,6056,4,32,18960,,,,,,0,0,0,1,7276,1514
26.033,fq_codel,6056,4,32,18970,,,,,,0,0,0,1,7276,1514
26.045,fq_codel,6056,4,32,18980,,,,,,0,0,0,1,7276,1514
26.057,fq_codel,6056,4,32,18990,,,,,,0,0,0,1,7276,1514
26.069,fq_codel,7570,5,32,18999,,,,,,0,0,0,1,7276,1514
26.081,fq_codel,7570,5,32,19009,,,,,,0,0,0,1,7276,1514
26.093,fq_codel,9084,6,32,19019,,,,,,0,0,0,1,7276,1514
26.104,fq_codel,9084,6,32,19030,,,,,,0,0,0,1,7277,1514
26.117,fq_codel,9084,6,32,19040,,,,,,0,0,0,1,7277,1514
26.128,fq_codel,7570,5,32,19049,,,,,,0,0,0,1,7277,1514
26.140,fq_codel,9084,6,32,19060,,,,,,0,0,0,1,7277,1514
26.153,fq_codel,9084,6,32,19070,,,,,,0,0,0,1,7277,1514
26.165,fq_codel,9084,6,32,19080,,,,,,0,0,0,1,7277,1514
26.178,fq_codel,9084,6,32,19090,,,,,,0,0,0,1,7277,1514
26.189,fq_codel,10598,7,32,19100,,,,,,0,0,0,1,7277,1514
26.201,fq_codel,12112,8,32,19109,,,,,,0,0,0,1,7277,1514
26.213,fq_codel,12112,8,32,19120,,,,,,0,0,0,1,7278,1514
26.225,fq_codel,12112,8,32,19130,,,,,,0,0,0,1,7278,1514
26.237,fq_codel,12112,8,32,19140,,,,,,0,0,0,1,7278,1514
26.249,fq_codel,10598,7,33,19150,,,,,,0,0,0,1,7278,1514
26.261,fq_codel,10598,7,33,19160,,,,,,0,0,0,1,7278,1514
26.273,fq_codel,10598,7,33,19170,,,,,,0,0,0,1,7278,1514
26.285,fq_codel,12112,8,33,19179,,,,,,0,0,0,1,7278,1514
26.297,fq_codel,4542,3,33,19189,,,,,,0,0,0,1,7278,1514
26.308,fq_codel,0,0,33,19197,,,,,,0,0,0,0,7282,1514
26.320,fq_codel,0,0,33,19202,,,,,,0,0,0,0,7287,1514
26.332,fq_codel,0,0,33,19206,,,,,,0,0,0,0,7291,1514
26.344,fq_codel,0,0,33,19215,,,,,,0,0,0,0,7300,1514
26.356,fq_codel,1514,1,33,19221,,,,,,0,0,1,0,7306,1514
26.367,fq_codel,0,0,33,19225,,,,,,0,0,0,0,7310,1514
26.379,fq_codel,3028,2,33,19232,,,,,,0,0,0,1,7315,1514
26.391,fq_codel,0,0,33,19239,,,,,,0,0,0,0,7318,1514
26.403,fq_codel,0,0,33,19246,,,,,,0,0,0,0,7325,1514
26.415,fq_codel,0,0,33,19250,,,,,,0,0,0,0,7329,1514
26.427,fq_codel,1514,1,33,19261,,,,,,0,0,0,1,7334,1514
26.439,fq_codel,0,0,33,19267,,,,,,0,0,0,0,7338,1514
26.451,fq_codel,0,0,33,19271,,,,,,0,0,0,0,7342,1514
26.463,fq_codel,3028,2,33,19279,,,,,,0,0,1,0,7350,1514
26.475,fq_codel,1514,1,33,19289,,,,,,0,0,0,1,7351,1514
26.487,fq_codel,0,0,33,19293,,,,,,0,0,0,0,7355,1514
26.499,fq_codel,1514,1,33,19299,,,,,,0,0,1,0,7361,1514
26.511,fq_codel,1514,1,33,19310,,,,,,0,0,0,1,7367,1514
26.523,fq_codel,0,0,33,19317,,,,,,0,0,0,0,7369,1514
26.535,fq_codel,1514,1,33,19323,,,,,,0,0,1,0,7375,1514
26.547,fq_codel,3028,2,33,19331,,,,,,0,0,1,0,7382,1514
26.559,fq_codel,1514,1,33,19341,,,,,,0,0,0,1,7386,1514
26.571,fq_codel,1514,1,33,19347,,,,,,0,0,1,0,7392,1514
26.583,fq_codel,0,0,33,19351,,,,,,0,0,0,0,7396,1514
26.595,fq_codel,3028,2,33,19362,,,,,,0,0,1,0,7405,1514
26.607,fq_codel,0,0,33,19371,,,,,,0,0,0,0,7409,1514
26.619,fq_codel,0,0,33,19377,,,,,,0,0,0,0,7415,1514
26.631,fq_codel,3028,2,33,19385,,,,,,0,0,1,0,7423,1514
26.642,fq_codel,3028,2,33,19395,,,,,,0,0,1,0,7428,1514
26.654,fq_codel,1514,1,33,19403,,,,,,0,0,1,0,7431,1514
26.666,fq_codel,1514,1,33,19409,,,,,,0,0,1,0,7437,1514
26.679,fq_codel,1514,1,33,19419,,,,,,0,0,0,1,7442,1514
26.691,fq_codel,1514,1,33,19429,,,,,,0,0,0,1,7442,1514
26.703,fq_codel,0,0,33,19434,,,,,,0,0,0,0,7446,1514
26.715,fq_codel,3028,2,33,19445,,,,,,0,0,1,0,7457,1514
26.727,fq_codel,3028,2,33,19455,,,,,,0,0,1,0,7462,1514
26.738,fq_codel,1514,1,33,19464,,,,,,0,0,1,0,7467,1514
26.753,fq_codel,1514,1,33,19473,,,,,,0,0,1,0,7475,1514
26.765,fq_codel,3028,2,33,19482,,,,,,0,0,0,1,7479,1514
26.777,fq_codel,3028,2,33,19492,,,,,,0,0,0,1,7479,1514
26.789,fq_codel,0,0,33,19498,,,,,,0,0,0,0,7483,1514
26.801,fq_codel,1514,1,33,19509,,,,,,0,0,0,1,7489,1514
26.813,fq_codel,3028,2,33,19519,,,,,,0,0,0,1,7492,1514
26.824,fq_codel,0,0,33,19528,,,,,,0,0,0,0,7493,1514
26.836,fq_codel,1514,1,33,19537,,,,,,0,0,1,0,7502,1514
26.848,fq_codel,1514,1,33,19547,,,,,,0,0,0,1,7510,1514
26.860,fq_codel,1514,1,33,19557,,,,,,0,0,0,1,7515,1514
26.872,fq_codel,1514,1,33,19565,,,,,,0,0,1,0,7521,1514
26.883,fq_codel,0,0,33,19574,,,,,,0,0,0,0,7526,1514
26.895,fq_codel,1514,1,33,19585,,,,,,0,0,0,1,7527,1514
26.907,fq_codel,1514,1,33,19596,,,,,,0,0,0,1,7528,1514
26.919,fq_codel,1514,1,33,19605,,,,,,0,0,0,1,7532,1514
26.931,fq_codel,1514,1,33,19615,,,,,,0,0,0,1,7536,1514
26.943,fq_codel,1514,1,33,19625,,,,,,0,0,0,1,7536,1514
26.955,fq_codel,1514,1,33,19635,,,,,,0,0,0,1,7540,1514
26.967,fq_codel,3028,2,33,19645,,,,,,0,0,1,0,7545,1514
26.979,fq_codel,4542,3,33,19655,,,,,,0,0,0,1,7546,1514
26.991,fq_codel,3028,2,33,19666,,,,,,0,0,0,1,7546,1514
27.004,fq_codel,3028,2,33,19676,,,,,,0,0,0,1,7546,1514
27.016,fq_codel,6056,4,33,19686,,,,,,0,0,0,1,7547,1514
27.028,fq_codel,6056,4,33,19696,,,,,,0,0,0,1,7547,1514
27.040,fq_codel,6056,4,33,19706,,,,,,0,0,0,1,7547,1514
27.052,fq_codel,6056,4,33,19716,,,,,,0,0,0,1,7547,1514
27.064,fq_codel,6056,4,33,19726,,,,,,0,0,0,1,7547,1514
27.076,fq_codel,6056,4,33,19736,,,,,,0,0,0,1,7547,1514
27.088,fq_codel,7570,5,33,19747,,,,,,0,0,0,1,7547,1514
27.101,fq_codel,7570,5,33,19756,,,,,,0,0,0,1,7547,1514
27.113,fq_codel,10598,7,33,19767,,,,,,0,0,0,1,7548,1514
27.125,fq_codel,7570,5,33,19777,,,,,,0,0,0,1,7548,1514
27.137,fq_codel,7570,5,33,19787,,,,,,0,0,0,1,7548,1514
27.149,fq_codel,7570,5,33,19798,,,,,,0,0,0,1,7548,1514
27.162,fq_codel,9084,6,33,19808,,,,,,0,0,0,1,7548,1514
27.174,fq_codel,9084,6,33,19818,,,,,,0,0,0,1,7548,1514
27.186,fq_codel,10598,7,33,19827,,,,,,0,0,0,1,7548,1514
27.198,fq_codel,10598,7,33,19837,,,,,,0,0,0,1,7548,1514
27.210,fq_codel,12112,8,33,19848,,,,,,0,0,0,1,7549,1514
27.221,fq_codel,12112,8,33,19858,,,,,,0,0,0,1,7549,1514
27.233,fq_codel,12112,8,33,19868,,,,,,0,0,0,1,7549,1514
27.245,fq_codel,12112,8,33,19878,,,,,,0,0,0,1,7549,1514
27.257,fq_codel,13626,9,33,19887,,,,,,0,0,0,1,7549,1514
27.269,fq_codel,12112,8,34,19897,,,,,,0,0,0,1,7549,1514
27.281,fq_codel,12112,8,34,19907,,,,,,0,0,0,1,7549,1514
27.293,fq_codel,12112,8,34,19917,,,,,,0,0,0,1,7549,1514
27.304,fq_codel,10598,7,34,19926,,,,,,0,0,0,1,7549,1514
27.316,fq_codel,1514,1,34,19937,,,,,,0,0,0,1,7550,1514
27.328,fq_codel,0,0,34,19942,,,,,,0,0,0,0,7554,1514
27.340,fq_codel,0,0,34,19947,,,,,,0,0,0,0,7559,1514
27.352,fq_codel,0,0,34,19953,,,,,,0,0,0,0,7565,1514
27.364,fq_codel,0,0,34,19961,,,,,,0,0,0,0,7573,1514
27.376,fq_codel,0,0,34,19965,,,,,,0,0,0,0,7577,1514
27.387,fq_codel,0,0,34,19971,,,,,,0,0,0,0,7583,1514
27.399,fq_codel,0,0,34,19979,,,,,,0,0,0,0,7587,1514
27.411,fq_codel,0,0,34,19986,,,,,,0,0,0,0,7592,1514
27.423,fq_codel,1514,1,34,19992,,,,,,0,0,1,0,7598,1514
27.435,fq_codel,3028,2,34,19998,,,,,,0,0,1,0,7604,1514
27.447,fq_codel,0,0,34,20007,,,,,,0,0,0,0,7607,1514
27.459,fq_codel,1514,1,34,20013,,,,,,0,0,1,0,7613,1514
27.471,fq_codel,0,0,34,20017,,,,,,0,0,0,0,7617,1514
27.483,fq_codel,3028,2,34,20027,,,,,,0,0,0,1,7624,1514
27.495,fq_codel,1514,1,34,20035,,,,,,0,0,1,0,7628,1514
27.507,fq_codel,0,0,34,20039,,,,,,0,0,0,0,7632,1514
27.519,fq_codel,0,0,34,20046,,,,,,0,0,0,0,7639,1514
27.531,fq_codel,1514,1,34,20057,,,,,,0,0,0,1,7643,1514
27.543,fq_codel,0,0,34,20063,,,,,,0,0,0,0,7647,1514
27.555,fq_codel,0,0,34,20067,,,,,,0,0,0,0,7651,1514
27.567,fq_codel,3028,2,34,20078,,,,,,0,0,1,0,7659,1514
27.579,fq_codel,0,0,34,20087,,,,,,0,0,0,0,7660,1514
27.591,fq_codel,0,0,34,20091,,,,,,0,0,0,0,7664,1514
27.603,fq_codel,1514,1,34,20099,,,,,,0,0,1,0,7672,1514
27.615,fq_codel,1514,1,34,20110,,,,,,0,0,0,1,7676,1514
27.626,fq_codel,0,0,34,20117,,,,,,0,0,0,0,7678,1514
27.638,fq_codel,1514,1,34,20123,,,,,,0,0,1,0,7684,1514
27.650,fq_codel,1514,1,34,20133,,,,,,0,0,0,1,7693,1514
27.662,fq_codel,1514,1,34,20142,,,,,,0,0,0,1,7697,1514
27.674,fq_codel,0,0,34,20147,,,,,,0,0,0,0,7700,1514
27.686,fq_codel,0,0,34,20155,,,,,,0,0,0,0,7708,1514
27.698,fq_codel,1514,1,34,20166,,,,,,0,0,0,1,7715,1514
27.710,fq_codel,1514,1,34,20176,,,,,,0,0,1,0,7721,1514
27.722,fq_codel,0,0,34,20181,,,,,,0,0,0,0,7725,1514
27.734,fq_codel,3028,2,34,20192,,,,,,0,0,1,0,7736,1514
27.747,fq_codel,3028,2,34,20202,,,,,,0,0,0,1,7740,1514
27.759,fq_codel,0,0,34,20209,,,,,,0,0,0,0,7744,1514
27.771,fq_codel,0,0,34,20217,,,,,,0,0,0,0,7752,1514
27.783,fq_codel,1514,1,34,20228,,,,,,0,0,0,1,7758,1514
27.795,fq_codel,0,0,34,20237,,,,,,0,0,0,0,7760,1514
27.807,fq_codel,0,0,34,20244,,,,,,0,0,0,0,7766,1514
27.819,fq_codel,1514,1,34,20255,,,,,,0,0,0,1,7772,1514
27.831,fq_codel,1514,1,34,20265,,,,,,0,0,0,1,7772,1514
27.842,fq_codel,0,0,34,20272,,,,,,0,0,0,0,7773,1514
27.854,fq_codel,0,0,34,20281,,,,,,0,0,0,0,7782,1514
27.866,fq_codel,1514,1,34,20292,,,,,,0,0,0,1,7790,1514
27.878,fq_codel,1514,1,34,20302,,,,,,0,0,0,1,7795,1514
27.889,fq_codel,0,0,34,20309,,,,,,0,0,0,0,7800,1514
27.901,fq_codel,1514,1,34,20320,,,,,,0,0,1,0,7810,1514
27.913,fq_codel,1514,1,34,20331,,,,,,0,0,0,1,7815,1514
27.925,fq_codel,1514,1,34,20341,,,,,,0,0,0,1,7816,1514
27.937,fq_codel,0,0,34,20349,,,,,,0,0,0,0,7819,1514
27.948,fq_codel,1514,1,34,20360,,,,,,0,0,0,1,7823,1514
27.960,fq_codel,1514,1,34,20370,,,,,,0,0,0,1,7827,1514
27.972,fq_codel,3028,2,34,20380,,,,,,0,0,0,1,7832,1514
27.984,fq_codel,1514,1,34,20390,,,,,,0,0,0,1,7836,1514
27.996,fq_codel,4542,3,34,20400,,,,,,0,0,0,1,7838,1514
28.008,fq_codel,4542,3,34,20410,,,,,,0,0,0,1,7838,1514
28.020,fq_codel,4542,3,34,20420,,,,,,0,0,0,1,7839,1514
28.032,fq_codel,4542,3,34,20430,,,,,,0,0,0,1,7839,1514
28.044,fq_codel,4542,3,34,20440,,,,,,0,0,0,1,7839,1514
28.056,fq_codel,4542,3,34,20450,,,,,,0,0,0,1,7839,1514
28.068,fq_codel,6056,4,34,20460,,,,,,0,0,0,1,7839,1514
28.080,fq_codel,4542,3,34,20470,,,,,,0,0,0,1,7839,1514
28.092,fq_codel,6056,4,34,20479,,,,,,0,0,0,1,7839,1514
28.103,fq_codel,6056,4,34,20489,,,,,,0,0,0,1,7839,1514
28.115,fq_codel,7570,5,34,20500,,,,,,0,0,0,1,7840,1514
28.127,fq_codel,7570,5,34,20510,,,,,,0,0,0,1,7840,1514
28.139,fq_codel,7570,5,34,20520,,,,,,0,0,0,1,7840,1514
28.152,fq_codel,9084,6,34,20531,,,,,,0,0,0,1,7840,1514
28.165,fq_codel,7570,5,34,20542,,,,,,0,0,0,1,7840,1514
28.178,fq_codel,7570,5,34,20552,,,,,,0,0,0,1,7840,1514
28.190,fq_codel,9084,6,34,20561,,,,,,0,0,0,1,7840,1514
28.202,fq_codel,9084,6,34,20571,,,,,,0,0,0,1,7840,1514
28.213,fq_codel,10598,7,34,20582,,,,,,0,0,0,1,7841,1514
28.225,fq_codel,10598,7,34,20592,,,,,,0,0,0,1,7841,1514
28.237,fq_codel,12112,8,34,20601,,,,,,0,0,0,1,7841,1514
28.249,fq_codel,12112,8,34,20611,,,,,,0,0,0,1,7841,1514
28.261,fq_codel,10598,7,34,20621,,,,,,0,0,0,1,7841,1514
28.273,fq_codel,12112,8,34,20631,,,,,,0,0,0,1,7841,1514
28.285,fq_codel,10598,7,35,20641,,,,,,0,0,0,1,7841,1514
28.296,fq_codel,12112,8,35,20650,,,,,,0,0,0,1,7841,1514
28.308,fq_codel,12112,8,35,20660,,,,,,0,0,0,1,7841,1514
28.320,fq_codel,13626,9,35,20671,,,,,,0,0,0,1,7842,1514
28.332,fq_codel,4542,3,35,20681,,,,,,0,0,0,1,7842,1514
28.344,fq_codel,0,0,35,20688,,,,,,0,0,0,0,7844,1514
28.356,fq_codel,0,0,35,20693,,,,,,0,0,0,0,7849,1514
28.367,fq_codel,0,0,35,20698,,,,,,0,0,0,0,7854,1514
28.379,fq_codel,0,0,35,20706,,,,,,0,0,0,0,7862,1514
28.391,fq_codel,0,0,35,20712,,,,,,0,0,0,0,7868,1514
28.404,fq_codel,0,0,35,20716,,,,,,0,0,0,0,7872,1514
28.416,fq_codel,1514,1,35,20725,,,,,,0,0,0,1,7878,1514
28.427,fq_codel,1514,1,35,20733,,,,,,0,0,1,0,7883,1514
28.439,fq_codel,0,0,35,20739,,,,,,0,0,0,0,7889,1514
28.457,fq_codel,1514,1,35,20747,,,,,,0,0,0,1,7895,1514
28.469,fq_codel,0,0,35,20756,,,,,,0,0,0,0,7899,1514
28.481,fq_codel,0,0,35,20760,,,,,,0,0,0,0,7903,1514
28.493,fq_codel,1514,1,35,20766,,,,,,0,0,1,0,7909,1514
28.505,fq_codel,1514,1,35,20776,,,,,,0,0,0,1,7915,1514
28.517,fq_codel,0,0,35,20783,,,,,,0,0,0,0,7918,1514
28.529,fq_codel,0,0,35,20789,,,,,,0,0,0,0,7924,1514
28.541,fq_codel,0,0,35,20795,,,,,,0,0,0,0,7930,1514
28.553,fq_codel,1514,1,35,20806,,,,,,0,0,0,1,7933,1514
28.565,fq_codel,1514,1,35,20812,,,,,,0,0,1,0,7938,1514
28.577,fq_codel,0,0,35,20816,,,,,,0,0,0,0,7942,1514
28.589,fq_codel,1514,1,35,20827,,,,,,0,0,0,1,7949,1514
28.601,fq_codel,1514,1,35,20836,,,,,,0,0,1,0,7953,1514
28.613,fq_codel,0,0,35,20841,,,,,,0,0,0,0,7958,1514
28.625,fq_codel,1514,1,35,20849,,,,,,0,0,0,1,7964,1514
28.637,fq_codel,1514,1,35,20859,,,,,,0,0,0,1,7965,1514
28.649,fq_codel,0,0,35,20866,,,,,,0,0,0,0,7968,1514
28.660,fq_codel,0,0,35,20870,,,,,,0,0,0,0,7972,1514
28.672,fq_codel,1514,1,35,20881,,,,,,0,0,0,1,7980,1514
28.684,fq_codel,3028,2,35,20891,,,,,,0,0,0,1,7985,1514
28.696,fq_codel,0,0,35,20896,,,,,,0,0,0,0,7989,1514
28.708,fq_codel,0,0,35,20904,,,,,,0,0,0,0,7997,1514
28.720,fq_codel,3028,2,35,20916,,,,,,0,0,0,1,8001,1514
28.732,fq_codel,0,0,35,20924,,,,,,0,0,0,0,8002,1514
28.744,fq_codel,1514,1,35,20930,,,,,,0,0,1,0,8008,1514
28.756,fq_codel,3028,2,35,20940,,,,,,0,0,1,0,8016,1514
28.768,fq_codel,3028,2,35,20950,,,,,,0,0,1,0,8021,1514
28.780,fq_codel,0,0,35,20956,,,,,,0,0,0,0,8024,1514
28.792,fq_codel,1514,1,35,20966,,,,,,0,0,1,0,8034,1514
28.804,fq_codel,1514,1,35,20976,,,,,,0,0,0,1,8040,1514
28.816,fq_codel,1514,1,35,20987,,,,,,0,0,0,1,8046,1514
28.828,fq_codel,0,0,35,20992,,,,,,0,0,0,0,8050,1514
28.840,fq_codel,1514,1,35,21003,,,,,,0,0,0,1,8059,1514
28.852,fq_codel,1514,1,35,21013,,,,,,0,0,0,1,8064,1514
28.863,fq_codel,1514,1,35,21021,,,,,,0,0,1,0,8069,1514
28.875,fq_codel,1514,1,35,21030,,,,,,0,0,1,0,8077,1514
28.887,fq_codel,1514,1,35,21040,,,,,,0,0,0,1,8083,1514
28.899,fq_codel,1514,1,35,21050,,,,,,0,0,0,1,8088,1514
28.911,fq_codel,1514,1,35,21059,,,,,,0,0,0,1,8095,1514
28.923,fq_codel,1514,1,35,21071,,,,,,0,0,0,1,8101,1514
28.936,fq_codel,1514,1,35,21081,,,,,,0,0,0,1,8101,1514
28.949,fq_codel,1514,1,35,21091,,,,,,0,0,0,1,8103,1514
28.960,fq_codel,1514,1,35,21102,,,,,,0,0,1,0,8112,1514
28.974,fq_codel,1514,1,35,21112,,,,,,0,0,0,1,8113,1514
28.986,fq_codel,1514,1,35,21122,,,,,,0,0,0,1,8113,1514
28.997,fq_codel,3028,2,35,21131,,,,,,0,0,1,0,8115,1514
29.009,fq_codel,3028,2,35,21141,,,,,,0,0,0,1,8118,1514
29.021,fq_codel,3028,2,35,21152,,,,,,0,0,0,1,8119,1514
29.033,fq_codel,3028,2,35,21162,,,,,,0,0,0,1,8119,1514
29.045,fq_codel,4542,3,35,21172,,,,,,0,0,0,1,8119,1514
29.057,fq_codel,6056,4,35,21181,,,,,,0,0,0,1,8119,1514
29.069,fq_codel,6056,4,35,21191,,,,,,0,0,0,1,8119,1514
29.080,fq_codel,6056,4,35,21201,,,,,,0,0,0,1,8119,1514
29.092,fq_codel,6056,4,35,21210,,,,,,0,0,0,1,8119,1514
29.104,fq_codel,7570,5,35,21220,,,,,,0,0,0,1,8119,1514
29.116,fq_codel,7570,5,35,21231,,,,,,0,0,0,1,8120,1514
29.128,fq_codel,7570,5,35,21241,,,,,,0,0,0,1,8120,1514
29.140,fq_codel,6056,4,35,21251,,,,,,0,0,0,1,8120,1514
29.152,fq_codel,9084,6,35,21261,,,,,,0,0,0,1,8120,1514
29.164,fq_codel,9084,6,35,21271,,,,,,0,0,0,1,8120,1514
29.176,fq_codel,9084,6,35,21281,,,,,,0,0,0,1,8120,1514
29.188,fq_codel,9084,6,35,21291,,,,,,0,0,0,1,8120,1514
29.200,fq_codel,9084,6,35,21302,,,,,,0,0,0,1,8121,1514
29.212,fq_codel,9084,6,35,21312,,,,,,0,0,0,1,8121,1514
29.224,fq_codel,10598,7,35,21322,,,,,,0,0,0,1,8122,1514
29.236,fq_codel,9084,6,35,21332,,,,,,0,0,0,1,8122,1514
29.248,fq_codel,12112,8,35,21342,,,,,,0,0,0,1,8122,1514
29.260,fq_codel,12112,8,35,21352,,,,,,0,0,0,1,8122,1514
29.272,fq_codel,12112,8,35,21362,,,,,,0,0,0,1,8122,1514
29.284,fq_codel,12112,8,35,21372,,,,,,0,0,0,1,8122,1514
29.296,fq_codel,10598,7,36,21382,,,,,,0,0,0,1,8122,1514
29.308,fq_codel,10598,7,36,21392,,,,,,0,0,0,1,8122,1514
29.320,fq_codel,12112,8,36,21402,,,,,,0,0,0,1,8123,1514
29.332,fq_codel,12112,8,36,21412,,,,,,0,0,0,1,8123,1514
29.344,fq_codel,7570,5,36,21422,,,,,,0,0,0,1,8123,1514
29.356,fq_codel,0,0,36,21431,,,,,,0,0,0,0,8124,1514
29.368,fq_codel,0,0,36,21436,,,,,,0,0,0,0,8129,1514
29.380,fq_codel,0,0,36,21441,,,,,,0,0,0,0,8134,1514
29.392,fq_codel,0,0,36,21447,,,,,,0,0,0,0,8140,1514
29.404,fq_codel,1514,1,36,21455,,,,,,0,0,1,0,8148,1514
29.415,fq_codel,0,0,36,21459,,,,,,0,0,0,0,8152,1514
29.427,fq_codel,3028,2,36,21466,,,,,,0,0,1,0,8159,1514
29.439,fq_codel,1514,1,36,21476,,,,,,0,0,0,1,8163,1514
29.451,fq_codel,0,0,36,21480,,,,,,0,0,0,0,8167,1514
29.463,fq_codel,0,0,36,21484,,,,,,0,0,0,0,8171,1514
29.475,fq_codel,3028,2,36,21493,,,,,,0,0,0,1,8176,1514
29.487,fq_codel,0,0,36,21501,,,,,,0,0,0,0,8178,1514
29.498,fq_codel,0,0,36,21505,,,,,,0,0,0,0,8182,1514
29.510,fq_codel,0,0,36,21511,,,,,,0,0,0,0,8188,1514
29.523,fq_codel,3028,2,36,21523,,,,,,0,0,0,1,8191,1514
29.535,fq_codel,0,0,36,21528,,,,,,0,0,0,0,8194,1514
29.547,fq_codel,0,0,36,21534,,,,,,0,0,0,0,8200,1514
29.559,fq_codel,1514,1,36,21542,,,,,,0,0,1,0,8208,1514
29.571,fq_codel,0,0,36,21551,,,,,,0,0,0,0,8212,1514
29.583,fq_codel,1514,1,36,21557,,,,,,0,0,1,0,8218,1514
29.594,fq_codel,1514,1,36,21563,,,,,,0,0,1,0,8224,1514
29.606,fq_codel,3028,2,36,21573,,,,,,0,0,1,0,8230,1514
29.618,fq_codel,1514,1,36,21582,,,,,,0,0,1,0,8235,1514
29.630,fq_codel,0,0,36,21586,,,,,,0,0,0,0,8239,1514
29.642,fq_codel,3028,2,36,21595,,,,,,0,0,1,0,8248,1514
29.654,fq_codel,3028,2,36,21605,,,,,,0,0,1,0,8253,1514
29.667,fq_codel,0,0,36,21611,,,,,,0,0,0,0,8257,1514
29.679,fq_codel,0,0,36,21617,,,,,,0,0,0,0,8263,1514
29.690,fq_codel,1514,1,36,21628,,,,,,0,0,0,1,8270,1514
29.702,fq_codel,0,0,36,21637,,,,,,0,0,0,0,8274,1514
29.714,fq_codel,0,0,36,21641,,,,,,0,0,0,0,8278,1514
29.726,fq_codel,3028,2,36,21653,,,,,,0,0,0,1,8285,1514
29.739,fq_codel,3028,2,36,21663,,,,,,0,0,0,1,8285,1514
29.750,fq_codel,0,0,36,21669,,,,,,0,0,0,0,8287,1514
29.763,fq_codel,0,0,36,21677,,,,,,0,0,0,0,8295,1514
29.775,fq_codel,1514,1,36,21688,,,,,,0,0,0,1,8301,1514
29.787,fq_codel,1514,1,36,21698,,,,,,0,0,0,1,8305,1514
29.799,fq_codel,0,0,36,21703,,,,,,0,0,0,0,8309,1514
29.811,fq_codel,1514,1,36,21713,,,,,,0,0,1,0,8319,1514
29.823,fq_codel,3028,2,36,21725,,,,,,0,0,0,1,8323,1514
29.836,fq_codel,0,0,36,21732,,,,,,0,0,0,0,8325,1514
29.848,fq_codel,0,0,36,21741,,,,,,0,0,0,0,8333,1514
29.860,fq_codel,1514,1,36,21752,,,,,,0,0,0,1,8340,1514
29.872,fq_codel,1514,1,36,21762,,,,,,0,0,0,1,8345,1514
29.884,fq_codel,0,0,36,21769,,,,,,0,0,0,0,8350,1514
29.896,fq_codel,1514,1,36,21779,,,,,,0,0,0,1,8355,1514
29.908,fq_codel,1514,1,36,21789,,,,,,0,0,0,1,8355,1514
29.920,fq_codel,0,0,36,21798,,,,,,0,0,0,0,8356,1514
29.932,fq_codel,1514,1,36,21809,,,,,,0,0,1,0,8367,1514
29.944,fq_codel,3028,2,36,21819,,,,,,0,0,1,0,8374,1514
29.956,fq_codel,3028,2,36,21829,,,,,,0,0,0,1,8375,1514
29.967,fq_codel,1514,1,36,21838,,,,,,0,0,1,0,8380,1514
29.979,fq_codel,0,0,36,21847,,,,,,0,0,0,0,8388,1514
29.991,fq_codel,3028,2,36,21858,,,,,,0,0,0,1,8393,1514
30.003,fq_codel,3028,2,36,21868,,,,,,0,0,1,0,8397,1514
30.015,fq_codel,3028,2,36,21877,,,,,,0,0,0,1,8401,1514
30.027,fq_codel,4542,3,36,21888,,,,,,0,0,0,1,8403,1514
30.039,fq_codel,4542,3,36,21898,,,,,,0,0,0,1,8403,1514
30.051,fq_codel,4542,3,36,21908,,,,,,0,0,0,1,8403,1514
30.063,fq_codel,3028,2,36,21918,,,,,,0,0,0,1,8403,1514
30.075,fq_codel,6056,4,36,21928,,,,,,0,0,0,1,8403,1514
30.087,fq_codel,6056,4,36,21938,,,,,,0,0,0,1,8403,1514
30.099,fq_codel,6056,4,36,21948,,,,,,0,0,0,1,8403,1514
30.111,fq_codel,6056,4,36,21958,,,,,,0,0,0,1,8403,1514
30.123,fq_codel,6056,4,36,21969,,,,,,0,0,0,1,8404,1514
30.135,fq_codel,6056,4,36,21979,,,,,,0,0,0,1,8404,1514
30.147,fq_codel,7570,5,36,21990,,,,,,0,0,0,1,8404,1514
30.161,fq_codel,9084,6,36,22000,,,,,,0,0,0,1,8404,1514
30.173,fq_codel,9084,6,36,22010,,,,,,0,0,0,1,8404,1514
30.185,fq_codel,6056,4,36,22020,,,,,,0,0,0,1,8404,1514
30.197,fq_codel,7570,5,36,22029,,,,,,0,0,0,1,8404,1514
30.209,fq_codel,10598,7,36,22039,,,,,,0,0,0,1,8404,1514
30.220,fq_codel,10598,7,36,22050,,,,,,0,0,0,1,8405,1514
30.232,fq_codel,10598,7,36,22060,,,,,,0,0,0,1,8405,1514
30.244,fq_codel,10598,7,36,22070,,,,,,0,0,0,1,8405,1514
30.256,fq_codel,12112,8,36,22080,,,,,,0,0,0,1,8405,1514
30.268,fq_codel,10598,7,36,22089,,,,,,0,0,0,1,8405,1514
30.280,fq_codel,10598,7,36,22099,,,,,,0,0,0,1,8405,1514
30.292,fq_codel,10598,7,36,22109,,,,,,0,0,0,1,8405,1514
30.304,fq_codel,13626,9,36,22119,,,,,,0,0,0,1,8405,1514
30.316,fq_codel,12112,8,37,22129,,,,,,0,0,0,1,8405,1514
30.328,fq_codel,12112,8,37,22140,,,,,,0,0,0,1,8406,1514
30.340,fq_codel,10598,7,37,22149,,,,,,0,0,0,1,8406,1514
30.351,fq_codel,12112,8,37,22159,,,,,,0,0,0,1,8406,1514
30.363,fq_codel,4542,3,37,22169,,,,,,0,0,0,1,8406,1514
30.375,fq_codel,0,0,37,22176,,,,,,0,0,0,0,8408,1514
30.387,fq_codel,0,0,37,22181,,,,,,0,0,0,0,8413,1514
30.399,fq_codel,0,0,37,22186,,,,,,0,0,0,0,8418,1514
30.411,fq_codel,1514,1,37,22195,,,,,,0,0,1,0,8427,1514
30.423,fq_codel,0,0,37,22200,,,,,,0,0,0,0,8432,1514
30.434,fq_codel,0,0,37,22206,,,,,,0,0,0,0,8438,1514
30.446,fq_codel,3028,2,37,22212,,,,,,0,0,1,0,8443,1514
30.458,fq_codel,0,0,37,22220,,,,,,0,0,0,0,8447,1514
30.470,fq_codel,1514,1,37,22226,,,,,,0,0,1,0,8453,1514
30.482,fq_codel,0,0,37,22230,,,,,,0,0,0,0,8457,1514
30.494,fq_codel,3028,2,37,22240,,,,,,0,0,1,0,8463,1514
30.506,fq_codel,0,0,37,22245,,,,,,0,0,0,0,8466,1514
30.518,fq_codel,0,0,37,22251,,,,,,0,0,0,0,8472,1514
30.530,fq_codel,0,0,37,22258,,,,,,0,0,0,0,8479,1514
30.542,fq_codel,0,0,37,22268,,,,,,0,0,0,0,8483,1514
30.554,fq_codel,0,0,37,22274,,,,,,0,0,0,0,8489,1514
30.566,fq_codel,0,0,37,22278,,,,,,0,0,0,0,8493,1514
30.578,fq_codel,3028,2,37,22289,,,,,,0,0,1,0,8501,1514
30.590,fq_codel,0,0,37,22297,,,,,,0,0,0,0,8505,1514
30.602,fq_codel,0,0,37,22301,,,,,,0,0,0,0,8509,1514
30.614,fq_codel,1514,1,37,22309,,,,,,0,0,1,0,8517,1514
30.626,fq_codel,3028,2,37,22320,,,,,,0,0,0,1,8518,1514
30.637,fq_codel,0,0,37,22326,,,,,,0,0,0,0,8521,1514
30.649,fq_codel,1514,1,37,22332,,,,,,0,0,1,0,8527,1514
30.661,fq_codel,3028,2,37,22342,,,,,,0,0,1,0,8535,1514
30.673,fq_codel,0,0,37,22351,,,,,,0,0,0,0,8538,1514
30.686,fq_codel,1514,1,37,22357,,,,,,0,0,1,0,8544,1514
30.698,fq_codel,1514,1,37,22365,,,,,,0,0,1,0,8552,1514
30.710,fq_codel,3028,2,37,22375,,,,,,0,0,0,1,8558,1514
30.722,fq_codel,0,0,37,22381,,,,,,0,0,0,0,8561,1514
30.734,fq_codel,0,0,37,22388,,,,,,0,0,0,0,8568,1514
30.745,fq_codel,1514,1,37,22399,,,,,,0,0,0,1,8577,1514
30.757,fq_codel,3028,2,37,22409,,,,,,0,0,1,0,8582,1514
30.769,fq_codel,0,0,37,22415,,,,,,0,0,0,0,8586,1514
30.781,fq_codel,1514,1,37,22423,,,,,,0,0,1,0,8594,1514
30.793,fq_codel,1514,1,37,22433,,,,,,0,0,0,1,8600,1514
30.804,fq_codel,0,0,37,22442,,,,,,0,0,0,0,8603,1514
30.816,fq_codel,0,0,37,22447,,,,,,0,0,0,0,8607,1514
30.828,fq_codel,1514,1,37,22459,,,,,,0,0,0,1,8617,1514
30.840,fq_codel,1514,1,37,22469,,,,,,0,0,0,1,8617,1514
30.851,fq_codel,0,0,37,22476,,,,,,0,0,0,0,8619,1514
30.863,fq_codel,1514,1,37,22485,,,,,,0,0,1,0,8626,1514
30.875,fq_codel,1514,1,37,22495,,,,,,0,0,0,1,8634,1514
30.887,fq_codel,1514,1,37,22505,,,,,,0,0,0,1,8639,1514
30.899,fq_codel,1514,1,37,22512,,,,,,0,0,1,0,8644,1514
30.910,fq_codel,0,0,37,22521,,,,,,0,0,0,0,8653,1514
30.922,fq_codel,1514,1,37,22532,,,,,,0,0,0,1,8659,1514
30.934,fq_codel,0,0,37,22541,,,,,,0,0,0,0,8662,1514
30.946,fq_codel,1514,1,37,22551,,,,,,0,0,0,1,8668,1514
30.958,fq_codel,1514,1,37,22561,,,,,,0,0,0,1,8677,1514
30.970,fq_codel,1514,1,37,22571,,,,,,0,0,0,1,8682,1514
30.982,fq_codel,0,0,37,22580,,,,,,0,0,0,0,8689,1514
30.993,fq_codel,0,0,37,22589,,,,,,0,0,0,0,8698,1514
31.005,fq_codel,1514,1,37,22600,,,,,,0,0,0,1,8705,1514
31.017,fq_codel,1514,1,37,22610,,,,,,0,0,0,1,8710,1514
31.029,fq_codel,3028,2,37,22621,,,,,,0,0,0,1,8714,1514
31.041,fq_codel,4542,3,37,22631,,,,,,0,0,0,1,8714,1514
31.053,fq_codel,3028,2,37,22640,,,,,,0,0,0,1,8714,1514
31.065,fq_codel,3028,2,37,22650,,,,,,0,0,0,1,8714,1514
31.077,fq_codel,3028,2,37,22660,,,,,,0,0,0,1,8714,1514
31.089,fq_codel,4542,3,37,22670,,,,,,0,0,0,1,8714,1514
31.101,fq_codel,4542,3,37,22680,,,,,,0,0,0,1,8714,1514
31.113,fq_codel,4542,3,37,22690,,,,,,0,0,0,1,8714,1514
31.125,fq_codel,4542,3,37,22701,,,,,,0,0,0,1,8715,1514
31.137,fq_codel,7570,5,37,22711,,,,,,0,0,0,1,8715,1514
31.148,fq_codel,6056,4,37,22722,,,,,,0,0,0,1,8715,1514
31.162,fq_codel,7570,5,37,22732,,,,,,0,0,0,1,8715,1514
31.174,fq_codel,7570,5,37,22742,,,,,,0,0,0,1,8715,1514
31.186,fq_codel,7570,5,37,22752,,,,,,0,0,0,1,8715,1514
31.198,fq_codel,9084,6,37,22761,,,,,,0,0,0,1,8715,1514
31.210,fq_codel,9084,6,37,22771,,,,,,0,0,0,1,8715,1514
31.222,fq_codel,9084,6,37,22781,,,,,,0,0,0,1,8715,1514
31.234,fq_codel,9084,6,37,22792,,,,,,0,0,0,1,8716,1514
31.246,fq_codel,9084,6,37,22802,,,,,,0,0,0,1,8716,1514
31.258,fq_codel,9084,6,37,22812,,,,,,0,0,0,1,8716,1514
31.270,fq_codel,10598,7,37,22822,,,,,,0,0,0,1,8716,1514
31.282,fq_codel,12112,8,37,22831,,,,,,0,0,0,1,8716,1514
31.293,fq_codel,12112,8,37,22841,,,,,,0,0,0,1,8716,1514
31.305,fq_codel,12112,8,37,22851,,,,,,0,0,0,1,8716,1514
31.317,fq_codel,10598,7,37,22861,,,,,,0,0,0,1,8716,1514
31.329,fq_codel,12112,8,38,22871,,,,,,0,0,0,1,8717,1514
31.341,fq_codel,12112,8,38,22881,,,,,,0,0,0,1,8717,1514
31.352,fq_codel,12112,8,38,22891,,,,,,0,0,0,1,8717,1514
31.364,fq_codel,12112,8,38,22900,,,,,,0,0,0,1,8717,1514
31.376,fq_codel,10598,7,38,22910,,,,,,0,0,0,1,8717,1514
31.388,fq_codel,3028,2,38,22920,,,,,,0,0,0,1,8717,1514
31.399,fq_codel,0,0,38,22926,,,,,,0,0,0,0,8721,1514
31.411,fq_codel,0,0,38,22931,,,,,,0,0,0,0,8726,1514
31.423,fq_codel,1514,1,38,22936,,,,,,0,0,1,0,8731,1514
31.435,fq_codel,0,0,38,22945,,,,,,0,0,0,0,8737,1514
31.448,fq_codel,1514,1,38,22951,,,,,,0,0,1,0,8743,1514
31.460,fq_codel,0,0,38,22955,,,,,,0,0,0,0,8747,1514
31.471,fq_codel,3028,2,38,22964,,,,,,0,0,1,0,8752,1514
31.483,fq_codel,1514,1,38,22971,,,,,,0,0,1,0,8757,1514
31.495,fq_codel,0,0,38,22975,,,,,,0,0,0,0,8761,1514
31.507,fq_codel,3028,2,38,22981,,,,,,0,0,1,0,8767,1514
31.518,fq_codel,0,0,38,22990,,,,,,0,0,0,0,8770,1514
31.530,fq_codel,0,0,38,22997,,,,,,0,0,0,0,8777,1514
31.542,fq_codel,0,0,38,23001,,,,,,0,0,0,0,8781,1514
31.554,fq_codel,1514,1,38,23010,,,,,,0,0,0,1,8788,1514
31.566,fq_codel,0,0,38,23017,,,,,,0,0,0,0,8791,1514
31.577,fq_codel,0,0,38,23023,,,,,,0,0,0,0,8797,1514
31.589,fq_codel,1514,1,38,23029,,,,,,0,0,1,0,8803,1514
31.601,fq_codel,3028,2,38,23039,,,,,,0,0,0,1,8807,1514
31.613,fq_codel,0,0,38,23046,,,,,,0,0,0,0,8812,1514
31.625,fq_codel,0,0,38,23050,,,,,,0,0,0,0,8816,1514
31.637,fq_codel,3028,2,38,23061,,,,,,0,0,1,0,8825,1514
31.649,fq_codel,1514,1,38,23071,,,,,,0,0,0,1,8829,1514
31.661,fq_codel,0,0,38,23075,,,,,,0,0,0,0,8833,1514
31.674,fq_codel,1514,1,38,23083,,,,,,0,0,0,1,8839,1514
31.686,fq_codel,1514,1,38,23093,,,,,,0,0,0,1,8844,1514
31.698,fq_codel,0,0,38,23100,,,,,,0,0,0,0,8848,1514
31.710,fq_codel,1514,1,38,23106,,,,,,0,0,1,0,8854,1514
31.722,fq_codel,3028,2,38,23116,,,,,,0,0,0,1,8861,1514
31.734,fq_codel,3028,0,38,23127,,,,,,0,0,0,0,8864,1514
31.746,fq_codel,1514,1,38,23133,,,,,,0,0,1,0,8869,1514
31.758,fq_codel,0,0,38,23139,,,,,,0,0,0,0,8875,1514
31.770,fq_codel,3028,2,38,23150,,,,,,0,0,1,0,8882,1514
31.782,fq_codel,1514,1,38,23160,,,,,,0,0,0,1,8887,1514
31.794,fq_codel,0,0,38,23164,,,,,,0,0,0,0,8891,1514
31.805,fq_codel,1514,1,38,23175,,,,,,0,0,0,1,8900,1514
31.818,fq_codel,1514,1,38,23185,,,,,,0,0,0,1,8905,1514
31.830,fq_codel,0,0,38,23193,,,,,,0,0,0,0,8910,1514
31.842,fq_codel,1514,1,38,23201,,,,,,0,0,1,0,8918,1514
31.854,fq_codel,1514,1,38,23211,,,,,,0,0,0,1,8922,1514
31.866,fq_codel,1514,1,38,23221,,,,,,0,0,0,1,8922,1514
31.878,fq_codel,1514,1,38,23228,,,,,,0,0,0,1,8927,1514
31.890,fq_codel,3028,2,38,23238,,,,,,0,0,0,1,8932,1514
31.902,fq_codel,3028,2,38,23248,,,,,,0,0,0,1,8932,1514
31.914,fq_codel,0,0,38,23255,,,,,,0,0,0,0,8933,1514
31.926,fq_codel,1514,1,38,23266,,,,,,0,0,1,0,8944,1514
31.938,fq_codel,3028,2,38,23276,,,,,,0,0,0,1,8947,1514
31.950,fq_codel,3028,2,38,23286,,,,,,0,0,0,1,8947,1514
31.962,fq_codel,1514,1,38,23295,,,,,,0,0,1,0,8953,1514
31.974,fq_codel,1514,1,38,23305,,,,,,0,0,0,1,8959,1514
31.985,fq_codel,1514,1,38,23315,,,,,,0,0,0,1,8964,1514
31.997,fq_codel,1514,1,38,23325,,,,,,0,0,0,1,8969,1514
32.010,fq_codel,0,0,38,23334,,,,,,0,0,0,0,8976,1514
32.021,fq_codel,1514,1,38,23344,,,,,,0,0,0,1,8984,1514
32.033,fq_codel,1514,1,38,23355,,,,,,0,0,0,1,8988,1514
32.045,fq_codel,1514,1,38,23365,,,,,,0,0,0,1,8988,1514
32.057,fq_codel,4542,3,38,23375,,,,,,0,0,0,1,8988,1514
32.070,fq_codel,4542,3,38,23385,,,,,,0,0,0,1,8988,1514
32.081,fq_codel,4542,3,38,23395,,,,,,0,0,0,1,8988,1514
32.093,fq_codel,4542,3,38,23405,,,,,,0,0,0,1,8988,1514
32.106,fq_codel,6056,4,38,23415,,,,,,0,0,0,1,8988,1514
32.117,fq_codel,6056,4,38,23425,,,,,,0,0,0,1,8988,1514
32.129,fq_codel,4542,3,38,23435,,,,,,0,0,0,1,8989,1514
32.141,fq_codel,4542,3,38,23446,,,,,,0,0,0,1,8989,1514
32.154,fq_codel,6056,4,38,23456,,,,,,0,0,0,1,8989,1514
32.166,fq_codel,7570,5,38,23465,,,,,,0,0,0,1,8989,1514
32.178,fq_codel,7570,5,38,23475,,,,,,0,0,0,1,8989,1514
32.190,fq_codel,6056,4,38,23485,,,,,,0,0,0,1,8989,1514
32.201,fq_codel,9084,6,38,23495,,,,,,0,0,0,1,8989,1514
32.214,fq_codel,9084,6,38,23505,,,,,,0,0,0,1,8989,1514
32.226,fq_codel,9084,6,38,23515,,,,,,0,0,0,1,8989,1514
32.237,fq_codel,7570,5,38,23526,,,,,,0,0,0,1,8990,1514
32.249,fq_codel,9084,6,38,23536,,,,,,0,0,0,1,8990,1514
32.261,fq_codel,9084,6,38,23546,,,,,,0,0,0,1,8990,1514
32.273,fq_codel,10598,7,38,23555,,,,,,0,0,0,1,8990,1514
32.285,fq_codel,10598,7,38,23565,,,,,,0,0,0,1,8990,1514
32.297,fq_codel,12112,8,38,23575,,,,,,0,0,0,1,8990,1514
32.309,fq_codel,12112,8,38,23585,,,,,,0,0,0,1,8990,1514
32.321,fq_codel,12112,8,38,23595,,,,,,0,0,0,1,8990,1514
32.333,fq_codel,12112,8,38,23606,,,,,,0,0,0,1,8991,1514
32.345,fq_codel,10598,7,39,23616,,,,,,0,0,0,1,8991,1514
32.358,fq_codel,10598,7,39,23626,,,,,,0,0,0,1,8991,1514
32.370,fq_codel,10598,7,39,23636,,,,,,0,0,0,1,8991,1514
32.382,fq_codel,10598,7,39,23646,,,,,,0,0,0,1,8991,1514
32.394,fq_codel,9084,6,39,23655,,,,,,0,0,0,1,8991,1514
32.406,fq_codel,1514,1,39,23665,,,,,,0,0,0,1,8991,1514
32.417,fq_codel,0,0,39,23670,,,,,,0,0,0,0,8996,1514
32.429,fq_codel,0,0,39,23675,,,,,,0,0,0,0,9001,1514
32.441,fq_codel,1514,1,39,23683,,,,,,0,0,1,0,9009,1514
32.453,fq_codel,0,0,39,23689,,,,,,0,0,0,0,9015,1514
32.465,fq_codel,0,0,39,23695,,,,,,0,0,0,0,9021,1514
32.477,fq_codel,0,0,39,23699,,,,,,0,0,0,0,9025,1514
32.490,fq_codel,0,0,39,23709,,,,,,0,0,0,0,9030,1514
32.502,fq_codel,0,0,39,23715,,,,,,0,0,0,0,9035,1514
32.513,fq_codel,0,0,39,23719,,,,,,0,0,0,0,9039,1514
32.526,fq_codel,3028,2,39,23728,,,,,,0,0,0,1,9044,1514
32.538,fq_codel,0,0,39,23737,,,,,,0,0,0,0,9047,1514
32.550,fq_codel,0,0,39,23741,,,,,,0,0,0,0,9051,1514
32.562,fq_codel,0,0,39,23747,,,,,,0,0,0,0,9057,1514
32.574,fq_codel,3028,2,39,23758,,,,,,0,0,1,0,9060,1514
32.586,fq_codel,0,0,39,23763,,,,,,0,0,0,0,9063,1514
32.599,fq_codel,0,0,39,23769,,,,,,0,0,0,0,9069,1514
32.611,fq_codel,1514,1,39,23777,,,,,,0,0,0,1,9076,1514
32.623,fq_codel,0,0,39,23786,,,,,,0,0,0,0,9076,1514
32.634,fq_codel,1514,1,39,23793,,,,,,0,0,1,0,9083,1514
32.646,fq_codel,1514,1,39,23799,,,,,,0,0,1,0,9089,1514
32.658,fq_codel,3028,2,39,23809,,,,,,0,0,0,1,9090,1514
32.670,fq_codel,1514,1,39,23817,,,,,,0,0,1,0,9093,1514
32.682,fq_codel,0,0,39,23821,,,,,,0,0,0,0,9097,1514
32.694,fq_codel,1514,1,39,23831,,,,,,0,0,0,1,9106,1514
32.706,fq_codel,3028,2,39,23841,,,,,,0,0,0,1,9111,1514
32.718,fq_codel,0,0,39,23846,,,,,,0,0,0,0,9115,1514
32.730,fq_codel,0,0,39,23852,,,,,,0,0,0,0,9121,1514
32.742,fq_codel,1514,1,39,23864,,,,,,0,0,0,1,9125,1514
32.754,fq_codel,0,0,39,23873,,,,,,0,0,0,0,9126,1514
32.766,fq_codel,0,0,39,23877,,,,,,0,0,0,0,9130,1514
32.778,fq_codel,3028,2,39,23888,,,,,,0,0,1,0,9141,1514
32.791,fq_codel,3028,2,39,23898,,,,,,0,0,1,0,9146,1514
32.802,fq_codel,0,0,39,23904,,,,,,0,0,0,0,9149,1514
32.814,fq_codel,1514,1,39,23912,,,,,,0,0,1,0,9157,1514
32.826,fq_codel,3028,2,39,23922,,,,,,0,0,0,1,9161,1514
32.838,fq_codel,0,0,39,23932,,,,,,0,0,0,0,9162,1514
32.850,fq_codel,1514,1,39,23939,,,,,,0,0,1,0,9167,1514
32.862,fq_codel,1514,1,39,23949,,,,,,0,0,1,0,9177,1514
32.874,fq_codel,1514,1,39,23959,,,,,,0,0,0,1,9182,1514
32.886,fq_codel,0,0,39,23967,,,,,,0,0,0,0,9187,1514
32.898,fq_codel,0,0,39,23974,,,,,,0,0,0,0,9191,1514
32.910,fq_codel,1514,1,39,23985,,,,,,0,0,0,1,9199,1514
32.922,fq_codel,1514,1,39,23995,,,,,,0,0,0,1,9204,1514
32.934,fq_codel,1514,1,39,24004,,,,,,0,0,0,1,9210,1514
32.946,fq_codel,0,0,39,24013,,,,,,0,0,0,0,9216,1514
32.958,fq_codel,1514,1,39,24023,,,,,,0,0,0,1,9222,1514
32.969,fq_codel,1514,1,39,24033,,,,,,0,0,0,1,9227,1514
32.981,fq_codel,1514,1,39,24042,,,,,,0,0,1,0,9236,1514
32.993,fq_codel,3028,2,39,24052,,,,,,0,0,1,0,9244,1514
33.006,fq_codel,3028,2,39,24062,,,,,,0,0,1,0,9249,1514
33.018,fq_codel,0,0,39,24071,,,,,,0,0,0,0,9254,1514
33.030,fq_codel,1514,1,39,24082,,,,,,0,0,1,0,9264,1514
33.042,fq_codel,1514,1,39,24093,,,,,,0,0,0,1,9267,1514
33.054,fq_codel,1514,1,39,24103,,,,,,0,0,0,1,9267,1514
33.066,fq_codel,3028,2,39,24113,,,,,,0,0,0,1,9267,1514
33.078,fq_codel,3028,2,39,24122,,,,,,0,0,0,1,9268,1514
33.090,fq_codel,3028,2,39,24132,,,,,,0,0,0,1,9268,1514
33.101,fq_codel,3028,2,39,24142,,,,,,0,0,0,1,9268,1514
33.114,fq_codel,4542,3,39,24152,,,,,,0,0,0,1,9268,1514
33.126,fq_codel,4542,3,39,24162,,,,,,0,0,0,1,9268,1514
33.137,fq_codel,4542,3,39,24173,,,,,,0,0,0,1,9269,1514
33.150,fq_codel,6056,4,39,24184,,,,,,0,0,0,1,9269,1514
33.163,fq_codel,6056,4,39,24194,,,,,,0,0,0,1,9269,1514
33.175,fq_codel,7570,5,39,24203,,,,,,0,0,0,1,9269,1514
33.186,fq_codel,7570,5,39,24213,,,,,,0,0,0,1,9269,1514
33.198,fq_codel,7570,5,39,24223,,,,,,0,0,0,1,9269,1514
33.210,fq_codel,9084,6,39,24233,,,,,,0,0,0,1,9269,1514
33.222,fq_codel,7570,5,39,24242,,,,,,0,0,0,1,9269,1514
33.234,fq_codel,7668,6,39,24252,,,,,,0,0,1,1,9270,1514
33.246,fq_codel,7570,5,39,24263,,,,,,0,0,0,1,9270,1514
33.258,fq_codel,10598,7,39,24273,,,,,,0,0,0,1,9270,1514
33.270,fq_codel,10598,7,39,24283,,,,,,0,0,0,1,9270,1514
33.282,fq_codel,10598,7,39,24293,,,,,,0,0,0,1,9270,1514
33.294,fq_codel,10598,7,39,24303,,,,,,0,0,0,1,9270,1514
33.306,fq_codel,12112,8,39,24313,,,,,,0,0,0,1,9270,1514
33.318,fq_codel,12112,8,39,24323,,,,,,0,0,0,1,9270,1514
33.330,fq_codel,10598,7,39,24332,,,,,,0,0,0,1,9270,1514
33.342,fq_codel,10598,7,39,24343,,,,,,0,0,0,1,9271,1514
33.353,fq_codel,13626,9,39,24353,,,,,,0,0,0,1,9271,1514
33.365,fq_codel,12112,8,40,24363,,,,,,0,0,0,1,9271,1514
33.377,fq_codel,12112,8,40,24373,,,,,,0,0,0,1,9271,1514
33.389,fq_codel,12112,8,40,24383,,,,,,0,0,0,1,9271,1514
33.401,fq_codel,12112,8,40,24393,,,,,,0,0,0,1,9271,1514
33.413,fq_codel,7570,5,40,24402,,,,,,0,0,0,1,9271,1514
33.425,fq_codel,0,0,40,24410,,,,,,0,0,0,0,9272,1514
33.437,fq_codel,0,0,40,24416,,,,,,0,0,0,0,9278,1514
33.449,fq_codel,0,0,40,24421,,,,,,0,0,0,0,9283,1514
33.461,fq_codel,0,0,40,24429,,,,,,0,0,0,0,9291,1514
33.473,fq_codel,0,0,40,24435,,,,,,0,0,0,0,9296,1514
33.485,fq_codel,1514,1,40,24441,,,,,,0,0,1,0,9302,1514
33.497,fq_codel,3028,2,40,24447,,,,,,0,0,1,0,9307,1514
33.509,fq_codel,0,0,40,24455,,,,,,0,0,0,0,9310,1514
33.521,fq_codel,1514,1,40,24461,,,,,,0,0,1,0,9316,1514
33.534,fq_codel,0,0,40,24465,,,,,,0,0,0,0,9320,1514
33.546,fq_codel,3028,2,40,24476,,,,,,0,0,0,1,9324,1514
33.558,fq_codel,1514,1,40,24483,,,,,,0,0,1,0,9328,1514
33.570,fq_codel,0,0,40,24487,,,,,,0,0,0,0,9332,1514
33.581,fq_codel,0,0,40,24493,,,,,,0,0,0,0,9337,1514
33.593,fq_codel,0,0,40,24503,,,,,,0,0,0,0,9340,1514
33.605,fq_codel,0,0,40,24509,,,,,,0,0,0,0,9346,1514
33.617,fq_codel,0,0,40,24513,,,,,,0,0,0,0,9350,1514
33.630,fq_codel,3028,2,40,24524,,,,,,0,0,1,0,9358,1514
33.641,fq_codel,0,0,40,24533,,,,,,0,0,0,0,9363,1514
33.653,fq_codel,0,0,40,24537,,,,,,0,0,0,0,9367,1514
33.665,fq_codel,1514,1,40,24545,,,,,,0,0,1,0,9375,1514
33.677,fq_codel,3028,2,40,24555,,,,,,0,0,0,1,9378,1514
33.689,fq_codel,0,0,40,24561,,,,,,0,0,0,0,9381,1514
33.701,fq_codel,1514,1,40,24567,,,,,,0,0,1,0,9387,1514
33.713,fq_codel,3028,2,40,24577,,,,,,0,0,1,0,9395,1514
33.725,fq_codel,0,0,40,24586,,,,,,0,0,0,0,9398,1514
33.738,fq_codel,1514,1,40,24593,,,,,,0,0,1,0,9405,1514
33.750,fq_codel,1514,1,40,24601,,,,,,0,0,0,1,9412,1514
33.761,fq_codel,3028,2,40,24611,,,,,,0,0,0,1,9413,1514
33.773,fq_codel,1514,1,40,24619,,,,,,0,0,1,0,9416,1514
33.785,fq_codel,0,0,40,24623,,,,,,0,0,0,0,9420,1514
33.797,fq_codel,1514,1,40,24634,,,,,,0,0,0,1,9429,1514
33.809,fq_codel,3028,2,40,24644,,,,,,0,0,1,0,9434,1514
33.821,fq_codel,0,0,40,24650,,,,,,0,0,0,0,9438,1514
33.833,fq_codel,0,0,40,24658,,,,,,0,0,0,0,9446,1514
33.845,fq_codel,3028,2,40,24670,,,,,,0,0,0,1,9450,1514
33.858,fq_codel,0,0,40,24678,,,,,,0,0,0,0,9451,1514
33.870,fq_codel,0,0,40,24685,,,,,,0,0,0,0,9457,1514
33.882,fq_codel,1514,1,40,24696,,,,,,0,0,0,1,9466,1514
33.894,fq_codel,1514,1,40,24706,,,,,,0,0,0,1,9471,1514
33.906,fq_codel,1514,1,40,24713,,,,,,0,0,1,0,9476,1514
33.918,fq_codel,0,0,40,24722,,,,,,0,0,0,0,9484,1514
33.930,fq_codel,1514,1,40,24732,,,,,,0,0,0,1,9491,1514
33.942,fq_codel,1514,1,40,24743,,,,,,0,0,0,1,9496,1514
33.954,fq_codel,0,0,40,24751,,,,,,0,0,0,0,9502,1514
33.966,fq_codel,3028,2,40,24761,,,,,,0,0,0,1,9508,1514
33.978,fq_codel,1514,1,40,24772,,,,,,0,0,0,1,9510,1514
33.991,fq_codel,1514,1,40,24781,,,,,,0,0,1,0,9516,1514
34.003,fq_codel,0,0,40,24790,,,,,,0,0,0,0,9522,1514
34.015,fq_codel,1514,1,40,24800,,,,,,0,0,0,1,9529,1514
34.027,fq_codel,1514,1,40,24810,,,,,,0,0,0,1,9534,1514
34.039,fq_codel,1514,1,40,24821,,,,,,0,0,0,1,9540,1514
34.050,fq_codel,3028,2,40,24831,,,,,,0,0,0,1,9544,1514
34.062,fq_codel,1514,1,40,24840,,,,,,0,0,0,1,9544,1514
34.074,fq_codel,1514,1,40,24850,,,,,,0,0,0,1,9544,1514
34.086,fq_codel,1514,1,40,24860,,,,,,0,0,0,1,9547,1514
34.097,fq_codel,3028,2,40,24869,,,,,,0,0,0,1,9550,1514
34.109,fq_codel,3028,2,40,24879,,,,,,0,0,0,1,9550,1514
34.121,fq_codel,4542,3,40,24889,,,,,,0,0,0,1,9550,1514
34.133,fq_codel,3028,2,40,24899,,,,,,0,0,0,1,9550,1514
34.145,fq_codel,4542,3,40,24910,,,,,,0,0,0,1,9551,1514
34.158,fq_codel,4542,3,40,24920,,,,,,0,0,0,1,9551,1514
34.170,fq_codel,6056,4,40,24930,,,,,,0,0,0,1,9551,1514
34.182,fq_codel,7570,5,40,24940,,,,,,0,0,0,1,9551,1514
34.194,fq_codel,7570,5,40,24950,,,,,,0,0,0,1,9551,1514
34.206,fq_codel,7570,5,40,24960,,,,,,0,0,0,1,9551,1514
34.218,fq_codel,6056,4,40,24970,,,,,,0,0,0,1,9551,1514
34.230,fq_codel,9084,6,40,24980,,,,,,0,0,0,1,9551,1514
34.241,fq_codel,7570,5,40,24990,,,,,,0,0,0,1,9552,1514
34.253,fq_codel,7570,5,40,25000,,,,,,0,0,0,1,9552,1514
34.265,fq_codel,9084,6,40,25010,,,,,,0,0,0,1,9552,1514
34.277,fq_codel,10598,7,40,25020,,,,,,0,0,0,1,9552,1514
34.289,fq_codel,10598,7,40,25030,,,,,,0,0,0,1,9552,1514
34.301,fq_codel,9084,6,40,25039,,,,,,0,0,0,1,9552,1514
34.313,fq_codel,10598,7,40,25049,,,,,,0,0,0,1,9552,1514
34.325,fq_codel,10598,7,40,25059,,,,,,0,0,0,1,9552,1514
34.337,fq_codel,10598,7,40,25069,,,,,,0,0,0,1,9552,1514
34.349,fq_codel,10598,7,40,25080,,,,,,0,0,0,1,9553,1514
34.361,fq_codel,10598,7,40,25090,,,,,,0,0,0,1,9553,1514
34.373,fq_codel,13626,9,40,25100,,,,,,0,0,0,1,9553,1514
34.385,fq_codel,12112,8,41,25110,,,,,,0,0,0,1,9553,1514
34.397,fq_codel,12112,8,41,25120,,,,,,0,0,0,1,9553,1514
34.409,fq_codel,10598,7,41,25129,,,,,,0,0,0,1,9553,1514
34.421,fq_codel,13626,9,41,25139,,,,,,0,0,0,1,9553,1514
34.432,fq_codel,7570,5,41,25149,,,,,,0,0,0,1,9553,1514
34.444,fq_codel,0,0,41,25159,,,,,,0,0,0,0,9555,1514
34.456,fq_codel,0,0,41,25164,,,,,,0,0,0,0,9560,1514
34.468,fq_codel,0,0,41,25169,,,,,,0,0,0,0,9565,1514
34.480,fq_codel,1514,1,41,25176,,,,,,0,0,1,0,9572,1514
34.492,fq_codel,0,0,41,25182,,,,,,0,0,0,0,9578,1514
34.504,fq_codel,1514,1,41,25188,,,,,,0,0,1,0,9584,1514
34.516,fq_codel,1514,1,41,25193,,,,,,0,0,0,1,9588,1514
34.528,fq_codel,0,0,41,25202,,,,,,0,0,0,0,9592,1514
34.540,fq_codel,1514,1,41,25209,,,,,,0,0,1,0,9599,1514
34.552,fq_codel,0,0,41,25213,,,,,,0,0,0,0,9603,1514
34.564,fq_codel,1514,1,41,25222,,,,,,0,0,0,1,9607,1514
34.576,fq_codel,1514,1,41,25230,,,,,,0,0,1,0,9610,1514
34.588,fq_codel,0,0,41,25234,,,,,,0,0,0,0,9614,1514
34.600,fq_codel,1514,1,41,25240,,,,,,0,0,1,0,9620,1514
34.612,fq_codel,1514,1,41,25250,,,,,,0,0,0,1,9625,1514
34.624,fq_codel,0,0,41,25256,,,,,,0,0,0,0,9630,1514
34.636,fq_codel,0,0,41,25260,,,,,,0,0,0,0,9634,1514
34.647,fq_codel,3028,2,41,25270,,,,,,0,0,0,1,9641,1514
34.659,fq_codel,1514,1,41,25280,,,,,,0,0,0,1,9642,1514
34.671,fq_codel,0,0,41,25284,,,,,,0,0,0,0,9646,1514
34.683,fq_codel,0,0,41,25290,,,,,,0,0,0,0,9652,1514
34.695,fq_codel,1514,1,41,25301,,,,,,0,0,0,1,9658,1514
34.707,fq_codel,0,0,41,25308,,,,,,0,0,0,0,9662,1514
34.719,fq_codel,0,0,41,25312,,,,,,0,0,0,0,9666,1514
34.731,fq_codel,1514,1,41,25322,,,,,,0,0,0,1,9674,1514
34.743,fq_codel,3028,2,41,25333,,,,,,0,0,0,1,9679,1514
34.755,fq_codel,0,0,41,25338,,,,,,0,0,0,0,9682,1514
34.767,fq_codel,1514,1,41,25346,,,,,,0,0,1,0,9690,1514
34.779,fq_codel,3028,2,41,25356,,,,,,0,0,0,1,9695,1514
34.791,fq_codel,0,0,41,25364,,,,,,0,0,0,0,9698,1514
34.803,fq_codel,0,0,41,25368,,,,,,0,0,0,0,9702,1514
34.814,fq_codel,1514,1,41,25378,,,,,,0,0,1,0,9712,1514
34.826,fq_codel,1514,1,41,25388,,,,,,0,0,0,1,9714,1514
34.838,fq_codel,0,0,41,25395,,,,,,0,0,0,0,9717,1514
34.850,fq_codel,1514,1,41,25404,,,,,,0,0,1,0,9726,1514
34.861,fq_codel,3028,2,41,25414,,,,,,0,0,0,1,9729,1514
34.873,fq_codel,1514,1,41,25423,,,,,,0,0,0,1,9729,1514
34.885,fq_codel,0,0,41,25428,,,,,,0,0,0,0,9731,1514
34.897,fq_codel,0,0,41,25438,,,,,,0,0,0,0,9741,1514
34.909,fq_codel,3028,2,41,25449,,,,,,0,0,1,0,9747,1514
34.921,fq_codel,0,0,41,25458,,,,,,0,0,0,0,9751,1514
34.933,fq_codel,1514,1,41,25465,,,,,,0,0,1,0,9757,1514
34.944,fq_codel,3028,2,41,25476,,,,,,0,0,0,1,9764,1514
34.956,fq_codel,3028,2,41,25486,,,,,,0,0,0,1,9764,1514
34.969,fq_codel,0,0,41,25493,,,,,,0,0,0,0,9766,1514
34.980,fq_codel,1514,1,41,25504,,,,,,0,0,1,0,9776,1514
34.993,fq_codel,1514,1,41,25514,,,,,,0,0,0,1,9782,1514
35.005,fq_codel,1514,1,41,25524,,,,,,0,0,0,1,9787,1514
35.016,fq_codel,0,0,41,25531,,,,,,0,0,0,0,9792,1514
35.028,fq_codel,1514,1,41,25542,,,,,,0,0,0,1,9797,1514
35.040,fq_codel,1514,1,41,25552,,,,,,0,0,0,1,9798,1514
35.052,fq_codel,1514,1,41,25563,,,,,,0,0,0,1,9801,1514
35.064,fq_codel,0,0,41,25572,,,,,,0,0,0,0,9805,1514
35.076,fq_codel,1514,1,41,25582,,,,,,0,0,0,1,9808,1514
35.088,fq_codel,1514,1,41,25592,,,,,,0,0,0,1,9810,1514
35.099,fq_codel,1514,1,41,25602,,,,,,0,0,0,1,9815,1514
35.111,fq_codel,4542,3,41,25612,,,,,,0,0,0,1,9819,1514
35.123,fq_codel,3028,2,41,25621,,,,,,0,0,0,1,9819,1514
35.135,fq_codel,3028,2,41,25631,,,,,,0,0,0,1,9819,1514
35.147,fq_codel,3028,2,41,25643,,,,,,0,0,0,1,9820,1514
35.159,fq_codel,4542,3,41,25652,,,,,,0,0,0,1,9820,1514
35.171,fq_codel,4542,3,41,25662,,,,,,0,0,0,1,9820,1514
35.183,fq_codel,4542,3,41,25672,,,,,,0,0,0,1,9820,1514
35.195,fq_codel,6056,4,41,25682,,,,,,0,0,0,1,9820,1514
35.207,fq_codel,7570,5,41,25692,,,,,,0,0,0,1,9820,1514
35.219,fq_codel,7570,5,41,25702,,,,,,0,0,0,1,9820,1514
35.231,fq_codel,4542,3,41,25712,,,,,,0,0,0,1,9820,1514
35.243,fq_codel,7570,5,41,25730,,,,,,0,0,0,1,9821,1514
35.265,fq_codel,7570,5,41,25740,,,,,,0,0,0,1,9821,1514
35.277,fq_codel,7570,5,41,25750,,,,,,0,0,0,1,9821,1514
35.289,fq_codel,9084,6,41,25760,,,,,,0,0,0,1,9821,1514
35.300,fq_codel,9084,6,41,25769,,,,,,0,0,0,1,9821,1514
35.312,fq_codel,9084,6,41,25779,,,,,,0,0,0,1,9821,1514
35.324,fq_codel,9084,6,41,25789,,,,,,0,0,0,1,9821,1514
35.336,fq_codel,9084,6,41,25799,,,,,,0,0,0,1,9821,1514
35.348,fq_codel,10598,7,41,25810,,,,,,0,0,0,1,9822,1514
35.360,fq_codel,10598,7,41,25821,,,,,,0,0,0,1,9823,1514
35.372,fq_codel,10598,7,41,25831,,,,,,0,0,0,1,9823,1514
35.385,fq_codel,10598,7,41,25841,,,,,,0,0,0,1,9823,1514
35.397,fq_codel,13626,9,41,25851,,,,,,0,0,0,1,9823,1514
35.409,fq_codel,12112,8,42,25861,,,,,,0,0,0,1,9823,1514
35.421,fq_codel,12112,8,42,25871,,,,,,0,0,0,1,9823,1514
35.433,fq_codel,12112,8,42,25881,,,,,,0,0,0,1,9823,1514
35.445,fq_codel,9084,6,42,25892,,,,,,0,0,0,1,9824,1514
35.457,fq_codel,1514,1,42,25902,,,,,,0,0,0,1,9824,1514
35.469,fq_codel,0,0,42,25907,,,,,,0,0,0,0,9829,1514
35.481,fq_codel,0,0,42,25912,,,,,,0,0,0,0,9834,1514
35.493,fq_codel,0,0,42,25917,,,,,,0,0,0,0,9839,1514
35.505,fq_codel,0,0,42,25925,,,,,,0,0,0,0,9847,1514
35.517,fq_codel,1514,1,42,25931,,,,,,0,0,1,0,9853,1514
35.529,fq_codel,0,0,42,25935,,,,,,0,0,0,0,9857,1514
35.540,fq_codel,1514,1,42,25945,,,,,,0,0,0,1,9862,1514
35.552,fq_codel,0,0,42,25950,,,,,,0,0,0,0,9866,1514
35.564,fq_codel,0,0,42,25956,,,,,,0,0,0,0,9872,1514
35.576,fq_codel,3028,2,42,25963,,,,,,0,0,0,1,9877,1514
35.588,fq_codel,0,0,42,25971,,,,,,0,0,0,0,9877,1514
35.600,fq_codel,0,0,42,25977,,,,,,0,0,0,0,9883,1514
35.612,fq_codel,0,0,42,25981,,,,,,0,0,0,0,9887,1514
35.624,fq_codel,3028,2,42,25991,,,,,,0,0,1,0,9894,1514
35.636,fq_codel,1514,1,42,25999,,,,,,0,0,1,0,9897,1514
35.648,fq_codel,0,0,42,26004,,,,,,0,0,0,0,9902,1514
35.660,fq_codel,1514,1,42,26012,,,,,,0,0,1,0,9910,1514
35.672,fq_codel,3028,2,42,26022,,,,,,0,0,0,1,9915,1514
35.684,fq_codel,0,0,42,26027,,,,,,0,0,0,0,9919,1514
35.695,fq_codel,0,0,42,26031,,,,,,0,0,0,0,9923,1514
35.707,fq_codel,1514,1,42,26042,,,,,,0,0,0,1,9931,1514
35.719,fq_codel,0,0,42,26051,,,,,,0,0,0,0,9932,1514
35.731,fq_codel,0,0,42,26055,,,,,,0,0,0,0,9936,1514
35.743,fq_codel,0,0,42,26063,,,,,,0,0,0,0,9944,1514
35.755,fq_codel,1514,1,42,26074,,,,,,0,0,0,1,9947,1514
35.767,fq_codel,0,0,42,26081,,,,,,0,0,0,0,9949,1514
35.778,fq_codel,1514,1,42,26087,,,,,,0,0,1,0,9955,1514
35.790,fq_codel,3028,2,42,26097,,,,,,0,0,1,0,9963,1514
35.802,fq_codel,0,0,42,26106,,,,,,0,0,0,0,9967,1514
35.814,fq_codel,1514,1,42,26113,,,,,,0,0,1,0,9972,1514
35.826,fq_codel,0,0,42,26119,,,,,,0,0,0,0,9978,1514
35.838,fq_codel,3028,2,42,26130,,,,,,0,0,1,0,9986,1514
35.850,fq_codel,1514,1,42,26140,,,,,,0,0,1,0,9991,1514
35.863,fq_codel,0,0,42,26145,,,,,,0,0,0,0,9995,1514
35.875,fq_codel,1514,1,42,26156,,,,,,0,0,0,1,10004,1514
35.887,fq_codel,1514,1,42,26166,,,,,,0,0,0,1,10009,1514
35.898,fq_codel,0,0,42,26173,,,,,,0,0,0,0,10013,1514
35.910,fq_codel,0,0,42,26181,,,,,,0,0,0,0,10021,1514
35.922,fq_codel,0,1,42,26191,,,,,,0,0,0,1,10028,1514
35.934,fq_codel,1514,1,42,26201,,,,,,0,0,0,1,10031,1514
35.946,fq_codel,1514,1,42,26209,,,,,,0,0,0,1,10038,1514
35.958,fq_codel,3028,2,42,26219,,,,,,0,0,1,0,10047,1514
35.970,fq_codel,3028,2,42,26229,,,,,,0,0,1,0,10052,1514
35.983,fq_codel,0,0,42,26236,,,,,,0,0,0,0,10055,1514
35.995,fq_codel,1514,1,42,26247,,,,,,0,0,1,0,10066,1514
36.007,fq_codel,1514,1,42,26257,,,,,,0,0,0,1,10073,1514
36.019,fq_codel,1514,1,42,26267,,,,,,0,0,0,1,10078,1514
36.031,fq_codel,1514,1,42,26276,,,,,,0,0,0,1,10085,1514
36.042,fq_codel,3028,2,42,26286,,,,,,0,0,1,0,10094,1514
36.054,fq_codel,4542,3,42,26296,,,,,,0,0,0,1,10096,1514
36.066,fq_codel,1514,1,42,26306,,,,,,0,0,0,1,10097,1514
36.078,fq_codel,0,0,42,26315,,,,,,0,0,0,0,10101,1514
36.090,fq_codel,3028,2,42,26326,,,,,,0,0,1,0,10106,1514
36.102,fq_codel,3028,2,42,26336,,,,,,0,0,1,0,10111,1514
36.114,fq_codel,3028,2,42,26346,,,,,,0,0,1,0,10116,1514
36.126,fq_codel,3028,2,42,26356,,,,,,0,0,0,1,10120,1514
36.138,fq_codel,3028,2,42,26366,,,,,,0,0,0,1,10120,1514
36.150,fq_codel,3028,2,42,26377,,,,,,0,0,0,1,10121,1514
36.163,fq_codel,4542,3,42,26387,,,,,,0,0,0,1,10121,1514
36.175,fq_codel,4542,3,42,26397,,,,,,0,0,0,1,10121,1514
36.187,fq_codel,4542,3,42,26407,,,,,,0,0,0,1,10121,1514
36.199,fq_codel,6056,4,42,26416,,,,,,0,0,0,1,10121,1514
36.211,fq_codel,4542,3,42,26426,,,,,,0,0,0,1,10121,1514
36.223,fq_codel,6056,4,42,26436,,,,,,0,0,0,1,10121,1514
36.235,fq_codel,6056,4,42,26446,,,,,,0,0,0,1,10121,1514
36.246,fq_codel,6056,4,42,26456,,,,,,0,0,0,1,10121,1514
36.258,fq_codel,7570,5,42,26467,,,,,,0,0,0,1,10122,1514
36.270,fq_codel,7570,5,42,26477,,,,,,0,0,0,1,10122,1514
36.282,fq_codel,9084,6,42,26486,,,,,,0,0,0,1,10122,1514
36.294,fq_codel,9084,6,42,26496,,,,,,0,0,0,1,10122,1514
36.306,fq_codel,7570,5,42,26506,,,,,,0,0,0,1,10122,1514
36.318,fq_codel,9084,6,42,26516,,,,,,0,0,0,1,10122,1514
36.330,fq_codel,9084,6,42,26526,,,,,,0,0,0,1,10122,1514
36.342,fq_codel,10598,7,42,26535,,,,,,0,0,0,1,10122,1514
36.353,fq_codel,10598,7,42,26546,,,,,,0,0,0,1,10123,1514
36.365,fq_codel,12112,8,42,26556,,,,,,0,0,0,1,10123,1514
36.377,fq_codel,12112,8,42,26566,,,,,,0,0,0,1,10123,1514
36.389,fq_codel,9084,6,42,26576,,,,,,0,0,0,1,10123,1514
36.401,fq_codel,10598,7,42,26585,,,,,,0,0,0,1,10123,1514
36.413,fq_codel,13626,9,42,26595,,,,,,0,0,0,1,10123,1514
36.425,fq_codel,12112,8,43,26605,,,,,,0,0,0,1,10123,1514
36.437,fq_codel,12112,8,43,26615,,,,,,0,0,0,1,10123,1514
36.449,fq_codel,12112,8,43,26626,,,,,,0,0,0,1,10124,1514
36.461,fq_codel,9084,6,43,26636,,,,,,0,0,0,1,10124,1514
36.473,fq_codel,1514,1,43,26646,,,,,,0,0,0,1,10124,1514
36.485,fq_codel,0,0,43,26651,,,,,,0,0,0,0,10129,1514
36.497,fq_codel,0,0,43,26656,,,,,,0,0,0,0,10134,1514
36.509,fq_codel,1514,1,43,26663,,,,,,0,0,1,0,10141,1514
36.521,fq_codel,0,0,43,26669,,,,,,0,0,0,0,10147,1514
36.533,fq_codel,0,0,43,26675,,,,,,0,0,0,0,10153,1514
36.545,fq_codel,0,0,43,26679,,,,,,0,0,0,0,10157,1514
36.557,fq_codel,1514,1,43,26690,,,,,,0,0,0,1,10163,1514
36.569,fq_codel,1514,1,43,26696,,,,,,0,0,1,0,10168,1514
36.581,fq_codel,0,0,43,26700,,,,,,0,0,0,0,10172,1514
36.593,fq_codel,1514,1,43,26708,,,,,,0,0,0,1,10178,1514
36.605,fq_codel,1514,1,43,26717,,,,,,0,0,1,0,10183,1514
36.617,fq_codel,0,0,43,26721,,,,,,0,0,0,0,10187,1514
36.629,fq_codel,0,0,43,26725,,,,,,0,0,0,0,10191,1514
36.641,fq_codel,3028,2,43,26736,,,,,,0,0,0,1,10198,1514
36.652,fq_codel,0,0,43,26744,,,,,,0,0,0,0,10202,1514
36.664,fq_codel,0,0,43,26748,,,,,,0,0,0,0,10206,1514
36.676,fq_codel,1514,1,43,26757,,,,,,0,0,0,1,10214,1514
36.688,fq_codel,3028,2,43,26766,,,,,,0,0,0,1,10215,1514
36.700,fq_codel,0,0,43,26771,,,,,,0,0,0,0,10219,1514
36.713,fq_codel,0,0,43,26777,,,,,,0,0,0,0,10225,1514
36.725,fq_codel,1514,1,43,26788,,,,,,0,0,0,1,10229,1514
36.737,fq_codel,0,0,43,26795,,,,,,0,0,0,0,10231,1514
36.749,fq_codel,1612,2,43,26801,,,,,,0,0,2,0,10238,1514
36.761,fq_codel,3028,2,43,26810,,,,,,0,0,0,1,10244,1514
36.773,fq_codel,1514,1,43,26820,,,,,,0,0,0,1,10245,1514
36.784,fq_codel,1514,1,43,26827,,,,,,0,0,1,0,10249,1514
36.796,fq_codel,0,0,43,26831,,,,,,0,0,0,0,10253,1514
36.808,fq_codel,3028,2,43,26842,,,,,,0,0,1,0,10263,1514
36.820,fq_codel,1514,1,43,26852,,,,,,0,0,0,1,10267,1514
36.832,fq_codel,0,0,43,26857,,,,,,0,0,0,0,10271,1514
36.844,fq_codel,1514,1,43,26865,,,,,,0,0,1,0,10279,1514
36.856,fq_codel,3028,2,43,26876,,,,,,0,0,0,1,10283,1514
36.867,fq_codel,1514,1,43,26885,,,,,,0,0,0,1,10285,1514
36.879,fq_codel,1514,1,43,26891,,,,,,0,0,1,0,10291,1514
36.891,fq_codel,1514,1,43,26901,,,,,,0,0,0,1,10300,1514
36.904,fq_codel,3028,2,43,26911,,,,,,0,0,0,1,10305,1514
36.916,fq_codel,0,0,43,26917,,,,,,0,0,0,0,10308,1514
36.928,fq_codel,1514,1,43,26927,,,,,,0,0,1,0,10318,1514
36.940,fq_codel,3028,2,43,26937,,,,,,0,0,1,0,10324,1514
36.952,fq_codel,0,0,43,26946,,,,,,0,0,0,0,10325,1514
36.964,fq_codel,1514,1,43,26955,,,,,,0,0,1,0,10333,1514
36.976,fq_codel,1514,1,43,26965,,,,,,0,0,0,1,10342,1514
36.988,fq_codel,1514,1,43,26975,,,,,,0,0,0,1,10347,1514
37.000,fq_codel,1514,1,43,26982,,,,,,0,0,1,0,10351,1514
37.012,fq_codel,0,0,43,26991,,,,,,0,0,0,0,10359,1514
37.024,fq_codel,1514,1,43,27002,,,,,,0,0,0,1,10366,1514
37.036,fq_codel,1514,1,43,27012,,,,,,0,0,0,1,10371,1514
37.048,fq_codel,0,0,43,27020,,,,,,0,0,0,0,10378,1514
37.060,fq_codel,3028,2,43,27032,,,,,,0,0,0,1,10385,1514
37.072,fq_codel,1514,1,43,27041,,,,,,0,0,0,1,10385,1514
37.083,fq_codel,1514,1,43,27051,,,,,,0,0,0,1,10387,1514
37.095,fq_codel,1514,1,43,27061,,,,,,0,0,1,0,10394,1514
37.108,fq_codel,3028,2,43,27071,,,,,,0,0,1,0,10401,1514
37.120,fq_codel,3028,2,43,27081,,,,,,0,0,1,0,10406,1514
37.132,fq_codel,1514,1,43,27091,,,,,,0,0,0,1,10410,1514
37.144,fq_codel,3028,2,43,27101,,,,,,0,0,1,0,10415,1514
37.156,fq_codel,3028,2,43,27112,,,,,,0,0,0,1,10416,1514
37.168,fq_codel,4542,3,43,27123,,,,,,0,0,0,1,10416,1514
37.181,fq_codel,4542,3,43,27133,,,,,,0,0,0,1,10416,1514
37.193,fq_codel,4542,3,43,27142,,,,,,0,0,0,1,10416,1514
37.205,fq_codel,4542,3,43,27152,,,,,,0,0,0,1,10416,1514
37.217,fq_codel,4542,3,43,27162,,,,,,0,0,0,1,10416,1514
37.229,fq_codel,4542,3,43,27172,,,,,,0,0,0,1,10416,1514
37.241,fq_codel,7570,5,43,27182,,,,,,0,0,0,1,10416,1514
37.252,fq_codel,6056,4,43,27192,,,,,,0,0,0,1,10417,1514
37.264,fq_codel,6056,4,43,27202,,,,,,0,0,0,1,10417,1514
37.276,fq_codel,6056,4,43,27212,,,,,,0,0,0,1,10417,1514
37.288,fq_codel,7570,5,43,27222,,,,,,0,0,0,1,10417,1514
37.300,fq_codel,7570,5,43,27232,,,,,,0,0,0,1,10417,1514
37.312,fq_codel,7570,5,43,27242,,,,,,0,0,0,1,10417,1514
37.324,fq_codel,7570,5,43,27252,,,,,,0,0,0,1,10417,1514
37.336,fq_codel,7570,5,43,27262,,,,,,0,0,0,1,10417,1514
37.348,fq_codel,9084,6,43,27271,,,,,,0,0,0,1,10417,1514
37.360,fq_codel,9084,6,43,27282,,,,,,0,0,0,1,10418,1514
37.372,fq_codel,9084,6,43,27292,,,,,,0,0,0,1,10418,1514
37.384,fq_codel,10598,7,43,27302,,,,,,0,0,0,1,10418,1514
37.396,fq_codel,10598,7,43,27312,,,,,,0,0,0,1,10418,1514
37.408,fq_codel,10598,7,43,27322,,,,,,0,0,0,1,10418,1514
37.420,fq_codel,12112,8,43,27332,,,,,,0,0,0,1,10418,1514
37.432,fq_codel,12112,8,44,27342,,,,,,0,0,0,1,10418,1514
37.444,fq_codel,12112,8,44,27352,,,,,,0,0,0,1,10418,1514
37.456,fq_codel,12112,8,44,27363,,,,,,0,0,0,1,10419,1514
37.468,fq_codel,10598,7,44,27373,,,,,,0,0,0,1,10419,1514
37.480,fq_codel,10598,7,44,27382,,,,,,0,0,0,1,10419,1514
37.492,fq_codel,3028,2,44,27392,,,,,,0,0,0,1,10419,1514
37.504,fq_codel,0,0,44,27398,,,,,,0,0,0,0,10423,1514
37.516,fq_codel,0,0,44,27403,,,,,,0,0,0,0,10428,1514
37.528,fq_codel,0,0,44,27408,,,,,,0,0,0,0,10433,1514
37.540,fq_codel,0,0,44,27416,,,,,,0,0,0,0,10441,1514
37.552,fq_codel,0,0,44,27423,,,,,,0,0,0,0,10448,1514
37.564,fq_codel,0,0,44,27427,,,,,,0,0,0,0,10452,1514
37.576,fq_codel,3028,2,44,27436,,,,,,0,0,1,0,10457,1514
37.587,fq_codel,1514,1,44,27443,,,,,,0,0,1,0,10462,1514
37.599,fq_codel,0,0,44,27447,,,,,,0,0,0,0,10466,1514
37.611,fq_codel,3028,2,44,27453,,,,,,0,0,0,1,10471,1514
37.623,fq_codel,0,0,44,27462,,,,,,0,0,0,0,10471,1514
37.635,fq_codel,0,0,44,27468,,,,,,0,0,0,0,10477,1514
37.647,fq_codel,0,0,44,27472,,,,,,0,0,0,0,10481,1514
37.659,fq_codel,3028,2,44,27483,,,,,,0,0,0,1,10487,1514
37.671,fq_codel,0,0,44,27491,,,,,,0,0,0,0,10489,1514
37.683,fq_codel,0,0,44,27495,,,,,,0,0,0,0,10493,1514
37.695,fq_codel,0,0,44,27501,,,,,,0,0,0,0,10499,1514
37.707,fq_codel,1514,1,44,27512,,,,,,0,0,0,1,10506,1514
37.718,fq_codel,0,0,44,27518,,,,,,0,0,0,0,10510,1514
37.730,fq_codel,0,0,44,27522,,,,,,0,0,0,0,10514,1514
37.742,fq_codel,3028,2,44,27532,,,,,,0,0,1,0,10522,1514
37.754,fq_codel,1514,1,44,27543,,,,,,0,0,0,2,10527,1514
37.766,fq_codel,0,0,44,27547,,,,,,0,0,0,0,10531,1514
37.778,fq_codel,1514,1,44,27555,,,,,,0,0,1,0,10539,1514
37.790,fq_codel,1514,1,44,27565,,,,,,0,0,0,1,10545,1514
37.802,fq_codel,0,0,44,27572,,,,,,0,0,0,0,10548,1514
37.814,fq_codel,0,0,44,27576,,,,,,0,0,0,0,10552,1514
37.826,fq_codel,1514,1,44,27587,,,,,,0,0,0,1,10561,1514
37.837,fq_codel,1514,1,44,27597,,,,,,0,0,0,1,10566,1514
37.849,fq_codel,1514,1,44,27604,,,,,,0,0,1,0,10571,1514
37.861,fq_codel,1514,1,44,27611,,,,,,0,0,1,0,10578,1514
37.873,fq_codel,1514,1,44,27621,,,,,,0,0,0,1,10585,1514
37.885,fq_codel,1514,1,44,27631,,,,,,0,0,0,1,10590,1514
37.897,fq_codel,1514,1,44,27636,,,,,,0,0,1,0,10594,1514
37.909,fq_codel,3028,2,44,27646,,,,,,0,0,1,0,10603,1514
37.921,fq_codel,3028,2,44,27656,,,,,,0,0,1,0,10608,1514
37.933,fq_codel,0,0,44,27664,,,,,,0,0,0,0,10612,1514
37.945,fq_codel,1514,1,44,27672,,,,,,0,0,1,0,10620,1514
37.957,fq_codel,3028,2,44,27682,,,,,,0,0,0,1,10627,1514
37.969,fq_codel,3028,2,44,27692,,,,,,0,0,0,1,10627,1514
37.981,fq_codel,0,0,44,27698,,,,,,0,0,0,0,10630,1514
37.993,fq_codel,1514,1,44,27709,,,,,,0,0,0,1,10637,1514
38.005,fq_codel,1514,1,44,27719,,,,,,0,0,0,1,10641,1514
38.017,fq_codel,0,0,44,27727,,,,,,0,0,0,0,10645,1514
38.029,fq_codel,0,0,44,27736,,,,,,0,0,0,0,10654,1514
38.041,fq_codel,3028,2,44,27747,,,,,,0,0,1,0,10663,1514
38.053,fq_codel,3028,2,44,27757,,,,,,0,0,1,0,10668,1514
38.065,fq_codel,1514,1,44,27767,,,,,,0,0,1,0,10675,1514
38.077,fq_codel,1514,1,44,27777,,,,,,0,0,0,1,10679,1514
38.089,fq_codel,3028,2,44,27786,,,,,,0,0,0,1,10679,1514
38.101,fq_codel,1514,1,44,27797,,,,,,0,0,1,0,10682,1514
38.113,fq_codel,1514,1,44,27806,,,,,,0,0,1,0,10691,1514
38.125,fq_codel,1514,1,44,27816,,,,,,0,0,0,1,10697,1514
38.137,fq_codel,1514,1,44,27826,,,,,,0,0,0,1,10697,1514
38.149,fq_codel,1514,1,44,27836,,,,,,0,0,0,1,10699,1514
38.161,fq_codel,4542,3,44,27847,,,,,,0,0,0,1,10702,1514
38.174,fq_codel,3028,2,44,27858,,,,,,0,0,0,1,10702,1514
38.186,fq_codel,3028,2,44,27868,,,,,,0,0,0,1,10702,1514
38.198,fq_codel,4542,3,44,27878,,,,,,0,0,0,1,10702,1514
38.210,fq_codel,4542,3,44,27888,,,,,,0,0,0,1,10702,1514
38.222,fq_codel,4542,3,44,27898,,,,,,0,0,0,1,10702,1514
38.235,fq_codel,4542,3,44,27908,,,,,,0,0,0,1,10702,1514
38.247,fq_codel,6056,4,44,27918,,,,,,0,0,0,1,10702,1514
38.259,fq_codel,7570,5,44,27929,,,,,,0,0,0,1,10703,1514
38.271,fq_codel,7570,5,44,27939,,,,,,0,0,0,1,10703,1514
38.283,fq_codel,7570,5,44,27949,,,,,,0,0,0,1,10703,1514
38.296,fq_codel,6056,4,44,27959,,,,,,0,0,0,1,10703,1514
38.308,fq_codel,9084,6,44,27969,,,,,,0,0,0,1,10703,1514
38.320,fq_codel,9084,6,44,27979,,,,,,0,0,0,1,10703,1514
38.332,fq_codel,9084,6,44,27989,,,,,,0,0,0,1,10703,1514
38.344,fq_codel,9084,6,44,27999,,,,,,0,0,0,1,10703,1514
38.356,fq_codel,9084,6,44,28009,,,,,,0,0,0,1,10703,1514
38.368,fq_codel,9084,6,44,28020,,,,,,0,0,0,1,10704,1514
38.380,fq_codel,9084,6,44,28030,,,,,,0,0,0,1,10704,1514
38.392,fq_codel,10598,7,44,28040,,,,,,0,0,0,1,10704,1514
38.404,fq_codel,12112,8,44,28049,,,,,,0,0,0,1,10704,1514
38.416,fq_codel,12112,8,44,28059,,,,,,0,0,0,1,10704,1514
38.428,fq_codel,12112,8,44,28069,,,,,,0,0,0,1,10704,1514
38.440,fq_codel,12112,8,44,28079,,,,,,0,0,0,1,10704,1514
38.452,fq_codel,10598,7,45,28089,,,,,,0,0,0,1,10704,1514
38.464,fq_codel,10598,7,45,28100,,,,,,0,0,0,1,10705,1514
38.476,fq_codel,10598,7,45,28110,,,,,,0,0,0,1,10705,1514
38.488,fq_codel,10598,7,45,28120,,,,,,0,0,0,1,10705,1514
38.501,fq_codel,6056,4,45,28130,,,,,,0,0,0,1,10705,1514
38.513,fq_codel,0,0,45,28138,,,,,,0,0,0,0,10706,1514
38.525,fq_codel,0,0,45,28143,,,,,,0,0,0,0,10711,1514
38.537,fq_codel,0,0,45,28148,,,,,,0,0,0,0,10716,1514
38.549,fq_codel,0,0,45,28156,,,,,,0,0,0,0,10724,1514
38.561,fq_codel,0,0,45,28163,,,,,,0,0,0,0,10731,1514
38.573,fq_codel,0,0,45,28167,,,,,,0,0,0,0,10735,1514
38.584,fq_codel,1514,1,45,28174,,,,,,0,0,0,1,10741,1514
38.596,fq_codel,0,0,45,28183,,,,,,0,0,0,0,10746,1514
38.608,fq_codel,0,0,45,28187,,,,,,0,0,0,0,10750,1514
38.620,fq_codel,0,0,45,28193,,,,,,0,0,0,0,10756,1514
38.632,fq_codel,3028,2,45,28201,,,,,,0,0,0,1,10761,1514
38.644,fq_codel,0,0,45,28208,,,,,,0,0,0,0,10765,1514
38.655,fq_codel,1514,1,45,28214,,,,,,0,0,1,0,10771,1514
38.667,fq_codel,1514,1,45,28221,,,,,,0,0,0,1,10777,1514
38.679,fq_codel,3028,2,45,28230,,,,,,0,0,1,0,10782,1514
38.691,fq_codel,0,0,45,28235,,,,,,0,0,0,0,10786,1514
38.703,fq_codel,0,0,45,28241,,,,,,0,0,0,0,10792,1514
38.715,fq_codel,3028,2,45,28250,,,,,,0,0,1,0,10801,1514
38.727,fq_codel,0,0,45,28258,,,,,,0,0,0,0,10803,1514
38.739,fq_codel,0,0,45,28264,,,,,,0,0,0,0,10809,1514
38.751,fq_codel,0,0,45,28270,,,,,,0,0,0,0,10815,1514
38.763,fq_codel,3028,2,45,28281,,,,,,0,0,0,1,10817,1514
38.775,fq_codel,1514,1,45,28289,,,,,,0,0,1,0,10820,1514
38.787,fq_codel,0,0,45,28293,,,,,,0,0,0,0,10824,1514
38.799,fq_codel,1514,1,45,28303,,,,,,0,0,0,1,10833,1514
38.810,fq_codel,3028,2,45,28312,,,,,,0,0,1,0,10838,1514
38.822,fq_codel,0,0,45,28318,,,,,,0,0,0,0,10842,1514
38.834,fq_codel,0,0,45,28324,,,,,,0,0,0,0,10848,1514
38.846,fq_codel,1514,1,45,28335,,,,,,0,0,0,1,10855,1514
38.858,fq_codel,0,0,45,28345,,,,,,0,0,0,0,10860,1514
38.870,fq_codel,0,0,45,28349,,,,,,0,0,0,0,10864,1514
38.882,fq_codel,1514,1,45,28359,,,,,,0,0,1,0,10874,1514
38.894,fq_codel,1514,1,45,28369,,,,,,0,0,0,1,10879,1514
38.906,fq_codel,0,0,45,28376,,,,,,0,0,0,0,10883,1514
38.918,fq_codel,1514,1,45,28384,,,,,,0,0,1,0,10891,1514
38.930,fq_codel,3028,2,45,28394,,,,,,0,0,1,0,10898,1514
38.942,fq_codel,0,0,45,28403,,,,,,0,0,0,0,10902,1514
38.954,fq_codel,1514,1,45,28410,,,,,,0,0,1,0,10907,1514
38.966,fq_codel,0,0,45,28419,,,,,,0,0,0,0,10913,1514
38.978,fq_codel,3028,2,45,28430,,,,,,0,0,0,1,10914,1514
38.989,fq_codel,1514,1,45,28439,,,,,,0,0,1,0,10916,1514
39.001,fq_codel,0,0,45,28446,,,,,,0,0,0,0,10921,1514
39.013,fq_codel,1514,1,45,28457,,,,,,0,0,0,1,10929,1514
39.025,fq_codel,3028,2,45,28466,,,,,,0,0,1,0,10934,1514
39.037,fq_codel,0,0,45,28473,,,,,,0,0,0,0,10938,1514
39.049,fq_codel,1514,1,45,28484,,,,,,0,0,1,0,10949,1514
39.061,fq_codel,1514,1,45,28495,,,,,,0,0,0,1,10955,1514
39.073,fq_codel,1514,1,45,28505,,,,,,0,0,0,1,10955,1514
39.084,fq_codel,0,0,45,28512,,,,,,0,0,0,0,10961,1514
39.096,fq_codel,1514,1,45,28523,,,,,,0,0,0,1,10968,1514
39.108,fq_codel,1514,1,45,28533,,,,,,0,0,0,1,10971,1514
39.120,fq_codel,1514,1,45,28543,,,,,,0,0,1,0,10978,1514
39.132,fq_codel,1514,1,45,28552,,,,,,0,0,1,0,10987,1514
39.144,fq_codel,3028,2,45,28563,,,,,,0,0,1,0,10995,1514
39.156,fq_codel,1514,1,45,28572,,,,,,0,0,0,1,10999,1514
39.167,fq_codel,1514,1,45,28583,,,,,,0,0,0,1,11001,1514
39.179,fq_codel,3028,2,45,28592,,,,,,0,0,0,1,11002,1514
39.191,fq_codel,3028,2,45,28602,,,,,,0,0,0,1,11002,1514
39.203,fq_codel,3028,2,45,28612,,,,,,0,0,0,1,11002,1514
39.215,fq_codel,4542,3,45,28622,,,,,,0,0,0,1,11002,1514
39.227,fq_codel,4542,3,45,28632,,,,,,0,0,0,1,11002,1514
39.238,fq_codel,6056,4,45,28641,,,,,,0,0,0,1,11002,1514
39.250,fq_codel,6056,4,45,28651,,,,,,0,0,0,1,11002,1514
39.262,fq_codel,4542,3,45,28662,,,,,,0,0,0,1,11003,1514
39.274,fq_codel,7570,5,45,28671,,,,,,0,0,0,1,11003,1514
39.285,fq_codel,7570,5,45,28681,,,,,,0,0,0,1,11003,1514
39.297,fq_codel,7570,5,45,28691,,,,,,0,0,0,1,11003,1514
39.309,fq_codel,6056,4,45,28701,,,,,,0,0,0,1,11003,1514
39.321,fq_codel,9084,6,45,28711,,,,,,0,0,0,1,11003,1514
39.333,fq_codel,7570,5,45,28720,,,,,,0,0,0,1,11003,1514
39.345,fq_codel,7570,5,45,28730,,,,,,0,0,0,1,11003,1514
39.357,fq_codel,9084,6,45,28740,,,,,,0,0,0,1,11003,1514
39.369,fq_codel,10598,7,45,28751,,,,,,0,0,0,1,11004,1514
39.381,fq_codel,10598,7,45,28761,,,,,,0,0,0,1,11004,1514
39.393,fq_codel,10598,7,45,28771,,,,,,0,0,0,1,11004,1514
39.405,fq_codel,10598,7,45,28781,,,,,,0,0,0,1,11004,1514
39.417,fq_codel,12112,8,45,28791,,,,,,0,0,0,1,11004,1514
39.429,fq_codel,12112,8,45,28801,,,,,,0,0,0,1,11004,1514
39.441,fq_codel,12112,8,45,28811,,,,,,0,0,0,1,11004,1514
39.453,fq_codel,10598,7,45,28822,,,,,,0,0,0,1,11004,1514
39.467,fq_codel,12112,8,46,28833,,,,,,0,0,0,1,11005,1514
39.479,fq_codel,10598,7,46,28842,,,,,,0,0,0,1,11005,1514
39.490,fq_codel,10598,7,46,28852,,,,,,0,0,0,1,11005,1514
39.502,fq_codel,10598,7,46,28862,,,,,,0,0,0,1,11005,1514
39.514,fq_codel,7570,5,46,28872,,,,,,0,0,0,1,11005,1514
39.526,fq_codel,0,0,46,28881,,,,,,0,0,0,0,11005,1514
39.538,fq_codel,0,0,46,28886,,,,,,0,0,0,0,11010,1514
39.550,fq_codel,0,0,46,28891,,,,,,0,0,0,0,11015,1514
39.562,fq_codel,1514,1,46,28899,,,,,,0,0,1,0,11023,1514
39.573,fq_codel,0,0,46,28905,,,,,,0,0,0,0,11029,1514
39.585,fq_codel,0,0,46,28911,,,,,,0,0,0,0,11035,1514
39.597,fq_codel,0,0,46,28915,,,,,,0,0,0,0,11039,1514
39.609,fq_codel,1514,1,46,28925,,,,,,0,0,0,1,11044,1514
39.621,fq_codel,1514,1,46,28931,,,,,,0,0,1,0,11050,1514
39.633,fq_codel,0,0,46,28935,,,,,,0,0,0,0,11054,1514
39.645,fq_codel,1514,1,46,28943,,,,,,0,0,0,1,11060,1514
39.657,fq_codel,1514,1,46,28952,,,,,,0,0,1,0,11063,1514
39.669,fq_codel,0,0,46,28957,,,,,,0,0,0,0,11068,1514
39.681,fq_codel,0,0,46,28961,,,,,,0,0,0,0,11072,1514
39.693,fq_codel,3028,2,46,28972,,,,,,0,0,0,1,11080,1514
39.704,fq_codel,0,0,46,28979,,,,,,0,0,0,0,11085,1514
39.716,fq_codel,0,0,46,28983,,,,,,0,0,0,0,11089,1514
39.728,fq_codel,3028,2,46,28991,,,,,,0,0,0,1,11096,1514
39.740,fq_codel,3028,2,46,29001,,,,,,0,0,1,0,11097,1514
39.752,fq_codel,0,0,46,29006,,,,,,0,0,0,0,11101,1514
39.763,fq_codel,0,0,46,29011,,,,,,0,0,0,0,11106,1514
39.775,fq_codel,3028,2,46,29022,,,,,,0,0,0,1,11111,1514
39.787,fq_codel,0,0,46,29031,,,,,,0,0,0,0,11113,1514
39.799,fq_codel,0,0,46,29035,,,,,,0,0,0,0,11117,1514
39.811,fq_codel,1514,1,46,29043,,,,,,0,0,1,0,11125,1514
39.822,fq_codel,1514,1,46,29053,,,,,,0,0,0,1,11130,1514
39.834,fq_codel,0,0,46,29060,,,,,,0,0,0,0,11134,1514
39.846,fq_codel,1514,1,46,29066,,,,,,0,0,1,0,11140,1514
39.858,fq_codel,3028,2,46,29075,,,,,,0,0,1,0,11149,1514
39.870,fq_codel,1514,1,46,29086,,,,,,0,0,0,1,11151,1514
39.882,fq_codel,0,0,46,29091,,,,,,0,0,0,0,11154,1514
39.894,fq_codel,0,0,46,29099,,,,,,0,0,0,0,11162,1514
39.906,fq_codel,1514,1,46,29110,,,,,,0,0,0,1,11169,1514
39.917,fq_codel,1514,1,46,29119,,,,,,0,0,1,0,11174,1514
39.929,fq_codel,1514,1,46,29124,,,,,,0,0,1,0,11178,1514
39.941,fq_codel,1514,1,46,29134,,,,,,0,0,1,0,11188,1514
39.953,fq_codel,1514,1,46,29144,,,,,,0,0,0,1,11193,1514
39.965,fq_codel,1514,1,46,29153,,,,,,0,0,0,1,11198,1514
39.977,fq_codel,1514,1,46,29161,,,,,,0,0,1,0,11206,1514
39.989,fq_codel,3028,2,46,29171,,,,,,0,0,1,0,11213,1514
40.001,fq_codel,3028,2,46,29180,,,,,,0,0,0,1,11217,1514
40.013,fq_codel,0,0,46,29186,,,,,,0,0,0,0,11221,1514
40.024,fq_codel,0,0,46,29196,,,,,,0,0,0,0,11229,1514
40.036,fq_codel,3028,2,46,29207,,,,,,0,0,0,1,11230,1514
40.048,fq_codel,0,0,46,29215,,,,,,0,0,0,0,11232,1514
40.060,fq_codel,1514,1,46,29224,,,,,,0,0,1,0,11241,1514
40.072,fq_codel,3028,2,46,29234,,,,,,0,0,1,0,11249,1514
40.084,fq_codel,3028,2,46,29244,,,,,,0,0,1,0,11254,1514
40.096,fq_codel,0,0,46,29252,,,,,,0,0,0,0,11259,1514
40.108,fq_codel,1514,1,46,29263,,,,,,0,0,1,0,11269,1514
40.120,fq_codel,1514,1,46,29273,,,,,,0,0,0,1,11271,1514
40.132,fq_codel,0,0,46,29281,,,,,,0,0,0,0,11271,1514
40.144,fq_codel,0,0,46,29291,,,,,,0,0,0,0,11280,1514
40.156,fq_codel,3028,2,46,29303,,,,,,0,0,0,1,11287,1514
40.169,fq_codel,3028,2,46,29313,,,,,,0,0,1,0,11291,1514
40.180,fq_codel,1514,1,46,29323,,,,,,0,0,0,1,11294,1514
40.192,fq_codel,1514,1,46,29332,,,,,,0,0,0,1,11298,1514
40.204,fq_codel,4542,3,46,29342,,,,,,0,0,0,1,11300,1514
40.216,fq_codel,4542,3,46,29352,,,,,,0,0,0,1,11300,1514
40.228,fq_codel,3028,2,46,29362,,,,,,0,0,0,1,11300,1514
40.240,fq_codel,6056,4,46,29372,,,,,,0,0,0,1,11300,1514
40.252,fq_codel,6056,4,46,29382,,,,,,0,0,0,1,11300,1514
40.264,fq_codel,6056,4,46,29392,,,,,,0,0,0,1,11300,1514
40.276,fq_codel,4542,3,46,29402,,,,,,0,0,0,1,11300,1514
40.288,fq_codel,7570,5,46,29411,,,,,,0,0,0,1,11300,1514
40.300,fq_codel,7570,5,46,29421,,,,,,0,0,0,1,11300,1514
40.312,fq_codel,7570,5,46,29431,,,,,,0,0,0,1,11300,1514
40.324,fq_codel,7570,5,46,29441,,,,,,0,0,0,1,11300,1514
40.336,fq_codel,7570,5,46,29450,,,,,,0,0,0,1,11300,1514
40.347,fq_codel,7570,5,46,29460,,,,,,0,0,0,1,11300,1514
40.359,fq_codel,7570,5,46,29470,,,,,,0,0,0,1,11300,1514
40.371,fq_codel,9084,6,46,29480,,,,,,0,0,0,1,11300,1514
40.383,fq_codel,10598,7,46,29490,,,,,,0,0,0,1,11300,1514
40.395,fq_codel,10598,7,46,29500,,,,,,0,0,0,1,11300,1514
40.407,fq_codel,10598,7,46,29510,,,,,,0,0,0,1,11300,1514
40.419,fq_codel,9084,6,46,29520,,,,,,0,0,0,1,11300,1514
40.431,fq_codel,10598,7,46,29529,,,,,,0,0,0,1,11300,1514
40.443,fq_codel,10598,7,46,29539,,,,,,0,0,0,1,11300,1514
40.454,fq_codel,10598,7,46,29549,,,,,,0,0,0,1,11300,1514
40.466,fq_codel,1908,2,46,29559,,,,,,0,0,0,1,11300,1514
40.478,fq_codel,0,0,46,29560,,,,,,0,0,0,0,11300,1514
40.490,fq_codel,0,0,46,29560,,,,,,0,0,0,0,11300,1514
40.502,fq_codel,0,0,46,29560,,,,,,0,0,0,0,11300,1514
40.514,fq_codel,0,0,46,29561,,,,,,0,0,0,0,11301,1514
40.526,fq_codel,0,0,46,29561,,,,,,0,0,0,0,11301,1514
40.538,fq_codel,0,0,46,29561,,,,,,0,0,0,0,11301,1514
40.551,fq_codel,0,0,46,29561,,,,,,0,0,0,0,11301,1514
40.563,fq_codel,0,0,46,29561,,,,,,0,0,0,0,11301,1514
40.574,fq_codel,0,0,46,29561,,,,,,0,0,0,0,11301,1514
40.586,fq_codel,0,0,46,29561,,,,,,0,0,0,0,11301,1514
40.598,fq_codel,0,0,46,29561,,,,,,0,0,0,0,11301,1514
40.610,fq_codel,0,0,46,29561,,,,,,0,0,0,0,11301,1514
40.622,fq_codel,0,0,46,29561,,,,,,0,0,0,0,11301,1514
40.634,fq_codel,0,0,46,29561,,,,,,0,0,0,0,11301,1514
40.646,fq_codel,0,0,46,29561,,,,,,0,0,0,0,11301,1514
40.658,fq_codel,0,0,46,29561,,,,,,0,0,0,0,11301,1514
40.670,fq_codel,0,0,46,29561,,,,,,0,0,0,0,11301,1514
40.682,fq_codel,0,0,46,29561,,,,,,0,0,0,0,11301,1514
40.694,fq_codel,0,0,46,29561,,,,,,0,0,0,0,11301,1514
40.706,fq_codel,0,0,46,29561,,,,,,0,0,0,0,11301,1514
40.718,fq_codel,0,0,46,29561,,,,,,0,0,0,0,11301,1514
40.730,fq_codel,0,0,46,29561,,,,,,0,0,0,0,11301,1514
40.742,fq_codel,0,0,46,29561,,,,,,0,0,0,0,11301,1514
40.754,fq_codel,0,0,46,29561,,,,,,0,0,0,0,11301,1514
40.766,fq_codel,0,0,46,29561,,,,,,0,0,0,0,11301,1514
40.778,fq_codel,0,0,46,29561,,,,,,0,0,0,0,11301,1514
40.790,fq_codel,0,0,46,29561,,,,,,0,0,0,0,11301,1514
40.802,fq_codel,0,0,46,29561,,,,,,0,0,0,0,11301,1514
40.815,fq_codel,0,0,46,29561,,,,,,0,0,0,0,11301,1514
40.827,fq_codel,0,0,46,29561,,,,,,0,0,0,0,11301,1514
40.839,fq_codel,0,0,46,29561,,,,,,0,0,0,0,11301,1514
40.851,fq_codel,0,0,46,29561,,,,,,0,0,0,0,11301,1514
40.864,fq_codel,0,0,46,29561,,,,,,0,0,0,0,11301,1514
40.876,fq_codel,0,0,46,29561,,,,,,0,0,0,0,11301,1514
40.888,fq_codel,0,0,46,29561,,,,,,0,0,0,0,11301,1514
40.900,fq_codel,0,0,46,29561,,,,,,0,0,0,0,11301,1514
40.911,fq_codel,0,0,46,29561,,,,,,0,0,0,0,11301,1514
40.923,fq_codel,0,0,46,29561,,,,,,0,0,0,0,11301,1514
40.935,fq_codel,0,0,46,29561,,,,,,0,0,0,0,11301,1514
40.947,fq_codel,0,0,46,29561,,,,,,0,0,0,0,11301,1514
40.959,fq_codel,0,0,46,29561,,,,,,0,0,0,0,11301,1514
40.971,fq_codel,0,0,46,29561,,,,,,0,0,0,0,11301,1514
40.983,fq_codel,0,0,46,29561,,,,,,0,0,0,0,11301,1514
40.995,fq_codel,0,0,46,29561,,,,,,0,0,0,0,11301,1514
