t_s,kind,backlog_bytes,backlog_pkts,drops,sent_pkts,count,lastcount,ldelay,drop_next,dropping,ecn_mark,drop_overlimit,new_flows_len,old_flows_len,new_flow_count,maxpacket
0.000,pfifo,0,0,0,0,,,,,,,,,,,
0.012,pfifo,0,0,0,1,,,,,,,,,,,
0.024,pfifo,0,0,0,1,,,,,,,,,,,
0.036,pfifo,0,0,0,3,,,,,,,,,,,
0.048,pfifo,0,0,0,3,,,,,,,,,,,
0.059,pfifo,0,0,0,3,,,,,,,,,,,
0.071,pfifo,13626,9,0,5,,,,,,,,,,,
0.083,pfifo,0,0,0,14,,,,,,,,,,,
0.095,pfifo,0,0,0,15,,,,,,,,,,,
0.107,pfifo,0,0,0,15,,,,,,,,,,,
0.119,pfifo,10598,7,0,22,,,,,,,,,,,
0.130,pfifo,4542,3,0,32,,,,,,,,,,,
0.142,pfifo,0,0,0,35,,,,,,,,,,,
0.154,pfifo,4542,3,0,38,,,,,,,,,,,
0.166,pfifo,16654,11,0,48,,,,,,,,,,,
0.178,pfifo,25738,17,0,58,,,,,,,,,,,
0.190,pfifo,12112,8,0,67,,,,,,,,,,,
0.201,pfifo,24224,16,0,78,,,,,,,,,,,
0.213,pfifo,37850,25,0,87,,,,,,,,,,,
0.224,pfifo,52990,35,0,97,,,,,,,,,,,
0.236,pfifo,68130,45,0,107,,,,,,,,,,,
0.248,pfifo,83270,55,0,117,,,,,,,,,,,
0.260,pfifo,98410,65,0,127,,,,,,,,,,,
0.272,pfifo,112036,74,0,136,,,,,,,,,,,
0.284,pfifo,127176,84,0,146,,,,,,,,,,,
0.296,pfifo,142414,95,0,156,,,,,,,,,,,
0.307,pfifo,157554,105,0,166,,,,,,,,,,,
0.319,pfifo,171180,114,0,175,,,,,,,,,,,
0.331,pfifo,186320,124,0,185,,,,,,,,,,,
0.343,pfifo,199946,133,0,195,,,,,,,,,,,
0.355,pfifo,216600,144,0,205,,,,,,,,,,,
0.367,pfifo,228712,152,0,215,,,,,,,,,,,
0.378,pfifo,242338,161,0,224,,,,,,,,,,,
0.390,pfifo,254450,169,0,234,,,,,,,,,,,
0.402,pfifo,271104,180,0,245,,,,,,,,,,,
0.414,pfifo,289272,192,0,254,,,,,,,,,,,
0.426,pfifo,304412,202,0,264,,,,,,,,,,,
0.437,pfifo,316524,210,0,274,,,,,,,,,,,
0.449,pfifo,333178,221,0,284,,,,,,,,,,,
0.461,pfifo,342262,227,0,293,,,,,,,,,,,
0.473,pfifo,362218,241,0,303,,,,,,,,,,,
0.485,pfifo,377358,251,0,313,,,,,,,,,,,
0.496,pfifo,392498,261,0,323,,,,,,,,,,,
0.508,pfifo,406222,271,0,332,,,,,,,,,,,
0.520,pfifo,421362,281,0,342,,,,,,,,,,,
0.532,pfifo,436502,291,0,352,,,,,,,,,,,
0.543,pfifo,450128,300,0,361,,,,,,,,,,,
0.555,pfifo,465268,310,0,371,,,,,,,,,,,
0.567,pfifo,480408,320,0,381,,,,,,,,,,,
0.578,pfifo,494034,329,0,390,,,,,,,,,,,
0.590,pfifo,509174,339,0,400,,,,,,,,,,,
0.602,pfifo,524314,349,0,410,,,,,,,,,,,
0.614,pfifo,538038,359,0,419,,,,,,,,,,,
0.625,pfifo,553256,370,0,430,,,,,,,,,,,
0.637,pfifo,568396,380,0,440,,,,,,,,,,,
0.650,pfifo,583536,390,0,450,,,,,,,,,,,
0.661,pfifo,598676,400,0,460,,,,,,,,,,,
0.673,pfifo,612302,409,0,469,,,,,,,,,,,
0.685,pfifo,627442,419,0,479,,,,,,,,,,,
0.697,pfifo,642582,429,0,489,,,,,,,,,,,
0.709,pfifo,657820,440,0,499,,,,,,,,,,,
0.721,pfifo,672960,450,0,509,,,,,,,,,,,
0.732,pfifo,688100,460,0,519,,,,,,,,,,,
0.744,pfifo,703240,470,0,529,,,,,,,,,,,
0.756,pfifo,716866,479,0,538,,,,,,,,,,,
0.768,pfifo,731732,488,0,549,,,,,,,,,,,
0.780,pfifo,748386,499,0,558,,,,,,,,,,,
0.792,pfifo,760498,507,0,568,,,,,,,,,,,
0.803,pfifo,777152,518,0,577,,,,,,,,,,,
0.815,pfifo,792292,528,0,587,,,,,,,,,,,
0.826,pfifo,807432,538,0,598,,,,,,,,,,,
0.838,pfifo,821058,547,0,607,,,,,,,,,,,
0.850,pfifo,836198,557,0,617,,,,,,,,,,,
0.861,pfifo,851338,567,0,627,,,,,,,,,,,
0.873,pfifo,866478,577,0,637,,,,,,,,,,,
0.887,pfifo,883132,588,0,648,,,,,,,,,,,
0.899,pfifo,898272,598,0,658,,,,,,,,,,,
0.911,pfifo,911898,607,0,667,,,,,,,,,,,
0.922,pfifo,927136,618,0,677,,,,,,,,,,,
0.934,pfifo,942276,628,0,687,,,,,,,,,,,
0.946,pfifo,957416,638,0,697,,,,,,,,,,,
0.958,pfifo,971042,647,0,706,,,,,,,,,,,
0.970,pfifo,986182,657,0,716,,,,,,,,,,,
0.981,pfifo,1001322,667,0,726,,,,,,,,,,,
0.993,pfifo,1013434,675,0,736,,,,,,,,,,,
1.005,pfifo,1030088,686,0,745,,,,,,,,,,,
1.017,pfifo,1045228,696,0,755,,,,,,,,,,,
1.029,pfifo,1060466,707,0,765,,,,,,,,,,,
1.040,pfifo,1073994,715,0,775,,,,,,,,,,,
1.052,pfifo,1089134,725,0,785,,,,,,,,,,,
1.064,pfifo,1104098,733,0,797,,,,,,,,,,,
1.076,pfifo,1120752,744,0,806,,,,,,,,,,,
1.088,pfifo,1132864,752,0,816,,,,,,,,,,,
1.099,pfifo,1148004,762,0,826,,,,,,,,,,,
1.111,pfifo,1158602,769,0,836,,,,,,,,,,,
1.123,pfifo,1176770,781,0,845,,,,,,,,,,,
1.135,pfifo,1192008,792,0,855,,,,,,,,,,,
1.146,pfifo,1204120,800,0,865,,,,,,,,,,,
1.158,pfifo,1216232,808,0,875,,,,,,,,,,,
1.170,pfifo,1232886,819,0,884,,,,,,,,,,,
1.181,pfifo,1244998,827,0,894,,,,,,,,,,,
1.193,pfifo,1261652,838,0,904,,,,,,,,,,,
1.205,pfifo,1278306,849,0,914,,,,,,,,,,,
1.217,pfifo,1290418,857,0,924,,,,,,,,,,,
1.229,pfifo,1307072,868,0,934,,,,,,,,,,,
1.241,pfifo,1325240,880,0,944,,,,,,,,,,,
1.254,pfifo,1337352,888,0,954,,,,,,,,,,,
1.266,pfifo,1354006,899,0,964,,,,,,,,,,,
1.278,pfifo,1370660,910,0,974,,,,,,,,,,,
1.290,pfifo,1382772,918,0,984,,,,,,,,,,,
1.302,pfifo,1399426,929,0,994,,,,,,,,,,,
1.314,pfifo,1416080,940,0,1004,,,,,,,,,,,
1.326,pfifo,1428192,948,0,1014,,,,,,,,,,,
1.338,pfifo,1444944,960,0,1024,,,,,,,,,,,
1.350,pfifo,1461598,971,0,1034,,,,,,,,,,,
1.362,pfifo,1470682,977,0,1043,,,,,,,,,,,
1.373,pfifo,1490364,990,0,1053,,,,,,,,,,,
1.385,pfifo,1505504,1000,0,1063,,,,,,,,,,,
1.397,pfifo,1505504,1000,9,1072,,,,,,,,,,,
1.408,pfifo,1505504,1000,19,1082,,,,,,,,,,,
1.420,pfifo,1505504,1000,29,1092,,,,,,,,,,,
1.432,pfifo,1505504,1000,39,1102,,,,,,,,,,,
1.445,pfifo,1505504,1000,50,1112,,,,,,,,,,,
1.457,pfifo,1505406,999,60,1123,,,,,,,,,,,
1.469,pfifo,1505406,999,70,1133,,,,,,,,,,,
1.481,pfifo,1505406,999,80,1143,,,,,,,,,,,
1.493,pfifo,1506920,1000,89,1153,,,,,,,,,,,
1.504,pfifo,1506920,1000,98,1162,,,,,,,,,,,
1.516,pfifo,1506920,1000,108,1172,,,,,,,,,,,
1.528,pfifo,1506920,1000,118,1182,,,,,,,,,,,
1.540,pfifo,1506920,1000,129,1192,,,,,,,,,,,
1.552,pfifo,1506920,1000,139,1202,,,,,,,,,,,
1.564,pfifo,1506920,1000,148,1211,,,,,,,,,,,
1.576,pfifo,1506920,1000,158,1221,,,,,,,,,,,
1.587,pfifo,1506920,1000,168,1231,,,,,,,,,,,
1.599,pfifo,1506920,1000,177,1240,,,,,,,,,,,
1.611,pfifo,1506920,1000,187,1250,,,,,,,,,,,
1.623,pfifo,1506920,1000,197,1260,,,,,,,,,,,
1.634,pfifo,1506920,1000,206,1269,,,,,,,,,,,
1.646,pfifo,1506920,1000,218,1279,,,,,,,,,,,
1.658,pfifo,1506822,999,229,1290,,,,,,,,,,,
1.669,pfifo,1506822,999,238,1299,,,,,,,,,,,
1.681,pfifo,1506822,999,248,1309,,,,,,,,,,,
1.693,pfifo,1508336,1000,257,1319,,,,,,,,,,,
1.704,pfifo,1508336,1000,266,1328,,,,,,,,,,,
1.716,pfifo,1508336,1000,276,1338,,,,,,,,,,,
1.728,pfifo,1508336,1000,286,1348,,,,,,,,,,,
1.740,pfifo,1506822,999,295,1358,,,,,,,,,,,
1.752,pfifo,1508336,1000,306,1367,,,,,,,,,,,
1.763,pfifo,1508336,1000,316,1377,,,,,,,,,,,
1.775,pfifo,1508336,1000,325,1386,,,,,,,,,,,
1.786,pfifo,1508336,1000,335,1396,,,,,,,,,,,
1.798,pfifo,1508336,1000,345,1406,,,,,,,,,,,
1.810,pfifo,1508336,1000,354,1415,,,,,,,,,,,
1.821,pfifo,1508336,1000,364,1425,,,,,,,,,,,
1.833,pfifo,1508336,1000,373,1434,,,,,,,,,,,
1.845,pfifo,1508336,1000,383,1444,,,,,,,,,,,
1.856,pfifo,1508336,1000,394,1454,,,,,,,,,,,
1.868,pfifo,1508238,999,404,1465,,,,,,,,,,,
1.880,pfifo,1508238,999,414,1475,,,,,,,,,,,
1.892,pfifo,1508238,999,424,1485,,,,,,,,,,,
1.905,pfifo,1508238,999,434,1495,,,,,,,,,,,
1.917,pfifo,1509752,1000,442,1504,,,,,,,,,,,
1.928,pfifo,1509752,1000,452,1514,,,,,,,,,,,
1.940,pfifo,1509752,1000,462,1524,,,,,,,,,,,
1.952,pfifo,1509752,1000,472,1534,,,,,,,,,,,
1.964,pfifo,1509752,1000,482,1543,,,,,,,,,,,
1.976,pfifo,1509752,1000,492,1553,,,,,,,,,,,
1.988,pfifo,1509752,1000,502,1563,,,,,,,,,,,
2.000,pfifo,1509752,1000,512,1573,,,,,,,,,,,
2.011,pfifo,1509752,1000,522,1583,,,,,,,,,,,
2.023,pfifo,1509752,1000,531,1592,,,,,,,,,,,
2.035,pfifo,1509752,1000,541,1602,,,,,,,,,,,
2.046,pfifo,1509752,1000,550,1611,,,,,,,,,,,
2.058,pfifo,1509752,1000,560,1621,,,,,,,,,,,
2.070,pfifo,1509654,999,571,1632,,,,,,,,,,,
2.081,pfifo,1509654,999,580,1641,,,,,,,,,,,
2.093,pfifo,1509654,999,590,1651,,,,,,,,,,,
2.105,pfifo,1511168,1000,599,1661,,,,,,,,,,,
2.116,pfifo,1510960,1000,607,1670,,,,,,,,,,,
2.128,pfifo,1495820,990,607,1680,,,,,,,,,,,
2.140,pfifo,1482194,981,607,1689,,,,,,,,,,,
2.151,pfifo,1467144,972,607,1699,,,,,,,,,,,
2.163,pfifo,1452004,962,607,1709,,,,,,,,,,,
2.175,pfifo,1436962,953,607,1719,,,,,,,,,,,
2.187,pfifo,1423336,944,607,1728,,,,,,,,,,,
2.198,pfifo,1408196,934,607,1738,,,,,,,,,,,
2.210,pfifo,1393056,924,607,1748,,,,,,,,,,,
2.222,pfifo,1377916,914,607,1758,,,,,,,,,,,
2.234,pfifo,1364290,905,607,1767,,,,,,,,,,,
2.246,pfifo,1349150,895,607,1777,,,,,,,,,,,
2.258,pfifo,1334010,885,607,1787,,,,,,,,,,,
2.269,pfifo,1320384,876,607,1796,,,,,,,,,,,
2.281,pfifo,1305244,866,607,1807,,,,,,,,,,,
2.293,pfifo,1290104,856,607,1817,,,,,,,,,,,
2.304,pfifo,1276478,847,607,1826,,,,,,,,,,,
2.316,pfifo,1506606,999,776,1836,,,,,,,,,,,
2.327,pfifo,1508120,1000,785,1846,,,,,,,,,,,
2.339,pfifo,1508120,1000,794,1855,,,,,,,,,,,
2.351,pfifo,1508120,1000,804,1865,,,,,,,,,,,
2.363,pfifo,1508120,1000,813,1874,,,,,,,,,,,
2.374,pfifo,1508120,1000,824,1884,,,,,,,,,,,
2.386,pfifo,1508120,1000,834,1894,,,,,,,,,,,
2.397,pfifo,1508120,1000,843,1903,,,,,,,,,,,
2.409,pfifo,1508120,1000,853,1913,,,,,,,,,,,
2.421,pfifo,1508120,1000,864,1924,,,,,,,,,,,
2.435,pfifo,1508120,1000,874,1934,,,,,,,,,,,
2.447,pfifo,1508120,1000,884,1944,,,,,,,,,,,
2.459,pfifo,1506606,999,893,1954,,,,,,,,,,,
2.471,pfifo,1508120,1000,903,1964,,,,,,,,,,,
2.482,pfifo,1508022,999,913,1974,,,,,,,,,,,
2.494,pfifo,1508022,999,924,1984,,,,,,,,,,,
2.506,pfifo,1506508,998,933,1994,,,,,,,,,,,
2.518,pfifo,1508022,999,943,2004,,,,,,,,,,,
2.530,pfifo,1509536,1000,951,2013,,,,,,,,,,,
2.541,pfifo,1509536,1000,962,2023,,,,,,,,,,,
2.553,pfifo,1509536,1000,972,2033,,,,,,,,,,,
2.565,pfifo,1509536,1000,981,2042,,,,,,,,,,,
2.576,pfifo,1509536,1000,991,2052,,,,,,,,,,,
2.588,pfifo,1509536,1000,1002,2062,,,,,,,,,,,
2.600,pfifo,1508022,999,1011,2072,,,,,,,,,,,
2.612,pfifo,1509536,1000,1021,2081,,,,,,,,,,,
2.624,pfifo,1509536,1000,1031,2091,,,,,,,,,,,
2.635,pfifo,1508022,999,1037,2101,,,,,,,,,,,
2.647,pfifo,1501966,995,1037,2110,,,,,,,,,,,
2.659,pfifo,1494396,990,1037,2120,,,,,,,,,,,
2.671,pfifo,1486826,985,1037,2130,,,,,,,,,,,
2.682,pfifo,1479256,980,1037,2139,,,,,,,,,,,
2.694,pfifo,1471784,976,1037,2149,,,,,,,,,,,
2.706,pfifo,1464214,971,1037,2159,,,,,,,,,,,
2.718,pfifo,1456644,966,1037,2169,,,,,,,,,,,
2.729,pfifo,1450588,962,1037,2178,,,,,,,,,,,
2.741,pfifo,1443018,957,1037,2188,,,,,,,,,,,
2.753,pfifo,1435448,952,1037,2197,,,,,,,,,,,
2.764,pfifo,1427878,947,1037,2207,,,,,,,,,,,
2.776,pfifo,1420308,942,1037,2217,,,,,,,,,,,
2.788,pfifo,1412738,937,1037,2227,,,,,,,,,,,
2.800,pfifo,1406780,934,1037,2236,,,,,,,,,,,
2.812,pfifo,1399210,929,1037,2246,,,,,,,,,,,
2.823,pfifo,1391640,924,1037,2256,,,,,,,,,,,
2.835,pfifo,1384070,919,1037,2266,,,,,,,,,,,
2.847,pfifo,1374986,913,1037,2276,,,,,,,,,,,
2.859,pfifo,1368930,909,1037,2285,,,,,,,,,,,
2.870,pfifo,1361360,904,1037,2295,,,,,,,,,,,
2.883,pfifo,1353790,899,1037,2305,,,,,,,,,,,
2.895,pfifo,1346318,895,1037,2315,,,,,,,,,,,
2.907,pfifo,1338748,890,1037,2325,,,,,,,,,,,
2.918,pfifo,1332692,886,1037,2334,,,,,,,,,,,
2.930,pfifo,1325122,881,1037,2344,,,,,,,,,,,
2.942,pfifo,1317552,876,1037,2354,,,,,,,,,,,
2.954,pfifo,1309982,871,1037,2364,,,,,,,,,,,
2.966,pfifo,1302412,866,1037,2374,,,,,,,,,,,
2.978,pfifo,1294842,861,1037,2384,,,,,,,,,,,
2.990,pfifo,1285758,855,1037,2394,,,,,,,,,,,
3.002,pfifo,1279800,852,1037,2403,,,,,,,,,,,
3.014,pfifo,1272230,847,1037,2413,,,,,,,,,,,
3.026,pfifo,1264660,842,1037,2423,,,,,,,,,,,
3.037,pfifo,1257090,837,1037,2433,,,,,,,,,,,
3.049,pfifo,1251034,833,1037,2442,,,,,,,,,,,
3.061,pfifo,1243464,828,1037,2452,,,,,,,,,,,
3.073,pfifo,1235894,823,1037,2462,,,,,,,,,,,
3.085,pfifo,1228324,818,1037,2472,,,,,,,,,,,
3.097,pfifo,1220754,813,1037,2481,,,,,,,,,,,
3.108,pfifo,1213282,809,1037,2491,,,,,,,,,,,
3.120,pfifo,1205712,804,1037,2501,,,,,,,,,,,
3.132,pfifo,1198142,799,1037,2511,,,,,,,,,,,
3.144,pfifo,1192086,795,1037,2520,,,,,,,,,,,
3.156,pfifo,1184516,790,1037,2530,,,,,,,,,,,
3.167,pfifo,1176946,785,1037,2540,,,,,,,,,,,
3.180,pfifo,1169376,780,1037,2550,,,,,,,,,,,
3.191,pfifo,1161806,775,1037,2560,,,,,,,,,,,
3.203,pfifo,1154236,770,1037,2569,,,,,,,,,,,
3.215,pfifo,1146764,766,1037,2579,,,,,,,,,,,
3.227,pfifo,1139194,761,1037,2589,,,,,,,,,,,
3.239,pfifo,1131624,756,1037,2599,,,,,,,,,,,
3.251,pfifo,1124054,751,1037,2609,,,,,,,,,,,
3.263,pfifo,1116484,746,1037,2619,,,,,,,,,,,
3.275,pfifo,1108914,741,1037,2629,,,,,,,,,,,
3.286,pfifo,1102858,737,1037,2638,,,,,,,,,,,
3.298,pfifo,1095288,732,1037,2648,,,,,,,,,,,
3.310,pfifo,1087718,727,1037,2658,,,,,,,,,,,
3.322,pfifo,1080246,723,1037,2668,,,,,,,,,,,
3.334,pfifo,1072598,715,1037,2681,,,,,,,,,,,
3.346,pfifo,1065028,710,1037,2690,,,,,,,,,,,
3.358,pfifo,1057458,705,1037,2700,,,,,,,,,,,
3.370,pfifo,1049888,700,1037,2710,,,,,,,,,,,
3.382,pfifo,1042318,695,1037,2720,,,,,,,,,,,
3.393,pfifo,1036262,691,1037,2729,,,,,,,,,,,
3.405,pfifo,1028692,686,1037,2739,,,,,,,,,,,
3.417,pfifo,1021220,682,1037,2749,,,,,,,,,,,
3.429,pfifo,1013650,677,1037,2759,,,,,,,,,,,
3.441,pfifo,1006080,672,1037,2769,,,,,,,,,,,
3.453,pfifo,998510,667,1037,2779,,,,,,,,,,,
3.465,pfifo,990940,662,1037,2788,,,,,,,,,,,
3.477,pfifo,983370,657,1037,2798,,,,,,,,,,,
3.488,pfifo,975800,652,1037,2808,,,,,,,,,,,
3.500,pfifo,969744,648,1037,2817,,,,,,,,,,,
3.512,pfifo,962174,643,1037,2827,,,,,,,,,,,
3.524,pfifo,954702,639,1037,2837,,,,,,,,,,,
3.535,pfifo,947132,634,1037,2846,,,,,,,,,,,
3.547,pfifo,939562,629,1037,2856,,,,,,,,,,,
3.558,pfifo,1110644,742,1037,2866,,,,,,,,,,,
3.570,pfifo,1121242,749,1037,2875,,,,,,,,,,,
3.582,pfifo,1136382,759,1037,2885,,,,,,,,,,,
3.594,pfifo,1151522,769,1037,2895,,,,,,,,,,,
3.606,pfifo,1166662,779,1037,2905,,,,,,,,,,,
3.618,pfifo,1181802,789,1037,2915,,,,,,,,,,,
3.630,pfifo,1195526,799,1037,2924,,,,,,,,,,,
3.641,pfifo,1210666,809,1037,2934,,,,,,,,,,,
3.653,pfifo,1225806,819,1037,2944,,,,,,,,,,,
3.665,pfifo,1237918,827,1037,2954,,,,,,,,,,,
3.677,pfifo,1251544,836,1037,2963,,,,,,,,,,,
3.688,pfifo,1266684,846,1037,2973,,,,,,,,,,,
3.700,pfifo,1280310,855,1037,2983,,,,,,,,,,,
3.712,pfifo,1293936,864,1037,2992,,,,,,,,,,,
3.723,pfifo,1309076,874,1037,3002,,,,,,,,,,,
3.735,pfifo,1325828,886,1037,3012,,,,,,,,,,,
3.747,pfifo,1339454,895,1037,3022,,,,,,,,,,,
3.759,pfifo,1354594,905,1037,3032,,,,,,,,,,,
3.771,pfifo,1366706,913,1037,3042,,,,,,,,,,,
3.783,pfifo,1383360,924,1037,3052,,,,,,,,,,,
3.795,pfifo,1400014,935,1037,3061,,,,,,,,,,,
3.807,pfifo,1412126,943,1037,3071,,,,,,,,,,,
3.819,pfifo,1427266,953,1037,3081,,,,,,,,,,,
3.831,pfifo,1444018,965,1037,3092,,,,,,,,,,,
3.845,pfifo,1462186,977,1037,3102,,,,,,,,,,,
3.857,pfifo,1474298,985,1037,3112,,,,,,,,,,,
3.869,pfifo,1492368,996,1037,3123,,,,,,,,,,,
3.881,pfifo,1498424,1000,1042,3133,,,,,,,,,,,
3.893,pfifo,1496910,999,1043,3144,,,,,,,,,,,
3.906,pfifo,1496910,999,1043,3154,,,,,,,,,,,
3.918,pfifo,1496910,999,1043,3163,,,,,,,,,,,
3.930,pfifo,1496812,998,1043,3174,,,,,,,,,,,
3.942,pfifo,1496910,999,1043,3184,,,,,,,,,,,
3.954,pfifo,1483284,990,1043,3194,,,,,,,,,,,
3.966,pfifo,1468144,980,1043,3204,,,,,,,,,,,
3.977,pfifo,1454420,970,1043,3214,,,,,,,,,,,
3.989,pfifo,1439280,960,1043,3224,,,,,,,,,,,
4.001,pfifo,1424140,950,1043,3234,,,,,,,,,,,
4.013,pfifo,1409000,940,1043,3244,,,,,,,,,,,
4.024,pfifo,1395276,930,1043,3254,,,,,,,,,,,
4.036,pfifo,1380234,921,1043,3264,,,,,,,,,,,
4.048,pfifo,1365094,911,1043,3274,,,,,,,,,,,
4.060,pfifo,1349954,901,1043,3284,,,,,,,,,,,
4.072,pfifo,1334814,891,1043,3294,,,,,,,,,,,
4.084,pfifo,1319576,880,1043,3305,,,,,,,,,,,
4.096,pfifo,1304436,870,1043,3315,,,,,,,,,,,
4.108,pfifo,1290810,861,1043,3324,,,,,,,,,,,
4.120,pfifo,1275670,851,1043,3334,,,,,,,,,,,
4.132,pfifo,1260432,840,1043,3345,,,,,,,,,,,
4.143,pfifo,1246904,832,1043,3354,,,,,,,,,,,
4.155,pfifo,1231764,822,1043,3364,,,,,,,,,,,
4.167,pfifo,1216624,812,1043,3374,,,,,,,,,,,
4.179,pfifo,1201484,802,1043,3384,,,,,,,,,,,
4.191,pfifo,1187760,792,1043,3394,,,,,,,,,,,
4.202,pfifo,1172620,782,1043,3404,,,,,,,,,,,
4.214,pfifo,1157480,772,1043,3414,,,,,,,,,,,
4.226,pfifo,1142340,762,1043,3424,,,,,,,,,,,
4.238,pfifo,1128714,753,1043,3434,,,,,,,,,,,
4.250,pfifo,1113574,743,1043,3444,,,,,,,,,,,
4.262,pfifo,1098434,733,1043,3454,,,,,,,,,,,
4.273,pfifo,1084808,724,1043,3463,,,,,,,,,,,
4.285,pfifo,1069570,713,1043,3474,,,,,,,,,,,
4.297,pfifo,1055944,704,1043,3483,,,,,,,,,,,
4.308,pfifo,1040804,694,1043,3493,,,,,,,,,,,
4.320,pfifo,1025664,684,1043,3503,,,,,,,,,,,
4.332,pfifo,1012038,675,1043,3512,,,,,,,,,,,
4.344,pfifo,996996,666,1043,3522,,,,,,,,,,,
4.355,pfifo,981856,656,1043,3532,,,,,,,,,,,
4.367,pfifo,966716,646,1043,3542,,,,,,,,,,,
4.379,pfifo,953090,637,1043,3551,,,,,,,,,,,
4.391,pfifo,937950,627,1043,3561,,,,,,,,,,,
4.402,pfifo,1496616,996,1043,3571,,,,,,,,,,,
4.414,pfifo,1496616,996,1043,3581,,,,,,,,,,,
4.426,pfifo,1496616,996,1043,3591,,,,,,,,,,,
4.438,pfifo,1496616,996,1043,3600,,,,,,,,,,,
4.450,pfifo,1496714,997,1043,3610,,,,,,,,,,,
4.461,pfifo,1496714,997,1043,3620,,,,,,,,,,,
4.473,pfifo,1496714,997,1043,3629,,,,,,,,,,,
4.485,pfifo,1496714,997,1043,3639,,,,,,,,,,,
4.497,pfifo,1496714,997,1043,3649,,,,,,,,,,,
4.509,pfifo,1496714,997,1043,3659,,,,,,,,,,,
4.521,pfifo,1495200,996,1043,3669,,,,,,,,,,,
4.532,pfifo,1496714,997,1043,3678,,,,,,,,,,,
4.544,pfifo,1496812,998,1043,3688,,,,,,,,,,,
4.556,pfifo,1495298,997,1043,3698,,,,,,,,,,,
4.568,pfifo,1496812,998,1043,3708,,,,,,,,,,,
4.580,pfifo,1496714,997,1043,3718,,,,,,,,,,,
4.592,pfifo,1496714,997,1043,3728,,,,,,,,,,,
4.604,pfifo,1496714,997,1043,3738,,,,,,,,,,,
4.616,pfifo,1496714,997,1043,3748,,,,,,,,,,,
4.627,pfifo,1496714,997,1043,3757,,,,,,,,,,,
4.639,pfifo,1496714,997,1043,3767,,,,,,,,,,,
4.651,pfifo,1496812,998,1043,3777,,,,,,,,,,,
4.663,pfifo,1496812,998,1043,3786,,,,,,,,,,,
4.674,pfifo,1496812,998,1043,3796,,,,,,,,,,,
4.686,pfifo,1496812,998,1043,3806,,,,,,,,,,,
4.698,pfifo,1496812,998,1043,3816,,,,,,,,,,,
4.710,pfifo,1496812,998,1043,3825,,,,,,,,,,,
4.721,pfifo,1496812,998,1043,3835,,,,,,,,,,,
4.733,pfifo,1496812,998,1043,3845,,,,,,,,,,,
4.745,pfifo,1496812,998,1043,3854,,,,,,,,,,,
4.756,pfifo,1496910,999,1043,3864,,,,,,,,,,,
4.768,pfifo,1496910,999,1043,3874,,,,,,,,,,,
4.780,pfifo,1496812,998,1043,3885,,,,,,,,,,,
4.792,pfifo,1496812,998,1043,3894,,,,,,,,,,,
4.803,pfifo,1496812,998,1043,3904,,,,,,,,,,,
4.815,pfifo,1496812,998,1043,3914,,,,,,,,,,,
4.827,pfifo,1496812,998,1043,3924,,,,,,,,,,,
4.839,pfifo,1496812,998,1043,3934,,,,,,,,,,,
4.851,pfifo,1496812,998,1043,3943,,,,,,,,,,,
4.863,pfifo,1496910,999,1043,3953,,,,,,,,,,,
4.875,pfifo,1496910,999,1043,3964,,,,,,,,,,,
4.888,pfifo,1496910,999,1043,3975,,,,,,,,,,,
4.901,pfifo,1496910,999,1043,3984,,,,,,,,,,,
4.913,pfifo,1496910,999,1043,3994,,,,,,,,,,,
4.925,pfifo,1496910,999,1043,4004,,,,,,,,,,,
4.937,pfifo,1496910,999,1043,4014,,,,,,,,,,,
4.948,pfifo,1496910,999,1043,4024,,,,,,,,,,,
4.960,pfifo,1497008,1000,1043,4033,,,,,,,,,,,
4.972,pfifo,1497008,1000,1043,4043,,,,,,,,,,,
4.983,pfifo,1495494,999,1043,4053,,,,,,,,,,,
4.995,pfifo,1496910,999,1043,4064,,,,,,,,,,,
5.008,pfifo,1496910,999,1043,4074,,,,,,,,,,,
5.020,pfifo,1496910,999,1043,4083,,,,,,,,,,,
5.031,pfifo,1496910,999,1043,4093,,,,,,,,,,,
5.043,pfifo,1496910,999,1043,4103,,,,,,,,,,,
5.055,pfifo,1496910,999,1043,4112,,,,,,,,,,,
5.067,pfifo,1497008,1000,1043,4122,,,,,,,,,,,
5.079,pfifo,1497008,1000,1043,4132,,,,,,,,,,,
5.091,pfifo,1495494,999,1043,4143,,,,,,,,,,,
5.103,pfifo,1497008,1000,1043,4152,,,,,,,,,,,
5.115,pfifo,1497008,1000,1044,4162,,,,,,,,,,,
5.127,pfifo,1497008,1000,1046,4172,,,,,,,,,,,
5.139,pfifo,1496910,999,1046,4183,,,,,,,,,,,
5.151,pfifo,1498032,996,1046,4196,,,,,,,,,,,
5.163,pfifo,1496518,995,1046,4206,,,,,,,,,,,
5.175,pfifo,1496616,996,1046,4216,,,,,,,,,,,
5.186,pfifo,1496616,996,1046,4226,,,,,,,,,,,
5.198,pfifo,1496616,996,1046,4236,,,,,,,,,,,
5.210,pfifo,1496616,996,1046,4245,,,,,,,,,,,
5.222,pfifo,1496616,996,1046,4255,,,,,,,,,,,
5.234,pfifo,1496616,996,1046,4265,,,,,,,,,,,
5.246,pfifo,1496616,996,1046,4275,,,,,,,,,,,
5.257,pfifo,1496616,996,1046,4284,,,,,,,,,,,
5.269,pfifo,1496714,997,1046,4294,,,,,,,,,,,
5.281,pfifo,1496714,997,1046,4304,,,,,,,,,,,
5.293,pfifo,1496714,997,1046,4314,,,,,,,,,,,
5.305,pfifo,1496714,997,1046,4324,,,,,,,,,,,
5.317,pfifo,1496714,997,1046,4334,,,,,,,,,,,
5.329,pfifo,1496714,997,1046,4343,,,,,,,,,,,
5.341,pfifo,1496714,997,1046,4353,,,,,,,,,,,
5.353,pfifo,1496714,997,1046,4363,,,,,,,,,,,
5.365,pfifo,1496714,997,1046,4373,,,,,,,,,,,
5.377,pfifo,1496812,998,1046,4383,,,,,,,,,,,
5.388,pfifo,1496812,998,1046,4392,,,,,,,,,,,
5.400,pfifo,1496812,998,1046,4402,,,,,,,,,,,
5.412,pfifo,1496812,998,1046,4412,,,,,,,,,,,
5.423,pfifo,1496812,998,1046,4421,,,,,,,,,,,
5.435,pfifo,1496812,998,1046,4431,,,,,,,,,,,
5.447,pfifo,1496854,999,1046,4441,,,,,,,,,,,
5.459,pfifo,1496854,999,1046,4451,,,,,,,,,,,
5.471,pfifo,1496854,999,1046,4461,,,,,,,,,,,
5.483,pfifo,1496952,1000,1046,4471,,,,,,,,,,,
5.495,pfifo,1496952,1000,1046,4480,,,,,,,,,,,
5.507,pfifo,1496952,1000,1046,4490,,,,,,,,,,,
5.519,pfifo,1496952,1000,1046,4500,,,,,,,,,,,
5.531,pfifo,1496952,1000,1046,4510,,,,,,,,,,,
5.542,pfifo,1496952,1000,1046,4520,,,,,,,,,,,
5.554,pfifo,1496952,1000,1046,4529,,,,,,,,,,,
5.566,pfifo,1496952,1000,1046,4539,,,,,,,,,,,
5.578,pfifo,1496952,1000,1046,4549,,,,,,,,,,,
5.590,pfifo,1496952,1000,1047,4559,,,,,,,,,,,
5.601,pfifo,1496952,1000,1047,4568,,,,,,,,,,,
5.613,pfifo,1496952,1000,1047,4578,,,,,,,,,,,
5.625,pfifo,1496952,1000,1047,4588,,,,,,,,,,,
5.637,pfifo,1496854,999,1047,4598,,,,,,,,,,,
5.649,pfifo,1496854,999,1047,4609,,,,,,,,,,,
5.661,pfifo,1496854,999,1047,4619,,,,,,,,,,,
5.674,pfifo,1496854,999,1047,4629,,,,,,,,,,,
5.685,pfifo,1496854,999,1047,4639,,,,,,,,,,,
5.697,pfifo,1495438,999,1047,4649,,,,,,,,,,,
5.709,pfifo,1496952,1000,1047,4658,,,,,,,,,,,
5.721,pfifo,1496952,1000,1047,4668,,,,,,,,,,,
5.733,pfifo,1496952,1000,1047,4678,,,,,,,,,,,
5.745,pfifo,1496854,999,1047,4689,,,,,,,,,,,
5.757,pfifo,1496854,999,1047,4698,,,,,,,,,,,
5.769,pfifo,1496854,999,1047,4708,,,,,,,,,,,
5.780,pfifo,1496854,999,1047,4718,,,,,,,,,,,
5.792,pfifo,1496952,1000,1047,4728,,,,,,,,,,,
5.804,pfifo,1496952,1000,1047,4737,,,,,,,,,,,
5.816,pfifo,1496952,1000,1047,4747,,,,,,,,,,,
5.827,pfifo,1496952,1000,1047,4757,,,,,,,,,,,
5.839,pfifo,1496952,1000,1047,4766,,,,,,,,,,,
5.851,pfifo,1496854,999,1047,4777,,,,,,,,,,,
5.863,pfifo,1496854,999,1047,4787,,,,,,,,,,,
5.875,pfifo,1496854,999,1047,4798,,,,,,,,,,,
5.888,pfifo,1496854,999,1047,4808,,,,,,,,,,,
5.900,pfifo,1496952,1000,1047,4818,,,,,,,,,,,
5.913,pfifo,1496952,1000,1047,4828,,,,,,,,,,,
5.924,pfifo,1496952,1000,1047,4838,,,,,,,,,,,
5.936,pfifo,1495438,999,1048,4848,,,,,,,,,,,
5.948,pfifo,1496952,1000,1048,4857,,,,,,,,,,,
5.960,pfifo,1496854,999,1048,4868,,,,,,,,,,,
5.972,pfifo,1496854,999,1048,4878,,,,,,,,,,,
5.984,pfifo,1496854,999,1048,4888,,,,,,,,,,,
5.996,pfifo,1496854,999,1048,4898,,,,,,,,,,,
6.008,pfifo,1496952,1000,1048,4907,,,,,,,,,,,
6.019,pfifo,1496952,1000,1048,4917,,,,,,,,,,,
6.031,pfifo,1496952,1000,1048,4927,,,,,,,,,,,
6.043,pfifo,1496952,1000,1048,4936,,,,,,,,,,,
6.055,pfifo,1496854,999,1048,4947,,,,,,,,,,,
6.066,pfifo,1496854,999,1048,4957,,,,,,,,,,,
6.078,pfifo,1496854,999,1048,4966,,,,,,,,,,,
6.090,pfifo,1496854,999,1048,4976,,,,,,,,,,,
6.101,pfifo,1496952,1000,1048,4986,,,,,,,,,,,
6.113,pfifo,1496952,1000,1048,4995,,,,,,,,,,,
6.125,pfifo,1496952,1000,1048,5005,,,,,,,,,,,
6.136,pfifo,1496952,1000,1048,5015,,,,,,,,,,,
6.148,pfifo,1496952,1000,1048,5024,,,,,,,,,,,
6.160,pfifo,1496854,999,1048,5035,,,,,,,,,,,
6.172,pfifo,1496854,999,1048,5045,,,,,,,,,,,
6.184,pfifo,1496854,999,1048,5055,,,,,,,,,,,
6.196,pfifo,1496854,999,1048,5064,,,,,,,,,,,
6.207,pfifo,1481812,990,1048,5074,,,,,,,,,,,
6.219,pfifo,1468186,981,1048,5083,,,,,,,,,,,
6.231,pfifo,1453046,971,1048,5093,,,,,,,,,,,
6.242,pfifo,1437906,961,1048,5103,,,,,,,,,,,
6.254,pfifo,1422766,951,1048,5113,,,,,,,,,,,
6.266,pfifo,1409042,941,1048,5123,,,,,,,,,,,
6.278,pfifo,1393902,931,1048,5133,,,,,,,,,,,
6.289,pfifo,1380276,922,1048,5142,,,,,,,,,,,
6.301,pfifo,1365136,912,1048,5152,,,,,,,,,,,
6.313,pfifo,1350094,903,1048,5162,,,,,,,,,,,
6.324,pfifo,1336468,894,1048,5171,,,,,,,,,,,
6.336,pfifo,1321328,884,1048,5181,,,,,,,,,,,
6.348,pfifo,1306188,874,1048,5191,,,,,,,,,,,
6.359,pfifo,1298618,869,1048,5200,,,,,,,,,,,
6.371,pfifo,1292464,864,1048,5210,,,,,,,,,,,
6.382,pfifo,1283380,858,1048,5220,,,,,,,,,,,
6.394,pfifo,1275810,853,1048,5230,,,,,,,,,,,
6.406,pfifo,1268240,848,1048,5240,,,,,,,,,,,
6.418,pfifo,1260768,844,1048,5250,,,,,,,,,,,
6.429,pfifo,1254712,840,1048,5259,,,,,,,,,,,
6.441,pfifo,1247142,835,1048,5269,,,,,,,,,,,
6.453,pfifo,1239572,830,1048,5279,,,,,,,,,,,
6.465,pfifo,1231946,825,1048,5290,,,,,,,,,,,
6.477,pfifo,1224376,820,1048,5300,,,,,,,,,,,
6.489,pfifo,1216806,815,1048,5309,,,,,,,,,,,
6.501,pfifo,1209236,810,1048,5319,,,,,,,,,,,
6.513,pfifo,1201666,805,1048,5329,,,,,,,,,,,
6.524,pfifo,1195708,802,1048,5338,,,,,,,,,,,
6.536,pfifo,1188138,797,1048,5348,,,,,,,,,,,
6.548,pfifo,1180568,792,1048,5358,,,,,,,,,,,
6.560,pfifo,1172998,787,1048,5367,,,,,,,,,,,
6.571,pfifo,1165428,782,1048,5377,,,,,,,,,,,
6.583,pfifo,1157760,776,1048,5388,,,,,,,,,,,
6.595,pfifo,1151704,772,1048,5397,,,,,,,,,,,
6.607,pfifo,1144134,767,1048,5407,,,,,,,,,,,
6.619,pfifo,1136564,762,1048,5417,,,,,,,,,,,
6.631,pfifo,1129092,758,1048,5427,,,,,,,,,,,
6.643,pfifo,1121480,752,1048,5438,,,,,,,,,,,
6.654,pfifo,1113910,747,1048,5447,,,,,,,,,,,
6.666,pfifo,1106340,742,1048,5457,,,,,,,,,,,
6.678,pfifo,1098672,736,1048,5468,,,,,,,,,,,
6.690,pfifo,1091102,731,1048,5478,,,,,,,,,,,
6.702,pfifo,1083532,726,1048,5488,,,,,,,,,,,
6.714,pfifo,1075962,721,1048,5498,,,,,,,,,,,
6.726,pfifo,1069906,717,1048,5507,,,,,,,,,,,
6.738,pfifo,1062434,713,1048,5517,,,,,,,,,,,
6.750,pfifo,1054864,708,1048,5527,,,,,,,,,,,
6.762,pfifo,1047294,703,1048,5537,,,,,,,,,,,
6.774,pfifo,1039724,698,1048,5547,,,,,,,,,,,
6.786,pfifo,1032154,693,1048,5557,,,,,,,,,,,
6.798,pfifo,1024584,688,1048,5567,,,,,,,,,,,
6.810,pfifo,1017014,683,1048,5577,,,,,,,,,,,
6.822,pfifo,1009444,678,1048,5586,,,,,,,,,,,
6.833,pfifo,1001972,674,1048,5596,,,,,,,,,,,
6.845,pfifo,994402,669,1048,5606,,,,,,,,,,,
6.857,pfifo,988346,665,1048,5615,,,,,,,,,,,
6.869,pfifo,979262,659,1048,5626,,,,,,,,,,,
6.881,pfifo,971692,654,1048,5636,,,,,,,,,,,
6.893,pfifo,964024,648,1048,5647,,,,,,,,,,,
6.905,pfifo,957968,644,1048,5656,,,,,,,,,,,
6.917,pfifo,950398,639,1048,5666,,,,,,,,,,,
6.929,pfifo,942828,634,1048,5676,,,,,,,,,,,
6.941,pfifo,935356,630,1048,5686,,,,,,,,,,,
6.953,pfifo,927786,625,1048,5695,,,,,,,,,,,
6.964,pfifo,920216,620,1048,5705,,,,,,,,,,,
6.976,pfifo,912646,615,1048,5715,,,,,,,,,,,
6.988,pfifo,904978,609,1048,5726,,,,,,,,,,,
7.000,pfifo,898922,605,1048,5735,,,,,,,,,,,
7.011,pfifo,891352,600,1048,5745,,,,,,,,,,,
7.023,pfifo,883782,595,1048,5755,,,,,,,,,,,
7.035,pfifo,876212,590,1048,5764,,,,,,,,,,,
7.047,pfifo,868740,586,1048,5774,,,,,,,,,,,
7.059,pfifo,861170,581,1048,5784,,,,,,,,,,,
7.070,pfifo,853600,576,1048,5794,,,,,,,,,,,
7.082,pfifo,847544,572,1048,5803,,,,,,,,,,,
7.094,pfifo,839876,566,1048,5814,,,,,,,,,,,
7.106,pfifo,832306,561,1048,5824,,,,,,,,,,,
7.118,pfifo,824736,556,1048,5834,,,,,,,,,,,
7.129,pfifo,817166,551,1048,5843,,,,,,,,,,,
7.141,pfifo,809694,547,1048,5853,,,,,,,,,,,
7.153,pfifo,802124,542,1048,5863,,,,,,,,,,,
7.165,pfifo,796068,538,1048,5872,,,,,,,,,,,
7.177,pfifo,788498,533,1048,5882,,,,,,,,,,,
7.188,pfifo,780928,528,1048,5892,,,,,,,,,,,
7.200,pfifo,773260,522,1048,5902,,,,,,,,,,,
7.212,pfifo,765690,517,1048,5912,,,,,,,,,,,
7.224,pfifo,758120,512,1048,5922,,,,,,,,,,,
7.236,pfifo,750550,507,1048,5932,,,,,,,,,,,
7.247,pfifo,743078,503,1048,5942,,,,,,,,,,,
7.259,pfifo,737022,499,1048,5951,,,,,,,,,,,
7.271,pfifo,727938,493,1048,5961,,,,,,,,,,,
7.283,pfifo,727938,493,1048,5971,,,,,,,,,,,
7.295,pfifo,727938,493,1048,5981,,,,,,,,,,,
7.307,pfifo,727840,492,1048,5992,,,,,,,,,,,
7.319,pfifo,727840,492,1048,6001,,,,,,,,,,,
7.331,pfifo,727840,492,1048,6011,,,,,,,,,,,
7.342,pfifo,727840,492,1048,6021,,,,,,,,,,,
7.355,pfifo,727938,493,1048,6031,,,,,,,,,,,
7.366,pfifo,727938,493,1048,6041,,,,,,,,,,,
7.378,pfifo,727938,493,1048,6050,,,,,,,,,,,
7.390,pfifo,727938,493,1048,6060,,,,,,,,,,,
7.401,pfifo,727742,491,1048,6072,,,,,,,,,,,
7.413,pfifo,727742,491,1048,6082,,,,,,,,,,,
7.425,pfifo,727644,490,1048,6093,,,,,,,,,,,
7.438,pfifo,727644,490,1048,6103,,,,,,,,,,,
7.450,pfifo,727700,490,1048,6114,,,,,,,,,,,
7.462,pfifo,727700,490,1048,6123,,,,,,,,,,,
7.474,pfifo,727700,490,1048,6133,,,,,,,,,,,
7.485,pfifo,727602,489,1048,6144,,,,,,,,,,,
7.497,pfifo,727602,489,1048,6154,,,,,,,,,,,
7.509,pfifo,727602,489,1048,6163,,,,,,,,,,,
7.521,pfifo,727602,489,1048,6173,,,,,,,,,,,
7.533,pfifo,727504,488,1048,6184,,,,,,,,,,,
7.545,pfifo,727504,488,1048,6194,,,,,,,,,,,
7.557,pfifo,727602,489,1048,6203,,,,,,,,,,,
7.568,pfifo,727602,489,1048,6213,,,,,,,,,,,
7.580,pfifo,727602,489,1048,6223,,,,,,,,,,,
7.592,pfifo,727504,488,1048,6234,,,,,,,,,,,
7.604,pfifo,727504,488,1048,6243,,,,,,,,,,,
7.616,pfifo,727504,488,1048,6253,,,,,,,,,,,
7.627,pfifo,727504,488,1048,6263,,,,,,,,,,,
7.639,pfifo,727406,487,1048,6274,,,,,,,,,,,
7.651,pfifo,727504,488,1048,6283,,,,,,,,,,,
7.663,pfifo,727504,488,1048,6293,,,,,,,,,,,
7.675,pfifo,727504,488,1048,6303,,,,,,,,,,,
7.686,pfifo,727406,487,1048,6313,,,,,,,,,,,
7.698,pfifo,727406,487,1048,6323,,,,,,,,,,,
7.710,pfifo,727406,487,1048,6333,,,,,,,,,,,
7.722,pfifo,727406,487,1048,6343,,,,,,,,,,,
7.734,pfifo,727406,487,1048,6353,,,,,,,,,,,
7.746,pfifo,727308,486,1048,6363,,,,,,,,,,,
7.758,pfifo,727406,487,1048,6373,,,,,,,,,,,
7.769,pfifo,727406,487,1048,6383,,,,,,,,,,,
7.781,pfifo,727406,487,1048,6393,,,,,,,,,,,
7.793,pfifo,727308,486,1048,6403,,,,,,,,,,,
7.805,pfifo,727308,486,1048,6413,,,,,,,,,,,
7.817,pfifo,727308,486,1048,6423,,,,,,,,,,,
7.828,pfifo,727308,486,1048,6433,,,,,,,,,,,
7.840,pfifo,727308,486,1048,6442,,,,,,,,,,,
7.852,pfifo,727308,486,1048,6453,,,,,,,,,,,
7.864,pfifo,727308,486,1048,6463,,,,,,,,,,,
7.876,pfifo,727308,486,1048,6474,,,,,,,,,,,
7.889,pfifo,727308,486,1048,6484,,,,,,,,,,,
7.902,pfifo,727308,486,1048,6494,,,,,,,,,,,
7.914,pfifo,727308,486,1048,6504,,,,,,,,,,,
7.926,pfifo,727308,486,1048,6514,,,,,,,,,,,
7.938,pfifo,727210,485,1048,6525,,,,,,,,,,,
7.950,pfifo,727210,485,1048,6534,,,,,,,,,,,
7.961,pfifo,727308,486,1048,6544,,,,,,,,,,,
7.973,pfifo,727308,486,1048,6554,,,,,,,,,,,
7.985,pfifo,727308,486,1048,6564,,,,,,,,,,,
7.997,pfifo,727308,486,1048,6573,,,,,,,,,,,
8.009,pfifo,727308,486,1048,6583,,,,,,,,,,,
8.020,pfifo,727308,486,1048,6593,,,,,,,,,,,
8.032,pfifo,728724,486,1048,6603,,,,,,,,,,,
8.044,pfifo,727210,485,1048,6614,,,,,,,,,,,
8.056,pfifo,727308,486,1048,6624,,,,,,,,,,,
8.069,pfifo,728822,487,1048,6634,,,,,,,,,,,
8.081,pfifo,728822,487,1048,6644,,,,,,,,,,,
8.093,pfifo,728822,487,1048,6654,,,,,,,,,,,
8.105,pfifo,728822,487,1048,6664,,,,,,,,,,,
8.117,pfifo,728822,487,1048,6674,,,,,,,,,,,
8.129,pfifo,728822,487,1048,6683,,,,,,,,,,,
8.141,pfifo,728724,486,1048,6694,,,,,,,,,,,
8.152,pfifo,728724,486,1048,6704,,,,,,,,,,,
8.164,pfifo,728822,487,1048,6714,,,,,,,,,,,
8.177,pfifo,728822,487,1048,6724,,,,,,,,,,,
8.189,pfifo,727308,486,1048,6734,,,,,,,,,,,
8.200,pfifo,728822,487,1048,6743,,,,,,,,,,,
8.212,pfifo,728822,487,1048,6753,,,,,,,,,,,
8.224,pfifo,728822,487,1048,6763,,,,,,,,,,,
8.235,pfifo,728724,486,1048,6773,,,,,,,,,,,
8.247,pfifo,728724,486,1048,6783,,,,,,,,,,,
8.259,pfifo,728822,487,1048,6793,,,,,,,,,,,
8.271,pfifo,728822,487,1048,6803,,,,,,,,,,,
8.283,pfifo,728822,487,1048,6812,,,,,,,,,,,
8.295,pfifo,728822,487,1048,6822,,,,,,,,,,,
8.307,pfifo,728822,487,1048,6832,,,,,,,,,,,
8.318,pfifo,728822,487,1048,6842,,,,,,,,,,,
8.330,pfifo,728822,487,1048,6851,,,,,,,,,,,
8.342,pfifo,728724,486,1048,6862,,,,,,,,,,,
8.354,pfifo,728822,487,1048,6872,,,,,,,,,,,
8.366,pfifo,728822,487,1048,6882,,,,,,,,,,,
8.378,pfifo,728822,487,1048,6892,,,,,,,,,,,
8.390,pfifo,727308,486,1048,6902,,,,,,,,,,,
8.401,pfifo,728822,487,1048,6911,,,,,,,,,,,
8.413,pfifo,728822,487,1048,6921,,,,,,,,,,,
8.425,pfifo,728822,487,1048,6930,,,,,,,,,,,
8.436,pfifo,728724,486,1048,6941,,,,,,,,,,,
8.448,pfifo,728724,486,1048,6951,,,,,,,,,,,
8.460,pfifo,728822,487,1048,6961,,,,,,,,,,,
8.472,pfifo,728822,487,1048,6970,,,,,,,,,,,
8.484,pfifo,728822,487,1048,6980,,,,,,,,,,,
8.496,pfifo,728822,487,1048,6990,,,,,,,,,,,
8.507,pfifo,728822,487,1048,7000,,,,,,,,,,,
8.519,pfifo,728822,487,1048,7010,,,,,,,,,,,
8.532,pfifo,728822,487,1048,7020,,,,,,,,,,,
8.544,pfifo,728724,486,1048,7030,,,,,,,,,,,
8.555,pfifo,728822,487,1048,7040,,,,,,,,,,,
8.567,pfifo,728822,487,1048,7050,,,,,,,,,,,
8.579,pfifo,728822,487,1048,7060,,,,,,,,,,,
8.591,pfifo,728822,487,1048,7069,,,,,,,,,,,
8.602,pfifo,728822,487,1048,7079,,,,,,,,,,,
8.614,pfifo,728822,487,1048,7089,,,,,,,,,,,
8.626,pfifo,728822,487,1048,7098,,,,,,,,,,,
8.638,pfifo,728724,486,1048,7109,,,,,,,,,,,
8.649,pfifo,728724,486,1048,7119,,,,,,,,,,,
8.661,pfifo,728822,487,1048,7129,,,,,,,,,,,
8.673,pfifo,728822,487,1048,7139,,,,,,,,,,,
8.685,pfifo,730336,488,1048,7148,,,,,,,,,,,
8.697,pfifo,730336,488,1048,7158,,,,,,,,,,,
8.709,pfifo,730336,488,1048,7168,,,,,,,,,,,
8.721,pfifo,730336,488,1048,7177,,,,,,,,,,,
8.732,pfifo,730336,488,1048,7187,,,,,,,,,,,
8.744,pfifo,730238,487,1048,7198,,,,,,,,,,,
8.756,pfifo,730336,488,1048,7208,,,,,,,,,,,
8.768,pfifo,730336,488,1048,7218,,,,,,,,,,,
8.780,pfifo,730336,488,1048,7227,,,,,,,,,,,
8.792,pfifo,730336,488,1048,7237,,,,,,,,,,,
8.803,pfifo,730336,488,1048,7247,,,,,,,,,,,
8.815,pfifo,728822,487,1048,7257,,,,,,,,,,,
8.827,pfifo,730336,488,1048,7266,,,,,,,,,,,
8.839,pfifo,730238,487,1048,7277,,,,,,,,,,,
8.851,pfifo,730238,487,1048,7287,,,,,,,,,,,
8.863,pfifo,730336,488,1048,7297,,,,,,,,,,,
8.875,pfifo,730336,488,1048,7308,,,,,,,,,,,
8.888,pfifo,730336,488,1048,7318,,,,,,,,,,,
8.900,pfifo,730336,488,1048,7328,,,,,,,,,,,
8.912,pfifo,730336,488,1048,7338,,,,,,,,,,,
8.924,pfifo,730336,488,1048,7348,,,,,,,,,,,
8.936,pfifo,730336,488,1048,7357,,,,,,,,,,,
8.948,pfifo,730238,487,1048,7368,,,,,,,,,,,
8.960,pfifo,730336,488,1048,7378,,,,,,,,,,,
8.972,pfifo,730336,488,1048,7388,,,,,,,,,,,
8.984,pfifo,730336,488,1048,7397,,,,,,,,,,,
8.995,pfifo,730336,488,1048,7407,,,,,,,,,,,
9.007,pfifo,730336,488,1048,7417,,,,,,,,,,,
9.019,pfifo,730336,488,1048,7426,,,,,,,,,,,
9.030,pfifo,730336,488,1048,7436,,,,,,,,,,,
9.042,pfifo,730238,487,1048,7447,,,,,,,,,,,
9.054,pfifo,730238,487,1048,7456,,,,,,,,,,,
9.066,pfifo,730336,488,1048,7466,,,,,,,,,,,
9.077,pfifo,730336,488,1048,7476,,,,,,,,,,,
9.089,pfifo,730336,488,1048,7486,,,,,,,,,,,
9.101,pfifo,730336,488,1048,7495,,,,,,,,,,,
9.113,pfifo,730336,488,1048,7505,,,,,,,,,,,
9.125,pfifo,730336,488,1048,7515,,,,,,,,,,,
9.137,pfifo,730238,487,1048,7526,,,,,,,,,,,
9.148,pfifo,730238,487,1048,7535,,,,,,,,,,,
9.160,pfifo,730336,488,1048,7545,,,,,,,,,,,
9.172,pfifo,730336,488,1048,7555,,,,,,,,,,,
9.184,pfifo,730336,488,1048,7565,,,,,,,,,,,
9.196,pfifo,730336,488,1048,7575,,,,,,,,,,,
9.208,pfifo,730336,488,1048,7584,,,,,,,,,,,
9.220,pfifo,730336,488,1048,7594,,,,,,,,,,,
9.231,pfifo,730336,488,1048,7604,,,,,,,,,,,
9.243,pfifo,730238,487,1048,7615,,,,,,,,,,,
9.255,pfifo,730238,487,1048,7624,,,,,,,,,,,
9.267,pfifo,730336,488,1048,7634,,,,,,,,,,,
9.278,pfifo,730336,488,1048,7644,,,,,,,,,,,
9.290,pfifo,730336,488,1048,7654,,,,,,,,,,,
9.302,pfifo,730336,488,1048,7664,,,,,,,,,,,
9.314,pfifo,731850,489,1048,7673,,,,,,,,,,,
9.326,pfifo,731850,489,1048,7683,,,,,,,,,,,
9.338,pfifo,731850,489,1048,7693,,,,,,,,,,,
9.350,pfifo,731752,488,1048,7704,,,,,,,,,,,
9.362,pfifo,731850,489,1048,7714,,,,,,,,,,,
9.374,pfifo,731850,489,1048,7724,,,,,,,,,,,
9.386,pfifo,731850,489,1048,7733,,,,,,,,,,,
9.398,pfifo,731850,489,1048,7743,,,,,,,,,,,
9.409,pfifo,731850,489,1048,7753,,,,,,,,,,,
9.421,pfifo,731850,489,1048,7763,,,,,,,,,,,
9.433,pfifo,731850,489,1048,7773,,,,,,,,,,,
9.445,pfifo,731752,488,1048,7783,,,,,,,,,,,
9.457,pfifo,731752,488,1048,7793,,,,,,,,,,,
9.469,pfifo,731850,489,1048,7803,,,,,,,,,,,
9.481,pfifo,731850,489,1048,7813,,,,,,,,,,,
9.493,pfifo,730336,488,1048,7823,,,,,,,,,,,
9.504,pfifo,731850,489,1048,7832,,,,,,,,,,,
9.516,pfifo,731850,489,1048,7842,,,,,,,,,,,
9.528,pfifo,728822,487,1048,7852,,,,,,,,,,,
9.540,pfifo,730336,488,1048,7861,,,,,,,,,,,
9.551,pfifo,730238,487,1048,7872,,,,,,,,,,,
9.563,pfifo,731850,489,1048,7881,,,,,,,,,,,
9.574,pfifo,731850,489,1048,7891,,,,,,,,,,,
9.586,pfifo,731850,489,1048,7901,,,,,,,,,,,
9.598,pfifo,730336,488,1048,7910,,,,,,,,,,,
9.610,pfifo,730336,488,1048,7920,,,,,,,,,,,
9.621,pfifo,731850,489,1048,7929,,,,,,,,,,,
9.633,pfifo,731850,489,1048,7939,,,,,,,,,,,
9.645,pfifo,731752,488,1048,7950,,,,,,,,,,,
9.656,pfifo,731752,488,1048,7960,,,,,,,,,,,
9.668,pfifo,730336,488,1048,7969,,,,,,,,,,,
9.680,pfifo,730336,488,1048,7979,,,,,,,,,,,
9.692,pfifo,730336,488,1048,7989,,,,,,,,,,,
9.703,pfifo,731850,489,1048,7998,,,,,,,,,,,
9.715,pfifo,731850,489,1048,8008,,,,,,,,,,,
9.727,pfifo,731850,489,1048,8018,,,,,,,,,,,
9.740,pfifo,730336,488,1048,8029,,,,,,,,,,,
9.752,pfifo,731752,488,1048,8039,,,,,,,,,,,
9.763,pfifo,731850,489,1048,8049,,,,,,,,,,,
9.775,pfifo,730336,488,1048,8058,,,,,,,,,,,
9.787,pfifo,730336,488,1048,8068,,,,,,,,,,,
9.799,pfifo,730336,488,1048,8078,,,,,,,,,,,
9.810,pfifo,731850,489,1048,8087,,,,,,,,,,,
9.822,pfifo,731850,489,1048,8097,,,,,,,,,,,
9.833,pfifo,730336,488,1048,8106,,,,,,,,,,,
9.845,pfifo,730238,487,1048,8117,,,,,,,,,,,
9.857,pfifo,730238,487,1048,8127,,,,,,,,,,,
9.869,pfifo,730336,488,1048,8137,,,,,,,,,,,
9.881,pfifo,730336,488,1048,8147,,,,,,,,,,,
9.893,pfifo,730336,488,1048,8157,,,,,,,,,,,
9.905,pfifo,730336,488,1048,8167,,,,,,,,,,,
9.917,pfifo,731850,489,1048,8176,,,,,,,,,,,
9.928,pfifo,731850,489,1048,8186,,,,,,,,,,,
9.940,pfifo,733364,490,1048,8196,,,,,,,,,,,
9.952,pfifo,731752,488,1048,8206,,,,,,,,,,,
9.964,pfifo,731850,489,1048,8216,,,,,,,,,,,
9.975,pfifo,733364,490,1048,8227,,,,,,,,,,,
9.988,pfifo,733364,490,1048,8237,,,,,,,,,,,
10.000,pfifo,733364,490,1048,8247,,,,,,,,,,,
10.013,pfifo,731850,489,1048,8256,,,,,,,,,,,
10.024,pfifo,731850,489,1048,8266,,,,,,,,,,,
10.036,pfifo,731850,489,1048,8276,,,,,,,,,,,
10.048,pfifo,733266,489,1048,8286,,,,,,,,,,,
10.059,pfifo,733266,489,1048,8296,,,,,,,,,,,
10.071,pfifo,733364,490,1048,8306,,,,,,,,,,,
10.083,pfifo,733364,490,1048,8316,,,,,,,,,,,
10.095,pfifo,731850,489,1048,8325,,,,,,,,,,,
10.107,pfifo,731850,489,1048,8335,,,,,,,,,,,
10.119,pfifo,731850,489,1048,8345,,,,,,,,,,,
10.130,pfifo,731850,489,1048,8355,,,,,,,,,,,
10.142,pfifo,733364,490,1048,8364,,,,,,,,,,,
10.154,pfifo,733266,489,1048,8375,,,,,,,,,,,
10.166,pfifo,733364,490,1048,8385,,,,,,,,,,,
10.177,pfifo,731850,489,1048,8394,,,,,,,,,,,
10.189,pfifo,731850,489,1048,8404,,,,,,,,,,,
10.201,pfifo,731850,489,1048,8414,,,,,,,,,,,
10.213,pfifo,733364,490,1048,8423,,,,,,,,,,,
10.224,pfifo,733364,490,1048,8433,,,,,,,,,,,
10.236,pfifo,731850,489,1048,8442,,,,,,,,,,,
10.247,pfifo,731752,488,1048,8453,,,,,,,,,,,
10.259,pfifo,733266,489,1048,8462,,,,,,,,,,,
10.271,pfifo,733364,490,1048,8472,,,,,,,,,,,
10.282,pfifo,733364,490,1048,8482,,,,,,,,,,,
10.294,pfifo,731850,489,1048,8491,,,,,,,,,,,
10.306,pfifo,731850,489,1048,8501,,,,,,,,,,,
10.317,pfifo,731850,489,1048,8511,,,,,,,,,,,
10.329,pfifo,733364,490,1048,8520,,,,,,,,,,,
10.341,pfifo,733364,490,1048,8530,,,,,,,,,,,
10.352,pfifo,733266,489,1048,8541,,,,,,,,,,,
10.364,pfifo,731752,488,1048,8550,,,,,,,,,,,
10.376,pfifo,731850,489,1048,8560,,,,,,,,,,,
10.388,pfifo,731850,489,1048,8570,,,,,,,,,,,
10.399,pfifo,733364,490,1048,8579,,,,,,,,,,,
10.411,pfifo,733364,490,1048,8589,,,,,,,,,,,
10.423,pfifo,733364,490,1048,8599,,,,,,,,,,,
10.434,pfifo,731850,489,1048,8608,,,,,,,,,,,
10.446,pfifo,731850,489,1048,8618,,,,,,,,,,,
10.458,pfifo,731752,488,1048,8629,,,,,,,,,,,
10.469,pfifo,733364,490,1048,8638,,,,,,,,,,,
10.481,pfifo,733364,490,1048,8648,,,,,,,,,,,
10.493,pfifo,733364,490,1048,8658,,,,,,,,,,,
10.505,pfifo,731850,489,1048,8667,,,,,,,,,,,
10.517,pfifo,733364,490,1048,8678,,,,,,,,,,,
10.529,pfifo,730336,488,1048,8688,,,,,,,,,,,
10.541,pfifo,731850,489,1048,8697,,,,,,,,,,,
10.553,pfifo,731752,488,1048,8708,,,,,,,,,,,
10.564,pfifo,733266,489,1048,8717,,,,,,,,,,,
10.576,pfifo,733364,490,1048,8727,,,,,,,,,,,
10.588,pfifo,733364,490,1048,8737,,,,,,,,,,,
10.599,pfifo,734878,491,1048,8746,,,,,,,,,,,
10.611,pfifo,734878,491,1048,8756,,,,,,,,,,,
10.622,pfifo,733364,490,1048,8765,,,,,,,,,,,
10.634,pfifo,733364,490,1048,8775,,,,,,,,,,,
10.646,pfifo,733364,490,1048,8785,,,,,,,,,,,
10.657,pfifo,734780,490,1048,8795,,,,,,,,,,,
10.669,pfifo,734878,491,1048,8805,,,,,,,,,,,
10.681,pfifo,734878,491,1048,8815,,,,,,,,,,,
10.693,pfifo,733364,490,1048,8824,,,,,,,,,,,
10.704,pfifo,733364,490,1048,8834,,,,,,,,,,,
10.716,pfifo,733364,490,1048,8844,,,,,,,,,,,
10.728,pfifo,734878,491,1048,8853,,,,,,,,,,,
10.740,pfifo,734878,491,1048,8863,,,,,,,,,,,
10.752,pfifo,734780,490,1048,8874,,,,,,,,,,,
10.763,pfifo,733266,489,1048,8883,,,,,,,,,,,
10.775,pfifo,733364,490,1048,8893,,,,,,,,,,,
10.786,pfifo,733364,490,1048,8903,,,,,,,,,,,
10.798,pfifo,734878,491,1048,8912,,,,,,,,,,,
10.809,pfifo,734878,491,1048,8922,,,,,,,,,,,
10.821,pfifo,733364,490,1048,8931,,,,,,,,,,,
10.833,pfifo,733364,490,1048,8941,,,,,,,,,,,
10.844,pfifo,733364,490,1048,8951,,,,,,,,,,,
10.856,pfifo,734780,490,1048,8961,,,,,,,,,,,
10.868,pfifo,733364,490,1048,8972,,,,,,,,,,,
10.881,pfifo,733364,490,1048,8982,,,,,,,,,,,
10.893,pfifo,733364,490,1048,8992,,,,,,,,,,,
10.905,pfifo,734878,491,1048,9001,,,,,,,,,,,
10.916,pfifo,734878,491,1048,9011,,,,,,,,,,,
10.928,pfifo,733364,490,1048,9020,,,,,,,,,,,
10.939,pfifo,733364,490,1048,9030,,,,,,,,,,,
10.951,pfifo,733266,489,1048,9041,,,,,,,,,,,
10.963,pfifo,734780,490,1048,9050,,,,,,,,,,,
10.974,pfifo,734878,491,1048,9060,,,,,,,,,,,
10.986,pfifo,736392,492,1048,9069,,,,,,,,,,,
10.998,pfifo,733364,490,1048,9079,,,,,,,,,,,
11.010,pfifo,733364,490,1048,9089,,,,,,,,,,,
11.021,pfifo,734878,491,1048,9098,,,,,,,,,,,
11.033,pfifo,734878,491,1048,9108,,,,,,,,,,,
11.045,pfifo,734878,491,1048,9118,,,,,,,,,,,
11.056,pfifo,733266,489,1048,9128,,,,,,,,,,,
11.068,pfifo,733266,489,1048,9138,,,,,,,,,,,
11.080,pfifo,733364,490,1048,9148,,,,,,,,,,,
11.092,pfifo,733364,490,1048,9158,,,,,,,,,,,
11.103,pfifo,734878,491,1048,9167,,,,,,,,,,,
11.115,pfifo,734878,491,1048,9177,,,,,,,,,,,
11.127,pfifo,734878,491,1048,9187,,,,,,,,,,,
11.139,pfifo,733364,490,1048,9196,,,,,,,,,,,
11.150,pfifo,733364,490,1048,9206,,,,,,,,,,,
11.162,pfifo,733266,489,1048,9217,,,,,,,,,,,
11.174,pfifo,733364,490,1048,9227,,,,,,,,,,,
11.186,pfifo,736392,492,1048,9236,,,,,,,,,,,
11.198,pfifo,736392,492,1048,9246,,,,,,,,,,,
11.210,pfifo,736392,492,1048,9256,,,,,,,,,,,
11.221,pfifo,736392,492,1048,9266,,,,,,,,,,,
11.233,pfifo,734878,491,1048,9275,,,,,,,,,,,
11.245,pfifo,734878,491,1048,9285,,,,,,,,,,,
11.257,pfifo,734780,490,1048,9296,,,,,,,,,,,
11.269,pfifo,734780,490,1048,9306,,,,,,,,,,,
11.281,pfifo,734878,491,1048,9316,,,,,,,,,,,
11.293,pfifo,734878,491,1048,9326,,,,,,,,,,,
11.305,pfifo,734878,491,1048,9336,,,,,,,,,,,
11.317,pfifo,734878,491,1048,9346,,,,,,,,,,,
11.329,pfifo,734878,491,1048,9356,,,,,,,,,,,
11.341,pfifo,734878,491,1048,9366,,,,,,,,,,,
11.353,pfifo,736392,492,1048,9375,,,,,,,,,,,
11.365,pfifo,736294,491,1048,9386,,,,,,,,,,,
11.377,pfifo,736392,492,1048,9396,,,,,,,,,,,
11.389,pfifo,736392,492,1048,9406,,,,,,,,,,,
11.400,pfifo,734878,491,1048,9415,,,,,,,,,,,
11.412,pfifo,734878,491,1048,9425,,,,,,,,,,,
11.424,pfifo,734878,491,1048,9435,,,,,,,,,,,
11.436,pfifo,734878,491,1048,9445,,,,,,,,,,,
11.448,pfifo,734878,491,1048,9455,,,,,,,,,,,
11.460,pfifo,734780,490,1048,9466,,,,,,,,,,,
11.472,pfifo,736294,491,1048,9475,,,,,,,,,,,
11.484,pfifo,736392,492,1048,9485,,,,,,,,,,,
11.496,pfifo,736392,492,1048,9495,,,,,,,,,,,
11.507,pfifo,734878,491,1048,9504,,,,,,,,,,,
11.519,pfifo,734878,491,1048,9514,,,,,,,,,,,
11.531,pfifo,734878,491,1048,9524,,,,,,,,,,,
11.543,pfifo,734878,491,1048,9534,,,,,,,,,,,
11.554,pfifo,736392,492,1048,9543,,,,,,,,,,,
11.566,pfifo,736294,491,1048,9554,,,,,,,,,,,
11.578,pfifo,736392,492,1048,9564,,,,,,,,,,,
11.590,pfifo,736392,492,1048,9574,,,,,,,,,,,
11.602,pfifo,734878,491,1048,9583,,,,,,,,,,,
11.614,pfifo,734878,491,1048,9593,,,,,,,,,,,
11.625,pfifo,734878,491,1048,9603,,,,,,,,,,,
11.637,pfifo,734878,491,1048,9613,,,,,,,,,,,
11.649,pfifo,734878,491,1048,9623,,,,,,,,,,,
11.661,pfifo,736294,491,1048,9633,,,,,,,,,,,
11.673,pfifo,736294,491,1048,9643,,,,,,,,,,,
11.685,pfifo,736392,492,1048,9653,,,,,,,,,,,
11.696,pfifo,734878,491,1048,9662,,,,,,,,,,,
11.708,pfifo,734878,491,1048,9672,,,,,,,,,,,
11.720,pfifo,734878,491,1048,9682,,,,,,,,,,,
11.732,pfifo,734878,491,1048,9692,,,,,,,,,,,
11.744,pfifo,734878,491,1048,9702,,,,,,,,,,,
11.756,pfifo,736392,492,1048,9711,,,,,,,,,,,
11.767,pfifo,736294,491,1048,9722,,,,,,,,,,,
11.779,pfifo,736392,492,1048,9732,,,,,,,,,,,
11.791,pfifo,736392,492,1048,9742,,,,,,,,,,,
11.803,pfifo,734878,491,1048,9751,,,,,,,,,,,
11.815,pfifo,734878,491,1048,9761,,,,,,,,,,,
11.826,pfifo,737906,493,1048,9771,,,,,,,,,,,
11.838,pfifo,734878,491,1048,9781,,,,,,,,,,,
11.850,pfifo,736392,492,1048,9790,,,,,,,,,,,
11.862,pfifo,736294,491,1048,9801,,,,,,,,,,,
11.874,pfifo,736294,491,1048,9811,,,,,,,,,,,
11.886,pfifo,736392,492,1048,9821,,,,,,,,,,,
11.898,pfifo,736392,492,1048,9831,,,,,,,,,,,
11.910,pfifo,736392,492,1048,9841,,,,,,,,,,,
11.922,pfifo,736392,492,1048,9851,,,,,,,,,,,
11.934,pfifo,737906,493,1048,9860,,,,,,,,,,,
11.946,pfifo,737906,493,1048,9870,,,,,,,,,,,
11.958,pfifo,737906,493,1048,9880,,,,,,,,,,,
11.970,pfifo,737808,492,1048,9891,,,,,,,,,,,
11.981,pfifo,737906,493,1048,9901,,,,,,,,,,,
11.993,pfifo,736392,492,1048,9910,,,,,,,,,,,
12.005,pfifo,736392,492,1048,9920,,,,,,,,,,,
12.017,pfifo,736392,492,1048,9930,,,,,,,,,,,
12.029,pfifo,737906,493,1048,9939,,,,,,,,,,,
12.040,pfifo,737906,493,1048,9949,,,,,,,,,,,
12.052,pfifo,737906,493,1048,9959,,,,,,,,,,,
12.064,pfifo,737808,492,1048,9970,,,,,,,,,,,
12.076,pfifo,737808,492,1048,9980,,,,,,,,,,,
12.088,pfifo,736392,492,1048,9989,,,,,,,,,,,
12.100,pfifo,736392,492,1048,9999,,,,,,,,,,,
12.112,pfifo,736392,492,1048,10009,,,,,,,,,,,
12.124,pfifo,736392,492,1048,10019,,,,,,,,,,,
12.136,pfifo,736392,492,1048,10029,,,,,,,,,,,
12.148,pfifo,736392,492,1048,10039,,,,,,,,,,,
12.160,pfifo,736392,492,1048,10049,,,,,,,,,,,
12.171,pfifo,737808,492,1048,10059,,,,,,,,,,,
12.183,pfifo,737906,493,1048,10069,,,,,,,,,,,
12.195,pfifo,737906,493,1048,10079,,,,,,,,,,,
12.207,pfifo,737906,493,1048,10089,,,,,,,,,,,
12.219,pfifo,737906,493,1048,10099,,,,,,,,,,,
12.231,pfifo,736392,492,1048,10108,,,,,,,,,,,
12.242,pfifo,736392,492,1048,10118,,,,,,,,,,,
12.254,pfifo,736392,492,1048,10128,,,,,,,,,,,
12.266,pfifo,737808,492,1048,10138,,,,,,,,,,,
12.278,pfifo,737808,492,1048,10148,,,,,,,,,,,
12.289,pfifo,736392,492,1048,10157,,,,,,,,,,,
12.301,pfifo,736392,492,1048,10167,,,,,,,,,,,
12.313,pfifo,736392,492,1048,10177,,,,,,,,,,,
12.324,pfifo,736392,492,1048,10187,,,,,,,,,,,
12.336,pfifo,737906,493,1048,10196,,,,,,,,,,,
12.348,pfifo,737906,493,1048,10206,,,,,,,,,,,
12.360,pfifo,737906,493,1048,10216,,,,,,,,,,,
12.372,pfifo,737808,492,1048,10227,,,,,,,,,,,
12.384,pfifo,737906,493,1048,10237,,,,,,,,,,,
12.396,pfifo,736392,492,1048,10248,,,,,,,,,,,
12.409,pfifo,736392,492,1048,10258,,,,,,,,,,,
12.421,pfifo,737906,493,1048,10267,,,,,,,,,,,
12.433,pfifo,737906,493,1048,10277,,,,,,,,,,,
12.444,pfifo,736392,492,1048,10286,,,,,,,,,,,
12.456,pfifo,737906,493,1048,10296,,,,,,,,,,,
12.468,pfifo,737808,492,1048,10307,,,,,,,,,,,
12.480,pfifo,737906,493,1048,10317,,,,,,,,,,,
12.492,pfifo,737906,493,1048,10327,,,,,,,,,,,
12.504,pfifo,737906,493,1048,10337,,,,,,,,,,,
12.516,pfifo,737906,493,1048,10347,,,,,,,,,,,
12.528,pfifo,737906,493,1048,10357,,,,,,,,,,,
12.540,pfifo,739420,494,1048,10366,,,,,,,,,,,
12.552,pfifo,739420,494,1048,10376,,,,,,,,,,,
12.564,pfifo,739420,494,1048,10386,,,,,,,,,,,
12.575,pfifo,737808,492,1048,10396,,,,,,,,,,,
12.587,pfifo,737906,493,1048,10406,,,,,,,,,,,
12.599,pfifo,737906,493,1048,10416,,,,,,,,,,,
12.610,pfifo,739420,494,1048,10425,,,,,,,,,,,
12.622,pfifo,739420,494,1048,10435,,,,,,,,,,,
12.634,pfifo,739420,494,1048,10445,,,,,,,,,,,
12.646,pfifo,739420,494,1048,10455,,,,,,,,,,,
12.657,pfifo,737906,493,1048,10464,,,,,,,,,,,
12.669,pfifo,737808,492,1048,10475,,,,,,,,,,,
12.681,pfifo,737906,493,1048,10485,,,,,,,,,,,
12.693,pfifo,739420,494,1048,10494,,,,,,,,,,,
12.705,pfifo,739420,494,1048,10504,,,,,,,,,,,
12.716,pfifo,739420,494,1048,10514,,,,,,,,,,,
12.728,pfifo,739420,494,1048,10524,,,,,,,,,,,
12.740,pfifo,739420,494,1048,10534,,,,,,,,,,,
12.752,pfifo,739420,494,1048,10544,,,,,,,,,,,
12.764,pfifo,736392,492,1048,10554,,,,,,,,,,,
12.776,pfifo,737808,492,1048,10564,,,,,,,,,,,
12.788,pfifo,737906,493,1048,10574,,,,,,,,,,,
12.800,pfifo,737906,493,1048,10584,,,,,,,,,,,
12.812,pfifo,737906,493,1048,10594,,,,,,,,,,,
12.824,pfifo,739420,494,1048,10603,,,,,,,,,,,
12.835,pfifo,739420,494,1048,10613,,,,,,,,,,,
12.847,pfifo,739420,494,1048,10623,,,,,,,,,,,
12.859,pfifo,739420,494,1048,10633,,,,,,,,,,,
12.871,pfifo,739322,493,1048,10644,,,,,,,,,,,
12.884,pfifo,739420,494,1048,10654,,,,,,,,,,,
12.896,pfifo,739420,494,1048,10664,,,,,,,,,,,
12.907,pfifo,739420,494,1048,10674,,,,,,,,,,,
12.919,pfifo,737906,493,1048,10683,,,,,,,,,,,
12.931,pfifo,737906,493,1048,10693,,,,,,,,,,,
12.943,pfifo,739420,494,1048,10702,,,,,,,,,,,
12.954,pfifo,739420,494,1048,10712,,,,,,,,,,,
12.966,pfifo,739420,494,1048,10722,,,,,,,,,,,
12.978,pfifo,737808,492,1048,10732,,,,,,,,,,,
12.989,pfifo,737906,493,1048,10742,,,,,,,,,,,
13.001,pfifo,737906,493,1048,10752,,,,,,,,,,,
13.013,pfifo,739420,494,1048,10761,,,,,,,,,,,
13.024,pfifo,739420,494,1048,10771,,,,,,,,,,,
13.036,pfifo,737906,493,1048,10780,,,,,,,,,,,
13.048,pfifo,737906,493,1048,10790,,,,,,,,,,,
13.059,pfifo,737906,493,1048,10800,,,,,,,,,,,
13.071,pfifo,737808,492,1048,10811,,,,,,,,,,,
13.083,pfifo,739322,493,1048,10820,,,,,,,,,,,
13.094,pfifo,739420,494,1048,10830,,,,,,,,,,,
13.106,pfifo,739420,494,1048,10840,,,,,,,,,,,
13.118,pfifo,740934,495,1048,10849,,,,,,,,,,,
13.130,pfifo,740934,495,1048,10859,,,,,,,,,,,
13.141,pfifo,740934,495,1048,10869,,,,,,,,,,,
13.153,pfifo,739420,494,1048,10878,,,,,,,,,,,
13.165,pfifo,739420,494,1048,10888,,,,,,,,,,,
13.177,pfifo,739322,493,1048,10899,,,,,,,,,,,
13.189,pfifo,739420,494,1048,10909,,,,,,,,,,,
13.201,pfifo,739420,494,1048,10919,,,,,,,,,,,
13.213,pfifo,739420,494,1048,10929,,,,,,,,,,,
13.225,pfifo,740934,495,1048,10938,,,,,,,,,,,
13.237,pfifo,740934,495,1048,10948,,,,,,,,,,,
13.248,pfifo,740934,495,1048,10958,,,,,,,,,,,
13.260,pfifo,740934,495,1048,10968,,,,,,,,,,,
13.272,pfifo,739322,493,1048,10978,,,,,,,,,,,
13.284,pfifo,739322,493,1048,10988,,,,,,,,,,,
13.296,pfifo,739420,494,1048,10998,,,,,,,,,,,
13.308,pfifo,739420,494,1048,11008,,,,,,,,,,,
13.320,pfifo,739420,494,1048,11018,,,,,,,,,,,
13.332,pfifo,739420,494,1048,11028,,,,,,,,,,,
13.344,pfifo,739420,494,1048,11038,,,,,,,,,,,
13.356,pfifo,739420,494,1048,11048,,,,,,,,,,,
13.368,pfifo,739420,494,1048,11058,,,,,,,,,,,
13.380,pfifo,740836,494,1048,11068,,,,,,,,,,,
13.392,pfifo,740934,495,1048,11078,,,,,,,,,,,
13.404,pfifo,740934,495,1048,11088,,,,,,,,,,,
13.415,pfifo,739420,494,1048,11097,,,,,,,,,,,
13.427,pfifo,739420,494,1048,11107,,,,,,,,,,,
13.439,pfifo,739420,494,1048,11117,,,,,,,,,,,
13.451,pfifo,740934,495,1048,11130,,,,,,,,,,,
13.466,pfifo,740934,495,1048,11140,,,,,,,,,,,
13.479,pfifo,740836,494,1048,11151,,,,,,,,,,,
13.490,pfifo,740934,495,1048,11161,,,,,,,,,,,
13.502,pfifo,739420,494,1048,11170,,,,,,,,,,,
13.514,pfifo,739420,494,1048,11180,,,,,,,,,,,
13.526,pfifo,739420,494,1048,11190,,,,,,,,,,,
13.538,pfifo,739420,494,1048,11200,,,,,,,,,,,
13.549,pfifo,740934,495,1048,11209,,,,,,,,,,,
13.561,pfifo,740934,495,1048,11219,,,,,,,,,,,
13.573,pfifo,740934,495,1048,11229,,,,,,,,,,,
13.585,pfifo,739322,493,1048,11239,,,,,,,,,,,
13.596,pfifo,739420,494,1048,11249,,,,,,,,,,,
13.608,pfifo,739420,494,1048,11259,,,,,,,,,,,
13.620,pfifo,740934,495,1048,11268,,,,,,,,,,,
13.632,pfifo,740934,495,1048,11278,,,,,,,,,,,
13.643,pfifo,740934,495,1048,11288,,,,,,,,,,,
13.655,pfifo,740934,495,1048,11298,,,,,,,,,,,
13.667,pfifo,739420,494,1048,11307,,,,,,,,,,,
13.679,pfifo,739322,493,1048,11318,,,,,,,,,,,
13.691,pfifo,739420,494,1048,11328,,,,,,,,,,,
13.703,pfifo,739420,494,1048,11338,,,,,,,,,,,
13.715,pfifo,742448,496,1048,11347,,,,,,,,,,,
13.726,pfifo,742448,496,1048,11357,,,,,,,,,,,
13.738,pfifo,742448,496,1048,11367,,,,,,,,,,,
13.750,pfifo,742448,496,1048,11377,,,,,,,,,,,
13.762,pfifo,742448,496,1048,11387,,,,,,,,,,,
13.774,pfifo,740934,495,1048,11396,,,,,,,,,,,
13.786,pfifo,740836,494,1048,11407,,,,,,,,,,,
13.797,pfifo,740934,495,1048,11417,,,,,,,,,,,
13.809,pfifo,740934,495,1048,11427,,,,,,,,,,,
13.821,pfifo,742448,496,1048,11436,,,,,,,,,,,
13.833,pfifo,742448,496,1048,11446,,,,,,,,,,,
13.845,pfifo,742448,496,1048,11456,,,,,,,,,,,
13.857,pfifo,742448,496,1048,11466,,,,,,,,,,,
13.868,pfifo,742448,496,1048,11476,,,,,,,,,,,
13.881,pfifo,742350,495,1048,11487,,,,,,,,,,,
13.893,pfifo,742448,496,1048,11497,,,,,,,,,,,
13.905,pfifo,740934,495,1048,11506,,,,,,,,,,,
13.917,pfifo,740934,495,1048,11516,,,,,,,,,,,
13.929,pfifo,740934,495,1048,11526,,,,,,,,,,,
13.941,pfifo,740934,495,1048,11536,,,,,,,,,,,
13.953,pfifo,740934,495,1048,11546,,,,,,,,,,,
13.965,pfifo,740934,495,1048,11556,,,,,,,,,,,
13.976,pfifo,742448,496,1048,11565,,,,,,,,,,,
13.988,pfifo,742350,495,1048,11576,,,,,,,,,,,
14.000,pfifo,742448,496,1048,11586,,,,,,,,,,,
14.012,pfifo,740934,495,1048,11595,,,,,,,,,,,
14.023,pfifo,740934,495,1048,11605,,,,,,,,,,,
14.035,pfifo,740934,495,1048,11615,,,,,,,,,,,
14.047,pfifo,740934,495,1048,11625,,,,,,,,,,,
14.059,pfifo,740934,495,1048,11635,,,,,,,,,,,
14.072,pfifo,742448,496,1048,11646,,,,,,,,,,,
14.084,pfifo,742350,495,1048,11657,,,,,,,,,,,
14.096,pfifo,742448,496,1048,11667,,,,,,,,,,,
14.109,pfifo,742448,496,1048,11677,,,,,,,,,,,
14.120,pfifo,740934,495,1048,11686,,,,,,,,,,,
14.132,pfifo,740934,495,1048,11696,,,,,,,,,,,
14.144,pfifo,740934,495,1048,11706,,,,,,,,,,,
14.156,pfifo,740934,495,1048,11716,,,,,,,,,,,
14.168,pfifo,740934,495,1048,11726,,,,,,,,,,,
14.180,pfifo,740836,494,1048,11737,,,,,,,,,,,
14.192,pfifo,742448,496,1048,11746,,,,,,,,,,,
14.204,pfifo,742448,496,1048,11756,,,,,,,,,,,
14.216,pfifo,742448,496,1048,11766,,,,,,,,,,,
14.227,pfifo,740934,495,1048,11775,,,,,,,,,,,
14.239,pfifo,740934,495,1048,11785,,,,,,,,,,,
14.251,pfifo,740934,495,1048,11795,,,,,,,,,,,
14.262,pfifo,742448,496,1048,11804,,,,,,,,,,,
14.274,pfifo,742448,496,1048,11814,,,,,,,,,,,
14.286,pfifo,742350,495,1048,11825,,,,,,,,,,,
14.298,pfifo,742448,496,1048,11835,,,,,,,,,,,
14.310,pfifo,742448,496,1048,11845,,,,,,,,,,,
14.322,pfifo,740934,495,1048,11854,,,,,,,,,,,
14.334,pfifo,740934,495,1048,11864,,,,,,,,,,,
14.346,pfifo,743962,497,1048,11874,,,,,,,,,,,
14.357,pfifo,743962,497,1048,11884,,,,,,,,,,,
14.369,pfifo,742448,496,1048,11893,,,,,,,,,,,
14.381,pfifo,742350,495,1048,11904,,,,,,,,,,,
14.393,pfifo,742448,496,1048,11914,,,,,,,,,,,
14.405,pfifo,742448,496,1048,11924,,,,,,,,,,,
14.417,pfifo,742448,496,1048,11934,,,,,,,,,,,
14.429,pfifo,742448,496,1048,11944,,,,,,,,,,,
14.440,pfifo,743962,497,1048,11953,,,,,,,,,,,
14.452,pfifo,743962,497,1048,11963,,,,,,,,,,,
14.464,pfifo,740934,495,1048,11973,,,,,,,,,,,
14.476,pfifo,742448,496,1048,11982,,,,,,,,,,,
14.487,pfifo,742350,495,1048,11993,,,,,,,,,,,
14.499,pfifo,742448,496,1048,12003,,,,,,,,,,,
14.511,pfifo,743962,497,1048,12012,,,,,,,,,,,
14.523,pfifo,743962,497,1048,12022,,,,,,,,,,,
14.534,pfifo,743962,497,1048,12032,,,,,,,,,,,
14.546,pfifo,742448,496,1048,12041,,,,,,,,,,,
14.558,pfifo,742448,496,1048,12051,,,,,,,,,,,
14.569,pfifo,742448,496,1048,12061,,,,,,,,,,,
14.581,pfifo,743962,497,1048,12070,,,,,,,,,,,
14.593,pfifo,743864,496,1048,12081,,,,,,,,,,,
14.605,pfifo,743962,497,1048,12091,,,,,,,,,,,
14.616,pfifo,742448,496,1048,12100,,,,,,,,,,,
14.628,pfifo,742448,496,1048,12110,,,,,,,,,,,
14.640,pfifo,742518,497,1048,12120,,,,,,,,,,,
14.652,pfifo,742518,497,1048,12130,,,,,,,,,,,
14.664,pfifo,742518,497,1048,12140,,,,,,,,,,,
14.676,pfifo,742518,497,1048,12150,,,,,,,,,,,
14.688,pfifo,743934,497,1048,12160,,,,,,,,,,,
14.700,pfifo,744032,498,1048,12170,,,,,,,,,,,
14.711,pfifo,744032,498,1048,12180,,,,,,,,,,,
14.723,pfifo,744032,498,1048,12190,,,,,,,,,,,
14.735,pfifo,741004,496,1048,12200,,,,,,,,,,,
14.747,pfifo,742518,497,1048,12209,,,,,,,,,,,
14.759,pfifo,742518,497,1048,12219,,,,,,,,,,,
14.771,pfifo,742518,497,1048,12229,,,,,,,,,,,
14.783,pfifo,742420,496,1048,12240,,,,,,,,,,,
14.795,pfifo,744032,498,1048,12249,,,,,,,,,,,
14.806,pfifo,744032,498,1048,12259,,,,,,,,,,,
14.818,pfifo,744032,498,1048,12269,,,,,,,,,,,
14.830,pfifo,744032,498,1048,12279,,,,,,,,,,,
14.842,pfifo,744032,498,1048,12289,,,,,,,,,,,
14.854,pfifo,742518,497,1048,12298,,,,,,,,,,,
14.866,pfifo,742518,497,1048,12308,,,,,,,,,,,
14.878,pfifo,744032,498,1048,12319,,,,,,,,,,,
14.890,pfifo,743934,497,1048,12330,,,,,,,,,,,
14.903,pfifo,744032,498,1048,12340,,,,,,,,,,,
14.915,pfifo,742518,497,1048,12349,,,,,,,,,,,
14.926,pfifo,742518,497,1048,12359,,,,,,,,,,,
14.938,pfifo,742518,497,1048,12369,,,,,,,,,,,
14.950,pfifo,744032,498,1048,12378,,,,,,,,,,,
14.962,pfifo,744032,498,1048,12388,,,,,,,,,,,
14.973,pfifo,744032,498,1048,12398,,,,,,,,,,,
14.985,pfifo,745546,499,1048,12408,,,,,,,,,,,
14.997,pfifo,744032,498,1048,12418,,,,,,,,,,,
15.009,pfifo,744032,498,1048,12428,,,,,,,,,,,
15.020,pfifo,744032,498,1048,12438,,,,,,,,,,,
15.032,pfifo,744032,498,1048,12448,,,,,,,,,,,
15.044,pfifo,745546,499,1048,12457,,,,,,,,,,,
15.056,pfifo,745546,499,1048,12467,,,,,,,,,,,
15.068,pfifo,745546,499,1048,12477,,,,,,,,,,,
15.079,pfifo,742518,497,1048,12487,,,,,,,,,,,
15.091,pfifo,743934,497,1048,12497,,,,,,,,,,,
15.103,pfifo,744032,498,1048,12507,,,,,,,,,,,
15.115,pfifo,744032,498,1048,12517,,,,,,,,,,,
15.127,pfifo,744032,498,1048,12527,,,,,,,,,,,
15.139,pfifo,745546,499,1048,12536,,,,,,,,,,,
15.150,pfifo,745546,499,1048,12546,,,,,,,,,,,
15.162,pfifo,745546,499,1048,12556,,,,,,,,,,,
15.174,pfifo,745546,499,1048,12566,,,,,,,,,,,
15.186,pfifo,744032,498,1048,12575,,,,,,,,,,,
15.198,pfifo,744032,498,1048,12586,,,,,,,,,,,
15.210,pfifo,744032,498,1048,12596,,,,,,,,,,,
15.222,pfifo,744032,498,1048,12606,,,,,,,,,,,
15.234,pfifo,743962,497,1048,12617,,,,,,,,,,,
15.246,pfifo,743962,497,1048,12627,,,,,,,,,,,
15.258,pfifo,743962,497,1048,12637,,,,,,,,,,,
15.270,pfifo,743962,497,1048,12647,,,,,,,,,,,
15.282,pfifo,743962,497,1048,12657,,,,,,,,,,,
15.294,pfifo,743864,496,1048,12668,,,,,,,,,,,
15.306,pfifo,743962,497,1048,12678,,,,,,,,,,,
15.318,pfifo,743962,497,1048,12688,,,,,,,,,,,
15.330,pfifo,745476,498,1048,12697,,,,,,,,,,,
15.342,pfifo,745476,498,1048,12707,,,,,,,,,,,
15.354,pfifo,745476,498,1048,12717,,,,,,,,,,,
15.366,pfifo,745476,498,1048,12727,,,,,,,,,,,
15.378,pfifo,745476,498,1048,12737,,,,,,,,,,,
15.390,pfifo,745378,497,1048,12748,,,,,,,,,,,
15.402,pfifo,746990,499,1048,12757,,,,,,,,,,,
15.414,pfifo,743962,497,1048,12767,,,,,,,,,,,
15.426,pfifo,743962,497,1048,12777,,,,,,,,,,,
15.438,pfifo,743962,497,1048,12787,,,,,,,,,,,
15.450,pfifo,743962,497,1048,12797,,,,,,,,,,,
15.462,pfifo,743962,497,1048,12807,,,,,,,,,,,
15.474,pfifo,743962,497,1048,12817,,,,,,,,,,,
15.486,pfifo,743962,497,1048,12827,,,,,,,,,,,
15.498,pfifo,743864,496,1048,12838,,,,,,,,,,,
15.510,pfifo,745476,498,1048,12847,,,,,,,,,,,
15.521,pfifo,745476,498,1048,12857,,,,,,,,,,,
15.533,pfifo,745476,498,1048,12867,,,,,,,,,,,
15.545,pfifo,743962,497,1048,12876,,,,,,,,,,,
15.557,pfifo,743962,497,1048,12886,,,,,,,,,,,
15.569,pfifo,743962,497,1048,12896,,,,,,,,,,,
15.581,pfifo,743962,497,1048,12906,,,,,,,,,,,
15.593,pfifo,743864,496,1048,12917,,,,,,,,,,,
15.605,pfifo,743962,497,1048,12927,,,,,,,,,,,
15.617,pfifo,746990,499,1048,12937,,,,,,,,,,,
15.629,pfifo,745476,498,1048,12946,,,,,,,,,,,
15.640,pfifo,745476,498,1048,12956,,,,,,,,,,,
15.652,pfifo,745476,498,1048,12966,,,,,,,,,,,
15.664,pfifo,745476,498,1048,12976,,,,,,,,,,,
15.676,pfifo,746990,499,1048,12985,,,,,,,,,,,
15.688,pfifo,746990,499,1048,12995,,,,,,,,,,,
15.700,pfifo,746892,498,1048,13006,,,,,,,,,,,
15.712,pfifo,746990,499,1048,13016,,,,,,,,,,,
15.724,pfifo,746990,499,1048,13026,,,,,,,,,,,
15.736,pfifo,746990,499,1048,13036,,,,,,,,,,,
15.748,pfifo,746990,499,1048,13046,,,,,,,,,,,
15.759,pfifo,745476,498,1048,13055,,,,,,,,,,,
15.771,pfifo,745476,498,1048,13065,,,,,,,,,,,
15.783,pfifo,745476,498,1048,13075,,,,,,,,,,,
15.795,pfifo,745378,497,1048,13086,,,,,,,,,,,
15.807,pfifo,745476,498,1048,13096,,,,,,,,,,,
15.819,pfifo,746990,499,1048,13105,,,,,,,,,,,
15.831,pfifo,746990,499,1048,13115,,,,,,,,,,,
15.842,pfifo,746990,499,1048,13125,,,,,,,,,,,
15.854,pfifo,745476,498,1048,13134,,,,,,,,,,,
15.866,pfifo,745476,498,1048,13144,,,,,,,,,,,
15.877,pfifo,746990,499,1048,13155,,,,,,,,,,,
15.890,pfifo,746990,499,1048,13165,,,,,,,,,,,
15.902,pfifo,746990,499,1048,13176,,,,,,,,,,,
15.915,pfifo,746990,499,1048,13186,,,,,,,,,,,
15.927,pfifo,746990,499,1048,13196,,,,,,,,,,,
15.939,pfifo,745476,498,1048,13205,,,,,,,,,,,
15.950,pfifo,745476,498,1048,13215,,,,,,,,,,,
15.962,pfifo,745476,498,1048,13225,,,,,,,,,,,
15.974,pfifo,745476,498,1048,13235,,,,,,,,,,,
15.986,pfifo,745476,498,1048,13245,,,,,,,,,,,
15.998,pfifo,746892,498,1048,13255,,,,,,,,,,,
16.010,pfifo,746990,499,1048,13265,,,,,,,,,,,
16.022,pfifo,746990,499,1048,13275,,,,,,,,,,,
16.034,pfifo,746990,499,1048,13285,,,,,,,,,,,
16.046,pfifo,745476,498,1048,13294,,,,,,,,,,,
16.057,pfifo,745476,498,1048,13304,,,,,,,,,,,
16.069,pfifo,745476,498,1048,13314,,,,,,,,,,,
16.081,pfifo,745476,498,1048,13324,,,,,,,,,,,
16.093,pfifo,745378,497,1048,13335,,,,,,,,,,,
16.105,pfifo,746990,499,1048,13344,,,,,,,,,,,
16.117,pfifo,746990,499,1048,13354,,,,,,,,,,,
16.128,pfifo,746990,499,1048,13364,,,,,,,,,,,
16.140,pfifo,746990,499,1048,13374,,,,,,,,,,,
16.152,pfifo,743962,497,1048,13384,,,,,,,,,,,
16.164,pfifo,745476,498,1048,13393,,,,,,,,,,,
16.176,pfifo,745476,498,1048,13403,,,,,,,,,,,
16.188,pfifo,745476,498,1048,13413,,,,,,,,,,,
16.200,pfifo,745378,497,1048,13424,,,,,,,,,,,
16.212,pfifo,745476,498,1048,13434,,,,,,,,,,,
16.224,pfifo,745476,498,1048,13444,,,,,,,,,,,
16.236,pfifo,746990,499,1048,13453,,,,,,,,,,,
16.248,pfifo,746990,499,1048,13463,,,,,,,,,,,
16.259,pfifo,748504,500,1048,13473,,,,,,,,,,,
16.271,pfifo,746990,499,1048,13482,,,,,,,,,,,
16.283,pfifo,746990,499,1048,13492,,,,,,,,,,,
16.295,pfifo,746990,499,1048,13502,,,,,,,,,,,
16.307,pfifo,746990,499,1048,13513,,,,,,,,,,,
16.319,pfifo,746990,499,1048,13523,,,,,,,,,,,
16.331,pfifo,746990,499,1048,13533,,,,,,,,,,,
16.342,pfifo,748504,500,1048,13542,,,,,,,,,,,
16.354,pfifo,748504,500,1048,13552,,,,,,,,,,,
16.366,pfifo,748504,500,1048,13562,,,,,,,,,,,
16.378,pfifo,745476,498,1048,13572,,,,,,,,,,,
16.390,pfifo,746990,499,1048,13581,,,,,,,,,,,
16.402,pfifo,746892,498,1048,13592,,,,,,,,,,,
16.414,pfifo,746990,499,1048,13602,,,,,,,,,,,
16.426,pfifo,746990,499,1048,13612,,,,,,,,,,,
16.437,pfifo,746990,499,1048,13622,,,,,,,,,,,
16.449,pfifo,748504,500,1048,13631,,,,,,,,,,,
16.461,pfifo,748504,500,1048,13641,,,,,,,,,,,
16.473,pfifo,748504,500,1048,13651,,,,,,,,,,,
16.485,pfifo,748504,500,1048,13661,,,,,,,,,,,
16.496,pfifo,746990,499,1048,13670,,,,,,,,,,,
16.508,pfifo,746990,499,1048,13681,,,,,,,,,,,
16.520,pfifo,746990,499,1048,13691,,,,,,,,,,,
16.532,pfifo,746990,499,1048,13701,,,,,,,,,,,
16.544,pfifo,748504,500,1048,13710,,,,,,,,,,,
16.556,pfifo,748504,500,1048,13720,,,,,,,,,,,
16.567,pfifo,748504,500,1048,13730,,,,,,,,,,,
16.579,pfifo,748504,500,1048,13740,,,,,,,,,,,
16.591,pfifo,746990,499,1048,13749,,,,,,,,,,,
16.603,pfifo,746892,498,1048,13760,,,,,,,,,,,
16.615,pfifo,746990,499,1048,13770,,,,,,,,,,,
16.626,pfifo,746990,499,1048,13780,,,,,,,,,,,
16.638,pfifo,748504,500,1048,13789,,,,,,,,,,,
16.650,pfifo,748504,500,1048,13799,,,,,,,,,,,
16.662,pfifo,748504,500,1048,13809,,,,,,,,,,,
16.674,pfifo,748504,500,1048,13819,,,,,,,,,,,
16.686,pfifo,746990,499,1048,13828,,,,,,,,,,,
16.697,pfifo,746990,499,1048,13838,,,,,,,,,,,
16.709,pfifo,746990,499,1048,13849,,,,,,,,,,,
16.721,pfifo,746990,499,1048,13859,,,,,,,,,,,
16.733,pfifo,748504,500,1048,13868,,,,,,,,,,,
16.745,pfifo,748504,500,1048,13878,,,,,,,,,,,
16.757,pfifo,748504,500,1048,13888,,,,,,,,,,,
16.768,pfifo,748504,500,1048,13898,,,,,,,,,,,
16.780,pfifo,748504,500,1048,13908,,,,,,,,,,,
16.793,pfifo,748504,500,1048,13918,,,,,,,,,,,
16.805,pfifo,748406,499,1048,13929,,,,,,,,,,,
16.818,pfifo,748504,500,1048,13939,,,,,,,,,,,
16.829,pfifo,748504,500,1048,13949,,,,,,,,,,,
16.841,pfifo,748504,500,1048,13959,,,,,,,,,,,
16.853,pfifo,745476,498,1048,13969,,,,,,,,,,,
16.865,pfifo,746990,499,1048,13978,,,,,,,,,,,
16.877,pfifo,748504,500,1048,13989,,,,,,,,,,,
16.890,pfifo,748504,500,1048,13999,,,,,,,,,,,
16.901,pfifo,750018,501,1048,14008,,,,,,,,,,,
16.913,pfifo,750018,501,1048,14019,,,,,,,,,,,
16.925,pfifo,748504,500,1048,14028,,,,,,,,,,,
16.936,pfifo,748504,500,1048,14038,,,,,,,,,,,
16.948,pfifo,748504,500,1048,14048,,,,,,,,,,,
16.960,pfifo,748504,500,1048,14058,,,,,,,,,,,
16.972,pfifo,750018,501,1048,14067,,,,,,,,,,,
16.983,pfifo,750018,501,1048,14077,,,,,,,,,,,
16.995,pfifo,750018,501,1048,14087,,,,,,,,,,,
17.007,pfifo,749920,500,1048,14098,,,,,,,,,,,
17.019,pfifo,748504,500,1048,14107,,,,,,,,,,,
17.031,pfifo,748504,500,1048,14117,,,,,,,,,,,
17.042,pfifo,748504,500,1048,14127,,,,,,,,,,,
17.054,pfifo,748504,500,1048,14137,,,,,,,,,,,
17.066,pfifo,750018,501,1048,14146,,,,,,,,,,,
17.078,pfifo,750018,501,1048,14156,,,,,,,,,,,
17.090,pfifo,750018,501,1048,14166,,,,,,,,,,,
17.102,pfifo,750018,501,1048,14176,,,,,,,,,,,
17.114,pfifo,748504,500,1048,14186,,,,,,,,,,,
17.125,pfifo,748504,500,1048,14196,,,,,,,,,,,
17.137,pfifo,748504,500,1048,14206,,,,,,,,,,,
17.149,pfifo,748504,500,1048,14216,,,,,,,,,,,
17.161,pfifo,748504,500,1048,14226,,,,,,,,,,,
17.173,pfifo,748504,500,1048,14236,,,,,,,,,,,
17.185,pfifo,750018,501,1048,14245,,,,,,,,,,,
17.197,pfifo,750018,501,1048,14255,,,,,,,,,,,
17.209,pfifo,749920,500,1048,14266,,,,,,,,,,,
17.220,pfifo,750018,501,1048,14276,,,,,,,,,,,
17.232,pfifo,750018,501,1048,14286,,,,,,,,,,,
17.244,pfifo,748504,500,1048,14295,,,,,,,,,,,
17.256,pfifo,748504,500,1048,14305,,,,,,,,,,,
17.268,pfifo,748504,500,1048,14315,,,,,,,,,,,
17.280,pfifo,748504,500,1048,14325,,,,,,,,,,,
17.292,pfifo,748504,500,1048,14335,,,,,,,,,,,
17.304,pfifo,748406,499,1048,14346,,,,,,,,,,,
17.316,pfifo,748504,500,1048,14356,,,,,,,,,,,
17.328,pfifo,748504,500,1048,14366,,,,,,,,,,,
17.340,pfifo,748504,500,1048,14376,,,,,,,,,,,
17.352,pfifo,750018,501,1048,14385,,,,,,,,,,,
17.364,pfifo,750018,501,1048,14395,,,,,,,,,,,
17.376,pfifo,750018,501,1048,14405,,,,,,,,,,,
17.388,pfifo,750018,501,1048,14415,,,,,,,,,,,
17.400,pfifo,750018,501,1048,14425,,,,,,,,,,,
17.412,pfifo,750018,501,1048,14436,,,,,,,,,,,
17.424,pfifo,750018,501,1048,14446,,,,,,,,,,,
17.436,pfifo,750018,501,1048,14456,,,,,,,,,,,
17.448,pfifo,750018,501,1048,14466,,,,,,,,,,,
17.460,pfifo,750018,501,1048,14476,,,,,,,,,,,
17.472,pfifo,748504,500,1048,14485,,,,,,,,,,,
17.484,pfifo,748504,500,1048,14495,,,,,,,,,,,
17.496,pfifo,748504,500,1048,14505,,,,,,,,,,,
17.508,pfifo,748406,499,1048,14516,,,,,,,,,,,
17.519,pfifo,750018,501,1048,14525,,,,,,,,,,,
17.531,pfifo,751532,502,1048,14535,,,,,,,,,,,
17.543,pfifo,751532,502,1048,14545,,,,,,,,,,,
17.555,pfifo,751532,502,1048,14555,,,,,,,,,,,
17.567,pfifo,750018,501,1048,14564,,,,,,,,,,,
17.579,pfifo,750018,501,1048,14574,,,,,,,,,,,
17.590,pfifo,750018,501,1048,14584,,,,,,,,,,,
17.602,pfifo,751532,502,1048,14593,,,,,,,,,,,
17.614,pfifo,751532,502,1048,14604,,,,,,,,,,,
17.625,pfifo,751532,502,1048,14614,,,,,,,,,,,
17.637,pfifo,751532,502,1048,14624,,,,,,,,,,,
17.649,pfifo,750018,501,1048,14633,,,,,,,,,,,
17.661,pfifo,750018,501,1048,14643,,,,,,,,,,,
17.673,pfifo,750018,501,1048,14653,,,,,,,,,,,
17.684,pfifo,750018,501,1048,14663,,,,,,,,,,,
17.696,pfifo,751532,502,1048,14672,,,,,,,,,,,
17.708,pfifo,751532,502,1048,14682,,,,,,,,,,,
17.720,pfifo,751532,502,1048,14693,,,,,,,,,,,
17.732,pfifo,750018,501,1048,14702,,,,,,,,,,,
17.743,pfifo,750018,501,1048,14712,,,,,,,,,,,
17.755,pfifo,750018,501,1048,14722,,,,,,,,,,,
17.767,pfifo,750018,501,1048,14732,,,,,,,,,,,
17.779,pfifo,750018,501,1048,14742,,,,,,,,,,,
17.791,pfifo,751532,502,1048,14751,,,,,,,,,,,
17.803,pfifo,751532,502,1048,14761,,,,,,,,,,,
17.814,pfifo,750018,501,1048,14771,,,,,,,,,,,
17.826,pfifo,750018,501,1048,14781,,,,,,,,,,,
17.838,pfifo,750018,501,1048,14791,,,,,,,,,,,
17.849,pfifo,750018,501,1048,14801,,,,,,,,,,,
17.861,pfifo,751532,502,1048,14810,,,,,,,,,,,
17.873,pfifo,751532,502,1048,14820,,,,,,,,,,,
17.885,pfifo,751532,502,1048,14830,,,,,,,,,,,
17.898,pfifo,751532,502,1048,14840,,,,,,,,,,,
17.909,pfifo,751532,502,1048,14850,,,,,,,,,,,
17.921,pfifo,751532,502,1048,14861,,,,,,,,,,,
17.933,pfifo,751532,502,1048,14871,,,,,,,,,,,
17.945,pfifo,750018,501,1048,14880,,,,,,,,,,,
17.957,pfifo,750018,501,1048,14890,,,,,,,,,,,
17.969,pfifo,750018,501,1048,14900,,,,,,,,,,,
17.981,pfifo,750018,501,1048,14910,,,,,,,,,,,
17.993,pfifo,750018,501,1048,14920,,,,,,,,,,,
18.005,pfifo,750018,501,1048,14930,,,,,,,,,,,
18.017,pfifo,751532,502,1048,14940,,,,,,,,,,,
18.028,pfifo,751532,502,1048,14950,,,,,,,,,,,
18.040,pfifo,751532,502,1048,14960,,,,,,,,,,,
18.052,pfifo,751532,502,1048,14970,,,,,,,,,,,
18.064,pfifo,751532,502,1048,14980,,,,,,,,,,,
18.076,pfifo,750018,501,1048,14989,,,,,,,,,,,
18.088,pfifo,750018,501,1048,14999,,,,,,,,,,,
18.100,pfifo,750018,501,1048,15009,,,,,,,,,,,
18.112,pfifo,749920,500,1048,15020,,,,,,,,,,,
18.123,pfifo,750018,501,1048,15030,,,,,,,,,,,
18.136,pfifo,751532,502,1048,15041,,,,,,,,,,,
18.149,pfifo,751532,502,1048,15051,,,,,,,,,,,
18.161,pfifo,751532,502,1048,15061,,,,,,,,,,,
18.173,pfifo,751532,502,1048,15071,,,,,,,,,,,
18.185,pfifo,753046,503,1048,15080,,,,,,,,,,,
18.197,pfifo,753046,503,1048,15090,,,,,,,,,,,
18.208,pfifo,753046,503,1048,15100,,,,,,,,,,,
18.220,pfifo,751532,502,1048,15110,,,,,,,,,,,
18.232,pfifo,751532,502,1048,15120,,,,,,,,,,,
18.244,pfifo,751532,502,1048,15130,,,,,,,,,,,
18.256,pfifo,751532,502,1048,15140,,,,,,,,,,,
18.268,pfifo,751532,502,1048,15150,,,,,,,,,,,
18.280,pfifo,751532,502,1048,15160,,,,,,,,,,,
18.292,pfifo,753046,503,1048,15169,,,,,,,,,,,
18.303,pfifo,753046,503,1048,15179,,,,,,,,,,,
18.315,pfifo,752948,502,1048,15190,,,,,,,,,,,
18.327,pfifo,753046,503,1048,15200,,,,,,,,,,,
18.339,pfifo,751532,502,1048,15209,,,,,,,,,,,
18.351,pfifo,751532,502,1048,15219,,,,,,,,,,,
18.363,pfifo,751532,502,1048,15229,,,,,,,,,,,
18.375,pfifo,751532,502,1048,15239,,,,,,,,,,,
18.386,pfifo,753046,503,1048,15248,,,,,,,,,,,
18.398,pfifo,753046,503,1048,15258,,,,,,,,,,,
18.410,pfifo,753046,503,1048,15268,,,,,,,,,,,
18.421,pfifo,751532,502,1048,15278,,,,,,,,,,,
18.433,pfifo,751532,502,1048,15288,,,,,,,,,,,
18.445,pfifo,751532,502,1048,15298,,,,,,,,,,,
18.457,pfifo,753046,503,1048,15307,,,,,,,,,,,
18.468,pfifo,753046,503,1048,15317,,,,,,,,,,,
18.480,pfifo,753046,503,1048,15327,,,,,,,,,,,
18.492,pfifo,753046,503,1048,15337,,,,,,,,,,,
18.504,pfifo,753046,503,1048,15347,,,,,,,,,,,
18.516,pfifo,751434,501,1048,15357,,,,,,,,,,,
18.528,pfifo,751532,502,1048,15367,,,,,,,,,,,
18.539,pfifo,751532,502,1048,15377,,,,,,,,,,,
18.551,pfifo,751532,502,1048,15387,,,,,,,,,,,
18.563,pfifo,753046,503,1048,15396,,,,,,,,,,,
18.575,pfifo,753046,503,1048,15406,,,,,,,,,,,
18.587,pfifo,753046,503,1048,15416,,,,,,,,,,,
18.599,pfifo,753046,503,1048,15426,,,,,,,,,,,
18.611,pfifo,754560,504,1048,15435,,,,,,,,,,,
18.622,pfifo,751532,502,1048,15446,,,,,,,,,,,
18.634,pfifo,751532,502,1048,15456,,,,,,,,,,,
18.646,pfifo,751532,502,1048,15466,,,,,,,,,,,
18.658,pfifo,753046,503,1048,15475,,,,,,,,,,,
18.670,pfifo,753046,503,1048,15485,,,,,,,,,,,
18.681,pfifo,753046,503,1048,15495,,,,,,,,,,,
18.693,pfifo,751532,502,1048,15504,,,,,,,,,,,
18.705,pfifo,751532,502,1048,15514,,,,,,,,,,,
18.717,pfifo,751434,501,1048,15525,,,,,,,,,,,
18.728,pfifo,751532,502,1048,15535,,,,,,,,,,,
18.741,pfifo,751532,502,1048,15545,,,,,,,,,,,
18.753,pfifo,751532,502,1048,15555,,,,,,,,,,,
18.764,pfifo,753046,503,1048,15564,,,,,,,,,,,
18.776,pfifo,753046,503,1048,15574,,,,,,,,,,,
18.788,pfifo,753046,503,1048,15584,,,,,,,,,,,
18.800,pfifo,753046,503,1048,15594,,,,,,,,,,,
18.812,pfifo,753046,503,1048,15604,,,,,,,,,,,
18.824,pfifo,754560,504,1048,15615,,,,,,,,,,,
18.836,pfifo,754560,504,1048,15625,,,,,,,,,,,
18.848,pfifo,754560,504,1048,15635,,,,,,,,,,,
18.860,pfifo,751532,502,1048,15645,,,,,,,,,,,
18.872,pfifo,754560,504,1048,15655,,,,,,,,,,,
18.885,pfifo,751532,502,1048,15675,,,,,,,,,,,
18.909,pfifo,754560,504,1048,15685,,,,,,,,,,,
18.921,pfifo,752948,502,1048,15695,,,,,,,,,,,
18.933,pfifo,753046,503,1048,15705,,,,,,,,,,,
18.945,pfifo,753046,503,1048,15715,,,,,,,,,,,
18.957,pfifo,753046,503,1048,15725,,,,,,,,,,,
18.968,pfifo,753046,503,1048,15735,,,,,,,,,,,
18.980,pfifo,753046,503,1048,15745,,,,,,,,,,,
18.992,pfifo,754560,504,1048,15754,,,,,,,,,,,
19.004,pfifo,754560,504,1048,15764,,,,,,,,,,,
19.016,pfifo,754560,504,1048,15774,,,,,,,,,,,
19.028,pfifo,754560,504,1048,15785,,,,,,,,,,,
19.040,pfifo,753046,503,1048,15794,,,,,,,,,,,
19.052,pfifo,753046,503,1048,15804,,,,,,,,,,,
19.063,pfifo,753046,503,1048,15814,,,,,,,,,,,
19.075,pfifo,753046,503,1048,15824,,,,,,,,,,,
19.087,pfifo,754560,504,1048,15833,,,,,,,,,,,
19.099,pfifo,754560,504,1048,15843,,,,,,,,,,,
19.110,pfifo,754560,504,1048,15853,,,,,,,,,,,
19.122,pfifo,754462,503,1048,15864,,,,,,,,,,,
19.134,pfifo,753046,503,1048,15873,,,,,,,,,,,
19.146,pfifo,753046,503,1048,15883,,,,,,,,,,,
19.158,pfifo,753046,503,1048,15893,,,,,,,,,,,
19.170,pfifo,753046,503,1048,15903,,,,,,,,,,,
19.182,pfifo,753046,503,1048,15913,,,,,,,,,,,
19.194,pfifo,753046,503,1048,15923,,,,,,,,,,,
19.206,pfifo,753046,503,1048,15933,,,,,,,,,,,
19.219,pfifo,753046,503,1048,15943,,,,,,,,,,,
19.230,pfifo,753046,503,1048,15954,,,,,,,,,,,
19.242,pfifo,753046,503,1048,15964,,,,,,,,,,,
19.254,pfifo,753046,503,1048,15974,,,,,,,,,,,
19.266,pfifo,753046,503,1048,15984,,,,,,,,,,,
19.278,pfifo,754560,504,1048,15993,,,,,,,,,,,
19.290,pfifo,754560,504,1048,16003,,,,,,,,,,,
19.302,pfifo,754560,504,1048,16013,,,,,,,,,,,
19.314,pfifo,754560,504,1048,16023,,,,,,,,,,,
19.326,pfifo,754560,504,1048,16034,,,,,,,,,,,
19.338,pfifo,754560,504,1048,16044,,,,,,,,,,,
19.350,pfifo,754560,504,1048,16054,,,,,,,,,,,
19.362,pfifo,754560,504,1048,16064,,,,,,,,,,,
19.374,pfifo,753046,503,1048,16073,,,,,,,,,,,
19.386,pfifo,753046,503,1048,16083,,,,,,,,,,,
19.398,pfifo,753046,503,1048,16093,,,,,,,,,,,
19.410,pfifo,753046,503,1048,16103,,,,,,,,,,,
19.422,pfifo,753046,503,1048,16113,,,,,,,,,,,
19.434,pfifo,753046,503,1048,16124,,,,,,,,,,,
19.446,pfifo,753046,503,1048,16134,,,,,,,,,,,
19.458,pfifo,753046,503,1048,16144,,,,,,,,,,,
19.470,pfifo,756074,505,1048,16154,,,,,,,,,,,
19.482,pfifo,756074,505,1048,16164,,,,,,,,,,,
19.494,pfifo,753046,503,1048,16174,,,,,,,,,,,
19.506,pfifo,754560,504,1048,16183,,,,,,,,,,,
19.518,pfifo,754560,504,1048,16193,,,,,,,,,,,
19.530,pfifo,756074,505,1048,16203,,,,,,,,,,,
19.541,pfifo,756074,505,1048,16213,,,,,,,,,,,
19.553,pfifo,756074,505,1048,16223,,,,,,,,,,,
19.565,pfifo,754560,504,1048,16232,,,,,,,,,,,
19.576,pfifo,754560,504,1048,16242,,,,,,,,,,,
19.588,pfifo,754560,504,1048,16252,,,,,,,,,,,
19.600,pfifo,754560,504,1048,16262,,,,,,,,,,,
19.612,pfifo,754560,504,1048,16272,,,,,,,,,,,
19.624,pfifo,754462,503,1048,16283,,,,,,,,,,,
19.637,pfifo,754560,504,1048,16293,,,,,,,,,,,
19.648,pfifo,754560,504,1048,16303,,,,,,,,,,,
19.660,pfifo,756074,505,1048,16312,,,,,,,,,,,
19.672,pfifo,756074,505,1048,16322,,,,,,,,,,,
19.684,pfifo,756074,505,1048,16332,,,,,,,,,,,
19.696,pfifo,754560,504,1048,16341,,,,,,,,,,,
19.707,pfifo,754560,504,1048,16351,,,,,,,,,,,
19.720,pfifo,753046,503,1048,16362,,,,,,,,,,,
19.732,pfifo,754560,504,1048,16372,,,,,,,,,,,
19.743,pfifo,754560,504,1048,16382,,,,,,,,,,,
19.755,pfifo,756074,505,1048,16391,,,,,,,,,,,
19.767,pfifo,756074,505,1048,16401,,,,,,,,,,,
19.778,pfifo,756074,505,1048,16411,,,,,,,,,,,
19.790,pfifo,756074,505,1048,16421,,,,,,,,,,,
19.802,pfifo,754560,504,1048,16430,,,,,,,,,,,
19.814,pfifo,754560,504,1048,16440,,,,,,,,,,,
19.826,pfifo,754462,503,1048,16451,,,,,,,,,,,
19.837,pfifo,756074,505,1048,16460,,,,,,,,,,,
19.849,pfifo,756074,505,1048,16470,,,,,,,,,,,
19.861,pfifo,756074,505,1048,16480,,,,,,,,,,,
19.872,pfifo,756074,505,1048,16490,,,,,,,,,,,
19.885,pfifo,756074,505,1048,16500,,,,,,,,,,,
19.897,pfifo,753046,503,1048,16510,,,,,,,,,,,
19.909,pfifo,754560,504,1048,16519,,,,,,,,,,,
19.920,pfifo,754560,504,1048,16529,,,,,,,,,,,
19.932,pfifo,754560,504,1048,16540,,,,,,,,,,,
19.944,pfifo,754560,504,1048,16550,,,,,,,,,,,
19.956,pfifo,756074,505,1048,16559,,,,,,,,,,,
19.968,pfifo,756074,505,1048,16569,,,,,,,,,,,
19.979,pfifo,756074,505,1048,16579,,,,,,,,,,,
19.991,pfifo,754560,504,1048,16588,,,,,,,,,,,
20.003,pfifo,754560,504,1048,16598,,,,,,,,,,,
20.015,pfifo,754560,504,1048,16608,,,,,,,,,,,
20.027,pfifo,754560,504,1048,16619,,,,,,,,,,,
20.039,pfifo,754560,504,1048,16629,,,,,,,,,,,
20.051,pfifo,754560,504,1048,16639,,,,,,,,,,,
20.063,pfifo,756074,505,1048,16648,,,,,,,,,,,
20.075,pfifo,754560,504,1048,16659,,,,,,,,,,,
20.087,pfifo,754560,504,1048,16669,,,,,,,,,,,
20.100,pfifo,754560,504,1048,16679,,,,,,,,,,,
20.112,pfifo,756074,505,1048,16689,,,,,,,,,,,
20.123,pfifo,757588,506,1048,16698,,,,,,,,,,,
20.135,pfifo,757588,506,1048,16709,,,,,,,,,,,
20.147,pfifo,757588,506,1048,16719,,,,,,,,,,,
20.159,pfifo,757588,506,1048,16729,,,,,,,,,,,
20.171,pfifo,757588,506,1048,16739,,,,,,,,,,,
20.183,pfifo,757588,506,1048,16749,,,,,,,,,,,
20.195,pfifo,757588,506,1048,16759,,,,,,,,,,,
20.207,pfifo,757588,506,1048,16769,,,,,,,,,,,
20.219,pfifo,757588,506,1048,16779,,,,,,,,,,,
20.231,pfifo,756074,505,1048,16789,,,,,,,,,,,
20.243,pfifo,756074,505,1048,16799,,,,,,,,,,,
20.255,pfifo,756074,505,1048,16809,,,,,,,,,,,
20.267,pfifo,756074,505,1048,16819,,,,,,,,,,,
20.278,pfifo,757588,506,1048,16828,,,,,,,,,,,
20.290,pfifo,757588,506,1048,16838,,,,,,,,,,,
20.302,pfifo,757588,506,1048,16848,,,,,,,,,,,
20.314,pfifo,754560,504,1048,16858,,,,,,,,,,,
20.326,pfifo,756074,505,1048,16867,,,,,,,,,,,
20.337,pfifo,756074,505,1048,16878,,,,,,,,,,,
20.349,pfifo,756074,505,1048,16888,,,,,,,,,,,
20.361,pfifo,757588,506,1048,16897,,,,,,,,,,,
20.373,pfifo,757588,506,1048,16907,,,,,,,,,,,
20.385,pfifo,757588,506,1048,16917,,,,,,,,,,,
20.396,pfifo,757588,506,1048,16927,,,,,,,,,,,
20.408,pfifo,756074,505,1048,16936,,,,,,,,,,,
20.420,pfifo,756074,505,1048,16946,,,,,,,,,,,
20.432,pfifo,756074,505,1048,16957,,,,,,,,,,,
20.443,pfifo,757588,506,1048,16966,,,,,,,,,,,
20.455,pfifo,757588,506,1048,16976,,,,,,,,,,,
20.467,pfifo,757588,506,1048,16986,,,,,,,,,,,
20.479,pfifo,757588,506,1048,16996,,,,,,,,,,,
20.491,pfifo,757588,506,1048,17006,,,,,,,,,,,
20.503,pfifo,757588,506,1048,17016,,,,,,,,,,,
20.515,pfifo,757588,506,1048,17026,,,,,,,,,,,
20.527,pfifo,757588,506,1048,17036,,,,,,,,,,,
20.539,pfifo,756074,505,1048,17046,,,,,,,,,,,
20.551,pfifo,756074,505,1048,17056,,,,,,,,,,,
20.562,pfifo,756074,505,1048,17066,,,,,,,,,,,
20.574,pfifo,756074,505,1048,17076,,,,,,,,,,,
20.586,pfifo,757588,506,1048,17085,,,,,,,,,,,
20.598,pfifo,757588,506,1048,17095,,,,,,,,,,,
20.610,pfifo,757588,506,1048,17105,,,,,,,,,,,
20.622,pfifo,757588,506,1048,17115,,,,,,,,,,,
20.634,pfifo,757588,506,1048,17126,,,,,,,,,,,
20.646,pfifo,757588,506,1048,17136,,,,,,,,,,,
20.658,pfifo,756074,505,1048,17145,,,,,,,,,,,
20.670,pfifo,756074,505,1048,17155,,,,,,,,,,,
20.682,pfifo,756074,505,1048,17165,,,,,,,,,,,
20.693,pfifo,756074,505,1048,17175,,,,,,,,,,,
20.705,pfifo,756074,505,1048,17185,,,,,,,,,,,
20.717,pfifo,756074,505,1048,17195,,,,,,,,,,,
20.729,pfifo,757588,506,1048,17204,,,,,,,,,,,
20.741,pfifo,757588,506,1048,17215,,,,,,,,,,,
20.753,pfifo,757588,506,1048,17225,,,,,,,,,,,
20.765,pfifo,757588,506,1048,17235,,,,,,,,,,,
20.777,pfifo,757588,506,1048,17245,,,,,,,,,,,
20.789,pfifo,757588,506,1048,17255,,,,,,,,,,,
20.801,pfifo,759102,507,1048,17264,,,,,,,,,,,
20.813,pfifo,759102,507,1048,17274,,,,,,,,,,,
20.825,pfifo,759102,507,1048,17284,,,,,,,,,,,
20.837,pfifo,759102,507,1048,17295,,,,,,,,,,,
20.848,pfifo,757588,506,1048,17304,,,,,,,,,,,
20.860,pfifo,757588,506,1048,17314,,,,,,,,,,,
20.872,pfifo,757588,506,1048,17324,,,,,,,,,,,
20.884,pfifo,757588,506,1048,17334,,,,,,,,,,,
20.896,pfifo,757588,506,1048,17344,,,,,,,,,,,
20.908,pfifo,757588,506,1048,17354,,,,,,,,,,,
20.920,pfifo,757588,506,1048,17364,,,,,,,,,,,
20.932,pfifo,757588,506,1048,17375,,,,,,,,,,,
20.944,pfifo,757588,506,1048,17385,,,,,,,,,,,
20.956,pfifo,757588,506,1048,17395,,,,,,,,,,,
20.968,pfifo,757588,506,1048,17405,,,,,,,,,,,
20.980,pfifo,759102,507,1048,17414,,,,,,,,,,,
20.992,pfifo,759102,507,1048,17424,,,,,,,,,,,
21.004,pfifo,759102,507,1048,17434,,,,,,,,,,,
21.016,pfifo,759102,507,1048,17444,,,,,,,,,,,
21.028,pfifo,757588,506,1048,17453,,,,,,,,,,,
21.039,pfifo,757588,506,1048,17464,,,,,,,,,,,
21.051,pfifo,757588,506,1048,17474,,,,,,,,,,,
21.063,pfifo,757588,506,1048,17484,,,,,,,,,,,
21.075,pfifo,759102,507,1048,17493,,,,,,,,,,,
21.087,pfifo,759102,507,1048,17503,,,,,,,,,,,
21.099,pfifo,759102,507,1048,17513,,,,,,,,,,,
21.110,pfifo,759102,507,1048,17523,,,,,,,,,,,
21.122,pfifo,757588,506,1048,17532,,,,,,,,,,,
21.134,pfifo,757588,506,1048,17543,,,,,,,,,,,
21.146,pfifo,757588,506,1048,17553,,,,,,,,,,,
21.157,pfifo,757588,506,1048,17563,,,,,,,,,,,
21.169,pfifo,757588,506,1048,17573,,,,,,,,,,,
21.182,pfifo,759102,507,1048,17582,,,,,,,,,,,
21.193,pfifo,759102,507,1048,17592,,,,,,,,,,,
21.205,pfifo,759102,507,1048,17602,,,,,,,,,,,
21.217,pfifo,759102,507,1048,17612,,,,,,,,,,,
21.229,pfifo,759102,507,1048,17622,,,,,,,,,,,
21.241,pfifo,757588,506,1048,17632,,,,,,,,,,,
21.253,pfifo,757588,506,1048,17642,,,,,,,,,,,
21.265,pfifo,757588,506,1048,17652,,,,,,,,,,,
21.277,pfifo,757588,506,1048,17662,,,,,,,,,,,
21.289,pfifo,757588,506,1048,17672,,,,,,,,,,,
21.301,pfifo,757588,506,1048,17682,,,,,,,,,,,
21.313,pfifo,757588,506,1048,17692,,,,,,,,,,,
21.325,pfifo,757588,506,1048,17702,,,,,,,,,,,
21.337,pfifo,757588,506,1048,17713,,,,,,,,,,,
21.349,pfifo,757588,506,1048,17723,,,,,,,,,,,
21.363,pfifo,759102,507,1048,17734,,,,,,,,,,,
21.374,pfifo,757588,506,1048,17743,,,,,,,,,,,
21.386,pfifo,757588,506,1048,17753,,,,,,,,,,,
21.398,pfifo,759102,507,1048,17763,,,,,,,,,,,
21.409,pfifo,760616,508,1048,17772,,,,,,,,,,,
21.421,pfifo,760616,508,1048,17782,,,,,,,,,,,
21.433,pfifo,760616,508,1048,17792,,,,,,,,,,,
21.445,pfifo,762130,509,1048,17802,,,,,,,,,,,
21.456,pfifo,759102,507,1048,17812,,,,,,,,,,,
21.469,pfifo,759102,507,1048,17822,,,,,,,,,,,
21.481,pfifo,759102,507,1048,17832,,,,,,,,,,,
21.493,pfifo,759102,507,1048,17842,,,,,,,,,,,
21.505,pfifo,759102,507,1048,17852,,,,,,,,,,,
21.516,pfifo,759102,507,1048,17862,,,,,,,,,,,
21.528,pfifo,760616,508,1048,17871,,,,,,,,,,,
21.540,pfifo,760616,508,1048,17882,,,,,,,,,,,
21.552,pfifo,760616,508,1048,17892,,,,,,,,,,,
21.564,pfifo,760616,508,1048,17902,,,,,,,,,,,
21.576,pfifo,760616,508,1048,17912,,,,,,,,,,,
21.588,pfifo,759102,507,1048,17921,,,,,,,,,,,
21.599,pfifo,759102,507,1048,17931,,,,,,,,,,,
21.611,pfifo,759102,507,1048,17941,,,,,,,,,,,
21.623,pfifo,759102,507,1048,17951,,,,,,,,,,,
21.635,pfifo,759200,508,1048,17961,,,,,,,,,,,
21.647,pfifo,759102,507,1048,17972,,,,,,,,,,,
21.660,pfifo,759102,507,1048,17982,,,,,,,,,,,
21.672,pfifo,759102,507,1048,17992,,,,,,,,,,,
21.684,pfifo,759102,507,1048,18002,,,,,,,,,,,
21.696,pfifo,760616,508,1048,18013,,,,,,,,,,,
21.709,pfifo,759102,507,1048,18024,,,,,,,,,,,
21.722,pfifo,759102,507,1048,18034,,,,,,,,,,,
21.735,pfifo,759200,508,1048,18044,,,,,,,,,,,
21.747,pfifo,759102,507,1048,18055,,,,,,,,,,,
21.759,pfifo,759102,507,1048,18065,,,,,,,,,,,
21.771,pfifo,760616,508,1048,18074,,,,,,,,,,,
21.782,pfifo,760616,508,1048,18084,,,,,,,,,,,
21.794,pfifo,760616,508,1048,18094,,,,,,,,,,,
21.807,pfifo,760616,508,1048,18104,,,,,,,,,,,
21.818,pfifo,760616,508,1048,18114,,,,,,,,,,,
21.830,pfifo,760616,508,1048,18124,,,,,,,,,,,
21.842,pfifo,759102,507,1048,18136,,,,,,,,,,,
21.856,pfifo,760616,508,1048,18145,,,,,,,,,,,
21.867,pfifo,759102,507,1048,18156,,,,,,,,,,,
21.881,pfifo,759102,507,1048,18166,,,,,,,,,,,
21.893,pfifo,759102,507,1048,18176,,,,,,,,,,,
21.904,pfifo,759102,507,1048,18186,,,,,,,,,,,
21.916,pfifo,759102,507,1048,18196,,,,,,,,,,,
21.928,pfifo,759102,507,1048,18206,,,,,,,,,,,
21.941,pfifo,760616,508,1048,18218,,,,,,,,,,,
21.954,pfifo,759102,507,1048,18227,,,,,,,,,,,
21.966,pfifo,759102,507,1048,18237,,,,,,,,,,,
21.978,pfifo,760616,508,1048,18248,,,,,,,,,,,
21.990,pfifo,759102,507,1048,18257,,,,,,,,,,,
22.002,pfifo,759102,507,1048,18267,,,,,,,,,,,
22.014,pfifo,760616,508,1048,18278,,,,,,,,,,,
22.027,pfifo,760616,508,1048,18288,,,,,,,,,,,
22.039,pfifo,760714,509,1048,18298,,,,,,,,,,,
22.051,pfifo,762130,509,1048,18310,,,,,,,,,,,
22.064,pfifo,762130,509,1048,18320,,,,,,,,,,,
22.076,pfifo,762130,509,1048,18330,,,,,,,,,,,
22.088,pfifo,762130,509,1048,18340,,,,,,,,,,,
22.102,pfifo,762130,509,1048,18350,,,,,,,,,,,
22.113,pfifo,762130,509,1048,18360,,,,,,,,,,,
22.125,pfifo,762130,509,1048,18370,,,,,,,,,,,
22.137,pfifo,762130,509,1048,18380,,,,,,,,,,,
22.149,pfifo,762130,509,1048,18391,,,,,,,,,,,
22.161,pfifo,760616,508,1048,18400,,,,,,,,,,,
22.173,pfifo,762130,509,1048,18411,,,,,,,,,,,
22.185,pfifo,760616,508,1048,18420,,,,,,,,,,,
22.197,pfifo,762130,509,1048,18431,,,,,,,,,,,
22.209,pfifo,760616,508,1048,18440,,,,,,,,,,,
22.221,pfifo,762130,509,1048,18451,,,,,,,,,,,
22.234,pfifo,762130,509,1048,18461,,,,,,,,,,,
22.246,pfifo,762130,509,1048,18472,,,,,,,,,,,
22.258,pfifo,762130,509,1048,18482,,,,,,,,,,,
22.270,pfifo,762130,509,1048,18492,,,,,,,,,,,
22.283,pfifo,762130,509,1048,18502,,,,,,,,,,,
22.295,pfifo,762130,509,1048,18512,,,,,,,,,,,
22.307,pfifo,762130,509,1048,18522,,,,,,,,,,,
22.319,pfifo,760616,508,1048,18533,,,,,,,,,,,
22.332,pfifo,760616,508,1048,18543,,,,,,,,,,,
22.344,pfifo,760616,508,1048,18554,,,,,,,,,,,
22.356,pfifo,762130,509,1048,18563,,,,,,,,,,,
22.368,pfifo,762130,509,1048,18573,,,,,,,,,,,
22.380,pfifo,762130,509,1048,18583,,,,,,,,,,,
22.391,pfifo,762130,509,1048,18593,,,,,,,,,,,
22.403,pfifo,760616,508,1048,18602,,,,,,,,,,,
22.415,pfifo,760616,508,1048,18612,,,,,,,,,,,
22.427,pfifo,760616,508,1048,18622,,,,,,,,,,,
22.439,pfifo,760714,509,1048,18632,,,,,,,,,,,
22.451,pfifo,760616,508,1048,18643,,,,,,,,,,,
22.463,pfifo,760616,508,1048,18653,,,,,,,,,,,
22.475,pfifo,760616,508,1048,18663,,,,,,,,,,,
22.487,pfifo,760616,508,1048,18673,,,,,,,,,,,
22.499,pfifo,762130,509,1048,18682,,,,,,,,,,,
22.511,pfifo,762130,509,1048,18692,,,,,,,,,,,
22.523,pfifo,762130,509,1048,18702,,,,,,,,,,,
22.534,pfifo,760616,508,1048,18711,,,,,,,,,,,
22.546,pfifo,760616,508,1048,18722,,,,,,,,,,,
22.558,pfifo,760616,508,1048,18732,,,,,,,,,,,
22.570,pfifo,760616,508,1048,18742,,,,,,,,,,,
22.582,pfifo,760616,508,1048,18752,,,,,,,,,,,
22.594,pfifo,762130,509,1048,18761,,,,,,,,,,,
22.606,pfifo,762130,509,1048,18771,,,,,,,,,,,
22.618,pfifo,762130,509,1048,18781,,,,,,,,,,,
22.630,pfifo,762130,509,1048,18791,,,,,,,,,,,
22.642,pfifo,762228,510,1048,18801,,,,,,,,,,,
22.654,pfifo,762130,509,1048,18812,,,,,,,,,,,
22.666,pfifo,762130,509,1048,18822,,,,,,,,,,,
22.678,pfifo,762130,509,1048,18832,,,,,,,,,,,
22.690,pfifo,762130,509,1048,18842,,,,,,,,,,,
22.702,pfifo,760616,508,1048,18852,,,,,,,,,,,
22.714,pfifo,762130,509,1048,18861,,,,,,,,,,,
22.725,pfifo,762130,509,1048,18871,,,,,,,,,,,
22.737,pfifo,762130,509,1048,18881,,,,,,,,,,,
22.749,pfifo,763644,510,1048,18891,,,,,,,,,,,
22.761,pfifo,763644,510,1048,18901,,,,,,,,,,,
22.772,pfifo,763644,510,1048,18911,,,,,,,,,,,
22.784,pfifo,762130,509,1048,18920,,,,,,,,,,,
22.796,pfifo,762130,509,1048,18930,,,,,,,,,,,
22.807,pfifo,762130,509,1048,18940,,,,,,,,,,,
22.819,pfifo,763644,510,1048,18949,,,,,,,,,,,
22.831,pfifo,763644,510,1048,18959,,,,,,,,,,,
22.843,pfifo,763742,511,1048,18969,,,,,,,,,,,
22.854,pfifo,765158,511,1048,18979,,,,,,,,,,,
22.866,pfifo,762130,509,1048,18989,,,,,,,,,,,
22.878,pfifo,763644,510,1048,19000,,,,,,,,,,,
22.891,pfifo,763644,510,1048,19010,,,,,,,,,,,
22.903,pfifo,762130,509,1048,19019,,,,,,,,,,,
22.915,pfifo,762130,509,1048,19029,,,,,,,,,,,
22.926,pfifo,762130,509,1048,19039,,,,,,,,,,,
22.938,pfifo,762130,509,1048,19049,,,,,,,,,,,
22.950,pfifo,763644,510,1048,19059,,,,,,,,,,,
22.962,pfifo,763644,510,1048,19069,,,,,,,,,,,
22.973,pfifo,762130,509,1048,19078,,,,,,,,,,,
22.985,pfifo,762130,509,1048,19088,,,,,,,,,,,
22.996,pfifo,762130,509,1048,19098,,,,,,,,,,,
23.008,pfifo,763644,510,1048,19107,,,,,,,,,,,
23.020,pfifo,763644,510,1048,19117,,,,,,,,,,,
23.032,pfifo,762130,509,1048,19126,,,,,,,,,,,
23.043,pfifo,762228,510,1048,19136,,,,,,,,,,,
23.055,pfifo,762130,509,1048,19147,,,,,,,,,,,
23.066,pfifo,763644,510,1048,19156,,,,,,,,,,,
23.078,pfifo,763644,510,1048,19166,,,,,,,,,,,
23.090,pfifo,763644,510,1048,19176,,,,,,,,,,,
23.102,pfifo,762130,509,1048,19185,,,,,,,,,,,
23.113,pfifo,762130,509,1048,19195,,,,,,,,,,,
23.125,pfifo,762130,509,1048,19205,,,,,,,,,,,
23.137,pfifo,763644,510,1048,19214,,,,,,,,,,,
23.149,pfifo,763644,510,1048,19225,,,,,,,,,,,
23.161,pfifo,763644,510,1048,19235,,,,,,,,,,,
23.172,pfifo,763644,510,1048,19245,,,,,,,,,,,
23.184,pfifo,762130,509,1048,19254,,,,,,,,,,,
23.196,pfifo,762130,509,1048,19264,,,,,,,,,,,
23.208,pfifo,762130,509,1048,19274,,,,,,,,,,,
23.219,pfifo,762130,509,1048,19284,,,,,,,,,,,
23.231,pfifo,763644,510,1048,19293,,,,,,,,,,,
23.243,pfifo,763742,511,1048,19303,,,,,,,,,,,
23.255,pfifo,763644,510,1048,19314,,,,,,,,,,,
23.267,pfifo,763644,510,1048,19324,,,,,,,,,,,
23.279,pfifo,762130,509,1048,19333,,,,,,,,,,,
23.290,pfifo,762130,509,1048,19343,,,,,,,,,,,
23.302,pfifo,762130,509,1048,19353,,,,,,,,,,,
23.315,pfifo,762130,509,1048,19363,,,,,,,,,,,
23.326,pfifo,762130,509,1048,19373,,,,,,,,,,,
23.338,pfifo,762130,509,1048,19383,,,,,,,,,,,
23.350,pfifo,765158,511,1048,19394,,,,,,,,,,,
23.362,pfifo,765158,511,1048,19404,,,,,,,,,,,
23.374,pfifo,763644,510,1048,19413,,,,,,,,,,,
23.386,pfifo,763644,510,1048,19423,,,,,,,,,,,
23.398,pfifo,763644,510,1048,19433,,,,,,,,,,,
23.410,pfifo,763644,510,1048,19443,,,,,,,,,,,
23.422,pfifo,765158,511,1048,19452,,,,,,,,,,,
23.434,pfifo,765158,511,1048,19462,,,,,,,,,,,
23.445,pfifo,765256,512,1048,19472,,,,,,,,,,,
23.457,pfifo,765158,511,1048,19483,,,,,,,,,,,
23.469,pfifo,765158,511,1048,19493,,,,,,,,,,,
23.481,pfifo,765158,511,1048,19503,,,,,,,,,,,
23.493,pfifo,763644,510,1048,19512,,,,,,,,,,,
23.505,pfifo,763644,510,1048,19522,,,,,,,,,,,
23.517,pfifo,763644,510,1048,19532,,,,,,,,,,,
23.529,pfifo,763644,510,1048,19542,,,,,,,,,,,
23.540,pfifo,763644,510,1048,19552,,,,,,,,,,,
23.552,pfifo,765158,511,1048,19562,,,,,,,,,,,
23.564,pfifo,765158,511,1048,19572,,,,,,,,,,,
23.576,pfifo,765158,511,1048,19582,,,,,,,,,,,
23.588,pfifo,763644,510,1048,19591,,,,,,,,,,,
23.599,pfifo,763644,510,1048,19601,,,,,,,,,,,
23.611,pfifo,763644,510,1048,19611,,,,,,,,,,,
23.623,pfifo,763644,510,1048,19621,,,,,,,,,,,
23.635,pfifo,763644,510,1048,19631,,,,,,,,,,,
23.647,pfifo,763742,511,1048,19641,,,,,,,,,,,
23.659,pfifo,765158,511,1048,19651,,,,,,,,,,,
23.671,pfifo,765158,511,1048,19661,,,,,,,,,,,
23.683,pfifo,765158,511,1048,19671,,,,,,,,,,,
23.695,pfifo,765158,511,1048,19681,,,,,,,,,,,
23.706,pfifo,763644,510,1048,19690,,,,,,,,,,,
23.718,pfifo,763644,510,1048,19700,,,,,,,,,,,
23.731,pfifo,765158,511,1048,19711,,,,,,,,,,,
23.743,pfifo,765158,511,1048,19721,,,,,,,,,,,
23.755,pfifo,763644,510,1048,19731,,,,,,,,,,,
23.767,pfifo,763644,510,1048,19741,,,,,,,,,,,
23.778,pfifo,763644,510,1048,19751,,,,,,,,,,,
23.790,pfifo,765158,511,1048,19760,,,,,,,,,,,
23.802,pfifo,765158,511,1048,19770,,,,,,,,,,,
23.814,pfifo,765158,511,1048,19780,,,,,,,,,,,
23.826,pfifo,765158,511,1048,19790,,,,,,,,,,,
23.837,pfifo,763644,510,1048,19799,,,,,,,,,,,
23.849,pfifo,763742,511,1048,19809,,,,,,,,,,,
23.861,pfifo,765158,511,1048,19819,,,,,,,,,,,
23.872,pfifo,765158,511,1048,19829,,,,,,,,,,,
23.884,pfifo,765158,511,1048,19839,,,,,,,,,,,
23.896,pfifo,765158,511,1048,19849,,,,,,,,,,,
23.908,pfifo,765158,511,1048,19859,,,,,,,,,,,
23.920,pfifo,765158,511,1048,19869,,,,,,,,,,,
23.932,pfifo,763644,510,1048,19878,,,,,,,,,,,
23.944,pfifo,763644,510,1048,19888,,,,,,,,,,,
23.955,pfifo,763644,510,1048,19899,,,,,,,,,,,
23.967,pfifo,765158,511,1048,19908,,,,,,,,,,,
23.979,pfifo,765158,511,1048,19918,,,,,,,,,,,
23.991,pfifo,765158,511,1048,19928,,,,,,,,,,,
24.002,pfifo,765158,511,1048,19937,,,,,,,,,,,
24.014,pfifo,765158,511,1048,19947,,,,,,,,,,,
24.026,pfifo,765158,511,1048,19957,,,,,,,,,,,
24.037,pfifo,765158,511,1048,19967,,,,,,,,,,,
24.049,pfifo,766770,513,1048,19976,,,,,,,,,,,
24.061,pfifo,766672,512,1048,19987,,,,,,,,,,,
24.073,pfifo,766672,512,1048,19997,,,,,,,,,,,
24.084,pfifo,765158,511,1048,20006,,,,,,,,,,,
24.096,pfifo,765158,511,1048,20016,,,,,,,,,,,
24.108,pfifo,765158,511,1048,20026,,,,,,,,,,,
24.120,pfifo,765158,511,1048,20036,,,,,,,,,,,
24.132,pfifo,766672,512,1048,20045,,,,,,,,,,,
24.144,pfifo,766672,512,1048,20055,,,,,,,,,,,
24.155,pfifo,768186,513,1048,20065,,,,,,,,,,,
24.167,pfifo,765158,511,1048,20075,,,,,,,,,,,
24.179,pfifo,765158,511,1048,20085,,,,,,,,,,,
24.191,pfifo,765158,511,1048,20095,,,,,,,,,,,
24.202,pfifo,766672,512,1048,20104,,,,,,,,,,,
24.214,pfifo,766672,512,1048,20114,,,,,,,,,,,
24.226,pfifo,763644,510,1048,20124,,,,,,,,,,,
24.237,pfifo,765158,511,1048,20133,,,,,,,,,,,
24.249,pfifo,765256,512,1048,20143,,,,,,,,,,,
24.261,pfifo,765158,511,1048,20154,,,,,,,,,,,
24.273,pfifo,766672,512,1048,20163,,,,,,,,,,,
24.284,pfifo,766672,512,1048,20173,,,,,,,,,,,
24.296,pfifo,766672,512,1048,20183,,,,,,,,,,,
24.308,pfifo,766672,512,1048,20193,,,,,,,,,,,
24.320,pfifo,765158,511,1048,20202,,,,,,,,,,,
24.331,pfifo,765158,511,1048,20212,,,,,,,,,,,
24.343,pfifo,765158,511,1048,20222,,,,,,,,,,,
24.356,pfifo,766672,512,1048,20234,,,,,,,,,,,
24.369,pfifo,766672,512,1048,20244,,,,,,,,,,,
24.381,pfifo,766672,512,1048,20254,,,,,,,,,,,
24.393,pfifo,766672,512,1048,20264,,,,,,,,,,,
24.405,pfifo,763644,510,1048,20274,,,,,,,,,,,
24.417,pfifo,765158,511,1048,20283,,,,,,,,,,,
24.429,pfifo,765158,511,1048,20293,,,,,,,,,,,
24.440,pfifo,765158,511,1048,20303,,,,,,,,,,,
24.452,pfifo,765256,512,1048,20313,,,,,,,,,,,
24.464,pfifo,766672,512,1048,20323,,,,,,,,,,,
24.476,pfifo,766672,512,1048,20333,,,,,,,,,,,
24.488,pfifo,766672,512,1048,20343,,,,,,,,,,,
24.500,pfifo,766672,512,1048,20353,,,,,,,,,,,
24.511,pfifo,765158,511,1048,20362,,,,,,,,,,,
24.523,pfifo,765158,511,1048,20372,,,,,,,,,,,
24.535,pfifo,765158,511,1048,20382,,,,,,,,,,,
24.547,pfifo,765158,511,1048,20392,,,,,,,,,,,
24.558,pfifo,766672,512,1048,20402,,,,,,,,,,,
24.571,pfifo,766672,512,1048,20412,,,,,,,,,,,
24.582,pfifo,766672,512,1048,20422,,,,,,,,,,,
24.594,pfifo,766672,512,1048,20432,,,,,,,,,,,
24.606,pfifo,765158,511,1048,20441,,,,,,,,,,,
24.618,pfifo,765158,511,1048,20451,,,,,,,,,,,
24.629,pfifo,765158,511,1048,20461,,,,,,,,,,,
24.641,pfifo,765158,511,1048,20471,,,,,,,,,,,
24.653,pfifo,766770,513,1048,20480,,,,,,,,,,,
24.665,pfifo,766672,512,1048,20491,,,,,,,,,,,
24.677,pfifo,766672,512,1048,20501,,,,,,,,,,,
24.688,pfifo,766672,512,1048,20511,,,,,,,,,,,
24.700,pfifo,768186,513,1048,20520,,,,,,,,,,,
24.712,pfifo,768186,513,1048,20530,,,,,,,,,,,
24.724,pfifo,768186,513,1048,20540,,,,,,,,,,,
24.736,pfifo,768186,513,1048,20550,,,,,,,,,,,
24.748,pfifo,766672,512,1048,20559,,,,,,,,,,,
24.759,pfifo,766672,512,1048,20570,,,,,,,,,,,
24.771,pfifo,768186,513,1048,20579,,,,,,,,,,,
24.782,pfifo,768186,513,1048,20589,,,,,,,,,,,
24.794,pfifo,768186,513,1048,20599,,,,,,,,,,,
24.806,pfifo,766672,512,1048,20608,,,,,,,,,,,
24.818,pfifo,766672,512,1048,20618,,,,,,,,,,,
24.829,pfifo,766672,512,1048,20628,,,,,,,,,,,
24.841,pfifo,766672,512,1048,20638,,,,,,,,,,,
24.853,pfifo,766770,513,1048,20648,,,,,,,,,,,
24.865,pfifo,768186,513,1048,20658,,,,,,,,,,,
24.877,pfifo,766672,512,1048,20669,,,,,,,,,,,
24.889,pfifo,766672,512,1048,20679,,,,,,,,,,,
24.902,pfifo,768186,513,1048,20688,,,,,,,,,,,
24.913,pfifo,768186,513,1048,20698,,,,,,,,,,,
24.925,pfifo,768186,513,1048,20708,,,,,,,,,,,
24.937,pfifo,766672,512,1048,20717,,,,,,,,,,,
24.948,pfifo,766672,512,1048,20727,,,,,,,,,,,
24.960,pfifo,766672,512,1048,20738,,,,,,,,,,,
24.972,pfifo,768186,513,1048,20747,,,,,,,,,,,
24.984,pfifo,768186,513,1048,20757,,,,,,,,,,,
24.996,pfifo,768186,513,1048,20767,,,,,,,,,,,
25.008,pfifo,766672,512,1048,20778,,,,,,,,,,,
25.021,pfifo,766672,512,1048,20788,,,,,,,,,,,
25.033,pfifo,766672,512,1048,20798,,,,,,,,,,,
25.045,pfifo,766672,512,1048,20808,,,,,,,,,,,
25.057,pfifo,768284,514,1048,20817,,,,,,,,,,,
25.069,pfifo,768186,513,1048,20828,,,,,,,,,,,
25.080,pfifo,768186,513,1048,20838,,,,,,,,,,,
25.092,pfifo,768186,513,1048,20848,,,,,,,,,,,
25.104,pfifo,768186,513,1048,20858,,,,,,,,,,,
25.116,pfifo,765158,511,1048,20868,,,,,,,,,,,
25.128,pfifo,766672,512,1048,20877,,,,,,,,,,,
25.140,pfifo,766672,512,1048,20887,,,,,,,,,,,
25.151,pfifo,766672,512,1048,20897,,,,,,,,,,,
25.164,pfifo,768186,513,1048,20907,,,,,,,,,,,
25.175,pfifo,768186,513,1048,20917,,,,,,,,,,,
25.187,pfifo,768186,513,1048,20927,,,,,,,,,,,
25.199,pfifo,768186,513,1048,20937,,,,,,,,,,,
25.211,pfifo,766672,512,1048,20946,,,,,,,,,,,
25.223,pfifo,766672,512,1048,20956,,,,,,,,,,,
25.234,pfifo,766672,512,1048,20966,,,,,,,,,,,
25.246,pfifo,766672,512,1048,20976,,,,,,,,,,,
25.258,pfifo,766770,513,1048,20986,,,,,,,,,,,
25.270,pfifo,768186,513,1048,20996,,,,,,,,,,,
25.282,pfifo,768186,513,1048,21006,,,,,,,,,,,
25.294,pfifo,768186,513,1048,21016,,,,,,,,,,,
25.305,pfifo,769700,514,1048,21026,,,,,,,,,,,
25.317,pfifo,766672,512,1048,21036,,,,,,,,,,,
25.329,pfifo,768186,513,1048,21045,,,,,,,,,,,
25.341,pfifo,768186,513,1048,21055,,,,,,,,,,,
25.353,pfifo,768284,514,1048,21065,,,,,,,,,,,
25.365,pfifo,768186,513,1048,21076,,,,,,,,,,,
25.377,pfifo,769700,514,1048,21085,,,,,,,,,,,
25.388,pfifo,769700,514,1048,21095,,,,,,,,,,,
25.400,pfifo,768186,513,1048,21104,,,,,,,,,,,
25.412,pfifo,768186,513,1048,21114,,,,,,,,,,,
25.423,pfifo,768186,513,1048,21124,,,,,,,,,,,
25.435,pfifo,768186,513,1048,21134,,,,,,,,,,,
25.447,pfifo,768186,513,1048,21144,,,,,,,,,,,
25.459,pfifo,769798,515,1048,21153,,,,,,,,,,,
25.471,pfifo,769700,514,1048,21164,,,,,,,,,,,
25.483,pfifo,769700,514,1048,21174,,,,,,,,,,,
25.495,pfifo,769700,514,1048,21184,,,,,,,,,,,
25.507,pfifo,766672,512,1048,21194,,,,,,,,,,,
25.518,pfifo,768186,513,1048,21203,,,,,,,,,,,
25.530,pfifo,768186,513,1048,21213,,,,,,,,,,,
25.542,pfifo,769700,514,1048,21222,,,,,,,,,,,
25.553,pfifo,769700,514,1048,21232,,,,,,,,,,,
25.565,pfifo,769700,514,1048,21243,,,,,,,,,,,
25.577,pfifo,769700,514,1048,21253,,,,,,,,,,,
25.589,pfifo,768186,513,1048,21262,,,,,,,,,,,
25.601,pfifo,768186,513,1048,21272,,,,,,,,,,,
25.612,pfifo,768186,513,1048,21282,,,,,,,,,,,
25.624,pfifo,769700,514,1048,21291,,,,,,,,,,,
25.636,pfifo,769700,514,1048,21301,,,,,,,,,,,
25.647,pfifo,766672,512,1048,21311,,,,,,,,,,,
25.659,pfifo,768284,514,1048,21320,,,,,,,,,,,
25.671,pfifo,768186,513,1048,21331,,,,,,,,,,,
25.683,pfifo,768186,513,1048,21341,,,,,,,,,,,
25.694,pfifo,769700,514,1048,21350,,,,,,,,,,,
25.706,pfifo,769700,514,1048,21360,,,,,,,,,,,
25.718,pfifo,769700,514,1048,21370,,,,,,,,,,,
25.730,pfifo,768186,513,1048,21379,,,,,,,,,,,
25.741,pfifo,768186,513,1048,21389,,,,,,,,,,,
25.753,pfifo,768186,513,1048,21399,,,,,,,,,,,
25.765,pfifo,768186,513,1048,21410,,,,,,,,,,,
25.777,pfifo,768186,513,1048,21420,,,,,,,,,,,
25.789,pfifo,769700,514,1048,21429,,,,,,,,,,,
25.801,pfifo,769700,514,1048,21439,,,,,,,,,,,
25.813,pfifo,769700,514,1048,21449,,,,,,,,,,,
25.824,pfifo,769700,514,1048,21459,,,,,,,,,,,
25.836,pfifo,766672,512,1048,21469,,,,,,,,,,,
25.848,pfifo,768186,513,1048,21478,,,,,,,,,,,
25.860,pfifo,768284,514,1048,21488,,,,,,,,,,,
25.871,pfifo,768186,513,1048,21499,,,,,,,,,,,
25.883,pfifo,769700,514,1048,21508,,,,,,,,,,,
25.895,pfifo,769700,514,1048,21518,,,,,,,,,,,
25.907,pfifo,769700,514,1048,21528,,,,,,,,,,,
25.920,pfifo,769700,514,1048,21538,,,,,,,,,,,
25.931,pfifo,769700,514,1048,21548,,,,,,,,,,,
25.943,pfifo,769700,514,1048,21558,,,,,,,,,,,
25.955,pfifo,769700,514,1048,21568,,,,,,,,,,,
25.967,pfifo,769700,514,1048,21579,,,,,,,,,,,
25.979,pfifo,771214,515,1048,21588,,,,,,,,,,,
25.991,pfifo,771214,515,1048,21598,,,,,,,,,,,
26.003,pfifo,771214,515,1048,21608,,,,,,,,,,,
26.015,pfifo,771214,515,1048,21618,,,,,,,,,,,
26.026,pfifo,769700,514,1048,21627,,,,,,,,,,,
26.038,pfifo,769700,514,1048,21637,,,,,,,,,,,
26.050,pfifo,769700,514,1048,21647,,,,,,,,,,,
26.062,pfifo,769798,515,1048,21657,,,,,,,,,,,
26.074,pfifo,769700,514,1048,21668,,,,,,,,,,,
26.086,pfifo,771214,515,1048,21677,,,,,,,,,,,
26.098,pfifo,771214,515,1048,21687,,,,,,,,,,,
26.110,pfifo,771214,515,1048,21697,,,,,,,,,,,
26.121,pfifo,768186,513,1048,21707,,,,,,,,,,,
26.133,pfifo,769700,514,1048,21716,,,,,,,,,,,
26.145,pfifo,769700,514,1048,21726,,,,,,,,,,,
26.156,pfifo,769700,514,1048,21736,,,,,,,,,,,
26.168,pfifo,771312,516,1048,21745,,,,,,,,,,,
26.180,pfifo,771214,515,1048,21756,,,,,,,,,,,
26.192,pfifo,771214,515,1048,21766,,,,,,,,,,,
26.204,pfifo,771214,515,1048,21776,,,,,,,,,,,
26.215,pfifo,769700,514,1048,21785,,,,,,,,,,,
26.227,pfifo,769700,514,1048,21795,,,,,,,,,,,
26.239,pfifo,769700,514,1048,21805,,,,,,,,,,,
26.251,pfifo,771214,515,1048,21814,,,,,,,,,,,
26.262,pfifo,771312,516,1048,21824,,,,,,,,,,,
26.274,pfifo,771214,515,1048,21835,,,,,,,,,,,
26.286,pfifo,771214,515,1048,21845,,,,,,,,,,,
26.298,pfifo,771214,515,1048,21855,,,,,,,,,,,
26.310,pfifo,769700,514,1048,21864,,,,,,,,,,,
26.322,pfifo,769700,514,1048,21874,,,,,,,,,,,
26.334,pfifo,769700,514,1048,21884,,,,,,,,,,,
26.345,pfifo,771214,515,1048,21893,,,,,,,,,,,
26.357,pfifo,771214,515,1048,21903,,,,,,,,,,,
26.369,pfifo,771312,516,1048,21913,,,,,,,,,,,
26.381,pfifo,771214,515,1048,21924,,,,,,,,,,,
26.393,pfifo,771214,515,1048,21934,,,,,,,,,,,
26.405,pfifo,771214,515,1048,21944,,,,,,,,,,,
26.417,pfifo,771214,515,1048,21954,,,,,,,,,,,
26.429,pfifo,769700,514,1048,21963,,,,,,,,,,,
26.441,pfifo,769700,514,1048,21973,,,,,,,,,,,
26.452,pfifo,769700,514,1048,21983,,,,,,,,,,,
26.464,pfifo,769798,515,1048,21993,,,,,,,,,,,
26.476,pfifo,769700,514,1048,22004,,,,,,,,,,,
26.488,pfifo,769700,514,1048,22014,,,,,,,,,,,
26.501,pfifo,771214,515,1048,22023,,,,,,,,,,,
26.512,pfifo,771214,515,1048,22033,,,,,,,,,,,
26.524,pfifo,771214,515,1048,22043,,,,,,,,,,,
26.536,pfifo,771214,515,1048,22053,,,,,,,,,,,
26.548,pfifo,769700,514,1048,22062,,,,,,,,,,,
26.560,pfifo,769798,515,1048,22072,,,,,,,,,,,
26.571,pfifo,769700,514,1048,22083,,,,,,,,,,,
26.583,pfifo,769700,514,1048,22093,,,,,,,,,,,
26.595,pfifo,771214,515,1048,22102,,,,,,,,,,,
26.607,pfifo,771214,515,1048,22112,,,,,,,,,,,
26.619,pfifo,772728,516,1048,22122,,,,,,,,,,,
26.631,pfifo,772728,516,1048,22132,,,,,,,,,,,
26.643,pfifo,772728,516,1048,22142,,,,,,,,,,,
26.655,pfifo,772728,516,1048,22152,,,,,,,,,,,
26.666,pfifo,769798,515,1048,22162,,,,,,,,,,,
26.678,pfifo,771214,515,1048,22172,,,,,,,,,,,
26.690,pfifo,771214,515,1048,22182,,,,,,,,,,,
26.702,pfifo,771214,515,1048,22192,,,,,,,,,,,
26.714,pfifo,772728,516,1048,22201,,,,,,,,,,,
26.726,pfifo,772728,516,1048,22211,,,,,,,,,,,
26.738,pfifo,772728,516,1048,22221,,,,,,,,,,,
26.750,pfifo,772728,516,1048,22231,,,,,,,,,,,
26.762,pfifo,772826,517,1048,22241,,,,,,,,,,,
26.774,pfifo,772728,516,1048,22252,,,,,,,,,,,
26.786,pfifo,772728,516,1048,22262,,,,,,,,,,,
26.798,pfifo,772728,516,1048,22272,,,,,,,,,,,
26.810,pfifo,772728,516,1048,22282,,,,,,,,,,,
26.822,pfifo,771214,515,1048,22291,,,,,,,,,,,
26.834,pfifo,771214,515,1048,22301,,,,,,,,,,,
26.846,pfifo,771214,515,1048,22311,,,,,,,,,,,
26.858,pfifo,771214,515,1048,22321,,,,,,,,,,,
26.870,pfifo,771312,516,1048,22331,,,,,,,,,,,
26.882,pfifo,772728,516,1048,22343,,,,,,,,,,,
26.895,pfifo,772728,516,1048,22353,,,,,,,,,,,
26.907,pfifo,772728,516,1048,22363,,,,,,,,,,,
26.919,pfifo,772728,516,1048,22373,,,,,,,,,,,
26.931,pfifo,772728,516,1048,22383,,,,,,,,,,,
26.943,pfifo,771214,515,1048,22392,,,,,,,,,,,
26.955,pfifo,771214,515,1048,22402,,,,,,,,,,,
26.966,pfifo,771312,516,1048,22412,,,,,,,,,,,
26.978,pfifo,772728,516,1048,22422,,,,,,,,,,,
26.990,pfifo,772728,516,1048,22432,,,,,,,,,,,
27.001,pfifo,772728,516,1048,22442,,,,,,,,,,,
27.013,pfifo,771214,515,1048,22451,,,,,,,,,,,
27.025,pfifo,771214,515,1048,22461,,,,,,,,,,,
27.037,pfifo,772728,516,1048,22470,,,,,,,,,,,
27.048,pfifo,772728,516,1048,22480,,,,,,,,,,,
27.060,pfifo,772728,516,1048,22490,,,,,,,,,,,
27.071,pfifo,771312,516,1048,22499,,,,,,,,,,,
27.083,pfifo,771214,515,1048,22510,,,,,,,,,,,
27.095,pfifo,772728,516,1048,22519,,,,,,,,,,,
27.106,pfifo,772728,516,1048,22529,,,,,,,,,,,
27.118,pfifo,772728,516,1048,22539,,,,,,,,,,,
27.130,pfifo,772728,516,1048,22549,,,,,,,,,,,
27.142,pfifo,771214,515,1048,22558,,,,,,,,,,,
27.153,pfifo,771214,515,1048,22568,,,,,,,,,,,
27.165,pfifo,771312,516,1048,22578,,,,,,,,,,,
27.177,pfifo,772728,516,1048,22588,,,,,,,,,,,
27.189,pfifo,772728,516,1048,22598,,,,,,,,,,,
27.200,pfifo,772728,516,1048,22608,,,,,,,,,,,
27.212,pfifo,772728,516,1048,22618,,,,,,,,,,,
27.224,pfifo,771214,515,1048,22627,,,,,,,,,,,
27.236,pfifo,771214,515,1048,22637,,,,,,,,,,,
27.248,pfifo,771214,515,1048,22647,,,,,,,,,,,
27.260,pfifo,771214,515,1048,22657,,,,,,,,,,,
27.272,pfifo,771312,516,1048,22667,,,,,,,,,,,
27.284,pfifo,774242,517,1048,22678,,,,,,,,,,,
27.296,pfifo,774242,517,1048,22688,,,,,,,,,,,
27.308,pfifo,774242,517,1048,22698,,,,,,,,,,,
27.320,pfifo,772728,516,1048,22707,,,,,,,,,,,
27.332,pfifo,772728,516,1048,22717,,,,,,,,,,,
27.343,pfifo,772728,516,1048,22727,,,,,,,,,,,
27.355,pfifo,772728,516,1048,22737,,,,,,,,,,,
27.367,pfifo,772826,517,1048,22747,,,,,,,,,,,
27.380,pfifo,772728,516,1048,22758,,,,,,,,,,,
27.391,pfifo,774242,517,1048,22767,,,,,,,,,,,
27.403,pfifo,774242,517,1048,22777,,,,,,,,,,,
27.416,pfifo,772728,516,1048,22788,,,,,,,,,,,
27.428,pfifo,772728,516,1048,22798,,,,,,,,,,,
27.440,pfifo,774242,517,1048,22809,,,,,,,,,,,
27.453,pfifo,774242,517,1048,22819,,,,,,,,,,,
27.466,pfifo,774340,518,1048,22829,,,,,,,,,,,
27.478,pfifo,774242,517,1048,22840,,,,,,,,,,,
27.490,pfifo,774242,517,1048,22850,,,,,,,,,,,
27.502,pfifo,772728,516,1048,22859,,,,,,,,,,,
27.514,pfifo,772728,516,1048,22869,,,,,,,,,,,
27.525,pfifo,772728,516,1048,22879,,,,,,,,,,,
27.537,pfifo,772728,516,1048,22889,,,,,,,,,,,
27.549,pfifo,772728,516,1048,22899,,,,,,,,,,,
27.561,pfifo,774242,517,1048,22908,,,,,,,,,,,
27.573,pfifo,774340,518,1048,22918,,,,,,,,,,,
27.584,pfifo,774242,517,1048,22929,,,,,,,,,,,
27.596,pfifo,772728,516,1048,22938,,,,,,,,,,,
27.608,pfifo,772728,516,1048,22948,,,,,,,,,,,
27.620,pfifo,772728,516,1048,22958,,,,,,,,,,,
27.632,pfifo,772728,516,1048,22968,,,,,,,,,,,
27.644,pfifo,774242,517,1048,22977,,,,,,,,,,,
27.655,pfifo,774242,517,1048,22987,,,,,,,,,,,
27.668,pfifo,774340,518,1048,22997,,,,,,,,,,,
27.679,pfifo,774242,517,1048,23008,,,,,,,,,,,
27.691,pfifo,774242,517,1048,23018,,,,,,,,,,,
27.703,pfifo,772728,516,1048,23027,,,,,,,,,,,
27.715,pfifo,772728,516,1048,23037,,,,,,,,,,,
27.726,pfifo,772728,516,1048,23047,,,,,,,,,,,
27.738,pfifo,772728,516,1048,23057,,,,,,,,,,,
27.750,pfifo,772728,516,1048,23067,,,,,,,,,,,
27.762,pfifo,774242,517,1048,23076,,,,,,,,,,,
27.774,pfifo,774340,518,1048,23086,,,,,,,,,,,
27.785,pfifo,772728,516,1048,23096,,,,,,,,,,,
27.797,pfifo,772728,516,1048,23106,,,,,,,,,,,
27.809,pfifo,772728,516,1048,23116,,,,,,,,,,,
27.821,pfifo,772728,516,1048,23126,,,,,,,,,,,
27.832,pfifo,774242,517,1048,23135,,,,,,,,,,,
27.844,pfifo,774242,517,1048,23145,,,,,,,,,,,
27.856,pfifo,774242,517,1048,23155,,,,,,,,,,,
27.868,pfifo,772826,517,1048,23164,,,,,,,,,,,
27.879,pfifo,772728,516,1048,23175,,,,,,,,,,,
27.892,pfifo,772728,516,1048,23185,,,,,,,,,,,
27.904,pfifo,772728,516,1048,23195,,,,,,,,,,,
27.916,pfifo,772728,516,1048,23205,,,,,,,,,,,
27.928,pfifo,772728,516,1048,23215,,,,,,,,,,,
27.939,pfifo,774242,517,1048,23225,,,,,,,,,,,
27.951,pfifo,775756,518,1048,23234,,,,,,,,,,,
27.963,pfifo,775756,518,1048,23244,,,,,,,,,,,
27.975,pfifo,775854,519,1048,23254,,,,,,,,,,,
27.987,pfifo,775756,518,1048,23265,,,,,,,,,,,
27.999,pfifo,774242,517,1048,23274,,,,,,,,,,,
28.010,pfifo,774242,517,1048,23284,,,,,,,,,,,
28.022,pfifo,774242,517,1048,23294,,,,,,,,,,,
28.034,pfifo,775756,518,1048,23303,,,,,,,,,,,
28.046,pfifo,775756,518,1048,23313,,,,,,,,,,,
28.058,pfifo,775756,518,1048,23323,,,,,,,,,,,
28.069,pfifo,775854,519,1048,23333,,,,,,,,,,,
28.081,pfifo,774340,518,1048,23342,,,,,,,,,,,
28.093,pfifo,774242,517,1048,23353,,,,,,,,,,,
28.104,pfifo,775756,518,1048,23362,,,,,,,,,,,
28.116,pfifo,775756,518,1048,23372,,,,,,,,,,,
28.127,pfifo,775756,518,1048,23382,,,,,,,,,,,
28.139,pfifo,775756,518,1048,23392,,,,,,,,,,,
28.152,pfifo,775756,518,1048,23402,,,,,,,,,,,
28.164,pfifo,775756,518,1048,23412,,,,,,,,,,,
28.176,pfifo,775854,519,1048,23422,,,,,,,,,,,
28.188,pfifo,774242,517,1048,23432,,,,,,,,,,,
28.199,pfifo,774242,517,1048,23442,,,,,,,,,,,
28.211,pfifo,774242,517,1048,23452,,,,,,,,,,,
28.223,pfifo,775756,518,1048,23461,,,,,,,,,,,
28.235,pfifo,775756,518,1048,23471,,,,,,,,,,,
28.246,pfifo,775756,518,1048,23481,,,,,,,,,,,
28.258,pfifo,772728,516,1048,23491,,,,,,,,,,,
28.270,pfifo,774340,518,1048,23500,,,,,,,,,,,
28.282,pfifo,774340,518,1048,23510,,,,,,,,,,,
28.293,pfifo,775756,518,1048,23520,,,,,,,,,,,
28.305,pfifo,775756,518,1048,23530,,,,,,,,,,,
28.317,pfifo,777270,519,1048,23539,,,,,,,,,,,
28.328,pfifo,774242,517,1048,23549,,,,,,,,,,,
28.340,pfifo,774242,517,1048,23559,,,,,,,,,,,
28.352,pfifo,774242,517,1048,23569,,,,,,,,,,,
28.364,pfifo,775756,518,1048,23578,,,,,,,,,,,
28.375,pfifo,775854,519,1048,23588,,,,,,,,,,,
28.387,pfifo,775756,518,1048,23599,,,,,,,,,,,
28.399,pfifo,774242,517,1048,23608,,,,,,,,,,,
28.411,pfifo,774242,517,1048,23618,,,,,,,,,,,
28.422,pfifo,774242,517,1048,23628,,,,,,,,,,,
28.434,pfifo,774242,517,1048,23638,,,,,,,,,,,
28.446,pfifo,775756,518,1048,23647,,,,,,,,,,,
28.458,pfifo,775756,518,1048,23657,,,,,,,,,,,
28.469,pfifo,775756,518,1048,23667,,,,,,,,,,,
28.481,pfifo,774340,518,1048,23676,,,,,,,,,,,
28.493,pfifo,774242,517,1048,23687,,,,,,,,,,,
28.505,pfifo,774242,517,1048,23697,,,,,,,,,,,
28.516,pfifo,775756,518,1048,23706,,,,,,,,,,,
28.528,pfifo,775756,518,1048,23716,,,,,,,,,,,
28.540,pfifo,775756,518,1048,23726,,,,,,,,,,,
28.552,pfifo,775756,518,1048,23736,,,,,,,,,,,
28.563,pfifo,774242,517,1048,23745,,,,,,,,,,,
28.575,pfifo,774340,518,1048,23755,,,,,,,,,,,
28.587,pfifo,774242,517,1048,23766,,,,,,,,,,,
28.599,pfifo,775756,518,1048,23775,,,,,,,,,,,
28.610,pfifo,775756,518,1048,23785,,,,,,,,,,,
28.622,pfifo,775756,518,1048,23795,,,,,,,,,,,
28.634,pfifo,777270,519,1048,23804,,,,,,,,,,,
28.646,pfifo,775756,518,1048,23815,,,,,,,,,,,
28.658,pfifo,775756,518,1048,23825,,,,,,,,,,,
28.670,pfifo,775756,518,1048,23835,,,,,,,,,,,
28.683,pfifo,775854,519,1048,23845,,,,,,,,,,,
28.695,pfifo,777270,519,1048,23855,,,,,,,,,,,
28.707,pfifo,777270,519,1048,23865,,,,,,,,,,,
28.719,pfifo,777270,519,1048,23875,,,,,,,,,,,
28.730,pfifo,777270,519,1048,23885,,,,,,,,,,,
28.742,pfifo,777270,519,1048,23895,,,,,,,,,,,
28.754,pfifo,777270,519,1048,23905,,,,,,,,,,,
28.766,pfifo,777270,519,1048,23915,,,,,,,,,,,
28.778,pfifo,775854,519,1048,23924,,,,,,,,,,,
28.790,pfifo,775756,518,1048,23935,,,,,,,,,,,
28.802,pfifo,775756,518,1048,23945,,,,,,,,,,,
28.813,pfifo,777270,519,1048,23954,,,,,,,,,,,
28.825,pfifo,777270,519,1048,23964,,,,,,,,,,,
28.837,pfifo,777270,519,1048,23974,,,,,,,,,,,
28.848,pfifo,775756,518,1048,23983,,,,,,,,,,,
28.860,pfifo,775756,518,1048,23993,,,,,,,,,,,
28.872,pfifo,775756,518,1048,24003,,,,,,,,,,,
28.884,pfifo,775854,519,1048,24013,,,,,,,,,,,
28.896,pfifo,775756,518,1048,24024,,,,,,,,,,,
28.908,pfifo,775756,518,1048,24034,,,,,,,,,,,
28.920,pfifo,775756,518,1048,24044,,,,,,,,,,,
28.932,pfifo,777270,519,1048,24053,,,,,,,,,,,
28.944,pfifo,777270,519,1048,24063,,,,,,,,,,,
28.956,pfifo,777270,519,1048,24073,,,,,,,,,,,
28.967,pfifo,777270,519,1048,24083,,,,,,,,,,,
28.979,pfifo,775854,519,1048,24092,,,,,,,,,,,
28.991,pfifo,775756,518,1048,24103,,,,,,,,,,,
29.003,pfifo,775756,518,1048,24113,,,,,,,,,,,
29.015,pfifo,775756,518,1048,24123,,,,,,,,,,,
29.026,pfifo,777270,519,1048,24132,,,,,,,,,,,
29.038,pfifo,777270,519,1048,24142,,,,,,,,,,,
29.050,pfifo,777270,519,1048,24152,,,,,,,,,,,
29.062,pfifo,777270,519,1048,24162,,,,,,,,,,,
29.074,pfifo,775756,518,1048,24171,,,,,,,,,,,
29.085,pfifo,775854,519,1048,24181,,,,,,,,,,,
29.097,pfifo,777270,519,1048,24191,,,,,,,,,,,
29.109,pfifo,777270,519,1048,24201,,,,,,,,,,,
29.120,pfifo,777270,519,1048,24211,,,,,,,,,,,
29.132,pfifo,777270,519,1048,24221,,,,,,,,,,,
29.144,pfifo,775756,518,1048,24230,,,,,,,,,,,
29.156,pfifo,775756,518,1048,24240,,,,,,,,,,,
29.168,pfifo,775756,518,1048,24250,,,,,,,,,,,
29.180,pfifo,775854,519,1048,24260,,,,,,,,,,,
29.192,pfifo,775756,518,1048,24271,,,,,,,,,,,
29.204,pfifo,777270,519,1048,24280,,,,,,,,,,,
29.215,pfifo,777270,519,1048,24290,,,,,,,,,,,
29.227,pfifo,777270,519,1048,24300,,,,,,,,,,,
29.239,pfifo,777270,519,1048,24310,,,,,,,,,,,
29.251,pfifo,777270,519,1048,24320,,,,,,,,,,,
29.263,pfifo,777270,519,1048,24329,,,,,,,,,,,
29.275,pfifo,777270,519,1048,24339,,,,,,,,,,,
29.287,pfifo,777368,520,1048,24349,,,,,,,,,,,
29.298,pfifo,777270,519,1048,24360,,,,,,,,,,,
29.310,pfifo,777270,519,1048,24370,,,,,,,,,,,
29.322,pfifo,777270,519,1048,24380,,,,,,,,,,,
29.335,pfifo,777270,519,1048,24390,,,,,,,,,,,
29.347,pfifo,778784,520,1048,24399,,,,,,,,,,,
29.358,pfifo,778784,520,1048,24409,,,,,,,,,,,
29.370,pfifo,778784,520,1048,24419,,,,,,,,,,,
29.382,pfifo,778882,521,1048,24429,,,,,,,,,,,
29.394,pfifo,777270,519,1048,24439,,,,,,,,,,,
29.405,pfifo,777270,519,1048,24449,,,,,,,,,,,
29.417,pfifo,777270,519,1048,24459,,,,,,,,,,,
29.429,pfifo,777270,519,1048,24469,,,,,,,,,,,
29.441,pfifo,777270,519,1048,24479,,,,,,,,,,,
29.453,pfifo,777270,519,1048,24489,,,,,,,,,,,
29.465,pfifo,778784,520,1048,24498,,,,,,,,,,,
29.477,pfifo,778784,520,1048,24508,,,,,,,,,,,
29.488,pfifo,775854,519,1048,24518,,,,,,,,,,,
29.500,pfifo,777270,519,1048,24528,,,,,,,,,,,
29.512,pfifo,777270,519,1048,24538,,,,,,,,,,,
29.523,pfifo,778784,520,1048,24547,,,,,,,,,,,
29.535,pfifo,778784,520,1048,24557,,,,,,,,,,,
29.547,pfifo,777270,519,1048,24566,,,,,,,,,,,
29.559,pfifo,777270,519,1048,24576,,,,,,,,,,,
29.570,pfifo,777270,519,1048,24586,,,,,,,,,,,
29.582,pfifo,777368,520,1048,24596,,,,,,,,,,,
29.594,pfifo,778882,521,1048,24605,,,,,,,,,,,
29.605,pfifo,778784,520,1048,24616,,,,,,,,,,,
29.617,pfifo,778784,520,1048,24626,,,,,,,,,,,
29.629,pfifo,777270,519,1048,24635,,,,,,,,,,,
29.641,pfifo,777270,519,1048,24645,,,,,,,,,,,
29.653,pfifo,777270,519,1048,24655,,,,,,,,,,,
29.664,pfifo,778784,520,1048,24664,,,,,,,,,,,
29.676,pfifo,778784,520,1048,24674,,,,,,,,,,,
29.688,pfifo,777368,520,1048,24683,,,,,,,,,,,
29.699,pfifo,777270,519,1048,24694,,,,,,,,,,,
29.711,pfifo,777270,519,1048,24704,,,,,,,,,,,
29.723,pfifo,777270,519,1048,24714,,,,,,,,,,,
29.734,pfifo,778784,520,1048,24723,,,,,,,,,,,
29.746,pfifo,778784,520,1048,24733,,,,,,,,,,,
29.758,pfifo,778784,520,1048,24743,,,,,,,,,,,
29.770,pfifo,777270,519,1048,24752,,,,,,,,,,,
29.781,pfifo,777368,520,1048,24762,,,,,,,,,,,
29.793,pfifo,777368,520,1048,24772,,,,,,,,,,,
29.805,pfifo,778784,520,1048,24782,,,,,,,,,,,
29.817,pfifo,778784,520,1048,24792,,,,,,,,,,,
29.828,pfifo,778784,520,1048,24802,,,,,,,,,,,
29.840,pfifo,778784,520,1048,24812,,,,,,,,,,,
29.853,pfifo,778784,520,1048,24822,,,,,,,,,,,
29.865,pfifo,778784,520,1048,24832,,,,,,,,,,,
29.877,pfifo,778784,520,1048,24842,,,,,,,,,,,
29.889,pfifo,778882,521,1048,24852,,,,,,,,,,,
29.901,pfifo,778784,520,1048,24863,,,,,,,,,,,
29.913,pfifo,778784,520,1048,24873,,,,,,,,,,,
29.925,pfifo,778784,520,1048,24883,,,,,,,,,,,
29.937,pfifo,778784,520,1048,24893,,,,,,,,,,,
29.949,pfifo,778784,520,1048,24903,,,,,,,,,,,
29.961,pfifo,780298,521,1048,24912,,,,,,,,,,,
29.973,pfifo,780298,521,1048,24922,,,,,,,,,,,
29.985,pfifo,780396,522,1048,24932,,,,,,,,,,,
29.997,pfifo,780396,522,1048,24942,,,,,,,,,,,
30.009,pfifo,780298,521,1048,24953,,,,,,,,,,,
30.021,pfifo,778784,520,1048,24962,,,,,,,,,,,
30.032,pfifo,778784,520,1048,24972,,,,,,,,,,,
30.044,pfifo,778784,520,1048,24982,,,,,,,,,,,
30.056,pfifo,778784,520,1048,24992,,,,,,,,,,,
30.068,pfifo,780298,521,1048,25001,,,,,,,,,,,
30.080,pfifo,780298,521,1048,25011,,,,,,,,,,,
30.092,pfifo,780396,522,1048,25021,,,,,,,,,,,
30.103,pfifo,780298,521,1048,25032,,,,,,,,,,,
30.115,pfifo,778784,520,1048,25041,,,,,,,,,,,
30.127,pfifo,778784,520,1048,25051,,,,,,,,,,,
30.139,pfifo,778784,520,1048,25061,,,,,,,,,,,
30.150,pfifo,780298,521,1048,25070,,,,,,,,,,,
30.162,pfifo,780298,521,1048,25080,,,,,,,,,,,
30.174,pfifo,780298,521,1048,25090,,,,,,,,,,,
30.185,pfifo,778882,521,1048,25099,,,,,,,,,,,
30.197,pfifo,778882,521,1048,25109,,,,,,,,,,,
30.209,pfifo,778784,520,1048,25120,,,,,,,,,,,
30.221,pfifo,778784,520,1048,25130,,,,,,,,,,,
30.233,pfifo,780298,521,1048,25139,,,,,,,,,,,
30.244,pfifo,780298,521,1048,25149,,,,,,,,,,,
30.256,pfifo,780298,521,1048,25159,,,,,,,,,,,
30.268,pfifo,780298,521,1048,25169,,,,,,,,,,,
30.280,pfifo,780298,521,1048,25179,,,,,,,,,,,
30.292,pfifo,780396,522,1048,25189,,,,,,,,,,,
30.304,pfifo,778784,520,1048,25199,,,,,,,,,,,
30.316,pfifo,778784,520,1048,25209,,,,,,,,,,,
30.328,pfifo,778784,520,1048,25219,,,,,,,,,,,
30.340,pfifo,778784,520,1048,25229,,,,,,,,,,,
30.352,pfifo,778784,520,1048,25239,,,,,,,,,,,
30.364,pfifo,780298,521,1048,25248,,,,,,,,,,,
30.375,pfifo,780298,521,1048,25258,,,,,,,,,,,
30.387,pfifo,780396,522,1048,25268,,,,,,,,,,,
30.400,pfifo,778784,520,1048,25280,,,,,,,,,,,
30.412,pfifo,778784,520,1048,25290,,,,,,,,,,,
30.425,pfifo,778784,520,1048,25300,,,,,,,,,,,
30.436,pfifo,778784,520,1048,25310,,,,,,,,,,,
30.448,pfifo,778784,520,1048,25320,,,,,,,,,,,
30.460,pfifo,780298,521,1048,25329,,,,,,,,,,,
30.472,pfifo,780298,521,1048,25339,,,,,,,,,,,
30.484,pfifo,780396,522,1048,25349,,,,,,,,,,,
30.496,pfifo,780396,522,1048,25359,,,,,,,,,,,
30.508,pfifo,780298,521,1048,25370,,,,,,,,,,,
30.520,pfifo,780298,521,1048,25380,,,,,,,,,,,
30.532,pfifo,778784,520,1048,25389,,,,,,,,,,,
30.544,pfifo,778784,520,1048,25399,,,,,,,,,,,
30.556,pfifo,778784,520,1048,25409,,,,,,,,,,,
30.567,pfifo,780298,521,1048,25418,,,,,,,,,,,
30.579,pfifo,780298,521,1048,25428,,,,,,,,,,,
30.591,pfifo,781910,523,1048,25438,,,,,,,,,,,
30.603,pfifo,781910,523,1048,25448,,,,,,,,,,,
30.615,pfifo,781812,522,1048,25459,,,,,,,,,,,
30.627,pfifo,781812,522,1048,25469,,,,,,,,,,,
30.639,pfifo,781812,522,1048,25479,,,,,,,,,,,
30.651,pfifo,780298,521,1048,25488,,,,,,,,,,,
30.663,pfifo,780298,521,1048,25498,,,,,,,,,,,
30.675,pfifo,780298,521,1048,25508,,,,,,,,,,,
30.687,pfifo,780396,522,1048,25518,,,,,,,,,,,
30.698,pfifo,780396,522,1048,25528,,,,,,,,,,,
30.710,pfifo,781812,522,1048,25538,,,,,,,,,,,
30.722,pfifo,781812,522,1048,25548,,,,,,,,,,,
30.734,pfifo,781812,522,1048,25558,,,,,,,,,,,
30.746,pfifo,781812,522,1048,25568,,,,,,,,,,,
30.758,pfifo,781812,522,1048,25578,,,,,,,,,,,
30.770,pfifo,780298,521,1048,25587,,,,,,,,,,,
30.782,pfifo,780298,521,1048,25597,,,,,,,,,,,
30.793,pfifo,780396,522,1048,25607,,,,,,,,,,,
30.805,pfifo,780298,521,1048,25618,,,,,,,,,,,
30.818,pfifo,780298,521,1048,25628,,,,,,,,,,,
30.830,pfifo,780298,521,1048,25638,,,,,,,,,,,
30.842,pfifo,783326,523,1048,25648,,,,,,,,,,,
30.855,pfifo,780298,521,1048,25658,,,,,,,,,,,
30.867,pfifo,778784,520,1048,25669,,,,,,,,,,,
30.879,pfifo,781812,522,1048,25679,,,,,,,,,,,
30.891,pfifo,780396,522,1048,25690,,,,,,,,,,,
30.904,pfifo,781910,523,1048,25699,,,,,,,,,,,
30.916,pfifo,781812,522,1048,25710,,,,,,,,,,,
30.928,pfifo,781812,522,1048,25720,,,,,,,,,,,
30.940,pfifo,781812,522,1048,25730,,,,,,,,,,,
30.952,pfifo,781812,522,1048,25740,,,,,,,,,,,
30.964,pfifo,781812,522,1048,25750,,,,,,,,,,,
30.976,pfifo,781812,522,1048,25760,,,,,,,,,,,
30.988,pfifo,781910,523,1048,25770,,,,,,,,,,,
31.000,pfifo,778882,521,1048,25780,,,,,,,,,,,
31.012,pfifo,780298,521,1048,25790,,,,,,,,,,,
31.024,pfifo,780298,521,1048,25800,,,,,,,,,,,
31.036,pfifo,780298,521,1048,25810,,,,,,,,,,,
31.048,pfifo,780298,521,1048,25820,,,,,,,,,,,
31.060,pfifo,780298,521,1048,25830,,,,,,,,,,,
31.072,pfifo,780298,521,1048,25840,,,,,,,,,,,
31.084,pfifo,780298,521,1048,25850,,,,,,,,,,,
31.096,pfifo,781910,523,1048,25859,,,,,,,,,,,
31.107,pfifo,781812,522,1048,25870,,,,,,,,,,,
31.119,pfifo,781812,522,1048,25880,,,,,,,,,,,
31.131,pfifo,781812,522,1048,25890,,,,,,,,,,,
31.143,pfifo,780298,521,1048,25899,,,,,,,,,,,
31.155,pfifo,780298,521,1048,25909,,,,,,,,,,,
31.167,pfifo,780298,521,1048,25919,,,,,,,,,,,
31.179,pfifo,780298,521,1048,25929,,,,,,,,,,,
31.191,pfifo,780396,522,1048,25939,,,,,,,,,,,
31.202,pfifo,781910,523,1048,25948,,,,,,,,,,,
31.214,pfifo,781812,522,1048,25959,,,,,,,,,,,
31.226,pfifo,781812,522,1048,25969,,,,,,,,,,,
31.238,pfifo,781812,522,1048,25979,,,,,,,,,,,
31.250,pfifo,781812,522,1048,25989,,,,,,,,,,,
31.262,pfifo,783326,523,1048,25998,,,,,,,,,,,
31.274,pfifo,783326,523,1048,26008,,,,,,,,,,,
31.286,pfifo,783326,523,1048,26018,,,,,,,,,,,
31.298,pfifo,783424,524,1048,26028,,,,,,,,,,,
31.310,pfifo,783326,523,1048,26039,,,,,,,,,,,
31.322,pfifo,783326,523,1048,26049,,,,,,,,,,,
31.334,pfifo,783326,523,1048,26059,,,,,,,,,,,
31.346,pfifo,783326,523,1048,26069,,,,,,,,,,,
31.358,pfifo,783326,523,1048,26079,,,,,,,,,,,
31.370,pfifo,781812,522,1048,26088,,,,,,,,,,,
31.381,pfifo,781812,522,1048,26098,,,,,,,,,,,
31.393,pfifo,781910,523,1048,26108,,,,,,,,,,,
31.405,pfifo,783424,524,1048,26117,,,,,,,,,,,
31.417,pfifo,783326,523,1048,26128,,,,,,,,,,,
31.428,pfifo,783326,523,1048,26138,,,,,,,,,,,
31.441,pfifo,783326,523,1048,26148,,,,,,,,,,,
31.453,pfifo,783326,523,1048,26158,,,,,,,,,,,
31.465,pfifo,783326,523,1048,26168,,,,,,,,,,,
31.477,pfifo,783326,523,1048,26178,,,,,,,,,,,
31.488,pfifo,780298,521,1048,26188,,,,,,,,,,,
31.501,pfifo,781910,523,1048,26197,,,,,,,,,,,
31.512,pfifo,781812,522,1048,26208,,,,,,,,,,,
31.524,pfifo,781812,522,1048,26218,,,,,,,,,,,
31.536,pfifo,783326,523,1048,26227,,,,,,,,,,,
31.547,pfifo,783326,523,1048,26237,,,,,,,,,,,
31.559,pfifo,781812,522,1048,26246,,,,,,,,,,,
31.571,pfifo,781812,522,1048,26256,,,,,,,,,,,
31.583,pfifo,781812,522,1048,26266,,,,,,,,,,,
31.594,pfifo,781910,523,1048,26276,,,,,,,,,,,
31.606,pfifo,783424,524,1048,26285,,,,,,,,,,,
31.618,pfifo,783326,523,1048,26296,,,,,,,,,,,
31.629,pfifo,783326,523,1048,26306,,,,,,,,,,,
31.641,pfifo,781812,522,1048,26315,,,,,,,,,,,
31.653,pfifo,781812,522,1048,26325,,,,,,,,,,,
31.665,pfifo,781812,522,1048,26335,,,,,,,,,,,
31.676,pfifo,783326,523,1048,26344,,,,,,,,,,,
31.688,pfifo,783326,523,1048,26354,,,,,,,,,,,
31.700,pfifo,783424,524,1048,26364,,,,,,,,,,,
31.712,pfifo,783326,523,1048,26375,,,,,,,,,,,
31.724,pfifo,783326,523,1048,26385,,,,,,,,,,,
31.736,pfifo,783326,523,1048,26395,,,,,,,,,,,
31.748,pfifo,781812,522,1048,26404,,,,,,,,,,,
31.760,pfifo,781812,522,1048,26414,,,,,,,,,,,
31.772,pfifo,781812,522,1048,26424,,,,,,,,,,,
31.783,pfifo,783326,523,1048,26433,,,,,,,,,,,
31.795,pfifo,783424,524,1048,26443,,,,,,,,,,,
31.807,pfifo,783424,524,1048,26453,,,,,,,,,,,
31.818,pfifo,784840,524,1048,26463,,,,,,,,,,,
31.830,pfifo,781812,522,1048,26473,,,,,,,,,,,
31.842,pfifo,781812,522,1048,26483,,,,,,,,,,,
31.853,pfifo,783326,523,1048,26492,,,,,,,,,,,
31.865,pfifo,783326,523,1048,26502,,,,,,,,,,,
31.877,pfifo,781812,522,1048,26511,,,,,,,,,,,
31.888,pfifo,783326,523,1048,26522,,,,,,,,,,,
31.901,pfifo,783424,524,1048,26532,,,,,,,,,,,
31.913,pfifo,781910,523,1048,26541,,,,,,,,,,,
31.924,pfifo,783326,523,1048,26552,,,,,,,,,,,
31.936,pfifo,783326,523,1048,26562,,,,,,,,,,,
31.949,pfifo,783326,523,1048,26572,,,,,,,,,,,
31.961,pfifo,783326,523,1048,26582,,,,,,,,,,,
31.973,pfifo,783326,523,1048,26592,,,,,,,,,,,
31.985,pfifo,783326,523,1048,26602,,,,,,,,,,,
31.996,pfifo,784938,525,1048,26611,,,,,,,,,,,
32.008,pfifo,784938,525,1048,26621,,,,,,,,,,,
32.020,pfifo,784840,524,1048,26632,,,,,,,,,,,
32.032,pfifo,784840,524,1048,26642,,,,,,,,,,,
32.044,pfifo,784840,524,1048,26652,,,,,,,,,,,
32.056,pfifo,783326,523,1048,26661,,,,,,,,,,,
32.068,pfifo,783326,523,1048,26671,,,,,,,,,,,
32.079,pfifo,783326,523,1048,26681,,,,,,,,,,,
32.091,pfifo,783326,523,1048,26691,,,,,,,,,,,
32.103,pfifo,784938,525,1048,26700,,,,,,,,,,,
32.115,pfifo,784938,525,1048,26710,,,,,,,,,,,
32.127,pfifo,784840,524,1048,26721,,,,,,,,,,,
32.138,pfifo,783326,523,1048,26730,,,,,,,,,,,
32.150,pfifo,783326,523,1048,26740,,,,,,,,,,,
32.162,pfifo,783326,523,1048,26750,,,,,,,,,,,
32.174,pfifo,783326,523,1048,26760,,,,,,,,,,,
32.186,pfifo,783326,523,1048,26770,,,,,,,,,,,
32.198,pfifo,784938,525,1048,26779,,,,,,,,,,,
32.209,pfifo,784938,525,1048,26789,,,,,,,,,,,
32.221,pfifo,784840,524,1048,26800,,,,,,,,,,,
32.233,pfifo,784840,524,1048,26810,,,,,,,,,,,
32.245,pfifo,783326,523,1048,26819,,,,,,,,,,,
32.257,pfifo,783326,523,1048,26829,,,,,,,,,,,
32.268,pfifo,783326,523,1048,26839,,,,,,,,,,,
32.280,pfifo,784840,524,1048,26848,,,,,,,,,,,
32.292,pfifo,784840,524,1048,26858,,,,,,,,,,,
32.304,pfifo,784938,525,1048,26868,,,,,,,,,,,
32.315,pfifo,784938,525,1048,26878,,,,,,,,,,,
32.327,pfifo,783326,523,1048,26888,,,,,,,,,,,
32.339,pfifo,783326,523,1048,26898,,,,,,,,,,,
32.351,pfifo,783326,523,1048,26908,,,,,,,,,,,
32.363,pfifo,783326,523,1048,26918,,,,,,,,,,,
32.375,pfifo,783326,523,1048,26928,,,,,,,,,,,
32.387,pfifo,783326,523,1048,26938,,,,,,,,,,,
32.399,pfifo,783424,524,1048,26948,,,,,,,,,,,
32.411,pfifo,783424,524,1048,26958,,,,,,,,,,,
32.423,pfifo,783326,523,1048,26969,,,,,,,,,,,
32.436,pfifo,783326,523,1048,26979,,,,,,,,,,,
32.448,pfifo,783326,523,1048,26989,,,,,,,,,,,
32.460,pfifo,783326,523,1048,26999,,,,,,,,,,,
32.472,pfifo,783326,523,1048,27009,,,,,,,,,,,
32.484,pfifo,784840,524,1048,27018,,,,,,,,,,,
32.495,pfifo,784840,524,1048,27028,,,,,,,,,,,
32.507,pfifo,784938,525,1048,27038,,,,,,,,,,,
32.519,pfifo,783326,523,1048,27048,,,,,,,,,,,
32.531,pfifo,783326,523,1048,27058,,,,,,,,,,,
32.542,pfifo,783326,523,1048,27068,,,,,,,,,,,
32.554,pfifo,784840,524,1048,27077,,,,,,,,,,,
32.566,pfifo,784840,524,1048,27087,,,,,,,,,,,
32.578,pfifo,784840,524,1048,27097,,,,,,,,,,,
32.591,pfifo,786354,525,1048,27108,,,,,,,,,,,
32.603,pfifo,786452,526,1048,27118,,,,,,,,,,,
32.615,pfifo,784938,525,1048,27127,,,,,,,,,,,
32.626,pfifo,784840,524,1048,27138,,,,,,,,,,,
32.638,pfifo,784840,524,1048,27148,,,,,,,,,,,
32.650,pfifo,786354,525,1048,27159,,,,,,,,,,,
32.664,pfifo,786354,525,1048,27169,,,,,,,,,,,
32.676,pfifo,786354,525,1048,27179,,,,,,,,,,,
32.688,pfifo,786354,525,1048,27189,,,,,,,,,,,
32.699,pfifo,786452,526,1048,27199,,,,,,,,,,,
32.711,pfifo,784938,525,1048,27208,,,,,,,,,,,
32.723,pfifo,784840,524,1048,27219,,,,,,,,,,,
32.735,pfifo,784840,524,1048,27229,,,,,,,,,,,
32.747,pfifo,784840,524,1048,27239,,,,,,,,,,,
32.759,pfifo,784840,524,1048,27249,,,,,,,,,,,
32.771,pfifo,786354,525,1048,27258,,,,,,,,,,,
32.783,pfifo,786354,525,1048,27268,,,,,,,,,,,
32.794,pfifo,786354,525,1048,27278,,,,,,,,,,,
32.806,pfifo,784938,525,1048,27287,,,,,,,,,,,
32.818,pfifo,784938,525,1048,27297,,,,,,,,,,,
32.830,pfifo,784840,524,1048,27308,,,,,,,,,,,
32.841,pfifo,786354,525,1048,27317,,,,,,,,,,,
32.853,pfifo,786354,525,1048,27327,,,,,,,,,,,
32.865,pfifo,786354,525,1048,27337,,,,,,,,,,,
32.877,pfifo,784840,524,1048,27346,,,,,,,,,,,
32.888,pfifo,786354,525,1048,27357,,,,,,,,,,,
32.901,pfifo,786452,526,1048,27367,,,,,,,,,,,
32.914,pfifo,786452,526,1048,27377,,,,,,,,,,,
32.926,pfifo,786354,525,1048,27388,,,,,,,,,,,
32.938,pfifo,786354,525,1048,27398,,,,,,,,,,,
32.949,pfifo,786354,525,1048,27408,,,,,,,,,,,
32.961,pfifo,784840,524,1048,27417,,,,,,,,,,,
32.973,pfifo,784840,524,1048,27427,,,,,,,,,,,
32.985,pfifo,784840,524,1048,27437,,,,,,,,,,,
32.997,pfifo,784840,524,1048,27447,,,,,,,,,,,
33.009,pfifo,784938,525,1048,27457,,,,,,,,,,,
33.021,pfifo,784938,525,1048,27467,,,,,,,,,,,
33.033,pfifo,784840,524,1048,27478,,,,,,,,,,,
33.045,pfifo,786354,525,1048,27487,,,,,,,,,,,
33.057,pfifo,786354,525,1048,27497,,,,,,,,,,,
33.069,pfifo,786424,526,1048,27507,,,,,,,,,,,
33.081,pfifo,786424,526,1048,27517,,,,,,,,,,,
33.093,pfifo,786424,526,1048,27527,,,,,,,,,,,
33.104,pfifo,785008,526,1048,27536,,,,,,,,,,,
33.116,pfifo,785008,526,1048,27546,,,,,,,,,,,
33.128,pfifo,784910,525,1048,27557,,,,,,,,,,,
33.140,pfifo,784910,525,1048,27567,,,,,,,,,,,
33.152,pfifo,784910,525,1048,27577,,,,,,,,,,,
33.164,pfifo,786424,526,1048,27586,,,,,,,,,,,
33.176,pfifo,786424,526,1048,27596,,,,,,,,,,,
33.187,pfifo,786424,526,1048,27606,,,,,,,,,,,
33.199,pfifo,786424,526,1048,27616,,,,,,,,,,,
33.211,pfifo,785008,526,1048,27625,,,,,,,,,,,
33.223,pfifo,785008,526,1048,27635,,,,,,,,,,,
33.235,pfifo,784910,525,1048,27646,,,,,,,,,,,
33.247,pfifo,784910,525,1048,27656,,,,,,,,,,,
33.259,pfifo,786424,526,1048,27666,,,,,,,,,,,
33.270,pfifo,787938,527,1048,27675,,,,,,,,,,,
33.282,pfifo,787938,527,1048,27685,,,,,,,,,,,
33.294,pfifo,787938,527,1048,27695,,,,,,,,,,,
33.306,pfifo,788036,528,1048,27705,,,,,,,,,,,
33.318,pfifo,786522,527,1048,27714,,,,,,,,,,,
33.329,pfifo,786424,526,1048,27725,,,,,,,,,,,
33.341,pfifo,786424,526,1048,27735,,,,,,,,,,,
33.353,pfifo,786424,526,1048,27745,,,,,,,,,,,
33.365,pfifo,786424,526,1048,27755,,,,,,,,,,,
33.377,pfifo,787938,527,1048,27764,,,,,,,,,,,
33.389,pfifo,787938,527,1048,27774,,,,,,,,,,,
33.401,pfifo,787938,527,1048,27784,,,,,,,,,,,
33.412,pfifo,788036,528,1048,27794,,,,,,,,,,,
33.424,pfifo,786522,527,1048,27803,,,,,,,,,,,
33.436,pfifo,786424,526,1048,27814,,,,,,,,,,,
33.448,pfifo,786424,526,1048,27824,,,,,,,,,,,
33.460,pfifo,786424,526,1048,27834,,,,,,,,,,,
33.472,pfifo,786424,526,1048,27844,,,,,,,,,,,
33.484,pfifo,786424,526,1048,27854,,,,,,,,,,,
33.496,pfifo,786424,526,1048,27864,,,,,,,,,,,
33.508,pfifo,788036,528,1048,27873,,,,,,,,,,,
33.520,pfifo,788036,528,1048,27883,,,,,,,,,,,
33.532,pfifo,787938,527,1048,27894,,,,,,,,,,,
33.544,pfifo,787938,527,1048,27904,,,,,,,,,,,
33.556,pfifo,787938,527,1048,27914,,,,,,,,,,,
33.567,pfifo,786424,526,1048,27923,,,,,,,,,,,
33.579,pfifo,786424,526,1048,27933,,,,,,,,,,,
33.591,pfifo,786424,526,1048,27943,,,,,,,,,,,
33.603,pfifo,786522,527,1048,27953,,,,,,,,,,,
33.615,pfifo,786522,527,1048,27963,,,,,,,,,,,
33.627,pfifo,786424,526,1048,27974,,,,,,,,,,,
33.639,pfifo,787938,527,1048,27983,,,,,,,,,,,
33.651,pfifo,787938,527,1048,27993,,,,,,,,,,,
33.663,pfifo,787938,527,1048,28003,,,,,,,,,,,
33.675,pfifo,787938,527,1048,28013,,,,,,,,,,,
33.687,pfifo,787938,527,1048,28023,,,,,,,,,,,
33.699,pfifo,787868,526,1048,28034,,,,,,,,,,,
33.711,pfifo,786452,526,1048,28043,,,,,,,,,,,
33.722,pfifo,786452,526,1048,28053,,,,,,,,,,,
33.734,pfifo,786354,525,1048,28064,,,,,,,,,,,
33.746,pfifo,786354,525,1048,28074,,,,,,,,,,,
33.758,pfifo,786354,525,1048,28084,,,,,,,,,,,
33.770,pfifo,787868,526,1048,28093,,,,,,,,,,,
33.782,pfifo,787868,526,1048,28103,,,,,,,,,,,
33.794,pfifo,787868,526,1048,28113,,,,,,,,,,,
33.805,pfifo,786452,526,1048,28122,,,,,,,,,,,
33.817,pfifo,786452,526,1048,28132,,,,,,,,,,,
33.829,pfifo,786354,525,1048,28143,,,,,,,,,,,
33.841,pfifo,786354,525,1048,28153,,,,,,,,,,,
33.853,pfifo,786354,525,1048,28163,,,,,,,,,,,
33.864,pfifo,787868,526,1048,28172,,,,,,,,,,,
33.876,pfifo,787868,526,1048,28182,,,,,,,,,,,
33.888,pfifo,786354,525,1048,28193,,,,,,,,,,,
33.901,pfifo,786354,525,1048,28203,,,,,,,,,,,
33.913,pfifo,786452,526,1048,28213,,,,,,,,,,,
33.926,pfifo,786452,526,1048,28223,,,,,,,,,,,
33.938,pfifo,789382,527,1048,28234,,,,,,,,,,,
33.950,pfifo,789382,527,1048,28244,,,,,,,,,,,
33.961,pfifo,789382,527,1048,28254,,,,,,,,,,,
33.974,pfifo,787868,526,1048,28263,,,,,,,,,,,
33.985,pfifo,787868,526,1048,28273,,,,,,,,,,,
33.997,pfifo,787868,526,1048,28283,,,,,,,,,,,
34.009,pfifo,787966,527,1048,28293,,,,,,,,,,,
34.021,pfifo,787966,527,1048,28303,,,,,,,,,,,
34.033,pfifo,787868,526,1048,28314,,,,,,,,,,,
34.045,pfifo,787868,526,1048,28324,,,,,,,,,,,
34.057,pfifo,787868,526,1048,28334,,,,,,,,,,,
34.070,pfifo,789382,527,1048,28343,,,,,,,,,,,
34.081,pfifo,789382,527,1048,28353,,,,,,,,,,,
34.093,pfifo,789382,527,1048,28363,,,,,,,,,,,
34.105,pfifo,789382,527,1048,28373,,,,,,,,,,,
34.117,pfifo,789480,528,1048,28383,,,,,,,,,,,
34.129,pfifo,787966,527,1048,28392,,,,,,,,,,,
34.141,pfifo,787868,526,1048,28403,,,,,,,,,,,
34.153,pfifo,787868,526,1048,28413,,,,,,,,,,,
34.165,pfifo,787868,526,1048,28423,,,,,,,,,,,
34.177,pfifo,787868,526,1048,28433,,,,,,,,,,,
34.189,pfifo,787868,526,1048,28443,,,,,,,,,,,
34.200,pfifo,787868,526,1048,28453,,,,,,,,,,,
34.212,pfifo,789480,528,1048,28462,,,,,,,,,,,
34.224,pfifo,789480,528,1048,28472,,,,,,,,,,,
34.236,pfifo,789382,527,1048,28483,,,,,,,,,,,
34.248,pfifo,789382,527,1048,28493,,,,,,,,,,,
34.260,pfifo,787868,526,1048,28502,,,,,,,,,,,
34.272,pfifo,787868,526,1048,28512,,,,,,,,,,,
34.283,pfifo,787868,526,1048,28522,,,,,,,,,,,
34.295,pfifo,787868,526,1048,28532,,,,,,,,,,,
34.307,pfifo,789480,528,1048,28541,,,,,,,,,,,
34.319,pfifo,789480,528,1048,28551,,,,,,,,,,,
34.331,pfifo,789480,528,1048,28561,,,,,,,,,,,
34.342,pfifo,789382,527,1048,28572,,,,,,,,,,,
34.354,pfifo,789382,527,1048,28582,,,,,,,,,,,
34.366,pfifo,787868,526,1048,28591,,,,,,,,,,,
34.378,pfifo,787868,526,1048,28601,,,,,,,,,,,
34.390,pfifo,787868,526,1048,28611,,,,,,,,,,,
34.402,pfifo,787868,526,1048,28621,,,,,,,,,,,
34.414,pfifo,787966,527,1048,28631,,,,,,,,,,,
34.426,pfifo,789480,528,1048,28640,,,,,,,,,,,
34.437,pfifo,789382,527,1048,28651,,,,,,,,,,,
34.449,pfifo,789382,527,1048,28661,,,,,,,,,,,
34.461,pfifo,789382,527,1048,28671,,,,,,,,,,,
34.473,pfifo,789382,527,1048,28681,,,,,,,,,,,
34.485,pfifo,787868,526,1048,28690,,,,,,,,,,,
34.497,pfifo,787868,526,1048,28700,,,,,,,,,,,
34.509,pfifo,787966,527,1048,28710,,,,,,,,,,,
34.521,pfifo,787966,527,1048,28720,,,,,,,,,,,
34.533,pfifo,789480,528,1048,28729,,,,,,,,,,,
34.544,pfifo,789382,527,1048,28740,,,,,,,,,,,
34.556,pfifo,789382,527,1048,28750,,,,,,,,,,,
34.568,pfifo,789382,527,1048,28760,,,,,,,,,,,
34.580,pfifo,786354,525,1048,28770,,,,,,,,,,,
34.592,pfifo,787868,526,1048,28779,,,,,,,,,,,
34.603,pfifo,789382,527,1048,28789,,,,,,,,,,,
34.615,pfifo,789480,528,1048,28799,,,,,,,,,,,
34.627,pfifo,790994,529,1048,28808,,,,,,,,,,,
34.639,pfifo,790896,528,1048,28819,,,,,,,,,,,
34.650,pfifo,790896,528,1048,28829,,,,,,,,,,,
34.663,pfifo,790896,528,1048,28839,,,,,,,,,,,
34.675,pfifo,790896,528,1048,28849,,,,,,,,,,,
34.687,pfifo,790896,528,1048,28859,,,,,,,,,,,
34.699,pfifo,790896,528,1048,28869,,,,,,,,,,,
34.711,pfifo,787966,527,1048,28879,,,,,,,,,,,
34.723,pfifo,789480,528,1048,28888,,,,,,,,,,,
34.735,pfifo,789480,528,1048,28898,,,,,,,,,,,
34.747,pfifo,789382,527,1048,28909,,,,,,,,,,,
34.759,pfifo,789382,527,1048,28919,,,,,,,,,,,
34.771,pfifo,789382,527,1048,28929,,,,,,,,,,,
34.783,pfifo,789382,527,1048,28939,,,,,,,,,,,
34.795,pfifo,789382,527,1048,28949,,,,,,,,,,,
34.806,pfifo,790896,528,1048,28958,,,,,,,,,,,
34.818,pfifo,790994,529,1048,28968,,,,,,,,,,,
34.830,pfifo,790994,529,1048,28978,,,,,,,,,,,
34.842,pfifo,790896,528,1048,28989,,,,,,,,,,,
34.854,pfifo,790896,528,1048,28999,,,,,,,,,,,
34.866,pfifo,789382,527,1048,29008,,,,,,,,,,,
34.878,pfifo,789382,527,1048,29018,,,,,,,,,,,
34.890,pfifo,790896,528,1048,29029,,,,,,,,,,,
34.903,pfifo,790896,528,1048,29039,,,,,,,,,,,
34.915,pfifo,790994,529,1048,29049,,,,,,,,,,,
34.927,pfifo,790994,529,1048,29059,,,,,,,,,,,
34.939,pfifo,790896,528,1048,29070,,,,,,,,,,,
34.951,pfifo,789382,527,1048,29079,,,,,,,,,,,
34.963,pfifo,789382,527,1048,29089,,,,,,,,,,,
34.974,pfifo,789382,527,1048,29099,,,,,,,,,,,
34.986,pfifo,789382,527,1048,29109,,,,,,,,,,,
34.998,pfifo,789382,527,1048,29119,,,,,,,,,,,
35.010,pfifo,790896,528,1048,29128,,,,,,,,,,,
35.022,pfifo,790994,529,1048,29138,,,,,,,,,,,
35.034,pfifo,790994,529,1048,29148,,,,,,,,,,,
35.046,pfifo,790896,528,1048,29159,,,,,,,,,,,
35.058,pfifo,790896,528,1048,29169,,,,,,,,,,,
35.069,pfifo,790896,528,1048,29179,,,,,,,,,,,
35.081,pfifo,789382,527,1048,29188,,,,,,,,,,,
35.093,pfifo,789382,527,1048,29198,,,,,,,,,,,
35.105,pfifo,789382,527,1048,29208,,,,,,,,,,,
35.117,pfifo,789480,528,1048,29218,,,,,,,,,,,
35.129,pfifo,789480,528,1048,29228,,,,,,,,,,,
35.141,pfifo,789382,527,1048,29239,,,,,,,,,,,
35.153,pfifo,790896,528,1048,29248,,,,,,,,,,,
35.165,pfifo,790896,528,1048,29258,,,,,,,,,,,
35.177,pfifo,790896,528,1048,29268,,,,,,,,,,,
35.188,pfifo,789382,527,1048,29277,,,,,,,,,,,
35.200,pfifo,789382,527,1048,29287,,,,,,,,,,,
35.212,pfifo,789480,528,1048,29297,,,,,,,,,,,
35.224,pfifo,789480,528,1048,29307,,,,,,,,,,,
35.236,pfifo,789480,528,1048,29317,,,,,,,,,,,
35.248,pfifo,789382,527,1048,29328,,,,,,,,,,,
35.260,pfifo,790896,528,1048,29337,,,,,,,,,,,
35.271,pfifo,790896,528,1048,29347,,,,,,,,,,,
35.283,pfifo,790896,528,1048,29357,,,,,,,,,,,
35.295,pfifo,790896,528,1048,29367,,,,,,,,,,,
35.307,pfifo,790896,528,1048,29377,,,,,,,,,,,
35.319,pfifo,790994,529,1048,29387,,,,,,,,,,,
35.331,pfifo,790994,529,1048,29397,,,,,,,,,,,
35.343,pfifo,792410,529,1048,29407,,,,,,,,,,,
35.355,pfifo,792410,529,1048,29417,,,,,,,,,,,
35.367,pfifo,792410,529,1048,29427,,,,,,,,,,,
35.379,pfifo,792410,529,1048,29437,,,,,,,,,,,
35.391,pfifo,792410,529,1048,29447,,,,,,,,,,,
35.403,pfifo,790896,528,1048,29456,,,,,,,,,,,
35.414,pfifo,790994,529,1048,29466,,,,,,,,,,,
35.426,pfifo,790994,529,1048,29476,,,,,,,,,,,
35.438,pfifo,790994,529,1048,29486,,,,,,,,,,,
35.450,pfifo,792410,529,1048,29496,,,,,,,,,,,
35.462,pfifo,792410,529,1048,29506,,,,,,,,,,,
35.474,pfifo,790896,528,1048,29517,,,,,,,,,,,
35.487,pfifo,790896,528,1048,29527,,,,,,,,,,,
35.500,pfifo,790896,528,1048,29537,,,,,,,,,,,
35.511,pfifo,790896,528,1048,29547,,,,,,,,,,,
35.523,pfifo,790994,529,1048,29557,,,,,,,,,,,
35.535,pfifo,790994,529,1048,29567,,,,,,,,,,,
35.547,pfifo,792410,529,1048,29577,,,,,,,,,,,
35.559,pfifo,792410,529,1048,29587,,,,,,,,,,,
35.570,pfifo,792410,529,1048,29597,,,,,,,,,,,
35.582,pfifo,790896,528,1048,29606,,,,,,,,,,,
35.594,pfifo,790896,528,1048,29616,,,,,,,,,,,
35.606,pfifo,790896,528,1048,29626,,,,,,,,,,,
35.617,pfifo,792508,530,1048,29635,,,,,,,,,,,
35.629,pfifo,792508,530,1048,29645,,,,,,,,,,,
35.641,pfifo,792508,530,1048,29655,,,,,,,,,,,
35.653,pfifo,790896,528,1048,29665,,,,,,,,,,,
35.664,pfifo,790896,528,1048,29675,,,,,,,,,,,
35.676,pfifo,790896,528,1048,29685,,,,,,,,,,,
35.688,pfifo,792410,529,1048,29694,,,,,,,,,,,
35.699,pfifo,792410,529,1048,29704,,,,,,,,,,,
35.711,pfifo,792410,529,1048,29714,,,,,,,,,,,
35.723,pfifo,792508,530,1048,29724,,,,,,,,,,,
35.735,pfifo,789480,528,1048,29734,,,,,,,,,,,
35.747,pfifo,790896,528,1048,29744,,,,,,,,,,,
35.758,pfifo,790896,528,1048,29754,,,,,,,,,,,
35.770,pfifo,790896,528,1048,29764,,,,,,,,,,,
35.782,pfifo,792410,529,1048,29773,,,,,,,,,,,
35.793,pfifo,792410,529,1048,29783,,,,,,,,,,,
35.805,pfifo,790896,528,1048,29792,,,,,,,,,,,
35.817,pfifo,790994,529,1048,29802,,,,,,,,,,,
35.829,pfifo,790994,529,1048,29812,,,,,,,,,,,
35.841,pfifo,790994,529,1048,29822,,,,,,,,,,,
35.852,pfifo,792410,529,1048,29832,,,,,,,,,,,
35.864,pfifo,792410,529,1048,29842,,,,,,,,,,,
35.876,pfifo,792410,529,1048,29852,,,,,,,,,,,
35.888,pfifo,792410,529,1048,29862,,,,,,,,,,,
35.900,pfifo,792410,529,1048,29872,,,,,,,,,,,
35.912,pfifo,792410,529,1048,29882,,,,,,,,,,,
35.924,pfifo,792508,530,1048,29892,,,,,,,,,,,
35.936,pfifo,792508,530,1048,29902,,,,,,,,,,,
35.948,pfifo,793924,530,1048,29913,,,,,,,,,,,
35.960,pfifo,792410,529,1048,29922,,,,,,,,,,,
35.972,pfifo,792410,529,1048,29932,,,,,,,,,,,
35.984,pfifo,792410,529,1048,29942,,,,,,,,,,,
35.996,pfifo,792410,529,1048,29952,,,,,,,,,,,
36.008,pfifo,792410,529,1048,29962,,,,,,,,,,,
36.020,pfifo,792508,530,1048,29972,,,,,,,,,,,
36.032,pfifo,792508,530,1048,29982,,,,,,,,,,,
36.044,pfifo,792410,529,1048,29993,,,,,,,,,,,
36.056,pfifo,793924,530,1048,30002,,,,,,,,,,,
36.068,pfifo,793924,530,1048,30012,,,,,,,,,,,
36.080,pfifo,793924,530,1048,30022,,,,,,,,,,,
36.092,pfifo,793924,530,1048,30032,,,,,,,,,,,
36.104,pfifo,793924,530,1048,30042,,,,,,,,,,,
36.116,pfifo,792410,529,1048,30051,,,,,,,,,,,
36.127,pfifo,792508,530,1048,30061,,,,,,,,,,,
36.139,pfifo,792508,530,1048,30071,,,,,,,,,,,
36.151,pfifo,792410,529,1048,30082,,,,,,,,,,,
36.163,pfifo,792410,529,1048,30092,,,,,,,,,,,
36.175,pfifo,793924,530,1048,30101,,,,,,,,,,,
36.187,pfifo,793924,530,1048,30111,,,,,,,,,,,
36.199,pfifo,793924,530,1048,30121,,,,,,,,,,,
36.211,pfifo,793924,530,1048,30131,,,,,,,,,,,
36.222,pfifo,794022,531,1048,30141,,,,,,,,,,,
36.234,pfifo,792508,530,1048,30150,,,,,,,,,,,
36.246,pfifo,792410,529,1048,30161,,,,,,,,,,,
36.258,pfifo,792410,529,1048,30171,,,,,,,,,,,
36.270,pfifo,792410,529,1048,30181,,,,,,,,,,,
36.282,pfifo,792410,529,1048,30191,,,,,,,,,,,
36.294,pfifo,792410,529,1048,30201,,,,,,,,,,,
36.306,pfifo,793924,530,1048,30210,,,,,,,,,,,
36.317,pfifo,794022,531,1048,30220,,,,,,,,,,,
36.329,pfifo,794022,531,1048,30230,,,,,,,,,,,
36.341,pfifo,792508,530,1048,30239,,,,,,,,,,,
36.353,pfifo,792410,529,1048,30250,,,,,,,,,,,
36.364,pfifo,792410,529,1048,30260,,,,,,,,,,,
36.376,pfifo,792410,529,1048,30270,,,,,,,,,,,
36.388,pfifo,793924,530,1048,30279,,,,,,,,,,,
36.400,pfifo,793924,530,1048,30289,,,,,,,,,,,
36.412,pfifo,793924,530,1048,30299,,,,,,,,,,,
36.423,pfifo,792508,530,1048,30308,,,,,,,,,,,
36.435,pfifo,792508,530,1048,30318,,,,,,,,,,,
36.447,pfifo,792410,529,1048,30329,,,,,,,,,,,
36.459,pfifo,793924,530,1048,30338,,,,,,,,,,,
36.470,pfifo,793924,530,1048,30348,,,,,,,,,,,
36.482,pfifo,793924,530,1048,30358,,,,,,,,,,,
36.494,pfifo,793924,530,1048,30368,,,,,,,,,,,
36.506,pfifo,792410,529,1048,30377,,,,,,,,,,,
36.517,pfifo,792410,529,1048,30387,,,,,,,,,,,
36.529,pfifo,794022,531,1048,30396,,,,,,,,,,,
36.540,pfifo,794022,531,1048,30406,,,,,,,,,,,
36.552,pfifo,792410,529,1048,30416,,,,,,,,,,,
36.564,pfifo,792410,529,1048,30426,,,,,,,,,,,
36.575,pfifo,792410,529,1048,30436,,,,,,,,,,,
36.587,pfifo,792410,529,1048,30446,,,,,,,,,,,
36.599,pfifo,793924,530,1048,30455,,,,,,,,,,,
36.611,pfifo,793924,530,1048,30465,,,,,,,,,,,
36.623,pfifo,794022,531,1048,30475,,,,,,,,,,,
36.635,pfifo,794022,531,1048,30485,,,,,,,,,,,
36.646,pfifo,795536,532,1048,30494,,,,,,,,,,,
36.658,pfifo,795438,531,1048,30505,,,,,,,,,,,
36.670,pfifo,795438,531,1048,30515,,,,,,,,,,,
36.682,pfifo,795438,531,1048,30525,,,,,,,,,,,
36.694,pfifo,793924,530,1048,30534,,,,,,,,,,,
36.706,pfifo,793924,530,1048,30544,,,,,,,,,,,
36.717,pfifo,793924,530,1048,30554,,,,,,,,,,,
36.729,pfifo,794022,531,1048,30564,,,,,,,,,,,
36.741,pfifo,794022,531,1048,30574,,,,,,,,,,,
36.753,pfifo,793924,530,1048,30585,,,,,,,,,,,
36.765,pfifo,793924,530,1048,30595,,,,,,,,,,,
36.777,pfifo,795438,531,1048,30604,,,,,,,,,,,
36.789,pfifo,795438,531,1048,30614,,,,,,,,,,,
36.801,pfifo,795438,531,1048,30624,,,,,,,,,,,
36.813,pfifo,795438,531,1048,30634,,,,,,,,,,,
36.825,pfifo,795536,532,1048,30644,,,,,,,,,,,
36.837,pfifo,795536,532,1048,30654,,,,,,,,,,,
36.849,pfifo,795536,532,1048,30664,,,,,,,,,,,
36.861,pfifo,793924,530,1048,30674,,,,,,,,,,,
36.873,pfifo,793924,530,1048,30684,,,,,,,,,,,
36.885,pfifo,793924,530,1048,30694,,,,,,,,,,,
36.897,pfifo,793924,530,1048,30704,,,,,,,,,,,
36.909,pfifo,793924,530,1048,30714,,,,,,,,,,,
36.921,pfifo,794022,531,1048,30724,,,,,,,,,,,
36.933,pfifo,794022,531,1048,30734,,,,,,,,,,,
36.945,pfifo,794022,531,1048,30744,,,,,,,,,,,
36.957,pfifo,793924,530,1048,30755,,,,,,,,,,,
36.969,pfifo,793924,530,1048,30765,,,,,,,,,,,
36.981,pfifo,793924,530,1048,30775,,,,,,,,,,,
36.993,pfifo,793924,530,1048,30785,,,,,,,,,,,
37.005,pfifo,793924,530,1048,30795,,,,,,,,,,,
37.017,pfifo,793924,530,1048,30805,,,,,,,,,,,
37.029,pfifo,794022,531,1048,30815,,,,,,,,,,,
37.042,pfifo,795536,532,1048,30824,,,,,,,,,,,
37.053,pfifo,795438,531,1048,30835,,,,,,,,,,,
37.065,pfifo,795438,531,1048,30845,,,,,,,,,,,
37.077,pfifo,795438,531,1048,30855,,,,,,,,,,,
37.089,pfifo,795438,531,1048,30865,,,,,,,,,,,
37.101,pfifo,793924,530,1048,30874,,,,,,,,,,,
37.113,pfifo,793924,530,1048,30884,,,,,,,,,,,
37.125,pfifo,794022,531,1048,30894,,,,,,,,,,,
37.136,pfifo,794022,531,1048,30904,,,,,,,,,,,
37.148,pfifo,795536,532,1048,30913,,,,,,,,,,,
37.160,pfifo,795438,531,1048,30924,,,,,,,,,,,
37.172,pfifo,795438,531,1048,30934,,,,,,,,,,,
37.183,pfifo,793924,530,1048,30943,,,,,,,,,,,
37.195,pfifo,793924,530,1048,30953,,,,,,,,,,,
37.207,pfifo,793924,530,1048,30963,,,,,,,,,,,
37.219,pfifo,793924,530,1048,30973,,,,,,,,,,,
37.231,pfifo,794022,531,1048,30983,,,,,,,,,,,
37.243,pfifo,794022,531,1048,30993,,,,,,,,,,,
37.256,pfifo,793924,530,1048,31004,,,,,,,,,,,
37.268,pfifo,793924,530,1048,31014,,,,,,,,,,,
37.279,pfifo,793924,530,1048,31024,,,,,,,,,,,
37.291,pfifo,795438,531,1048,31033,,,,,,,,,,,
37.303,pfifo,796952,532,1048,31043,,,,,,,,,,,
37.315,pfifo,796952,532,1048,31053,,,,,,,,,,,
37.327,pfifo,797050,533,1048,31063,,,,,,,,,,,
37.339,pfifo,797050,533,1048,31073,,,,,,,,,,,
37.351,pfifo,797050,533,1048,31083,,,,,,,,,,,
37.363,pfifo,796952,532,1048,31094,,,,,,,,,,,
37.375,pfifo,796952,532,1048,31104,,,,,,,,,,,
37.387,pfifo,795438,531,1048,31113,,,,,,,,,,,
37.399,pfifo,795438,531,1048,31123,,,,,,,,,,,
37.411,pfifo,795438,531,1048,31133,,,,,,,,,,,
37.423,pfifo,795536,532,1048,31143,,,,,,,,,,,
37.434,pfifo,795536,532,1048,31153,,,,,,,,,,,
37.446,pfifo,795536,532,1048,31163,,,,,,,,,,,
37.459,pfifo,795438,531,1048,31174,,,,,,,,,,,
37.471,pfifo,795438,531,1048,31184,,,,,,,,,,,
37.483,pfifo,796952,532,1048,31193,,,,,,,,,,,
37.495,pfifo,796952,532,1048,31203,,,,,,,,,,,
37.507,pfifo,796952,532,1048,31213,,,,,,,,,,,
37.519,pfifo,796952,532,1048,31223,,,,,,,,,,,
37.530,pfifo,797050,533,1048,31233,,,,,,,,,,,
37.542,pfifo,795536,532,1048,31242,,,,,,,,,,,
37.554,pfifo,795536,532,1048,31252,,,,,,,,,,,
37.566,pfifo,795438,531,1048,31263,,,,,,,,,,,
37.578,pfifo,795438,531,1048,31273,,,,,,,,,,,
37.590,pfifo,795438,531,1048,31283,,,,,,,,,,,
37.602,pfifo,795438,531,1048,31293,,,,,,,,,,,
37.614,pfifo,796952,532,1048,31302,,,,,,,,,,,
37.626,pfifo,797050,533,1048,31312,,,,,,,,,,,
37.638,pfifo,797050,533,1048,31322,,,,,,,,,,,
37.650,pfifo,797050,533,1048,31332,,,,,,,,,,,
37.661,pfifo,796952,532,1048,31343,,,,,,,,,,,
37.673,pfifo,796952,532,1048,31359,,,,,,,,,,,
37.693,pfifo,796952,532,1048,31369,,,,,,,,,,,
37.705,pfifo,796952,532,1048,31379,,,,,,,,,,,
37.717,pfifo,796952,532,1048,31389,,,,,,,,,,,
37.729,pfifo,795536,532,1048,31398,,,,,,,,,,,
37.741,pfifo,795536,532,1048,31408,,,,,,,,,,,
37.753,pfifo,795536,532,1048,31418,,,,,,,,,,,
37.765,pfifo,795438,531,1048,31429,,,,,,,,,,,
37.777,pfifo,795438,531,1048,31439,,,,,,,,,,,
37.789,pfifo,795438,531,1048,31449,,,,,,,,,,,
37.801,pfifo,795438,531,1048,31459,,,,,,,,,,,
37.813,pfifo,795438,531,1048,31469,,,,,,,,,,,
37.825,pfifo,795438,531,1048,31479,,,,,,,,,,,
37.837,pfifo,795536,532,1048,31489,,,,,,,,,,,
37.849,pfifo,797050,533,1048,31498,,,,,,,,,,,
37.860,pfifo,796952,532,1048,31509,,,,,,,,,,,
37.872,pfifo,796952,532,1048,31519,,,,,,,,,,,
37.884,pfifo,796952,532,1048,31529,,,,,,,,,,,
37.896,pfifo,795438,531,1048,31538,,,,,,,,,,,
37.908,pfifo,796952,532,1048,31549,,,,,,,,,,,
37.921,pfifo,796952,532,1048,31559,,,,,,,,,,,
37.933,pfifo,797050,533,1048,31569,,,,,,,,,,,
37.945,pfifo,797050,533,1048,31579,,,,,,,,,,,
37.957,pfifo,797050,533,1048,31589,,,,,,,,,,,
37.969,pfifo,795438,531,1048,31599,,,,,,,,,,,
37.981,pfifo,798466,533,1048,31609,,,,,,,,,,,
37.993,pfifo,798466,533,1048,31619,,,,,,,,,,,
38.005,pfifo,798466,533,1048,31629,,,,,,,,,,,
38.017,pfifo,798466,533,1048,31639,,,,,,,,,,,
38.028,pfifo,798564,534,1048,31649,,,,,,,,,,,
38.040,pfifo,797050,533,1048,31658,,,,,,,,,,,
38.052,pfifo,797050,533,1048,31668,,,,,,,,,,,
38.064,pfifo,796952,532,1048,31679,,,,,,,,,,,
38.076,pfifo,796952,532,1048,31689,,,,,,,,,,,
38.088,pfifo,798466,533,1048,31698,,,,,,,,,,,
38.100,pfifo,798466,533,1048,31708,,,,,,,,,,,
38.111,pfifo,798466,533,1048,31718,,,,,,,,,,,
38.123,pfifo,798466,533,1048,31728,,,,,,,,,,,
38.135,pfifo,798564,534,1048,31738,,,,,,,,,,,
38.147,pfifo,797050,533,1048,31747,,,,,,,,,,,
38.159,pfifo,797050,533,1048,31757,,,,,,,,,,,
38.171,pfifo,796952,532,1048,31768,,,,,,,,,,,
38.183,pfifo,796952,532,1048,31778,,,,,,,,,,,
38.194,pfifo,796952,532,1048,31788,,,,,,,,,,,
38.206,pfifo,796952,532,1048,31798,,,,,,,,,,,
38.218,pfifo,798466,533,1048,31807,,,,,,,,,,,
38.230,pfifo,798564,534,1048,31817,,,,,,,,,,,
38.242,pfifo,798564,534,1048,31827,,,,,,,,,,,
38.254,pfifo,798564,534,1048,31837,,,,,,,,,,,
38.266,pfifo,796952,532,1048,31847,,,,,,,,,,,
38.277,pfifo,796952,532,1048,31857,,,,,,,,,,,
38.289,pfifo,796952,532,1048,31867,,,,,,,,,,,
38.301,pfifo,796952,532,1048,31877,,,,,,,,,,,
38.313,pfifo,796952,532,1048,31887,,,,,,,,,,,
38.325,pfifo,798466,533,1048,31896,,,,,,,,,,,
38.337,pfifo,798564,534,1048,31906,,,,,,,,,,,
38.349,pfifo,798564,534,1048,31916,,,,,,,,,,,
38.361,pfifo,798564,534,1048,31926,,,,,,,,,,,
38.372,pfifo,796952,532,1048,31936,,,,,,,,,,,
38.384,pfifo,796952,532,1048,31946,,,,,,,,,,,
38.396,pfifo,796952,532,1048,31956,,,,,,,,,,,
38.408,pfifo,796952,532,1048,31966,,,,,,,,,,,
38.420,pfifo,796952,532,1048,31976,,,,,,,,,,,
38.432,pfifo,797050,533,1048,31986,,,,,,,,,,,
38.444,pfifo,797050,533,1048,31996,,,,,,,,,,,
38.456,pfifo,798564,534,1048,32005,,,,,,,,,,,
38.468,pfifo,798466,533,1048,32016,,,,,,,,,,,
38.480,pfifo,798466,533,1048,32026,,,,,,,,,,,
38.492,pfifo,798466,533,1048,32036,,,,,,,,,,,
38.504,pfifo,798466,533,1048,32046,,,,,,,,,,,
38.516,pfifo,798466,533,1048,32056,,,,,,,,,,,
38.528,pfifo,798466,533,1048,32066,,,,,,,,,,,
38.540,pfifo,797050,533,1048,32075,,,,,,,,,,,
38.552,pfifo,797050,533,1048,32085,,,,,,,,,,,
38.563,pfifo,796952,532,1048,32096,,,,,,,,,,,
38.575,pfifo,796952,532,1048,32106,,,,,,,,,,,
38.587,pfifo,798466,533,1048,32115,,,,,,,,,,,
38.599,pfifo,798466,533,1048,32125,,,,,,,,,,,
38.611,pfifo,798466,533,1048,32135,,,,,,,,,,,
38.623,pfifo,798466,533,1048,32145,,,,,,,,,,,
38.635,pfifo,798564,534,1048,32155,,,,,,,,,,,
38.647,pfifo,798564,534,1048,32165,,,,,,,,,,,
38.659,pfifo,800078,535,1048,32175,,,,,,,,,,,
38.671,pfifo,798466,533,1048,32185,,,,,,,,,,,
38.682,pfifo,798466,533,1048,32195,,,,,,,,,,,
38.694,pfifo,798466,533,1048,32205,,,,,,,,,,,
38.706,pfifo,799980,534,1048,32214,,,,,,,,,,,
38.718,pfifo,799980,534,1048,32224,,,,,,,,,,,
38.730,pfifo,799980,534,1048,32234,,,,,,,,,,,
38.742,pfifo,800078,535,1048,32244,,,,,,,,,,,
38.754,pfifo,800078,535,1048,32254,,,,,,,,,,,
38.766,pfifo,799980,534,1048,32265,,,,,,,,,,,
38.778,pfifo,799980,534,1048,32275,,,,,,,,,,,
38.790,pfifo,799980,534,1048,32285,,,,,,,,,,,
38.802,pfifo,799980,534,1048,32295,,,,,,,,,,,
38.814,pfifo,798466,533,1048,32304,,,,,,,,,,,
38.826,pfifo,798466,533,1048,32314,,,,,,,,,,,
38.837,pfifo,798564,534,1048,32324,,,,,,,,,,,
38.849,pfifo,798564,534,1048,32334,,,,,,,,,,,
38.861,pfifo,798564,534,1048,32344,,,,,,,,,,,
38.873,pfifo,799980,534,1048,32354,,,,,,,,,,,
38.885,pfifo,799980,534,1048,32364,,,,,,,,,,,
38.897,pfifo,799980,534,1048,32374,,,,,,,,,,,
38.909,pfifo,799980,534,1048,32384,,,,,,,,,,,
38.921,pfifo,799980,534,1048,32394,,,,,,,,,,,
38.933,pfifo,800078,535,1048,32404,,,,,,,,,,,
38.945,pfifo,800078,535,1048,32414,,,,,,,,,,,
38.957,pfifo,800078,535,1048,32424,,,,,,,,,,,
38.969,pfifo,798466,533,1048,32434,,,,,,,,,,,
38.981,pfifo,798466,533,1048,32444,,,,,,,,,,,
38.992,pfifo,798466,533,1048,32454,,,,,,,,,,,
39.005,pfifo,798466,533,1048,32464,,,,,,,,,,,
39.016,pfifo,798466,533,1048,32474,,,,,,,,,,,
39.028,pfifo,798466,533,1048,32484,,,,,,,,,,,
39.040,pfifo,800078,535,1048,32493,,,,,,,,,,,
39.052,pfifo,800078,535,1048,32503,,,,,,,,,,,
39.064,pfifo,800078,535,1048,32513,,,,,,,,,,,
39.076,pfifo,799980,534,1048,32524,,,,,,,,,,,
39.088,pfifo,798466,533,1048,32533,,,,,,,,,,,
39.099,pfifo,798466,533,1048,32543,,,,,,,,,,,
39.111,pfifo,798466,533,1048,32553,,,,,,,,,,,
39.123,pfifo,798466,533,1048,32563,,,,,,,,,,,
39.135,pfifo,798564,534,1048,32573,,,,,,,,,,,
39.147,pfifo,798564,534,1048,32583,,,,,,,,,,,
39.159,pfifo,800078,535,1048,32592,,,,,,,,,,,
39.171,pfifo,799980,534,1048,32603,,,,,,,,,,,
39.183,pfifo,799980,534,1048,32613,,,,,,,,,,,
39.195,pfifo,799980,534,1048,32623,,,,,,,,,,,
39.206,pfifo,798466,533,1048,32632,,,,,,,,,,,
39.218,pfifo,798466,533,1048,32642,,,,,,,,,,,
39.230,pfifo,798466,533,1048,32652,,,,,,,,,,,
39.242,pfifo,798564,534,1048,32662,,,,,,,,,,,
39.254,pfifo,798564,534,1048,32672,,,,,,,,,,,
39.266,pfifo,798466,533,1048,32683,,,,,,,,,,,
39.278,pfifo,798466,533,1048,32693,,,,,,,,,,,
39.290,pfifo,798466,533,1048,32703,,,,,,,,,,,
39.302,pfifo,799980,534,1048,32712,,,,,,,,,,,
39.314,pfifo,799980,534,1048,32722,,,,,,,,,,,
39.326,pfifo,799980,534,1048,32732,,,,,,,,,,,
39.338,pfifo,800078,535,1048,32742,,,,,,,,,,,
39.350,pfifo,800078,535,1048,32752,,,,,,,,,,,
39.362,pfifo,800078,535,1048,32762,,,,,,,,,,,
39.374,pfifo,799980,534,1048,32773,,,,,,,,,,,
39.386,pfifo,801494,535,1048,32782,,,,,,,,,,,
39.398,pfifo,801494,535,1048,32792,,,,,,,,,,,
39.409,pfifo,801494,535,1048,32802,,,,,,,,,,,
39.421,pfifo,801494,535,1048,32812,,,,,,,,,,,
39.433,pfifo,800078,535,1048,32821,,,,,,,,,,,
39.445,pfifo,800078,535,1048,32831,,,,,,,,,,,
39.457,pfifo,800078,535,1048,32841,,,,,,,,,,,
39.469,pfifo,799980,534,1048,32852,,,,,,,,,,,
39.481,pfifo,799980,534,1048,32862,,,,,,,,,,,
39.493,pfifo,799980,534,1048,32872,,,,,,,,,,,
39.505,pfifo,801494,535,1048,32881,,,,,,,,,,,
39.516,pfifo,801494,535,1048,32891,,,,,,,,,,,
39.528,pfifo,801494,535,1048,32901,,,,,,,,,,,
39.540,pfifo,800078,535,1048,32910,,,,,,,,,,,
39.552,pfifo,800078,535,1048,32920,,,,,,,,,,,
39.563,pfifo,800078,535,1048,32930,,,,,,,,,,,
39.575,pfifo,801494,535,1048,32940,,,,,,,,,,,
39.587,pfifo,801494,535,1048,32950,,,,,,,,,,,
39.599,pfifo,801494,535,1048,32960,,,,,,,,,,,
39.611,pfifo,801494,535,1048,32970,,,,,,,,,,,
39.623,pfifo,801494,535,1048,32980,,,,,,,,,,,
39.635,pfifo,801592,536,1048,32990,,,,,,,,,,,
39.647,pfifo,800078,535,1048,32999,,,,,,,,,,,
39.658,pfifo,800078,535,1048,33009,,,,,,,,,,,
39.670,pfifo,799980,534,1048,33020,,,,,,,,,,,
39.682,pfifo,799980,534,1048,33030,,,,,,,,,,,
39.694,pfifo,799980,534,1048,33040,,,,,,,,,,,
39.706,pfifo,799980,534,1048,33050,,,,,,,,,,,
39.718,pfifo,799980,534,1048,33060,,,,,,,,,,,
39.730,pfifo,799980,534,1048,33070,,,,,,,,,,,
39.742,pfifo,800078,535,1048,33080,,,,,,,,,,,
39.755,pfifo,800078,535,1048,33090,,,,,,,,,,,
39.766,pfifo,800078,535,1048,33100,,,,,,,,,,,
39.779,pfifo,801494,535,1048,33110,,,,,,,,,,,
39.790,pfifo,801494,535,1048,33120,,,,,,,,,,,
39.802,pfifo,801494,535,1048,33130,,,,,,,,,,,
39.815,pfifo,801494,535,1048,33140,,,,,,,,,,,
39.827,pfifo,801494,535,1048,33150,,,,,,,,,,,
39.839,pfifo,801592,536,1048,33160,,,,,,,,,,,
39.851,pfifo,801592,536,1048,33170,,,,,,,,,,,
39.863,pfifo,801592,536,1048,33180,,,,,,,,,,,
39.875,pfifo,801494,535,1048,33191,,,,,,,,,,,
39.887,pfifo,801494,535,1048,33201,,,,,,,,,,,
39.899,pfifo,801494,535,1048,33211,,,,,,,,,,,
39.911,pfifo,801494,535,1048,33221,,,,,,,,,,,
39.923,pfifo,801494,535,1048,33231,,,,,,,,,,,
39.936,pfifo,801592,536,1048,33241,,,,,,,,,,,
39.948,pfifo,801592,536,1048,33251,,,,,,,,,,,
39.960,pfifo,801592,536,1048,33261,,,,,,,,,,,
39.972,pfifo,801494,535,1048,33272,,,,,,,,,,,
39.984,pfifo,801494,535,1048,33282,,,,,,,,,,,
39.996,pfifo,801494,535,1048,33292,,,,,,,,,,,
40.008,pfifo,801494,535,1048,33302,,,,,,,,,,,
40.020,pfifo,799980,534,1048,33312,,,,,,,,,,,
40.032,pfifo,801494,535,1048,33321,,,,,,,,,,,
40.044,pfifo,801494,535,1048,33331,,,,,,,,,,,
40.056,pfifo,801494,535,1048,33341,,,,,,,,,,,
40.068,pfifo,801494,535,1048,33351,,,,,,,,,,,
40.080,pfifo,801396,534,1048,33362,,,,,,,,,,,
40.092,pfifo,801396,534,1048,33372,,,,,,,,,,,
40.104,pfifo,802910,535,1048,33381,,,,,,,,,,,
40.115,pfifo,802910,535,1048,33391,,,,,,,,,,,
40.127,pfifo,801396,534,1048,33402,,,,,,,,,,,
40.140,pfifo,801396,534,1048,33412,,,,,,,,,,,
40.152,pfifo,801396,534,1048,33422,,,,,,,,,,,
40.164,pfifo,802910,535,1048,33431,,,,,,,,,,,
40.176,pfifo,802812,534,1048,33442,,,,,,,,,,,
40.188,pfifo,802812,534,1048,33452,,,,,,,,,,,
40.200,pfifo,802812,534,1048,33462,,,,,,,,,,,
40.211,pfifo,801298,533,1048,33471,,,,,,,,,,,
40.223,pfifo,801298,533,1048,33481,,,,,,,,,,,
40.235,pfifo,801298,533,1048,33491,,,,,,,,,,,
40.247,pfifo,801298,533,1048,33501,,,,,,,,,,,
40.259,pfifo,801298,533,1048,33511,,,,,,,,,,,
40.271,pfifo,802812,534,1048,33520,,,,,,,,,,,
40.283,pfifo,802714,533,1048,33531,,,,,,,,,,,
40.295,pfifo,802714,533,1048,33541,,,,,,,,,,,
40.306,pfifo,802714,533,1048,33551,,,,,,,,,,,
40.318,pfifo,802714,533,1048,33561,,,,,,,,,,,
40.330,pfifo,799686,531,1048,33571,,,,,,,,,,,
40.342,pfifo,801200,532,1048,33580,,,,,,,,,,,
40.354,pfifo,801200,532,1048,33590,,,,,,,,,,,
40.366,pfifo,801200,532,1048,33600,,,,,,,,,,,
40.377,pfifo,802616,532,1048,33610,,,,,,,,,,,
40.389,pfifo,802616,532,1048,33620,,,,,,,,,,,
40.401,pfifo,802616,532,1048,33630,,,,,,,,,,,
40.413,pfifo,802616,532,1048,33640,,,,,,,,,,,
40.425,pfifo,801102,531,1048,33649,,,,,,,,,,,
40.437,pfifo,801102,531,1048,33659,,,,,,,,,,,
40.448,pfifo,801102,531,1048,33669,,,,,,,,,,,
40.460,pfifo,801102,531,1048,33679,,,,,,,,,,,
40.472,pfifo,801102,531,1048,33689,,,,,,,,,,,
40.484,pfifo,802518,531,1048,33699,,,,,,,,,,,
40.496,pfifo,802518,531,1048,33709,,,,,,,,,,,
40.508,pfifo,802518,531,1048,33719,,,,,,,,,,,
40.520,pfifo,802518,531,1048,33729,,,,,,,,,,,
40.532,pfifo,802518,531,1048,33739,,,,,,,,,,,
40.544,pfifo,802518,531,1048,33749,,,,,,,,,,,
40.556,pfifo,802518,531,1048,33759,,,,,,,,,,,
40.568,pfifo,802518,531,1048,33769,,,,,,,,,,,
40.580,pfifo,800906,529,1048,33779,,,,,,,,,,,
40.592,pfifo,800906,529,1048,33789,,,,,,,,,,,
40.604,pfifo,800906,529,1048,33799,,,,,,,,,,,
40.616,pfifo,800906,529,1048,33809,,,,,,,,,,,
40.628,pfifo,800906,529,1048,33819,,,,,,,,,,,
40.639,pfifo,800906,529,1048,33829,,,,,,,,,,,
40.652,pfifo,800906,529,1048,33839,,,,,,,,,,,
40.664,pfifo,800906,529,1048,33849,,,,,,,,,,,
40.675,pfifo,802420,530,1048,33858,,,,,,,,,,,
40.687,pfifo,802420,530,1048,33868,,,,,,,,,,,
40.699,pfifo,802420,530,1048,33878,,,,,,,,,,,
40.711,pfifo,802420,530,1048,33888,,,,,,,,,,,
40.723,pfifo,802420,530,1048,33898,,,,,,,,,,,
40.735,pfifo,803934,531,1048,33907,,,,,,,,,,,
40.747,pfifo,803934,531,1048,33917,,,,,,,,,,,
40.759,pfifo,803934,531,1048,33927,,,,,,,,,,,
40.771,pfifo,803934,531,1048,33937,,,,,,,,,,,
40.783,pfifo,803934,531,1048,33947,,,,,,,,,,,
40.795,pfifo,803934,531,1048,33957,,,,,,,,,,,
40.806,pfifo,802420,530,1048,33966,,,,,,,,,,,
40.818,pfifo,802420,530,1048,33976,,,,,,,,,,,
40.830,pfifo,802420,530,1048,33986,,,,,,,,,,,
40.842,pfifo,802420,530,1048,33996,,,,,,,,,,,
40.854,pfifo,802420,530,1048,34006,,,,,,,,,,,
40.866,pfifo,803934,531,1048,34015,,,,,,,,,,,
40.878,pfifo,803934,531,1048,34025,,,,,,,,,,,
40.890,pfifo,803934,531,1048,34035,,,,,,,,,,,
40.902,pfifo,803934,531,1048,34045,,,,,,,,,,,
40.914,pfifo,803934,531,1048,34055,,,,,,,,,,,
40.926,pfifo,803934,531,1048,34065,,,,,,,,,,,
40.938,pfifo,803934,531,1048,34075,,,,,,,,,,,
40.950,pfifo,803934,531,1048,34085,,,,,,,,,,,
40.962,pfifo,803934,531,1048,34095,,,,,,,,,,,
40.974,pfifo,802420,530,1048,34104,,,,,,,,,,,
40.985,pfifo,802420,530,1048,34114,,,,,,,,,,,
40.997,pfifo,802420,530,1048,34124,,,,,,,,,,,
