capture,family,frame_bytes,payload_bytes,ip_len_field
gro-64k-v6.pcap,6,7226,7140,7172
gro-64k-v6.pcap,6,7226,7140,7172
gro-64k-v6.pcap,6,14366,14280,14312
gro-64k-v6.pcap,6,14366,14280,14312
gro-64k-v6.pcap,6,28646,28560,28592
gro-64k-v6.pcap,6,28646,28560,28592
gro-64k-v6.pcap,6,8654,8568,8600
gro-64k-v6.pcap,6,57206,57120,57152
gro-64k-v6.pcap,6,57206,57120,57152
gro-64k-v6.pcap,6,42294,42208,42240
gro-64k-v6.pcap,6,64346,64260,64292
gro-64k-v6.pcap,6,64346,64260,64292
gro-64k-v6.pcap,6,13902,13816,13848
gro-64k-v6.pcap,6,64346,64260,64292
gro-64k-v6.pcap,6,64346,64260,64292
gro-64k-v6.pcap,6,13902,13816,13848
gro-64k-v6.pcap,6,64346,64260,64292
gro-64k-v6.pcap,6,64346,64260,64292
gro-64k-v6.pcap,6,64346,64260,64292
gro-64k-v6.pcap,6,64346,64260,64292
gro-64k-v6.pcap,6,64346,64260,64292
gro-64k-v6.pcap,6,42054,41968,42000
gro-64k-v6.pcap,6,64346,64260,64292
gro-64k-v6.pcap,6,64346,64260,64292
gro-64k-v6.pcap,6,64346,64260,64292
gro-64k-v6.pcap,6,64346,64260,64292
gro-64k-v6.pcap,6,64346,64260,64292
gro-64k-v6.pcap,6,59006,58920,58952
gro-64k-v6.pcap,6,64346,64260,64292
gro-64k-v6.pcap,6,64346,64260,64292
gro-64k-v6.pcap,6,64346,64260,64292
gro-64k-v6.pcap,6,64346,64260,64292
gro-64k-v6.pcap,6,64346,64260,64292
gro-64k-v6.pcap,6,20250,20164,20196
gro-64k-v6.pcap,6,64346,64260,64292
gro-64k-v6.pcap,6,64346,64260,64292
gro-64k-v6.pcap,6,64346,64260,64292
gro-64k-v6.pcap,6,64346,64260,64292
gro-64k-v6.pcap,6,64346,64260,64292
gro-64k-v6.pcap,6,64346,64260,64292
gro-64k-v6.pcap,6,35390,35304,35336
gro-64k-v6.pcap,6,41498,41412,41444
gro-64k-v6.pcap,6,64346,64260,64292
gro-64k-v6.pcap,6,64346,64260,64292
gro-64k-v6.pcap,6,64346,64260,64292
gro-64k-v6.pcap,6,64346,64260,64292
gro-64k-v6.pcap,6,64346,64260,64292
gro-64k-v6.pcap,6,57962,57876,57908
gro-64k-v6.pcap,6,64346,64260,64292
gro-64k-v6.pcap,6,64346,64260,64292
gro-64k-v6.pcap,6,64346,64260,64292
gro-64k-v6.pcap,6,64346,64260,64292
gro-64k-v6.pcap,6,64346,64260,64292
gro-64k-v6.pcap,6,64346,64260,64292
gro-64k-v6.pcap,6,38462,38376,38408
gro-64k-v6.pcap,6,64346,64260,64292
gro-64k-v6.pcap,6,64346,64260,64292
gro-64k-v6.pcap,6,64346,64260,64292
gro-64k-v6.pcap,6,51494,51408,51440
gro-64k-v6.pcap,6,1362,1276,1308
gro-64k-v6.pcap,6,64346,64260,64292
gro-64k-v6.pcap,6,64346,64260,64292
gro-64k-v6.pcap,6,64346,64260,64292
gro-64k-v6.pcap,6,64346,64260,64292
gro-64k-v6.pcap,6,64346,64260,64292
gro-64k-v6.pcap,6,64346,64260,64292
gro-64k-v6.pcap,6,40510,40424,40456
gro-64k-v6.pcap,6,64346,64260,64292
gro-64k-v6.pcap,6,64346,64260,64292
gro-64k-v6.pcap,6,64346,64260,64292
gro-64k-v6.pcap,6,64346,64260,64292
gro-64k-v6.pcap,6,64346,64260,64292
gro-64k-v6.pcap,6,64346,64260,64292
gro-64k-v6.pcap,6,40510,40424,40456
gro-64k-v6.pcap,6,64346,64260,64292
gro-64k-v6.pcap,6,64346,64260,64292
gro-64k-v6.pcap,6,64346,64260,64292
gro-64k-v6.pcap,6,2942,2856,2888
gro-64k-v6.pcap,6,1058,972,1004
gro-64k-v6.pcap,6,64346,64260,64292
gro-64k-v6.pcap,6,64346,64260,64292
gro-64k-v6.pcap,6,64346,64260,64292
gro-64k-v6.pcap,6,64346,64260,64292
gro-64k-v6.pcap,6,64346,64260,64292
gro-64k-v6.pcap,6,64346,64260,64292
gro-64k-v6.pcap,6,52798,52712,52744
gro-64k-v6.pcap,6,64346,64260,64292
gro-64k-v6.pcap,6,64346,64260,64292
gro-64k-v6.pcap,6,64346,64260,64292
gro-64k-v6.pcap,6,64346,64260,64292
gro-64k-v6.pcap,6,64346,64260,64292
gro-64k-v6.pcap,6,64346,64260,64292
gro-64k-v6.pcap,6,53822,53736,53768
gro-64k-v6.pcap,6,64346,64260,64292
gro-64k-v6.pcap,6,64346,64260,64292
gro-64k-v6.pcap,6,41498,41412,41444
gro-64k-v6.pcap,6,1162,1076,1108
gro-64k-v6.pcap,6,64346,64260,64292
gro-64k-v6.pcap,6,64346,64260,64292
gro-64k-v6.pcap,6,64346,64260,64292
gro-64k-v6.pcap,6,64346,64260,64292
gro-64k-v6.pcap,6,64346,64260,64292
gro-64k-v6.pcap,6,64346,64260,64292
gro-64k-v6.pcap,6,64346,64260,64292
gro-64k-v6.pcap,6,64346,64260,64292
gro-64k-v6.pcap,6,64346,64260,64292
gro-64k-v6.pcap,6,64346,64260,64292
gro-64k-v6.pcap,6,64346,64260,64292
gro-64k-v6.pcap,6,64346,64260,64292
gro-64k-v6.pcap,6,64346,64260,64292
gro-64k-v6.pcap,6,64346,64260,64292
gro-64k-v6.pcap,6,3898,3812,3844
gro-64k-v6.pcap,6,64346,64260,64292
gro-64k-v6.pcap,6,60062,59976,60008
gro-64k-v6.pcap,6,20078,19992,20024
gro-64k-v6.pcap,6,64346,64260,64292
gro-64k-v6.pcap,6,64346,64260,64292
gro-64k-v6.pcap,6,64346,64260,64292
gro-64k-v6.pcap,6,64346,64260,64292
gro-64k-v6.pcap,6,64346,64260,64292
gro-64k-v6.pcap,6,64346,64260,64292
gro-64k-v6.pcap,6,64346,64260,64292
gro-64k-v6.pcap,6,64346,64260,64292
gro-64k-v6.pcap,6,64346,64260,64292
gro-64k-v6.pcap,6,64346,64260,64292
gro-64k-v6.pcap,6,64346,64260,64292
gro-64k-v6.pcap,6,64346,64260,64292
gro-64k-v6.pcap,6,64346,64260,64292
gro-64k-v6.pcap,6,64346,64260,64292
gro-64k-v6.pcap,6,23354,23268,23300
gro-64k-v6.pcap,6,64346,64260,64292
gro-64k-v6.pcap,6,40070,39984,40016
gro-64k-v6.pcap,6,1094,1008,1040
gro-64k-v6.pcap,6,20078,19992,20024
gro-64k-v6.pcap,6,64346,64260,64292
gro-64k-v6.pcap,6,64346,64260,64292
gro-64k-v6.pcap,6,64346,64260,64292
gro-64k-v6.pcap,6,64346,64260,64292
gro-64k-v6.pcap,6,64346,64260,64292
gro-64k-v6.pcap,6,64346,64260,64292
gro-64k-v6.pcap,6,64346,64260,64292
gro-64k-v6.pcap,6,64346,64260,64292
gro-64k-v6.pcap,6,64346,64260,64292
gro-64k-v6.pcap,6,64346,64260,64292
gro-64k-v6.pcap,6,64346,64260,64292
gro-64k-v6.pcap,6,64346,64260,64292
gro-64k-v6.pcap,6,64346,64260,64292
gro-64k-v6.pcap,6,64346,64260,64292
gro-64k-v6.pcap,6,28474,28388,28420
gro-64k-v6.pcap,6,64346,64260,64292
gro-64k-v6.pcap,6,35786,35700,35732
gro-64k-v6.pcap,6,20502,20416,20448
gro-64k-v6.pcap,6,64346,64260,64292
gro-64k-v6.pcap,6,64346,64260,64292
gro-64k-v6.pcap,6,64346,64260,64292
gro-64k-v6.pcap,6,64346,64260,64292
gro-64k-v6.pcap,6,64346,64260,64292
gro-64k-v6.pcap,6,64346,64260,64292
gro-64k-v6.pcap,6,64346,64260,64292
gro-64k-v6.pcap,6,64346,64260,64292
gro-64k-v6.pcap,6,64346,64260,64292
gro-64k-v6.pcap,6,64346,64260,64292
gro-64k-v6.pcap,6,64346,64260,64292
gro-64k-v6.pcap,6,64346,64260,64292
gro-64k-v6.pcap,6,64346,64260,64292
gro-64k-v6.pcap,6,64346,64260,64292
gro-64k-v6.pcap,6,31546,31460,31492
gro-64k-v6.pcap,6,64346,64260,64292
gro-64k-v6.pcap,6,31502,31416,31448
gro-64k-v6.pcap,6,1470,1384,1416
gro-64k-v6.pcap,6,20078,19992,20024
gro-64k-v6.pcap,6,64346,64260,64292
gro-64k-v6.pcap,6,64346,64260,64292
gro-64k-v6.pcap,6,64346,64260,64292
gro-64k-v6.pcap,6,64346,64260,64292
gro-64k-v6.pcap,6,64346,64260,64292
gro-64k-v6.pcap,6,64346,64260,64292
gro-64k-v6.pcap,6,64346,64260,64292
gro-64k-v6.pcap,6,64346,64260,64292
gro-64k-v6.pcap,6,64346,64260,64292
gro-64k-v6.pcap,6,64346,64260,64292
gro-64k-v6.pcap,6,64346,64260,64292
gro-64k-v6.pcap,6,64346,64260,64292
gro-64k-v6.pcap,6,64346,64260,64292
gro-64k-v6.pcap,6,64346,64260,64292
gro-64k-v6.pcap,6,36666,36580,36612
gro-64k-v6.pcap,6,64346,64260,64292
gro-64k-v6.pcap,6,27218,27132,27164
gro-64k-v6.pcap,6,20078,19992,20024
gro-64k-v6.pcap,6,64346,64260,64292
gro-64k-v6.pcap,6,64346,64260,64292
gro-64k-v6.pcap,6,64346,64260,64292
gro-64k-v6.pcap,6,64346,64260,64292
gro-64k-v6.pcap,6,64346,64260,64292
gro-64k-v6.pcap,6,64346,64260,64292
gro-64k-v6.pcap,6,64346,64260,64292
gro-64k-v6.pcap,6,64346,64260,64292
gro-64k-v6.pcap,6,64346,64260,64292
gro-64k-v6.pcap,6,64346,64260,64292
gro-64k-v6.pcap,6,64346,64260,64292
gro-64k-v6.pcap,6,64346,64260,64292
gro-64k-v6.pcap,6,64346,64260,64292
gro-64k-v6.pcap,6,64346,64260,64292
gro-64k-v6.pcap,6,64346,64260,64292
gro-64k-v6.pcap,6,64346,64260,64292
gro-64k-v6.pcap,6,20502,20416,20448
gro-64k-v6.pcap,6,64346,64260,64292
gro-64k-v6.pcap,6,64346,64260,64292
gro-64k-v6.pcap,6,64346,64260,64292
gro-64k-v6.pcap,6,64346,64260,64292
gro-64k-v6.pcap,6,64346,64260,64292
gro-64k-v6.pcap,6,64346,64260,64292
gro-64k-v6.pcap,6,64346,64260,64292
gro-64k-v6.pcap,6,64346,64260,64292
gro-64k-v6.pcap,6,64346,64260,64292
gro-64k-v6.pcap,6,64346,64260,64292
gro-64k-v6.pcap,6,64346,64260,64292
gro-64k-v6.pcap,6,64346,64260,64292
gro-64k-v6.pcap,6,64346,64260,64292
gro-64k-v6.pcap,6,64346,64260,64292
gro-64k-v6.pcap,6,36666,36580,36612
gro-64k-v6.pcap,6,64346,64260,64292
gro-64k-v6.pcap,6,27218,27132,27164
gro-64k-v6.pcap,6,20078,19992,20024
gro-64k-v6.pcap,6,64346,64260,64292
gro-64k-v6.pcap,6,64346,64260,64292
gro-64k-v6.pcap,6,64346,64260,64292
gro-64k-v6.pcap,6,64346,64260,64292
gro-64k-v6.pcap,6,64346,64260,64292
gro-64k-v6.pcap,6,64346,64260,64292
gro-64k-v6.pcap,6,64346,64260,64292
gro-64k-v6.pcap,6,64346,64260,64292
gro-64k-v6.pcap,6,64346,64260,64292
gro-64k-v6.pcap,6,64346,64260,64292
gro-64k-v6.pcap,6,64346,64260,64292
gro-64k-v6.pcap,6,64346,64260,64292
gro-64k-v6.pcap,6,64346,64260,64292
gro-64k-v6.pcap,6,64346,64260,64292
gro-64k-v6.pcap,6,36666,36580,36612
gro-64k-v6.pcap,6,64346,64260,64292
gro-64k-v6.pcap,6,27218,27132,27164
gro-64k-v6.pcap,6,20502,20416,20448
gro-64k-v6.pcap,6,64346,64260,64292
gro-64k-v6.pcap,6,64346,64260,64292
gro-64k-v6.pcap,6,64346,64260,64292
gro-64k-v6.pcap,6,64346,64260,64292
gro-64k-v6.pcap,6,64346,64260,64292
gro-64k-v6.pcap,6,64346,64260,64292
gro-64k-v6.pcap,6,64346,64260,64292
gro-64k-v6.pcap,6,64346,64260,64292
gro-64k-v6.pcap,6,64346,64260,64292
gro-64k-v6.pcap,6,64346,64260,64292
gro-64k-v6.pcap,6,64346,64260,64292
gro-64k-v6.pcap,6,64346,64260,64292
gro-64k-v6.pcap,6,64346,64260,64292
gro-64k-v6.pcap,6,64346,64260,64292
gro-64k-v6.pcap,6,37690,37604,37636
gro-64k-v6.pcap,6,64346,64260,64292
gro-64k-v6.pcap,6,25790,25704,25736
gro-64k-v6.pcap,6,1038,952,984
gro-64k-v6.pcap,6,20078,19992,20024
gro-64k-v6.pcap,6,64346,64260,64292
gro-64k-v6.pcap,6,64346,64260,64292
gro-64k-v6.pcap,6,64346,64260,64292
gro-64k-v6.pcap,6,64346,64260,64292
gro-64k-v6.pcap,6,64346,64260,64292
gro-64k-v6.pcap,6,64346,64260,64292
gro-64k-v6.pcap,6,64346,64260,64292
gro-64k-v6.pcap,6,64346,64260,64292
gro-64k-v6.pcap,6,64346,64260,64292
gro-64k-v6.pcap,6,64346,64260,64292
gro-64k-v6.pcap,6,64346,64260,64292
gro-64k-v6.pcap,6,64346,64260,64292
gro-64k-v6.pcap,6,64346,64260,64292
gro-64k-v6.pcap,6,64346,64260,64292
gro-64k-v6.pcap,6,37690,37604,37636
gro-64k-v6.pcap,6,64346,64260,64292
gro-64k-v6.pcap,6,25790,25704,25736
gro-64k-v6.pcap,6,1038,952,984
gro-64k-v6.pcap,6,20078,19992,20024
gro-64k-v6.pcap,6,64346,64260,64292
gro-64k-v6.pcap,6,64346,64260,64292
gro-64k-v6.pcap,6,64346,64260,64292
gro-64k-v6.pcap,6,64346,64260,64292
gro-64k-v6.pcap,6,64346,64260,64292
gro-64k-v6.pcap,6,64346,64260,64292
gro-64k-v6.pcap,6,64346,64260,64292
gro-64k-v6.pcap,6,64346,64260,64292
gro-64k-v6.pcap,6,64346,64260,64292
gro-64k-v6.pcap,6,64346,64260,64292
gro-64k-v6.pcap,6,64346,64260,64292
gro-64k-v6.pcap,6,64346,64260,64292
gro-64k-v6.pcap,6,64346,64260,64292
gro-64k-v6.pcap,6,64346,64260,64292
gro-64k-v6.pcap,6,64346,64260,64292
gro-64k-v6.pcap,6,64346,64260,64292
gro-64k-v6.pcap,6,20502,20416,20448
gro-64k-v6.pcap,6,64346,64260,64292
gro-64k-v6.pcap,6,64346,64260,64292
gro-64k-v6.pcap,6,64346,64260,64292
gro-64k-v6.pcap,6,64346,64260,64292
gro-64k-v6.pcap,6,64346,64260,64292
gro-64k-v6.pcap,6,64346,64260,64292
gro-64k-v6.pcap,6,64346,64260,64292
gro-64k-v6.pcap,6,64346,64260,64292
gro-64k-v6.pcap,6,64346,64260,64292
gro-64k-v6.pcap,6,64346,64260,64292
gro-64k-v6.pcap,6,64346,64260,64292
gro-64k-v6.pcap,6,64346,64260,64292
gro-64k-v6.pcap,6,64346,64260,64292
gro-64k-v6.pcap,6,64346,64260,64292
gro-64k-v6.pcap,6,37690,37604,37636
gro-64k-v6.pcap,6,64346,64260,64292
gro-64k-v6.pcap,6,25790,25704,25736
gro-64k-v6.pcap,6,1038,952,984
gro-64k-v6.pcap,6,20078,19992,20024
gro-64k-v6.pcap,6,64346,64260,64292
gro-64k-v6.pcap,6,64346,64260,64292
gro-64k-v6.pcap,6,64346,64260,64292
gro-64k-v6.pcap,6,64346,64260,64292
gro-64k-v6.pcap,6,64346,64260,64292
gro-64k-v6.pcap,6,64346,64260,64292
gro-64k-v6.pcap,6,64346,64260,64292
gro-64k-v6.pcap,6,64346,64260,64292
gro-64k-v6.pcap,6,64346,64260,64292
gro-64k-v6.pcap,6,64346,64260,64292
gro-64k-v6.pcap,6,64346,64260,64292
gro-64k-v6.pcap,6,64346,64260,64292
gro-64k-v6.pcap,6,64346,64260,64292
gro-64k-v6.pcap,6,64346,64260,64292
gro-64k-v6.pcap,6,37690,37604,37636
gro-64k-v6.pcap,6,64346,64260,64292
gro-64k-v6.pcap,6,25790,25704,25736
gro-64k-v6.pcap,6,1038,952,984
gro-64k-v6.pcap,6,20078,19992,20024
gro-64k-v6.pcap,6,64346,64260,64292
gro-64k-v6.pcap,6,64346,64260,64292
gro-64k-v6.pcap,6,64346,64260,64292
gro-64k-v6.pcap,6,64346,64260,64292
gro-64k-v6.pcap,6,64346,64260,64292
gro-64k-v6.pcap,6,64346,64260,64292
gro-64k-v6.pcap,6,64346,64260,64292
gro-64k-v6.pcap,6,64346,64260,64292
gro-64k-v6.pcap,6,64346,64260,64292
gro-64k-v6.pcap,6,64346,64260,64292
gro-64k-v6.pcap,6,64346,64260,64292
gro-64k-v6.pcap,6,64346,64260,64292
gro-64k-v6.pcap,6,64346,64260,64292
gro-64k-v6.pcap,6,64346,64260,64292
gro-64k-v6.pcap,6,37690,37604,37636
gro-64k-v6.pcap,6,64346,64260,64292
gro-64k-v6.pcap,6,25790,25704,25736
gro-64k-v6.pcap,6,1038,952,984
gro-64k-v6.pcap,6,20078,19992,20024
gro-64k-v6.pcap,6,64346,64260,64292
gro-64k-v6.pcap,6,64346,64260,64292
gro-64k-v6.pcap,6,64346,64260,64292
gro-64k-v6.pcap,6,64346,64260,64292
gro-64k-v6.pcap,6,64346,64260,64292
gro-64k-v6.pcap,6,64346,64260,64292
gro-64k-v6.pcap,6,64346,64260,64292
gro-64k-v6.pcap,6,64346,64260,64292
gro-64k-v6.pcap,6,64346,64260,64292
gro-64k-v6.pcap,6,64346,64260,64292
gro-64k-v6.pcap,6,64346,64260,64292
gro-64k-v6.pcap,6,64346,64260,64292
gro-64k-v6.pcap,6,64346,64260,64292
gro-64k-v6.pcap,6,64346,64260,64292
gro-64k-v6.pcap,6,37690,37604,37636
gro-64k-v6.pcap,6,64346,64260,64292
gro-64k-v6.pcap,6,25790,25704,25736
gro-64k-v6.pcap,6,1038,952,984
gro-64k-v6.pcap,6,20078,19992,20024
gro-64k-v6.pcap,6,64346,64260,64292
gro-64k-v6.pcap,6,64346,64260,64292
gro-64k-v6.pcap,6,64346,64260,64292
gro-64k-v6.pcap,6,64346,64260,64292
gro-64k-v6.pcap,6,64346,64260,64292
gro-64k-v6.pcap,6,64346,64260,64292
gro-64k-v6.pcap,6,64346,64260,64292
gro-64k-v6.pcap,6,64346,64260,64292
gro-64k-v6.pcap,6,64346,64260,64292
gro-64k-v6.pcap,6,64346,64260,64292
gro-64k-v6.pcap,6,64346,64260,64292
gro-64k-v6.pcap,6,64346,64260,64292
gro-64k-v6.pcap,6,64346,64260,64292
gro-64k-v6.pcap,6,64346,64260,64292
gro-64k-v6.pcap,6,64346,64260,64292
gro-64k-v6.pcap,6,64346,64260,64292
gro-64k-v6.pcap,6,20502,20416,20448
gro-64k-v6.pcap,6,64346,64260,64292
gro-64k-v6.pcap,6,64346,64260,64292
gro-64k-v6.pcap,6,64346,64260,64292
gro-64k-v6.pcap,6,64346,64260,64292
gro-64k-v6.pcap,6,64346,64260,64292
gro-64k-v6.pcap,6,64346,64260,64292
gro-64k-v6.pcap,6,64346,64260,64292
gro-64k-v6.pcap,6,64346,64260,64292
gro-64k-v6.pcap,6,64346,64260,64292
gro-64k-v6.pcap,6,64346,64260,64292
gro-64k-v6.pcap,6,64346,64260,64292
gro-64k-v6.pcap,6,64346,64260,64292
gro-64k-v6.pcap,6,64346,64260,64292
gro-64k-v6.pcap,6,64346,64260,64292
gro-64k-v6.pcap,6,37690,37604,37636
gro-64k-v6.pcap,6,64346,64260,64292
gro-64k-v6.pcap,6,25790,25704,25736
gro-64k-v6.pcap,6,1038,952,984
gro-64k-v6.pcap,6,20078,19992,20024
gro-64k-v6.pcap,6,64346,64260,64292
gro-64k-v6.pcap,6,64346,64260,64292
gro-64k-v6.pcap,6,64346,64260,64292
gro-64k-v6.pcap,6,64346,64260,64292
gro-64k-v6.pcap,6,64346,64260,64292
gro-64k-v6.pcap,6,64346,64260,64292
gro-64k-v6.pcap,6,64346,64260,64292
gro-64k-v6.pcap,6,64346,64260,64292
gro-64k-v6.pcap,6,64346,64260,64292
gro-64k-v6.pcap,6,64346,64260,64292
gro-64k-v6.pcap,6,64346,64260,64292
gro-64k-v6.pcap,6,64346,64260,64292
gro-64k-v6.pcap,6,64346,64260,64292
gro-64k-v6.pcap,6,64346,64260,64292
gro-64k-v6.pcap,6,37690,37604,37636
gro-64k-v6.pcap,6,64346,64260,64292
gro-64k-v6.pcap,6,25790,25704,25736
gro-64k-v6.pcap,6,1038,952,984
gro-64k-v6.pcap,6,20078,19992,20024
gro-64k-v6.pcap,6,64346,64260,64292
gro-64k-v6.pcap,6,64346,64260,64292
gro-64k-v6.pcap,6,64346,64260,64292
gro-64k-v6.pcap,6,64346,64260,64292
gro-64k-v6.pcap,6,64346,64260,64292
gro-64k-v6.pcap,6,64346,64260,64292
gro-64k-v6.pcap,6,64346,64260,64292
gro-64k-v6.pcap,6,64346,64260,64292
gro-64k-v6.pcap,6,64346,64260,64292
gro-64k-v6.pcap,6,64346,64260,64292
gro-64k-v6.pcap,6,64346,64260,64292
gro-64k-v6.pcap,6,64346,64260,64292
gro-64k-v6.pcap,6,64346,64260,64292
gro-64k-v6.pcap,6,64346,64260,64292
gro-64k-v6.pcap,6,37690,37604,37636
gro-64k-v6.pcap,6,64346,64260,64292
gro-64k-v6.pcap,6,26742,26656,26688
gro-64k-v6.pcap,6,20078,19992,20024
gro-64k-v6.pcap,6,64346,64260,64292
gro-64k-v6.pcap,6,64346,64260,64292
gro-64k-v6.pcap,6,64346,64260,64292
gro-64k-v6.pcap,6,64346,64260,64292
gro-64k-v6.pcap,6,64346,64260,64292
gro-64k-v6.pcap,6,64346,64260,64292
gro-64k-v6.pcap,6,64346,64260,64292
gro-64k-v6.pcap,6,64346,64260,64292
gro-64k-v6.pcap,6,64346,64260,64292
gro-64k-v6.pcap,6,64346,64260,64292
gro-64k-v6.pcap,6,64346,64260,64292
gro-64k-v6.pcap,6,64346,64260,64292
gro-64k-v6.pcap,6,64346,64260,64292
gro-64k-v6.pcap,6,64346,64260,64292
gro-64k-v6.pcap,6,37690,37604,37636
gro-64k-v6.pcap,6,64346,64260,64292
gro-64k-v6.pcap,6,25790,25704,25736
gro-64k-v6.pcap,6,1038,952,984
gro-64k-v6.pcap,6,20078,19992,20024
gro-64k-v6.pcap,6,64346,64260,64292
gro-64k-v6.pcap,6,64346,64260,64292
gro-64k-v6.pcap,6,64346,64260,64292
gro-64k-v6.pcap,6,64346,64260,64292
gro-64k-v6.pcap,6,64346,64260,64292
gro-64k-v6.pcap,6,64346,64260,64292
gro-64k-v6.pcap,6,64346,64260,64292
gro-64k-v6.pcap,6,64346,64260,64292
gro-64k-v6.pcap,6,64346,64260,64292
gro-64k-v6.pcap,6,64346,64260,64292
gro-64k-v6.pcap,6,64346,64260,64292
gro-64k-v6.pcap,6,64346,64260,64292
gro-64k-v6.pcap,6,64346,64260,64292
gro-64k-v6.pcap,6,64346,64260,64292
gro-64k-v6.pcap,6,37690,37604,37636
gro-64k-v6.pcap,6,64346,64260,64292
gro-64k-v6.pcap,6,25790,25704,25736
gro-64k-v6.pcap,6,1038,952,984
gro-64k-v6.pcap,6,20078,19992,20024
gro-64k-v6.pcap,6,64346,64260,64292
gro-64k-v6.pcap,6,64346,64260,64292
gro-64k-v6.pcap,6,64346,64260,64292
gro-64k-v6.pcap,6,64346,64260,64292
gro-64k-v6.pcap,6,64346,64260,64292
gro-64k-v6.pcap,6,64346,64260,64292
gro-64k-v6.pcap,6,64346,64260,64292
gro-64k-v6.pcap,6,64346,64260,64292
gro-64k-v6.pcap,6,64346,64260,64292
gro-64k-v6.pcap,6,64346,64260,64292
gro-64k-v6.pcap,6,64346,64260,64292
gro-64k-v6.pcap,6,64346,64260,64292
gro-64k-v6.pcap,6,64346,64260,64292
gro-64k-v6.pcap,6,64346,64260,64292
gro-64k-v6.pcap,6,37690,37604,37636
gro-64k-v6.pcap,6,64346,64260,64292
gro-64k-v6.pcap,6,25790,25704,25736
gro-64k-v6.pcap,6,1038,952,984
gro-64k-v6.pcap,6,20078,19992,20024
gro-64k-v6.pcap,6,64346,64260,64292
gro-64k-v6.pcap,6,64346,64260,64292
gro-64k-v6.pcap,6,64346,64260,64292
gro-64k-v6.pcap,6,64346,64260,64292
gro-64k-v6.pcap,6,64346,64260,64292
gro-64k-v6.pcap,6,64346,64260,64292
gro-64k-v6.pcap,6,64346,64260,64292
gro-64k-v6.pcap,6,64346,64260,64292
gro-64k-v6.pcap,6,64346,64260,64292
gro-64k-v6.pcap,6,64346,64260,64292
gro-64k-v6.pcap,6,64346,64260,64292
gro-64k-v6.pcap,6,64346,64260,64292
gro-64k-v6.pcap,6,64346,64260,64292
gro-64k-v6.pcap,6,64346,64260,64292
gro-64k-v6.pcap,6,37690,37604,37636
gro-64k-v6.pcap,6,64346,64260,64292
gro-64k-v6.pcap,6,25790,25704,25736
gro-64k-v6.pcap,6,1038,952,984
gro-64k-v6.pcap,6,20078,19992,20024
gro-64k-v6.pcap,6,64346,64260,64292
gro-64k-v6.pcap,6,64346,64260,64292
gro-64k-v6.pcap,6,64346,64260,64292
gro-64k-v6.pcap,6,64346,64260,64292
gro-64k-v6.pcap,6,64346,64260,64292
gro-64k-v6.pcap,6,64346,64260,64292
gro-64k-v6.pcap,6,64346,64260,64292
gro-64k-v6.pcap,6,64346,64260,64292
gro-64k-v6.pcap,6,64346,64260,64292
gro-64k-v6.pcap,6,64346,64260,64292
gro-64k-v6.pcap,6,64346,64260,64292
gro-64k-v6.pcap,6,64346,64260,64292
gro-64k-v6.pcap,6,64346,64260,64292
gro-64k-v6.pcap,6,64346,64260,64292
gro-64k-v6.pcap,6,37690,37604,37636
gro-64k-v6.pcap,6,64346,64260,64292
gro-64k-v6.pcap,6,25790,25704,25736
gro-64k-v6.pcap,6,1038,952,984
gro-64k-v6.pcap,6,20078,19992,20024
gro-64k-v6.pcap,6,64346,64260,64292
gro-64k-v6.pcap,6,64346,64260,64292
gro-64k-v6.pcap,6,64346,64260,64292
gro-64k-v6.pcap,6,64346,64260,64292
gro-64k-v6.pcap,6,64346,64260,64292
gro-64k-v6.pcap,6,64346,64260,64292
gro-64k-v6.pcap,6,64346,64260,64292
gro-64k-v6.pcap,6,64346,64260,64292
gro-64k-v6.pcap,6,64346,64260,64292
gro-64k-v6.pcap,6,64346,64260,64292
gro-64k-v6.pcap,6,64346,64260,64292
gro-64k-v6.pcap,6,64346,64260,64292
gro-64k-v6.pcap,6,64346,64260,64292
gro-64k-v6.pcap,6,64346,64260,64292
gro-64k-v6.pcap,6,37690,37604,37636
gro-64k-v6.pcap,6,64346,64260,64292
gro-64k-v6.pcap,6,25790,25704,25736
gro-64k-v6.pcap,6,1038,952,984
gro-64k-v6.pcap,6,20078,19992,20024
gro-64k-v6.pcap,6,64346,64260,64292
gro-64k-v6.pcap,6,64346,64260,64292
gro-64k-v6.pcap,6,64346,64260,64292
gro-64k-v6.pcap,6,64346,64260,64292
gro-64k-v6.pcap,6,64346,64260,64292
gro-64k-v6.pcap,6,64346,64260,64292
gro-64k-v6.pcap,6,64346,64260,64292
gro-64k-v6.pcap,6,64346,64260,64292
gro-64k-v6.pcap,6,64346,64260,64292
gro-64k-v6.pcap,6,64346,64260,64292
gro-64k-v6.pcap,6,64346,64260,64292
gro-64k-v6.pcap,6,64346,64260,64292
gro-64k-v6.pcap,6,64346,64260,64292
gro-64k-v6.pcap,6,64346,64260,64292
gro-64k-v6.pcap,6,64346,64260,64292
gro-64k-v6.pcap,6,64346,64260,64292
gro-64k-v6.pcap,6,20502,20416,20448
gro-64k-v6.pcap,6,64346,64260,64292
gro-64k-v6.pcap,6,64346,64260,64292
gro-64k-v6.pcap,6,64346,64260,64292
gro-64k-v6.pcap,6,64346,64260,64292
gro-64k-v6.pcap,6,64346,64260,64292
gro-64k-v6.pcap,6,64346,64260,64292
gro-64k-v6.pcap,6,64346,64260,64292
gro-64k-v6.pcap,6,64346,64260,64292
gro-64k-v6.pcap,6,64346,64260,64292
gro-64k-v6.pcap,6,64346,64260,64292
gro-64k-v6.pcap,6,64346,64260,64292
gro-64k-v6.pcap,6,64346,64260,64292
gro-64k-v6.pcap,6,64346,64260,64292
gro-64k-v6.pcap,6,64346,64260,64292
gro-64k-v6.pcap,6,37690,37604,37636
gro-64k-v6.pcap,6,64346,64260,64292
gro-64k-v6.pcap,6,25790,25704,25736
gro-64k-v6.pcap,6,1038,952,984
gro-64k-v6.pcap,6,20078,19992,20024
gro-64k-v6.pcap,6,64346,64260,64292
gro-64k-v6.pcap,6,64346,64260,64292
gro-64k-v6.pcap,6,64346,64260,64292
gro-64k-v6.pcap,6,64346,64260,64292
gro-64k-v6.pcap,6,64346,64260,64292
gro-64k-v6.pcap,6,64346,64260,64292
gro-64k-v6.pcap,6,64346,64260,64292
gro-64k-v6.pcap,6,64346,64260,64292
gro-64k-v6.pcap,6,64346,64260,64292
gro-64k-v6.pcap,6,64346,64260,64292
gro-64k-v6.pcap,6,64346,64260,64292
gro-64k-v6.pcap,6,64346,64260,64292
gro-64k-v6.pcap,6,64346,64260,64292
gro-64k-v6.pcap,6,64346,64260,64292
gro-64k-v6.pcap,6,37690,37604,37636
gro-64k-v6.pcap,6,64346,64260,64292
gro-64k-v6.pcap,6,25790,25704,25736
gro-64k-v6.pcap,6,1038,952,984
gro-64k-v6.pcap,6,20078,19992,20024
gro-64k-v6.pcap,6,64346,64260,64292
gro-64k-v6.pcap,6,64346,64260,64292
gro-64k-v6.pcap,6,64346,64260,64292
gro-64k-v6.pcap,6,64346,64260,64292
gro-64k-v6.pcap,6,64346,64260,64292
gro-64k-v6.pcap,6,64346,64260,64292
gro-64k-v6.pcap,6,64346,64260,64292
gro-64k-v6.pcap,6,64346,64260,64292
gro-64k-v6.pcap,6,64346,64260,64292
gro-64k-v6.pcap,6,64346,64260,64292
gro-64k-v6.pcap,6,64346,64260,64292
gro-64k-v6.pcap,6,64346,64260,64292
gro-64k-v6.pcap,6,64346,64260,64292
gro-64k-v6.pcap,6,64346,64260,64292
gro-64k-v6.pcap,6,37690,37604,37636
gro-64k-v6.pcap,6,64346,64260,64292
gro-64k-v6.pcap,6,25790,25704,25736
gro-64k-v6.pcap,6,1038,952,984
gro-64k-v6.pcap,6,20078,19992,20024
gro-64k-v6.pcap,6,64346,64260,64292
gro-64k-v6.pcap,6,64346,64260,64292
gro-64k-v6.pcap,6,64346,64260,64292
gro-64k-v6.pcap,6,64346,64260,64292
gro-64k-v6.pcap,6,64346,64260,64292
gro-64k-v6.pcap,6,64346,64260,64292
gro-64k-v6.pcap,6,64346,64260,64292
gro-64k-v6.pcap,6,64346,64260,64292
gro-64k-v6.pcap,6,64346,64260,64292
gro-64k-v6.pcap,6,64346,64260,64292
gro-64k-v6.pcap,6,64346,64260,64292
gro-64k-v6.pcap,6,64346,64260,64292
gro-64k-v6.pcap,6,64346,64260,64292
gro-64k-v6.pcap,6,64346,64260,64292
gro-64k-v6.pcap,6,37690,37604,37636
gro-64k-v6.pcap,6,64346,64260,64292
gro-64k-v6.pcap,6,25790,25704,25736
gro-64k-v6.pcap,6,1038,952,984
gro-64k-v6.pcap,6,20078,19992,20024
gro-64k-v6.pcap,6,64346,64260,64292
gro-64k-v6.pcap,6,64346,64260,64292
gro-64k-v6.pcap,6,64346,64260,64292
gro-64k-v6.pcap,6,64346,64260,64292
gro-64k-v6.pcap,6,64346,64260,64292
gro-64k-v6.pcap,6,64346,64260,64292
gro-64k-v6.pcap,6,64346,64260,64292
gro-64k-v6.pcap,6,64346,64260,64292
gro-64k-v6.pcap,6,64346,64260,64292
gro-64k-v6.pcap,6,64346,64260,64292
gro-64k-v6.pcap,6,64346,64260,64292
gro-64k-v6.pcap,6,64346,64260,64292
gro-64k-v6.pcap,6,64346,64260,64292
gro-64k-v6.pcap,6,64346,64260,64292
gro-64k-v6.pcap,6,37690,37604,37636
gro-64k-v6.pcap,6,64346,64260,64292
gro-64k-v6.pcap,6,25790,25704,25736
gro-64k-v6.pcap,6,1038,952,984
gro-64k-v6.pcap,6,20078,19992,20024
gro-64k-v6.pcap,6,64346,64260,64292
gro-64k-v6.pcap,6,64346,64260,64292
gro-64k-v6.pcap,6,64346,64260,64292
gro-64k-v6.pcap,6,64346,64260,64292
gro-64k-v6.pcap,6,64346,64260,64292
gro-64k-v6.pcap,6,64346,64260,64292
gro-64k-v6.pcap,6,64346,64260,64292
gro-64k-v6.pcap,6,64346,64260,64292
gro-64k-v6.pcap,6,64346,64260,64292
gro-64k-v6.pcap,6,64346,64260,64292
gro-64k-v6.pcap,6,64346,64260,64292
gro-64k-v6.pcap,6,64346,64260,64292
gro-64k-v6.pcap,6,64346,64260,64292
gro-64k-v6.pcap,6,64346,64260,64292
gro-64k-v6.pcap,6,37690,37604,37636
gro-64k-v6.pcap,6,64346,64260,64292
gro-64k-v6.pcap,6,25790,25704,25736
gro-64k-v6.pcap,6,1038,952,984
gro-64k-v6.pcap,6,20078,19992,20024
gro-64k-v6.pcap,6,64346,64260,64292
gro-64k-v6.pcap,6,64346,64260,64292
gro-64k-v6.pcap,6,64346,64260,64292
gro-64k-v6.pcap,6,64346,64260,64292
gro-64k-v6.pcap,6,64346,64260,64292
gro-64k-v6.pcap,6,64346,64260,64292
gro-64k-v6.pcap,6,64346,64260,64292
gro-64k-v6.pcap,6,64346,64260,64292
gro-64k-v6.pcap,6,64346,64260,64292
gro-64k-v6.pcap,6,64346,64260,64292
gro-64k-v6.pcap,6,64346,64260,64292
gro-64k-v6.pcap,6,64346,64260,64292
gro-64k-v6.pcap,6,64346,64260,64292
gro-64k-v6.pcap,6,64346,64260,64292
gro-64k-v6.pcap,6,37690,37604,37636
gro-64k-v6.pcap,6,64346,64260,64292
gro-64k-v6.pcap,6,25790,25704,25736
gro-64k-v6.pcap,6,1038,952,984
gro-64k-v6.pcap,6,20078,19992,20024
gro-64k-v6.pcap,6,64346,64260,64292
gro-64k-v6.pcap,6,64346,64260,64292
gro-64k-v6.pcap,6,64346,64260,64292
gro-64k-v6.pcap,6,64346,64260,64292
gro-64k-v6.pcap,6,64346,64260,64292
gro-64k-v6.pcap,6,64346,64260,64292
gro-64k-v6.pcap,6,64346,64260,64292
gro-64k-v6.pcap,6,64346,64260,64292
gro-64k-v6.pcap,6,64346,64260,64292
gro-64k-v6.pcap,6,64346,64260,64292
gro-64k-v6.pcap,6,64346,64260,64292
gro-64k-v6.pcap,6,64346,64260,64292
gro-64k-v6.pcap,6,64346,64260,64292
gro-64k-v6.pcap,6,64346,64260,64292
gro-64k-v6.pcap,6,37690,37604,37636
gro-64k-v6.pcap,6,64346,64260,64292
gro-64k-v6.pcap,6,25790,25704,25736
gro-64k-v6.pcap,6,1038,952,984
gro-64k-v6.pcap,6,20078,19992,20024
gro-64k-v6.pcap,6,64346,64260,64292
gro-64k-v6.pcap,6,64346,64260,64292
gro-64k-v6.pcap,6,64346,64260,64292
gro-64k-v6.pcap,6,64346,64260,64292
gro-64k-v6.pcap,6,64346,64260,64292
gro-64k-v6.pcap,6,64346,64260,64292
gro-64k-v6.pcap,6,64346,64260,64292
gro-64k-v6.pcap,6,64346,64260,64292
gro-64k-v6.pcap,6,64346,64260,64292
gro-64k-v6.pcap,6,64346,64260,64292
gro-64k-v6.pcap,6,64346,64260,64292
gro-64k-v6.pcap,6,64346,64260,64292
gro-64k-v6.pcap,6,64346,64260,64292
gro-64k-v6.pcap,6,64346,64260,64292
gro-64k-v6.pcap,6,64346,64260,64292
gro-64k-v6.pcap,6,64346,64260,64292
gro-64k-v6.pcap,6,20502,20416,20448
gro-64k-v6.pcap,6,64346,64260,64292
gro-64k-v6.pcap,6,64346,64260,64292
gro-64k-v6.pcap,6,64346,64260,64292
gro-64k-v6.pcap,6,64346,64260,64292
gro-64k-v6.pcap,6,64346,64260,64292
gro-64k-v6.pcap,6,64346,64260,64292
gro-64k-v6.pcap,6,64346,64260,64292
gro-64k-v6.pcap,6,64346,64260,64292
gro-64k-v6.pcap,6,64346,64260,64292
gro-64k-v6.pcap,6,64346,64260,64292
gro-64k-v6.pcap,6,64346,64260,64292
gro-64k-v6.pcap,6,64346,64260,64292
gro-64k-v6.pcap,6,64346,64260,64292
gro-64k-v6.pcap,6,64346,64260,64292
gro-64k-v6.pcap,6,37690,37604,37636
gro-64k-v6.pcap,6,64346,64260,64292
gro-64k-v6.pcap,6,25790,25704,25736
gro-64k-v6.pcap,6,1038,952,984
gro-64k-v6.pcap,6,20078,19992,20024
gro-64k-v6.pcap,6,64346,64260,64292
gro-64k-v6.pcap,6,64346,64260,64292
gro-64k-v6.pcap,6,64346,64260,64292
gro-64k-v6.pcap,6,64346,64260,64292
gro-64k-v6.pcap,6,64346,64260,64292
gro-64k-v6.pcap,6,64346,64260,64292
gro-64k-v6.pcap,6,64346,64260,64292
gro-64k-v6.pcap,6,64346,64260,64292
gro-64k-v6.pcap,6,64346,64260,64292
gro-64k-v6.pcap,6,64346,64260,64292
gro-64k-v6.pcap,6,64346,64260,64292
gro-64k-v6.pcap,6,64346,64260,64292
gro-64k-v6.pcap,6,64346,64260,64292
gro-64k-v6.pcap,6,64346,64260,64292
gro-64k-v6.pcap,6,37690,37604,37636
gro-64k-v6.pcap,6,64346,64260,64292
gro-64k-v6.pcap,6,25790,25704,25736
gro-64k-v6.pcap,6,1038,952,984
gro-64k-v6.pcap,6,20502,20416,20448
gro-64k-v6.pcap,6,64346,64260,64292
gro-64k-v6.pcap,6,64346,64260,64292
gro-64k-v6.pcap,6,64346,64260,64292
gro-64k-v6.pcap,6,64346,64260,64292
gro-64k-v6.pcap,6,64346,64260,64292
gro-64k-v6.pcap,6,64346,64260,64292
gro-64k-v6.pcap,6,64346,64260,64292
gro-64k-v6.pcap,6,64346,64260,64292
gro-64k-v6.pcap,6,64346,64260,64292
gro-64k-v6.pcap,6,64346,64260,64292
gro-64k-v6.pcap,6,64346,64260,64292
gro-64k-v6.pcap,6,64346,64260,64292
gro-64k-v6.pcap,6,64346,64260,64292
gro-64k-v6.pcap,6,64346,64260,64292
gro-64k-v6.pcap,6,37690,37604,37636
gro-64k-v6.pcap,6,64346,64260,64292
gro-64k-v6.pcap,6,25790,25704,25736
gro-64k-v6.pcap,6,1038,952,984
gro-64k-v6.pcap,6,20078,19992,20024
gro-64k-v6.pcap,6,64346,64260,64292
gro-64k-v6.pcap,6,64346,64260,64292
gro-64k-v6.pcap,6,64346,64260,64292
gro-64k-v6.pcap,6,64346,64260,64292
gro-64k-v6.pcap,6,64346,64260,64292
gro-64k-v6.pcap,6,64346,64260,64292
gro-64k-v6.pcap,6,64346,64260,64292
gro-64k-v6.pcap,6,64346,64260,64292
gro-64k-v6.pcap,6,64346,64260,64292
gro-64k-v6.pcap,6,64346,64260,64292
gro-64k-v6.pcap,6,64346,64260,64292
gro-64k-v6.pcap,6,64346,64260,64292
gro-64k-v6.pcap,6,64346,64260,64292
gro-64k-v6.pcap,6,64346,64260,64292
gro-64k-v6.pcap,6,37690,37604,37636
gro-64k-v6.pcap,6,64346,64260,64292
gro-64k-v6.pcap,6,25790,25704,25736
gro-64k-v6.pcap,6,1038,952,984
gro-64k-v6.pcap,6,20078,19992,20024
gro-64k-v6.pcap,6,64346,64260,64292
gro-64k-v6.pcap,6,64346,64260,64292
gro-64k-v6.pcap,6,64346,64260,64292
gro-64k-v6.pcap,6,64346,64260,64292
gro-64k-v6.pcap,6,64346,64260,64292
gro-64k-v6.pcap,6,64346,64260,64292
gro-64k-v6.pcap,6,64346,64260,64292
gro-64k-v6.pcap,6,64346,64260,64292
gro-64k-v6.pcap,6,64346,64260,64292
gro-64k-v6.pcap,6,64346,64260,64292
gro-64k-v6.pcap,6,64346,64260,64292
gro-64k-v6.pcap,6,64346,64260,64292
gro-64k-v6.pcap,6,64346,64260,64292
gro-64k-v6.pcap,6,64346,64260,64292
gro-64k-v6.pcap,6,37690,37604,37636
gro-64k-v6.pcap,6,64346,64260,64292
gro-64k-v6.pcap,6,25790,25704,25736
gro-64k-v6.pcap,6,1038,952,984
gro-64k-v6.pcap,6,20078,19992,20024
gro-64k-v6.pcap,6,64346,64260,64292
gro-64k-v6.pcap,6,64346,64260,64292
gro-64k-v6.pcap,6,64346,64260,64292
gro-64k-v6.pcap,6,64346,64260,64292
gro-64k-v6.pcap,6,64346,64260,64292
gro-64k-v6.pcap,6,64346,64260,64292
gro-64k-v6.pcap,6,64346,64260,64292
gro-64k-v6.pcap,6,64346,64260,64292
gro-64k-v6.pcap,6,64346,64260,64292
gro-64k-v6.pcap,6,64346,64260,64292
gro-64k-v6.pcap,6,64346,64260,64292
gro-64k-v6.pcap,6,64346,64260,64292
gro-64k-v6.pcap,6,64346,64260,64292
gro-64k-v6.pcap,6,64346,64260,64292
gro-64k-v6.pcap,6,64346,64260,64292
gro-64k-v6.pcap,6,64346,64260,64292
gro-64k-v6.pcap,6,20502,20416,20448
gro-64k-v6.pcap,6,64346,64260,64292
gro-64k-v6.pcap,6,64346,64260,64292
gro-64k-v6.pcap,6,64346,64260,64292
gro-64k-v6.pcap,6,64346,64260,64292
gro-64k-v6.pcap,6,64346,64260,64292
gro-64k-v6.pcap,6,64346,64260,64292
gro-64k-v6.pcap,6,64346,64260,64292
gro-64k-v6.pcap,6,64346,64260,64292
gro-64k-v6.pcap,6,64346,64260,64292
gro-64k-v6.pcap,6,64346,64260,64292
gro-64k-v6.pcap,6,64346,64260,64292
gro-64k-v6.pcap,6,64346,64260,64292
gro-64k-v6.pcap,6,64346,64260,64292
gro-64k-v6.pcap,6,64346,64260,64292
gro-64k-v6.pcap,6,37690,37604,37636
gro-64k-v6.pcap,6,64346,64260,64292
gro-64k-v6.pcap,6,25790,25704,25736
gro-64k-v6.pcap,6,1038,952,984
gro-64k-v6.pcap,6,20078,19992,20024
gro-64k-v6.pcap,6,64346,64260,64292
gro-64k-v6.pcap,6,64346,64260,64292
gro-64k-v6.pcap,6,64346,64260,64292
gro-64k-v6.pcap,6,64346,64260,64292
gro-64k-v6.pcap,6,64346,64260,64292
gro-64k-v6.pcap,6,64346,64260,64292
gro-64k-v6.pcap,6,64346,64260,64292
gro-64k-v6.pcap,6,64346,64260,64292
gro-64k-v6.pcap,6,64346,64260,64292
gro-64k-v6.pcap,6,64346,64260,64292
gro-64k-v6.pcap,6,64346,64260,64292
gro-64k-v6.pcap,6,64346,64260,64292
gro-64k-v6.pcap,6,64346,64260,64292
gro-64k-v6.pcap,6,64346,64260,64292
gro-64k-v6.pcap,6,37690,37604,37636
gro-64k-v6.pcap,6,64346,64260,64292
gro-64k-v6.pcap,6,25790,25704,25736
gro-64k-v6.pcap,6,1038,952,984
gro-64k-v6.pcap,6,20078,19992,20024
gro-64k-v6.pcap,6,64346,64260,64292
gro-64k-v6.pcap,6,64346,64260,64292
gro-64k-v6.pcap,6,64346,64260,64292
gro-64k-v6.pcap,6,64346,64260,64292
gro-64k-v6.pcap,6,64346,64260,64292
gro-64k-v6.pcap,6,64346,64260,64292
gro-64k-v6.pcap,6,64346,64260,64292
gro-64k-v6.pcap,6,64346,64260,64292
gro-64k-v6.pcap,6,64346,64260,64292
gro-64k-v6.pcap,6,64346,64260,64292
gro-64k-v6.pcap,6,64346,64260,64292
gro-64k-v6.pcap,6,64346,64260,64292
gro-64k-v6.pcap,6,64346,64260,64292
gro-64k-v6.pcap,6,64346,64260,64292
gro-64k-v6.pcap,6,37690,37604,37636
gro-64k-v6.pcap,6,64346,64260,64292
gro-64k-v6.pcap,6,25790,25704,25736
gro-64k-v6.pcap,6,1038,952,984
gro-64k-v6.pcap,6,20078,19992,20024
gro-64k-v6.pcap,6,64346,64260,64292
gro-64k-v6.pcap,6,64346,64260,64292
gro-64k-v6.pcap,6,64346,64260,64292
gro-64k-v6.pcap,6,64346,64260,64292
gro-64k-v6.pcap,6,64346,64260,64292
gro-64k-v6.pcap,6,64346,64260,64292
gro-64k-v6.pcap,6,64346,64260,64292
gro-64k-v6.pcap,6,64346,64260,64292
gro-64k-v6.pcap,6,64346,64260,64292
gro-64k-v6.pcap,6,64346,64260,64292
gro-64k-v6.pcap,6,64346,64260,64292
gro-64k-v6.pcap,6,64346,64260,64292
gro-64k-v6.pcap,6,64346,64260,64292
gro-64k-v6.pcap,6,64346,64260,64292
gro-64k-v6.pcap,6,37690,37604,37636
gro-64k-v6.pcap,6,64346,64260,64292
gro-64k-v6.pcap,6,25790,25704,25736
gro-64k-v6.pcap,6,1038,952,984
gro-64k-v6.pcap,6,20078,19992,20024
gro-64k-v6.pcap,6,64346,64260,64292
gro-64k-v6.pcap,6,64346,64260,64292
gro-64k-v6.pcap,6,64346,64260,64292
gro-64k-v6.pcap,6,64346,64260,64292
gro-64k-v6.pcap,6,64346,64260,64292
gro-64k-v6.pcap,6,64346,64260,64292
gro-64k-v6.pcap,6,64346,64260,64292
gro-64k-v6.pcap,6,64346,64260,64292
gro-64k-v6.pcap,6,64346,64260,64292
gro-64k-v6.pcap,6,64346,64260,64292
gro-64k-v6.pcap,6,64346,64260,64292
gro-64k-v6.pcap,6,64346,64260,64292
gro-64k-v6.pcap,6,64346,64260,64292
gro-64k-v6.pcap,6,64346,64260,64292
gro-64k-v6.pcap,6,37690,37604,37636
gro-64k-v6.pcap,6,64346,64260,64292
gro-64k-v6.pcap,6,25790,25704,25736
gro-64k-v6.pcap,6,1038,952,984
gro-64k-v6.pcap,6,20078,19992,20024
gro-64k-v6.pcap,6,64346,64260,64292
gro-64k-v6.pcap,6,64346,64260,64292
gro-64k-v6.pcap,6,64346,64260,64292
gro-64k-v6.pcap,6,64346,64260,64292
gro-64k-v6.pcap,6,64346,64260,64292
gro-64k-v6.pcap,6,64346,64260,64292
gro-64k-v6.pcap,6,64346,64260,64292
gro-64k-v6.pcap,6,64346,64260,64292
gro-64k-v6.pcap,6,64346,64260,64292
gro-64k-v6.pcap,6,64346,64260,64292
gro-64k-v6.pcap,6,64346,64260,64292
gro-64k-v6.pcap,6,64346,64260,64292
gro-64k-v6.pcap,6,64346,64260,64292
gro-64k-v6.pcap,6,64346,64260,64292
gro-64k-v6.pcap,6,64346,64260,64292
gro-64k-v6.pcap,6,64346,64260,64292
gro-64k-v6.pcap,6,20502,20416,20448
gro-64k-v6.pcap,6,64346,64260,64292
gro-64k-v6.pcap,6,64346,64260,64292
gro-64k-v6.pcap,6,64346,64260,64292
gro-64k-v6.pcap,6,64346,64260,64292
gro-64k-v6.pcap,6,64346,64260,64292
gro-64k-v6.pcap,6,64346,64260,64292
gro-64k-v6.pcap,6,64346,64260,64292
gro-64k-v6.pcap,6,64346,64260,64292
gro-64k-v6.pcap,6,64346,64260,64292
gro-64k-v6.pcap,6,64346,64260,64292
gro-64k-v6.pcap,6,64346,64260,64292
gro-64k-v6.pcap,6,64346,64260,64292
gro-64k-v6.pcap,6,64346,64260,64292
gro-64k-v6.pcap,6,64346,64260,64292
gro-64k-v6.pcap,6,37690,37604,37636
gro-64k-v6.pcap,6,64346,64260,64292
gro-64k-v6.pcap,6,25790,25704,25736
gro-64k-v6.pcap,6,1038,952,984
gro-64k-v6.pcap,6,20078,19992,20024
gro-64k-v6.pcap,6,64346,64260,64292
gro-64k-v6.pcap,6,64346,64260,64292
gro-64k-v6.pcap,6,64346,64260,64292
gro-64k-v6.pcap,6,64346,64260,64292
gro-64k-v6.pcap,6,64346,64260,64292
gro-64k-v6.pcap,6,64346,64260,64292
gro-64k-v6.pcap,6,64346,64260,64292
gro-64k-v6.pcap,6,64346,64260,64292
gro-64k-v6.pcap,6,64346,64260,64292
gro-64k-v6.pcap,6,64346,64260,64292
gro-64k-v6.pcap,6,64346,64260,64292
gro-64k-v4.pcap,4,7306,7240,7292
gro-64k-v4.pcap,4,7306,7240,7292
gro-64k-v4.pcap,4,14546,14480,14532
gro-64k-v4.pcap,4,14546,14480,14532
gro-64k-v4.pcap,4,29026,28960,29012
gro-64k-v4.pcap,4,29026,28960,29012
gro-64k-v4.pcap,4,8754,8688,8740
gro-64k-v4.pcap,4,57986,57920,57972
gro-64k-v4.pcap,4,57986,57920,57972
gro-64k-v4.pcap,4,65226,65160,65212
gro-64k-v4.pcap,4,65226,65160,65212
gro-64k-v4.pcap,4,65226,65160,65212
gro-64k-v4.pcap,4,65226,65160,65212
gro-64k-v4.pcap,4,36266,36200,36252
gro-64k-v4.pcap,4,65226,65160,65212
gro-64k-v4.pcap,4,65226,65160,65212
gro-64k-v4.pcap,4,65226,65160,65212
gro-64k-v4.pcap,4,65226,65160,65212
gro-64k-v4.pcap,4,65226,65160,65212
gro-64k-v4.pcap,4,65226,65160,65212
gro-64k-v4.pcap,4,65226,65160,65212
gro-64k-v4.pcap,4,65226,65160,65212
gro-64k-v4.pcap,4,4634,4568,4620
gro-64k-v4.pcap,4,65226,65160,65212
gro-64k-v4.pcap,4,65226,65160,65212
gro-64k-v4.pcap,4,65226,65160,65212
gro-64k-v4.pcap,4,65226,65160,65212
gro-64k-v4.pcap,4,37714,37648,37700
gro-64k-v4.pcap,4,65226,65160,65212
gro-64k-v4.pcap,4,65226,65160,65212
gro-64k-v4.pcap,4,65226,65160,65212
gro-64k-v4.pcap,4,65226,65160,65212
gro-64k-v4.pcap,4,59434,59368,59420
gro-64k-v4.pcap,4,65226,65160,65212
gro-64k-v4.pcap,4,65226,65160,65212
gro-64k-v4.pcap,4,65226,65160,65212
gro-64k-v4.pcap,4,65226,65160,65212
gro-64k-v4.pcap,4,13098,13032,13084
gro-64k-v4.pcap,4,65226,65160,65212
gro-64k-v4.pcap,4,65226,65160,65212
gro-64k-v4.pcap,4,26354,26288,26340
gro-64k-v4.pcap,4,65226,65160,65212
gro-64k-v4.pcap,4,65226,65160,65212
gro-64k-v4.pcap,4,65226,65160,65212
gro-64k-v4.pcap,4,65226,65160,65212
gro-64k-v4.pcap,4,65226,65160,65212
gro-64k-v4.pcap,4,65226,65160,65212
gro-64k-v4.pcap,4,65226,65160,65212
gro-64k-v4.pcap,4,65226,65160,65212
gro-64k-v4.pcap,4,65226,65160,65212
gro-64k-v4.pcap,4,44954,44888,44940
gro-64k-v4.pcap,4,65226,65160,65212
gro-64k-v4.pcap,4,65226,65160,65212
gro-64k-v4.pcap,4,65226,65160,65212
gro-64k-v4.pcap,4,65226,65160,65212
gro-64k-v4.pcap,4,65226,65160,65212
gro-64k-v4.pcap,4,63778,63712,63764
gro-64k-v4.pcap,4,21786,21720,21772
gro-64k-v4.pcap,4,6082,6016,6068
gro-64k-v4.pcap,4,65226,65160,65212
gro-64k-v4.pcap,4,65226,65160,65212
gro-64k-v4.pcap,4,65226,65160,65212
gro-64k-v4.pcap,4,65226,65160,65212
gro-64k-v4.pcap,4,65226,65160,65212
gro-64k-v4.pcap,4,65226,65160,65212
gro-64k-v4.pcap,4,18890,18824,18876
gro-64k-v4.pcap,4,65226,65160,65212
gro-64k-v4.pcap,4,65226,65160,65212
gro-64k-v4.pcap,4,65226,65160,65212
gro-64k-v4.pcap,4,65226,65160,65212
gro-64k-v4.pcap,4,65226,65160,65212
gro-64k-v4.pcap,4,65226,65160,65212
gro-64k-v4.pcap,4,39162,39096,39148
gro-64k-v4.pcap,4,65226,65160,65212
gro-64k-v4.pcap,4,65226,65160,65212
gro-64k-v4.pcap,4,65226,65160,65212
gro-64k-v4.pcap,4,13322,13256,13308
gro-64k-v4.pcap,4,65226,65160,65212
gro-64k-v4.pcap,4,65226,65160,65212
gro-64k-v4.pcap,4,65226,65160,65212
gro-64k-v4.pcap,4,65226,65160,65212
gro-64k-v4.pcap,4,65226,65160,65212
gro-64k-v4.pcap,4,52194,52128,52180
gro-64k-v4.pcap,4,65226,65160,65212
gro-64k-v4.pcap,4,65226,65160,65212
gro-64k-v4.pcap,4,65226,65160,65212
gro-64k-v4.pcap,4,65226,65160,65212
gro-64k-v4.pcap,4,65226,65160,65212
gro-64k-v4.pcap,4,65226,65160,65212
gro-64k-v4.pcap,4,65226,65160,65212
gro-64k-v4.pcap,4,24682,24616,24668
gro-64k-v4.pcap,4,65226,65160,65212
gro-64k-v4.pcap,4,65226,65160,65212
gro-64k-v4.pcap,4,59658,59592,59644
gro-64k-v4.pcap,4,65226,65160,65212
gro-64k-v4.pcap,4,65226,65160,65212
gro-64k-v4.pcap,4,65226,65160,65212
gro-64k-v4.pcap,4,65226,65160,65212
gro-64k-v4.pcap,4,65226,65160,65212
gro-64k-v4.pcap,4,65226,65160,65212
gro-64k-v4.pcap,4,59434,59368,59420
gro-64k-v4.pcap,4,65226,65160,65212
gro-64k-v4.pcap,4,65226,65160,65212
gro-64k-v4.pcap,4,65226,65160,65212
gro-64k-v4.pcap,4,65226,65160,65212
gro-64k-v4.pcap,4,65226,65160,65212
gro-64k-v4.pcap,4,65226,65160,65212
gro-64k-v4.pcap,4,65226,65160,65212
gro-64k-v4.pcap,4,65226,65160,65212
gro-64k-v4.pcap,4,65226,65160,65212
gro-64k-v4.pcap,4,11874,11808,11860
gro-64k-v4.pcap,4,65226,65160,65212
gro-64k-v4.pcap,4,65226,65160,65212
gro-64k-v4.pcap,4,65226,65160,65212
gro-64k-v4.pcap,4,65226,65160,65212
gro-64k-v4.pcap,4,65226,65160,65212
gro-64k-v4.pcap,4,65226,65160,65212
gro-64k-v4.pcap,4,56426,56360,56412
gro-64k-v4.pcap,4,65226,65160,65212
gro-64k-v4.pcap,4,65226,65160,65212
gro-64k-v4.pcap,4,65226,65160,65212
gro-64k-v4.pcap,4,65226,65160,65212
gro-64k-v4.pcap,4,65226,65160,65212
gro-64k-v4.pcap,4,65226,65160,65212
gro-64k-v4.pcap,4,65226,65160,65212
gro-64k-v4.pcap,4,65226,65160,65212
gro-64k-v4.pcap,4,6146,6080,6132
gro-64k-v4.pcap,4,65226,65160,65212
gro-64k-v4.pcap,4,8754,8688,8740
gro-64k-v4.pcap,4,65226,65160,65212
gro-64k-v4.pcap,4,65226,65160,65212
gro-64k-v4.pcap,4,65226,65160,65212
gro-64k-v4.pcap,4,65226,65160,65212
gro-64k-v4.pcap,4,65226,65160,65212
gro-64k-v4.pcap,4,65226,65160,65212
gro-64k-v4.pcap,4,65226,65160,65212
gro-64k-v4.pcap,4,65226,65160,65212
gro-64k-v4.pcap,4,15314,15248,15300
gro-64k-v4.pcap,4,65226,65160,65212
gro-64k-v4.pcap,4,65226,65160,65212
gro-64k-v4.pcap,4,65226,65160,65212
gro-64k-v4.pcap,4,65226,65160,65212
gro-64k-v4.pcap,4,65226,65160,65212
gro-64k-v4.pcap,4,65226,65160,65212
gro-64k-v4.pcap,4,65226,65160,65212
gro-64k-v4.pcap,4,55994,55928,55980
gro-64k-v4.pcap,4,65226,65160,65212
gro-64k-v4.pcap,4,65226,65160,65212
gro-64k-v4.pcap,4,65226,65160,65212
gro-64k-v4.pcap,4,65226,65160,65212
gro-64k-v4.pcap,4,65226,65160,65212
gro-64k-v4.pcap,4,65226,65160,65212
gro-64k-v4.pcap,4,65226,65160,65212
gro-64k-v4.pcap,4,24594,24528,24580
gro-64k-v4.pcap,4,65226,65160,65212
gro-64k-v4.pcap,4,65226,65160,65212
gro-64k-v4.pcap,4,65226,65160,65212
gro-64k-v4.pcap,4,65226,65160,65212
gro-64k-v4.pcap,4,65226,65160,65212
gro-64k-v4.pcap,4,65226,65160,65212
gro-64k-v4.pcap,4,65226,65160,65212
gro-64k-v4.pcap,4,65226,65160,65212
gro-64k-v4.pcap,4,15362,15296,15348
gro-64k-v4.pcap,4,30474,30408,30460
gro-64k-v4.pcap,4,1010,944,996
gro-64k-v4.pcap,4,65226,65160,65212
gro-64k-v4.pcap,4,65226,65160,65212
gro-64k-v4.pcap,4,65226,65160,65212
gro-64k-v4.pcap,4,65226,65160,65212
gro-64k-v4.pcap,4,65226,65160,65212
gro-64k-v4.pcap,4,65226,65160,65212
gro-64k-v4.pcap,4,65226,65160,65212
gro-64k-v4.pcap,4,49170,49104,49156
gro-64k-v4.pcap,4,65226,65160,65212
gro-64k-v4.pcap,4,65226,65160,65212
gro-64k-v4.pcap,4,65226,65160,65212
gro-64k-v4.pcap,4,65226,65160,65212
gro-64k-v4.pcap,4,65226,65160,65212
gro-64k-v4.pcap,4,65226,65160,65212
gro-64k-v4.pcap,4,65226,65160,65212
gro-64k-v4.pcap,4,65226,65160,65212
gro-64k-v4.pcap,4,18434,18368,18420
gro-64k-v4.pcap,4,2962,2896,2948
gro-64k-v4.pcap,4,65226,65160,65212
gro-64k-v4.pcap,4,65226,65160,65212
gro-64k-v4.pcap,4,65226,65160,65212
gro-64k-v4.pcap,4,65226,65160,65212
gro-64k-v4.pcap,4,65226,65160,65212
gro-64k-v4.pcap,4,65226,65160,65212
gro-64k-v4.pcap,4,65226,65160,65212
gro-64k-v4.pcap,4,65226,65160,65212
gro-64k-v4.pcap,4,26626,26560,26612
gro-64k-v4.pcap,4,65226,65160,65212
gro-64k-v4.pcap,4,65226,65160,65212
gro-64k-v4.pcap,4,65226,65160,65212
gro-64k-v4.pcap,4,65226,65160,65212
gro-64k-v4.pcap,4,65226,65160,65212
gro-64k-v4.pcap,4,65226,65160,65212
gro-64k-v4.pcap,4,65226,65160,65212
gro-64k-v4.pcap,4,44682,44616,44668
gro-64k-v4.pcap,4,65226,65160,65212
gro-64k-v4.pcap,4,65226,65160,65212
gro-64k-v4.pcap,4,65226,65160,65212
gro-64k-v4.pcap,4,65226,65160,65212
gro-64k-v4.pcap,4,65226,65160,65212
gro-64k-v4.pcap,4,65226,65160,65212
gro-64k-v4.pcap,4,65226,65160,65212
gro-64k-v4.pcap,4,47170,47104,47156
gro-64k-v4.pcap,4,65226,65160,65212
gro-64k-v4.pcap,4,65226,65160,65212
gro-64k-v4.pcap,4,65226,65160,65212
gro-64k-v4.pcap,4,65226,65160,65212
gro-64k-v4.pcap,4,65226,65160,65212
gro-64k-v4.pcap,4,65226,65160,65212
gro-64k-v4.pcap,4,65226,65160,65212
gro-64k-v4.pcap,4,65226,65160,65212
gro-64k-v4.pcap,4,24138,24072,24124
gro-64k-v4.pcap,4,65226,65160,65212
gro-64k-v4.pcap,4,65226,65160,65212
gro-64k-v4.pcap,4,65226,65160,65212
gro-64k-v4.pcap,4,65226,65160,65212
gro-64k-v4.pcap,4,65226,65160,65212
gro-64k-v4.pcap,4,65226,65160,65212
gro-64k-v4.pcap,4,65226,65160,65212
gro-64k-v4.pcap,4,65226,65160,65212
gro-64k-v4.pcap,4,26626,26560,26612
gro-64k-v4.pcap,4,65226,65160,65212
gro-64k-v4.pcap,4,65226,65160,65212
gro-64k-v4.pcap,4,65226,65160,65212
gro-64k-v4.pcap,4,65226,65160,65212
gro-64k-v4.pcap,4,65226,65160,65212
gro-64k-v4.pcap,4,65226,65160,65212
gro-64k-v4.pcap,4,65226,65160,65212
gro-64k-v4.pcap,4,44682,44616,44668
gro-64k-v4.pcap,4,65226,65160,65212
gro-64k-v4.pcap,4,65226,65160,65212
gro-64k-v4.pcap,4,65226,65160,65212
gro-64k-v4.pcap,4,65226,65160,65212
gro-64k-v4.pcap,4,65226,65160,65212
gro-64k-v4.pcap,4,65226,65160,65212
gro-64k-v4.pcap,4,65226,65160,65212
gro-64k-v4.pcap,4,47170,47104,47156
gro-64k-v4.pcap,4,65226,65160,65212
gro-64k-v4.pcap,4,65226,65160,65212
gro-64k-v4.pcap,4,65226,65160,65212
gro-64k-v4.pcap,4,65226,65160,65212
gro-64k-v4.pcap,4,65226,65160,65212
gro-64k-v4.pcap,4,65226,65160,65212
gro-64k-v4.pcap,4,65226,65160,65212
gro-64k-v4.pcap,4,65226,65160,65212
gro-64k-v4.pcap,4,24138,24072,24124
gro-64k-v4.pcap,4,65226,65160,65212
gro-64k-v4.pcap,4,65226,65160,65212
gro-64k-v4.pcap,4,65226,65160,65212
gro-64k-v4.pcap,4,65226,65160,65212
gro-64k-v4.pcap,4,65226,65160,65212
gro-64k-v4.pcap,4,65226,65160,65212
gro-64k-v4.pcap,4,65226,65160,65212
gro-64k-v4.pcap,4,65226,65160,65212
gro-64k-v4.pcap,4,26626,26560,26612
gro-64k-v4.pcap,4,65226,65160,65212
gro-64k-v4.pcap,4,65226,65160,65212
gro-64k-v4.pcap,4,65226,65160,65212
gro-64k-v4.pcap,4,65226,65160,65212
gro-64k-v4.pcap,4,65226,65160,65212
gro-64k-v4.pcap,4,65226,65160,65212
gro-64k-v4.pcap,4,65226,65160,65212
gro-64k-v4.pcap,4,44682,44616,44668
gro-64k-v4.pcap,4,65226,65160,65212
gro-64k-v4.pcap,4,65226,65160,65212
gro-64k-v4.pcap,4,65226,65160,65212
gro-64k-v4.pcap,4,65226,65160,65212
gro-64k-v4.pcap,4,65226,65160,65212
gro-64k-v4.pcap,4,65226,65160,65212
gro-64k-v4.pcap,4,65226,65160,65212
gro-64k-v4.pcap,4,47170,47104,47156
gro-64k-v4.pcap,4,65226,65160,65212
gro-64k-v4.pcap,4,65226,65160,65212
gro-64k-v4.pcap,4,65226,65160,65212
gro-64k-v4.pcap,4,65226,65160,65212
gro-64k-v4.pcap,4,65226,65160,65212
gro-64k-v4.pcap,4,65226,65160,65212
gro-64k-v4.pcap,4,65226,65160,65212
gro-64k-v4.pcap,4,65226,65160,65212
gro-64k-v4.pcap,4,24138,24072,24124
gro-64k-v4.pcap,4,65226,65160,65212
gro-64k-v4.pcap,4,65226,65160,65212
gro-64k-v4.pcap,4,65226,65160,65212
gro-64k-v4.pcap,4,65226,65160,65212
gro-64k-v4.pcap,4,65226,65160,65212
gro-64k-v4.pcap,4,65226,65160,65212
gro-64k-v4.pcap,4,65226,65160,65212
gro-64k-v4.pcap,4,65226,65160,65212
gro-64k-v4.pcap,4,26626,26560,26612
gro-64k-v4.pcap,4,65226,65160,65212
gro-64k-v4.pcap,4,65226,65160,65212
gro-64k-v4.pcap,4,65226,65160,65212
gro-64k-v4.pcap,4,65226,65160,65212
gro-64k-v4.pcap,4,65226,65160,65212
gro-64k-v4.pcap,4,65226,65160,65212
gro-64k-v4.pcap,4,65226,65160,65212
gro-64k-v4.pcap,4,44682,44616,44668
gro-64k-v4.pcap,4,65226,65160,65212
gro-64k-v4.pcap,4,65226,65160,65212
gro-64k-v4.pcap,4,65226,65160,65212
gro-64k-v4.pcap,4,65226,65160,65212
gro-64k-v4.pcap,4,65226,65160,65212
gro-64k-v4.pcap,4,65226,65160,65212
gro-64k-v4.pcap,4,65226,65160,65212
gro-64k-v4.pcap,4,47170,47104,47156
gro-64k-v4.pcap,4,65226,65160,65212
gro-64k-v4.pcap,4,65226,65160,65212
gro-64k-v4.pcap,4,65226,65160,65212
gro-64k-v4.pcap,4,65226,65160,65212
gro-64k-v4.pcap,4,65226,65160,65212
gro-64k-v4.pcap,4,65226,65160,65212
gro-64k-v4.pcap,4,65226,65160,65212
gro-64k-v4.pcap,4,65226,65160,65212
gro-64k-v4.pcap,4,24138,24072,24124
gro-64k-v4.pcap,4,65226,65160,65212
gro-64k-v4.pcap,4,65226,65160,65212
gro-64k-v4.pcap,4,65226,65160,65212
gro-64k-v4.pcap,4,65226,65160,65212
gro-64k-v4.pcap,4,65226,65160,65212
gro-64k-v4.pcap,4,65226,65160,65212
gro-64k-v4.pcap,4,65226,65160,65212
gro-64k-v4.pcap,4,46210,46144,46196
gro-64k-v4.pcap,4,65226,65160,65212
gro-64k-v4.pcap,4,65226,65160,65212
gro-64k-v4.pcap,4,65226,65160,65212
gro-64k-v4.pcap,4,65226,65160,65212
gro-64k-v4.pcap,4,65226,65160,65212
gro-64k-v4.pcap,4,65226,65160,65212
gro-64k-v4.pcap,4,65226,65160,65212
gro-64k-v4.pcap,4,65226,65160,65212
gro-64k-v4.pcap,4,25098,25032,25084
gro-64k-v4.pcap,4,65226,65160,65212
gro-64k-v4.pcap,4,65226,65160,65212
gro-64k-v4.pcap,4,65226,65160,65212
gro-64k-v4.pcap,4,65226,65160,65212
gro-64k-v4.pcap,4,65226,65160,65212
gro-64k-v4.pcap,4,65226,65160,65212
gro-64k-v4.pcap,4,65226,65160,65212
gro-64k-v4.pcap,4,65226,65160,65212
gro-64k-v4.pcap,4,26626,26560,26612
gro-64k-v4.pcap,4,65226,65160,65212
gro-64k-v4.pcap,4,65226,65160,65212
gro-64k-v4.pcap,4,65226,65160,65212
gro-64k-v4.pcap,4,65226,65160,65212
gro-64k-v4.pcap,4,65226,65160,65212
gro-64k-v4.pcap,4,65226,65160,65212
gro-64k-v4.pcap,4,65226,65160,65212
gro-64k-v4.pcap,4,44682,44616,44668
gro-64k-v4.pcap,4,65226,65160,65212
gro-64k-v4.pcap,4,65226,65160,65212
gro-64k-v4.pcap,4,65226,65160,65212
gro-64k-v4.pcap,4,65226,65160,65212
gro-64k-v4.pcap,4,65226,65160,65212
gro-64k-v4.pcap,4,65226,65160,65212
gro-64k-v4.pcap,4,65226,65160,65212
gro-64k-v4.pcap,4,47170,47104,47156
gro-64k-v4.pcap,4,65226,65160,65212
gro-64k-v4.pcap,4,65226,65160,65212
gro-64k-v4.pcap,4,65226,65160,65212
gro-64k-v4.pcap,4,65226,65160,65212
gro-64k-v4.pcap,4,65226,65160,65212
gro-64k-v4.pcap,4,65226,65160,65212
gro-64k-v4.pcap,4,65226,65160,65212
gro-64k-v4.pcap,4,65226,65160,65212
gro-64k-v4.pcap,4,24138,24072,24124
gro-64k-v4.pcap,4,65226,65160,65212
gro-64k-v4.pcap,4,65226,65160,65212
gro-64k-v4.pcap,4,65226,65160,65212
gro-64k-v4.pcap,4,65226,65160,65212
gro-64k-v4.pcap,4,65226,65160,65212
gro-64k-v4.pcap,4,65226,65160,65212
gro-64k-v4.pcap,4,65226,65160,65212
gro-64k-v4.pcap,4,65226,65160,65212
gro-64k-v4.pcap,4,26626,26560,26612
gro-64k-v4.pcap,4,65226,65160,65212
gro-64k-v4.pcap,4,65226,65160,65212
gro-64k-v4.pcap,4,65226,65160,65212
gro-64k-v4.pcap,4,65226,65160,65212
gro-64k-v4.pcap,4,65226,65160,65212
gro-64k-v4.pcap,4,65226,65160,65212
gro-64k-v4.pcap,4,65226,65160,65212
gro-64k-v4.pcap,4,44682,44616,44668
gro-64k-v4.pcap,4,65226,65160,65212
gro-64k-v4.pcap,4,65226,65160,65212
gro-64k-v4.pcap,4,65226,65160,65212
gro-64k-v4.pcap,4,65226,65160,65212
gro-64k-v4.pcap,4,65226,65160,65212
gro-64k-v4.pcap,4,65226,65160,65212
gro-64k-v4.pcap,4,65226,65160,65212
gro-64k-v4.pcap,4,47170,47104,47156
gro-64k-v4.pcap,4,65226,65160,65212
gro-64k-v4.pcap,4,65226,65160,65212
gro-64k-v4.pcap,4,65226,65160,65212
gro-64k-v4.pcap,4,65226,65160,65212
gro-64k-v4.pcap,4,65226,65160,65212
gro-64k-v4.pcap,4,65226,65160,65212
gro-64k-v4.pcap,4,65226,65160,65212
gro-64k-v4.pcap,4,65226,65160,65212
gro-64k-v4.pcap,4,24138,24072,24124
gro-64k-v4.pcap,4,65226,65160,65212
gro-64k-v4.pcap,4,65226,65160,65212
gro-64k-v4.pcap,4,65226,65160,65212
gro-64k-v4.pcap,4,65226,65160,65212
gro-64k-v4.pcap,4,65226,65160,65212
gro-64k-v4.pcap,4,65226,65160,65212
gro-64k-v4.pcap,4,65226,65160,65212
gro-64k-v4.pcap,4,65226,65160,65212
gro-64k-v4.pcap,4,26626,26560,26612
gro-64k-v4.pcap,4,65226,65160,65212
gro-64k-v4.pcap,4,65226,65160,65212
gro-64k-v4.pcap,4,65226,65160,65212
gro-64k-v4.pcap,4,65226,65160,65212
gro-64k-v4.pcap,4,65226,65160,65212
gro-64k-v4.pcap,4,65226,65160,65212
gro-64k-v4.pcap,4,65226,65160,65212
gro-64k-v4.pcap,4,44682,44616,44668
gro-64k-v4.pcap,4,65226,65160,65212
gro-64k-v4.pcap,4,65226,65160,65212
gro-64k-v4.pcap,4,65226,65160,65212
gro-64k-v4.pcap,4,65226,65160,65212
gro-64k-v4.pcap,4,65226,65160,65212
gro-64k-v4.pcap,4,65226,65160,65212
gro-64k-v4.pcap,4,65226,65160,65212
gro-64k-v4.pcap,4,47170,47104,47156
gro-64k-v4.pcap,4,65226,65160,65212
gro-64k-v4.pcap,4,65226,65160,65212
gro-64k-v4.pcap,4,65226,65160,65212
gro-64k-v4.pcap,4,65226,65160,65212
gro-64k-v4.pcap,4,65226,65160,65212
gro-64k-v4.pcap,4,65226,65160,65212
gro-64k-v4.pcap,4,65226,65160,65212
gro-64k-v4.pcap,4,65226,65160,65212
gro-64k-v4.pcap,4,24138,24072,24124
gro-64k-v4.pcap,4,65226,65160,65212
gro-64k-v4.pcap,4,65226,65160,65212
gro-64k-v4.pcap,4,65226,65160,65212
gro-64k-v4.pcap,4,65226,65160,65212
gro-64k-v4.pcap,4,65226,65160,65212
gro-64k-v4.pcap,4,65226,65160,65212
gro-64k-v4.pcap,4,65226,65160,65212
gro-64k-v4.pcap,4,65226,65160,65212
gro-64k-v4.pcap,4,26626,26560,26612
gro-64k-v4.pcap,4,65226,65160,65212
gro-64k-v4.pcap,4,65226,65160,65212
gro-64k-v4.pcap,4,65226,65160,65212
gro-64k-v4.pcap,4,65226,65160,65212
gro-64k-v4.pcap,4,65226,65160,65212
gro-64k-v4.pcap,4,65226,65160,65212
gro-64k-v4.pcap,4,65226,65160,65212
gro-64k-v4.pcap,4,44682,44616,44668
gro-64k-v4.pcap,4,65226,65160,65212
gro-64k-v4.pcap,4,65226,65160,65212
gro-64k-v4.pcap,4,65226,65160,65212
gro-64k-v4.pcap,4,65226,65160,65212
gro-64k-v4.pcap,4,65226,65160,65212
gro-64k-v4.pcap,4,65226,65160,65212
gro-64k-v4.pcap,4,65226,65160,65212
gro-64k-v4.pcap,4,47170,47104,47156
gro-64k-v4.pcap,4,65226,65160,65212
gro-64k-v4.pcap,4,65226,65160,65212
gro-64k-v4.pcap,4,65226,65160,65212
gro-64k-v4.pcap,4,65226,65160,65212
gro-64k-v4.pcap,4,65226,65160,65212
gro-64k-v4.pcap,4,65226,65160,65212
gro-64k-v4.pcap,4,65226,65160,65212
gro-64k-v4.pcap,4,65226,65160,65212
gro-64k-v4.pcap,4,24138,24072,24124
gro-64k-v4.pcap,4,65226,65160,65212
gro-64k-v4.pcap,4,65226,65160,65212
gro-64k-v4.pcap,4,65226,65160,65212
gro-64k-v4.pcap,4,65226,65160,65212
gro-64k-v4.pcap,4,65226,65160,65212
gro-64k-v4.pcap,4,65226,65160,65212
gro-64k-v4.pcap,4,65226,65160,65212
gro-64k-v4.pcap,4,65226,65160,65212
gro-64k-v4.pcap,4,26626,26560,26612
gro-64k-v4.pcap,4,65226,65160,65212
gro-64k-v4.pcap,4,65226,65160,65212
gro-64k-v4.pcap,4,65226,65160,65212
gro-64k-v4.pcap,4,65226,65160,65212
gro-64k-v4.pcap,4,65226,65160,65212
gro-64k-v4.pcap,4,65226,65160,65212
gro-64k-v4.pcap,4,65226,65160,65212
gro-64k-v4.pcap,4,44682,44616,44668
gro-64k-v4.pcap,4,65226,65160,65212
gro-64k-v4.pcap,4,65226,65160,65212
gro-64k-v4.pcap,4,65226,65160,65212
gro-64k-v4.pcap,4,65226,65160,65212
gro-64k-v4.pcap,4,65226,65160,65212
gro-64k-v4.pcap,4,65226,65160,65212
gro-64k-v4.pcap,4,65226,65160,65212
gro-64k-v4.pcap,4,47170,47104,47156
gro-64k-v4.pcap,4,65226,65160,65212
gro-64k-v4.pcap,4,65226,65160,65212
gro-64k-v4.pcap,4,65226,65160,65212
gro-64k-v4.pcap,4,65226,65160,65212
gro-64k-v4.pcap,4,65226,65160,65212
gro-64k-v4.pcap,4,65226,65160,65212
gro-64k-v4.pcap,4,65226,65160,65212
gro-64k-v4.pcap,4,65226,65160,65212
gro-64k-v4.pcap,4,24138,24072,24124
gro-64k-v4.pcap,4,65226,65160,65212
gro-64k-v4.pcap,4,65226,65160,65212
gro-64k-v4.pcap,4,65226,65160,65212
gro-64k-v4.pcap,4,65226,65160,65212
gro-64k-v4.pcap,4,65226,65160,65212
gro-64k-v4.pcap,4,65226,65160,65212
gro-64k-v4.pcap,4,65226,65160,65212
gro-64k-v4.pcap,4,65226,65160,65212
gro-64k-v4.pcap,4,26626,26560,26612
gro-64k-v4.pcap,4,65226,65160,65212
gro-64k-v4.pcap,4,65226,65160,65212
gro-64k-v4.pcap,4,65226,65160,65212
gro-64k-v4.pcap,4,65226,65160,65212
gro-64k-v4.pcap,4,65226,65160,65212
gro-64k-v4.pcap,4,65226,65160,65212
gro-64k-v4.pcap,4,65226,65160,65212
gro-64k-v4.pcap,4,44682,44616,44668
gro-64k-v4.pcap,4,65226,65160,65212
gro-64k-v4.pcap,4,65226,65160,65212
gro-64k-v4.pcap,4,65226,65160,65212
gro-64k-v4.pcap,4,65226,65160,65212
gro-64k-v4.pcap,4,65226,65160,65212
gro-64k-v4.pcap,4,65226,65160,65212
gro-64k-v4.pcap,4,65226,65160,65212
gro-64k-v4.pcap,4,47170,47104,47156
gro-64k-v4.pcap,4,65226,65160,65212
gro-64k-v4.pcap,4,65226,65160,65212
gro-64k-v4.pcap,4,65226,65160,65212
gro-64k-v4.pcap,4,65226,65160,65212
gro-64k-v4.pcap,4,65226,65160,65212
gro-64k-v4.pcap,4,65226,65160,65212
gro-64k-v4.pcap,4,65226,65160,65212
gro-64k-v4.pcap,4,65226,65160,65212
gro-64k-v4.pcap,4,24138,24072,24124
gro-64k-v4.pcap,4,65226,65160,65212
gro-64k-v4.pcap,4,65226,65160,65212
gro-64k-v4.pcap,4,65226,65160,65212
gro-64k-v4.pcap,4,65226,65160,65212
gro-64k-v4.pcap,4,65226,65160,65212
gro-64k-v4.pcap,4,65226,65160,65212
gro-64k-v4.pcap,4,65226,65160,65212
gro-64k-v4.pcap,4,65226,65160,65212
gro-64k-v4.pcap,4,26626,26560,26612
gro-64k-v4.pcap,4,65226,65160,65212
gro-64k-v4.pcap,4,65226,65160,65212
gro-64k-v4.pcap,4,65226,65160,65212
gro-64k-v4.pcap,4,65226,65160,65212
gro-64k-v4.pcap,4,65226,65160,65212
gro-64k-v4.pcap,4,65226,65160,65212
gro-64k-v4.pcap,4,65226,65160,65212
gro-64k-v4.pcap,4,44682,44616,44668
gro-64k-v4.pcap,4,65226,65160,65212
gro-64k-v4.pcap,4,65226,65160,65212
gro-64k-v4.pcap,4,65226,65160,65212
gro-64k-v4.pcap,4,65226,65160,65212
gro-64k-v4.pcap,4,65226,65160,65212
gro-64k-v4.pcap,4,65226,65160,65212
gro-64k-v4.pcap,4,65226,65160,65212
gro-64k-v4.pcap,4,47170,47104,47156
gro-64k-v4.pcap,4,65226,65160,65212
gro-64k-v4.pcap,4,65226,65160,65212
gro-64k-v4.pcap,4,65226,65160,65212
gro-64k-v4.pcap,4,65226,65160,65212
gro-64k-v4.pcap,4,65226,65160,65212
gro-64k-v4.pcap,4,65226,65160,65212
gro-64k-v4.pcap,4,65226,65160,65212
gro-64k-v4.pcap,4,65226,65160,65212
gro-64k-v4.pcap,4,24138,24072,24124
gro-64k-v4.pcap,4,65226,65160,65212
gro-64k-v4.pcap,4,65226,65160,65212
gro-64k-v4.pcap,4,65226,65160,65212
gro-64k-v4.pcap,4,65226,65160,65212
gro-64k-v4.pcap,4,65226,65160,65212
gro-64k-v4.pcap,4,65226,65160,65212
gro-64k-v4.pcap,4,65226,65160,65212
gro-64k-v4.pcap,4,65226,65160,65212
gro-64k-v4.pcap,4,2554,2488,2540
gro-64k-v4.pcap,4,65226,65160,65212
gro-64k-v4.pcap,4,65226,65160,65212
gro-64k-v4.pcap,4,65226,65160,65212
gro-64k-v4.pcap,4,65226,65160,65212
gro-64k-v4.pcap,4,65226,65160,65212
gro-64k-v4.pcap,4,65226,65160,65212
gro-64k-v4.pcap,4,65226,65160,65212
gro-64k-v4.pcap,4,65226,65160,65212
gro-64k-v4.pcap,4,3594,3528,3580
gro-64k-v4.pcap,4,65226,65160,65212
gro-64k-v4.pcap,4,65226,65160,65212
gro-64k-v4.pcap,4,65226,65160,65212
gro-64k-v4.pcap,4,65226,65160,65212
gro-64k-v4.pcap,4,65226,65160,65212
gro-64k-v4.pcap,4,65226,65160,65212
gro-64k-v4.pcap,4,65226,65160,65212
gro-64k-v4.pcap,4,65226,65160,65212
gro-64k-v4.pcap,4,23098,23032,23084
gro-64k-v4.pcap,4,65226,65160,65212
gro-64k-v4.pcap,4,65226,65160,65212
gro-64k-v4.pcap,4,65226,65160,65212
gro-64k-v4.pcap,4,65226,65160,65212
gro-64k-v4.pcap,4,65226,65160,65212
gro-64k-v4.pcap,4,65226,65160,65212
gro-64k-v4.pcap,4,65226,65160,65212
gro-64k-v4.pcap,4,2962,2896,2948
gro-64k-v4.pcap,4,44954,44888,44940
gro-64k-v4.pcap,4,65226,65160,65212
gro-64k-v4.pcap,4,65226,65160,65212
gro-64k-v4.pcap,4,65226,65160,65212
gro-64k-v4.pcap,4,65226,65160,65212
gro-64k-v4.pcap,4,65226,65160,65212
gro-64k-v4.pcap,4,65226,65160,65212
gro-64k-v4.pcap,4,65226,65160,65212
gro-64k-v4.pcap,4,46538,46472,46524
gro-64k-v4.pcap,4,65226,65160,65212
gro-64k-v4.pcap,4,65226,65160,65212
gro-64k-v4.pcap,4,65226,65160,65212
gro-64k-v4.pcap,4,65226,65160,65212
gro-64k-v4.pcap,4,65226,65160,65212
gro-64k-v4.pcap,4,65226,65160,65212
gro-64k-v4.pcap,4,65226,65160,65212
gro-64k-v4.pcap,4,65226,65160,65212
gro-64k-v4.pcap,4,24770,24704,24756
gro-64k-v4.pcap,4,65226,65160,65212
gro-64k-v4.pcap,4,65226,65160,65212
gro-64k-v4.pcap,4,65226,65160,65212
gro-64k-v4.pcap,4,65226,65160,65212
gro-64k-v4.pcap,4,65226,65160,65212
gro-64k-v4.pcap,4,65226,65160,65212
gro-64k-v4.pcap,4,65226,65160,65212
gro-64k-v4.pcap,4,45578,45512,45564
gro-64k-v4.pcap,4,65226,65160,65212
gro-64k-v4.pcap,4,65226,65160,65212
gro-64k-v4.pcap,4,65226,65160,65212
gro-64k-v4.pcap,4,65226,65160,65212
gro-64k-v4.pcap,4,65226,65160,65212
gro-64k-v4.pcap,4,65226,65160,65212
gro-64k-v4.pcap,4,65226,65160,65212
gro-64k-v4.pcap,4,65226,65160,65212
gro-64k-v4.pcap,4,25730,25664,25716
gro-64k-v4.pcap,4,65226,65160,65212
gro-64k-v4.pcap,4,65226,65160,65212
gro-64k-v4.pcap,4,65226,65160,65212
gro-64k-v4.pcap,4,65226,65160,65212
gro-64k-v4.pcap,4,65226,65160,65212
gro-64k-v4.pcap,4,65226,65160,65212
gro-64k-v4.pcap,4,65226,65160,65212
gro-64k-v4.pcap,4,65226,65160,65212
gro-64k-v4.pcap,4,26626,26560,26612
gro-64k-v4.pcap,4,65226,65160,65212
gro-64k-v4.pcap,4,65226,65160,65212
gro-64k-v4.pcap,4,65226,65160,65212
gro-64k-v4.pcap,4,65226,65160,65212
gro-64k-v4.pcap,4,65226,65160,65212
gro-64k-v4.pcap,4,65226,65160,65212
gro-64k-v4.pcap,4,65226,65160,65212
gro-64k-v4.pcap,4,44682,44616,44668
gro-64k-v4.pcap,4,65226,65160,65212
gro-64k-v4.pcap,4,65226,65160,65212
gro-64k-v4.pcap,4,65226,65160,65212
gro-64k-v4.pcap,4,65226,65160,65212
gro-64k-v4.pcap,4,65226,65160,65212
gro-64k-v4.pcap,4,65226,65160,65212
gro-64k-v4.pcap,4,65226,65160,65212
gro-64k-v4.pcap,4,47170,47104,47156
gro-64k-v4.pcap,4,65226,65160,65212
gro-64k-v4.pcap,4,65226,65160,65212
gro-64k-v4.pcap,4,65226,65160,65212
gro-64k-v4.pcap,4,65226,65160,65212
gro-64k-v4.pcap,4,65226,65160,65212
gro-64k-v4.pcap,4,65226,65160,65212
gro-64k-v4.pcap,4,65226,65160,65212
gro-64k-v4.pcap,4,65226,65160,65212
gro-64k-v4.pcap,4,24138,24072,24124
gro-64k-v4.pcap,4,65226,65160,65212
gro-64k-v4.pcap,4,65226,65160,65212
gro-64k-v4.pcap,4,65226,65160,65212
gro-64k-v4.pcap,4,65226,65160,65212
gro-64k-v4.pcap,4,65226,65160,65212
gro-64k-v4.pcap,4,65226,65160,65212
gro-64k-v4.pcap,4,65226,65160,65212
gro-64k-v4.pcap,4,65226,65160,65212
gro-64k-v4.pcap,4,26626,26560,26612
gro-64k-v4.pcap,4,65226,65160,65212
gro-64k-v4.pcap,4,65226,65160,65212
gro-64k-v4.pcap,4,65226,65160,65212
gro-64k-v4.pcap,4,65226,65160,65212
gro-64k-v4.pcap,4,65226,65160,65212
gro-64k-v4.pcap,4,65226,65160,65212
gro-64k-v4.pcap,4,65226,65160,65212
gro-64k-v4.pcap,4,44682,44616,44668
gro-64k-v4.pcap,4,65226,65160,65212
gro-64k-v4.pcap,4,65226,65160,65212
gro-64k-v4.pcap,4,65226,65160,65212
gro-64k-v4.pcap,4,65226,65160,65212
gro-64k-v4.pcap,4,65226,65160,65212
gro-64k-v4.pcap,4,65226,65160,65212
gro-64k-v4.pcap,4,65226,65160,65212
gro-64k-v4.pcap,4,47170,47104,47156
gro-64k-v4.pcap,4,65226,65160,65212
gro-64k-v4.pcap,4,65226,65160,65212
gro-64k-v4.pcap,4,65226,65160,65212
gro-64k-v4.pcap,4,65226,65160,65212
gro-64k-v4.pcap,4,65226,65160,65212
gro-64k-v4.pcap,4,65226,65160,65212
gro-64k-v4.pcap,4,65226,65160,65212
gro-64k-v4.pcap,4,65226,65160,65212
gro-64k-v4.pcap,4,24138,24072,24124
gro-64k-v4.pcap,4,65226,65160,65212
gro-64k-v4.pcap,4,65226,65160,65212
gro-64k-v4.pcap,4,65226,65160,65212
gro-64k-v4.pcap,4,65226,65160,65212
gro-64k-v4.pcap,4,65226,65160,65212
gro-64k-v4.pcap,4,65226,65160,65212
gro-64k-v4.pcap,4,65226,65160,65212
gro-64k-v4.pcap,4,65226,65160,65212
gro-64k-v4.pcap,4,26626,26560,26612
gro-64k-v4.pcap,4,65226,65160,65212
gro-64k-v4.pcap,4,65226,65160,65212
gro-64k-v4.pcap,4,65226,65160,65212
gro-64k-v4.pcap,4,65226,65160,65212
gro-64k-v4.pcap,4,65226,65160,65212
gro-64k-v4.pcap,4,65226,65160,65212
gro-64k-v4.pcap,4,65226,65160,65212
gro-64k-v4.pcap,4,44682,44616,44668
gro-64k-v4.pcap,4,65226,65160,65212
gro-64k-v4.pcap,4,65226,65160,65212
gro-64k-v4.pcap,4,65226,65160,65212
gro-64k-v4.pcap,4,65226,65160,65212
gro-64k-v4.pcap,4,65226,65160,65212
gro-64k-v4.pcap,4,65226,65160,65212
gro-64k-v4.pcap,4,65226,65160,65212
gro-64k-v4.pcap,4,47170,47104,47156
gro-64k-v4.pcap,4,65226,65160,65212
gro-64k-v4.pcap,4,65226,65160,65212
gro-64k-v4.pcap,4,65226,65160,65212
gro-64k-v4.pcap,4,65226,65160,65212
gro-64k-v4.pcap,4,65226,65160,65212
gro-64k-v4.pcap,4,65226,65160,65212
gro-64k-v4.pcap,4,65226,65160,65212
gro-64k-v4.pcap,4,65226,65160,65212
gro-64k-v4.pcap,4,24138,24072,24124
gro-64k-v4.pcap,4,65226,65160,65212
gro-64k-v4.pcap,4,65226,65160,65212
gro-64k-v4.pcap,4,65226,65160,65212
gro-64k-v4.pcap,4,65226,65160,65212
gro-64k-v4.pcap,4,65226,65160,65212
gro-64k-v4.pcap,4,65226,65160,65212
gro-64k-v4.pcap,4,65226,65160,65212
gro-64k-v4.pcap,4,65226,65160,65212
gro-64k-v4.pcap,4,26626,26560,26612
gro-64k-v4.pcap,4,65226,65160,65212
gro-64k-v4.pcap,4,65226,65160,65212
gro-64k-v4.pcap,4,65226,65160,65212
gro-64k-v4.pcap,4,65226,65160,65212
gro-64k-v4.pcap,4,65226,65160,65212
gro-64k-v4.pcap,4,65226,65160,65212
gro-64k-v4.pcap,4,65226,65160,65212
gro-64k-v4.pcap,4,44682,44616,44668
gro-64k-v4.pcap,4,65226,65160,65212
gro-64k-v4.pcap,4,65226,65160,65212
gro-64k-v4.pcap,4,65226,65160,65212
gro-64k-v4.pcap,4,65226,65160,65212
gro-64k-v4.pcap,4,65226,65160,65212
gro-64k-v4.pcap,4,65226,65160,65212
gro-64k-v4.pcap,4,65226,65160,65212
gro-64k-v4.pcap,4,47170,47104,47156
gro-64k-v4.pcap,4,65226,65160,65212
gro-64k-v4.pcap,4,65226,65160,65212
gro-64k-v4.pcap,4,65226,65160,65212
gro-64k-v4.pcap,4,65226,65160,65212
gro-64k-v4.pcap,4,65226,65160,65212
gro-64k-v4.pcap,4,65226,65160,65212
gro-64k-v4.pcap,4,65226,65160,65212
gro-64k-v4.pcap,4,65226,65160,65212
gro-64k-v4.pcap,4,24138,24072,24124
gro-64k-v4.pcap,4,65226,65160,65212
gro-64k-v4.pcap,4,65226,65160,65212
gro-64k-v4.pcap,4,65226,65160,65212
gro-64k-v4.pcap,4,65226,65160,65212
gro-64k-v4.pcap,4,65226,65160,65212
gro-64k-v4.pcap,4,65226,65160,65212
gro-64k-v4.pcap,4,65226,65160,65212
gro-64k-v4.pcap,4,65226,65160,65212
gro-64k-v4.pcap,4,26626,26560,26612
gro-64k-v4.pcap,4,65226,65160,65212
gro-64k-v4.pcap,4,65226,65160,65212
gro-64k-v4.pcap,4,65226,65160,65212
gro-64k-v4.pcap,4,65226,65160,65212
gro-64k-v4.pcap,4,65226,65160,65212
gro-64k-v4.pcap,4,65226,65160,65212
gro-64k-v4.pcap,4,65226,65160,65212
gro-64k-v4.pcap,4,44682,44616,44668
gro-64k-v4.pcap,4,65226,65160,65212
gro-64k-v4.pcap,4,65226,65160,65212
gro-64k-v4.pcap,4,65226,65160,65212
gro-64k-v4.pcap,4,65226,65160,65212
gro-64k-v4.pcap,4,65226,65160,65212
gro-64k-v4.pcap,4,65226,65160,65212
gro-64k-v4.pcap,4,65226,65160,65212
gro-64k-v4.pcap,4,47170,47104,47156
gro-64k-v4.pcap,4,65226,65160,65212
gro-64k-v4.pcap,4,65226,65160,65212
gro-64k-v4.pcap,4,65226,65160,65212
gro-64k-v4.pcap,4,65226,65160,65212
gro-64k-v4.pcap,4,65226,65160,65212
gro-64k-v4.pcap,4,65226,65160,65212
gro-64k-v4.pcap,4,65226,65160,65212
gro-64k-v4.pcap,4,65226,65160,65212
gro-64k-v4.pcap,4,24138,24072,24124
gro-64k-v4.pcap,4,65226,65160,65212
gro-64k-v4.pcap,4,65226,65160,65212
gro-64k-v4.pcap,4,65226,65160,65212
gro-64k-v4.pcap,4,65226,65160,65212
gro-64k-v4.pcap,4,65226,65160,65212
gro-64k-v4.pcap,4,65226,65160,65212
gro-64k-v4.pcap,4,65226,65160,65212
gro-64k-v4.pcap,4,65226,65160,65212
gro-64k-v4.pcap,4,26626,26560,26612
gro-64k-v4.pcap,4,65226,65160,65212
gro-64k-v4.pcap,4,65226,65160,65212
gro-64k-v4.pcap,4,65226,65160,65212
gro-64k-v4.pcap,4,65226,65160,65212
gro-64k-v4.pcap,4,65226,65160,65212
gro-64k-v4.pcap,4,65226,65160,65212
gro-64k-v4.pcap,4,65226,65160,65212
gro-64k-v4.pcap,4,44682,44616,44668
gro-64k-v4.pcap,4,65226,65160,65212
gro-64k-v4.pcap,4,65226,65160,65212
gro-64k-v4.pcap,4,65226,65160,65212
gro-64k-v4.pcap,4,65226,65160,65212
gro-64k-v4.pcap,4,65226,65160,65212
gro-64k-v4.pcap,4,65226,65160,65212
gro-64k-v4.pcap,4,65226,65160,65212
gro-64k-v4.pcap,4,47170,47104,47156
gro-64k-v4.pcap,4,65226,65160,65212
gro-64k-v4.pcap,4,65226,65160,65212
gro-64k-v4.pcap,4,65226,65160,65212
gro-64k-v4.pcap,4,65226,65160,65212
gro-64k-v4.pcap,4,65226,65160,65212
gro-64k-v4.pcap,4,65226,65160,65212
gro-64k-v4.pcap,4,65226,65160,65212
gro-64k-v4.pcap,4,65226,65160,65212
gro-64k-v4.pcap,4,24138,24072,24124
gro-64k-v4.pcap,4,65226,65160,65212
gro-64k-v4.pcap,4,65226,65160,65212
gro-64k-v4.pcap,4,65226,65160,65212
gro-64k-v4.pcap,4,65226,65160,65212
gro-64k-v4.pcap,4,65226,65160,65212
gro-64k-v4.pcap,4,65226,65160,65212
gro-64k-v4.pcap,4,65226,65160,65212
gro-64k-v4.pcap,4,65226,65160,65212
gro-64k-v4.pcap,4,26626,26560,26612
gro-64k-v4.pcap,4,65226,65160,65212
gro-64k-v4.pcap,4,65226,65160,65212
gro-64k-v4.pcap,4,65226,65160,65212
gro-64k-v4.pcap,4,65226,65160,65212
gro-64k-v4.pcap,4,65226,65160,65212
gro-64k-v4.pcap,4,65226,65160,65212
gro-64k-v4.pcap,4,65226,65160,65212
gro-64k-v4.pcap,4,44682,44616,44668
gro-64k-v4.pcap,4,65226,65160,65212
gro-64k-v4.pcap,4,65226,65160,65212
gro-64k-v4.pcap,4,65226,65160,65212
gro-64k-v4.pcap,4,65226,65160,65212
gro-64k-v4.pcap,4,65226,65160,65212
gro-64k-v4.pcap,4,65226,65160,65212
gro-64k-v4.pcap,4,65226,65160,65212
gro-64k-v4.pcap,4,47170,47104,47156
gro-64k-v4.pcap,4,65226,65160,65212
gro-64k-v4.pcap,4,65226,65160,65212
gro-64k-v4.pcap,4,65226,65160,65212
gro-64k-v4.pcap,4,65226,65160,65212
gro-64k-v4.pcap,4,65226,65160,65212
gro-64k-v4.pcap,4,42058,41992,42044
gro-64k-v4.pcap,4,65226,65160,65212
gro-64k-v4.pcap,4,65226,65160,65212
gro-64k-v4.pcap,4,65226,65160,65212
gro-64k-v4.pcap,4,65226,65160,65212
gro-64k-v4.pcap,4,65226,65160,65212
gro-64k-v4.pcap,4,23234,23168,23220
gro-64k-v4.pcap,4,42058,41992,42044
gro-64k-v4.pcap,4,23234,23168,23220
gro-64k-v4.pcap,4,42058,41992,42044
gro-64k-v4.pcap,4,23234,23168,23220
gro-64k-v4.pcap,4,26626,26560,26612
gro-64k-v4.pcap,4,14546,14480,14532
gro-64k-v4.pcap,4,65226,65160,65212
gro-64k-v4.pcap,4,65226,65160,65212
gro-64k-v4.pcap,4,65226,65160,65212
gro-64k-v4.pcap,4,65226,65160,65212
gro-64k-v4.pcap,4,24682,24616,24668
gro-64k-v4.pcap,4,65226,65160,65212
gro-64k-v4.pcap,4,26130,26064,26116
gro-64k-v4.pcap,4,65226,65160,65212
gro-64k-v4.pcap,4,14546,14480,14532
gro-64k-v4.pcap,4,65226,65160,65212
gro-64k-v4.pcap,4,65226,65160,65212
gro-64k-v4.pcap,4,65226,65160,65212
gro-64k-v4.pcap,4,24682,24616,24668
gro-64k-v4.pcap,4,65226,65160,65212
gro-64k-v4.pcap,4,65226,65160,65212
gro-64k-v4.pcap,4,65226,65160,65212
gro-64k-v4.pcap,4,65226,65160,65212
gro-64k-v4.pcap,4,42058,41992,42044
gro-64k-v4.pcap,4,65226,65160,65212
gro-64k-v4.pcap,4,65226,65160,65212
gro-64k-v4.pcap,4,65226,65160,65212
gro-64k-v4.pcap,4,65226,65160,65212
gro-64k-v4.pcap,4,65226,65160,65212
gro-64k-v4.pcap,4,26130,26064,26116
gro-64k-v4.pcap,4,65226,65160,65212
gro-64k-v4.pcap,4,65226,65160,65212
gro-64k-v4.pcap,4,65226,65160,65212
gro-64k-v4.pcap,4,65226,65160,65212
gro-64k-v4.pcap,4,43506,43440,43492
gro-64k-v4.pcap,4,65226,65160,65212
gro-64k-v4.pcap,4,54498,54432,54484
gro-64k-v4.pcap,4,65226,65160,65212
gro-64k-v4.pcap,4,65226,65160,65212
gro-64k-v4.pcap,4,65226,65160,65212
gro-64k-v4.pcap,4,65226,65160,65212
gro-64k-v4.pcap,4,65226,65160,65212
gro-64k-v4.pcap,4,15994,15928,15980
gro-64k-v4.pcap,4,65226,65160,65212
gro-64k-v4.pcap,4,65226,65160,65212
gro-64k-v4.pcap,4,65226,65160,65212
gro-64k-v4.pcap,4,65226,65160,65212
gro-64k-v4.pcap,4,65226,65160,65212
gro-64k-v4.pcap,4,65226,65160,65212
gro-64k-v4.pcap,4,7306,7240,7292
gro-64k-v4.pcap,4,65226,65160,65212
gro-64k-v4.pcap,4,65226,65160,65212
gro-64k-v4.pcap,4,65226,65160,65212
gro-64k-v4.pcap,4,65226,65160,65212
gro-64k-v4.pcap,4,48074,48008,48060
gro-64k-v4.pcap,4,65226,65160,65212
gro-64k-v4.pcap,4,65226,65160,65212
gro-64k-v4.pcap,4,65226,65160,65212
gro-64k-v4.pcap,4,65226,65160,65212
gro-64k-v4.pcap,4,65226,65160,65212
gro-64k-v4.pcap,4,26130,26064,26116
gro-64k-v4.pcap,4,65226,65160,65212
gro-64k-v4.pcap,4,65226,65160,65212
gro-64k-v4.pcap,4,65226,65160,65212
gro-64k-v4.pcap,4,65226,65160,65212
gro-64k-v4.pcap,4,65226,65160,65212
gro-64k-v4.pcap,4,65226,65160,65212
gro-64k-v4.pcap,4,10202,10136,10188
gro-64k-v4.pcap,4,65226,65160,65212
gro-64k-v4.pcap,4,65226,65160,65212
gro-64k-v4.pcap,4,65226,65160,65212
gro-64k-v4.pcap,4,65226,65160,65212
gro-64k-v4.pcap,4,35042,34976,35028
gro-64k-v4.pcap,4,65226,65160,65212
gro-64k-v4.pcap,4,65226,65160,65212
gro-64k-v4.pcap,4,65226,65160,65212
gro-64k-v4.pcap,4,65226,65160,65212
gro-64k-v4.pcap,4,65226,65160,65212
gro-64k-v4.pcap,4,65226,65160,65212
gro-64k-v4.pcap,4,10202,10136,10188
gro-64k-v4.pcap,4,65226,65160,65212
gro-64k-v4.pcap,4,65226,65160,65212
gro-64k-v4.pcap,4,65226,65160,65212
gro-64k-v4.pcap,4,65226,65160,65212
gro-64k-v4.pcap,4,65226,65160,65212
gro-64k-v4.pcap,4,65226,65160,65212
gro-64k-v4.pcap,4,10202,10136,10188
gro-64k-v4.pcap,4,65226,65160,65212
gro-64k-v4.pcap,4,65226,65160,65212
gro-64k-v4.pcap,4,65226,65160,65212
gro-64k-v4.pcap,4,50970,50904,50956
gro-64k-v4.pcap,4,65226,65160,65212
gro-64k-v4.pcap,4,65226,65160,65212
gro-64k-v4.pcap,4,65226,65160,65212
gro-64k-v4.pcap,4,65226,65160,65212
gro-64k-v4.pcap,4,65226,65160,65212
gro-64k-v4.pcap,4,23234,23168,23220
gro-64k-v4.pcap,4,65226,65160,65212
gro-64k-v4.pcap,4,65226,65160,65212
gro-64k-v4.pcap,4,65226,65160,65212
gro-64k-v4.pcap,4,65226,65160,65212
gro-64k-v4.pcap,4,65226,65160,65212
gro-64k-v4.pcap,4,65226,65160,65212
gro-64k-v4.pcap,4,10202,10136,10188
gro-64k-v4.pcap,4,65226,65160,65212
gro-64k-v4.pcap,4,65226,65160,65212
gro-64k-v4.pcap,4,65226,65160,65212
gro-64k-v4.pcap,4,65226,65160,65212
gro-64k-v4.pcap,4,37938,37872,37924
gro-64k-v4.pcap,4,65226,65160,65212
gro-64k-v4.pcap,4,65226,65160,65212
gro-64k-v4.pcap,4,65226,65160,65212
gro-64k-v4.pcap,4,65226,65160,65212
gro-64k-v4.pcap,4,65226,65160,65212
gro-64k-v4.pcap,4,36266,36200,36252
gro-185k-v6.pcap,6,7226,7140,7172
gro-185k-v6.pcap,6,7226,7140,7172
gro-185k-v6.pcap,6,14366,14280,14312
gro-185k-v6.pcap,6,14366,14280,14312
gro-185k-v6.pcap,6,28646,28560,28592
gro-185k-v6.pcap,6,28646,28560,28592
gro-185k-v6.pcap,6,8654,8568,8600
gro-185k-v6.pcap,6,57206,57120,57152
gro-185k-v6.pcap,6,57206,57120,57152
gro-185k-v6.pcap,6,71486,71400,0
gro-185k-v6.pcap,6,114326,114240,0
gro-185k-v6.pcap,6,114326,114240,0
gro-185k-v6.pcap,6,184298,184212,0
gro-185k-v6.pcap,6,109762,109676,0
gro-185k-v6.pcap,6,184298,184212,0
gro-185k-v6.pcap,6,47914,47828,47860
gro-185k-v6.pcap,6,184298,184212,0
gro-185k-v6.pcap,6,184298,184212,0
gro-185k-v6.pcap,6,55898,55812,55844
gro-185k-v6.pcap,6,184298,184212,0
gro-185k-v6.pcap,6,184298,184212,0
gro-185k-v6.pcap,6,184298,184212,0
gro-185k-v6.pcap,6,36250,36164,36196
gro-185k-v6.pcap,6,34358,34272,34304
gro-185k-v6.pcap,6,1354,1268,1300
gro-185k-v6.pcap,6,184298,184212,0
gro-185k-v6.pcap,6,184298,184212,0
gro-185k-v6.pcap,6,184298,184212,0
gro-185k-v6.pcap,6,184298,184212,0
gro-185k-v6.pcap,6,184298,184212,0
gro-185k-v6.pcap,6,127602,127516,0
gro-185k-v6.pcap,6,184298,184212,0
gro-185k-v6.pcap,6,184298,184212,0
gro-185k-v6.pcap,6,184298,184212,0
gro-185k-v6.pcap,6,184298,184212,0
gro-185k-v6.pcap,6,184298,184212,0
gro-185k-v6.pcap,6,127602,127516,0
gro-185k-v6.pcap,6,184298,184212,0
gro-185k-v6.pcap,6,184298,184212,0
gro-185k-v6.pcap,6,184298,184212,0
gro-185k-v6.pcap,6,184298,184212,0
gro-185k-v6.pcap,6,184298,184212,0
gro-185k-v6.pcap,6,127602,127516,0
gro-185k-v6.pcap,6,184298,184212,0
gro-185k-v6.pcap,6,91478,91392,0
gro-185k-v6.pcap,6,92906,92820,0
gro-185k-v6.pcap,6,184298,184212,0
gro-185k-v6.pcap,6,184298,184212,0
gro-185k-v6.pcap,6,184298,184212,0
gro-185k-v6.pcap,6,127602,127516,0
gro-185k-v6.pcap,6,184298,184212,0
gro-185k-v6.pcap,6,184298,184212,0
gro-185k-v6.pcap,6,184298,184212,0
gro-185k-v6.pcap,6,184298,184212,0
gro-185k-v6.pcap,6,135686,135600,0
gro-185k-v6.pcap,6,176214,176128,0
gro-185k-v6.pcap,6,184298,184212,0
gro-185k-v6.pcap,6,184298,184212,0
gro-185k-v6.pcap,6,184298,184212,0
gro-185k-v6.pcap,6,143770,143684,0
gro-185k-v6.pcap,6,184298,184212,0
gro-185k-v6.pcap,6,168130,168044,0
gro-185k-v6.pcap,6,184298,184212,0
gro-185k-v6.pcap,6,184298,184212,0
gro-185k-v6.pcap,6,184298,184212,0
gro-185k-v6.pcap,6,151854,151768,0
gro-185k-v6.pcap,6,184298,184212,0
gro-185k-v6.pcap,6,160046,159960,0
gro-185k-v6.pcap,6,184298,184212,0
gro-185k-v6.pcap,6,184298,184212,0
gro-185k-v6.pcap,6,184298,184212,0
gro-185k-v6.pcap,6,159938,159852,0
gro-185k-v6.pcap,6,184298,184212,0
gro-185k-v6.pcap,6,151962,151876,0
gro-185k-v6.pcap,6,184298,184212,0
gro-185k-v6.pcap,6,184298,184212,0
gro-185k-v6.pcap,6,182870,182784,0
gro-185k-v6.pcap,6,1514,1428,1460
gro-185k-v6.pcap,6,168022,167936,0
gro-185k-v6.pcap,6,184298,184212,0
gro-185k-v6.pcap,6,142886,142800,0
gro-185k-v6.pcap,6,1078,992,1024
gro-185k-v6.pcap,6,184298,184212,0
gro-185k-v6.pcap,6,184298,184212,0
gro-185k-v6.pcap,6,184298,184212,0
gro-185k-v6.pcap,6,176106,176020,0
gro-185k-v6.pcap,6,184298,184212,0
gro-185k-v6.pcap,6,135794,135708,0
gro-185k-v6.pcap,6,184298,184212,0
gro-185k-v6.pcap,6,184298,184212,0
gro-185k-v6.pcap,6,184298,184212,0
gro-185k-v6.pcap,6,184298,184212,0
gro-185k-v6.pcap,6,3050,2964,2996
gro-185k-v6.pcap,6,184298,184212,0
gro-185k-v6.pcap,6,91478,91392,0
gro-185k-v6.pcap,6,33246,33160,33192
gro-185k-v6.pcap,6,184298,184212,0
gro-185k-v6.pcap,6,184298,184212,0
gro-185k-v6.pcap,6,184298,184212,0
gro-185k-v6.pcap,6,184298,184212,0
gro-185k-v6.pcap,6,135294,135208,0
gro-185k-v6.pcap,6,176606,176520,0
gro-185k-v6.pcap,6,184298,184212,0
gro-185k-v6.pcap,6,184298,184212,0
gro-185k-v6.pcap,6,184298,184212,0
gro-185k-v6.pcap,6,184298,184212,0
gro-185k-v6.pcap,6,14462,14376,14408
gro-185k-v6.pcap,6,184298,184212,0
gro-185k-v6.pcap,6,113226,113140,0
gro-185k-v6.pcap,6,184298,184212,0
gro-185k-v6.pcap,6,184298,184212,0
gro-185k-v6.pcap,6,184298,184212,0
gro-185k-v6.pcap,6,184298,184212,0
gro-185k-v6.pcap,6,106514,106428,0
gro-185k-v6.pcap,6,184298,184212,0
gro-185k-v6.pcap,6,20078,19992,20024
gro-185k-v6.pcap,6,1182,1096,1128
gro-185k-v6.pcap,6,184298,184212,0
gro-185k-v6.pcap,6,184298,184212,0
gro-185k-v6.pcap,6,184298,184212,0
gro-185k-v6.pcap,6,184298,184212,0
gro-185k-v6.pcap,6,14354,14268,14300
gro-185k-v6.pcap,6,184298,184212,0
gro-185k-v6.pcap,6,113334,113248,0
gro-185k-v6.pcap,6,184298,184212,0
gro-185k-v6.pcap,6,184298,184212,0
gro-185k-v6.pcap,6,184298,184212,0
gro-185k-v6.pcap,6,184298,184212,0
gro-185k-v6.pcap,6,125862,125776,0
gro-185k-v6.pcap,6,184298,184212,0
gro-185k-v6.pcap,6,1514,1428,1460
gro-185k-v6.pcap,6,184298,184212,0
gro-185k-v6.pcap,6,184298,184212,0
gro-185k-v6.pcap,6,184298,184212,0
gro-185k-v6.pcap,6,184298,184212,0
gro-185k-v6.pcap,6,53158,53072,53104
gro-185k-v6.pcap,6,184298,184212,0
gro-185k-v6.pcap,6,74530,74444,0
gro-185k-v6.pcap,6,184298,184212,0
gro-185k-v6.pcap,6,184298,184212,0
gro-185k-v6.pcap,6,184298,184212,0
gro-185k-v6.pcap,6,184298,184212,0
gro-185k-v6.pcap,6,170810,170724,0
gro-185k-v6.pcap,6,141090,141004,0
gro-185k-v6.pcap,6,184298,184212,0
gro-185k-v6.pcap,6,184298,184212,0
gro-185k-v6.pcap,6,184298,184212,0
gro-185k-v6.pcap,6,184298,184212,0
gro-185k-v6.pcap,6,104250,104164,0
gro-185k-v6.pcap,6,184298,184212,0
gro-185k-v6.pcap,6,23438,23352,23384
gro-185k-v6.pcap,6,184298,184212,0
gro-185k-v6.pcap,6,184298,184212,0
gro-185k-v6.pcap,6,184298,184212,0
gro-185k-v6.pcap,6,184298,184212,0
gro-185k-v6.pcap,6,37690,37604,37636
gro-185k-v6.pcap,6,184298,184212,0
gro-185k-v6.pcap,6,89998,89912,0
gro-185k-v6.pcap,6,184298,184212,0
gro-185k-v6.pcap,6,184298,184212,0
gro-185k-v6.pcap,6,184298,184212,0
gro-185k-v6.pcap,6,184298,184212,0
gro-185k-v6.pcap,6,155342,155256,0
gro-185k-v6.pcap,6,155738,155652,0
gro-185k-v6.pcap,6,184298,184212,0
gro-185k-v6.pcap,6,184298,184212,0
gro-185k-v6.pcap,6,184298,184212,0
gro-185k-v6.pcap,6,184298,184212,0
gro-185k-v6.pcap,6,88782,88696,0
gro-185k-v6.pcap,6,184298,184212,0
gro-185k-v6.pcap,6,38906,38820,38852
gro-185k-v6.pcap,6,184298,184212,0
gro-185k-v6.pcap,6,184298,184212,0
gro-185k-v6.pcap,6,184298,184212,0
gro-185k-v6.pcap,6,184298,184212,0
gro-185k-v6.pcap,6,25294,25208,25240
gro-185k-v6.pcap,6,184298,184212,0
gro-185k-v6.pcap,6,102394,102308,0
gro-185k-v6.pcap,6,91478,91392,0
gro-185k-v6.pcap,6,92906,92820,0
gro-185k-v6.pcap,6,184298,184212,0
gro-185k-v6.pcap,6,184298,184212,0
gro-185k-v6.pcap,6,184298,184212,0
gro-185k-v6.pcap,6,146018,145932,0
gro-185k-v6.pcap,6,165734,165648,0
gro-185k-v6.pcap,6,184298,184212,0
gro-185k-v6.pcap,6,184298,184212,0
gro-185k-v6.pcap,6,184298,184212,0
gro-185k-v6.pcap,6,184298,184212,0
gro-185k-v6.pcap,6,82530,82444,0
gro-185k-v6.pcap,6,184298,184212,0
gro-185k-v6.pcap,6,45158,45072,45104
gro-185k-v6.pcap,6,184298,184212,0
gro-185k-v6.pcap,6,184298,184212,0
gro-185k-v6.pcap,6,184298,184212,0
gro-185k-v6.pcap,6,184298,184212,0
gro-185k-v6.pcap,6,21090,21004,21036
gro-185k-v6.pcap,6,184298,184212,0
gro-185k-v6.pcap,6,105758,105672,0
gro-185k-v6.pcap,6,184298,184212,0
gro-185k-v6.pcap,6,184298,184212,0
gro-185k-v6.pcap,6,184298,184212,0
gro-185k-v6.pcap,6,184298,184212,0
gro-185k-v6.pcap,6,143862,143776,0
gro-185k-v6.pcap,6,168038,167952,0
gro-185k-v6.pcap,6,184298,184212,0
gro-185k-v6.pcap,6,184298,184212,0
gro-185k-v6.pcap,6,184298,184212,0
gro-185k-v6.pcap,6,184298,184212,0
gro-185k-v6.pcap,6,82422,82336,0
gro-185k-v6.pcap,6,184298,184212,0
gro-185k-v6.pcap,6,45266,45180,45212
gro-185k-v6.pcap,6,184298,184212,0
gro-185k-v6.pcap,6,184298,184212,0
gro-185k-v6.pcap,6,184298,184212,0
gro-185k-v6.pcap,6,184298,184212,0
gro-185k-v6.pcap,6,20982,20896,20928
gro-185k-v6.pcap,6,184298,184212,0
gro-185k-v6.pcap,6,106706,106620,0
gro-185k-v6.pcap,6,184298,184212,0
gro-185k-v6.pcap,6,184298,184212,0
gro-185k-v6.pcap,6,184298,184212,0
gro-185k-v6.pcap,6,184298,184212,0
gro-185k-v6.pcap,6,143754,143668,0
gro-185k-v6.pcap,6,167162,167076,0
gro-185k-v6.pcap,6,1070,984,1016
gro-185k-v6.pcap,6,184298,184212,0
gro-185k-v6.pcap,6,184298,184212,0
gro-185k-v6.pcap,6,184298,184212,0
gro-185k-v6.pcap,6,184298,184212,0
gro-185k-v6.pcap,6,82314,82228,0
gro-185k-v6.pcap,6,184298,184212,0
gro-185k-v6.pcap,6,45374,45288,45320
gro-185k-v6.pcap,6,184298,184212,0
gro-185k-v6.pcap,6,184298,184212,0
gro-185k-v6.pcap,6,184298,184212,0
gro-185k-v6.pcap,6,184298,184212,0
gro-185k-v6.pcap,6,20874,20788,20820
gro-185k-v6.pcap,6,184298,184212,0
gro-185k-v6.pcap,6,106814,106728,0
gro-185k-v6.pcap,6,184298,184212,0
gro-185k-v6.pcap,6,184298,184212,0
gro-185k-v6.pcap,6,184298,184212,0
gro-185k-v6.pcap,6,184298,184212,0
gro-185k-v6.pcap,6,143646,143560,0
gro-185k-v6.pcap,6,168254,168168,0
gro-185k-v6.pcap,6,184298,184212,0
gro-185k-v6.pcap,6,184298,184212,0
gro-185k-v6.pcap,6,184298,184212,0
gro-185k-v6.pcap,6,184298,184212,0
gro-185k-v6.pcap,6,82206,82120,0
gro-185k-v6.pcap,6,184298,184212,0
gro-185k-v6.pcap,6,44354,44268,44300
gro-185k-v6.pcap,6,1214,1128,1160
gro-185k-v6.pcap,6,184298,184212,0
gro-185k-v6.pcap,6,184298,184212,0
gro-185k-v6.pcap,6,184298,184212,0
gro-185k-v6.pcap,6,184298,184212,0
gro-185k-v6.pcap,6,20766,20680,20712
gro-185k-v6.pcap,6,184298,184212,0
gro-185k-v6.pcap,6,106922,106836,0
gro-185k-v6.pcap,6,184298,184212,0
gro-185k-v6.pcap,6,184298,184212,0
gro-185k-v6.pcap,6,184298,184212,0
gro-185k-v6.pcap,6,184298,184212,0
gro-185k-v6.pcap,6,143538,143452,0
gro-185k-v6.pcap,6,167162,167076,0
gro-185k-v6.pcap,6,1286,1200,1232
gro-185k-v6.pcap,6,184298,184212,0
gro-185k-v6.pcap,6,184298,184212,0
gro-185k-v6.pcap,6,184298,184212,0
gro-185k-v6.pcap,6,184298,184212,0
gro-185k-v6.pcap,6,82098,82012,0
gro-185k-v6.pcap,6,184298,184212,0
gro-185k-v6.pcap,6,45590,45504,45536
gro-185k-v6.pcap,6,184298,184212,0
gro-185k-v6.pcap,6,184298,184212,0
gro-185k-v6.pcap,6,184298,184212,0
gro-185k-v6.pcap,6,184298,184212,0
gro-185k-v6.pcap,6,184298,184212,0
gro-185k-v6.pcap,6,127602,127516,0
gro-185k-v6.pcap,6,184298,184212,0
gro-185k-v6.pcap,6,184298,184212,0
gro-185k-v6.pcap,6,184298,184212,0
gro-185k-v6.pcap,6,184298,184212,0
gro-185k-v6.pcap,6,122858,122772,0
gro-185k-v6.pcap,6,184298,184212,0
gro-185k-v6.pcap,6,4830,4744,4776
gro-185k-v6.pcap,6,184298,184212,0
gro-185k-v6.pcap,6,184298,184212,0
gro-185k-v6.pcap,6,184298,184212,0
gro-185k-v6.pcap,6,184298,184212,0
gro-185k-v6.pcap,6,61418,61332,61364
gro-185k-v6.pcap,6,184298,184212,0
gro-185k-v6.pcap,6,66270,66184,0
gro-185k-v6.pcap,6,184298,184212,0
gro-185k-v6.pcap,6,184298,184212,0
gro-185k-v6.pcap,6,184298,184212,0
gro-185k-v6.pcap,6,184298,184212,0
gro-185k-v6.pcap,6,184190,184104,0
gro-185k-v6.pcap,6,127710,127624,0
gro-185k-v6.pcap,6,184298,184212,0
gro-185k-v6.pcap,6,184298,184212,0
gro-185k-v6.pcap,6,182870,182784,0
gro-185k-v6.pcap,6,1514,1428,1460
gro-185k-v6.pcap,6,184298,184212,0
gro-185k-v6.pcap,6,122750,122664,0
gro-185k-v6.pcap,6,184298,184212,0
gro-185k-v6.pcap,6,4370,4284,4316
gro-185k-v6.pcap,6,184298,184212,0
gro-185k-v6.pcap,6,184298,184212,0
gro-185k-v6.pcap,6,184298,184212,0
gro-185k-v6.pcap,6,184298,184212,0
gro-185k-v6.pcap,6,61310,61224,61256
gro-185k-v6.pcap,6,184298,184212,0
gro-185k-v6.pcap,6,66378,66292,0
gro-185k-v6.pcap,6,184298,184212,0
gro-185k-v6.pcap,6,184298,184212,0
gro-185k-v6.pcap,6,184298,184212,0
gro-185k-v6.pcap,6,184298,184212,0
gro-185k-v6.pcap,6,184082,183996,0
gro-185k-v6.pcap,6,127178,127092,0
gro-185k-v6.pcap,6,184298,184212,0
gro-185k-v6.pcap,6,182870,182784,0
gro-185k-v6.pcap,6,1514,1428,1460
gro-185k-v6.pcap,6,184298,184212,0
gro-185k-v6.pcap,6,184298,184212,0
gro-185k-v6.pcap,6,122642,122556,0
gro-185k-v6.pcap,6,184298,184212,0
gro-185k-v6.pcap,6,4370,4284,4316
gro-185k-v6.pcap,6,184298,184212,0
gro-185k-v6.pcap,6,184298,184212,0
gro-185k-v6.pcap,6,184298,184212,0
gro-185k-v6.pcap,6,184298,184212,0
gro-185k-v6.pcap,6,61202,61116,61148
gro-185k-v6.pcap,6,184298,184212,0
gro-185k-v6.pcap,6,66486,66400,0
gro-185k-v6.pcap,6,184298,184212,0
gro-185k-v6.pcap,6,184298,184212,0
gro-185k-v6.pcap,6,184298,184212,0
gro-185k-v6.pcap,6,184298,184212,0
gro-185k-v6.pcap,6,183974,183888,0
gro-185k-v6.pcap,6,127178,127092,0
gro-185k-v6.pcap,6,184298,184212,0
gro-185k-v6.pcap,6,184298,184212,0
gro-185k-v6.pcap,6,184298,184212,0
gro-185k-v6.pcap,6,184298,184212,0
gro-185k-v6.pcap,6,122534,122448,0
gro-185k-v6.pcap,6,184298,184212,0
gro-185k-v6.pcap,6,4370,4284,4316
gro-185k-v6.pcap,6,184298,184212,0
gro-185k-v6.pcap,6,184298,184212,0
gro-185k-v6.pcap,6,184298,184212,0
gro-185k-v6.pcap,6,184298,184212,0
gro-185k-v6.pcap,6,61094,61008,61040
gro-185k-v6.pcap,6,184298,184212,0
gro-185k-v6.pcap,6,66594,66508,0
gro-185k-v6.pcap,6,184298,184212,0
gro-185k-v6.pcap,6,184298,184212,0
gro-185k-v6.pcap,6,184298,184212,0
gro-185k-v6.pcap,6,184298,184212,0
gro-185k-v6.pcap,6,183866,183780,0
gro-185k-v6.pcap,6,127178,127092,0
gro-185k-v6.pcap,6,184298,184212,0
gro-185k-v6.pcap,6,184298,184212,0
gro-185k-v6.pcap,6,184298,184212,0
gro-185k-v6.pcap,6,184298,184212,0
gro-185k-v6.pcap,6,122426,122340,0
gro-185k-v6.pcap,6,184298,184212,0
gro-185k-v6.pcap,6,5262,5176,5208
gro-185k-v6.pcap,6,184298,184212,0
gro-185k-v6.pcap,6,184298,184212,0
gro-185k-v6.pcap,6,184298,184212,0
gro-185k-v6.pcap,6,184298,184212,0
gro-185k-v6.pcap,6,60986,60900,60932
gro-185k-v6.pcap,6,184298,184212,0
gro-185k-v6.pcap,6,66702,66616,0
gro-185k-v6.pcap,6,184298,184212,0
gro-185k-v6.pcap,6,184298,184212,0
gro-185k-v6.pcap,6,184298,184212,0
gro-185k-v6.pcap,6,91478,91392,0
gro-185k-v6.pcap,6,92906,92820,0
gro-185k-v6.pcap,6,183758,183672,0
gro-185k-v6.pcap,6,127178,127092,0
gro-185k-v6.pcap,6,1050,964,996
gro-185k-v6.pcap,6,184298,184212,0
gro-185k-v6.pcap,6,184298,184212,0
gro-185k-v6.pcap,6,184298,184212,0
gro-185k-v6.pcap,6,184298,184212,0
gro-185k-v6.pcap,6,122318,122232,0
gro-185k-v6.pcap,6,184298,184212,0
gro-185k-v6.pcap,6,5370,5284,5316
gro-185k-v6.pcap,6,184298,184212,0
gro-185k-v6.pcap,6,184298,184212,0
gro-185k-v6.pcap,6,184298,184212,0
gro-185k-v6.pcap,6,184298,184212,0
gro-185k-v6.pcap,6,60878,60792,60824
gro-185k-v6.pcap,6,184298,184212,0
gro-185k-v6.pcap,6,66810,66724,0
gro-185k-v6.pcap,6,184298,184212,0
gro-185k-v6.pcap,6,91478,91392,0
gro-185k-v6.pcap,6,92906,92820,0
gro-185k-v6.pcap,6,184298,184212,0
gro-185k-v6.pcap,6,184298,184212,0
gro-185k-v6.pcap,6,183650,183564,0
gro-185k-v6.pcap,6,127178,127092,0
gro-185k-v6.pcap,6,1158,1072,1104
gro-185k-v6.pcap,6,184298,184212,0
gro-185k-v6.pcap,6,184298,184212,0
gro-185k-v6.pcap,6,184298,184212,0
gro-185k-v6.pcap,6,184298,184212,0
gro-185k-v6.pcap,6,122210,122124,0
gro-185k-v6.pcap,6,184298,184212,0
gro-185k-v6.pcap,6,4370,4284,4316
gro-185k-v6.pcap,6,1194,1108,1140
gro-185k-v6.pcap,6,184298,184212,0
gro-185k-v6.pcap,6,184298,184212,0
gro-185k-v6.pcap,6,184298,184212,0
gro-185k-v6.pcap,6,184298,184212,0
gro-185k-v6.pcap,6,60770,60684,60716
gro-185k-v6.pcap,6,184298,184212,0
gro-185k-v6.pcap,6,66918,66832,0
gro-185k-v6.pcap,6,184298,184212,0
gro-185k-v6.pcap,6,184298,184212,0
gro-185k-v6.pcap,6,184298,184212,0
gro-185k-v6.pcap,6,184298,184212,0
gro-185k-v6.pcap,6,183542,183456,0
gro-185k-v6.pcap,6,127178,127092,0
gro-185k-v6.pcap,6,1266,1180,1212
gro-185k-v6.pcap,6,184298,184212,0
gro-185k-v6.pcap,6,184298,184212,0
gro-185k-v6.pcap,6,184298,184212,0
gro-185k-v6.pcap,6,184298,184212,0
gro-185k-v6.pcap,6,122102,122016,0
gro-185k-v6.pcap,6,184298,184212,0
gro-185k-v6.pcap,6,4370,4284,4316
gro-185k-v6.pcap,6,1302,1216,1248
gro-185k-v6.pcap,6,184298,184212,0
gro-185k-v6.pcap,6,184298,184212,0
gro-185k-v6.pcap,6,184298,184212,0
gro-185k-v6.pcap,6,184298,184212,0
gro-185k-v6.pcap,6,60662,60576,60608
gro-185k-v6.pcap,6,184298,184212,0
gro-185k-v6.pcap,6,67026,66940,0
gro-185k-v6.pcap,6,184298,184212,0
gro-185k-v6.pcap,6,184298,184212,0
gro-185k-v6.pcap,6,184298,184212,0
gro-185k-v6.pcap,6,183434,183348,0
gro-185k-v6.pcap,6,184298,184212,0
gro-185k-v6.pcap,6,128466,128380,0
gro-185k-v6.pcap,6,184298,184212,0
gro-185k-v6.pcap,6,184298,184212,0
gro-185k-v6.pcap,6,184298,184212,0
gro-185k-v6.pcap,6,184298,184212,0
gro-185k-v6.pcap,6,121994,121908,0
gro-185k-v6.pcap,6,184298,184212,0
gro-185k-v6.pcap,6,4370,4284,4316
gro-185k-v6.pcap,6,1410,1324,1356
gro-185k-v6.pcap,6,184298,184212,0
gro-185k-v6.pcap,6,184298,184212,0
gro-185k-v6.pcap,6,184298,184212,0
gro-185k-v6.pcap,6,184298,184212,0
gro-185k-v6.pcap,6,60554,60468,60500
gro-185k-v6.pcap,6,91478,91392,0
gro-185k-v6.pcap,6,92906,92820,0
gro-185k-v6.pcap,6,67134,67048,0
gro-185k-v6.pcap,6,184298,184212,0
gro-185k-v6.pcap,6,184298,184212,0
gro-185k-v6.pcap,6,184298,184212,0
gro-185k-v6.pcap,6,184298,184212,0
gro-185k-v6.pcap,6,183326,183240,0
gro-185k-v6.pcap,6,127178,127092,0
gro-185k-v6.pcap,6,1482,1396,1428
gro-185k-v6.pcap,6,184298,184212,0
gro-185k-v6.pcap,6,184298,184212,0
gro-185k-v6.pcap,6,184298,184212,0
gro-185k-v6.pcap,6,184298,184212,0
gro-185k-v6.pcap,6,121886,121800,0
gro-185k-v6.pcap,6,184298,184212,0
gro-185k-v6.pcap,6,5798,5712,5744
gro-185k-v6.pcap,6,184298,184212,0
gro-185k-v6.pcap,6,184298,184212,0
gro-185k-v6.pcap,6,184298,184212,0
gro-185k-v6.pcap,6,184298,184212,0
gro-185k-v6.pcap,6,60446,60360,60392
gro-185k-v6.pcap,6,184298,184212,0
gro-185k-v6.pcap,6,67202,67116,0
gro-185k-v6.pcap,6,184298,184212,0
gro-185k-v6.pcap,6,184298,184212,0
gro-185k-v6.pcap,6,184298,184212,0
gro-185k-v6.pcap,6,184298,184212,0
gro-185k-v6.pcap,6,183218,183132,0
gro-185k-v6.pcap,6,128682,128596,0
gro-185k-v6.pcap,6,184298,184212,0
gro-185k-v6.pcap,6,184298,184212,0
gro-185k-v6.pcap,6,184298,184212,0
gro-185k-v6.pcap,6,184298,184212,0
gro-185k-v6.pcap,6,121778,121692,0
gro-185k-v6.pcap,6,184298,184212,0
gro-185k-v6.pcap,6,5910,5824,5856
gro-185k-v6.pcap,6,184298,184212,0
gro-185k-v6.pcap,6,184298,184212,0
gro-185k-v6.pcap,6,184298,184212,0
gro-185k-v6.pcap,6,184298,184212,0
gro-185k-v6.pcap,6,60338,60252,60284
gro-185k-v6.pcap,6,184298,184212,0
gro-185k-v6.pcap,6,67202,67116,0
gro-185k-v6.pcap,6,184298,184212,0
gro-185k-v6.pcap,6,184298,184212,0
gro-185k-v6.pcap,6,184298,184212,0
gro-185k-v6.pcap,6,184298,184212,0
gro-185k-v6.pcap,6,184298,184212,0
gro-185k-v6.pcap,6,127602,127516,0
gro-185k-v6.pcap,6,184298,184212,0
gro-185k-v6.pcap,6,184298,184212,0
gro-185k-v6.pcap,6,184298,184212,0
gro-185k-v6.pcap,6,184298,184212,0
gro-185k-v6.pcap,6,123882,123796,0
gro-185k-v6.pcap,6,184298,184212,0
gro-185k-v6.pcap,6,2942,2856,2888
gro-185k-v6.pcap,6,184298,184212,0
gro-185k-v6.pcap,6,184298,184212,0
gro-185k-v6.pcap,6,184298,184212,0
gro-185k-v6.pcap,6,184298,184212,0
gro-185k-v6.pcap,6,63466,63380,63412
gro-185k-v6.pcap,6,184298,184212,0
gro-185k-v6.pcap,6,64222,64136,64168
gro-185k-v6.pcap,6,184298,184212,0
gro-185k-v6.pcap,6,184298,184212,0
gro-185k-v6.pcap,6,184298,184212,0
gro-185k-v6.pcap,6,184298,184212,0
gro-185k-v6.pcap,6,184298,184212,0
gro-185k-v6.pcap,6,127602,127516,0
gro-185k-v6.pcap,6,184298,184212,0
gro-185k-v6.pcap,6,91478,91392,0
gro-185k-v6.pcap,6,92906,92820,0
gro-185k-v6.pcap,6,184298,184212,0
gro-185k-v6.pcap,6,184298,184212,0
gro-185k-v6.pcap,6,123882,123796,0
gro-185k-v6.pcap,6,184298,184212,0
gro-185k-v6.pcap,6,2942,2856,2888
gro-185k-v6.pcap,6,184298,184212,0
gro-185k-v6.pcap,6,184298,184212,0
gro-185k-v6.pcap,6,184298,184212,0
gro-185k-v6.pcap,6,184298,184212,0
gro-185k-v6.pcap,6,63466,63380,63412
gro-185k-v6.pcap,6,184298,184212,0
gro-185k-v6.pcap,6,64222,64136,64168
gro-185k-v6.pcap,6,184298,184212,0
gro-185k-v6.pcap,6,184298,184212,0
gro-185k-v6.pcap,6,184298,184212,0
gro-185k-v6.pcap,6,184298,184212,0
gro-185k-v6.pcap,6,184298,184212,0
gro-185k-v6.pcap,6,127602,127516,0
gro-185k-v6.pcap,6,184298,184212,0
gro-185k-v6.pcap,6,184298,184212,0
gro-185k-v6.pcap,6,184298,184212,0
gro-185k-v6.pcap,6,184298,184212,0
gro-185k-v6.pcap,6,123882,123796,0
gro-185k-v6.pcap,6,184298,184212,0
gro-185k-v6.pcap,6,3806,3720,3752
gro-185k-v6.pcap,6,184298,184212,0
gro-185k-v6.pcap,6,184298,184212,0
gro-185k-v6.pcap,6,184298,184212,0
gro-185k-v6.pcap,6,184298,184212,0
gro-185k-v6.pcap,6,63466,63380,63412
gro-185k-v6.pcap,6,184298,184212,0
gro-185k-v6.pcap,6,64222,64136,64168
gro-185k-v6.pcap,6,184298,184212,0
gro-185k-v6.pcap,6,184298,184212,0
gro-185k-v6.pcap,6,184298,184212,0
gro-185k-v6.pcap,6,184298,184212,0
gro-185k-v6.pcap,6,184298,184212,0
gro-185k-v6.pcap,6,127602,127516,0
gro-185k-v6.pcap,6,184298,184212,0
gro-185k-v6.pcap,6,184298,184212,0
gro-185k-v6.pcap,6,184298,184212,0
gro-185k-v6.pcap,6,184298,184212,0
gro-185k-v6.pcap,6,123882,123796,0
gro-185k-v6.pcap,6,184298,184212,0
gro-185k-v6.pcap,6,2942,2856,2888
gro-185k-v6.pcap,6,184298,184212,0
gro-185k-v6.pcap,6,184298,184212,0
gro-185k-v6.pcap,6,184298,184212,0
gro-185k-v6.pcap,6,184298,184212,0
gro-185k-v6.pcap,6,63466,63380,63412
gro-185k-v6.pcap,6,91478,91392,0
gro-185k-v6.pcap,6,92906,92820,0
gro-185k-v6.pcap,6,64222,64136,64168
gro-185k-v6.pcap,6,184298,184212,0
gro-185k-v6.pcap,6,184298,184212,0
gro-185k-v6.pcap,6,184298,184212,0
gro-185k-v6.pcap,6,184298,184212,0
gro-185k-v6.pcap,6,184298,184212,0
gro-185k-v6.pcap,6,127602,127516,0
gro-185k-v6.pcap,6,184298,184212,0
gro-185k-v6.pcap,6,184298,184212,0
gro-185k-v6.pcap,6,184298,184212,0
gro-185k-v6.pcap,6,184298,184212,0
gro-185k-v6.pcap,6,123882,123796,0
gro-185k-v6.pcap,6,184298,184212,0
gro-185k-v6.pcap,6,2942,2856,2888
gro-185k-v6.pcap,6,184298,184212,0
gro-185k-v6.pcap,6,184298,184212,0
gro-185k-v6.pcap,6,184298,184212,0
gro-185k-v6.pcap,6,184298,184212,0
gro-185k-v6.pcap,6,63466,63380,63412
gro-185k-v6.pcap,6,184298,184212,0
gro-185k-v6.pcap,6,64222,64136,64168
gro-185k-v6.pcap,6,184298,184212,0
gro-185k-v6.pcap,6,184298,184212,0
gro-185k-v6.pcap,6,184298,184212,0
gro-185k-v6.pcap,6,184298,184212,0
gro-185k-v6.pcap,6,184298,184212,0
gro-185k-v6.pcap,6,127602,127516,0
gro-185k-v6.pcap,6,184298,184212,0
gro-185k-v6.pcap,6,184298,184212,0
gro-185k-v6.pcap,6,184298,184212,0
gro-185k-v6.pcap,6,184298,184212,0
gro-185k-v6.pcap,6,123882,123796,0
gro-185k-v6.pcap,6,184298,184212,0
gro-185k-v6.pcap,6,2942,2856,2888
gro-185k-v6.pcap,6,184298,184212,0
gro-185k-v6.pcap,6,184298,184212,0
gro-185k-v6.pcap,6,184298,184212,0
gro-185k-v6.pcap,6,184298,184212,0
gro-185k-v6.pcap,6,63466,63380,63412
gro-185k-v6.pcap,6,184298,184212,0
gro-185k-v6.pcap,6,62918,62832,62864
gro-185k-v6.pcap,6,1390,1304,1336
gro-185k-v6.pcap,6,184298,184212,0
gro-185k-v6.pcap,6,184298,184212,0
gro-185k-v6.pcap,6,184298,184212,0
gro-185k-v6.pcap,6,184298,184212,0
gro-185k-v6.pcap,6,3050,2964,2996
gro-185k-v6.pcap,6,184298,184212,0
gro-185k-v6.pcap,6,124638,124552,0
gro-185k-v6.pcap,6,184298,184212,0
gro-185k-v6.pcap,6,184298,184212,0
gro-185k-v6.pcap,6,184298,184212,0
gro-185k-v6.pcap,6,184298,184212,0
gro-185k-v6.pcap,6,126846,126760,0
gro-185k-v6.pcap,6,184298,184212,0
gro-185k-v6.pcap,6,184298,184212,0
gro-185k-v6.pcap,6,184298,184212,0
gro-185k-v6.pcap,6,184298,184212,0
gro-185k-v6.pcap,6,184298,184212,0
gro-185k-v6.pcap,6,66430,66344,0
gro-185k-v6.pcap,6,184298,184212,0
gro-185k-v6.pcap,6,60062,59976,60008
gro-185k-v6.pcap,6,1282,1196,1228
gro-185k-v6.pcap,6,184298,184212,0
gro-185k-v6.pcap,6,184298,184212,0
gro-185k-v6.pcap,6,184298,184212,0
gro-185k-v6.pcap,6,184298,184212,0
gro-185k-v6.pcap,6,184298,184212,0
gro-185k-v6.pcap,6,127602,127516,0
gro-185k-v6.pcap,6,184298,184212,0
gro-185k-v6.pcap,6,184298,184212,0
gro-185k-v6.pcap,6,184298,184212,0
gro-185k-v6.pcap,6,184298,184212,0
gro-185k-v6.pcap,6,123882,123796,0
gro-185k-v6.pcap,6,184298,184212,0
gro-185k-v6.pcap,6,2942,2856,2888
gro-185k-v6.pcap,6,184298,184212,0
gro-185k-v6.pcap,6,184298,184212,0
gro-185k-v6.pcap,6,91478,91392,0
gro-185k-v6.pcap,6,92906,92820,0
gro-185k-v6.pcap,6,184298,184212,0
gro-185k-v6.pcap,6,63466,63380,63412
gro-185k-v6.pcap,6,184298,184212,0
gro-185k-v6.pcap,6,62918,62832,62864
gro-185k-v6.pcap,6,1390,1304,1336
gro-185k-v6.pcap,6,184298,184212,0
gro-185k-v6.pcap,6,184298,184212,0
gro-185k-v6.pcap,6,184298,184212,0
gro-185k-v6.pcap,6,184298,184212,0
gro-185k-v6.pcap,6,3050,2964,2996
gro-185k-v6.pcap,6,184298,184212,0
gro-185k-v6.pcap,6,124638,124552,0
gro-185k-v6.pcap,6,184298,184212,0
gro-185k-v6.pcap,6,184298,184212,0
gro-185k-v6.pcap,6,184298,184212,0
gro-185k-v6.pcap,6,184298,184212,0
gro-185k-v6.pcap,6,126846,126760,0
gro-185k-v6.pcap,6,184298,184212,0
gro-185k-v6.pcap,6,184298,184212,0
gro-185k-v6.pcap,6,184298,184212,0
gro-185k-v6.pcap,6,184298,184212,0
gro-185k-v6.pcap,6,184298,184212,0
gro-185k-v6.pcap,6,66430,66344,0
gro-185k-v6.pcap,6,184298,184212,0
gro-185k-v6.pcap,6,60062,59976,60008
gro-185k-v6.pcap,6,1282,1196,1228
gro-185k-v6.pcap,6,184298,184212,0
gro-185k-v6.pcap,6,184298,184212,0
gro-185k-v6.pcap,6,184298,184212,0
gro-185k-v6.pcap,6,184298,184212,0
gro-185k-v6.pcap,6,184298,184212,0
gro-185k-v6.pcap,6,127602,127516,0
gro-185k-v6.pcap,6,184298,184212,0
gro-185k-v6.pcap,6,184298,184212,0
gro-185k-v6.pcap,6,184298,184212,0
gro-185k-v6.pcap,6,184298,184212,0
gro-185k-v6.pcap,6,123882,123796,0
gro-185k-v6.pcap,6,184298,184212,0
gro-185k-v6.pcap,6,2942,2856,2888
gro-185k-v6.pcap,6,184298,184212,0
gro-185k-v6.pcap,6,184298,184212,0
gro-185k-v6.pcap,6,184298,184212,0
gro-185k-v6.pcap,6,184298,184212,0
gro-185k-v6.pcap,6,63466,63380,63412
gro-185k-v6.pcap,6,184298,184212,0
gro-185k-v6.pcap,6,62918,62832,62864
gro-185k-v6.pcap,6,1390,1304,1336
gro-185k-v6.pcap,6,184298,184212,0
gro-185k-v6.pcap,6,184298,184212,0
gro-185k-v6.pcap,6,184298,184212,0
gro-185k-v6.pcap,6,184298,184212,0
gro-185k-v6.pcap,6,184298,184212,0
gro-185k-v6.pcap,6,127602,127516,0
gro-185k-v6.pcap,6,184298,184212,0
gro-185k-v6.pcap,6,184298,184212,0
gro-185k-v6.pcap,6,184298,184212,0
gro-185k-v6.pcap,6,184298,184212,0
gro-185k-v6.pcap,6,123882,123796,0
gro-185k-v6.pcap,6,184298,184212,0
gro-185k-v6.pcap,6,2942,2856,2888
gro-185k-v6.pcap,6,184298,184212,0
gro-185k-v6.pcap,6,184298,184212,0
gro-185k-v6.pcap,6,184298,184212,0
gro-185k-v6.pcap,6,184298,184212,0
gro-185k-v6.pcap,6,63466,63380,63412
gro-185k-v6.pcap,6,184298,184212,0
gro-185k-v6.pcap,6,62918,62832,62864
gro-185k-v6.pcap,6,1390,1304,1336
gro-185k-v6.pcap,6,184298,184212,0
gro-185k-v6.pcap,6,184298,184212,0
gro-185k-v6.pcap,6,184298,184212,0
gro-185k-v6.pcap,6,184298,184212,0
gro-185k-v6.pcap,6,184298,184212,0
gro-185k-v6.pcap,6,127602,127516,0
gro-185k-v6.pcap,6,184298,184212,0
gro-185k-v6.pcap,6,184298,184212,0
gro-185k-v6.pcap,6,184298,184212,0
gro-185k-v6.pcap,6,184298,184212,0
gro-185k-v6.pcap,6,123882,123796,0
gro-185k-v6.pcap,6,184298,184212,0
gro-185k-v6.pcap,6,2942,2856,2888
gro-185k-v6.pcap,6,184298,184212,0
gro-185k-v6.pcap,6,184298,184212,0
gro-185k-v6.pcap,6,184298,184212,0
gro-185k-v6.pcap,6,184298,184212,0
gro-185k-v6.pcap,6,63466,63380,63412
gro-185k-v6.pcap,6,184298,184212,0
gro-185k-v6.pcap,6,64222,64136,64168
gro-185k-v6.pcap,6,184298,184212,0
gro-185k-v6.pcap,6,184298,184212,0
gro-185k-v6.pcap,6,184298,184212,0
gro-185k-v6.pcap,6,184298,184212,0
gro-185k-v6.pcap,6,184298,184212,0
gro-185k-v6.pcap,6,127602,127516,0
gro-185k-v6.pcap,6,184298,184212,0
gro-185k-v6.pcap,6,184298,184212,0
gro-185k-v6.pcap,6,184298,184212,0
gro-185k-v6.pcap,6,184298,184212,0
gro-185k-v6.pcap,6,123882,123796,0
gro-185k-v6.pcap,6,91478,91392,0
gro-185k-v6.pcap,6,92906,92820,0
gro-185k-v6.pcap,6,2942,2856,2888
gro-185k-v6.pcap,6,184298,184212,0
gro-185k-v6.pcap,6,184298,184212,0
gro-185k-v6.pcap,6,184298,184212,0
gro-185k-v6.pcap,6,184298,184212,0
gro-185k-v6.pcap,6,154858,154772,0
gro-185k-v6.pcap,6,155738,155652,0
gro-185k-v6.pcap,6,1390,1304,1336
gro-185k-v6.pcap,6,184298,184212,0
gro-185k-v6.pcap,6,184298,184212,0
gro-185k-v6.pcap,6,184298,184212,0
gro-185k-v6.pcap,6,184298,184212,0
gro-185k-v6.pcap,6,94442,94356,0
gro-185k-v6.pcap,6,184298,184212,0
gro-185k-v6.pcap,6,33246,33160,33192
gro-185k-v6.pcap,6,184298,184212,0
gro-185k-v6.pcap,6,184298,184212,0
gro-185k-v6.pcap,6,184298,184212,0
gro-185k-v6.pcap,6,184298,184212,0
gro-185k-v6.pcap,6,34026,33940,33972
gro-185k-v6.pcap,6,184298,184212,0
gro-185k-v6.pcap,6,93662,93576,0
gro-185k-v6.pcap,6,184298,184212,0
gro-185k-v6.pcap,6,184298,184212,0
gro-185k-v6.pcap,6,184298,184212,0
gro-185k-v6.pcap,6,184298,184212,0
gro-185k-v6.pcap,6,157822,157736,0
gro-185k-v6.pcap,6,152882,152796,0
gro-185k-v6.pcap,6,1282,1196,1228
gro-185k-v6.pcap,6,184298,184212,0
gro-185k-v6.pcap,6,184298,184212,0
gro-185k-v6.pcap,6,184298,184212,0
gro-185k-v6.pcap,6,184298,184212,0
gro-185k-v6.pcap,6,97406,97320,0
gro-185k-v6.pcap,6,184298,184212,0
gro-185k-v6.pcap,6,30074,29988,30020
gro-185k-v6.pcap,6,184298,184212,0
gro-185k-v6.pcap,6,184298,184212,0
gro-185k-v6.pcap,6,184298,184212,0
gro-185k-v6.pcap,6,91478,91392,0
gro-185k-v6.pcap,6,92906,92820,0
gro-185k-v6.pcap,6,36990,36904,36936
gro-185k-v6.pcap,6,184298,184212,0
gro-185k-v6.pcap,6,90050,89964,0
gro-185k-v6.pcap,6,184298,184212,0
gro-185k-v6.pcap,6,184298,184212,0
gro-185k-v6.pcap,6,184298,184212,0
gro-185k-v6.pcap,6,184298,184212,0
gro-185k-v6.pcap,6,160786,160700,0
gro-185k-v6.pcap,6,150026,149940,0
gro-185k-v6.pcap,6,1174,1088,1120
gro-185k-v6.pcap,6,184298,184212,0
gro-185k-v6.pcap,6,184298,184212,0
gro-185k-v6.pcap,6,184298,184212,0
gro-185k-v6.pcap,6,184298,184212,0
gro-185k-v6.pcap,6,100370,100284,0
gro-185k-v6.pcap,6,184298,184212,0
gro-185k-v6.pcap,6,27218,27132,27164
gro-185k-v6.pcap,6,184298,184212,0
gro-185k-v6.pcap,6,184298,184212,0
gro-185k-v6.pcap,6,184298,184212,0
gro-185k-v6.pcap,6,184298,184212,0
gro-185k-v6.pcap,6,39954,39868,39900
gro-185k-v6.pcap,6,184298,184212,0
gro-185k-v6.pcap,6,87194,87108,0
gro-185k-v6.pcap,6,184298,184212,0
gro-185k-v6.pcap,6,184298,184212,0
gro-185k-v6.pcap,6,184298,184212,0
gro-185k-v6.pcap,6,184298,184212,0
gro-185k-v6.pcap,6,163750,163664,0
gro-185k-v6.pcap,6,147170,147084,0
gro-185k-v6.pcap,6,1066,980,1012
gro-185k-v6.pcap,6,184298,184212,0
gro-185k-v6.pcap,6,184298,184212,0
gro-185k-v6.pcap,6,184298,184212,0
gro-185k-v6.pcap,6,184298,184212,0
gro-185k-v6.pcap,6,103334,103248,0
gro-185k-v6.pcap,6,184298,184212,0
gro-185k-v6.pcap,6,24354,24268,24300
gro-185k-v6.pcap,6,184298,184212,0
gro-185k-v6.pcap,6,184298,184212,0
gro-185k-v6.pcap,6,184298,184212,0
gro-185k-v6.pcap,6,184298,184212,0
gro-185k-v6.pcap,6,42918,42832,42864
gro-185k-v6.pcap,6,184298,184212,0
gro-185k-v6.pcap,6,84338,84252,0
gro-185k-v6.pcap,6,184298,184212,0
gro-185k-v6.pcap,6,184298,184212,0
gro-185k-v6.pcap,6,184298,184212,0
gro-185k-v6.pcap,6,184298,184212,0
gro-185k-v6.pcap,6,166714,166628,0
gro-185k-v6.pcap,6,144314,144228,0
gro-185k-v6.pcap,6,184298,184212,0
gro-185k-v6.pcap,6,184298,184212,0
gro-185k-v6.pcap,6,184298,184212,0
gro-185k-v6.pcap,6,184298,184212,0
gro-185k-v6.pcap,6,106298,106212,0
gro-185k-v6.pcap,6,184298,184212,0
gro-185k-v6.pcap,6,20078,19992,20024
gro-185k-v6.pcap,6,1398,1312,1344
gro-185k-v6.pcap,6,184298,184212,0
gro-185k-v6.pcap,6,184298,184212,0
gro-185k-v6.pcap,6,184298,184212,0
gro-185k-v6.pcap,6,184298,184212,0
gro-185k-v6.pcap,6,45882,45796,45828
gro-185k-v6.pcap,6,184298,184212,0
gro-185k-v6.pcap,6,81482,81396,0
gro-185k-v6.pcap,6,184298,184212,0
gro-185k-v6.pcap,6,184298,184212,0
gro-185k-v6.pcap,6,184298,184212,0
gro-185k-v6.pcap,6,184298,184212,0
gro-185k-v6.pcap,6,169678,169592,0
gro-185k-v6.pcap,6,142222,142136,0
gro-185k-v6.pcap,6,184298,184212,0
gro-185k-v6.pcap,6,184298,184212,0
gro-185k-v6.pcap,6,184298,184212,0
gro-185k-v6.pcap,6,184298,184212,0
gro-185k-v6.pcap,6,109262,109176,0
gro-185k-v6.pcap,6,184298,184212,0
gro-185k-v6.pcap,6,18426,18340,18372
gro-185k-v6.pcap,6,184298,184212,0
gro-185k-v6.pcap,6,184298,184212,0
gro-185k-v6.pcap,6,184298,184212,0
gro-185k-v6.pcap,6,184298,184212,0
gro-185k-v6.pcap,6,48846,48760,48792
gro-185k-v6.pcap,6,184298,184212,0
gro-185k-v6.pcap,6,78842,78756,0
gro-185k-v6.pcap,6,184298,184212,0
gro-185k-v6.pcap,6,184298,184212,0
gro-185k-v6.pcap,6,184298,184212,0
gro-185k-v6.pcap,6,184298,184212,0
gro-185k-v6.pcap,6,184298,184212,0
gro-185k-v6.pcap,6,127602,127516,0
gro-185k-v6.pcap,6,91478,91392,0
gro-185k-v6.pcap,6,92906,92820,0
gro-185k-v6.pcap,6,184298,184212,0
gro-185k-v6.pcap,6,184298,184212,0
gro-185k-v6.pcap,6,184298,184212,0
gro-185k-v6.pcap,6,123882,123796,0
gro-185k-v6.pcap,6,184298,184212,0
gro-185k-v6.pcap,6,2942,2856,2888
gro-185k-v6.pcap,6,184298,184212,0
gro-185k-v6.pcap,6,184298,184212,0
gro-185k-v6.pcap,6,184298,184212,0
gro-185k-v6.pcap,6,184298,184212,0
gro-185k-v6.pcap,6,63466,63380,63412
gro-185k-v6.pcap,6,184298,184212,0
gro-185k-v6.pcap,6,64222,64136,64168
gro-185k-v6.pcap,6,184298,184212,0
gro-185k-v6.pcap,6,184298,184212,0
gro-185k-v6.pcap,6,184298,184212,0
gro-185k-v6.pcap,6,184298,184212,0
gro-185k-v6.pcap,6,184298,184212,0
gro-185k-v6.pcap,6,91478,91392,0
gro-185k-v6.pcap,6,36210,36124,36156
gro-185k-v6.pcap,6,184298,184212,0
gro-185k-v6.pcap,6,184298,184212,0
gro-185k-v6.pcap,6,184298,184212,0
gro-185k-v6.pcap,6,184298,184212,0
gro-185k-v6.pcap,6,184298,184212,0
gro-185k-v6.pcap,6,127602,127516,0
gro-185k-v6.pcap,6,184298,184212,0
gro-185k-v6.pcap,6,184298,184212,0
gro-185k-v6.pcap,6,184298,184212,0
gro-185k-v6.pcap,6,184298,184212,0
gro-185k-v6.pcap,6,123882,123796,0
gro-185k-v6.pcap,6,184298,184212,0
gro-185k-v6.pcap,6,2942,2856,2888
gro-185k-v6.pcap,6,184298,184212,0
gro-185k-v6.pcap,6,184298,184212,0
gro-185k-v6.pcap,6,184298,184212,0
gro-185k-v6.pcap,6,184298,184212,0
gro-185k-v6.pcap,6,63466,63380,63412
gro-185k-v6.pcap,6,184298,184212,0
gro-185k-v6.pcap,6,62918,62832,62864
gro-185k-v6.pcap,6,1390,1304,1336
gro-185k-v6.pcap,6,184298,184212,0
gro-185k-v6.pcap,6,184298,184212,0
gro-185k-v6.pcap,6,184298,184212,0
gro-185k-v6.pcap,6,184298,184212,0
gro-185k-v6.pcap,6,184298,184212,0
gro-185k-v6.pcap,6,127602,127516,0
gro-185k-v6.pcap,6,184298,184212,0
gro-185k-v6.pcap,6,184298,184212,0
gro-185k-v6.pcap,6,184298,184212,0
gro-185k-v6.pcap,6,184298,184212,0
gro-185k-v6.pcap,6,123882,123796,0
gro-185k-v6.pcap,6,184298,184212,0
gro-185k-v6.pcap,6,3806,3720,3752
gro-185k-v6.pcap,6,184298,184212,0
gro-185k-v6.pcap,6,184298,184212,0
gro-185k-v6.pcap,6,184298,184212,0
gro-185k-v6.pcap,6,184298,184212,0
gro-185k-v6.pcap,6,63466,63380,63412
gro-185k-v6.pcap,6,184298,184212,0
gro-185k-v6.pcap,6,64222,64136,64168
gro-185k-v6.pcap,6,184298,184212,0
gro-185k-v6.pcap,6,184298,184212,0
gro-185k-v6.pcap,6,184298,184212,0
gro-185k-v6.pcap,6,182870,182784,0
gro-185k-v6.pcap,6,1514,1428,1460
gro-185k-v6.pcap,6,184298,184212,0
gro-185k-v6.pcap,6,127602,127516,0
gro-185k-v6.pcap,6,184298,184212,0
gro-185k-v6.pcap,6,184298,184212,0
gro-185k-v6.pcap,6,184298,184212,0
gro-185k-v6.pcap,6,184298,184212,0
gro-185k-v6.pcap,6,123882,123796,0
gro-185k-v6.pcap,6,184298,184212,0
gro-185k-v6.pcap,6,3806,3720,3752
gro-185k-v6.pcap,6,184298,184212,0
gro-185k-v6.pcap,6,184298,184212,0
gro-185k-v6.pcap,6,184298,184212,0
gro-185k-v6.pcap,6,184298,184212,0
gro-185k-v6.pcap,6,63466,63380,63412
gro-185k-v6.pcap,6,184298,184212,0
gro-185k-v6.pcap,6,62918,62832,62864
gro-185k-v6.pcap,6,1390,1304,1336
gro-185k-v6.pcap,6,184298,184212,0
gro-185k-v6.pcap,6,184298,184212,0
gro-185k-v6.pcap,6,184298,184212,0
gro-185k-v6.pcap,6,184298,184212,0
gro-185k-v6.pcap,6,184298,184212,0
gro-185k-v6.pcap,6,127602,127516,0
gro-185k-v6.pcap,6,184298,184212,0
gro-185k-v6.pcap,6,184298,184212,0
gro-185k-v6.pcap,6,91478,91392,0
gro-185k-v6.pcap,6,92906,92820,0
gro-185k-v6.pcap,6,184298,184212,0
gro-185k-v6.pcap,6,123882,123796,0
gro-185k-v6.pcap,6,184298,184212,0
gro-185k-v4.pcap,4,7306,7240,7292
gro-185k-v4.pcap,4,7306,7240,7292
gro-185k-v4.pcap,4,14546,14480,14532
gro-185k-v4.pcap,4,14546,14480,14532
gro-185k-v4.pcap,4,29026,28960,29012
gro-185k-v4.pcap,4,29026,28960,29012
gro-185k-v4.pcap,4,8754,8688,8740
gro-185k-v4.pcap,4,57986,57920,57972
gro-185k-v4.pcap,4,57986,57920,57972
gro-185k-v4.pcap,4,71018,70952,0
gro-185k-v4.pcap,4,115906,115840,0
gro-185k-v4.pcap,4,115906,115840,0
gro-185k-v4.pcap,4,183962,183896,0
gro-185k-v4.pcap,4,106986,106920,0
gro-185k-v4.pcap,4,183962,183896,0
gro-185k-v4.pcap,4,45410,45344,45396
gro-185k-v4.pcap,4,183962,183896,0
gro-185k-v4.pcap,4,183962,183896,0
gro-185k-v4.pcap,4,55922,55856,55908
gro-185k-v4.pcap,4,183962,183896,0
gro-185k-v4.pcap,4,183962,183896,0
gro-185k-v4.pcap,4,183962,183896,0
gro-185k-v4.pcap,4,34106,34040,34092
gro-185k-v4.pcap,4,39162,39096,39148
gro-185k-v4.pcap,4,183962,183896,0
gro-185k-v4.pcap,4,183962,183896,0
gro-185k-v4.pcap,4,183962,183896,0
gro-185k-v4.pcap,4,183962,183896,0
gro-185k-v4.pcap,4,183962,183896,0
gro-185k-v4.pcap,4,129162,129096,0
gro-185k-v4.pcap,4,183962,183896,0
gro-185k-v4.pcap,4,183962,183896,0
gro-185k-v4.pcap,4,183962,183896,0
gro-185k-v4.pcap,4,183962,183896,0
gro-185k-v4.pcap,4,183962,183896,0
gro-185k-v4.pcap,4,129162,129096,0
gro-185k-v4.pcap,4,183962,183896,0
gro-185k-v4.pcap,4,183962,183896,0
gro-185k-v4.pcap,4,183962,183896,0
gro-185k-v4.pcap,4,183962,183896,0
gro-185k-v4.pcap,4,183962,183896,0
gro-185k-v4.pcap,4,129162,129096,0
gro-185k-v4.pcap,4,183962,183896,0
gro-185k-v4.pcap,4,183962,183896,0
gro-185k-v4.pcap,4,183962,183896,0
gro-185k-v4.pcap,4,183962,183896,0
gro-185k-v4.pcap,4,183962,183896,0
gro-185k-v4.pcap,4,129162,129096,0
gro-185k-v4.pcap,4,183962,183896,0
gro-185k-v4.pcap,4,183962,183896,0
gro-185k-v4.pcap,4,183962,183896,0
gro-185k-v4.pcap,4,183962,183896,0
gro-185k-v4.pcap,4,183962,183896,0
gro-185k-v4.pcap,4,129162,129096,0
gro-185k-v4.pcap,4,183962,183896,0
gro-185k-v4.pcap,4,183962,183896,0
gro-185k-v4.pcap,4,183962,183896,0
gro-185k-v4.pcap,4,183962,183896,0
gro-185k-v4.pcap,4,183962,183896,0
gro-185k-v4.pcap,4,129162,129096,0
gro-185k-v4.pcap,4,183962,183896,0
gro-185k-v4.pcap,4,183962,183896,0
gro-185k-v4.pcap,4,183962,183896,0
gro-185k-v4.pcap,4,183962,183896,0
gro-185k-v4.pcap,4,183962,183896,0
gro-185k-v4.pcap,4,129162,129096,0
gro-185k-v4.pcap,4,183962,183896,0
gro-185k-v4.pcap,4,183962,183896,0
gro-185k-v4.pcap,4,183962,183896,0
gro-185k-v4.pcap,4,183962,183896,0
gro-185k-v4.pcap,4,183962,183896,0
gro-185k-v4.pcap,4,129162,129096,0
gro-185k-v4.pcap,4,183962,183896,0
gro-185k-v4.pcap,4,183962,183896,0
gro-185k-v4.pcap,4,183962,183896,0
gro-185k-v4.pcap,4,183962,183896,0
gro-185k-v4.pcap,4,183962,183896,0
gro-185k-v4.pcap,4,129162,129096,0
gro-185k-v4.pcap,4,183962,183896,0
gro-185k-v4.pcap,4,183962,183896,0
gro-185k-v4.pcap,4,183962,183896,0
gro-185k-v4.pcap,4,183962,183896,0
gro-185k-v4.pcap,4,183962,183896,0
gro-185k-v4.pcap,4,129162,129096,0
gro-185k-v4.pcap,4,183962,183896,0
gro-185k-v4.pcap,4,183962,183896,0
gro-185k-v4.pcap,4,183962,183896,0
gro-185k-v4.pcap,4,183962,183896,0
gro-185k-v4.pcap,4,183962,183896,0
gro-185k-v4.pcap,4,129162,129096,0
gro-185k-v4.pcap,4,183962,183896,0
gro-185k-v4.pcap,4,183962,183896,0
gro-185k-v4.pcap,4,183962,183896,0
gro-185k-v4.pcap,4,183962,183896,0
gro-185k-v4.pcap,4,183962,183896,0
gro-185k-v4.pcap,4,129162,129096,0
gro-185k-v4.pcap,4,183962,183896,0
gro-185k-v4.pcap,4,183962,183896,0
gro-185k-v4.pcap,4,183962,183896,0
gro-185k-v4.pcap,4,183962,183896,0
gro-185k-v4.pcap,4,183962,183896,0
gro-185k-v4.pcap,4,129162,129096,0
gro-185k-v4.pcap,4,183962,183896,0
gro-185k-v4.pcap,4,183962,183896,0
gro-185k-v4.pcap,4,183962,183896,0
gro-185k-v4.pcap,4,183962,183896,0
gro-185k-v4.pcap,4,183962,183896,0
gro-185k-v4.pcap,4,129162,129096,0
gro-185k-v4.pcap,4,183962,183896,0
gro-185k-v4.pcap,4,183962,183896,0
gro-185k-v4.pcap,4,183962,183896,0
gro-185k-v4.pcap,4,183962,183896,0
gro-185k-v4.pcap,4,183962,183896,0
gro-185k-v4.pcap,4,129162,129096,0
gro-185k-v4.pcap,4,183962,183896,0
gro-185k-v4.pcap,4,183962,183896,0
gro-185k-v4.pcap,4,183962,183896,0
gro-185k-v4.pcap,4,183962,183896,0
gro-185k-v4.pcap,4,183962,183896,0
gro-185k-v4.pcap,4,129162,129096,0
gro-185k-v4.pcap,4,183962,183896,0
gro-185k-v4.pcap,4,183962,183896,0
gro-185k-v4.pcap,4,183962,183896,0
gro-185k-v4.pcap,4,183962,183896,0
gro-185k-v4.pcap,4,183962,183896,0
gro-185k-v4.pcap,4,129162,129096,0
gro-185k-v4.pcap,4,183962,183896,0
gro-185k-v4.pcap,4,183962,183896,0
gro-185k-v4.pcap,4,183962,183896,0
gro-185k-v4.pcap,4,183962,183896,0
gro-185k-v4.pcap,4,183962,183896,0
gro-185k-v4.pcap,4,129162,129096,0
gro-185k-v4.pcap,4,183962,183896,0
gro-185k-v4.pcap,4,183962,183896,0
gro-185k-v4.pcap,4,183962,183896,0
gro-185k-v4.pcap,4,183962,183896,0
gro-185k-v4.pcap,4,183962,183896,0
gro-185k-v4.pcap,4,129162,129096,0
gro-185k-v4.pcap,4,183962,183896,0
gro-185k-v4.pcap,4,183962,183896,0
gro-185k-v4.pcap,4,183962,183896,0
gro-185k-v4.pcap,4,183962,183896,0
gro-185k-v4.pcap,4,183962,183896,0
gro-185k-v4.pcap,4,129162,129096,0
gro-185k-v4.pcap,4,183962,183896,0
gro-185k-v4.pcap,4,183962,183896,0
gro-185k-v4.pcap,4,183962,183896,0
gro-185k-v4.pcap,4,183962,183896,0
gro-185k-v4.pcap,4,183962,183896,0
gro-185k-v4.pcap,4,129162,129096,0
gro-185k-v4.pcap,4,183962,183896,0
gro-185k-v4.pcap,4,183962,183896,0
gro-185k-v4.pcap,4,183962,183896,0
gro-185k-v4.pcap,4,183962,183896,0
gro-185k-v4.pcap,4,183962,183896,0
gro-185k-v4.pcap,4,129162,129096,0
gro-185k-v4.pcap,4,183962,183896,0
gro-185k-v4.pcap,4,183962,183896,0
gro-185k-v4.pcap,4,183962,183896,0
gro-185k-v4.pcap,4,183962,183896,0
gro-185k-v4.pcap,4,183962,183896,0
gro-185k-v4.pcap,4,129162,129096,0
gro-185k-v4.pcap,4,183962,183896,0
gro-185k-v4.pcap,4,183962,183896,0
gro-185k-v4.pcap,4,183962,183896,0
gro-185k-v4.pcap,4,183962,183896,0
gro-185k-v4.pcap,4,183962,183896,0
gro-185k-v4.pcap,4,129162,129096,0
gro-185k-v4.pcap,4,183962,183896,0
gro-185k-v4.pcap,4,183962,183896,0
gro-185k-v4.pcap,4,183962,183896,0
gro-185k-v4.pcap,4,183962,183896,0
gro-185k-v4.pcap,4,183962,183896,0
gro-185k-v4.pcap,4,129162,129096,0
gro-185k-v4.pcap,4,183962,183896,0
gro-185k-v4.pcap,4,183962,183896,0
gro-185k-v4.pcap,4,183962,183896,0
gro-185k-v4.pcap,4,183962,183896,0
gro-185k-v4.pcap,4,183962,183896,0
gro-185k-v4.pcap,4,129162,129096,0
gro-185k-v4.pcap,4,183962,183896,0
gro-185k-v4.pcap,4,183962,183896,0
gro-185k-v4.pcap,4,183962,183896,0
gro-185k-v4.pcap,4,183962,183896,0
gro-185k-v4.pcap,4,183962,183896,0
gro-185k-v4.pcap,4,129162,129096,0
gro-185k-v4.pcap,4,183962,183896,0
gro-185k-v4.pcap,4,183962,183896,0
gro-185k-v4.pcap,4,183962,183896,0
gro-185k-v4.pcap,4,183962,183896,0
gro-185k-v4.pcap,4,183962,183896,0
gro-185k-v4.pcap,4,129162,129096,0
gro-185k-v4.pcap,4,183962,183896,0
gro-185k-v4.pcap,4,183962,183896,0
gro-185k-v4.pcap,4,183962,183896,0
gro-185k-v4.pcap,4,183962,183896,0
gro-185k-v4.pcap,4,183962,183896,0
gro-185k-v4.pcap,4,129162,129096,0
gro-185k-v4.pcap,4,183962,183896,0
gro-185k-v4.pcap,4,183962,183896,0
gro-185k-v4.pcap,4,183962,183896,0
gro-185k-v4.pcap,4,183962,183896,0
gro-185k-v4.pcap,4,183962,183896,0
gro-185k-v4.pcap,4,129162,129096,0
gro-185k-v4.pcap,4,183962,183896,0
gro-185k-v4.pcap,4,183962,183896,0
gro-185k-v4.pcap,4,183962,183896,0
gro-185k-v4.pcap,4,183962,183896,0
gro-185k-v4.pcap,4,183962,183896,0
gro-185k-v4.pcap,4,129162,129096,0
gro-185k-v4.pcap,4,183962,183896,0
gro-185k-v4.pcap,4,183962,183896,0
gro-185k-v4.pcap,4,183962,183896,0
gro-185k-v4.pcap,4,183962,183896,0
gro-185k-v4.pcap,4,183962,183896,0
gro-185k-v4.pcap,4,129162,129096,0
gro-185k-v4.pcap,4,183962,183896,0
gro-185k-v4.pcap,4,183962,183896,0
gro-185k-v4.pcap,4,183962,183896,0
gro-185k-v4.pcap,4,183962,183896,0
gro-185k-v4.pcap,4,183962,183896,0
gro-185k-v4.pcap,4,129162,129096,0
gro-185k-v4.pcap,4,183962,183896,0
gro-185k-v4.pcap,4,183962,183896,0
gro-185k-v4.pcap,4,183962,183896,0
gro-185k-v4.pcap,4,183962,183896,0
gro-185k-v4.pcap,4,183962,183896,0
gro-185k-v4.pcap,4,129162,129096,0
gro-185k-v4.pcap,4,183962,183896,0
gro-185k-v4.pcap,4,183962,183896,0
gro-185k-v4.pcap,4,183962,183896,0
gro-185k-v4.pcap,4,183962,183896,0
gro-185k-v4.pcap,4,183962,183896,0
gro-185k-v4.pcap,4,129162,129096,0
gro-185k-v4.pcap,4,183962,183896,0
gro-185k-v4.pcap,4,183962,183896,0
gro-185k-v4.pcap,4,183962,183896,0
gro-185k-v4.pcap,4,183962,183896,0
gro-185k-v4.pcap,4,183962,183896,0
gro-185k-v4.pcap,4,129162,129096,0
gro-185k-v4.pcap,4,183962,183896,0
gro-185k-v4.pcap,4,183962,183896,0
gro-185k-v4.pcap,4,183962,183896,0
gro-185k-v4.pcap,4,92738,92672,0
gro-185k-v4.pcap,4,91290,91224,0
gro-185k-v4.pcap,4,183962,183896,0
gro-185k-v4.pcap,4,129162,129096,0
gro-185k-v4.pcap,4,183962,183896,0
gro-185k-v4.pcap,4,183962,183896,0
gro-185k-v4.pcap,4,183962,183896,0
gro-185k-v4.pcap,4,183962,183896,0
gro-185k-v4.pcap,4,183962,183896,0
gro-185k-v4.pcap,4,129162,129096,0
gro-185k-v4.pcap,4,183962,183896,0
gro-185k-v4.pcap,4,183962,183896,0
gro-185k-v4.pcap,4,183962,183896,0
gro-185k-v4.pcap,4,183962,183896,0
gro-185k-v4.pcap,4,4834,4768,4820
gro-185k-v4.pcap,4,183962,183896,0
gro-185k-v4.pcap,4,124394,124328,0
gro-185k-v4.pcap,4,183962,183896,0
gro-185k-v4.pcap,4,183962,183896,0
gro-185k-v4.pcap,4,183962,183896,0
gro-185k-v4.pcap,4,74642,74576,0
gro-185k-v4.pcap,4,183962,183896,0
gro-185k-v4.pcap,4,183962,183896,0
gro-185k-v4.pcap,4,54586,54520,54572
gro-185k-v4.pcap,4,183962,183896,0
gro-185k-v4.pcap,4,183962,183896,0
gro-185k-v4.pcap,4,183962,183896,0
gro-185k-v4.pcap,4,183962,183896,0
gro-185k-v4.pcap,4,183962,183896,0
gro-185k-v4.pcap,4,129162,129096,0
gro-185k-v4.pcap,4,183962,183896,0
gro-185k-v4.pcap,4,183962,183896,0
gro-185k-v4.pcap,4,183962,183896,0
gro-185k-v4.pcap,4,101426,101360,0
gro-185k-v4.pcap,4,183962,183896,0
gro-185k-v4.pcap,4,92738,92672,0
gro-185k-v4.pcap,4,91290,91224,0
gro-185k-v4.pcap,4,27802,27736,27788
gro-185k-v4.pcap,4,183962,183896,0
gro-185k-v4.pcap,4,183962,183896,0
gro-185k-v4.pcap,4,183962,183896,0
gro-185k-v4.pcap,4,183962,183896,0
gro-185k-v4.pcap,4,72418,72352,0
gro-185k-v4.pcap,4,183962,183896,0
gro-185k-v4.pcap,4,56810,56744,56796
gro-185k-v4.pcap,4,183962,183896,0
gro-185k-v4.pcap,4,183962,183896,0
gro-185k-v4.pcap,4,183962,183896,0
gro-185k-v4.pcap,4,183962,183896,0
gro-185k-v4.pcap,4,14650,14584,14636
gro-185k-v4.pcap,4,183962,183896,0
gro-185k-v4.pcap,4,114578,114512,0
gro-185k-v4.pcap,4,183962,183896,0
gro-185k-v4.pcap,4,183962,183896,0
gro-185k-v4.pcap,4,183962,183896,0
gro-185k-v4.pcap,4,156450,156384,0
gro-185k-v4.pcap,4,183962,183896,0
gro-185k-v4.pcap,4,156674,156608,0
gro-185k-v4.pcap,4,183962,183896,0
gro-185k-v4.pcap,4,183962,183896,0
gro-185k-v4.pcap,4,183962,183896,0
gro-185k-v4.pcap,4,124282,124216,0
gro-185k-v4.pcap,4,183962,183896,0
gro-185k-v4.pcap,4,183962,183896,0
gro-185k-v4.pcap,4,4946,4880,4932
gro-185k-v4.pcap,4,183962,183896,0
gro-185k-v4.pcap,4,183962,183896,0
gro-185k-v4.pcap,4,183962,183896,0
gro-185k-v4.pcap,4,92114,92048,0
gro-185k-v4.pcap,4,183962,183896,0
gro-185k-v4.pcap,4,183962,183896,0
gro-185k-v4.pcap,4,37114,37048,37100
gro-185k-v4.pcap,4,183962,183896,0
gro-185k-v4.pcap,4,183962,183896,0
gro-185k-v4.pcap,4,183962,183896,0
gro-185k-v4.pcap,4,59946,59880,59932
gro-185k-v4.pcap,4,183962,183896,0
gro-185k-v4.pcap,4,183962,183896,0
gro-185k-v4.pcap,4,68122,68056,0
gro-185k-v4.pcap,4,1226,1160,1212
gro-185k-v4.pcap,4,183962,183896,0
gro-185k-v4.pcap,4,183962,183896,0
gro-185k-v4.pcap,4,183962,183896,0
gro-185k-v4.pcap,4,183962,183896,0
gro-185k-v4.pcap,4,100066,100000,0
gro-185k-v4.pcap,4,183962,183896,0
gro-185k-v4.pcap,4,29162,29096,29148
gro-185k-v4.pcap,4,183962,183896,0
gro-185k-v4.pcap,4,183962,183896,0
gro-185k-v4.pcap,4,183962,183896,0
gro-185k-v4.pcap,4,70970,70904,0
gro-185k-v4.pcap,4,183962,183896,0
gro-185k-v4.pcap,4,92738,92672,0
gro-185k-v4.pcap,4,91290,91224,0
gro-185k-v4.pcap,4,58258,58192,58244
gro-185k-v4.pcap,4,183962,183896,0
gro-185k-v4.pcap,4,183962,183896,0
gro-185k-v4.pcap,4,183962,183896,0
gro-185k-v4.pcap,4,183962,183896,0
gro-185k-v4.pcap,4,41874,41808,41860
gro-185k-v4.pcap,4,183962,183896,0
gro-185k-v4.pcap,4,87354,87288,0
gro-185k-v4.pcap,4,183962,183896,0
gro-185k-v4.pcap,4,183962,183896,0
gro-185k-v4.pcap,4,183962,183896,0
gro-185k-v4.pcap,4,183962,183896,0
gro-185k-v4.pcap,4,12778,12712,12764
gro-185k-v4.pcap,4,183962,183896,0
gro-185k-v4.pcap,4,116450,116384,0
gro-185k-v4.pcap,4,183962,183896,0
gro-185k-v4.pcap,4,183962,183896,0
gro-185k-v4.pcap,4,183962,183896,0
gro-185k-v4.pcap,4,180890,180824,0
gro-185k-v4.pcap,4,183962,183896,0
gro-185k-v4.pcap,4,131834,131768,0
gro-185k-v4.pcap,4,183962,183896,0
gro-185k-v4.pcap,4,183962,183896,0
gro-185k-v4.pcap,4,183962,183896,0
gro-185k-v4.pcap,4,165106,165040,0
gro-185k-v4.pcap,4,183962,183896,0
gro-185k-v4.pcap,4,148018,147952,0
gro-185k-v4.pcap,4,183962,183896,0
gro-185k-v4.pcap,4,183962,183896,0
gro-185k-v4.pcap,4,183962,183896,0
gro-185k-v4.pcap,4,152394,152328,0
gro-185k-v4.pcap,4,183962,183896,0
gro-185k-v4.pcap,4,160730,160664,0
gro-185k-v4.pcap,4,183962,183896,0
gro-185k-v4.pcap,4,183962,183896,0
gro-185k-v4.pcap,4,183962,183896,0
gro-185k-v4.pcap,4,139682,139616,0
gro-185k-v4.pcap,4,183962,183896,0
gro-185k-v4.pcap,4,173442,173376,0
gro-185k-v4.pcap,4,183962,183896,0
gro-185k-v4.pcap,4,183962,183896,0
gro-185k-v4.pcap,4,183962,183896,0
gro-185k-v4.pcap,4,126970,126904,0
gro-185k-v4.pcap,4,183962,183896,0
gro-185k-v4.pcap,4,183962,183896,0
gro-185k-v4.pcap,4,2258,2192,2244
gro-185k-v4.pcap,4,183962,183896,0
gro-185k-v4.pcap,4,183962,183896,0
gro-185k-v4.pcap,4,183962,183896,0
gro-185k-v4.pcap,4,114258,114192,0
gro-185k-v4.pcap,4,183962,183896,0
gro-185k-v4.pcap,4,183962,183896,0
gro-185k-v4.pcap,4,14546,14480,14532
gro-185k-v4.pcap,4,183962,183896,0
gro-185k-v4.pcap,4,183962,183896,0
gro-185k-v4.pcap,4,183962,183896,0
gro-185k-v4.pcap,4,101546,101480,0
gro-185k-v4.pcap,4,183962,183896,0
gro-185k-v4.pcap,4,183962,183896,0
gro-185k-v4.pcap,4,27682,27616,27668
gro-185k-v4.pcap,4,183962,183896,0
gro-185k-v4.pcap,4,183962,183896,0
gro-185k-v4.pcap,4,183962,183896,0
gro-185k-v4.pcap,4,88834,88768,0
gro-185k-v4.pcap,4,183962,183896,0
gro-185k-v4.pcap,4,183962,183896,0
gro-185k-v4.pcap,4,40394,40328,40380
gro-185k-v4.pcap,4,183962,183896,0
gro-185k-v4.pcap,4,183962,183896,0
gro-185k-v4.pcap,4,183962,183896,0
gro-185k-v4.pcap,4,76122,76056,0
gro-185k-v4.pcap,4,183962,183896,0
gro-185k-v4.pcap,4,183962,183896,0
gro-185k-v4.pcap,4,52194,52128,52180
gro-185k-v4.pcap,4,183962,183896,0
gro-185k-v4.pcap,4,183962,183896,0
gro-185k-v4.pcap,4,183962,183896,0
gro-185k-v4.pcap,4,63410,63344,63396
gro-185k-v4.pcap,4,183962,183896,0
gro-185k-v4.pcap,4,183962,183896,0
gro-185k-v4.pcap,4,65818,65752,0
gro-185k-v4.pcap,4,183962,183896,0
gro-185k-v4.pcap,4,183962,183896,0
gro-185k-v4.pcap,4,183962,183896,0
gro-185k-v4.pcap,4,50698,50632,50684
gro-185k-v4.pcap,4,183962,183896,0
gro-185k-v4.pcap,4,183962,183896,0
gro-185k-v4.pcap,4,78530,78464,0
gro-185k-v4.pcap,4,183962,183896,0
gro-185k-v4.pcap,4,183962,183896,0
gro-185k-v4.pcap,4,183962,183896,0
gro-185k-v4.pcap,4,37986,37920,37972
gro-185k-v4.pcap,4,183962,183896,0
gro-185k-v4.pcap,4,183962,183896,0
gro-185k-v4.pcap,4,91242,91176,0
gro-185k-v4.pcap,4,183962,183896,0
gro-185k-v4.pcap,4,183962,183896,0
gro-185k-v4.pcap,4,183962,183896,0
gro-185k-v4.pcap,4,183962,183896,0
gro-185k-v4.pcap,4,25274,25208,25260
gro-185k-v4.pcap,4,183962,183896,0
gro-185k-v4.pcap,4,103954,103888,0
gro-185k-v4.pcap,4,183962,183896,0
gro-185k-v4.pcap,4,183962,183896,0
gro-185k-v4.pcap,4,183962,183896,0
gro-185k-v4.pcap,4,183962,183896,0
gro-185k-v4.pcap,4,12562,12496,12548
gro-185k-v4.pcap,4,183962,183896,0
gro-185k-v4.pcap,4,116666,116600,0
gro-185k-v4.pcap,4,183962,183896,0
gro-185k-v4.pcap,4,183962,183896,0
gro-185k-v4.pcap,4,183962,183896,0
gro-185k-v4.pcap,4,183746,183680,0
gro-185k-v4.pcap,4,183962,183896,0
gro-185k-v4.pcap,4,129378,129312,0
gro-185k-v4.pcap,4,183962,183896,0
gro-185k-v4.pcap,4,183962,183896,0
gro-185k-v4.pcap,4,183962,183896,0
gro-185k-v4.pcap,4,171034,170968,0
gro-185k-v4.pcap,4,183962,183896,0
gro-185k-v4.pcap,4,142090,142024,0
gro-185k-v4.pcap,4,183962,183896,0
gro-185k-v4.pcap,4,183962,183896,0
gro-185k-v4.pcap,4,183962,183896,0
gro-185k-v4.pcap,4,158322,158256,0
gro-185k-v4.pcap,4,183962,183896,0
gro-185k-v4.pcap,4,153554,153488,0
gro-185k-v4.pcap,4,1314,1248,1300
gro-185k-v4.pcap,4,183962,183896,0
gro-185k-v4.pcap,4,183962,183896,0
gro-185k-v4.pcap,4,183962,183896,0
gro-185k-v4.pcap,4,145610,145544,0
gro-185k-v4.pcap,4,183962,183896,0
gro-185k-v4.pcap,4,167514,167448,0
gro-185k-v4.pcap,4,183962,183896,0
gro-185k-v4.pcap,4,183962,183896,0
gro-185k-v4.pcap,4,183962,183896,0
gro-185k-v4.pcap,4,135970,135904,0
gro-185k-v4.pcap,4,183962,183896,0
gro-185k-v4.pcap,4,177154,177088,0
gro-185k-v4.pcap,4,183962,183896,0
gro-185k-v4.pcap,4,183962,183896,0
gro-185k-v4.pcap,4,183962,183896,0
gro-185k-v4.pcap,4,126330,126264,0
gro-185k-v4.pcap,4,183962,183896,0
gro-185k-v4.pcap,4,183962,183896,0
gro-185k-v4.pcap,4,2898,2832,2884
gro-185k-v4.pcap,4,183962,183896,0
gro-185k-v4.pcap,4,183962,183896,0
gro-185k-v4.pcap,4,183962,183896,0
gro-185k-v4.pcap,4,116690,116624,0
gro-185k-v4.pcap,4,183962,183896,0
gro-185k-v4.pcap,4,183962,183896,0
gro-185k-v4.pcap,4,12538,12472,12524
gro-185k-v4.pcap,4,183962,183896,0
gro-185k-v4.pcap,4,183962,183896,0
gro-185k-v4.pcap,4,183962,183896,0
gro-185k-v4.pcap,4,107050,106984,0
gro-185k-v4.pcap,4,183962,183896,0
gro-185k-v4.pcap,4,183962,183896,0
gro-185k-v4.pcap,4,22178,22112,22164
gro-185k-v4.pcap,4,183962,183896,0
gro-185k-v4.pcap,4,183962,183896,0
gro-185k-v4.pcap,4,183962,183896,0
gro-185k-v4.pcap,4,97410,97344,0
gro-185k-v4.pcap,4,183962,183896,0
gro-185k-v4.pcap,4,183962,183896,0
gro-185k-v4.pcap,4,31818,31752,31804
gro-185k-v4.pcap,4,183962,183896,0
gro-185k-v4.pcap,4,183962,183896,0
gro-185k-v4.pcap,4,183962,183896,0
gro-185k-v4.pcap,4,87770,87704,0
gro-185k-v4.pcap,4,183962,183896,0
gro-185k-v4.pcap,4,183962,183896,0
gro-185k-v4.pcap,4,41458,41392,41444
gro-185k-v4.pcap,4,183962,183896,0
gro-185k-v4.pcap,4,183962,183896,0
gro-185k-v4.pcap,4,183962,183896,0
gro-185k-v4.pcap,4,78130,78064,0
gro-185k-v4.pcap,4,183962,183896,0
gro-185k-v4.pcap,4,183962,183896,0
gro-185k-v4.pcap,4,50746,50680,50732
gro-185k-v4.pcap,4,183962,183896,0
gro-185k-v4.pcap,4,183962,183896,0
gro-185k-v4.pcap,4,183962,183896,0
gro-185k-v4.pcap,4,68490,68424,0
gro-185k-v4.pcap,4,183962,183896,0
gro-185k-v4.pcap,4,183962,183896,0
gro-185k-v4.pcap,4,60738,60672,60724
gro-185k-v4.pcap,4,183962,183896,0
gro-185k-v4.pcap,4,183962,183896,0
gro-185k-v4.pcap,4,183962,183896,0
gro-185k-v4.pcap,4,61922,61856,61908
gro-185k-v4.pcap,4,183962,183896,0
gro-185k-v4.pcap,4,183962,183896,0
gro-185k-v4.pcap,4,67306,67240,0
gro-185k-v4.pcap,4,183962,183896,0
gro-185k-v4.pcap,4,183962,183896,0
gro-185k-v4.pcap,4,183962,183896,0
gro-185k-v4.pcap,4,183962,183896,0
gro-185k-v4.pcap,4,47162,47096,47148
gro-185k-v4.pcap,4,183962,183896,0
gro-185k-v4.pcap,4,81154,81088,0
gro-185k-v4.pcap,4,183962,183896,0
gro-185k-v4.pcap,4,183962,183896,0
gro-185k-v4.pcap,4,183962,183896,0
gro-185k-v4.pcap,4,183962,183896,0
gro-185k-v4.pcap,4,55090,55024,55076
gro-185k-v4.pcap,4,183962,183896,0
gro-185k-v4.pcap,4,74138,74072,0
gro-185k-v4.pcap,4,183962,183896,0
gro-185k-v4.pcap,4,183962,183896,0
gro-185k-v4.pcap,4,183962,183896,0
gro-185k-v4.pcap,4,183962,183896,0
gro-185k-v4.pcap,4,75146,75080,0
gro-185k-v4.pcap,4,183962,183896,0
gro-185k-v4.pcap,4,53642,53576,53628
gro-185k-v4.pcap,4,183962,183896,0
gro-185k-v4.pcap,4,183962,183896,0
gro-185k-v4.pcap,4,183962,183896,0
gro-185k-v4.pcap,4,95202,95136,0
gro-185k-v4.pcap,4,183962,183896,0
gro-185k-v4.pcap,4,183962,183896,0
gro-185k-v4.pcap,4,34026,33960,34012
gro-185k-v4.pcap,4,183962,183896,0
gro-185k-v4.pcap,4,183962,183896,0
gro-185k-v4.pcap,4,183962,183896,0
gro-185k-v4.pcap,4,115258,115192,0
gro-185k-v4.pcap,4,183962,183896,0
gro-185k-v4.pcap,4,183962,183896,0
gro-185k-v4.pcap,4,13970,13904,13956
gro-185k-v4.pcap,4,183962,183896,0
gro-185k-v4.pcap,4,183962,183896,0
gro-185k-v4.pcap,4,183962,183896,0
gro-185k-v4.pcap,4,135314,135248,0
gro-185k-v4.pcap,4,92738,92672,0
gro-185k-v4.pcap,4,91290,91224,0
gro-185k-v4.pcap,4,177810,177744,0
gro-185k-v4.pcap,4,183962,183896,0
gro-185k-v4.pcap,4,183962,183896,0
gro-185k-v4.pcap,4,183962,183896,0
gro-185k-v4.pcap,4,169706,169640,0
gro-185k-v4.pcap,4,183962,183896,0
gro-185k-v4.pcap,4,143418,143352,0
gro-185k-v4.pcap,4,183962,183896,0
gro-185k-v4.pcap,4,183962,183896,0
gro-185k-v4.pcap,4,183962,183896,0
gro-185k-v4.pcap,4,183962,183896,0
gro-185k-v4.pcap,4,20202,20136,20188
gro-185k-v4.pcap,4,183962,183896,0
gro-185k-v4.pcap,4,109026,108960,0
gro-185k-v4.pcap,4,183962,183896,0
gro-185k-v4.pcap,4,183962,183896,0
gro-185k-v4.pcap,4,183962,183896,0
gro-185k-v4.pcap,4,183962,183896,0
gro-185k-v4.pcap,4,71018,70952,0
gro-185k-v4.pcap,4,183962,183896,0
gro-185k-v4.pcap,4,58210,58144,58196
gro-185k-v4.pcap,4,183962,183896,0
gro-185k-v4.pcap,4,183962,183896,0
gro-185k-v4.pcap,4,183962,183896,0
gro-185k-v4.pcap,4,145346,145280,0
gro-185k-v4.pcap,4,183962,183896,0
gro-185k-v4.pcap,4,167778,167712,0
gro-185k-v4.pcap,4,183962,183896,0
gro-185k-v4.pcap,4,183962,183896,0
gro-185k-v4.pcap,4,183962,183896,0
gro-185k-v4.pcap,4,183962,183896,0
gro-185k-v4.pcap,4,35778,35712,35764
gro-185k-v4.pcap,4,183962,183896,0
gro-185k-v4.pcap,4,93450,93384,0
gro-185k-v4.pcap,4,183962,183896,0
gro-185k-v4.pcap,4,183962,183896,0
gro-185k-v4.pcap,4,183962,183896,0
gro-185k-v4.pcap,4,183962,183896,0
gro-185k-v4.pcap,4,110106,110040,0
gro-185k-v4.pcap,4,183962,183896,0
gro-185k-v4.pcap,4,18890,18824,18876
gro-185k-v4.pcap,4,183962,183896,0
gro-185k-v4.pcap,4,183962,183896,0
gro-185k-v4.pcap,4,183962,183896,0
gro-185k-v4.pcap,4,183962,183896,0
gro-185k-v4.pcap,4,183962,183896,0
gro-185k-v4.pcap,4,129162,129096,0
gro-185k-v4.pcap,4,183962,183896,0
gro-185k-v4.pcap,4,183962,183896,0
gro-185k-v4.pcap,4,183962,183896,0
gro-185k-v4.pcap,4,183962,183896,0
gro-185k-v4.pcap,4,74394,74328,0
gro-185k-v4.pcap,4,183962,183896,0
gro-185k-v4.pcap,4,54834,54768,54820
gro-185k-v4.pcap,4,183962,183896,0
gro-185k-v4.pcap,4,183962,183896,0
gro-185k-v4.pcap,4,183962,183896,0
gro-185k-v4.pcap,4,148722,148656,0
gro-185k-v4.pcap,4,183962,183896,0
gro-185k-v4.pcap,4,163690,163624,0
gro-185k-v4.pcap,4,183962,183896,0
gro-185k-v4.pcap,4,183962,183896,0
gro-185k-v4.pcap,4,183962,183896,0
gro-185k-v4.pcap,4,183962,183896,0
gro-185k-v4.pcap,4,39154,39088,39140
gro-185k-v4.pcap,4,183962,183896,0
gro-185k-v4.pcap,4,90074,90008,0
gro-185k-v4.pcap,4,183962,183896,0
gro-185k-v4.pcap,4,183962,183896,0
gro-185k-v4.pcap,4,183962,183896,0
gro-185k-v4.pcap,4,183962,183896,0
gro-185k-v4.pcap,4,116554,116488,0
gro-185k-v4.pcap,4,183962,183896,0
gro-185k-v4.pcap,4,11650,11584,11636
gro-185k-v4.pcap,4,1090,1024,1076
gro-185k-v4.pcap,4,183962,183896,0
gro-185k-v4.pcap,4,183962,183896,0
gro-185k-v4.pcap,4,183962,183896,0
gro-185k-v4.pcap,4,183962,183896,0
gro-185k-v4.pcap,4,10058,9992,10044
gro-185k-v4.pcap,4,183962,183896,0
gro-185k-v4.pcap,4,119170,119104,0
gro-185k-v4.pcap,4,183962,183896,0
gro-185k-v4.pcap,4,183962,183896,0
gro-185k-v4.pcap,4,183962,183896,0
gro-185k-v4.pcap,4,183962,183896,0
gro-185k-v4.pcap,4,98722,98656,0
gro-185k-v4.pcap,4,183962,183896,0
gro-185k-v4.pcap,4,30474,30408,30460
gro-185k-v4.pcap,4,183962,183896,0
gro-185k-v4.pcap,4,183962,183896,0
gro-185k-v4.pcap,4,183962,183896,0
gro-185k-v4.pcap,4,183962,183896,0
gro-185k-v4.pcap,4,3490,3424,3476
gro-185k-v4.pcap,4,183962,183896,0
gro-185k-v4.pcap,4,124594,124528,0
gro-185k-v4.pcap,4,1210,1144,1196
gro-185k-v4.pcap,4,183962,183896,0
gro-185k-v4.pcap,4,183962,183896,0
gro-185k-v4.pcap,4,183962,183896,0
gro-185k-v4.pcap,4,183962,183896,0
gro-185k-v4.pcap,4,98298,98232,0
gro-185k-v4.pcap,4,183962,183896,0
gro-185k-v4.pcap,4,30474,30408,30460
gro-185k-v4.pcap,4,183962,183896,0
gro-185k-v4.pcap,4,183962,183896,0
gro-185k-v4.pcap,4,183962,183896,0
gro-185k-v4.pcap,4,183962,183896,0
gro-185k-v4.pcap,4,9210,9144,9196
gro-185k-v4.pcap,4,183962,183896,0
gro-185k-v4.pcap,4,120018,119952,0
gro-185k-v4.pcap,4,183962,183896,0
gro-185k-v4.pcap,4,183962,183896,0
gro-185k-v4.pcap,4,183962,183896,0
gro-185k-v4.pcap,4,183962,183896,0
gro-185k-v4.pcap,4,104018,103952,0
gro-185k-v4.pcap,4,183962,183896,0
gro-185k-v4.pcap,4,24682,24616,24668
gro-185k-v4.pcap,4,183962,183896,0
gro-185k-v4.pcap,4,183962,183896,0
gro-185k-v4.pcap,4,183962,183896,0
gro-185k-v4.pcap,4,183962,183896,0
gro-185k-v4.pcap,4,183962,183896,0
gro-185k-v4.pcap,4,129162,129096,0
gro-185k-v4.pcap,4,183962,183896,0
gro-185k-v4.pcap,4,183962,183896,0
gro-185k-v4.pcap,4,183962,183896,0
gro-185k-v4.pcap,4,183962,183896,0
gro-185k-v4.pcap,4,95898,95832,0
gro-185k-v4.pcap,4,183962,183896,0
gro-185k-v4.pcap,4,31922,31856,31908
gro-185k-v4.pcap,4,1474,1408,1460
gro-185k-v4.pcap,4,183962,183896,0
gro-185k-v4.pcap,4,183962,183896,0
gro-185k-v4.pcap,4,183962,183896,0
gro-185k-v4.pcap,4,183962,183896,0
gro-185k-v4.pcap,4,7834,7768,7820
gro-185k-v4.pcap,4,183962,183896,0
gro-185k-v4.pcap,4,166586,166520,0
gro-185k-v4.pcap,4,183962,183896,0
gro-185k-v4.pcap,4,183962,183896,0
gro-185k-v4.pcap,4,183962,183896,0
gro-185k-v4.pcap,4,183962,183896,0
gro-185k-v4.pcap,4,17442,17376,17428
gro-185k-v4.pcap,4,137626,137560,0
gro-185k-v4.pcap,4,46402,46336,46388
gro-185k-v4.pcap,4,66594,66528,0
gro-185k-v4.pcap,4,183962,183896,0
gro-185k-v4.pcap,4,183962,183896,0
gro-185k-v4.pcap,4,183962,183896,0
gro-185k-v4.pcap,4,88394,88328,0
gro-185k-v4.pcap,4,183962,183896,0
gro-185k-v4.pcap,4,183962,183896,0
gro-185k-v4.pcap,4,40834,40768,40820
gro-185k-v4.pcap,4,183962,183896,0
gro-185k-v4.pcap,4,183962,183896,0
gro-185k-v4.pcap,4,114458,114392,0
gro-185k-v4.pcap,4,183962,183896,0
gro-185k-v4.pcap,4,183962,183896,0
gro-185k-v4.pcap,4,183962,183896,0
gro-185k-v4.pcap,4,14770,14704,14756
gro-185k-v4.pcap,4,183962,183896,0
gro-185k-v4.pcap,4,183962,183896,0
gro-185k-v4.pcap,4,141970,141904,0
gro-185k-v4.pcap,4,183962,183896,0
gro-185k-v4.pcap,4,183962,183896,0
gro-185k-v4.pcap,4,15994,15928,15980
gro-185k-v4.pcap,4,183962,183896,0
gro-185k-v4.pcap,4,175274,175208,0
gro-185k-v4.pcap,4,183962,183896,0
gro-185k-v4.pcap,4,175274,175208,0
gro-185k-v4.pcap,4,8754,8688,8740
gro-185k-v4.pcap,4,175274,175208,0
gro-185k-v4.pcap,4,8754,8688,8740
gro-185k-v4.pcap,4,157898,157832,0
gro-185k-v4.pcap,4,8754,8688,8740
gro-185k-v4.pcap,4,10202,10136,10188
gro-185k-v4.pcap,4,176722,176656,0
gro-185k-v4.pcap,4,10202,10136,10188
gro-185k-v4.pcap,4,183962,183896,0
gro-185k-v4.pcap,4,175274,175208,0
gro-185k-v4.pcap,4,183962,183896,0
gro-185k-v4.pcap,4,176722,176656,0
gro-185k-v4.pcap,4,8754,8688,8740
gro-185k-v4.pcap,4,128938,128872,0
gro-185k-v4.pcap,4,33370,33304,33356
gro-185k-v4.pcap,4,173826,173760,0
gro-185k-v4.pcap,4,2962,2896,2948
gro-185k-v4.pcap,4,8754,8688,8740
gro-185k-v4.pcap,4,128938,128872,0
gro-185k-v4.pcap,4,173826,173760,0
gro-185k-v4.pcap,4,173826,173760,0
gro-185k-v4.pcap,4,1514,1448,1500
gro-185k-v4.pcap,4,175274,175208,0
gro-185k-v4.pcap,4,175274,175208,0
gro-185k-v4.pcap,4,175274,175208,0
gro-185k-v4.pcap,4,175274,175208,0
gro-185k-v4.pcap,4,175274,175208,0
gro-185k-v4.pcap,4,175274,175208,0
gro-185k-v4.pcap,4,175274,175208,0
gro-185k-v4.pcap,4,173826,173760,0
gro-185k-v4.pcap,4,175274,175208,0
gro-185k-v4.pcap,4,173826,173760,0
gro-185k-v4.pcap,4,1514,1448,1500
gro-185k-v4.pcap,4,69570,69504,0
gro-185k-v4.pcap,4,121698,121632,0
gro-185k-v4.pcap,4,52194,52128,52180
gro-185k-v4.pcap,4,71018,70952,0
gro-185k-v4.pcap,4,123146,123080,0
gro-185k-v4.pcap,4,52194,52128,52180
gro-185k-v4.pcap,4,71018,70952,0
gro-185k-v4.pcap,4,123146,123080,0
gro-185k-v4.pcap,4,53642,53576,53628
gro-185k-v4.pcap,4,123146,123080,0
gro-185k-v4.pcap,4,71018,70952,0
gro-185k-v4.pcap,4,124594,124528,0
gro-185k-v4.pcap,4,53642,53576,53628
gro-185k-v4.pcap,4,71018,70952,0
gro-185k-v4.pcap,4,124594,124528,0
gro-185k-v4.pcap,4,55090,55024,55076
gro-185k-v4.pcap,4,124594,124528,0
gro-185k-v4.pcap,4,71018,70952,0
gro-185k-v4.pcap,4,55090,55024,55076
gro-185k-v4.pcap,4,124594,124528,0
gro-185k-v4.pcap,4,71018,70952,0
gro-185k-v4.pcap,4,124594,124528,0
gro-185k-v4.pcap,4,55090,55024,55076
gro-185k-v4.pcap,4,124594,124528,0
gro-185k-v4.pcap,4,71018,70952,0
gro-185k-v4.pcap,4,124594,124528,0
gro-185k-v4.pcap,4,55090,55024,55076
gro-185k-v4.pcap,4,71018,70952,0
gro-185k-v4.pcap,4,124594,124528,0
gro-185k-v4.pcap,4,55090,55024,55076
gro-185k-v4.pcap,4,124594,124528,0
gro-185k-v4.pcap,4,71018,70952,0
gro-185k-v4.pcap,4,110458,110392,0
gro-185k-v4.pcap,4,124594,124528,0
gro-185k-v4.pcap,4,14546,14480,14532
gro-185k-v4.pcap,4,124594,124528,0
gro-185k-v4.pcap,4,124594,124528,0
gro-185k-v4.pcap,4,1514,1448,1500
gro-185k-v4.pcap,4,124594,124528,0
gro-185k-v4.pcap,4,124594,124528,0
gro-185k-v4.pcap,4,1514,1448,1500
gro-185k-v4.pcap,4,124594,124528,0
gro-185k-v4.pcap,4,124594,124528,0
gro-185k-v4.pcap,4,1514,1448,1500
gro-185k-v4.pcap,4,124594,124528,0
gro-185k-v4.pcap,4,33594,33528,33580
gro-185k-v4.pcap,4,91290,91224,0
gro-185k-v4.pcap,4,124594,124528,0
gro-185k-v4.pcap,4,124594,124528,0
gro-185k-v4.pcap,4,1514,1448,1500
gro-185k-v4.pcap,4,124594,124528,0
gro-185k-v4.pcap,4,124594,124528,0
gro-185k-v4.pcap,4,1514,1448,1500
gro-185k-v4.pcap,4,124594,124528,0
gro-185k-v4.pcap,4,124594,124528,0
gro-185k-v4.pcap,4,1514,1448,1500
gro-185k-v4.pcap,4,124594,124528,0
gro-185k-v4.pcap,4,81378,81312,0
gro-185k-v4.pcap,4,124594,124528,0
gro-185k-v4.pcap,4,43506,43440,43492
gro-185k-v4.pcap,4,124594,124528,0
gro-185k-v4.pcap,4,124594,124528,0
gro-185k-v4.pcap,4,1514,1448,1500
gro-185k-v4.pcap,4,124594,124528,0
gro-185k-v4.pcap,4,124594,124528,0
gro-185k-v4.pcap,4,1514,1448,1500
gro-185k-v4.pcap,4,124594,124528,0
gro-185k-v4.pcap,4,124594,124528,0
gro-185k-v4.pcap,4,1514,1448,1500
gro-185k-v4.pcap,4,124594,124528,0
gro-185k-v4.pcap,4,4634,4568,4620
gro-185k-v4.pcap,4,120250,120184,0
gro-185k-v4.pcap,4,124594,124528,0
gro-185k-v4.pcap,4,124594,124528,0
gro-185k-v4.pcap,4,1514,1448,1500
gro-185k-v4.pcap,4,124594,124528,0
gro-185k-v4.pcap,4,124594,124528,0
gro-185k-v4.pcap,4,1514,1448,1500
gro-185k-v4.pcap,4,124594,124528,0
gro-185k-v4.pcap,4,124594,124528,0
gro-185k-v4.pcap,4,1514,1448,1500
gro-185k-v4.pcap,4,124594,124528,0
gro-185k-v4.pcap,4,52418,52352,52404
gro-185k-v4.pcap,4,124594,124528,0
gro-185k-v4.pcap,4,72466,72400,0
gro-185k-v4.pcap,4,124594,124528,0
gro-185k-v4.pcap,4,124594,124528,0
gro-185k-v4.pcap,4,1514,1448,1500
gro-185k-v4.pcap,4,124594,124528,0
gro-185k-v4.pcap,4,124594,124528,0
gro-185k-v4.pcap,4,1514,1448,1500
gro-185k-v4.pcap,4,124594,124528,0
gro-185k-v4.pcap,4,124594,124528,0
gro-185k-v4.pcap,4,1514,1448,1500
gro-185k-v4.pcap,4,100202,100136,0
gro-185k-v4.pcap,4,124594,124528,0
gro-185k-v4.pcap,4,24682,24616,24668
gro-185k-v4.pcap,4,124594,124528,0
gro-185k-v4.pcap,4,124594,124528,0
gro-185k-v4.pcap,4,1514,1448,1500
gro-185k-v4.pcap,4,124594,124528,0
gro-185k-v4.pcap,4,124594,124528,0
gro-185k-v4.pcap,4,1514,1448,1500
gro-185k-v4.pcap,4,124594,124528,0
gro-185k-v4.pcap,4,124594,124528,0
gro-185k-v4.pcap,4,1514,1448,1500
gro-185k-v4.pcap,4,124594,124528,0
gro-185k-v4.pcap,4,23458,23392,23444
gro-185k-v4.pcap,4,101426,101360,0
gro-185k-v4.pcap,4,124594,124528,0
gro-185k-v4.pcap,4,124594,124528,0
gro-185k-v4.pcap,4,1514,1448,1500
gro-185k-v4.pcap,4,124594,124528,0
gro-185k-v4.pcap,4,124594,124528,0
gro-185k-v4.pcap,4,1514,1448,1500
gro-185k-v4.pcap,4,124594,124528,0
gro-185k-v4.pcap,4,124594,124528,0
gro-185k-v4.pcap,4,1514,1448,1500
gro-185k-v4.pcap,4,124594,124528,0
gro-185k-v4.pcap,4,124594,124528,0
gro-185k-v4.pcap,4,1514,1448,1500
gro-185k-v4.pcap,4,124594,124528,0
gro-185k-v4.pcap,4,124594,124528,0
gro-185k-v4.pcap,4,1514,1448,1500
gro-185k-v4.pcap,4,124594,124528,0
gro-185k-v4.pcap,4,124594,124528,0
gro-185k-v4.pcap,4,1514,1448,1500
gro-185k-v4.pcap,4,124594,124528,0
gro-185k-v4.pcap,4,124594,124528,0
gro-185k-v4.pcap,4,1514,1448,1500
gro-185k-v4.pcap,4,124594,124528,0
gro-185k-v4.pcap,4,124594,124528,0
gro-185k-v4.pcap,4,1514,1448,1500
gro-185k-v4.pcap,4,124594,124528,0
gro-185k-v4.pcap,4,124594,124528,0
gro-185k-v4.pcap,4,1514,1448,1500
gro-185k-v4.pcap,4,124594,124528,0
gro-185k-v4.pcap,4,124594,124528,0
gro-185k-v4.pcap,4,1514,1448,1500
gro-185k-v4.pcap,4,124594,124528,0
gro-185k-v4.pcap,4,124594,124528,0
gro-185k-v4.pcap,4,1514,1448,1500
gro-185k-v4.pcap,4,124594,124528,0
gro-185k-v4.pcap,4,124594,124528,0
gro-185k-v4.pcap,4,1514,1448,1500
gro-185k-v4.pcap,4,124594,124528,0
gro-185k-v4.pcap,4,124594,124528,0
gro-185k-v4.pcap,4,1514,1448,1500
gro-185k-v4.pcap,4,124594,124528,0
gro-185k-v4.pcap,4,124594,124528,0
gro-185k-v4.pcap,4,124594,124528,0
gro-185k-v4.pcap,4,124594,124528,0
gro-185k-v4.pcap,4,1514,1448,1500
gro-185k-v4.pcap,4,124594,124528,0
gro-185k-v4.pcap,4,124594,124528,0
gro-185k-v4.pcap,4,1514,1448,1500
gro-185k-v4.pcap,4,86394,86328,0
gro-185k-v4.pcap,4,124594,124528,0
gro-185k-v4.pcap,4,39162,39096,39148
gro-185k-v4.pcap,4,124594,124528,0
gro-185k-v4.pcap,4,124594,124528,0
gro-185k-v4.pcap,4,1514,1448,1500
gro-185k-v4.pcap,4,124594,124528,0
gro-185k-v4.pcap,4,124594,124528,0
gro-185k-v4.pcap,4,1514,1448,1500
gro-185k-v4.pcap,4,124594,124528,0
gro-185k-v4.pcap,4,124594,124528,0
gro-185k-v4.pcap,4,1514,1448,1500
gro-185k-v4.pcap,4,124594,124528,0
gro-185k-v4.pcap,4,8978,8912,8964
gro-185k-v4.pcap,4,115906,115840,0
gro-185k-v4.pcap,4,124594,124528,0
gro-185k-v4.pcap,4,124594,124528,0
gro-185k-v4.pcap,4,1514,1448,1500
gro-185k-v4.pcap,4,124594,124528,0
gro-185k-v4.pcap,4,124594,124528,0
gro-185k-v4.pcap,4,1514,1448,1500
gro-185k-v4.pcap,4,124594,124528,0
gro-185k-v4.pcap,4,124594,124528,0
gro-185k-v4.pcap,4,1514,1448,1500
gro-185k-v4.pcap,4,124594,124528,0
gro-185k-v4.pcap,4,124594,124528,0
gro-185k-v4.pcap,4,124594,124528,0
gro-185k-v4.pcap,4,1514,1448,1500
gro-185k-v4.pcap,4,124594,124528,0
gro-185k-v4.pcap,4,124594,124528,0
gro-185k-v4.pcap,4,1514,1448,1500
gro-185k-v4.pcap,4,124594,124528,0
gro-185k-v4.pcap,4,124594,124528,0
gro-185k-v4.pcap,4,1514,1448,1500
gro-185k-v4.pcap,4,124594,124528,0
gro-185k-v4.pcap,4,124594,124528,0
gro-185k-v4.pcap,4,1514,1448,1500
gro-185k-v4.pcap,4,103322,103256,0
gro-185k-v4.pcap,4,124594,124528,0
gro-185k-v4.pcap,4,21786,21720,21772
gro-185k-v4.pcap,4,124594,124528,0
gro-185k-v4.pcap,4,124594,124528,0
gro-185k-v4.pcap,4,1514,1448,1500
gro-185k-v4.pcap,4,124594,124528,0
gro-185k-v4.pcap,4,124594,124528,0
gro-185k-v4.pcap,4,1514,1448,1500
gro-185k-v4.pcap,4,124594,124528,0
gro-185k-v4.pcap,4,124594,124528,0
gro-185k-v4.pcap,4,1514,1448,1500
gro-185k-v4.pcap,4,124594,124528,0
gro-185k-v4.pcap,4,26354,26288,26340
gro-185k-v4.pcap,4,98530,98464,0
gro-185k-v4.pcap,4,124594,124528,0
gro-185k-v4.pcap,4,124594,124528,0
gro-185k-v4.pcap,4,1514,1448,1500
gro-185k-v4.pcap,4,124594,124528,0
gro-185k-v4.pcap,4,124594,124528,0
gro-185k-v4.pcap,4,1514,1448,1500
gro-185k-v4.pcap,4,124594,124528,0
gro-185k-v4.pcap,4,124594,124528,0
gro-185k-v4.pcap,4,1514,1448,1500
gro-185k-v4.pcap,4,124594,124528,0
gro-185k-v4.pcap,4,74138,74072,0
gro-185k-v4.pcap,4,124594,124528,0
gro-185k-v4.pcap,4,50746,50680,50732
gro-185k-v4.pcap,4,124594,124528,0
gro-185k-10mbit-v6.pcap,6,7226,7140,7172
gro-185k-10mbit-v6.pcap,6,7226,7140,7172
gro-185k-10mbit-v6.pcap,6,14366,14280,14312
gro-185k-10mbit-v6.pcap,6,14366,14280,14312
gro-185k-10mbit-v6.pcap,6,1514,1428,1460
gro-185k-10mbit-v6.pcap,6,1514,1428,1460
gro-185k-10mbit-v6.pcap,6,1514,1428,1460
gro-185k-10mbit-v6.pcap,6,1514,1428,1460
gro-185k-10mbit-v6.pcap,6,1514,1428,1460
gro-185k-10mbit-v6.pcap,6,1514,1428,1460
gro-185k-10mbit-v6.pcap,6,1514,1428,1460
gro-185k-10mbit-v6.pcap,6,1514,1428,1460
gro-185k-10mbit-v6.pcap,6,1514,1428,1460
gro-185k-10mbit-v6.pcap,6,1514,1428,1460
gro-185k-10mbit-v6.pcap,6,1514,1428,1460
gro-185k-10mbit-v6.pcap,6,1514,1428,1460
gro-185k-10mbit-v6.pcap,6,1514,1428,1460
gro-185k-10mbit-v6.pcap,6,1514,1428,1460
gro-185k-10mbit-v6.pcap,6,1514,1428,1460
gro-185k-10mbit-v6.pcap,6,1514,1428,1460
gro-185k-10mbit-v6.pcap,6,1514,1428,1460
gro-185k-10mbit-v6.pcap,6,1514,1428,1460
gro-185k-10mbit-v6.pcap,6,1514,1428,1460
gro-185k-10mbit-v6.pcap,6,1514,1428,1460
gro-185k-10mbit-v6.pcap,6,1514,1428,1460
gro-185k-10mbit-v6.pcap,6,1514,1428,1460
gro-185k-10mbit-v6.pcap,6,1514,1428,1460
gro-185k-10mbit-v6.pcap,6,1514,1428,1460
gro-185k-10mbit-v6.pcap,6,1514,1428,1460
gro-185k-10mbit-v6.pcap,6,1514,1428,1460
gro-185k-10mbit-v6.pcap,6,1514,1428,1460
gro-185k-10mbit-v6.pcap,6,1514,1428,1460
gro-185k-10mbit-v6.pcap,6,1514,1428,1460
gro-185k-10mbit-v6.pcap,6,1514,1428,1460
gro-185k-10mbit-v6.pcap,6,1514,1428,1460
gro-185k-10mbit-v6.pcap,6,1514,1428,1460
gro-185k-10mbit-v6.pcap,6,1514,1428,1460
gro-185k-10mbit-v6.pcap,6,1514,1428,1460
gro-185k-10mbit-v6.pcap,6,1514,1428,1460
gro-185k-10mbit-v6.pcap,6,1514,1428,1460
gro-185k-10mbit-v6.pcap,6,1514,1428,1460
gro-185k-10mbit-v6.pcap,6,1514,1428,1460
gro-185k-10mbit-v6.pcap,6,1514,1428,1460
gro-185k-10mbit-v6.pcap,6,1514,1428,1460
gro-185k-10mbit-v6.pcap,6,1514,1428,1460
gro-185k-10mbit-v6.pcap,6,1514,1428,1460
gro-185k-10mbit-v6.pcap,6,1514,1428,1460
gro-185k-10mbit-v6.pcap,6,1514,1428,1460
gro-185k-10mbit-v6.pcap,6,1514,1428,1460
gro-185k-10mbit-v6.pcap,6,1514,1428,1460
gro-185k-10mbit-v6.pcap,6,1514,1428,1460
gro-185k-10mbit-v6.pcap,6,1514,1428,1460
gro-185k-10mbit-v6.pcap,6,1514,1428,1460
gro-185k-10mbit-v6.pcap,6,1514,1428,1460
gro-185k-10mbit-v6.pcap,6,1514,1428,1460
gro-185k-10mbit-v6.pcap,6,1514,1428,1460
gro-185k-10mbit-v6.pcap,6,1514,1428,1460
gro-185k-10mbit-v6.pcap,6,1514,1428,1460
gro-185k-10mbit-v6.pcap,6,1514,1428,1460
gro-185k-10mbit-v6.pcap,6,1514,1428,1460
gro-185k-10mbit-v6.pcap,6,1514,1428,1460
gro-185k-10mbit-v6.pcap,6,1514,1428,1460
gro-185k-10mbit-v6.pcap,6,1514,1428,1460
gro-185k-10mbit-v6.pcap,6,1514,1428,1460
gro-185k-10mbit-v6.pcap,6,1514,1428,1460
gro-185k-10mbit-v6.pcap,6,1514,1428,1460
gro-185k-10mbit-v6.pcap,6,1514,1428,1460
gro-185k-10mbit-v6.pcap,6,1514,1428,1460
gro-185k-10mbit-v6.pcap,6,1514,1428,1460
gro-185k-10mbit-v6.pcap,6,1514,1428,1460
gro-185k-10mbit-v6.pcap,6,1514,1428,1460
gro-185k-10mbit-v6.pcap,6,1514,1428,1460
gro-185k-10mbit-v6.pcap,6,1514,1428,1460
gro-185k-10mbit-v6.pcap,6,1514,1428,1460
gro-185k-10mbit-v6.pcap,6,1514,1428,1460
gro-185k-10mbit-v6.pcap,6,1514,1428,1460
gro-185k-10mbit-v6.pcap,6,1514,1428,1460
gro-185k-10mbit-v6.pcap,6,1514,1428,1460
gro-185k-10mbit-v6.pcap,6,1514,1428,1460
gro-185k-10mbit-v6.pcap,6,1514,1428,1460
gro-185k-10mbit-v6.pcap,6,1514,1428,1460
gro-185k-10mbit-v6.pcap,6,1514,1428,1460
gro-185k-10mbit-v6.pcap,6,1514,1428,1460
gro-185k-10mbit-v6.pcap,6,1514,1428,1460
gro-185k-10mbit-v6.pcap,6,1514,1428,1460
gro-185k-10mbit-v6.pcap,6,1514,1428,1460
gro-185k-10mbit-v6.pcap,6,1514,1428,1460
gro-185k-10mbit-v6.pcap,6,1514,1428,1460
gro-185k-10mbit-v6.pcap,6,1514,1428,1460
gro-185k-10mbit-v6.pcap,6,1514,1428,1460
gro-185k-10mbit-v6.pcap,6,1514,1428,1460
gro-185k-10mbit-v6.pcap,6,1514,1428,1460
gro-185k-10mbit-v6.pcap,6,1514,1428,1460
gro-185k-10mbit-v6.pcap,6,1514,1428,1460
gro-185k-10mbit-v6.pcap,6,1514,1428,1460
gro-185k-10mbit-v6.pcap,6,1514,1428,1460
gro-185k-10mbit-v6.pcap,6,1514,1428,1460
gro-185k-10mbit-v6.pcap,6,1514,1428,1460
gro-185k-10mbit-v6.pcap,6,1514,1428,1460
gro-185k-10mbit-v6.pcap,6,1514,1428,1460
gro-185k-10mbit-v6.pcap,6,1514,1428,1460
gro-185k-10mbit-v6.pcap,6,1514,1428,1460
gro-185k-10mbit-v6.pcap,6,1514,1428,1460
gro-185k-10mbit-v6.pcap,6,1514,1428,1460
gro-185k-10mbit-v6.pcap,6,1514,1428,1460
gro-185k-10mbit-v6.pcap,6,1514,1428,1460
gro-185k-10mbit-v6.pcap,6,1514,1428,1460
gro-185k-10mbit-v6.pcap,6,1514,1428,1460
gro-185k-10mbit-v6.pcap,6,1514,1428,1460
gro-185k-10mbit-v6.pcap,6,1514,1428,1460
gro-185k-10mbit-v6.pcap,6,1514,1428,1460
gro-185k-10mbit-v6.pcap,6,1514,1428,1460
gro-185k-10mbit-v6.pcap,6,1514,1428,1460
gro-185k-10mbit-v6.pcap,6,1514,1428,1460
gro-185k-10mbit-v6.pcap,6,1514,1428,1460
gro-185k-10mbit-v6.pcap,6,1514,1428,1460
gro-185k-10mbit-v6.pcap,6,1514,1428,1460
gro-185k-10mbit-v6.pcap,6,1514,1428,1460
gro-185k-10mbit-v6.pcap,6,1514,1428,1460
gro-185k-10mbit-v6.pcap,6,1514,1428,1460
gro-185k-10mbit-v6.pcap,6,1514,1428,1460
gro-185k-10mbit-v6.pcap,6,1514,1428,1460
gro-185k-10mbit-v6.pcap,6,1514,1428,1460
gro-185k-10mbit-v6.pcap,6,1514,1428,1460
gro-185k-10mbit-v6.pcap,6,1514,1428,1460
gro-185k-10mbit-v6.pcap,6,1514,1428,1460
gro-185k-10mbit-v6.pcap,6,1514,1428,1460
gro-185k-10mbit-v6.pcap,6,1514,1428,1460
gro-185k-10mbit-v6.pcap,6,1514,1428,1460
gro-185k-10mbit-v6.pcap,6,1514,1428,1460
gro-185k-10mbit-v6.pcap,6,1514,1428,1460
gro-185k-10mbit-v6.pcap,6,1514,1428,1460
gro-185k-10mbit-v6.pcap,6,1514,1428,1460
gro-185k-10mbit-v6.pcap,6,1514,1428,1460
gro-185k-10mbit-v6.pcap,6,1514,1428,1460
gro-185k-10mbit-v6.pcap,6,1514,1428,1460
gro-185k-10mbit-v6.pcap,6,1514,1428,1460
gro-185k-10mbit-v6.pcap,6,1514,1428,1460
gro-185k-10mbit-v6.pcap,6,1514,1428,1460
gro-185k-10mbit-v6.pcap,6,1514,1428,1460
gro-185k-10mbit-v6.pcap,6,1514,1428,1460
gro-185k-10mbit-v6.pcap,6,1514,1428,1460
gro-185k-10mbit-v6.pcap,6,1514,1428,1460
gro-185k-10mbit-v6.pcap,6,1514,1428,1460
gro-185k-10mbit-v6.pcap,6,1514,1428,1460
gro-185k-10mbit-v6.pcap,6,1514,1428,1460
gro-185k-10mbit-v6.pcap,6,1514,1428,1460
gro-185k-10mbit-v6.pcap,6,1514,1428,1460
gro-185k-10mbit-v6.pcap,6,1514,1428,1460
gro-185k-10mbit-v6.pcap,6,1514,1428,1460
gro-185k-10mbit-v6.pcap,6,1514,1428,1460
gro-185k-10mbit-v6.pcap,6,1514,1428,1460
gro-185k-10mbit-v6.pcap,6,1514,1428,1460
gro-185k-10mbit-v6.pcap,6,1514,1428,1460
gro-185k-10mbit-v6.pcap,6,1514,1428,1460
gro-185k-10mbit-v6.pcap,6,1514,1428,1460
gro-185k-10mbit-v6.pcap,6,1514,1428,1460
gro-185k-10mbit-v6.pcap,6,1514,1428,1460
gro-185k-10mbit-v6.pcap,6,1514,1428,1460
gro-185k-10mbit-v6.pcap,6,1514,1428,1460
gro-185k-10mbit-v6.pcap,6,1514,1428,1460
gro-185k-10mbit-v6.pcap,6,1514,1428,1460
gro-185k-10mbit-v6.pcap,6,1514,1428,1460
gro-185k-10mbit-v6.pcap,6,1514,1428,1460
gro-185k-10mbit-v6.pcap,6,1514,1428,1460
gro-185k-10mbit-v6.pcap,6,1514,1428,1460
gro-185k-10mbit-v6.pcap,6,1514,1428,1460
gro-185k-10mbit-v6.pcap,6,1514,1428,1460
gro-185k-10mbit-v6.pcap,6,1514,1428,1460
gro-185k-10mbit-v6.pcap,6,1514,1428,1460
gro-185k-10mbit-v6.pcap,6,1514,1428,1460
gro-185k-10mbit-v6.pcap,6,1514,1428,1460
gro-185k-10mbit-v6.pcap,6,1514,1428,1460
gro-185k-10mbit-v6.pcap,6,1514,1428,1460
gro-185k-10mbit-v6.pcap,6,1514,1428,1460
gro-185k-10mbit-v6.pcap,6,1514,1428,1460
gro-185k-10mbit-v6.pcap,6,1514,1428,1460
gro-185k-10mbit-v6.pcap,6,1514,1428,1460
gro-185k-10mbit-v6.pcap,6,1514,1428,1460
gro-185k-10mbit-v6.pcap,6,1514,1428,1460
gro-185k-10mbit-v6.pcap,6,1514,1428,1460
gro-185k-10mbit-v6.pcap,6,1514,1428,1460
gro-185k-10mbit-v6.pcap,6,1514,1428,1460
gro-185k-10mbit-v6.pcap,6,1514,1428,1460
gro-185k-10mbit-v6.pcap,6,1514,1428,1460
gro-185k-10mbit-v6.pcap,6,1514,1428,1460
gro-185k-10mbit-v6.pcap,6,1514,1428,1460
gro-185k-10mbit-v6.pcap,6,1514,1428,1460
gro-185k-10mbit-v6.pcap,6,1514,1428,1460
gro-185k-10mbit-v6.pcap,6,1514,1428,1460
gro-185k-10mbit-v6.pcap,6,1514,1428,1460
gro-185k-10mbit-v6.pcap,6,1514,1428,1460
gro-185k-10mbit-v6.pcap,6,1514,1428,1460
gro-185k-10mbit-v6.pcap,6,1514,1428,1460
gro-185k-10mbit-v6.pcap,6,1514,1428,1460
gro-185k-10mbit-v6.pcap,6,1514,1428,1460
gro-185k-10mbit-v6.pcap,6,1514,1428,1460
gro-185k-10mbit-v6.pcap,6,1514,1428,1460
gro-185k-10mbit-v6.pcap,6,1514,1428,1460
gro-185k-10mbit-v6.pcap,6,1514,1428,1460
gro-185k-10mbit-v6.pcap,6,1514,1428,1460
gro-185k-10mbit-v6.pcap,6,1514,1428,1460
gro-185k-10mbit-v6.pcap,6,1514,1428,1460
gro-185k-10mbit-v6.pcap,6,1514,1428,1460
gro-185k-10mbit-v6.pcap,6,1514,1428,1460
gro-185k-10mbit-v6.pcap,6,1514,1428,1460
gro-185k-10mbit-v6.pcap,6,1514,1428,1460
gro-185k-10mbit-v6.pcap,6,1514,1428,1460
gro-185k-10mbit-v6.pcap,6,1514,1428,1460
gro-185k-10mbit-v6.pcap,6,1514,1428,1460
gro-185k-10mbit-v6.pcap,6,1514,1428,1460
gro-185k-10mbit-v6.pcap,6,1514,1428,1460
gro-185k-10mbit-v6.pcap,6,1514,1428,1460
gro-185k-10mbit-v6.pcap,6,1514,1428,1460
gro-185k-10mbit-v6.pcap,6,1514,1428,1460
gro-185k-10mbit-v6.pcap,6,1514,1428,1460
gro-185k-10mbit-v6.pcap,6,1514,1428,1460
gro-185k-10mbit-v6.pcap,6,1514,1428,1460
gro-185k-10mbit-v6.pcap,6,1514,1428,1460
gro-185k-10mbit-v6.pcap,6,1514,1428,1460
gro-185k-10mbit-v6.pcap,6,1514,1428,1460
gro-185k-10mbit-v6.pcap,6,1514,1428,1460
gro-185k-10mbit-v6.pcap,6,1514,1428,1460
gro-185k-10mbit-v6.pcap,6,1514,1428,1460
gro-185k-10mbit-v6.pcap,6,1514,1428,1460
gro-185k-10mbit-v6.pcap,6,1514,1428,1460
gro-185k-10mbit-v6.pcap,6,1514,1428,1460
gro-185k-10mbit-v6.pcap,6,1514,1428,1460
gro-185k-10mbit-v6.pcap,6,1514,1428,1460
gro-185k-10mbit-v6.pcap,6,1514,1428,1460
gro-185k-10mbit-v6.pcap,6,1514,1428,1460
gro-185k-10mbit-v6.pcap,6,1514,1428,1460
gro-185k-10mbit-v6.pcap,6,1514,1428,1460
gro-185k-10mbit-v6.pcap,6,1514,1428,1460
gro-185k-10mbit-v6.pcap,6,1514,1428,1460
gro-185k-10mbit-v6.pcap,6,1514,1428,1460
gro-185k-10mbit-v6.pcap,6,1514,1428,1460
gro-185k-10mbit-v6.pcap,6,1514,1428,1460
gro-185k-10mbit-v6.pcap,6,1514,1428,1460
gro-185k-10mbit-v6.pcap,6,1514,1428,1460
gro-185k-10mbit-v6.pcap,6,1514,1428,1460
gro-185k-10mbit-v6.pcap,6,1514,1428,1460
gro-185k-10mbit-v6.pcap,6,1514,1428,1460
gro-185k-10mbit-v6.pcap,6,1514,1428,1460
gro-185k-10mbit-v6.pcap,6,1514,1428,1460
gro-185k-10mbit-v6.pcap,6,1514,1428,1460
gro-185k-10mbit-v6.pcap,6,1514,1428,1460
gro-185k-10mbit-v6.pcap,6,1514,1428,1460
gro-185k-10mbit-v6.pcap,6,1514,1428,1460
gro-185k-10mbit-v6.pcap,6,1514,1428,1460
gro-185k-10mbit-v6.pcap,6,1514,1428,1460
gro-185k-10mbit-v6.pcap,6,1514,1428,1460
gro-185k-10mbit-v6.pcap,6,1514,1428,1460
gro-185k-10mbit-v6.pcap,6,1514,1428,1460
gro-185k-10mbit-v6.pcap,6,1514,1428,1460
gro-185k-10mbit-v6.pcap,6,1514,1428,1460
gro-185k-10mbit-v6.pcap,6,1514,1428,1460
gro-185k-10mbit-v6.pcap,6,1514,1428,1460
gro-185k-10mbit-v6.pcap,6,1514,1428,1460
gro-185k-10mbit-v6.pcap,6,1514,1428,1460
gro-185k-10mbit-v6.pcap,6,1514,1428,1460
gro-185k-10mbit-v6.pcap,6,1514,1428,1460
gro-185k-10mbit-v6.pcap,6,1514,1428,1460
gro-185k-10mbit-v6.pcap,6,1514,1428,1460
gro-185k-10mbit-v6.pcap,6,1514,1428,1460
gro-185k-10mbit-v6.pcap,6,1514,1428,1460
gro-185k-10mbit-v6.pcap,6,1514,1428,1460
gro-185k-10mbit-v6.pcap,6,1514,1428,1460
gro-185k-10mbit-v6.pcap,6,1514,1428,1460
gro-185k-10mbit-v6.pcap,6,1514,1428,1460
gro-185k-10mbit-v6.pcap,6,1514,1428,1460
gro-185k-10mbit-v6.pcap,6,1514,1428,1460
gro-185k-10mbit-v6.pcap,6,1514,1428,1460
gro-185k-10mbit-v6.pcap,6,1514,1428,1460
gro-185k-10mbit-v6.pcap,6,1514,1428,1460
gro-185k-10mbit-v6.pcap,6,1514,1428,1460
gro-185k-10mbit-v6.pcap,6,1514,1428,1460
gro-185k-10mbit-v6.pcap,6,1514,1428,1460
gro-185k-10mbit-v6.pcap,6,1514,1428,1460
gro-185k-10mbit-v6.pcap,6,1514,1428,1460
gro-185k-10mbit-v6.pcap,6,1514,1428,1460
gro-185k-10mbit-v6.pcap,6,1514,1428,1460
gro-185k-10mbit-v6.pcap,6,1514,1428,1460
gro-185k-10mbit-v6.pcap,6,1514,1428,1460
gro-185k-10mbit-v6.pcap,6,1514,1428,1460
gro-185k-10mbit-v6.pcap,6,1514,1428,1460
gro-185k-10mbit-v6.pcap,6,1514,1428,1460
gro-185k-10mbit-v6.pcap,6,1514,1428,1460
gro-185k-10mbit-v6.pcap,6,1514,1428,1460
gro-185k-10mbit-v6.pcap,6,1514,1428,1460
gro-185k-10mbit-v6.pcap,6,1514,1428,1460
gro-185k-10mbit-v6.pcap,6,1514,1428,1460
gro-185k-10mbit-v6.pcap,6,1514,1428,1460
gro-185k-10mbit-v6.pcap,6,1514,1428,1460
gro-185k-10mbit-v6.pcap,6,1514,1428,1460
gro-185k-10mbit-v6.pcap,6,1514,1428,1460
gro-185k-10mbit-v6.pcap,6,1514,1428,1460
gro-185k-10mbit-v6.pcap,6,1514,1428,1460
gro-185k-10mbit-v6.pcap,6,1514,1428,1460
gro-185k-10mbit-v6.pcap,6,1514,1428,1460
gro-185k-10mbit-v6.pcap,6,1514,1428,1460
gro-185k-10mbit-v6.pcap,6,1514,1428,1460
gro-185k-10mbit-v6.pcap,6,1514,1428,1460
gro-185k-10mbit-v6.pcap,6,1514,1428,1460
gro-185k-10mbit-v6.pcap,6,1514,1428,1460
gro-185k-10mbit-v6.pcap,6,1514,1428,1460
gro-185k-10mbit-v6.pcap,6,1514,1428,1460
gro-185k-10mbit-v6.pcap,6,1514,1428,1460
gro-185k-10mbit-v6.pcap,6,1514,1428,1460
gro-185k-10mbit-v6.pcap,6,1514,1428,1460
gro-185k-10mbit-v6.pcap,6,1514,1428,1460
gro-185k-10mbit-v6.pcap,6,1514,1428,1460
gro-185k-10mbit-v6.pcap,6,1514,1428,1460
gro-185k-10mbit-v6.pcap,6,1514,1428,1460
gro-185k-10mbit-v6.pcap,6,1514,1428,1460
gro-185k-10mbit-v6.pcap,6,1514,1428,1460
gro-185k-10mbit-v6.pcap,6,1514,1428,1460
gro-185k-10mbit-v6.pcap,6,1514,1428,1460
gro-185k-10mbit-v6.pcap,6,1514,1428,1460
gro-185k-10mbit-v6.pcap,6,1514,1428,1460
gro-185k-10mbit-v6.pcap,6,1514,1428,1460
gro-185k-10mbit-v6.pcap,6,1514,1428,1460
gro-185k-10mbit-v6.pcap,6,1514,1428,1460
gro-185k-10mbit-v6.pcap,6,1514,1428,1460
gro-185k-10mbit-v6.pcap,6,1514,1428,1460
gro-185k-10mbit-v6.pcap,6,1514,1428,1460
gro-185k-10mbit-v6.pcap,6,1514,1428,1460
gro-185k-10mbit-v6.pcap,6,1514,1428,1460
gro-185k-10mbit-v6.pcap,6,1514,1428,1460
gro-185k-10mbit-v6.pcap,6,1514,1428,1460
gro-185k-10mbit-v6.pcap,6,1514,1428,1460
gro-185k-10mbit-v6.pcap,6,1514,1428,1460
gro-185k-10mbit-v6.pcap,6,1514,1428,1460
gro-185k-10mbit-v6.pcap,6,1514,1428,1460
gro-185k-10mbit-v6.pcap,6,1514,1428,1460
gro-185k-10mbit-v6.pcap,6,1514,1428,1460
gro-185k-10mbit-v6.pcap,6,1514,1428,1460
gro-185k-10mbit-v6.pcap,6,1514,1428,1460
gro-185k-10mbit-v6.pcap,6,1514,1428,1460
gro-185k-10mbit-v6.pcap,6,1514,1428,1460
gro-185k-10mbit-v6.pcap,6,1514,1428,1460
gro-185k-10mbit-v6.pcap,6,1514,1428,1460
gro-185k-10mbit-v6.pcap,6,1514,1428,1460
gro-185k-10mbit-v6.pcap,6,1514,1428,1460
gro-185k-10mbit-v6.pcap,6,1514,1428,1460
gro-185k-10mbit-v6.pcap,6,1514,1428,1460
gro-185k-10mbit-v6.pcap,6,1514,1428,1460
gro-185k-10mbit-v6.pcap,6,1514,1428,1460
gro-185k-10mbit-v6.pcap,6,1514,1428,1460
gro-185k-10mbit-v6.pcap,6,1514,1428,1460
gro-185k-10mbit-v6.pcap,6,1514,1428,1460
gro-185k-10mbit-v6.pcap,6,1514,1428,1460
gro-185k-10mbit-v6.pcap,6,1514,1428,1460
gro-185k-10mbit-v6.pcap,6,1514,1428,1460
gro-185k-10mbit-v6.pcap,6,1514,1428,1460
gro-185k-10mbit-v6.pcap,6,1514,1428,1460
gro-185k-10mbit-v6.pcap,6,1514,1428,1460
gro-185k-10mbit-v6.pcap,6,1514,1428,1460
gro-185k-10mbit-v6.pcap,6,1514,1428,1460
gro-185k-10mbit-v6.pcap,6,1514,1428,1460
gro-185k-10mbit-v6.pcap,6,1514,1428,1460
gro-185k-10mbit-v6.pcap,6,1514,1428,1460
gro-185k-10mbit-v6.pcap,6,1514,1428,1460
gro-185k-10mbit-v6.pcap,6,1514,1428,1460
gro-185k-10mbit-v6.pcap,6,1514,1428,1460
gro-185k-10mbit-v6.pcap,6,1514,1428,1460
gro-185k-10mbit-v6.pcap,6,1514,1428,1460
gro-185k-10mbit-v6.pcap,6,1514,1428,1460
gro-185k-10mbit-v6.pcap,6,1514,1428,1460
gro-185k-10mbit-v6.pcap,6,1514,1428,1460
gro-185k-10mbit-v6.pcap,6,1514,1428,1460
gro-185k-10mbit-v6.pcap,6,1514,1428,1460
gro-185k-10mbit-v6.pcap,6,1514,1428,1460
gro-185k-10mbit-v6.pcap,6,1514,1428,1460
gro-185k-10mbit-v6.pcap,6,1514,1428,1460
gro-185k-10mbit-v6.pcap,6,1514,1428,1460
gro-185k-10mbit-v6.pcap,6,1514,1428,1460
gro-185k-10mbit-v6.pcap,6,1514,1428,1460
gro-185k-10mbit-v6.pcap,6,1514,1428,1460
gro-185k-10mbit-v6.pcap,6,1514,1428,1460
gro-185k-10mbit-v6.pcap,6,1514,1428,1460
gro-185k-10mbit-v6.pcap,6,1514,1428,1460
gro-185k-10mbit-v6.pcap,6,1514,1428,1460
gro-185k-10mbit-v6.pcap,6,1514,1428,1460
gro-185k-10mbit-v6.pcap,6,1514,1428,1460
gro-185k-10mbit-v6.pcap,6,1514,1428,1460
gro-185k-10mbit-v6.pcap,6,1514,1428,1460
gro-185k-10mbit-v6.pcap,6,1514,1428,1460
gro-185k-10mbit-v6.pcap,6,1514,1428,1460
gro-185k-10mbit-v6.pcap,6,1514,1428,1460
gro-185k-10mbit-v6.pcap,6,1514,1428,1460
gro-185k-10mbit-v6.pcap,6,2942,2856,2888
gro-185k-10mbit-v6.pcap,6,1514,1428,1460
gro-185k-10mbit-v6.pcap,6,2994,2908,2940
gro-185k-10mbit-v6.pcap,6,1514,1428,1460
gro-185k-10mbit-v6.pcap,6,1514,1428,1460
gro-185k-10mbit-v6.pcap,6,1514,1428,1460
gro-185k-10mbit-v6.pcap,6,1514,1428,1460
gro-185k-10mbit-v6.pcap,6,1514,1428,1460
gro-185k-10mbit-v6.pcap,6,1514,1428,1460
gro-185k-10mbit-v6.pcap,6,1514,1428,1460
gro-185k-10mbit-v6.pcap,6,1514,1428,1460
gro-185k-10mbit-v6.pcap,6,1514,1428,1460
gro-185k-10mbit-v6.pcap,6,1514,1428,1460
gro-185k-10mbit-v6.pcap,6,1514,1428,1460
gro-185k-10mbit-v6.pcap,6,1514,1428,1460
gro-185k-10mbit-v6.pcap,6,1514,1428,1460
gro-185k-10mbit-v6.pcap,6,1514,1428,1460
gro-185k-10mbit-v6.pcap,6,1514,1428,1460
gro-185k-10mbit-v6.pcap,6,1514,1428,1460
gro-185k-10mbit-v6.pcap,6,1514,1428,1460
gro-185k-10mbit-v6.pcap,6,1514,1428,1460
gro-185k-10mbit-v6.pcap,6,1514,1428,1460
gro-185k-10mbit-v6.pcap,6,1514,1428,1460
gro-185k-10mbit-v6.pcap,6,1514,1428,1460
gro-185k-10mbit-v6.pcap,6,1514,1428,1460
gro-185k-10mbit-v6.pcap,6,1514,1428,1460
gro-185k-10mbit-v6.pcap,6,1514,1428,1460
gro-185k-10mbit-v6.pcap,6,1514,1428,1460
gro-185k-10mbit-v6.pcap,6,1514,1428,1460
gro-185k-10mbit-v6.pcap,6,1514,1428,1460
gro-185k-10mbit-v6.pcap,6,1514,1428,1460
gro-185k-10mbit-v6.pcap,6,1514,1428,1460
gro-185k-10mbit-v6.pcap,6,1514,1428,1460
gro-185k-10mbit-v6.pcap,6,1514,1428,1460
gro-185k-10mbit-v6.pcap,6,1514,1428,1460
gro-185k-10mbit-v6.pcap,6,1514,1428,1460
gro-185k-10mbit-v6.pcap,6,1514,1428,1460
gro-185k-10mbit-v6.pcap,6,1514,1428,1460
gro-185k-10mbit-v6.pcap,6,1514,1428,1460
gro-185k-10mbit-v6.pcap,6,1514,1428,1460
gro-185k-10mbit-v6.pcap,6,1514,1428,1460
gro-185k-10mbit-v6.pcap,6,1514,1428,1460
gro-185k-10mbit-v6.pcap,6,1514,1428,1460
gro-185k-10mbit-v6.pcap,6,1514,1428,1460
gro-185k-10mbit-v6.pcap,6,1514,1428,1460
gro-185k-10mbit-v6.pcap,6,1514,1428,1460
gro-185k-10mbit-v6.pcap,6,1514,1428,1460
gro-185k-10mbit-v6.pcap,6,1514,1428,1460
gro-185k-10mbit-v6.pcap,6,1514,1428,1460
gro-185k-10mbit-v6.pcap,6,1514,1428,1460
gro-185k-10mbit-v6.pcap,6,1514,1428,1460
gro-185k-10mbit-v6.pcap,6,1514,1428,1460
gro-185k-10mbit-v6.pcap,6,1514,1428,1460
gro-185k-10mbit-v6.pcap,6,1514,1428,1460
gro-185k-10mbit-v6.pcap,6,1514,1428,1460
gro-185k-10mbit-v6.pcap,6,1514,1428,1460
gro-185k-10mbit-v6.pcap,6,1514,1428,1460
gro-185k-10mbit-v6.pcap,6,1514,1428,1460
gro-185k-10mbit-v6.pcap,6,1514,1428,1460
gro-185k-10mbit-v6.pcap,6,1514,1428,1460
gro-185k-10mbit-v6.pcap,6,1514,1428,1460
gro-185k-10mbit-v6.pcap,6,1514,1428,1460
gro-185k-10mbit-v6.pcap,6,1514,1428,1460
gro-185k-10mbit-v6.pcap,6,1514,1428,1460
gro-185k-10mbit-v6.pcap,6,1514,1428,1460
gro-185k-10mbit-v6.pcap,6,1514,1428,1460
gro-185k-10mbit-v6.pcap,6,1514,1428,1460
gro-185k-10mbit-v6.pcap,6,1514,1428,1460
gro-185k-10mbit-v6.pcap,6,1514,1428,1460
gro-185k-10mbit-v6.pcap,6,1514,1428,1460
gro-185k-10mbit-v6.pcap,6,1514,1428,1460
gro-185k-10mbit-v6.pcap,6,1514,1428,1460
gro-185k-10mbit-v6.pcap,6,1514,1428,1460
gro-185k-10mbit-v6.pcap,6,1514,1428,1460
gro-185k-10mbit-v6.pcap,6,1514,1428,1460
gro-185k-10mbit-v6.pcap,6,1514,1428,1460
gro-185k-10mbit-v6.pcap,6,1514,1428,1460
gro-185k-10mbit-v6.pcap,6,1514,1428,1460
gro-185k-10mbit-v6.pcap,6,1514,1428,1460
gro-185k-10mbit-v6.pcap,6,1514,1428,1460
gro-185k-10mbit-v6.pcap,6,1514,1428,1460
gro-185k-10mbit-v6.pcap,6,1514,1428,1460
gro-185k-10mbit-v6.pcap,6,1514,1428,1460
gro-185k-10mbit-v6.pcap,6,1514,1428,1460
gro-185k-10mbit-v6.pcap,6,1514,1428,1460
gro-185k-10mbit-v6.pcap,6,1514,1428,1460
gro-185k-10mbit-v6.pcap,6,1514,1428,1460
gro-185k-10mbit-v6.pcap,6,1514,1428,1460
gro-185k-10mbit-v6.pcap,6,1514,1428,1460
gro-185k-10mbit-v6.pcap,6,1514,1428,1460
gro-185k-10mbit-v6.pcap,6,1514,1428,1460
gro-185k-10mbit-v6.pcap,6,1514,1428,1460
gro-185k-10mbit-v6.pcap,6,1514,1428,1460
gro-185k-10mbit-v6.pcap,6,1514,1428,1460
gro-185k-10mbit-v6.pcap,6,1514,1428,1460
gro-185k-10mbit-v6.pcap,6,1514,1428,1460
gro-185k-10mbit-v6.pcap,6,1514,1428,1460
gro-185k-10mbit-v6.pcap,6,1514,1428,1460
gro-185k-10mbit-v6.pcap,6,1514,1428,1460
gro-185k-10mbit-v6.pcap,6,1514,1428,1460
gro-185k-10mbit-v6.pcap,6,1514,1428,1460
gro-185k-10mbit-v6.pcap,6,1514,1428,1460
gro-185k-10mbit-v6.pcap,6,1514,1428,1460
gro-185k-10mbit-v6.pcap,6,1514,1428,1460
gro-185k-10mbit-v6.pcap,6,1514,1428,1460
gro-185k-10mbit-v6.pcap,6,1514,1428,1460
gro-185k-10mbit-v6.pcap,6,1514,1428,1460
gro-185k-10mbit-v6.pcap,6,1514,1428,1460
gro-185k-10mbit-v6.pcap,6,1514,1428,1460
gro-185k-10mbit-v6.pcap,6,1514,1428,1460
gro-185k-10mbit-v6.pcap,6,1514,1428,1460
gro-185k-10mbit-v6.pcap,6,1514,1428,1460
gro-185k-10mbit-v6.pcap,6,1514,1428,1460
gro-185k-10mbit-v6.pcap,6,1514,1428,1460
gro-185k-10mbit-v6.pcap,6,1514,1428,1460
gro-185k-10mbit-v6.pcap,6,1514,1428,1460
gro-185k-10mbit-v6.pcap,6,1514,1428,1460
gro-185k-10mbit-v6.pcap,6,1514,1428,1460
gro-185k-10mbit-v6.pcap,6,1514,1428,1460
gro-185k-10mbit-v6.pcap,6,1514,1428,1460
gro-185k-10mbit-v6.pcap,6,1514,1428,1460
gro-185k-10mbit-v6.pcap,6,1514,1428,1460
gro-185k-10mbit-v6.pcap,6,1514,1428,1460
gro-185k-10mbit-v6.pcap,6,1514,1428,1460
gro-185k-10mbit-v6.pcap,6,1514,1428,1460
gro-185k-10mbit-v6.pcap,6,1514,1428,1460
gro-185k-10mbit-v6.pcap,6,1514,1428,1460
gro-185k-10mbit-v6.pcap,6,1514,1428,1460
gro-185k-10mbit-v6.pcap,6,1462,1376,1408
gro-185k-10mbit-v6.pcap,6,1514,1428,1460
gro-185k-10mbit-v6.pcap,6,1514,1428,1460
gro-185k-10mbit-v6.pcap,6,1514,1428,1460
gro-185k-10mbit-v6.pcap,6,1514,1428,1460
gro-185k-10mbit-v6.pcap,6,1514,1428,1460
gro-185k-10mbit-v6.pcap,6,1514,1428,1460
gro-185k-10mbit-v6.pcap,6,1514,1428,1460
gro-185k-10mbit-v6.pcap,6,1514,1428,1460
gro-185k-10mbit-v6.pcap,6,1514,1428,1460
gro-185k-10mbit-v6.pcap,6,1514,1428,1460
gro-185k-10mbit-v6.pcap,6,1514,1428,1460
gro-185k-10mbit-v6.pcap,6,1514,1428,1460
gro-185k-10mbit-v6.pcap,6,1514,1428,1460
gro-185k-10mbit-v6.pcap,6,1514,1428,1460
gro-185k-10mbit-v6.pcap,6,1514,1428,1460
gro-185k-10mbit-v6.pcap,6,1514,1428,1460
gro-185k-10mbit-v6.pcap,6,1514,1428,1460
gro-185k-10mbit-v6.pcap,6,1514,1428,1460
gro-185k-10mbit-v6.pcap,6,1514,1428,1460
gro-185k-10mbit-v6.pcap,6,1514,1428,1460
gro-185k-10mbit-v6.pcap,6,1514,1428,1460
gro-185k-10mbit-v6.pcap,6,1514,1428,1460
gro-185k-10mbit-v6.pcap,6,1514,1428,1460
gro-185k-10mbit-v6.pcap,6,1514,1428,1460
gro-185k-10mbit-v6.pcap,6,1514,1428,1460
gro-185k-10mbit-v6.pcap,6,1514,1428,1460
gro-185k-10mbit-v6.pcap,6,1514,1428,1460
gro-185k-10mbit-v6.pcap,6,1514,1428,1460
gro-185k-10mbit-v6.pcap,6,1514,1428,1460
gro-185k-10mbit-v6.pcap,6,1514,1428,1460
gro-185k-10mbit-v6.pcap,6,1514,1428,1460
gro-185k-10mbit-v6.pcap,6,1514,1428,1460
gro-185k-10mbit-v6.pcap,6,1514,1428,1460
gro-185k-10mbit-v6.pcap,6,1514,1428,1460
gro-185k-10mbit-v6.pcap,6,1514,1428,1460
gro-185k-10mbit-v6.pcap,6,1514,1428,1460
gro-185k-10mbit-v6.pcap,6,1514,1428,1460
gro-185k-10mbit-v6.pcap,6,1514,1428,1460
gro-185k-10mbit-v6.pcap,6,1514,1428,1460
gro-185k-10mbit-v6.pcap,6,1514,1428,1460
gro-185k-10mbit-v6.pcap,6,1514,1428,1460
gro-185k-10mbit-v6.pcap,6,1514,1428,1460
gro-185k-10mbit-v6.pcap,6,1514,1428,1460
gro-185k-10mbit-v6.pcap,6,1514,1428,1460
gro-185k-10mbit-v6.pcap,6,1514,1428,1460
gro-185k-10mbit-v6.pcap,6,1514,1428,1460
gro-185k-10mbit-v6.pcap,6,1514,1428,1460
gro-185k-10mbit-v6.pcap,6,1514,1428,1460
gro-185k-10mbit-v6.pcap,6,1514,1428,1460
gro-185k-10mbit-v6.pcap,6,1514,1428,1460
gro-185k-10mbit-v6.pcap,6,1514,1428,1460
gro-185k-10mbit-v6.pcap,6,1514,1428,1460
gro-185k-10mbit-v6.pcap,6,1514,1428,1460
gro-185k-10mbit-v6.pcap,6,1514,1428,1460
gro-185k-10mbit-v6.pcap,6,1514,1428,1460
gro-185k-10mbit-v6.pcap,6,1514,1428,1460
gro-185k-10mbit-v6.pcap,6,1514,1428,1460
gro-185k-10mbit-v6.pcap,6,1514,1428,1460
gro-185k-10mbit-v6.pcap,6,1514,1428,1460
gro-185k-10mbit-v6.pcap,6,1514,1428,1460
gro-185k-10mbit-v6.pcap,6,1514,1428,1460
gro-185k-10mbit-v6.pcap,6,1514,1428,1460
gro-185k-10mbit-v6.pcap,6,1514,1428,1460
gro-185k-10mbit-v6.pcap,6,1514,1428,1460
gro-185k-10mbit-v6.pcap,6,1514,1428,1460
gro-185k-10mbit-v6.pcap,6,1514,1428,1460
gro-185k-10mbit-v6.pcap,6,1514,1428,1460
gro-185k-10mbit-v6.pcap,6,1514,1428,1460
gro-185k-10mbit-v6.pcap,6,1514,1428,1460
gro-185k-10mbit-v6.pcap,6,1514,1428,1460
gro-185k-10mbit-v6.pcap,6,1514,1428,1460
gro-185k-10mbit-v6.pcap,6,1514,1428,1460
gro-185k-10mbit-v6.pcap,6,1514,1428,1460
gro-185k-10mbit-v6.pcap,6,1514,1428,1460
gro-185k-10mbit-v6.pcap,6,1514,1428,1460
gro-185k-10mbit-v6.pcap,6,1514,1428,1460
gro-185k-10mbit-v6.pcap,6,1514,1428,1460
gro-185k-10mbit-v6.pcap,6,1514,1428,1460
gro-185k-10mbit-v6.pcap,6,1514,1428,1460
gro-185k-10mbit-v6.pcap,6,1514,1428,1460
gro-185k-10mbit-v6.pcap,6,1514,1428,1460
gro-185k-10mbit-v6.pcap,6,1514,1428,1460
gro-185k-10mbit-v6.pcap,6,1514,1428,1460
gro-185k-10mbit-v6.pcap,6,1514,1428,1460
gro-185k-10mbit-v6.pcap,6,1514,1428,1460
gro-185k-10mbit-v6.pcap,6,1514,1428,1460
gro-185k-10mbit-v6.pcap,6,1514,1428,1460
gro-185k-10mbit-v6.pcap,6,1514,1428,1460
gro-185k-10mbit-v6.pcap,6,1514,1428,1460
gro-185k-10mbit-v6.pcap,6,1514,1428,1460
gro-185k-10mbit-v6.pcap,6,1514,1428,1460
gro-185k-10mbit-v6.pcap,6,1514,1428,1460
gro-185k-10mbit-v6.pcap,6,1514,1428,1460
gro-185k-10mbit-v6.pcap,6,1514,1428,1460
gro-185k-10mbit-v6.pcap,6,1514,1428,1460
gro-185k-10mbit-v6.pcap,6,1514,1428,1460
gro-185k-10mbit-v6.pcap,6,1514,1428,1460
gro-185k-10mbit-v6.pcap,6,1514,1428,1460
gro-185k-10mbit-v6.pcap,6,1514,1428,1460
gro-185k-10mbit-v6.pcap,6,1514,1428,1460
gro-185k-10mbit-v6.pcap,6,1514,1428,1460
gro-185k-10mbit-v6.pcap,6,1514,1428,1460
gro-185k-10mbit-v6.pcap,6,1514,1428,1460
gro-185k-10mbit-v6.pcap,6,1514,1428,1460
gro-185k-10mbit-v6.pcap,6,1514,1428,1460
gro-185k-10mbit-v6.pcap,6,1514,1428,1460
gro-185k-10mbit-v6.pcap,6,1514,1428,1460
gro-185k-10mbit-v6.pcap,6,1514,1428,1460
gro-185k-10mbit-v6.pcap,6,1514,1428,1460
gro-185k-10mbit-v6.pcap,6,1514,1428,1460
gro-185k-10mbit-v6.pcap,6,1514,1428,1460
gro-185k-10mbit-v6.pcap,6,1514,1428,1460
gro-185k-10mbit-v6.pcap,6,1514,1428,1460
gro-185k-10mbit-v6.pcap,6,1514,1428,1460
gro-185k-10mbit-v6.pcap,6,1514,1428,1460
gro-185k-10mbit-v6.pcap,6,1514,1428,1460
gro-185k-10mbit-v6.pcap,6,1514,1428,1460
gro-185k-10mbit-v6.pcap,6,1514,1428,1460
gro-185k-10mbit-v6.pcap,6,1514,1428,1460
gro-185k-10mbit-v6.pcap,6,1514,1428,1460
gro-185k-10mbit-v6.pcap,6,1514,1428,1460
gro-185k-10mbit-v6.pcap,6,1514,1428,1460
gro-185k-10mbit-v6.pcap,6,1514,1428,1460
gro-185k-10mbit-v6.pcap,6,1514,1428,1460
gro-185k-10mbit-v6.pcap,6,1514,1428,1460
gro-185k-10mbit-v6.pcap,6,1514,1428,1460
gro-185k-10mbit-v6.pcap,6,1514,1428,1460
gro-185k-10mbit-v6.pcap,6,1514,1428,1460
gro-185k-10mbit-v6.pcap,6,1514,1428,1460
gro-185k-10mbit-v6.pcap,6,1514,1428,1460
gro-185k-10mbit-v6.pcap,6,1514,1428,1460
gro-185k-10mbit-v6.pcap,6,1514,1428,1460
gro-185k-10mbit-v6.pcap,6,1514,1428,1460
gro-185k-10mbit-v6.pcap,6,1514,1428,1460
gro-185k-10mbit-v6.pcap,6,1514,1428,1460
gro-185k-10mbit-v6.pcap,6,1514,1428,1460
gro-185k-10mbit-v6.pcap,6,1514,1428,1460
gro-185k-10mbit-v6.pcap,6,1514,1428,1460
gro-185k-10mbit-v6.pcap,6,1514,1428,1460
gro-185k-10mbit-v6.pcap,6,1514,1428,1460
gro-185k-10mbit-v6.pcap,6,1514,1428,1460
gro-185k-10mbit-v6.pcap,6,1514,1428,1460
gro-185k-10mbit-v6.pcap,6,1514,1428,1460
gro-185k-10mbit-v6.pcap,6,1514,1428,1460
gro-185k-10mbit-v6.pcap,6,1514,1428,1460
gro-185k-10mbit-v6.pcap,6,1514,1428,1460
gro-185k-10mbit-v6.pcap,6,1514,1428,1460
gro-185k-10mbit-v6.pcap,6,1514,1428,1460
gro-185k-10mbit-v6.pcap,6,1514,1428,1460
gro-185k-10mbit-v6.pcap,6,1514,1428,1460
gro-185k-10mbit-v6.pcap,6,1514,1428,1460
gro-185k-10mbit-v6.pcap,6,1514,1428,1460
gro-185k-10mbit-v6.pcap,6,1514,1428,1460
gro-185k-10mbit-v6.pcap,6,1514,1428,1460
gro-185k-10mbit-v6.pcap,6,1514,1428,1460
gro-185k-10mbit-v6.pcap,6,1514,1428,1460
gro-185k-10mbit-v6.pcap,6,1514,1428,1460
gro-185k-10mbit-v6.pcap,6,1514,1428,1460
gro-185k-10mbit-v6.pcap,6,1514,1428,1460
gro-185k-10mbit-v6.pcap,6,1514,1428,1460
gro-185k-10mbit-v6.pcap,6,1514,1428,1460
gro-185k-10mbit-v6.pcap,6,1514,1428,1460
gro-185k-10mbit-v6.pcap,6,1514,1428,1460
gro-185k-10mbit-v6.pcap,6,1514,1428,1460
gro-185k-10mbit-v6.pcap,6,1514,1428,1460
gro-185k-10mbit-v6.pcap,6,1514,1428,1460
gro-185k-10mbit-v6.pcap,6,1514,1428,1460
gro-185k-10mbit-v6.pcap,6,1514,1428,1460
gro-185k-10mbit-v6.pcap,6,1514,1428,1460
gro-185k-10mbit-v6.pcap,6,1514,1428,1460
gro-185k-10mbit-v6.pcap,6,1514,1428,1460
gro-185k-10mbit-v6.pcap,6,1514,1428,1460
gro-185k-10mbit-v6.pcap,6,1514,1428,1460
gro-185k-10mbit-v6.pcap,6,1514,1428,1460
gro-185k-10mbit-v6.pcap,6,1514,1428,1460
gro-185k-10mbit-v6.pcap,6,1514,1428,1460
gro-185k-10mbit-v6.pcap,6,1514,1428,1460
gro-185k-10mbit-v6.pcap,6,1514,1428,1460
gro-185k-10mbit-v6.pcap,6,1514,1428,1460
gro-185k-10mbit-v6.pcap,6,1514,1428,1460
gro-185k-10mbit-v6.pcap,6,1514,1428,1460
gro-185k-10mbit-v6.pcap,6,1514,1428,1460
gro-185k-10mbit-v6.pcap,6,1514,1428,1460
gro-185k-10mbit-v6.pcap,6,1514,1428,1460
gro-185k-10mbit-v6.pcap,6,1514,1428,1460
gro-185k-10mbit-v6.pcap,6,1514,1428,1460
gro-185k-10mbit-v6.pcap,6,1514,1428,1460
gro-185k-10mbit-v6.pcap,6,1514,1428,1460
gro-185k-10mbit-v6.pcap,6,1514,1428,1460
gro-185k-10mbit-v6.pcap,6,1514,1428,1460
gro-185k-10mbit-v6.pcap,6,1514,1428,1460
gro-185k-10mbit-v6.pcap,6,1514,1428,1460
gro-185k-10mbit-v6.pcap,6,1514,1428,1460
gro-185k-10mbit-v6.pcap,6,1514,1428,1460
gro-185k-10mbit-v6.pcap,6,1514,1428,1460
gro-185k-10mbit-v6.pcap,6,1514,1428,1460
gro-185k-10mbit-v6.pcap,6,1514,1428,1460
gro-185k-10mbit-v6.pcap,6,1514,1428,1460
gro-185k-10mbit-v6.pcap,6,1514,1428,1460
gro-185k-10mbit-v6.pcap,6,1514,1428,1460
gro-185k-10mbit-v6.pcap,6,1514,1428,1460
gro-185k-10mbit-v6.pcap,6,1514,1428,1460
gro-185k-10mbit-v6.pcap,6,1514,1428,1460
gro-185k-10mbit-v6.pcap,6,1514,1428,1460
gro-185k-10mbit-v6.pcap,6,1514,1428,1460
gro-185k-10mbit-v6.pcap,6,1514,1428,1460
gro-185k-10mbit-v6.pcap,6,1514,1428,1460
gro-185k-10mbit-v6.pcap,6,1514,1428,1460
gro-185k-10mbit-v6.pcap,6,1514,1428,1460
gro-185k-10mbit-v6.pcap,6,1514,1428,1460
gro-185k-10mbit-v6.pcap,6,1514,1428,1460
gro-185k-10mbit-v6.pcap,6,1514,1428,1460
gro-185k-10mbit-v6.pcap,6,1514,1428,1460
gro-185k-10mbit-v6.pcap,6,1514,1428,1460
gro-185k-10mbit-v6.pcap,6,1514,1428,1460
gro-185k-10mbit-v6.pcap,6,1514,1428,1460
gro-185k-10mbit-v6.pcap,6,1514,1428,1460
gro-185k-10mbit-v6.pcap,6,1514,1428,1460
gro-185k-10mbit-v6.pcap,6,1514,1428,1460
gro-185k-10mbit-v6.pcap,6,1514,1428,1460
gro-185k-10mbit-v6.pcap,6,1514,1428,1460
gro-185k-10mbit-v6.pcap,6,1514,1428,1460
gro-185k-10mbit-v6.pcap,6,1514,1428,1460
gro-185k-10mbit-v6.pcap,6,1514,1428,1460
gro-185k-10mbit-v6.pcap,6,1514,1428,1460
gro-185k-10mbit-v6.pcap,6,1514,1428,1460
gro-185k-10mbit-v6.pcap,6,1514,1428,1460
gro-185k-10mbit-v6.pcap,6,1514,1428,1460
gro-185k-10mbit-v6.pcap,6,1514,1428,1460
gro-185k-10mbit-v6.pcap,6,1514,1428,1460
gro-185k-10mbit-v6.pcap,6,1514,1428,1460
gro-185k-10mbit-v6.pcap,6,1514,1428,1460
gro-185k-10mbit-v6.pcap,6,1514,1428,1460
gro-185k-10mbit-v6.pcap,6,1514,1428,1460
gro-185k-10mbit-v6.pcap,6,1514,1428,1460
gro-185k-10mbit-v6.pcap,6,1514,1428,1460
gro-185k-10mbit-v6.pcap,6,1514,1428,1460
gro-185k-10mbit-v6.pcap,6,1514,1428,1460
gro-185k-10mbit-v6.pcap,6,1514,1428,1460
gro-185k-10mbit-v6.pcap,6,1514,1428,1460
gro-185k-10mbit-v6.pcap,6,1514,1428,1460
gro-185k-10mbit-v6.pcap,6,1514,1428,1460
gro-185k-10mbit-v6.pcap,6,1514,1428,1460
gro-185k-10mbit-v6.pcap,6,1514,1428,1460
gro-185k-10mbit-v6.pcap,6,1514,1428,1460
gro-185k-10mbit-v6.pcap,6,1514,1428,1460
gro-185k-10mbit-v6.pcap,6,1514,1428,1460
gro-185k-10mbit-v6.pcap,6,1514,1428,1460
gro-185k-10mbit-v6.pcap,6,1514,1428,1460
gro-185k-10mbit-v6.pcap,6,1514,1428,1460
gro-185k-10mbit-v6.pcap,6,1514,1428,1460
gro-185k-10mbit-v6.pcap,6,1514,1428,1460
gro-185k-10mbit-v6.pcap,6,1514,1428,1460
gro-185k-10mbit-v6.pcap,6,1514,1428,1460
gro-185k-10mbit-v6.pcap,6,1514,1428,1460
gro-185k-10mbit-v6.pcap,6,1514,1428,1460
gro-185k-10mbit-v6.pcap,6,1514,1428,1460
gro-185k-10mbit-v6.pcap,6,1514,1428,1460
gro-185k-10mbit-v6.pcap,6,1514,1428,1460
gro-185k-10mbit-v6.pcap,6,1514,1428,1460
gro-185k-10mbit-v6.pcap,6,1514,1428,1460
gro-185k-10mbit-v6.pcap,6,1514,1428,1460
gro-185k-10mbit-v6.pcap,6,1514,1428,1460
gro-185k-10mbit-v6.pcap,6,1514,1428,1460
gro-185k-10mbit-v6.pcap,6,1514,1428,1460
gro-185k-10mbit-v6.pcap,6,1514,1428,1460
gro-185k-10mbit-v6.pcap,6,1514,1428,1460
gro-185k-10mbit-v6.pcap,6,1514,1428,1460
gro-185k-10mbit-v6.pcap,6,1514,1428,1460
gro-185k-10mbit-v6.pcap,6,1514,1428,1460
gro-185k-10mbit-v6.pcap,6,1514,1428,1460
gro-185k-10mbit-v6.pcap,6,1514,1428,1460
gro-185k-10mbit-v6.pcap,6,1514,1428,1460
gro-185k-10mbit-v6.pcap,6,1514,1428,1460
gro-185k-10mbit-v6.pcap,6,1514,1428,1460
gro-185k-10mbit-v6.pcap,6,1514,1428,1460
gro-185k-10mbit-v6.pcap,6,1514,1428,1460
gro-185k-10mbit-v6.pcap,6,1514,1428,1460
gro-185k-10mbit-v6.pcap,6,1514,1428,1460
gro-185k-10mbit-v6.pcap,6,1514,1428,1460
gro-185k-10mbit-v6.pcap,6,1514,1428,1460
gro-185k-10mbit-v6.pcap,6,1514,1428,1460
gro-185k-10mbit-v6.pcap,6,1514,1428,1460
gro-185k-10mbit-v6.pcap,6,1514,1428,1460
gro-185k-10mbit-v6.pcap,6,1514,1428,1460
gro-185k-10mbit-v6.pcap,6,1514,1428,1460
gro-185k-10mbit-v6.pcap,6,1514,1428,1460
gro-185k-10mbit-v6.pcap,6,1514,1428,1460
gro-185k-10mbit-v6.pcap,6,1514,1428,1460
gro-185k-10mbit-v6.pcap,6,1514,1428,1460
gro-185k-10mbit-v6.pcap,6,1514,1428,1460
gro-185k-10mbit-v6.pcap,6,1514,1428,1460
gro-185k-10mbit-v6.pcap,6,1514,1428,1460
gro-185k-10mbit-v6.pcap,6,1514,1428,1460
gro-185k-10mbit-v6.pcap,6,1514,1428,1460
gro-185k-10mbit-v6.pcap,6,1514,1428,1460
gro-185k-10mbit-v6.pcap,6,1514,1428,1460
gro-185k-10mbit-v6.pcap,6,1514,1428,1460
gro-185k-10mbit-v6.pcap,6,1514,1428,1460
gro-185k-10mbit-v6.pcap,6,1514,1428,1460
gro-185k-10mbit-v6.pcap,6,1514,1428,1460
gro-185k-10mbit-v6.pcap,6,1514,1428,1460
gro-185k-10mbit-v6.pcap,6,1514,1428,1460
gro-185k-10mbit-v6.pcap,6,1514,1428,1460
gro-185k-10mbit-v6.pcap,6,1514,1428,1460
gro-185k-10mbit-v6.pcap,6,1514,1428,1460
gro-185k-10mbit-v6.pcap,6,1514,1428,1460
gro-185k-10mbit-v6.pcap,6,1514,1428,1460
gro-185k-10mbit-v6.pcap,6,1514,1428,1460
gro-185k-10mbit-v6.pcap,6,1514,1428,1460
gro-185k-10mbit-v6.pcap,6,1514,1428,1460
gro-185k-10mbit-v6.pcap,6,1514,1428,1460
gro-185k-10mbit-v6.pcap,6,1514,1428,1460
gro-185k-10mbit-v6.pcap,6,1514,1428,1460
gro-185k-10mbit-v6.pcap,6,1514,1428,1460
gro-185k-10mbit-v6.pcap,6,1514,1428,1460
gro-185k-10mbit-v6.pcap,6,1514,1428,1460
gro-185k-10mbit-v6.pcap,6,1514,1428,1460
gro-185k-10mbit-v6.pcap,6,1514,1428,1460
gro-185k-10mbit-v6.pcap,6,1514,1428,1460
gro-185k-10mbit-v6.pcap,6,1514,1428,1460
gro-185k-10mbit-v6.pcap,6,1514,1428,1460
gro-185k-10mbit-v6.pcap,6,1514,1428,1460
gro-185k-10mbit-v6.pcap,6,1514,1428,1460
gro-185k-10mbit-v6.pcap,6,1514,1428,1460
gro-185k-10mbit-v6.pcap,6,1514,1428,1460
gro-185k-10mbit-v6.pcap,6,1514,1428,1460
gro-185k-10mbit-v6.pcap,6,1514,1428,1460
gro-185k-10mbit-v6.pcap,6,1514,1428,1460
gro-185k-10mbit-v6.pcap,6,1514,1428,1460
gro-185k-10mbit-v6.pcap,6,1514,1428,1460
gro-185k-10mbit-v6.pcap,6,1514,1428,1460
gro-185k-10mbit-v6.pcap,6,1514,1428,1460
gro-185k-10mbit-v6.pcap,6,1514,1428,1460
gro-185k-10mbit-v6.pcap,6,1514,1428,1460
gro-185k-10mbit-v6.pcap,6,1514,1428,1460
gro-185k-10mbit-v6.pcap,6,1514,1428,1460
gro-185k-10mbit-v6.pcap,6,1514,1428,1460
gro-185k-10mbit-v6.pcap,6,1514,1428,1460
gro-185k-10mbit-v6.pcap,6,1514,1428,1460
gro-185k-10mbit-v6.pcap,6,1514,1428,1460
gro-185k-10mbit-v6.pcap,6,1514,1428,1460
gro-185k-10mbit-v6.pcap,6,1514,1428,1460
gro-185k-10mbit-v6.pcap,6,1514,1428,1460
gro-185k-10mbit-v6.pcap,6,1514,1428,1460
gro-185k-10mbit-v6.pcap,6,1514,1428,1460
gro-185k-10mbit-v6.pcap,6,1514,1428,1460
gro-185k-10mbit-v6.pcap,6,1514,1428,1460
gro-185k-10mbit-v6.pcap,6,1514,1428,1460
gro-185k-10mbit-v6.pcap,6,1514,1428,1460
gro-185k-10mbit-v6.pcap,6,1514,1428,1460
gro-185k-10mbit-v6.pcap,6,1514,1428,1460
gro-185k-10mbit-v6.pcap,6,1514,1428,1460
gro-185k-10mbit-v6.pcap,6,1514,1428,1460
gro-185k-10mbit-v6.pcap,6,1514,1428,1460
gro-185k-10mbit-v6.pcap,6,1514,1428,1460
gro-185k-10mbit-v6.pcap,6,1514,1428,1460
gro-185k-10mbit-v6.pcap,6,1514,1428,1460
gro-185k-10mbit-v6.pcap,6,1514,1428,1460
gro-185k-10mbit-v6.pcap,6,1514,1428,1460
gro-185k-10mbit-v6.pcap,6,1514,1428,1460
gro-185k-10mbit-v6.pcap,6,1514,1428,1460
gro-185k-10mbit-v6.pcap,6,1514,1428,1460
gro-185k-10mbit-v6.pcap,6,1514,1428,1460
gro-185k-10mbit-v6.pcap,6,1514,1428,1460
gro-185k-10mbit-v6.pcap,6,1514,1428,1460
gro-185k-10mbit-v6.pcap,6,1514,1428,1460
gro-185k-10mbit-v6.pcap,6,1514,1428,1460
gro-185k-10mbit-v6.pcap,6,1514,1428,1460
gro-185k-10mbit-v6.pcap,6,1514,1428,1460
gro-185k-10mbit-v6.pcap,6,1514,1428,1460
gro-185k-10mbit-v6.pcap,6,1514,1428,1460
gro-185k-10mbit-v6.pcap,6,1514,1428,1460
gro-185k-10mbit-v6.pcap,6,1514,1428,1460
gro-185k-10mbit-v6.pcap,6,1514,1428,1460
gro-185k-10mbit-v6.pcap,6,1514,1428,1460
gro-185k-10mbit-v6.pcap,6,1514,1428,1460
gro-185k-10mbit-v6.pcap,6,1514,1428,1460
gro-185k-10mbit-v6.pcap,6,1514,1428,1460
gro-185k-10mbit-v6.pcap,6,1514,1428,1460
gro-185k-10mbit-v6.pcap,6,1514,1428,1460
gro-185k-10mbit-v6.pcap,6,1514,1428,1460
gro-185k-10mbit-v6.pcap,6,1514,1428,1460
gro-185k-10mbit-v6.pcap,6,1514,1428,1460
gro-185k-10mbit-v6.pcap,6,1514,1428,1460
gro-185k-10mbit-v6.pcap,6,1514,1428,1460
gro-185k-10mbit-v6.pcap,6,1514,1428,1460
gro-185k-10mbit-v6.pcap,6,1514,1428,1460
gro-185k-10mbit-v6.pcap,6,1514,1428,1460
gro-185k-10mbit-v6.pcap,6,1514,1428,1460
gro-185k-10mbit-v6.pcap,6,1514,1428,1460
gro-185k-10mbit-v6.pcap,6,1514,1428,1460
gro-185k-10mbit-v6.pcap,6,1514,1428,1460
gro-185k-10mbit-v6.pcap,6,1514,1428,1460
gro-185k-10mbit-v6.pcap,6,1514,1428,1460
gro-185k-10mbit-v6.pcap,6,1514,1428,1460
gro-185k-10mbit-v6.pcap,6,1514,1428,1460
gro-185k-10mbit-v6.pcap,6,1514,1428,1460
gro-185k-10mbit-v6.pcap,6,1514,1428,1460
gro-185k-10mbit-v6.pcap,6,1514,1428,1460
gro-185k-10mbit-v6.pcap,6,1514,1428,1460
gro-185k-10mbit-v6.pcap,6,1514,1428,1460
gro-185k-10mbit-v6.pcap,6,1514,1428,1460
gro-185k-10mbit-v6.pcap,6,1514,1428,1460
gro-185k-10mbit-v6.pcap,6,1514,1428,1460
gro-185k-10mbit-v6.pcap,6,1514,1428,1460
gro-185k-10mbit-v6.pcap,6,1514,1428,1460
gro-185k-10mbit-v6.pcap,6,1514,1428,1460
gro-185k-10mbit-v6.pcap,6,1514,1428,1460
gro-185k-10mbit-v6.pcap,6,1514,1428,1460
gro-185k-10mbit-v6.pcap,6,1514,1428,1460
gro-185k-10mbit-v6.pcap,6,1514,1428,1460
gro-185k-10mbit-v6.pcap,6,1514,1428,1460
gro-185k-10mbit-v6.pcap,6,1514,1428,1460
gro-185k-10mbit-v6.pcap,6,1514,1428,1460
gro-185k-10mbit-v6.pcap,6,1514,1428,1460
gro-185k-10mbit-v6.pcap,6,1514,1428,1460
gro-185k-10mbit-v6.pcap,6,1514,1428,1460
gro-185k-10mbit-v6.pcap,6,1514,1428,1460
gro-185k-10mbit-v6.pcap,6,1514,1428,1460
gro-185k-10mbit-v6.pcap,6,1514,1428,1460
gro-185k-10mbit-v6.pcap,6,1514,1428,1460
gro-185k-10mbit-v6.pcap,6,1514,1428,1460
gro-185k-10mbit-v6.pcap,6,1514,1428,1460
gro-185k-10mbit-v6.pcap,6,1514,1428,1460
gro-185k-10mbit-v6.pcap,6,1514,1428,1460
gro-185k-10mbit-v6.pcap,6,1514,1428,1460
gro-185k-10mbit-v6.pcap,6,1514,1428,1460
gro-185k-10mbit-v6.pcap,6,1514,1428,1460
gro-185k-10mbit-v6.pcap,6,1514,1428,1460
gro-185k-10mbit-v6.pcap,6,1514,1428,1460
gro-185k-10mbit-v6.pcap,6,1514,1428,1460
gro-185k-10mbit-v6.pcap,6,1514,1428,1460
gro-185k-10mbit-v6.pcap,6,1514,1428,1460
gro-185k-10mbit-v6.pcap,6,1514,1428,1460
gro-185k-10mbit-v6.pcap,6,1514,1428,1460
gro-185k-10mbit-v6.pcap,6,1514,1428,1460
gro-185k-10mbit-v6.pcap,6,1514,1428,1460
gro-185k-10mbit-v6.pcap,6,1514,1428,1460
gro-185k-10mbit-v6.pcap,6,1514,1428,1460
gro-185k-10mbit-v6.pcap,6,1514,1428,1460
gro-185k-10mbit-v6.pcap,6,1514,1428,1460
gro-185k-10mbit-v6.pcap,6,1514,1428,1460
gro-185k-10mbit-v6.pcap,6,1514,1428,1460
gro-185k-10mbit-v6.pcap,6,1514,1428,1460
gro-185k-10mbit-v6.pcap,6,1514,1428,1460
gro-185k-10mbit-v6.pcap,6,1514,1428,1460
gro-185k-10mbit-v6.pcap,6,1514,1428,1460
gro-185k-10mbit-v6.pcap,6,1514,1428,1460
gro-185k-10mbit-v6.pcap,6,1514,1428,1460
gro-185k-10mbit-v6.pcap,6,1514,1428,1460
gro-185k-10mbit-v6.pcap,6,1514,1428,1460
gro-185k-10mbit-v6.pcap,6,1514,1428,1460
gro-185k-10mbit-v6.pcap,6,1514,1428,1460
gro-185k-10mbit-v6.pcap,6,1514,1428,1460
gro-185k-10mbit-v6.pcap,6,1514,1428,1460
gro-185k-10mbit-v6.pcap,6,1514,1428,1460
gro-185k-10mbit-v6.pcap,6,1514,1428,1460
gro-185k-10mbit-v6.pcap,6,1514,1428,1460
gro-185k-10mbit-v6.pcap,6,1514,1428,1460
gro-185k-10mbit-v6.pcap,6,1514,1428,1460
gro-185k-10mbit-v6.pcap,6,1514,1428,1460
gro-185k-10mbit-v6.pcap,6,1514,1428,1460
gro-185k-10mbit-v6.pcap,6,1514,1428,1460
gro-185k-10mbit-v6.pcap,6,1514,1428,1460
gro-185k-10mbit-v6.pcap,6,1514,1428,1460
gro-185k-10mbit-v6.pcap,6,1514,1428,1460
gro-185k-10mbit-v6.pcap,6,1514,1428,1460
gro-185k-10mbit-v6.pcap,6,1514,1428,1460
gro-185k-10mbit-v6.pcap,6,1514,1428,1460
gro-185k-10mbit-v6.pcap,6,1514,1428,1460
gro-185k-10mbit-v6.pcap,6,1514,1428,1460
gro-185k-10mbit-v6.pcap,6,1514,1428,1460
gro-185k-10mbit-v6.pcap,6,1514,1428,1460
gro-185k-10mbit-v6.pcap,6,1514,1428,1460
gro-185k-10mbit-v6.pcap,6,1514,1428,1460
gro-185k-10mbit-v6.pcap,6,1514,1428,1460
gro-185k-10mbit-v6.pcap,6,1514,1428,1460
gro-185k-10mbit-v6.pcap,6,1514,1428,1460
gro-185k-10mbit-v6.pcap,6,1514,1428,1460
gro-185k-10mbit-v4.pcap,4,7306,7240,7292
gro-185k-10mbit-v4.pcap,4,7306,7240,7292
gro-185k-10mbit-v4.pcap,4,14546,14480,14532
gro-185k-10mbit-v4.pcap,4,14546,14480,14532
gro-185k-10mbit-v4.pcap,4,1514,1448,1500
gro-185k-10mbit-v4.pcap,4,1514,1448,1500
gro-185k-10mbit-v4.pcap,4,1514,1448,1500
gro-185k-10mbit-v4.pcap,4,1514,1448,1500
gro-185k-10mbit-v4.pcap,4,1514,1448,1500
gro-185k-10mbit-v4.pcap,4,1514,1448,1500
gro-185k-10mbit-v4.pcap,4,1514,1448,1500
gro-185k-10mbit-v4.pcap,4,1514,1448,1500
gro-185k-10mbit-v4.pcap,4,1514,1448,1500
gro-185k-10mbit-v4.pcap,4,1514,1448,1500
gro-185k-10mbit-v4.pcap,4,1514,1448,1500
gro-185k-10mbit-v4.pcap,4,1514,1448,1500
gro-185k-10mbit-v4.pcap,4,1514,1448,1500
gro-185k-10mbit-v4.pcap,4,1514,1448,1500
gro-185k-10mbit-v4.pcap,4,1514,1448,1500
gro-185k-10mbit-v4.pcap,4,1514,1448,1500
gro-185k-10mbit-v4.pcap,4,1514,1448,1500
gro-185k-10mbit-v4.pcap,4,1514,1448,1500
gro-185k-10mbit-v4.pcap,4,1514,1448,1500
gro-185k-10mbit-v4.pcap,4,1514,1448,1500
gro-185k-10mbit-v4.pcap,4,1514,1448,1500
gro-185k-10mbit-v4.pcap,4,1514,1448,1500
gro-185k-10mbit-v4.pcap,4,1514,1448,1500
gro-185k-10mbit-v4.pcap,4,1514,1448,1500
gro-185k-10mbit-v4.pcap,4,1514,1448,1500
gro-185k-10mbit-v4.pcap,4,1514,1448,1500
gro-185k-10mbit-v4.pcap,4,1514,1448,1500
gro-185k-10mbit-v4.pcap,4,1514,1448,1500
gro-185k-10mbit-v4.pcap,4,1514,1448,1500
gro-185k-10mbit-v4.pcap,4,1514,1448,1500
gro-185k-10mbit-v4.pcap,4,1514,1448,1500
gro-185k-10mbit-v4.pcap,4,1514,1448,1500
gro-185k-10mbit-v4.pcap,4,1514,1448,1500
gro-185k-10mbit-v4.pcap,4,1514,1448,1500
gro-185k-10mbit-v4.pcap,4,1514,1448,1500
gro-185k-10mbit-v4.pcap,4,1514,1448,1500
gro-185k-10mbit-v4.pcap,4,1514,1448,1500
gro-185k-10mbit-v4.pcap,4,1514,1448,1500
gro-185k-10mbit-v4.pcap,4,1514,1448,1500
gro-185k-10mbit-v4.pcap,4,1514,1448,1500
gro-185k-10mbit-v4.pcap,4,1514,1448,1500
gro-185k-10mbit-v4.pcap,4,1514,1448,1500
gro-185k-10mbit-v4.pcap,4,1514,1448,1500
gro-185k-10mbit-v4.pcap,4,1514,1448,1500
gro-185k-10mbit-v4.pcap,4,1514,1448,1500
gro-185k-10mbit-v4.pcap,4,1514,1448,1500
gro-185k-10mbit-v4.pcap,4,1514,1448,1500
gro-185k-10mbit-v4.pcap,4,1514,1448,1500
gro-185k-10mbit-v4.pcap,4,1514,1448,1500
gro-185k-10mbit-v4.pcap,4,1514,1448,1500
gro-185k-10mbit-v4.pcap,4,1514,1448,1500
gro-185k-10mbit-v4.pcap,4,1514,1448,1500
gro-185k-10mbit-v4.pcap,4,1514,1448,1500
gro-185k-10mbit-v4.pcap,4,1514,1448,1500
gro-185k-10mbit-v4.pcap,4,1514,1448,1500
gro-185k-10mbit-v4.pcap,4,1514,1448,1500
gro-185k-10mbit-v4.pcap,4,1514,1448,1500
gro-185k-10mbit-v4.pcap,4,1514,1448,1500
gro-185k-10mbit-v4.pcap,4,1514,1448,1500
gro-185k-10mbit-v4.pcap,4,1514,1448,1500
gro-185k-10mbit-v4.pcap,4,1514,1448,1500
gro-185k-10mbit-v4.pcap,4,1514,1448,1500
gro-185k-10mbit-v4.pcap,4,1514,1448,1500
gro-185k-10mbit-v4.pcap,4,1514,1448,1500
gro-185k-10mbit-v4.pcap,4,1514,1448,1500
gro-185k-10mbit-v4.pcap,4,1514,1448,1500
gro-185k-10mbit-v4.pcap,4,1514,1448,1500
gro-185k-10mbit-v4.pcap,4,1514,1448,1500
gro-185k-10mbit-v4.pcap,4,1514,1448,1500
gro-185k-10mbit-v4.pcap,4,1514,1448,1500
gro-185k-10mbit-v4.pcap,4,1514,1448,1500
gro-185k-10mbit-v4.pcap,4,1514,1448,1500
gro-185k-10mbit-v4.pcap,4,1514,1448,1500
gro-185k-10mbit-v4.pcap,4,1514,1448,1500
gro-185k-10mbit-v4.pcap,4,1514,1448,1500
gro-185k-10mbit-v4.pcap,4,1514,1448,1500
gro-185k-10mbit-v4.pcap,4,1514,1448,1500
gro-185k-10mbit-v4.pcap,4,1514,1448,1500
gro-185k-10mbit-v4.pcap,4,1514,1448,1500
gro-185k-10mbit-v4.pcap,4,1514,1448,1500
gro-185k-10mbit-v4.pcap,4,1514,1448,1500
gro-185k-10mbit-v4.pcap,4,1514,1448,1500
gro-185k-10mbit-v4.pcap,4,1514,1448,1500
gro-185k-10mbit-v4.pcap,4,1514,1448,1500
gro-185k-10mbit-v4.pcap,4,1514,1448,1500
gro-185k-10mbit-v4.pcap,4,1514,1448,1500
gro-185k-10mbit-v4.pcap,4,1514,1448,1500
gro-185k-10mbit-v4.pcap,4,1514,1448,1500
gro-185k-10mbit-v4.pcap,4,1514,1448,1500
gro-185k-10mbit-v4.pcap,4,1514,1448,1500
gro-185k-10mbit-v4.pcap,4,1514,1448,1500
gro-185k-10mbit-v4.pcap,4,1514,1448,1500
gro-185k-10mbit-v4.pcap,4,1514,1448,1500
gro-185k-10mbit-v4.pcap,4,1514,1448,1500
gro-185k-10mbit-v4.pcap,4,1514,1448,1500
gro-185k-10mbit-v4.pcap,4,1514,1448,1500
gro-185k-10mbit-v4.pcap,4,1514,1448,1500
gro-185k-10mbit-v4.pcap,4,1514,1448,1500
gro-185k-10mbit-v4.pcap,4,1514,1448,1500
gro-185k-10mbit-v4.pcap,4,1514,1448,1500
gro-185k-10mbit-v4.pcap,4,1514,1448,1500
gro-185k-10mbit-v4.pcap,4,1514,1448,1500
gro-185k-10mbit-v4.pcap,4,1514,1448,1500
gro-185k-10mbit-v4.pcap,4,1514,1448,1500
gro-185k-10mbit-v4.pcap,4,1514,1448,1500
gro-185k-10mbit-v4.pcap,4,1514,1448,1500
gro-185k-10mbit-v4.pcap,4,1514,1448,1500
gro-185k-10mbit-v4.pcap,4,1514,1448,1500
gro-185k-10mbit-v4.pcap,4,1514,1448,1500
gro-185k-10mbit-v4.pcap,4,1514,1448,1500
gro-185k-10mbit-v4.pcap,4,1514,1448,1500
gro-185k-10mbit-v4.pcap,4,1514,1448,1500
gro-185k-10mbit-v4.pcap,4,1514,1448,1500
gro-185k-10mbit-v4.pcap,4,1514,1448,1500
gro-185k-10mbit-v4.pcap,4,1514,1448,1500
gro-185k-10mbit-v4.pcap,4,1514,1448,1500
gro-185k-10mbit-v4.pcap,4,1514,1448,1500
gro-185k-10mbit-v4.pcap,4,1514,1448,1500
gro-185k-10mbit-v4.pcap,4,1514,1448,1500
gro-185k-10mbit-v4.pcap,4,1514,1448,1500
gro-185k-10mbit-v4.pcap,4,1514,1448,1500
gro-185k-10mbit-v4.pcap,4,1514,1448,1500
gro-185k-10mbit-v4.pcap,4,1514,1448,1500
gro-185k-10mbit-v4.pcap,4,1514,1448,1500
gro-185k-10mbit-v4.pcap,4,1514,1448,1500
gro-185k-10mbit-v4.pcap,4,1514,1448,1500
gro-185k-10mbit-v4.pcap,4,1514,1448,1500
gro-185k-10mbit-v4.pcap,4,1514,1448,1500
gro-185k-10mbit-v4.pcap,4,1514,1448,1500
gro-185k-10mbit-v4.pcap,4,1514,1448,1500
gro-185k-10mbit-v4.pcap,4,1514,1448,1500
gro-185k-10mbit-v4.pcap,4,1514,1448,1500
gro-185k-10mbit-v4.pcap,4,1514,1448,1500
gro-185k-10mbit-v4.pcap,4,1514,1448,1500
gro-185k-10mbit-v4.pcap,4,1514,1448,1500
gro-185k-10mbit-v4.pcap,4,1514,1448,1500
gro-185k-10mbit-v4.pcap,4,1514,1448,1500
gro-185k-10mbit-v4.pcap,4,1514,1448,1500
gro-185k-10mbit-v4.pcap,4,1514,1448,1500
gro-185k-10mbit-v4.pcap,4,1514,1448,1500
gro-185k-10mbit-v4.pcap,4,1514,1448,1500
gro-185k-10mbit-v4.pcap,4,1514,1448,1500
gro-185k-10mbit-v4.pcap,4,1514,1448,1500
gro-185k-10mbit-v4.pcap,4,1514,1448,1500
gro-185k-10mbit-v4.pcap,4,1514,1448,1500
gro-185k-10mbit-v4.pcap,4,1514,1448,1500
gro-185k-10mbit-v4.pcap,4,1514,1448,1500
gro-185k-10mbit-v4.pcap,4,1514,1448,1500
gro-185k-10mbit-v4.pcap,4,1514,1448,1500
gro-185k-10mbit-v4.pcap,4,1514,1448,1500
gro-185k-10mbit-v4.pcap,4,1514,1448,1500
gro-185k-10mbit-v4.pcap,4,1514,1448,1500
gro-185k-10mbit-v4.pcap,4,1514,1448,1500
gro-185k-10mbit-v4.pcap,4,1514,1448,1500
gro-185k-10mbit-v4.pcap,4,1514,1448,1500
gro-185k-10mbit-v4.pcap,4,1514,1448,1500
gro-185k-10mbit-v4.pcap,4,1514,1448,1500
gro-185k-10mbit-v4.pcap,4,1514,1448,1500
gro-185k-10mbit-v4.pcap,4,1514,1448,1500
gro-185k-10mbit-v4.pcap,4,1514,1448,1500
gro-185k-10mbit-v4.pcap,4,1514,1448,1500
gro-185k-10mbit-v4.pcap,4,1514,1448,1500
gro-185k-10mbit-v4.pcap,4,1514,1448,1500
gro-185k-10mbit-v4.pcap,4,1514,1448,1500
gro-185k-10mbit-v4.pcap,4,1514,1448,1500
gro-185k-10mbit-v4.pcap,4,1514,1448,1500
gro-185k-10mbit-v4.pcap,4,1514,1448,1500
gro-185k-10mbit-v4.pcap,4,1514,1448,1500
gro-185k-10mbit-v4.pcap,4,1514,1448,1500
gro-185k-10mbit-v4.pcap,4,1514,1448,1500
gro-185k-10mbit-v4.pcap,4,1514,1448,1500
gro-185k-10mbit-v4.pcap,4,1514,1448,1500
gro-185k-10mbit-v4.pcap,4,1514,1448,1500
gro-185k-10mbit-v4.pcap,4,1514,1448,1500
gro-185k-10mbit-v4.pcap,4,1514,1448,1500
gro-185k-10mbit-v4.pcap,4,1514,1448,1500
gro-185k-10mbit-v4.pcap,4,1514,1448,1500
gro-185k-10mbit-v4.pcap,4,1514,1448,1500
gro-185k-10mbit-v4.pcap,4,1514,1448,1500
gro-185k-10mbit-v4.pcap,4,1514,1448,1500
gro-185k-10mbit-v4.pcap,4,1514,1448,1500
gro-185k-10mbit-v4.pcap,4,1514,1448,1500
gro-185k-10mbit-v4.pcap,4,1514,1448,1500
gro-185k-10mbit-v4.pcap,4,1514,1448,1500
gro-185k-10mbit-v4.pcap,4,1514,1448,1500
gro-185k-10mbit-v4.pcap,4,1514,1448,1500
gro-185k-10mbit-v4.pcap,4,1514,1448,1500
gro-185k-10mbit-v4.pcap,4,1514,1448,1500
gro-185k-10mbit-v4.pcap,4,1514,1448,1500
gro-185k-10mbit-v4.pcap,4,1514,1448,1500
gro-185k-10mbit-v4.pcap,4,1514,1448,1500
gro-185k-10mbit-v4.pcap,4,1514,1448,1500
gro-185k-10mbit-v4.pcap,4,1514,1448,1500
gro-185k-10mbit-v4.pcap,4,1514,1448,1500
gro-185k-10mbit-v4.pcap,4,1514,1448,1500
gro-185k-10mbit-v4.pcap,4,1514,1448,1500
gro-185k-10mbit-v4.pcap,4,1514,1448,1500
gro-185k-10mbit-v4.pcap,4,1514,1448,1500
gro-185k-10mbit-v4.pcap,4,1514,1448,1500
gro-185k-10mbit-v4.pcap,4,1514,1448,1500
gro-185k-10mbit-v4.pcap,4,1514,1448,1500
gro-185k-10mbit-v4.pcap,4,1514,1448,1500
gro-185k-10mbit-v4.pcap,4,1514,1448,1500
gro-185k-10mbit-v4.pcap,4,1514,1448,1500
gro-185k-10mbit-v4.pcap,4,1514,1448,1500
gro-185k-10mbit-v4.pcap,4,1514,1448,1500
gro-185k-10mbit-v4.pcap,4,1514,1448,1500
gro-185k-10mbit-v4.pcap,4,1514,1448,1500
gro-185k-10mbit-v4.pcap,4,1514,1448,1500
gro-185k-10mbit-v4.pcap,4,1514,1448,1500
gro-185k-10mbit-v4.pcap,4,1514,1448,1500
gro-185k-10mbit-v4.pcap,4,1514,1448,1500
gro-185k-10mbit-v4.pcap,4,1514,1448,1500
gro-185k-10mbit-v4.pcap,4,1514,1448,1500
gro-185k-10mbit-v4.pcap,4,1514,1448,1500
gro-185k-10mbit-v4.pcap,4,1514,1448,1500
gro-185k-10mbit-v4.pcap,4,1514,1448,1500
gro-185k-10mbit-v4.pcap,4,1514,1448,1500
gro-185k-10mbit-v4.pcap,4,1514,1448,1500
gro-185k-10mbit-v4.pcap,4,1514,1448,1500
gro-185k-10mbit-v4.pcap,4,1514,1448,1500
gro-185k-10mbit-v4.pcap,4,1514,1448,1500
gro-185k-10mbit-v4.pcap,4,1514,1448,1500
gro-185k-10mbit-v4.pcap,4,1514,1448,1500
gro-185k-10mbit-v4.pcap,4,1514,1448,1500
gro-185k-10mbit-v4.pcap,4,1514,1448,1500
gro-185k-10mbit-v4.pcap,4,1514,1448,1500
gro-185k-10mbit-v4.pcap,4,1514,1448,1500
gro-185k-10mbit-v4.pcap,4,1514,1448,1500
gro-185k-10mbit-v4.pcap,4,1514,1448,1500
gro-185k-10mbit-v4.pcap,4,1514,1448,1500
gro-185k-10mbit-v4.pcap,4,1514,1448,1500
gro-185k-10mbit-v4.pcap,4,1514,1448,1500
gro-185k-10mbit-v4.pcap,4,1514,1448,1500
gro-185k-10mbit-v4.pcap,4,1514,1448,1500
gro-185k-10mbit-v4.pcap,4,1514,1448,1500
gro-185k-10mbit-v4.pcap,4,1514,1448,1500
gro-185k-10mbit-v4.pcap,4,1514,1448,1500
gro-185k-10mbit-v4.pcap,4,1514,1448,1500
gro-185k-10mbit-v4.pcap,4,1514,1448,1500
gro-185k-10mbit-v4.pcap,4,1514,1448,1500
gro-185k-10mbit-v4.pcap,4,1514,1448,1500
gro-185k-10mbit-v4.pcap,4,1514,1448,1500
gro-185k-10mbit-v4.pcap,4,1514,1448,1500
gro-185k-10mbit-v4.pcap,4,1514,1448,1500
gro-185k-10mbit-v4.pcap,4,1514,1448,1500
gro-185k-10mbit-v4.pcap,4,1514,1448,1500
gro-185k-10mbit-v4.pcap,4,1514,1448,1500
gro-185k-10mbit-v4.pcap,4,1514,1448,1500
gro-185k-10mbit-v4.pcap,4,1514,1448,1500
gro-185k-10mbit-v4.pcap,4,1514,1448,1500
gro-185k-10mbit-v4.pcap,4,1514,1448,1500
gro-185k-10mbit-v4.pcap,4,1514,1448,1500
gro-185k-10mbit-v4.pcap,4,1514,1448,1500
gro-185k-10mbit-v4.pcap,4,1514,1448,1500
gro-185k-10mbit-v4.pcap,4,1514,1448,1500
gro-185k-10mbit-v4.pcap,4,1514,1448,1500
gro-185k-10mbit-v4.pcap,4,1514,1448,1500
gro-185k-10mbit-v4.pcap,4,1514,1448,1500
gro-185k-10mbit-v4.pcap,4,1514,1448,1500
gro-185k-10mbit-v4.pcap,4,1514,1448,1500
gro-185k-10mbit-v4.pcap,4,1514,1448,1500
gro-185k-10mbit-v4.pcap,4,1514,1448,1500
gro-185k-10mbit-v4.pcap,4,1514,1448,1500
gro-185k-10mbit-v4.pcap,4,1514,1448,1500
gro-185k-10mbit-v4.pcap,4,1514,1448,1500
gro-185k-10mbit-v4.pcap,4,1514,1448,1500
gro-185k-10mbit-v4.pcap,4,1514,1448,1500
gro-185k-10mbit-v4.pcap,4,1514,1448,1500
gro-185k-10mbit-v4.pcap,4,1514,1448,1500
gro-185k-10mbit-v4.pcap,4,1514,1448,1500
gro-185k-10mbit-v4.pcap,4,1514,1448,1500
gro-185k-10mbit-v4.pcap,4,1514,1448,1500
gro-185k-10mbit-v4.pcap,4,1514,1448,1500
gro-185k-10mbit-v4.pcap,4,1514,1448,1500
gro-185k-10mbit-v4.pcap,4,1514,1448,1500
gro-185k-10mbit-v4.pcap,4,1514,1448,1500
gro-185k-10mbit-v4.pcap,4,1514,1448,1500
gro-185k-10mbit-v4.pcap,4,1514,1448,1500
gro-185k-10mbit-v4.pcap,4,1514,1448,1500
gro-185k-10mbit-v4.pcap,4,1514,1448,1500
gro-185k-10mbit-v4.pcap,4,1514,1448,1500
gro-185k-10mbit-v4.pcap,4,1514,1448,1500
gro-185k-10mbit-v4.pcap,4,1514,1448,1500
gro-185k-10mbit-v4.pcap,4,1514,1448,1500
gro-185k-10mbit-v4.pcap,4,1514,1448,1500
gro-185k-10mbit-v4.pcap,4,1514,1448,1500
gro-185k-10mbit-v4.pcap,4,1514,1448,1500
gro-185k-10mbit-v4.pcap,4,1514,1448,1500
gro-185k-10mbit-v4.pcap,4,1514,1448,1500
gro-185k-10mbit-v4.pcap,4,1514,1448,1500
gro-185k-10mbit-v4.pcap,4,1514,1448,1500
gro-185k-10mbit-v4.pcap,4,1514,1448,1500
gro-185k-10mbit-v4.pcap,4,1514,1448,1500
gro-185k-10mbit-v4.pcap,4,1514,1448,1500
gro-185k-10mbit-v4.pcap,4,1514,1448,1500
gro-185k-10mbit-v4.pcap,4,1514,1448,1500
gro-185k-10mbit-v4.pcap,4,1514,1448,1500
gro-185k-10mbit-v4.pcap,4,1514,1448,1500
gro-185k-10mbit-v4.pcap,4,1514,1448,1500
gro-185k-10mbit-v4.pcap,4,1514,1448,1500
gro-185k-10mbit-v4.pcap,4,1514,1448,1500
gro-185k-10mbit-v4.pcap,4,1514,1448,1500
gro-185k-10mbit-v4.pcap,4,1514,1448,1500
gro-185k-10mbit-v4.pcap,4,1514,1448,1500
gro-185k-10mbit-v4.pcap,4,1514,1448,1500
gro-185k-10mbit-v4.pcap,4,1514,1448,1500
gro-185k-10mbit-v4.pcap,4,1514,1448,1500
gro-185k-10mbit-v4.pcap,4,1514,1448,1500
gro-185k-10mbit-v4.pcap,4,1514,1448,1500
gro-185k-10mbit-v4.pcap,4,1514,1448,1500
gro-185k-10mbit-v4.pcap,4,1514,1448,1500
gro-185k-10mbit-v4.pcap,4,1514,1448,1500
gro-185k-10mbit-v4.pcap,4,1514,1448,1500
gro-185k-10mbit-v4.pcap,4,1514,1448,1500
gro-185k-10mbit-v4.pcap,4,1514,1448,1500
gro-185k-10mbit-v4.pcap,4,1514,1448,1500
gro-185k-10mbit-v4.pcap,4,1514,1448,1500
gro-185k-10mbit-v4.pcap,4,1514,1448,1500
gro-185k-10mbit-v4.pcap,4,1514,1448,1500
gro-185k-10mbit-v4.pcap,4,1514,1448,1500
gro-185k-10mbit-v4.pcap,4,1514,1448,1500
gro-185k-10mbit-v4.pcap,4,1514,1448,1500
gro-185k-10mbit-v4.pcap,4,1514,1448,1500
gro-185k-10mbit-v4.pcap,4,1514,1448,1500
gro-185k-10mbit-v4.pcap,4,1514,1448,1500
gro-185k-10mbit-v4.pcap,4,1514,1448,1500
gro-185k-10mbit-v4.pcap,4,1514,1448,1500
gro-185k-10mbit-v4.pcap,4,1514,1448,1500
gro-185k-10mbit-v4.pcap,4,1514,1448,1500
gro-185k-10mbit-v4.pcap,4,1514,1448,1500
gro-185k-10mbit-v4.pcap,4,1514,1448,1500
gro-185k-10mbit-v4.pcap,4,1514,1448,1500
gro-185k-10mbit-v4.pcap,4,1514,1448,1500
gro-185k-10mbit-v4.pcap,4,1514,1448,1500
gro-185k-10mbit-v4.pcap,4,1514,1448,1500
gro-185k-10mbit-v4.pcap,4,1514,1448,1500
gro-185k-10mbit-v4.pcap,4,1514,1448,1500
gro-185k-10mbit-v4.pcap,4,1514,1448,1500
gro-185k-10mbit-v4.pcap,4,1514,1448,1500
gro-185k-10mbit-v4.pcap,4,1514,1448,1500
gro-185k-10mbit-v4.pcap,4,1514,1448,1500
gro-185k-10mbit-v4.pcap,4,1514,1448,1500
gro-185k-10mbit-v4.pcap,4,1514,1448,1500
gro-185k-10mbit-v4.pcap,4,1514,1448,1500
gro-185k-10mbit-v4.pcap,4,1514,1448,1500
gro-185k-10mbit-v4.pcap,4,1514,1448,1500
gro-185k-10mbit-v4.pcap,4,1514,1448,1500
gro-185k-10mbit-v4.pcap,4,1514,1448,1500
gro-185k-10mbit-v4.pcap,4,1514,1448,1500
gro-185k-10mbit-v4.pcap,4,1514,1448,1500
gro-185k-10mbit-v4.pcap,4,1514,1448,1500
gro-185k-10mbit-v4.pcap,4,1514,1448,1500
gro-185k-10mbit-v4.pcap,4,1514,1448,1500
gro-185k-10mbit-v4.pcap,4,1514,1448,1500
gro-185k-10mbit-v4.pcap,4,1514,1448,1500
gro-185k-10mbit-v4.pcap,4,1514,1448,1500
gro-185k-10mbit-v4.pcap,4,1514,1448,1500
gro-185k-10mbit-v4.pcap,4,1514,1448,1500
gro-185k-10mbit-v4.pcap,4,1514,1448,1500
gro-185k-10mbit-v4.pcap,4,1514,1448,1500
gro-185k-10mbit-v4.pcap,4,1514,1448,1500
gro-185k-10mbit-v4.pcap,4,1514,1448,1500
gro-185k-10mbit-v4.pcap,4,1514,1448,1500
gro-185k-10mbit-v4.pcap,4,1514,1448,1500
gro-185k-10mbit-v4.pcap,4,1514,1448,1500
gro-185k-10mbit-v4.pcap,4,1514,1448,1500
gro-185k-10mbit-v4.pcap,4,1514,1448,1500
gro-185k-10mbit-v4.pcap,4,1514,1448,1500
gro-185k-10mbit-v4.pcap,4,1514,1448,1500
gro-185k-10mbit-v4.pcap,4,1514,1448,1500
gro-185k-10mbit-v4.pcap,4,1514,1448,1500
gro-185k-10mbit-v4.pcap,4,1514,1448,1500
gro-185k-10mbit-v4.pcap,4,1514,1448,1500
gro-185k-10mbit-v4.pcap,4,1514,1448,1500
gro-185k-10mbit-v4.pcap,4,1514,1448,1500
gro-185k-10mbit-v4.pcap,4,1514,1448,1500
gro-185k-10mbit-v4.pcap,4,1514,1448,1500
gro-185k-10mbit-v4.pcap,4,1514,1448,1500
gro-185k-10mbit-v4.pcap,4,1514,1448,1500
gro-185k-10mbit-v4.pcap,4,1514,1448,1500
gro-185k-10mbit-v4.pcap,4,7026,6960,7012
gro-185k-10mbit-v4.pcap,4,1514,1448,1500
gro-185k-10mbit-v4.pcap,4,2962,2896,2948
gro-185k-10mbit-v4.pcap,4,1514,1448,1500
gro-185k-10mbit-v4.pcap,4,1514,1448,1500
gro-185k-10mbit-v4.pcap,4,1514,1448,1500
gro-185k-10mbit-v4.pcap,4,1514,1448,1500
gro-185k-10mbit-v4.pcap,4,1514,1448,1500
gro-185k-10mbit-v4.pcap,4,1514,1448,1500
gro-185k-10mbit-v4.pcap,4,1514,1448,1500
gro-185k-10mbit-v4.pcap,4,1514,1448,1500
gro-185k-10mbit-v4.pcap,4,1514,1448,1500
gro-185k-10mbit-v4.pcap,4,1514,1448,1500
gro-185k-10mbit-v4.pcap,4,1514,1448,1500
gro-185k-10mbit-v4.pcap,4,1514,1448,1500
gro-185k-10mbit-v4.pcap,4,1514,1448,1500
gro-185k-10mbit-v4.pcap,4,1514,1448,1500
gro-185k-10mbit-v4.pcap,4,1514,1448,1500
gro-185k-10mbit-v4.pcap,4,1514,1448,1500
gro-185k-10mbit-v4.pcap,4,1514,1448,1500
gro-185k-10mbit-v4.pcap,4,1514,1448,1500
gro-185k-10mbit-v4.pcap,4,1514,1448,1500
gro-185k-10mbit-v4.pcap,4,1514,1448,1500
gro-185k-10mbit-v4.pcap,4,1514,1448,1500
gro-185k-10mbit-v4.pcap,4,1514,1448,1500
gro-185k-10mbit-v4.pcap,4,1514,1448,1500
gro-185k-10mbit-v4.pcap,4,1514,1448,1500
gro-185k-10mbit-v4.pcap,4,1514,1448,1500
gro-185k-10mbit-v4.pcap,4,1514,1448,1500
gro-185k-10mbit-v4.pcap,4,1514,1448,1500
gro-185k-10mbit-v4.pcap,4,1514,1448,1500
gro-185k-10mbit-v4.pcap,4,1514,1448,1500
gro-185k-10mbit-v4.pcap,4,1514,1448,1500
gro-185k-10mbit-v4.pcap,4,1514,1448,1500
gro-185k-10mbit-v4.pcap,4,1514,1448,1500
gro-185k-10mbit-v4.pcap,4,1514,1448,1500
gro-185k-10mbit-v4.pcap,4,1514,1448,1500
gro-185k-10mbit-v4.pcap,4,1514,1448,1500
gro-185k-10mbit-v4.pcap,4,1514,1448,1500
gro-185k-10mbit-v4.pcap,4,1514,1448,1500
gro-185k-10mbit-v4.pcap,4,1514,1448,1500
gro-185k-10mbit-v4.pcap,4,1514,1448,1500
gro-185k-10mbit-v4.pcap,4,1514,1448,1500
gro-185k-10mbit-v4.pcap,4,1514,1448,1500
gro-185k-10mbit-v4.pcap,4,1514,1448,1500
gro-185k-10mbit-v4.pcap,4,1514,1448,1500
gro-185k-10mbit-v4.pcap,4,1514,1448,1500
gro-185k-10mbit-v4.pcap,4,1514,1448,1500
gro-185k-10mbit-v4.pcap,4,1514,1448,1500
gro-185k-10mbit-v4.pcap,4,1514,1448,1500
gro-185k-10mbit-v4.pcap,4,1514,1448,1500
gro-185k-10mbit-v4.pcap,4,1514,1448,1500
gro-185k-10mbit-v4.pcap,4,1514,1448,1500
gro-185k-10mbit-v4.pcap,4,1514,1448,1500
gro-185k-10mbit-v4.pcap,4,1514,1448,1500
gro-185k-10mbit-v4.pcap,4,1514,1448,1500
gro-185k-10mbit-v4.pcap,4,1514,1448,1500
gro-185k-10mbit-v4.pcap,4,1514,1448,1500
gro-185k-10mbit-v4.pcap,4,1514,1448,1500
gro-185k-10mbit-v4.pcap,4,1514,1448,1500
gro-185k-10mbit-v4.pcap,4,1514,1448,1500
gro-185k-10mbit-v4.pcap,4,1514,1448,1500
gro-185k-10mbit-v4.pcap,4,1514,1448,1500
gro-185k-10mbit-v4.pcap,4,1514,1448,1500
gro-185k-10mbit-v4.pcap,4,1514,1448,1500
gro-185k-10mbit-v4.pcap,4,1514,1448,1500
gro-185k-10mbit-v4.pcap,4,1514,1448,1500
gro-185k-10mbit-v4.pcap,4,1514,1448,1500
gro-185k-10mbit-v4.pcap,4,1514,1448,1500
gro-185k-10mbit-v4.pcap,4,1514,1448,1500
gro-185k-10mbit-v4.pcap,4,1514,1448,1500
gro-185k-10mbit-v4.pcap,4,1514,1448,1500
gro-185k-10mbit-v4.pcap,4,1514,1448,1500
gro-185k-10mbit-v4.pcap,4,1514,1448,1500
gro-185k-10mbit-v4.pcap,4,1514,1448,1500
gro-185k-10mbit-v4.pcap,4,1514,1448,1500
gro-185k-10mbit-v4.pcap,4,1514,1448,1500
gro-185k-10mbit-v4.pcap,4,1514,1448,1500
gro-185k-10mbit-v4.pcap,4,1514,1448,1500
gro-185k-10mbit-v4.pcap,4,1514,1448,1500
gro-185k-10mbit-v4.pcap,4,1514,1448,1500
gro-185k-10mbit-v4.pcap,4,1514,1448,1500
gro-185k-10mbit-v4.pcap,4,1514,1448,1500
gro-185k-10mbit-v4.pcap,4,1514,1448,1500
gro-185k-10mbit-v4.pcap,4,1514,1448,1500
gro-185k-10mbit-v4.pcap,4,1514,1448,1500
gro-185k-10mbit-v4.pcap,4,1514,1448,1500
gro-185k-10mbit-v4.pcap,4,1514,1448,1500
gro-185k-10mbit-v4.pcap,4,1514,1448,1500
gro-185k-10mbit-v4.pcap,4,1514,1448,1500
gro-185k-10mbit-v4.pcap,4,1514,1448,1500
gro-185k-10mbit-v4.pcap,4,1514,1448,1500
gro-185k-10mbit-v4.pcap,4,1514,1448,1500
gro-185k-10mbit-v4.pcap,4,1514,1448,1500
gro-185k-10mbit-v4.pcap,4,1514,1448,1500
gro-185k-10mbit-v4.pcap,4,1514,1448,1500
gro-185k-10mbit-v4.pcap,4,1514,1448,1500
gro-185k-10mbit-v4.pcap,4,1514,1448,1500
gro-185k-10mbit-v4.pcap,4,1514,1448,1500
gro-185k-10mbit-v4.pcap,4,1514,1448,1500
gro-185k-10mbit-v4.pcap,4,1514,1448,1500
gro-185k-10mbit-v4.pcap,4,1514,1448,1500
gro-185k-10mbit-v4.pcap,4,1514,1448,1500
gro-185k-10mbit-v4.pcap,4,1514,1448,1500
gro-185k-10mbit-v4.pcap,4,1514,1448,1500
gro-185k-10mbit-v4.pcap,4,1514,1448,1500
gro-185k-10mbit-v4.pcap,4,1514,1448,1500
gro-185k-10mbit-v4.pcap,4,1514,1448,1500
gro-185k-10mbit-v4.pcap,4,1514,1448,1500
gro-185k-10mbit-v4.pcap,4,1514,1448,1500
gro-185k-10mbit-v4.pcap,4,1514,1448,1500
gro-185k-10mbit-v4.pcap,4,1514,1448,1500
gro-185k-10mbit-v4.pcap,4,1514,1448,1500
gro-185k-10mbit-v4.pcap,4,1514,1448,1500
gro-185k-10mbit-v4.pcap,4,1514,1448,1500
gro-185k-10mbit-v4.pcap,4,1514,1448,1500
gro-185k-10mbit-v4.pcap,4,1514,1448,1500
gro-185k-10mbit-v4.pcap,4,1514,1448,1500
gro-185k-10mbit-v4.pcap,4,1514,1448,1500
gro-185k-10mbit-v4.pcap,4,1514,1448,1500
gro-185k-10mbit-v4.pcap,4,1514,1448,1500
gro-185k-10mbit-v4.pcap,4,1514,1448,1500
gro-185k-10mbit-v4.pcap,4,1514,1448,1500
gro-185k-10mbit-v4.pcap,4,1514,1448,1500
gro-185k-10mbit-v4.pcap,4,1514,1448,1500
gro-185k-10mbit-v4.pcap,4,1514,1448,1500
gro-185k-10mbit-v4.pcap,4,1514,1448,1500
gro-185k-10mbit-v4.pcap,4,1514,1448,1500
gro-185k-10mbit-v4.pcap,4,1514,1448,1500
gro-185k-10mbit-v4.pcap,4,1514,1448,1500
gro-185k-10mbit-v4.pcap,4,1514,1448,1500
gro-185k-10mbit-v4.pcap,4,1514,1448,1500
gro-185k-10mbit-v4.pcap,4,1514,1448,1500
gro-185k-10mbit-v4.pcap,4,1514,1448,1500
gro-185k-10mbit-v4.pcap,4,1514,1448,1500
gro-185k-10mbit-v4.pcap,4,1514,1448,1500
gro-185k-10mbit-v4.pcap,4,1514,1448,1500
gro-185k-10mbit-v4.pcap,4,1514,1448,1500
gro-185k-10mbit-v4.pcap,4,1514,1448,1500
gro-185k-10mbit-v4.pcap,4,1514,1448,1500
gro-185k-10mbit-v4.pcap,4,1514,1448,1500
gro-185k-10mbit-v4.pcap,4,1514,1448,1500
gro-185k-10mbit-v4.pcap,4,1514,1448,1500
gro-185k-10mbit-v4.pcap,4,1514,1448,1500
gro-185k-10mbit-v4.pcap,4,1514,1448,1500
gro-185k-10mbit-v4.pcap,4,1514,1448,1500
gro-185k-10mbit-v4.pcap,4,1514,1448,1500
gro-185k-10mbit-v4.pcap,4,1514,1448,1500
gro-185k-10mbit-v4.pcap,4,1514,1448,1500
gro-185k-10mbit-v4.pcap,4,1514,1448,1500
gro-185k-10mbit-v4.pcap,4,1514,1448,1500
gro-185k-10mbit-v4.pcap,4,1514,1448,1500
gro-185k-10mbit-v4.pcap,4,1514,1448,1500
gro-185k-10mbit-v4.pcap,4,1514,1448,1500
gro-185k-10mbit-v4.pcap,4,1514,1448,1500
gro-185k-10mbit-v4.pcap,4,1514,1448,1500
gro-185k-10mbit-v4.pcap,4,1514,1448,1500
gro-185k-10mbit-v4.pcap,4,1514,1448,1500
gro-185k-10mbit-v4.pcap,4,1514,1448,1500
gro-185k-10mbit-v4.pcap,4,1514,1448,1500
gro-185k-10mbit-v4.pcap,4,1514,1448,1500
gro-185k-10mbit-v4.pcap,4,1514,1448,1500
gro-185k-10mbit-v4.pcap,4,1514,1448,1500
gro-185k-10mbit-v4.pcap,4,1514,1448,1500
gro-185k-10mbit-v4.pcap,4,1514,1448,1500
gro-185k-10mbit-v4.pcap,4,1514,1448,1500
gro-185k-10mbit-v4.pcap,4,1514,1448,1500
gro-185k-10mbit-v4.pcap,4,1514,1448,1500
gro-185k-10mbit-v4.pcap,4,1514,1448,1500
gro-185k-10mbit-v4.pcap,4,1514,1448,1500
gro-185k-10mbit-v4.pcap,4,1514,1448,1500
gro-185k-10mbit-v4.pcap,4,1514,1448,1500
gro-185k-10mbit-v4.pcap,4,1514,1448,1500
gro-185k-10mbit-v4.pcap,4,1514,1448,1500
gro-185k-10mbit-v4.pcap,4,1514,1448,1500
gro-185k-10mbit-v4.pcap,4,1514,1448,1500
gro-185k-10mbit-v4.pcap,4,1514,1448,1500
gro-185k-10mbit-v4.pcap,4,1514,1448,1500
gro-185k-10mbit-v4.pcap,4,1514,1448,1500
gro-185k-10mbit-v4.pcap,4,1514,1448,1500
gro-185k-10mbit-v4.pcap,4,1514,1448,1500
gro-185k-10mbit-v4.pcap,4,1514,1448,1500
gro-185k-10mbit-v4.pcap,4,1514,1448,1500
gro-185k-10mbit-v4.pcap,4,1514,1448,1500
gro-185k-10mbit-v4.pcap,4,1514,1448,1500
gro-185k-10mbit-v4.pcap,4,1514,1448,1500
gro-185k-10mbit-v4.pcap,4,1514,1448,1500
gro-185k-10mbit-v4.pcap,4,1514,1448,1500
gro-185k-10mbit-v4.pcap,4,1514,1448,1500
gro-185k-10mbit-v4.pcap,4,1514,1448,1500
gro-185k-10mbit-v4.pcap,4,1514,1448,1500
gro-185k-10mbit-v4.pcap,4,1514,1448,1500
gro-185k-10mbit-v4.pcap,4,1514,1448,1500
gro-185k-10mbit-v4.pcap,4,1514,1448,1500
gro-185k-10mbit-v4.pcap,4,1514,1448,1500
gro-185k-10mbit-v4.pcap,4,1514,1448,1500
gro-185k-10mbit-v4.pcap,4,1514,1448,1500
gro-185k-10mbit-v4.pcap,4,1514,1448,1500
gro-185k-10mbit-v4.pcap,4,1514,1448,1500
gro-185k-10mbit-v4.pcap,4,1514,1448,1500
gro-185k-10mbit-v4.pcap,4,1514,1448,1500
gro-185k-10mbit-v4.pcap,4,1514,1448,1500
gro-185k-10mbit-v4.pcap,4,1514,1448,1500
gro-185k-10mbit-v4.pcap,4,1514,1448,1500
gro-185k-10mbit-v4.pcap,4,1514,1448,1500
gro-185k-10mbit-v4.pcap,4,1514,1448,1500
gro-185k-10mbit-v4.pcap,4,1514,1448,1500
gro-185k-10mbit-v4.pcap,4,1514,1448,1500
gro-185k-10mbit-v4.pcap,4,1514,1448,1500
gro-185k-10mbit-v4.pcap,4,1514,1448,1500
gro-185k-10mbit-v4.pcap,4,1514,1448,1500
gro-185k-10mbit-v4.pcap,4,1514,1448,1500
gro-185k-10mbit-v4.pcap,4,1514,1448,1500
gro-185k-10mbit-v4.pcap,4,1514,1448,1500
gro-185k-10mbit-v4.pcap,4,1514,1448,1500
gro-185k-10mbit-v4.pcap,4,1514,1448,1500
gro-185k-10mbit-v4.pcap,4,1514,1448,1500
gro-185k-10mbit-v4.pcap,4,1514,1448,1500
gro-185k-10mbit-v4.pcap,4,1514,1448,1500
gro-185k-10mbit-v4.pcap,4,1514,1448,1500
gro-185k-10mbit-v4.pcap,4,1514,1448,1500
gro-185k-10mbit-v4.pcap,4,1514,1448,1500
gro-185k-10mbit-v4.pcap,4,1514,1448,1500
gro-185k-10mbit-v4.pcap,4,1514,1448,1500
gro-185k-10mbit-v4.pcap,4,1514,1448,1500
gro-185k-10mbit-v4.pcap,4,1514,1448,1500
gro-185k-10mbit-v4.pcap,4,1514,1448,1500
gro-185k-10mbit-v4.pcap,4,1514,1448,1500
gro-185k-10mbit-v4.pcap,4,1514,1448,1500
gro-185k-10mbit-v4.pcap,4,1514,1448,1500
gro-185k-10mbit-v4.pcap,4,1514,1448,1500
gro-185k-10mbit-v4.pcap,4,1514,1448,1500
gro-185k-10mbit-v4.pcap,4,1514,1448,1500
gro-185k-10mbit-v4.pcap,4,1514,1448,1500
gro-185k-10mbit-v4.pcap,4,1514,1448,1500
gro-185k-10mbit-v4.pcap,4,1514,1448,1500
gro-185k-10mbit-v4.pcap,4,1514,1448,1500
gro-185k-10mbit-v4.pcap,4,1514,1448,1500
gro-185k-10mbit-v4.pcap,4,1514,1448,1500
gro-185k-10mbit-v4.pcap,4,1514,1448,1500
gro-185k-10mbit-v4.pcap,4,1514,1448,1500
gro-185k-10mbit-v4.pcap,4,1514,1448,1500
gro-185k-10mbit-v4.pcap,4,1514,1448,1500
gro-185k-10mbit-v4.pcap,4,1514,1448,1500
gro-185k-10mbit-v4.pcap,4,1514,1448,1500
gro-185k-10mbit-v4.pcap,4,1514,1448,1500
gro-185k-10mbit-v4.pcap,4,1514,1448,1500
gro-185k-10mbit-v4.pcap,4,1514,1448,1500
gro-185k-10mbit-v4.pcap,4,1514,1448,1500
gro-185k-10mbit-v4.pcap,4,1514,1448,1500
gro-185k-10mbit-v4.pcap,4,1514,1448,1500
gro-185k-10mbit-v4.pcap,4,1514,1448,1500
gro-185k-10mbit-v4.pcap,4,1514,1448,1500
gro-185k-10mbit-v4.pcap,4,1514,1448,1500
gro-185k-10mbit-v4.pcap,4,1514,1448,1500
gro-185k-10mbit-v4.pcap,4,1514,1448,1500
gro-185k-10mbit-v4.pcap,4,1514,1448,1500
gro-185k-10mbit-v4.pcap,4,1514,1448,1500
gro-185k-10mbit-v4.pcap,4,1514,1448,1500
gro-185k-10mbit-v4.pcap,4,1514,1448,1500
gro-185k-10mbit-v4.pcap,4,1514,1448,1500
gro-185k-10mbit-v4.pcap,4,1514,1448,1500
gro-185k-10mbit-v4.pcap,4,1514,1448,1500
gro-185k-10mbit-v4.pcap,4,1514,1448,1500
gro-185k-10mbit-v4.pcap,4,1514,1448,1500
gro-185k-10mbit-v4.pcap,4,1514,1448,1500
gro-185k-10mbit-v4.pcap,4,1514,1448,1500
gro-185k-10mbit-v4.pcap,4,1514,1448,1500
gro-185k-10mbit-v4.pcap,4,1514,1448,1500
gro-185k-10mbit-v4.pcap,4,1514,1448,1500
gro-185k-10mbit-v4.pcap,4,1514,1448,1500
gro-185k-10mbit-v4.pcap,4,1514,1448,1500
gro-185k-10mbit-v4.pcap,4,1514,1448,1500
gro-185k-10mbit-v4.pcap,4,1514,1448,1500
gro-185k-10mbit-v4.pcap,4,1514,1448,1500
gro-185k-10mbit-v4.pcap,4,1514,1448,1500
gro-185k-10mbit-v4.pcap,4,1514,1448,1500
gro-185k-10mbit-v4.pcap,4,1514,1448,1500
gro-185k-10mbit-v4.pcap,4,1514,1448,1500
gro-185k-10mbit-v4.pcap,4,1514,1448,1500
gro-185k-10mbit-v4.pcap,4,1514,1448,1500
gro-185k-10mbit-v4.pcap,4,1514,1448,1500
gro-185k-10mbit-v4.pcap,4,1514,1448,1500
gro-185k-10mbit-v4.pcap,4,1514,1448,1500
gro-185k-10mbit-v4.pcap,4,1514,1448,1500
gro-185k-10mbit-v4.pcap,4,1514,1448,1500
gro-185k-10mbit-v4.pcap,4,1514,1448,1500
gro-185k-10mbit-v4.pcap,4,1514,1448,1500
gro-185k-10mbit-v4.pcap,4,1514,1448,1500
gro-185k-10mbit-v4.pcap,4,1514,1448,1500
gro-185k-10mbit-v4.pcap,4,1514,1448,1500
gro-185k-10mbit-v4.pcap,4,1514,1448,1500
gro-185k-10mbit-v4.pcap,4,1514,1448,1500
gro-185k-10mbit-v4.pcap,4,1514,1448,1500
gro-185k-10mbit-v4.pcap,4,1514,1448,1500
gro-185k-10mbit-v4.pcap,4,1514,1448,1500
gro-185k-10mbit-v4.pcap,4,1514,1448,1500
gro-185k-10mbit-v4.pcap,4,1514,1448,1500
gro-185k-10mbit-v4.pcap,4,1514,1448,1500
gro-185k-10mbit-v4.pcap,4,1514,1448,1500
gro-185k-10mbit-v4.pcap,4,1514,1448,1500
gro-185k-10mbit-v4.pcap,4,1514,1448,1500
gro-185k-10mbit-v4.pcap,4,1514,1448,1500
gro-185k-10mbit-v4.pcap,4,1514,1448,1500
gro-185k-10mbit-v4.pcap,4,1514,1448,1500
gro-185k-10mbit-v4.pcap,4,1514,1448,1500
gro-185k-10mbit-v4.pcap,4,1514,1448,1500
gro-185k-10mbit-v4.pcap,4,1514,1448,1500
gro-185k-10mbit-v4.pcap,4,1514,1448,1500
gro-185k-10mbit-v4.pcap,4,1514,1448,1500
gro-185k-10mbit-v4.pcap,4,1514,1448,1500
gro-185k-10mbit-v4.pcap,4,1514,1448,1500
gro-185k-10mbit-v4.pcap,4,1514,1448,1500
gro-185k-10mbit-v4.pcap,4,1514,1448,1500
gro-185k-10mbit-v4.pcap,4,1514,1448,1500
gro-185k-10mbit-v4.pcap,4,1514,1448,1500
gro-185k-10mbit-v4.pcap,4,1514,1448,1500
gro-185k-10mbit-v4.pcap,4,1514,1448,1500
gro-185k-10mbit-v4.pcap,4,1514,1448,1500
gro-185k-10mbit-v4.pcap,4,1514,1448,1500
gro-185k-10mbit-v4.pcap,4,1514,1448,1500
gro-185k-10mbit-v4.pcap,4,1514,1448,1500
gro-185k-10mbit-v4.pcap,4,1514,1448,1500
gro-185k-10mbit-v4.pcap,4,1514,1448,1500
gro-185k-10mbit-v4.pcap,4,1514,1448,1500
gro-185k-10mbit-v4.pcap,4,1514,1448,1500
gro-185k-10mbit-v4.pcap,4,1514,1448,1500
gro-185k-10mbit-v4.pcap,4,1514,1448,1500
gro-185k-10mbit-v4.pcap,4,1514,1448,1500
gro-185k-10mbit-v4.pcap,4,1514,1448,1500
gro-185k-10mbit-v4.pcap,4,1514,1448,1500
gro-185k-10mbit-v4.pcap,4,1514,1448,1500
gro-185k-10mbit-v4.pcap,4,1514,1448,1500
gro-185k-10mbit-v4.pcap,4,1514,1448,1500
gro-185k-10mbit-v4.pcap,4,1514,1448,1500
gro-185k-10mbit-v4.pcap,4,1514,1448,1500
gro-185k-10mbit-v4.pcap,4,1514,1448,1500
gro-185k-10mbit-v4.pcap,4,1514,1448,1500
gro-185k-10mbit-v4.pcap,4,1514,1448,1500
gro-185k-10mbit-v4.pcap,4,1514,1448,1500
gro-185k-10mbit-v4.pcap,4,1514,1448,1500
gro-185k-10mbit-v4.pcap,4,1514,1448,1500
gro-185k-10mbit-v4.pcap,4,1514,1448,1500
gro-185k-10mbit-v4.pcap,4,1514,1448,1500
gro-185k-10mbit-v4.pcap,4,1514,1448,1500
gro-185k-10mbit-v4.pcap,4,1514,1448,1500
gro-185k-10mbit-v4.pcap,4,1514,1448,1500
gro-185k-10mbit-v4.pcap,4,1514,1448,1500
gro-185k-10mbit-v4.pcap,4,1514,1448,1500
gro-185k-10mbit-v4.pcap,4,1514,1448,1500
gro-185k-10mbit-v4.pcap,4,1514,1448,1500
gro-185k-10mbit-v4.pcap,4,1514,1448,1500
gro-185k-10mbit-v4.pcap,4,1514,1448,1500
gro-185k-10mbit-v4.pcap,4,1514,1448,1500
gro-185k-10mbit-v4.pcap,4,1514,1448,1500
gro-185k-10mbit-v4.pcap,4,1514,1448,1500
gro-185k-10mbit-v4.pcap,4,1514,1448,1500
gro-185k-10mbit-v4.pcap,4,1514,1448,1500
gro-185k-10mbit-v4.pcap,4,1514,1448,1500
gro-185k-10mbit-v4.pcap,4,1514,1448,1500
gro-185k-10mbit-v4.pcap,4,1514,1448,1500
gro-185k-10mbit-v4.pcap,4,1514,1448,1500
gro-185k-10mbit-v4.pcap,4,1514,1448,1500
gro-185k-10mbit-v4.pcap,4,1514,1448,1500
gro-185k-10mbit-v4.pcap,4,1514,1448,1500
gro-185k-10mbit-v4.pcap,4,1514,1448,1500
gro-185k-10mbit-v4.pcap,4,1514,1448,1500
gro-185k-10mbit-v4.pcap,4,1514,1448,1500
gro-185k-10mbit-v4.pcap,4,1514,1448,1500
gro-185k-10mbit-v4.pcap,4,1514,1448,1500
gro-185k-10mbit-v4.pcap,4,1514,1448,1500
gro-185k-10mbit-v4.pcap,4,1514,1448,1500
gro-185k-10mbit-v4.pcap,4,1514,1448,1500
gro-185k-10mbit-v4.pcap,4,1514,1448,1500
gro-185k-10mbit-v4.pcap,4,1514,1448,1500
gro-185k-10mbit-v4.pcap,4,1514,1448,1500
gro-185k-10mbit-v4.pcap,4,1514,1448,1500
gro-185k-10mbit-v4.pcap,4,1514,1448,1500
gro-185k-10mbit-v4.pcap,4,1514,1448,1500
gro-185k-10mbit-v4.pcap,4,1514,1448,1500
gro-185k-10mbit-v4.pcap,4,1514,1448,1500
gro-185k-10mbit-v4.pcap,4,1514,1448,1500
gro-185k-10mbit-v4.pcap,4,1514,1448,1500
gro-185k-10mbit-v4.pcap,4,1514,1448,1500
gro-185k-10mbit-v4.pcap,4,1514,1448,1500
gro-185k-10mbit-v4.pcap,4,1514,1448,1500
gro-185k-10mbit-v4.pcap,4,1514,1448,1500
gro-185k-10mbit-v4.pcap,4,1514,1448,1500
gro-185k-10mbit-v4.pcap,4,1514,1448,1500
gro-185k-10mbit-v4.pcap,4,1514,1448,1500
gro-185k-10mbit-v4.pcap,4,1514,1448,1500
gro-185k-10mbit-v4.pcap,4,1514,1448,1500
gro-185k-10mbit-v4.pcap,4,1514,1448,1500
gro-185k-10mbit-v4.pcap,4,1514,1448,1500
gro-185k-10mbit-v4.pcap,4,1514,1448,1500
gro-185k-10mbit-v4.pcap,4,1514,1448,1500
gro-185k-10mbit-v4.pcap,4,1514,1448,1500
gro-185k-10mbit-v4.pcap,4,1514,1448,1500
gro-185k-10mbit-v4.pcap,4,1514,1448,1500
gro-185k-10mbit-v4.pcap,4,1514,1448,1500
gro-185k-10mbit-v4.pcap,4,1514,1448,1500
gro-185k-10mbit-v4.pcap,4,1514,1448,1500
gro-185k-10mbit-v4.pcap,4,1514,1448,1500
gro-185k-10mbit-v4.pcap,4,1514,1448,1500
gro-185k-10mbit-v4.pcap,4,1514,1448,1500
gro-185k-10mbit-v4.pcap,4,1514,1448,1500
gro-185k-10mbit-v4.pcap,4,1514,1448,1500
gro-185k-10mbit-v4.pcap,4,1514,1448,1500
gro-185k-10mbit-v4.pcap,4,1514,1448,1500
gro-185k-10mbit-v4.pcap,4,1514,1448,1500
gro-185k-10mbit-v4.pcap,4,1514,1448,1500
gro-185k-10mbit-v4.pcap,4,1514,1448,1500
gro-185k-10mbit-v4.pcap,4,1514,1448,1500
gro-185k-10mbit-v4.pcap,4,1514,1448,1500
gro-185k-10mbit-v4.pcap,4,1514,1448,1500
gro-185k-10mbit-v4.pcap,4,1514,1448,1500
gro-185k-10mbit-v4.pcap,4,1514,1448,1500
gro-185k-10mbit-v4.pcap,4,1514,1448,1500
gro-185k-10mbit-v4.pcap,4,1514,1448,1500
gro-185k-10mbit-v4.pcap,4,1514,1448,1500
gro-185k-10mbit-v4.pcap,4,1514,1448,1500
gro-185k-10mbit-v4.pcap,4,1514,1448,1500
gro-185k-10mbit-v4.pcap,4,1514,1448,1500
gro-185k-10mbit-v4.pcap,4,1514,1448,1500
gro-185k-10mbit-v4.pcap,4,1514,1448,1500
gro-185k-10mbit-v4.pcap,4,1514,1448,1500
gro-185k-10mbit-v4.pcap,4,1514,1448,1500
gro-185k-10mbit-v4.pcap,4,1514,1448,1500
gro-185k-10mbit-v4.pcap,4,1514,1448,1500
gro-185k-10mbit-v4.pcap,4,1514,1448,1500
gro-185k-10mbit-v4.pcap,4,1514,1448,1500
gro-185k-10mbit-v4.pcap,4,1514,1448,1500
gro-185k-10mbit-v4.pcap,4,1514,1448,1500
gro-185k-10mbit-v4.pcap,4,1514,1448,1500
gro-185k-10mbit-v4.pcap,4,1514,1448,1500
gro-185k-10mbit-v4.pcap,4,1514,1448,1500
gro-185k-10mbit-v4.pcap,4,1514,1448,1500
gro-185k-10mbit-v4.pcap,4,1514,1448,1500
gro-185k-10mbit-v4.pcap,4,1514,1448,1500
gro-185k-10mbit-v4.pcap,4,1514,1448,1500
gro-185k-10mbit-v4.pcap,4,1514,1448,1500
gro-185k-10mbit-v4.pcap,4,1514,1448,1500
gro-185k-10mbit-v4.pcap,4,1514,1448,1500
gro-185k-10mbit-v4.pcap,4,1514,1448,1500
gro-185k-10mbit-v4.pcap,4,1514,1448,1500
gro-185k-10mbit-v4.pcap,4,1514,1448,1500
gro-185k-10mbit-v4.pcap,4,1514,1448,1500
gro-185k-10mbit-v4.pcap,4,1514,1448,1500
gro-185k-10mbit-v4.pcap,4,1514,1448,1500
gro-185k-10mbit-v4.pcap,4,1514,1448,1500
gro-185k-10mbit-v4.pcap,4,1514,1448,1500
gro-185k-10mbit-v4.pcap,4,1514,1448,1500
gro-185k-10mbit-v4.pcap,4,1514,1448,1500
gro-185k-10mbit-v4.pcap,4,1514,1448,1500
gro-185k-10mbit-v4.pcap,4,1514,1448,1500
gro-185k-10mbit-v4.pcap,4,1514,1448,1500
gro-185k-10mbit-v4.pcap,4,1514,1448,1500
gro-185k-10mbit-v4.pcap,4,1514,1448,1500
gro-185k-10mbit-v4.pcap,4,1514,1448,1500
gro-185k-10mbit-v4.pcap,4,1514,1448,1500
gro-185k-10mbit-v4.pcap,4,1514,1448,1500
gro-185k-10mbit-v4.pcap,4,1514,1448,1500
gro-185k-10mbit-v4.pcap,4,1514,1448,1500
gro-185k-10mbit-v4.pcap,4,1514,1448,1500
gro-185k-10mbit-v4.pcap,4,1514,1448,1500
gro-185k-10mbit-v4.pcap,4,1514,1448,1500
gro-185k-10mbit-v4.pcap,4,1514,1448,1500
gro-185k-10mbit-v4.pcap,4,1514,1448,1500
gro-185k-10mbit-v4.pcap,4,1514,1448,1500
gro-185k-10mbit-v4.pcap,4,1514,1448,1500
gro-185k-10mbit-v4.pcap,4,1514,1448,1500
gro-185k-10mbit-v4.pcap,4,1514,1448,1500
gro-185k-10mbit-v4.pcap,4,1514,1448,1500
gro-185k-10mbit-v4.pcap,4,1514,1448,1500
gro-185k-10mbit-v4.pcap,4,1514,1448,1500
gro-185k-10mbit-v4.pcap,4,1514,1448,1500
gro-185k-10mbit-v4.pcap,4,1514,1448,1500
gro-185k-10mbit-v4.pcap,4,1514,1448,1500
gro-185k-10mbit-v4.pcap,4,1514,1448,1500
gro-185k-10mbit-v4.pcap,4,1514,1448,1500
gro-185k-10mbit-v4.pcap,4,1514,1448,1500
gro-185k-10mbit-v4.pcap,4,1514,1448,1500
gro-185k-10mbit-v4.pcap,4,1514,1448,1500
gro-185k-10mbit-v4.pcap,4,1514,1448,1500
gro-185k-10mbit-v4.pcap,4,1514,1448,1500
gro-185k-10mbit-v4.pcap,4,1514,1448,1500
gro-185k-10mbit-v4.pcap,4,1514,1448,1500
gro-185k-10mbit-v4.pcap,4,1514,1448,1500
gro-185k-10mbit-v4.pcap,4,1514,1448,1500
gro-185k-10mbit-v4.pcap,4,1514,1448,1500
gro-185k-10mbit-v4.pcap,4,1514,1448,1500
gro-185k-10mbit-v4.pcap,4,1514,1448,1500
gro-185k-10mbit-v4.pcap,4,1514,1448,1500
gro-185k-10mbit-v4.pcap,4,1514,1448,1500
gro-185k-10mbit-v4.pcap,4,1514,1448,1500
gro-185k-10mbit-v4.pcap,4,1514,1448,1500
gro-185k-10mbit-v4.pcap,4,1514,1448,1500
gro-185k-10mbit-v4.pcap,4,1514,1448,1500
gro-185k-10mbit-v4.pcap,4,1514,1448,1500
gro-185k-10mbit-v4.pcap,4,1514,1448,1500
gro-185k-10mbit-v4.pcap,4,1514,1448,1500
gro-185k-10mbit-v4.pcap,4,1514,1448,1500
gro-185k-10mbit-v4.pcap,4,1514,1448,1500
gro-185k-10mbit-v4.pcap,4,1514,1448,1500
gro-185k-10mbit-v4.pcap,4,1514,1448,1500
gro-185k-10mbit-v4.pcap,4,1514,1448,1500
gro-185k-10mbit-v4.pcap,4,1514,1448,1500
gro-185k-10mbit-v4.pcap,4,1514,1448,1500
gro-185k-10mbit-v4.pcap,4,1514,1448,1500
gro-185k-10mbit-v4.pcap,4,1514,1448,1500
gro-185k-10mbit-v4.pcap,4,1514,1448,1500
gro-185k-10mbit-v4.pcap,4,1514,1448,1500
gro-185k-10mbit-v4.pcap,4,1514,1448,1500
gro-185k-10mbit-v4.pcap,4,1514,1448,1500
gro-185k-10mbit-v4.pcap,4,1514,1448,1500
gro-185k-10mbit-v4.pcap,4,1514,1448,1500
gro-185k-10mbit-v4.pcap,4,1514,1448,1500
gro-185k-10mbit-v4.pcap,4,1514,1448,1500
gro-185k-10mbit-v4.pcap,4,1514,1448,1500
gro-185k-10mbit-v4.pcap,4,1514,1448,1500
gro-185k-10mbit-v4.pcap,4,1514,1448,1500
gro-185k-10mbit-v4.pcap,4,1514,1448,1500
gro-185k-10mbit-v4.pcap,4,1514,1448,1500
gro-185k-10mbit-v4.pcap,4,1514,1448,1500
gro-185k-10mbit-v4.pcap,4,1514,1448,1500
gro-185k-10mbit-v4.pcap,4,1514,1448,1500
gro-185k-10mbit-v4.pcap,4,1514,1448,1500
gro-185k-10mbit-v4.pcap,4,1514,1448,1500
gro-185k-10mbit-v4.pcap,4,1514,1448,1500
gro-185k-10mbit-v4.pcap,4,1514,1448,1500
gro-185k-10mbit-v4.pcap,4,1514,1448,1500
gro-185k-10mbit-v4.pcap,4,1514,1448,1500
gro-185k-10mbit-v4.pcap,4,1514,1448,1500
gro-185k-10mbit-v4.pcap,4,1514,1448,1500
gro-185k-10mbit-v4.pcap,4,1514,1448,1500
gro-185k-10mbit-v4.pcap,4,1514,1448,1500
gro-185k-10mbit-v4.pcap,4,1514,1448,1500
gro-185k-10mbit-v4.pcap,4,1514,1448,1500
gro-185k-10mbit-v4.pcap,4,1514,1448,1500
gro-185k-10mbit-v4.pcap,4,1514,1448,1500
gro-185k-10mbit-v4.pcap,4,1514,1448,1500
gro-185k-10mbit-v4.pcap,4,1514,1448,1500
gro-185k-10mbit-v4.pcap,4,1514,1448,1500
gro-185k-10mbit-v4.pcap,4,1514,1448,1500
gro-185k-10mbit-v4.pcap,4,1514,1448,1500
gro-185k-10mbit-v4.pcap,4,1514,1448,1500
gro-185k-10mbit-v4.pcap,4,1514,1448,1500
gro-185k-10mbit-v4.pcap,4,1514,1448,1500
gro-185k-10mbit-v4.pcap,4,1514,1448,1500
gro-185k-10mbit-v4.pcap,4,1514,1448,1500
gro-185k-10mbit-v4.pcap,4,1514,1448,1500
gro-185k-10mbit-v4.pcap,4,1514,1448,1500
gro-185k-10mbit-v4.pcap,4,1514,1448,1500
gro-185k-10mbit-v4.pcap,4,1514,1448,1500
gro-185k-10mbit-v4.pcap,4,1514,1448,1500
gro-185k-10mbit-v4.pcap,4,1514,1448,1500
gro-185k-10mbit-v4.pcap,4,1514,1448,1500
gro-185k-10mbit-v4.pcap,4,1514,1448,1500
gro-185k-10mbit-v4.pcap,4,1514,1448,1500
gro-185k-10mbit-v4.pcap,4,1514,1448,1500
gro-185k-10mbit-v4.pcap,4,1514,1448,1500
gro-185k-10mbit-v4.pcap,4,1514,1448,1500
gro-185k-10mbit-v4.pcap,4,1514,1448,1500
gro-185k-10mbit-v4.pcap,4,1514,1448,1500
gro-185k-10mbit-v4.pcap,4,1514,1448,1500
gro-185k-10mbit-v4.pcap,4,1514,1448,1500
gro-185k-10mbit-v4.pcap,4,1514,1448,1500
gro-185k-10mbit-v4.pcap,4,1514,1448,1500
gro-185k-10mbit-v4.pcap,4,1514,1448,1500
gro-185k-10mbit-v4.pcap,4,1514,1448,1500
gro-185k-10mbit-v4.pcap,4,1514,1448,1500
gro-185k-10mbit-v4.pcap,4,1514,1448,1500
gro-185k-10mbit-v4.pcap,4,1514,1448,1500
gro-185k-10mbit-v4.pcap,4,1514,1448,1500
gro-185k-10mbit-v4.pcap,4,1514,1448,1500
gro-185k-10mbit-v4.pcap,4,1514,1448,1500
gro-185k-10mbit-v4.pcap,4,1514,1448,1500
gro-185k-10mbit-v4.pcap,4,1514,1448,1500
gro-185k-10mbit-v4.pcap,4,1514,1448,1500
gro-185k-10mbit-v4.pcap,4,1514,1448,1500
gro-185k-10mbit-v4.pcap,4,1514,1448,1500
gro-185k-10mbit-v4.pcap,4,1514,1448,1500
gro-185k-10mbit-v4.pcap,4,1514,1448,1500
gro-185k-10mbit-v4.pcap,4,1514,1448,1500
gro-185k-10mbit-v4.pcap,4,1514,1448,1500
gro-185k-10mbit-v4.pcap,4,1514,1448,1500
gro-185k-10mbit-v4.pcap,4,1514,1448,1500
gro-185k-10mbit-v4.pcap,4,1514,1448,1500
gro-185k-10mbit-v4.pcap,4,1514,1448,1500
gro-185k-10mbit-v4.pcap,4,1514,1448,1500
gro-185k-10mbit-v4.pcap,4,1514,1448,1500
gro-185k-10mbit-v4.pcap,4,1514,1448,1500
gro-185k-10mbit-v4.pcap,4,1514,1448,1500
gro-185k-10mbit-v4.pcap,4,1514,1448,1500
gro-185k-10mbit-v4.pcap,4,1514,1448,1500
gro-185k-10mbit-v4.pcap,4,1514,1448,1500
gro-185k-10mbit-v4.pcap,4,1514,1448,1500
gro-185k-10mbit-v4.pcap,4,1514,1448,1500
gro-185k-10mbit-v4.pcap,4,1514,1448,1500
gro-185k-10mbit-v4.pcap,4,1514,1448,1500
gro-185k-10mbit-v4.pcap,4,1514,1448,1500
gro-185k-10mbit-v4.pcap,4,1514,1448,1500
gro-185k-10mbit-v4.pcap,4,1514,1448,1500
gro-185k-10mbit-v4.pcap,4,1514,1448,1500
gro-185k-10mbit-v4.pcap,4,1514,1448,1500
gro-185k-10mbit-v4.pcap,4,1514,1448,1500
gro-185k-10mbit-v4.pcap,4,1514,1448,1500
gro-185k-10mbit-v4.pcap,4,1514,1448,1500
gro-185k-10mbit-v4.pcap,4,1514,1448,1500
gro-185k-10mbit-v4.pcap,4,1514,1448,1500
gro-185k-10mbit-v4.pcap,4,1514,1448,1500
gro-185k-10mbit-v4.pcap,4,1514,1448,1500
gro-185k-10mbit-v4.pcap,4,1514,1448,1500
gro-185k-10mbit-v4.pcap,4,1514,1448,1500
gro-185k-10mbit-v4.pcap,4,1514,1448,1500
