t_s,cc,ca_state,cwnd,ssthresh,inflight,rtt_ms,minrtt_ms,pacing_mbps,delivery_mbps,bytes_acked,total_retrans,bbr_bw_mbps,bbr_mrtt_ms,pacing_gain,cwnd_gain,state
0.0004,cubic,open,10,,0,40.113,40.113,5.776,0.0,1,0,,,,,
0.0056,cubic,open,10,,10,40.113,40.113,5.776,0.0,1,0,,,,,
0.0107,cubic,open,10,,10,40.113,40.113,5.776,0.0,1,0,,,,,
0.0158,cubic,open,10,,10,40.113,40.113,5.776,0.0,1,0,,,,,
0.0209,cubic,open,10,,10,40.113,40.113,5.776,0.0,1,0,,,,,
0.0260,cubic,open,10,,10,40.113,40.113,5.776,0.0,1,0,,,,,
0.0311,cubic,open,10,,10,40.113,40.113,5.776,0.0,1,0,,,,,
0.0362,cubic,open,10,,10,40.113,40.113,5.776,0.0,1,0,,,,,
0.0413,cubic,open,10,,10,40.113,40.113,5.776,0.0,1,0,,,,,
0.0463,cubic,open,14,,14,41.41,40.113,7.833,1.033,5793,0,,,,,
0.0514,cubic,open,19,,13,45.012,40.113,9.779,2.047,13033,0,,,,,
0.0565,cubic,open,20,,16,45.9,40.113,10.095,2.222,14481,0,,,,,
0.0616,cubic,open,20,,20,45.9,40.113,10.095,2.222,14481,0,,,,,
0.0667,cubic,open,20,,20,45.9,40.113,10.095,2.222,14481,0,,,,,
0.0718,cubic,open,20,,20,45.9,40.113,10.095,2.222,14481,0,,,,,
0.0768,cubic,open,20,,20,45.9,40.113,10.095,2.222,14481,0,,,,,
0.0819,cubic,open,20,,20,45.9,40.113,10.095,2.222,14481,0,,,,,
0.0870,cubic,open,24,,24,44.378,40.113,12.529,3.184,20273,0,,,,,
0.0921,cubic,open,27,,27,43.475,40.113,14.388,3.037,24617,0,,,,,
0.0972,cubic,open,31,,31,42.784,40.113,16.787,2.93,30409,0,,,,,
0.1023,cubic,open,34,,34,42.705,40.113,18.445,2.801,34753,0,,,,,
0.1074,cubic,open,38,,38,42.693,40.113,20.621,3.337,40545,0,,,,,
0.1126,cubic,open,40,,40,42.71,40.113,21.698,3.576,43441,0,,,,,
0.1177,cubic,open,40,,40,42.71,40.113,21.698,3.576,43441,0,,,,,
0.1228,cubic,open,40,,40,42.71,40.113,21.698,3.576,43441,0,,,,,
0.1279,cubic,open,44,,44,42.774,40.113,23.832,5.837,49233,0,,,,,
0.1330,cubic,open,48,,48,43.23,40.113,25.724,6.033,55025,0,,,,,
0.1381,cubic,open,52,,52,43.977,40.113,27.394,6.257,60817,0,,,,,
0.1431,cubic,open,56,,56,45.03,40.113,28.812,6.508,66609,0,,,,,
0.1482,cubic,open,60,,60,46.372,40.113,29.976,6.719,72401,0,,,,,
0.1533,cubic,open,65,,65,48.378,40.113,31.128,6.849,79641,0,,,,,
0.1584,cubic,open,68,,68,49.835,40.113,31.612,7.024,83985,0,,,,,
0.1635,cubic,open,72,,72,51.132,40.113,32.623,7.129,89777,0,,,,,
0.1687,cubic,open,76,,76,52.713,40.113,33.402,7.228,95569,0,,,,,
0.1738,cubic,open,80,,80,54.536,40.113,33.985,7.316,101361,0,,,,,
0.1789,cubic,open,86,,86,52.456,40.113,37.983,9.565,110049,0,,,,,
0.1840,cubic,open,89,89,88,52.834,40.113,23.416,9.564,115841,0,,,,,
0.1891,cubic,open,89,89,88,54.072,40.113,22.88,9.565,121633,0,,,,,
0.1941,cubic,open,89,89,88,55.806,40.113,22.169,9.564,127425,0,,,,,
0.1992,cubic,open,89,89,88,57.82,40.113,21.397,9.565,133217,0,,,,,
0.2043,cubic,open,89,89,89,60.532,40.113,20.438,9.563,140457,0,,,,,
0.2093,cubic,open,90,89,89,62.83,40.113,19.912,9.565,146249,0,,,,,
0.2144,cubic,open,90,89,89,65.183,40.113,19.193,9.564,152041,0,,,,,
0.2194,cubic,open,90,89,89,67.562,40.113,18.517,9.564,157833,0,,,,,
0.2245,cubic,open,90,89,89,69.957,40.113,17.883,9.564,163625,0,,,,,
0.2296,cubic,open,90,89,90,73.009,40.113,17.136,9.564,170865,0,,,,,
0.2347,cubic,open,91,89,90,75.424,40.113,16.771,9.564,176657,0,,,,,
0.2397,cubic,open,91,89,90,77.857,40.113,16.247,9.557,182449,0,,,,,
0.2448,cubic,open,91,89,90,79.989,40.113,15.814,9.559,188241,0,,,,,
0.2499,cubic,open,91,89,90,82.249,40.113,15.38,9.557,194033,0,,,,,
0.2549,cubic,open,91,89,90,84.568,40.113,14.958,9.559,199825,0,,,,,
0.2600,cubic,open,92,89,91,87.431,40.113,14.627,9.557,207065,0,,,,,
0.2651,cubic,open,92,89,91,89.831,40.113,14.236,9.557,212857,0,,,,,
0.2702,cubic,open,92,89,92,91.741,40.113,13.94,9.557,217201,0,,,,,
0.2752,cubic,open,92,89,92,93.225,40.113,13.718,9.558,222993,0,,,,,
0.2803,cubic,recovery,87,64,87,95.723,40.113,13.505,9.558,224441,2,,,,,
0.2854,cubic,recovery,83,64,83,97.52,40.113,13.256,9.462,224441,5,,,,,
0.2904,cubic,recovery,81,64,81,98.471,40.113,13.128,9.463,224441,7,,,,,
0.2955,cubic,recovery,80,64,80,99.029,40.113,13.476,9.462,224441,7,,,,,
0.3005,cubic,recovery,79,64,79,99.356,40.113,13.711,9.462,224441,7,,,,,
0.3056,cubic,recovery,78,64,78,99.545,40.113,14.104,9.463,224441,7,,,,,
0.3107,cubic,recovery,75,64,75,99.732,40.113,14.496,9.462,224441,8,,,,,
0.3157,cubic,recovery,74,64,74,99.75,40.113,14.772,9.473,224441,8,,,,,
0.3208,cubic,recovery,73,64,73,99.78,40.113,15.185,9.462,224441,8,,,,,
0.3259,cubic,recovery,72,64,72,99.794,40.113,15.601,9.462,224441,8,,,,,
0.3310,cubic,recovery,70,64,70,99.805,40.113,16.017,9.462,224441,8,,,,,
0.3360,cubic,recovery,68,64,68,99.854,40.113,16.288,9.462,224441,9,,,,,
0.3411,cubic,recovery,67,64,67,99.812,40.113,16.712,9.469,224441,9,,,,,
0.3462,cubic,recovery,65,64,65,99.788,40.113,17.134,9.468,224441,9,,,,,
0.3513,cubic,recovery,64,64,64,99.778,40.113,17.415,9.468,224441,9,,,,,
0.3563,cubic,recovery,64,64,64,99.771,40.113,17.973,9.468,224441,9,,,,,
0.3614,cubic,recovery,64,64,64,100.268,40.113,18.438,9.469,224441,9,,,,,
0.3665,cubic,recovery,64,64,64,100.532,40.113,19.082,9.467,224441,9,,,,,
0.3715,cubic,recovery,64,64,64,100.68,40.113,19.606,9.468,224441,9,,,,,
0.3766,cubic,recovery,64,64,64,100.767,40.113,20.141,9.468,224441,9,,,,,
0.3817,cubic,recovery,64,64,64,99.817,40.113,19.775,9.461,237473,9,,,,,
0.3868,cubic,recovery,64,64,64,98.249,40.113,17.12,9.228,273673,9,,,,,
0.3918,cubic,recovery,64,64,64,96.853,40.113,17.941,9.001,273673,9,,,,,
0.3969,cubic,recovery,64,64,64,95.115,40.113,18.853,8.771,273673,9,,,,,
0.4020,cubic,recovery,64,64,64,92.367,40.113,17.156,8.541,302633,9,,,,,
0.4071,cubic,recovery,64,64,64,90.949,40.113,17.882,8.41,302633,9,,,,,
0.4121,cubic,recovery,64,64,64,89.15,40.113,18.867,8.193,302633,9,,,,,
0.4172,cubic,open,64,64,64,86.886,40.113,10.239,8.06,392409,9,,,,,
0.4223,cubic,open,64,64,64,85.891,40.113,10.358,7.831,398201,9,,,,,
0.4273,cubic,open,64,64,64,83.831,40.113,10.612,7.39,406889,9,,,,,
0.4324,cubic,open,64,64,64,82.415,40.113,10.795,7.389,412681,9,,,,,
0.4374,cubic,open,64,64,64,81.33,40.113,10.939,7.301,418473,9,,,,,
0.4425,cubic,open,64,64,64,80.5,40.113,11.051,7.301,424265,9,,,,,
0.4476,cubic,open,64,64,64,79.864,40.113,11.14,7.302,430057,9,,,,,
0.4527,cubic,open,64,64,64,79.377,40.113,11.208,7.301,435849,9,,,,,
0.4577,cubic,open,65,64,65,78.644,40.113,11.489,7.541,443089,9,,,,,
0.4628,cubic,open,65,64,65,78.175,40.113,11.558,7.725,448881,9,,,,,
0.4679,cubic,open,65,64,65,77.666,40.113,11.634,7.841,454673,9,,,,,
0.4729,cubic,open,65,64,65,77.185,40.113,11.706,8.048,460465,9,,,,,
0.4780,cubic,open,65,64,64,77.08,40.113,11.722,8.358,467705,9,,,,,
0.4831,cubic,open,65,64,65,76.927,40.113,11.745,8.493,473497,9,,,,,
0.4881,cubic,open,65,64,65,76.753,40.113,11.772,8.613,479289,9,,,,,
0.4932,cubic,open,66,64,66,76.765,40.113,11.951,8.96,485081,9,,,,,
0.4983,cubic,open,66,64,66,76.841,40.113,11.94,9.241,490873,9,,,,,
0.5033,cubic,open,66,64,66,76.886,40.113,11.932,9.564,496665,9,,,,,
0.5084,cubic,open,66,64,65,76.837,40.113,11.94,9.53,503905,9,,,,,
0.5134,cubic,open,66,64,65,76.85,40.113,11.938,9.53,509697,9,,,,,
0.5185,cubic,open,66,64,65,76.858,40.113,11.937,9.53,515489,9,,,,,
0.5236,cubic,open,66,64,65,76.862,40.113,11.936,9.53,521281,9,,,,,
0.5287,cubic,open,66,64,65,76.865,40.113,11.936,9.53,527073,9,,,,,
0.5337,cubic,open,67,64,66,77.151,40.113,12.072,9.564,534313,9,,,,,
0.5388,cubic,open,67,64,66,77.686,40.113,11.989,9.564,540105,9,,,,,
0.5439,cubic,open,67,64,66,78.117,40.113,11.923,9.564,545897,9,,,,,
0.5489,cubic,open,67,64,66,78.369,40.113,11.884,9.564,551689,9,,,,,
0.5540,cubic,open,67,64,67,78.517,40.113,11.862,9.564,557481,9,,,,,
0.5591,cubic,open,67,64,67,78.37,40.113,11.884,9.564,563273,9,,,,,
0.5641,cubic,open,67,64,67,78.544,40.113,11.858,9.564,570513,9,,,,,
0.5692,cubic,open,67,64,67,78.62,40.113,11.846,9.563,576305,9,,,,,
0.5743,cubic,open,67,64,66,78.914,40.113,11.802,9.564,582097,9,,,,,
0.5794,cubic,open,67,64,66,79.071,40.113,11.779,9.564,587889,9,,,,,
0.5845,cubic,open,67,64,66,79.163,40.113,11.765,9.564,593681,9,,,,,
0.5896,cubic,open,67,64,67,79.307,40.113,11.744,9.564,600921,9,,,,,
0.5946,cubic,open,67,64,67,79.335,40.113,11.739,9.564,606713,9,,,,,
0.5997,cubic,open,68,64,68,79.355,40.113,11.912,9.564,612505,9,,,,,
0.6048,cubic,open,68,64,68,79.362,40.113,11.911,9.564,618297,9,,,,,
0.6099,cubic,open,68,64,68,79.368,40.113,11.91,9.563,624089,9,,,,,
0.6150,cubic,open,68,64,67,79.691,40.113,11.861,9.564,631329,9,,,,,
0.6201,cubic,open,68,64,67,80.027,40.113,11.812,9.564,637121,9,,,,,
0.6251,cubic,open,68,64,67,80.223,40.113,11.783,9.564,642913,9,,,,,
0.6302,cubic,open,68,64,67,80.339,40.113,11.766,9.564,648705,9,,,,,
0.6353,cubic,open,68,64,68,80.558,40.113,11.734,9.564,654497,9,,,,,
0.6404,cubic,open,68,64,68,80.495,40.113,11.743,9.563,661737,9,,,,,
0.6455,cubic,open,68,64,67,80.65,40.113,11.72,9.564,667529,9,,,,,
0.6505,cubic,open,68,64,68,80.857,40.113,11.69,9.565,673321,9,,,,,
0.6556,cubic,open,68,64,67,80.722,40.113,11.71,9.564,679113,9,,,,,
0.6607,cubic,open,68,64,67,80.631,40.113,11.723,9.564,684905,9,,,,,
0.6657,cubic,open,69,64,69,80.65,40.113,11.893,9.564,692145,9,,,,,
0.6708,cubic,open,69,64,69,80.624,40.113,11.897,9.564,697937,9,,,,,
0.6759,cubic,open,69,64,69,80.607,40.113,11.899,9.564,703729,9,,,,,
0.6810,cubic,open,69,64,69,80.747,40.113,11.878,9.564,709521,9,,,,,
0.6860,cubic,open,69,64,68,81.147,40.113,11.82,9.564,715313,9,,,,,
0.6911,cubic,open,69,64,68,81.38,40.113,11.786,9.566,721105,9,,,,,
0.6962,cubic,open,69,64,69,81.62,40.113,11.751,9.565,728345,9,,,,,
0.7012,cubic,open,69,64,69,81.693,40.113,11.741,9.564,734137,9,,,,,
0.7063,cubic,open,70,64,70,81.736,40.113,11.905,9.564,739929,9,,,,,
0.7114,cubic,open,70,64,70,81.76,40.113,11.901,9.564,745721,9,,,,,
0.7165,cubic,open,70,64,70,81.775,40.113,11.899,9.564,751513,9,,,,,
0.7215,cubic,open,70,64,70,81.823,40.113,11.892,9.564,758753,9,,,,,
0.7266,cubic,open,70,64,70,81.913,40.113,11.879,9.563,764545,9,,,,,
0.7317,cubic,open,70,64,70,81.864,40.113,11.886,9.564,770337,9,,,,,
0.7367,cubic,open,70,64,70,81.954,40.113,11.873,9.564,776129,9,,,,,
0.7418,cubic,open,70,64,70,81.887,40.113,11.883,9.564,781921,9,,,,,
0.7469,cubic,open,70,64,70,82.133,40.113,11.847,9.564,787713,9,,,,,
0.7519,cubic,open,70,64,70,82.561,40.113,11.786,9.564,794953,9,,,,,
0.7570,cubic,open,70,64,70,82.744,40.113,11.76,9.564,800745,9,,,,,
0.7620,cubic,open,70,64,70,82.853,40.113,11.744,9.564,806537,9,,,,,
0.7671,cubic,open,70,64,69,82.897,40.113,11.738,9.564,812329,9,,,,,
0.7722,cubic,open,71,64,70,82.908,40.113,11.904,9.564,818121,9,,,,,
0.7773,cubic,open,71,64,71,82.998,40.113,11.891,9.564,825361,9,,,,,
0.7824,cubic,open,71,64,71,83.0,40.113,11.891,9.564,831153,9,,,,,
0.7875,cubic,open,71,64,71,83.287,40.113,11.85,9.564,836945,9,,,,,
0.7926,cubic,open,71,64,70,83.599,40.113,11.806,9.563,842737,9,,,,,
0.7977,cubic,open,71,64,70,83.821,40.113,11.775,9.564,848529,9,,,,,
0.8027,cubic,open,71,64,70,84.037,40.113,11.744,9.564,855769,9,,,,,
0.8078,cubic,open,71,64,70,84.078,40.113,11.738,9.564,861561,9,,,,,
0.8129,cubic,open,71,64,70,84.103,40.113,11.735,9.562,867353,9,,,,,
0.8180,cubic,open,71,64,71,84.27,40.113,11.712,9.564,873145,9,,,,,
0.8231,cubic,open,71,64,70,84.23,40.113,11.717,9.564,878937,9,,,,,
0.8282,cubic,open,71,64,71,84.27,40.113,11.712,9.564,886177,9,,,,,
0.8334,cubic,open,71,64,70,84.234,40.113,11.717,9.562,891969,9,,,,,
0.8387,cubic,open,72,64,71,84.2,40.113,11.887,9.563,897761,9,,,,,
0.8438,cubic,open,72,64,72,84.258,40.113,11.878,9.563,905001,9,,,,,
0.8489,cubic,open,72,64,72,84.244,40.113,11.88,9.564,910793,9,,,,,
0.8540,cubic,open,72,64,72,84.403,40.113,11.858,9.564,916585,9,,,,,
0.8591,cubic,open,72,64,72,84.831,40.113,11.798,9.562,922377,9,,,,,
0.8642,cubic,open,72,64,72,85.08,40.113,11.764,9.564,928169,9,,,,,
0.8693,cubic,open,72,64,71,85.171,40.113,11.751,9.564,935409,9,,,,,
0.8743,cubic,open,72,64,72,85.401,40.113,11.719,9.563,941201,9,,,,,
0.8794,cubic,open,72,64,72,85.422,40.113,11.717,9.558,946993,9,,,,,
0.8845,cubic,open,72,64,72,85.428,40.113,11.716,9.563,952785,9,,,,,
0.8896,cubic,open,72,64,71,85.414,40.113,11.718,9.563,958577,9,,,,,
0.8947,cubic,open,72,64,72,85.463,40.113,11.711,9.564,965817,9,,,,,
0.8998,cubic,open,73,64,73,85.45,40.113,11.875,9.564,971609,9,,,,,
0.9049,cubic,open,73,64,72,85.422,40.113,11.879,9.563,977401,9,,,,,
0.9100,cubic,open,73,64,73,85.524,40.113,11.865,9.565,983193,9,,,,,
0.9151,cubic,open,73,64,73,85.485,40.113,11.871,9.563,988985,9,,,,,
0.9202,cubic,open,73,64,73,85.507,40.113,11.868,9.565,996225,9,,,,,
0.9253,cubic,open,73,64,72,85.847,40.113,11.82,9.57,1002017,9,,,,,
0.9304,cubic,open,73,64,72,86.135,40.113,11.781,9.564,1007809,9,,,,,
0.9355,cubic,open,73,64,72,86.311,40.113,11.757,9.564,1013601,9,,,,,
0.9406,cubic,open,73,64,73,86.548,40.113,11.725,9.564,1019393,9,,,,,
0.9457,cubic,open,74,64,74,86.629,40.113,11.874,9.566,1026633,9,,,,,
0.9508,cubic,open,74,64,74,86.633,40.113,11.874,9.564,1032425,9,,,,,
0.9559,cubic,open,74,64,74,86.707,40.113,11.863,9.564,1038217,9,,,,,
0.9610,cubic,open,74,64,74,86.822,40.113,11.848,9.566,1044009,9,,,,,
0.9661,cubic,open,74,64,74,87.045,40.113,11.818,9.563,1048353,9,,,,,
0.9712,cubic,open,74,64,74,87.091,40.113,11.811,9.564,1057041,9,,,,,
0.9763,cubic,open,74,64,74,87.267,40.113,11.787,9.563,1062833,9,,,,,
0.9813,cubic,open,74,64,74,87.253,40.113,11.789,9.564,1067177,9,,,,,
0.9864,cubic,open,74,64,74,87.24,40.113,11.791,9.565,1072969,9,,,,,
0.9915,cubic,open,74,64,73,87.539,40.113,11.751,9.563,1080209,9,,,,,
0.9966,cubic,open,74,64,74,88.072,40.113,11.68,9.564,1087449,9,,,,,
1.0017,cubic,open,74,64,74,88.153,40.113,11.669,9.564,1091793,9,,,,,
1.0067,cubic,open,74,64,74,88.214,40.113,11.661,9.564,1097585,9,,,,,
1.0119,cubic,open,75,64,75,88.397,40.113,11.794,9.564,1104825,9,,,,,
1.0169,cubic,open,75,64,75,88.533,40.113,11.776,9.565,1109169,9,,,,,
1.0220,cubic,open,75,64,75,88.493,40.113,11.781,9.565,1117857,9,,,,,
1.0271,cubic,open,75,64,75,88.626,40.113,11.764,9.564,1123649,9,,,,,
1.0322,cubic,open,75,64,74,88.842,40.113,11.735,9.563,1129441,9,,,,,
1.0373,cubic,open,75,64,75,89.127,40.113,11.697,9.564,1133785,9,,,,,
1.0424,cubic,open,75,64,75,89.243,40.113,11.682,9.564,1139577,9,,,,,
1.0474,cubic,open,75,64,75,89.368,40.113,11.666,9.565,1148265,9,,,,,
1.0525,cubic,open,75,64,75,89.425,40.113,11.658,9.566,1154057,9,,,,,
1.0576,cubic,open,75,64,75,89.607,40.113,11.635,9.562,1158401,9,,,,,
1.0627,cubic,open,75,64,75,89.611,40.113,11.634,9.564,1164193,9,,,,,
1.0678,cubic,open,75,64,75,89.614,40.113,11.634,9.564,1169985,9,,,,,
1.0729,cubic,open,75,64,75,89.734,40.113,11.618,9.564,1177225,9,,,,,
1.0780,cubic,open,76,64,76,89.709,40.113,11.776,9.564,1183017,9,,,,,
1.0831,cubic,open,76,64,76,89.538,40.113,11.799,9.564,1188809,9,,,,,
1.0882,cubic,open,76,64,76,89.557,40.113,11.796,9.565,1194601,9,,,,,
1.0933,cubic,open,76,64,76,89.685,40.113,11.78,9.565,1201841,9,,,,,
1.0984,cubic,open,76,64,76,89.671,40.113,11.782,9.566,1207633,9,,,,,
1.1035,cubic,open,76,64,76,89.967,40.113,11.743,9.564,1213425,9,,,,,
1.1085,cubic,open,76,64,76,90.389,40.113,11.688,9.562,1220665,9,,,,,
1.1137,cubic,open,76,64,76,90.494,40.113,11.674,9.564,1226457,9,,,,,
1.1188,cubic,open,76,64,76,90.575,40.113,11.664,9.564,1232249,9,,,,,
1.1239,cubic,open,76,64,76,90.626,40.113,11.657,9.565,1239489,9,,,,,
1.1290,cubic,open,76,64,76,90.675,40.113,11.651,9.564,1245281,9,,,,,
1.1341,cubic,open,76,64,76,90.714,40.113,11.646,9.564,1251073,9,,,,,
1.1392,cubic,open,76,64,76,90.742,40.113,11.642,9.564,1256865,9,,,,,
1.1442,cubic,open,76,64,76,90.765,40.113,11.639,9.564,1262657,9,,,,,
1.1493,cubic,open,77,64,77,90.918,40.113,11.773,9.564,1269897,9,,,,,
1.1544,cubic,open,77,64,77,90.898,40.113,11.775,9.564,1275689,9,,,,,
1.1594,cubic,open,77,64,77,90.884,40.113,11.777,9.564,1281481,9,,,,,
1.1645,cubic,open,77,64,77,91.005,40.113,11.762,9.564,1285825,9,,,,,
1.1696,cubic,open,77,64,77,90.965,40.113,11.767,9.564,1291617,9,,,,,
1.1747,cubic,open,77,64,77,91.345,40.113,11.718,9.564,1298857,9,,,,,
1.1798,cubic,open,77,64,77,91.509,40.113,11.697,9.564,1304649,9,,,,,
1.1849,cubic,open,77,64,77,91.82,40.113,11.657,9.564,1311889,9,,,,,
1.1900,cubic,open,77,64,77,91.871,40.113,11.651,9.565,1317681,9,,,,,
1.1954,cubic,open,77,64,77,91.913,40.113,11.645,9.564,1323473,9,,,,,
1.2005,cubic,open,77,64,77,91.944,40.113,11.641,9.565,1329265,9,,,,,
1.2056,cubic,open,77,64,77,92.094,40.113,11.622,9.564,1336505,9,,,,,
1.2107,cubic,open,77,64,77,92.082,40.113,11.624,9.565,1342297,9,,,,,
1.2158,cubic,open,77,64,77,92.07,40.113,11.625,9.565,1349537,9,,,,,
1.2209,cubic,open,77,64,77,92.066,40.113,11.626,9.563,1355329,9,,,,,
1.2260,cubic,open,77,64,77,92.061,40.113,11.627,9.565,1361121,9,,,,,
1.2311,cubic,open,77,64,77,92.058,40.113,11.627,9.564,1366913,9,,,,,
1.2363,cubic,open,77,64,77,92.059,40.113,11.627,9.562,1372705,9,,,,,
1.2414,cubic,open,78,64,78,92.365,40.113,11.739,9.564,1379945,9,,,,,
1.2465,cubic,open,78,64,78,92.676,40.113,11.699,9.564,1384289,9,,,,,
1.2516,cubic,open,78,64,78,92.812,40.113,11.682,9.564,1390081,9,,,,,
1.2566,cubic,open,78,64,78,92.917,40.113,11.669,9.564,1395873,9,,,,,
1.2617,cubic,open,78,64,78,93.146,40.113,11.64,9.564,1403113,9,,,,,
1.2668,cubic,open,78,64,78,93.315,40.113,11.619,9.564,1410353,9,,,,,
1.2719,cubic,open,78,64,78,93.302,40.113,11.621,9.564,1416145,9,,,,,
1.2769,cubic,open,78,64,78,93.323,40.113,11.618,9.551,1421937,9,,,,,
1.2820,cubic,open,78,64,78,93.47,40.113,11.6,9.551,1426281,9,,,,,
1.2871,cubic,open,78,64,78,93.451,40.113,11.602,9.551,1432073,9,,,,,
1.2921,cubic,open,78,64,78,93.431,40.113,11.605,9.551,1440761,9,,,,,
1.2972,cubic,open,78,64,78,93.57,40.113,11.588,9.551,1446553,9,,,,,
1.3023,cubic,open,78,64,78,93.528,40.113,11.593,9.551,1450897,9,,,,,
1.3073,cubic,open,79,64,79,93.495,40.113,11.746,9.551,1456689,9,,,,,
1.3124,cubic,open,79,64,79,93.576,40.113,11.735,9.551,1463929,9,,,,,
1.3175,cubic,open,79,64,79,93.531,40.113,11.741,9.551,1469721,9,,,,,
1.3226,cubic,open,79,64,79,93.499,40.113,11.745,9.551,1475513,9,,,,,
1.3277,cubic,open,79,64,79,93.473,40.113,11.748,9.551,1481305,9,,,,,
1.3328,cubic,open,79,64,79,93.452,40.113,11.751,9.551,1487097,9,,,,,
1.3378,cubic,open,79,64,79,93.588,40.113,11.734,9.551,1492889,9,,,,,
1.3429,cubic,open,79,64,79,94.046,40.113,11.677,9.55,1500129,9,,,,,
1.3480,cubic,open,79,64,79,94.177,40.113,11.661,9.551,1505921,9,,,,,
1.3531,cubic,open,79,64,79,94.277,40.113,11.648,9.551,1511713,9,,,,,
1.3582,cubic,open,79,64,79,94.501,40.113,11.621,9.551,1518953,9,,,,,
1.3633,cubic,open,79,64,79,94.676,40.113,11.599,9.55,1524745,9,,,,,
1.3683,cubic,open,79,64,79,94.66,40.113,11.601,9.551,1529089,9,,,,,
1.3734,cubic,open,79,64,79,94.598,40.113,11.609,9.564,1537777,9,,,,,
1.3785,cubic,open,79,64,79,94.701,40.113,11.596,9.564,1542121,9,,,,,
1.3835,cubic,open,79,64,79,94.649,40.113,11.602,9.564,1547913,9,,,,,
1.3886,cubic,open,79,64,79,94.608,40.113,11.607,9.564,1553705,9,,,,,
1.3937,cubic,open,79,64,79,94.578,40.113,11.611,9.564,1559497,9,,,,,
1.3987,cubic,open,79,64,79,94.66,40.113,11.601,9.564,1566737,9,,,,,
1.4038,cubic,open,80,64,79,94.907,40.113,11.717,9.564,1573977,9,,,,,
1.4088,cubic,open,80,64,80,95.187,40.113,11.683,9.564,1578321,9,,,,,
1.4139,cubic,open,80,64,80,95.305,40.113,11.668,9.563,1584113,9,,,,,
1.4190,cubic,open,80,64,80,95.393,40.113,11.658,9.564,1589905,9,,,,,
1.4240,cubic,open,80,64,80,95.461,40.113,11.649,9.564,1595697,9,,,,,
1.4291,cubic,open,80,64,80,95.534,40.113,11.64,9.564,1604385,9,,,,,
1.4342,cubic,open,80,64,80,95.569,40.113,11.636,9.564,1610177,9,,,,,
1.4393,cubic,open,80,64,80,95.747,40.113,11.615,9.55,1615969,9,,,,,
1.4444,cubic,open,80,64,80,95.731,40.113,11.616,9.564,1620313,9,,,,,
1.4495,cubic,open,80,64,80,95.714,40.113,11.619,9.564,1629001,9,,,,,
1.4546,cubic,open,80,64,80,95.855,40.113,11.601,9.557,1633345,9,,,,,
1.4597,cubic,open,80,64,80,95.831,40.113,11.604,9.558,1639137,9,,,,,
1.4648,cubic,open,80,64,80,95.922,40.113,11.593,9.557,1646377,9,,,,,
1.4699,cubic,open,80,64,80,95.883,40.113,11.598,9.557,1652169,9,,,,,
1.4750,cubic,open,80,64,80,95.973,40.113,11.587,9.557,1659409,9,,,,,
1.4801,cubic,open,80,64,80,95.922,40.113,11.593,9.557,1665201,9,,,,,
1.4852,cubic,open,80,64,80,95.882,40.113,11.598,9.558,1670993,9,,,,,
1.4904,cubic,open,80,64,80,95.852,40.113,11.602,9.557,1676785,9,,,,,
1.4955,cubic,open,80,64,80,95.961,40.113,11.589,9.557,1681129,9,,,,,
1.5006,cubic,open,81,64,81,96.205,40.113,11.704,9.556,1688369,9,,,,,
1.5057,cubic,open,81,64,81,96.251,40.113,11.698,9.556,1694161,9,,,,,
1.5108,cubic,open,81,64,81,96.417,40.113,11.678,9.558,1699953,9,,,,,
1.5159,cubic,open,81,64,81,96.546,40.113,11.662,9.557,1705745,9,,,,,
1.5210,cubic,open,81,64,81,96.645,40.113,11.651,9.557,1711537,9,,,,,
1.5261,cubic,open,81,64,81,96.752,40.113,11.638,9.556,1720225,9,,,,,
1.5312,cubic,open,81,64,81,96.802,40.113,11.632,9.557,1726017,9,,,,,
1.5363,cubic,open,81,64,81,96.841,40.113,11.627,9.557,1731809,9,,,,,
1.5413,cubic,open,81,64,81,97.005,40.113,11.607,9.556,1736153,9,,,,,
1.5464,cubic,open,81,64,81,96.997,40.113,11.608,9.557,1741945,9,,,,,
1.5515,cubic,open,81,64,81,97.122,40.113,11.593,9.557,1750633,9,,,,,
1.5566,cubic,open,81,64,81,97.07,40.113,11.6,9.564,1754977,9,,,,,
1.5617,cubic,open,81,64,81,97.144,40.113,11.591,9.563,1762217,9,,,,,
1.5668,cubic,open,81,64,81,97.086,40.113,11.598,9.564,1768009,9,,,,,
1.5719,cubic,open,81,64,81,97.04,40.113,11.603,9.564,1773801,9,,,,,
1.5770,cubic,open,81,64,81,97.109,40.113,11.595,9.564,1781041,9,,,,,
1.5821,cubic,open,81,64,81,97.058,40.113,11.601,9.564,1786833,9,,,,,
1.5872,cubic,open,81,64,81,97.02,40.113,11.605,9.564,1792625,9,,,,,
1.5923,cubic,open,81,64,81,97.141,40.113,11.591,9.556,1798417,9,,,,,
1.5974,cubic,open,82,64,82,97.366,40.113,11.707,9.565,1804209,9,,,,,
1.6025,cubic,open,82,64,82,97.695,40.113,11.668,9.565,1811449,9,,,,,
1.6076,cubic,open,82,64,82,97.791,40.113,11.656,9.564,1817241,9,,,,,
1.6127,cubic,open,82,64,82,97.864,40.113,11.647,9.564,1823033,9,,,,,
1.6178,cubic,open,82,64,82,97.921,40.113,11.641,9.564,1828825,9,,,,,
1.6229,cubic,open,82,64,82,97.964,40.113,11.636,9.564,1834617,9,,,,,
1.6280,cubic,open,82,64,82,97.996,40.113,11.632,9.564,1840409,9,,,,,
1.6331,cubic,open,82,64,82,98.022,40.113,11.629,9.564,1846201,9,,,,,
1.6382,cubic,open,82,64,82,98.04,40.113,11.626,9.565,1851993,9,,,,,
1.6433,cubic,open,82,64,82,98.176,40.113,11.61,9.564,1859233,9,,,,,
1.6484,cubic,open,82,64,82,98.16,40.113,11.612,9.564,1865025,9,,,,,
1.6535,cubic,open,82,64,82,98.273,40.113,11.599,9.564,1872265,9,,,,,
1.6586,cubic,open,82,64,82,98.234,40.113,11.604,9.564,1878057,9,,,,,
1.6637,cubic,open,82,64,82,98.336,40.113,11.592,9.564,1882401,9,,,,,
1.6688,cubic,open,82,64,82,98.259,40.113,11.601,9.564,1891089,9,,,,,
1.6739,cubic,open,82,64,82,98.374,40.113,11.587,9.564,1896881,9,,,,,
1.6790,cubic,open,82,64,82,98.311,40.113,11.594,9.564,1901225,9,,,,,
1.6841,cubic,open,82,64,82,98.263,40.113,11.6,9.564,1907017,9,,,,,
1.6892,cubic,open,82,64,82,98.226,40.113,11.604,9.564,1912809,9,,,,,
1.6943,cubic,open,83,64,83,98.319,40.113,11.735,9.564,1920049,9,,,,,
1.6994,cubic,open,83,64,83,98.553,40.113,11.707,9.563,1925841,9,,,,,
1.7045,cubic,open,83,64,83,98.913,40.113,11.664,9.564,1933081,9,,,,,
1.7096,cubic,open,83,64,83,99.008,40.113,11.653,9.564,1938873,9,,,,,
1.7147,cubic,open,83,64,83,99.08,40.113,11.645,9.564,1944665,9,,,,,
1.7197,cubic,open,83,64,83,99.135,40.113,11.638,9.564,1950457,9,,,,,
1.7248,cubic,open,83,64,83,99.179,40.113,11.633,9.564,1956249,9,,,,,
1.7299,cubic,open,83,64,83,99.211,40.113,11.629,9.564,1962041,9,,,,,
1.7350,cubic,open,83,64,83,99.236,40.113,11.626,9.564,1967833,9,,,,,
1.7401,cubic,open,83,64,83,99.262,40.113,11.623,9.564,1973625,9,,,,,
1.7452,cubic,open,83,64,83,99.399,40.113,11.607,9.564,1980865,9,,,,,
1.7503,cubic,open,83,64,83,99.38,40.113,11.61,9.564,1986657,9,,,,,
1.7553,cubic,open,83,64,83,99.495,40.113,11.596,9.563,1993897,9,,,,,
1.7604,cubic,open,83,64,83,99.454,40.113,11.601,9.564,1999689,9,,,,,
1.7654,cubic,open,83,64,83,99.558,40.113,11.589,9.562,2004033,9,,,,,
1.7705,cubic,open,83,64,83,99.503,40.113,11.595,9.563,2009825,9,,,,,
1.7756,cubic,open,83,64,83,99.602,40.113,11.584,9.558,2018513,9,,,,,
1.7807,cubic,open,83,64,83,99.536,40.113,11.591,9.564,2022857,9,,,,,
1.7858,cubic,open,83,64,83,99.487,40.113,11.597,9.564,2028649,9,,,,,
1.7908,cubic,open,83,64,83,99.449,40.113,11.602,9.564,2034441,9,,,,,
1.7959,cubic,open,84,64,84,99.57,40.113,11.727,9.564,2040233,9,,,,,
1.8010,cubic,open,84,64,84,99.885,40.113,11.69,9.565,2048921,9,,,,,
1.8064,cubic,open,84,64,84,100.17,40.113,11.657,9.563,2053265,9,,,,,
1.8114,cubic,open,84,64,84,100.256,40.113,11.647,9.563,2059057,9,,,,,
1.8165,cubic,open,84,64,84,100.321,40.113,11.639,9.564,2064849,9,,,,,
1.8216,cubic,open,84,64,84,100.391,40.113,11.631,9.564,2073537,9,,,,,
1.8267,cubic,open,84,64,84,100.425,40.113,11.627,9.563,2079329,9,,,,,
1.8318,cubic,open,84,64,84,100.452,40.113,11.624,9.563,2085121,9,,,,,
1.8369,cubic,open,84,64,84,100.462,40.113,11.623,9.569,2090913,9,,,,,
1.8420,cubic,open,84,64,84,100.477,40.113,11.621,9.565,2096705,9,,,,,
1.8471,cubic,open,84,64,84,100.611,40.113,11.606,9.564,2103945,9,,,,,
1.8522,cubic,open,84,64,84,100.589,40.113,11.608,9.566,2109737,9,,,,,
1.8572,cubic,open,84,64,84,100.726,40.113,11.592,9.563,2115529,9,,,,,
1.8623,cubic,open,84,64,84,100.68,40.113,11.598,9.564,2119873,9,,,,,
1.8674,cubic,open,84,64,84,100.76,40.113,11.588,9.563,2127113,9,,,,,
1.8725,cubic,open,84,64,84,100.704,40.113,11.595,9.565,2132905,9,,,,,
1.8776,cubic,open,84,64,84,100.655,40.113,11.601,9.57,2138697,9,,,,,
1.8827,cubic,open,84,64,84,100.773,40.113,11.587,9.565,2145937,9,,,,,
1.8878,cubic,open,84,64,84,100.714,40.113,11.594,9.565,2151729,9,,,,,
1.8929,cubic,open,84,64,84,100.67,40.113,11.599,9.564,2157521,9,,,,,
1.8980,cubic,recovery,84,59,84,100.343,40.113,12.052,9.449,2160417,10,,,,,
1.9031,cubic,recovery,83,59,83,100.507,40.113,12.309,9.47,2160417,10,,,,,
1.9082,cubic,recovery,82,59,82,100.677,40.113,12.565,9.449,2160417,10,,,,,
1.9132,cubic,recovery,81,59,81,100.761,40.113,12.968,9.448,2160417,10,,,,,
1.9183,cubic,recovery,79,59,79,100.9,40.113,13.501,9.47,2160417,10,,,,,
1.9234,cubic,recovery,78,59,78,100.924,40.113,13.773,9.47,2160417,10,,,,,
1.9285,cubic,recovery,77,59,77,100.939,40.113,14.185,9.47,2160417,10,,,,,
1.9336,cubic,recovery,75,59,75,100.799,40.113,14.756,9.448,2160417,10,,,,,
1.9387,cubic,recovery,74,59,74,100.833,40.113,15.027,9.449,2160417,10,,,,,
1.9438,cubic,recovery,73,59,73,100.852,40.113,15.437,9.469,2160417,10,,,,,
1.9489,cubic,recovery,72,59,72,101.002,40.113,15.827,9.47,2160417,10,,,,,
1.9540,cubic,recovery,70,59,70,100.986,40.113,16.243,9.47,2160417,10,,,,,
1.9591,cubic,recovery,69,59,69,100.976,40.113,16.657,9.47,2160417,10,,,,,
1.9642,cubic,recovery,68,59,68,101.012,40.113,17.064,9.47,2160417,10,,,,,
1.9692,cubic,recovery,66,59,66,100.973,40.113,17.484,9.45,2160417,10,,,,,
1.9743,cubic,recovery,65,59,65,100.938,40.113,17.903,9.449,2160417,10,,,,,
1.9794,cubic,recovery,64,59,64,100.917,40.113,18.182,9.469,2160417,10,,,,,
1.9845,cubic,recovery,63,59,63,101.001,40.113,18.58,9.468,2160417,10,,,,,
1.9896,cubic,recovery,61,59,61,100.909,40.113,19.148,9.449,2160417,10,,,,,
1.9947,cubic,recovery,59,59,59,100.902,40.113,19.425,9.449,2160417,10,,,,,
1.9998,cubic,recovery,59,59,59,100.807,40.113,8.412,9.558,2282049,11,,,,,
2.0049,cubic,recovery,59,59,59,100.336,40.113,8.867,9.355,2282049,11,,,,,
2.0100,cubic,recovery,59,59,59,99.129,40.113,9.536,9.238,2282049,11,,,,,
2.0151,cubic,recovery,59,59,59,97.254,40.113,10.434,8.9,2282049,11,,,,,
2.0202,cubic,recovery,59,59,59,95.317,40.113,11.229,8.671,2282049,11,,,,,
2.0253,cubic,recovery,59,59,59,93.414,40.113,12.053,8.443,2282049,11,,,,,
2.0304,cubic,recovery,59,59,59,91.296,40.113,12.942,8.216,2282049,11,,,,,
2.0355,cubic,recovery,59,59,59,89.319,40.113,13.851,8.101,2282049,11,,,,,
2.0406,cubic,recovery,59,59,59,86.711,40.113,15.069,7.968,2282049,11,,,,,
2.0458,cubic,recovery,59,59,59,84.631,40.113,16.097,7.644,2282049,11,,,,,
2.0509,cubic,recovery,59,59,59,82.404,40.113,17.206,7.505,2282049,11,,,,,
2.0560,cubic,recovery,59,59,59,80.331,40.113,18.343,7.275,2282049,11,,,,,
2.0611,cubic,recovery,59,59,59,77.575,40.113,19.89,7.041,2282049,11,,,,,
2.0661,cubic,open,59,59,59,74.545,40.113,11.002,6.697,2366033,11,,,,,
2.0712,cubic,open,59,59,59,73.956,40.113,11.09,6.784,2371825,11,,,,,
2.0763,cubic,open,59,59,59,73.483,40.113,11.161,6.966,2377617,11,,,,,
2.0814,cubic,open,59,59,59,73.062,40.113,11.225,7.053,2383409,11,,,,,
2.0865,cubic,open,59,59,59,72.737,40.113,11.275,7.235,2389201,11,,,,,
2.0917,cubic,open,59,59,59,72.488,40.113,11.314,7.425,2394993,11,,,,,
2.0969,cubic,open,59,59,59,72.298,40.113,11.344,7.626,2400785,11,,,,,
2.1020,cubic,open,59,59,59,72.152,40.113,11.367,7.837,2406577,11,,,,,
2.1071,cubic,open,59,59,59,72.037,40.113,11.385,7.946,2412369,11,,,,,
2.1122,cubic,open,59,59,59,71.916,40.113,11.404,8.296,2421057,11,,,,,
2.1174,cubic,open,59,59,59,71.857,40.113,11.414,8.551,2426849,11,,,,,
2.1225,cubic,open,59,59,59,71.812,40.113,11.421,8.681,2432641,11,,,,,
2.1276,cubic,open,59,59,59,71.779,40.113,11.426,8.957,2438433,11,,,,,
2.1326,cubic,open,60,59,60,71.757,40.113,11.623,9.255,2444225,11,,,,,
2.1377,cubic,open,60,59,60,71.737,40.113,11.626,9.7,2450017,11,,,,,
2.1428,cubic,open,60,59,60,71.753,40.113,11.624,9.565,2457257,11,,,,,
2.1479,cubic,open,60,59,60,71.682,40.113,11.635,9.565,2463049,11,,,,,
2.1530,cubic,open,60,59,60,71.626,40.113,11.644,9.568,2468841,11,,,,,
2.1581,cubic,open,60,59,60,71.587,40.113,11.651,9.564,2474633,11,,,,,
2.1632,cubic,open,60,59,60,71.557,40.113,11.656,9.565,2480425,11,,,,,
2.1683,cubic,open,60,59,60,71.53,40.113,11.66,9.563,2486217,11,,,,,
2.1734,cubic,open,60,59,60,71.512,40.113,11.663,9.564,2492009,11,,,,,
2.1785,cubic,open,60,59,60,71.503,40.113,11.664,9.562,2497801,11,,,,,
2.1835,cubic,open,60,59,60,71.493,40.113,11.666,9.565,2503593,11,,,,,
2.1886,cubic,open,60,59,60,71.477,40.113,11.669,9.565,2512281,11,,,,,
2.1937,cubic,open,60,59,60,71.473,40.113,11.669,9.564,2518073,11,,,,,
2.1988,cubic,open,60,59,60,71.47,40.113,11.67,9.564,2523865,11,,,,,
2.2038,cubic,open,61,59,61,71.464,40.113,11.865,9.568,2529657,11,,,,,
2.2089,cubic,open,61,59,61,71.766,40.113,11.815,9.564,2534001,11,,,,,
2.2140,cubic,open,61,59,61,72.215,40.113,11.742,9.565,2542689,11,,,,,
2.2191,cubic,open,61,59,61,72.321,40.113,11.725,9.564,2547033,11,,,,,
2.2242,cubic,open,61,59,61,72.403,40.113,11.711,9.564,2552825,11,,,,,
2.2292,cubic,open,61,59,61,72.463,40.113,11.702,9.565,2558617,11,,,,,
2.2343,cubic,open,61,59,61,72.51,40.113,11.694,9.566,2564409,11,,,,,
2.2394,cubic,open,61,59,61,72.561,40.113,11.686,9.565,2573097,11,,,,,
2.2445,cubic,open,61,59,61,72.586,40.113,11.682,9.564,2578889,11,,,,,
2.2495,cubic,open,61,59,61,72.605,40.113,11.679,9.564,2584681,11,,,,,
2.2546,cubic,open,61,59,61,72.621,40.113,11.676,9.564,2590473,11,,,,,
2.2597,cubic,open,61,59,61,72.633,40.113,11.674,9.564,2596265,11,,,,,
2.2648,cubic,open,61,59,61,72.642,40.113,11.673,9.564,2602057,11,,,,,
2.2699,cubic,open,61,59,61,72.648,40.113,11.672,9.564,2607849,11,,,,,
2.2749,cubic,open,62,59,61,72.652,40.113,11.863,9.565,2613641,11,,,,,
2.2800,cubic,open,62,59,62,73.08,40.113,11.793,9.564,2620881,11,,,,,
2.2851,cubic,open,62,59,62,73.401,40.113,11.742,9.564,2625225,11,,,,,
2.2902,cubic,open,62,59,62,73.712,40.113,11.692,9.564,2633913,11,,,,,
2.2952,cubic,open,62,59,62,73.752,40.113,11.686,9.564,2638257,11,,,,,
2.3003,cubic,open,62,59,62,73.782,40.113,11.681,9.564,2644049,11,,,,,
2.3054,cubic,open,62,59,62,73.806,40.113,11.677,9.564,2649841,11,,,,,
2.3105,cubic,open,62,59,62,73.825,40.113,11.674,9.564,2655633,11,,,,,
2.3155,cubic,open,62,59,62,73.839,40.113,11.672,9.564,2661425,11,,,,,
2.3206,cubic,open,62,59,62,73.853,40.113,11.67,9.564,2670113,11,,,,,
2.3257,cubic,open,62,59,62,73.857,40.113,11.669,9.565,2675905,11,,,,,
2.3307,cubic,open,62,59,62,73.863,40.113,11.668,9.564,2681697,11,,,,,
2.3358,cubic,open,62,59,62,73.868,40.113,11.667,9.563,2687489,11,,,,,
2.3409,cubic,open,62,59,62,73.871,40.113,11.667,9.564,2693281,11,,,,,
2.3460,cubic,open,62,59,62,73.873,40.113,11.667,9.564,2699073,11,,,,,
2.3511,cubic,open,63,59,63,73.875,40.113,11.854,9.564,2704865,11,,,,,
2.3562,cubic,open,63,59,63,74.161,40.113,11.809,9.564,2710657,11,,,,,
2.3612,cubic,open,63,59,63,74.6,40.113,11.739,9.564,2717897,11,,,,,
2.3663,cubic,open,63,59,63,74.715,40.113,11.721,9.564,2723689,11,,,,,
2.3714,cubic,open,63,59,63,74.956,40.113,11.683,9.564,2730929,11,,,,,
2.3764,cubic,open,63,59,63,74.988,40.113,11.678,9.564,2736721,11,,,,,
2.3815,cubic,open,63,59,63,75.012,40.113,11.675,9.565,2742513,11,,,,,
2.3866,cubic,open,63,59,63,75.029,40.113,11.672,9.564,2748305,11,,,,,
2.3916,cubic,open,63,59,63,75.044,40.113,11.67,9.564,2754097,11,,,,,
2.3967,cubic,open,63,59,63,75.057,40.113,11.668,9.563,2759889,11,,,,,
2.4018,cubic,open,63,59,63,75.065,40.113,11.666,9.564,2765681,11,,,,,
2.4069,cubic,open,63,59,63,75.074,40.113,11.665,9.562,2771473,11,,,,,
2.4119,cubic,open,63,59,63,75.077,40.113,11.665,9.565,2777265,11,,,,,
2.4170,cubic,open,63,59,63,75.081,40.113,11.664,9.564,2783057,11,,,,,
2.4221,cubic,open,63,59,63,75.085,40.113,11.663,9.563,2788849,11,,,,,
2.4272,cubic,open,64,59,64,75.399,40.113,11.799,9.564,2796089,11,,,,,
2.4323,cubic,open,64,59,64,75.611,40.113,11.766,9.564,2801881,11,,,,,
2.4374,cubic,open,64,59,64,75.774,40.113,11.741,9.564,2807673,11,,,,,
2.4425,cubic,open,64,59,64,76.065,40.113,11.696,9.564,2814913,11,,,,,
2.4476,cubic,open,64,59,64,76.273,40.113,11.664,9.564,2820705,11,,,,,
2.4526,cubic,open,64,59,64,76.282,40.113,11.663,9.564,2827945,11,,,,,
2.4577,cubic,open,64,59,64,76.288,40.113,11.662,9.563,2833737,11,,,,,
2.4628,cubic,open,64,59,64,76.293,40.113,11.661,9.564,2839529,11,,,,,
2.4679,cubic,open,64,59,64,76.297,40.113,11.66,9.563,2845321,11,,,,,
2.4729,cubic,open,64,59,64,76.299,40.113,11.66,9.564,2851113,11,,,,,
2.4780,cubic,open,64,59,64,76.302,40.113,11.66,9.564,2856905,11,,,,,
2.4831,cubic,open,64,59,64,76.301,40.113,11.66,9.566,2862697,11,,,,,
2.4882,cubic,open,64,59,64,76.302,40.113,11.66,9.564,2868489,11,,,,,
2.4932,cubic,open,64,59,64,76.303,40.113,11.659,9.564,2874281,11,,,,,
2.4983,cubic,open,64,59,64,76.302,40.113,11.66,9.566,2880073,11,,,,,
2.5034,cubic,open,64,59,64,76.454,40.113,11.636,9.562,2888761,11,,,,,
2.5087,cubic,open,64,59,64,76.707,40.113,11.598,9.56,2894553,11,,,,,
2.5138,cubic,open,64,59,64,76.896,40.113,11.569,9.564,2900345,11,,,,,
2.5189,cubic,open,64,59,64,77.193,40.113,11.525,9.564,2906137,11,,,,,
2.5240,cubic,open,65,59,64,77.299,40.113,11.689,9.564,2913377,11,,,,,
2.5291,cubic,open,65,59,65,77.483,40.113,11.661,9.563,2917721,11,,,,,
2.5341,cubic,open,65,59,65,77.491,40.113,11.66,9.564,2923513,11,,,,,
2.5392,cubic,open,65,59,65,77.495,40.113,11.659,9.565,2929305,11,,,,,
2.5443,cubic,open,65,59,65,77.499,40.113,11.659,9.565,2935097,11,,,,,
2.5494,cubic,open,65,59,65,77.503,40.113,11.658,9.563,2940889,11,,,,,
2.5544,cubic,open,65,59,65,77.51,40.113,11.657,9.564,2949577,11,,,,,
2.5595,cubic,open,65,59,65,77.512,40.113,11.657,9.564,2955369,11,,,,,
2.5646,cubic,open,65,59,65,77.513,40.113,11.657,9.564,2961161,11,,,,,
2.5696,cubic,open,65,59,65,77.514,40.113,11.657,9.564,2966953,11,,,,,
2.5747,cubic,open,65,59,65,77.514,40.113,11.657,9.564,2972745,11,,,,,
2.5798,cubic,open,65,59,65,77.514,40.113,11.656,9.564,2978537,11,,,,,
2.5849,cubic,open,65,59,65,77.512,40.113,11.657,9.563,2984329,11,,,,,
2.5899,cubic,open,65,59,65,77.507,40.113,11.658,9.564,2990121,11,,,,,
2.5950,cubic,open,65,59,65,77.509,40.113,11.657,9.564,2995913,11,,,,,
2.6001,cubic,open,65,59,65,77.643,40.113,11.637,9.564,3003153,11,,,,,
2.6051,cubic,open,65,59,65,77.615,40.113,11.641,9.564,3008945,11,,,,,
2.6102,cubic,open,65,59,65,77.899,40.113,11.599,9.564,3014737,11,,,,,
2.6153,cubic,open,65,59,65,78.093,40.113,11.57,9.564,3020529,11,,,,,
2.6204,cubic,open,65,59,65,78.242,40.113,11.548,9.564,3026321,11,,,,,
2.6254,cubic,open,66,59,66,78.355,40.113,11.709,9.564,3032113,11,,,,,
2.6305,cubic,open,66,59,66,78.435,40.113,11.697,9.571,3037905,11,,,,,
2.6356,cubic,open,66,59,66,78.53,40.113,11.683,9.565,3046593,11,,,,,
2.6406,cubic,open,66,59,66,78.575,40.113,11.676,9.565,3052385,11,,,,,
2.6457,cubic,open,66,59,66,78.61,40.113,11.671,9.564,3058177,11,,,,,
2.6508,cubic,open,66,59,66,78.638,40.113,11.667,9.564,3063969,11,,,,,
2.6559,cubic,open,66,59,66,78.659,40.113,11.664,9.564,3069761,11,,,,,
2.6610,cubic,open,66,59,66,78.675,40.113,11.661,9.564,3075553,11,,,,,
2.6660,cubic,open,66,59,66,78.688,40.113,11.659,9.564,3081345,11,,,,,
2.6711,cubic,open,66,59,66,78.697,40.113,11.658,9.564,3087137,11,,,,,
2.6762,cubic,open,66,59,66,78.704,40.113,11.657,9.564,3092929,11,,,,,
2.6812,cubic,open,66,59,66,78.844,40.113,11.636,9.565,3100169,11,,,,,
2.6863,cubic,open,66,59,66,78.817,40.113,11.64,9.564,3105961,11,,,,,
2.6914,cubic,open,66,59,66,78.796,40.113,11.643,9.563,3111753,11,,,,,
2.6964,cubic,open,66,59,66,78.78,40.113,11.646,9.564,3117545,11,,,,,
2.7015,cubic,open,66,59,66,78.768,40.113,11.647,9.564,3123337,11,,,,,
2.7066,cubic,open,66,59,66,79.064,40.113,11.604,9.564,3130577,11,,,,,
2.7117,cubic,open,66,59,66,79.269,40.113,11.574,9.564,3136369,11,,,,,
2.7168,cubic,open,66,59,66,79.426,40.113,11.551,9.564,3142161,11,,,,,
2.7219,cubic,open,66,59,66,79.547,40.113,11.533,9.563,3147953,11,,,,,
2.7270,cubic,open,66,59,66,79.638,40.113,11.52,9.564,3153745,11,,,,,
2.7320,cubic,open,66,59,66,79.71,40.113,11.51,9.563,3159537,11,,,,,
2.7371,cubic,open,66,59,66,79.785,40.113,11.499,9.563,3168225,11,,,,,
2.7422,cubic,open,66,59,66,79.821,40.113,11.494,9.564,3174017,11,,,,,
2.7473,cubic,open,66,59,66,79.849,40.113,11.49,9.564,3179809,11,,,,,
2.7523,cubic,open,66,59,66,79.87,40.113,11.487,9.564,3185601,11,,,,,
2.7574,cubic,open,67,59,67,79.887,40.113,11.658,9.564,3191393,11,,,,,
2.7624,cubic,open,67,59,67,80.049,40.113,11.635,9.564,3197185,11,,,,,
2.7675,cubic,open,67,59,67,80.014,40.113,11.64,9.564,3204425,11,,,,,
2.7726,cubic,open,67,59,67,79.995,40.113,11.643,9.564,3210217,11,,,,,
2.7777,cubic,open,67,59,67,79.982,40.113,11.644,9.563,3216009,11,,,,,
2.7827,cubic,open,67,59,67,79.971,40.113,11.646,9.564,3221801,11,,,,,
2.7878,cubic,open,67,59,67,80.116,40.113,11.625,9.419,3227593,11,,,,,
2.7929,cubic,open,67,59,67,80.057,40.113,11.634,9.564,3234833,11,,,,,
2.7980,cubic,open,67,59,67,80.028,40.113,11.638,9.564,3240625,11,,,,,
2.8031,cubic,open,67,59,67,80.007,40.113,11.641,9.564,3246417,11,,,,,
2.8082,cubic,open,67,59,67,79.992,40.113,11.643,9.564,3252209,11,,,,,
2.8133,cubic,open,67,59,67,79.98,40.113,11.645,9.563,3258001,11,,,,,
2.8184,cubic,open,67,59,67,79.97,40.113,11.646,9.563,3263793,11,,,,,
2.8235,cubic,open,67,59,67,79.964,40.113,11.647,9.564,3269585,11,,,,,
2.8286,cubic,open,67,59,67,79.96,40.113,11.648,9.563,3275377,11,,,,,
2.8338,cubic,open,67,59,67,80.008,40.113,11.641,9.514,3281169,11,,,,,
2.8389,cubic,open,67,59,67,80.167,40.113,11.618,9.563,3289857,11,,,,,
2.8440,cubic,open,67,59,67,80.405,40.113,11.583,9.558,3294201,11,,,,,
2.8491,cubic,open,67,59,67,80.766,40.113,11.531,9.564,3301441,11,,,,,
2.8542,cubic,open,67,59,67,80.857,40.113,11.518,9.564,3307233,11,,,,,
2.8593,cubic,open,67,59,67,80.926,40.113,11.509,9.565,3313025,11,,,,,
2.8644,cubic,open,67,59,67,80.979,40.113,11.501,9.564,3318817,11,,,,,
2.8695,cubic,open,67,59,67,81.067,40.113,11.489,9.564,3324609,11,,,,,
2.8745,cubic,open,67,59,67,81.218,40.113,11.467,9.557,3331849,11,,,,,
2.8796,cubic,open,67,59,67,81.203,40.113,11.469,9.564,3337641,11,,,,,
2.8847,cubic,open,67,59,67,81.191,40.113,11.471,9.564,3343433,11,,,,,
2.8898,cubic,open,67,59,67,81.181,40.113,11.473,9.564,3349225,11,,,,,
2.8950,cubic,open,67,59,67,81.173,40.113,11.474,9.564,3355017,11,,,,,
2.9001,cubic,open,67,59,67,81.168,40.113,11.474,9.564,3360809,11,,,,,
2.9052,cubic,open,67,59,67,81.163,40.113,11.475,9.563,3366601,11,,,,,
2.9103,cubic,open,67,59,67,81.159,40.113,11.476,9.564,3372393,11,,,,,
2.9154,cubic,open,67,59,67,81.106,40.113,11.483,9.568,3381081,11,,,,,
2.9205,cubic,open,67,59,67,81.116,40.113,11.482,9.564,3386873,11,,,,,
2.9256,cubic,open,68,59,68,81.249,40.113,11.634,9.558,3391217,11,,,,,
2.9307,cubic,open,68,59,68,81.349,40.113,11.62,9.563,3398457,11,,,,,
2.9358,cubic,open,68,59,68,81.303,40.113,11.626,9.563,3404249,11,,,,,
2.9409,cubic,open,68,59,68,81.267,40.113,11.631,9.563,3410041,11,,,,,
2.9460,cubic,open,68,59,68,81.242,40.113,11.635,9.563,3415833,11,,,,,
2.9511,cubic,open,68,59,68,81.172,40.113,11.645,9.563,3421625,11,,,,,
2.9562,cubic,open,68,59,68,81.338,40.113,11.621,9.557,3428865,11,,,,,
2.9612,cubic,open,68,59,68,81.294,40.113,11.628,9.563,3434657,11,,,,,
2.9663,cubic,open,68,59,68,81.261,40.113,11.632,9.563,3440449,11,,,,,
2.9714,cubic,open,68,59,68,81.235,40.113,11.636,9.564,3446241,11,,,,,
2.9765,cubic,open,68,59,68,81.214,40.113,11.639,9.564,3452033,11,,,,,
2.9816,cubic,open,68,59,68,81.198,40.113,11.641,9.564,3457825,11,,,,,
2.9867,cubic,open,68,59,68,81.18,40.113,11.644,9.564,3466513,11,,,,,
2.9918,cubic,open,68,59,68,81.176,40.113,11.644,9.562,3472305,11,,,,,
2.9969,cubic,open,68,59,68,81.17,40.113,11.645,9.564,3478097,11,,,,,
3.0020,cubic,open,68,59,68,81.165,40.113,11.646,9.564,3483889,11,,,,,
3.0070,cubic,open,68,59,68,81.34,40.113,11.621,9.564,3489681,11,,,,,
3.0121,cubic,open,68,59,68,81.579,40.113,11.587,9.564,3495473,11,,,,,
3.0172,cubic,open,68,59,68,81.951,40.113,11.534,9.565,3502713,11,,,,,
3.0223,cubic,open,68,59,68,82.047,40.113,11.521,9.565,3508505,11,,,,,
3.0274,cubic,open,68,59,68,82.117,40.113,11.511,9.565,3514297,11,,,,,
3.0324,cubic,open,68,59,68,82.193,40.113,11.5,9.564,3520089,11,,,,,
3.0375,cubic,open,68,59,68,82.178,40.113,11.503,9.615,3525881,11,,,,,
3.0426,cubic,open,68,59,68,82.332,40.113,11.481,9.564,3533121,11,,,,,
3.0477,cubic,open,68,59,68,82.336,40.113,11.48,9.566,3538913,11,,,,,
3.0528,cubic,open,68,59,68,82.342,40.113,11.48,9.564,3544705,11,,,,,
3.0579,cubic,open,68,59,68,82.347,40.113,11.479,9.563,3550497,11,,,,,
3.0630,cubic,open,68,59,68,82.351,40.113,11.478,9.564,3556289,11,,,,,
3.0681,cubic,open,68,59,68,82.352,40.113,11.478,9.564,3562081,11,,,,,
3.0733,cubic,open,68,59,68,82.346,40.113,11.479,9.57,3567873,11,,,,,
3.0785,cubic,open,68,59,68,82.351,40.113,11.478,9.563,3573665,11,,,,,
3.0836,cubic,open,68,59,68,82.356,40.113,11.478,9.561,3582353,11,,,,,
3.0887,cubic,open,69,59,69,82.358,40.113,11.646,9.564,3588145,11,,,,,
3.0937,cubic,open,69,59,69,82.358,40.113,11.646,9.564,3593937,11,,,,,
3.0988,cubic,open,69,59,69,82.508,40.113,11.625,9.425,3599729,11,,,,,
3.1039,cubic,open,69,59,69,82.475,40.113,11.63,9.562,3604073,11,,,,,
3.1090,cubic,open,69,59,69,82.437,40.113,11.635,9.564,3612761,11,,,,,
3.1141,cubic,open,69,59,69,82.402,40.113,11.64,9.562,3618553,11,,,,,
3.1192,cubic,open,69,59,69,82.393,40.113,11.641,9.563,3624345,11,,,,,
3.1243,cubic,open,69,59,69,82.537,40.113,11.621,9.424,3630137,11,,,,,
3.1293,cubic,open,69,59,69,82.496,40.113,11.627,9.564,3634481,11,,,,,
3.1344,cubic,open,69,59,69,82.45,40.113,11.633,9.564,3643169,11,,,,,
3.1395,cubic,open,69,59,69,82.427,40.113,11.636,9.563,3648961,11,,,,,
3.1446,cubic,open,69,59,69,82.413,40.113,11.638,9.563,3654753,11,,,,,
3.1497,cubic,open,69,59,69,82.401,40.113,11.64,9.564,3660545,11,,,,,
3.1548,cubic,open,69,59,69,82.392,40.113,11.641,9.563,3666337,11,,,,,
3.1599,cubic,open,69,59,69,82.382,40.113,11.643,9.563,3672129,11,,,,,
3.1649,cubic,open,69,59,69,82.376,40.113,11.644,9.564,3677921,11,,,,,
3.1701,cubic,open,69,59,69,82.369,40.113,11.645,9.563,3683713,11,,,,,
3.1752,cubic,open,69,59,69,82.675,40.113,11.601,9.564,3690953,11,,,,,
3.1803,cubic,open,69,59,69,82.887,40.113,11.572,9.562,3696745,11,,,,,
3.1854,cubic,open,69,59,69,83.245,40.113,11.522,9.566,3703985,11,,,,,
3.1906,cubic,open,69,59,69,83.323,40.113,11.511,9.563,3709777,11,,,,,
3.1957,cubic,open,69,59,69,83.382,40.113,11.503,9.565,3715569,11,,,,,
3.2008,cubic,open,69,59,69,83.426,40.113,11.497,9.563,3721361,11,,,,,
3.2059,cubic,open,69,59,69,83.459,40.113,11.492,9.563,3727153,11,,,,,
3.2110,cubic,open,69,59,69,83.631,40.113,11.469,9.563,3734393,11,,,,,
3.2161,cubic,open,69,59,69,83.619,40.113,11.47,9.563,3740185,11,,,,,
3.2212,cubic,open,69,59,69,83.61,40.113,11.472,9.563,3745977,11,,,,,
3.2263,cubic,open,69,59,69,83.603,40.113,11.473,9.563,3751769,11,,,,,
3.2314,cubic,open,69,59,69,83.595,40.113,11.474,9.564,3757561,11,,,,,
3.2366,cubic,open,69,59,69,83.593,40.113,11.474,9.563,3763353,11,,,,,
3.2416,cubic,open,69,59,69,83.59,40.113,11.474,9.563,3769145,11,,,,,
3.2468,cubic,open,69,59,69,83.585,40.113,11.475,9.564,3774937,11,,,,,
3.2519,cubic,open,69,59,69,83.582,40.113,11.476,9.564,3780729,11,,,,,
3.2570,cubic,open,69,59,69,83.578,40.113,11.476,9.563,3789417,11,,,,,
3.2621,cubic,open,69,59,69,83.712,40.113,11.458,9.562,3793761,11,,,,,
3.2672,cubic,open,69,59,69,83.679,40.113,11.462,9.564,3799553,11,,,,,
3.2724,cubic,open,69,59,69,83.778,40.113,11.449,9.563,3806793,11,,,,,
3.2775,cubic,open,69,59,69,83.728,40.113,11.455,9.563,3812585,11,,,,,
3.2826,cubic,open,69,59,69,83.693,40.113,11.46,9.563,3818377,11,,,,,
3.2877,cubic,open,70,59,70,83.667,40.113,11.63,9.563,3824169,11,,,,,
3.2929,cubic,open,70,59,70,83.645,40.113,11.633,9.564,3829961,11,,,,,
3.2980,cubic,open,70,59,70,83.755,40.113,11.618,9.564,3837201,11,,,,,
3.3031,cubic,open,70,59,70,83.713,40.113,11.624,9.564,3842993,11,,,,,
3.3082,cubic,open,70,59,70,83.683,40.113,11.628,9.563,3848785,11,,,,,
3.3133,cubic,open,70,59,70,83.656,40.113,11.632,9.563,3854577,11,,,,,
3.3184,cubic,open,70,59,70,83.634,40.113,11.635,9.562,3860369,11,,,,,
3.3235,cubic,open,70,59,70,83.616,40.113,11.637,9.563,3869057,11,,,,,
3.3286,cubic,open,70,59,70,83.608,40.113,11.638,9.563,3874849,11,,,,,
3.3337,cubic,open,70,59,70,83.601,40.113,11.639,9.563,3880641,11,,,,,
3.3388,cubic,open,70,59,70,83.6,40.113,11.639,9.564,3886433,11,,,,,
3.3439,cubic,open,70,59,70,83.59,40.113,11.641,9.566,3892225,11,,,,,
3.3490,cubic,open,70,59,70,83.697,40.113,11.626,9.564,3899465,11,,,,,
3.3541,cubic,open,70,59,70,83.663,40.113,11.631,9.566,3905257,11,,,,,
3.3592,cubic,open,70,59,70,83.773,40.113,11.615,9.564,3909601,11,,,,,
3.3643,cubic,open,70,59,70,83.725,40.113,11.622,9.564,3915393,11,,,,,
3.3695,cubic,open,70,59,70,83.672,40.113,11.629,9.562,3924081,11,,,,,
3.3746,cubic,open,70,59,70,83.954,40.113,11.59,9.565,3928425,11,,,,,
3.3797,cubic,open,70,59,70,84.155,40.113,11.563,9.566,3934217,11,,,,,
3.3848,cubic,open,70,59,70,84.49,40.113,11.517,9.567,3941457,11,,,,,
3.3899,cubic,open,70,59,70,84.556,40.113,11.508,9.568,3947249,11,,,,,
3.3950,cubic,open,70,59,70,84.608,40.113,11.501,9.565,3953041,11,,,,,
3.4001,cubic,open,70,59,70,84.646,40.113,11.496,9.565,3958833,11,,,,,
3.4052,cubic,open,70,59,70,84.678,40.113,11.491,9.564,3964625,11,,,,,
3.4103,cubic,open,70,59,70,84.7,40.113,11.488,9.565,3970417,11,,,,,
3.4154,cubic,open,70,59,70,84.725,40.113,11.485,9.565,3979105,11,,,,,
3.4205,cubic,open,70,59,70,84.73,40.113,11.484,9.568,3984897,11,,,,,
3.4256,cubic,open,70,59,70,84.742,40.113,11.482,9.564,3990689,11,,,,,
3.4307,cubic,open,70,59,70,84.753,40.113,11.481,9.563,3996481,11,,,,,
3.4359,cubic,open,70,59,70,84.892,40.113,11.462,9.564,4000825,11,,,,,
3.4410,cubic,open,70,59,70,84.853,40.113,11.467,9.565,4009513,11,,,,,
3.4461,cubic,open,70,59,70,84.968,40.113,11.452,9.565,4013857,11,,,,,
3.4513,cubic,open,70,59,70,84.923,40.113,11.458,9.565,4019649,11,,,,,
3.4565,cubic,open,70,59,70,84.89,40.113,11.462,9.565,4025441,11,,,,,
3.4615,cubic,open,70,59,70,84.974,40.113,11.451,9.554,4032681,11,,,,,
3.4666,cubic,open,70,59,70,84.929,40.113,11.457,9.564,4038473,11,,,,,
3.4717,cubic,open,70,59,70,85.013,40.113,11.446,9.563,4045713,11,,,,,
3.4768,cubic,open,70,59,70,84.957,40.113,11.453,9.564,4051505,11,,,,,
3.4819,cubic,open,70,59,70,84.915,40.113,11.459,9.565,4057297,11,,,,,
3.4869,cubic,open,70,59,70,84.882,40.113,11.464,9.564,4063089,11,,,,,
3.4920,cubic,open,70,59,70,84.857,40.113,11.467,9.563,4068881,11,,,,,
3.4971,cubic,open,70,59,70,84.84,40.113,11.469,9.564,4074673,11,,,,,
3.5022,cubic,open,70,59,70,84.825,40.113,11.471,9.565,4080465,11,,,,,
3.5072,cubic,open,70,59,70,84.812,40.113,11.473,9.566,4086257,11,,,,,
3.5123,cubic,open,70,59,70,84.8,40.113,11.475,9.563,4094945,11,,,,,
3.5174,cubic,open,70,59,70,84.795,40.113,11.475,9.565,4100737,11,,,,,
3.5225,cubic,open,71,59,71,84.924,40.113,11.622,9.564,4105081,11,,,,,
3.5276,cubic,open,71,59,71,84.889,40.113,11.626,9.564,4110873,11,,,,,
3.5326,cubic,open,71,59,71,84.986,40.113,11.613,9.564,4118113,11,,,,,
3.5377,cubic,open,71,59,71,84.933,40.113,11.62,9.561,4123905,11,,,,,
3.5428,cubic,open,71,59,71,84.897,40.113,11.625,9.564,4129697,11,,,,,
3.5479,cubic,open,71,59,71,84.991,40.113,11.612,9.564,4136937,11,,,,,
3.5530,cubic,open,71,59,71,84.94,40.113,11.619,9.564,4142729,11,,,,,
3.5580,cubic,open,71,59,71,85.054,40.113,11.604,9.428,4148521,11,,,,,
3.5631,cubic,open,71,59,71,84.991,40.113,11.612,9.565,4152865,11,,,,,
3.5682,cubic,open,71,59,71,84.923,40.113,11.622,9.564,4161553,11,,,,,
3.5733,cubic,open,71,59,71,84.891,40.113,11.626,9.564,4167345,11,,,,,
3.5783,cubic,open,71,59,71,84.861,40.113,11.63,9.563,4173137,11,,,,,
3.5834,cubic,open,71,59,71,84.842,40.113,11.633,9.564,4178929,11,,,,,
3.5885,cubic,open,71,59,71,84.828,40.113,11.635,9.564,4184721,11,,,,,
3.5935,cubic,open,71,59,71,84.817,40.113,11.636,9.564,4190513,11,,,,,
3.5986,cubic,open,71,59,71,84.809,40.113,11.637,9.564,4196305,11,,,,,
3.6037,cubic,open,71,59,71,84.801,40.113,11.638,9.564,4202097,11,,,,,
3.6088,cubic,open,71,59,71,84.975,40.113,11.615,9.564,4207889,11,,,,,
3.6138,cubic,open,71,59,71,85.214,40.113,11.582,9.564,4213681,11,,,,,
3.6189,cubic,open,71,59,71,85.622,40.113,11.527,9.564,4222369,11,,,,,
3.6240,cubic,open,71,59,71,85.711,40.113,11.515,9.564,4226713,11,,,,,
3.6291,cubic,open,71,59,71,85.777,40.113,11.506,9.564,4232505,11,,,,,
3.6341,cubic,open,71,59,71,85.828,40.113,11.499,9.564,4238297,11,,,,,
3.6392,cubic,open,71,59,71,86.0,40.113,11.476,9.563,4245537,11,,,,,
3.6444,cubic,open,71,59,71,85.998,40.113,11.476,9.564,4251329,11,,,,,
3.6495,cubic,open,71,59,71,86.111,40.113,11.461,9.564,4258569,11,,,,,
3.6546,cubic,open,71,59,71,86.086,40.113,11.465,9.563,4264361,11,,,,,
3.6597,cubic,open,71,59,71,86.067,40.113,11.467,9.562,4270153,11,,,,,
3.6648,cubic,open,71,59,71,86.051,40.113,11.469,9.564,4275945,11,,,,,
3.6699,cubic,open,71,59,71,86.038,40.113,11.471,9.564,4281737,11,,,,,
3.6750,cubic,open,71,59,71,86.029,40.113,11.472,9.563,4287529,11,,,,,
3.6801,cubic,open,71,59,71,86.021,40.113,11.473,9.563,4293321,11,,,,,
3.6851,cubic,open,71,59,71,86.015,40.113,11.474,9.564,4299113,11,,,,,
3.6902,cubic,open,71,59,71,86.011,40.113,11.475,9.564,4304905,11,,,,,
3.6953,cubic,open,71,59,71,86.008,40.113,11.475,9.563,4313593,11,,,,,
3.7004,cubic,open,71,59,71,86.005,40.113,11.475,9.564,4319385,11,,,,,
3.7055,cubic,open,71,59,71,86.003,40.113,11.476,9.564,4325177,11,,,,,
3.7106,cubic,open,71,59,71,86.133,40.113,11.458,9.563,4329521,11,,,,,
3.7157,cubic,open,71,59,71,86.1,40.113,11.463,9.564,4335313,11,,,,,
3.7208,cubic,open,71,59,71,86.065,40.113,11.468,9.564,4344001,11,,,,,
3.7258,cubic,open,71,59,71,86.179,40.113,11.452,9.563,4348345,11,,,,,
3.7309,cubic,open,71,59,71,86.137,40.113,11.458,9.563,4354137,11,,,,,
3.7360,cubic,open,71,59,71,86.221,40.113,11.447,9.564,4361377,11,,,,,
3.7411,cubic,open,71,59,71,86.165,40.113,11.454,9.563,4367169,11,,,,,
3.7462,cubic,open,71,59,71,86.122,40.113,11.46,9.562,4372961,11,,,,,
3.7512,cubic,open,71,59,71,86.094,40.113,11.464,9.564,4378753,11,,,,,
3.7563,cubic,open,71,59,71,86.07,40.113,11.467,9.563,4384545,11,,,,,
3.7614,cubic,open,71,59,71,86.051,40.113,11.469,9.564,4390337,11,,,,,
3.7665,cubic,open,71,59,71,86.036,40.113,11.471,9.563,4396129,11,,,,,
3.7716,cubic,open,71,59,71,86.022,40.113,11.473,9.563,4404817,11,,,,,
3.7767,cubic,open,71,59,71,86.015,40.113,11.474,9.563,4410609,11,,,,,
3.7818,cubic,open,71,59,71,86.01,40.113,11.475,9.563,4416401,11,,,,,
3.7869,cubic,open,71,59,71,86.006,40.113,11.475,9.564,4422193,11,,,,,
3.7920,cubic,open,71,59,71,86.004,40.113,11.476,9.564,4427985,11,,,,,
3.7971,cubic,open,71,59,71,86.136,40.113,11.458,9.563,4435225,11,,,,,
3.8022,cubic,open,71,59,71,86.105,40.113,11.462,9.564,4441017,11,,,,,
3.8073,cubic,open,71,59,71,86.081,40.113,11.465,9.563,4446809,11,,,,,
3.8125,cubic,open,71,59,71,86.213,40.113,11.448,9.429,4452601,11,,,,,
3.8175,cubic,open,71,59,71,86.141,40.113,11.457,9.563,4459841,11,,,,,
3.8226,cubic,open,71,59,71,86.259,40.113,11.442,9.43,4465633,11,,,,,
3.8277,cubic,open,71,59,71,86.197,40.113,11.45,9.564,4469977,11,,,,,
3.8328,cubic,open,71,59,71,86.148,40.113,11.456,9.565,4475769,11,,,,,
3.8379,cubic,open,71,59,71,86.11,40.113,11.461,9.562,4481561,11,,,,,
3.8431,cubic,open,71,59,71,86.072,40.113,11.467,9.563,4490249,11,,,,,
3.8482,cubic,open,71,59,71,86.055,40.113,11.469,9.563,4496041,11,,,,,
3.8533,cubic,open,71,59,71,86.048,40.113,11.47,9.559,4501833,11,,,,,
3.8584,cubic,open,71,59,71,86.035,40.113,11.472,9.563,4507625,11,,,,,
3.8635,cubic,open,71,59,71,86.027,40.113,11.473,9.563,4513417,11,,,,,
3.8686,cubic,open,71,59,71,86.018,40.113,11.474,9.563,4519209,11,,,,,
3.8737,cubic,open,71,59,71,86.011,40.113,11.475,9.564,4525001,11,,,,,
3.8788,cubic,open,71,59,71,86.007,40.113,11.475,9.564,4530793,11,,,,,
3.8839,cubic,open,72,59,72,85.999,40.113,11.638,9.565,4536585,11,,,,,
3.8890,cubic,open,72,59,72,86.112,40.113,11.623,9.563,4543825,11,,,,,
3.8942,cubic,open,72,59,72,86.081,40.113,11.627,9.563,4549617,11,,,,,
3.8993,cubic,open,72,59,72,86.059,40.113,11.63,9.564,4555409,11,,,,,
3.9044,cubic,open,72,59,72,86.153,40.113,11.617,9.563,4562649,11,,,,,
3.9095,cubic,open,72,59,72,86.115,40.113,11.622,9.564,4568441,11,,,,,
3.9147,cubic,open,72,59,72,86.191,40.113,11.612,9.564,4575681,11,,,,,
3.9198,cubic,open,72,59,72,86.146,40.113,11.618,9.564,4581473,11,,,,,
3.9249,cubic,open,72,59,72,86.109,40.113,11.623,9.563,4587265,11,,,,,
3.9300,cubic,open,72,59,72,86.084,40.113,11.626,9.562,4593057,11,,,,,
3.9351,cubic,open,72,59,72,86.099,40.113,11.624,9.533,4598849,11,,,,,
3.9403,cubic,open,72,59,72,86.068,40.113,11.629,9.559,4604641,11,,,,,
3.9454,cubic,open,72,59,72,86.049,40.113,11.631,9.563,4610433,11,,,,,
3.9505,cubic,open,72,59,72,86.035,40.113,11.633,9.563,4616225,11,,,,,
3.9556,cubic,open,72,59,72,86.023,40.113,11.635,9.564,4624913,11,,,,,
3.9607,cubic,open,72,59,72,86.018,40.113,11.635,9.563,4630705,11,,,,,
3.9658,cubic,open,72,59,72,86.013,40.113,11.636,9.564,4636497,11,,,,,
3.9710,cubic,open,72,59,72,86.189,40.113,11.612,9.564,4642289,11,,,,,
3.9761,cubic,open,72,59,72,86.618,40.113,11.555,9.565,4648081,11,,,,,
3.9812,cubic,open,72,59,72,86.756,40.113,11.536,9.564,4653873,11,,,,,
3.9863,cubic,open,72,59,72,86.862,40.113,11.522,9.564,4659665,11,,,,,
3.9914,cubic,open,72,59,72,87.173,40.113,11.481,9.565,4666905,11,,,,,
3.9966,cubic,open,72,59,72,87.18,40.113,11.48,9.564,4672697,11,,,,,
4.0017,cubic,open,72,59,72,87.321,40.113,11.462,9.564,4679937,11,,,,,
4.0068,cubic,open,72,59,72,87.293,40.113,11.465,9.564,4685729,11,,,,,
4.0119,cubic,open,72,59,72,87.273,40.113,11.468,9.564,4691521,11,,,,,
4.0170,cubic,open,72,59,72,87.253,40.113,11.471,9.567,4697313,11,,,,,
4.0221,cubic,open,72,59,72,87.205,40.113,11.477,9.596,4703105,11,,,,,
4.0272,cubic,open,72,59,72,87.205,40.113,11.477,9.565,4708897,11,,,,,
4.0324,cubic,open,72,59,72,87.205,40.113,11.477,9.564,4714689,11,,,,,
4.0375,cubic,open,72,59,72,87.203,40.113,11.477,9.566,4720481,11,,,,,
4.0426,cubic,open,72,59,72,87.202,40.113,11.477,9.565,4726273,11,,,,,
4.0477,cubic,open,72,59,72,87.201,40.113,11.478,9.565,4734961,11,,,,,
4.0528,cubic,open,72,59,72,87.2,40.113,11.478,9.564,4740753,11,,,,,
4.0579,cubic,open,72,59,72,87.203,40.113,11.477,9.562,4746545,11,,,,,
4.0630,cubic,open,72,59,72,87.072,40.113,11.495,9.564,4752337,11,,,,,
4.0682,cubic,open,72,59,72,87.103,40.113,11.49,9.563,4758129,11,,,,,
4.0733,cubic,open,72,59,72,87.128,40.113,11.487,9.564,4763921,11,,,,,
4.0785,cubic,open,72,59,72,87.069,40.113,11.495,9.563,4769713,11,,,,,
4.0836,cubic,open,72,59,72,87.221,40.113,11.475,9.564,4776953,11,,,,,
4.0887,cubic,open,72,59,72,87.215,40.113,11.476,9.566,4782745,11,,,,,
4.0938,cubic,open,72,59,72,87.328,40.113,11.461,9.564,4789985,11,,,,,
4.0989,cubic,open,72,59,72,87.298,40.113,11.465,9.564,4795777,11,,,,,
4.1041,cubic,open,72,59,72,87.277,40.113,11.468,9.563,4801569,11,,,,,
4.1092,cubic,open,72,59,72,87.259,40.113,11.47,9.564,4807361,11,,,,,
4.1143,cubic,open,72,59,72,87.246,40.113,11.472,9.563,4813153,11,,,,,
4.1194,cubic,open,72,59,72,87.239,40.113,11.473,9.563,4818945,11,,,,,
4.1245,cubic,open,72,59,72,87.233,40.113,11.473,9.564,4824737,11,,,,,
4.1296,cubic,open,72,59,72,87.227,40.113,11.474,9.564,4830529,11,,,,,
4.1347,cubic,open,72,59,72,87.22,40.113,11.475,9.563,4836321,11,,,,,
4.1399,cubic,open,72,59,72,87.219,40.113,11.475,9.562,4845009,11,,,,,
4.1450,cubic,open,72,59,72,87.213,40.113,11.476,9.562,4850801,11,,,,,
4.1500,cubic,open,72,59,72,87.209,40.113,11.477,9.563,4856593,11,,,,,
4.1551,cubic,open,72,59,72,87.206,40.113,11.477,9.564,4862385,11,,,,,
4.1602,cubic,open,72,59,72,87.205,40.113,11.477,9.563,4868177,11,,,,,
4.1653,cubic,open,72,59,72,87.204,40.113,11.477,9.564,4873969,11,,,,,
4.1704,cubic,open,72,59,72,87.338,40.113,11.46,9.564,4881209,11,,,,,
4.1755,cubic,open,72,59,72,87.307,40.113,11.464,9.564,4887001,11,,,,,
4.1806,cubic,open,72,59,72,87.435,40.113,11.447,9.431,4892793,11,,,,,
4.1857,cubic,open,72,59,72,87.381,40.113,11.454,9.564,4897137,11,,,,,
4.1907,cubic,open,72,59,72,87.32,40.113,11.462,9.563,4905825,11,,,,,
4.1958,cubic,open,72,59,72,87.294,40.113,11.465,9.564,4911617,11,,,,,
4.2009,cubic,open,72,59,72,87.271,40.113,11.468,9.563,4917409,11,,,,,
4.2060,cubic,open,72,59,72,87.253,40.113,11.471,9.563,4923201,11,,,,,
4.2111,cubic,open,72,59,72,87.24,40.113,11.472,9.564,4928993,11,,,,,
4.2162,cubic,open,72,59,72,87.235,40.113,11.473,9.562,4934785,11,,,,,
4.2214,cubic,open,72,59,72,87.233,40.113,11.473,9.562,4940577,11,,,,,
4.2265,cubic,open,72,59,72,87.225,40.113,11.474,9.563,4946369,11,,,,,
4.2316,cubic,open,72,59,72,87.22,40.113,11.475,9.563,4952161,11,,,,,
4.2367,cubic,open,72,59,72,87.218,40.113,11.475,9.563,4960849,11,,,,,
4.2418,cubic,open,73,59,73,87.215,40.113,11.635,9.564,4966641,11,,,,,
4.2469,cubic,open,73,59,73,87.213,40.113,11.635,9.564,4972433,11,,,,,
4.2520,cubic,open,73,59,73,87.211,40.113,11.636,9.564,4978225,11,,,,,
4.2571,cubic,open,73,59,73,87.213,40.113,11.635,9.562,4984017,11,,,,,
4.2622,cubic,open,73,59,73,87.327,40.113,11.62,9.564,4991257,11,,,,,
4.2672,cubic,open,73,59,73,87.3,40.113,11.624,9.564,4997049,11,,,,,
4.2723,cubic,open,73,59,73,87.413,40.113,11.609,9.564,5001393,11,,,,,
4.2774,cubic,open,73,59,73,87.366,40.113,11.615,9.563,5007185,11,,,,,
4.2825,cubic,open,73,59,73,87.327,40.113,11.62,9.562,5012977,11,,,,,
4.2875,cubic,open,73,59,73,87.287,40.113,11.625,9.564,5021665,11,,,,,
4.2927,cubic,open,73,59,73,87.275,40.113,11.627,9.559,5027457,11,,,,,
4.2979,cubic,open,73,59,73,87.257,40.113,11.629,9.564,5033249,11,,,,,
4.3029,cubic,open,73,59,73,87.24,40.113,11.632,9.561,5039041,11,,,,,
4.3080,cubic,open,73,59,73,87.225,40.113,11.634,9.562,5044833,11,,,,,
4.3131,cubic,open,73,59,73,87.22,40.113,11.634,9.564,5050625,11,,,,,
4.3182,cubic,open,73,59,73,87.214,40.113,11.635,9.563,5056417,11,,,,,
4.3232,cubic,open,73,59,73,87.208,40.113,11.636,9.563,5062209,11,,,,,
4.3283,cubic,open,73,59,73,87.205,40.113,11.636,9.564,5068001,11,,,,,
4.3334,cubic,open,73,59,73,87.528,40.113,11.593,9.55,5075241,11,,,,,
4.3385,cubic,open,73,59,73,87.736,40.113,11.566,9.564,5081033,11,,,,,
4.3435,cubic,open,73,59,73,87.891,40.113,11.546,9.567,5086825,11,,,,,
4.3486,cubic,open,73,59,73,88.009,40.113,11.53,9.565,5092617,11,,,,,
4.3537,cubic,open,73,59,73,88.255,40.113,11.498,9.566,5099857,11,,,,,
4.3587,cubic,open,73,59,73,88.29,40.113,11.493,9.565,5105649,11,,,,,
4.3638,cubic,open,73,59,73,88.444,40.113,11.473,9.565,5112889,11,,,,,
4.3689,cubic,open,73,59,73,88.436,40.113,11.474,9.564,5118681,11,,,,,
4.3739,cubic,open,73,59,73,88.431,40.113,11.475,9.565,5124473,11,,,,,
4.3790,cubic,open,73,59,73,88.427,40.113,11.476,9.564,5130265,11,,,,,
4.3841,cubic,open,73,59,73,88.417,40.113,11.477,9.564,5136057,11,,,,,
4.3891,cubic,open,73,59,73,88.417,40.113,11.477,9.564,5141849,11,,,,,
4.3942,cubic,open,73,59,73,88.416,40.113,11.477,9.564,5147641,11,,,,,
4.3993,cubic,open,73,59,73,88.416,40.113,11.477,9.563,5153433,11,,,,,
4.4043,cubic,open,73,59,73,88.416,40.113,11.477,9.564,5159225,11,,,,,
4.4094,cubic,open,74,59,74,88.416,40.113,11.634,9.564,5165017,11,,,,,
4.4145,cubic,open,74,59,74,88.417,40.113,11.634,9.564,5170809,11,,,,,
4.4195,cubic,open,74,59,74,88.417,40.113,11.634,9.564,5179497,11,,,,,
4.4246,cubic,open,74,59,74,88.535,40.113,11.619,9.564,5183841,11,,,,,
4.4297,cubic,open,74,59,74,88.507,40.113,11.622,9.564,5189633,11,,,,,
4.4347,cubic,open,74,59,74,88.486,40.113,11.625,9.564,5195425,11,,,,,
4.4398,cubic,open,74,59,74,88.469,40.113,11.627,9.564,5201217,11,,,,,
4.4449,cubic,open,74,59,74,88.568,40.113,11.614,9.564,5208457,11,,,,,
4.4500,cubic,open,74,59,74,88.531,40.113,11.619,9.564,5214249,11,,,,,
4.4550,cubic,open,74,59,74,88.609,40.113,11.609,9.564,5221489,11,,,,,
4.4601,cubic,open,74,59,74,88.564,40.113,11.615,9.564,5227281,11,,,,,
4.4652,cubic,open,74,59,74,88.53,40.113,11.619,9.564,5233073,11,,,,,
4.4702,cubic,open,74,59,74,88.504,40.113,11.623,9.564,5238865,11,,,,,
4.4753,cubic,open,74,59,74,88.484,40.113,11.625,9.564,5244657,11,,,,,
4.4804,cubic,open,74,59,74,88.469,40.113,11.627,9.564,5250449,11,,,,,
4.4854,cubic,open,74,59,74,88.456,40.113,11.629,9.564,5256241,11,,,,,
4.4905,cubic,open,74,59,74,88.446,40.113,11.63,9.564,5262033,11,,,,,
4.4956,cubic,open,74,59,74,88.44,40.113,11.631,9.563,5267825,11,,,,,
4.5007,cubic,open,74,59,74,88.739,40.113,11.592,9.564,5275065,11,,,,,
4.5058,cubic,open,74,59,74,88.948,40.113,11.565,9.564,5280857,11,,,,,
4.5108,cubic,open,74,59,74,89.107,40.113,11.544,9.564,5286649,11,,,,,
4.5159,cubic,open,74,59,74,89.412,40.113,11.505,9.564,5293889,11,,,,,
4.5210,cubic,open,74,59,74,89.463,40.113,11.498,9.564,5299681,11,,,,,
4.5260,cubic,open,74,59,74,89.503,40.113,11.493,9.563,5305473,11,,,,,
4.5311,cubic,open,74,59,74,89.532,40.113,11.489,9.564,5311265,11,,,,,
4.5361,cubic,open,74,59,74,89.681,40.113,11.47,9.564,5318505,11,,,,,
4.5412,cubic,open,74,59,74,89.669,40.113,11.472,9.564,5324297,11,,,,,
4.5463,cubic,open,74,59,74,89.792,40.113,11.456,9.564,5328641,11,,,,,
4.5515,cubic,open,74,59,74,89.753,40.113,11.461,9.564,5334433,11,,,,,
4.5565,cubic,open,74,59,74,89.711,40.113,11.466,9.564,5343121,11,,,,,
4.5616,cubic,open,74,59,74,89.691,40.113,11.469,9.565,5348913,11,,,,,
4.5667,cubic,open,74,59,74,89.675,40.113,11.471,9.564,5354705,11,,,,,
4.5717,cubic,open,74,59,74,89.664,40.113,11.472,9.564,5360497,11,,,,,
4.5768,cubic,open,75,59,75,89.655,40.113,11.629,9.564,5366289,11,,,,,
4.5819,cubic,open,75,59,75,89.648,40.113,11.629,9.564,5372081,11,,,,,
4.5870,cubic,open,75,59,75,89.649,40.113,11.629,9.559,5377873,11,,,,,
4.5921,cubic,open,75,59,75,89.776,40.113,11.613,9.564,5385113,11,,,,,
4.5972,cubic,open,75,59,75,89.741,40.113,11.617,9.564,5390905,11,,,,,
4.6023,cubic,open,75,59,75,89.714,40.113,11.621,9.564,5396697,11,,,,,
4.6074,cubic,open,75,59,75,89.817,40.113,11.608,9.564,5403937,11,,,,,
4.6124,cubic,open,75,59,75,89.772,40.113,11.613,9.564,5409729,11,,,,,
4.6175,cubic,open,75,59,75,89.738,40.113,11.618,9.564,5415521,11,,,,,
4.6226,cubic,open,75,59,75,89.715,40.113,11.621,9.562,5421313,11,,,,,
4.6276,cubic,open,75,59,75,89.848,40.113,11.603,9.547,5425657,11,,,,,
4.6327,cubic,open,75,59,75,89.776,40.113,11.613,9.564,5434345,11,,,,,
4.6378,cubic,open,75,59,75,89.874,40.113,11.6,9.564,5438689,11,,,,,
4.6428,cubic,open,75,59,75,89.817,40.113,11.608,9.564,5444481,11,,,,,
4.6479,cubic,open,75,59,75,89.773,40.113,11.613,9.564,5450273,11,,,,,
4.6530,cubic,open,75,59,75,89.74,40.113,11.617,9.563,5456065,11,,,,,
4.6580,cubic,open,75,59,75,89.714,40.113,11.621,9.564,5461857,11,,,,,
4.6631,cubic,open,75,59,75,89.687,40.113,11.624,9.564,5470545,11,,,,,
4.6682,cubic,open,75,59,75,89.981,40.113,11.586,9.564,5474889,11,,,,,
4.6732,cubic,open,75,59,75,90.182,40.113,11.561,9.564,5480681,11,,,,,
4.6783,cubic,open,75,59,75,90.326,40.113,11.542,9.569,5486473,11,,,,,
4.6834,cubic,open,75,59,75,90.444,40.113,11.527,9.565,5492265,11,,,,,
4.6884,cubic,open,75,59,75,90.69,40.113,11.496,9.564,5499505,11,,,,,
4.6935,cubic,open,75,59,75,90.725,40.113,11.491,9.564,5505297,11,,,,,
4.6986,cubic,open,75,59,75,90.752,40.113,11.488,9.564,5511089,11,,,,,
4.7036,cubic,open,75,59,75,90.896,40.113,11.47,9.564,5518329,11,,,,,
4.7087,cubic,open,75,59,75,90.885,40.113,11.471,9.564,5524121,11,,,,,
4.7138,cubic,open,75,59,75,90.871,40.113,11.473,9.566,5529913,11,,,,,
4.7188,cubic,open,75,59,75,90.974,40.113,11.46,9.564,5537153,11,,,,,
4.7239,cubic,open,75,59,75,90.941,40.113,11.464,9.564,5542945,11,,,,,
4.7290,cubic,open,75,59,75,91.069,40.113,11.448,9.563,5548737,11,,,,,
4.7340,cubic,open,75,59,75,91.015,40.113,11.455,9.564,5553081,11,,,,,
4.7391,cubic,open,75,59,75,90.974,40.113,11.46,9.564,5558873,11,,,,,
4.7442,cubic,open,76,59,76,90.928,40.113,11.619,9.564,5567561,11,,,,,
4.7493,cubic,open,76,59,76,90.908,40.113,11.621,9.564,5573353,11,,,,,
4.7543,cubic,open,76,59,76,90.892,40.113,11.623,9.563,5579145,11,,,,,
4.7594,cubic,open,76,59,76,91.031,40.113,11.605,9.436,5584937,11,,,,,
4.7645,cubic,open,76,59,76,90.987,40.113,11.611,9.563,5589281,11,,,,,
4.7696,cubic,open,76,59,76,90.938,40.113,11.617,9.564,5597969,11,,,,,
4.7747,cubic,open,76,59,76,90.915,40.113,11.62,9.564,5603761,11,,,,,
4.7798,cubic,open,76,59,76,91.03,40.113,11.606,9.564,5608105,11,,,,,
4.7849,cubic,open,76,59,76,90.986,40.113,11.611,9.564,5613897,11,,,,,
4.7900,cubic,open,76,59,76,90.952,40.113,11.616,9.564,5619689,11,,,,,
4.7950,cubic,open,76,59,76,91.047,40.113,11.603,9.564,5626929,11,,,,,
4.8001,cubic,open,76,59,76,90.998,40.113,11.61,9.564,5632721,11,,,,,
4.8052,cubic,open,76,59,76,90.991,40.113,11.611,9.56,5638513,11,,,,,
4.8103,cubic,open,76,59,76,90.956,40.113,11.615,9.564,5644305,11,,,,,
4.8154,cubic,open,76,59,76,91.034,40.113,11.605,9.564,5651545,11,,,,,
4.8205,cubic,open,76,59,76,90.989,40.113,11.611,9.565,5657337,11,,,,,
4.8256,cubic,open,76,59,76,91.057,40.113,11.602,9.563,5664577,11,,,,,
4.8307,cubic,open,76,59,76,91.008,40.113,11.608,9.563,5670369,11,,,,,
4.8358,cubic,open,76,59,76,91.147,40.113,11.591,9.564,5676161,11,,,,,
4.8409,cubic,open,76,59,76,91.36,40.113,11.564,9.564,5680505,11,,,,,
4.8460,cubic,open,76,59,76,91.596,40.113,11.534,9.564,5689193,11,,,,,
4.8511,cubic,open,76,59,76,91.712,40.113,11.519,9.564,5694985,11,,,,,
4.8561,cubic,open,76,59,76,91.924,40.113,11.493,9.565,5699329,11,,,,,
4.8612,cubic,open,76,59,76,91.956,40.113,11.489,9.563,5705121,11,,,,,
4.8663,cubic,open,76,59,76,91.978,40.113,11.486,9.564,5710913,11,,,,,
4.8714,cubic,open,76,59,76,92.154,40.113,11.464,9.564,5719601,11,,,,,
4.8765,cubic,open,76,59,76,92.129,40.113,11.467,9.564,5723945,11,,,,,
4.8816,cubic,open,76,59,76,92.11,40.113,11.469,9.564,5729737,11,,,,,
4.8867,cubic,open,76,59,76,92.096,40.113,11.471,9.564,5735529,11,,,,,
4.8917,cubic,open,76,59,76,92.197,40.113,11.459,9.564,5742769,11,,,,,
4.8968,cubic,open,76,59,76,92.133,40.113,11.467,9.567,5748561,11,,,,,
4.9019,cubic,open,76,59,76,92.113,40.113,11.469,9.563,5754353,11,,,,,
4.9070,cubic,open,76,59,76,92.226,40.113,11.455,9.564,5761593,11,,,,,
4.9121,cubic,open,77,59,77,92.184,40.113,11.611,9.563,5767385,11,,,,,
4.9172,cubic,open,77,59,77,92.304,40.113,11.596,9.563,5773177,11,,,,,
4.9223,cubic,open,77,59,77,92.218,40.113,11.607,9.565,5780417,11,,,,,
4.9274,cubic,open,77,59,77,92.179,40.113,11.612,9.564,5786209,11,,,,,
4.9325,cubic,open,77,59,77,92.28,40.113,11.599,9.564,5790553,11,,,,,
4.9376,cubic,open,77,59,77,92.218,40.113,11.607,9.557,5796345,11,,,,,
4.9427,cubic,open,77,59,77,92.166,40.113,11.613,9.554,5802137,11,,,,,
4.9478,cubic,open,77,59,77,92.278,40.113,11.599,9.437,5810825,11,,,,,
4.9529,cubic,open,77,59,77,92.224,40.113,11.606,9.563,5815169,11,,,,,
4.9580,cubic,open,77,59,77,92.184,40.113,11.611,9.563,5820961,11,,,,,
4.9631,cubic,open,77,59,77,92.153,40.113,11.615,9.564,5826753,11,,,,,
4.9681,cubic,open,77,59,77,92.251,40.113,11.603,9.564,5833993,11,,,,,
4.9732,cubic,open,77,59,77,92.205,40.113,11.608,9.564,5839785,11,,,,,
4.9783,cubic,open,77,59,77,92.169,40.113,11.613,9.564,5845577,11,,,,,
4.9834,cubic,open,77,59,77,92.262,40.113,11.601,9.564,5852817,11,,,,,
4.9885,cubic,open,77,59,77,92.211,40.113,11.608,9.565,5858609,11,,,,,
4.9936,cubic,open,77,59,77,92.173,40.113,11.612,9.563,5864401,11,,,,,
4.9987,cubic,open,77,59,77,92.144,40.113,11.616,9.564,5870193,11,,,,,
5.0037,cubic,open,77,59,77,92.253,40.113,11.602,9.565,5874537,11,,,,,
5.0089,cubic,open,77,59,77,92.674,40.113,11.55,9.564,5881777,11,,,,,
5.0140,cubic,open,77,59,77,93.002,40.113,11.509,9.564,5889017,11,,,,,
5.0191,cubic,open,77,59,77,93.062,40.113,11.502,9.565,5894809,11,,,,,
5.0242,cubic,open,77,59,77,93.11,40.113,11.496,9.564,5900601,11,,,,,
5.0293,cubic,open,77,59,77,93.275,40.113,11.475,9.564,5907841,11,,,,,
5.0343,cubic,open,77,59,77,93.273,40.113,11.476,9.564,5913633,11,,,,,
5.0394,cubic,open,77,59,77,93.27,40.113,11.476,9.564,5919425,11,,,,,
5.0445,cubic,open,77,59,77,93.397,40.113,11.46,9.565,5926665,11,,,,,
5.0496,cubic,open,77,59,77,93.363,40.113,11.464,9.566,5932457,11,,,,,
5.0546,cubic,open,77,59,77,93.338,40.113,11.468,9.564,5938249,11,,,,,
5.0597,cubic,open,77,59,77,93.32,40.113,11.47,9.564,5944041,11,,,,,
5.0648,cubic,open,77,59,77,93.439,40.113,11.455,9.564,5948385,11,,,,,
5.0699,cubic,open,77,59,77,93.379,40.113,11.462,9.564,5957073,11,,,,,
5.0750,cubic,open,77,59,77,93.352,40.113,11.466,9.563,5962865,11,,,,,
5.0801,cubic,open,77,59,77,93.464,40.113,11.452,9.564,5967209,11,,,,,
5.0852,cubic,open,77,59,77,93.415,40.113,11.458,9.564,5973001,11,,,,,
5.0903,cubic,open,77,59,77,93.377,40.113,11.463,9.565,5978793,11,,,,,
5.0953,cubic,open,77,59,77,93.491,40.113,11.466,9.49,5987481,11,,,,,
5.1004,cubic,open,77,59,77,93.422,40.113,11.457,9.563,5993273,11,,,,,
5.1055,cubic,open,77,59,77,93.384,40.113,11.462,9.563,5999065,11,,,,,
5.1106,cubic,open,78,59,78,93.488,40.113,11.598,9.564,6003409,11,,,,,
5.1157,cubic,open,78,59,78,93.435,40.113,11.604,9.563,6009201,11,,,,,
5.1208,cubic,open,78,59,78,93.529,40.113,11.593,9.44,6017889,11,,,,,
5.1259,cubic,open,78,59,78,93.465,40.113,11.601,9.564,6022233,11,,,,,
5.1309,cubic,open,78,59,78,93.418,40.113,11.607,9.564,6028025,11,,,,,
5.1360,cubic,open,78,59,78,93.382,40.113,11.611,9.563,6033817,11,,,,,
5.1411,cubic,open,78,59,78,93.475,40.113,11.599,9.564,6041057,11,,,,,
5.1462,cubic,open,78,59,78,93.426,40.113,11.606,9.564,6046849,11,,,,,
5.1512,cubic,open,78,59,78,93.388,40.113,11.61,9.564,6052641,11,,,,,
5.1563,cubic,open,78,59,78,93.359,40.113,11.614,9.565,6058433,11,,,,,
5.1614,cubic,open,78,59,78,93.443,40.113,11.603,9.564,6065673,11,,,,,
5.1665,cubic,open,78,59,78,93.399,40.113,11.609,9.564,6071465,11,,,,,
5.1716,cubic,open,78,59,78,93.368,40.113,11.613,9.562,6077257,11,,,,,
5.1767,cubic,open,78,59,78,93.449,40.113,11.603,9.564,6084497,11,,,,,
5.1818,cubic,open,78,59,78,93.406,40.113,11.608,9.563,6090289,11,,,,,
5.1868,cubic,open,78,59,78,93.371,40.113,11.612,9.564,6096081,11,,,,,
5.1919,cubic,open,78,59,78,93.496,40.113,11.597,9.564,6101873,11,,,,,
5.1970,cubic,open,78,59,78,93.551,40.113,11.59,9.563,6107665,11,,,,,
5.2021,cubic,open,78,59,78,93.482,40.113,11.599,9.564,6113457,11,,,,,
5.2072,cubic,open,78,59,78,93.736,40.113,11.567,9.564,6119249,11,,,,,
5.2122,cubic,open,78,59,78,93.911,40.113,11.546,9.562,6125041,11,,,,,
5.2173,cubic,open,78,59,78,94.042,40.113,11.53,9.564,6130833,11,,,,,
5.2224,cubic,open,78,59,78,94.299,40.113,11.498,9.565,6138073,11,,,,,
5.2274,cubic,open,78,59,78,94.338,40.113,11.493,9.564,6143865,11,,,,,
5.2325,cubic,open,78,59,78,94.368,40.113,11.49,9.564,6149657,11,,,,,
5.2376,cubic,open,78,59,78,94.534,40.113,11.469,9.564,6156897,11,,,,,
5.2427,cubic,open,78,59,78,94.519,40.113,11.471,9.565,6162689,11,,,,,
5.2477,cubic,open,78,59,78,94.505,40.113,11.473,9.566,6168481,11,,,,,
5.2528,cubic,open,78,59,78,94.497,40.113,11.474,9.564,6174273,11,,,,,
5.2579,cubic,open,78,59,78,94.603,40.113,11.461,9.565,6181513,11,,,,,
5.2630,cubic,open,78,59,78,94.571,40.113,11.465,9.565,6187305,11,,,,,
5.2680,cubic,open,78,59,78,94.545,40.113,11.468,9.564,6193097,11,,,,,
5.2731,cubic,open,78,59,78,94.659,40.113,11.454,9.564,6197441,11,,,,,
5.2782,cubic,open,79,59,79,94.613,40.113,11.607,9.565,6203233,11,,,,,
5.2832,cubic,open,79,59,79,94.566,40.113,11.613,9.564,6211921,11,,,,,
5.2883,cubic,open,79,59,79,94.695,40.113,11.597,9.564,6217713,11,,,,,
5.2934,cubic,open,79,59,79,94.752,40.113,11.59,9.564,6223505,11,,,,,
5.2984,cubic,open,79,59,79,94.686,40.113,11.598,9.564,6229297,11,,,,,
5.3035,cubic,open,79,59,79,94.635,40.113,11.604,9.564,6235089,11,,,,,
5.3086,cubic,open,79,59,79,94.593,40.113,11.609,9.564,6240881,11,,,,,
5.3137,cubic,open,79,59,79,94.565,40.113,11.613,9.564,6246673,11,,,,,
5.3187,cubic,open,79,59,79,94.65,40.113,11.602,9.564,6253913,11,,,,,
5.3238,cubic,open,79,59,79,94.608,40.113,11.607,9.564,6259705,11,,,,,
5.3289,cubic,open,79,59,79,94.577,40.113,11.611,9.564,6265497,11,,,,,
5.3339,cubic,open,79,59,79,94.674,40.113,11.599,9.564,6272737,11,,,,,
5.3390,cubic,open,79,59,79,94.627,40.113,11.605,9.564,6278529,11,,,,,
5.3441,cubic,open,79,59,79,94.59,40.113,11.61,9.564,6284321,11,,,,,
5.3491,cubic,open,79,59,79,94.563,40.113,11.613,9.564,6290113,11,,,,,
5.3542,cubic,open,79,59,79,94.674,40.113,11.599,9.564,6294457,11,,,,,
5.3592,cubic,open,79,59,79,94.626,40.113,11.605,9.564,6300249,11,,,,,
5.3643,cubic,open,79,59,79,94.576,40.113,11.611,9.564,6308937,11,,,,,
5.3693,cubic,open,79,59,79,94.684,40.113,11.598,9.564,6313281,11,,,,,
5.3744,cubic,open,79,59,79,94.921,40.113,11.569,9.564,6320521,11,,,,,
5.3795,cubic,open,79,59,79,95.101,40.113,11.547,9.564,6326313,11,,,,,
5.3846,cubic,open,79,59,79,95.238,40.113,11.531,9.564,6332105,11,,,,,
5.3896,cubic,open,79,59,79,95.652,40.113,11.481,9.564,6339345,11,,,,,
5.3947,cubic,open,79,59,79,95.659,40.113,11.48,9.564,6343689,11,,,,,
5.3998,cubic,open,79,59,79,95.665,40.113,11.479,9.564,6349481,11,,,,,
5.4049,cubic,open,79,59,79,95.673,40.113,11.478,9.562,6355273,11,,,,,
5.4100,cubic,open,79,59,79,95.676,40.113,11.478,9.564,6361065,11,,,,,
5.4152,cubic,open,79,59,79,95.812,40.113,11.462,9.564,6368305,11,,,,,
5.4203,cubic,open,79,59,79,95.782,40.113,11.465,9.564,6374097,11,,,,,
5.4254,cubic,open,79,59,79,95.759,40.113,11.468,9.564,6379889,11,,,,,
5.4304,cubic,open,79,59,79,95.742,40.113,11.47,9.564,6385681,11,,,,,
5.4355,cubic,open,79,59,79,95.839,40.113,11.458,9.564,6392921,11,,,,,
5.4406,cubic,open,79,59,79,95.803,40.113,11.463,9.564,6398713,11,,,,,
5.4457,cubic,open,80,59,80,95.781,40.113,11.61,9.564,6404505,11,,,,,
5.4508,cubic,open,80,59,80,95.882,40.113,11.598,9.564,6411745,11,,,,,
5.4559,cubic,open,80,59,80,95.838,40.113,11.604,9.563,6417537,11,,,,,
5.4610,cubic,open,80,59,80,95.802,40.113,11.608,9.564,6423329,11,,,,,
5.4661,cubic,open,80,59,80,95.897,40.113,11.596,9.564,6430569,11,,,,,
5.4713,cubic,open,80,59,80,96.0,40.113,11.584,9.442,6436361,11,,,,,
5.4763,cubic,open,80,59,80,95.927,40.113,11.593,9.563,6440705,11,,,,,
5.4814,cubic,open,80,59,80,95.87,40.113,11.6,9.564,6446497,11,,,,,
5.4865,cubic,open,80,59,80,95.943,40.113,11.591,9.563,6453737,11,,,,,
5.4916,cubic,open,80,59,80,95.974,40.113,11.587,9.564,6460977,11,,,,,
5.4966,cubic,open,80,59,80,95.905,40.113,11.595,9.563,6466769,11,,,,,
5.5017,cubic,open,80,59,80,95.85,40.113,11.602,9.564,6472561,11,,,,,
5.5068,cubic,open,80,59,80,95.81,40.113,11.607,9.564,6478353,11,,,,,
5.5120,cubic,open,80,59,80,95.943,40.113,11.591,9.443,6484145,11,,,,,
5.5171,cubic,open,80,59,80,95.861,40.113,11.601,9.563,6491385,11,,,,,
5.5222,cubic,open,80,59,80,95.821,40.113,11.606,9.564,6497177,11,,,,,
5.5273,cubic,open,80,59,80,95.789,40.113,11.609,9.564,6502969,11,,,,,
5.5324,cubic,open,80,59,80,95.897,40.113,11.596,9.564,6507313,11,,,,,
5.5374,cubic,open,80,59,80,95.821,40.113,11.606,9.559,6516001,11,,,,,
5.5425,cubic,open,80,59,80,96.091,40.113,11.573,9.564,6520345,11,,,,,
5.5476,cubic,open,80,59,80,96.28,40.113,11.55,9.564,6526137,11,,,,,
5.5527,cubic,open,80,59,80,96.613,40.113,11.51,9.562,6533377,11,,,,,
5.5577,cubic,open,80,59,80,96.681,40.113,11.502,9.564,6539169,11,,,,,
5.5628,cubic,open,80,59,80,96.732,40.113,11.496,9.563,6544961,11,,,,,
5.5679,cubic,open,80,59,80,96.92,40.113,11.474,9.558,6552201,11,,,,,
5.5730,cubic,open,80,59,80,97.058,40.113,11.458,9.559,6556545,11,,,,,
5.5781,cubic,open,80,59,80,97.033,40.113,11.461,9.558,6562337,11,,,,,
5.5831,cubic,open,80,59,80,97.013,40.113,11.463,9.558,6568129,11,,,,,
5.5882,cubic,open,80,59,80,97.261,40.113,11.434,9.558,6575369,11,,,,,
5.5933,cubic,open,80,59,80,97.159,40.113,11.446,9.558,6582609,11,,,,,
5.5985,cubic,open,80,59,80,97.114,40.113,11.451,9.556,6588401,11,,,,,
5.6036,cubic,open,80,59,80,97.076,40.113,11.456,9.558,6594193,11,,,,,
5.6087,cubic,open,80,59,80,97.032,40.113,11.461,9.561,6599985,11,,,,,
5.6138,cubic,open,80,59,80,97.116,40.113,11.451,9.559,6607225,11,,,,,
5.6189,cubic,open,80,59,80,97.077,40.113,11.455,9.559,6613017,11,,,,,
5.6239,cubic,open,80,59,80,97.046,40.113,11.459,9.559,6618809,11,,,,,
5.6290,cubic,open,80,59,80,97.175,40.113,11.444,9.558,6624601,11,,,,,
5.6341,cubic,open,80,59,80,97.123,40.113,11.45,9.558,6628945,11,,,,,
5.6392,cubic,open,80,59,80,97.089,40.113,11.454,9.553,6634737,11,,,,,
5.6442,cubic,open,81,59,81,97.159,40.113,11.589,9.559,6641977,11,,,,,
5.6493,cubic,open,81,59,81,97.209,40.113,11.583,9.56,6649217,11,,,,,
5.6544,cubic,open,81,59,81,97.148,40.113,11.59,9.559,6655009,11,,,,,
5.6594,cubic,open,81,59,81,97.099,40.113,11.596,9.56,6660801,11,,,,,
5.6645,cubic,open,81,59,81,97.202,40.113,11.584,9.439,6666593,11,,,,,
5.6696,cubic,open,81,59,81,97.251,40.113,11.578,9.439,6673833,11,,,,,
5.6747,cubic,open,81,59,81,97.167,40.113,11.588,9.559,6678177,11,,,,,
5.6798,cubic,open,81,59,81,97.104,40.113,11.595,9.559,6683969,11,,,,,
5.6848,cubic,open,81,59,81,97.165,40.113,11.588,9.564,6691209,11,,,,,
5.6899,cubic,open,81,59,81,97.233,40.113,11.58,9.559,6695553,11,,,,,
5.6950,cubic,open,81,59,81,97.116,40.113,11.594,9.554,6704241,11,,,,,
5.7000,cubic,open,81,59,81,97.064,40.113,11.6,9.558,6710033,11,,,,,
5.7052,cubic,open,81,59,81,97.026,40.113,11.605,9.561,6715825,11,,,,,
5.7103,cubic,open,81,59,81,97.147,40.113,11.59,9.44,6721617,11,,,,,
5.7153,cubic,open,81,59,81,97.089,40.113,11.597,9.559,6725961,11,,,,,
5.7204,cubic,open,81,59,81,97.025,40.113,11.605,9.559,6734649,11,,,,,
5.7255,cubic,open,81,59,81,96.998,40.113,11.608,9.563,6740441,11,,,,,
5.7307,cubic,open,81,59,81,97.108,40.113,11.595,9.558,6744785,11,,,,,
5.7358,cubic,open,81,59,81,97.051,40.113,11.602,9.553,6750577,11,,,,,
5.7408,cubic,open,81,59,81,97.165,40.113,11.588,9.564,6756369,11,,,,,
5.7459,cubic,open,81,59,81,97.476,40.113,11.551,9.563,6765057,11,,,,,
5.7510,cubic,open,81,59,81,97.754,40.113,11.518,9.565,6769401,11,,,,,
5.7561,cubic,open,81,59,81,97.837,40.113,11.509,9.564,6775193,11,,,,,
5.7611,cubic,open,81,59,81,97.9,40.113,11.501,9.564,6780985,11,,,,,
5.7662,cubic,open,81,59,81,98.103,40.113,11.477,9.563,6788225,11,,,,,
5.7713,cubic,open,81,59,81,98.24,40.113,11.461,9.564,6795465,11,,,,,
5.7764,cubic,open,81,59,81,98.209,40.113,11.465,9.564,6801257,11,,,,,
5.7815,cubic,open,81,59,81,98.186,40.113,11.468,9.564,6807049,11,,,,,
5.7866,cubic,open,81,59,81,98.303,40.113,11.454,9.563,6811393,11,,,,,
5.7917,cubic,open,81,59,81,98.356,40.113,11.448,9.563,6818633,11,,,,,
5.7968,cubic,open,81,59,81,98.299,40.113,11.454,9.563,6824425,11,,,,,
5.8019,cubic,open,81,59,81,98.255,40.113,11.46,9.564,6830217,11,,,,,
5.8070,cubic,open,81,59,81,98.219,40.113,11.464,9.564,6836009,11,,,,,
5.8121,cubic,open,82,59,82,98.314,40.113,11.594,9.565,6843249,11,,,,,
5.8172,cubic,open,82,59,82,98.265,40.113,11.6,9.563,6849041,11,,,,,
5.8223,cubic,open,82,59,82,98.227,40.113,11.604,9.564,6854833,11,,,,,
5.8274,cubic,open,82,59,82,98.195,40.113,11.608,9.566,6860625,11,,,,,
5.8325,cubic,open,82,59,82,98.283,40.113,11.598,9.563,6867865,11,,,,,
5.8376,cubic,open,82,59,82,98.243,40.113,11.602,9.564,6873657,11,,,,,
5.8427,cubic,open,82,59,82,98.211,40.113,11.606,9.564,6879449,11,,,,,
5.8478,cubic,open,82,59,82,98.187,40.113,11.609,9.563,6885241,11,,,,,
5.8529,cubic,open,82,59,82,98.281,40.113,11.598,9.564,6892481,11,,,,,
5.8580,cubic,open,82,59,82,98.24,40.113,11.603,9.564,6898273,11,,,,,
5.8631,cubic,open,82,59,82,98.211,40.113,11.606,9.565,6904065,11,,,,,
5.8682,cubic,open,82,59,82,98.289,40.113,11.597,9.566,6911305,11,,,,,
5.8732,cubic,open,82,59,82,98.391,40.113,11.585,9.554,6915649,11,,,,,
5.8784,cubic,open,82,59,82,98.322,40.113,11.593,9.563,6921441,11,,,,,
5.8835,cubic,open,82,59,82,98.27,40.113,11.599,9.565,6927233,11,,,,,
5.8886,cubic,open,82,59,82,98.483,40.113,11.574,9.445,6934473,11,,,,,
5.8937,cubic,open,82,59,82,98.375,40.113,11.587,9.563,6941713,11,,,,,
5.8987,cubic,open,82,59,82,98.311,40.113,11.594,9.563,6947505,11,,,,,
5.9038,cubic,open,82,59,82,98.262,40.113,11.6,9.564,6953297,11,,,,,
5.9089,cubic,open,82,59,82,98.404,40.113,11.584,9.564,6959089,11,,,,,
5.9140,cubic,open,82,59,82,98.798,40.113,11.537,9.564,6964881,11,,,,,
5.9191,cubic,open,82,59,82,98.92,40.113,11.523,9.564,6970673,11,,,,,
5.9242,cubic,open,82,59,82,99.012,40.113,11.512,9.564,6976465,11,,,,,
5.9293,cubic,open,82,59,82,99.082,40.113,11.504,9.565,6982257,11,,,,,
5.9344,cubic,open,82,59,82,99.273,40.113,11.482,9.565,6989497,11,,,,,
5.9395,cubic,open,82,59,82,99.284,40.113,11.481,9.564,6995289,11,,,,,
5.9446,cubic,open,82,59,82,99.293,40.113,11.48,9.563,7001081,11,,,,,
5.9497,cubic,open,82,59,82,99.291,40.113,11.48,9.568,7006873,11,,,,,
5.9548,cubic,open,82,59,82,99.415,40.113,11.466,9.564,7014113,11,,,,,
5.9599,cubic,open,82,59,82,99.388,40.113,11.469,9.568,7019905,11,,,,,
5.9650,cubic,open,82,59,82,99.373,40.113,11.471,9.564,7025697,11,,,,,
5.9701,cubic,open,82,59,82,99.472,40.113,11.459,9.563,7032937,11,,,,,
5.9752,cubic,open,82,59,82,99.559,40.113,11.449,9.564,7037281,11,,,,,
5.9803,cubic,open,82,59,82,99.501,40.113,11.456,9.565,7043073,11,,,,,
5.9854,cubic,open,82,59,82,99.464,40.113,11.46,9.562,7048865,11,,,,,
5.9905,cubic,open,82,59,82,99.621,40.113,11.442,9.567,7057553,11,,,,,
5.9956,cubic,open,82,59,82,99.551,40.113,11.45,9.563,7063345,11,,,,,
6.0007,cubic,open,82,59,82,99.494,40.113,11.457,9.565,7069137,11,,,,,
6.0058,cubic,open,83,59,83,99.453,40.113,11.601,9.563,7074929,11,,,,,
6.0109,cubic,open,83,59,83,99.27,40.113,11.622,9.563,7080721,11,,,,,
6.0159,cubic,open,83,59,83,99.28,40.113,11.621,9.564,7086513,11,,,,,
6.0210,cubic,open,83,59,83,99.288,40.113,11.62,9.564,7092305,11,,,,,
6.0261,cubic,open,83,59,83,99.296,40.113,11.619,9.564,7098097,11,,,,,
6.0312,cubic,open,83,59,83,99.3,40.113,11.619,9.564,7103889,11,,,,,
6.0363,cubic,open,83,59,83,99.423,40.113,11.605,9.564,7111129,11,,,,,
6.0414,cubic,open,83,59,83,99.397,40.113,11.608,9.563,7116921,11,,,,,
6.0465,cubic,open,83,59,83,99.499,40.113,11.596,9.564,7122713,11,,,,,
6.0515,cubic,open,83,59,83,99.457,40.113,11.601,9.564,7128505,11,,,,,
6.0566,cubic,open,83,59,83,99.526,40.113,11.593,9.564,7135745,11,,,,,
6.0617,cubic,open,83,59,83,99.476,40.113,11.598,9.563,7141537,11,,,,,
6.0668,cubic,open,83,59,83,99.439,40.113,11.603,9.564,7147329,11,,,,,
6.0719,cubic,open,83,59,83,99.514,40.113,11.594,9.564,7154569,11,,,,,
6.0770,cubic,open,83,59,83,99.599,40.113,11.584,9.564,7158913,11,,,,,
6.0821,cubic,open,83,59,83,99.532,40.113,11.592,9.562,7164705,11,,,,,
6.0872,cubic,open,83,59,83,99.476,40.113,11.598,9.566,7170497,11,,,,,
6.0923,cubic,open,83,59,83,99.641,40.113,11.579,9.563,7179185,11,,,,,
6.0974,cubic,open,83,59,83,99.565,40.113,11.588,9.563,7184977,11,,,,,
6.1025,cubic,open,83,59,83,99.506,40.113,11.595,9.564,7190769,11,,,,,
6.1076,cubic,open,83,59,83,99.64,40.113,11.579,9.564,7196561,11,,,,,
6.1127,cubic,open,83,59,83,99.848,40.113,11.555,9.565,7200905,11,,,,,
6.1178,cubic,open,83,59,83,100.072,40.113,11.529,9.564,7209593,11,,,,,
6.1229,cubic,open,83,59,83,100.176,40.113,11.517,9.566,7215385,11,,,,,
6.1280,cubic,open,83,59,83,100.26,40.113,11.508,9.564,7221177,11,,,,,
6.1331,cubic,open,83,59,83,100.323,40.113,11.5,9.564,7226969,11,,,,,
6.1381,cubic,open,83,59,83,100.502,40.113,11.48,9.564,7231313,11,,,,,
6.1432,cubic,open,83,59,83,100.371,40.113,11.495,9.573,7240001,11,,,,,
6.1483,cubic,open,83,59,83,100.406,40.113,11.491,9.565,7245793,11,,,,,
6.1534,cubic,open,83,59,83,100.434,40.113,11.488,9.565,7251585,11,,,,,
6.1585,cubic,open,83,59,83,100.591,40.113,11.47,9.563,7255929,11,,,,,
6.1636,cubic,open,83,59,83,100.577,40.113,11.471,9.564,7261721,11,,,,,
6.1687,cubic,open,83,59,83,100.56,40.113,11.473,9.564,7270409,11,,,,,
6.1738,cubic,open,83,59,83,100.682,40.113,11.459,9.565,7274753,11,,,,,
6.1789,cubic,open,83,59,83,100.763,40.113,11.45,9.565,7281993,11,,,,,
6.1840,cubic,open,83,59,83,100.707,40.113,11.457,9.563,7287785,11,,,,,
6.1891,cubic,open,83,59,83,100.666,40.113,11.461,9.563,7293577,11,,,,,
6.1942,cubic,open,83,59,83,100.888,40.113,11.436,9.564,7300817,11,,,,,
6.1993,cubic,open,83,59,83,100.803,40.113,11.446,9.564,7305161,11,,,,,
6.2043,cubic,open,84,59,84,100.74,40.113,11.591,9.564,7310953,11,,,,,
6.2094,cubic,open,84,59,84,100.688,40.113,11.597,9.564,7316745,11,,,,,
6.2145,cubic,open,84,59,84,100.749,40.113,11.59,9.564,7323985,11,,,,,
6.2195,cubic,open,84,59,84,100.697,40.113,11.596,9.564,7329777,11,,,,,
6.2246,cubic,open,84,59,84,100.657,40.113,11.6,9.564,7335569,11,,,,,
6.2297,cubic,open,84,59,84,100.625,40.113,11.604,9.564,7341361,11,,,,,
6.2348,cubic,open,84,59,84,100.602,40.113,11.607,9.564,7347153,11,,,,,
6.2398,cubic,open,84,59,84,100.709,40.113,11.594,9.564,7354393,11,,,,,
6.2449,cubic,open,84,59,84,100.665,40.113,11.6,9.565,7360185,11,,,,,
6.2500,cubic,open,84,59,84,100.632,40.113,11.603,9.564,7365977,11,,,,,
6.2550,cubic,open,84,59,84,100.606,40.113,11.606,9.565,7371769,11,,,,,
6.2601,cubic,open,84,59,84,100.709,40.113,11.594,9.563,7379009,11,,,,,
6.2652,cubic,open,84,59,84,100.665,40.113,11.6,9.564,7384801,11,,,,,
6.2702,cubic,open,84,59,84,100.63,40.113,11.603,9.564,7390593,11,,,,,
6.2753,cubic,open,84,59,84,100.729,40.113,11.592,9.564,7397833,11,,,,,
6.2804,cubic,open,84,59,84,100.832,40.113,11.58,9.45,7403625,11,,,,,
6.2854,cubic,open,84,59,84,100.759,40.113,11.589,9.563,7407969,11,,,,,
6.2905,cubic,open,84,59,84,100.703,40.113,11.595,9.563,7413761,11,,,,,
6.2956,cubic,open,84,59,84,100.776,40.113,11.587,9.564,7421001,11,,,,,
6.3006,cubic,open,84,59,84,100.808,40.113,11.583,9.563,7428241,11,,,,,
6.3057,cubic,disorder,84,59,84,100.58,40.113,11.609,9.565,7431137,11,,,,,
6.3108,cubic,recovery,83,58,83,100.527,40.113,12.03,9.469,7431137,12,,,,,
6.3159,cubic,recovery,81,58,81,100.807,40.113,12.411,9.471,7431137,12,,,,,
6.3209,cubic,recovery,80,58,80,100.799,40.113,12.825,9.449,7431137,12,,,,,
6.3260,cubic,recovery,79,58,79,100.831,40.113,13.235,9.45,7431137,12,,,,,
6.3311,cubic,recovery,77,58,77,100.85,40.113,13.646,9.449,7431137,12,,,,,
6.3362,cubic,recovery,76,58,76,100.862,40.113,13.92,9.449,7431137,12,,,,,
6.3412,cubic,recovery,75,58,75,101.02,40.113,14.311,9.47,7431137,12,,,,,
6.3463,cubic,recovery,74,58,74,100.96,40.113,14.732,9.47,7431137,12,,,,,
6.3514,cubic,recovery,72,58,72,100.879,40.113,15.158,9.449,7431137,12,,,,,
6.3565,cubic,recovery,71,58,71,100.879,40.113,15.571,9.449,7431137,12,,,,,
6.3616,cubic,recovery,70,58,70,101.03,40.113,15.961,9.47,7431137,12,,,,,
6.3667,cubic,recovery,68,58,68,101.001,40.113,16.378,9.47,7431137,12,,,,,
6.3717,cubic,recovery,67,58,67,100.984,40.113,16.656,9.47,7431137,12,,,,,
6.3768,cubic,recovery,66,58,66,101.043,40.113,17.196,9.47,7431137,12,,,,,
6.3819,cubic,recovery,64,58,64,101.009,40.113,17.615,9.47,7431137,12,,,,,
6.3870,cubic,recovery,63,58,63,100.957,40.113,17.9,9.449,7431137,12,,,,,
6.3921,cubic,recovery,62,58,62,100.926,40.113,18.318,9.449,7431137,12,,,,,
6.3972,cubic,recovery,60,58,60,100.965,40.113,18.862,9.469,7431137,12,,,,,
6.4023,cubic,recovery,58,58,58,101.065,40.113,19.118,9.47,7431137,12,,,,,
6.4074,cubic,open,58,58,58,100.895,40.113,7.991,9.564,7555665,12,,,,,
6.4124,cubic,open,58,58,58,100.707,40.113,8.006,9.469,7561457,12,,,,,
6.4175,cubic,open,58,58,58,99.995,40.113,8.063,9.238,7567249,12,,,,,
6.4226,cubic,open,58,58,58,99.033,40.113,8.141,9.007,7573041,12,,,,,
6.4277,cubic,open,58,58,58,97.863,40.113,8.239,8.776,7578833,12,,,,,
6.4327,cubic,open,58,58,58,96.399,40.113,8.364,8.661,7584625,12,,,,,
6.4378,cubic,open,58,58,58,94.71,40.113,8.513,8.43,7590417,12,,,,,
6.4429,cubic,open,59,58,59,92.849,40.113,8.833,8.199,7596209,12,,,,,
6.4480,cubic,open,59,58,59,91.008,40.113,9.012,7.873,7602001,12,,,,,
6.4530,cubic,open,59,58,59,89.162,40.113,9.198,7.645,7607793,12,,,,,
6.4581,cubic,open,59,58,57,86.151,40.113,9.52,7.506,7616481,12,,,,,
6.4632,cubic,open,59,58,57,84.024,40.113,9.761,7.188,7622273,12,,,,,
6.4683,cubic,open,59,58,57,81.979,40.113,10.004,6.96,7628065,12,,,,,
6.4733,cubic,open,59,58,57,79.979,40.113,10.255,6.698,7633857,12,,,,,
6.4784,cubic,open,60,58,57,77.747,40.113,10.728,6.678,7639649,12,,,,,
6.4835,cubic,open,60,58,59,75.989,40.113,10.976,6.834,7645441,12,,,,,
6.4885,cubic,open,60,58,59,74.572,40.113,11.184,6.968,7651233,12,,,,,
6.4936,cubic,open,60,58,60,73.276,40.113,11.382,7.081,7657025,12,,,,,
6.4987,cubic,open,60,58,60,72.086,40.113,11.57,7.202,7662817,12,,,,,
6.5038,cubic,open,60,58,60,70.993,40.113,11.748,7.237,7668609,12,,,,,
6.5088,cubic,open,60,58,60,69.529,40.113,11.996,7.451,7677297,12,,,,,
6.5139,cubic,open,60,58,60,68.678,40.113,12.144,7.504,7683089,12,,,,,
6.5190,cubic,open,60,58,60,67.961,40.113,12.272,7.723,7687433,12,,,,,
6.5241,cubic,open,60,58,60,67.342,40.113,12.385,7.915,7693225,12,,,,,
6.5291,cubic,open,60,58,60,66.824,40.113,12.481,8.012,7699017,12,,,,,
6.5342,cubic,open,60,58,60,66.409,40.113,12.559,8.242,7704809,12,,,,,
6.5393,cubic,open,60,58,60,65.986,40.113,12.64,8.635,7713497,12,,,,,
6.5444,cubic,open,60,58,60,65.842,40.113,12.667,9.079,7719289,12,,,,,
6.5494,cubic,open,61,58,61,65.812,40.113,12.884,9.013,7725081,12,,,,,
6.5545,cubic,open,61,58,61,65.905,40.113,12.866,9.068,7730873,12,,,,,
6.5596,cubic,open,61,58,61,66.123,40.113,12.824,9.211,7736665,12,,,,,
6.5646,cubic,open,61,58,60,66.613,40.113,12.729,9.44,7743905,12,,,,,
6.5697,cubic,open,61,58,60,67.052,40.113,12.646,9.563,7749697,12,,,,,
6.5748,cubic,open,61,58,60,67.586,40.113,12.546,9.564,7755489,12,,,,,
6.5798,cubic,open,61,58,60,68.205,40.113,12.432,9.563,7761281,12,,,,,
6.5849,cubic,open,61,58,60,68.904,40.113,12.306,9.564,7767073,12,,,,,
6.5900,cubic,open,61,58,61,70.049,40.113,12.105,9.565,7774313,12,,,,,
6.5951,cubic,open,61,58,61,70.668,40.113,11.999,9.559,7780105,12,,,,,
6.6003,cubic,open,61,58,61,71.138,40.113,11.92,9.564,7785897,12,,,,,
6.6053,cubic,open,61,58,61,71.498,40.113,11.86,9.564,7791689,12,,,,,
6.6104,cubic,open,61,58,61,71.773,40.113,11.814,9.563,7797481,12,,,,,
6.6154,cubic,open,62,58,62,71.985,40.113,11.973,9.564,7803273,12,,,,,
6.6205,cubic,open,62,58,62,72.144,40.113,11.946,9.566,7809065,12,,,,,
6.6256,cubic,open,62,58,62,72.746,40.113,11.847,9.564,7816305,12,,,,,
6.6307,cubic,open,62,58,62,73.012,40.113,11.804,9.564,7822097,12,,,,,
6.6357,cubic,open,62,58,62,73.226,40.113,11.77,9.554,7827889,12,,,,,
6.6408,cubic,open,62,58,62,73.096,40.113,11.791,9.564,7833681,12,,,,,
6.6459,cubic,open,62,58,62,72.996,40.113,11.807,9.564,7839473,12,,,,,
6.6509,cubic,open,63,58,63,72.92,40.113,12.01,9.564,7845265,12,,,,,
6.6560,cubic,open,63,58,63,72.862,40.113,12.019,9.564,7851057,12,,,,,
6.6611,cubic,open,63,58,63,72.817,40.113,12.027,9.564,7856849,12,,,,,
6.6661,cubic,open,63,58,63,72.934,40.113,12.007,9.564,7862641,12,,,,,
6.6712,cubic,open,63,58,63,73.24,40.113,11.957,9.565,7871329,12,,,,,
6.6763,cubic,open,63,58,63,73.391,40.113,11.933,9.564,7877121,12,,,,,
6.6813,cubic,open,63,58,63,73.506,40.113,11.914,9.564,7882913,12,,,,,
6.6864,cubic,open,63,58,63,73.593,40.113,11.9,9.565,7888705,12,,,,,
6.6914,cubic,open,63,58,63,73.843,40.113,11.86,9.564,7894497,12,,,,,
6.6965,cubic,open,63,58,63,74.136,40.113,11.813,9.564,7898841,12,,,,,
6.7016,cubic,open,63,58,63,74.584,40.113,11.742,9.564,7906081,12,,,,,
6.7066,cubic,open,63,58,63,74.703,40.113,11.723,9.564,7911873,12,,,,,
6.7117,cubic,open,63,58,63,74.785,40.113,11.71,9.574,7917665,12,,,,,
6.7168,cubic,open,63,58,63,74.858,40.113,11.699,9.564,7923457,12,,,,,
6.7218,cubic,open,64,58,64,74.913,40.113,11.876,9.564,7929249,12,,,,,
6.7269,cubic,open,64,58,64,75.154,40.113,11.838,9.564,7937937,12,,,,,
6.7320,cubic,open,64,58,64,75.424,40.113,11.795,9.564,7942281,12,,,,,
6.7370,cubic,open,64,58,64,75.63,40.113,11.763,9.564,7948073,12,,,,,
6.7421,cubic,open,64,58,64,75.788,40.113,11.739,9.564,7953865,12,,,,,
6.7472,cubic,open,64,58,64,75.909,40.113,11.72,9.564,7959657,12,,,,,
6.7522,cubic,open,64,58,64,76.001,40.113,11.706,9.565,7965449,12,,,,,
6.7573,cubic,open,64,58,64,76.101,40.113,11.69,9.564,7974137,12,,,,,
6.7624,cubic,open,64,58,64,76.149,40.113,11.683,9.564,7979929,12,,,,,
6.7675,cubic,open,64,58,64,76.186,40.113,11.677,9.564,7985721,12,,,,,
6.7725,cubic,open,64,58,64,76.349,40.113,11.652,9.563,7990065,12,,,,,
6.7776,cubic,open,64,58,64,76.338,40.113,11.654,9.564,7995857,12,,,,,
6.7827,cubic,open,64,58,64,76.444,40.113,11.638,9.564,8003097,12,,,,,
6.7878,cubic,open,64,58,64,76.411,40.113,11.643,9.564,8008889,12,,,,,
6.7929,cubic,open,65,58,65,76.385,40.113,11.829,9.564,8014681,12,,,,,
6.7980,cubic,open,65,58,65,76.377,40.113,11.83,9.553,8020473,12,,,,,
6.8031,cubic,open,65,58,65,76.777,40.113,11.769,9.564,8027713,12,,,,,
6.8081,cubic,open,65,58,65,77.174,40.113,11.708,9.563,8034953,12,,,,,
6.8132,cubic,open,65,58,65,77.256,40.113,11.695,9.562,8040745,12,,,,,
6.8183,cubic,open,65,58,65,77.317,40.113,11.686,9.564,8046537,12,,,,,
6.8234,cubic,open,65,58,65,77.394,40.113,11.675,9.535,8052329,12,,,,,
6.8285,cubic,open,65,58,65,77.424,40.113,11.67,9.562,8058121,12,,,,,
6.8336,cubic,open,65,58,65,77.447,40.113,11.667,9.563,8063913,12,,,,,
6.8387,cubic,open,65,58,65,77.465,40.113,11.664,9.563,8069705,12,,,,,
6.8438,cubic,open,65,58,65,77.476,40.113,11.662,9.565,8075497,12,,,,,
6.8489,cubic,open,65,58,65,77.493,40.113,11.66,9.565,8081289,12,,,,,
6.8540,cubic,open,65,58,65,77.616,40.113,11.641,9.564,8088529,12,,,,,
6.8590,cubic,open,66,58,66,77.716,40.113,11.805,9.563,8095769,12,,,,,
6.8641,cubic,open,66,58,66,77.67,40.113,11.812,9.563,8101561,12,,,,,
6.8694,cubic,open,66,58,66,77.815,40.113,11.79,9.563,8107353,12,,,,,
6.8745,cubic,open,66,58,66,78.039,40.113,11.756,9.562,8111697,12,,,,,
6.8796,cubic,open,66,58,66,78.408,40.113,11.701,9.563,8120385,12,,,,,
6.8847,cubic,open,66,58,66,78.48,40.113,11.69,9.566,8124729,12,,,,,
6.8898,cubic,open,66,58,66,78.68,40.113,11.66,9.562,8131969,12,,,,,
6.8949,cubic,open,66,58,66,78.691,40.113,11.659,9.564,8137761,12,,,,,
6.9000,cubic,open,66,58,66,78.699,40.113,11.658,9.564,8143553,12,,,,,
6.9051,cubic,open,66,58,66,78.68,40.113,11.66,9.563,8149345,12,,,,,
6.9101,cubic,open,66,58,66,78.69,40.113,11.659,9.564,8155137,12,,,,,
6.9152,cubic,open,66,58,66,78.701,40.113,11.657,9.563,8160929,12,,,,,
6.9203,cubic,open,66,58,66,78.706,40.113,11.657,9.564,8166721,12,,,,,
6.9254,cubic,open,66,58,66,78.705,40.113,11.657,9.571,8172513,12,,,,,
6.9305,cubic,open,67,58,67,78.865,40.113,11.809,9.564,8181201,12,,,,,
6.9356,cubic,open,67,58,67,78.835,40.113,11.814,9.564,8185545,12,,,,,
6.9407,cubic,open,67,58,66,79.335,40.113,11.739,9.564,8192785,12,,,,,
6.9458,cubic,open,67,58,67,79.521,40.113,11.712,9.565,8197129,12,,,,,
6.9509,cubic,open,67,58,67,79.621,40.113,11.697,9.562,8202921,12,,,,,
6.9560,cubic,open,67,58,67,79.832,40.113,11.666,9.565,8210161,12,,,,,
6.9611,cubic,open,67,58,67,79.857,40.113,11.663,9.564,8215953,12,,,,,
6.9662,cubic,open,67,58,67,79.998,40.113,11.642,9.564,8223193,12,,,,,
6.9713,cubic,open,67,58,67,80.133,40.113,11.622,9.564,8228985,12,,,,,
6.9764,cubic,open,67,58,67,80.087,40.113,11.629,9.564,8233329,12,,,,,
6.9814,cubic,open,67,58,67,80.053,40.113,11.634,9.564,8239121,12,,,,,
6.9865,cubic,open,67,58,67,80.055,40.113,11.634,9.564,8247809,12,,,,,
6.9916,cubic,open,67,58,67,80.073,40.113,11.631,9.565,8253601,12,,,,,
6.9967,cubic,open,68,58,68,80.04,40.113,11.81,9.563,8259393,12,,,,,
7.0018,cubic,open,68,58,68,80.016,40.113,11.813,9.563,8265185,12,,,,,
7.0069,cubic,open,68,58,68,79.997,40.113,11.816,9.564,8270977,12,,,,,
7.0120,cubic,open,68,58,68,80.396,40.113,11.757,9.564,8278217,12,,,,,
7.0171,cubic,open,68,58,68,80.702,40.113,11.713,9.564,8282561,12,,,,,
7.0222,cubic,open,68,58,68,80.655,40.113,11.72,9.564,8288353,12,,,,,
7.0272,cubic,open,68,58,68,80.777,40.113,11.702,9.564,8297041,12,,,,,
7.0323,cubic,open,68,58,68,80.861,40.113,11.69,9.564,8302833,12,,,,,
7.0374,cubic,open,68,58,68,81.061,40.113,11.661,9.564,8307177,12,,,,,
7.0425,cubic,open,68,58,68,81.081,40.113,11.658,9.563,8312969,12,,,,,
7.0475,cubic,open,68,58,68,81.237,40.113,11.636,9.564,8320209,12,,,,,
7.0526,cubic,open,68,58,68,81.214,40.113,11.639,9.565,8326001,12,,,,,
7.0577,cubic,open,68,58,68,81.308,40.113,11.626,9.565,8333241,12,,,,,
7.0628,cubic,open,69,58,69,81.218,40.113,11.81,9.614,8339033,12,,,,,
7.0679,cubic,open,69,58,69,81.201,40.113,11.812,9.565,8344825,12,,,,,
7.0731,cubic,open,69,58,69,81.143,40.113,11.821,9.564,8350617,12,,,,,
7.0782,cubic,open,69,58,69,81.451,40.113,11.776,9.565,8357857,12,,,,,
7.0833,cubic,open,69,58,69,81.662,40.113,11.745,9.565,8363649,12,,,,,
7.0884,cubic,open,69,58,69,81.826,40.113,11.722,9.564,8369441,12,,,,,
7.0935,cubic,open,69,58,69,82.103,40.113,11.682,9.564,8375233,12,,,,,
7.0986,cubic,open,69,58,69,82.163,40.113,11.674,9.564,8379577,12,,,,,
7.1037,cubic,open,69,58,69,82.344,40.113,11.648,9.564,8386817,12,,,,,
7.1088,cubic,open,69,58,69,82.347,40.113,11.648,9.564,8392609,12,,,,,
7.1139,cubic,open,69,58,69,82.352,40.113,11.647,9.563,8398401,12,,,,,
7.1190,cubic,open,69,58,69,82.355,40.113,11.647,9.563,8404193,12,,,,,
7.1241,cubic,open,69,58,69,82.473,40.113,11.63,9.564,8411433,12,,,,,
7.1292,cubic,open,69,58,69,82.445,40.113,11.634,9.564,8417225,12,,,,,
7.1343,cubic,open,70,58,70,82.533,40.113,11.79,9.564,8424465,12,,,,,
7.1394,cubic,open,70,58,70,82.645,40.113,11.774,9.564,8430257,12,,,,,
7.1445,cubic,open,70,58,70,82.578,40.113,11.783,9.564,8434601,12,,,,,
7.1496,cubic,open,70,58,70,82.812,40.113,11.75,9.565,8441841,12,,,,,
7.1547,cubic,open,70,58,70,82.991,40.113,11.725,9.564,8447633,12,,,,,
7.1598,cubic,open,70,58,70,83.127,40.113,11.706,9.564,8453425,12,,,,,
7.1648,cubic,open,70,58,70,83.406,40.113,11.666,9.564,8460665,12,,,,,
7.1699,cubic,open,70,58,70,83.444,40.113,11.661,9.564,8466457,12,,,,,
7.1750,cubic,open,70,58,70,83.473,40.113,11.657,9.564,8472249,12,,,,,
7.1801,cubic,open,70,58,70,83.638,40.113,11.634,9.563,8479489,12,,,,,
7.1852,cubic,open,70,58,70,83.774,40.113,11.615,9.564,8485281,12,,,,,
7.1902,cubic,open,70,58,70,83.726,40.113,11.622,9.564,8489625,12,,,,,
7.1953,cubic,open,70,58,70,83.69,40.113,11.627,9.564,8495417,12,,,,,
7.2004,cubic,open,70,58,70,83.661,40.113,11.631,9.564,8501209,12,,,,,
7.2055,cubic,open,71,58,71,83.782,40.113,11.78,9.564,8509897,12,,,,,
7.2106,cubic,open,71,58,71,83.732,40.113,11.787,9.564,8514241,12,,,,,
7.2157,cubic,open,71,58,71,83.693,40.113,11.793,9.564,8520033,12,,,,,
7.2208,cubic,open,71,58,71,83.948,40.113,11.757,9.564,8525825,12,,,,,
7.2259,cubic,open,71,58,71,84.142,40.113,11.73,9.564,8531617,12,,,,,
7.2309,cubic,open,71,58,71,84.468,40.113,11.684,9.565,8538857,12,,,,,
7.2360,cubic,open,71,58,71,84.705,40.113,11.652,9.565,8546097,12,,,,,
7.2411,cubic,open,71,58,71,84.724,40.113,11.649,9.564,8551889,12,,,,,
7.2461,cubic,open,71,58,71,84.739,40.113,11.647,9.564,8557681,12,,,,,
7.2512,cubic,open,71,58,71,84.902,40.113,11.625,9.563,8563473,12,,,,,
7.2563,cubic,open,71,58,71,84.864,40.113,11.63,9.564,8570713,12,,,,,
7.2614,cubic,open,71,58,71,84.844,40.113,11.632,9.564,8576505,12,,,,,
7.2665,cubic,open,71,58,71,84.982,40.113,11.614,9.564,8582297,12,,,,,
7.2715,cubic,open,71,58,71,84.935,40.113,11.62,9.564,8586641,12,,,,,
7.2766,cubic,open,71,58,71,84.999,40.113,11.611,9.564,8593881,12,,,,,
7.2817,cubic,open,71,58,71,84.947,40.113,11.618,9.565,8599673,12,,,,,
7.2868,cubic,open,72,58,72,84.906,40.113,11.788,9.565,8605465,12,,,,,
7.2919,cubic,open,72,58,72,85.285,40.113,11.735,9.564,8612705,12,,,,,
7.2970,cubic,open,72,58,72,85.585,40.113,11.694,9.563,8617049,12,,,,,
7.3020,cubic,open,72,58,72,85.68,40.113,11.681,9.564,8622841,12,,,,,
7.3071,cubic,open,72,58,72,85.785,40.113,11.667,9.564,8631529,12,,,,,
7.3122,cubic,open,72,58,72,85.833,40.113,11.66,9.564,8637321,12,,,,,
7.3173,cubic,open,72,58,72,86.004,40.113,11.637,9.564,8641665,12,,,,,
7.3224,cubic,open,72,58,72,86.002,40.113,11.638,9.564,8647457,12,,,,,
7.3275,cubic,open,72,58,72,86.112,40.113,11.623,9.565,8654697,12,,,,,
7.3326,cubic,open,72,58,72,86.083,40.113,11.627,9.565,8660489,12,,,,,
7.3377,cubic,open,72,58,72,86.06,40.113,11.63,9.565,8666281,12,,,,,
7.3427,cubic,open,72,58,72,86.152,40.113,11.617,9.565,8673521,12,,,,,
7.3478,cubic,open,72,58,72,86.115,40.113,11.622,9.564,8679313,12,,,,,
7.3529,cubic,open,72,58,72,86.085,40.113,11.626,9.565,8685105,12,,,,,
7.3580,cubic,open,72,58,72,86.173,40.113,11.614,9.563,8692345,12,,,,,
7.3631,cubic,open,72,58,72,86.265,40.113,11.602,9.564,8696689,12,,,,,
7.3682,cubic,open,72,58,72,86.203,40.113,11.61,9.564,8702481,12,,,,,
7.3733,cubic,open,73,58,73,86.155,40.113,11.778,9.564,8708273,12,,,,,
7.3784,cubic,open,73,58,72,86.638,40.113,11.713,9.564,8715513,12,,,,,
7.3835,cubic,open,73,58,73,86.976,40.113,11.667,9.564,8722753,12,,,,,
7.3886,cubic,open,73,58,73,87.029,40.113,11.66,9.564,8727097,12,,,,,
7.3937,cubic,open,73,58,73,87.072,40.113,11.654,9.564,8732889,12,,,,,
7.3988,cubic,open,73,58,73,87.103,40.113,11.65,9.564,8738681,12,,,,,
7.4039,cubic,open,73,58,73,87.29,40.113,11.625,9.564,8747369,12,,,,,
7.4090,cubic,open,73,58,73,87.269,40.113,11.628,9.565,8751713,12,,,,,
7.4141,cubic,open,73,58,73,87.38,40.113,11.613,9.564,8758953,12,,,,,
7.4192,cubic,open,73,58,73,87.339,40.113,11.619,9.564,8764745,12,,,,,
7.4243,cubic,open,73,58,73,87.308,40.113,11.623,9.563,8770537,12,,,,,
7.4294,cubic,open,73,58,73,87.408,40.113,11.609,9.563,8777777,12,,,,,
7.4345,cubic,open,73,58,73,87.361,40.113,11.616,9.563,8783569,12,,,,,
7.4396,cubic,open,73,58,73,87.325,40.113,11.62,9.564,8789361,12,,,,,
7.4446,cubic,open,73,58,73,87.448,40.113,11.604,9.563,8795153,12,,,,,
7.4497,cubic,open,73,58,73,87.389,40.113,11.612,9.565,8799497,12,,,,,
7.4548,cubic,open,73,58,73,87.442,40.113,11.605,9.564,8806737,12,,,,,
7.4599,cubic,open,73,58,73,87.386,40.113,11.612,9.564,8812529,12,,,,,
7.4650,cubic,open,74,58,74,87.595,40.113,11.743,9.564,8819769,12,,,,,
7.4701,cubic,open,74,58,74,87.788,40.113,11.717,9.563,8825561,12,,,,,
7.4751,cubic,open,74,58,74,88.087,40.113,11.678,9.564,8831353,12,,,,,
7.4802,cubic,open,74,58,74,88.162,40.113,11.668,9.566,8835697,12,,,,,
7.4853,cubic,open,74,58,74,88.246,40.113,11.657,9.564,8844385,12,,,,,
7.4903,cubic,open,74,58,74,88.286,40.113,11.651,9.564,8850177,12,,,,,
7.4954,cubic,open,74,58,74,88.467,40.113,11.628,9.564,8855969,12,,,,,
7.5005,cubic,open,74,58,74,88.455,40.113,11.629,9.564,8860313,12,,,,,
7.5056,cubic,open,74,58,74,88.575,40.113,11.613,9.564,8867553,12,,,,,
7.5107,cubic,open,74,58,74,88.538,40.113,11.618,9.564,8873345,12,,,,,
7.5157,cubic,open,74,58,74,88.508,40.113,11.622,9.564,8879137,12,,,,,
7.5208,cubic,open,74,58,74,88.609,40.113,11.609,9.564,8886377,12,,,,,
7.5259,cubic,open,74,58,74,88.563,40.113,11.615,9.564,8892169,12,,,,,
7.5310,cubic,open,74,58,74,88.529,40.113,11.619,9.564,8897961,12,,,,,
7.5360,cubic,open,74,58,74,88.624,40.113,11.607,9.564,8905201,12,,,,,
7.5411,cubic,open,74,58,74,88.727,40.113,11.593,9.564,8910993,12,,,,,
7.5462,cubic,open,74,58,74,88.654,40.113,11.603,9.564,8915337,12,,,,,
7.5513,cubic,open,75,58,75,88.598,40.113,11.767,9.564,8921129,12,,,,,
7.5564,cubic,open,75,58,75,88.84,40.113,11.735,9.564,8926921,12,,,,,
7.5615,cubic,open,75,58,75,89.098,40.113,11.701,9.564,8935609,12,,,,,
7.5665,cubic,open,75,58,75,89.372,40.113,11.665,9.564,8941401,12,,,,,
7.5716,cubic,open,75,58,75,89.432,40.113,11.657,9.564,8945745,12,,,,,
7.5767,cubic,open,75,58,75,89.479,40.113,11.651,9.563,8951537,12,,,,,
7.5818,cubic,open,75,58,75,89.514,40.113,11.647,9.564,8957329,12,,,,,
7.5869,cubic,open,75,58,75,89.704,40.113,11.622,9.563,8966017,12,,,,,
7.5919,cubic,open,75,58,75,89.686,40.113,11.625,9.564,8970361,12,,,,,
7.5970,cubic,open,75,58,75,89.799,40.113,11.61,9.564,8977601,12,,,,,
7.6021,cubic,open,75,58,75,89.758,40.113,11.615,9.564,8983393,12,,,,,
7.6072,cubic,open,75,58,75,89.728,40.113,11.619,9.564,8989185,12,,,,,
7.6123,cubic,open,75,58,75,89.827,40.113,11.606,9.564,8996425,12,,,,,
7.6173,cubic,open,75,58,75,89.781,40.113,11.612,9.564,9002217,12,,,,,
7.6224,cubic,open,75,58,75,89.744,40.113,11.617,9.564,9008009,12,,,,,
7.6275,cubic,open,75,58,75,89.869,40.113,11.601,9.564,9013801,12,,,,,
7.6326,cubic,open,75,58,75,89.812,40.113,11.608,9.564,9018145,12,,,,,
7.6376,cubic,open,75,58,75,89.866,40.113,11.601,9.564,9025385,12,,,,,
7.6427,cubic,open,76,58,76,90.096,40.113,11.726,9.564,9032625,12,,,,,
7.6479,cubic,open,76,58,76,90.271,40.113,11.703,9.564,9038417,12,,,,,
7.6530,cubic,open,76,58,76,90.406,40.113,11.686,9.563,9044209,12,,,,,
7.6581,cubic,open,76,58,76,90.508,40.113,11.673,9.564,9050001,12,,,,,
7.6632,cubic,open,76,58,76,90.733,40.113,11.644,9.564,9057241,12,,,,,
7.6683,cubic,open,76,58,76,90.755,40.113,11.641,9.565,9063033,12,,,,,
7.6734,cubic,open,76,58,76,90.774,40.113,11.638,9.564,9068825,12,,,,,
7.6784,cubic,open,76,58,76,90.788,40.113,11.636,9.565,9074617,12,,,,,
7.6835,cubic,open,76,58,76,90.933,40.113,11.618,9.564,9078961,12,,,,,
7.6886,cubic,open,76,58,76,91.054,40.113,11.603,9.564,9087649,12,,,,,
7.6937,cubic,open,76,58,76,91.004,40.113,11.609,9.564,9091993,12,,,,,
7.6988,cubic,open,76,58,76,90.966,40.113,11.614,9.564,9097785,12,,,,,
7.7039,cubic,open,76,58,76,90.937,40.113,11.617,9.564,9103577,12,,,,,
7.7089,cubic,open,76,58,76,91.02,40.113,11.607,9.564,9110817,12,,,,,
7.7140,cubic,open,76,58,76,90.978,40.113,11.612,9.564,9116609,12,,,,,
7.7191,cubic,open,76,58,76,90.944,40.113,11.616,9.565,9122401,12,,,,,
7.7242,cubic,open,76,58,76,91.026,40.113,11.606,9.564,9129641,12,,,,,
7.7292,cubic,open,76,58,76,91.114,40.113,11.595,9.564,9133985,12,,,,,
7.7343,cubic,open,77,58,77,91.05,40.113,11.756,9.565,9139777,12,,,,,
7.7394,cubic,open,77,58,77,91.284,40.113,11.726,9.564,9145569,12,,,,,
7.7445,cubic,open,77,58,77,91.534,40.113,11.693,9.565,9154257,12,,,,,
7.7495,cubic,open,77,58,77,91.655,40.113,11.678,9.564,9160049,12,,,,,
7.7547,cubic,open,77,58,77,91.898,40.113,11.647,9.564,9165841,12,,,,,
7.7598,cubic,open,77,58,77,91.935,40.113,11.642,9.564,9170185,12,,,,,
7.7649,cubic,open,77,58,77,91.974,40.113,11.638,9.564,9178873,12,,,,,
7.7700,cubic,open,77,58,77,91.994,40.113,11.635,9.563,9184665,12,,,,,
7.7750,cubic,open,77,58,77,92.159,40.113,11.614,9.564,9190457,12,,,,,
7.7801,cubic,open,77,58,77,92.133,40.113,11.617,9.563,9194801,12,,,,,
7.7852,cubic,open,77,58,77,92.237,40.113,11.604,9.565,9202041,12,,,,,
7.7903,cubic,open,77,58,77,92.193,40.113,11.61,9.563,9207833,12,,,,,
7.7954,cubic,open,77,58,77,92.159,40.113,11.614,9.564,9213625,12,,,,,
7.8005,cubic,open,77,58,77,92.255,40.113,11.602,9.564,9220865,12,,,,,
7.8056,cubic,open,77,58,77,92.208,40.113,11.608,9.564,9226657,12,,,,,
7.8107,cubic,open,77,58,77,92.173,40.113,11.613,9.563,9232449,12,,,,,
7.8158,cubic,open,77,58,77,92.265,40.113,11.601,9.564,9239689,12,,,,,
7.8209,cubic,open,77,58,77,92.368,40.113,11.588,9.563,9245481,12,,,,,
7.8260,cubic,open,77,58,77,92.293,40.113,11.597,9.563,9249825,12,,,,,
7.8311,cubic,open,78,58,78,92.635,40.113,11.705,9.564,9257065,12,,,,,
7.8362,cubic,open,78,58,78,92.782,40.113,11.686,9.564,9262857,12,,,,,
7.8412,cubic,open,78,58,78,92.93,40.113,11.668,9.563,9268649,12,,,,,
7.8463,cubic,open,78,58,78,93.024,40.113,11.656,9.564,9274441,12,,,,,
7.8514,cubic,open,78,58,78,93.234,40.113,11.629,9.564,9281681,12,,,,,
7.8565,cubic,open,78,58,78,93.24,40.113,11.629,9.564,9287473,12,,,,,
7.8616,cubic,open,78,58,78,93.246,40.113,11.628,9.564,9293265,12,,,,,
7.8667,cubic,open,78,58,78,93.249,40.113,11.628,9.564,9299057,12,,,,,
7.8718,cubic,open,78,58,78,93.383,40.113,11.611,9.565,9306297,12,,,,,
7.8769,cubic,open,78,58,78,93.355,40.113,11.614,9.563,9312089,12,,,,,
7.8819,cubic,open,78,58,78,93.467,40.113,11.6,9.564,9316433,12,,,,,
7.8871,cubic,open,78,58,78,93.418,40.113,11.607,9.563,9322225,12,,,,,
7.8922,cubic,open,78,58,78,93.37,40.113,11.612,9.564,9330913,12,,,,,
7.8973,cubic,open,78,58,78,93.477,40.113,11.599,9.564,9335257,12,,,,,
7.9024,cubic,open,78,58,78,93.426,40.113,11.605,9.564,9341049,12,,,,,
7.9075,cubic,open,78,58,78,93.386,40.113,11.611,9.565,9346841,12,,,,,
7.9126,cubic,open,78,58,78,93.477,40.113,11.599,9.564,9354081,12,,,,,
7.9177,cubic,open,78,58,78,93.538,40.113,11.592,9.563,9361321,12,,,,,
7.9228,cubic,open,78,58,78,93.625,40.113,11.581,9.563,9367113,12,,,,,
7.9279,cubic,open,79,58,79,93.833,40.113,11.703,9.557,9372905,12,,,,,
7.9330,cubic,open,79,58,79,93.99,40.113,11.684,9.596,9378697,12,,,,,
7.9381,cubic,open,79,58,79,94.095,40.113,11.671,9.57,9384489,12,,,,,
7.9432,cubic,open,79,58,79,94.183,40.113,11.66,9.564,9390281,12,,,,,
7.9483,cubic,open,79,58,79,94.527,40.113,11.617,9.563,9397521,12,,,,,
7.9533,cubic,open,79,58,79,94.515,40.113,11.619,9.564,9403313,12,,,,,
7.9584,cubic,open,79,58,79,94.504,40.113,11.62,9.564,9409105,12,,,,,
7.9635,cubic,open,79,58,79,94.496,40.113,11.621,9.564,9414897,12,,,,,
7.9686,cubic,open,79,58,79,94.622,40.113,11.606,9.563,9422137,12,,,,,
7.9737,cubic,open,79,58,79,94.586,40.113,11.61,9.564,9427929,12,,,,,
7.9788,cubic,open,79,58,79,94.71,40.113,11.595,9.554,9432273,12,,,,,
7.9839,cubic,open,79,58,79,94.764,40.113,11.588,9.568,9438065,12,,,,,
7.9890,cubic,open,79,58,79,94.668,40.113,11.6,9.564,9446753,12,,,,,
7.9941,cubic,open,79,58,79,94.756,40.113,11.589,9.564,9451097,12,,,,,
7.9993,cubic,open,79,58,79,94.689,40.113,11.597,9.564,9456889,12,,,,,
8.0044,cubic,open,79,58,79,94.638,40.113,11.604,9.565,9462681,12,,,,,
8.0095,cubic,open,79,58,79,94.718,40.113,11.594,9.563,9469921,12,,,,,
8.0147,cubic,open,79,58,79,94.775,40.113,11.587,9.56,9477161,12,,,,,
8.0198,cubic,open,79,58,79,94.703,40.113,11.596,9.563,9482953,12,,,,,
8.0249,cubic,open,79,58,79,94.813,40.113,11.582,9.522,9488745,12,,,,,
8.0300,cubic,open,79,58,79,94.973,40.113,11.563,9.563,9493089,12,,,,,
8.0351,cubic,open,79,58,79,95.2,40.113,11.535,9.563,9501777,12,,,,,
8.0402,cubic,open,79,58,79,95.311,40.113,11.522,9.565,9507569,12,,,,,
8.0452,cubic,open,79,58,79,95.331,40.113,11.519,9.564,9513361,12,,,,,
8.0503,cubic,open,79,58,79,95.412,40.113,11.51,9.565,9517705,12,,,,,
8.0554,cubic,open,79,58,79,95.475,40.113,11.502,9.564,9523497,12,,,,,
8.0605,cubic,open,79,58,79,95.547,40.113,11.493,9.564,9532185,12,,,,,
8.0655,cubic,open,79,58,79,95.728,40.113,11.472,9.564,9537977,12,,,,,
8.0706,cubic,open,79,58,79,95.718,40.113,11.473,9.564,9542321,12,,,,,
8.0757,cubic,open,79,58,79,95.687,40.113,11.477,9.579,9549561,12,,,,,
8.0808,cubic,open,79,58,79,95.687,40.113,11.477,9.564,9555353,12,,,,,
8.0860,cubic,open,79,58,79,95.692,40.113,11.476,9.564,9561145,12,,,,,
8.0911,cubic,open,79,58,79,95.82,40.113,11.461,9.564,9568385,12,,,,,
8.0962,cubic,open,80,58,80,95.786,40.113,11.61,9.565,9574177,12,,,,,
8.1013,cubic,open,80,58,80,95.76,40.113,11.613,9.566,9579969,12,,,,,
8.1064,cubic,open,80,58,80,95.893,40.113,11.597,9.563,9585761,12,,,,,
8.1115,cubic,open,80,58,80,95.968,40.113,11.588,9.564,9593001,12,,,,,
8.1166,cubic,open,80,58,80,95.901,40.113,11.596,9.564,9597345,12,,,,,
8.1217,cubic,open,80,58,80,95.85,40.113,11.602,9.564,9603137,12,,,,,
8.1267,cubic,open,80,58,80,95.91,40.113,11.595,9.563,9610377,12,,,,,
8.1318,cubic,open,80,58,80,95.856,40.113,11.601,9.563,9616169,12,,,,,
8.1369,cubic,open,80,58,80,95.816,40.113,11.606,9.564,9621961,12,,,,,
8.1420,cubic,open,80,58,80,95.786,40.113,11.61,9.563,9627753,12,,,,,
8.1471,cubic,open,80,58,80,95.87,40.113,11.6,9.564,9634993,12,,,,,
8.1522,cubic,open,80,58,80,95.821,40.113,11.606,9.56,9640785,12,,,,,
8.1573,cubic,open,80,58,80,95.79,40.113,11.609,9.563,9646577,12,,,,,
8.1624,cubic,open,80,58,80,95.767,40.113,11.612,9.564,9652369,12,,,,,
8.1675,cubic,open,80,58,80,95.855,40.113,11.601,9.564,9659609,12,,,,,
8.1726,cubic,open,80,58,80,95.967,40.113,11.588,9.443,9665401,12,,,,,
8.1777,cubic,open,80,58,80,95.9,40.113,11.596,9.564,9669745,12,,,,,
8.1828,cubic,open,80,58,80,95.822,40.113,11.605,9.563,9678433,12,,,,,
8.1879,cubic,open,80,58,80,95.942,40.113,11.591,9.443,9684225,12,,,,,
8.1930,cubic,open,80,58,80,96.164,40.113,11.564,9.564,9690017,12,,,,,
8.1981,cubic,open,80,58,80,96.336,40.113,11.544,9.563,9695809,12,,,,,
8.2031,cubic,open,80,58,80,96.465,40.113,11.528,9.565,9701601,12,,,,,
8.2082,cubic,open,80,58,80,96.726,40.113,11.497,9.564,9708841,12,,,,,
8.2133,cubic,open,80,58,80,96.896,40.113,11.477,9.565,9713185,12,,,,,
8.2184,cubic,open,80,58,80,96.895,40.113,11.477,9.564,9718977,12,,,,,
8.2234,cubic,open,80,58,80,97.023,40.113,11.462,9.564,9726217,12,,,,,
8.2285,cubic,open,80,58,80,96.996,40.113,11.465,9.561,9732009,12,,,,,
8.2336,cubic,open,80,58,80,96.971,40.113,11.468,9.564,9737801,12,,,,,
8.2387,cubic,open,80,58,80,96.951,40.113,11.47,9.565,9743593,12,,,,,
8.2438,cubic,open,80,58,80,97.063,40.113,11.457,9.565,9750833,12,,,,,
8.2488,cubic,open,80,58,80,97.023,40.113,11.462,9.564,9756625,12,,,,,
8.2539,cubic,open,80,58,80,96.992,40.113,11.465,9.565,9762417,12,,,,,
8.2590,cubic,open,81,58,81,96.967,40.113,11.612,9.565,9768209,12,,,,,
8.2641,cubic,open,81,58,81,97.076,40.113,11.599,9.563,9775449,12,,,,,
8.2691,cubic,open,81,58,81,97.042,40.113,11.603,9.564,9781241,12,,,,,
8.2742,cubic,open,81,58,81,97.139,40.113,11.591,9.564,9785585,12,,,,,
8.2793,cubic,open,81,58,81,97.081,40.113,11.598,9.564,9791377,12,,,,,
8.2844,cubic,open,81,58,81,97.034,40.113,11.604,9.565,9797169,12,,,,,
8.2894,cubic,open,81,58,81,97.12,40.113,11.594,9.565,9804409,12,,,,,
8.2945,cubic,open,81,58,81,97.16,40.113,11.589,9.563,9811649,12,,,,,
8.2996,cubic,open,81,58,81,97.097,40.113,11.596,9.564,9817441,12,,,,,
8.3046,cubic,open,81,58,81,97.196,40.113,11.584,9.445,9823233,12,,,,,
8.3097,cubic,open,81,58,81,97.125,40.113,11.593,9.564,9827577,12,,,,,
8.3148,cubic,open,81,58,81,97.164,40.113,11.588,9.564,9834817,12,,,,,
8.3198,cubic,open,81,58,81,97.101,40.113,11.596,9.564,9840609,12,,,,,
8.3249,cubic,open,81,58,81,97.142,40.113,11.591,9.561,9847849,12,,,,,
8.3300,cubic,open,81,58,81,97.083,40.113,11.598,9.564,9853641,12,,,,,
8.3350,cubic,open,81,58,81,97.04,40.113,11.603,9.563,9859433,12,,,,,
8.3401,cubic,open,81,58,81,97.006,40.113,11.607,9.564,9865225,12,,,,,
8.3452,cubic,open,81,58,81,97.085,40.113,11.598,9.564,9872465,12,,,,,
8.3502,cubic,open,81,58,81,97.039,40.113,11.603,9.564,9878257,12,,,,,
8.3554,cubic,open,81,58,81,97.008,40.113,11.607,9.562,9884049,12,,,,,
8.3605,cubic,open,81,58,81,97.289,40.113,11.573,9.564,9888393,12,,,,,
8.3656,cubic,open,81,58,81,97.68,40.113,11.527,9.572,9895633,12,,,,,
8.3707,cubic,open,81,58,81,97.78,40.113,11.515,9.564,9901425,12,,,,,
8.3758,cubic,open,81,58,81,98.005,40.113,11.489,9.564,9908665,12,,,,,
8.3809,cubic,open,81,58,81,98.029,40.113,11.486,9.564,9914457,12,,,,,
8.3860,cubic,open,81,58,81,98.047,40.113,11.484,9.564,9920249,12,,,,,
8.3911,cubic,open,81,58,81,98.333,40.113,11.45,9.564,9927489,12,,,,,
8.3962,cubic,open,81,58,81,98.285,40.113,11.456,9.56,9931833,12,,,,,
8.4014,cubic,open,81,58,81,98.243,40.113,11.461,9.564,9937625,12,,,,,
8.4065,cubic,open,81,58,81,98.331,40.113,11.451,9.564,9944865,12,,,,,
8.4116,cubic,open,81,58,81,98.43,40.113,11.439,9.564,9950657,12,,,,,
8.4167,cubic,open,81,58,81,98.322,40.113,11.452,9.564,9957897,12,,,,,
8.4218,cubic,open,81,58,81,98.425,40.113,11.44,9.563,9963689,12,,,,,
8.4269,cubic,open,81,58,81,98.35,40.113,11.449,9.564,9968033,12,,,,,
8.4320,cubic,open,81,58,81,98.293,40.113,11.455,9.564,9973825,12,,,,,
8.4371,cubic,open,81,58,81,98.231,40.113,11.462,9.564,9982513,12,,,,,
8.4422,cubic,open,81,58,81,98.353,40.113,11.448,9.564,9988305,12,,,,,
8.4473,cubic,open,81,58,81,98.297,40.113,11.455,9.564,9992649,12,,,,,
8.4524,cubic,open,81,58,81,98.253,40.113,11.46,9.564,9998441,12,,,,,
8.4575,cubic,open,82,58,82,98.216,40.113,11.606,9.564,10004233,12,,,,,
8.4626,cubic,open,82,58,82,98.295,40.113,11.596,9.564,10011473,12,,,,,
8.4677,cubic,open,82,58,82,98.349,40.113,11.59,9.563,10018713,12,,,,,
8.4728,cubic,open,82,58,82,98.442,40.113,11.579,9.445,10024505,12,,,,,
8.4779,cubic,open,82,58,82,98.362,40.113,11.588,9.564,10028849,12,,,,,
8.4830,cubic,open,82,58,82,98.302,40.113,11.595,9.564,10034641,12,,,,,
8.4882,cubic,open,82,58,82,98.39,40.113,11.585,9.564,10043329,12,,,,,
8.4933,cubic,open,82,58,82,98.424,40.113,11.581,9.56,10049121,12,,,,,
8.4983,cubic,open,82,58,82,98.348,40.113,11.59,9.563,10054913,12,,,,,
8.5034,cubic,open,82,58,82,98.29,40.113,11.597,9.564,10060705,12,,,,,
8.5085,cubic,open,82,58,82,98.344,40.113,11.591,9.564,10067945,12,,,,,
8.5137,cubic,open,82,58,82,98.421,40.113,11.582,9.564,10072289,12,,,,,
8.5188,cubic,open,82,58,82,98.346,40.113,11.59,9.564,10078081,12,,,,,
8.5239,cubic,open,82,58,82,98.398,40.113,11.584,9.564,10085321,12,,,,,
8.5290,cubic,open,82,58,82,98.329,40.113,11.592,9.564,10091113,12,,,,,
8.5341,cubic,open,82,58,82,98.277,40.113,11.598,9.564,10096905,12,,,,,
8.5392,cubic,open,82,58,82,98.236,40.113,11.603,9.564,10102697,12,,,,,
8.5443,cubic,open,82,58,82,98.323,40.113,11.593,9.563,10109937,12,,,,,
8.5494,cubic,open,82,58,82,98.272,40.113,11.599,9.564,10115729,12,,,,,
8.5545,cubic,open,82,58,82,98.232,40.113,11.604,9.564,10121521,12,,,,,
8.5596,cubic,open,82,58,81,98.717,40.113,11.547,9.564,10128761,12,,,,,
8.5647,cubic,open,82,58,82,98.858,40.113,11.53,9.564,10133105,12,,,,,
8.5698,cubic,open,82,58,82,99.127,40.113,11.499,9.562,10140345,12,,,,,
8.5749,cubic,open,82,58,82,99.328,40.113,11.476,9.562,10146137,12,,,,,
8.5800,cubic,open,82,58,82,99.331,40.113,11.475,9.562,10153377,12,,,,,
8.5851,cubic,open,82,58,82,99.33,40.113,11.475,9.564,10159169,12,,,,,
8.5902,cubic,open,82,58,82,99.478,40.113,11.458,9.564,10164961,12,,,,,
8.5953,cubic,open,82,58,82,99.557,40.113,11.449,9.564,10170753,12,,,,,
8.6004,cubic,open,82,58,82,99.501,40.113,11.456,9.564,10176545,12,,,,,
8.6055,cubic,open,82,58,82,99.457,40.113,11.461,9.564,10182337,12,,,,,
8.6106,cubic,open,82,58,82,99.527,40.113,11.453,9.564,10189577,12,,,,,
8.6157,cubic,open,82,58,82,99.609,40.113,11.443,9.565,10193921,12,,,,,
8.6208,cubic,open,82,58,82,99.54,40.113,11.451,9.564,10199713,12,,,,,
8.6258,cubic,open,82,58,82,99.599,40.113,11.444,9.564,10206953,12,,,,,
8.6309,cubic,open,82,58,82,99.533,40.113,11.452,9.564,10212745,12,,,,,
8.6360,cubic,open,82,58,82,99.482,40.113,11.458,9.564,10218537,12,,,,,
8.6411,cubic,open,82,58,82,99.445,40.113,11.462,9.563,10224329,12,,,,,
8.6461,cubic,open,82,58,82,99.536,40.113,11.452,9.564,10231569,12,,,,,
8.6512,cubic,open,82,58,82,99.484,40.113,11.458,9.564,10237361,12,,,,,
8.6563,cubic,open,82,58,82,99.445,40.113,11.462,9.564,10243153,12,,,,,
8.6614,cubic,open,82,58,82,99.283,40.113,11.481,9.564,10248945,12,,,,,
8.6665,cubic,open,82,58,82,99.291,40.113,11.48,9.564,10254737,12,,,,,
8.6715,cubic,open,82,58,82,99.416,40.113,11.466,9.562,10261977,12,,,,,
8.6766,cubic,open,82,58,82,99.539,40.113,11.451,9.446,10267769,12,,,,,
8.6817,cubic,open,82,58,82,99.483,40.113,11.458,9.562,10272113,12,,,,,
8.6868,cubic,open,82,58,82,99.428,40.113,11.464,9.563,10280801,12,,,,,
8.6919,cubic,open,83,58,83,99.554,40.113,11.589,9.563,10286593,12,,,,,
8.6970,cubic,open,83,58,83,99.61,40.113,11.583,9.563,10292385,12,,,,,
8.7021,cubic,open,83,58,83,99.542,40.113,11.591,9.563,10298177,12,,,,,
8.7071,cubic,open,83,58,83,99.489,40.113,11.597,9.564,10303969,12,,,,,
8.7122,cubic,open,83,58,83,99.556,40.113,11.589,9.563,10311209,12,,,,,
8.7173,cubic,open,83,58,83,99.633,40.113,11.58,9.564,10315553,12,,,,,
8.7224,cubic,open,83,58,83,99.559,40.113,11.589,9.564,10321345,12,,,,,
8.7275,cubic,open,83,58,83,99.616,40.113,11.582,9.562,10328585,12,,,,,
8.7326,cubic,open,83,58,83,99.546,40.113,11.59,9.564,10334377,12,,,,,
8.7377,cubic,open,83,58,83,99.493,40.113,11.596,9.564,10340169,12,,,,,
8.7428,cubic,open,83,58,83,99.451,40.113,11.601,9.564,10345961,12,,,,,
8.7478,cubic,open,83,58,83,99.539,40.113,11.591,9.564,10353201,12,,,,,
8.7529,cubic,open,83,58,83,99.488,40.113,11.597,9.563,10358993,12,,,,,
8.7580,cubic,open,83,58,83,99.449,40.113,11.602,9.564,10364785,12,,,,,
8.7631,cubic,open,83,58,83,99.419,40.113,11.605,9.564,10370577,12,,,,,
8.7682,cubic,open,83,58,83,99.397,40.113,11.608,9.563,10376369,12,,,,,
8.7733,cubic,open,83,58,83,99.481,40.113,11.598,9.564,10383609,12,,,,,
8.7784,cubic,open,83,58,83,99.595,40.113,11.585,9.449,10389401,12,,,,,
8.7835,cubic,open,83,58,83,99.502,40.113,11.595,9.564,10396641,12,,,,,
8.7886,cubic,open,83,58,83,99.459,40.113,11.6,9.564,10402433,12,,,,,
8.7937,cubic,open,83,58,83,99.603,40.113,11.584,9.564,10408225,12,,,,,
8.7988,cubic,open,83,58,83,99.952,40.113,11.543,9.564,10414017,12,,,,,
8.8039,cubic,open,83,58,83,100.108,40.113,11.525,9.548,10418361,12,,,,,
8.8090,cubic,open,83,58,83,100.249,40.113,11.509,9.564,10427049,12,,,,,
8.8141,cubic,open,83,58,83,100.441,40.113,11.487,9.564,10431393,12,,,,,
8.8192,cubic,open,83,58,83,100.606,40.113,11.468,9.563,10438633,12,,,,,
8.8243,cubic,open,83,58,83,100.588,40.113,11.47,9.564,10444425,12,,,,,
8.8294,cubic,open,83,58,83,100.723,40.113,11.455,9.564,10450217,12,,,,,
8.8345,cubic,open,83,58,83,100.659,40.113,11.462,9.564,10457457,12,,,,,
8.8396,cubic,open,83,58,83,100.629,40.113,11.465,9.564,10463249,12,,,,,
8.8447,cubic,open,83,58,83,100.605,40.113,11.468,9.564,10469041,12,,,,,
8.8497,cubic,open,83,58,83,100.74,40.113,11.453,9.564,10474833,12,,,,,
8.8548,cubic,open,83,58,83,100.689,40.113,11.459,9.564,10479177,12,,,,,
8.8599,cubic,open,83,58,83,100.637,40.113,11.465,9.564,10487865,12,,,,,
8.8650,cubic,open,83,58,83,100.611,40.113,11.468,9.564,10493657,12,,,,,
8.8701,cubic,open,83,58,83,100.591,40.113,11.47,9.564,10499449,12,,,,,
8.8752,cubic,open,83,58,83,100.708,40.113,11.456,9.564,10503793,12,,,,,
8.8803,cubic,open,83,58,83,100.666,40.113,11.461,9.564,10509585,12,,,,,
8.8854,cubic,open,83,58,83,100.736,40.113,11.453,9.564,10516825,12,,,,,
8.8905,cubic,open,83,58,83,100.686,40.113,11.459,9.564,10522617,12,,,,,
8.8956,cubic,open,83,58,83,100.65,40.113,11.463,9.564,10528409,12,,,,,
8.9007,cubic,open,83,58,83,100.623,40.113,11.466,9.564,10534201,12,,,,,
8.9058,cubic,open,83,58,83,100.688,40.113,11.459,9.562,10541441,12,,,,,
8.9109,cubic,open,83,58,83,100.65,40.113,11.463,9.564,10547233,12,,,,,
8.9160,cubic,open,83,58,83,100.741,40.113,11.453,9.563,10554473,12,,,,,
8.9211,cubic,open,83,58,83,100.841,40.113,11.441,9.448,10560265,12,,,,,
8.9262,cubic,open,83,58,83,100.767,40.113,11.45,9.564,10564609,12,,,,,
8.9313,cubic,open,83,58,83,100.839,40.113,11.442,9.449,10573297,12,,,,,
8.9364,cubic,open,83,58,83,100.766,40.113,11.45,9.564,10577641,12,,,,,
8.9415,cubic,open,83,58,83,100.71,40.113,11.456,9.564,10583433,12,,,,,
8.9466,cubic,open,83,58,83,100.668,40.113,11.461,9.564,10589225,12,,,,,
8.9517,cubic,open,83,58,83,100.635,40.113,11.465,9.564,10595017,12,,,,,
8.9568,cubic,open,83,58,83,100.716,40.113,11.456,9.563,10602257,12,,,,,
8.9619,cubic,open,83,58,83,100.673,40.113,11.461,9.564,10608049,12,,,,,
8.9670,cubic,open,83,58,83,100.639,40.113,11.464,9.564,10613841,12,,,,,
8.9721,cubic,open,83,58,83,100.614,40.113,11.467,9.564,10619633,12,,,,,
8.9772,cubic,open,83,58,83,100.719,40.113,11.455,9.564,10626873,12,,,,,
8.9823,cubic,open,83,58,83,100.712,40.113,11.456,9.564,10632665,12,,,,,
8.9874,cubic,open,83,58,83,100.766,40.113,11.45,9.564,10639905,12,,,,,
8.9925,cubic,open,83,58,83,100.713,40.113,11.456,9.563,10645697,12,,,,,
8.9976,cubic,open,83,58,83,100.67,40.113,11.461,9.563,10651489,12,,,,,
9.0027,cubic,open,83,58,83,100.636,40.113,11.465,9.565,10657281,12,,,,,
9.0078,cubic,open,83,58,83,100.716,40.113,11.456,9.564,10664521,12,,,,,
9.0128,cubic,open,83,58,83,100.673,40.113,11.461,9.564,10670313,12,,,,,
9.0179,cubic,open,83,58,83,100.791,40.113,11.447,9.448,10676105,12,,,,,
9.0230,cubic,open,83,58,83,100.729,40.113,11.454,9.564,10680449,12,,,,,
9.0281,cubic,open,83,58,83,100.778,40.113,11.449,9.564,10687689,12,,,,,
9.0332,cubic,open,83,58,83,100.719,40.113,11.455,9.564,10693481,12,,,,,
9.0383,cubic,open,83,58,83,100.771,40.113,11.449,9.564,10700721,12,,,,,
9.0434,cubic,open,83,58,83,100.714,40.113,11.456,9.564,10706513,12,,,,,
9.0485,cubic,open,83,58,83,100.669,40.113,11.461,9.564,10712305,12,,,,,
9.0536,cubic,open,83,58,83,100.633,40.113,11.465,9.566,10718097,12,,,,,
9.0588,cubic,open,84,58,84,100.719,40.113,11.593,9.561,10725337,12,,,,,
9.0640,cubic,open,84,58,84,100.675,40.113,11.598,9.564,10731129,12,,,,,
9.0691,cubic,open,84,58,84,100.639,40.113,11.602,9.564,10736921,12,,,,,
9.0742,cubic,open,84,58,84,100.612,40.113,11.606,9.563,10742713,12,,,,,
9.0793,cubic,open,84,58,84,100.674,40.113,11.598,9.531,10749953,12,,,,,
9.0844,cubic,open,84,58,84,100.641,40.113,11.602,9.564,10755745,12,,,,,
9.0895,cubic,open,84,58,84,100.747,40.113,11.59,9.564,10760089,12,,,,,
9.0947,cubic,open,84,58,84,100.694,40.113,11.596,9.563,10765881,12,,,,,
9.0998,cubic,open,84,58,84,100.651,40.113,11.601,9.555,10774569,12,,,,,
9.1049,cubic,open,84,58,84,100.623,40.113,11.604,9.564,10780361,12,,,,,
9.1100,cubic,open,84,58,84,100.734,40.113,11.591,9.564,10784705,12,,,,,
9.1151,cubic,open,84,58,84,100.685,40.113,11.597,9.564,10790497,12,,,,,
9.1202,cubic,open,84,58,84,100.786,40.113,11.586,9.449,10799185,12,,,,,
9.1253,cubic,open,84,58,84,100.724,40.113,11.593,9.565,10803529,12,,,,,
9.1304,cubic,open,84,58,84,100.776,40.113,11.587,9.564,10810769,12,,,,,
9.1355,cubic,open,84,58,84,100.719,40.113,11.593,9.564,10816561,12,,,,,
9.1406,cubic,open,84,58,84,100.807,40.113,11.583,9.564,10820905,12,,,,,
9.1458,cubic,open,84,58,84,100.717,40.113,11.593,9.563,10829593,12,,,,,
9.1509,cubic,open,84,58,84,100.673,40.113,11.599,9.564,10835385,12,,,,,
9.1561,cubic,open,84,58,84,100.642,40.113,11.602,9.562,10841177,12,,,,,
9.1612,cubic,recovery,82,58,82,100.56,40.113,11.75,9.449,10842625,13,,,,,
9.1662,cubic,recovery,81,58,81,100.689,40.113,12.011,9.449,10842625,13,,,,,
9.1713,cubic,recovery,80,58,80,100.766,40.113,12.416,9.449,10842625,13,,,,,
9.1764,cubic,recovery,78,58,78,100.812,40.113,12.824,9.45,10842625,13,,,,,
9.1815,cubic,recovery,77,58,77,100.988,40.113,13.214,9.472,10842625,13,,,,,
9.1866,cubic,recovery,76,58,76,100.973,40.113,13.491,9.471,10842625,13,,,,,
9.1916,cubic,recovery,74,58,74,101.018,40.113,14.036,9.471,10842625,13,,,,,
9.1967,cubic,recovery,73,58,73,100.993,40.113,14.452,9.469,10842625,13,,,,,
9.2018,cubic,recovery,72,58,72,100.916,40.113,14.739,9.479,10842625,13,,,,,
9.2069,cubic,recovery,71,58,71,100.933,40.113,15.149,9.471,10842625,13,,,,,
9.2120,cubic,recovery,69,58,69,100.922,40.113,15.564,9.45,10842625,13,,,,,
9.2171,cubic,recovery,68,58,68,100.98,40.113,15.968,9.47,10842625,13,,,,,
9.2221,cubic,recovery,67,58,67,100.966,40.113,16.384,9.472,10842625,13,,,,,
9.2272,cubic,recovery,65,58,65,100.928,40.113,16.803,9.47,10842625,13,,,,,
9.2323,cubic,recovery,64,58,64,101.04,40.113,17.197,9.47,10842625,13,,,,,
9.2374,cubic,recovery,63,58,63,101.004,40.113,17.478,9.471,10842625,13,,,,,
9.2425,cubic,recovery,61,58,61,101.037,40.113,18.023,9.47,10842625,13,,,,,
9.2476,cubic,recovery,60,58,60,101.008,40.113,18.441,9.471,10842625,13,,,,,
9.2526,cubic,recovery,58,58,58,100.986,40.113,18.72,9.47,10842625,13,,,,,
9.2577,cubic,recovery,58,58,58,100.961,40.113,19.138,9.474,10842625,13,,,,,
9.2628,cubic,open,58,58,58,100.676,40.113,8.008,9.47,10968601,13,,,,,
9.2678,cubic,open,58,58,58,99.972,40.113,8.065,9.238,10974393,13,,,,,
9.2729,cubic,open,58,58,58,98.864,40.113,8.155,9.008,10980185,13,,,,,
9.2780,cubic,open,58,58,58,97.732,40.113,8.25,8.672,10985977,13,,,,,
9.2831,cubic,open,58,58,58,96.297,40.113,8.372,8.547,10991769,13,,,,,
9.2882,cubic,open,58,58,58,94.632,40.113,8.52,8.362,10997561,13,,,,,
9.2933,cubic,open,58,58,58,92.786,40.113,8.689,8.102,11003353,13,,,,,
9.2983,cubic,open,59,58,59,89.929,40.113,9.12,7.759,11012041,13,,,,,
9.3034,cubic,open,59,58,57,88.054,40.113,9.314,7.622,11017833,13,,,,,
9.3085,cubic,open,59,58,57,86.049,40.113,9.531,7.506,11023625,13,,,,,
9.3136,cubic,open,59,58,57,83.947,40.113,9.77,7.276,11029417,13,,,,,
9.3186,cubic,open,59,58,57,81.761,40.113,10.031,6.959,11035209,13,,,,,
9.3237,cubic,open,59,58,59,79.813,40.113,10.276,6.698,11041001,13,,,,,
9.3288,cubic,open,59,58,59,77.621,40.113,10.566,6.698,11046793,13,,,,,
9.3339,cubic,open,60,58,59,75.916,40.113,10.986,6.834,11052585,13,,,,,
9.3389,cubic,open,60,58,60,74.585,40.113,11.182,7.003,11058377,13,,,,,
9.3440,cubic,open,60,58,60,73.398,40.113,11.363,7.117,11064169,13,,,,,
9.3491,cubic,open,60,58,60,71.77,40.113,11.621,7.305,11072857,13,,,,,
9.3542,cubic,open,60,58,60,70.782,40.113,11.783,7.345,11078649,13,,,,,
9.3593,cubic,open,60,58,60,69.875,40.113,11.936,7.492,11084441,13,,,,,
9.3643,cubic,open,60,58,60,69.055,40.113,12.078,7.655,11090233,13,,,,,
9.3694,cubic,open,60,58,60,68.351,40.113,12.202,7.764,11094577,13,,,,,
9.3745,cubic,open,60,58,60,67.755,40.113,12.31,7.96,11100369,13,,,,,
9.3796,cubic,open,60,58,60,67.046,40.113,12.44,8.172,11109057,13,,,,,
9.3847,cubic,open,60,58,60,66.697,40.113,12.505,8.417,11114849,13,,,,,
9.3899,cubic,open,60,58,60,66.466,40.113,12.548,8.694,11120641,13,,,,,
9.3951,cubic,open,60,58,60,66.331,40.113,12.574,9.142,11126433,13,,,,,
9.4003,cubic,open,61,58,61,66.309,40.113,12.788,9.187,11132225,13,,,,,
9.4054,cubic,open,61,58,61,66.404,40.113,12.769,9.128,11138017,13,,,,,
9.4105,cubic,open,61,58,61,66.751,40.113,12.703,9.24,11145257,13,,,,,
9.4156,cubic,open,61,58,61,67.093,40.113,12.638,9.441,11151049,13,,,,,
9.4207,cubic,open,61,58,61,67.535,40.113,12.556,9.561,11156841,13,,,,,
9.4257,cubic,open,61,58,61,68.066,40.113,12.458,9.563,11162633,13,,,,,
9.4308,cubic,open,61,58,61,68.71,40.113,12.341,9.533,11168425,13,,,,,
9.4359,cubic,open,61,58,61,69.395,40.113,12.219,9.562,11174217,13,,,,,
9.4410,cubic,open,61,58,61,70.13,40.113,12.091,9.562,11180009,13,,,,,
9.4461,cubic,open,61,58,60,71.037,40.113,11.937,9.565,11187249,13,,,,,
9.4512,cubic,open,61,58,61,71.416,40.113,11.873,9.564,11193041,13,,,,,
9.4563,cubic,open,61,58,61,71.71,40.113,11.825,9.564,11198833,13,,,,,
9.4613,cubic,open,61,58,61,71.935,40.113,11.788,9.564,11204625,13,,,,,
9.4664,cubic,open,62,58,62,72.096,40.113,11.954,9.564,11210417,13,,,,,
9.4715,cubic,open,62,58,62,72.47,40.113,11.892,9.565,11219105,13,,,,,
9.4766,cubic,open,62,58,62,72.798,40.113,11.839,9.566,11223449,13,,,,,
9.4816,cubic,open,62,58,62,73.05,40.113,11.798,9.565,11229241,13,,,,,
9.4867,cubic,open,62,58,62,73.456,40.113,11.733,9.565,11236481,13,,,,,
9.4918,cubic,open,62,58,62,73.554,40.113,11.717,9.564,11242273,13,,,,,
9.4969,cubic,open,62,58,62,73.628,40.113,11.705,9.564,11248065,13,,,,,
9.5019,cubic,open,63,58,63,73.685,40.113,11.885,9.565,11253857,13,,,,,
9.5070,cubic,open,63,58,63,73.704,40.113,11.882,9.565,11259649,13,,,,,
9.5121,cubic,open,63,58,63,73.742,40.113,11.876,9.566,11265441,13,,,,,
9.5172,cubic,open,63,58,63,73.77,40.113,11.871,9.567,11271233,13,,,,,
9.5222,cubic,open,63,58,63,73.512,40.113,11.913,9.564,11277025,13,,,,,
9.5273,cubic,open,63,58,63,73.542,40.113,11.908,9.565,11284265,13,,,,,
9.5324,cubic,open,63,58,63,73.621,40.113,11.895,9.565,11290057,13,,,,,
9.5375,cubic,open,63,58,63,73.681,40.113,11.886,9.564,11295849,13,,,,,
9.5425,cubic,open,63,58,63,74.058,40.113,11.825,9.563,11303089,13,,,,,
9.5476,cubic,open,63,58,63,74.301,40.113,11.787,9.564,11308881,13,,,,,
9.5527,cubic,open,63,58,63,74.678,40.113,11.727,9.564,11316121,13,,,,,
9.5579,cubic,open,63,58,63,74.777,40.113,11.711,9.563,11321913,13,,,,,
9.5631,cubic,open,63,58,63,75.015,40.113,11.674,9.552,11327705,13,,,,,
9.5683,cubic,open,63,58,63,75.033,40.113,11.671,9.564,11332049,13,,,,,
9.5734,cubic,open,64,58,64,75.054,40.113,11.853,9.563,11340737,13,,,,,
9.5785,cubic,open,64,58,64,75.244,40.113,11.823,9.564,11346529,13,,,,,
9.5836,cubic,open,64,58,64,75.493,40.113,11.784,9.564,11350873,13,,,,,
9.5886,cubic,open,64,58,64,75.684,40.113,11.755,9.564,11356665,13,,,,,
9.5937,cubic,open,64,58,64,75.829,40.113,11.732,9.564,11362457,13,,,,,
9.5988,cubic,open,64,58,64,75.99,40.113,11.707,9.562,11371145,13,,,,,
9.6038,cubic,open,64,58,64,76.217,40.113,11.673,9.564,11376937,13,,,,,
9.6089,cubic,open,64,58,64,76.239,40.113,11.669,9.562,11381281,13,,,,,
9.6140,cubic,open,64,58,64,76.257,40.113,11.666,9.564,11387073,13,,,,,
9.6191,cubic,open,64,58,64,76.268,40.113,11.665,9.564,11392865,13,,,,,
9.6241,cubic,open,64,58,64,76.396,40.113,11.645,9.564,11400105,13,,,,,
9.6292,cubic,open,64,58,64,76.498,40.113,11.63,9.564,11407345,13,,,,,
9.6343,cubic,open,64,58,64,76.451,40.113,11.637,9.565,11413137,13,,,,,
9.6393,cubic,open,65,58,65,76.402,40.113,11.826,9.576,11418929,13,,,,,
9.6444,cubic,open,65,58,65,76.511,40.113,11.809,9.564,11423273,13,,,,,
9.6495,cubic,open,65,58,65,76.753,40.113,11.772,9.564,11430513,13,,,,,
9.6545,cubic,open,65,58,65,76.938,40.113,11.744,9.564,11436305,13,,,,,
9.6596,cubic,open,65,58,65,77.262,40.113,11.695,9.564,11443545,13,,,,,
9.6647,cubic,open,65,58,65,77.321,40.113,11.686,9.564,11449337,13,,,,,
9.6697,cubic,open,65,58,65,77.366,40.113,11.679,9.564,11455129,13,,,,,
9.6748,cubic,open,65,58,65,77.4,40.113,11.674,9.565,11460921,13,,,,,
9.6799,cubic,open,65,58,65,77.424,40.113,11.67,9.565,11466713,13,,,,,
9.6850,cubic,open,65,58,65,77.585,40.113,11.646,9.566,11473953,13,,,,,
9.6900,cubic,open,65,58,65,77.566,40.113,11.649,9.564,11479745,13,,,,,
9.6951,cubic,open,65,58,65,77.554,40.113,11.651,9.564,11485537,13,,,,,
9.7002,cubic,open,65,58,65,77.697,40.113,11.629,9.564,11491329,13,,,,,
9.7052,cubic,open,66,58,66,77.636,40.113,11.817,9.564,11498569,13,,,,,
9.7103,cubic,open,66,58,66,77.739,40.113,11.802,9.565,11502913,13,,,,,
9.7154,cubic,open,66,58,66,77.687,40.113,11.81,9.564,11508705,13,,,,,
9.7204,cubic,open,66,58,66,78.053,40.113,11.754,9.564,11515945,13,,,,,
9.7255,cubic,open,66,58,66,78.345,40.113,11.71,9.563,11520289,13,,,,,
9.7306,cubic,open,66,58,66,78.596,40.113,11.673,9.571,11527529,13,,,,,
9.7356,cubic,open,66,58,66,78.626,40.113,11.668,9.564,11533321,13,,,,,
9.7407,cubic,open,66,58,66,78.793,40.113,11.644,9.563,11540561,13,,,,,
9.7458,cubic,open,66,58,66,78.778,40.113,11.646,9.564,11546353,13,,,,,
9.7509,cubic,open,66,58,66,78.765,40.113,11.648,9.564,11552145,13,,,,,
9.7559,cubic,open,66,58,66,78.757,40.113,11.649,9.563,11557937,13,,,,,
9.7610,cubic,open,66,58,66,78.749,40.113,11.65,9.564,11563729,13,,,,,
9.7661,cubic,open,66,58,66,78.874,40.113,11.632,9.565,11570969,13,,,,,
9.7712,cubic,open,67,58,67,78.839,40.113,11.813,9.565,11576761,13,,,,,
9.7763,cubic,open,67,58,67,78.814,40.113,11.817,9.562,11582553,13,,,,,
9.7813,cubic,open,67,58,67,78.946,40.113,11.797,9.563,11588345,13,,,,,
9.7864,cubic,open,67,58,67,79.183,40.113,11.762,9.564,11594137,13,,,,,
9.7915,cubic,open,67,58,67,79.565,40.113,11.706,9.564,11601377,13,,,,,
9.7966,cubic,open,67,58,67,79.652,40.113,11.693,9.564,11607169,13,,,,,
9.8018,cubic,open,67,58,67,79.853,40.113,11.663,9.564,11611513,13,,,,,
9.8071,cubic,open,67,58,67,80.02,40.113,11.639,9.562,11618753,13,,,,,
9.8122,cubic,open,67,58,67,80.137,40.113,11.622,9.561,11625993,13,,,,,
9.8173,cubic,open,67,58,67,80.093,40.113,11.628,9.564,11631785,13,,,,,
9.8224,cubic,open,67,58,67,80.208,40.113,11.612,9.563,11637577,13,,,,,
9.8275,cubic,open,67,58,67,80.145,40.113,11.621,9.564,11641921,13,,,,,
9.8326,cubic,open,67,58,67,80.078,40.113,11.63,9.563,11650609,13,,,,,
9.8377,cubic,open,68,58,68,80.058,40.113,11.807,9.551,11656401,13,,,,,
9.8428,cubic,open,68,58,68,80.033,40.113,11.811,9.561,11662193,13,,,,,
9.8479,cubic,open,68,58,68,80.173,40.113,11.79,9.555,11667985,13,,,,,
9.8530,cubic,open,68,58,68,80.292,40.113,11.773,9.564,11675225,13,,,,,
9.8581,cubic,open,68,58,68,80.49,40.113,11.744,9.565,11679569,13,,,,,
9.8632,cubic,open,68,58,68,80.644,40.113,11.721,9.564,11685361,13,,,,,
9.8683,cubic,open,68,58,68,81.079,40.113,11.658,9.563,11692601,13,,,,,
9.8734,cubic,open,68,58,68,81.096,40.113,11.656,9.564,11696945,13,,,,,
9.8785,cubic,open,68,58,68,81.231,40.113,11.637,9.563,11704185,13,,,,,
9.8836,cubic,open,68,58,68,81.333,40.113,11.622,9.566,11711425,13,,,,,
9.8887,cubic,open,68,58,68,81.44,40.113,11.607,9.556,11717217,13,,,,,
9.8938,cubic,open,68,58,68,81.362,40.113,11.618,9.567,11721561,13,,,,,
9.8990,cubic,open,68,58,68,81.405,40.113,11.612,9.563,11728801,13,,,,,
9.9041,cubic,open,68,58,68,81.346,40.113,11.62,9.564,11734593,13,,,,,
9.9092,cubic,open,69,58,69,81.397,40.113,11.784,9.564,11741833,13,,,,,
9.9143,cubic,open,69,58,69,81.339,40.113,11.792,9.564,11747625,13,,,,,
9.9194,cubic,open,69,58,69,81.281,40.113,11.8,9.576,11753417,13,,,,,
9.9245,cubic,open,69,58,69,81.646,40.113,11.748,9.566,11760657,13,,,,,
9.9296,cubic,open,69,58,69,81.813,40.113,11.724,9.572,11766449,13,,,,,
9.9347,cubic,open,69,58,69,82.059,40.113,11.689,9.561,11770793,13,,,,,
9.9398,cubic,open,69,58,69,82.294,40.113,11.655,9.561,11778033,13,,,,,
9.9449,cubic,open,69,58,69,82.312,40.113,11.653,9.564,11783825,13,,,,,
9.9500,cubic,open,69,58,69,82.171,40.113,11.673,9.564,11789617,13,,,,,
9.9551,cubic,open,69,58,69,82.241,40.113,11.663,9.564,11795409,13,,,,,
9.9601,cubic,open,69,58,69,82.413,40.113,11.638,9.564,11802649,13,,,,,
9.9652,cubic,open,69,58,69,82.419,40.113,11.637,9.548,11808441,13,,,,,
9.9703,cubic,open,69,58,69,82.536,40.113,11.621,9.566,11812785,13,,,,,
9.9754,cubic,open,70,58,70,82.606,40.113,11.779,9.564,11820025,13,,,,,
9.9805,cubic,open,70,58,70,82.653,40.113,11.773,9.565,11827265,13,,,,,
9.9856,cubic,open,70,58,70,82.582,40.113,11.783,9.565,11833057,13,,,,,
9.9907,cubic,open,70,58,70,82.73,40.113,11.762,9.565,11838849,13,,,,,
9.9958,cubic,open,70,58,70,82.929,40.113,11.734,9.564,11844641,13,,,,,
10.0009,cubic,open,70,58,70,83.081,40.113,11.712,9.563,11850433,13,,,,,
10.0060,cubic,open,70,58,70,83.196,40.113,11.696,9.564,11856225,13,,,,,
10.0111,cubic,open,70,58,70,83.427,40.113,11.663,9.573,11863465,13,,,,,
10.0165,cubic,open,70,58,70,83.459,40.113,11.659,9.565,11869257,13,,,,,
10.0215,cubic,open,70,58,70,83.61,40.113,11.638,9.563,11876497,13,,,,,
10.0266,cubic,open,70,58,70,83.727,40.113,11.622,9.567,11880841,13,,,,,
10.0317,cubic,open,70,58,70,83.691,40.113,11.627,9.563,11886633,13,,,,,
10.0368,cubic,open,70,58,70,83.661,40.113,11.631,9.566,11892425,13,,,,,
10.0419,cubic,open,70,58,70,83.63,40.113,11.635,9.565,11901113,13,,,,,
10.0470,cubic,open,70,58,70,83.614,40.113,11.637,9.566,11905457,13,,,,,
10.0521,cubic,open,70,58,70,83.589,40.113,11.641,9.564,11911249,13,,,,,
10.0572,cubic,open,70,58,70,83.698,40.113,11.626,9.564,11918489,13,,,,,
10.0623,cubic,open,71,58,71,83.952,40.113,11.756,9.564,11924281,13,,,,,
10.0674,cubic,open,71,58,71,84.359,40.113,11.699,9.564,11931521,13,,,,,
10.0725,cubic,open,71,58,71,84.403,40.113,11.693,9.615,11937313,13,,,,,
10.0776,cubic,open,71,58,71,84.49,40.113,11.681,9.566,11943105,13,,,,,
10.0827,cubic,open,71,58,71,84.558,40.113,11.672,9.564,11948897,13,,,,,
10.0880,cubic,open,71,58,71,84.61,40.113,11.665,9.563,11954689,13,,,,,
10.0931,cubic,open,71,58,71,84.65,40.113,11.659,9.564,11960481,13,,,,,
10.0982,cubic,open,71,58,71,84.809,40.113,11.637,9.564,11967721,13,,,,,
10.1033,cubic,open,71,58,71,84.803,40.113,11.638,9.564,11973513,13,,,,,
10.1084,cubic,open,71,58,71,84.929,40.113,11.621,9.566,11977857,13,,,,,
10.1135,cubic,open,71,58,71,85.014,40.113,11.609,9.564,11985097,13,,,,,
10.1186,cubic,open,71,58,71,84.959,40.113,11.617,9.564,11990889,13,,,,,
10.1237,cubic,open,71,58,71,84.918,40.113,11.622,9.564,11996681,13,,,,,
10.1288,cubic,open,71,58,71,84.905,40.113,11.624,9.547,12002473,13,,,,,
10.1339,cubic,open,71,58,71,84.98,40.113,11.614,9.565,12009713,13,,,,,
10.1390,cubic,open,71,58,71,84.934,40.113,11.62,9.564,12015505,13,,,,,
10.1441,cubic,open,72,58,72,85.002,40.113,11.774,9.564,12022745,13,,,,,
10.1492,cubic,open,72,58,72,85.261,40.113,11.739,9.563,12027089,13,,,,,
10.1543,cubic,open,72,58,72,85.435,40.113,11.715,9.564,12032881,13,,,,,
10.1594,cubic,open,72,58,72,85.734,40.113,11.674,9.565,12040121,13,,,,,
10.1645,cubic,open,72,58,72,85.794,40.113,11.666,9.564,12045913,13,,,,,
10.1696,cubic,open,72,58,72,85.841,40.113,11.659,9.564,12051705,13,,,,,
10.1747,cubic,open,72,58,72,85.873,40.113,11.655,9.566,12057497,13,,,,,
10.1798,cubic,open,72,58,72,85.902,40.113,11.651,9.564,12063289,13,,,,,
10.1849,cubic,open,72,58,72,86.064,40.113,11.629,9.564,12070529,13,,,,,
10.1900,cubic,open,72,58,72,86.048,40.113,11.631,9.564,12076321,13,,,,,
10.1951,cubic,open,72,58,72,86.163,40.113,11.616,9.564,12083561,13,,,,,
10.2002,cubic,open,72,58,72,86.275,40.113,11.601,9.564,12089353,13,,,,,
10.2053,cubic,open,72,58,72,86.207,40.113,11.61,9.564,12093697,13,,,,,
10.2104,cubic,open,72,58,72,86.136,40.113,11.619,9.565,12102385,13,,,,,
10.2154,cubic,open,72,58,72,86.085,40.113,11.626,9.565,12108177,13,,,,,
10.2205,cubic,open,72,58,72,86.197,40.113,11.611,9.564,12112521,13,,,,,
10.2256,cubic,open,72,58,72,86.15,40.113,11.618,9.564,12118313,13,,,,,
10.2307,cubic,open,72,58,72,86.23,40.113,11.607,9.564,12125553,13,,,,,
10.2358,cubic,open,73,58,73,86.688,40.113,11.706,9.561,12132793,13,,,,,
10.2409,cubic,open,73,58,73,86.806,40.113,11.69,9.564,12137137,13,,,,,
10.2460,cubic,open,73,58,73,87.07,40.113,11.654,9.565,12144377,13,,,,,
10.2511,cubic,open,73,58,73,87.102,40.113,11.65,9.564,12150169,13,,,,,
10.2562,cubic,open,73,58,73,87.126,40.113,11.647,9.564,12155961,13,,,,,
10.2613,cubic,open,73,58,73,87.145,40.113,11.644,9.564,12161753,13,,,,,
10.2663,cubic,open,73,58,73,87.159,40.113,11.643,9.564,12167545,13,,,,,
10.2714,cubic,open,73,58,73,87.169,40.113,11.641,9.564,12173337,13,,,,,
10.2765,cubic,open,73,58,73,87.296,40.113,11.624,9.564,12180577,13,,,,,
10.2815,cubic,open,73,58,73,87.275,40.113,11.627,9.564,12186369,13,,,,,
10.2866,cubic,open,73,58,73,87.367,40.113,11.615,9.564,12193609,13,,,,,
10.2917,cubic,open,73,58,73,87.463,40.113,11.602,9.564,12197953,13,,,,,
10.2968,cubic,open,73,58,73,87.402,40.113,11.61,9.564,12203745,13,,,,,
10.3019,cubic,open,73,58,73,87.357,40.113,11.616,9.564,12209537,13,,,,,
10.3069,cubic,open,73,58,73,87.321,40.113,11.621,9.565,12215329,13,,,,,
10.3120,cubic,open,73,58,73,87.398,40.113,11.611,9.564,12222569,13,,,,,
10.3171,cubic,open,73,58,73,87.352,40.113,11.617,9.564,12228361,13,,,,,
10.3222,cubic,open,74,58,74,87.57,40.113,11.747,9.564,12235601,13,,,,,
10.3272,cubic,open,74,58,74,87.906,40.113,11.702,9.564,12241393,13,,,,,
10.3323,cubic,open,74,58,74,88.024,40.113,11.686,9.565,12245737,13,,,,,
10.3374,cubic,open,74,58,74,88.287,40.113,11.651,9.564,12252977,13,,,,,
10.3425,cubic,open,74,58,74,88.318,40.113,11.647,9.564,12258769,13,,,,,
10.3476,cubic,open,74,58,74,88.341,40.113,11.644,9.564,12264561,13,,,,,
10.3527,cubic,open,74,58,74,88.359,40.113,11.642,9.564,12270353,13,,,,,
10.3577,cubic,open,74,58,74,88.375,40.113,11.64,9.564,12276145,13,,,,,
10.3628,cubic,open,74,58,74,88.385,40.113,11.638,9.564,12281937,13,,,,,
10.3679,cubic,open,74,58,74,88.511,40.113,11.622,9.564,12289177,13,,,,,
10.3730,cubic,open,74,58,74,88.488,40.113,11.625,9.565,12294969,13,,,,,
10.3781,cubic,open,74,58,74,88.581,40.113,11.613,9.564,12302209,13,,,,,
10.3832,cubic,open,74,58,74,88.675,40.113,11.6,9.564,12306553,13,,,,,
10.3883,cubic,open,74,58,74,88.613,40.113,11.608,9.565,12312345,13,,,,,
10.3933,cubic,open,74,58,74,88.549,40.113,11.617,9.564,12321033,13,,,,,
10.3984,cubic,open,74,58,74,88.668,40.113,11.601,9.564,12326825,13,,,,,
10.4035,cubic,open,74,58,74,88.608,40.113,11.609,9.564,12331169,13,,,,,
10.4085,cubic,open,74,58,74,88.561,40.113,11.615,9.564,12336961,13,,,,,
10.4136,cubic,open,75,58,75,88.809,40.113,11.739,9.564,12342753,13,,,,,
10.4187,cubic,open,75,58,75,89.23,40.113,11.684,9.564,12351441,13,,,,,
10.4238,cubic,open,75,58,75,89.325,40.113,11.671,9.564,12355785,13,,,,,
10.4288,cubic,open,75,58,75,89.557,40.113,11.641,9.564,12363025,13,,,,,
10.4339,cubic,open,75,58,75,89.572,40.113,11.639,9.565,12368817,13,,,,,
10.4390,cubic,open,75,58,75,89.584,40.113,11.638,9.565,12374609,13,,,,,
10.4441,cubic,open,75,58,75,89.593,40.113,11.637,9.565,12380401,13,,,,,
10.4492,cubic,open,75,58,75,89.6,40.113,11.636,9.565,12386193,13,,,,,
10.4543,cubic,open,75,58,75,89.605,40.113,11.635,9.564,12391985,13,,,,,
10.4594,cubic,open,75,58,75,89.727,40.113,11.619,9.564,12399225,13,,,,,
10.4645,cubic,open,75,58,75,89.703,40.113,11.622,9.565,12405017,13,,,,,
10.4695,cubic,open,75,58,75,89.792,40.113,11.611,9.564,12412257,13,,,,,
10.4746,cubic,open,75,58,75,89.886,40.113,11.599,9.564,12416601,13,,,,,
10.4797,cubic,open,75,58,75,89.823,40.113,11.607,9.565,12422393,13,,,,,
10.4848,cubic,open,75,58,75,89.776,40.113,11.613,9.565,12428185,13,,,,,
10.4899,cubic,open,75,58,75,89.742,40.113,11.617,9.564,12433977,13,,,,,
10.4949,cubic,open,75,58,75,89.822,40.113,11.607,9.564,12441217,13,,,,,
10.5000,cubic,open,75,58,75,89.777,40.113,11.613,9.563,12447009,13,,,,,
10.5051,cubic,open,76,58,76,90.149,40.113,11.719,9.564,12454249,13,,,,,
10.5102,cubic,open,76,58,76,90.312,40.113,11.698,9.564,12460041,13,,,,,
10.5153,cubic,open,76,58,76,90.565,40.113,11.665,9.564,12464385,13,,,,,
10.5203,cubic,open,76,58,76,90.805,40.113,11.634,9.564,12473073,13,,,,,
10.5254,cubic,open,76,58,76,90.814,40.113,11.633,9.563,12477417,13,,,,,
10.5305,cubic,open,76,58,76,90.821,40.113,11.632,9.563,12483209,13,,,,,
10.5356,cubic,open,76,58,76,90.823,40.113,11.632,9.565,12489001,13,,,,,
10.5407,cubic,open,76,58,76,90.826,40.113,11.632,9.564,12494793,13,,,,,
10.5457,cubic,open,76,58,76,90.83,40.113,11.631,9.564,12500585,13,,,,,
10.5508,cubic,open,76,58,76,90.966,40.113,11.614,9.564,12507825,13,,,,,
10.5559,cubic,open,76,58,76,90.936,40.113,11.618,9.564,12513617,13,,,,,
10.5610,cubic,open,76,58,76,91.037,40.113,11.605,9.564,12520857,13,,,,,
10.5661,cubic,open,76,58,76,91.143,40.113,11.591,9.563,12526649,13,,,,,
10.5712,cubic,open,76,58,76,91.073,40.113,11.6,9.563,12530993,13,,,,,
10.5763,cubic,open,76,58,76,90.994,40.113,11.61,9.565,12539681,13,,,,,
10.5814,cubic,open,76,58,76,90.957,40.113,11.615,9.565,12545473,13,,,,,
10.5865,cubic,open,76,58,76,91.062,40.113,11.602,9.564,12549817,13,,,,,
10.5916,cubic,open,76,58,76,91.01,40.113,11.608,9.564,12555609,13,,,,,
10.5967,cubic,open,77,58,77,91.237,40.113,11.732,9.564,12564297,13,,,,,
10.6018,cubic,open,77,58,77,91.429,40.113,11.707,9.563,12570089,13,,,,,
10.6069,cubic,open,77,58,77,91.728,40.113,11.669,9.563,12575881,13,,,,,
10.6120,cubic,open,77,58,77,91.807,40.113,11.659,9.562,12580225,13,,,,,
10.6171,cubic,open,77,58,77,92.022,40.113,11.632,9.564,12587465,13,,,,,
10.6222,cubic,open,77,58,77,92.027,40.113,11.631,9.565,12593257,13,,,,,
10.6273,cubic,open,77,58,77,92.034,40.113,11.63,9.563,12599049,13,,,,,
10.6323,cubic,open,77,58,77,92.038,40.113,11.63,9.564,12604841,13,,,,,
10.6374,cubic,open,77,58,77,92.041,40.113,11.629,9.563,12610633,13,,,,,
10.6425,cubic,open,77,58,77,92.042,40.113,11.629,9.565,12616425,13,,,,,
10.6476,cubic,open,77,58,77,92.162,40.113,11.614,9.563,12623665,13,,,,,
10.6526,cubic,open,77,58,77,92.136,40.113,11.617,9.564,12629457,13,,,,,
10.6577,cubic,open,77,58,77,92.223,40.113,11.606,9.564,12636697,13,,,,,
10.6628,cubic,open,77,58,77,92.316,40.113,11.595,9.564,12641041,13,,,,,
10.6679,cubic,open,77,58,77,92.251,40.113,11.603,9.565,12646833,13,,,,,
10.6730,cubic,open,77,58,77,92.184,40.113,11.611,9.564,12655521,13,,,,,
10.6780,cubic,open,77,58,77,92.303,40.113,11.596,9.563,12661313,13,,,,,
10.6831,cubic,open,77,58,77,92.243,40.113,11.604,9.564,12665657,13,,,,,
10.6882,cubic,open,78,58,78,92.487,40.113,11.723,9.564,12672897,13,,,,,
10.6933,cubic,open,78,58,78,92.668,40.113,11.7,9.564,12678689,13,,,,,
10.6983,cubic,open,78,58,78,92.804,40.113,11.683,9.565,12684481,13,,,,,
10.7034,cubic,open,78,58,78,93.082,40.113,11.648,9.566,12691721,13,,,,,
10.7085,cubic,open,78,58,78,93.121,40.113,11.644,9.565,12697513,13,,,,,
10.7136,cubic,open,78,58,78,93.285,40.113,11.623,9.564,12701857,13,,,,,
10.7187,cubic,open,78,58,78,93.279,40.113,11.624,9.565,12707649,13,,,,,
10.7237,cubic,open,78,58,78,93.275,40.113,11.624,9.563,12713441,13,,,,,
10.7288,cubic,open,78,58,78,93.268,40.113,11.625,9.566,12722129,13,,,,,
10.7339,cubic,open,78,58,78,93.267,40.113,11.625,9.564,12727921,13,,,,,
10.7390,cubic,open,78,58,78,93.417,40.113,11.607,9.563,12733713,13,,,,,
10.7441,cubic,open,78,58,78,93.379,40.113,11.611,9.565,12738057,13,,,,,
10.7492,cubic,open,78,58,78,93.352,40.113,11.615,9.564,12743849,13,,,,,
10.7543,cubic,open,78,58,78,93.438,40.113,11.604,9.565,12751089,13,,,,,
10.7594,cubic,open,78,58,78,93.496,40.113,11.597,9.564,12758329,13,,,,,
10.7645,cubic,open,78,58,78,93.441,40.113,11.604,9.564,12764121,13,,,,,
10.7696,cubic,open,78,58,78,93.399,40.113,11.609,9.564,12769913,13,,,,,
10.7746,cubic,open,78,58,78,93.518,40.113,11.594,9.564,12775705,13,,,,,
10.7797,cubic,open,78,58,78,93.434,40.113,11.604,9.564,12782945,13,,,,,
10.7848,cubic,open,78,58,78,93.677,40.113,11.574,9.564,12788737,13,,,,,
10.7899,cubic,open,79,58,79,93.864,40.113,11.699,9.563,12794529,13,,,,,
10.7950,cubic,open,79,58,79,94.006,40.113,11.682,9.564,12800321,13,,,,,
10.8001,cubic,open,79,58,79,94.268,40.113,11.649,9.563,12806113,13,,,,,
10.8052,cubic,open,79,58,79,94.336,40.113,11.641,9.564,12813353,13,,,,,
10.8103,cubic,open,79,58,79,94.5,40.113,11.621,9.564,12817697,13,,,,,
10.8153,cubic,open,79,58,79,94.491,40.113,11.622,9.564,12823489,13,,,,,
10.8204,cubic,open,79,58,79,94.49,40.113,11.622,9.562,12829281,13,,,,,
10.8255,cubic,open,79,58,79,94.486,40.113,11.622,9.564,12835073,13,,,,,
10.8306,cubic,open,79,58,79,94.48,40.113,11.623,9.565,12843761,13,,,,,
10.8357,cubic,open,79,58,79,94.631,40.113,11.605,9.564,12849553,13,,,,,
10.8408,cubic,open,79,58,79,94.597,40.113,11.609,9.565,12853897,13,,,,,
10.8459,cubic,open,79,58,79,94.565,40.113,11.613,9.565,12859689,13,,,,,
10.8510,cubic,open,79,58,79,94.65,40.113,11.602,9.564,12866929,13,,,,,
10.8561,cubic,open,79,58,79,94.709,40.113,11.595,9.564,12874169,13,,,,,
10.8611,cubic,open,79,58,79,94.657,40.113,11.601,9.564,12879961,13,,,,,
10.8662,cubic,open,79,58,79,94.615,40.113,11.607,9.563,12885753,13,,,,,
10.8713,cubic,open,79,58,79,94.735,40.113,11.592,9.562,12891545,13,,,,,
10.8764,cubic,open,79,58,79,94.672,40.113,11.6,9.564,12895889,13,,,,,
10.8815,cubic,open,79,58,79,94.609,40.113,11.607,9.564,12904577,13,,,,,
10.8866,cubic,open,79,58,79,94.754,40.113,11.59,9.563,12910369,13,,,,,
10.8917,cubic,open,79,58,79,94.972,40.113,11.563,9.564,12914713,13,,,,,
10.8968,cubic,open,79,58,79,95.161,40.113,11.54,9.547,12920505,13,,,,,
10.9019,cubic,open,79,58,79,95.45,40.113,11.505,9.564,12927745,13,,,,,
10.9070,cubic,open,79,58,79,95.66,40.113,11.48,9.563,12934985,13,,,,,
10.9121,cubic,open,79,58,79,95.666,40.113,11.479,9.564,12940777,13,,,,,
10.9171,cubic,open,79,58,79,95.668,40.113,11.479,9.564,12946569,13,,,,,
10.9222,cubic,open,79,58,79,95.672,40.113,11.478,9.564,12952361,13,,,,,
10.9273,cubic,open,80,58,80,95.676,40.113,11.623,9.563,12958153,13,,,,,
10.9325,cubic,open,80,58,80,95.676,40.113,11.623,9.564,12963945,13,,,,,
10.9377,cubic,open,80,58,80,95.832,40.113,11.604,9.564,12971185,13,,,,,
10.9428,cubic,open,80,58,80,95.798,40.113,11.608,9.564,12976977,13,,,,,
10.9479,cubic,open,80,58,80,95.903,40.113,11.596,9.565,12981321,13,,,,,
10.9529,cubic,open,80,58,80,95.964,40.113,11.588,9.564,12988561,13,,,,,
10.9580,cubic,open,80,58,80,95.895,40.113,11.597,9.563,12994353,13,,,,,
10.9631,cubic,open,80,58,80,95.846,40.113,11.603,9.565,13000145,13,,,,,
10.9682,cubic,open,80,58,80,95.806,40.113,11.607,9.566,13005937,13,,,,,
10.9733,cubic,open,80,58,80,95.888,40.113,11.597,9.559,13013177,13,,,,,
10.9783,cubic,open,80,58,80,95.838,40.113,11.604,9.565,13018969,13,,,,,
10.9834,cubic,open,80,58,80,95.799,40.113,11.608,9.565,13024761,13,,,,,
10.9885,cubic,open,80,58,80,95.877,40.113,11.599,9.563,13032001,13,,,,,
10.9935,cubic,open,80,58,80,95.812,40.113,11.607,9.564,13037793,13,,,,,
10.9986,cubic,open,80,58,80,95.914,40.113,11.594,9.564,13042137,13,,,,,
11.0037,cubic,open,80,58,80,95.989,40.113,11.585,9.442,13050825,13,,,,,
11.0088,cubic,open,80,58,80,95.914,40.113,11.594,9.564,13055169,13,,,,,
11.0139,cubic,open,80,58,80,95.859,40.113,11.601,9.564,13060961,13,,,,,
11.0190,cubic,open,80,58,80,95.909,40.113,11.595,9.564,13066753,13,,,,,
11.0240,cubic,open,80,58,80,96.144,40.113,11.567,9.564,13073993,13,,,,,
11.0291,cubic,open,80,58,80,96.322,40.113,11.545,9.563,13079785,13,,,,,
11.0342,cubic,open,80,58,80,96.58,40.113,11.514,9.564,13087025,13,,,,,
11.0393,cubic,open,80,58,80,96.653,40.113,11.506,9.565,13092817,13,,,,,
11.0444,cubic,open,80,58,80,96.861,40.113,11.481,9.564,13098609,13,,,,,
11.0495,cubic,open,80,58,80,96.865,40.113,11.48,9.566,13102953,13,,,,,
11.0546,cubic,open,80,58,80,96.989,40.113,11.466,9.565,13110193,13,,,,,
11.0597,cubic,open,80,58,80,96.965,40.113,11.469,9.565,13115985,13,,,,,
11.0647,cubic,open,80,58,80,96.948,40.113,11.471,9.564,13121777,13,,,,,
11.0698,cubic,open,80,58,80,97.056,40.113,11.458,9.57,13129017,13,,,,,
11.0749,cubic,open,80,58,80,97.018,40.113,11.462,9.564,13134809,13,,,,,
11.0800,cubic,open,80,58,80,96.989,40.113,11.466,9.564,13140601,13,,,,,
11.0851,cubic,open,80,58,80,97.09,40.113,11.454,9.564,13147841,13,,,,,
11.0903,cubic,open,81,58,81,97.044,40.113,11.603,9.564,13153633,13,,,,,
11.0954,cubic,open,81,58,81,97.161,40.113,11.589,9.563,13159425,13,,,,,
11.1005,cubic,open,81,58,81,97.097,40.113,11.596,9.565,13163769,13,,,,,
11.1056,cubic,open,81,58,81,97.164,40.113,11.588,9.564,13171009,13,,,,,
11.1108,cubic,open,81,58,81,97.101,40.113,11.596,9.564,13176801,13,,,,,
11.1159,cubic,open,81,58,81,96.964,40.113,11.612,9.563,13182593,13,,,,,
11.1210,cubic,open,81,58,81,96.946,40.113,11.614,9.565,13188385,13,,,,,
11.1261,cubic,open,81,58,81,97.042,40.113,11.603,9.563,13195625,13,,,,,
11.1312,cubic,open,81,58,81,97.008,40.113,11.607,9.564,13201417,13,,,,,
11.1363,cubic,open,81,58,81,97.087,40.113,11.597,9.563,13208657,13,,,,,
11.1414,cubic,open,81,58,81,97.043,40.113,11.603,9.563,13214449,13,,,,,
11.1465,cubic,open,81,58,81,97.111,40.113,11.595,9.564,13221689,13,,,,,
11.1516,cubic,open,81,58,81,97.193,40.113,11.585,9.564,13226033,13,,,,,
11.1567,cubic,open,81,58,81,97.124,40.113,11.593,9.564,13231825,13,,,,,
11.1618,cubic,open,81,58,81,97.072,40.113,11.599,9.564,13237617,13,,,,,
11.1669,cubic,open,81,58,81,97.029,40.113,11.604,9.563,13243409,13,,,,,
11.1720,cubic,open,81,58,81,97.102,40.113,11.596,9.564,13250649,13,,,,,
11.1771,cubic,open,81,58,81,97.054,40.113,11.601,9.563,13256441,13,,,,,
11.1822,cubic,open,81,58,81,97.015,40.113,11.606,9.564,13262233,13,,,,,
11.1873,cubic,open,81,58,81,97.091,40.113,11.597,9.563,13269473,13,,,,,
11.1924,cubic,open,81,58,81,97.352,40.113,11.566,9.564,13273817,13,,,,,
11.1974,cubic,open,81,58,81,97.731,40.113,11.521,9.564,13281057,13,,,,,
11.2025,cubic,open,81,58,81,97.817,40.113,11.511,9.564,13286849,13,,,,,
11.2076,cubic,open,81,58,81,98.028,40.113,11.486,9.564,13294089,13,,,,,
11.2127,cubic,open,81,58,81,98.042,40.113,11.484,9.565,13299881,13,,,,,
11.2177,cubic,open,81,58,81,98.056,40.113,11.483,9.564,13305673,13,,,,,
11.2228,cubic,open,81,58,81,98.204,40.113,11.466,9.564,13312913,13,,,,,
11.2279,cubic,open,81,58,81,98.179,40.113,11.468,9.565,13318705,13,,,,,
11.2330,cubic,open,81,58,81,98.312,40.113,11.453,9.563,13324497,13,,,,,
11.2381,cubic,open,81,58,81,98.261,40.113,11.459,9.565,13328841,13,,,,,
11.2432,cubic,open,81,58,81,98.222,40.113,11.463,9.565,13334633,13,,,,,
11.2483,cubic,open,81,58,81,98.299,40.113,11.454,9.564,13341873,13,,,,,
11.2533,cubic,open,81,58,81,98.349,40.113,11.449,9.564,13349113,13,,,,,
11.2584,cubic,open,81,58,81,98.29,40.113,11.455,9.565,13354905,13,,,,,
11.2635,cubic,open,81,58,81,98.245,40.113,11.461,9.565,13360697,13,,,,,
11.2685,cubic,open,81,58,81,98.361,40.113,11.447,9.564,13366489,13,,,,,
11.2736,cubic,open,81,58,81,98.3,40.113,11.454,9.564,13370833,13,,,,,
11.2787,cubic,open,81,58,81,98.236,40.113,11.462,9.564,13379521,13,,,,,
11.2838,cubic,open,81,58,81,98.356,40.113,11.448,9.563,13385313,13,,,,,
11.2888,cubic,open,81,58,81,98.296,40.113,11.455,9.564,13389657,13,,,,,
11.2939,cubic,open,82,58,82,98.349,40.113,11.59,9.564,13396897,13,,,,,
11.2990,cubic,open,82,58,82,98.424,40.113,11.581,9.564,13401241,13,,,,,
11.3040,cubic,open,82,58,82,98.469,40.113,11.576,9.446,13409929,13,,,,,
11.3091,cubic,open,82,58,82,98.384,40.113,11.586,9.564,13414273,13,,,,,
11.3142,cubic,open,82,58,82,98.318,40.113,11.594,9.564,13420065,13,,,,,
11.3192,cubic,open,82,58,82,98.269,40.113,11.599,9.564,13425857,13,,,,,
11.3243,cubic,open,82,58,82,98.346,40.113,11.59,9.565,13433097,13,,,,,
11.3294,cubic,open,82,58,82,98.29,40.113,11.597,9.564,13438889,13,,,,,
11.3344,cubic,open,82,58,82,98.362,40.113,11.588,9.564,13446129,13,,,,,
11.3395,cubic,open,82,58,82,98.302,40.113,11.596,9.564,13451921,13,,,,,
11.3446,cubic,open,82,58,82,98.407,40.113,11.583,9.446,13457713,13,,,,,
11.3497,cubic,open,82,58,82,98.336,40.113,11.591,9.564,13462057,13,,,,,
11.3547,cubic,open,82,58,82,98.377,40.113,11.587,9.564,13469297,13,,,,,
11.3598,cubic,open,82,58,82,98.315,40.113,11.594,9.564,13475089,13,,,,,
11.3649,cubic,open,82,58,82,98.266,40.113,11.6,9.564,13480881,13,,,,,
11.3700,cubic,open,82,58,82,98.346,40.113,11.59,9.564,13488121,13,,,,,
11.3751,cubic,open,82,58,82,98.29,40.113,11.597,9.564,13493913,13,,,,,
11.3802,cubic,open,82,58,82,98.246,40.113,11.602,9.564,13499705,13,,,,,
11.3853,cubic,open,82,58,82,98.333,40.113,11.592,9.564,13506945,13,,,,,
11.3904,cubic,open,82,58,82,98.457,40.113,11.577,9.564,13512737,13,,,,,
11.3955,cubic,open,82,58,82,98.658,40.113,11.554,9.564,13518529,13,,,,,
11.4006,cubic,open,82,58,82,98.946,40.113,11.52,9.563,13522873,13,,,,,
11.4057,cubic,open,82,58,82,99.221,40.113,11.488,9.564,13531561,13,,,,,
11.4108,cubic,open,82,58,82,99.245,40.113,11.485,9.563,13535905,13,,,,,
11.4160,cubic,open,82,58,82,99.262,40.113,11.483,9.564,13541697,13,,,,,
11.4211,cubic,open,82,58,82,99.274,40.113,11.482,9.564,13547489,13,,,,,
11.4262,cubic,open,82,58,82,99.422,40.113,11.465,9.564,13554729,13,,,,,
11.4313,cubic,open,82,58,82,99.397,40.113,11.468,9.564,13560521,13,,,,,
11.4364,cubic,open,82,58,82,99.502,40.113,11.456,9.564,13567761,13,,,,,
11.4415,cubic,open,82,58,82,99.459,40.113,11.461,9.564,13573553,13,,,,,
11.4466,cubic,open,82,58,82,99.578,40.113,11.447,9.564,13579345,13,,,,,
11.4517,cubic,open,82,58,82,99.518,40.113,11.454,9.564,13583689,13,,,,,
11.4568,cubic,open,82,58,82,99.566,40.113,11.448,9.565,13590929,13,,,,,
11.4619,cubic,open,82,58,82,99.508,40.113,11.455,9.564,13596721,13,,,,,
11.4670,cubic,open,82,58,82,99.462,40.113,11.46,9.564,13602513,13,,,,,
11.4721,cubic,open,82,58,82,99.545,40.113,11.451,9.564,13609753,13,,,,,
11.4772,cubic,open,82,58,82,99.492,40.113,11.457,9.564,13615545,13,,,,,
11.4823,cubic,open,82,58,82,99.45,40.113,11.462,9.564,13621337,13,,,,,
11.4874,cubic,open,82,58,82,99.539,40.113,11.451,9.564,13628577,13,,,,,
11.4925,cubic,open,82,58,82,99.486,40.113,11.457,9.564,13634369,13,,,,,
11.4976,cubic,open,82,58,82,99.446,40.113,11.462,9.564,13640161,13,,,,,
11.5027,cubic,open,82,58,82,99.518,40.113,11.454,9.564,13647401,13,,,,,
11.5078,cubic,open,82,58,82,99.621,40.113,11.442,9.446,13653193,13,,,,,
11.5129,cubic,open,82,58,82,99.549,40.113,11.45,9.564,13657537,13,,,,,
11.5180,cubic,open,82,58,82,99.494,40.113,11.457,9.564,13663329,13,,,,,
11.5231,cubic,open,82,58,82,99.452,40.113,11.461,9.564,13669121,13,,,,,
11.5282,cubic,open,82,58,82,99.54,40.113,11.451,9.564,13676361,13,,,,,
11.5333,cubic,open,82,58,82,99.487,40.113,11.457,9.564,13682153,13,,,,,
11.5384,cubic,open,82,58,82,99.564,40.113,11.448,9.564,13689393,13,,,,,
11.5435,cubic,open,82,58,82,99.505,40.113,11.455,9.564,13695185,13,,,,,
11.5486,cubic,open,82,58,82,99.574,40.113,11.447,9.564,13702425,13,,,,,
11.5537,cubic,open,83,58,83,99.666,40.113,11.576,9.448,13708217,13,,,,,
11.5588,cubic,open,83,58,83,99.584,40.113,11.586,9.564,13712561,13,,,,,
11.5639,cubic,open,83,58,83,99.521,40.113,11.593,9.564,13718353,13,,,,,
11.5690,cubic,open,83,58,83,99.473,40.113,11.599,9.564,13724145,13,,,,,
11.5741,cubic,open,83,58,83,99.554,40.113,11.589,9.564,13731385,13,,,,,
11.5792,cubic,open,83,58,83,99.499,40.113,11.596,9.564,13737177,13,,,,,
11.5843,cubic,open,83,58,83,99.457,40.113,11.601,9.564,13742969,13,,,,,
11.5894,cubic,open,83,58,83,99.544,40.113,11.59,9.564,13750209,13,,,,,
11.5945,cubic,open,83,58,83,99.491,40.113,11.597,9.564,13756001,13,,,,,
11.5996,cubic,open,83,58,83,99.451,40.113,11.601,9.564,13761793,13,,,,,
11.6048,cubic,open,83,58,83,99.523,40.113,11.593,9.564,13769033,13,,,,,
11.6099,cubic,open,83,58,83,99.626,40.113,11.581,9.447,13774825,13,,,,,
11.6150,cubic,open,83,58,83,99.554,40.113,11.589,9.564,13779169,13,,,,,
11.6201,cubic,open,83,58,83,99.499,40.113,11.596,9.564,13784961,13,,,,,
11.6252,cubic,open,83,58,83,99.44,40.113,11.603,9.564,13793649,13,,,,,
11.6303,cubic,open,83,58,83,99.544,40.113,11.59,9.564,13797993,13,,,,,
11.6356,cubic,open,83,58,83,99.491,40.113,11.597,9.564,13803785,13,,,,,
11.6407,cubic,open,83,58,83,99.573,40.113,11.587,9.564,13811025,13,,,,,
11.6458,cubic,open,83,58,83,99.513,40.113,11.594,9.564,13816817,13,,,,,
11.6509,cubic,open,83,58,83,99.581,40.113,11.586,9.564,13824057,13,,,,,
11.6560,cubic,open,83,58,83,99.697,40.113,11.573,9.564,13829849,13,,,,,
11.6611,cubic,open,83,58,83,99.893,40.113,11.55,9.564,13835641,13,,,,,
11.6663,cubic,open,83,58,83,100.043,40.113,11.533,9.564,13841433,13,,,,,
11.6713,cubic,open,83,58,83,100.157,40.113,11.52,9.564,13847225,13,,,,,
11.6764,cubic,open,83,58,83,100.441,40.113,11.487,9.546,13854465,13,,,,,
11.6815,cubic,open,83,58,83,100.462,40.113,11.485,9.564,13860257,13,,,,,
11.6866,cubic,open,83,58,83,100.476,40.113,11.483,9.564,13866049,13,,,,,
11.6917,cubic,open,83,58,83,100.626,40.113,11.466,9.564,13873289,13,,,,,
11.6968,cubic,open,83,58,83,100.607,40.113,11.468,9.561,13879081,13,,,,,
11.7019,cubic,open,83,58,83,100.589,40.113,11.47,9.564,13884873,13,,,,,
11.7070,cubic,open,83,58,83,100.708,40.113,11.456,9.564,13889217,13,,,,,
11.7121,cubic,open,83,58,83,100.667,40.113,11.461,9.564,13895009,13,,,,,
11.7172,cubic,open,83,58,83,100.738,40.113,11.453,9.564,13902249,13,,,,,
11.7223,cubic,open,83,58,83,100.688,40.113,11.459,9.565,13908041,13,,,,,
11.7273,cubic,open,83,58,83,100.65,40.113,11.463,9.564,13913833,13,,,,,
11.7324,cubic,open,83,58,83,100.745,40.113,11.452,9.563,13921073,13,,,,,
11.7375,cubic,open,83,58,83,100.701,40.113,11.457,9.558,13926865,13,,,,,
11.7426,cubic,open,83,58,83,100.778,40.113,11.449,9.564,13934105,13,,,,,
11.7476,cubic,open,83,58,83,100.721,40.113,11.455,9.564,13939897,13,,,,,
11.7527,cubic,open,83,58,83,100.827,40.113,11.443,9.564,13945689,13,,,,,
11.7578,cubic,open,83,58,83,100.757,40.113,11.451,9.564,13950033,13,,,,,
11.7629,cubic,open,83,58,83,100.703,40.113,11.457,9.563,13955825,13,,,,,
11.7680,cubic,open,83,58,83,100.646,40.113,11.464,9.563,13964513,13,,,,,
11.7731,cubic,open,83,58,83,100.622,40.113,11.466,9.562,13970305,13,,,,,
11.7782,cubic,open,83,58,83,100.726,40.113,11.454,9.448,13976097,13,,,,,
11.7833,cubic,open,83,58,83,100.68,40.113,11.46,9.563,13980441,13,,,,,
11.7885,cubic,open,83,58,83,100.647,40.113,11.463,9.564,13986233,13,,,,,
11.7936,cubic,open,83,58,83,100.764,40.113,11.45,9.449,13994921,13,,,,,
11.7987,cubic,open,83,58,83,100.705,40.113,11.457,9.56,13999265,13,,,,,
11.8038,cubic,open,83,58,83,100.664,40.113,11.462,9.564,14005057,13,,,,,
11.8089,cubic,open,83,58,83,100.752,40.113,11.452,9.563,14012297,13,,,,,
11.8139,cubic,open,83,58,83,100.702,40.113,11.457,9.563,14018089,13,,,,,
11.8190,cubic,open,83,58,83,100.762,40.113,11.45,9.563,14025329,13,,,,,
11.8241,cubic,open,83,58,83,100.709,40.113,11.456,9.564,14031121,13,,,,,
11.8292,cubic,open,83,58,83,100.669,40.113,11.461,9.562,14036913,13,,,,,
11.8343,cubic,open,83,58,83,100.787,40.113,11.448,9.449,14042705,13,,,,,
11.8394,cubic,open,83,58,83,100.686,40.113,11.459,9.563,14049945,13,,,,,
11.8445,cubic,open,83,58,83,100.801,40.113,11.446,9.448,14055737,13,,,,,
11.8496,cubic,open,83,58,83,100.738,40.113,11.453,9.563,14060081,13,,,,,
11.8546,cubic,open,83,58,83,100.689,40.113,11.459,9.564,14065873,13,,,,,
11.8597,cubic,open,83,58,83,100.754,40.113,11.451,9.563,14073113,13,,,,,
11.8650,cubic,open,83,58,83,100.701,40.113,11.457,9.564,14078905,13,,,,,
11.8701,cubic,open,83,58,83,100.661,40.113,11.462,9.563,14084697,13,,,,,
11.8752,cubic,open,83,58,83,100.627,40.113,11.466,9.562,14090489,13,,,,,
11.8803,cubic,open,83,58,83,100.601,40.113,11.469,9.565,14096281,13,,,,,
11.8854,cubic,open,84,58,84,100.691,40.113,11.596,9.563,14103521,13,,,,,
11.8905,cubic,open,84,58,84,100.651,40.113,11.601,9.562,14109313,13,,,,,
11.8956,cubic,open,84,58,84,100.619,40.113,11.605,9.566,14115105,13,,,,,
11.9007,cubic,open,84,58,84,100.706,40.113,11.595,9.564,14122345,13,,,,,
11.9058,cubic,open,84,58,84,100.665,40.113,11.599,9.564,14128137,13,,,,,
11.9109,cubic,open,84,58,84,100.751,40.113,11.59,9.563,14135377,13,,,,,
11.9160,cubic,open,84,58,84,100.697,40.113,11.596,9.564,14141169,13,,,,,
11.9210,cubic,open,84,58,84,100.789,40.113,11.585,9.563,14145513,13,,,,,
11.9262,cubic,open,84,58,84,100.727,40.113,11.592,9.564,14151305,13,,,,,
11.9313,cubic,open,84,58,84,100.678,40.113,11.598,9.562,14157097,13,,,,,
11.9363,cubic,open,84,58,84,100.78,40.113,11.586,9.461,14165785,13,,,,,
11.9414,cubic,open,84,58,84,100.722,40.113,11.593,9.563,14170129,13,,,,,
11.9465,cubic,open,84,58,84,100.677,40.113,11.598,9.564,14175921,13,,,,,
11.9516,cubic,open,84,58,84,100.743,40.113,11.59,9.564,14183161,13,,,,,
11.9567,cubic,open,84,58,84,100.693,40.113,11.596,9.564,14188953,13,,,,,
11.9618,cubic,open,84,58,84,100.754,40.113,11.589,9.564,14196193,13,,,,,
11.9669,cubic,open,84,58,84,100.701,40.113,11.595,9.564,14201985,13,,,,,
11.9719,cubic,open,84,58,84,100.66,40.113,11.6,9.564,14207777,13,,,,,
11.9770,cubic,open,84,58,84,100.631,40.113,11.603,9.563,14213569,13,,,,,
11.9821,cubic,open,84,58,84,100.606,40.113,11.606,9.564,14219361,13,,,,,
11.9872,cubic,recovery,82,58,82,100.543,40.113,11.752,9.449,14220809,14,,,,,
11.9923,cubic,recovery,81,58,81,100.683,40.113,12.012,9.449,14220809,14,,,,,
11.9974,cubic,recovery,80,58,80,100.764,40.113,12.416,9.47,14220809,14,,,,,
12.0025,cubic,recovery,78,58,78,100.945,40.113,12.807,9.47,14220809,14,,,,,
12.0076,cubic,recovery,77,58,77,100.869,40.113,13.23,9.449,14220809,14,,,,,
12.0127,cubic,recovery,76,58,76,101.023,40.113,13.622,9.47,14220809,14,,,,,
12.0178,cubic,recovery,74,58,74,100.996,40.113,14.039,9.47,14220809,14,,,,,
12.0228,cubic,recovery,73,58,73,100.919,40.113,14.463,9.555,14220809,14,,,,,
12.0279,cubic,recovery,72,58,72,100.852,40.113,14.748,9.449,14220809,14,,,,,
12.0330,cubic,recovery,70,58,70,100.944,40.113,15.286,9.471,14220809,14,,,,,
12.0381,cubic,recovery,69,58,69,100.951,40.113,15.56,9.47,14220809,14,,,,,
12.0432,cubic,recovery,68,58,68,100.923,40.113,15.977,9.449,14220809,14,,,,,
12.0483,cubic,recovery,67,58,67,100.902,40.113,16.394,9.47,14220809,14,,,,,
12.0533,cubic,recovery,65,58,65,101.024,40.113,16.787,9.471,14220809,14,,,,,
12.0584,cubic,recovery,64,58,64,100.91,40.113,17.219,9.47,14220809,14,,,,,
12.0635,cubic,recovery,63,58,63,101.034,40.113,17.611,9.471,14220809,14,,,,,
12.0686,cubic,recovery,61,58,61,101.002,40.113,18.029,9.47,14220809,14,,,,,
12.0737,cubic,recovery,60,58,60,100.984,40.113,18.445,9.47,14220809,14,,,,,
12.0788,cubic,recovery,58,58,58,100.969,40.113,18.724,9.472,14220809,14,,,,,
12.0839,cubic,recovery,58,58,58,100.884,40.113,19.29,9.469,14220809,14,,,,,
12.0890,cubic,open,58,58,58,100.57,40.113,8.017,9.468,14346785,14,,,,,
12.0941,cubic,open,58,58,58,99.889,40.113,8.071,9.239,14352577,14,,,,,
12.0992,cubic,open,58,58,58,98.802,40.113,8.16,8.9,14358369,14,,,,,
12.1042,cubic,open,58,58,58,97.685,40.113,8.253,8.672,14364161,14,,,,,
12.1093,cubic,open,58,58,58,96.261,40.113,8.376,8.546,14369953,14,,,,,
12.1144,cubic,open,58,58,58,93.801,40.113,8.595,8.214,14378641,14,,,,,
12.1194,cubic,open,59,58,58,91.868,40.113,8.927,7.986,14384433,14,,,,,
12.1245,cubic,open,59,58,59,89.969,40.113,9.116,7.852,14390225,14,,,,,
12.1297,cubic,open,59,58,59,88.082,40.113,9.311,7.531,14396017,14,,,,,
12.1348,cubic,open,59,58,59,86.072,40.113,9.529,7.506,14401809,14,,,,,
12.1398,cubic,open,59,58,59,83.961,40.113,9.768,7.189,14407601,14,,,,,
12.1449,cubic,open,59,58,59,81.779,40.113,10.029,6.96,14413393,14,,,,,
12.1500,cubic,open,59,58,59,79.823,40.113,10.274,6.698,14419185,14,,,,,
12.1551,cubic,open,59,58,59,77.628,40.113,10.565,6.698,14424977,14,,,,,
12.1602,cubic,open,60,58,59,75.92,40.113,10.986,6.834,14430769,14,,,,,
12.1653,cubic,open,60,58,60,73.983,40.113,11.273,7.06,14439457,14,,,,,
12.1703,cubic,open,60,58,60,72.84,40.113,11.45,7.178,14445249,14,,,,,
12.1754,cubic,open,60,58,60,71.776,40.113,11.62,7.306,14451041,14,,,,,
12.1805,cubic,open,60,58,60,70.791,40.113,11.782,7.346,14456833,14,,,,,
12.1855,cubic,open,60,58,60,69.887,40.113,11.934,7.495,14462625,14,,,,,
12.1906,cubic,open,60,58,60,69.067,40.113,12.076,7.658,14468417,14,,,,,
12.1957,cubic,open,60,58,60,68.052,40.113,12.256,7.861,14475657,14,,,,,
12.2008,cubic,open,60,58,60,67.503,40.113,12.356,8.065,14481449,14,,,,,
12.2059,cubic,open,60,58,60,67.052,40.113,12.439,8.173,14487241,14,,,,,
12.2109,cubic,open,60,58,60,66.702,40.113,12.504,8.417,14493033,14,,,,,
12.2160,cubic,open,60,58,60,66.459,40.113,12.55,8.691,14498825,14,,,,,
12.2211,cubic,open,60,58,60,66.325,40.113,12.575,9.142,14504617,14,,,,,
12.2262,cubic,open,61,58,61,66.303,40.113,12.789,9.188,14510409,14,,,,,
12.2312,cubic,open,61,58,61,66.398,40.113,12.771,9.13,14516201,14,,,,,
12.2363,cubic,open,61,58,61,66.748,40.113,12.704,9.239,14523441,14,,,,,
12.2414,cubic,open,61,58,61,67.089,40.113,12.639,9.44,14529233,14,,,,,
12.2465,cubic,open,61,58,61,67.53,40.113,12.557,9.564,14535025,14,,,,,
12.2516,cubic,open,61,58,61,68.062,40.113,12.458,9.563,14540817,14,,,,,
12.2566,cubic,open,61,58,61,68.677,40.113,12.347,9.563,14546609,14,,,,,
12.2617,cubic,open,61,58,61,69.368,40.113,12.224,9.563,14552401,14,,,,,
12.2668,cubic,open,61,58,61,70.107,40.113,12.095,9.564,14558193,14,,,,,
12.2719,cubic,open,61,58,60,71.018,40.113,11.94,9.565,14565433,14,,,,,
12.2769,cubic,open,61,58,61,71.404,40.113,11.875,9.564,14571225,14,,,,,
12.2820,cubic,open,61,58,61,71.702,40.113,11.826,9.564,14577017,14,,,,,
12.2871,cubic,open,61,58,61,71.929,40.113,11.789,9.564,14582809,14,,,,,
12.2922,cubic,open,62,58,62,72.103,40.113,11.953,9.564,14588601,14,,,,,
12.2973,cubic,open,62,58,62,72.481,40.113,11.891,9.565,14597289,14,,,,,
12.3024,cubic,open,62,58,62,72.809,40.113,11.837,9.564,14601633,14,,,,,
12.3075,cubic,open,62,58,62,73.061,40.113,11.796,9.564,14607425,14,,,,,
12.3126,cubic,open,62,58,62,73.463,40.113,11.732,9.564,14614665,14,,,,,
12.3177,cubic,open,62,58,62,73.561,40.113,11.716,9.564,14620457,14,,,,,
12.3227,cubic,open,62,58,62,73.636,40.113,11.704,9.564,14626249,14,,,,,
12.3278,cubic,open,63,58,63,73.694,40.113,11.884,9.564,14632041,14,,,,,
12.3329,cubic,open,63,58,63,73.738,40.113,11.876,9.564,14637833,14,,,,,
12.3380,cubic,open,63,58,63,73.772,40.113,11.871,9.564,14643625,14,,,,,
12.3431,cubic,open,63,58,63,73.799,40.113,11.867,9.564,14649417,14,,,,,
12.3482,cubic,open,63,58,63,73.426,40.113,11.927,9.564,14658105,14,,,,,
12.3532,cubic,open,63,58,63,73.559,40.113,11.905,9.564,14662449,14,,,,,
12.3583,cubic,open,63,58,63,73.635,40.113,11.893,9.564,14668241,14,,,,,
12.3634,cubic,open,63,58,63,73.692,40.113,11.884,9.564,14674033,14,,,,,
12.3685,cubic,open,63,58,63,74.065,40.113,11.824,9.564,14681273,14,,,,,
12.3736,cubic,open,63,58,63,74.307,40.113,11.785,9.564,14687065,14,,,,,
12.3787,cubic,open,63,58,63,74.685,40.113,11.726,9.562,14694305,14,,,,,
12.3837,cubic,open,63,58,63,74.78,40.113,11.711,9.564,14700097,14,,,,,
12.3888,cubic,open,63,58,63,75.005,40.113,11.676,9.564,14705889,14,,,,,
12.3939,cubic,open,63,58,63,75.026,40.113,11.673,9.564,14710233,14,,,,,
12.3989,cubic,open,64,58,64,75.049,40.113,11.854,9.564,14718921,14,,,,,
12.4040,cubic,open,64,58,64,75.239,40.113,11.824,9.565,14724713,14,,,,,
12.4091,cubic,open,64,58,64,75.488,40.113,11.785,9.564,14729057,14,,,,,
12.4142,cubic,open,64,58,64,75.679,40.113,11.756,9.565,14734849,14,,,,,
12.4193,cubic,open,64,58,64,75.824,40.113,11.733,9.564,14740641,14,,,,,
12.4243,cubic,open,64,58,64,75.936,40.113,11.716,9.564,14746433,14,,,,,
12.4294,cubic,open,64,58,64,76.21,40.113,11.674,9.564,14755121,14,,,,,
12.4345,cubic,open,64,58,64,76.232,40.113,11.67,9.564,14759465,14,,,,,
12.4396,cubic,open,64,58,64,76.249,40.113,11.668,9.564,14765257,14,,,,,
12.4446,cubic,open,64,58,64,76.262,40.113,11.666,9.564,14771049,14,,,,,
12.4497,cubic,open,64,58,64,76.389,40.113,11.646,9.564,14778289,14,,,,,
12.4548,cubic,open,64,58,64,76.491,40.113,11.631,9.566,14785529,14,,,,,
12.4598,cubic,open,64,58,64,76.447,40.113,11.637,9.564,14791321,14,,,,,
12.4649,cubic,open,65,58,65,76.414,40.113,11.824,9.563,14797113,14,,,,,
12.4700,cubic,open,65,58,65,76.521,40.113,11.808,9.564,14801457,14,,,,,
12.4750,cubic,open,65,58,65,76.758,40.113,11.771,9.564,14808697,14,,,,,
12.4801,cubic,open,65,58,65,76.936,40.113,11.744,9.564,14814489,14,,,,,
12.4852,cubic,open,65,58,65,77.259,40.113,11.695,9.564,14821729,14,,,,,
12.4902,cubic,open,65,58,65,77.32,40.113,11.686,9.563,14827521,14,,,,,
12.4953,cubic,open,65,58,65,77.365,40.113,11.679,9.564,14833313,14,,,,,
12.5004,cubic,open,65,58,65,77.4,40.113,11.674,9.564,14839105,14,,,,,
12.5054,cubic,open,65,58,65,77.427,40.113,11.67,9.564,14844897,14,,,,,
12.5105,cubic,open,65,58,65,77.59,40.113,11.645,9.564,14852137,14,,,,,
12.5156,cubic,open,65,58,65,77.572,40.113,11.648,9.564,14857929,14,,,,,
12.5207,cubic,open,65,58,65,77.558,40.113,11.65,9.564,14863721,14,,,,,
12.5258,cubic,open,65,58,65,77.7,40.113,11.629,9.564,14869513,14,,,,,
12.5309,cubic,open,66,58,66,77.64,40.113,11.817,9.564,14876753,14,,,,,
12.5360,cubic,open,66,58,66,77.743,40.113,11.801,9.564,14881097,14,,,,,
12.5411,cubic,open,66,58,66,77.69,40.113,11.809,9.564,14886889,14,,,,,
12.5462,cubic,open,66,58,66,78.054,40.113,11.754,9.564,14894129,14,,,,,
12.5513,cubic,open,66,58,66,78.345,40.113,11.71,9.563,14898473,14,,,,,
12.5564,cubic,open,66,58,66,78.603,40.113,11.672,9.564,14905713,14,,,,,
12.5614,cubic,open,66,58,66,78.632,40.113,11.668,9.564,14911505,14,,,,,
12.5665,cubic,open,66,58,66,78.796,40.113,11.643,9.564,14918745,14,,,,,
12.5716,cubic,open,66,58,66,78.779,40.113,11.646,9.564,14924537,14,,,,,
12.5766,cubic,open,66,58,66,78.767,40.113,11.648,9.564,14930329,14,,,,,
12.5817,cubic,open,66,58,66,78.757,40.113,11.649,9.564,14936121,14,,,,,
12.5868,cubic,open,66,58,66,78.751,40.113,11.65,9.564,14941913,14,,,,,
12.5919,cubic,open,66,58,66,78.875,40.113,11.632,9.564,14949153,14,,,,,
12.5970,cubic,open,67,58,67,78.84,40.113,11.813,9.564,14954945,14,,,,,
12.6020,cubic,open,67,58,67,78.814,40.113,11.817,9.564,14960737,14,,,,,
12.6071,cubic,open,67,58,67,78.944,40.113,11.798,9.564,14966529,14,,,,,
12.6122,cubic,open,67,58,67,79.181,40.113,11.762,9.564,14972321,14,,,,,
12.6172,cubic,open,67,58,67,79.563,40.113,11.706,9.564,14979561,14,,,,,
12.6223,cubic,open,67,58,67,79.652,40.113,11.693,9.564,14985353,14,,,,,
12.6274,cubic,open,67,58,67,79.852,40.113,11.663,9.563,14989697,14,,,,,
12.6324,cubic,open,67,58,67,80.013,40.113,11.64,9.564,14996937,14,,,,,
12.6375,cubic,open,67,58,67,80.121,40.113,11.624,9.564,15004177,14,,,,,
12.6426,cubic,open,67,58,67,80.078,40.113,11.63,9.564,15009969,14,,,,,
12.6477,cubic,open,67,58,67,80.197,40.113,11.613,9.564,15015761,14,,,,,
12.6528,cubic,open,67,58,67,80.137,40.113,11.622,9.564,15020105,14,,,,,
12.6578,cubic,open,67,58,67,80.09,40.113,11.629,9.564,15025897,14,,,,,
12.6629,cubic,open,67,58,67,80.054,40.113,11.634,9.564,15031689,14,,,,,
12.6680,cubic,open,68,58,68,80.016,40.113,11.813,9.564,15040377,14,,,,,
12.6730,cubic,open,68,58,68,80.149,40.113,11.794,9.564,15046169,14,,,,,
12.6781,cubic,open,68,58,68,80.1,40.113,11.801,9.564,15050513,14,,,,,
12.6832,cubic,open,68,58,68,80.469,40.113,11.747,9.564,15057753,14,,,,,
12.6883,cubic,open,68,58,68,80.629,40.113,11.723,9.564,15063545,14,,,,,
12.6933,cubic,open,68,58,68,81.068,40.113,11.66,9.564,15070785,14,,,,,
12.6984,cubic,open,68,58,68,81.087,40.113,11.657,9.564,15075129,14,,,,,
12.7034,cubic,open,68,58,68,81.222,40.113,11.638,9.564,15082369,14,,,,,
12.7085,cubic,open,68,58,68,81.357,40.113,11.619,9.564,15088161,14,,,,,
12.7136,cubic,open,68,58,68,81.308,40.113,11.626,9.564,15092505,14,,,,,
12.7187,cubic,open,68,58,68,81.372,40.113,11.616,9.564,15099745,14,,,,,
12.7238,cubic,open,68,58,68,81.417,40.113,11.61,9.562,15106985,14,,,,,
12.7289,cubic,open,68,58,68,81.357,40.113,11.619,9.562,15112777,14,,,,,
12.7339,cubic,open,68,58,68,81.442,40.113,11.606,9.563,15117121,14,,,,,
12.7390,cubic,open,69,58,69,81.374,40.113,11.787,9.564,15122913,14,,,,,
12.7441,cubic,open,69,58,69,81.3,40.113,11.798,9.564,15131601,14,,,,,
12.7492,cubic,open,69,58,69,81.446,40.113,11.776,9.563,15137393,14,,,,,
12.7543,cubic,open,69,58,69,81.663,40.113,11.745,9.563,15141737,14,,,,,
12.7597,cubic,open,69,58,69,82.044,40.113,11.691,9.551,15148977,14,,,,,
12.7648,cubic,open,69,58,69,82.285,40.113,11.656,9.563,15156217,14,,,,,
12.7699,cubic,open,69,58,69,82.305,40.113,11.654,9.563,15162009,14,,,,,
12.7750,cubic,open,69,58,69,82.169,40.113,11.673,9.563,15167801,14,,,,,
12.7801,cubic,open,69,58,69,82.239,40.113,11.663,9.563,15173593,14,,,,,
12.7852,cubic,open,69,58,69,82.42,40.113,11.637,9.564,15179385,14,,,,,
12.7903,cubic,open,69,58,69,82.401,40.113,11.64,9.563,15186625,14,,,,,
12.7954,cubic,open,69,58,69,82.527,40.113,11.622,9.563,15190969,14,,,,,
12.8005,cubic,open,69,58,69,82.64,40.113,11.606,9.562,15198209,14,,,,,
12.8056,cubic,open,70,58,70,82.727,40.113,11.762,9.563,15204001,14,,,,,
12.8107,cubic,open,70,58,70,82.64,40.113,11.775,9.565,15208345,14,,,,,
12.8158,cubic,open,70,58,70,82.699,40.113,11.766,9.563,15217033,14,,,,,
12.8209,cubic,open,70,58,70,82.898,40.113,11.738,9.563,15222825,14,,,,,
12.8260,cubic,open,70,58,70,83.055,40.113,11.716,9.564,15228617,14,,,,,
12.8311,cubic,open,70,58,70,83.174,40.113,11.699,9.565,15234409,14,,,,,
12.8362,cubic,open,70,58,70,83.437,40.113,11.662,9.564,15241649,14,,,,,
12.8414,cubic,open,70,58,70,83.465,40.113,11.658,9.565,15247441,14,,,,,
12.8465,cubic,open,70,58,70,83.605,40.113,11.639,9.565,15251785,14,,,,,
12.8516,cubic,open,70,58,70,83.743,40.113,11.62,9.564,15259025,14,,,,,
12.8567,cubic,open,70,58,70,83.7,40.113,11.626,9.566,15264817,14,,,,,
12.8618,cubic,open,70,58,70,83.668,40.113,11.63,9.564,15270609,14,,,,,
12.8669,cubic,open,70,58,70,83.644,40.113,11.633,9.565,15276401,14,,,,,
12.8719,cubic,open,70,58,70,83.753,40.113,11.618,9.565,15283641,14,,,,,
12.8770,cubic,open,70,58,70,83.707,40.113,11.624,9.566,15289433,14,,,,,
12.8821,cubic,open,70,58,70,83.805,40.113,11.611,9.566,15293777,14,,,,,
12.8872,cubic,open,71,58,71,83.821,40.113,11.775,9.565,15301017,14,,,,,
12.8923,cubic,open,71,58,70,84.271,40.113,11.712,9.565,15308257,14,,,,,
12.8974,cubic,open,71,58,71,84.389,40.113,11.695,9.565,15312601,14,,,,,
12.9024,cubic,open,71,58,71,84.48,40.113,11.683,9.565,15318393,14,,,,,
12.9075,cubic,open,71,58,71,84.846,40.113,11.632,9.564,15325633,14,,,,,
12.9126,cubic,open,71,58,71,84.826,40.113,11.635,9.564,15332873,14,,,,,
12.9177,cubic,open,71,58,71,84.815,40.113,11.637,9.565,15338665,14,,,,,
12.9228,cubic,open,71,58,71,84.958,40.113,11.617,9.564,15344457,14,,,,,
12.9279,cubic,open,71,58,71,84.916,40.113,11.623,9.565,15348801,14,,,,,
12.9330,cubic,open,71,58,71,85.006,40.113,11.61,9.564,15356041,14,,,,,
12.9380,cubic,open,71,58,71,85.047,40.113,11.605,9.564,15363281,14,,,,,
12.9431,cubic,open,71,58,71,84.987,40.113,11.613,9.563,15369073,14,,,,,
12.9482,cubic,open,71,58,71,84.939,40.113,11.619,9.564,15374865,14,,,,,
12.9533,cubic,open,71,58,71,84.903,40.113,11.625,9.564,15380657,14,,,,,
12.9584,cubic,open,71,58,71,85.026,40.113,11.608,9.563,15386449,14,,,,,
12.9635,cubic,open,71,58,71,84.947,40.113,11.618,9.563,15393689,14,,,,,
12.9685,cubic,open,71,58,71,85.041,40.113,11.606,9.564,15398033,14,,,,,
12.9736,cubic,open,72,58,72,85.161,40.113,11.752,9.564,15403825,14,,,,,
12.9787,cubic,open,72,58,72,85.223,40.113,11.744,9.548,15409617,14,,,,,
12.9838,cubic,open,72,58,72,85.403,40.113,11.719,9.564,15415409,14,,,,,
12.9889,cubic,open,72,58,72,85.597,40.113,11.693,9.564,15424097,14,,,,,
12.9941,cubic,open,72,58,72,85.822,40.113,11.662,9.564,15428441,14,,,,,
12.9992,cubic,open,72,58,72,85.994,40.113,11.639,9.564,15435681,14,,,,,
13.0043,cubic,open,72,58,72,85.993,40.113,11.639,9.564,15441473,14,,,,,
13.0093,cubic,open,72,58,72,85.993,40.113,11.639,9.564,15447265,14,,,,,
13.0144,cubic,open,72,58,72,86.109,40.113,11.623,9.564,15454505,14,,,,,
13.0195,cubic,open,72,58,72,86.233,40.113,11.606,9.564,15460297,14,,,,,
13.0246,cubic,open,72,58,72,86.176,40.113,11.614,9.564,15464641,14,,,,,
13.0297,cubic,open,72,58,72,86.232,40.113,11.607,9.564,15471881,14,,,,,
13.0348,cubic,open,72,58,72,86.177,40.113,11.614,9.563,15477673,14,,,,,
13.0399,cubic,open,72,58,72,86.133,40.113,11.62,9.565,15483465,14,,,,,
13.0451,cubic,open,72,58,72,86.101,40.113,11.624,9.563,15489257,14,,,,,
13.0502,cubic,open,72,58,72,86.183,40.113,11.613,9.563,15496497,14,,,,,
13.0553,cubic,open,72,58,72,86.291,40.113,11.599,9.564,15502289,14,,,,,
13.0605,cubic,open,73,58,73,86.372,40.113,11.749,9.564,15509529,14,,,,,
13.0656,cubic,open,73,58,73,86.549,40.113,11.725,9.58,15513873,14,,,,,
13.0707,cubic,open,73,58,73,86.702,40.113,11.704,9.564,15519665,14,,,,,
13.0759,cubic,open,73,58,73,86.82,40.113,11.688,9.563,15525457,14,,,,,
13.0810,cubic,open,73,58,73,87.097,40.113,11.651,9.564,15534145,14,,,,,
13.0861,cubic,open,73,58,73,87.266,40.113,11.628,9.564,15539937,14,,,,,
13.0912,cubic,open,73,58,73,87.253,40.113,11.63,9.563,15545729,14,,,,,
13.0963,cubic,open,73,58,73,87.243,40.113,11.631,9.563,15551521,14,,,,,
13.1014,cubic,open,73,58,73,87.364,40.113,11.615,9.564,15558761,14,,,,,
13.1065,cubic,open,73,58,73,87.327,40.113,11.62,9.564,15564553,14,,,,,
13.1116,cubic,open,73,58,73,87.43,40.113,11.606,9.564,15568897,14,,,,,
13.1167,cubic,open,73,58,73,87.488,40.113,11.599,9.565,15576137,14,,,,,
13.1218,cubic,open,73,58,73,87.419,40.113,11.608,9.565,15581929,14,,,,,
13.1269,cubic,open,73,58,73,87.371,40.113,11.614,9.562,15587721,14,,,,,
13.1320,cubic,open,73,58,73,87.33,40.113,11.62,9.565,15593513,14,,,,,
13.1371,cubic,open,73,58,73,87.419,40.113,11.608,9.566,15600753,14,,,,,
13.1422,cubic,open,73,58,73,87.369,40.113,11.615,9.564,15606545,14,,,,,
13.1473,cubic,open,73,58,73,87.461,40.113,11.602,9.565,15610889,14,,,,,
13.1523,cubic,open,74,58,74,87.971,40.113,11.693,9.564,15619577,14,,,,,
13.1578,cubic,open,74,58,74,88.103,40.113,11.676,9.54,15625369,14,,,,,
13.1629,cubic,open,74,58,74,88.176,40.113,11.666,9.564,15631161,14,,,,,
13.1679,cubic,open,74,58,74,88.233,40.113,11.658,9.564,15636953,14,,,,,
13.1730,cubic,open,74,58,74,88.425,40.113,11.633,9.565,15644193,14,,,,,
13.1781,cubic,open,74,58,74,88.554,40.113,11.616,9.565,15648537,14,,,,,
13.1831,cubic,open,74,58,74,88.52,40.113,11.621,9.564,15654329,14,,,,,
13.1882,cubic,open,74,58,74,88.494,40.113,11.624,9.565,15660121,14,,,,,
13.1933,cubic,open,74,58,74,88.598,40.113,11.61,9.564,15667361,14,,,,,
13.1984,cubic,open,74,58,74,88.587,40.113,11.612,9.536,15673153,14,,,,,
13.2034,cubic,open,74,58,74,88.644,40.113,11.604,9.564,15680393,14,,,,,
13.2085,cubic,open,74,58,74,88.723,40.113,11.594,9.564,15684737,14,,,,,
13.2136,cubic,open,74,58,74,88.65,40.113,11.603,9.564,15690529,14,,,,,
13.2186,cubic,open,74,58,74,88.592,40.113,11.611,9.565,15696321,14,,,,,
13.2237,cubic,open,74,58,74,88.552,40.113,11.616,9.563,15702113,14,,,,,
13.2288,cubic,open,74,58,74,88.637,40.113,11.605,9.565,15709353,14,,,,,
13.2338,cubic,open,74,58,74,88.584,40.113,11.612,9.564,15715145,14,,,,,
13.2389,cubic,open,75,58,75,88.796,40.113,11.741,9.564,15722385,14,,,,,
13.2440,cubic,open,75,58,75,89.13,40.113,11.697,9.564,15728177,14,,,,,
13.2491,cubic,open,75,58,75,89.22,40.113,11.685,9.587,15732521,14,,,,,
13.2542,cubic,open,75,58,75,89.353,40.113,11.668,9.565,15741209,14,,,,,
13.2592,cubic,open,75,58,75,89.416,40.113,11.66,9.564,15747001,14,,,,,
13.2643,cubic,open,75,58,75,89.618,40.113,11.633,9.563,15752793,14,,,,,
13.2694,cubic,open,75,58,75,89.754,40.113,11.616,9.563,15758585,14,,,,,
13.2745,cubic,open,75,58,75,89.724,40.113,11.62,9.564,15764377,14,,,,,
13.2795,cubic,open,75,58,75,89.702,40.113,11.622,9.564,15770169,14,,,,,
13.2846,cubic,open,75,58,75,89.811,40.113,11.608,9.563,15777409,14,,,,,
13.2897,cubic,open,75,58,75,89.74,40.113,11.617,9.564,15783201,14,,,,,
13.2948,cubic,open,75,58,75,89.846,40.113,11.604,9.564,15787545,14,,,,,
13.2999,cubic,open,75,58,75,89.906,40.113,11.596,9.564,15794785,14,,,,,
13.3049,cubic,open,75,58,75,89.84,40.113,11.605,9.564,15800577,14,,,,,
13.3100,cubic,open,75,58,75,89.791,40.113,11.611,9.563,15806369,14,,,,,
13.3151,cubic,open,75,58,75,89.753,40.113,11.616,9.564,15812161,14,,,,,
13.3202,cubic,open,75,58,75,89.845,40.113,11.604,9.564,15819401,14,,,,,
13.3252,cubic,open,75,58,75,89.794,40.113,11.611,9.564,15825193,14,,,,,
13.3303,cubic,open,76,58,76,90.039,40.113,11.733,9.564,15830985,14,,,,,
13.3354,cubic,open,76,58,76,90.227,40.113,11.709,9.564,15836777,14,,,,,
13.3405,cubic,open,76,58,76,90.544,40.113,11.668,9.564,15844017,14,,,,,
13.3455,cubic,open,76,58,76,90.613,40.113,11.659,9.564,15849809,14,,,,,
13.3506,cubic,open,76,58,76,90.666,40.113,11.652,9.564,15855601,14,,,,,
13.3557,cubic,open,76,58,76,90.707,40.113,11.647,9.564,15861393,14,,,,,
13.3608,cubic,open,76,58,76,91.017,40.113,11.607,9.564,15868633,14,,,,,
13.3658,cubic,open,76,58,76,90.973,40.113,11.613,9.564,15872977,14,,,,,
13.3709,cubic,open,76,58,76,90.941,40.113,11.617,9.564,15878769,14,,,,,
13.3760,cubic,open,76,58,76,90.917,40.113,11.62,9.564,15884561,14,,,,,
13.3811,cubic,open,76,58,76,91.007,40.113,11.609,9.564,15891801,14,,,,,
13.3861,cubic,open,76,58,76,91.083,40.113,11.599,9.564,15899041,14,,,,,
13.3912,cubic,open,76,58,76,91.177,40.113,11.587,9.564,15904833,14,,,,,
13.3963,cubic,open,76,58,76,91.097,40.113,11.597,9.564,15909177,14,,,,,
13.4013,cubic,open,76,58,76,91.036,40.113,11.605,9.565,15914969,14,,,,,
13.4064,cubic,open,76,58,76,90.99,40.113,11.611,9.564,15920761,14,,,,,
13.4115,cubic,open,76,58,76,91.091,40.113,11.598,9.563,15929449,14,,,,,
13.4165,cubic,open,76,58,76,91.031,40.113,11.605,9.564,15933793,14,,,,,
13.4216,cubic,open,77,58,77,91.277,40.113,11.727,9.564,15941033,14,,,,,
13.4267,cubic,open,77,58,77,91.457,40.113,11.703,9.565,15946825,14,,,,,
13.4318,cubic,open,77,58,77,91.747,40.113,11.666,9.564,15952617,14,,,,,
13.4369,cubic,open,77,58,77,91.818,40.113,11.657,9.564,15956961,14,,,,,
13.4420,cubic,open,77,58,77,91.896,40.113,11.648,9.564,15965649,14,,,,,
13.4471,cubic,open,77,58,77,91.931,40.113,11.643,9.565,15971441,14,,,,,
13.4521,cubic,open,77,58,77,92.111,40.113,11.62,9.564,15977233,14,,,,,
13.4572,cubic,open,77,58,77,92.224,40.113,11.606,9.564,15983025,14,,,,,
13.4623,cubic,open,77,58,77,92.183,40.113,11.611,9.564,15988817,14,,,,,
13.4674,cubic,open,77,58,77,92.153,40.113,11.615,9.564,15994609,14,,,,,
13.4724,cubic,open,77,58,77,92.251,40.113,11.603,9.564,16001849,14,,,,,
13.4775,cubic,open,77,58,77,92.205,40.113,11.608,9.564,16007641,14,,,,,
13.4826,cubic,open,77,58,77,92.301,40.113,11.596,9.564,16011985,14,,,,,
13.4876,cubic,open,77,58,77,92.352,40.113,11.59,9.564,16019225,14,,,,,
13.4927,cubic,open,77,58,77,92.281,40.113,11.599,9.564,16025017,14,,,,,
13.4978,cubic,open,77,58,77,92.227,40.113,11.606,9.564,16030809,14,,,,,
13.5029,cubic,open,77,58,77,92.185,40.113,11.611,9.564,16036601,14,,,,,
13.5079,cubic,open,77,58,77,92.273,40.113,11.6,9.564,16043841,14,,,,,
13.5130,cubic,open,78,58,78,92.22,40.113,11.757,9.565,16049633,14,,,,,
13.5181,cubic,open,78,58,78,92.464,40.113,11.726,9.564,16055425,14,,,,,
13.5231,cubic,open,78,58,78,92.651,40.113,11.703,9.564,16061217,14,,,,,
13.5282,cubic,open,78,58,78,92.984,40.113,11.661,9.564,16068457,14,,,,,
13.5333,cubic,open,78,58,78,93.049,40.113,11.653,9.564,16074249,14,,,,,
13.5384,cubic,open,78,58,78,93.097,40.113,11.647,9.565,16080041,14,,,,,
13.5434,cubic,open,78,58,78,93.135,40.113,11.642,9.564,16085833,14,,,,,
13.5485,cubic,open,78,58,78,93.309,40.113,11.62,9.564,16093073,14,,,,,
13.5536,cubic,open,78,58,78,93.43,40.113,11.605,9.564,16097417,14,,,,,
13.5587,cubic,open,78,58,78,93.39,40.113,11.61,9.565,16103209,14,,,,,
13.5637,cubic,open,78,58,78,93.359,40.113,11.614,9.564,16109001,14,,,,,
13.5688,cubic,open,78,58,78,93.457,40.113,11.602,9.565,16116241,14,,,,,
13.5739,cubic,open,78,58,78,93.411,40.113,11.607,9.564,16122033,14,,,,,
13.5789,cubic,open,78,58,78,93.477,40.113,11.599,9.564,16129273,14,,,,,
13.5840,cubic,open,78,58,78,93.558,40.113,11.589,9.564,16133617,14,,,,,
13.5891,cubic,open,78,58,78,93.488,40.113,11.598,9.564,16139409,14,,,,,
13.5941,cubic,open,78,58,78,93.435,40.113,11.604,9.564,16145201,14,,,,,
13.5992,cubic,open,78,58,78,93.378,40.113,11.611,9.564,16153889,14,,,,,
13.6043,cubic,open,78,58,78,93.483,40.113,11.598,9.564,16158233,14,,,,,
13.6094,cubic,open,78,58,78,93.718,40.113,11.569,9.564,16165473,14,,,,,
13.6144,cubic,open,79,58,79,93.896,40.113,11.695,9.564,16171265,14,,,,,
13.6195,cubic,open,79,58,79,94.032,40.113,11.679,9.564,16177057,14,,,,,
13.6246,cubic,open,79,58,79,94.286,40.113,11.647,9.564,16182849,14,,,,,
13.6296,cubic,open,79,58,79,94.347,40.113,11.64,9.564,16190089,14,,,,,
13.6347,cubic,open,79,58,79,94.377,40.113,11.636,9.564,16195881,14,,,,,
13.6398,cubic,open,79,58,79,94.4,40.113,11.633,9.563,16201673,14,,,,,
13.6448,cubic,open,79,58,79,94.568,40.113,11.612,9.564,16207465,14,,,,,
13.6499,cubic,open,79,58,79,94.669,40.113,11.6,9.564,16213257,14,,,,,
13.6550,cubic,open,79,58,79,94.623,40.113,11.606,9.564,16219049,14,,,,,
13.6600,cubic,open,79,58,79,94.589,40.113,11.61,9.564,16224841,14,,,,,
13.6651,cubic,open,79,58,79,94.683,40.113,11.598,9.564,16232081,14,,,,,
13.6702,cubic,open,79,58,79,94.633,40.113,11.604,9.564,16237873,14,,,,,
13.6752,cubic,open,79,58,79,94.728,40.113,11.593,9.564,16242217,14,,,,,
13.6803,cubic,open,79,58,79,94.777,40.113,11.587,9.564,16249457,14,,,,,
13.6854,cubic,open,79,58,79,94.706,40.113,11.595,9.564,16255249,14,,,,,
13.6905,cubic,open,79,58,79,94.652,40.113,11.602,9.564,16261041,14,,,,,
13.6955,cubic,open,79,58,79,94.609,40.113,11.607,9.565,16266833,14,,,,,
13.7006,cubic,open,79,58,79,94.697,40.113,11.597,9.564,16274073,14,,,,,
13.7057,cubic,open,79,58,79,94.796,40.113,11.584,9.44,16279865,14,,,,,
13.7107,cubic,open,79,58,79,94.994,40.113,11.56,9.564,16285657,14,,,,,
13.7158,cubic,open,79,58,79,95.156,40.113,11.541,9.564,16291449,14,,,,,
13.7209,cubic,open,79,58,79,95.279,40.113,11.526,9.564,16297241,14,,,,,
13.7259,cubic,open,79,58,79,95.529,40.113,11.496,9.564,16304481,14,,,,,
13.7310,cubic,open,79,58,79,95.565,40.113,11.491,9.564,16310273,14,,,,,
13.7361,cubic,open,79,58,79,95.592,40.113,11.488,9.565,16316065,14,,,,,
13.7411,cubic,open,79,58,79,95.613,40.113,11.485,9.564,16321857,14,,,,,
13.7462,cubic,open,80,58,80,95.904,40.113,11.596,9.564,16329097,14,,,,,
13.7513,cubic,open,80,58,80,95.852,40.113,11.602,9.564,16333441,14,,,,,
13.7563,cubic,open,80,58,80,95.813,40.113,11.607,9.564,16339233,14,,,,,
13.7614,cubic,open,80,58,80,95.782,40.113,11.61,9.564,16345025,14,,,,,
13.7665,cubic,open,80,58,80,95.865,40.113,11.6,9.564,16352265,14,,,,,
13.7716,cubic,open,80,58,80,95.939,40.113,11.591,9.564,16359505,14,,,,,
13.7767,cubic,open,80,58,80,96.035,40.113,11.58,9.563,16365297,14,,,,,
13.7818,cubic,open,80,58,80,95.955,40.113,11.589,9.562,16369641,14,,,,,
13.7869,cubic,open,80,58,80,95.892,40.113,11.597,9.564,16375433,14,,,,,
13.7920,cubic,open,80,58,80,95.824,40.113,11.605,9.563,16384121,14,,,,,
13.7971,cubic,open,80,58,80,95.943,40.113,11.591,9.564,16389913,14,,,,,
13.8021,cubic,open,80,58,80,95.882,40.113,11.598,9.564,16394257,14,,,,,
13.8072,cubic,open,80,58,80,96.086,40.113,11.574,9.443,16401497,14,,,,,
13.8123,cubic,open,80,58,80,95.992,40.113,11.585,9.563,16405841,14,,,,,
13.8174,cubic,open,80,58,80,95.898,40.113,11.596,9.563,16414529,14,,,,,
13.8225,cubic,open,80,58,80,95.982,40.113,11.586,9.564,16418873,14,,,,,
13.8276,cubic,open,80,58,80,95.914,40.113,11.594,9.564,16424665,14,,,,,
13.8327,cubic,open,80,58,80,95.861,40.113,11.601,9.564,16430457,14,,,,,
13.8378,cubic,open,80,58,80,95.82,40.113,11.606,9.564,16436249,14,,,,,
13.8429,cubic,open,80,58,80,95.909,40.113,11.595,9.564,16443489,14,,,,,
13.8480,cubic,open,80,58,80,96.22,40.113,11.557,9.522,16449281,14,,,,,
13.8530,cubic,open,80,58,80,96.379,40.113,11.538,9.564,16455073,14,,,,,
13.8581,cubic,open,80,58,80,96.5,40.113,11.524,9.564,16460865,14,,,,,
13.8632,cubic,open,80,58,80,96.764,40.113,11.493,9.564,16468105,14,,,,,
13.8683,cubic,open,80,58,80,96.794,40.113,11.489,9.564,16473897,14,,,,,
13.8734,cubic,open,80,58,80,96.936,40.113,11.472,9.565,16481137,14,,,,,
13.8785,cubic,open,80,58,80,97.056,40.113,11.458,9.565,16485481,14,,,,,
13.8835,cubic,open,80,58,80,97.018,40.113,11.462,9.564,16491273,14,,,,,
13.8886,cubic,open,80,58,80,96.989,40.113,11.466,9.564,16497065,14,,,,,
13.8937,cubic,open,80,58,80,96.959,40.113,11.469,9.564,16505753,14,,,,,
13.8988,cubic,open,80,58,80,97.077,40.113,11.455,9.564,16510097,14,,,,,
13.9039,cubic,open,80,58,80,97.149,40.113,11.447,9.564,16517337,14,,,,,
13.9090,cubic,open,80,58,80,97.222,40.113,11.438,9.564,16521681,14,,,,,
13.9141,cubic,open,81,58,81,97.139,40.113,11.591,9.569,16527473,14,,,,,
13.9192,cubic,open,81,58,81,97.212,40.113,11.582,9.562,16536161,14,,,,,
13.9242,cubic,open,81,58,81,97.14,40.113,11.591,9.564,16540505,14,,,,,
13.9294,cubic,open,81,58,81,97.083,40.113,11.598,9.564,16546297,14,,,,,
13.9346,cubic,open,81,58,81,97.046,40.113,11.602,9.564,16552089,14,,,,,
13.9397,cubic,open,81,58,81,97.148,40.113,11.59,9.519,16560777,14,,,,,
13.9448,cubic,open,81,58,81,97.035,40.113,11.604,9.522,16565121,14,,,,,
13.9498,cubic,open,81,58,81,97.003,40.113,11.608,9.563,16570913,14,,,,,
13.9549,cubic,open,81,58,81,96.978,40.113,11.61,9.564,16576705,14,,,,,
13.9600,cubic,open,81,58,81,96.959,40.113,11.613,9.564,16582497,14,,,,,
13.9651,cubic,open,81,58,81,97.054,40.113,11.601,9.564,16589737,14,,,,,
13.9702,cubic,open,81,58,81,97.161,40.113,11.589,9.543,16596977,14,,,,,
13.9753,cubic,open,81,58,81,97.251,40.113,11.578,9.444,16602769,14,,,,,
13.9803,cubic,open,81,58,81,97.168,40.113,11.588,9.563,16607113,14,,,,,
13.9854,cubic,open,81,58,81,97.109,40.113,11.595,9.562,16612905,14,,,,,
13.9905,cubic,open,81,58,81,97.043,40.113,11.603,9.563,16621593,14,,,,,
13.9956,cubic,open,81,58,81,97.16,40.113,11.589,9.444,16627385,14,,,,,
14.0007,cubic,open,81,58,81,97.097,40.113,11.596,9.564,16631729,14,,,,,
14.0057,cubic,open,81,58,81,97.297,40.113,11.572,9.445,16638969,14,,,,,
14.0108,cubic,open,81,58,81,97.205,40.113,11.583,9.562,16643313,14,,,,,
14.0159,cubic,open,81,58,81,97.52,40.113,11.546,9.566,16650553,14,,,,,
14.0210,cubic,open,81,58,81,97.842,40.113,11.508,9.564,16657793,14,,,,,
14.0260,cubic,open,81,58,81,97.903,40.113,11.501,9.564,16663585,14,,,,,
14.0311,cubic,open,81,58,81,97.941,40.113,11.496,9.564,16669377,14,,,,,
14.0362,cubic,open,81,58,81,97.978,40.113,11.492,9.564,16675169,14,,,,,
14.0413,cubic,open,81,58,81,98.158,40.113,11.471,9.565,16680961,14,,,,,
14.0463,cubic,open,81,58,81,98.138,40.113,11.473,9.565,16688201,14,,,,,
14.0514,cubic,open,81,58,81,98.129,40.113,11.474,9.564,16693993,14,,,,,
14.0565,cubic,open,81,58,81,98.124,40.113,11.475,9.564,16699785,14,,,,,
14.0616,cubic,open,81,58,81,98.271,40.113,11.458,9.564,16705577,14,,,,,
14.0667,cubic,open,81,58,81,98.231,40.113,11.462,9.564,16709921,14,,,,,
14.0718,cubic,open,81,58,81,98.299,40.113,11.454,9.564,16717161,14,,,,,
14.0769,cubic,open,81,58,81,98.366,40.113,11.447,9.565,16724401,14,,,,,
14.0820,cubic,open,81,58,81,98.301,40.113,11.454,9.566,16730193,14,,,,,
14.0871,cubic,open,81,58,81,98.25,40.113,11.46,9.566,16735985,14,,,,,
14.0922,cubic,open,81,58,81,98.222,40.113,11.463,9.564,16741777,14,,,,,
14.0972,cubic,open,81,58,81,98.316,40.113,11.452,9.564,16749017,14,,,,,
14.1023,cubic,open,81,58,81,98.419,40.113,11.441,9.564,16754809,14,,,,,
14.1074,cubic,open,81,58,81,98.445,40.113,11.437,9.566,16760601,14,,,,,
14.1124,cubic,open,82,58,82,98.517,40.113,11.57,9.448,16766393,14,,,,,
14.1175,cubic,open,82,58,82,98.421,40.113,11.582,9.564,16770737,14,,,,,
14.1226,cubic,open,82,58,82,98.449,40.113,11.578,9.564,16777977,14,,,,,
14.1277,cubic,open,82,58,82,98.37,40.113,11.587,9.563,16783769,14,,,,,
14.1328,cubic,open,82,58,82,98.309,40.113,11.595,9.564,16789561,14,,,,,
14.1379,cubic,open,82,58,82,98.262,40.113,11.6,9.563,16795353,14,,,,,
14.1431,cubic,open,82,58,82,98.349,40.113,11.59,9.563,16802593,14,,,,,
14.1483,cubic,open,82,58,82,98.296,40.113,11.596,9.562,16808385,14,,,,,
14.1535,cubic,open,82,58,82,98.253,40.113,11.601,9.563,16814177,14,,,,,
14.1587,cubic,open,82,58,82,98.22,40.113,11.605,9.564,16819969,14,,,,,
14.1638,cubic,open,82,58,82,98.316,40.113,11.594,9.564,16827209,14,,,,,
14.1689,cubic,open,82,58,82,98.269,40.113,11.599,9.564,16833001,14,,,,,
14.1740,cubic,open,82,58,82,98.334,40.113,11.592,9.562,16840241,14,,,,,
14.1791,cubic,open,82,58,82,98.416,40.113,11.582,9.563,16844585,14,,,,,
14.1842,cubic,open,82,58,82,98.347,40.113,11.59,9.563,16850377,14,,,,,
14.1893,cubic,open,82,58,82,98.285,40.113,11.597,9.562,16859065,14,,,,,
14.1944,cubic,open,82,58,82,98.246,40.113,11.602,9.562,16864857,14,,,,,
14.1995,cubic,open,82,58,82,98.348,40.113,11.59,9.563,16869201,14,,,,,
14.2047,cubic,open,82,58,82,98.404,40.113,11.583,9.563,16876441,14,,,,,
14.2099,cubic,open,82,58,82,98.604,40.113,11.56,9.563,16883681,14,,,,,
14.2151,cubic,open,82,58,82,98.936,40.113,11.521,9.562,16889473,14,,,,,
14.2202,cubic,open,82,58,82,99.027,40.113,11.511,9.563,16895265,14,,,,,
14.2254,cubic,open,82,58,82,99.23,40.113,11.487,9.563,16899609,14,,,,,
14.2305,cubic,open,82,58,82,99.261,40.113,11.483,9.563,16908297,14,,,,,
14.2356,cubic,open,82,58,82,99.274,40.113,11.482,9.564,16914089,14,,,,,
14.2408,cubic,open,82,58,82,99.281,40.113,11.481,9.565,16919881,14,,,,,
14.2459,cubic,open,82,58,82,99.421,40.113,11.465,9.564,16924225,14,,,,,
14.2510,cubic,open,82,58,82,99.384,40.113,11.469,9.564,16932913,14,,,,,
14.2561,cubic,open,82,58,82,99.371,40.113,11.471,9.562,16938705,14,,,,,
14.2612,cubic,open,82,58,82,99.36,40.113,11.472,9.563,16944497,14,,,,,
14.2663,cubic,open,82,58,82,99.482,40.113,11.458,9.565,16948841,14,,,,,
14.2715,cubic,open,82,58,82,99.445,40.113,11.462,9.563,16954633,14,,,,,
14.2767,cubic,open,82,58,82,99.537,40.113,11.452,9.558,16961873,14,,,,,
14.2819,cubic,open,82,58,82,99.598,40.113,11.445,9.558,16969113,14,,,,,
14.2870,cubic,open,82,58,82,99.524,40.113,11.453,9.558,16974905,14,,,,,
14.2921,cubic,open,82,58,82,99.488,40.113,11.457,9.558,16980697,14,,,,,
14.2973,cubic,open,82,58,82,99.464,40.113,11.46,9.557,16986489,14,,,,,
14.3024,cubic,open,82,58,82,99.553,40.113,11.45,9.559,16993729,14,,,,,
14.3075,cubic,open,82,58,82,99.645,40.113,11.439,9.559,16998073,14,,,,,
14.3126,cubic,open,82,58,82,99.519,40.113,11.454,9.558,17005313,14,,,,,
14.3177,cubic,open,82,58,82,99.483,40.113,11.458,9.558,17011105,14,,,,,
14.3228,cubic,open,82,58,82,99.457,40.113,11.461,9.559,17016897,14,,,,,
14.3279,cubic,open,82,58,82,99.544,40.113,11.451,9.559,17024137,14,,,,,
14.3330,cubic,open,82,58,82,99.502,40.113,11.456,9.559,17029929,14,,,,,
14.3382,cubic,open,82,58,82,99.472,40.113,11.459,9.559,17035721,14,,,,,
14.3433,cubic,open,82,58,82,99.448,40.113,11.462,9.559,17041513,14,,,,,
14.3483,cubic,open,82,58,82,99.539,40.113,11.451,9.559,17048753,14,,,,,
14.3535,cubic,open,82,58,82,99.498,40.113,11.456,9.56,17054545,14,,,,,
14.3586,cubic,open,82,58,82,99.465,40.113,11.46,9.559,17060337,14,,,,,
14.3637,cubic,open,82,58,82,99.445,40.113,11.462,9.557,17066129,14,,,,,
14.3688,cubic,open,82,58,82,99.535,40.113,11.452,9.558,17073369,14,,,,,
14.3739,cubic,open,83,58,83,99.634,40.113,11.58,9.442,17079161,14,,,,,
14.3790,cubic,open,83,58,83,99.556,40.113,11.589,9.565,17083505,14,,,,,
14.3841,cubic,open,83,58,83,99.589,40.113,11.585,9.566,17090745,14,,,,,
14.3892,cubic,open,83,58,83,99.522,40.113,11.593,9.559,17096537,14,,,,,
14.3943,cubic,open,83,58,83,99.472,40.113,11.599,9.558,17102329,14,,,,,
14.3994,cubic,open,83,58,83,99.427,40.113,11.604,9.567,17108121,14,,,,,
14.4045,cubic,open,83,58,83,99.499,40.113,11.596,9.567,17115361,14,,,,,
14.4095,cubic,open,83,58,83,99.587,40.113,11.585,9.565,17119705,14,,,,,
14.4146,cubic,open,83,58,83,99.61,40.113,11.583,9.561,17126945,14,,,,,
14.4197,cubic,open,83,58,83,99.537,40.113,11.591,9.557,17132737,14,,,,,
14.4248,cubic,open,83,58,83,99.484,40.113,11.597,9.564,17138529,14,,,,,
14.4299,cubic,open,83,58,83,99.541,40.113,11.591,9.559,17145769,14,,,,,
14.4350,cubic,open,83,58,83,99.485,40.113,11.597,9.559,17151561,14,,,,,
14.4400,cubic,open,83,58,83,99.442,40.113,11.602,9.558,17157353,14,,,,,
14.4451,cubic,open,83,58,83,99.408,40.113,11.606,9.566,17163145,14,,,,,
14.4502,cubic,open,83,58,83,99.491,40.113,11.597,9.559,17170385,14,,,,,
14.4553,cubic,open,83,58,83,99.449,40.113,11.601,9.56,17176177,14,,,,,
14.4604,cubic,open,83,58,83,99.414,40.113,11.606,9.559,17181969,14,,,,,
14.4655,cubic,open,83,58,83,99.386,40.113,11.609,9.565,17187761,14,,,,,
14.4706,cubic,open,83,58,83,99.473,40.113,11.599,9.564,17195001,14,,,,,
14.4757,cubic,open,83,58,83,99.611,40.113,11.583,9.564,17200793,14,,,,,
14.4808,cubic,open,83,58,83,99.823,40.113,11.558,9.565,17206585,14,,,,,
14.4859,cubic,open,83,58,83,100.17,40.113,11.518,9.565,17213825,14,,,,,
14.4911,cubic,open,83,58,83,100.256,40.113,11.508,9.562,17219617,14,,,,,
14.4962,cubic,open,83,58,83,100.318,40.113,11.501,9.564,17225409,14,,,,,
14.5012,cubic,open,83,58,83,100.365,40.113,11.496,9.565,17231201,14,,,,,
14.5063,cubic,open,83,58,83,100.536,40.113,11.476,9.564,17235545,14,,,,,
14.5114,cubic,open,83,58,83,100.664,40.113,11.462,9.564,17242785,14,,,,,
14.5165,cubic,open,83,58,83,100.735,40.113,11.453,9.563,17250025,14,,,,,
14.5216,cubic,open,83,58,83,100.687,40.113,11.459,9.563,17255817,14,,,,,
14.5267,cubic,open,83,58,83,100.65,40.113,11.463,9.564,17261609,14,,,,,
14.5318,cubic,open,83,58,83,100.754,40.113,11.451,9.564,17265953,14,,,,,
14.5369,cubic,open,83,58,83,100.68,40.113,11.46,9.564,17274641,14,,,,,
14.5419,cubic,open,83,58,83,100.645,40.113,11.464,9.564,17280433,14,,,,,
14.5470,cubic,open,83,58,83,100.617,40.113,11.467,9.564,17286225,14,,,,,
14.5521,cubic,open,83,58,83,100.73,40.113,11.454,9.564,17290569,14,,,,,
14.5572,cubic,open,83,58,83,100.681,40.113,11.46,9.565,17296361,14,,,,,
14.5623,cubic,open,83,58,83,100.632,40.113,11.465,9.564,17305049,14,,,,,
14.5674,cubic,open,83,58,83,100.607,40.113,11.468,9.564,17310841,14,,,,,
14.5725,cubic,open,83,58,83,100.722,40.113,11.455,9.563,17315185,14,,,,,
14.5776,cubic,open,83,58,83,100.677,40.113,11.46,9.563,17320977,14,,,,,
14.5828,cubic,open,83,58,83,100.644,40.113,11.464,9.563,17326769,14,,,,,
14.5880,cubic,open,83,58,83,100.741,40.113,11.453,9.564,17334009,14,,,,,
14.5932,cubic,open,83,58,83,100.691,40.113,11.458,9.562,17339801,14,,,,,
14.5983,cubic,open,83,58,83,100.655,40.113,11.462,9.564,17345593,14,,,,,
14.6034,cubic,open,83,58,83,100.615,40.113,11.467,9.563,17354281,14,,,,,
14.6085,cubic,open,83,58,83,100.728,40.113,11.454,9.564,17358625,14,,,,,
14.6137,cubic,open,83,58,83,100.8,40.113,11.446,9.562,17365865,14,,,,,
14.6188,cubic,open,83,58,83,100.872,40.113,11.438,9.563,17370209,14,,,,,
14.6240,cubic,open,83,58,83,100.762,40.113,11.45,9.564,17378897,14,,,,,
14.6291,cubic,open,83,58,83,100.709,40.113,11.456,9.562,17384689,14,,,,,
14.6343,cubic,open,83,58,83,100.804,40.113,11.446,9.563,17389033,14,,,,,
14.6394,cubic,open,83,58,83,100.74,40.113,11.453,9.564,17394825,14,,,,,
14.6445,cubic,open,83,58,83,100.698,40.113,11.458,9.561,17400617,14,,,,,
14.6497,cubic,open,83,58,83,100.644,40.113,11.464,9.563,17409305,14,,,,,
14.6549,cubic,open,83,58,83,100.759,40.113,11.451,9.561,17413649,14,,,,,
14.6600,cubic,open,83,58,83,100.709,40.113,11.456,9.563,17419441,14,,,,,
14.6652,cubic,open,83,58,83,100.653,40.113,11.463,9.562,17428129,14,,,,,
14.6703,cubic,open,83,58,83,100.629,40.113,11.465,9.562,17433921,14,,,,,
14.6755,cubic,open,83,58,83,100.74,40.113,11.453,9.563,17438265,14,,,,,
14.6807,cubic,open,83,58,83,100.693,40.113,11.458,9.562,17444057,14,,,,,
14.6858,cubic,open,83,58,83,100.637,40.113,11.465,9.565,17452745,14,,,,,
14.6909,cubic,open,83,58,83,100.745,40.113,11.452,9.562,17457089,14,,,,,
14.6960,cubic,open,83,58,83,100.693,40.113,11.458,9.561,17462881,14,,,,,
14.7012,cubic,open,83,58,83,100.658,40.113,11.462,9.563,17468673,14,,,,,
14.7064,cubic,open,83,58,83,100.623,40.113,11.465,9.562,17477361,14,,,,,
14.7115,cubic,open,83,58,83,100.737,40.113,11.453,9.562,17481705,14,,,,,
14.7167,cubic,open,83,58,83,100.797,40.113,11.446,9.565,17488945,14,,,,,
14.7218,cubic,open,83,58,83,100.863,40.113,11.439,9.562,17493289,14,,,,,
14.7269,cubic,open,83,58,83,100.782,40.113,11.448,9.564,17499081,14,,,,,
14.7321,cubic,open,83,58,83,100.696,40.113,11.458,9.565,17507769,14,,,,,
14.7372,cubic,open,84,58,84,100.788,40.113,11.585,9.563,17512113,14,,,,,
14.7424,cubic,open,84,58,84,100.727,40.113,11.592,9.561,17517905,14,,,,,
14.7475,cubic,open,84,58,84,100.677,40.113,11.598,9.563,17523697,14,,,,,
14.7526,cubic,open,84,58,84,100.623,40.113,11.604,9.568,17532385,14,,,,,
14.7578,cubic,open,84,58,84,100.727,40.113,11.592,9.561,17536729,14,,,,,
14.7629,cubic,open,84,58,84,100.68,40.113,11.598,9.563,17542521,14,,,,,
14.7680,cubic,open,84,58,84,100.642,40.113,11.602,9.562,17548313,14,,,,,
14.7732,cubic,open,84,58,84,100.6,40.113,11.607,9.564,17557001,14,,,,,
14.7784,cubic,open,84,58,84,100.714,40.113,11.594,9.563,17561345,14,,,,,
14.7835,cubic,open,84,58,84,100.668,40.113,11.599,9.563,17567137,14,,,,,
14.7887,cubic,open,84,58,84,100.636,40.113,11.603,9.563,17572929,14,,,,,
14.7939,cubic,open,84,58,84,100.73,40.113,11.592,9.563,17580169,14,,,,,
14.7990,cubic,open,84,58,84,100.681,40.113,11.598,9.562,17585961,14,,,,,
14.8042,cubic,open,84,58,84,100.644,40.113,11.602,9.562,17591753,14,,,,,
14.8093,cubic,open,84,58,84,100.601,40.113,11.607,9.565,17600441,14,,,,,
14.8145,cubic,open,84,58,84,100.714,40.113,11.594,9.564,17604785,14,,,,,
14.8197,cubic,open,84,58,84,100.784,40.113,11.586,9.564,17612025,14,,,,,
14.8248,cubic,open,84,58,84,100.857,40.113,11.577,9.564,17616369,14,,,,,
14.8299,cubic,open,84,58,84,100.746,40.113,11.59,9.565,17625057,14,,,,,
14.8350,cubic,open,84,58,84,100.695,40.113,11.596,9.564,17630849,14,,,,,
14.8401,cubic,recovery,83,58,83,100.428,40.113,11.904,9.563,17630849,15,,,,,
14.8452,cubic,recovery,82,58,82,100.646,40.113,12.154,9.469,17630849,15,,,,,
14.8504,cubic,recovery,80,58,80,100.713,40.113,12.698,9.449,17630849,15,,,,,
14.8556,cubic,recovery,79,58,79,100.782,40.113,12.965,9.469,17630849,15,,,,,
14.8608,cubic,recovery,78,58,78,100.959,40.113,13.356,9.47,17630849,15,,,,,
14.8660,cubic,recovery,76,58,76,100.877,40.113,13.918,9.45,17630849,15,,,,,
14.8713,cubic,recovery,75,58,75,100.875,40.113,14.194,9.45,17630849,15,,,,,
14.8765,cubic,recovery,74,58,74,100.858,40.113,14.609,9.471,17630849,15,,,,,
14.8816,cubic,recovery,73,58,73,100.991,40.113,15.003,9.472,17630849,15,,,,,
14.8868,cubic,recovery,71,58,71,100.891,40.113,15.431,9.448,17630849,15,,,,,
14.8921,cubic,recovery,70,58,70,100.88,40.113,15.846,9.469,17630849,15,,,,,
14.8973,cubic,recovery,69,58,69,101.01,40.113,16.239,9.471,17630849,15,,,,,
14.9025,cubic,recovery,67,58,67,100.898,40.113,16.67,9.449,17630849,15,,,,,
14.9077,cubic,recovery,66,58,66,100.888,40.113,17.085,9.449,17630849,15,,,,,
14.9128,cubic,recovery,65,58,65,100.881,40.113,17.5,9.47,17630849,15,,,,,
14.9179,cubic,recovery,63,58,63,101.006,40.113,17.891,9.473,17630849,15,,,,,
14.9230,cubic,recovery,62,58,62,101.031,40.113,18.299,9.471,17630849,15,,,,,
14.9281,cubic,recovery,61,58,61,100.966,40.113,18.724,9.451,17630849,15,,,,,
14.9332,cubic,recovery,59,58,59,100.929,40.113,19.144,9.448,17630849,15,,,,,
14.9383,cubic,recovery,58,58,58,100.905,40.113,19.424,9.469,17630849,15,,,,,
14.9434,cubic,open,58,58,58,100.845,40.113,7.995,9.472,17758273,15,,,,,
14.9486,cubic,open,58,58,58,99.969,40.113,8.065,9.238,17766961,15,,,,,
14.9537,cubic,open,58,58,58,99.012,40.113,8.143,8.9,17772753,15,,,,,
14.9588,cubic,open,58,58,58,97.843,40.113,8.24,8.671,17778545,15,,,,,
14.9639,cubic,open,58,58,58,96.383,40.113,8.365,8.661,17784337,15,,,,,
14.9690,cubic,open,58,58,58,94.697,40.113,8.514,8.332,17790129,15,,,,,
14.9741,cubic,open,59,58,58,92.838,40.113,8.834,8.102,17795921,15,,,,,
14.9792,cubic,open,59,58,59,90.999,40.113,9.013,7.968,17801713,15,,,,,
14.9843,cubic,open,59,58,59,89.155,40.113,9.199,7.738,17807505,15,,,,,
14.9894,cubic,open,59,58,59,87.176,40.113,9.408,7.531,17813297,15,,,,,
14.9945,cubic,open,59,58,59,85.091,40.113,9.638,7.393,17819089,15,,,,,
14.9997,cubic,open,59,58,57,81.978,40.113,10.004,6.96,17827777,15,,,,,
15.0048,cubic,open,59,58,57,79.977,40.113,10.255,6.698,17833569,15,,,,,
15.0099,cubic,open,60,58,57,77.743,40.113,10.728,6.677,17839361,15,,,,,
15.0150,cubic,open,60,58,59,75.986,40.113,10.976,6.835,17845153,15,,,,,
15.0201,cubic,open,60,58,59,74.566,40.113,11.185,6.968,17850945,15,,,,,
15.0252,cubic,open,60,58,60,73.267,40.113,11.384,7.081,17856737,15,,,,,
15.0303,cubic,open,60,58,60,72.075,40.113,11.572,7.202,17862529,15,,,,,
15.0354,cubic,open,60,58,60,70.982,40.113,11.75,7.236,17868321,15,,,,,
15.0405,cubic,open,60,58,60,69.982,40.113,11.918,7.375,17874113,15,,,,,
15.0456,cubic,open,60,58,60,68.666,40.113,12.146,7.504,17882801,15,,,,,
15.0507,cubic,open,60,58,60,67.948,40.113,12.275,7.722,17887145,15,,,,,
15.0558,cubic,open,60,58,60,67.369,40.113,12.38,7.915,17892937,15,,,,,
15.0610,cubic,open,60,58,60,66.841,40.113,12.478,8.012,17898729,15,,,,,
15.0661,cubic,open,60,58,60,66.25,40.113,12.589,8.364,17907417,15,,,,,
15.0713,cubic,open,60,58,60,65.991,40.113,12.639,8.635,17913209,15,,,,,
15.0763,cubic,open,60,58,60,65.844,40.113,12.667,9.078,17919001,15,,,,,
15.0815,cubic,open,61,58,61,65.811,40.113,12.885,9.014,17924793,15,,,,,
15.0866,cubic,open,61,58,61,65.907,40.113,12.866,9.067,17930585,15,,,,,
15.0918,cubic,open,61,58,61,66.127,40.113,12.823,9.212,17936377,15,,,,,
15.0969,cubic,open,61,58,60,66.615,40.113,12.729,9.441,17943617,15,,,,,
15.1021,cubic,open,61,58,60,67.053,40.113,12.646,9.562,17949409,15,,,,,
15.1072,cubic,open,61,58,60,67.587,40.113,12.546,9.563,17955201,15,,,,,
15.1123,cubic,open,61,58,60,68.205,40.113,12.432,9.564,17960993,15,,,,,
15.1174,cubic,open,61,58,60,68.901,40.113,12.307,9.564,17966785,15,,,,,
15.1225,cubic,open,61,58,61,70.046,40.113,12.106,9.564,17974025,15,,,,,
15.1276,cubic,open,61,58,61,70.625,40.113,12.006,9.604,17979817,15,,,,,
15.1328,cubic,open,61,58,61,71.105,40.113,11.925,9.564,17985609,15,,,,,
15.1380,cubic,open,61,58,61,71.471,40.113,11.864,9.565,17991401,15,,,,,
15.1431,cubic,open,61,58,61,71.753,40.113,11.818,9.564,17997193,15,,,,,
15.1482,cubic,open,62,58,62,71.969,40.113,11.975,9.564,18002985,15,,,,,
15.1533,cubic,open,62,58,62,72.389,40.113,11.906,9.567,18011673,15,,,,,
15.1584,cubic,open,62,58,62,72.734,40.113,11.849,9.566,18016017,15,,,,,
15.1635,cubic,open,62,58,62,73.0,40.113,11.806,9.564,18021809,15,,,,,
15.1686,cubic,open,62,58,62,73.204,40.113,11.773,9.563,18027601,15,,,,,
15.1737,cubic,open,62,58,62,73.078,40.113,11.794,9.565,18033393,15,,,,,
15.1788,cubic,open,62,58,62,72.94,40.113,11.816,9.566,18042081,15,,,,,
15.1839,cubic,open,63,58,63,72.877,40.113,12.017,9.563,18047873,15,,,,,
15.1890,cubic,open,63,58,63,72.829,40.113,12.025,9.563,18053665,15,,,,,
15.1941,cubic,open,63,58,63,72.792,40.113,12.031,9.565,18059457,15,,,,,
15.1993,cubic,open,63,58,63,73.044,40.113,11.989,9.568,18065249,15,,,,,
15.2044,cubic,open,63,58,63,73.239,40.113,11.957,9.564,18071041,15,,,,,
15.2095,cubic,open,63,58,63,73.39,40.113,11.933,9.565,18076833,15,,,,,
15.2146,cubic,open,63,58,63,73.504,40.113,11.914,9.565,18082625,15,,,,,
15.2197,cubic,open,63,58,63,73.592,40.113,11.9,9.565,18088417,15,,,,,
15.2248,cubic,open,63,58,63,73.866,40.113,11.856,9.564,18095657,15,,,,,
15.2298,cubic,open,63,58,63,74.153,40.113,11.81,9.564,18101449,15,,,,,
15.2349,cubic,open,63,58,63,74.579,40.113,11.742,9.563,18108689,15,,,,,
15.2400,cubic,open,63,58,63,74.697,40.113,11.724,9.565,18114481,15,,,,,
15.2451,cubic,open,63,58,63,74.787,40.113,11.71,9.566,18120273,15,,,,,
15.2501,cubic,open,63,58,63,74.857,40.113,11.699,9.565,18126065,15,,,,,
15.2552,cubic,open,64,58,64,74.912,40.113,11.876,9.564,18131857,15,,,,,
15.2603,cubic,open,64,58,64,75.281,40.113,11.818,9.565,18139097,15,,,,,
15.2654,cubic,open,64,58,64,75.52,40.113,11.78,9.565,18144889,15,,,,,
15.2705,cubic,open,64,58,64,75.703,40.113,11.752,9.564,18150681,15,,,,,
15.2755,cubic,open,64,58,64,75.844,40.113,11.73,9.564,18156473,15,,,,,
15.2806,cubic,open,64,58,64,75.951,40.113,11.713,9.565,18162265,15,,,,,
15.2857,cubic,open,64,58,64,76.031,40.113,11.701,9.564,18168057,15,,,,,
15.2908,cubic,open,64,58,64,76.094,40.113,11.691,9.564,18173849,15,,,,,
15.2958,cubic,open,64,58,64,76.144,40.113,11.684,9.564,18179641,15,,,,,
15.3009,cubic,open,64,58,64,76.329,40.113,11.655,9.564,18186881,15,,,,,
15.3060,cubic,open,64,58,64,76.323,40.113,11.656,9.564,18192673,15,,,,,
15.3111,cubic,open,64,58,64,76.447,40.113,11.637,9.566,18199913,15,,,,,
15.3161,cubic,open,64,58,64,76.414,40.113,11.642,9.564,18205705,15,,,,,
15.3212,cubic,open,65,58,65,76.389,40.113,11.828,9.564,18211497,15,,,,,
15.3263,cubic,open,65,58,65,76.369,40.113,11.831,9.564,18217289,15,,,,,
15.3314,cubic,open,65,58,65,76.655,40.113,11.787,9.564,18224529,15,,,,,
15.3364,cubic,open,65,58,65,76.856,40.113,11.756,9.564,18230321,15,,,,,
15.3415,cubic,open,65,58,65,77.142,40.113,11.713,9.565,18234665,15,,,,,
15.3466,cubic,open,65,58,65,77.231,40.113,11.699,9.564,18240457,15,,,,,
15.3517,cubic,open,65,58,65,77.297,40.113,11.689,9.564,18246249,15,,,,,
15.3567,cubic,open,65,58,65,77.368,40.113,11.679,9.565,18254937,15,,,,,
15.3618,cubic,open,65,58,65,77.402,40.113,11.673,9.565,18260729,15,,,,,
15.3669,cubic,open,65,58,65,77.428,40.113,11.669,9.564,18266521,15,,,,,
15.3720,cubic,open,65,58,65,77.448,40.113,11.667,9.564,18272313,15,,,,,
15.3771,cubic,open,65,58,65,77.462,40.113,11.664,9.565,18278105,15,,,,,
15.3822,cubic,open,65,58,65,77.595,40.113,11.644,9.564,18285345,15,,,,,
15.3873,cubic,open,65,58,65,77.576,40.113,11.647,9.564,18291137,15,,,,,
15.3923,cubic,open,66,58,66,77.693,40.113,11.809,9.565,18295481,15,,,,,
15.3974,cubic,open,66,58,66,77.651,40.113,11.815,9.565,18301273,15,,,,,
15.4025,cubic,open,66,58,66,77.915,40.113,11.775,9.564,18308513,15,,,,,
15.4076,cubic,open,66,58,66,78.105,40.113,11.746,9.564,18314305,15,,,,,
15.4127,cubic,open,66,58,66,78.443,40.113,11.696,9.564,18321545,15,,,,,
15.4178,cubic,open,66,58,66,78.51,40.113,11.686,9.564,18327337,15,,,,,
15.4228,cubic,open,66,58,66,78.693,40.113,11.659,9.564,18331681,15,,,,,
15.4279,cubic,open,66,58,66,78.701,40.113,11.657,9.564,18337473,15,,,,,
15.4330,cubic,open,66,58,66,78.709,40.113,11.656,9.565,18346161,15,,,,,
15.4381,cubic,open,66,58,66,78.714,40.113,11.656,9.564,18351953,15,,,,,
15.4432,cubic,open,66,58,66,78.717,40.113,11.655,9.564,18357745,15,,,,,
15.4483,cubic,open,66,58,66,78.722,40.113,11.654,9.562,18363537,15,,,,,
15.4534,cubic,open,66,58,66,78.723,40.113,11.654,9.563,18369329,15,,,,,
15.4584,cubic,open,67,58,67,78.724,40.113,11.831,9.564,18375121,15,,,,,
15.4635,cubic,open,67,58,67,78.84,40.113,11.813,9.564,18382361,15,,,,,
15.4686,cubic,open,67,58,67,78.814,40.113,11.817,9.564,18388153,15,,,,,
15.4737,cubic,open,67,58,67,79.106,40.113,11.773,9.564,18393945,15,,,,,
15.4787,cubic,open,67,58,67,79.3,40.113,11.745,9.564,18399737,15,,,,,
15.4838,cubic,open,67,58,67,79.6,40.113,11.7,9.564,18405529,15,,,,,
15.4889,cubic,open,67,58,67,79.712,40.113,11.684,9.565,18412769,15,,,,,
15.4940,cubic,open,67,58,67,79.916,40.113,11.654,9.563,18418561,15,,,,,
15.4990,cubic,open,67,58,67,79.921,40.113,11.653,9.564,18422905,15,,,,,
15.5041,cubic,open,67,58,67,80.06,40.113,11.633,9.564,18430145,15,,,,,
15.5092,cubic,open,67,58,67,80.031,40.113,11.637,9.564,18435937,15,,,,,
15.5144,cubic,open,67,58,67,80.01,40.113,11.64,9.564,18441729,15,,,,,
15.5196,cubic,open,67,58,67,79.994,40.113,11.643,9.563,18447521,15,,,,,
15.5247,cubic,open,67,58,67,79.982,40.113,11.644,9.563,18453313,15,,,,,
15.5299,cubic,open,68,58,68,79.967,40.113,11.821,9.567,18459105,15,,,,,
15.5349,cubic,open,68,58,68,79.967,40.113,11.821,9.561,18467793,15,,,,,
15.5400,cubic,open,68,58,68,80.146,40.113,11.794,9.561,18473585,15,,,,,
15.5451,cubic,open,68,58,68,80.586,40.113,11.73,9.561,18479377,15,,,,,
15.5502,cubic,open,68,58,68,80.723,40.113,11.71,9.561,18485169,15,,,,,
15.5552,cubic,open,68,58,68,80.828,40.113,11.695,9.561,18490961,15,,,,,
15.5603,cubic,open,68,58,68,80.904,40.113,11.684,9.564,18496753,15,,,,,
15.5654,cubic,open,68,58,68,80.964,40.113,11.675,9.563,18502545,15,,,,,
15.5705,cubic,open,68,58,68,81.14,40.113,11.65,9.564,18509785,15,,,,,
15.5755,cubic,open,68,58,68,81.143,40.113,11.649,9.565,18515577,15,,,,,
15.5806,cubic,open,68,58,68,81.276,40.113,11.63,9.564,18519921,15,,,,,
15.5857,cubic,open,68,58,68,81.384,40.113,11.615,9.563,18528609,15,,,,,
15.5908,cubic,open,68,58,68,81.329,40.113,11.622,9.563,18532953,15,,,,,
15.5959,cubic,open,69,58,69,81.286,40.113,11.8,9.565,18538745,15,,,,,
15.6010,cubic,open,69,58,69,81.252,40.113,11.805,9.565,18544537,15,,,,,
15.6060,cubic,open,69,58,69,81.226,40.113,11.808,9.565,18550329,15,,,,,
15.6111,cubic,open,69,58,69,81.382,40.113,11.786,9.565,18559017,15,,,,,
15.6162,cubic,open,69,58,69,81.603,40.113,11.754,9.571,18563361,15,,,,,
15.6213,cubic,open,69,58,69,81.775,40.113,11.729,9.567,18569153,15,,,,,
15.6263,cubic,open,69,58,69,81.755,40.113,11.732,9.567,18574945,15,,,,,
15.6314,cubic,open,69,58,69,81.893,40.113,11.712,9.567,18580737,15,,,,,
15.6365,cubic,open,69,58,69,81.994,40.113,11.698,9.569,18586529,15,,,,,
15.6415,cubic,open,69,58,69,82.111,40.113,11.681,9.565,18595217,15,,,,,
15.6466,cubic,open,69,58,69,82.167,40.113,11.673,9.566,18601009,15,,,,,
15.6517,cubic,open,69,58,69,82.363,40.113,11.645,9.564,18606801,15,,,,,
15.6568,cubic,open,69,58,69,82.361,40.113,11.646,9.566,18611145,15,,,,,
15.6618,cubic,open,69,58,69,82.361,40.113,11.646,9.564,18616937,15,,,,,
15.6669,cubic,open,70,58,70,82.476,40.113,11.798,9.564,18624177,15,,,,,
15.6720,cubic,open,70,58,70,82.568,40.113,11.785,9.565,18631417,15,,,,,
15.6771,cubic,open,70,58,70,82.519,40.113,11.792,9.564,18637209,15,,,,,
15.6821,cubic,open,70,58,70,82.791,40.113,11.753,9.564,18641553,15,,,,,
15.6872,cubic,open,70,58,70,82.973,40.113,11.727,9.564,18647345,15,,,,,
15.6923,cubic,open,70,58,70,83.17,40.113,11.7,9.565,18656033,15,,,,,
15.6974,cubic,open,70,58,70,83.415,40.113,11.665,9.564,18661825,15,,,,,
15.7024,cubic,open,70,58,70,83.45,40.113,11.66,9.565,18666169,15,,,,,
15.7075,cubic,open,70,58,70,83.479,40.113,11.656,9.564,18671961,15,,,,,
15.7126,cubic,open,70,58,70,83.499,40.113,11.653,9.565,18677753,15,,,,,
15.7176,cubic,open,70,58,70,83.523,40.113,11.65,9.564,18686441,15,,,,,
15.7227,cubic,open,70,58,70,83.533,40.113,11.649,9.565,18692233,15,,,,,
15.7278,cubic,open,71,58,71,83.542,40.113,11.814,9.564,18698025,15,,,,,
15.7329,cubic,open,71,58,71,83.549,40.113,11.813,9.564,18703817,15,,,,,
15.7379,cubic,open,71,58,71,83.706,40.113,11.791,9.564,18709609,15,,,,,
15.7430,cubic,open,71,58,71,83.674,40.113,11.795,9.564,18713953,15,,,,,
15.7481,cubic,open,71,58,71,83.82,40.113,11.775,9.564,18722641,15,,,,,
15.7531,cubic,open,71,58,71,84.046,40.113,11.743,9.564,18728433,15,,,,,
15.7582,cubic,open,71,58,71,84.37,40.113,11.698,9.564,18734225,15,,,,,
15.7633,cubic,open,71,58,71,84.468,40.113,11.684,9.563,18738569,15,,,,,
15.7684,cubic,open,71,58,71,84.706,40.113,11.651,9.563,18745809,15,,,,,
15.7735,cubic,open,71,58,71,84.725,40.113,11.649,9.564,18751601,15,,,,,
15.7785,cubic,open,71,58,71,84.738,40.113,11.647,9.564,18757393,15,,,,,
15.7837,cubic,open,71,58,71,84.749,40.113,11.646,9.564,18763185,15,,,,,
15.7888,cubic,open,71,58,71,84.877,40.113,11.628,9.564,18770425,15,,,,,
15.7939,cubic,open,71,58,71,84.855,40.113,11.631,9.564,18776217,15,,,,,
15.7990,cubic,open,71,58,71,84.837,40.113,11.633,9.564,18782009,15,,,,,
15.8041,cubic,open,71,58,71,84.825,40.113,11.635,9.564,18787801,15,,,,,
15.8092,cubic,open,71,58,71,84.816,40.113,11.636,9.564,18793593,15,,,,,
15.8143,cubic,open,72,58,72,84.809,40.113,11.801,9.563,18799385,15,,,,,
15.8193,cubic,open,72,58,72,85.222,40.113,11.744,9.564,18806625,15,,,,,
15.8244,cubic,open,72,58,72,85.404,40.113,11.719,9.564,18812417,15,,,,,
15.8295,cubic,open,72,58,72,85.715,40.113,11.676,9.564,18819657,15,,,,,
15.8346,cubic,open,72,58,72,85.792,40.113,11.666,9.563,18825449,15,,,,,
15.8397,cubic,open,72,58,72,85.843,40.113,11.659,9.563,18831241,15,,,,,
15.8448,cubic,open,72,58,72,85.879,40.113,11.654,9.564,18837033,15,,,,,
15.8499,cubic,open,72,58,72,86.033,40.113,11.633,9.565,18844273,15,,,,,
15.8550,cubic,open,72,58,72,86.175,40.113,11.614,9.564,18850065,15,,,,,
15.8601,cubic,open,72,58,72,86.132,40.113,11.62,9.564,18854409,15,,,,,
15.8651,cubic,open,72,58,72,86.1,40.113,11.624,9.564,18860201,15,,,,,
15.8702,cubic,open,72,58,72,86.078,40.113,11.627,9.564,18865993,15,,,,,
15.8753,cubic,open,72,58,72,86.223,40.113,11.608,9.564,18873233,15,,,,,
15.8804,cubic,open,72,58,72,86.171,40.113,11.615,9.563,18879025,15,,,,,
15.8855,cubic,open,72,58,72,86.129,40.113,11.62,9.564,18884817,15,,,,,
15.8906,cubic,open,72,58,72,86.097,40.113,11.625,9.564,18890609,15,,,,,
15.8957,cubic,open,72,58,72,86.073,40.113,11.628,9.564,18896401,15,,,,,
15.9008,cubic,open,73,58,73,86.227,40.113,11.768,9.563,18905089,15,,,,,
15.9059,cubic,open,73,58,73,86.651,40.113,11.711,9.564,18910881,15,,,,,
15.9110,cubic,open,73,58,73,86.781,40.113,11.693,9.563,18916673,15,,,,,
15.9161,cubic,open,73,58,73,87.032,40.113,11.66,9.564,18922465,15,,,,,
15.9214,cubic,open,73,58,73,87.084,40.113,11.653,9.559,18929705,15,,,,,
15.9265,cubic,open,73,58,73,87.11,40.113,11.649,9.565,18935497,15,,,,,
15.9316,cubic,open,73,58,73,87.134,40.113,11.646,9.563,18941289,15,,,,,
15.9367,cubic,open,73,58,73,87.301,40.113,11.624,9.563,18947081,15,,,,,
15.9418,cubic,open,73,58,73,87.271,40.113,11.628,9.563,18954321,15,,,,,
15.9469,cubic,open,73,58,73,87.39,40.113,11.612,9.564,18958665,15,,,,,
15.9520,cubic,open,73,58,73,87.348,40.113,11.617,9.563,18964457,15,,,,,
15.9571,cubic,open,73,58,73,87.313,40.113,11.622,9.563,18970249,15,,,,,
15.9621,cubic,open,73,58,73,87.243,40.113,11.631,9.603,18976041,15,,,,,
15.9672,cubic,open,73,58,73,87.331,40.113,11.62,9.565,18983281,15,,,,,
15.9723,cubic,open,73,58,73,87.303,40.113,11.623,9.563,18989073,15,,,,,
15.9774,cubic,open,73,58,73,87.28,40.113,11.626,9.564,18994865,15,,,,,
15.9826,cubic,open,73,58,73,87.302,40.113,11.624,9.53,19000657,15,,,,,
15.9877,cubic,open,73,58,73,87.278,40.113,11.627,9.564,19006449,15,,,,,
15.9928,cubic,open,74,58,74,87.522,40.113,11.753,9.564,19013689,15,,,,,
15.9979,cubic,open,74,58,74,87.73,40.113,11.725,9.564,19019481,15,,,,,
16.0030,cubic,open,74,58,74,87.89,40.113,11.704,9.564,19025273,15,,,,,
16.0081,cubic,open,74,58,74,88.195,40.113,11.663,9.565,19032513,15,,,,,
16.0132,cubic,open,74,58,74,88.238,40.113,11.658,9.565,19038305,15,,,,,
16.0182,cubic,open,74,58,74,88.279,40.113,11.652,9.564,19044097,15,,,,,
16.0233,cubic,open,74,58,74,88.31,40.113,11.648,9.565,19049889,15,,,,,
16.0284,cubic,open,74,58,74,88.475,40.113,11.626,9.564,19057129,15,,,,,
16.0335,cubic,open,74,58,74,88.458,40.113,11.629,9.566,19062921,15,,,,,
16.0385,cubic,open,74,58,74,88.58,40.113,11.613,9.564,19067265,15,,,,,
16.0436,cubic,open,74,58,74,88.526,40.113,11.62,9.564,19075953,15,,,,,
16.0487,cubic,open,74,58,74,88.5,40.113,11.623,9.564,19081745,15,,,,,
16.0538,cubic,open,74,58,74,88.63,40.113,11.606,9.565,19087537,15,,,,,
16.0589,cubic,open,74,58,74,88.581,40.113,11.613,9.563,19091881,15,,,,,
16.0640,cubic,open,74,58,74,88.541,40.113,11.618,9.564,19097673,15,,,,,
16.0691,cubic,open,74,58,74,88.463,40.113,11.628,9.597,19106361,15,,,,,
16.0742,cubic,open,74,58,74,88.453,40.113,11.629,9.564,19112153,15,,,,,
16.0793,cubic,open,75,58,75,88.597,40.113,11.767,9.563,19117945,15,,,,,
16.0844,cubic,open,75,58,75,88.84,40.113,11.735,9.563,19123737,15,,,,,
16.0895,cubic,open,75,58,75,89.025,40.113,11.711,9.564,19129529,15,,,,,
16.0946,cubic,open,75,58,75,89.167,40.113,11.692,9.564,19135321,15,,,,,
16.0997,cubic,open,75,58,75,89.451,40.113,11.655,9.564,19142561,15,,,,,
16.1048,cubic,open,75,58,75,89.494,40.113,11.649,9.563,19148353,15,,,,,
16.1099,cubic,open,75,58,75,89.525,40.113,11.645,9.565,19154145,15,,,,,
16.1149,cubic,open,75,58,75,89.554,40.113,11.642,9.562,19159937,15,,,,,
16.1200,cubic,open,75,58,75,89.715,40.113,11.621,9.561,19167177,15,,,,,
16.1251,cubic,open,75,58,75,89.696,40.113,11.623,9.563,19172969,15,,,,,
16.1302,cubic,open,75,58,75,89.813,40.113,11.608,9.564,19177313,15,,,,,
16.1353,cubic,open,75,58,75,89.769,40.113,11.614,9.564,19183105,15,,,,,
16.1404,cubic,open,75,58,75,89.722,40.113,11.62,9.564,19191793,15,,,,,
16.1455,cubic,open,75,58,75,89.852,40.113,11.603,9.563,19197585,15,,,,,
16.1506,cubic,open,75,58,75,89.801,40.113,11.61,9.563,19201929,15,,,,,
16.1557,cubic,open,75,58,75,89.759,40.113,11.615,9.566,19207721,15,,,,,
16.1608,cubic,open,75,58,75,89.728,40.113,11.619,9.563,19213513,15,,,,,
16.1659,cubic,open,75,58,75,89.695,40.113,11.623,9.563,19222201,15,,,,,
16.1709,cubic,open,76,58,76,89.985,40.113,11.74,9.566,19226545,15,,,,,
16.1760,cubic,open,76,58,76,90.185,40.113,11.714,9.565,19232337,15,,,,,
16.1812,cubic,open,76,58,76,90.338,40.113,11.694,9.563,19238129,15,,,,,
16.1863,cubic,open,76,58,76,90.459,40.113,11.679,9.562,19243921,15,,,,,
16.1915,cubic,open,76,58,76,90.74,40.113,11.643,9.564,19252609,15,,,,,
16.1966,cubic,open,76,58,76,90.763,40.113,11.64,9.563,19256953,15,,,,,
16.2017,cubic,open,76,58,76,90.781,40.113,11.637,9.564,19262745,15,,,,,
16.2068,cubic,open,76,58,76,90.789,40.113,11.636,9.566,19268537,15,,,,,
16.2118,cubic,open,76,58,76,90.953,40.113,11.615,9.564,19277225,15,,,,,
16.2169,cubic,open,76,58,76,90.923,40.113,11.619,9.565,19281569,15,,,,,
16.2220,cubic,open,76,58,76,91.031,40.113,11.606,9.563,19288809,15,,,,,
16.2271,cubic,open,76,58,76,90.988,40.113,11.611,9.563,19294601,15,,,,,
16.2321,cubic,open,76,58,76,90.954,40.113,11.615,9.564,19300393,15,,,,,
16.2372,cubic,open,76,58,76,90.928,40.113,11.619,9.562,19306185,15,,,,,
16.2423,cubic,open,76,58,76,91.01,40.113,11.608,9.566,19313425,15,,,,,
16.2474,cubic,open,76,58,76,90.969,40.113,11.613,9.564,19319217,15,,,,,
16.2525,cubic,open,76,58,76,90.936,40.113,11.618,9.565,19325009,15,,,,,
16.2576,cubic,open,76,58,76,90.91,40.113,11.621,9.566,19330801,15,,,,,
16.2627,cubic,open,77,58,77,91.044,40.113,11.757,9.564,19336593,15,,,,,
16.2677,cubic,open,77,58,77,91.278,40.113,11.726,9.564,19342385,15,,,,,
16.2728,cubic,open,77,58,77,91.456,40.113,11.703,9.566,19348177,15,,,,,
16.2779,cubic,open,77,58,77,91.593,40.113,11.686,9.565,19353969,15,,,,,
16.2830,cubic,open,77,58,77,91.695,40.113,11.673,9.565,19359761,15,,,,,
16.2881,cubic,open,77,58,77,91.942,40.113,11.642,9.566,19367001,15,,,,,
16.2932,cubic,open,77,58,77,91.966,40.113,11.639,9.564,19372793,15,,,,,
16.2983,cubic,open,77,58,77,91.986,40.113,11.636,9.564,19378585,15,,,,,
16.3034,cubic,open,77,58,77,92.002,40.113,11.634,9.563,19384377,15,,,,,
16.3085,cubic,open,77,58,77,92.15,40.113,11.615,9.564,19391617,15,,,,,
16.3136,cubic,open,77,58,77,92.122,40.113,11.619,9.566,19397409,15,,,,,
16.3186,cubic,open,77,58,77,92.211,40.113,11.608,9.565,19404649,15,,,,,
16.3237,cubic,open,77,58,77,92.172,40.113,11.613,9.564,19410441,15,,,,,
16.3288,cubic,open,77,58,77,92.142,40.113,11.616,9.566,19416233,15,,,,,
16.3339,cubic,open,77,58,77,92.271,40.113,11.6,9.564,19422025,15,,,,,
16.3390,cubic,open,77,58,77,92.221,40.113,11.606,9.563,19426369,15,,,,,
16.3441,cubic,open,77,58,77,92.165,40.113,11.613,9.564,19435057,15,,,,,
16.3492,cubic,open,77,58,77,92.138,40.113,11.617,9.564,19440849,15,,,,,
16.3543,cubic,open,78,58,77,92.297,40.113,11.747,9.564,19446641,15,,,,,
16.3594,cubic,open,78,58,78,92.523,40.113,11.719,9.564,19450985,15,,,,,
16.3645,cubic,open,78,58,78,92.765,40.113,11.688,9.564,19459673,15,,,,,
16.3696,cubic,open,78,58,78,92.879,40.113,11.674,9.565,19465465,15,,,,,
16.3748,cubic,open,78,58,78,92.971,40.113,11.662,9.563,19471257,15,,,,,
16.3799,cubic,open,78,58,78,93.041,40.113,11.653,9.563,19477049,15,,,,,
16.3851,cubic,open,78,58,78,93.229,40.113,11.63,9.564,19484289,15,,,,,
16.3902,cubic,open,78,58,78,93.235,40.113,11.629,9.565,19490081,15,,,,,
16.3954,cubic,open,78,58,78,93.239,40.113,11.629,9.566,19495873,15,,,,,
16.4005,cubic,open,78,58,78,93.246,40.113,11.628,9.563,19501665,15,,,,,
16.4056,cubic,open,78,58,78,93.383,40.113,11.611,9.564,19506009,15,,,,,
16.4107,cubic,open,78,58,78,93.495,40.113,11.597,9.563,19514697,15,,,,,
16.4158,cubic,open,78,58,78,93.444,40.113,11.603,9.562,19519041,15,,,,,
16.4208,cubic,open,78,58,78,93.403,40.113,11.608,9.563,19524833,15,,,,,
16.4259,cubic,open,78,58,78,93.369,40.113,11.613,9.564,19530625,15,,,,,
16.4310,cubic,open,78,58,78,93.466,40.113,11.601,9.564,19537865,15,,,,,
16.4361,cubic,open,78,58,78,93.419,40.113,11.606,9.564,19543657,15,,,,,
16.4411,cubic,open,78,58,78,93.384,40.113,11.611,9.563,19549449,15,,,,,
16.4462,cubic,open,78,58,78,93.356,40.113,11.614,9.564,19555241,15,,,,,
16.4513,cubic,open,78,58,78,93.486,40.113,11.598,9.564,19561033,15,,,,,
16.4564,cubic,open,79,58,79,93.718,40.113,11.718,9.564,19566825,15,,,,,
16.4614,cubic,open,79,58,79,93.968,40.113,11.686,9.564,19575513,15,,,,,
16.4665,cubic,open,79,58,79,94.083,40.113,11.672,9.566,19581305,15,,,,,
16.4716,cubic,open,79,58,79,94.17,40.113,11.661,9.566,19587097,15,,,,,
16.4767,cubic,open,79,58,79,94.241,40.113,11.653,9.564,19592889,15,,,,,
16.4818,cubic,open,79,58,79,94.428,40.113,11.63,9.564,19597233,15,,,,,
16.4868,cubic,open,79,58,79,94.444,40.113,11.628,9.563,19605921,15,,,,,
16.4919,cubic,open,79,58,79,94.45,40.113,11.627,9.565,19611713,15,,,,,
16.4970,cubic,open,79,58,79,94.453,40.113,11.626,9.565,19617505,15,,,,,
16.5020,cubic,open,79,58,79,94.592,40.113,11.609,9.564,19621849,15,,,,,
16.5071,cubic,open,79,58,79,94.562,40.113,11.613,9.566,19627641,15,,,,,
16.5122,cubic,open,79,58,79,94.645,40.113,11.603,9.564,19634881,15,,,,,
16.5173,cubic,open,79,58,79,94.604,40.113,11.608,9.564,19640673,15,,,,,
16.5224,cubic,open,79,58,79,94.572,40.113,11.612,9.565,19646465,15,,,,,
16.5276,cubic,open,79,58,79,94.673,40.113,11.6,9.563,19653705,15,,,,,
16.5327,cubic,open,79,58,79,94.625,40.113,11.605,9.565,19659497,15,,,,,
16.5378,cubic,open,79,58,79,94.588,40.113,11.61,9.564,19665289,15,,,,,
16.5429,cubic,open,79,58,79,94.562,40.113,11.613,9.564,19671081,15,,,,,
16.5480,cubic,open,79,58,79,94.541,40.113,11.616,9.563,19676873,15,,,,,
16.5530,cubic,open,79,58,79,94.827,40.113,11.581,9.564,19684113,15,,,,,
16.5581,cubic,open,79,58,79,95.028,40.113,11.556,9.564,19689905,15,,,,,
16.5632,cubic,open,79,58,79,95.182,40.113,11.537,9.564,19695697,15,,,,,
16.5683,cubic,open,79,58,79,95.306,40.113,11.522,9.559,19701489,15,,,,,
16.5734,cubic,open,79,58,79,95.393,40.113,11.512,9.564,19707281,15,,,,,
16.5784,cubic,open,79,58,79,95.621,40.113,11.485,9.564,19714521,15,,,,,
16.5835,cubic,open,79,58,79,95.634,40.113,11.483,9.565,19720313,15,,,,,
16.5886,cubic,open,79,58,79,95.646,40.113,11.481,9.564,19726105,15,,,,,
16.5937,cubic,open,79,58,79,95.655,40.113,11.48,9.564,19731897,15,,,,,
16.5988,cubic,open,79,58,79,95.796,40.113,11.463,9.564,19739137,15,,,,,
16.6039,cubic,open,79,58,79,95.768,40.113,11.467,9.565,19744929,15,,,,,
16.6090,cubic,open,79,58,79,95.88,40.113,11.453,9.565,19749273,15,,,,,
16.6140,cubic,open,79,58,79,95.814,40.113,11.461,9.564,19757961,15,,,,,
16.6191,cubic,open,80,58,80,95.783,40.113,11.61,9.565,19763753,15,,,,,
16.6242,cubic,open,80,58,80,95.907,40.113,11.595,9.564,19769545,15,,,,,
16.6292,cubic,open,80,58,80,95.855,40.113,11.601,9.564,19773889,15,,,,,
16.6343,cubic,open,80,58,80,95.814,40.113,11.606,9.564,19779681,15,,,,,
16.6394,cubic,open,80,58,80,95.771,40.113,11.612,9.564,19788369,15,,,,,
16.6445,cubic,open,80,58,80,95.75,40.113,11.614,9.564,19794161,15,,,,,
16.6496,cubic,open,80,58,80,95.885,40.113,11.598,9.443,19799953,15,,,,,
16.6547,cubic,open,80,58,80,95.838,40.113,11.604,9.564,19804297,15,,,,,
16.6598,cubic,open,80,58,80,95.801,40.113,11.608,9.564,19810089,15,,,,,
16.6650,cubic,open,80,58,80,95.755,40.113,11.614,9.564,19818777,15,,,,,
16.6701,cubic,open,80,58,80,95.738,40.113,11.616,9.564,19824569,15,,,,,
16.6752,cubic,open,80,58,80,95.876,40.113,11.599,9.443,19830361,15,,,,,
16.6803,cubic,open,80,58,80,95.831,40.113,11.604,9.564,19834705,15,,,,,
16.6854,cubic,open,80,58,80,95.795,40.113,11.609,9.564,19840497,15,,,,,
16.6905,cubic,open,80,58,80,95.756,40.113,11.613,9.565,19849185,15,,,,,
16.6956,cubic,open,80,58,80,95.89,40.113,11.597,9.443,19854977,15,,,,,
16.7007,cubic,open,80,58,80,95.84,40.113,11.603,9.564,19859321,15,,,,,
16.7058,cubic,open,80,58,80,95.919,40.113,11.594,9.564,19866561,15,,,,,
16.7109,cubic,open,80,58,80,95.863,40.113,11.6,9.564,19872353,15,,,,,
16.7160,cubic,open,80,58,80,95.821,40.113,11.606,9.564,19878145,15,,,,,
16.7211,cubic,open,80,58,80,96.196,40.113,11.56,9.564,19885385,15,,,,,
16.7262,cubic,open,80,58,80,96.492,40.113,11.525,9.564,19889729,15,,,,,
16.7313,cubic,open,80,58,80,96.586,40.113,11.514,9.564,19895521,15,,,,,
16.7363,cubic,open,80,58,80,96.687,40.113,11.502,9.564,19904209,15,,,,,
16.7414,cubic,open,80,58,80,96.735,40.113,11.496,9.565,19910001,15,,,,,
16.7465,cubic,open,80,58,80,96.772,40.113,11.492,9.564,19915793,15,,,,,
16.7515,cubic,open,80,58,80,96.933,40.113,11.472,9.564,19920137,15,,,,,
16.7566,cubic,open,80,58,80,96.924,40.113,11.473,9.564,19925929,15,,,,,
16.7617,cubic,open,80,58,80,96.919,40.113,11.474,9.564,19931721,15,,,,,
16.7668,cubic,open,80,58,80,96.912,40.113,11.475,9.563,19940409,15,,,,,
16.7718,cubic,open,80,58,80,96.909,40.113,11.475,9.564,19946201,15,,,,,
16.7769,cubic,open,80,58,80,97.039,40.113,11.46,9.564,19950545,15,,,,,
16.7820,cubic,open,80,58,80,97.007,40.113,11.464,9.564,19956337,15,,,,,
16.7871,cubic,open,81,58,81,96.983,40.113,11.61,9.563,19962129,15,,,,,
16.7921,cubic,open,81,58,81,96.956,40.113,11.613,9.563,19970817,15,,,,,
16.7972,cubic,open,81,58,81,97.075,40.113,11.599,9.564,19975161,15,,,,,
16.8023,cubic,open,81,58,81,97.034,40.113,11.604,9.563,19980953,15,,,,,
16.8074,cubic,open,81,58,81,97.172,40.113,11.587,9.536,19988193,15,,,,,
16.8125,cubic,open,81,58,81,97.108,40.113,11.595,9.564,19993985,15,,,,,
16.8175,cubic,open,81,58,81,97.171,40.113,11.587,9.564,20001225,15,,,,,
16.8226,cubic,open,81,58,81,97.26,40.113,11.577,9.445,20007017,15,,,,,
16.8278,cubic,open,81,58,81,97.175,40.113,11.587,9.564,20011361,15,,,,,
16.8329,cubic,open,81,58,81,97.114,40.113,11.594,9.562,20017153,15,,,,,
16.8379,cubic,open,81,58,81,97.065,40.113,11.6,9.564,20022945,15,,,,,
16.8432,cubic,open,81,58,81,97.013,40.113,11.606,9.561,20031633,15,,,,,
16.8484,cubic,open,81,58,81,97.139,40.113,11.591,9.444,20037425,15,,,,,
16.8535,cubic,open,81,58,81,97.082,40.113,11.598,9.564,20041769,15,,,,,
16.8586,cubic,open,81,58,81,97.038,40.113,11.603,9.564,20047561,15,,,,,
16.8636,cubic,open,81,58,81,96.995,40.113,11.608,9.563,20056249,15,,,,,
16.8687,cubic,open,81,58,81,96.972,40.113,11.611,9.564,20062041,15,,,,,
16.8738,cubic,open,81,58,81,97.146,40.113,11.59,9.443,20067833,15,,,,,
16.8789,cubic,open,81,58,81,97.085,40.113,11.598,9.564,20072177,15,,,,,
16.8840,cubic,open,81,58,81,97.374,40.113,11.563,9.53,20079417,15,,,,,
16.8891,cubic,open,81,58,81,97.545,40.113,11.543,9.564,20085209,15,,,,,
16.8942,cubic,open,81,58,81,97.676,40.113,11.528,9.564,20091001,15,,,,,
16.8993,cubic,open,81,58,81,97.935,40.113,11.497,9.563,20098241,15,,,,,
16.9045,cubic,open,81,58,81,98.092,40.113,11.479,9.536,20104033,15,,,,,
16.9096,cubic,open,81,58,81,98.07,40.113,11.481,9.564,20111273,15,,,,,
16.9147,cubic,open,81,58,81,98.078,40.113,11.48,9.564,20117065,15,,,,,
16.9198,cubic,open,81,58,81,98.217,40.113,11.464,9.565,20121409,15,,,,,
16.9249,cubic,open,81,58,81,98.314,40.113,11.453,9.563,20128649,15,,,,,
16.9301,cubic,open,81,58,81,98.262,40.113,11.459,9.565,20134441,15,,,,,
16.9352,cubic,open,81,58,81,98.225,40.113,11.463,9.564,20140233,15,,,,,
16.9403,cubic,open,81,58,81,98.197,40.113,11.466,9.564,20146025,15,,,,,
16.9454,cubic,open,81,58,81,98.171,40.113,11.469,9.565,20151817,15,,,,,
16.9505,cubic,open,81,58,81,98.283,40.113,11.456,9.564,20159057,15,,,,,
16.9557,cubic,open,81,58,81,98.242,40.113,11.461,9.564,20164849,15,,,,,
16.9607,cubic,open,81,58,81,98.206,40.113,11.465,9.564,20170641,15,,,,,
16.9658,cubic,open,81,58,81,98.182,40.113,11.468,9.564,20176433,15,,,,,
16.9709,cubic,open,81,58,81,98.119,40.113,11.475,9.6,20182225,15,,,,,
16.9760,cubic,open,81,58,81,98.249,40.113,11.46,9.564,20189465,15,,,,,
16.9811,cubic,open,81,58,81,98.215,40.113,11.464,9.564,20195257,15,,,,,
16.9862,cubic,open,82,58,82,98.262,40.113,11.6,9.563,20202497,15,,,,,
16.9913,cubic,open,82,58,82,98.226,40.113,11.604,9.563,20208289,15,,,,,
16.9964,cubic,open,82,58,82,98.349,40.113,11.59,9.445,20214081,15,,,,,
17.0015,cubic,open,82,58,82,98.289,40.113,11.597,9.564,20218425,15,,,,,
17.0066,cubic,open,82,58,82,98.361,40.113,11.589,9.564,20225665,15,,,,,
17.0116,cubic,open,82,58,82,98.304,40.113,11.595,9.561,20231457,15,,,,,
17.0167,cubic,open,82,58,82,98.256,40.113,11.601,9.564,20237249,15,,,,,
17.0218,cubic,open,82,58,82,98.323,40.113,11.593,9.564,20244489,15,,,,,
17.0269,cubic,open,82,58,82,98.406,40.113,11.583,9.564,20248833,15,,,,,
17.0319,cubic,open,82,58,82,98.305,40.113,11.595,9.563,20257521,15,,,,,
17.0370,cubic,open,82,58,82,98.259,40.113,11.601,9.563,20263313,15,,,,,
17.0421,cubic,open,82,58,82,98.224,40.113,11.605,9.564,20269105,15,,,,,
17.0472,cubic,open,82,58,82,98.196,40.113,11.608,9.565,20274897,15,,,,,
17.0522,cubic,open,82,58,82,98.332,40.113,11.592,9.552,20279241,15,,,,,
17.0573,cubic,open,82,58,82,98.256,40.113,11.601,9.564,20287929,15,,,,,
17.0624,cubic,open,82,58,82,98.223,40.113,11.605,9.563,20293721,15,,,,,
17.0675,cubic,open,82,58,82,98.196,40.113,11.608,9.563,20299513,15,,,,,
17.0726,cubic,open,82,58,82,98.174,40.113,11.611,9.564,20305305,15,,,,,
17.0777,cubic,open,82,58,82,98.291,40.113,11.597,9.564,20309649,15,,,,,
17.0828,cubic,open,82,58,82,98.406,40.113,11.583,9.564,20318337,15,,,,,
17.0879,cubic,open,82,58,82,98.619,40.113,11.558,9.564,20324129,15,,,,,
17.0929,cubic,open,82,58,82,98.781,40.113,11.539,9.564,20329921,15,,,,,
17.0980,cubic,open,82,58,82,99.059,40.113,11.507,9.564,20335713,15,,,,,
17.1031,cubic,open,82,58,82,99.119,40.113,11.5,9.565,20340057,15,,,,,
17.1082,cubic,open,82,58,82,99.317,40.113,11.477,9.564,20347297,15,,,,,
17.1132,cubic,open,82,58,82,99.313,40.113,11.477,9.564,20353089,15,,,,,
17.1184,cubic,open,82,58,82,99.315,40.113,11.477,9.564,20358881,15,,,,,
17.1235,cubic,open,82,58,82,99.429,40.113,11.464,9.566,20366121,15,,,,,
17.1286,cubic,open,82,58,82,99.537,40.113,11.452,9.563,20370465,15,,,,,
17.1337,cubic,open,82,58,82,99.464,40.113,11.46,9.565,20379153,15,,,,,
17.1388,cubic,open,82,58,82,99.428,40.113,11.464,9.565,20384945,15,,,,,
17.1439,cubic,open,82,58,82,99.401,40.113,11.467,9.565,20390737,15,,,,,
17.1489,cubic,open,82,58,82,99.37,40.113,11.471,9.572,20396529,15,,,,,
17.1540,cubic,open,82,58,82,99.476,40.113,11.459,9.564,20400873,15,,,,,
17.1591,cubic,open,82,58,82,99.421,40.113,11.465,9.565,20409561,15,,,,,
17.1641,cubic,open,82,58,82,99.398,40.113,11.468,9.563,20415353,15,,,,,
17.1692,cubic,open,82,58,82,99.377,40.113,11.47,9.565,20421145,15,,,,,
17.1743,cubic,open,82,58,82,99.361,40.113,11.472,9.565,20426937,15,,,,,
17.1794,cubic,open,82,58,82,99.483,40.113,11.458,9.564,20431281,15,,,,,
17.1844,cubic,open,82,58,82,99.427,40.113,11.464,9.564,20439969,15,,,,,
17.1895,cubic,open,82,58,82,99.4,40.113,11.467,9.564,20445761,15,,,,,
17.1946,cubic,open,82,58,82,99.379,40.113,11.47,9.563,20451553,15,,,,,
17.1997,cubic,open,82,58,82,99.513,40.113,11.454,9.448,20457345,15,,,,,
17.2048,cubic,open,82,58,82,99.467,40.113,11.46,9.564,20461689,15,,,,,
17.2098,cubic,open,82,58,82,99.552,40.113,11.45,9.565,20468929,15,,,,,
17.2149,cubic,open,82,58,82,99.495,40.113,11.456,9.564,20474721,15,,,,,
17.2200,cubic,open,83,58,83,99.452,40.113,11.601,9.564,20480513,15,,,,,
17.2250,cubic,open,83,58,83,99.52,40.113,11.593,9.565,20487753,15,,,,,
17.2301,cubic,open,83,58,83,99.603,40.113,11.584,9.564,20492097,15,,,,,
17.2352,cubic,open,83,58,83,99.534,40.113,11.592,9.565,20497889,15,,,,,
17.2402,cubic,open,83,58,83,99.463,40.113,11.6,9.564,20506577,15,,,,,
17.2453,cubic,open,83,58,83,99.429,40.113,11.604,9.564,20512369,15,,,,,
17.2504,cubic,open,83,58,83,99.402,40.113,11.607,9.564,20518161,15,,,,,
17.2554,cubic,open,83,58,83,99.514,40.113,11.594,9.564,20522505,15,,,,,
17.2605,cubic,open,83,58,83,99.467,40.113,11.599,9.564,20528297,15,,,,,
17.2656,cubic,open,83,58,83,99.414,40.113,11.606,9.564,20536985,15,,,,,
17.2706,cubic,open,83,58,83,99.39,40.113,11.608,9.564,20542777,15,,,,,
17.2757,cubic,open,83,58,83,99.372,40.113,11.611,9.564,20548569,15,,,,,
17.2808,cubic,open,83,58,83,99.491,40.113,11.597,9.564,20552913,15,,,,,
17.2859,cubic,open,83,58,83,99.45,40.113,11.601,9.564,20558705,15,,,,,
17.2909,cubic,open,83,58,83,99.419,40.113,11.605,9.564,20564497,15,,,,,
17.2960,cubic,open,83,58,83,99.384,40.113,11.609,9.564,20573185,15,,,,,
17.3011,cubic,open,83,58,83,99.519,40.113,11.593,9.448,20578977,15,,,,,
17.3061,cubic,open,83,58,83,99.472,40.113,11.599,9.564,20583321,15,,,,,
17.3112,cubic,open,83,58,83,99.55,40.113,11.59,9.564,20590561,15,,,,,
17.3163,cubic,open,83,58,83,99.495,40.113,11.596,9.564,20596353,15,,,,,
17.3214,cubic,open,83,58,82,99.741,40.113,11.568,9.564,20603593,15,,,,,
17.3264,cubic,open,83,58,83,100.018,40.113,11.535,9.563,20607937,15,,,,,
17.3315,cubic,open,83,58,83,100.32,40.113,11.501,9.564,20615177,15,,,,,
17.3366,cubic,open,83,58,83,100.368,40.113,11.495,9.564,20620969,15,,,,,
17.3417,cubic,open,83,58,83,100.404,40.113,11.491,9.565,20626761,15,,,,,
17.3467,cubic,open,83,58,83,100.433,40.113,11.488,9.564,20632553,15,,,,,
17.3518,cubic,open,83,58,83,100.455,40.113,11.485,9.564,20638345,15,,,,,
17.3569,cubic,open,83,58,83,100.612,40.113,11.467,9.564,20645585,15,,,,,
17.3619,cubic,open,83,58,83,100.592,40.113,11.47,9.564,20651377,15,,,,,
17.3670,cubic,open,83,58,83,100.577,40.113,11.471,9.564,20657169,15,,,,,
17.3721,cubic,open,83,58,83,100.567,40.113,11.473,9.564,20662961,15,,,,,
17.3772,cubic,open,83,58,83,100.558,40.113,11.474,9.564,20668753,15,,,,,
17.3823,cubic,open,83,58,83,100.68,40.113,11.46,9.564,20675993,15,,,,,
17.3873,cubic,open,83,58,83,100.645,40.113,11.464,9.564,20681785,15,,,,,
17.3924,cubic,open,83,58,83,100.618,40.113,11.467,9.564,20687577,15,,,,,
17.3974,cubic,open,83,58,83,100.597,40.113,11.469,9.564,20693369,15,,,,,
17.4025,cubic,open,83,58,83,100.581,40.113,11.471,9.564,20699161,15,,,,,
17.4076,cubic,open,83,58,83,100.68,40.113,11.46,9.564,20706401,15,,,,,
17.4126,cubic,open,83,58,83,100.797,40.113,11.446,9.564,20712193,15,,,,,
17.4177,cubic,open,83,58,83,100.735,40.113,11.453,9.564,20716537,15,,,,,
17.4228,cubic,open,83,58,83,100.687,40.113,11.459,9.564,20722329,15,,,,,
17.4278,cubic,open,83,58,83,100.515,40.113,11.478,9.562,20728121,15,,,,,
17.4329,cubic,open,83,58,83,100.672,40.113,11.461,9.449,20736809,15,,,,,
17.4380,cubic,open,83,58,83,100.638,40.113,11.464,9.564,20741153,15,,,,,
17.4430,cubic,open,83,58,83,100.613,40.113,11.467,9.564,20746945,15,,,,,
17.4481,cubic,open,83,58,83,100.594,40.113,11.469,9.564,20752737,15,,,,,
17.4532,cubic,open,83,58,83,100.579,40.113,11.471,9.564,20758529,15,,,,,
17.4582,cubic,open,83,58,83,100.714,40.113,11.456,9.449,20767217,15,,,,,
17.4633,cubic,open,83,58,83,100.671,40.113,11.461,9.564,20771561,15,,,,,
17.4684,cubic,open,83,58,83,100.638,40.113,11.464,9.564,20777353,15,,,,,
17.4734,cubic,open,83,58,83,100.611,40.113,11.468,9.564,20783145,15,,,,,
17.4785,cubic,open,83,58,83,100.593,40.113,11.47,9.563,20788937,15,,,,,
17.4836,cubic,open,83,58,83,100.725,40.113,11.455,9.449,20797625,15,,,,,
17.4887,cubic,open,83,58,83,100.679,40.113,11.46,9.563,20801969,15,,,,,
17.4937,cubic,open,83,58,83,100.645,40.113,11.464,9.564,20807761,15,,,,,
17.4988,cubic,open,83,58,83,100.618,40.113,11.467,9.564,20813553,15,,,,,
17.5039,cubic,open,83,58,83,100.597,40.113,11.469,9.564,20819345,15,,,,,
17.5089,cubic,open,83,58,83,100.707,40.113,11.457,9.564,20826585,15,,,,,
17.5140,cubic,open,83,58,83,100.669,40.113,11.461,9.561,20832377,15,,,,,
17.5191,cubic,open,83,58,83,100.739,40.113,11.453,9.564,20839617,15,,,,,
17.5241,cubic,open,83,58,83,100.69,40.113,11.459,9.564,20845409,15,,,,,
17.5292,cubic,open,83,58,83,100.651,40.113,11.463,9.563,20851201,15,,,,,
17.5343,cubic,open,83,58,83,100.623,40.113,11.466,9.564,20856993,15,,,,,
17.5394,cubic,open,83,58,83,100.708,40.113,11.457,9.564,20864233,15,,,,,
17.5444,cubic,open,83,58,83,100.665,40.113,11.461,9.564,20870025,15,,,,,
17.5495,cubic,open,83,58,83,100.634,40.113,11.465,9.564,20875817,15,,,,,
17.5546,cubic,open,83,58,83,100.609,40.113,11.468,9.564,20881609,15,,,,,
17.5596,cubic,open,83,58,83,100.589,40.113,11.47,9.565,20887401,15,,,,,
17.5647,cubic,open,83,58,83,100.707,40.113,11.457,9.564,20891745,15,,,,,
17.5698,cubic,open,83,58,83,100.648,40.113,11.463,9.564,20900433,15,,,,,
17.5748,cubic,open,83,58,83,100.619,40.113,11.467,9.564,20906225,15,,,,,
17.5799,cubic,open,84,58,84,100.596,40.113,11.607,9.564,20912017,15,,,,,
17.5850,cubic,open,84,58,84,100.579,40.113,11.609,9.565,20917809,15,,,,,
17.5901,cubic,open,84,58,84,100.698,40.113,11.596,9.564,20922153,15,,,,,
17.5951,cubic,open,84,58,84,100.641,40.113,11.602,9.564,20930841,15,,,,,
17.6002,cubic,open,84,58,84,100.614,40.113,11.605,9.564,20936633,15,,,,,
17.6053,cubic,open,84,58,84,100.594,40.113,11.608,9.564,20942425,15,,,,,
17.6104,cubic,open,84,58,84,100.73,40.113,11.592,9.449,20948217,15,,,,,
17.6155,cubic,open,84,58,84,100.676,40.113,11.598,9.561,20952561,15,,,,,
17.6206,cubic,open,84,58,84,100.758,40.113,11.589,9.564,20959801,15,,,,,
17.6257,cubic,open,84,58,84,100.703,40.113,11.595,9.564,20965593,15,,,,,
17.6308,cubic,open,84,58,84,100.662,40.113,11.6,9.564,20971385,15,,,,,
17.6358,cubic,open,84,58,84,100.63,40.113,11.603,9.564,20977177,15,,,,,
17.6409,cubic,open,84,58,84,100.729,40.113,11.592,9.564,20984417,15,,,,,
17.6460,cubic,open,84,58,84,100.681,40.113,11.598,9.564,20990209,15,,,,,
17.6510,cubic,open,84,58,84,100.645,40.113,11.602,9.564,20996001,15,,,,,
17.6561,cubic,open,84,58,84,100.617,40.113,11.605,9.564,21001793,15,,,,,
17.6612,cubic,open,84,58,84,100.597,40.113,11.607,9.564,21007585,15,,,,,
17.6662,cubic,open,84,58,84,100.707,40.113,11.595,9.564,21014825,15,,,,,
17.6713,cubic,open,84,58,84,100.665,40.113,11.599,9.564,21020617,15,,,,,
17.6764,cubic,open,84,58,84,100.634,40.113,11.603,9.563,21026409,15,,,,,
17.6814,cubic,disorder,84,58,84,100.447,40.113,11.625,9.449,21032201,15,,,,,
17.6865,cubic,recovery,82,58,82,100.466,40.113,11.761,9.47,21032201,16,,,,,
17.6916,cubic,recovery,81,58,81,100.652,40.113,12.153,9.449,21032201,16,,,,,
17.6967,cubic,recovery,79,58,79,100.844,40.113,12.544,9.47,21032201,16,,,,,
17.7017,cubic,recovery,78,58,78,100.892,40.113,12.951,9.47,21032201,16,,,,,
17.7068,cubic,recovery,77,58,77,100.921,40.113,13.361,9.47,21032201,16,,,,,
17.7119,cubic,recovery,75,58,75,100.937,40.113,13.772,9.47,21032201,16,,,,,
17.7169,cubic,recovery,74,58,74,100.921,40.113,14.049,9.449,21032201,16,,,,,
17.7220,cubic,recovery,73,58,73,100.941,40.113,14.597,9.449,21032201,16,,,,,
17.7271,cubic,recovery,71,58,71,100.917,40.113,15.014,9.449,21032201,16,,,,,
17.7322,cubic,recovery,70,58,70,100.902,40.113,15.292,9.449,21032201,16,,,,,
17.7372,cubic,recovery,69,58,69,100.894,40.113,15.706,9.449,21032201,16,,,,,
17.7423,cubic,recovery,68,58,68,101.04,40.113,16.096,9.47,21032201,16,,,,,
17.7474,cubic,recovery,66,58,66,101.007,40.113,16.515,9.47,21032201,16,,,,,
17.7524,cubic,recovery,65,58,65,100.905,40.113,16.945,9.449,21032201,16,,,,,
17.7575,cubic,recovery,64,58,64,100.902,40.113,17.358,9.448,21032201,16,,,,,
17.7626,cubic,recovery,62,58,62,100.895,40.113,17.773,9.449,21032201,16,,,,,
17.7677,cubic,recovery,61,58,61,101.041,40.113,18.022,9.47,21032201,16,,,,,
17.7728,cubic,recovery,60,58,60,101.009,40.113,18.441,9.47,21032201,16,,,,,
17.7779,cubic,recovery,58,58,58,100.904,40.113,18.873,9.449,21032201,16,,,,,
17.7830,cubic,open,58,58,58,100.792,40.113,7.999,9.564,21155281,16,,,,,
17.7881,cubic,open,58,58,58,100.344,40.113,8.035,9.353,21161073,16,,,,,
17.7932,cubic,open,58,58,58,99.434,40.113,8.108,9.122,21166865,16,,,,,
17.7982,cubic,open,58,58,58,98.321,40.113,8.2,8.891,21172657,16,,,,,
17.8033,cubic,open,58,58,58,97.034,40.113,8.309,8.551,21178449,16,,,,,
17.8084,cubic,open,58,58,58,95.476,40.113,8.444,8.545,21184241,16,,,,,
17.8135,cubic,open,58,58,58,93.722,40.113,8.603,8.215,21190033,16,,,,,
17.8186,cubic,open,59,58,59,91.809,40.113,8.933,7.986,21195825,16,,,,,
17.8237,cubic,open,59,58,59,89.929,40.113,9.12,7.759,21201617,16,,,,,
17.8288,cubic,open,59,58,59,88.055,40.113,9.314,7.621,21207409,16,,,,,
17.8339,cubic,open,59,58,57,85.01,40.113,9.648,7.391,21216097,16,,,,,
17.8389,cubic,open,59,58,57,82.867,40.113,9.897,7.159,21221889,16,,,,,
17.8440,cubic,open,59,58,57,80.81,40.113,10.149,6.846,21227681,16,,,,,
17.8491,cubic,open,59,58,59,78.65,40.113,10.428,6.617,21233473,16,,,,,
17.8542,cubic,open,60,58,59,76.73,40.113,10.87,6.758,21239265,16,,,,,
17.8593,cubic,open,60,58,59,75.212,40.113,11.089,6.919,21245057,16,,,,,
17.8643,cubic,open,60,58,60,73.983,40.113,11.273,7.059,21250849,16,,,,,
17.8694,cubic,open,60,58,60,72.839,40.113,11.451,7.177,21256641,16,,,,,
17.8745,cubic,open,60,58,60,71.775,40.113,11.62,7.31,21262433,16,,,,,
17.8796,cubic,open,60,58,60,70.789,40.113,11.782,7.345,21268225,16,,,,,
17.8847,cubic,open,60,58,60,69.463,40.113,12.007,7.572,21276913,16,,,,,
17.8898,cubic,open,60,58,60,68.694,40.113,12.141,7.634,21282705,16,,,,,
17.8948,cubic,open,60,58,60,68.049,40.113,12.257,7.86,21287049,16,,,,,
17.8999,cubic,open,60,58,60,67.502,40.113,12.356,8.066,21292841,16,,,,,
17.9051,cubic,open,60,58,60,67.053,40.113,12.439,8.175,21298633,16,,,,,
17.9102,cubic,open,60,58,60,66.57,40.113,12.529,8.551,21307321,16,,,,,
17.9153,cubic,open,60,58,60,66.391,40.113,12.563,8.84,21313113,16,,,,,
17.9203,cubic,open,60,58,60,66.312,40.113,12.578,9.164,21318905,16,,,,,
17.9254,cubic,open,61,58,61,66.344,40.113,12.781,9.105,21324697,16,,,,,
17.9305,cubic,open,61,58,61,66.502,40.113,12.751,9.168,21330489,16,,,,,
17.9356,cubic,open,61,58,61,66.913,40.113,12.672,9.34,21337729,16,,,,,
17.9407,cubic,open,61,58,61,67.305,40.113,12.598,9.545,21343521,16,,,,,
17.9457,cubic,open,61,58,61,67.794,40.113,12.508,9.564,21349313,16,,,,,
17.9508,cubic,open,61,58,61,68.369,40.113,12.402,9.564,21355105,16,,,,,
17.9559,cubic,open,61,58,61,69.036,40.113,12.283,9.563,21360897,16,,,,,
17.9610,cubic,open,61,58,61,69.758,40.113,12.155,9.565,21366689,16,,,,,
17.9661,cubic,open,61,58,60,70.796,40.113,11.977,9.564,21373929,16,,,,,
17.9712,cubic,open,61,58,60,71.234,40.113,11.904,9.566,21379721,16,,,,,
17.9762,cubic,open,61,58,61,71.569,40.113,11.848,9.565,21385513,16,,,,,
17.9813,cubic,open,61,58,61,71.864,40.113,11.799,9.564,21391305,16,,,,,
17.9864,cubic,open,61,58,61,72.042,40.113,11.77,9.573,21397097,16,,,,,
17.9915,cubic,open,62,58,62,72.187,40.113,11.939,9.565,21402889,16,,,,,
17.9966,cubic,open,62,58,62,72.301,40.113,11.92,9.563,21408681,16,,,,,
18.0017,cubic,open,62,58,62,72.851,40.113,11.83,9.564,21415921,16,,,,,
18.0067,cubic,open,62,58,62,73.092,40.113,11.791,9.565,21421713,16,,,,,
18.0118,cubic,open,62,58,62,73.467,40.113,11.731,9.565,21428953,16,,,,,
18.0169,cubic,open,62,58,62,73.565,40.113,11.715,9.564,21434745,16,,,,,
18.0220,cubic,open,62,58,62,73.638,40.113,11.704,9.564,21440537,16,,,,,
18.0271,cubic,open,63,58,63,73.679,40.113,11.886,9.58,21446329,16,,,,,
18.0321,cubic,open,63,58,63,73.725,40.113,11.878,9.565,21452121,16,,,,,
18.0372,cubic,open,63,58,63,73.762,40.113,11.873,9.564,21457913,16,,,,,
18.0423,cubic,open,63,58,63,73.638,40.113,11.893,9.564,21463705,16,,,,,
18.0474,cubic,open,63,58,63,73.411,40.113,11.929,9.565,21469497,16,,,,,
18.0525,cubic,open,63,58,63,73.545,40.113,11.908,9.609,21476737,16,,,,,
18.0576,cubic,open,63,58,63,73.624,40.113,11.895,9.564,21482529,16,,,,,
18.0627,cubic,open,63,58,63,73.684,40.113,11.885,9.563,21488321,16,,,,,
18.0678,cubic,open,63,58,63,74.059,40.113,11.825,9.564,21495561,16,,,,,
18.0729,cubic,open,63,58,63,74.301,40.113,11.787,9.564,21501353,16,,,,,
18.0779,cubic,open,63,58,63,74.619,40.113,11.736,9.564,21505697,16,,,,,
18.0830,cubic,open,63,58,63,74.729,40.113,11.719,9.564,21511489,16,,,,,
18.0881,cubic,open,63,58,63,74.983,40.113,11.679,9.563,21518729,16,,,,,
18.0932,cubic,open,63,58,63,75.008,40.113,11.675,9.564,21524521,16,,,,,
18.0983,cubic,open,64,58,64,75.029,40.113,11.857,9.562,21530313,16,,,,,
18.1033,cubic,open,64,58,64,75.045,40.113,11.855,9.564,21536105,16,,,,,
18.1084,cubic,open,64,58,64,75.483,40.113,11.786,9.564,21543345,16,,,,,
18.1135,cubic,open,64,58,64,75.677,40.113,11.756,9.563,21549137,16,,,,,
18.1186,cubic,open,64,58,64,75.824,40.113,11.733,9.564,21554929,16,,,,,
18.1237,cubic,open,64,58,64,75.936,40.113,11.716,9.564,21560721,16,,,,,
18.1288,cubic,open,64,58,64,76.193,40.113,11.676,9.564,21567961,16,,,,,
18.1339,cubic,open,64,58,64,76.22,40.113,11.672,9.564,21573753,16,,,,,
18.1389,cubic,open,64,58,64,76.239,40.113,11.669,9.565,21579545,16,,,,,
18.1440,cubic,open,64,58,64,76.255,40.113,11.667,9.564,21585337,16,,,,,
18.1491,cubic,open,64,58,64,76.386,40.113,11.647,9.565,21592577,16,,,,,
18.1542,cubic,open,64,58,64,76.518,40.113,11.627,9.564,21598369,16,,,,,
18.1593,cubic,open,64,58,64,76.469,40.113,11.634,9.564,21602713,16,,,,,
18.1643,cubic,open,65,58,65,76.566,40.113,11.801,9.563,21611401,16,,,,,
18.1694,cubic,open,65,58,65,76.507,40.113,11.81,9.564,21615745,16,,,,,
18.1745,cubic,open,65,58,65,76.745,40.113,11.773,9.567,21622985,16,,,,,
18.1795,cubic,open,65,58,65,76.924,40.113,11.746,9.565,21628777,16,,,,,
18.1846,cubic,open,65,58,65,77.213,40.113,11.702,9.564,21634569,16,,,,,
18.1897,cubic,open,65,58,65,77.283,40.113,11.691,9.565,21638913,16,,,,,
18.1947,cubic,open,65,58,65,77.358,40.113,11.68,9.564,21647601,16,,,,,
18.1998,cubic,open,65,58,65,77.394,40.113,11.675,9.565,21653393,16,,,,,
18.2049,cubic,open,65,58,65,77.418,40.113,11.671,9.565,21659185,16,,,,,
18.2099,cubic,open,65,58,65,77.572,40.113,11.648,9.565,21663529,16,,,,,
18.2150,cubic,open,65,58,65,77.558,40.113,11.65,9.565,21669321,16,,,,,
18.2201,cubic,open,65,58,65,77.543,40.113,11.652,9.564,21678009,16,,,,,
18.2251,cubic,open,65,58,65,77.687,40.113,11.631,9.564,21683801,16,,,,,
18.2302,cubic,open,65,58,65,77.646,40.113,11.637,9.565,21688145,16,,,,,
18.2352,cubic,open,66,58,66,77.736,40.113,11.802,9.564,21695385,16,,,,,
18.2403,cubic,open,66,58,66,77.683,40.113,11.81,9.565,21701177,16,,,,,
18.2454,cubic,open,66,58,66,77.821,40.113,11.789,9.567,21706969,16,,,,,
18.2504,cubic,open,66,58,66,78.032,40.113,11.757,9.564,21712761,16,,,,,
18.2555,cubic,open,66,58,66,78.394,40.113,11.703,9.564,21720001,16,,,,,
18.2606,cubic,open,66,58,66,78.471,40.113,11.692,9.564,21725793,16,,,,,
18.2656,cubic,open,66,58,66,78.683,40.113,11.66,9.564,21731585,16,,,,,
18.2707,cubic,open,66,58,66,78.693,40.113,11.659,9.564,21735929,16,,,,,
18.2758,cubic,open,66,58,66,78.704,40.113,11.657,9.564,21744617,16,,,,,
18.2808,cubic,open,66,58,66,78.711,40.113,11.656,9.563,21750409,16,,,,,
18.2859,cubic,open,66,58,66,78.713,40.113,11.656,9.564,21756201,16,,,,,
18.2910,cubic,open,66,58,66,78.848,40.113,11.636,9.564,21760545,16,,,,,
18.2960,cubic,open,66,58,66,78.82,40.113,11.64,9.564,21766337,16,,,,,
18.3011,cubic,open,66,58,66,78.798,40.113,11.643,9.564,21772129,16,,,,,
18.3061,cubic,open,67,58,67,78.927,40.113,11.8,9.564,21780817,16,,,,,
18.3112,cubic,open,67,58,67,78.879,40.113,11.807,9.565,21785161,16,,,,,
18.3163,cubic,open,67,58,67,79.022,40.113,11.786,9.564,21790953,16,,,,,
18.3213,cubic,open,67,58,67,79.237,40.113,11.754,9.564,21796745,16,,,,,
18.3264,cubic,open,67,58,67,79.401,40.113,11.73,9.564,21802537,16,,,,,
18.3315,cubic,open,67,58,67,79.578,40.113,11.704,9.564,21811225,16,,,,,
18.3365,cubic,open,67,58,67,79.814,40.113,11.669,9.564,21817017,16,,,,,
18.3416,cubic,open,67,58,67,79.843,40.113,11.665,9.564,21821361,16,,,,,
18.3467,cubic,open,67,58,67,79.866,40.113,11.661,9.564,21827153,16,,,,,
18.3517,cubic,open,67,58,67,80.006,40.113,11.641,9.564,21834393,16,,,,,
18.3568,cubic,open,67,58,67,79.99,40.113,11.643,9.564,21840185,16,,,,,
18.3619,cubic,open,67,58,67,79.975,40.113,11.646,9.565,21845977,16,,,,,
18.3669,cubic,open,67,58,67,79.966,40.113,11.647,9.564,21851769,16,,,,,
18.3720,cubic,open,68,58,68,80.09,40.113,11.802,9.564,21859009,16,,,,,
18.3771,cubic,open,68,58,68,80.054,40.113,11.808,9.564,21864801,16,,,,,
18.3821,cubic,open,68,58,68,80.027,40.113,11.812,9.564,21870593,16,,,,,
18.3872,cubic,open,68,58,68,80.419,40.113,11.754,9.564,21877833,16,,,,,
18.3923,cubic,open,68,58,68,80.723,40.113,11.71,9.564,21882177,16,,,,,
18.3973,cubic,open,68,58,68,80.823,40.113,11.695,9.564,21887969,16,,,,,
18.4024,cubic,open,68,58,68,80.899,40.113,11.684,9.564,21893761,16,,,,,
18.4074,cubic,open,68,58,68,80.958,40.113,11.676,9.564,21899553,16,,,,,
18.4125,cubic,open,68,58,68,81.004,40.113,11.669,9.564,21905345,16,,,,,
18.4176,cubic,open,68,58,68,81.052,40.113,11.662,9.564,21914033,16,,,,,
18.4226,cubic,open,68,58,68,81.207,40.113,11.64,9.564,21918377,16,,,,,
18.4277,cubic,open,68,58,68,81.193,40.113,11.642,9.564,21924169,16,,,,,
18.4327,cubic,open,68,58,68,81.311,40.113,11.625,9.564,21931409,16,,,,,
18.4378,cubic,open,69,58,69,81.274,40.113,11.801,9.564,21937201,16,,,,,
18.4429,cubic,open,69,58,69,81.244,40.113,11.806,9.564,21942993,16,,,,,
18.4480,cubic,open,69,58,69,81.222,40.113,11.809,9.564,21948785,16,,,,,
18.4531,cubic,open,69,58,68,81.515,40.113,11.767,9.562,21956025,16,,,,,
18.4582,cubic,open,69,58,69,81.814,40.113,11.723,9.564,21960369,16,,,,,
18.4633,cubic,open,69,58,69,81.943,40.113,11.705,9.563,21966161,16,,,,,
18.4684,cubic,open,69,58,69,82.232,40.113,11.664,9.564,21974849,16,,,,,
18.4735,cubic,open,69,58,69,82.263,40.113,11.66,9.564,21979193,16,,,,,
18.4786,cubic,open,69,58,69,82.411,40.113,11.639,9.564,21986433,16,,,,,
18.4836,cubic,open,69,58,69,82.399,40.113,11.64,9.564,21992225,16,,,,,
18.4887,cubic,open,69,58,69,82.391,40.113,11.641,9.564,21998017,16,,,,,
18.4938,cubic,open,69,58,69,82.393,40.113,11.641,9.562,22003809,16,,,,,
18.4988,cubic,open,69,58,69,82.387,40.113,11.642,9.564,22009601,16,,,,,
18.5039,cubic,open,70,58,70,82.383,40.113,11.811,9.562,22015393,16,,,,,
18.5090,cubic,open,70,58,70,82.492,40.113,11.796,9.564,22022633,16,,,,,
18.5141,cubic,open,70,58,70,82.461,40.113,11.8,9.563,22028425,16,,,,,
18.5193,cubic,open,70,58,70,82.726,40.113,11.762,9.563,22035665,16,,,,,
18.5244,cubic,open,70,58,70,82.927,40.113,11.734,9.563,22040009,16,,,,,
18.5295,cubic,open,70,58,70,83.08,40.113,11.712,9.563,22045801,16,,,,,
18.5345,cubic,open,70,58,70,83.195,40.113,11.696,9.564,22051593,16,,,,,
18.5396,cubic,open,70,58,70,83.125,40.113,11.706,9.563,22057385,16,,,,,
18.5447,cubic,open,70,58,70,83.272,40.113,11.685,9.565,22066073,16,,,,,
18.5498,cubic,open,70,58,70,83.341,40.113,11.675,9.564,22071865,16,,,,,
18.5548,cubic,open,70,58,70,83.55,40.113,11.646,9.562,22077657,16,,,,,
18.5599,cubic,open,70,58,70,83.556,40.113,11.645,9.563,22082001,16,,,,,
18.5650,cubic,open,70,58,70,83.681,40.113,11.628,9.563,22089241,16,,,,,
18.5701,cubic,open,70,58,70,83.656,40.113,11.632,9.564,22095033,16,,,,,
18.5751,cubic,open,70,58,70,83.629,40.113,11.635,9.571,22100825,16,,,,,
18.5802,cubic,open,70,58,70,83.613,40.113,11.638,9.565,22106617,16,,,,,
18.5853,cubic,open,70,58,70,83.604,40.113,11.639,9.564,22112409,16,,,,,
18.5903,cubic,open,71,58,70,83.899,40.113,11.764,9.564,22119649,16,,,,,
18.5954,cubic,open,71,58,71,84.205,40.113,11.721,9.564,22123993,16,,,,,
18.6004,cubic,open,71,58,71,84.394,40.113,11.695,9.565,22132681,16,,,,,
18.6055,cubic,open,71,58,71,84.619,40.113,11.663,9.564,22137025,16,,,,,
18.6106,cubic,open,71,58,71,84.787,40.113,11.64,9.564,22144265,16,,,,,
18.6156,cubic,open,71,58,71,84.786,40.113,11.641,9.564,22150057,16,,,,,
18.6207,cubic,open,71,58,71,84.785,40.113,11.641,9.564,22155849,16,,,,,
18.6258,cubic,open,71,58,71,84.784,40.113,11.641,9.564,22161641,16,,,,,
18.6309,cubic,open,71,58,71,84.783,40.113,11.641,9.564,22167433,16,,,,,
18.6359,cubic,open,71,58,71,84.783,40.113,11.641,9.564,22173225,16,,,,,
18.6410,cubic,open,71,58,71,84.78,40.113,11.641,9.565,22179017,16,,,,,
18.6461,cubic,open,71,58,71,84.892,40.113,11.626,9.566,22186257,16,,,,,
18.6511,cubic,open,71,58,71,84.996,40.113,11.612,9.565,22190601,16,,,,,
18.6562,cubic,open,71,58,71,84.926,40.113,11.621,9.564,22199289,16,,,,,
18.6613,cubic,open,71,58,71,84.892,40.113,11.626,9.565,22205081,16,,,,,
18.6664,cubic,open,71,58,71,84.866,40.113,11.63,9.564,22210873,16,,,,,
18.6715,cubic,open,72,58,72,84.845,40.113,11.796,9.564,22216665,16,,,,,
18.6765,cubic,open,72,58,72,85.139,40.113,11.755,9.564,22221009,16,,,,,
18.6816,cubic,open,72,58,72,85.305,40.113,11.733,9.564,22229697,16,,,,,
18.6867,cubic,open,72,58,72,85.465,40.113,11.711,9.565,22235489,16,,,,,
18.6917,cubic,open,72,58,72,85.739,40.113,11.673,9.563,22241281,16,,,,,
18.6968,cubic,open,72,58,72,85.955,40.113,11.644,9.564,22247073,16,,,,,
18.7019,cubic,open,72,58,72,85.964,40.113,11.643,9.564,22252865,16,,,,,
18.7070,cubic,open,72,58,72,85.976,40.113,11.641,9.561,22258657,16,,,,,
18.7121,cubic,open,72,58,72,85.98,40.113,11.641,9.564,22264449,16,,,,,
18.7172,cubic,open,72,58,72,85.982,40.113,11.64,9.564,22270241,16,,,,,
18.7222,cubic,open,72,58,72,85.985,40.113,11.64,9.564,22276033,16,,,,,
18.7273,cubic,open,72,58,72,85.987,40.113,11.64,9.564,22281825,16,,,,,
18.7324,cubic,open,72,58,72,86.121,40.113,11.622,9.564,22289065,16,,,,,
18.7374,cubic,open,72,58,72,86.21,40.113,11.609,9.565,22296305,16,,,,,
18.7425,cubic,open,72,58,72,86.159,40.113,11.616,9.564,22302097,16,,,,,
18.7476,cubic,open,72,58,72,86.12,40.113,11.622,9.564,22307889,16,,,,,
18.7527,cubic,open,72,58,72,86.089,40.113,11.626,9.564,22313681,16,,,,,
18.7577,cubic,open,72,58,72,86.066,40.113,11.629,9.564,22319473,16,,,,,
18.7628,cubic,open,73,58,73,86.577,40.113,11.721,9.564,22326713,16,,,,,
18.7679,cubic,open,73,58,73,86.725,40.113,11.701,9.563,22331057,16,,,,,
18.7729,cubic,open,73,58,73,86.838,40.113,11.686,9.564,22336849,16,,,,,
18.7780,cubic,open,73,58,73,86.925,40.113,11.674,9.563,22342641,16,,,,,
18.7831,cubic,open,73,58,73,86.84,40.113,11.685,9.563,22348433,16,,,,,
18.7883,cubic,open,73,58,73,86.982,40.113,11.666,9.564,22357121,16,,,,,
18.7935,cubic,open,73,58,73,87.028,40.113,11.66,9.567,22362913,16,,,,,
18.7987,cubic,open,73,58,73,87.072,40.113,11.654,9.563,22368705,16,,,,,
18.8038,cubic,open,73,58,73,87.106,40.113,11.65,9.564,22374497,16,,,,,
18.8089,cubic,open,73,58,73,87.172,40.113,11.641,9.562,22380289,16,,,,,
18.8140,cubic,open,73,58,73,87.181,40.113,11.64,9.564,22386081,16,,,,,
18.8190,cubic,open,73,58,73,87.188,40.113,11.639,9.563,22391873,16,,,,,
18.8241,cubic,open,73,58,73,87.312,40.113,11.622,9.563,22399113,16,,,,,
18.8292,cubic,open,73,58,73,87.421,40.113,11.608,9.563,22403457,16,,,,,
18.8343,cubic,open,73,58,73,87.351,40.113,11.617,9.564,22412145,16,,,,,
18.8394,cubic,open,73,58,73,87.326,40.113,11.62,9.557,22417937,16,,,,,
18.8444,cubic,open,73,58,73,87.299,40.113,11.624,9.563,22423729,16,,,,,
18.8495,cubic,open,74,58,74,87.43,40.113,11.765,9.563,22429521,16,,,,,
18.8546,cubic,open,74,58,74,87.803,40.113,11.715,9.563,22435313,16,,,,,
18.8597,cubic,open,74,58,74,88.007,40.113,11.688,9.563,22442553,16,,,,,
18.8648,cubic,open,74,58,74,88.103,40.113,11.676,9.565,22448345,16,,,,,
18.8699,cubic,open,74,58,74,88.175,40.113,11.666,9.565,22454137,16,,,,,
18.8749,cubic,open,74,58,74,88.231,40.113,11.659,9.565,22459929,16,,,,,
18.8800,cubic,open,74,58,74,88.273,40.113,11.653,9.564,22465721,16,,,,,
18.8851,cubic,open,74,58,74,88.307,40.113,11.649,9.564,22471513,16,,,,,
18.8902,cubic,open,74,58,74,88.329,40.113,11.646,9.566,22477305,16,,,,,
18.8952,cubic,open,74,58,74,88.304,40.113,11.649,9.604,22483097,16,,,,,
18.9003,cubic,open,74,58,74,88.329,40.113,11.646,9.564,22488889,16,,,,,
18.9054,cubic,open,74,58,74,88.35,40.113,11.643,9.564,22494681,16,,,,,
18.9105,cubic,open,74,58,74,88.524,40.113,11.62,9.562,22503369,16,,,,,
18.9156,cubic,open,74,58,74,88.497,40.113,11.624,9.564,22507713,16,,,,,
18.9207,cubic,open,74,58,74,88.586,40.113,11.612,9.563,22514953,16,,,,,
18.9258,cubic,open,74,58,74,88.545,40.113,11.617,9.565,22520745,16,,,,,
18.9309,cubic,open,74,58,74,88.51,40.113,11.622,9.564,22526537,16,,,,,
18.9359,cubic,open,74,58,74,88.489,40.113,11.625,9.564,22532329,16,,,,,
18.9410,cubic,open,75,58,75,88.888,40.113,11.729,9.564,22539569,16,,,,,
18.9461,cubic,open,75,58,75,89.214,40.113,11.686,9.563,22545361,16,,,,,
18.9512,cubic,open,75,58,75,89.31,40.113,11.673,9.564,22549705,16,,,,,
18.9563,cubic,open,75,58,75,89.384,40.113,11.664,9.564,22555497,16,,,,,
18.9613,cubic,open,75,58,75,89.466,40.113,11.653,9.563,22564185,16,,,,,
18.9664,cubic,open,75,58,75,89.505,40.113,11.648,9.563,22569977,16,,,,,
18.9715,cubic,open,75,58,75,89.534,40.113,11.644,9.564,22575769,16,,,,,
18.9766,cubic,open,75,58,75,89.555,40.113,11.641,9.564,22581561,16,,,,,
18.9818,cubic,open,75,58,75,89.571,40.113,11.639,9.565,22587353,16,,,,,
18.9869,cubic,open,75,58,75,89.586,40.113,11.637,9.563,22593145,16,,,,,
18.9920,cubic,open,75,58,75,89.596,40.113,11.636,9.564,22598937,16,,,,,
18.9970,cubic,open,75,58,75,89.602,40.113,11.635,9.565,22604729,16,,,,,
19.0021,cubic,open,75,58,75,89.607,40.113,11.635,9.564,22610521,16,,,,,
19.0072,cubic,open,75,58,75,89.729,40.113,11.619,9.564,22617761,16,,,,,
19.0123,cubic,open,75,58,75,89.812,40.113,11.608,9.564,22625001,16,,,,,
19.0173,cubic,open,75,58,75,89.77,40.113,11.614,9.563,22630793,16,,,,,
19.0224,cubic,open,75,58,75,89.736,40.113,11.618,9.564,22636585,16,,,,,
19.0275,cubic,open,76,58,76,89.71,40.113,11.776,9.565,22642377,16,,,,,
19.0326,cubic,open,76,58,76,89.974,40.113,11.742,9.565,22648169,16,,,,,
19.0376,cubic,open,76,58,76,90.174,40.113,11.716,9.565,22653961,16,,,,,
19.0427,cubic,open,76,58,76,90.509,40.113,11.672,9.564,22661201,16,,,,,
19.0478,cubic,open,76,58,76,90.585,40.113,11.663,9.564,22666993,16,,,,,
19.0530,cubic,open,76,58,76,90.643,40.113,11.655,9.565,22672785,16,,,,,
19.0581,cubic,open,76,58,76,90.688,40.113,11.649,9.565,22678577,16,,,,,
19.0633,cubic,open,76,58,76,90.723,40.113,11.645,9.564,22684369,16,,,,,
19.0684,cubic,open,76,58,76,90.751,40.113,11.641,9.564,22690161,16,,,,,
19.0735,cubic,open,76,58,76,90.772,40.113,11.639,9.563,22695953,16,,,,,
19.0786,cubic,open,76,58,76,90.786,40.113,11.637,9.566,22701745,16,,,,,
19.0837,cubic,open,76,58,76,90.805,40.113,11.634,9.563,22710433,16,,,,,
19.0888,cubic,open,76,58,76,90.813,40.113,11.633,9.564,22716225,16,,,,,
19.0939,cubic,open,76,58,76,90.819,40.113,11.633,9.564,22722017,16,,,,,
19.0990,cubic,open,76,58,76,90.955,40.113,11.615,9.565,22726361,16,,,,,
19.1041,cubic,open,76,58,76,91.049,40.113,11.603,9.564,22733601,16,,,,,
19.1092,cubic,open,76,58,76,90.998,40.113,11.61,9.565,22739393,16,,,,,
19.1143,cubic,open,76,58,76,90.962,40.113,11.614,9.563,22745185,16,,,,,
19.1194,cubic,open,76,58,76,90.933,40.113,11.618,9.564,22750977,16,,,,,
19.1245,cubic,open,77,58,77,91.322,40.113,11.721,9.564,22758217,16,,,,,
19.1296,cubic,open,77,58,77,91.495,40.113,11.699,9.563,22764009,16,,,,,
19.1347,cubic,open,77,58,77,91.81,40.113,11.658,9.565,22771249,16,,,,,
19.1398,cubic,open,77,58,77,91.866,40.113,11.651,9.564,22777041,16,,,,,
19.1449,cubic,open,77,58,77,91.909,40.113,11.646,9.564,22782833,16,,,,,
19.1500,cubic,open,77,58,77,91.941,40.113,11.642,9.564,22788625,16,,,,,
19.1551,cubic,open,77,58,77,91.964,40.113,11.639,9.564,22794417,16,,,,,
19.1602,cubic,open,77,58,77,91.982,40.113,11.637,9.566,22800209,16,,,,,
19.1652,cubic,open,77,58,77,91.995,40.113,11.635,9.566,22806001,16,,,,,
19.1703,cubic,open,77,58,77,92.009,40.113,11.633,9.563,22811793,16,,,,,
19.1754,cubic,open,77,58,77,92.017,40.113,11.632,9.565,22817585,16,,,,,
19.1804,cubic,open,77,58,77,92.024,40.113,11.631,9.564,22823377,16,,,,,
19.1855,cubic,open,77,58,77,92.032,40.113,11.63,9.564,22832065,16,,,,,
19.1905,cubic,open,77,58,77,92.187,40.113,11.611,9.564,22837857,16,,,,,
19.1956,cubic,open,77,58,77,92.151,40.113,11.615,9.565,22842201,16,,,,,
19.2007,cubic,open,77,58,77,92.232,40.113,11.605,9.565,22849441,16,,,,,
19.2057,cubic,open,77,58,77,92.186,40.113,11.611,9.566,22855233,16,,,,,
19.2108,cubic,open,77,58,77,92.152,40.113,11.615,9.565,22861025,16,,,,,
19.2159,cubic,open,78,58,78,92.279,40.113,11.75,9.564,22866817,16,,,,,
19.2210,cubic,open,78,58,78,92.507,40.113,11.721,9.565,22872609,16,,,,,
19.2261,cubic,open,78,58,78,92.682,40.113,11.699,9.564,22878401,16,,,,,
19.2312,cubic,open,78,58,78,93.003,40.113,11.658,9.565,22885641,16,,,,,
19.2362,cubic,open,78,58,78,93.063,40.113,11.651,9.564,22891433,16,,,,,
19.2413,cubic,open,78,58,78,93.108,40.113,11.645,9.565,22897225,16,,,,,
19.2464,cubic,open,78,58,78,93.144,40.113,11.641,9.564,22903017,16,,,,,
19.2515,cubic,open,78,58,78,93.172,40.113,11.637,9.564,22908809,16,,,,,
19.2567,cubic,open,78,58,78,93.194,40.113,11.634,9.564,22914601,16,,,,,
19.2617,cubic,open,78,58,78,93.214,40.113,11.632,9.565,22923289,16,,,,,
19.2668,cubic,open,78,58,78,93.224,40.113,11.631,9.565,22929081,16,,,,,
19.2719,cubic,open,78,58,78,93.233,40.113,11.63,9.564,22934873,16,,,,,
19.2770,cubic,open,78,58,78,93.239,40.113,11.629,9.564,22940665,16,,,,,
19.2820,cubic,open,78,58,78,93.244,40.113,11.628,9.564,22946457,16,,,,,
19.2871,cubic,open,78,58,78,93.385,40.113,11.611,9.564,22953697,16,,,,,
19.2922,cubic,open,78,58,78,93.51,40.113,11.595,9.562,22959489,16,,,,,
19.2973,cubic,open,78,58,78,93.452,40.113,11.602,9.564,22963833,16,,,,,
19.3024,cubic,open,78,58,78,93.409,40.113,11.608,9.563,22969625,16,,,,,
19.3075,cubic,open,78,58,78,93.374,40.113,11.612,9.564,22975417,16,,,,,
19.3126,cubic,open,79,58,79,93.758,40.113,11.713,9.564,22982657,16,,,,,
19.3177,cubic,open,79,58,79,93.924,40.113,11.692,9.564,22988449,16,,,,,
19.3228,cubic,open,79,58,79,94.053,40.113,11.676,9.564,22994241,16,,,,,
19.3279,cubic,open,79,58,79,94.323,40.113,11.643,9.565,23001481,16,,,,,
19.3330,cubic,open,79,58,79,94.358,40.113,11.638,9.564,23007273,16,,,,,
19.3381,cubic,open,79,58,79,94.384,40.113,11.635,9.564,23013065,16,,,,,
19.3432,cubic,open,79,58,79,94.404,40.113,11.633,9.565,23018857,16,,,,,
19.3483,cubic,open,79,58,79,94.417,40.113,11.631,9.565,23024649,16,,,,,
19.3535,cubic,open,79,58,79,94.43,40.113,11.629,9.564,23030441,16,,,,,
19.3586,cubic,open,79,58,79,94.443,40.113,11.628,9.564,23039129,16,,,,,
19.3638,cubic,open,79,58,79,94.451,40.113,11.627,9.564,23044921,16,,,,,
19.3689,cubic,open,79,58,79,94.457,40.113,11.626,9.564,23050713,16,,,,,
19.3740,cubic,open,79,58,79,94.46,40.113,11.626,9.565,23056505,16,,,,,
19.3790,cubic,open,79,58,79,94.461,40.113,11.626,9.566,23062297,16,,,,,
19.3841,cubic,open,79,58,79,94.596,40.113,11.609,9.564,23069537,16,,,,,
19.3892,cubic,open,79,58,79,94.716,40.113,11.594,9.564,23075329,16,,,,,
19.3942,cubic,open,79,58,79,94.66,40.113,11.601,9.563,23079673,16,,,,,
19.3993,cubic,open,79,58,79,94.617,40.113,11.606,9.563,23085465,16,,,,,
19.4044,cubic,open,79,58,79,94.585,40.113,11.61,9.563,23091257,16,,,,,
19.4095,cubic,open,79,58,79,95.02,40.113,11.557,9.563,23099945,16,,,,,
19.4146,cubic,open,79,58,79,95.176,40.113,11.538,9.564,23105737,16,,,,,
19.4196,cubic,open,79,58,79,95.295,40.113,11.524,9.564,23111529,16,,,,,
19.4247,cubic,open,79,58,79,95.538,40.113,11.494,9.564,23117321,16,,,,,
19.4298,cubic,open,79,58,79,95.572,40.113,11.49,9.564,23121665,16,,,,,
19.4348,cubic,open,79,58,79,95.609,40.113,11.486,9.565,23130353,16,,,,,
19.4399,cubic,open,79,58,79,95.626,40.113,11.484,9.564,23136145,16,,,,,
19.4450,cubic,open,79,58,79,95.64,40.113,11.482,9.564,23141937,16,,,,,
19.4501,cubic,open,80,58,80,95.654,40.113,11.626,9.562,23147729,16,,,,,
19.4552,cubic,open,80,58,80,95.66,40.113,11.625,9.564,23153521,16,,,,,
19.4603,cubic,open,80,58,80,95.665,40.113,11.625,9.564,23159313,16,,,,,
19.4653,cubic,open,80,58,80,95.665,40.113,11.624,9.565,23165105,16,,,,,
19.4704,cubic,open,80,58,80,95.67,40.113,11.624,9.564,23170897,16,,,,,
19.4755,cubic,open,80,58,80,95.674,40.113,11.623,9.564,23176689,16,,,,,
19.4805,cubic,open,80,58,80,95.675,40.113,11.623,9.564,23182481,16,,,,,
19.4856,cubic,open,80,58,80,95.795,40.113,11.609,9.563,23189721,16,,,,,
19.4907,cubic,open,80,58,80,95.872,40.113,11.599,9.566,23196961,16,,,,,
19.4958,cubic,open,80,58,80,95.827,40.113,11.605,9.564,23202753,16,,,,,
19.5008,cubic,open,80,58,80,95.696,40.113,11.621,9.642,23208545,16,,,,,
19.5059,cubic,open,80,58,80,95.762,40.113,11.613,9.565,23212889,16,,,,,
19.5110,cubic,open,80,58,80,95.852,40.113,11.602,9.564,23220129,16,,,,,
19.5161,cubic,open,80,58,80,95.814,40.113,11.606,9.564,23225921,16,,,,,
19.5212,cubic,open,80,58,80,95.785,40.113,11.61,9.563,23231713,16,,,,,
19.5263,cubic,open,80,58,80,95.87,40.113,11.6,9.563,23238953,16,,,,,
19.5314,cubic,open,80,58,80,95.827,40.113,11.605,9.564,23244745,16,,,,,
19.5365,cubic,open,80,58,80,95.793,40.113,11.609,9.564,23250537,16,,,,,
19.5415,cubic,open,80,58,80,95.768,40.113,11.612,9.564,23256329,16,,,,,
19.5466,cubic,open,80,58,80,96.041,40.113,11.579,9.567,23263569,16,,,,,
19.5517,cubic,open,80,58,80,96.242,40.113,11.555,9.563,23269361,16,,,,,
19.5567,cubic,open,80,58,80,96.396,40.113,11.536,9.564,23275153,16,,,,,
19.5618,cubic,open,80,58,80,96.516,40.113,11.522,9.562,23280945,16,,,,,
19.5669,cubic,open,80,58,80,96.605,40.113,11.511,9.564,23286737,16,,,,,
19.5719,cubic,open,80,58,80,96.673,40.113,11.503,9.564,23292529,16,,,,,
19.5770,cubic,open,80,58,80,96.725,40.113,11.497,9.564,23298321,16,,,,,
19.5821,cubic,open,80,58,80,96.916,40.113,11.475,9.563,23305561,16,,,,,
19.5872,cubic,open,80,58,80,97.061,40.113,11.457,9.564,23311353,16,,,,,
19.5923,cubic,open,80,58,80,97.005,40.113,11.464,9.564,23318593,16,,,,,
19.5973,cubic,open,80,58,80,96.979,40.113,11.467,9.564,23324385,16,,,,,
19.6024,cubic,open,80,58,80,97.111,40.113,11.451,9.565,23330177,16,,,,,
19.6074,cubic,open,80,58,80,97.171,40.113,11.444,9.564,23335969,16,,,,,
19.6125,cubic,open,80,58,80,97.104,40.113,11.452,9.564,23341761,16,,,,,
19.6176,cubic,open,81,58,81,97.053,40.113,11.601,9.565,23347553,16,,,,,
19.6226,cubic,open,81,58,81,97.135,40.113,11.592,9.565,23354793,16,,,,,
19.6277,cubic,open,81,58,81,97.078,40.113,11.598,9.564,23360585,16,,,,,
19.6328,cubic,open,81,58,81,97.035,40.113,11.604,9.564,23366377,16,,,,,
19.6379,cubic,open,81,58,81,97.002,40.113,11.608,9.564,23372169,16,,,,,
19.6429,cubic,open,81,58,81,96.977,40.113,11.611,9.564,23377961,16,,,,,
19.6480,cubic,open,81,58,81,97.065,40.113,11.6,9.563,23385201,16,,,,,
19.6531,cubic,open,81,58,81,97.024,40.113,11.605,9.564,23390993,16,,,,,
19.6581,cubic,open,81,58,81,96.99,40.113,11.609,9.562,23396785,16,,,,,
19.6632,cubic,open,81,58,81,96.966,40.113,11.612,9.564,23402577,16,,,,,
19.6683,cubic,open,81,58,81,96.95,40.113,11.614,9.564,23408369,16,,,,,
19.6733,cubic,open,81,58,81,96.937,40.113,11.615,9.564,23414161,16,,,,,
19.6784,cubic,open,81,58,81,96.927,40.113,11.617,9.564,23419953,16,,,,,
19.6834,cubic,open,81,58,81,97.03,40.113,11.604,9.564,23427193,16,,,,,
19.6885,cubic,open,81,58,81,97.131,40.113,11.592,9.564,23431537,16,,,,,
19.6936,cubic,open,81,58,81,97.075,40.113,11.599,9.564,23437329,16,,,,,
19.6987,cubic,open,81,58,81,97.033,40.113,11.604,9.564,23443121,16,,,,,
19.7037,cubic,open,81,58,81,97.119,40.113,11.594,9.564,23450361,16,,,,,
19.7088,cubic,open,81,58,81,97.161,40.113,11.589,9.564,23457601,16,,,,,
19.7139,cubic,open,81,58,81,97.277,40.113,11.575,9.564,23463393,16,,,,,
19.7190,cubic,open,81,58,81,97.471,40.113,11.552,9.564,23467737,16,,,,,
19.7242,cubic,open,81,58,81,97.809,40.113,11.512,9.564,23474977,16,,,,,
19.7293,cubic,open,81,58,81,97.878,40.113,11.504,9.564,23480769,16,,,,,
19.7344,cubic,open,81,58,81,97.931,40.113,11.497,9.564,23486561,16,,,,,
19.7395,cubic,open,81,58,81,97.973,40.113,11.493,9.564,23492353,16,,,,,
19.7446,cubic,open,81,58,81,98.004,40.113,11.489,9.564,23498145,16,,,,,
19.7497,cubic,open,81,58,81,98.153,40.113,11.471,9.564,23505385,16,,,,,
19.7548,cubic,open,81,58,81,98.142,40.113,11.473,9.564,23511177,16,,,,,
19.7599,cubic,open,81,58,81,98.134,40.113,11.474,9.564,23516969,16,,,,,
19.7650,cubic,open,81,58,81,98.128,40.113,11.474,9.564,23522761,16,,,,,
19.7701,cubic,open,81,58,81,98.123,40.113,11.475,9.564,23528553,16,,,,,
19.7752,cubic,open,81,58,81,98.117,40.113,11.476,9.564,23537241,16,,,,,
19.7802,cubic,open,81,58,81,98.266,40.113,11.458,9.564,23543033,16,,,,,
19.7853,cubic,open,81,58,81,98.229,40.113,11.463,9.564,23547377,16,,,,,
19.7904,cubic,open,81,58,81,98.304,40.113,11.454,9.564,23554617,16,,,,,
19.7955,cubic,open,81,58,81,98.261,40.113,11.459,9.562,23560409,16,,,,,
19.8006,cubic,open,81,58,81,98.225,40.113,11.463,9.564,23566201,16,,,,,
19.8056,cubic,open,81,58,81,98.456,40.113,11.436,9.563,23573441,16,,,,,
19.8107,cubic,open,81,58,81,98.375,40.113,11.446,9.563,23577785,16,,,,,
19.8159,cubic,open,82,58,82,98.426,40.113,11.581,9.564,23585025,16,,,,,
19.8210,cubic,open,82,58,82,98.352,40.113,11.59,9.564,23590817,16,,,,,
19.8261,cubic,open,82,58,82,98.389,40.113,11.585,9.564,23598057,16,,,,,
19.8312,cubic,open,82,58,82,98.354,40.113,11.589,9.564,23600953,16,,,,,
19.8362,cubic,open,82,58,82,98.314,40.113,11.594,9.563,23609641,16,,,,,
19.8413,cubic,open,82,58,82,98.265,40.113,11.6,9.564,23615433,16,,,,,
19.8464,cubic,open,82,58,82,98.381,40.113,11.586,9.446,23621225,16,,,,,
19.8515,cubic,open,82,58,82,98.318,40.113,11.594,9.563,23625569,16,,,,,
19.8566,cubic,open,82,58,82,98.26,40.113,11.6,9.563,23634257,16,,,,,
19.8617,cubic,open,82,58,82,98.226,40.113,11.604,9.564,23640049,16,,,,,
19.8668,cubic,open,82,58,82,98.2,40.113,11.608,9.564,23645841,16,,,,,
19.8718,cubic,open,82,58,82,98.178,40.113,11.61,9.564,23651633,16,,,,,
19.8769,cubic,open,82,58,82,98.164,40.113,11.612,9.563,23657425,16,,,,,
19.8820,cubic,open,82,58,82,98.28,40.113,11.598,9.563,23664665,16,,,,,
19.8871,cubic,open,82,58,82,98.391,40.113,11.585,9.446,23670457,16,,,,,
19.8922,cubic,open,82,58,82,98.324,40.113,11.593,9.563,23674801,16,,,,,
19.8973,cubic,open,82,58,82,98.272,40.113,11.599,9.563,23680593,16,,,,,
19.9024,cubic,open,82,58,82,98.37,40.113,11.587,9.563,23689281,16,,,,,
19.9075,cubic,open,82,58,82,98.416,40.113,11.582,9.563,23695073,16,,,,,
19.9127,cubic,open,82,58,82,98.335,40.113,11.592,9.564,23700865,16,,,,,
19.9178,cubic,open,82,58,82,98.588,40.113,11.562,9.564,23706657,16,,,,,
19.9229,cubic,open,82,58,82,98.761,40.113,11.542,9.563,23712449,16,,,,,
19.9280,cubic,open,82,58,82,99.063,40.113,11.506,9.563,23719689,16,,,,,
19.9331,cubic,open,82,58,82,99.079,40.113,11.505,9.565,23725481,16,,,,,
19.9382,cubic,open,82,58,82,99.136,40.113,11.498,9.564,23731273,16,,,,,
19.9433,cubic,open,82,58,82,99.18,40.113,11.493,9.564,23737065,16,,,,,
19.9485,cubic,open,82,58,82,99.359,40.113,11.472,9.564,23744305,16,,,,,
19.9536,cubic,open,82,58,82,99.339,40.113,11.474,9.564,23750097,16,,,,,
19.9587,cubic,open,82,58,82,99.333,40.113,11.475,9.564,23755889,16,,,,,
19.9641,cubic,open,82,58,82,99.33,40.113,11.475,9.565,23761681,16,,,,,
19.9692,cubic,open,82,58,82,99.329,40.113,11.476,9.563,23767473,16,,,,,
19.9743,cubic,open,82,58,82,99.328,40.113,11.476,9.564,23773265,16,,,,,
19.9794,cubic,open,82,58,82,99.327,40.113,11.476,9.563,23779057,16,,,,,
19.9845,cubic,open,82,58,82,99.459,40.113,11.461,9.563,23786297,16,,,,,
19.9896,cubic,open,82,58,82,99.548,40.113,11.45,9.563,23793537,16,,,,,
19.9947,cubic,open,82,58,82,99.494,40.113,11.457,9.564,23799329,16,,,,,
19.9998,cubic,open,82,58,82,99.451,40.113,11.461,9.564,23805121,16,,,,,
20.0049,cubic,open,82,58,82,99.572,40.113,11.448,9.564,23810913,16,,,,,
20.0100,cubic,open,82,58,82,99.617,40.113,11.442,9.565,23816705,16,,,,,
20.0151,cubic,open,82,58,82,99.548,40.113,11.45,9.563,23822497,16,,,,,
20.0202,cubic,open,82,58,82,99.494,40.113,11.457,9.562,23828289,16,,,,,
20.0252,cubic,open,82,58,82,99.452,40.113,11.461,9.565,23834081,16,,,,,
20.0303,cubic,open,82,58,82,99.523,40.113,11.453,9.565,23841321,16,,,,,
20.0354,cubic,open,82,58,82,99.473,40.113,11.459,9.563,23847113,16,,,,,
20.0405,cubic,open,82,58,82,99.435,40.113,11.463,9.563,23852905,16,,,,,
20.0455,cubic,open,82,58,82,99.405,40.113,11.467,9.564,23858697,16,,,,,
20.0506,cubic,open,82,58,82,99.506,40.113,11.455,9.564,23865937,16,,,,,
20.0557,cubic,open,82,58,82,99.461,40.113,11.46,9.564,23871729,16,,,,,
20.0608,cubic,open,82,58,82,99.425,40.113,11.465,9.562,23877521,16,,,,,
20.0659,cubic,open,82,58,82,99.398,40.113,11.468,9.563,23883313,16,,,,,
20.0711,cubic,open,82,58,82,99.377,40.113,11.47,9.563,23889105,16,,,,,
20.0762,cubic,open,82,58,82,99.361,40.113,11.472,9.564,23894897,16,,,,,
20.0813,cubic,open,83,58,83,99.349,40.113,11.613,9.563,23900689,16,,,,,
20.0863,cubic,open,83,58,83,99.466,40.113,11.599,9.563,23907929,16,,,,,
20.0914,cubic,open,83,58,83,99.547,40.113,11.59,9.563,23915169,16,,,,,
20.0965,cubic,open,83,58,83,99.493,40.113,11.596,9.563,23920961,16,,,,,
20.1016,cubic,open,83,58,83,99.453,40.113,11.601,9.563,23926753,16,,,,,
20.1066,cubic,open,83,58,83,99.573,40.113,11.587,9.564,23932545,16,,,,,
20.1117,cubic,open,83,58,83,99.621,40.113,11.582,9.563,23938337,16,,,,,
20.1168,cubic,open,83,58,83,99.548,40.113,11.59,9.564,23944129,16,,,,,
20.1219,cubic,open,83,58,83,99.491,40.113,11.597,9.563,23949921,16,,,,,
20.1270,cubic,open,83,58,83,99.432,40.113,11.604,9.563,23957161,16,,,,,
20.1321,cubic,open,83,58,83,99.405,40.113,11.607,9.564,23962953,16,,,,,
20.1372,cubic,open,83,58,83,99.384,40.113,11.609,9.564,23968745,16,,,,,
20.1423,cubic,open,83,58,83,99.373,40.113,11.61,9.562,23974537,16,,,,,
20.1474,cubic,open,83,58,83,99.367,40.113,11.611,9.561,23980329,16,,,,,
20.1525,cubic,open,83,58,83,99.494,40.113,11.596,9.561,23987569,16,,,,,
20.1575,cubic,open,83,58,83,99.453,40.113,11.601,9.562,23993361,16,,,,,
20.1626,cubic,open,83,58,83,99.421,40.113,11.605,9.564,23999153,16,,,,,
20.1677,cubic,open,83,58,83,99.399,40.113,11.607,9.564,24004945,16,,,,,
20.1728,cubic,open,83,58,83,99.381,40.113,11.609,9.563,24010737,16,,,,,
20.1778,cubic,open,83,58,83,99.366,40.113,11.611,9.564,24016529,16,,,,,
20.1829,cubic,open,83,58,83,99.766,40.113,11.565,9.565,24023769,16,,,,,
20.1880,cubic,open,83,58,83,100.097,40.113,11.526,9.564,24029561,16,,,,,
20.1930,cubic,open,83,58,83,100.387,40.113,11.493,9.565,24036801,16,,,,,
20.1983,cubic,open,83,58,83,100.417,40.113,11.49,9.565,24041145,16,,,,,
20.2033,cubic,open,83,58,83,100.439,40.113,11.487,9.567,24046937,16,,,,,
20.2084,cubic,open,83,58,83,100.458,40.113,11.485,9.565,24052729,16,,,,,
20.2135,cubic,open,83,58,83,100.746,40.113,11.452,9.564,24059969,16,,,,,
20.2186,cubic,open,83,58,83,100.672,40.113,11.461,9.565,24067209,16,,,,,
20.2236,cubic,open,83,58,83,100.637,40.113,11.465,9.564,24073001,16,,,,,
20.2287,cubic,open,83,58,83,100.759,40.113,11.451,9.564,24078793,16,,,,,
20.2338,cubic,open,83,58,83,100.703,40.113,11.457,9.565,24083137,16,,,,,
20.2389,cubic,open,83,58,83,100.661,40.113,11.462,9.565,24088929,16,,,,,
20.2439,cubic,open,83,58,83,100.608,40.113,11.468,9.567,24097617,16,,,,,
20.2490,cubic,open,83,58,83,100.58,40.113,11.471,9.569,24103409,16,,,,,
20.2541,cubic,open,83,58,83,100.722,40.113,11.455,9.564,24109201,16,,,,,
20.2591,cubic,open,83,58,83,100.674,40.113,11.46,9.566,24113545,16,,,,,
20.2642,cubic,open,83,58,83,100.638,40.113,11.465,9.565,24119337,16,,,,,
20.2693,cubic,open,83,58,83,100.608,40.113,11.468,9.565,24125129,16,,,,,
20.2744,cubic,open,83,58,83,100.579,40.113,11.471,9.564,24133817,16,,,,,
20.2794,cubic,open,83,58,83,100.567,40.113,11.473,9.564,24139609,16,,,,,
20.2845,cubic,open,83,58,83,100.69,40.113,11.458,9.564,24143953,16,,,,,
20.2896,cubic,open,83,58,83,100.652,40.113,11.463,9.564,24149745,16,,,,,
20.2946,cubic,open,83,58,83,100.728,40.113,11.454,9.564,24156985,16,,,,,
20.2997,cubic,open,83,58,83,100.779,40.113,11.448,9.564,24164225,16,,,,,
20.3048,cubic,open,83,58,83,100.72,40.113,11.455,9.564,24170017,16,,,,,
20.3098,cubic,open,83,58,83,100.676,40.113,11.46,9.563,24175809,16,,,,,
20.3149,cubic,open,83,58,83,100.773,40.113,11.449,9.564,24180153,16,,,,,
20.3201,cubic,open,83,58,83,100.809,40.113,11.445,9.563,24187393,16,,,,,
20.3252,cubic,open,83,58,83,100.745,40.113,11.452,9.564,24193185,16,,,,,
20.3304,cubic,open,83,58,83,100.696,40.113,11.458,9.563,24198977,16,,,,,
20.3354,cubic,open,83,58,83,100.757,40.113,11.451,9.564,24206217,16,,,,,
20.3405,cubic,open,83,58,83,100.705,40.113,11.457,9.563,24212009,16,,,,,
20.3456,cubic,open,83,58,83,100.665,40.113,11.461,9.563,24217801,16,,,,,
20.3508,cubic,open,83,58,83,100.636,40.113,11.465,9.563,24223593,16,,,,,
20.3559,cubic,open,83,58,83,100.604,40.113,11.468,9.563,24229385,16,,,,,
20.3610,cubic,open,83,58,83,100.701,40.113,11.457,9.563,24236625,16,,,,,
20.3661,cubic,open,83,58,83,100.666,40.113,11.461,9.562,24242417,16,,,,,
20.3713,cubic,open,83,58,83,100.64,40.113,11.464,9.562,24248209,16,,,,,
20.3764,cubic,open,83,58,83,100.615,40.113,11.467,9.564,24254001,16,,,,,
20.3815,cubic,open,83,58,83,100.596,40.113,11.469,9.564,24259793,16,,,,,
20.3866,cubic,open,83,58,83,100.71,40.113,11.456,9.563,24267033,16,,,,,
20.3917,cubic,open,83,58,83,100.673,40.113,11.461,9.562,24272825,16,,,,,
20.3968,cubic,open,83,58,83,100.745,40.113,11.452,9.563,24280065,16,,,,,
20.4021,cubic,open,83,58,83,100.828,40.113,11.443,9.563,24284409,16,,,,,
20.4072,cubic,open,84,58,84,100.761,40.113,11.588,9.563,24290201,16,,,,,
20.4124,cubic,open,84,58,84,100.69,40.113,11.594,9.561,24298889,16,,,,,
20.4175,cubic,open,84,58,84,100.788,40.113,11.585,9.563,24303233,16,,,,,
20.4226,cubic,open,84,58,84,100.815,40.113,11.582,9.562,24310473,16,,,,,
20.4277,cubic,open,84,58,84,100.751,40.113,11.59,9.563,24316265,16,,,,,
20.4328,cubic,open,84,58,84,100.701,40.113,11.595,9.563,24322057,16,,,,,
20.4379,cubic,open,84,58,84,100.762,40.113,11.588,9.564,24329297,16,,,,,
20.4430,cubic,open,84,58,84,100.712,40.113,11.594,9.561,24335089,16,,,,,
20.4481,cubic,open,84,58,84,100.668,40.113,11.599,9.562,24340881,16,,,,,
20.4532,cubic,open,84,58,84,100.637,40.113,11.603,9.563,24346673,16,,,,,
20.4583,cubic,open,84,58,84,100.61,40.113,11.606,9.563,24352465,16,,,,,
20.4635,cubic,open,84,58,84,100.693,40.113,11.596,9.562,24359705,16,,,,,
20.4686,cubic,open,84,58,84,100.652,40.113,11.601,9.561,24365497,16,,,,,
20.4737,cubic,open,84,58,84,100.621,40.113,11.605,9.563,24371289,16,,,,,
20.4788,cubic,open,84,58,84,100.6,40.113,11.607,9.563,24377081,16,,,,,
20.4839,cubic,open,84,58,84,100.585,40.113,11.609,9.563,24382873,16,,,,,
20.4890,cubic,open,84,58,84,100.694,40.113,11.596,9.561,24390113,16,,,,,
20.4941,cubic,open,84,58,84,100.655,40.113,11.601,9.564,24395905,16,,,,,
20.4992,cubic,open,84,58,84,100.757,40.113,11.589,9.563,24400249,16,,,,,
20.5044,cubic,open,84,58,84,100.815,40.113,11.582,9.563,24407489,16,,,,,
20.5095,cubic,recovery,83,58,83,100.425,40.113,11.904,9.448,24410385,17,,,,,
20.5146,cubic,recovery,82,58,82,100.644,40.113,12.154,9.473,24410385,17,,,,,
20.5198,cubic,recovery,81,58,81,100.753,40.113,12.417,9.47,24410385,17,,,,,
20.5249,cubic,recovery,79,58,79,100.862,40.113,12.955,9.447,24410385,17,,,,,
20.5301,cubic,recovery,78,58,78,100.862,40.113,13.368,9.448,24410385,17,,,,,
20.5353,cubic,recovery,77,58,77,100.869,40.113,13.643,9.469,24410385,17,,,,,
20.5404,cubic,recovery,76,58,76,101.01,40.113,14.037,9.469,24410385,17,,,,,
20.5456,cubic,recovery,74,58,74,100.894,40.113,14.604,9.448,24410385,17,,,,,
20.5508,cubic,recovery,73,58,73,100.884,40.113,14.881,9.449,24410385,17,,,,,
20.5559,cubic,recovery,72,58,72,100.878,40.113,15.296,9.45,24410385,17,,,,,
20.5610,cubic,recovery,70,58,70,100.876,40.113,15.709,9.468,24410385,17,,,,,
20.5661,cubic,recovery,69,58,69,100.923,40.113,16.115,9.448,24410385,17,,,,,
20.5712,cubic,recovery,68,58,68,100.9,40.113,16.532,9.451,24410385,17,,,,,
20.5763,cubic,recovery,66,58,66,100.887,40.113,16.948,9.447,24410385,17,,,,,
20.5814,cubic,recovery,65,58,65,100.882,40.113,17.362,9.448,24410385,17,,,,,
20.5865,cubic,recovery,64,58,64,100.953,40.113,17.763,9.471,24410385,17,,,,,
20.5916,cubic,recovery,62,58,62,100.937,40.113,18.179,9.449,24410385,17,,,,,
20.5967,cubic,recovery,61,58,61,100.907,40.113,18.597,9.47,24410385,17,,,,,
20.6018,cubic,recovery,60,58,60,101.024,40.113,18.851,9.471,24410385,17,,,,,
20.6069,cubic,recovery,58,58,58,100.97,40.113,19.136,9.446,24410385,17,,,,,
20.6120,cubic,open,58,58,58,101.018,40.113,7.981,9.564,24534913,17,,,,,
20.6171,cubic,open,58,58,58,100.489,40.113,8.023,9.242,24543601,17,,,,,
20.6222,cubic,open,58,58,58,99.543,40.113,8.099,9.125,24549393,17,,,,,
20.6273,cubic,open,58,58,58,98.533,40.113,8.182,8.891,24555185,17,,,,,
20.6324,cubic,open,58,58,58,97.19,40.113,8.295,8.558,24560977,17,,,,,
20.6375,cubic,open,58,58,58,95.597,40.113,8.434,8.545,24566769,17,,,,,
20.6426,cubic,open,58,58,58,93.81,40.113,8.594,8.315,24572561,17,,,,,
20.6476,cubic,open,59,58,59,91.873,40.113,8.927,7.987,24578353,17,,,,,
20.6527,cubic,open,59,58,59,90.111,40.113,9.101,7.76,24584145,17,,,,,
20.6578,cubic,open,59,58,59,88.193,40.113,9.299,7.531,24589937,17,,,,,
20.6629,cubic,open,59,58,59,86.155,40.113,9.519,7.508,24595729,17,,,,,
20.6679,cubic,open,59,58,57,82.936,40.113,9.889,7.161,24604417,17,,,,,
20.6730,cubic,open,59,58,58,80.845,40.113,10.145,6.961,24608761,17,,,,,
20.6781,cubic,open,59,58,58,78.676,40.113,10.424,6.619,24614553,17,,,,,
20.6832,cubic,open,60,58,57,76.033,40.113,10.97,6.751,24621793,17,,,,,
20.6883,cubic,open,60,58,59,74.667,40.113,11.17,6.915,24627585,17,,,,,
20.6934,cubic,open,60,58,60,73.448,40.113,11.356,7.022,24633377,17,,,,,
20.6985,cubic,open,60,58,60,72.309,40.113,11.534,7.139,24639169,17,,,,,
20.7036,cubic,open,60,58,60,71.247,40.113,11.706,7.264,24644961,17,,,,,
20.7087,cubic,open,60,58,60,70.261,40.113,11.871,7.303,24650753,17,,,,,
20.7139,cubic,open,60,58,60,68.932,40.113,12.099,7.527,24659441,17,,,,,
20.7190,cubic,open,60,58,60,68.181,40.113,12.233,7.63,24663785,17,,,,,
20.7241,cubic,open,60,58,60,67.537,40.113,12.349,7.814,24669577,17,,,,,
20.7292,cubic,open,60,58,60,66.986,40.113,12.451,8.016,24675369,17,,,,,
20.7344,cubic,open,60,58,60,66.533,40.113,12.536,8.12,24681161,17,,,,,
20.7395,cubic,open,60,58,60,66.042,40.113,12.629,8.493,24689849,17,,,,,
20.7447,cubic,open,60,58,60,65.857,40.113,12.664,8.769,24695641,17,,,,,
20.7498,cubic,open,61,58,61,65.793,40.113,12.888,9.101,24701433,17,,,,,
20.7550,cubic,open,61,58,61,65.859,40.113,12.875,9.052,24707225,17,,,,,
20.7601,cubic,open,61,58,61,66.053,40.113,12.837,9.137,24713017,17,,,,,
20.7653,cubic,open,61,58,60,66.538,40.113,12.744,9.368,24720257,17,,,,,
20.7704,cubic,open,61,58,60,66.962,40.113,12.663,9.562,24726049,17,,,,,
20.7756,cubic,open,61,58,60,67.483,40.113,12.565,9.561,24731841,17,,,,,
20.7807,cubic,open,61,58,60,68.087,40.113,12.454,9.562,24737633,17,,,,,
20.7858,cubic,open,61,58,60,68.771,40.113,12.33,9.561,24743425,17,,,,,
20.7910,cubic,open,61,58,60,69.527,40.113,12.196,9.564,24749217,17,,,,,
20.7961,cubic,open,61,58,61,70.572,40.113,12.015,9.565,24756457,17,,,,,
20.8013,cubic,open,61,58,61,71.063,40.113,11.932,9.565,24762249,17,,,,,
20.8064,cubic,open,61,58,61,71.443,40.113,11.869,9.562,24768041,17,,,,,
20.8115,cubic,open,61,58,61,71.736,40.113,11.82,9.561,24773833,17,,,,,
20.8166,cubic,open,62,58,62,72.005,40.113,11.969,9.562,24779625,17,,,,,
20.8217,cubic,open,62,58,62,72.418,40.113,11.901,9.563,24788313,17,,,,,
20.8269,cubic,open,62,58,62,72.764,40.113,11.844,9.563,24792657,17,,,,,
20.8320,cubic,open,62,58,62,73.03,40.113,11.801,9.562,24798449,17,,,,,
20.8372,cubic,open,62,58,62,73.236,40.113,11.768,9.561,24804241,17,,,,,
20.8423,cubic,open,62,58,62,73.163,40.113,11.78,9.563,24812929,17,,,,,
20.8475,cubic,open,62,58,62,73.047,40.113,11.798,9.564,24818721,17,,,,,
20.8526,cubic,open,63,58,63,72.957,40.113,12.004,9.565,24824513,17,,,,,
20.8577,cubic,open,63,58,63,72.894,40.113,12.014,9.56,24830305,17,,,,,
20.8629,cubic,open,63,58,63,72.845,40.113,12.022,9.564,24836097,17,,,,,
20.8680,cubic,open,63,58,63,73.14,40.113,11.974,9.564,24841889,17,,,,,
20.8731,cubic,open,63,58,63,73.317,40.113,11.945,9.562,24847681,17,,,,,
20.8782,cubic,open,63,58,63,73.448,40.113,11.923,9.565,24853473,17,,,,,
20.8833,cubic,open,63,58,63,73.544,40.113,11.908,9.567,24859265,17,,,,,
20.8884,cubic,open,63,58,63,73.608,40.113,11.897,9.566,24867953,17,,,,,
20.8936,cubic,open,63,58,63,73.977,40.113,11.838,9.567,24872297,17,,,,,
20.8987,cubic,open,63,58,63,74.237,40.113,11.797,9.565,24878089,17,,,,,
20.9038,cubic,open,63,58,63,74.635,40.113,11.734,9.566,24885329,17,,,,,
20.9089,cubic,open,63,58,63,74.736,40.113,11.718,9.568,24891121,17,,,,,
20.9140,cubic,open,63,58,63,74.816,40.113,11.705,9.564,24896913,17,,,,,
20.9191,cubic,open,64,58,64,74.881,40.113,11.881,9.565,24902705,17,,,,,
20.9242,cubic,open,64,58,64,74.926,40.113,11.874,9.566,24908497,17,,,,,
20.9293,cubic,open,64,58,64,75.295,40.113,11.815,9.561,24915737,17,,,,,
20.9345,cubic,open,64,58,64,75.527,40.113,11.779,9.569,24921529,17,,,,,
20.9396,cubic,open,64,58,64,75.703,40.113,11.752,9.565,24927321,17,,,,,
20.9448,cubic,open,64,58,64,75.727,40.113,11.748,9.561,24933113,17,,,,,
20.9499,cubic,open,64,58,63,76.072,40.113,11.695,9.501,24940353,17,,,,,
20.9551,cubic,open,64,58,64,76.148,40.113,11.683,9.564,24947593,17,,,,,
20.9603,cubic,open,64,58,64,76.185,40.113,11.677,9.565,24953385,17,,,,,
20.9655,cubic,open,64,58,64,76.212,40.113,11.673,9.563,24959177,17,,,,,
20.9706,cubic,open,64,58,64,76.385,40.113,11.647,9.564,24964969,17,,,,,
20.9758,cubic,open,64,58,64,76.355,40.113,11.651,9.567,24972209,17,,,,,
20.9809,cubic,open,64,58,64,76.475,40.113,11.633,9.564,24976553,17,,,,,
20.9860,cubic,open,65,58,65,76.542,40.113,11.805,9.459,24982345,17,,,,,
20.9912,cubic,open,65,58,65,76.49,40.113,11.813,9.562,24988137,17,,,,,
20.9963,cubic,open,65,58,65,76.61,40.113,11.794,9.563,24996825,17,,,,,
21.0015,cubic,open,65,58,65,76.825,40.113,11.761,9.561,25001169,17,,,,,
21.0066,cubic,open,65,58,65,76.988,40.113,11.736,9.563,25006961,17,,,,,
21.0117,cubic,open,65,58,65,77.275,40.113,11.693,9.563,25014201,17,,,,,
21.0170,cubic,open,65,58,65,77.333,40.113,11.684,9.563,25019993,17,,,,,
21.0221,cubic,open,65,58,65,77.278,40.113,11.692,9.567,25025785,17,,,,,
21.0273,cubic,open,65,58,65,77.121,40.113,11.716,9.625,25031577,17,,,,,
21.0325,cubic,open,65,58,65,77.228,40.113,11.7,9.563,25040265,17,,,,,
21.0376,cubic,open,65,58,65,77.291,40.113,11.69,9.565,25046057,17,,,,,
21.0427,cubic,open,65,58,65,77.344,40.113,11.682,9.564,25051849,17,,,,,
21.0478,cubic,open,65,58,65,77.383,40.113,11.676,9.564,25057641,17,,,,,
21.0529,cubic,open,65,58,65,77.544,40.113,11.652,9.566,25061985,17,,,,,
21.0580,cubic,open,66,58,66,77.683,40.113,11.81,9.563,25070673,17,,,,,
21.0631,cubic,open,66,58,66,77.536,40.113,11.833,9.609,25075017,17,,,,,
21.0682,cubic,open,66,58,66,77.824,40.113,11.789,9.567,25082257,17,,,,,
21.0733,cubic,open,66,58,66,78.035,40.113,11.757,9.563,25088049,17,,,,,
21.0784,cubic,open,66,58,66,78.346,40.113,11.71,9.561,25093841,17,,,,,
21.0835,cubic,open,66,58,66,78.464,40.113,11.693,9.566,25101081,17,,,,,
21.0887,cubic,open,66,58,66,78.678,40.113,11.661,9.563,25106873,17,,,,,
21.0939,cubic,open,66,58,66,78.686,40.113,11.66,9.566,25111217,17,,,,,
21.0990,cubic,open,66,58,66,78.694,40.113,11.658,9.565,25117009,17,,,,,
21.1041,cubic,open,66,58,66,78.7,40.113,11.658,9.567,25125697,17,,,,,
21.1091,cubic,open,66,58,66,78.699,40.113,11.658,9.567,25131489,17,,,,,
21.1142,cubic,open,66,58,66,78.702,40.113,11.657,9.565,25137281,17,,,,,
21.1193,cubic,open,66,58,66,78.704,40.113,11.657,9.566,25143073,17,,,,,
21.1243,cubic,open,67,58,67,78.708,40.113,11.833,9.565,25148865,17,,,,,
21.1295,cubic,open,67,58,67,78.713,40.113,11.832,9.564,25154657,17,,,,,
21.1346,cubic,open,67,58,67,79.012,40.113,11.787,9.562,25161897,17,,,,,
21.1397,cubic,open,67,58,67,79.231,40.113,11.755,9.563,25166241,17,,,,,
21.1449,cubic,open,67,58,67,79.578,40.113,11.704,9.565,25173481,17,,,,,
21.1500,cubic,open,67,58,67,79.81,40.113,11.67,9.565,25180721,17,,,,,
21.1551,cubic,open,67,58,67,79.838,40.113,11.666,9.564,25186513,17,,,,,
21.1602,cubic,open,67,58,67,80.013,40.113,11.64,9.565,25192305,17,,,,,
21.1653,cubic,open,67,58,67,79.993,40.113,11.643,9.565,25196649,17,,,,,
21.1704,cubic,open,67,58,67,79.978,40.113,11.645,9.563,25202441,17,,,,,
21.1755,cubic,open,67,58,67,80.082,40.113,11.63,9.562,25209681,17,,,,,
21.1805,cubic,open,67,58,67,80.048,40.113,11.635,9.564,25215473,17,,,,,
21.1856,cubic,open,67,58,67,80.022,40.113,11.639,9.564,25221265,17,,,,,
21.1907,cubic,open,68,58,68,80.002,40.113,11.815,9.564,25227057,17,,,,,
21.1958,cubic,open,68,58,68,79.988,40.113,11.817,9.564,25232849,17,,,,,
21.2009,cubic,open,68,58,68,79.972,40.113,11.82,9.565,25241537,17,,,,,
21.2060,cubic,open,68,58,68,80.272,40.113,11.776,9.564,25245881,17,,,,,
21.2111,cubic,open,68,58,68,80.473,40.113,11.746,9.566,25251673,17,,,,,
21.2162,cubic,open,68,58,67,80.823,40.113,11.695,9.567,25258913,17,,,,,
21.2213,cubic,open,68,58,68,81.028,40.113,11.666,9.566,25263257,17,,,,,
21.2264,cubic,open,68,58,68,81.199,40.113,11.641,9.564,25270497,17,,,,,
21.2315,cubic,open,68,58,68,81.316,40.113,11.624,9.564,25277737,17,,,,,
21.2365,cubic,open,68,58,68,81.275,40.113,11.63,9.565,25283529,17,,,,,
21.2416,cubic,open,68,58,68,81.244,40.113,11.635,9.564,25289321,17,,,,,
21.2467,cubic,open,68,58,68,81.353,40.113,11.619,9.565,25293665,17,,,,,
21.2518,cubic,open,68,58,68,81.279,40.113,11.63,9.566,25302353,17,,,,,
21.2569,cubic,open,68,58,68,81.376,40.113,11.616,9.568,25306697,17,,,,,
21.2619,cubic,open,69,58,69,81.319,40.113,11.795,9.565,25312489,17,,,,,
21.2670,cubic,open,69,58,69,81.279,40.113,11.801,9.565,25318281,17,,,,,
21.2721,cubic,open,69,58,69,81.263,40.113,11.803,9.564,25325521,17,,,,,
21.2772,cubic,open,69,58,69,81.517,40.113,11.766,9.565,25331313,17,,,,,
21.2823,cubic,open,69,58,69,81.712,40.113,11.738,9.565,25337105,17,,,,,
21.2874,cubic,open,69,58,69,81.863,40.113,11.717,9.565,25342897,17,,,,,
21.2924,cubic,open,69,58,69,82.141,40.113,11.677,9.565,25350137,17,,,,,
21.2975,cubic,open,69,58,69,82.191,40.113,11.67,9.564,25355929,17,,,,,
21.3026,cubic,open,69,58,69,82.125,40.113,11.679,9.564,25361721,17,,,,,
21.3076,cubic,open,69,58,69,82.18,40.113,11.671,9.564,25367513,17,,,,,
21.3127,cubic,open,69,58,69,82.353,40.113,11.647,9.565,25374753,17,,,,,
21.3178,cubic,open,69,58,69,82.487,40.113,11.628,9.565,25379097,17,,,,,
21.3228,cubic,open,69,58,69,82.456,40.113,11.632,9.564,25384889,17,,,,,
21.3279,cubic,open,70,58,70,82.433,40.113,11.804,9.565,25390681,17,,,,,
21.3330,cubic,open,70,58,70,82.524,40.113,11.791,9.564,25397921,17,,,,,
21.3381,cubic,open,70,58,70,82.485,40.113,11.797,9.564,25403713,17,,,,,
21.3432,cubic,open,70,58,70,82.739,40.113,11.76,9.565,25410953,17,,,,,
21.3482,cubic,open,70,58,70,82.933,40.113,11.733,9.565,25415297,17,,,,,
21.3533,cubic,open,70,58,70,83.082,40.113,11.712,9.564,25421089,17,,,,,
21.3584,cubic,open,70,58,70,83.375,40.113,11.671,9.564,25428329,17,,,,,
21.3634,cubic,open,70,58,70,83.421,40.113,11.664,9.564,25434121,17,,,,,
21.3685,cubic,open,70,58,70,83.455,40.113,11.66,9.564,25439913,17,,,,,
21.3736,cubic,open,70,58,70,83.483,40.113,11.656,9.564,25445705,17,,,,,
21.3787,cubic,open,70,58,70,83.63,40.113,11.635,9.563,25452945,17,,,,,
21.3838,cubic,open,70,58,70,83.616,40.113,11.637,9.564,25458737,17,,,,,
21.3889,cubic,open,70,58,70,83.606,40.113,11.639,9.564,25464529,17,,,,,
21.3940,cubic,open,70,58,70,83.598,40.113,11.64,9.564,25470321,17,,,,,
21.3991,cubic,open,70,58,70,83.704,40.113,11.625,9.564,25477561,17,,,,,
21.4041,cubic,open,70,58,70,83.806,40.113,11.611,9.564,25481905,17,,,,,
21.4092,cubic,open,71,58,71,83.73,40.113,11.787,9.563,25490593,17,,,,,
21.4143,cubic,open,71,58,70,84.002,40.113,11.749,9.564,25494937,17,,,,,
21.4194,cubic,open,71,58,71,84.347,40.113,11.701,9.564,25502177,17,,,,,
21.4244,cubic,open,71,58,71,84.449,40.113,11.687,9.564,25507969,17,,,,,
21.4295,cubic,open,71,58,71,84.66,40.113,11.658,9.564,25512313,17,,,,,
21.4346,cubic,open,71,58,71,84.816,40.113,11.636,9.564,25519553,17,,,,,
21.4396,cubic,open,71,58,71,84.809,40.113,11.637,9.564,25525345,17,,,,,
21.4447,cubic,open,71,58,71,84.933,40.113,11.62,9.564,25532585,17,,,,,
21.4498,cubic,open,71,58,71,84.898,40.113,11.625,9.564,25538377,17,,,,,
21.4549,cubic,open,71,58,71,84.87,40.113,11.629,9.565,25544169,17,,,,,
21.4599,cubic,open,71,58,71,84.848,40.113,11.632,9.565,25549961,17,,,,,
21.4650,cubic,open,71,58,71,84.942,40.113,11.619,9.564,25557201,17,,,,,
21.4701,cubic,open,71,58,71,84.903,40.113,11.624,9.565,25562993,17,,,,,
21.4751,cubic,open,71,58,71,84.874,40.113,11.628,9.565,25568785,17,,,,,
21.4802,cubic,open,71,58,71,84.852,40.113,11.631,9.564,25574577,17,,,,,
21.4853,cubic,open,71,58,71,84.969,40.113,11.615,9.564,25578921,17,,,,,
21.4904,cubic,open,71,58,71,85.04,40.113,11.606,9.564,25586161,17,,,,,
21.4955,cubic,open,72,58,72,84.978,40.113,11.778,9.565,25591953,17,,,,,
21.5006,cubic,open,72,58,72,85.183,40.113,11.749,9.564,25599193,17,,,,,
21.5056,cubic,open,72,58,72,85.374,40.113,11.723,9.564,25604985,17,,,,,
21.5107,cubic,open,72,58,72,85.519,40.113,11.703,9.564,25610777,17,,,,,
21.5158,cubic,open,72,58,72,85.809,40.113,11.664,9.563,25618017,17,,,,,
21.5209,cubic,open,72,58,72,85.985,40.113,11.64,9.564,25622361,17,,,,,
21.5259,cubic,open,72,58,72,85.987,40.113,11.64,9.564,25628153,17,,,,,
21.5310,cubic,open,72,58,72,85.989,40.113,11.639,9.564,25633945,17,,,,,
21.5360,cubic,open,72,58,72,86.107,40.113,11.623,9.564,25641185,17,,,,,
21.5411,cubic,open,72,58,72,86.081,40.113,11.627,9.564,25646977,17,,,,,
21.5462,cubic,open,72,58,72,86.061,40.113,11.63,9.564,25652769,17,,,,,
21.5512,cubic,open,72,58,72,86.172,40.113,11.615,9.564,25660009,17,,,,,
21.5563,cubic,open,72,58,72,86.13,40.113,11.62,9.564,25665801,17,,,,,
21.5614,cubic,open,72,58,72,86.098,40.113,11.625,9.564,25671593,17,,,,,
21.5664,cubic,open,72,58,72,86.074,40.113,11.628,9.564,25677385,17,,,,,
21.5715,cubic,open,72,58,72,86.18,40.113,11.614,9.564,25684625,17,,,,,
21.5766,cubic,open,72,58,72,86.288,40.113,11.599,9.564,25690417,17,,,,,
21.5816,cubic,open,72,58,72,86.218,40.113,11.608,9.564,25694761,17,,,,,
21.5867,cubic,open,73,58,73,86.678,40.113,11.707,9.564,25702001,17,,,,,
21.5918,cubic,open,73,58,73,86.801,40.113,11.691,9.565,25706345,17,,,,,
21.5968,cubic,open,73,58,73,86.934,40.113,11.673,9.564,25715033,17,,,,,
21.6019,cubic,open,73,58,73,86.998,40.113,11.664,9.564,25720825,17,,,,,
21.6070,cubic,open,73,58,73,87.177,40.113,11.64,9.564,25725169,17,,,,,
21.6121,cubic,open,73,58,73,87.301,40.113,11.624,9.564,25732409,17,,,,,
21.6171,cubic,open,73,58,73,87.278,40.113,11.627,9.564,25738201,17,,,,,
21.6222,cubic,open,73,58,73,87.411,40.113,11.609,9.564,25743993,17,,,,,
21.6273,cubic,open,73,58,73,87.343,40.113,11.618,9.564,25751233,17,,,,,
21.6323,cubic,open,73,58,73,87.309,40.113,11.623,9.564,25757025,17,,,,,
21.6374,cubic,open,73,58,73,87.284,40.113,11.626,9.564,25762817,17,,,,,
21.6424,cubic,open,73,58,73,87.398,40.113,11.611,9.564,25767161,17,,,,,
21.6475,cubic,open,73,58,73,87.352,40.113,11.617,9.564,25772953,17,,,,,
21.6526,cubic,open,73,58,73,87.303,40.113,11.623,9.564,25781641,17,,,,,
21.6576,cubic,open,73,58,73,87.28,40.113,11.626,9.564,25787433,17,,,,,
21.6627,cubic,open,73,58,73,87.396,40.113,11.611,9.564,25791777,17,,,,,
21.6678,cubic,open,73,58,73,87.465,40.113,11.602,9.564,25799017,17,,,,,
21.6729,cubic,open,74,58,74,87.556,40.113,11.749,9.564,25804809,17,,,,,
21.6779,cubic,open,74,58,74,87.897,40.113,11.703,9.564,25810601,17,,,,,
21.6831,cubic,open,74,58,74,88.076,40.113,11.679,9.558,25817841,17,,,,,
21.6882,cubic,open,74,58,74,88.155,40.113,11.669,9.564,25823633,17,,,,,
21.6933,cubic,open,74,58,74,88.217,40.113,11.661,9.564,25829425,17,,,,,
21.6983,cubic,open,74,58,74,88.397,40.113,11.637,9.564,25833769,17,,,,,
21.7034,cubic,open,74,58,74,88.52,40.113,11.621,9.563,25841009,17,,,,,
21.7085,cubic,open,74,58,74,88.495,40.113,11.624,9.564,25846801,17,,,,,
21.7136,cubic,open,74,58,74,88.603,40.113,11.61,9.564,25854041,17,,,,,
21.7187,cubic,open,74,58,74,88.56,40.113,11.615,9.563,25859833,17,,,,,
21.7238,cubic,open,74,58,74,88.535,40.113,11.619,9.558,25865625,17,,,,,
21.7289,cubic,open,74,58,74,88.507,40.113,11.622,9.564,25871417,17,,,,,
21.7341,cubic,open,74,58,74,88.595,40.113,11.611,9.563,25878657,17,,,,,
21.7392,cubic,open,74,58,74,88.553,40.113,11.616,9.564,25884449,17,,,,,
21.7443,cubic,open,74,58,74,88.521,40.113,11.62,9.564,25890241,17,,,,,
21.7494,cubic,open,74,58,74,88.497,40.113,11.624,9.564,25896033,17,,,,,
21.7545,cubic,open,74,58,74,88.586,40.113,11.612,9.564,25903273,17,,,,,
21.7596,cubic,open,74,58,74,88.679,40.113,11.6,9.564,25907617,17,,,,,
21.7647,cubic,open,75,58,75,89.014,40.113,11.712,9.564,25914857,17,,,,,
21.7698,cubic,open,75,58,75,89.309,40.113,11.674,9.564,25920649,17,,,,,
21.7749,cubic,open,75,58,75,89.407,40.113,11.661,9.564,25927889,17,,,,,
21.7800,cubic,open,75,58,75,89.459,40.113,11.654,9.564,25933681,17,,,,,
21.7851,cubic,open,75,58,75,89.497,40.113,11.649,9.564,25939473,17,,,,,
21.7902,cubic,open,75,58,75,89.66,40.113,11.628,9.564,25943817,17,,,,,
21.7953,cubic,open,75,58,75,89.765,40.113,11.614,9.564,25951057,17,,,,,
21.8005,cubic,open,75,58,75,89.733,40.113,11.618,9.564,25956849,17,,,,,
21.8056,cubic,open,75,58,75,89.838,40.113,11.605,9.564,25964089,17,,,,,
21.8107,cubic,open,75,58,75,89.787,40.113,11.611,9.564,25969881,17,,,,,
21.8158,cubic,open,75,58,75,89.76,40.113,11.615,9.55,25975673,17,,,,,
21.8209,cubic,open,75,58,75,89.731,40.113,11.619,9.563,25981465,17,,,,,
21.8260,cubic,open,75,58,75,89.813,40.113,11.608,9.564,25988705,17,,,,,
21.8311,cubic,open,75,58,75,89.751,40.113,11.616,9.563,25994497,17,,,,,
21.8362,cubic,open,75,58,75,89.723,40.113,11.62,9.564,26000289,17,,,,,
21.8413,cubic,open,75,58,75,89.702,40.113,11.622,9.564,26006081,17,,,,,
21.8465,cubic,open,75,58,75,89.794,40.113,11.611,9.563,26013321,17,,,,,
21.8516,cubic,open,76,58,76,89.891,40.113,11.753,9.563,26017665,17,,,,,
21.8567,cubic,open,76,58,76,90.113,40.113,11.724,9.564,26023457,17,,,,,
21.8618,cubic,open,76,58,76,90.284,40.113,11.701,9.563,26029249,17,,,,,
21.8669,cubic,open,76,58,76,90.584,40.113,11.663,9.564,26036489,17,,,,,
21.8720,cubic,open,76,58,76,90.645,40.113,11.655,9.563,26042281,17,,,,,
21.8772,cubic,open,76,58,76,90.691,40.113,11.649,9.564,26048073,17,,,,,
21.8823,cubic,open,76,58,76,90.873,40.113,11.626,9.564,26055313,17,,,,,
21.8874,cubic,open,76,58,76,90.998,40.113,11.61,9.564,26059657,17,,,,,
21.8925,cubic,open,76,58,76,90.911,40.113,11.621,9.571,26068345,17,,,,,
21.8977,cubic,open,76,58,76,91.046,40.113,11.604,9.564,26074137,17,,,,,
21.9028,cubic,open,76,58,76,90.998,40.113,11.61,9.564,26078481,17,,,,,
21.9079,cubic,open,76,58,76,90.946,40.113,11.616,9.578,26084273,17,,,,,
21.9130,cubic,open,76,58,76,90.909,40.113,11.621,9.564,26092961,17,,,,,
21.9181,cubic,open,76,58,76,91.078,40.113,11.599,9.522,26097305,17,,,,,
21.9231,cubic,open,76,58,76,91.021,40.113,11.607,9.564,26103097,17,,,,,
21.9282,cubic,open,76,58,76,90.98,40.113,11.612,9.564,26108889,17,,,,,
21.9333,cubic,open,76,58,76,90.947,40.113,11.616,9.564,26114681,17,,,,,
21.9384,cubic,open,76,58,76,91.043,40.113,11.604,9.565,26121921,17,,,,,
21.9435,cubic,open,77,58,77,91.184,40.113,11.738,9.532,26127713,17,,,,,
21.9486,cubic,open,77,58,77,91.358,40.113,11.716,9.564,26133505,17,,,,,
21.9536,cubic,open,77,58,77,91.52,40.113,11.695,9.565,26139297,17,,,,,
21.9587,cubic,open,77,58,77,91.827,40.113,11.656,9.564,26146537,17,,,,,
21.9638,cubic,open,77,58,77,91.879,40.113,11.65,9.565,26152329,17,,,,,
21.9689,cubic,open,77,58,77,91.92,40.113,11.644,9.564,26158121,17,,,,,
21.9740,cubic,open,77,58,77,91.949,40.113,11.641,9.564,26163913,17,,,,,
21.9791,cubic,open,77,58,77,92.25,40.113,11.603,9.565,26171153,17,,,,,
21.9842,cubic,open,77,58,77,92.201,40.113,11.609,9.564,26175497,17,,,,,
21.9893,cubic,open,77,58,77,92.151,40.113,11.615,9.564,26184185,17,,,,,
21.9944,cubic,open,77,58,77,92.259,40.113,11.602,9.564,26188529,17,,,,,
21.9995,cubic,open,77,58,77,92.208,40.113,11.608,9.564,26194321,17,,,,,
22.0045,cubic,open,77,58,77,92.171,40.113,11.613,9.564,26200113,17,,,,,
22.0096,cubic,open,77,58,77,92.137,40.113,11.617,9.568,26205905,17,,,,,
22.0147,cubic,open,77,58,77,92.185,40.113,11.611,9.564,26213145,17,,,,,
22.0198,cubic,open,77,58,77,92.155,40.113,11.615,9.562,26218937,17,,,,,
22.0248,cubic,open,77,58,77,92.131,40.113,11.618,9.563,26224729,17,,,,,
22.0299,cubic,open,77,58,77,92.112,40.113,11.62,9.564,26230521,17,,,,,
22.0350,cubic,open,77,58,77,92.167,40.113,11.613,9.532,26237761,17,,,,,
22.0401,cubic,open,78,58,78,92.413,40.113,11.733,9.564,26242105,17,,,,,
22.0451,cubic,open,78,58,78,92.692,40.113,11.697,9.564,26250793,17,,,,,
22.0502,cubic,open,78,58,78,92.827,40.113,11.68,9.563,26256585,17,,,,,
22.0553,cubic,open,78,58,78,93.063,40.113,11.651,9.563,26260929,17,,,,,
22.0604,cubic,open,78,58,78,93.112,40.113,11.645,9.562,26266721,17,,,,,
22.0655,cubic,open,78,58,78,93.147,40.113,11.64,9.563,26272513,17,,,,,
22.0706,cubic,open,78,58,78,93.337,40.113,11.617,9.563,26281201,17,,,,,
22.0757,cubic,open,78,58,78,93.444,40.113,11.603,9.564,26286993,17,,,,,
22.0808,cubic,open,78,58,78,93.4,40.113,11.609,9.564,26292785,17,,,,,
22.0858,cubic,open,78,58,78,93.372,40.113,11.612,9.561,26298577,17,,,,,
22.0909,cubic,open,78,58,78,93.48,40.113,11.599,9.564,26302921,17,,,,,
22.0960,cubic,open,78,58,78,93.41,40.113,11.607,9.563,26311609,17,,,,,
22.1011,cubic,open,78,58,78,93.375,40.113,11.612,9.564,26317401,17,,,,,
22.1062,cubic,open,78,58,78,93.501,40.113,11.596,9.563,26323193,17,,,,,
22.1112,cubic,open,78,58,78,93.445,40.113,11.603,9.564,26327537,17,,,,,
22.1163,cubic,open,78,58,78,93.398,40.113,11.609,9.565,26333329,17,,,,,
22.1214,cubic,open,78,58,78,93.353,40.113,11.615,9.563,26342017,17,,,,,
22.1265,cubic,open,78,58,78,93.483,40.113,11.598,9.563,26347809,17,,,,,
22.1316,cubic,open,78,58,78,93.433,40.113,11.605,9.563,26352153,17,,,,,
22.1367,cubic,open,79,58,79,93.676,40.113,11.723,9.564,26357945,17,,,,,
22.1418,cubic,open,79,58,79,93.862,40.113,11.7,9.565,26363737,17,,,,,
22.1468,cubic,open,79,58,79,94.063,40.113,11.675,9.564,26372425,17,,,,,
22.1519,cubic,open,79,58,79,94.29,40.113,11.647,9.564,26376769,17,,,,,
22.1570,cubic,open,79,58,79,94.33,40.113,11.642,9.564,26382561,17,,,,,
22.1621,cubic,open,79,58,79,94.36,40.113,11.638,9.565,26388353,17,,,,,
22.1671,cubic,open,79,58,79,94.386,40.113,11.635,9.565,26394145,17,,,,,
22.1722,cubic,open,79,58,79,94.654,40.113,11.602,9.564,26402833,17,,,,,
22.1773,cubic,open,79,58,79,94.609,40.113,11.607,9.565,26408625,17,,,,,
22.1823,cubic,open,79,58,79,94.571,40.113,11.612,9.566,26414417,17,,,,,
22.1874,cubic,open,79,58,79,94.679,40.113,11.599,9.565,26418761,17,,,,,
22.1925,cubic,open,79,58,79,94.627,40.113,11.605,9.565,26424553,17,,,,,
22.1975,cubic,open,79,58,79,94.59,40.113,11.61,9.565,26430345,17,,,,,
22.2026,cubic,open,79,58,79,94.699,40.113,11.596,9.564,26439033,17,,,,,
22.2077,cubic,open,79,58,79,94.646,40.113,11.603,9.564,26443377,17,,,,,
22.2128,cubic,open,79,58,79,94.605,40.113,11.608,9.564,26449169,17,,,,,
22.2179,cubic,open,79,58,79,94.572,40.113,11.612,9.565,26454961,17,,,,,
22.2230,cubic,open,79,58,79,94.546,40.113,11.615,9.565,26460753,17,,,,,
22.2280,cubic,open,79,58,79,94.635,40.113,11.604,9.564,26467993,17,,,,,
22.2331,cubic,open,79,58,79,94.889,40.113,11.573,9.564,26475233,17,,,,,
22.2382,cubic,open,79,58,79,95.075,40.113,11.55,9.565,26481025,17,,,,,
22.2432,cubic,open,79,58,79,95.215,40.113,11.534,9.565,26486817,17,,,,,
22.2483,cubic,open,79,58,79,95.475,40.113,11.502,9.564,26492609,17,,,,,
22.2534,cubic,open,79,58,79,95.543,40.113,11.494,9.564,26499849,17,,,,,
22.2585,cubic,open,79,58,79,95.576,40.113,11.49,9.564,26505641,17,,,,,
22.2635,cubic,open,79,58,79,95.6,40.113,11.487,9.564,26511433,17,,,,,
22.2686,cubic,open,79,58,79,95.753,40.113,11.469,9.564,26515777,17,,,,,
22.2737,cubic,open,79,58,79,95.846,40.113,11.458,9.564,26523017,17,,,,,
22.2787,cubic,open,79,58,79,95.808,40.113,11.462,9.564,26528809,17,,,,,
22.2839,cubic,open,79,58,79,95.904,40.113,11.451,9.562,26536049,17,,,,,
22.2889,cubic,open,79,58,79,95.852,40.113,11.457,9.564,26541841,17,,,,,
22.2940,cubic,open,79,58,79,95.812,40.113,11.462,9.564,26547633,17,,,,,
22.2991,cubic,open,79,58,79,95.783,40.113,11.465,9.564,26553425,17,,,,,
22.3042,cubic,open,80,58,80,95.864,40.113,11.6,9.564,26560665,17,,,,,
22.3092,cubic,open,80,58,80,95.822,40.113,11.606,9.564,26566457,17,,,,,
22.3143,cubic,open,80,58,80,95.789,40.113,11.609,9.564,26572249,17,,,,,
22.3194,cubic,open,80,58,80,95.764,40.113,11.612,9.564,26578041,17,,,,,
22.3244,cubic,open,80,58,80,95.885,40.113,11.598,9.559,26582385,17,,,,,
22.3295,cubic,open,80,58,80,95.838,40.113,11.604,9.564,26588177,17,,,,,
22.3346,cubic,open,80,58,80,95.901,40.113,11.596,9.565,26595417,17,,,,,
22.3396,cubic,open,80,58,80,95.85,40.113,11.602,9.564,26601209,17,,,,,
22.3447,cubic,open,80,58,80,95.81,40.113,11.607,9.565,26607001,17,,,,,
22.3498,cubic,open,80,58,80,95.883,40.113,11.598,9.564,26614241,17,,,,,
22.3549,cubic,open,80,58,80,95.836,40.113,11.604,9.564,26620033,17,,,,,
22.3599,cubic,open,80,58,80,95.8,40.113,11.608,9.564,26625825,17,,,,,
22.3650,cubic,open,80,58,80,95.893,40.113,11.597,9.564,26633065,17,,,,,
22.3701,cubic,open,80,58,80,95.977,40.113,11.587,9.564,26637409,17,,,,,
22.3752,cubic,open,80,58,80,95.908,40.113,11.595,9.564,26643201,17,,,,,
22.3802,cubic,open,80,58,80,95.852,40.113,11.602,9.566,26648993,17,,,,,
22.3853,cubic,open,80,58,80,95.91,40.113,11.595,9.564,26656233,17,,,,,
22.3904,cubic,open,80,58,80,95.856,40.113,11.601,9.564,26662025,17,,,,,
22.3955,cubic,open,80,58,80,95.817,40.113,11.606,9.564,26667817,17,,,,,
22.4005,cubic,open,80,58,80,95.964,40.113,11.588,9.564,26673609,17,,,,,
22.4056,cubic,open,80,58,80,96.182,40.113,11.562,9.564,26679401,17,,,,,
22.4107,cubic,open,80,58,80,96.35,40.113,11.542,9.564,26685193,17,,,,,
22.4158,cubic,open,80,58,80,96.53,40.113,11.52,9.564,26693881,17,,,,,
22.4208,cubic,open,80,58,80,96.759,40.113,11.493,9.564,26699673,17,,,,,
22.4259,cubic,open,80,58,80,96.791,40.113,11.489,9.564,26704017,17,,,,,
22.4310,cubic,open,80,58,80,96.959,40.113,11.469,9.563,26711257,17,,,,,
22.4360,cubic,open,80,58,80,96.945,40.113,11.471,9.564,26717049,17,,,,,
22.4411,cubic,open,80,58,80,96.934,40.113,11.472,9.564,26722841,17,,,,,
22.4462,cubic,open,80,58,80,97.054,40.113,11.458,9.564,26730081,17,,,,,
22.4512,cubic,open,80,58,80,97.017,40.113,11.462,9.564,26735873,17,,,,,
22.4563,cubic,open,80,58,80,96.989,40.113,11.466,9.564,26741665,17,,,,,
22.4614,cubic,open,80,58,80,96.967,40.113,11.468,9.564,26747457,17,,,,,
22.4665,cubic,open,81,58,81,97.211,40.113,11.583,9.564,26754697,17,,,,,
22.4715,cubic,open,81,58,81,97.137,40.113,11.591,9.564,26759041,17,,,,,
22.4766,cubic,open,81,58,81,97.08,40.113,11.598,9.564,26764833,17,,,,,
22.4817,cubic,open,81,58,81,97.152,40.113,11.59,9.564,26772073,17,,,,,
22.4867,cubic,open,81,58,81,97.092,40.113,11.597,9.564,26777865,17,,,,,
22.4918,cubic,open,81,58,81,97.045,40.113,11.602,9.564,26783657,17,,,,,
22.4969,cubic,open,81,58,81,97.009,40.113,11.607,9.564,26789449,17,,,,,
22.5020,cubic,open,81,58,81,96.982,40.113,11.61,9.564,26795241,17,,,,,
22.5070,cubic,open,81,58,81,96.961,40.113,11.613,9.564,26801033,17,,,,,
22.5121,cubic,open,81,58,81,96.945,40.113,11.614,9.564,26806825,17,,,,,
22.5172,cubic,open,81,58,81,96.934,40.113,11.616,9.564,26812617,17,,,,,
22.5223,cubic,open,81,58,81,97.054,40.113,11.601,9.564,26819857,17,,,,,
22.5273,cubic,open,81,58,81,97.017,40.113,11.606,9.564,26825649,17,,,,,
22.5324,cubic,open,81,58,81,97.09,40.113,11.597,9.564,26832889,17,,,,,
22.5374,cubic,open,81,58,81,97.045,40.113,11.602,9.564,26838681,17,,,,,
22.5425,cubic,open,81,58,81,97.01,40.113,11.607,9.564,26844473,17,,,,,
22.5476,cubic,open,81,58,81,97.115,40.113,11.594,9.564,26848817,17,,,,,
22.5526,cubic,open,81,58,81,97.042,40.113,11.603,9.564,26857505,17,,,,,
22.5577,cubic,open,81,58,81,97.01,40.113,11.607,9.564,26863297,17,,,,,
22.5628,cubic,open,81,58,81,97.134,40.113,11.592,9.564,26869089,17,,,,,
22.5679,cubic,open,81,58,81,97.256,40.113,11.577,9.564,26873433,17,,,,,
22.5729,cubic,open,81,58,81,97.455,40.113,11.554,9.564,26879225,17,,,,,
22.5780,cubic,open,81,58,81,97.67,40.113,11.528,9.564,26887913,17,,,,,
22.5831,cubic,open,81,58,81,97.906,40.113,11.5,9.564,26892257,17,,,,,
22.5882,cubic,open,81,58,81,97.953,40.113,11.495,9.563,26898049,17,,,,,
22.5933,cubic,open,81,58,81,97.99,40.113,11.491,9.564,26903841,17,,,,,
22.5983,cubic,open,81,58,81,98.017,40.113,11.487,9.564,26909633,17,,,,,
22.6034,cubic,open,81,58,81,98.048,40.113,11.484,9.564,26918321,17,,,,,
22.6085,cubic,open,81,58,81,98.061,40.113,11.482,9.564,26924113,17,,,,,
22.6136,cubic,open,81,58,81,98.071,40.113,11.481,9.564,26929905,17,,,,,
22.6186,cubic,open,81,58,81,98.079,40.113,11.48,9.564,26935697,17,,,,,
22.6237,cubic,open,81,58,81,98.219,40.113,11.464,9.564,26940041,17,,,,,
22.6288,cubic,open,81,58,81,98.335,40.113,11.45,9.563,26948729,17,,,,,
22.6338,cubic,open,82,58,82,98.281,40.113,11.598,9.564,26953073,17,,,,,
22.6389,cubic,open,82,58,82,98.241,40.113,11.603,9.564,26958865,17,,,,,
22.6440,cubic,open,82,58,82,98.211,40.113,11.606,9.563,26964657,17,,,,,
22.6490,cubic,open,82,58,82,98.292,40.113,11.597,9.564,26971897,17,,,,,
22.6541,cubic,open,82,58,82,98.246,40.113,11.602,9.566,26977689,17,,,,,
22.6592,cubic,open,82,58,82,98.213,40.113,11.606,9.564,26983481,17,,,,,
22.6642,cubic,open,82,58,82,98.311,40.113,11.594,9.564,26990721,17,,,,,
22.6693,cubic,open,82,58,82,98.263,40.113,11.6,9.564,26996513,17,,,,,
22.6744,cubic,open,82,58,82,98.226,40.113,11.604,9.564,27002305,17,,,,,
22.6794,cubic,open,82,58,82,98.197,40.113,11.608,9.565,27008097,17,,,,,
22.6845,cubic,open,82,58,82,98.283,40.113,11.598,9.563,27015337,17,,,,,
22.6895,cubic,open,82,58,82,98.242,40.113,11.603,9.563,27021129,17,,,,,
22.6946,cubic,open,82,58,82,98.21,40.113,11.606,9.564,27026921,17,,,,,
22.6997,cubic,open,82,58,82,98.185,40.113,11.609,9.564,27032713,17,,,,,
22.7047,cubic,open,82,58,82,98.166,40.113,11.612,9.564,27038505,17,,,,,
22.7098,cubic,open,82,58,82,98.152,40.113,11.613,9.564,27044297,17,,,,,
22.7149,cubic,open,82,58,82,98.141,40.113,11.615,9.564,27050089,17,,,,,
22.7199,cubic,open,82,58,82,98.132,40.113,11.616,9.564,27055881,17,,,,,
22.7250,cubic,open,82,58,82,98.239,40.113,11.603,9.564,27063121,17,,,,,
22.7301,cubic,open,82,58,82,98.358,40.113,11.589,9.446,27068913,17,,,,,
22.7351,cubic,open,82,58,82,98.581,40.113,11.563,9.565,27074705,17,,,,,
22.7402,cubic,open,82,58,82,98.752,40.113,11.543,9.565,27080497,17,,,,,
22.7453,cubic,open,82,58,82,98.884,40.113,11.527,9.564,27086289,17,,,,,
22.7503,cubic,open,82,58,82,99.143,40.113,11.497,9.564,27093529,17,,,,,
22.7554,cubic,open,82,58,82,99.185,40.113,11.492,9.564,27099321,17,,,,,
22.7605,cubic,open,82,58,82,99.216,40.113,11.489,9.564,27105113,17,,,,,
22.7655,cubic,open,82,58,82,99.391,40.113,11.468,9.564,27110905,17,,,,,
22.7706,cubic,open,82,58,82,99.368,40.113,11.471,9.564,27118145,17,,,,,
22.7757,cubic,open,82,58,82,99.357,40.113,11.472,9.563,27123937,17,,,,,
22.7808,cubic,open,82,58,82,99.348,40.113,11.473,9.564,27129729,17,,,,,
22.7859,cubic,open,82,58,82,99.474,40.113,11.459,9.564,27134073,17,,,,,
22.7909,cubic,open,82,58,82,99.436,40.113,11.463,9.565,27139865,17,,,,,
22.7960,cubic,open,82,58,82,99.399,40.113,11.468,9.564,27148553,17,,,,,
22.8011,cubic,open,82,58,82,99.38,40.113,11.47,9.564,27154345,17,,,,,
22.8062,cubic,open,82,58,82,99.366,40.113,11.471,9.564,27160137,17,,,,,
22.8113,cubic,open,82,58,82,99.358,40.113,11.472,9.563,27165929,17,,,,,
22.8164,cubic,open,82,58,82,99.349,40.113,11.473,9.564,27171721,17,,,,,
22.8215,cubic,open,82,58,82,99.343,40.113,11.474,9.564,27177513,17,,,,,
22.8265,cubic,open,82,58,82,99.453,40.113,11.461,9.563,27184753,17,,,,,
22.8316,cubic,open,82,58,82,99.574,40.113,11.447,9.564,27190545,17,,,,,
22.8367,cubic,open,82,58,82,99.622,40.113,11.442,9.564,27196337,17,,,,,
22.8418,cubic,open,82,58,82,99.552,40.113,11.45,9.564,27202129,17,,,,,
22.8469,cubic,open,82,58,82,99.498,40.113,11.456,9.564,27207921,17,,,,,
22.8519,cubic,open,82,58,82,99.555,40.113,11.45,9.564,27215161,17,,,,,
22.8570,cubic,open,82,58,82,99.5,40.113,11.456,9.564,27220953,17,,,,,
22.8621,cubic,open,82,58,82,99.459,40.113,11.461,9.563,27226745,17,,,,,
22.8672,cubic,open,82,58,82,99.578,40.113,11.447,9.447,27232537,17,,,,,
22.8723,cubic,open,82,58,82,99.491,40.113,11.457,9.564,27239777,17,,,,,
22.8774,cubic,open,82,58,82,99.45,40.113,11.462,9.564,27245569,17,,,,,
22.8826,cubic,open,82,58,82,99.42,40.113,11.465,9.564,27251361,17,,,,,
22.8877,cubic,open,82,58,82,99.529,40.113,11.453,9.564,27255705,17,,,,,
22.8928,cubic,open,82,58,82,99.459,40.113,11.461,9.563,27264393,17,,,,,
22.8979,cubic,open,83,58,83,99.427,40.113,11.604,9.564,27270185,17,,,,,
22.9030,cubic,open,83,58,83,99.403,40.113,11.607,9.563,27275977,17,,,,,
22.9081,cubic,open,83,58,83,99.397,40.113,11.608,9.563,27281769,17,,,,,
22.9133,cubic,open,83,58,83,99.377,40.113,11.61,9.563,27287561,17,,,,,
22.9183,cubic,open,83,58,83,99.365,40.113,11.611,9.563,27293353,17,,,,,
22.9235,cubic,open,83,58,83,99.355,40.113,11.613,9.563,27299145,17,,,,,
22.9286,cubic,open,83,58,83,99.459,40.113,11.6,9.563,27306385,17,,,,,
22.9337,cubic,open,83,58,83,99.579,40.113,11.586,9.563,27312177,17,,,,,
22.9388,cubic,open,83,58,83,99.627,40.113,11.581,9.563,27317969,17,,,,,
22.9439,cubic,open,83,58,83,99.554,40.113,11.589,9.563,27323761,17,,,,,
22.9491,cubic,open,83,58,83,99.498,40.113,11.596,9.564,27329553,17,,,,,
22.9542,cubic,open,83,58,83,99.593,40.113,11.585,9.564,27336793,17,,,,,
22.9593,cubic,open,83,58,83,99.529,40.113,11.592,9.563,27342585,17,,,,,
22.9644,cubic,open,83,58,83,99.479,40.113,11.598,9.563,27348377,17,,,,,
22.9695,cubic,open,83,58,83,99.559,40.113,11.589,9.564,27355617,17,,,,,
22.9746,cubic,open,83,58,83,99.505,40.113,11.595,9.563,27361409,17,,,,,
22.9797,cubic,open,83,58,83,99.461,40.113,11.6,9.564,27367201,17,,,,,
22.9847,cubic,open,83,58,83,99.426,40.113,11.604,9.564,27372993,17,,,,,
22.9898,cubic,open,83,58,83,99.505,40.113,11.595,9.564,27380233,17,,,,,
22.9949,cubic,open,83,58,83,99.482,40.113,11.598,9.563,27386025,17,,,,,
23.0000,cubic,open,83,58,83,99.621,40.113,11.582,9.564,27391817,17,,,,,
23.0051,cubic,open,83,58,83,99.832,40.113,11.557,9.565,27396161,17,,,,,
23.0102,cubic,open,83,58,83,99.979,40.113,11.54,9.564,27401953,17,,,,,
23.0153,cubic,open,83,58,83,100.157,40.113,11.52,9.566,27410641,17,,,,,
23.0204,cubic,open,83,58,83,100.287,40.113,11.505,9.564,27416433,17,,,,,
23.0255,cubic,open,83,58,83,100.343,40.113,11.498,9.563,27422225,17,,,,,
23.0306,cubic,open,83,58,83,100.517,40.113,11.478,9.565,27426569,17,,,,,
23.0357,cubic,open,83,58,83,100.668,40.113,11.461,9.565,27435257,17,,,,,
23.0408,cubic,open,83,58,83,100.752,40.113,11.451,9.564,27441049,17,,,,,
23.0460,cubic,open,83,58,83,100.699,40.113,11.458,9.564,27446841,17,,,,,
23.0510,cubic,open,83,58,83,100.609,40.113,11.468,9.603,27452633,17,,,,,
23.0562,cubic,open,83,58,83,100.702,40.113,11.457,9.564,27456977,17,,,,,
23.0613,cubic,open,83,58,83,100.645,40.113,11.464,9.564,27465665,17,,,,,
23.0664,cubic,open,83,58,83,100.616,40.113,11.467,9.565,27471457,17,,,,,
23.0715,cubic,open,83,58,83,100.751,40.113,11.452,9.562,27477249,17,,,,,
23.0766,cubic,open,83,58,83,100.701,40.113,11.457,9.564,27481593,17,,,,,
23.0817,cubic,open,83,58,83,100.665,40.113,11.461,9.563,27487385,17,,,,,
23.0868,cubic,open,83,58,83,100.625,40.113,11.466,9.564,27496073,17,,,,,
23.0918,cubic,open,83,58,83,100.736,40.113,11.453,9.563,27500417,17,,,,,
23.0969,cubic,open,83,58,83,100.667,40.113,11.461,9.563,27506209,17,,,,,
23.1020,cubic,open,83,58,83,100.637,40.113,11.465,9.562,27512001,17,,,,,
23.1071,cubic,open,83,58,83,100.72,40.113,11.455,9.564,27519241,17,,,,,
23.1121,cubic,open,83,58,83,100.675,40.113,11.46,9.564,27525033,17,,,,,
23.1172,cubic,open,83,58,83,100.641,40.113,11.464,9.564,27530825,17,,,,,
23.1223,cubic,open,83,58,83,100.573,40.113,11.472,9.562,27536617,17,,,,,
23.1274,cubic,open,83,58,83,100.563,40.113,11.473,9.564,27542409,17,,,,,
23.1326,cubic,open,83,58,83,100.688,40.113,11.459,9.563,27549649,17,,,,,
23.1376,cubic,open,83,58,83,100.652,40.113,11.463,9.564,27555441,17,,,,,
23.1427,cubic,open,83,58,83,100.879,40.113,11.437,9.449,27562681,17,,,,,
23.1478,cubic,open,83,58,83,100.798,40.113,11.446,9.564,27567025,17,,,,,
23.1528,cubic,open,83,58,83,100.734,40.113,11.454,9.564,27572817,17,,,,,
23.1579,cubic,open,83,58,83,100.796,40.113,11.447,9.564,27580057,17,,,,,
23.1630,cubic,open,83,58,83,100.732,40.113,11.454,9.564,27585849,17,,,,,
23.1681,cubic,open,83,58,83,100.684,40.113,11.459,9.564,27591641,17,,,,,
23.1731,cubic,open,83,58,83,100.644,40.113,11.464,9.567,27597433,17,,,,,
23.1782,cubic,open,83,58,83,100.711,40.113,11.456,9.561,27604673,17,,,,,
23.1833,cubic,open,83,58,83,100.663,40.113,11.462,9.562,27610465,17,,,,,
23.1884,cubic,open,83,58,83,100.627,40.113,11.466,9.564,27616257,17,,,,,
23.1934,cubic,open,83,58,83,100.722,40.113,11.455,9.566,27623497,17,,,,,
23.1985,cubic,open,83,58,83,100.675,40.113,11.46,9.564,27629289,17,,,,,
23.2036,cubic,open,83,58,83,100.636,40.113,11.465,9.566,27635081,17,,,,,
23.2087,cubic,open,83,58,83,100.741,40.113,11.453,9.563,27639425,17,,,,,
23.2138,cubic,open,83,58,83,100.692,40.113,11.458,9.564,27645217,17,,,,,
23.2188,cubic,open,83,58,83,100.636,40.113,11.465,9.565,27653905,17,,,,,
23.2239,cubic,open,83,58,83,100.606,40.113,11.468,9.563,27659697,17,,,,,
23.2290,cubic,open,83,58,83,100.585,40.113,11.471,9.563,27665489,17,,,,,
23.2341,cubic,open,83,58,83,100.719,40.113,11.455,9.448,27671281,17,,,,,
23.2391,cubic,open,83,58,83,100.673,40.113,11.461,9.564,27675625,17,,,,,
23.2442,cubic,open,83,58,83,100.756,40.113,11.451,9.564,27682865,17,,,,,
23.2492,cubic,open,83,58,83,100.797,40.113,11.446,9.564,27690105,17,,,,,
23.2543,cubic,open,83,58,83,100.735,40.113,11.453,9.564,27695897,17,,,,,
23.2594,cubic,open,83,58,83,100.838,40.113,11.442,9.449,27701689,17,,,,,
23.2644,cubic,open,84,58,84,100.766,40.113,11.588,9.564,27706033,17,,,,,
23.2695,cubic,open,84,58,84,100.686,40.113,11.597,9.564,27714721,17,,,,,
23.2746,cubic,open,84,58,84,100.649,40.113,11.601,9.564,27720513,17,,,,,
23.2797,cubic,open,84,58,84,100.753,40.113,11.589,9.564,27724857,17,,,,,
23.2847,cubic,open,84,58,84,100.701,40.113,11.595,9.564,27730649,17,,,,,
23.2898,cubic,open,84,58,84,100.661,40.113,11.6,9.564,27736441,17,,,,,
23.2949,cubic,open,84,58,84,100.631,40.113,11.603,9.564,27742233,17,,,,,
23.3000,cubic,open,84,58,84,100.714,40.113,11.594,9.564,27749473,17,,,,,
23.3050,cubic,open,84,58,84,100.671,40.113,11.599,9.564,27755265,17,,,,,
23.3101,cubic,open,84,58,84,100.755,40.113,11.589,9.563,27762505,17,,,,,
23.3152,cubic,open,84,58,84,100.702,40.113,11.595,9.564,27768297,17,,,,,
23.3202,cubic,open,84,58,84,100.661,40.113,11.6,9.564,27774089,17,,,,,
23.3253,cubic,open,84,58,84,100.631,40.113,11.603,9.564,27779881,17,,,,,
23.3304,cubic,open,84,58,84,100.607,40.113,11.606,9.564,27785673,17,,,,,
23.3354,cubic,open,84,58,84,100.589,40.113,11.608,9.564,27791465,17,,,,,
23.3405,cubic,open,84,58,84,100.686,40.113,11.597,9.564,27798705,17,,,,,
23.3456,cubic,open,84,58,84,100.801,40.113,11.584,9.564,27804497,17,,,,,
23.3506,cubic,open,84,58,84,100.842,40.113,11.579,9.564,27810289,17,,,,,
23.3557,cubic,open,84,58,84,100.767,40.113,11.588,9.564,27816081,17,,,,,
23.3608,cubic,open,84,58,84,100.711,40.113,11.594,9.564,27821873,17,,,,,
23.3658,cubic,recovery,82,58,82,100.613,40.113,11.744,9.449,27823321,18,,,,,
23.3709,cubic,recovery,81,58,81,100.723,40.113,12.007,9.449,27823321,18,,,,,
23.3760,cubic,recovery,79,58,79,100.88,40.113,12.539,9.47,27823321,18,,,,,
23.3811,cubic,recovery,78,58,78,100.893,40.113,12.813,9.449,27823321,18,,,,,
23.3862,cubic,recovery,77,58,77,100.887,40.113,13.227,9.449,27823321,18,,,,,
23.3913,cubic,recovery,76,58,76,100.883,40.113,13.641,9.449,27823321,18,,,,,
23.3964,cubic,recovery,74,58,74,100.879,40.113,14.055,9.47,27823321,18,,,,,
23.4014,cubic,recovery,73,58,73,100.924,40.113,14.462,9.449,27823321,18,,,,,
23.4065,cubic,recovery,72,58,72,100.89,40.113,14.88,9.449,27823321,18,,,,,
23.4116,cubic,recovery,70,58,70,101.038,40.113,15.271,9.47,27823321,18,,,,,
23.4167,cubic,recovery,69,58,69,101.007,40.113,15.551,9.469,27823321,18,,,,,
23.4217,cubic,recovery,68,58,68,100.988,40.113,15.967,9.47,27823321,18,,,,,
23.4268,cubic,recovery,66,58,66,100.892,40.113,16.533,9.449,27823321,18,,,,,
23.4319,cubic,recovery,65,58,65,100.887,40.113,16.81,9.449,27823321,18,,,,,
23.4369,cubic,recovery,64,58,64,100.882,40.113,17.224,9.469,27823321,18,,,,,
23.4420,cubic,recovery,63,58,63,101.015,40.113,17.614,9.47,27823321,18,,,,,
23.4471,cubic,recovery,61,58,61,100.992,40.113,18.031,9.47,27823321,18,,,,,
23.4521,cubic,recovery,60,58,60,101.097,40.113,18.425,9.47,27823321,18,,,,,
23.4572,cubic,recovery,58,58,58,100.95,40.113,18.727,9.449,27823321,18,,,,,
23.4622,cubic,recovery,58,58,58,100.92,40.113,19.284,9.469,27823321,18,,,,,
23.4673,cubic,open,58,58,58,100.594,40.113,8.015,9.469,27949297,18,,,,,
23.4724,cubic,open,58,58,58,99.908,40.113,8.07,9.238,27955089,18,,,,,
23.4774,cubic,open,58,58,58,98.815,40.113,8.159,8.9,27960881,18,,,,,
23.4825,cubic,open,58,58,58,97.695,40.113,8.253,8.672,27966673,18,,,,,
23.4876,cubic,open,58,58,58,95.466,40.113,8.445,8.546,27975361,18,,,,,
23.4926,cubic,open,58,58,58,93.712,40.113,8.603,8.314,27981153,18,,,,,
23.4977,cubic,open,59,58,58,91.801,40.113,8.934,7.987,27986945,18,,,,,
23.5028,cubic,open,59,58,59,89.92,40.113,9.121,7.759,27992737,18,,,,,
23.5078,cubic,open,59,58,59,88.046,40.113,9.315,7.53,27998529,18,,,,,
23.5129,cubic,open,59,58,59,86.044,40.113,9.532,7.506,28004321,18,,,,,
23.5180,cubic,open,59,58,59,83.943,40.113,9.77,7.188,28010113,18,,,,,
23.5230,cubic,open,59,58,59,81.765,40.113,10.03,7.044,28015905,18,,,,,
23.5281,cubic,open,59,58,59,79.818,40.113,10.275,6.698,28021697,18,,,,,
23.5332,cubic,open,59,58,59,77.624,40.113,10.566,6.698,28027489,18,,,,,
23.5383,cubic,open,60,58,59,75.919,40.113,10.986,6.834,28033281,18,,,,,
23.5433,cubic,open,60,58,60,73.981,40.113,11.274,7.059,28041969,18,,,,,
23.5484,cubic,open,60,58,60,72.837,40.113,11.451,7.178,28047761,18,,,,,
23.5534,cubic,open,60,58,60,71.775,40.113,11.62,7.305,28053553,18,,,,,
23.5585,cubic,open,60,58,60,70.79,40.113,11.782,7.346,28059345,18,,,,,
23.5636,cubic,open,60,58,60,69.886,40.113,11.934,7.493,28065137,18,,,,,
23.5687,cubic,open,60,58,60,69.067,40.113,12.076,7.656,28070929,18,,,,,
23.5737,cubic,open,60,58,60,68.054,40.113,12.256,7.861,28078169,18,,,,,
23.5788,cubic,open,60,58,60,67.507,40.113,12.355,8.067,28083961,18,,,,,
23.5839,cubic,open,60,58,60,67.058,40.113,12.438,8.174,28089753,18,,,,,
23.5890,cubic,open,60,58,60,66.711,40.113,12.502,8.419,28095545,18,,,,,
23.5940,cubic,open,60,58,60,66.47,40.113,12.548,8.692,28101337,18,,,,,
23.5991,cubic,open,60,58,60,66.338,40.113,12.573,9.144,28107129,18,,,,,
23.6042,cubic,open,61,58,61,66.316,40.113,12.786,9.189,28112921,18,,,,,
23.6093,cubic,open,61,58,61,66.413,40.113,12.768,9.131,28118713,18,,,,,
23.6143,cubic,open,61,58,61,66.764,40.113,12.701,9.241,28125953,18,,,,,
23.6194,cubic,open,61,58,61,67.106,40.113,12.636,9.442,28131745,18,,,,,
23.6244,cubic,open,61,58,61,67.548,40.113,12.553,9.564,28137537,18,,,,,
23.6295,cubic,open,61,58,61,68.08,40.113,12.455,9.564,28143329,18,,,,,
23.6346,cubic,open,61,58,61,68.695,40.113,12.344,9.563,28149121,18,,,,,
23.6396,cubic,open,61,58,61,69.386,40.113,12.221,9.563,28154913,18,,,,,
23.6447,cubic,open,61,58,61,70.122,40.113,12.092,9.564,28160705,18,,,,,
23.6498,cubic,open,61,58,60,71.031,40.113,11.938,9.565,28167945,18,,,,,
23.6548,cubic,open,61,58,61,71.415,40.113,11.874,9.564,28173737,18,,,,,
23.6599,cubic,open,61,58,61,71.711,40.113,11.825,9.562,28179529,18,,,,,
23.6650,cubic,open,61,58,61,71.936,40.113,11.788,9.564,28185321,18,,,,,
23.6701,cubic,open,62,58,62,72.108,40.113,11.952,9.564,28191113,18,,,,,
23.6752,cubic,open,62,58,62,72.24,40.113,11.93,9.564,28196905,18,,,,,
23.6802,cubic,open,62,58,62,72.811,40.113,11.837,9.564,28204145,18,,,,,
23.6853,cubic,open,62,58,62,73.061,40.113,11.796,9.564,28209937,18,,,,,
23.6904,cubic,open,62,58,62,73.465,40.113,11.731,9.564,28217177,18,,,,,
23.6955,cubic,open,62,58,62,73.561,40.113,11.716,9.564,28222969,18,,,,,
23.7005,cubic,open,62,58,62,73.637,40.113,11.704,9.564,28228761,18,,,,,
23.7056,cubic,open,63,58,63,73.694,40.113,11.884,9.564,28234553,18,,,,,
23.7107,cubic,open,63,58,63,73.738,40.113,11.876,9.564,28240345,18,,,,,
23.7157,cubic,open,63,58,63,73.771,40.113,11.871,9.565,28246137,18,,,,,
23.7208,cubic,open,63,58,63,73.802,40.113,11.866,9.562,28251929,18,,,,,
23.7259,cubic,open,63,58,63,73.542,40.113,11.908,9.561,28257721,18,,,,,
23.7309,cubic,open,63,58,63,73.572,40.113,11.903,9.562,28264961,18,,,,,
23.7360,cubic,open,63,58,63,73.645,40.113,11.891,9.564,28270753,18,,,,,
23.7410,cubic,open,63,58,63,73.7,40.113,11.883,9.564,28276545,18,,,,,
23.7461,cubic,open,63,58,63,74.07,40.113,11.823,9.564,28283785,18,,,,,
23.7512,cubic,open,63,58,63,74.31,40.113,11.785,9.564,28289577,18,,,,,
23.7562,cubic,open,63,58,63,74.626,40.113,11.735,9.564,28293921,18,,,,,
23.7613,cubic,open,63,58,63,74.78,40.113,11.711,9.564,28302609,18,,,,,
23.7664,cubic,open,63,58,63,75.004,40.113,11.676,9.564,28308401,18,,,,,
23.7714,cubic,open,63,58,63,75.026,40.113,11.673,9.564,28312745,18,,,,,
23.7765,cubic,open,64,58,64,75.041,40.113,11.855,9.564,28318537,18,,,,,
23.7816,cubic,open,64,58,64,75.053,40.113,11.853,9.564,28324329,18,,,,,
23.7867,cubic,open,64,58,64,75.49,40.113,11.785,9.564,28331569,18,,,,,
23.7918,cubic,open,64,58,64,75.684,40.113,11.755,9.562,28337361,18,,,,,
23.7969,cubic,open,64,58,64,75.825,40.113,11.733,9.566,28343153,18,,,,,
23.8020,cubic,open,64,58,64,75.933,40.113,11.716,9.567,28348945,18,,,,,
23.8071,cubic,open,64,58,64,76.016,40.113,11.703,9.565,28354737,18,,,,,
23.8122,cubic,open,64,58,64,76.224,40.113,11.671,9.563,28361977,18,,,,,
23.8173,cubic,open,64,58,64,76.279,40.113,11.663,9.529,28367769,18,,,,,
23.8224,cubic,open,64,58,64,76.286,40.113,11.662,9.563,28373561,18,,,,,
23.8275,cubic,open,64,58,64,76.41,40.113,11.643,9.563,28380801,18,,,,,
23.8326,cubic,open,64,58,64,76.539,40.113,11.623,9.563,28386593,18,,,,,
23.8377,cubic,open,64,58,64,76.488,40.113,11.631,9.561,28390937,18,,,,,
23.8428,cubic,open,65,58,65,76.477,40.113,11.815,9.562,28399625,18,,,,,
23.8478,cubic,open,65,58,65,76.57,40.113,11.8,9.564,28403969,18,,,,,
23.8529,cubic,open,65,58,65,76.794,40.113,11.766,9.563,28411209,18,,,,,
23.8580,cubic,open,65,58,65,76.963,40.113,11.74,9.564,28417001,18,,,,,
23.8631,cubic,open,65,58,65,77.277,40.113,11.692,9.564,28424241,18,,,,,
23.8682,cubic,open,65,58,65,77.33,40.113,11.684,9.565,28430033,18,,,,,
23.8733,cubic,open,65,58,65,77.374,40.113,11.678,9.564,28435825,18,,,,,
23.8783,cubic,open,65,58,65,77.408,40.113,11.672,9.563,28441617,18,,,,,
23.8834,cubic,open,65,58,65,77.432,40.113,11.669,9.565,28447409,18,,,,,
23.8885,cubic,open,65,58,65,77.592,40.113,11.645,9.565,28454649,18,,,,,
23.8935,cubic,open,65,58,65,77.538,40.113,11.653,9.598,28460441,18,,,,,
23.8986,cubic,open,65,58,65,77.532,40.113,11.654,9.565,28466233,18,,,,,
23.9037,cubic,open,65,58,65,77.679,40.113,11.632,9.562,28472025,18,,,,,
23.9088,cubic,open,66,58,66,77.638,40.113,11.817,9.566,28476369,18,,,,,
23.9139,cubic,open,66,58,66,77.726,40.113,11.804,9.567,28483609,18,,,,,
23.9189,cubic,open,66,58,66,77.622,40.113,11.819,9.566,28489401,18,,,,,
23.9240,cubic,open,66,58,66,78.004,40.113,11.762,9.564,28496641,18,,,,,
23.9291,cubic,open,66,58,66,78.306,40.113,11.716,9.564,28500985,18,,,,,
23.9342,cubic,open,66,58,66,78.576,40.113,11.676,9.564,28508225,18,,,,,
23.9393,cubic,open,66,58,66,78.612,40.113,11.671,9.564,28514017,18,,,,,
23.9444,cubic,open,66,58,66,78.784,40.113,11.645,9.564,28521257,18,,,,,
23.9495,cubic,open,66,58,66,78.769,40.113,11.647,9.565,28527049,18,,,,,
23.9546,cubic,open,66,58,66,78.759,40.113,11.649,9.564,28532841,18,,,,,
23.9597,cubic,open,66,58,66,78.75,40.113,11.65,9.564,28538633,18,,,,,
23.9647,cubic,open,66,58,66,78.744,40.113,11.651,9.564,28544425,18,,,,,
23.9698,cubic,open,66,58,66,78.872,40.113,11.632,9.564,28551665,18,,,,,
23.9749,cubic,open,67,58,67,78.839,40.113,11.813,9.563,28557457,18,,,,,
23.9800,cubic,open,67,58,67,78.815,40.113,11.817,9.563,28563249,18,,,,,
23.9851,cubic,open,67,58,67,78.946,40.113,11.797,9.564,28569041,18,,,,,
23.9902,cubic,open,67,58,67,79.183,40.113,11.762,9.564,28574833,18,,,,,
23.9953,cubic,open,67,58,67,79.566,40.113,11.705,9.564,28582073,18,,,,,
24.0004,cubic,open,67,58,67,79.653,40.113,11.693,9.564,28587865,18,,,,,
24.0055,cubic,open,67,58,67,79.852,40.113,11.663,9.564,28592209,18,,,,,
24.0105,cubic,open,67,58,67,80.014,40.113,11.64,9.564,28599449,18,,,,,
24.0162,cubic,open,67,58,67,80.123,40.113,11.624,9.564,28606689,18,,,,,
24.0213,cubic,open,67,58,67,80.08,40.113,11.63,9.563,28612481,18,,,,,
24.0264,cubic,open,67,58,67,80.198,40.113,11.613,9.564,28618273,18,,,,,
24.0314,cubic,open,67,58,67,80.113,40.113,11.625,9.564,28625513,18,,,,,
24.0365,cubic,open,67,58,67,80.071,40.113,11.631,9.564,28631305,18,,,,,
24.0416,cubic,open,68,58,68,80.04,40.113,11.81,9.564,28637097,18,,,,,
24.0467,cubic,open,68,58,68,80.017,40.113,11.813,9.564,28642889,18,,,,,
24.0518,cubic,open,68,58,68,80.149,40.113,11.794,9.564,28648681,18,,,,,
24.0569,cubic,open,68,58,68,80.257,40.113,11.778,9.565,28655921,18,,,,,
24.0620,cubic,open,68,58,68,80.465,40.113,11.747,9.564,28660265,18,,,,,
24.0670,cubic,open,68,58,68,80.626,40.113,11.724,9.563,28666057,18,,,,,
24.0721,cubic,open,68,58,68,81.066,40.113,11.66,9.564,28673297,18,,,,,
24.0772,cubic,open,68,58,68,81.086,40.113,11.657,9.564,28677641,18,,,,,
24.0823,cubic,open,68,58,68,81.225,40.113,11.637,9.562,28684881,18,,,,,
24.0875,cubic,open,68,58,68,81.336,40.113,11.622,9.564,28692121,18,,,,,
24.0926,cubic,open,68,58,68,81.443,40.113,11.606,9.563,28697913,18,,,,,
24.0978,cubic,open,68,58,68,81.375,40.113,11.616,9.564,28702257,18,,,,,
24.1028,cubic,open,68,58,68,81.414,40.113,11.61,9.565,28709497,18,,,,,
24.1079,cubic,open,68,58,68,81.352,40.113,11.619,9.563,28715289,18,,,,,
24.1130,cubic,open,69,58,69,81.4,40.113,11.783,9.564,28722529,18,,,,,
24.1181,cubic,open,69,58,69,81.343,40.113,11.791,9.563,28728321,18,,,,,
24.1232,cubic,open,69,58,69,81.298,40.113,11.798,9.564,28734113,18,,,,,
24.1283,cubic,open,69,58,69,81.673,40.113,11.744,9.564,28741353,18,,,,,
24.1334,cubic,open,69,58,69,81.835,40.113,11.72,9.563,28747145,18,,,,,
24.1385,cubic,open,69,58,69,82.094,40.113,11.684,9.564,28751489,18,,,,,
24.1436,cubic,open,69,58,69,82.314,40.113,11.652,9.565,28758729,18,,,,,
24.1487,cubic,open,69,58,69,82.324,40.113,11.651,9.565,28764521,18,,,,,
24.1537,cubic,open,69,58,69,82.182,40.113,11.671,9.563,28770313,18,,,,,
24.1588,cubic,open,69,58,69,82.248,40.113,11.662,9.565,28776105,18,,,,,
24.1639,cubic,open,69,58,69,82.438,40.113,11.635,9.546,28783345,18,,,,,
24.1690,cubic,open,69,58,69,82.416,40.113,11.638,9.563,28789137,18,,,,,
24.1741,cubic,open,69,58,69,82.536,40.113,11.621,9.564,28793481,18,,,,,
24.1791,cubic,open,70,58,70,82.611,40.113,11.779,9.564,28800721,18,,,,,
24.1842,cubic,open,70,58,70,82.661,40.113,11.772,9.564,28807961,18,,,,,
24.1893,cubic,open,70,58,70,82.59,40.113,11.782,9.565,28813753,18,,,,,
24.1944,cubic,open,70,58,70,82.686,40.113,11.768,9.564,28819545,18,,,,,
24.1995,cubic,open,70,58,70,82.894,40.113,11.739,9.565,28825337,18,,,,,
24.2046,cubic,open,70,58,70,83.053,40.113,11.716,9.563,28831129,18,,,,,
24.2097,cubic,open,70,58,70,83.171,40.113,11.699,9.566,28836921,18,,,,,
24.2147,cubic,open,70,58,70,83.416,40.113,11.665,9.565,28844161,18,,,,,
24.2198,cubic,open,70,58,70,83.449,40.113,11.66,9.567,28849953,18,,,,,
24.2249,cubic,open,70,58,70,83.608,40.113,11.638,9.565,28854297,18,,,,,
24.2300,cubic,open,70,58,70,83.729,40.113,11.621,9.564,28861537,18,,,,,
24.2351,cubic,open,70,58,70,83.691,40.113,11.627,9.564,28867329,18,,,,,
24.2402,cubic,open,70,58,70,83.66,40.113,11.631,9.565,28873121,18,,,,,
24.2453,cubic,open,70,58,70,83.639,40.113,11.634,9.565,28878913,18,,,,,
24.2504,cubic,open,70,58,70,83.729,40.113,11.621,9.564,28886153,18,,,,,
24.2555,cubic,open,70,58,70,83.689,40.113,11.627,9.566,28891945,18,,,,,
24.2606,cubic,open,71,58,71,83.763,40.113,11.783,9.566,28899185,18,,,,,
24.2656,cubic,open,71,58,71,84.025,40.113,11.746,9.565,28904977,18,,,,,
24.2707,cubic,open,71,58,71,84.201,40.113,11.721,9.564,28909321,18,,,,,
24.2758,cubic,open,71,58,71,84.337,40.113,11.703,9.564,28915113,18,,,,,
24.2809,cubic,open,71,58,71,84.483,40.113,11.682,9.564,28923801,18,,,,,
24.2859,cubic,open,71,58,71,84.555,40.113,11.672,9.564,28929593,18,,,,,
24.2910,cubic,open,71,58,71,84.608,40.113,11.665,9.564,28935385,18,,,,,
24.2961,cubic,open,71,58,71,84.648,40.113,11.66,9.565,28941177,18,,,,,
24.3012,cubic,open,71,58,71,84.811,40.113,11.637,9.565,28945521,18,,,,,
24.3063,cubic,open,71,58,71,84.801,40.113,11.638,9.565,28954209,18,,,,,
24.3113,cubic,open,71,58,71,84.928,40.113,11.621,9.564,28958553,18,,,,,
24.3164,cubic,open,71,58,71,85.013,40.113,11.609,9.564,28965793,18,,,,,
24.3214,cubic,open,71,58,71,84.958,40.113,11.617,9.564,28971585,18,,,,,
24.3265,cubic,open,71,58,71,84.916,40.113,11.623,9.565,28977377,18,,,,,
24.3316,cubic,open,71,58,71,84.884,40.113,11.627,9.564,28983169,18,,,,,
24.3367,cubic,open,71,58,71,84.984,40.113,11.613,9.564,28990409,18,,,,,
24.3418,cubic,open,71,58,71,84.937,40.113,11.62,9.564,28996201,18,,,,,
24.3469,cubic,open,72,58,72,85.034,40.113,11.77,9.564,29000545,18,,,,,
24.3520,cubic,open,72,58,72,85.372,40.113,11.723,9.564,29007785,18,,,,,
24.3571,cubic,open,72,58,72,85.67,40.113,11.683,9.564,29013577,18,,,,,
24.3622,cubic,open,72,58,72,85.777,40.113,11.668,9.564,29020817,18,,,,,
24.3672,cubic,open,72,58,72,85.828,40.113,11.661,9.564,29026609,18,,,,,
24.3723,cubic,open,72,58,72,85.865,40.113,11.656,9.565,29032401,18,,,,,
24.3774,cubic,open,72,58,72,85.895,40.113,11.652,9.564,29038193,18,,,,,
24.3825,cubic,open,72,58,72,85.919,40.113,11.649,9.564,29043985,18,,,,,
24.3876,cubic,open,72,58,72,86.078,40.113,11.627,9.563,29051225,18,,,,,
24.3926,cubic,open,72,58,72,86.059,40.113,11.63,9.564,29057017,18,,,,,
24.3977,cubic,open,72,58,72,86.196,40.113,11.611,9.564,29062809,18,,,,,
24.4028,cubic,open,72,58,72,86.15,40.113,11.618,9.564,29067153,18,,,,,
24.4079,cubic,open,72,58,72,86.215,40.113,11.609,9.564,29074393,18,,,,,
24.4130,cubic,open,72,58,72,86.164,40.113,11.616,9.564,29080185,18,,,,,
24.4180,cubic,open,72,58,72,86.124,40.113,11.621,9.564,29085977,18,,,,,
24.4231,cubic,open,72,58,72,86.092,40.113,11.625,9.564,29091769,18,,,,,
24.4282,cubic,open,72,58,72,86.177,40.113,11.614,9.564,29099009,18,,,,,
24.4332,cubic,open,73,58,73,86.289,40.113,11.76,9.562,29104801,18,,,,,
24.4383,cubic,open,73,58,73,86.714,40.113,11.702,9.563,29112041,18,,,,,
24.4434,cubic,open,73,58,73,86.83,40.113,11.687,9.564,29117833,18,,,,,
24.4485,cubic,open,73,58,73,87.052,40.113,11.657,9.563,29122177,18,,,,,
24.4536,cubic,open,73,58,73,87.089,40.113,11.652,9.564,29127969,18,,,,,
24.4587,cubic,open,73,58,73,87.116,40.113,11.648,9.564,29133761,18,,,,,
24.4638,cubic,open,73,58,73,87.146,40.113,11.644,9.564,29142449,18,,,,,
24.4688,cubic,open,73,58,73,87.159,40.113,11.643,9.564,29148241,18,,,,,
24.4739,cubic,open,73,58,73,87.169,40.113,11.641,9.564,29154033,18,,,,,
24.4790,cubic,open,73,58,73,87.309,40.113,11.623,9.565,29158377,18,,,,,
24.4841,cubic,open,73,58,73,87.285,40.113,11.626,9.564,29164169,18,,,,,
24.4892,cubic,open,73,58,73,87.392,40.113,11.611,9.563,29171409,18,,,,,
24.4943,cubic,open,73,58,73,87.463,40.113,11.602,9.564,29178649,18,,,,,
24.4994,cubic,open,73,58,73,87.403,40.113,11.61,9.563,29184441,18,,,,,
24.5045,cubic,open,73,58,73,87.358,40.113,11.616,9.563,29190233,18,,,,,
24.5096,cubic,open,73,58,73,87.324,40.113,11.621,9.564,29196025,18,,,,,
24.5147,cubic,open,73,58,73,87.416,40.113,11.608,9.564,29203265,18,,,,,
24.5198,cubic,open,73,58,73,87.363,40.113,11.615,9.561,29209057,18,,,,,
24.5249,cubic,open,74,58,74,87.634,40.113,11.738,9.563,29213401,18,,,,,
24.5299,cubic,open,74,58,74,88.024,40.113,11.686,9.564,29220641,18,,,,,
24.5350,cubic,open,74,58,74,88.115,40.113,11.674,9.564,29226433,18,,,,,
24.5401,cubic,open,74,58,74,88.328,40.113,11.646,9.564,29233673,18,,,,,
24.5452,cubic,open,74,58,74,88.349,40.113,11.643,9.564,29239465,18,,,,,
24.5502,cubic,open,74,58,74,88.363,40.113,11.641,9.564,29245257,18,,,,,
24.5553,cubic,open,74,58,74,88.376,40.113,11.64,9.564,29251049,18,,,,,
24.5604,cubic,open,74,58,74,88.385,40.113,11.638,9.564,29256841,18,,,,,
24.5654,cubic,open,74,58,74,88.392,40.113,11.637,9.564,29262633,18,,,,,
24.5705,cubic,open,74,58,74,88.516,40.113,11.621,9.564,29269873,18,,,,,
24.5756,cubic,open,74,58,74,88.491,40.113,11.624,9.565,29275665,18,,,,,
24.5807,cubic,open,74,58,74,88.604,40.113,11.61,9.564,29280009,18,,,,,
24.5857,cubic,open,74,58,74,88.674,40.113,11.6,9.564,29287249,18,,,,,
24.5908,cubic,open,74,58,74,88.611,40.113,11.609,9.565,29293041,18,,,,,
24.5959,cubic,open,74,58,74,88.563,40.113,11.615,9.565,29298833,18,,,,,
24.6010,cubic,open,74,58,74,88.528,40.113,11.62,9.564,29304625,18,,,,,
24.6061,cubic,open,74,58,74,88.622,40.113,11.607,9.564,29311865,18,,,,,
24.6111,cubic,open,75,58,75,88.573,40.113,11.771,9.565,29317657,18,,,,,
24.6162,cubic,open,75,58,75,88.819,40.113,11.738,9.564,29323449,18,,,,,
24.6213,cubic,open,75,58,75,89.218,40.113,11.686,9.564,29330689,18,,,,,
24.6263,cubic,open,75,58,75,89.313,40.113,11.673,9.564,29336481,18,,,,,
24.6314,cubic,open,75,58,75,89.519,40.113,11.646,9.564,29340825,18,,,,,
24.6364,cubic,open,75,58,75,89.543,40.113,11.643,9.565,29346617,18,,,,,
24.6415,cubic,open,75,58,75,89.564,40.113,11.64,9.564,29352409,18,,,,,
24.6466,cubic,open,75,58,75,89.578,40.113,11.639,9.564,29358201,18,,,,,
24.6516,cubic,open,75,58,75,89.594,40.113,11.636,9.564,29366889,18,,,,,
24.6567,cubic,open,75,58,75,89.601,40.113,11.635,9.564,29372681,18,,,,,
24.6618,cubic,open,75,58,75,89.738,40.113,11.618,9.565,29377025,18,,,,,
24.6668,cubic,open,75,58,75,89.712,40.113,11.621,9.564,29382817,18,,,,,
24.6719,cubic,open,75,58,75,89.817,40.113,11.608,9.564,29390057,18,,,,,
24.6770,cubic,open,75,58,75,89.887,40.113,11.599,9.564,29397297,18,,,,,
24.6821,cubic,open,75,58,75,89.827,40.113,11.606,9.564,29403089,18,,,,,
24.6871,cubic,open,75,58,75,89.78,40.113,11.612,9.564,29408881,18,,,,,
24.6922,cubic,open,75,58,75,89.743,40.113,11.617,9.564,29414673,18,,,,,
24.6973,cubic,open,75,58,75,89.867,40.113,11.601,9.564,29420465,18,,,,,
24.7023,cubic,open,75,58,75,89.81,40.113,11.608,9.564,29424809,18,,,,,
24.7074,cubic,open,76,58,76,90.171,40.113,11.716,9.564,29432049,18,,,,,
24.7125,cubic,open,76,58,76,90.328,40.113,11.696,9.564,29437841,18,,,,,
24.7175,cubic,open,76,58,76,90.613,40.113,11.659,9.564,29445081,18,,,,,
24.7226,cubic,open,76,58,76,90.817,40.113,11.633,9.564,29450873,18,,,,,
24.7277,cubic,open,76,58,76,90.827,40.113,11.632,9.564,29455217,18,,,,,
24.7327,cubic,open,76,58,76,90.829,40.113,11.631,9.564,29463905,18,,,,,
24.7378,cubic,open,76,58,76,90.831,40.113,11.631,9.564,29469697,18,,,,,
24.7429,cubic,open,76,58,76,90.834,40.113,11.631,9.564,29475489,18,,,,,
24.7480,cubic,open,76,58,76,90.835,40.113,11.63,9.564,29481281,18,,,,,
24.7530,cubic,open,76,58,76,90.987,40.113,11.611,9.564,29487073,18,,,,,
24.7581,cubic,open,76,58,76,90.939,40.113,11.617,9.564,29494313,18,,,,,
24.7632,cubic,open,76,58,76,91.067,40.113,11.601,9.564,29500105,18,,,,,
24.7683,cubic,open,76,58,76,91.014,40.113,11.608,9.564,29504449,18,,,,,
24.7733,cubic,open,76,58,76,91.072,40.113,11.6,9.564,29511689,18,,,,,
24.7786,cubic,open,76,58,76,91.017,40.113,11.607,9.564,29517481,18,,,,,
24.7837,cubic,open,76,58,76,90.975,40.113,11.613,9.564,29523273,18,,,,,
24.7888,cubic,open,76,58,76,90.944,40.113,11.617,9.564,29529065,18,,,,,
24.7939,cubic,open,77,58,77,91.027,40.113,11.759,9.564,29536305,18,,,,,
24.7990,cubic,open,77,58,77,91.268,40.113,11.728,9.564,29542097,18,,,,,
24.8040,cubic,open,77,58,77,91.463,40.113,11.703,9.555,29547889,18,,,,,
24.8091,cubic,open,77,58,77,91.79,40.113,11.661,9.563,29555129,18,,,,,
24.8142,cubic,open,77,58,77,91.853,40.113,11.653,9.563,29560921,18,,,,,
24.8193,cubic,open,77,58,77,92.028,40.113,11.631,9.563,29565265,18,,,,,
24.8244,cubic,open,77,58,77,92.034,40.113,11.63,9.564,29571057,18,,,,,
24.8295,cubic,open,77,58,77,92.038,40.113,11.629,9.564,29576849,18,,,,,
24.8345,cubic,open,77,58,77,92.087,40.113,11.623,9.564,29585537,18,,,,,
24.8396,cubic,open,77,58,77,92.079,40.113,11.624,9.564,29591329,18,,,,,
24.8447,cubic,open,77,58,77,92.073,40.113,11.625,9.563,29597121,18,,,,,
24.8498,cubic,open,77,58,77,92.201,40.113,11.609,9.563,29601465,18,,,,,
24.8549,cubic,open,77,58,77,92.166,40.113,11.613,9.564,29607257,18,,,,,
24.8600,cubic,open,77,58,77,92.262,40.113,11.601,9.564,29614497,18,,,,,
24.8650,cubic,open,77,58,77,92.324,40.113,11.593,9.564,29621737,18,,,,,
24.8701,cubic,open,77,58,77,92.261,40.113,11.601,9.564,29627529,18,,,,,
24.8752,cubic,open,77,58,77,92.212,40.113,11.608,9.564,29633321,18,,,,,
24.8803,cubic,open,77,58,77,92.174,40.113,11.612,9.564,29639113,18,,,,,
24.8853,cubic,open,77,58,77,92.266,40.113,11.601,9.564,29646353,18,,,,,
24.8904,cubic,open,78,58,78,92.523,40.113,11.719,9.565,29650697,18,,,,,
24.8955,cubic,open,78,58,78,92.697,40.113,11.697,9.564,29656489,18,,,,,
24.9005,cubic,open,78,58,78,92.82,40.113,11.681,9.564,29662281,18,,,,,
24.9056,cubic,open,78,58,78,93.097,40.113,11.647,9.565,29669521,18,,,,,
24.9107,cubic,open,78,58,78,93.135,40.113,11.642,9.564,29675313,18,,,,,
24.9158,cubic,open,78,58,78,93.292,40.113,11.622,9.564,29682553,18,,,,,
24.9209,cubic,open,78,58,78,93.285,40.113,11.623,9.564,29688345,18,,,,,
24.9260,cubic,open,78,58,78,93.23,40.113,11.63,9.563,29694137,18,,,,,
24.9311,cubic,open,78,58,78,93.238,40.113,11.629,9.564,29699929,18,,,,,
24.9361,cubic,open,78,58,78,93.243,40.113,11.628,9.564,29705721,18,,,,,
24.9412,cubic,open,78,58,78,93.249,40.113,11.628,9.563,29711513,18,,,,,
24.9463,cubic,open,78,58,78,93.37,40.113,11.613,9.564,29718753,18,,,,,
24.9514,cubic,open,78,58,78,93.344,40.113,11.616,9.564,29724545,18,,,,,
24.9565,cubic,open,78,58,78,93.457,40.113,11.602,9.564,29728889,18,,,,,
24.9616,cubic,open,78,58,78,93.525,40.113,11.593,9.564,29736129,18,,,,,
24.9666,cubic,open,78,58,78,93.463,40.113,11.601,9.564,29741921,18,,,,,
24.9717,cubic,open,78,58,78,93.417,40.113,11.607,9.564,29747713,18,,,,,
24.9768,cubic,open,78,58,78,93.415,40.113,11.607,9.564,29753505,18,,,,,
24.9819,cubic,open,78,58,78,93.497,40.113,11.597,9.564,29760745,18,,,,,
24.9870,cubic,open,79,58,79,93.725,40.113,11.717,9.564,29766537,18,,,,,
24.9921,cubic,open,79,58,79,93.9,40.113,11.695,9.564,29772329,18,,,,,
24.9972,cubic,open,79,58,79,94.033,40.113,11.678,9.565,29778121,18,,,,,
25.0023,cubic,open,79,58,79,94.31,40.113,11.644,9.564,29785361,18,,,,,
25.0073,cubic,open,79,58,79,94.348,40.113,11.639,9.564,29791153,18,,,,,
25.0124,cubic,open,79,58,79,94.509,40.113,11.62,9.564,29795497,18,,,,,
25.0175,cubic,open,79,58,79,94.497,40.113,11.621,9.564,29804185,18,,,,,
25.0225,cubic,open,79,58,79,94.49,40.113,11.622,9.564,29809977,18,,,,,
25.0276,cubic,open,79,58,79,94.485,40.113,11.623,9.564,29815769,18,,,,,
25.0327,cubic,open,79,58,79,94.479,40.113,11.623,9.566,29821561,18,,,,,
25.0378,cubic,open,79,58,79,94.476,40.113,11.624,9.564,29827353,18,,,,,
25.0429,cubic,open,79,58,79,94.589,40.113,11.61,9.565,29834593,18,,,,,
25.0480,cubic,open,79,58,79,94.561,40.113,11.613,9.564,29840385,18,,,,,
25.0531,cubic,open,79,58,79,94.674,40.113,11.599,9.563,29844729,18,,,,,
25.0582,cubic,open,79,58,79,94.74,40.113,11.591,9.564,29851969,18,,,,,
25.0633,cubic,open,79,58,79,94.676,40.113,11.599,9.565,29857761,18,,,,,
25.0684,cubic,open,79,58,79,94.588,40.113,11.61,9.596,29863553,18,,,,,
25.0735,cubic,open,79,58,79,94.561,40.113,11.613,9.565,29869345,18,,,,,
25.0786,cubic,open,79,58,79,94.663,40.113,11.601,9.564,29876585,18,,,,,
25.0837,cubic,open,79,58,79,94.799,40.113,11.584,9.563,29882377,18,,,,,
25.0888,cubic,open,79,58,79,95.091,40.113,11.549,9.564,29889617,18,,,,,
25.0939,cubic,open,79,58,79,95.231,40.113,11.532,9.564,29895409,18,,,,,
25.0989,cubic,open,79,58,79,95.49,40.113,11.5,9.564,29901201,18,,,,,
25.1040,cubic,open,79,58,79,95.537,40.113,11.495,9.563,29905545,18,,,,,
25.1091,cubic,open,79,58,79,95.717,40.113,11.473,9.564,29912785,18,,,,,
25.1142,cubic,open,79,58,79,95.71,40.113,11.474,9.564,29918577,18,,,,,
25.1193,cubic,open,79,58,79,95.707,40.113,11.474,9.563,29924369,18,,,,,
25.1244,cubic,open,79,58,79,95.702,40.113,11.475,9.564,29930161,18,,,,,
25.1295,cubic,open,79,58,79,95.699,40.113,11.475,9.563,29935953,18,,,,,
25.1346,cubic,open,79,58,79,95.699,40.113,11.475,9.563,29941745,18,,,,,
25.1397,cubic,open,79,58,79,95.828,40.113,11.46,9.564,29948985,18,,,,,
25.1448,cubic,open,79,58,79,95.795,40.113,11.464,9.564,29954777,18,,,,,
25.1499,cubic,open,79,58,79,95.887,40.113,11.453,9.565,29962017,18,,,,,
25.1549,cubic,open,80,58,80,95.993,40.113,11.585,9.563,29967809,18,,,,,
25.1600,cubic,open,80,58,80,95.92,40.113,11.594,9.564,29972153,18,,,,,
25.1651,cubic,open,80,58,80,95.841,40.113,11.603,9.565,29980841,18,,,,,
25.1702,cubic,open,80,58,80,95.805,40.113,11.607,9.564,29986633,18,,,,,
25.1752,cubic,open,80,58,80,95.929,40.113,11.592,9.564,29992425,18,,,,,
25.1803,cubic,open,80,58,80,95.869,40.113,11.6,9.565,29996769,18,,,,,
25.1854,cubic,open,80,58,80,95.923,40.113,11.593,9.564,30004009,18,,,,,
25.1904,cubic,open,80,58,80,95.865,40.113,11.6,9.564,30009801,18,,,,,
25.1955,cubic,open,80,58,80,95.821,40.113,11.606,9.564,30015593,18,,,,,
25.2006,cubic,open,80,58,80,95.89,40.113,11.597,9.564,30022833,18,,,,,
25.2057,cubic,open,80,58,80,95.992,40.113,11.585,9.443,30028625,18,,,,,
25.2107,cubic,open,80,58,80,95.918,40.113,11.594,9.564,30032969,18,,,,,
25.2158,cubic,open,80,58,80,95.859,40.113,11.601,9.563,30038761,18,,,,,
25.2209,cubic,open,80,58,80,95.8,40.113,11.608,9.563,30047449,18,,,,,
