t_s,state,pacing_gain,cwnd_gain,link_mbps,btlbw_mbps,rtprop_ms,cwnd,inflight,queue,rtt_ms,srtt_ms,delivery_mbps,drops
0.000,startup,2.885,2.885,10.0,0.0,41.21,10,0,0,0.0,0.0,0.0,0
0.005,startup,2.885,2.885,10.0,0.0,41.21,10,4,1,0.0,0.0,0.0,0
0.010,startup,2.885,2.885,10.0,0.0,41.21,10,8,1,0.0,0.0,0.0,0
0.015,startup,2.885,2.885,10.0,0.0,41.21,10,10,0,0.0,0.0,0.0,0
0.020,startup,2.885,2.885,10.0,0.0,41.21,10,10,0,0.0,0.0,0.0,0
0.025,startup,2.885,2.885,10.0,0.0,41.21,10,10,0,0.0,0.0,0.0,0
0.030,startup,2.885,2.885,10.0,0.0,41.21,10,10,0,0.0,0.0,0.0,0
0.035,startup,2.885,2.885,10.0,0.0,41.21,10,10,0,0.0,0.0,0.0,0
0.040,startup,2.885,2.885,10.0,0.0,41.21,10,10,0,0.0,0.0,0.0,0
0.045,startup,2.885,2.885,10.0,0.789,41.21,13,10,1,41.21,41.21,0.789,0
0.050,startup,2.885,2.885,10.0,1.629,41.21,17,10,1,41.21,41.21,1.629,0
0.055,startup,2.885,2.885,10.0,2.143,41.21,20,10,1,41.21,41.21,2.143,0
0.060,startup,2.885,2.885,10.0,2.143,41.21,20,14,1,41.21,41.21,2.143,0
0.065,startup,2.885,2.885,10.0,2.143,41.21,20,17,1,41.21,41.21,2.143,0
0.070,startup,2.885,2.885,10.0,2.143,41.21,20,20,0,41.21,41.21,2.143,0
0.075,startup,2.885,2.885,10.0,2.143,41.21,20,20,0,41.21,41.21,2.143,0
0.080,startup,2.885,2.885,10.0,2.143,41.21,20,20,0,41.21,41.21,2.143,0
0.085,startup,2.885,2.885,10.0,2.811,41.21,22,20,1,41.21,41.21,2.811,0
0.090,startup,2.885,2.885,10.0,2.811,41.21,26,20,1,41.21,41.21,2.811,0
0.095,startup,2.885,2.885,10.0,2.811,41.21,29,20,1,41.21,41.21,2.811,0
0.100,startup,2.885,2.885,10.0,3.31,41.21,32,20,1,41.21,41.21,3.31,0
0.105,startup,2.885,2.885,10.0,3.723,41.21,35,21,1,41.21,41.21,3.723,0
0.110,startup,2.885,2.885,10.0,4.175,41.21,39,22,2,41.21,41.21,4.175,0
0.115,startup,2.885,2.885,10.0,4.175,41.21,39,27,3,41.21,41.21,4.175,0
0.120,startup,2.885,2.885,10.0,4.175,41.21,39,32,4,41.21,41.21,4.175,0
0.125,startup,2.885,2.885,10.0,5.622,41.21,40,37,6,41.21,41.21,5.622,0
0.130,startup,2.885,2.885,10.0,5.705,41.21,44,40,8,41.21,41.21,5.705,0
0.135,startup,2.885,2.885,10.0,5.705,41.21,47,44,11,41.21,41.21,5.705,0
0.140,startup,2.885,2.885,10.0,5.705,41.21,51,47,14,41.21,41.21,5.705,0
0.145,startup,2.885,2.885,10.0,5.791,41.21,55,50,17,41.25,41.22,5.791,0
0.150,startup,2.885,2.885,10.0,5.987,41.21,59,53,20,41.77,41.36,5.987,0
0.155,startup,2.885,2.885,10.0,6.24,41.21,63,57,24,42.62,41.76,6.24,0
0.160,startup,2.885,2.885,10.0,6.566,41.21,67,61,28,43.58,42.38,6.566,0
0.165,startup,2.885,2.885,10.0,6.834,41.21,71,65,31,44.54,43.14,6.834,0
0.170,startup,2.885,2.885,10.0,9.022,41.21,74,68,35,45.74,44.21,9.022,0
0.175,startup,2.885,2.885,10.0,9.13,41.21,78,75,42,47.7,45.38,9.13,0
0.180,startup,2.885,2.885,10.0,9.23,41.21,82,82,49,49.7,46.89,9.23,0
0.185,startup,2.885,2.885,10.0,9.322,41.21,86,86,53,51.7,48.61,9.322,0
0.190,startup,2.885,2.885,10.0,9.408,41.21,90,90,57,53.71,50.44,9.408,0
0.195,startup,2.885,2.885,10.0,9.487,41.21,94,94,61,55.71,52.35,9.487,0
0.200,startup,2.885,2.885,10.0,9.55,41.21,98,98,65,57.71,54.29,9.55,0
0.205,startup,2.885,2.885,10.0,9.564,41.21,99,99,66,60.23,56.76,9.564,0
0.210,startup,2.885,2.885,10.0,9.564,41.21,99,99,66,62.29,58.76,9.564,0
0.215,startup,2.885,2.885,10.0,9.564,41.21,99,99,66,64.4,60.8,9.564,0
0.220,startup,2.885,2.885,10.0,9.564,41.21,99,99,66,66.56,62.88,9.564,0
0.225,startup,2.885,2.885,10.0,9.564,41.21,99,99,66,68.78,65.01,9.564,0
0.230,startup,2.885,2.885,10.0,9.564,41.21,99,99,66,71.08,67.21,9.564,0
0.235,startup,2.885,2.885,10.0,9.564,41.21,99,99,66,73.44,69.46,9.564,0
0.240,startup,2.885,2.885,10.0,9.564,41.21,99,99,66,75.85,71.77,9.564,0
0.245,startup,2.885,2.885,10.0,9.564,41.21,99,99,66,78.94,74.74,9.564,0
0.250,startup,2.885,2.885,10.0,9.564,41.21,99,99,66,81.45,77.17,9.564,0
0.255,startup,2.885,2.885,10.0,9.564,41.21,99,99,66,84.11,79.65,9.564,0
0.260,startup,2.885,2.885,10.0,9.564,41.21,99,99,66,87.16,82.34,9.564,0
0.265,startup,2.885,2.885,10.0,9.564,41.21,99,99,66,90.22,85.18,9.564,0
0.270,startup,2.885,2.885,10.0,9.564,41.21,99,99,66,93.29,88.11,9.564,0
0.275,startup,2.885,2.885,10.0,9.564,41.21,99,99,66,96.36,91.1,9.564,0
0.280,startup,2.885,2.885,10.0,9.564,41.21,99,99,66,98.88,93.95,9.564,0
0.285,startup,2.885,2.885,10.0,9.564,41.21,99,99,66,101.74,97.27,9.564,0
0.290,startup,2.885,2.885,10.0,9.564,41.21,99,99,66,104.16,99.82,9.564,0
0.295,startup,2.885,2.885,10.0,9.564,41.21,99,99,66,106.59,102.32,9.564,0
0.300,startup,2.885,2.885,10.0,9.564,41.21,99,99,66,109.01,104.79,9.564,0
0.305,startup,2.885,2.885,10.0,9.564,41.21,99,99,66,111.43,107.23,9.564,0
0.310,startup,2.885,2.885,10.0,9.564,41.21,99,99,66,113.85,109.67,9.564,0
0.315,startup,2.885,2.885,10.0,9.564,41.21,99,99,66,116.28,112.11,9.564,0
0.320,startup,2.885,2.885,10.0,9.564,41.21,99,99,66,118.7,114.53,9.564,0
0.325,startup,2.885,2.885,10.0,9.564,41.21,99,99,66,119.91,117.12,9.564,0
0.330,startup,2.885,2.885,10.0,9.564,41.21,99,99,66,119.91,118.27,9.564,0
0.335,startup,2.885,2.885,10.0,9.564,41.21,99,99,66,119.91,118.95,9.564,0
0.340,startup,2.885,2.885,10.0,9.564,41.21,99,99,66,119.91,119.35,9.564,0
0.345,startup,2.885,2.885,10.0,9.564,41.21,99,99,66,119.91,119.58,9.564,0
0.350,startup,2.885,2.885,10.0,9.564,41.21,99,99,66,119.91,119.72,9.564,0
0.355,startup,2.885,2.885,10.0,9.564,41.21,99,99,66,119.91,119.8,9.564,0
0.360,startup,2.885,2.885,10.0,9.564,41.21,99,99,65,119.91,119.84,9.564,0
0.365,startup,2.885,2.885,10.0,9.564,41.21,99,99,66,119.91,119.87,9.564,0
0.370,startup,2.885,2.885,10.0,9.564,41.21,99,99,66,119.91,119.89,9.564,0
0.375,startup,2.885,2.885,10.0,9.564,41.21,99,99,66,119.91,119.9,9.564,0
0.380,startup,2.885,2.885,10.0,9.564,41.21,99,99,66,119.91,119.9,9.564,0
0.385,startup,2.885,2.885,10.0,9.564,41.21,99,99,66,119.91,119.9,9.564,0
0.390,startup,2.885,2.885,10.0,9.564,41.21,99,99,66,119.91,119.91,9.564,0
0.395,startup,2.885,2.885,10.0,9.564,41.21,99,99,66,119.91,119.91,9.564,0
0.400,startup,2.885,2.885,10.0,9.564,41.21,99,99,66,119.91,119.91,9.564,0
0.405,startup,2.885,2.885,10.0,9.564,41.21,99,99,66,119.91,119.91,9.564,0
0.410,startup,2.885,2.885,10.0,9.564,41.21,99,99,66,119.91,119.91,9.564,0
0.415,startup,2.885,2.885,10.0,9.564,41.21,99,99,66,119.91,119.91,9.564,0
0.420,startup,2.885,2.885,10.0,9.564,41.21,99,99,66,119.91,119.91,9.564,0
0.425,startup,2.885,2.885,10.0,9.564,41.21,99,99,66,119.91,119.91,9.564,0
0.430,startup,2.885,2.885,10.0,9.564,41.21,99,99,66,119.91,119.91,9.564,0
0.435,startup,2.885,2.885,10.0,9.564,41.21,99,99,66,119.91,119.91,9.564,0
0.440,startup,2.885,2.885,10.0,9.564,41.21,99,99,66,119.91,119.91,9.564,0
0.445,startup,2.885,2.885,10.0,9.564,41.21,99,99,66,119.91,119.91,9.564,0
0.450,startup,2.885,2.885,10.0,9.564,41.21,99,99,66,119.91,119.91,9.564,0
0.455,startup,2.885,2.885,10.0,9.564,41.21,99,99,66,119.91,119.91,9.564,0
0.460,startup,2.885,2.885,10.0,9.564,41.21,99,99,66,119.91,119.91,9.564,0
0.465,startup,2.885,2.885,10.0,9.564,41.21,99,99,66,119.91,119.91,9.564,0
0.470,startup,2.885,2.885,10.0,9.564,41.21,99,99,66,119.91,119.91,9.564,0
0.475,startup,2.885,2.885,10.0,9.564,41.21,99,99,66,119.91,119.91,9.564,0
0.480,startup,2.885,2.885,10.0,9.564,41.21,99,99,66,119.91,119.91,9.564,0
0.485,startup,2.885,2.885,10.0,9.564,41.21,99,99,66,119.91,119.91,9.564,0
0.490,startup,2.885,2.885,10.0,9.564,41.21,99,99,66,119.91,119.91,9.564,0
0.495,drain,0.347,2.885,10.0,9.564,41.21,98.2,98,65,119.91,119.91,9.564,0
0.500,drain,0.347,2.885,10.0,9.564,41.21,98.2,95,62,119.91,119.91,9.564,0
0.505,drain,0.347,2.885,10.0,9.564,41.21,98.2,93,60,119.91,119.91,9.564,0
0.510,drain,0.347,2.885,10.0,9.564,41.21,98.2,90,57,119.91,119.91,9.564,0
0.515,drain,0.347,2.885,10.0,9.564,41.21,98.2,88,55,119.91,119.91,9.564,0
0.520,drain,0.347,2.885,10.0,9.564,41.21,98.2,84,51,119.91,119.91,9.564,0
0.525,drain,0.347,2.885,10.0,9.564,41.21,98.2,81,48,119.91,119.91,9.564,0
0.530,drain,0.347,2.885,10.0,9.564,41.21,98.2,79,46,119.91,119.91,9.564,0
0.535,drain,0.347,2.885,10.0,9.564,41.21,98.2,76,43,119.91,119.91,9.564,0
0.540,drain,0.347,2.885,10.0,9.564,41.21,98.2,74,41,119.91,119.91,9.564,0
0.545,drain,0.347,2.885,10.0,9.564,41.21,98.2,71,38,119.91,119.91,9.564,0
0.550,drain,0.347,2.885,10.0,9.564,41.21,98.2,69,36,119.91,119.91,9.564,0
0.555,drain,0.347,2.885,10.0,9.564,41.21,98.2,66,32,119.91,119.91,9.564,0
0.560,drain,0.347,2.885,10.0,9.564,41.21,98.2,62,29,119.91,119.91,9.564,0
0.565,drain,0.347,2.885,10.0,9.564,41.21,98.2,60,27,119.91,119.91,9.564,0
0.570,drain,0.347,2.885,10.0,9.564,41.21,98.2,57,24,119.91,119.91,9.564,0
0.575,drain,0.347,2.885,10.0,9.564,41.21,98.2,55,22,119.91,119.91,9.564,0
0.580,drain,0.347,2.885,10.0,9.564,41.21,98.2,52,19,119.91,119.91,9.564,0
0.585,drain,0.347,2.885,10.0,9.564,41.21,98.2,49,16,119.91,119.91,9.564,0
0.590,drain,0.347,2.885,10.0,9.564,41.21,98.2,47,14,119.91,119.91,9.564,0
0.595,drain,0.347,2.885,10.0,9.564,41.21,98.2,43,10,119.91,119.91,9.564,0
0.600,drain,0.347,2.885,10.0,9.564,41.21,98.2,41,8,119.91,119.91,9.564,0
0.605,drain,0.347,2.885,10.0,9.564,41.21,98.2,38,5,119.91,119.91,9.564,0
0.610,drain,0.347,2.885,10.0,9.564,41.21,98.2,36,3,119.91,119.91,9.564,0
0.615,probe_bw,1,2.0,10.0,9.564,41.21,68.0,34,1,117.59,119.62,9.564,0
0.620,probe_bw,1,2.0,10.0,9.564,41.21,68.0,34,1,108.31,116.22,9.564,0
0.625,probe_bw,1,2.0,10.0,9.564,41.21,68.0,34,1,99.04,110.39,9.564,0
0.630,probe_bw,1,2.0,10.0,9.564,41.21,68.0,34,1,89.76,103.13,9.564,0
0.635,probe_bw,1,2.0,10.0,9.564,41.21,68.0,33,1,78.17,92.93,9.564,0
0.640,probe_bw,1,2.0,10.0,9.564,41.21,68.0,33,1,68.89,84.27,9.564,0
0.645,probe_bw,1,2.0,10.0,9.564,41.21,68.0,33,1,59.62,75.35,9.564,0
0.650,probe_bw,1,2.0,10.0,9.564,41.21,68.0,34,1,50.34,66.28,9.564,0
0.655,probe_bw,1,2.0,10.0,9.564,41.21,68.0,34,1,41.21,57.14,9.531,0
0.660,probe_bw,1,2.0,10.0,9.564,41.21,68.0,34,1,41.21,50.55,9.519,0
0.665,probe_bw,1,2.0,10.0,9.564,41.21,68.0,34,1,41.21,46.69,9.508,0
0.670,probe_bw,1,2.0,10.0,9.564,41.21,68.0,34,1,41.21,44.42,9.497,0
0.675,probe_bw,1,2.0,10.0,9.564,41.21,68.0,34,1,41.21,43.09,9.486,0
0.680,probe_bw,1,2.0,10.0,9.564,41.21,68.0,34,1,41.21,42.31,9.475,0
0.685,probe_bw,1,2.0,10.0,9.564,41.21,68.0,34,1,41.21,41.86,9.463,0
0.690,probe_bw,1,2.0,10.0,9.564,41.21,68.0,33,1,41.21,41.54,9.449,0
0.695,probe_bw,1,2.0,10.0,9.564,41.21,68.0,33,1,41.21,41.41,9.438,0
0.700,probe_bw,1,2.0,10.0,9.564,41.21,68.0,33,1,41.21,41.32,9.468,0
0.705,probe_bw,1,2.0,10.0,9.564,41.21,68.0,33,1,41.21,41.28,9.468,0
0.710,probe_bw,1,2.0,10.0,9.564,41.21,68.0,34,1,41.21,41.25,9.468,0
0.715,probe_bw,1,2.0,10.0,9.564,41.21,68.0,34,1,41.21,41.23,9.468,0
0.720,probe_bw,1,2.0,10.0,9.564,41.21,68.0,34,1,41.21,41.22,9.468,0
0.725,probe_bw,1,2.0,10.0,9.564,41.21,68.0,34,1,41.21,41.22,9.468,0
0.730,probe_bw,1,2.0,10.0,9.564,41.21,68.0,34,1,41.21,41.22,9.468,0
0.735,probe_bw,1,2.0,10.0,9.564,41.21,68.0,34,1,41.21,41.21,9.468,0
0.740,probe_bw,1,2.0,10.0,9.564,41.21,68.0,34,1,41.21,41.21,9.468,0
0.745,probe_bw,1,2.0,10.0,9.564,41.21,68.0,34,1,41.21,41.21,9.468,0
0.750,probe_bw,1,2.0,10.0,9.564,41.21,68.0,33,1,41.21,41.21,9.468,0
0.755,probe_bw,1,2.0,10.0,9.564,41.21,68.0,33,1,41.21,41.21,9.468,0
0.760,probe_bw,1,2.0,10.0,9.564,41.21,68.0,33,1,41.21,41.21,9.468,0
0.765,probe_bw,1,2.0,10.0,9.564,41.21,68.0,34,1,41.21,41.21,9.468,0
0.770,probe_bw,1,2.0,10.0,9.564,41.21,68.0,34,1,41.21,41.21,9.468,0
0.775,probe_bw,1,2.0,10.0,9.564,41.21,68.0,34,1,41.21,41.21,9.468,0
0.780,probe_bw,1,2.0,10.0,9.564,41.21,68.0,34,1,41.21,41.21,9.468,0
0.785,probe_bw,1,2.0,10.0,9.564,41.21,68.0,34,1,41.21,41.21,9.468,0
0.790,probe_bw,1,2.0,10.0,9.564,41.21,68.0,34,1,41.21,41.21,9.468,0
0.795,probe_bw,1,2.0,10.0,9.564,41.21,68.0,34,1,41.21,41.21,9.468,0
0.800,probe_bw,1,2.0,10.0,9.564,41.21,68.0,34,1,41.21,41.21,9.468,0
0.805,probe_bw,1,2.0,10.0,9.564,41.21,68.0,33,1,41.21,41.21,9.468,0
0.810,probe_bw,1,2.0,10.0,9.564,41.21,68.0,33,1,41.21,41.21,9.468,0
0.815,probe_bw,1,2.0,10.0,9.564,41.21,68.0,33,1,41.21,41.21,9.468,0
0.820,probe_bw,1,2.0,10.0,9.564,41.21,68.0,33,1,41.21,41.21,9.468,0
0.825,probe_bw,1,2.0,10.0,9.564,41.21,68.0,34,1,41.21,41.21,9.468,0
0.830,probe_bw,1,2.0,10.0,9.564,41.21,68.0,34,1,41.21,41.21,9.468,0
0.835,probe_bw,1,2.0,10.0,9.564,41.21,68.0,34,1,41.21,41.21,9.468,0
0.840,probe_bw,1,2.0,10.0,9.564,41.21,68.0,34,1,41.21,41.21,9.468,0
0.845,probe_bw,1,2.0,10.0,9.564,41.21,68.0,34,1,41.21,41.21,9.468,0
0.850,probe_bw,1,2.0,10.0,9.564,41.21,68.0,34,1,41.21,41.21,9.468,0
0.855,probe_bw,1,2.0,10.0,9.564,41.21,68.0,34,1,41.21,41.21,9.468,0
0.860,probe_bw,1,2.0,10.0,9.564,41.21,68.0,34,1,41.21,41.21,9.468,0
0.865,probe_bw,1.25,2.0,10.0,9.564,41.21,68.0,34,2,41.21,41.21,9.468,0
0.870,probe_bw,1.25,2.0,10.0,9.564,41.21,68.0,35,3,41.21,41.21,9.468,0
0.875,probe_bw,1.25,2.0,10.0,9.564,41.21,68.0,36,3,41.21,41.21,9.468,0
0.880,probe_bw,1.25,2.0,10.0,9.564,41.21,68.0,37,4,41.21,41.21,9.468,0
0.885,probe_bw,1.25,2.0,10.0,9.564,41.21,68.0,38,5,41.21,41.21,9.468,0
0.890,probe_bw,1.25,2.0,10.0,9.564,41.21,68.0,39,6,41.21,41.21,9.468,0
0.895,probe_bw,1.25,2.0,10.0,9.564,41.21,68.0,40,7,41.21,41.21,9.468,0
0.900,probe_bw,1.25,2.0,10.0,9.564,41.21,68.0,41,8,41.21,41.21,9.468,0
0.905,probe_bw,0.75,2.0,10.0,9.564,41.21,68.0,43,10,41.21,41.21,9.468,0
0.910,probe_bw,0.75,2.0,10.0,9.564,41.21,68.0,42,9,42.14,41.47,9.479,0
0.915,probe_bw,0.75,2.0,10.0,9.564,41.21,68.0,40,7,43.3,42.17,9.492,0
0.920,probe_bw,0.75,2.0,10.0,9.564,41.21,68.0,39,6,44.23,42.89,9.502,0
0.925,probe_bw,0.75,2.0,10.0,9.564,41.21,68.0,38,5,45.16,43.7,9.511,0
0.930,probe_bw,0.75,2.0,10.0,9.564,41.21,68.0,37,4,46.09,44.56,9.521,0
0.935,probe_bw,0.75,2.0,10.0,9.564,41.21,68.0,36,3,47.02,45.45,9.53,0
0.940,probe_bw,0.75,2.0,10.0,9.564,41.21,68.0,35,2,47.95,46.36,9.538,0
0.945,probe_bw,0.75,2.0,10.0,9.564,41.21,68.0,34,1,48.88,47.27,9.545,0
0.950,probe_bw,1,2.0,10.0,9.564,41.21,68.0,34,1,49.81,48.2,9.553,0
0.955,probe_bw,1,2.0,10.0,9.564,41.21,68.0,33,1,50.97,49.35,9.562,0
0.960,probe_bw,1,2.0,10.0,9.564,41.21,68.0,33,1,49.95,49.83,9.564,0
0.965,probe_bw,1,2.0,10.0,9.564,41.21,68.0,33,1,48.27,49.41,9.564,0
0.970,probe_bw,1,2.0,10.0,9.564,41.21,68.0,33,1,46.59,48.48,9.564,0
0.975,probe_bw,1,2.0,10.0,9.564,41.21,68.0,33,1,44.91,47.23,9.564,0
0.980,probe_bw,1,2.0,10.0,9.564,41.21,68.0,33,1,43.23,45.81,9.564,0
0.985,probe_bw,1,2.0,10.0,9.564,41.21,68.0,33,1,41.55,44.27,9.564,0
0.990,probe_bw,1,2.0,10.0,9.564,41.21,68.0,33,1,41.21,43.01,9.351,0
0.995,probe_bw,1,2.0,10.0,9.564,41.21,68.0,33,1,41.21,42.26,9.34,0
1.000,probe_bw,1,2.0,10.0,9.564,41.21,68.0,34,1,41.21,41.83,9.329,0
1.005,probe_bw,1,2.0,10.0,9.564,41.21,68.0,34,1,41.21,41.57,9.319,0
1.010,probe_bw,1,2.0,10.0,9.564,41.21,68.0,34,1,41.21,41.42,9.308,0
1.015,probe_bw,1,2.0,10.0,9.564,41.21,68.0,34,1,41.21,41.34,9.297,0
1.020,probe_bw,1,2.0,10.0,9.564,41.21,68.0,34,1,41.21,41.28,9.286,0
1.025,probe_bw,1,2.0,10.0,9.564,41.21,68.0,34,1,41.21,41.25,9.267,0
1.030,probe_bw,1,2.0,10.0,9.564,41.21,68.0,34,1,41.21,41.24,9.377,0
1.035,probe_bw,1,2.0,10.0,9.564,41.21,68.0,34,1,41.21,41.23,9.468,0
1.040,probe_bw,1,2.0,10.0,9.564,41.21,68.0,33,1,41.21,41.22,9.468,0
1.045,probe_bw,1,2.0,10.0,9.564,41.21,68.0,33,1,41.21,41.22,9.468,0
1.050,probe_bw,1,2.0,10.0,9.564,41.21,68.0,33,1,41.21,41.21,9.468,0
1.055,probe_bw,1,2.0,10.0,9.564,41.21,68.0,33,1,41.21,41.21,9.468,0
1.060,probe_bw,1,2.0,10.0,9.564,41.21,68.0,34,1,41.21,41.21,9.468,0
1.065,probe_bw,1,2.0,10.0,9.564,41.21,68.0,34,1,41.21,41.21,9.468,0
1.070,probe_bw,1,2.0,10.0,9.564,41.21,68.0,34,1,41.21,41.21,9.468,0
1.075,probe_bw,1,2.0,10.0,9.564,41.21,68.0,34,1,41.21,41.21,9.468,0
1.080,probe_bw,1,2.0,10.0,9.564,41.21,68.0,34,1,41.21,41.21,9.468,0
1.085,probe_bw,1,2.0,10.0,9.564,41.21,68.0,34,1,41.21,41.21,9.468,0
1.090,probe_bw,1,2.0,10.0,9.564,41.21,68.0,34,1,41.21,41.21,9.468,0
1.095,probe_bw,1,2.0,10.0,9.564,41.21,68.0,34,1,41.21,41.21,9.468,0
1.100,probe_bw,1,2.0,10.0,9.564,41.21,68.0,33,1,41.21,41.21,9.468,0
1.105,probe_bw,1,2.0,10.0,9.564,41.21,68.0,33,1,41.21,41.21,9.468,0
1.110,probe_bw,1,2.0,10.0,9.564,41.21,68.0,33,1,41.21,41.21,9.468,0
1.115,probe_bw,1,2.0,10.0,9.564,41.21,68.0,34,1,41.21,41.21,9.468,0
1.120,probe_bw,1,2.0,10.0,9.564,41.21,68.0,34,1,41.21,41.21,9.468,0
1.125,probe_bw,1,2.0,10.0,9.564,41.21,68.0,34,1,41.21,41.21,9.468,0
1.130,probe_bw,1,2.0,10.0,9.564,41.21,68.0,34,1,41.21,41.21,9.468,0
1.135,probe_bw,1,2.0,10.0,9.564,41.21,68.0,34,1,41.21,41.21,9.468,0
1.140,probe_bw,1,2.0,10.0,9.564,41.21,68.0,34,1,41.21,41.21,9.468,0
1.145,probe_bw,1,2.0,10.0,9.564,41.21,68.0,34,1,41.21,41.21,9.468,0
1.150,probe_bw,1,2.0,10.0,9.564,41.21,68.0,34,1,41.21,41.21,9.468,0
1.155,probe_bw,1,2.0,10.0,9.564,41.21,68.0,33,1,41.21,41.21,9.468,0
1.160,probe_bw,1,2.0,10.0,9.564,41.21,68.0,33,1,41.21,41.21,9.468,0
1.165,probe_bw,1,2.0,10.0,9.564,41.21,68.0,33,1,41.21,41.21,9.468,0
1.170,probe_bw,1,2.0,10.0,9.564,41.21,68.0,33,1,41.21,41.21,9.468,0
1.175,probe_bw,1,2.0,10.0,9.564,41.21,68.0,34,1,41.21,41.21,9.468,0
1.180,probe_bw,1,2.0,10.0,9.564,41.21,68.0,34,1,41.21,41.21,9.468,0
1.185,probe_bw,1,2.0,10.0,9.564,41.21,68.0,34,1,41.21,41.21,9.468,0
1.190,probe_bw,1,2.0,10.0,9.564,41.21,68.0,34,1,41.21,41.21,9.468,0
1.195,probe_bw,1,2.0,10.0,9.564,41.21,68.0,34,1,41.21,41.21,9.468,0
1.200,probe_bw,1.25,2.0,10.0,9.564,41.21,68.0,35,2,41.21,41.21,9.468,0
1.205,probe_bw,1.25,2.0,10.0,9.564,41.21,68.0,36,3,41.21,41.21,9.468,0
1.210,probe_bw,1.25,2.0,10.0,9.564,41.21,68.0,37,4,41.21,41.21,9.468,0
1.215,probe_bw,1.25,2.0,10.0,9.564,41.21,68.0,37,5,41.21,41.21,9.468,0
1.220,probe_bw,1.25,2.0,10.0,9.564,41.21,68.0,38,5,41.21,41.21,9.468,0
1.225,probe_bw,1.25,2.0,10.0,9.564,41.21,68.0,39,6,41.21,41.21,9.468,0
1.230,probe_bw,1.25,2.0,10.0,9.564,41.21,68.0,40,7,41.21,41.21,9.468,0
1.235,probe_bw,1.25,2.0,10.0,9.564,41.21,68.0,41,8,41.21,41.21,9.468,0
1.240,probe_bw,0.75,2.0,10.0,9.564,41.21,68.0,42,9,41.44,41.24,9.471,0
1.245,probe_bw,0.75,2.0,10.0,9.564,41.21,68.0,41,8,42.37,41.58,9.482,0
1.250,probe_bw,0.75,2.0,10.0,9.564,41.21,68.0,40,7,43.3,42.17,9.492,0
1.255,probe_bw,0.75,2.0,10.0,9.564,41.21,68.0,39,6,44.23,42.89,9.502,0
1.260,probe_bw,0.75,2.0,10.0,9.564,41.21,68.0,37,4,45.39,43.92,9.513,0
1.265,probe_bw,0.75,2.0,10.0,9.564,41.21,68.0,36,3,46.32,44.78,9.522,0
1.270,probe_bw,0.75,2.0,10.0,9.564,41.21,68.0,35,2,47.25,45.68,9.532,0
1.275,probe_bw,0.75,2.0,10.0,9.564,41.21,68.0,35,2,48.18,46.59,9.54,0
1.280,probe_bw,0.75,2.0,10.0,9.564,41.21,68.0,34,1,49.12,47.5,9.548,0
1.285,probe_bw,1,2.0,10.0,9.564,41.21,68.0,33,1,50.04,48.43,9.555,0
1.290,probe_bw,1,2.0,10.0,9.564,41.21,68.0,34,1,50.97,49.35,9.562,0
1.295,probe_bw,1,2.0,10.0,9.564,41.21,68.0,34,1,49.95,49.83,9.564,0
1.300,probe_bw,1,2.0,10.0,9.564,41.21,68.0,33,1,47.85,49.22,9.564,0
1.305,probe_bw,1,2.0,10.0,9.564,41.21,68.0,33,1,46.17,48.19,9.564,0
1.310,probe_bw,1,2.0,10.0,9.564,41.21,68.0,33,1,44.49,46.89,9.564,0
1.315,probe_bw,1,2.0,10.0,9.564,41.21,68.0,33,1,42.81,45.43,9.564,0
1.320,probe_bw,1,2.0,10.0,9.564,41.21,68.0,33,1,41.21,43.89,9.544,0
1.325,probe_bw,1,2.0,10.0,9.564,41.21,68.0,34,1,41.21,43.01,9.351,0
1.330,probe_bw,1,2.0,10.0,9.564,41.21,68.0,33,1,41.21,42.13,9.338,0
1.335,probe_bw,1,2.0,10.0,9.564,41.21,68.0,33,1,41.21,41.75,9.327,0
1.340,probe_bw,1,2.0,10.0,9.564,41.21,68.0,33,1,41.21,41.53,9.316,0
1.345,probe_bw,1,2.0,10.0,9.564,41.21,68.0,33,1,41.21,41.4,9.305,0
1.350,probe_bw,1,2.0,10.0,9.564,41.21,68.0,34,1,41.21,41.32,9.294,0
1.355,probe_bw,1,2.0,10.0,9.564,41.21,68.0,34,1,41.21,41.27,9.275,0
1.360,probe_bw,1,2.0,10.0,9.564,41.21,68.0,34,1,41.21,41.25,9.264,0
1.365,probe_bw,1,2.0,10.0,9.564,41.21,68.0,34,1,41.21,41.23,9.468,0
1.370,probe_bw,1,2.0,10.0,9.564,41.21,68.0,34,1,41.21,41.22,9.468,0
1.375,probe_bw,1,2.0,10.0,9.564,41.21,68.0,34,1,41.21,41.22,9.468,0
1.380,probe_bw,1,2.0,10.0,9.564,41.21,68.0,34,1,41.21,41.22,9.468,0
1.385,probe_bw,1,2.0,10.0,9.564,41.21,68.0,34,1,41.21,41.21,9.468,0
1.390,probe_bw,1,2.0,10.0,9.564,41.21,68.0,33,1,41.21,41.21,9.468,0
1.395,probe_bw,1,2.0,10.0,9.564,41.21,68.0,33,1,41.21,41.21,9.468,0
1.400,probe_bw,1,2.0,10.0,9.564,41.21,68.0,33,1,41.21,41.21,9.468,0
1.405,probe_bw,1,2.0,10.0,9.564,41.21,68.0,34,1,41.21,41.21,9.468,0
1.410,probe_bw,1,2.0,10.0,9.564,41.21,68.0,34,1,41.21,41.21,9.468,0
1.415,probe_bw,1,2.0,10.0,9.564,41.21,68.0,34,1,41.21,41.21,9.468,0
1.420,probe_bw,1,2.0,10.0,9.564,41.21,68.0,34,1,41.21,41.21,9.468,0
1.425,probe_bw,1,2.0,10.0,9.564,41.21,68.0,34,1,41.21,41.21,9.468,0
1.430,probe_bw,1,2.0,10.0,9.564,41.21,68.0,34,1,41.21,41.21,9.468,0
1.435,probe_bw,1,2.0,10.0,9.564,41.21,68.0,34,1,41.21,41.21,9.468,0
1.440,probe_bw,1,2.0,10.0,9.564,41.21,68.0,34,1,41.21,41.21,9.468,0
1.445,probe_bw,1,2.0,10.0,9.564,41.21,68.0,33,1,41.21,41.21,9.468,0
1.450,probe_bw,1,2.0,10.0,9.564,41.21,68.0,33,1,41.21,41.21,9.468,0
1.455,probe_bw,1,2.0,10.0,9.564,41.21,68.0,33,1,41.21,41.21,9.468,0
1.460,probe_bw,1,2.0,10.0,9.564,41.21,68.0,33,1,41.21,41.21,9.468,0
1.465,probe_bw,1,2.0,10.0,9.564,41.21,68.0,34,1,41.21,41.21,9.468,0
1.470,probe_bw,1,2.0,10.0,9.564,41.21,68.0,34,1,41.21,41.21,9.468,0
1.475,probe_bw,1,2.0,10.0,9.564,41.21,68.0,34,1,41.21,41.21,9.468,0
1.480,probe_bw,1,2.0,10.0,9.564,41.21,68.0,34,1,41.21,41.21,9.468,0
1.485,probe_bw,1,2.0,10.0,9.564,41.21,68.0,34,1,41.21,41.21,9.468,0
1.490,probe_bw,1,2.0,10.0,9.564,41.21,68.0,34,1,41.21,41.21,9.468,0
1.495,probe_bw,1,2.0,10.0,9.564,41.21,68.0,34,1,41.21,41.21,9.468,0
1.500,probe_bw,1,2.0,10.0,9.564,41.21,68.0,34,1,41.21,41.21,9.468,0
1.505,probe_bw,1,2.0,10.0,9.564,41.21,68.0,33,1,41.21,41.21,9.468,0
1.510,probe_bw,1,2.0,10.0,9.564,41.21,68.0,33,1,41.21,41.21,9.468,0
1.515,probe_bw,1,2.0,10.0,9.564,41.21,68.0,33,1,41.21,41.21,9.468,0
1.520,probe_bw,1,2.0,10.0,9.564,41.21,68.0,34,1,41.21,41.21,9.468,0
1.525,probe_bw,1,2.0,10.0,9.564,41.21,68.0,34,1,41.21,41.21,9.468,0
1.530,probe_bw,1,2.0,10.0,9.564,41.21,68.0,34,1,41.21,41.21,9.468,0
1.535,probe_bw,1.25,2.0,10.0,9.564,41.21,68.0,35,2,41.21,41.21,9.468,0
1.540,probe_bw,1.25,2.0,10.0,9.564,41.21,68.0,36,3,41.21,41.21,9.468,0
1.545,probe_bw,1.25,2.0,10.0,9.564,41.21,68.0,37,4,41.21,41.21,9.468,0
1.550,probe_bw,1.25,2.0,10.0,9.564,41.21,68.0,38,5,41.21,41.21,9.468,0
1.555,probe_bw,1.25,2.0,10.0,9.564,41.21,68.0,39,6,41.21,41.21,9.468,0
1.560,probe_bw,1.25,2.0,10.0,9.564,41.21,68.0,39,7,41.21,41.21,9.468,0
1.565,probe_bw,1.25,2.0,10.0,9.564,41.21,68.0,40,7,41.21,41.21,9.468,0
1.570,probe_bw,1.25,2.0,10.0,9.564,41.21,68.0,41,8,41.21,41.21,9.468,0
1.575,probe_bw,0.75,2.0,10.0,9.564,41.21,68.0,42,9,41.68,41.29,9.474,0
1.580,probe_bw,0.75,2.0,10.0,9.564,41.21,68.0,41,8,42.61,41.71,9.485,0
1.585,probe_bw,0.75,2.0,10.0,9.564,41.21,68.0,40,7,43.54,42.34,9.495,0
1.590,probe_bw,0.75,2.0,10.0,9.564,41.21,68.0,39,6,44.47,43.09,9.504,0
1.595,probe_bw,0.75,2.0,10.0,9.564,41.21,68.0,38,5,45.39,43.92,9.513,0
1.600,probe_bw,0.75,2.0,10.0,9.564,41.21,68.0,37,4,46.32,44.78,9.522,0
1.605,probe_bw,0.75,2.0,10.0,9.564,41.21,68.0,35,2,47.49,45.9,9.533,0
1.610,probe_bw,0.75,2.0,10.0,9.564,41.21,68.0,34,1,48.42,46.82,9.542,0
1.615,probe_bw,1,2.0,10.0,9.564,41.21,68.0,33,1,49.35,47.74,9.55,0
1.620,probe_bw,1,2.0,10.0,9.564,41.21,68.0,33,1,50.28,48.66,9.557,0
1.625,probe_bw,1,2.0,10.0,9.564,41.21,68.0,33,1,51.21,49.58,9.564,0
1.630,probe_bw,1,2.0,10.0,9.564,41.21,68.0,33,1,49.53,49.79,9.564,0
1.635,probe_bw,1,2.0,10.0,9.564,41.21,68.0,33,1,47.85,49.22,9.564,0
1.640,probe_bw,1,2.0,10.0,9.564,41.21,68.0,34,1,46.17,48.19,9.564,0
1.645,probe_bw,1,2.0,10.0,9.564,41.21,68.0,33,1,44.07,46.53,9.564,0
1.650,probe_bw,1,2.0,10.0,9.564,41.21,68.0,33,1,42.39,45.05,9.564,0
1.655,probe_bw,1,2.0,10.0,9.564,41.21,68.0,34,1,41.21,43.89,9.544,0
1.660,probe_bw,1,2.0,10.0,9.564,41.21,68.0,34,1,41.21,42.78,9.348,0
1.665,probe_bw,1,2.0,10.0,9.564,41.21,68.0,34,1,41.21,42.13,9.338,0
1.670,probe_bw,1,2.0,10.0,9.564,41.21,68.0,34,1,41.21,41.75,9.327,0
1.675,probe_bw,1,2.0,10.0,9.564,41.21,68.0,34,1,41.21,41.53,9.316,0
1.680,probe_bw,1,2.0,10.0,9.564,41.21,68.0,33,1,41.21,41.37,9.302,0
1.685,probe_bw,1,2.0,10.0,9.564,41.21,68.0,33,1,41.21,41.31,9.292,0
1.690,probe_bw,1,2.0,10.0,9.564,41.21,68.0,33,1,41.21,41.27,9.273,0
1.695,probe_bw,1,2.0,10.0,9.564,41.21,68.0,33,1,41.21,41.24,9.27,0
1.700,probe_bw,1,2.0,10.0,9.564,41.21,68.0,34,1,41.21,41.23,9.468,0
1.705,probe_bw,1,2.0,10.0,9.564,41.21,68.0,34,1,41.21,41.22,9.468,0
1.710,probe_bw,1,2.0,10.0,9.564,41.21,68.0,34,1,41.21,41.22,9.468,0
1.715,probe_bw,1,2.0,10.0,9.564,41.21,68.0,34,1,41.21,41.21,9.468,0
1.720,probe_bw,1,2.0,10.0,9.564,41.21,68.0,34,1,41.21,41.21,9.468,0
1.725,probe_bw,1,2.0,10.0,9.564,41.21,68.0,34,1,41.21,41.21,9.468,0
1.730,probe_bw,1,2.0,10.0,9.564,41.21,68.0,34,1,41.21,41.21,9.468,0
1.735,probe_bw,1,2.0,10.0,9.564,41.21,68.0,34,1,41.21,41.21,9.468,0
1.740,probe_bw,1,2.0,10.0,9.564,41.21,68.0,33,1,41.21,41.21,9.468,0
1.745,probe_bw,1,2.0,10.0,9.564,41.21,68.0,33,1,41.21,41.21,9.468,0
1.750,probe_bw,1,2.0,10.0,9.564,41.21,68.0,33,1,41.21,41.21,9.468,0
1.755,probe_bw,1,2.0,10.0,9.564,41.21,68.0,34,1,41.21,41.21,9.468,0
1.760,probe_bw,1,2.0,10.0,9.564,41.21,68.0,34,1,41.21,41.21,9.468,0
1.765,probe_bw,1,2.0,10.0,9.564,41.21,68.0,34,1,41.21,41.21,9.468,0
1.770,probe_bw,1,2.0,10.0,9.564,41.21,68.0,34,1,41.21,41.21,9.468,0
1.775,probe_bw,1,2.0,10.0,9.564,41.21,68.0,34,1,41.21,41.21,9.468,0
1.780,probe_bw,1,2.0,10.0,9.564,41.21,68.0,34,1,41.21,41.21,9.468,0
1.785,probe_bw,1,2.0,10.0,9.564,41.21,68.0,34,1,41.21,41.21,9.468,0
1.790,probe_bw,1,2.0,10.0,9.564,41.21,68.0,34,1,41.21,41.21,9.468,0
1.795,probe_bw,1,2.0,10.0,9.564,41.21,68.0,33,1,41.21,41.21,9.468,0
1.800,probe_bw,1,2.0,10.0,9.564,41.21,68.0,33,1,41.21,41.21,9.468,0
1.805,probe_bw,1,2.0,10.0,9.564,41.21,68.0,33,1,41.21,41.21,9.468,0
1.810,probe_bw,1,2.0,10.0,9.564,41.21,68.0,33,1,41.21,41.21,9.468,0
1.815,probe_bw,1,2.0,10.0,9.564,41.21,68.0,34,1,41.21,41.21,9.468,0
1.820,probe_bw,1,2.0,10.0,9.564,41.21,68.0,34,1,41.21,41.21,9.468,0
1.825,probe_bw,1,2.0,10.0,9.564,41.21,68.0,34,1,41.21,41.21,9.468,0
1.830,probe_bw,1,2.0,10.0,9.564,41.21,68.0,34,1,41.21,41.21,9.468,0
1.835,probe_bw,1,2.0,10.0,9.564,41.21,68.0,34,1,41.21,41.21,9.468,0
1.840,probe_bw,1,2.0,10.0,9.564,41.21,68.0,34,1,41.21,41.21,9.468,0
1.845,probe_bw,1,2.0,10.0,9.564,41.21,68.0,34,1,41.21,41.21,9.468,0
1.850,probe_bw,1,2.0,10.0,9.564,41.21,68.0,34,1,41.21,41.21,9.468,0
1.855,probe_bw,1,2.0,10.0,9.564,41.21,68.0,33,1,41.21,41.21,9.468,0
1.860,probe_bw,1,2.0,10.0,9.564,41.21,68.0,33,1,41.21,41.21,9.468,0
1.865,probe_bw,1.25,2.0,10.0,9.564,41.21,68.0,33,1,41.21,41.21,9.468,0
1.870,probe_bw,1.25,2.0,10.0,9.564,41.21,68.0,35,2,41.21,41.21,9.468,0
1.875,probe_bw,1.25,2.0,10.0,9.564,41.21,68.0,36,3,41.21,41.21,9.468,0
1.880,probe_bw,1.25,2.0,10.0,9.564,41.21,68.0,37,4,41.21,41.21,9.468,0
1.885,probe_bw,1.25,2.0,10.0,9.564,41.21,68.0,38,5,41.21,41.21,9.468,0
1.890,probe_bw,1.25,2.0,10.0,9.564,41.21,68.0,39,6,41.21,41.21,9.468,0
1.895,probe_bw,1.25,2.0,10.0,9.564,41.21,68.0,40,7,41.21,41.21,9.468,0
1.900,probe_bw,1.25,2.0,10.0,9.564,41.21,68.0,41,8,41.21,41.21,9.468,0
1.905,probe_bw,1.25,2.0,10.0,9.564,41.21,68.0,42,9,41.21,41.21,9.468,0
1.910,probe_bw,0.75,2.0,10.0,9.564,41.21,68.0,41,8,41.91,41.37,9.477,0
1.915,probe_bw,0.75,2.0,10.0,9.564,41.21,68.0,40,7,42.84,41.85,9.487,0
1.920,probe_bw,0.75,2.0,10.0,9.564,41.21,68.0,39,6,43.77,42.52,9.497,0
1.925,probe_bw,0.75,2.0,10.0,9.564,41.21,68.0,38,5,44.7,43.29,9.507,0
1.930,probe_bw,0.75,2.0,10.0,9.564,41.21,68.0,37,4,45.63,44.13,9.516,0
1.935,probe_bw,0.75,2.0,10.0,9.564,41.21,68.0,37,4,46.56,45.01,9.525,0
1.940,probe_bw,0.75,2.0,10.0,9.564,41.21,68.0,36,3,47.49,45.9,9.533,0
1.945,probe_bw,0.75,2.0,10.0,9.564,41.21,68.0,35,2,48.42,46.82,9.542,0
1.950,probe_bw,1,2.0,10.0,9.564,41.21,68.0,33,1,49.58,47.97,9.552,0
1.955,probe_bw,1,2.0,10.0,9.564,41.21,68.0,33,1,50.51,48.89,9.559,0
1.960,probe_bw,1,2.0,10.0,9.564,41.21,68.0,33,1,50.79,49.73,9.564,0
1.965,probe_bw,1,2.0,10.0,9.564,41.21,68.0,33,1,49.11,49.71,9.564,0
1.970,probe_bw,1,2.0,10.0,9.564,41.21,68.0,33,1,47.43,48.99,9.564,0
1.975,probe_bw,1,2.0,10.0,9.564,41.21,68.0,33,1,45.75,47.88,9.564,0
1.980,probe_bw,1,2.0,10.0,9.564,41.21,68.0,33,1,44.07,46.53,9.564,0
1.985,probe_bw,1,2.0,10.0,9.564,41.21,68.0,33,1,42.39,45.05,9.564,0
1.990,probe_bw,1,2.0,10.0,9.564,41.21,68.0,34,1,41.21,43.56,9.448,0
1.995,probe_bw,1,2.0,10.0,9.564,41.21,68.0,34,1,41.21,42.59,9.346,0
2.000,probe_bw,1,2.0,10.0,9.564,41.21,68.0,34,1,41.21,42.02,9.335,0
2.005,probe_bw,1,2.0,10.0,9.564,41.21,68.0,34,1,41.21,41.68,9.324,0
2.010,probe_bw,1,2.0,10.0,9.564,41.21,68.0,34,1,41.21,41.49,9.313,0
2.015,probe_bw,1,2.0,10.0,9.564,41.21,68.0,34,1,41.21,41.37,9.302,0
2.020,probe_bw,1,2.0,10.0,9.564,41.21,68.0,34,1,41.21,41.31,9.292,0
2.025,probe_bw,1,2.0,10.0,9.564,41.21,68.0,34,1,41.21,41.27,9.273,0
2.030,probe_bw,1,2.0,10.0,9.564,41.21,68.0,33,1,41.21,41.24,9.286,0
2.035,probe_bw,1,2.0,10.0,9.564,41.21,68.0,33,1,41.21,41.23,9.468,0
2.040,probe_bw,1,2.0,10.0,9.564,41.21,68.0,33,1,41.21,41.22,9.468,0
2.045,probe_bw,1,2.0,10.0,9.564,41.21,68.0,33,1,41.21,41.22,9.468,0
2.050,probe_bw,1,2.0,10.0,9.564,41.21,68.0,34,1,41.21,41.21,9.468,0
2.055,probe_bw,1,2.0,10.0,9.564,41.21,68.0,34,1,41.21,41.21,9.468,0
2.060,probe_bw,1,2.0,10.0,9.564,41.21,68.0,34,1,41.21,41.21,9.468,0
2.065,probe_bw,1,2.0,10.0,9.564,41.21,68.0,34,1,41.21,41.21,9.468,0
2.070,probe_bw,1,2.0,10.0,9.564,41.21,68.0,34,1,41.21,41.21,9.468,0
2.075,probe_bw,1,2.0,10.0,9.564,41.21,68.0,34,1,41.21,41.21,9.468,0
2.080,probe_bw,1,2.0,10.0,9.564,41.21,68.0,34,1,41.21,41.21,9.468,0
2.085,probe_bw,1,2.0,10.0,9.564,41.21,68.0,34,1,41.21,41.21,9.468,0
2.090,probe_bw,1,2.0,10.0,9.564,41.21,68.0,33,1,41.21,41.21,9.468,0
2.095,probe_bw,1,2.0,10.0,9.564,41.21,68.0,33,1,41.21,41.21,9.468,0
2.100,probe_bw,1,2.0,10.0,9.564,41.21,68.0,33,1,41.21,41.21,9.468,0
2.105,probe_bw,1,2.0,10.0,9.564,41.21,68.0,34,1,41.21,41.21,9.468,0
2.110,probe_bw,1,2.0,10.0,9.564,41.21,68.0,34,1,41.21,41.21,9.468,0
2.115,probe_bw,1,2.0,10.0,9.564,41.21,68.0,34,1,41.21,41.21,9.468,0
2.120,probe_bw,1,2.0,10.0,9.564,41.21,68.0,34,1,41.21,41.21,9.468,0
2.125,probe_bw,1,2.0,10.0,9.564,41.21,68.0,34,1,41.21,41.21,9.468,0
2.130,probe_bw,1,2.0,10.0,9.564,41.21,68.0,34,1,41.21,41.21,9.468,0
2.135,probe_bw,1,2.0,10.0,9.564,41.21,68.0,34,1,41.21,41.21,9.468,0
2.140,probe_bw,1,2.0,10.0,9.564,41.21,68.0,34,1,41.21,41.21,9.468,0
2.145,probe_bw,1,2.0,10.0,9.564,41.21,68.0,33,1,41.21,41.21,9.468,0
2.150,probe_bw,1,2.0,10.0,9.564,41.21,68.0,33,1,41.21,41.21,9.468,0
2.155,probe_bw,1,2.0,10.0,9.564,41.21,68.0,33,1,41.21,41.21,9.468,0
2.160,probe_bw,1,2.0,10.0,9.564,41.21,68.0,33,1,41.21,41.21,9.468,0
2.165,probe_bw,1,2.0,10.0,9.564,41.21,68.0,34,1,41.21,41.21,9.468,0
2.170,probe_bw,1,2.0,10.0,9.564,41.21,68.0,34,1,41.21,41.21,9.468,0
2.175,probe_bw,1,2.0,10.0,9.564,41.21,68.0,34,1,41.21,41.21,9.468,0
2.180,probe_bw,1,2.0,10.0,9.564,41.21,68.0,34,1,41.21,41.21,9.468,0
2.185,probe_bw,1,2.0,10.0,9.564,41.21,68.0,34,1,41.21,41.21,9.468,0
2.190,probe_bw,1,2.0,10.0,9.564,41.21,68.0,34,1,41.21,41.21,9.468,0
2.195,probe_bw,1,2.0,10.0,9.564,41.21,68.0,34,1,41.21,41.21,9.468,0
2.200,probe_bw,1.25,2.0,10.0,9.564,41.21,68.0,34,1,41.21,41.21,9.468,0
2.205,probe_bw,1.25,2.0,10.0,9.564,41.21,68.0,34,2,41.21,41.21,9.468,0
2.210,probe_bw,1.25,2.0,10.0,9.564,41.21,68.0,36,4,41.21,41.21,9.468,0
2.215,probe_bw,1.25,2.0,10.0,9.564,41.21,68.0,37,4,41.21,41.21,9.468,0
2.220,probe_bw,1.25,2.0,10.0,9.564,41.21,68.0,38,5,41.21,41.21,9.468,0
2.225,probe_bw,1.25,2.0,10.0,9.564,41.21,68.0,39,6,41.21,41.21,9.468,0
2.230,probe_bw,1.25,2.0,10.0,9.564,41.21,68.0,40,7,41.21,41.21,9.468,0
2.235,probe_bw,1.25,2.0,10.0,9.564,41.21,68.0,41,8,41.21,41.21,9.468,0
2.240,probe_bw,1.25,2.0,10.0,9.564,41.21,68.0,42,9,41.21,41.21,9.468,0
2.245,probe_bw,0.75,2.0,10.0,9.564,41.21,68.0,42,9,41.91,41.37,9.477,0
2.250,probe_bw,0.75,2.0,10.0,9.564,41.21,68.0,41,8,42.84,41.85,9.487,0
2.255,probe_bw,0.75,2.0,10.0,9.564,41.21,68.0,39,6,44.0,42.7,9.499,0
2.260,probe_bw,0.75,2.0,10.0,9.564,41.21,68.0,38,5,44.93,43.5,9.51,0
2.265,probe_bw,0.75,2.0,10.0,9.564,41.21,68.0,37,4,45.86,44.35,9.519,0
2.270,probe_bw,0.75,2.0,10.0,9.564,41.21,68.0,36,3,46.79,45.23,9.527,0
2.275,probe_bw,0.75,2.0,10.0,9.564,41.21,68.0,35,2,47.72,46.13,9.535,0
2.280,probe_bw,0.75,2.0,10.0,9.564,41.21,68.0,34,1,48.65,47.05,9.543,0
2.285,probe_bw,1,2.0,10.0,9.564,41.21,68.0,34,1,49.58,47.97,9.552,0
2.290,probe_bw,1,2.0,10.0,9.564,41.21,68.0,34,1,50.51,48.89,9.559,0
2.295,probe_bw,1,2.0,10.0,9.564,41.21,68.0,33,1,50.37,49.81,9.564,0
2.300,probe_bw,1,2.0,10.0,9.564,41.21,68.0,33,1,48.69,49.58,9.564,0
2.305,probe_bw,1,2.0,10.0,9.564,41.21,68.0,33,1,47.01,48.75,9.564,0
2.310,probe_bw,1,2.0,10.0,9.564,41.21,68.0,33,1,45.33,47.56,9.564,0
2.315,probe_bw,1,2.0,10.0,9.564,41.21,68.0,33,1,43.65,46.17,9.564,0
2.320,probe_bw,1,2.0,10.0,9.564,41.21,68.0,33,1,41.97,44.66,9.564,0
2.325,probe_bw,1,2.0,10.0,9.564,41.21,68.0,33,1,41.21,43.26,9.354,0
2.330,probe_bw,1,2.0,10.0,9.564,41.21,68.0,33,1,41.21,42.41,9.343,0
2.335,probe_bw,1,2.0,10.0,9.564,41.21,68.0,33,1,41.21,41.92,9.332,0
2.340,probe_bw,1,2.0,10.0,9.564,41.21,68.0,34,1,41.21,41.62,9.321,0
2.345,probe_bw,1,2.0,10.0,9.564,41.21,68.0,34,1,41.21,41.45,9.311,0
2.350,probe_bw,1,2.0,10.0,9.564,41.21,68.0,34,1,41.21,41.35,9.3,0
2.355,probe_bw,1,2.0,10.0,9.564,41.21,68.0,34,1,41.21,41.29,9.289,0
2.360,probe_bw,1,2.0,10.0,9.564,41.21,68.0,34,1,41.21,41.26,9.27,0
2.365,probe_bw,1,2.0,10.0,9.564,41.21,68.0,34,1,41.21,41.24,9.286,0
2.370,probe_bw,1,2.0,10.0,9.564,41.21,68.0,34,1,41.21,41.23,9.468,0
2.375,probe_bw,1,2.0,10.0,9.564,41.21,68.0,34,1,41.21,41.22,9.468,0
2.380,probe_bw,1,2.0,10.0,9.564,41.21,68.0,33,1,41.21,41.22,9.468,0
2.385,probe_bw,1,2.0,10.0,9.564,41.21,68.0,33,1,41.21,41.21,9.468,0
2.390,probe_bw,1,2.0,10.0,9.564,41.21,68.0,33,1,41.21,41.21,9.468,0
2.395,probe_bw,1,2.0,10.0,9.564,41.21,68.0,33,0,41.21,41.21,9.468,0
2.400,probe_bw,1,2.0,10.0,9.564,41.21,68.0,34,1,41.21,41.21,9.468,0
2.405,probe_bw,1,2.0,10.0,9.564,41.21,68.0,34,1,41.21,41.21,9.468,0
2.410,probe_bw,1,2.0,10.0,9.564,41.21,68.0,34,1,41.21,41.21,9.468,0
2.415,probe_bw,1,2.0,10.0,9.564,41.21,68.0,34,1,41.21,41.21,9.468,0
2.420,probe_bw,1,2.0,10.0,9.564,41.21,68.0,34,1,41.21,41.21,9.468,0
2.425,probe_bw,1,2.0,10.0,9.564,41.21,68.0,34,1,41.21,41.21,9.468,0
2.430,probe_bw,1,2.0,10.0,9.564,41.21,68.0,34,1,41.21,41.21,9.468,0
2.435,probe_bw,1,2.0,10.0,9.564,41.21,68.0,33,1,41.21,41.21,9.468,0
2.440,probe_bw,1,2.0,10.0,9.564,41.21,68.0,33,1,41.21,41.21,9.468,0
2.445,probe_bw,1,2.0,10.0,9.564,41.21,68.0,33,1,41.21,41.21,9.468,0
2.450,probe_bw,1,2.0,10.0,9.564,41.21,68.0,33,1,41.21,41.21,9.468,0
2.455,probe_bw,1,2.0,10.0,9.564,41.21,68.0,34,1,41.21,41.21,9.468,0
2.460,probe_bw,1,2.0,10.0,9.564,41.21,68.0,34,1,41.21,41.21,9.468,0
2.465,probe_bw,1,2.0,10.0,9.564,41.21,68.0,34,1,41.21,41.21,9.468,0
2.470,probe_bw,1,2.0,10.0,9.564,41.21,68.0,34,1,41.21,41.21,9.468,0
2.475,probe_bw,1,2.0,10.0,9.564,41.21,68.0,34,1,41.21,41.21,9.468,0
2.480,probe_bw,1,2.0,10.0,9.564,41.21,68.0,34,1,41.21,41.21,9.468,0
2.485,probe_bw,1,2.0,10.0,9.564,41.21,68.0,34,1,41.21,41.21,9.468,0
2.490,probe_bw,1,2.0,10.0,9.564,41.21,68.0,34,1,41.21,41.21,9.468,0
2.495,probe_bw,1,2.0,10.0,9.564,41.21,68.0,33,1,41.21,41.21,9.468,0
2.500,probe_bw,1,2.0,10.0,9.564,41.21,68.0,33,1,41.21,41.21,9.468,0
2.505,probe_bw,1,2.0,10.0,9.564,41.21,68.0,33,1,41.21,41.21,9.468,0
2.510,probe_bw,1,2.0,10.0,9.564,41.21,68.0,33,0,41.21,41.21,9.468,0
2.515,probe_bw,1,2.0,10.0,9.564,41.21,68.0,34,1,41.21,41.21,9.468,0
2.520,probe_bw,1,2.0,10.0,9.564,41.21,68.0,34,1,41.21,41.21,9.468,0
2.525,probe_bw,1,2.0,10.0,9.564,41.21,68.0,34,1,41.21,41.21,9.468,0
2.530,probe_bw,1,2.0,10.0,9.564,41.21,68.0,34,1,41.21,41.21,9.468,0
2.535,probe_bw,1.25,2.0,10.0,9.564,41.21,68.0,34,1,41.21,41.21,9.468,0
2.540,probe_bw,1.25,2.0,10.0,9.564,41.21,68.0,35,2,41.21,41.21,9.468,0
2.545,probe_bw,1.25,2.0,10.0,9.564,41.21,68.0,37,4,41.21,41.21,9.468,0
2.550,probe_bw,1.25,2.0,10.0,9.564,41.21,68.0,37,5,41.21,41.21,9.468,0
2.555,probe_bw,1.25,2.0,10.0,9.564,41.21,68.0,38,6,41.21,41.21,9.468,0
2.560,probe_bw,1.25,2.0,10.0,9.564,41.21,68.0,39,6,41.21,41.21,9.468,0
2.565,probe_bw,1.25,2.0,10.0,9.564,41.21,68.0,40,7,41.21,41.21,9.468,0
2.570,probe_bw,1.25,2.0,10.0,9.564,41.21,68.0,41,8,41.21,41.21,9.468,0
2.575,probe_bw,0.75,2.0,10.0,9.564,41.21,68.0,42,9,41.21,41.21,9.468,0
2.580,probe_bw,0.75,2.0,10.0,9.564,41.21,68.0,41,8,42.14,41.47,9.479,0
2.585,probe_bw,0.75,2.0,10.0,9.564,41.21,68.0,40,7,43.07,42.0,9.49,0
2.590,probe_bw,0.75,2.0,10.0,9.564,41.21,68.0,39,6,44.0,42.7,9.499,0
2.595,probe_bw,0.75,2.0,10.0,9.564,41.21,68.0,39,6,44.93,43.5,9.51,0
2.600,probe_bw,0.75,2.0,10.0,9.564,41.21,68.0,37,4,46.09,44.56,9.521,0
2.605,probe_bw,0.75,2.0,10.0,9.564,41.21,68.0,36,3,47.02,45.45,9.53,0
2.610,probe_bw,0.75,2.0,10.0,9.564,41.21,68.0,35,2,47.95,46.36,9.538,0
2.615,probe_bw,0.75,2.0,10.0,9.564,41.21,68.0,34,1,48.88,47.27,9.545,0
2.620,probe_bw,1,2.0,10.0,9.564,41.21,68.0,33,1,49.81,48.2,9.553,0
2.625,probe_bw,1,2.0,10.0,9.564,41.21,68.0,33,1,50.74,49.12,9.562,0
2.630,probe_bw,1,2.0,10.0,9.564,41.21,68.0,34,1,50.37,49.81,9.564,0
2.635,probe_bw,1,2.0,10.0,9.564,41.21,68.0,34,1,48.69,49.58,9.564,0
2.640,probe_bw,1,2.0,10.0,9.564,41.21,68.0,33,1,46.59,48.48,9.564,0
2.645,probe_bw,1,2.0,10.0,9.564,41.21,68.0,33,1,44.91,47.23,9.564,0
2.650,probe_bw,1,2.0,10.0,9.564,41.21,68.0,33,1,43.23,45.81,9.564,0
2.655,probe_bw,1,2.0,10.0,9.564,41.21,68.0,33,1,41.55,44.27,9.564,0
2.660,probe_bw,1,2.0,10.0,9.564,41.21,68.0,34,1,41.21,43.26,9.354,0
2.665,probe_bw,1,2.0,10.0,9.564,41.21,68.0,34,1,41.21,42.41,9.343,0
2.670,probe_bw,1,2.0,10.0,9.564,41.21,68.0,33,1,41.21,41.83,9.329,0
2.675,probe_bw,1,2.0,10.0,9.564,41.21,68.0,33,1,41.21,41.57,9.319,0
2.680,probe_bw,1,2.0,10.0,9.564,41.21,68.0,33,1,41.21,41.42,9.308,0
2.685,probe_bw,1,2.0,10.0,9.564,41.21,68.0,33,1,41.21,41.34,9.297,0
2.690,probe_bw,1,2.0,10.0,9.564,41.21,68.0,34,1,41.21,41.28,9.286,0
2.695,probe_bw,1,2.0,10.0,9.564,41.21,68.0,34,1,41.21,41.25,9.267,0
2.700,probe_bw,1,2.0,10.0,9.564,41.21,68.0,34,1,41.21,41.24,9.377,0
2.705,probe_bw,1,2.0,10.0,9.564,41.21,68.0,34,1,41.21,41.23,9.468,0
2.710,probe_bw,1,2.0,10.0,9.564,41.21,68.0,34,1,41.21,41.22,9.468,0
2.715,probe_bw,1,2.0,10.0,9.564,41.21,68.0,34,1,41.21,41.22,9.468,0
2.720,probe_bw,1,2.0,10.0,9.564,41.21,68.0,34,1,41.21,41.21,9.468,0
2.725,probe_bw,1,2.0,10.0,9.564,41.21,68.0,34,1,41.21,41.21,9.468,0
2.730,probe_bw,1,2.0,10.0,9.564,41.21,68.0,33,1,41.21,41.21,9.468,0
2.735,probe_bw,1,2.0,10.0,9.564,41.21,68.0,33,1,41.21,41.21,9.468,0
2.740,probe_bw,1,2.0,10.0,9.564,41.21,68.0,33,1,41.21,41.21,9.468,0
2.745,probe_bw,1,2.0,10.0,9.564,41.21,68.0,34,1,41.21,41.21,9.468,0
2.750,probe_bw,1,2.0,10.0,9.564,41.21,68.0,34,1,41.21,41.21,9.468,0
2.755,probe_bw,1,2.0,10.0,9.564,41.21,68.0,34,1,41.21,41.21,9.468,0
2.760,probe_bw,1,2.0,10.0,9.564,41.21,68.0,34,1,41.21,41.21,9.468,0
2.765,probe_bw,1,2.0,10.0,9.564,41.21,68.0,34,1,41.21,41.21,9.468,0
2.770,probe_bw,1,2.0,10.0,9.564,41.21,68.0,34,1,41.21,41.21,9.468,0
2.775,probe_bw,1,2.0,10.0,9.564,41.21,68.0,34,1,41.21,41.21,9.468,0
2.780,probe_bw,1,2.0,10.0,9.564,41.21,68.0,34,1,41.21,41.21,9.468,0
2.785,probe_bw,1,2.0,10.0,9.564,41.21,68.0,33,1,41.21,41.21,9.468,0
2.790,probe_bw,1,2.0,10.0,9.564,41.21,68.0,33,1,41.21,41.21,9.468,0
2.795,probe_bw,1,2.0,10.0,9.564,41.21,68.0,33,1,41.21,41.21,9.468,0
2.800,probe_bw,1,2.0,10.0,9.564,41.21,68.0,33,1,41.21,41.21,9.468,0
2.805,probe_bw,1,2.0,10.0,9.564,41.21,68.0,34,1,41.21,41.21,9.468,0
2.810,probe_bw,1,2.0,10.0,9.564,41.21,68.0,34,1,41.21,41.21,9.468,0
2.815,probe_bw,1,2.0,10.0,9.564,41.21,68.0,34,1,41.21,41.21,9.468,0
2.820,probe_bw,1,2.0,10.0,9.564,41.21,68.0,34,1,41.21,41.21,9.468,0
2.825,probe_bw,1,2.0,10.0,9.564,41.21,68.0,34,1,41.21,41.21,9.468,0
2.830,probe_bw,1,2.0,10.0,9.564,41.21,68.0,34,1,41.21,41.21,9.468,0
2.835,probe_bw,1,2.0,10.0,9.564,41.21,68.0,34,1,41.21,41.21,9.468,0
2.840,probe_bw,1,2.0,10.0,9.564,41.21,68.0,34,1,41.21,41.21,9.468,0
2.845,probe_bw,1,2.0,10.0,9.564,41.21,68.0,33,1,41.21,41.21,9.468,0
2.850,probe_bw,1,2.0,10.0,9.564,41.21,68.0,33,1,41.21,41.21,9.468,0
2.855,probe_bw,1,2.0,10.0,9.564,41.21,68.0,33,1,41.21,41.21,9.468,0
2.860,probe_bw,1,2.0,10.0,9.564,41.21,68.0,34,1,41.21,41.21,9.468,0
2.865,probe_bw,1,2.0,10.0,9.564,41.21,68.0,34,1,41.21,41.21,9.468,0
2.870,probe_bw,1.25,2.0,10.0,9.564,41.21,68.0,34,1,41.21,41.21,9.468,0
2.875,probe_bw,1.25,2.0,10.0,9.564,41.21,68.0,35,2,41.21,41.21,9.468,0
2.880,probe_bw,1.25,2.0,10.0,9.564,41.21,68.0,36,3,41.21,41.21,9.468,0
2.885,probe_bw,1.25,2.0,10.0,9.564,41.21,68.0,38,5,41.21,41.21,9.468,0
2.890,probe_bw,1.25,2.0,10.0,9.564,41.21,68.0,39,6,41.21,41.21,9.468,0
2.895,probe_bw,1.25,2.0,10.0,9.564,41.21,68.0,40,7,41.21,41.21,9.468,0
2.900,probe_bw,1.25,2.0,10.0,9.564,41.21,68.0,40,8,41.21,41.21,9.468,0
2.905,probe_bw,1.25,2.0,10.0,9.564,41.21,68.0,41,8,41.21,41.21,9.468,0
2.910,probe_bw,0.75,2.0,10.0,9.564,41.21,68.0,42,9,41.44,41.24,9.471,0
2.915,probe_bw,0.75,2.0,10.0,9.564,41.21,68.0,41,8,42.37,41.58,9.482,0
2.920,probe_bw,0.75,2.0,10.0,9.564,41.21,68.0,40,7,43.3,42.17,9.492,0
2.925,probe_bw,0.75,2.0,10.0,9.564,41.21,68.0,39,6,44.23,42.89,9.502,0
2.930,probe_bw,0.75,2.0,10.0,9.564,41.21,68.0,38,5,45.16,43.7,9.511,0
2.935,probe_bw,0.75,2.0,10.0,9.564,41.21,68.0,37,4,46.09,44.56,9.521,0
2.940,probe_bw,0.75,2.0,10.0,9.564,41.21,68.0,36,2,47.02,45.45,9.53,0
2.945,probe_bw,0.75,2.0,10.0,9.564,41.21,68.0,34,1,48.18,46.59,9.54,0
2.950,probe_bw,0.75,2.0,10.0,9.564,41.21,68.0,33,0,49.12,47.5,9.548,0
2.955,probe_bw,1,2.0,10.0,9.564,41.21,68.0,33,1,50.04,48.43,9.555,0
2.960,probe_bw,1,2.0,10.0,9.564,41.21,68.0,33,1,50.97,49.35,9.562,0
2.965,probe_bw,1,2.0,10.0,9.564,41.21,68.0,33,1,49.95,49.83,9.564,0
2.970,probe_bw,1,2.0,10.0,9.564,41.21,68.0,33,1,48.27,49.41,9.564,0
2.975,probe_bw,1,2.0,10.0,9.564,41.21,68.0,33,1,46.59,48.48,9.564,0
2.980,probe_bw,1,2.0,10.0,9.564,41.21,68.0,33,1,44.49,46.89,9.564,0
2.985,probe_bw,1,2.0,10.0,9.564,41.21,68.0,33,1,42.81,45.43,9.564,0
2.990,probe_bw,1,2.0,10.0,9.564,41.21,68.0,33,1,41.21,43.89,9.544,0
2.995,probe_bw,1,2.0,10.0,9.564,41.21,68.0,34,1,41.21,43.01,9.351,0
3.000,probe_bw,1,2.0,10.0,9.564,41.21,68.0,34,1,41.21,42.26,9.34,0
3.005,probe_bw,1,2.0,10.0,9.564,41.21,68.0,34,1,41.21,41.83,9.329,0
3.010,probe_bw,1,2.0,10.0,9.564,41.21,68.0,34,1,41.21,41.57,9.319,0
3.015,probe_bw,1,2.0,10.0,9.564,41.21,68.0,34,1,41.21,41.42,9.308,0
3.020,probe_bw,1,2.0,10.0,9.564,41.21,68.0,33,1,41.21,41.32,9.294,0
3.025,probe_bw,1,2.0,10.0,9.564,41.21,68.0,33,1,41.21,41.27,9.275,0
3.030,probe_bw,1,2.0,10.0,9.564,41.21,68.0,33,1,41.21,41.25,9.264,0
3.035,probe_bw,1,2.0,10.0,9.564,41.21,68.0,33,1,41.21,41.23,9.468,0
3.040,probe_bw,1,2.0,10.0,9.564,41.21,68.0,34,1,41.21,41.22,9.468,0
3.045,probe_bw,1,2.0,10.0,9.564,41.21,68.0,34,1,41.21,41.22,9.468,0
3.050,probe_bw,1,2.0,10.0,9.564,41.21,68.0,34,1,41.21,41.22,9.468,0
3.055,probe_bw,1,2.0,10.0,9.564,41.21,68.0,34,1,41.21,41.21,9.468,0
3.060,probe_bw,1,2.0,10.0,9.564,41.21,68.0,34,1,41.21,41.21,9.468,0
3.065,probe_bw,1,2.0,10.0,9.564,41.21,68.0,34,1,41.21,41.21,9.468,0
3.070,probe_bw,1,2.0,10.0,9.564,41.21,68.0,34,1,41.21,41.21,9.468,0
3.075,probe_bw,1,2.0,10.0,9.564,41.21,68.0,34,1,41.21,41.21,9.468,0
3.080,probe_bw,1,2.0,10.0,9.564,41.21,68.0,33,1,41.21,41.21,9.468,0
3.085,probe_bw,1,2.0,10.0,9.564,41.21,68.0,33,1,41.21,41.21,9.468,0
3.090,probe_bw,1,2.0,10.0,9.564,41.21,68.0,33,1,41.21,41.21,9.468,0
3.095,probe_bw,1,2.0,10.0,9.564,41.21,68.0,34,1,41.21,41.21,9.468,0
3.100,probe_bw,1,2.0,10.0,9.564,41.21,68.0,34,1,41.21,41.21,9.468,0
3.105,probe_bw,1,2.0,10.0,9.564,41.21,68.0,34,1,41.21,41.21,9.468,0
3.110,probe_bw,1,2.0,10.0,9.564,41.21,68.0,34,1,41.21,41.21,9.468,0
3.115,probe_bw,1,2.0,10.0,9.564,41.21,68.0,34,1,41.21,41.21,9.468,0
3.120,probe_bw,1,2.0,10.0,9.564,41.21,68.0,34,1,41.21,41.21,9.468,0
3.125,probe_bw,1,2.0,10.0,9.564,41.21,68.0,34,1,41.21,41.21,9.468,0
3.130,probe_bw,1,2.0,10.0,9.564,41.21,68.0,34,1,41.21,41.21,9.468,0
3.135,probe_bw,1,2.0,10.0,9.564,41.21,68.0,33,1,41.21,41.21,9.468,0
3.140,probe_bw,1,2.0,10.0,9.564,41.21,68.0,33,1,41.21,41.21,9.468,0
3.145,probe_bw,1,2.0,10.0,9.564,41.21,68.0,33,1,41.21,41.21,9.468,0
3.150,probe_bw,1,2.0,10.0,9.564,41.21,68.0,33,1,41.21,41.21,9.468,0
3.155,probe_bw,1,2.0,10.0,9.564,41.21,68.0,34,1,41.21,41.21,9.468,0
3.160,probe_bw,1,2.0,10.0,9.564,41.21,68.0,34,1,41.21,41.21,9.468,0
3.165,probe_bw,1,2.0,10.0,9.564,41.21,68.0,34,1,41.21,41.21,9.468,0
3.170,probe_bw,1,2.0,10.0,9.564,41.21,68.0,34,1,41.21,41.21,9.468,0
3.175,probe_bw,1,2.0,10.0,9.564,41.21,68.0,34,1,41.21,41.21,9.468,0
3.180,probe_bw,1,2.0,10.0,9.564,41.21,68.0,34,1,41.21,41.21,9.468,0
3.185,probe_bw,1,2.0,10.0,9.564,41.21,68.0,34,1,41.21,41.21,9.468,0
3.190,probe_bw,1,2.0,10.0,9.564,41.21,68.0,34,1,41.21,41.21,9.468,0
3.195,probe_bw,1,2.0,10.0,9.564,41.21,68.0,33,1,41.21,41.21,9.468,0
3.200,probe_bw,1,2.0,10.0,9.564,41.21,68.0,33,1,41.21,41.21,9.468,0
3.205,probe_bw,1.25,2.0,10.0,9.564,41.21,68.0,34,2,41.21,41.21,9.468,0
3.210,probe_bw,1.25,2.0,10.0,9.564,41.21,68.0,35,2,41.21,41.21,9.468,0
3.215,probe_bw,1.25,2.0,10.0,9.564,41.21,68.0,36,3,41.21,41.21,9.468,0
3.220,probe_bw,1.25,2.0,10.0,9.564,41.21,68.0,37,4,41.21,41.21,9.468,0
3.225,probe_bw,1.25,2.0,10.0,9.564,41.21,68.0,39,6,41.21,41.21,9.468,0
3.230,probe_bw,1.25,2.0,10.0,9.564,41.21,68.0,40,7,41.21,41.21,9.468,0
3.235,probe_bw,1.25,2.0,10.0,9.564,41.21,68.0,41,8,41.21,41.21,9.468,0
3.240,probe_bw,1.25,2.0,10.0,9.564,41.21,68.0,42,9,41.21,41.21,9.468,0
3.245,probe_bw,0.75,2.0,10.0,9.564,41.21,68.0,42,9,41.44,41.24,9.471,0
3.250,probe_bw,0.75,2.0,10.0,9.564,41.21,68.0,40,7,42.61,41.71,9.485,0
3.255,probe_bw,0.75,2.0,10.0,9.564,41.21,68.0,40,7,43.54,42.34,9.495,0
3.260,probe_bw,0.75,2.0,10.0,9.564,41.21,68.0,39,6,44.47,43.09,9.504,0
3.265,probe_bw,0.75,2.0,10.0,9.564,41.21,68.0,38,5,45.39,43.92,9.513,0
3.270,probe_bw,0.75,2.0,10.0,9.564,41.21,68.0,37,4,46.32,44.78,9.522,0
3.275,probe_bw,0.75,2.0,10.0,9.564,41.21,68.0,36,3,47.25,45.68,9.532,0
3.280,probe_bw,0.75,2.0,10.0,9.564,41.21,68.0,35,2,48.18,46.59,9.54,0
3.285,probe_bw,0.75,2.0,10.0,9.564,41.21,68.0,34,1,49.12,47.5,9.548,0
3.290,probe_bw,1,2.0,10.0,9.564,41.21,68.0,33,1,50.28,48.66,9.557,0
3.295,probe_bw,1,2.0,10.0,9.564,41.21,68.0,33,1,51.21,49.58,9.564,0
3.300,probe_bw,1,2.0,10.0,9.564,41.21,68.0,33,1,49.53,49.79,9.564,0
3.305,probe_bw,1,2.0,10.0,9.564,41.21,68.0,33,1,47.85,49.22,9.564,0
3.310,probe_bw,1,2.0,10.0,9.564,41.21,68.0,33,1,46.17,48.19,9.564,0
3.315,probe_bw,1,2.0,10.0,9.564,41.21,68.0,33,1,44.49,46.89,9.564,0
3.320,probe_bw,1,2.0,10.0,9.564,41.21,68.0,33,1,42.81,45.43,9.564,0
3.325,probe_bw,1,2.0,10.0,9.564,41.21,68.0,33,1,41.21,43.89,9.544,0
3.330,probe_bw,1,2.0,10.0,9.564,41.21,68.0,34,1,41.21,42.78,9.348,0
3.335,probe_bw,1,2.0,10.0,9.564,41.21,68.0,34,1,41.21,42.13,9.338,0
3.340,probe_bw,1,2.0,10.0,9.564,41.21,68.0,34,1,41.21,41.75,9.327,0
3.345,probe_bw,1,2.0,10.0,9.564,41.21,68.0,34,1,41.21,41.53,9.316,0
3.350,probe_bw,1,2.0,10.0,9.564,41.21,68.0,34,1,41.21,41.4,9.305,0
3.355,probe_bw,1,2.0,10.0,9.564,41.21,68.0,34,1,41.21,41.32,9.294,0
3.360,probe_bw,1,2.0,10.0,9.564,41.21,68.0,34,1,41.21,41.27,9.275,0
3.365,probe_bw,1,2.0,10.0,9.564,41.21,68.0,34,1,41.21,41.25,9.264,0
3.370,probe_bw,1,2.0,10.0,9.564,41.21,68.0,33,1,41.21,41.23,9.468,0
3.375,probe_bw,1,2.0,10.0,9.564,41.21,68.0,33,1,41.21,41.22,9.468,0
3.380,probe_bw,1,2.0,10.0,9.564,41.21,68.0,33,1,41.21,41.22,9.468,0
3.385,probe_bw,1,2.0,10.0,9.564,41.21,68.0,33,0,41.21,41.21,9.468,0
3.390,probe_bw,1,2.0,10.0,9.564,41.21,68.0,34,1,41.21,41.21,9.468,0
3.395,probe_bw,1,2.0,10.0,9.564,41.21,68.0,34,1,41.21,41.21,9.468,0
3.400,probe_bw,1,2.0,10.0,9.564,41.21,68.0,34,1,41.21,41.21,9.468,0
3.405,probe_bw,1,2.0,10.0,9.564,41.21,68.0,34,1,41.21,41.21,9.468,0
3.410,probe_bw,1,2.0,10.0,9.564,41.21,68.0,34,1,41.21,41.21,9.468,0
3.415,probe_bw,1,2.0,10.0,9.564,41.21,68.0,34,1,41.21,41.21,9.468,0
3.420,probe_bw,1,2.0,10.0,9.564,41.21,68.0,34,1,41.21,41.21,9.468,0
3.425,probe_bw,1,2.0,10.0,9.564,41.21,68.0,33,1,41.21,41.21,9.468,0
3.430,probe_bw,1,2.0,10.0,9.564,41.21,68.0,33,1,41.21,41.21,9.468,0
3.435,probe_bw,1,2.0,10.0,9.564,41.21,68.0,33,1,41.21,41.21,9.468,0
3.440,probe_bw,1,2.0,10.0,9.564,41.21,68.0,33,1,41.21,41.21,9.468,0
3.445,probe_bw,1,2.0,10.0,9.564,41.21,68.0,34,1,41.21,41.21,9.468,0
3.450,probe_bw,1,2.0,10.0,9.564,41.21,68.0,34,1,41.21,41.21,9.468,0
3.455,probe_bw,1,2.0,10.0,9.564,41.21,68.0,34,1,41.21,41.21,9.468,0
3.460,probe_bw,1,2.0,10.0,9.564,41.21,68.0,34,1,41.21,41.21,9.468,0
3.465,probe_bw,1,2.0,10.0,9.564,41.21,68.0,34,1,41.21,41.21,9.468,0
3.470,probe_bw,1,2.0,10.0,9.564,41.21,68.0,34,1,41.21,41.21,9.468,0
3.475,probe_bw,1,2.0,10.0,9.564,41.21,68.0,34,1,41.21,41.21,9.468,0
3.480,probe_bw,1,2.0,10.0,9.564,41.21,68.0,34,1,41.21,41.21,9.468,0
3.485,probe_bw,1,2.0,10.0,9.564,41.21,68.0,33,1,41.21,41.21,9.468,0
3.490,probe_bw,1,2.0,10.0,9.564,41.21,68.0,33,1,41.21,41.21,9.468,0
3.495,probe_bw,1,2.0,10.0,9.564,41.21,68.0,33,1,41.21,41.21,9.468,0
3.500,probe_bw,1,2.0,10.0,9.564,41.21,68.0,33,0,41.21,41.21,9.468,0
3.505,probe_bw,1,2.0,10.0,9.564,41.21,68.0,34,1,41.21,41.21,9.468,0
3.510,probe_bw,1,2.0,10.0,9.564,41.21,68.0,34,1,41.21,41.21,9.468,0
3.515,probe_bw,1,2.0,10.0,9.564,41.21,68.0,34,1,41.21,41.21,9.468,0
3.520,probe_bw,1,2.0,10.0,9.564,41.21,68.0,34,1,41.21,41.21,9.468,0
3.525,probe_bw,1,2.0,10.0,9.564,41.21,68.0,34,1,41.21,41.21,9.468,0
3.530,probe_bw,1,2.0,10.0,9.564,41.21,68.0,34,1,41.21,41.21,9.468,0
3.535,probe_bw,1,2.0,10.0,9.564,41.21,68.0,34,1,41.21,41.21,9.468,0
3.540,probe_bw,1.25,2.0,10.0,9.564,41.21,68.0,34,2,41.21,41.21,9.468,0
3.545,probe_bw,1.25,2.0,10.0,9.564,41.21,68.0,35,3,41.21,41.21,9.468,0
3.550,probe_bw,1.25,2.0,10.0,9.564,41.21,68.0,36,4,41.21,41.21,9.468,0
3.555,probe_bw,1.25,2.0,10.0,9.564,41.21,68.0,37,4,41.21,41.21,9.468,0
3.560,probe_bw,1.25,2.0,10.0,9.564,41.21,68.0,39,6,41.21,41.21,9.468,0
3.565,probe_bw,1.25,2.0,10.0,9.564,41.21,68.0,40,7,41.21,41.21,9.468,0
3.570,probe_bw,1.25,2.0,10.0,9.564,41.21,68.0,41,8,41.21,41.21,9.468,0
3.575,probe_bw,1.25,2.0,10.0,9.564,41.21,68.0,42,9,41.21,41.21,9.468,0
3.580,probe_bw,0.75,2.0,10.0,9.564,41.21,68.0,42,9,41.68,41.29,9.474,0
3.585,probe_bw,0.75,2.0,10.0,9.564,41.21,68.0,41,8,42.61,41.71,9.485,0
3.590,probe_bw,0.75,2.0,10.0,9.564,41.21,68.0,40,6,43.54,42.34,9.495,0
3.595,probe_bw,0.75,2.0,10.0,9.564,41.21,68.0,38,5,44.7,43.29,9.507,0
3.600,probe_bw,0.75,2.0,10.0,9.564,41.21,68.0,37,4,45.63,44.13,9.516,0
3.605,probe_bw,0.75,2.0,10.0,9.564,41.21,68.0,36,3,46.56,45.01,9.525,0
3.610,probe_bw,0.75,2.0,10.0,9.564,41.21,68.0,35,2,47.49,45.9,9.533,0
3.615,probe_bw,0.75,2.0,10.0,9.564,41.21,68.0,34,1,48.42,46.82,9.542,0
3.620,probe_bw,1,2.0,10.0,9.564,41.21,68.0,34,1,49.35,47.74,9.55,0
3.625,probe_bw,1,2.0,10.0,9.564,41.21,68.0,34,1,50.28,48.66,9.557,0
3.630,probe_bw,1,2.0,10.0,9.564,41.21,68.0,33,1,50.79,49.73,9.564,0
3.635,probe_bw,1,2.0,10.0,9.564,41.21,68.0,33,1,49.11,49.71,9.564,0
3.640,probe_bw,1,2.0,10.0,9.564,41.21,68.0,33,1,47.43,48.99,9.564,0
3.645,probe_bw,1,2.0,10.0,9.564,41.21,68.0,33,1,45.75,47.88,9.564,0
3.650,probe_bw,1,2.0,10.0,9.564,41.21,68.0,33,1,44.07,46.53,9.564,0
3.655,probe_bw,1,2.0,10.0,9.564,41.21,68.0,33,1,42.39,45.05,9.564,0
3.660,probe_bw,1,2.0,10.0,9.564,41.21,68.0,33,1,41.21,43.56,9.448,0
3.665,probe_bw,1,2.0,10.0,9.564,41.21,68.0,33,1,41.21,42.59,9.346,0
3.670,probe_bw,1,2.0,10.0,9.564,41.21,68.0,33,1,41.21,42.02,9.335,0
3.675,probe_bw,1,2.0,10.0,9.564,41.21,68.0,33,1,41.21,41.68,9.324,0
3.680,probe_bw,1,2.0,10.0,9.564,41.21,68.0,34,1,41.21,41.49,9.313,0
3.685,probe_bw,1,2.0,10.0,9.564,41.21,68.0,34,1,41.21,41.37,9.302,0
3.690,probe_bw,1,2.0,10.0,9.564,41.21,68.0,34,1,41.21,41.31,9.292,0
3.695,probe_bw,1,2.0,10.0,9.564,41.21,68.0,34,1,41.21,41.27,9.273,0
3.700,probe_bw,1,2.0,10.0,9.564,41.21,68.0,34,1,41.21,41.24,9.27,0
3.705,probe_bw,1,2.0,10.0,9.564,41.21,68.0,34,1,41.21,41.23,9.468,0
3.710,probe_bw,1,2.0,10.0,9.564,41.21,68.0,34,1,41.21,41.22,9.468,0
3.715,probe_bw,1,2.0,10.0,9.564,41.21,68.0,34,1,41.21,41.22,9.468,0
3.720,probe_bw,1,2.0,10.0,9.564,41.21,68.0,33,1,41.21,41.21,9.468,0
3.725,probe_bw,1,2.0,10.0,9.564,41.21,68.0,33,1,41.21,41.21,9.468,0
3.730,probe_bw,1,2.0,10.0,9.564,41.21,68.0,33,1,41.21,41.21,9.468,0
3.735,probe_bw,1,2.0,10.0,9.564,41.21,68.0,34,1,41.21,41.21,9.468,0
3.740,probe_bw,1,2.0,10.0,9.564,41.21,68.0,34,1,41.21,41.21,9.468,0
3.745,probe_bw,1,2.0,10.0,9.564,41.21,68.0,34,1,41.21,41.21,9.468,0
3.750,probe_bw,1,2.0,10.0,9.564,41.21,68.0,34,1,41.21,41.21,9.468,0
3.755,probe_bw,1,2.0,10.0,9.564,41.21,68.0,34,1,41.21,41.21,9.468,0
3.760,probe_bw,1,2.0,10.0,9.564,41.21,68.0,34,1,41.21,41.21,9.468,0
3.765,probe_bw,1,2.0,10.0,9.564,41.21,68.0,34,1,41.21,41.21,9.468,0
3.770,probe_bw,1,2.0,10.0,9.564,41.21,68.0,34,1,41.21,41.21,9.468,0
3.775,probe_bw,1,2.0,10.0,9.564,41.21,68.0,33,1,41.21,41.21,9.468,0
3.780,probe_bw,1,2.0,10.0,9.564,41.21,68.0,33,1,41.21,41.21,9.468,0
3.785,probe_bw,1,2.0,10.0,9.564,41.21,68.0,33,1,41.21,41.21,9.468,0
3.790,probe_bw,1,2.0,10.0,9.564,41.21,68.0,33,1,41.21,41.21,9.468,0
3.795,probe_bw,1,2.0,10.0,9.564,41.21,68.0,34,1,41.21,41.21,9.468,0
3.800,probe_bw,1,2.0,10.0,9.564,41.21,68.0,34,1,41.21,41.21,9.468,0
3.805,probe_bw,1,2.0,10.0,9.564,41.21,68.0,34,1,41.21,41.21,9.468,0
3.810,probe_bw,1,2.0,10.0,9.564,41.21,68.0,34,1,41.21,41.21,9.468,0
3.815,probe_bw,1,2.0,10.0,9.564,41.21,68.0,34,1,41.21,41.21,9.468,0
3.820,probe_bw,1,2.0,10.0,9.564,41.21,68.0,34,1,41.21,41.21,9.468,0
3.825,probe_bw,1,2.0,10.0,9.564,41.21,68.0,34,1,41.21,41.21,9.468,0
3.830,probe_bw,1,2.0,10.0,9.564,41.21,68.0,34,1,41.21,41.21,9.468,0
3.835,probe_bw,1,2.0,10.0,9.564,41.21,68.0,33,1,41.21,41.21,9.468,0
3.840,probe_bw,1,2.0,10.0,9.564,41.21,68.0,33,1,41.21,41.21,9.468,0
3.845,probe_bw,1,2.0,10.0,9.564,41.21,68.0,33,1,41.21,41.21,9.468,0
3.850,probe_bw,1,2.0,10.0,9.564,41.21,68.0,34,1,41.21,41.21,9.468,0
3.855,probe_bw,1,2.0,10.0,9.564,41.21,68.0,34,1,41.21,41.21,9.468,0
3.860,probe_bw,1,2.0,10.0,9.564,41.21,68.0,34,1,41.21,41.21,9.468,0
3.865,probe_bw,1,2.0,10.0,9.564,41.21,68.0,34,1,41.21,41.21,9.468,0
3.870,probe_bw,1.25,2.0,10.0,9.564,41.21,68.0,34,1,41.21,41.21,9.468,0
3.875,probe_bw,1.25,2.0,10.0,9.564,41.21,68.0,35,2,41.21,41.21,9.468,0
3.880,probe_bw,1.25,2.0,10.0,9.564,41.21,68.0,36,3,41.21,41.21,9.468,0
3.885,probe_bw,1.25,2.0,10.0,9.564,41.21,68.0,37,4,41.21,41.21,9.468,0
3.890,probe_bw,1.25,2.0,10.0,9.564,41.21,68.0,37,5,41.21,41.21,9.468,0
3.895,probe_bw,1.25,2.0,10.0,9.564,41.21,68.0,38,6,41.21,41.21,9.468,0
3.900,probe_bw,1.25,2.0,10.0,9.564,41.21,68.0,40,7,41.21,41.21,9.468,0
3.905,probe_bw,1.25,2.0,10.0,9.564,41.21,68.0,41,8,41.21,41.21,9.468,0
3.910,probe_bw,1.25,2.0,10.0,9.564,41.21,68.0,42,9,41.21,41.21,9.468,0
3.915,probe_bw,0.75,2.0,10.0,9.564,41.21,68.0,42,9,41.91,41.37,9.477,0
3.920,probe_bw,0.75,2.0,10.0,9.564,41.21,68.0,41,8,42.84,41.85,9.487,0
3.925,probe_bw,0.75,2.0,10.0,9.564,41.21,68.0,40,7,43.77,42.52,9.497,0
3.930,probe_bw,0.75,2.0,10.0,9.564,41.21,68.0,39,6,44.7,43.29,9.507,0
3.935,probe_bw,0.75,2.0,10.0,9.564,41.21,68.0,38,4,45.63,44.13,9.516,0
3.940,probe_bw,0.75,2.0,10.0,9.564,41.21,68.0,36,3,46.79,45.23,9.527,0
3.945,probe_bw,0.75,2.0,10.0,9.564,41.21,68.0,35,2,47.72,46.13,9.535,0
3.950,probe_bw,0.75,2.0,10.0,9.564,41.21,68.0,34,1,48.65,47.05,9.543,0
3.955,probe_bw,1,2.0,10.0,9.564,41.21,68.0,33,1,49.58,47.97,9.552,0
3.960,probe_bw,1,2.0,10.0,9.564,41.21,68.0,33,1,50.51,48.89,9.559,0
3.965,probe_bw,1,2.0,10.0,9.564,41.21,68.0,33,1,50.79,49.73,9.564,0
3.970,probe_bw,1,2.0,10.0,9.564,41.21,68.0,34,1,49.11,49.71,9.564,0
3.975,probe_bw,1,2.0,10.0,9.564,41.21,68.0,33,1,47.01,48.75,9.564,0
3.980,probe_bw,1,2.0,10.0,9.564,41.21,68.0,33,1,45.33,47.56,9.564,0
3.985,probe_bw,1,2.0,10.0,9.564,41.21,68.0,33,1,43.65,46.17,9.564,0
3.990,probe_bw,1,2.0,10.0,9.564,41.21,68.0,33,1,41.97,44.66,9.564,0
3.995,probe_bw,1,2.0,10.0,9.564,41.21,68.0,34,1,41.21,43.56,9.448,0
4.000,probe_bw,1,2.0,10.0,9.564,41.21,68.0,34,1,41.21,42.59,9.346,0
4.005,probe_bw,1,2.0,10.0,9.564,41.21,68.0,34,1,41.21,42.02,9.335,0
4.010,probe_bw,1,2.0,10.0,9.564,41.21,68.0,33,1,41.21,41.62,9.321,0
4.015,probe_bw,1,2.0,10.0,9.564,41.21,68.0,33,1,41.21,41.45,9.311,0
4.020,probe_bw,1,2.0,10.0,9.564,41.21,68.0,33,1,41.21,41.35,9.3,0
4.025,probe_bw,1,2.0,10.0,9.564,41.21,68.0,33,1,41.21,41.29,9.289,0
4.030,probe_bw,1,2.0,10.0,9.564,41.21,68.0,34,1,41.21,41.26,9.27,0
4.035,probe_bw,1,2.0,10.0,9.564,41.21,68.0,34,1,41.21,41.24,9.286,0
4.040,probe_bw,1,2.0,10.0,9.564,41.21,68.0,34,1,41.21,41.23,9.468,0
4.045,probe_bw,1,2.0,10.0,9.564,41.21,68.0,34,1,41.21,41.22,9.468,0
4.050,probe_bw,1,2.0,10.0,9.564,41.21,68.0,34,1,41.21,41.22,9.468,0
4.055,probe_bw,1,2.0,10.0,9.564,41.21,68.0,34,1,41.21,41.21,9.468,0
4.060,probe_bw,1,2.0,10.0,9.564,41.21,68.0,34,1,41.21,41.21,9.468,0
4.065,probe_bw,1,2.0,10.0,9.564,41.21,68.0,34,1,41.21,41.21,9.468,0
4.070,probe_bw,1,2.0,10.0,9.564,41.21,68.0,33,1,41.21,41.21,9.468,0
4.075,probe_bw,1,2.0,10.0,9.564,41.21,68.0,33,1,41.21,41.21,9.468,0
4.080,probe_bw,1,2.0,10.0,9.564,41.21,68.0,33,1,41.21,41.21,9.468,0
4.085,probe_bw,1,2.0,10.0,9.564,41.21,68.0,34,1,41.21,41.21,9.468,0
4.090,probe_bw,1,2.0,10.0,9.564,41.21,68.0,34,1,41.21,41.21,9.468,0
4.095,probe_bw,1,2.0,10.0,9.564,41.21,68.0,34,1,41.21,41.21,9.468,0
4.100,probe_bw,1,2.0,10.0,9.564,41.21,68.0,34,1,41.21,41.21,9.468,0
4.105,probe_bw,1,2.0,10.0,9.564,41.21,68.0,34,1,41.21,41.21,9.468,0
4.110,probe_bw,1,2.0,10.0,9.564,41.21,68.0,34,1,41.21,41.21,9.468,0
4.115,probe_bw,1,2.0,10.0,9.564,41.21,68.0,34,1,41.21,41.21,9.468,0
4.120,probe_bw,1,2.0,10.0,9.564,41.21,68.0,34,1,41.21,41.21,9.468,0
4.125,probe_bw,1,2.0,10.0,9.564,41.21,68.0,33,1,41.21,41.21,9.468,0
4.130,probe_bw,1,2.0,10.0,9.564,41.21,68.0,33,1,41.21,41.21,9.468,0
4.135,probe_bw,1,2.0,10.0,9.564,41.21,68.0,33,1,41.21,41.21,9.468,0
4.140,probe_bw,1,2.0,10.0,9.564,41.21,68.0,33,1,41.21,41.21,9.468,0
4.145,probe_bw,1,2.0,10.0,9.564,41.21,68.0,34,1,41.21,41.21,9.468,0
4.150,probe_bw,1,2.0,10.0,9.564,41.21,68.0,34,1,41.21,41.21,9.468,0
4.155,probe_bw,1,2.0,10.0,9.564,41.21,68.0,34,1,41.21,41.21,9.468,0
4.160,probe_bw,1,2.0,10.0,9.564,41.21,68.0,34,1,41.21,41.21,9.468,0
4.165,probe_bw,1,2.0,10.0,9.564,41.21,68.0,34,1,41.21,41.21,9.468,0
4.170,probe_bw,1,2.0,10.0,9.564,41.21,68.0,34,1,41.21,41.21,9.468,0
4.175,probe_bw,1,2.0,10.0,9.564,41.21,68.0,34,1,41.21,41.21,9.468,0
4.180,probe_bw,1,2.0,10.0,9.564,41.21,68.0,34,1,41.21,41.21,9.468,0
4.185,probe_bw,1,2.0,10.0,9.564,41.21,68.0,33,1,41.21,41.21,9.468,0
4.190,probe_bw,1,2.0,10.0,9.564,41.21,68.0,33,1,41.21,41.21,9.468,0
4.195,probe_bw,1,2.0,10.0,9.564,41.21,68.0,33,1,41.21,41.21,9.468,0
4.200,probe_bw,1,2.0,10.0,9.564,41.21,68.0,34,1,41.21,41.21,9.468,0
4.205,probe_bw,1.25,2.0,10.0,9.564,41.21,68.0,34,1,41.21,41.21,9.468,0
4.210,probe_bw,1.25,2.0,10.0,9.564,41.21,68.0,35,2,41.21,41.21,9.468,0
4.215,probe_bw,1.25,2.0,10.0,9.564,41.21,68.0,36,3,41.21,41.21,9.468,0
4.220,probe_bw,1.25,2.0,10.0,9.564,41.21,68.0,37,4,41.21,41.21,9.468,0
4.225,probe_bw,1.25,2.0,10.0,9.564,41.21,68.0,38,5,41.21,41.21,9.468,0
4.230,probe_bw,1.25,2.0,10.0,9.564,41.21,68.0,39,6,41.21,41.21,9.468,0
4.235,probe_bw,1.25,2.0,10.0,9.564,41.21,68.0,41,8,41.21,41.21,9.468,0
4.240,probe_bw,1.25,2.0,10.0,9.564,41.21,68.0,41,8,41.21,41.21,9.468,0
4.245,probe_bw,0.75,2.0,10.0,9.564,41.21,68.0,42,9,41.21,41.21,9.468,0
4.250,probe_bw,0.75,2.0,10.0,9.564,41.21,68.0,41,8,42.14,41.47,9.479,0
4.255,probe_bw,0.75,2.0,10.0,9.564,41.21,68.0,40,7,43.07,42.0,9.49,0
4.260,probe_bw,0.75,2.0,10.0,9.564,41.21,68.0,39,6,44.0,42.7,9.499,0
4.265,probe_bw,0.75,2.0,10.0,9.564,41.21,68.0,38,5,44.93,43.5,9.51,0
4.270,probe_bw,0.75,2.0,10.0,9.564,41.21,68.0,37,4,45.86,44.35,9.519,0
4.275,probe_bw,0.75,2.0,10.0,9.564,41.21,68.0,36,3,46.79,45.23,9.527,0
4.280,probe_bw,0.75,2.0,10.0,9.564,41.21,68.0,35,2,47.95,46.36,9.538,0
4.285,probe_bw,0.75,2.0,10.0,9.564,41.21,68.0,34,1,48.88,47.27,9.545,0
4.290,probe_bw,1,2.0,10.0,9.564,41.21,68.0,33,1,49.81,48.2,9.553,0
4.295,probe_bw,1,2.0,10.0,9.564,41.21,68.0,33,1,50.74,49.12,9.562,0
4.300,probe_bw,1,2.0,10.0,9.564,41.21,68.0,33,1,50.37,49.81,9.564,0
4.305,probe_bw,1,2.0,10.0,9.564,41.21,68.0,33,1,48.69,49.58,9.564,0
4.310,probe_bw,1,2.0,10.0,9.564,41.21,68.0,33,1,47.01,48.75,9.564,0
4.315,probe_bw,1,2.0,10.0,9.564,41.21,68.0,33,1,45.33,47.56,9.564,0
4.320,probe_bw,1,2.0,10.0,9.564,41.21,68.0,33,1,43.23,45.81,9.564,0
4.325,probe_bw,1,2.0,10.0,9.564,41.21,68.0,33,1,41.55,44.27,9.564,0
4.330,probe_bw,1,2.0,10.0,9.564,41.21,68.0,34,1,41.21,43.26,9.354,0
4.335,probe_bw,1,2.0,10.0,9.564,41.21,68.0,34,1,41.21,42.41,9.343,0
4.340,probe_bw,1,2.0,10.0,9.564,41.21,68.0,34,1,41.21,41.92,9.332,0
4.345,probe_bw,1,2.0,10.0,9.564,41.21,68.0,34,1,41.21,41.62,9.321,0
4.350,probe_bw,1,2.0,10.0,9.564,41.21,68.0,34,1,41.21,41.45,9.311,0
4.355,probe_bw,1,2.0,10.0,9.564,41.21,68.0,34,1,41.21,41.35,9.3,0
4.360,probe_bw,1,2.0,10.0,9.564,41.21,68.0,33,1,41.21,41.28,9.286,0
4.365,probe_bw,1,2.0,10.0,9.564,41.21,68.0,33,1,41.21,41.25,9.267,0
4.370,probe_bw,1,2.0,10.0,9.564,41.21,68.0,33,1,41.21,41.24,9.377,0
4.375,probe_bw,1,2.0,10.0,9.564,41.21,68.0,33,0,41.21,41.23,9.468,0
4.380,probe_bw,1,2.0,10.0,9.564,41.21,68.0,34,1,41.21,41.22,9.468,0
4.385,probe_bw,1,2.0,10.0,9.564,41.21,68.0,34,1,41.21,41.22,9.468,0
4.390,probe_bw,1,2.0,10.0,9.564,41.21,68.0,34,1,41.21,41.21,9.468,0
4.395,probe_bw,1,2.0,10.0,9.564,41.21,68.0,34,1,41.21,41.21,9.468,0
4.400,probe_bw,1,2.0,10.0,9.564,41.21,68.0,34,1,41.21,41.21,9.468,0
4.405,probe_bw,1,2.0,10.0,9.564,41.21,68.0,34,1,41.21,41.21,9.468,0
4.410,probe_bw,1,2.0,10.0,9.564,41.21,68.0,34,1,41.21,41.21,9.468,0
4.415,probe_bw,1,2.0,10.0,9.564,41.21,68.0,33,1,41.21,41.21,9.468,0
4.420,probe_bw,1,2.0,10.0,9.564,41.21,68.0,33,1,41.21,41.21,9.468,0
4.425,probe_bw,1,2.0,10.0,9.564,41.21,68.0,33,1,41.21,41.21,9.468,0
4.430,probe_bw,1,2.0,10.0,9.564,41.21,68.0,33,1,41.21,41.21,9.468,0
4.435,probe_bw,1,2.0,10.0,9.564,41.21,68.0,34,1,41.21,41.21,9.468,0
4.440,probe_bw,1,2.0,10.0,9.564,41.21,68.0,34,1,41.21,41.21,9.468,0
4.445,probe_bw,1,2.0,10.0,9.564,41.21,68.0,34,1,41.21,41.21,9.468,0
4.450,probe_bw,1,2.0,10.0,9.564,41.21,68.0,34,1,41.21,41.21,9.468,0
4.455,probe_bw,1,2.0,10.0,9.564,41.21,68.0,34,1,41.21,41.21,9.468,0
4.460,probe_bw,1,2.0,10.0,9.564,41.21,68.0,34,1,41.21,41.21,9.468,0
4.465,probe_bw,1,2.0,10.0,9.564,41.21,68.0,34,1,41.21,41.21,9.468,0
4.470,probe_bw,1,2.0,10.0,9.564,41.21,68.0,34,1,41.21,41.21,9.468,0
4.475,probe_bw,1,2.0,10.0,9.564,41.21,68.0,33,1,41.21,41.21,9.468,0
4.480,probe_bw,1,2.0,10.0,9.564,41.21,68.0,33,1,41.21,41.21,9.468,0
4.485,probe_bw,1,2.0,10.0,9.564,41.21,68.0,33,1,41.21,41.21,9.468,0
4.490,probe_bw,1,2.0,10.0,9.564,41.21,68.0,33,0,41.21,41.21,9.468,0
4.495,probe_bw,1,2.0,10.0,9.564,41.21,68.0,34,1,41.21,41.21,9.468,0
4.500,probe_bw,1,2.0,10.0,9.564,41.21,68.0,34,1,41.21,41.21,9.468,0
4.505,probe_bw,1,2.0,10.0,9.564,41.21,68.0,34,1,41.21,41.21,9.468,0
4.510,probe_bw,1,2.0,10.0,9.564,41.21,68.0,34,1,41.21,41.21,9.468,0
4.515,probe_bw,1,2.0,10.0,9.564,41.21,68.0,34,1,41.21,41.21,9.468,0
4.520,probe_bw,1,2.0,10.0,9.564,41.21,68.0,34,1,41.21,41.21,9.468,0
4.525,probe_bw,1,2.0,10.0,9.564,41.21,68.0,34,1,41.21,41.21,9.468,0
4.530,probe_bw,1,2.0,10.0,9.564,41.21,68.0,33,1,41.21,41.21,9.468,0
4.535,probe_bw,1,2.0,10.0,9.564,41.21,68.0,33,1,41.21,41.21,9.468,0
4.540,probe_bw,1.25,2.0,10.0,9.564,41.21,68.0,34,2,41.21,41.21,9.468,0
4.545,probe_bw,1.25,2.0,10.0,9.564,41.21,68.0,35,2,41.21,41.21,9.468,0
4.550,probe_bw,1.25,2.0,10.0,9.564,41.21,68.0,36,3,41.21,41.21,9.468,0
4.555,probe_bw,1.25,2.0,10.0,9.564,41.21,68.0,37,4,41.21,41.21,9.468,0
4.560,probe_bw,1.25,2.0,10.0,9.564,41.21,68.0,38,5,41.21,41.21,9.468,0
4.565,probe_bw,1.25,2.0,10.0,9.564,41.21,68.0,39,6,41.21,41.21,9.468,0
4.570,probe_bw,1.25,2.0,10.0,9.564,41.21,68.0,40,7,41.21,41.21,9.468,0
4.575,probe_bw,1.25,2.0,10.0,9.564,41.21,68.0,42,9,41.21,41.21,9.468,0
4.580,probe_bw,0.75,2.0,10.0,9.564,41.21,68.0,43,10,41.21,41.21,9.468,0
4.585,probe_bw,0.75,2.0,10.0,9.564,41.21,68.0,41,8,42.37,41.58,9.482,0
4.590,probe_bw,0.75,2.0,10.0,9.564,41.21,68.0,40,7,43.3,42.17,9.492,0
4.595,probe_bw,0.75,2.0,10.0,9.564,41.21,68.0,39,6,44.23,42.89,9.502,0
4.600,probe_bw,0.75,2.0,10.0,9.564,41.21,68.0,38,5,45.16,43.7,9.511,0
4.605,probe_bw,0.75,2.0,10.0,9.564,41.21,68.0,37,4,46.09,44.56,9.521,0
4.610,probe_bw,0.75,2.0,10.0,9.564,41.21,68.0,36,3,47.02,45.45,9.53,0
4.615,probe_bw,0.75,2.0,10.0,9.564,41.21,68.0,35,2,47.95,46.36,9.538,0
4.620,probe_bw,0.75,2.0,10.0,9.564,41.21,68.0,34,1,48.88,47.27,9.545,0
4.625,probe_bw,1,2.0,10.0,9.564,41.21,68.0,33,1,50.04,48.43,9.555,0
4.630,probe_bw,1,2.0,10.0,9.564,41.21,68.0,33,1,50.97,49.35,9.562,0
4.635,probe_bw,1,2.0,10.0,9.564,41.21,68.0,33,1,49.95,49.83,9.564,0
4.640,probe_bw,1,2.0,10.0,9.564,41.21,68.0,33,1,48.27,49.41,9.564,0
4.645,probe_bw,1,2.0,10.0,9.564,41.21,68.0,33,1,46.59,48.48,9.564,0
4.650,probe_bw,1,2.0,10.0,9.564,41.21,68.0,33,1,44.91,47.23,9.564,0
4.655,probe_bw,1,2.0,10.0,9.564,41.21,68.0,33,1,43.23,45.81,9.564,0
4.660,probe_bw,1,2.0,10.0,9.564,41.21,68.0,33,1,41.55,44.27,9.564,0
4.665,probe_bw,1,2.0,10.0,9.564,41.21,68.0,33,1,41.21,43.01,9.351,0
4.670,probe_bw,1,2.0,10.0,9.564,41.21,68.0,34,1,41.21,42.26,9.34,0
4.675,probe_bw,1,2.0,10.0,9.564,41.21,68.0,34,1,41.21,41.83,9.329,0
4.680,probe_bw,1,2.0,10.0,9.564,41.21,68.0,34,1,41.21,41.57,9.319,0
4.685,probe_bw,1,2.0,10.0,9.564,41.21,68.0,34,1,41.21,41.42,9.308,0
4.690,probe_bw,1,2.0,10.0,9.564,41.21,68.0,34,1,41.21,41.34,9.297,0
4.695,probe_bw,1,2.0,10.0,9.564,41.21,68.0,34,1,41.21,41.28,9.286,0
4.700,probe_bw,1,2.0,10.0,9.564,41.21,68.0,34,1,41.21,41.25,9.267,0
4.705,probe_bw,1,2.0,10.0,9.564,41.21,68.0,34,1,41.21,41.24,9.377,0
4.710,probe_bw,1,2.0,10.0,9.564,41.21,68.0,33,1,41.21,41.22,9.468,0
4.715,probe_bw,1,2.0,10.0,9.564,41.21,68.0,33,1,41.21,41.22,9.468,0
4.720,probe_bw,1,2.0,10.0,9.564,41.21,68.0,33,1,41.21,41.22,9.468,0
4.725,probe_bw,1,2.0,10.0,9.564,41.21,68.0,34,1,41.21,41.21,9.468,0
4.730,probe_bw,1,2.0,10.0,9.564,41.21,68.0,34,1,41.21,41.21,9.468,0
4.735,probe_bw,1,2.0,10.0,9.564,41.21,68.0,34,1,41.21,41.21,9.468,0
4.740,probe_bw,1,2.0,10.0,9.564,41.21,68.0,34,1,41.21,41.21,9.468,0
4.745,probe_bw,1,2.0,10.0,9.564,41.21,68.0,34,1,41.21,41.21,9.468,0
4.750,probe_bw,1,2.0,10.0,9.564,41.21,68.0,34,1,41.21,41.21,9.468,0
4.755,probe_bw,1,2.0,10.0,9.564,41.21,68.0,34,1,41.21,41.21,9.468,0
4.760,probe_bw,1,2.0,10.0,9.564,41.21,68.0,34,1,41.21,41.21,9.468,0
4.765,probe_bw,1,2.0,10.0,9.564,41.21,68.0,33,1,41.21,41.21,9.468,0
4.770,probe_bw,1,2.0,10.0,9.564,41.21,68.0,33,1,41.21,41.21,9.468,0
4.775,probe_bw,1,2.0,10.0,9.564,41.21,68.0,33,1,41.21,41.21,9.468,0
4.780,probe_bw,1,2.0,10.0,9.564,41.21,68.0,33,1,41.21,41.21,9.468,0
4.785,probe_bw,1,2.0,10.0,9.564,41.21,68.0,34,1,41.21,41.21,9.468,0
4.790,probe_bw,1,2.0,10.0,9.564,41.21,68.0,34,1,41.21,41.21,9.468,0
4.795,probe_bw,1,2.0,10.0,9.564,41.21,68.0,34,1,41.21,41.21,9.468,0
4.800,probe_bw,1,2.0,10.0,9.564,41.21,68.0,34,1,41.21,41.21,9.468,0
4.805,probe_bw,1,2.0,10.0,9.564,41.21,68.0,34,1,41.21,41.21,9.468,0
4.810,probe_bw,1,2.0,10.0,9.564,41.21,68.0,34,1,41.21,41.21,9.468,0
4.815,probe_bw,1,2.0,10.0,9.564,41.21,68.0,34,1,41.21,41.21,9.468,0
4.820,probe_bw,1,2.0,10.0,9.564,41.21,68.0,34,1,41.21,41.21,9.468,0
4.825,probe_bw,1,2.0,10.0,9.564,41.21,68.0,33,1,41.21,41.21,9.468,0
4.830,probe_bw,1,2.0,10.0,9.564,41.21,68.0,33,1,41.21,41.21,9.468,0
4.835,probe_bw,1,2.0,10.0,9.564,41.21,68.0,33,1,41.21,41.21,9.468,0
4.840,probe_bw,1,2.0,10.0,9.564,41.21,68.0,34,1,41.21,41.21,9.468,0
4.845,probe_bw,1,2.0,10.0,9.564,41.21,68.0,34,1,41.21,41.21,9.468,0
4.850,probe_bw,1,2.0,10.0,9.564,41.21,68.0,34,1,41.21,41.21,9.468,0
4.855,probe_bw,1,2.0,10.0,9.564,41.21,68.0,34,1,41.21,41.21,9.468,0
4.860,probe_bw,1,2.0,10.0,9.564,41.21,68.0,34,1,41.21,41.21,9.468,0
4.865,probe_bw,1,2.0,10.0,9.564,41.21,68.0,34,1,41.21,41.21,9.468,0
4.870,probe_bw,1,2.0,10.0,9.564,41.21,68.0,34,1,41.21,41.21,9.468,0
4.875,probe_bw,1.25,2.0,10.0,9.564,41.21,68.0,35,2,41.21,41.21,9.468,0
4.880,probe_bw,1.25,2.0,10.0,9.564,41.21,68.0,35,3,41.21,41.21,9.468,0
4.885,probe_bw,1.25,2.0,10.0,9.564,41.21,68.0,36,4,41.21,41.21,9.468,0
4.890,probe_bw,1.25,2.0,10.0,9.564,41.21,68.0,37,4,41.21,41.21,9.468,0
4.895,probe_bw,1.25,2.0,10.0,9.564,41.21,68.0,38,5,41.21,41.21,9.468,0
4.900,probe_bw,1.25,2.0,10.0,9.564,41.21,68.0,39,6,41.21,41.21,9.468,0
4.905,probe_bw,1.25,2.0,10.0,9.564,41.21,68.0,40,7,41.21,41.21,9.468,0
4.910,probe_bw,1.25,2.0,10.0,9.564,41.21,68.0,42,9,41.21,41.21,9.468,0
4.915,probe_bw,0.75,2.0,10.0,9.564,41.21,68.0,42,9,41.44,41.24,9.471,0
4.920,probe_bw,0.75,2.0,10.0,9.564,41.21,68.0,41,8,42.37,41.58,9.482,0
4.925,probe_bw,0.75,2.0,10.0,9.564,41.21,68.0,40,7,43.3,42.17,9.492,0
4.930,probe_bw,0.75,2.0,10.0,9.564,41.21,68.0,38,5,44.47,43.09,9.504,0
4.935,probe_bw,0.75,2.0,10.0,9.564,41.21,68.0,37,4,45.39,43.92,9.513,0
4.940,probe_bw,0.75,2.0,10.0,9.564,41.21,68.0,37,4,46.32,44.78,9.522,0
4.945,probe_bw,0.75,2.0,10.0,9.564,41.21,68.0,36,3,47.25,45.68,9.532,0
4.950,probe_bw,0.75,2.0,10.0,9.564,41.21,68.0,35,2,48.18,46.59,9.54,0
4.955,probe_bw,0.75,2.0,10.0,9.564,41.21,68.0,34,1,49.12,47.5,9.548,0
4.960,probe_bw,1,2.0,10.0,9.564,41.21,68.0,34,1,50.04,48.43,9.555,0
4.965,probe_bw,1,2.0,10.0,9.564,41.21,68.0,34,1,50.97,49.35,9.562,0
4.970,probe_bw,1,2.0,10.0,9.564,41.21,68.0,33,1,49.53,49.79,9.564,0
4.975,probe_bw,1,2.0,10.0,9.564,41.21,68.0,33,1,47.85,49.22,9.564,0
4.980,probe_bw,1,2.0,10.0,9.564,41.21,68.0,33,1,46.17,48.19,9.564,0
4.985,probe_bw,1,2.0,10.0,9.564,41.21,68.0,33,1,44.49,46.89,9.564,0
4.990,probe_bw,1,2.0,10.0,9.564,41.21,68.0,33,1,42.81,45.43,9.564,0
4.995,probe_bw,1,2.0,10.0,9.564,41.21,68.0,33,1,41.21,43.89,9.544,0
5.000,probe_bw,1,2.0,10.0,9.564,41.21,68.0,33,1,41.21,42.78,9.348,0
5.005,probe_bw,1,2.0,10.0,9.564,41.21,68.0,33,1,41.21,42.13,9.338,0
5.010,probe_bw,1,2.0,10.0,9.564,41.21,68.0,33,1,41.21,41.75,9.327,0
5.015,probe_bw,1,2.0,10.0,9.564,41.21,68.0,33,1,41.21,41.53,9.316,0
5.020,probe_bw,1,2.0,10.0,9.564,41.21,68.0,34,1,41.21,41.4,9.305,0
5.025,probe_bw,1,2.0,10.0,9.564,41.21,68.0,34,1,41.21,41.32,9.294,0
5.030,probe_bw,1,2.0,10.0,9.564,41.21,68.0,34,1,41.21,41.27,9.275,0
5.035,probe_bw,1,2.0,10.0,9.564,41.21,68.0,34,1,41.21,41.25,9.264,0
5.040,probe_bw,1,2.0,10.0,9.564,41.21,68.0,34,1,41.21,41.23,9.468,0
5.045,probe_bw,1,2.0,10.0,9.564,41.21,68.0,34,1,41.21,41.22,9.468,0
5.050,probe_bw,1,2.0,10.0,9.564,41.21,68.0,34,1,41.21,41.22,9.468,0
5.055,probe_bw,1,2.0,10.0,9.564,41.21,68.0,34,1,41.21,41.22,9.468,0
5.060,probe_bw,1,2.0,10.0,9.564,41.21,68.0,33,1,41.21,41.21,9.468,0
5.065,probe_bw,1,2.0,10.0,9.564,41.21,68.0,33,1,41.21,41.21,9.468,0
5.070,probe_bw,1,2.0,10.0,9.564,41.21,68.0,33,1,41.21,41.21,9.468,0
5.075,probe_bw,1,2.0,10.0,9.564,41.21,68.0,34,1,41.21,41.21,9.468,0
5.080,probe_bw,1,2.0,10.0,9.564,41.21,68.0,34,1,41.21,41.21,9.468,0
5.085,probe_bw,1,2.0,10.0,9.564,41.21,68.0,34,1,41.21,41.21,9.468,0
5.090,probe_bw,1,2.0,10.0,9.564,41.21,68.0,34,1,41.21,41.21,9.468,0
5.095,probe_bw,1,2.0,10.0,9.564,41.21,68.0,34,1,41.21,41.21,9.468,0
5.100,probe_bw,1,2.0,10.0,9.564,41.21,68.0,34,1,41.21,41.21,9.468,0
5.105,probe_bw,1,2.0,10.0,9.564,41.21,68.0,34,1,41.21,41.21,9.468,0
5.110,probe_bw,1,2.0,10.0,9.564,41.21,68.0,34,1,41.21,41.21,9.468,0
5.115,probe_bw,1,2.0,10.0,9.564,41.21,68.0,33,1,41.21,41.21,9.468,0
5.120,probe_bw,1,2.0,10.0,9.564,41.21,68.0,33,1,41.21,41.21,9.468,0
5.125,probe_bw,1,2.0,10.0,9.564,41.21,68.0,33,1,41.21,41.21,9.468,0
5.130,probe_bw,1,2.0,10.0,9.564,41.21,68.0,33,1,41.21,41.21,9.468,0
5.135,probe_bw,1,2.0,10.0,9.564,41.21,68.0,34,1,41.21,41.21,9.468,0
5.140,probe_bw,1,2.0,10.0,9.564,41.21,68.0,34,1,41.21,41.21,9.468,0
5.145,probe_bw,1,2.0,10.0,9.564,41.21,68.0,34,1,41.21,41.21,9.468,0
5.150,probe_bw,1,2.0,10.0,9.564,41.21,68.0,34,1,41.21,41.21,9.468,0
5.155,probe_bw,1,2.0,10.0,9.564,41.21,68.0,34,1,41.21,41.21,9.468,0
5.160,probe_bw,1,2.0,10.0,9.564,41.21,68.0,34,1,41.21,41.21,9.468,0
5.165,probe_bw,1,2.0,10.0,9.564,41.21,68.0,34,1,41.21,41.21,9.468,0
5.170,probe_bw,1,2.0,10.0,9.564,41.21,68.0,34,1,41.21,41.21,9.468,0
5.175,probe_bw,1,2.0,10.0,9.564,41.21,68.0,33,1,41.21,41.21,9.468,0
5.180,probe_bw,1,2.0,10.0,9.564,41.21,68.0,33,1,41.21,41.21,9.468,0
5.185,probe_bw,1,2.0,10.0,9.564,41.21,68.0,33,1,41.21,41.21,9.468,0
5.190,probe_bw,1,2.0,10.0,9.564,41.21,68.0,34,1,41.21,41.21,9.468,0
5.195,probe_bw,1,2.0,10.0,9.564,41.21,68.0,34,1,41.21,41.21,9.468,0
5.200,probe_bw,1,2.0,10.0,9.564,41.21,68.0,34,1,41.21,41.21,9.468,0
5.205,probe_bw,1,2.0,10.0,9.564,41.21,68.0,34,1,41.21,41.21,9.468,0
5.210,probe_bw,1.25,2.0,10.0,9.564,41.21,68.0,35,2,41.21,41.21,9.468,0
5.215,probe_bw,1.25,2.0,10.0,9.564,41.21,68.0,36,3,41.21,41.21,9.468,0
5.220,probe_bw,1.25,2.0,10.0,9.564,41.21,68.0,37,4,41.21,41.21,9.468,0
5.225,probe_bw,1.25,2.0,10.0,9.564,41.21,68.0,38,5,41.21,41.21,9.468,0
5.230,probe_bw,1.25,2.0,10.0,9.564,41.21,68.0,38,6,41.21,41.21,9.468,0
5.235,probe_bw,1.25,2.0,10.0,9.564,41.21,68.0,39,6,41.21,41.21,9.468,0
5.240,probe_bw,1.25,2.0,10.0,9.564,41.21,68.0,40,7,41.21,41.21,9.468,0
5.245,probe_bw,1.25,2.0,10.0,9.564,41.21,68.0,41,8,41.21,41.21,9.468,0
5.250,probe_bw,0.75,2.0,10.0,9.564,41.21,68.0,42,9,41.68,41.29,9.474,0
5.255,probe_bw,0.75,2.0,10.0,9.564,41.21,68.0,41,8,42.61,41.71,9.485,0
5.260,probe_bw,0.75,2.0,10.0,9.564,41.21,68.0,40,7,43.54,42.34,9.495,0
5.265,probe_bw,0.75,2.0,10.0,9.564,41.21,68.0,39,6,44.47,43.09,9.504,0
5.270,probe_bw,0.75,2.0,10.0,9.564,41.21,68.0,38,5,45.39,43.92,9.513,0
5.275,probe_bw,0.75,2.0,10.0,9.564,41.21,68.0,36,3,46.56,45.01,9.525,0
5.280,probe_bw,0.75,2.0,10.0,9.564,41.21,68.0,35,2,47.49,45.9,9.533,0
5.285,probe_bw,0.75,2.0,10.0,9.564,41.21,68.0,34,1,48.42,46.82,9.542,0
5.290,probe_bw,1,2.0,10.0,9.564,41.21,68.0,33,0,49.35,47.74,9.55,0
5.295,probe_bw,1,2.0,10.0,9.564,41.21,68.0,33,1,50.28,48.66,9.557,0
5.300,probe_bw,1,2.0,10.0,9.564,41.21,68.0,33,1,51.21,49.58,9.564,0
5.305,probe_bw,1,2.0,10.0,9.564,41.21,68.0,33,1,49.53,49.79,9.564,0
5.310,probe_bw,1,2.0,10.0,9.564,41.21,68.0,34,1,47.85,49.22,9.564,0
5.315,probe_bw,1,2.0,10.0,9.564,41.21,68.0,33,1,45.75,47.88,9.564,0
5.320,probe_bw,1,2.0,10.0,9.564,41.21,68.0,33,1,44.07,46.53,9.564,0
5.325,probe_bw,1,2.0,10.0,9.564,41.21,68.0,33,1,42.39,45.05,9.564,0
5.330,probe_bw,1,2.0,10.0,9.564,41.21,68.0,33,1,41.21,43.56,9.448,0
5.335,probe_bw,1,2.0,10.0,9.564,41.21,68.0,34,1,41.21,42.78,9.348,0
5.340,probe_bw,1,2.0,10.0,9.564,41.21,68.0,34,1,41.21,42.13,9.338,0
5.345,probe_bw,1,2.0,10.0,9.564,41.21,68.0,34,1,41.21,41.75,9.327,0
5.350,probe_bw,1,2.0,10.0,9.564,41.21,68.0,33,1,41.21,41.49,9.313,0
5.355,probe_bw,1,2.0,10.0,9.564,41.21,68.0,33,1,41.21,41.37,9.302,0
5.360,probe_bw,1,2.0,10.0,9.564,41.21,68.0,33,1,41.21,41.31,9.292,0
5.365,probe_bw,1,2.0,10.0,9.564,41.21,68.0,33,0,41.21,41.27,9.273,0
5.370,probe_bw,1,2.0,10.0,9.564,41.21,68.0,34,1,41.21,41.24,9.27,0
5.375,probe_bw,1,2.0,10.0,9.564,41.21,68.0,34,1,41.21,41.23,9.468,0
5.380,probe_bw,1,2.0,10.0,9.564,41.21,68.0,34,1,41.21,41.22,9.468,0
5.385,probe_bw,1,2.0,10.0,9.564,41.21,68.0,34,1,41.21,41.22,9.468,0
5.390,probe_bw,1,2.0,10.0,9.564,41.21,68.0,34,1,41.21,41.21,9.468,0
5.395,probe_bw,1,2.0,10.0,9.564,41.21,68.0,34,1,41.21,41.21,9.468,0
5.400,probe_bw,1,2.0,10.0,9.564,41.21,68.0,34,1,41.21,41.21,9.468,0
5.405,probe_bw,1,2.0,10.0,9.564,41.21,68.0,33,1,41.21,41.21,9.468,0
5.410,probe_bw,1,2.0,10.0,9.564,41.21,68.0,33,1,41.21,41.21,9.468,0
5.415,probe_bw,1,2.0,10.0,9.564,41.21,68.0,33,1,41.21,41.21,9.468,0
5.420,probe_bw,1,2.0,10.0,9.564,41.21,68.0,33,1,41.21,41.21,9.468,0
5.425,probe_bw,1,2.0,10.0,9.564,41.21,68.0,34,1,41.21,41.21,9.468,0
5.430,probe_bw,1,2.0,10.0,9.564,41.21,68.0,34,1,41.21,41.21,9.468,0
5.435,probe_bw,1,2.0,10.0,9.564,41.21,68.0,34,1,41.21,41.21,9.468,0
5.440,probe_bw,1,2.0,10.0,9.564,41.21,68.0,34,1,41.21,41.21,9.468,0
5.445,probe_bw,1,2.0,10.0,9.564,41.21,68.0,34,1,41.21,41.21,9.468,0
5.450,probe_bw,1,2.0,10.0,9.564,41.21,68.0,34,1,41.21,41.21,9.468,0
5.455,probe_bw,1,2.0,10.0,9.564,41.21,68.0,34,1,41.21,41.21,9.468,0
5.460,probe_bw,1,2.0,10.0,9.564,41.21,68.0,34,1,41.21,41.21,9.468,0
5.465,probe_bw,1,2.0,10.0,9.564,41.21,68.0,33,1,41.21,41.21,9.468,0
5.470,probe_bw,1,2.0,10.0,9.564,41.21,68.0,33,1,41.21,41.21,9.468,0
5.475,probe_bw,1,2.0,10.0,9.564,41.21,68.0,33,1,41.21,41.21,9.468,0
5.480,probe_bw,1,2.0,10.0,9.564,41.21,68.0,33,1,41.21,41.21,9.468,0
5.485,probe_bw,1,2.0,10.0,9.564,41.21,68.0,34,1,41.21,41.21,9.468,0
5.490,probe_bw,1,2.0,10.0,9.564,41.21,68.0,34,1,41.21,41.21,9.468,0
5.495,probe_bw,1,2.0,10.0,9.564,41.21,68.0,34,1,41.21,41.21,9.468,0
5.500,probe_bw,1,2.0,10.0,9.564,41.21,68.0,34,1,41.21,41.21,9.468,0
5.505,probe_bw,1,2.0,10.0,9.564,41.21,68.0,34,1,41.21,41.21,9.468,0
5.510,probe_bw,1,2.0,10.0,9.564,41.21,68.0,34,1,41.21,41.21,9.468,0
5.515,probe_bw,1,2.0,10.0,9.564,41.21,68.0,34,1,41.21,41.21,9.468,0
5.520,probe_bw,1,2.0,10.0,9.564,41.21,68.0,34,1,41.21,41.21,9.468,0
5.525,probe_bw,1,2.0,10.0,9.564,41.21,68.0,33,1,41.21,41.21,9.468,0
5.530,probe_bw,1,2.0,10.0,9.564,41.21,68.0,33,1,41.21,41.21,9.468,0
5.535,probe_bw,1,2.0,10.0,9.564,41.21,68.0,33,1,41.21,41.21,9.468,0
5.540,probe_bw,1.25,2.0,10.0,9.564,41.21,68.0,34,1,41.21,41.21,9.468,0
5.545,probe_bw,1.25,2.0,10.0,9.564,41.21,68.0,35,2,41.21,41.21,9.468,0
5.550,probe_bw,1.25,2.0,10.0,9.564,41.21,68.0,36,3,41.21,41.21,9.468,0
5.555,probe_bw,1.25,2.0,10.0,9.564,41.21,68.0,37,4,41.21,41.21,9.468,0
5.560,probe_bw,1.25,2.0,10.0,9.564,41.21,68.0,38,5,41.21,41.21,9.468,0
5.565,probe_bw,1.25,2.0,10.0,9.564,41.21,68.0,39,6,41.21,41.21,9.468,0
5.570,probe_bw,1.25,2.0,10.0,9.564,41.21,68.0,40,7,41.21,41.21,9.468,0
5.575,probe_bw,1.25,2.0,10.0,9.564,41.21,68.0,41,8,41.21,41.21,9.468,0
5.580,probe_bw,1.25,2.0,10.0,9.564,41.21,68.0,41,8,41.21,41.21,9.468,0
5.585,probe_bw,0.75,2.0,10.0,9.564,41.21,68.0,41,8,41.91,41.37,9.477,0
5.590,probe_bw,0.75,2.0,10.0,9.564,41.21,68.0,40,7,42.84,41.85,9.487,0
5.595,probe_bw,0.75,2.0,10.0,9.564,41.21,68.0,39,6,43.77,42.52,9.497,0
5.600,probe_bw,0.75,2.0,10.0,9.564,41.21,68.0,39,6,44.7,43.29,9.507,0
5.605,probe_bw,0.75,2.0,10.0,9.564,41.21,68.0,38,5,45.63,44.13,9.516,0
5.610,probe_bw,0.75,2.0,10.0,9.564,41.21,68.0,37,4,46.56,45.01,9.525,0
5.615,probe_bw,0.75,2.0,10.0,9.564,41.21,68.0,36,3,47.49,45.9,9.533,0
5.620,probe_bw,0.75,2.0,10.0,9.564,41.21,68.0,34,1,48.65,47.05,9.543,0
5.625,probe_bw,1,2.0,10.0,9.564,41.21,68.0,33,1,49.58,47.97,9.552,0
5.630,probe_bw,1,2.0,10.0,9.564,41.21,68.0,33,1,50.51,48.89,9.559,0
5.635,probe_bw,1,2.0,10.0,9.564,41.21,68.0,33,1,50.79,49.73,9.564,0
5.640,probe_bw,1,2.0,10.0,9.564,41.21,68.0,33,1,49.11,49.71,9.564,0
5.645,probe_bw,1,2.0,10.0,9.564,41.21,68.0,33,1,47.43,48.99,9.564,0
5.650,probe_bw,1,2.0,10.0,9.564,41.21,68.0,33,1,45.75,47.88,9.564,0
5.655,probe_bw,1,2.0,10.0,9.564,41.21,68.0,33,1,44.07,46.53,9.564,0
5.660,probe_bw,1,2.0,10.0,9.564,41.21,68.0,33,1,41.97,44.66,9.564,0
5.665,probe_bw,1,2.0,10.0,9.564,41.21,68.0,34,1,41.21,43.56,9.448,0
5.670,probe_bw,1,2.0,10.0,9.564,41.21,68.0,34,1,41.21,42.59,9.346,0
5.675,probe_bw,1,2.0,10.0,9.564,41.21,68.0,34,1,41.21,42.02,9.335,0
5.680,probe_bw,1,2.0,10.0,9.564,41.21,68.0,34,1,41.21,41.68,9.324,0
5.685,probe_bw,1,2.0,10.0,9.564,41.21,68.0,34,1,41.21,41.49,9.313,0
5.690,probe_bw,1,2.0,10.0,9.564,41.21,68.0,34,1,41.21,41.37,9.302,0
5.695,probe_bw,1,2.0,10.0,9.564,41.21,68.0,34,1,41.21,41.31,9.292,0
5.700,probe_bw,1,2.0,10.0,9.564,41.21,68.0,33,1,41.21,41.26,9.27,0
5.705,probe_bw,1,2.0,10.0,9.564,41.21,68.0,33,1,41.21,41.24,9.286,0
5.710,probe_bw,1,2.0,10.0,9.564,41.21,68.0,33,1,41.21,41.23,9.468,0
5.715,probe_bw,1,2.0,10.0,9.564,41.21,68.0,34,1,41.21,41.22,9.468,0
5.720,probe_bw,1,2.0,10.0,9.564,41.21,68.0,34,1,41.21,41.22,9.468,0
5.725,probe_bw,1,2.0,10.0,9.564,41.21,68.0,34,1,41.21,41.21,9.468,0
5.730,probe_bw,1,2.0,10.0,9.564,41.21,68.0,34,1,41.21,41.21,9.468,0
5.735,probe_bw,1,2.0,10.0,9.564,41.21,68.0,34,1,41.21,41.21,9.468,0
5.740,probe_bw,1,2.0,10.0,9.564,41.21,68.0,34,1,41.21,41.21,9.468,0
5.745,probe_bw,1,2.0,10.0,9.564,41.21,68.0,34,1,41.21,41.21,9.468,0
5.750,probe_bw,1,2.0,10.0,9.564,41.21,68.0,34,1,41.21,41.21,9.468,0
5.755,probe_bw,1,2.0,10.0,9.564,41.21,68.0,33,1,41.21,41.21,9.468,0
5.760,probe_bw,1,2.0,10.0,9.564,41.21,68.0,33,1,41.21,41.21,9.468,0
5.765,probe_bw,1,2.0,10.0,9.564,41.21,68.0,33,1,41.21,41.21,9.468,0
5.770,probe_bw,1,2.0,10.0,9.564,41.21,68.0,33,1,41.21,41.21,9.468,0
5.775,probe_bw,1,2.0,10.0,9.564,41.21,68.0,34,1,41.21,41.21,9.468,0
5.780,probe_bw,1,2.0,10.0,9.564,41.21,68.0,34,1,41.21,41.21,9.468,0
5.785,probe_bw,1,2.0,10.0,9.564,41.21,68.0,34,1,41.21,41.21,9.468,0
5.790,probe_bw,1,2.0,10.0,9.564,41.21,68.0,34,1,41.21,41.21,9.468,0
5.795,probe_bw,1,2.0,10.0,9.564,41.21,68.0,34,1,41.21,41.21,9.468,0
5.800,probe_bw,1,2.0,10.0,9.564,41.21,68.0,34,1,41.21,41.21,9.468,0
5.805,probe_bw,1,2.0,10.0,9.564,41.21,68.0,34,1,41.21,41.21,9.468,0
5.810,probe_bw,1,2.0,10.0,9.564,41.21,68.0,34,1,41.21,41.21,9.468,0
5.815,probe_bw,1,2.0,10.0,9.564,41.21,68.0,33,1,41.21,41.21,9.468,0
5.820,probe_bw,1,2.0,10.0,9.564,41.21,68.0,33,1,41.21,41.21,9.468,0
5.825,probe_bw,1,2.0,10.0,9.564,41.21,68.0,33,1,41.21,41.21,9.468,0
5.830,probe_bw,1,2.0,10.0,9.564,41.21,68.0,34,1,41.21,41.21,9.468,0
5.835,probe_bw,1,2.0,10.0,9.564,41.21,68.0,34,1,41.21,41.21,9.468,0
5.840,probe_bw,1,2.0,10.0,9.564,41.21,68.0,34,1,41.21,41.21,9.468,0
5.845,probe_bw,1,2.0,10.0,9.564,41.21,68.0,34,1,41.21,41.21,9.468,0
5.850,probe_bw,1,2.0,10.0,9.564,41.21,68.0,34,1,41.21,41.21,9.468,0
5.855,probe_bw,1,2.0,10.0,9.564,41.21,68.0,34,1,41.21,41.21,9.468,0
5.860,probe_bw,1,2.0,10.0,9.564,41.21,68.0,34,1,41.21,41.21,9.468,0
5.865,probe_bw,1,2.0,10.0,9.564,41.21,68.0,34,1,41.21,41.21,9.468,0
5.870,probe_bw,1,2.0,10.0,9.564,41.21,68.0,33,1,41.21,41.21,9.468,0
5.875,probe_bw,1.25,2.0,10.0,9.564,41.21,68.0,33,1,41.21,41.21,9.468,0
5.880,probe_bw,1.25,2.0,10.0,9.564,41.21,68.0,35,3,41.21,41.21,9.468,0
5.885,probe_bw,1.25,2.0,10.0,9.564,41.21,68.0,36,3,41.21,41.21,9.468,0
5.890,probe_bw,1.25,2.0,10.0,9.564,41.21,68.0,37,4,41.21,41.21,9.468,0
5.895,probe_bw,1.25,2.0,10.0,9.564,41.21,68.0,38,5,41.21,41.21,9.468,0
5.900,probe_bw,1.25,2.0,10.0,9.564,41.21,68.0,39,6,41.21,41.21,9.468,0
5.905,probe_bw,1.25,2.0,10.0,9.564,41.21,68.0,40,7,41.21,41.21,9.468,0
5.910,probe_bw,1.25,2.0,10.0,9.564,41.21,68.0,41,8,41.21,41.21,9.468,0
5.915,probe_bw,1.25,2.0,10.0,9.564,41.21,68.0,42,9,41.21,41.21,9.468,0
5.920,probe_bw,0.75,2.0,10.0,9.564,41.21,68.0,42,9,41.91,41.37,9.477,0
5.925,probe_bw,0.75,2.0,10.0,9.564,41.21,68.0,40,7,43.07,42.0,9.49,0
5.930,probe_bw,0.75,2.0,10.0,9.564,41.21,68.0,39,6,44.0,42.7,9.499,0
5.935,probe_bw,0.75,2.0,10.0,9.564,41.21,68.0,38,5,44.93,43.5,9.51,0
5.940,probe_bw,0.75,2.0,10.0,9.564,41.21,68.0,37,4,45.86,44.35,9.519,0
5.945,probe_bw,0.75,2.0,10.0,9.564,41.21,68.0,36,3,46.79,45.23,9.527,0
5.950,probe_bw,0.75,2.0,10.0,9.564,41.21,68.0,35,2,47.72,46.13,9.535,0
5.955,probe_bw,0.75,2.0,10.0,9.564,41.21,68.0,34,1,48.65,47.05,9.543,0
5.960,probe_bw,1,2.0,10.0,9.564,41.21,68.0,34,1,49.58,47.97,9.552,0
5.965,probe_bw,1,2.0,10.0,9.564,41.21,68.0,33,1,50.74,49.12,9.562,0
5.970,probe_bw,1,2.0,10.0,9.564,41.21,68.0,33,1,50.37,49.81,9.564,0
5.975,probe_bw,1,2.0,10.0,9.564,41.21,68.0,33,1,48.69,49.58,9.564,0
5.980,probe_bw,1,2.0,10.0,9.564,41.21,68.0,33,1,47.01,48.75,9.564,0
5.985,probe_bw,1,2.0,10.0,9.564,41.21,68.0,33,1,45.33,47.56,9.564,0
5.990,probe_bw,1,2.0,10.0,9.564,41.21,68.0,33,1,43.65,46.17,9.564,0
5.995,probe_bw,1,2.0,10.0,9.564,41.21,68.0,33,1,41.97,44.66,9.564,0
6.000,probe_bw,1,2.0,10.0,9.564,41.21,68.0,33,1,41.21,43.26,9.354,0
6.005,probe_bw,1,2.0,10.0,9.564,41.21,68.0,33,1,41.21,42.41,9.343,0
6.010,probe_bw,1,2.0,10.0,9.564,41.21,68.0,34,1,41.21,41.92,9.332,0
6.015,probe_bw,1,2.0,10.0,9.564,41.21,68.0,34,1,41.21,41.62,9.321,0
6.020,probe_bw,1,2.0,10.0,9.564,41.21,68.0,34,1,41.21,41.45,9.311,0
6.025,probe_bw,1,2.0,10.0,9.564,41.21,68.0,34,1,41.21,41.35,9.3,0
6.030,probe_bw,1,2.0,10.0,9.564,41.21,68.0,34,1,41.21,41.29,9.289,0
6.035,probe_bw,1,2.0,10.0,9.564,41.21,68.0,34,1,41.21,41.26,9.27,0
6.040,probe_bw,1,2.0,10.0,9.564,41.21,68.0,34,1,41.21,41.24,9.286,0
6.045,probe_bw,1,2.0,10.0,9.564,41.21,68.0,34,1,41.21,41.23,9.468,0
6.050,probe_bw,1,2.0,10.0,9.564,41.21,68.0,33,1,41.21,41.22,9.468,0
6.055,probe_bw,1,2.0,10.0,9.564,41.21,68.0,33,1,41.21,41.22,9.468,0
6.060,probe_bw,1,2.0,10.0,9.564,41.21,68.0,33,1,41.21,41.21,9.468,0
6.065,probe_bw,1,2.0,10.0,9.564,41.21,68.0,34,1,41.21,41.21,9.468,0
6.070,probe_bw,1,2.0,10.0,9.564,41.21,68.0,34,1,41.21,41.21,9.468,0
6.075,probe_bw,1,2.0,10.0,9.564,41.21,68.0,34,1,41.21,41.21,9.468,0
6.080,probe_bw,1,2.0,10.0,9.564,41.21,68.0,34,1,41.21,41.21,9.468,0
6.085,probe_bw,1,2.0,10.0,9.564,41.21,68.0,34,1,41.21,41.21,9.468,0
6.090,probe_bw,1,2.0,10.0,9.564,41.21,68.0,34,1,41.21,41.21,9.468,0
6.095,probe_bw,1,2.0,10.0,9.564,41.21,68.0,34,1,41.21,41.21,9.468,0
6.100,probe_bw,1,2.0,10.0,9.564,41.21,68.0,34,1,41.21,41.21,9.468,0
6.105,probe_bw,1,2.0,10.0,9.564,41.21,68.0,33,1,41.21,41.21,9.468,0
6.110,probe_bw,1,2.0,10.0,9.564,41.21,68.0,33,1,41.21,41.21,9.468,0
6.115,probe_bw,1,2.0,10.0,9.564,41.21,68.0,33,1,41.21,41.21,9.468,0
6.120,probe_bw,1,2.0,10.0,9.564,41.21,68.0,33,1,41.21,41.21,9.468,0
6.125,probe_bw,1,2.0,10.0,9.564,41.21,68.0,34,1,41.21,41.21,9.468,0
6.130,probe_bw,1,2.0,10.0,9.564,41.21,68.0,34,1,41.21,41.21,9.468,0
6.135,probe_bw,1,2.0,10.0,9.564,41.21,68.0,34,1,41.21,41.21,9.468,0
6.140,probe_bw,1,2.0,10.0,9.564,41.21,68.0,34,1,41.21,41.21,9.468,0
6.145,probe_bw,1,2.0,10.0,9.564,41.21,68.0,34,1,41.21,41.21,9.468,0
6.150,probe_bw,1,2.0,10.0,9.564,41.21,68.0,34,1,41.21,41.21,9.468,0
6.155,probe_bw,1,2.0,10.0,9.564,41.21,68.0,34,1,41.21,41.21,9.468,0
6.160,probe_bw,1,2.0,10.0,9.564,41.21,68.0,34,1,41.21,41.21,9.468,0
6.165,probe_bw,1,2.0,10.0,9.564,41.21,68.0,33,1,41.21,41.21,9.468,0
6.170,probe_bw,1,2.0,10.0,9.564,41.21,68.0,33,1,41.21,41.21,9.468,0
6.175,probe_bw,1,2.0,10.0,9.564,41.21,68.0,33,1,41.21,41.21,9.468,0
6.180,probe_bw,1,2.0,10.0,9.564,41.21,68.0,34,1,41.21,41.21,9.468,0
6.185,probe_bw,1,2.0,10.0,9.564,41.21,68.0,34,1,41.21,41.21,9.468,0
6.190,probe_bw,1,2.0,10.0,9.564,41.21,68.0,34,1,41.21,41.21,9.468,0
6.195,probe_bw,1,2.0,10.0,9.564,41.21,68.0,34,1,41.21,41.21,9.468,0
6.200,probe_bw,1,2.0,10.0,9.564,41.21,68.0,34,1,41.21,41.21,9.468,0
6.205,probe_bw,1,2.0,10.0,9.564,41.21,68.0,34,1,41.21,41.21,9.468,0
6.210,probe_bw,1.25,2.0,10.0,9.564,41.21,68.0,34,1,41.21,41.21,9.468,0
6.215,probe_bw,1.25,2.0,10.0,9.564,41.21,68.0,36,3,41.21,41.21,9.468,0
6.220,probe_bw,1.25,2.0,10.0,9.564,41.21,68.0,36,4,41.21,41.21,9.468,0
6.225,probe_bw,1.25,2.0,10.0,9.564,41.21,68.0,37,5,41.21,41.21,9.468,0
6.230,probe_bw,1.25,2.0,10.0,9.564,41.21,68.0,38,5,41.21,41.21,9.468,0
6.235,probe_bw,1.25,2.0,10.0,9.564,41.21,68.0,39,6,41.21,41.21,9.468,0
6.240,probe_bw,1.25,2.0,10.0,9.564,41.21,68.0,40,7,41.21,41.21,9.468,0
6.245,probe_bw,1.25,2.0,10.0,9.564,41.21,68.0,41,8,41.21,41.21,9.468,0
6.250,probe_bw,0.75,2.0,10.0,9.564,41.21,68.0,42,9,41.21,41.21,9.468,0
6.255,probe_bw,0.75,2.0,10.0,9.564,41.21,68.0,41,8,42.14,41.47,9.479,0
6.260,probe_bw,0.75,2.0,10.0,9.564,41.21,68.0,41,8,43.07,42.0,9.49,0
6.265,probe_bw,0.75,2.0,10.0,9.564,41.21,68.0,40,7,44.0,42.7,9.499,0
6.270,probe_bw,0.75,2.0,10.0,9.564,41.21,68.0,38,5,45.16,43.7,9.511,0
6.275,probe_bw,0.75,2.0,10.0,9.564,41.21,68.0,37,4,46.09,44.56,9.521,0
6.280,probe_bw,0.75,2.0,10.0,9.564,41.21,68.0,36,3,47.02,45.45,9.53,0
6.285,probe_bw,0.75,2.0,10.0,9.564,41.21,68.0,35,2,47.95,46.36,9.538,0
6.290,probe_bw,0.75,2.0,10.0,9.564,41.21,68.0,34,1,48.88,47.27,9.545,0
6.295,probe_bw,1,2.0,10.0,9.564,41.21,68.0,33,1,49.81,48.2,9.553,0
6.300,probe_bw,1,2.0,10.0,9.564,41.21,68.0,34,1,50.74,49.12,9.562,0
6.305,probe_bw,1,2.0,10.0,9.564,41.21,68.0,34,1,50.37,49.81,9.564,0
6.310,probe_bw,1,2.0,10.0,9.564,41.21,68.0,33,1,48.27,49.41,9.564,0
6.315,probe_bw,1,2.0,10.0,9.564,41.21,68.0,33,1,46.59,48.48,9.564,0
6.320,probe_bw,1,2.0,10.0,9.564,41.21,68.0,33,1,44.91,47.23,9.564,0
6.325,probe_bw,1,2.0,10.0,9.564,41.21,68.0,33,1,43.23,45.81,9.564,0
6.330,probe_bw,1,2.0,10.0,9.564,41.21,68.0,33,1,41.55,44.27,9.564,0
6.335,probe_bw,1,2.0,10.0,9.564,41.21,68.0,34,1,41.21,43.26,9.354,0
6.340,probe_bw,1,2.0,10.0,9.564,41.21,68.0,33,1,41.21,42.26,9.34,0
6.345,probe_bw,1,2.0,10.0,9.564,41.21,68.0,33,1,41.21,41.83,9.329,0
6.350,probe_bw,1,2.0,10.0,9.564,41.21,68.0,33,1,41.21,41.57,9.319,0
6.355,probe_bw,1,2.0,10.0,9.564,41.21,68.0,33,1,41.21,41.42,9.308,0
6.360,probe_bw,1,2.0,10.0,9.564,41.21,68.0,34,1,41.21,41.34,9.297,0
6.365,probe_bw,1,2.0,10.0,9.564,41.21,68.0,34,1,41.21,41.28,9.286,0
6.370,probe_bw,1,2.0,10.0,9.564,41.21,68.0,34,1,41.21,41.25,9.267,0
6.375,probe_bw,1,2.0,10.0,9.564,41.21,68.0,34,1,41.21,41.24,9.377,0
6.380,probe_bw,1,2.0,10.0,9.564,41.21,68.0,34,1,41.21,41.23,9.468,0
6.385,probe_bw,1,2.0,10.0,9.564,41.21,68.0,34,1,41.21,41.22,9.468,0
6.390,probe_bw,1,2.0,10.0,9.564,41.21,68.0,34,1,41.21,41.22,9.468,0
6.395,probe_bw,1,2.0,10.0,9.564,41.21,68.0,34,1,41.21,41.21,9.468,0
6.400,probe_bw,1,2.0,10.0,9.564,41.21,68.0,33,1,41.21,41.21,9.468,0
6.405,probe_bw,1,2.0,10.0,9.564,41.21,68.0,33,1,41.21,41.21,9.468,0
6.410,probe_bw,1,2.0,10.0,9.564,41.21,68.0,33,1,41.21,41.21,9.468,0
6.415,probe_bw,1,2.0,10.0,9.564,41.21,68.0,34,1,41.21,41.21,9.468,0
6.420,probe_bw,1,2.0,10.0,9.564,41.21,68.0,34,1,41.21,41.21,9.468,0
6.425,probe_bw,1,2.0,10.0,9.564,41.21,68.0,34,1,41.21,41.21,9.468,0
6.430,probe_bw,1,2.0,10.0,9.564,41.21,68.0,34,1,41.21,41.21,9.468,0
6.435,probe_bw,1,2.0,10.0,9.564,41.21,68.0,34,1,41.21,41.21,9.468,0
6.440,probe_bw,1,2.0,10.0,9.564,41.21,68.0,34,1,41.21,41.21,9.468,0
6.445,probe_bw,1,2.0,10.0,9.564,41.21,68.0,34,1,41.21,41.21,9.468,0
6.450,probe_bw,1,2.0,10.0,9.564,41.21,68.0,34,1,41.21,41.21,9.468,0
6.455,probe_bw,1,2.0,10.0,9.564,41.21,68.0,33,1,41.21,41.21,9.468,0
6.460,probe_bw,1,2.0,10.0,9.564,41.21,68.0,33,1,41.21,41.21,9.468,0
6.465,probe_bw,1,2.0,10.0,9.564,41.21,68.0,33,1,41.21,41.21,9.468,0
6.470,probe_bw,1,2.0,10.0,9.564,41.21,68.0,33,1,41.21,41.21,9.468,0
6.475,probe_bw,1,2.0,10.0,9.564,41.21,68.0,34,1,41.21,41.21,9.468,0
6.480,probe_bw,1,2.0,10.0,9.564,41.21,68.0,34,1,41.21,41.21,9.468,0
6.485,probe_bw,1,2.0,10.0,9.564,41.21,68.0,34,1,41.21,41.21,9.468,0
6.490,probe_bw,1,2.0,10.0,9.564,41.21,68.0,34,1,41.21,41.21,9.468,0
6.495,probe_bw,1,2.0,10.0,9.564,41.21,68.0,34,1,41.21,41.21,9.468,0
6.500,probe_bw,1,2.0,10.0,9.564,41.21,68.0,34,1,41.21,41.21,9.468,0
6.505,probe_bw,1,2.0,10.0,9.564,41.21,68.0,34,1,41.21,41.21,9.468,0
6.510,probe_bw,1,2.0,10.0,9.564,41.21,68.0,34,1,41.21,41.21,9.468,0
6.515,probe_bw,1,2.0,10.0,9.564,41.21,68.0,33,1,41.21,41.21,9.468,0
6.520,probe_bw,1,2.0,10.0,9.564,41.21,68.0,33,1,41.21,41.21,9.468,0
6.525,probe_bw,1,2.0,10.0,9.564,41.21,68.0,33,1,41.21,41.21,9.468,0
6.530,probe_bw,1,2.0,10.0,9.564,41.21,68.0,34,1,41.21,41.21,9.468,0
6.535,probe_bw,1,2.0,10.0,9.564,41.21,68.0,34,1,41.21,41.21,9.468,0
6.540,probe_bw,1,2.0,10.0,9.564,41.21,68.0,34,1,41.21,41.21,9.468,0
6.545,probe_bw,1.25,2.0,10.0,9.564,41.21,68.0,34,1,41.21,41.21,9.468,0
6.550,probe_bw,1.25,2.0,10.0,9.564,41.21,68.0,35,2,41.21,41.21,9.468,0
6.555,probe_bw,1.25,2.0,10.0,9.564,41.21,68.0,37,4,41.21,41.21,9.468,0
6.560,probe_bw,1.25,2.0,10.0,9.564,41.21,68.0,38,5,41.21,41.21,9.468,0
6.565,probe_bw,1.25,2.0,10.0,9.564,41.21,68.0,39,6,41.21,41.21,9.468,0
6.570,probe_bw,1.25,2.0,10.0,9.564,41.21,68.0,39,7,41.21,41.21,9.468,0
6.575,probe_bw,1.25,2.0,10.0,9.564,41.21,68.0,40,7,41.21,41.21,9.468,0
6.580,probe_bw,1.25,2.0,10.0,9.564,41.21,68.0,41,8,41.21,41.21,9.468,0
6.585,probe_bw,0.75,2.0,10.0,9.564,41.21,68.0,42,9,41.44,41.24,9.471,0
6.590,probe_bw,0.75,2.0,10.0,9.564,41.21,68.0,41,8,42.37,41.58,9.482,0
6.595,probe_bw,0.75,2.0,10.0,9.564,41.21,68.0,40,7,43.3,42.17,9.492,0
6.600,probe_bw,0.75,2.0,10.0,9.564,41.21,68.0,39,6,44.23,42.89,9.502,0
6.605,probe_bw,0.75,2.0,10.0,9.564,41.21,68.0,38,5,45.16,43.7,9.511,0
6.610,probe_bw,0.75,2.0,10.0,9.564,41.21,68.0,37,4,46.09,44.56,9.521,0
6.615,probe_bw,0.75,2.0,10.0,9.564,41.21,68.0,35,2,47.25,45.68,9.532,0
6.620,probe_bw,0.75,2.0,10.0,9.564,41.21,68.0,34,1,48.18,46.59,9.54,0
6.625,probe_bw,0.75,2.0,10.0,9.564,41.21,68.0,33,0,49.12,47.5,9.548,0
6.630,probe_bw,1,2.0,10.0,9.564,41.21,68.0,33,1,50.04,48.43,9.555,0
6.635,probe_bw,1,2.0,10.0,9.564,41.21,68.0,33,1,50.97,49.35,9.562,0
6.640,probe_bw,1,2.0,10.0,9.564,41.21,68.0,33,1,49.95,49.83,9.564,0
6.645,probe_bw,1,2.0,10.0,9.564,41.21,68.0,33,1,48.27,49.41,9.564,0
6.650,probe_bw,1,2.0,10.0,9.564,41.21,68.0,34,1,46.59,48.48,9.564,0
6.655,probe_bw,1,2.0,10.0,9.564,41.21,68.0,33,1,44.49,46.89,9.564,0
6.660,probe_bw,1,2.0,10.0,9.564,41.21,68.0,33,1,42.81,45.43,9.564,0
6.665,probe_bw,1,2.0,10.0,9.564,41.21,68.0,33,1,41.21,43.89,9.544,0
6.670,probe_bw,1,2.0,10.0,9.564,41.21,68.0,34,1,41.21,43.01,9.351,0
6.675,probe_bw,1,2.0,10.0,9.564,41.21,68.0,34,1,41.21,42.26,9.34,0
6.680,probe_bw,1,2.0,10.0,9.564,41.21,68.0,34,1,41.21,41.83,9.329,0
6.685,probe_bw,1,2.0,10.0,9.564,41.21,68.0,34,1,41.21,41.57,9.319,0
6.690,probe_bw,1,2.0,10.0,9.564,41.21,68.0,33,1,41.21,41.4,9.305,0
6.695,probe_bw,1,2.0,10.0,9.564,41.21,68.0,33,1,41.21,41.32,9.294,0
6.700,probe_bw,1,2.0,10.0,9.564,41.21,68.0,33,1,41.21,41.27,9.275,0
6.705,probe_bw,1,2.0,10.0,9.564,41.21,68.0,34,1,41.21,41.25,9.264,0
6.710,probe_bw,1,2.0,10.0,9.564,41.21,68.0,34,1,41.21,41.23,9.468,0
6.715,probe_bw,1,2.0,10.0,9.564,41.21,68.0,34,1,41.21,41.22,9.468,0
6.720,probe_bw,1,2.0,10.0,9.564,41.21,68.0,34,1,41.21,41.22,9.468,0
6.725,probe_bw,1,2.0,10.0,9.564,41.21,68.0,34,1,41.21,41.22,9.468,0
6.730,probe_bw,1,2.0,10.0,9.564,41.21,68.0,34,1,41.21,41.21,9.468,0
6.735,probe_bw,1,2.0,10.0,9.564,41.21,68.0,34,1,41.21,41.21,9.468,0
6.740,probe_bw,1,2.0,10.0,9.564,41.21,68.0,34,1,41.21,41.21,9.468,0
6.745,probe_bw,1,2.0,10.0,9.564,41.21,68.0,33,1,41.21,41.21,9.468,0
6.750,probe_bw,1,2.0,10.0,9.564,41.21,68.0,33,1,41.21,41.21,9.468,0
6.755,probe_bw,1,2.0,10.0,9.564,41.21,68.0,33,1,41.21,41.21,9.468,0
6.760,probe_bw,1,2.0,10.0,9.564,41.21,68.0,33,1,41.21,41.21,9.468,0
6.765,probe_bw,1,2.0,10.0,9.564,41.21,68.0,34,1,41.21,41.21,9.468,0
6.770,probe_bw,1,2.0,10.0,9.564,41.21,68.0,34,1,41.21,41.21,9.468,0
6.775,probe_bw,1,2.0,10.0,9.564,41.21,68.0,34,1,41.21,41.21,9.468,0
6.780,probe_bw,1,2.0,10.0,9.564,41.21,68.0,34,1,41.21,41.21,9.468,0
6.785,probe_bw,1,2.0,10.0,9.564,41.21,68.0,34,1,41.21,41.21,9.468,0
6.790,probe_bw,1,2.0,10.0,9.564,41.21,68.0,34,1,41.21,41.21,9.468,0
6.795,probe_bw,1,2.0,10.0,9.564,41.21,68.0,34,1,41.21,41.21,9.468,0
6.800,probe_bw,1,2.0,10.0,9.564,41.21,68.0,34,1,41.21,41.21,9.468,0
6.805,probe_bw,1,2.0,10.0,9.564,41.21,68.0,33,1,41.21,41.21,9.468,0
6.810,probe_bw,1,2.0,10.0,9.564,41.21,68.0,33,1,41.21,41.21,9.468,0
6.815,probe_bw,1,2.0,10.0,9.564,41.21,68.0,33,1,41.21,41.21,9.468,0
6.820,probe_bw,1,2.0,10.0,9.564,41.21,68.0,34,1,41.21,41.21,9.468,0
6.825,probe_bw,1,2.0,10.0,9.564,41.21,68.0,34,1,41.21,41.21,9.468,0
6.830,probe_bw,1,2.0,10.0,9.564,41.21,68.0,34,1,41.21,41.21,9.468,0
6.835,probe_bw,1,2.0,10.0,9.564,41.21,68.0,34,1,41.21,41.21,9.468,0
6.840,probe_bw,1,2.0,10.0,9.564,41.21,68.0,34,1,41.21,41.21,9.468,0
6.845,probe_bw,1,2.0,10.0,9.564,41.21,68.0,34,1,41.21,41.21,9.468,0
6.850,probe_bw,1,2.0,10.0,9.564,41.21,68.0,34,1,41.21,41.21,9.468,0
6.855,probe_bw,1,2.0,10.0,9.564,41.21,68.0,34,1,41.21,41.21,9.468,0
6.860,probe_bw,1,2.0,10.0,9.564,41.21,68.0,33,1,41.21,41.21,9.468,0
6.865,probe_bw,1,2.0,10.0,9.564,41.21,68.0,33,1,41.21,41.21,9.468,0
6.870,probe_bw,1,2.0,10.0,9.564,41.21,68.0,33,1,41.21,41.21,9.468,0
6.875,probe_bw,1,2.0,10.0,9.564,41.21,68.0,33,1,41.21,41.21,9.468,0
6.880,probe_bw,1.25,2.0,10.0,9.564,41.21,68.0,34,1,41.21,41.21,9.468,0
6.885,probe_bw,1.25,2.0,10.0,9.564,41.21,68.0,35,2,41.21,41.21,9.468,0
6.890,probe_bw,1.25,2.0,10.0,9.564,41.21,68.0,37,4,41.21,41.21,9.468,0
6.895,probe_bw,1.25,2.0,10.0,9.564,41.21,68.0,38,5,41.21,41.21,9.468,0
6.900,probe_bw,1.25,2.0,10.0,9.564,41.21,68.0,39,6,41.21,41.21,9.468,0
6.905,probe_bw,1.25,2.0,10.0,9.564,41.21,68.0,40,7,41.21,41.21,9.468,0
6.910,probe_bw,1.25,2.0,10.0,9.564,41.21,68.0,41,8,41.21,41.21,9.468,0
6.915,probe_bw,1.25,2.0,10.0,9.564,41.21,68.0,42,9,41.21,41.21,9.468,0
6.920,probe_bw,0.75,2.0,10.0,9.564,41.21,68.0,42,9,41.68,41.29,9.474,0
6.925,probe_bw,0.75,2.0,10.0,9.564,41.21,68.0,41,8,42.61,41.71,9.485,0
6.930,probe_bw,0.75,2.0,10.0,9.564,41.21,68.0,40,7,43.54,42.34,9.495,0
6.935,probe_bw,0.75,2.0,10.0,9.564,41.21,68.0,39,6,44.47,43.09,9.504,0
6.940,probe_bw,0.75,2.0,10.0,9.564,41.21,68.0,38,5,45.39,43.92,9.513,0
6.945,probe_bw,0.75,2.0,10.0,9.564,41.21,68.0,37,4,46.32,44.78,9.522,0
6.950,probe_bw,0.75,2.0,10.0,9.564,41.21,68.0,36,3,47.25,45.68,9.532,0
6.955,probe_bw,0.75,2.0,10.0,9.564,41.21,68.0,35,2,48.18,46.59,9.54,0
6.960,probe_bw,1,2.0,10.0,9.564,41.21,68.0,33,1,49.35,47.74,9.55,0
6.965,probe_bw,1,2.0,10.0,9.564,41.21,68.0,33,1,50.28,48.66,9.557,0
6.970,probe_bw,1,2.0,10.0,9.564,41.21,68.0,33,1,51.21,49.58,9.564,0
6.975,probe_bw,1,2.0,10.0,9.564,41.21,68.0,33,1,49.53,49.79,9.564,0
6.980,probe_bw,1,2.0,10.0,9.564,41.21,68.0,33,1,47.85,49.22,9.564,0
6.985,probe_bw,1,2.0,10.0,9.564,41.21,68.0,33,1,46.17,48.19,9.564,0
6.990,probe_bw,1,2.0,10.0,9.564,41.21,68.0,33,1,44.49,46.89,9.564,0
6.995,probe_bw,1,2.0,10.0,9.564,41.21,68.0,33,1,42.81,45.43,9.564,0
7.000,probe_bw,1,2.0,10.0,9.564,41.21,68.0,34,1,41.21,43.89,9.544,0
7.005,probe_bw,1,2.0,10.0,9.564,41.21,68.0,34,1,41.21,42.78,9.348,0
7.010,probe_bw,1,2.0,10.0,9.564,41.21,68.0,34,1,41.21,42.13,9.338,0
7.015,probe_bw,1,2.0,10.0,9.564,41.21,68.0,34,1,41.21,41.75,9.327,0
7.020,probe_bw,1,2.0,10.0,9.564,41.21,68.0,34,1,41.21,41.53,9.316,0
7.025,probe_bw,1,2.0,10.0,9.564,41.21,68.0,34,1,41.21,41.4,9.305,0
7.030,probe_bw,1,2.0,10.0,9.564,41.21,68.0,34,1,41.21,41.32,9.294,0
7.035,probe_bw,1,2.0,10.0,9.564,41.21,68.0,34,1,41.21,41.27,9.275,0
7.040,probe_bw,1,2.0,10.0,9.564,41.21,68.0,33,1,41.21,41.24,9.27,0
7.045,probe_bw,1,2.0,10.0,9.564,41.21,68.0,33,1,41.21,41.23,9.468,0
7.050,probe_bw,1,2.0,10.0,9.564,41.21,68.0,33,1,41.21,41.22,9.468,0
7.055,probe_bw,1,2.0,10.0,9.564,41.21,68.0,34,1,41.21,41.22,9.468,0
7.060,probe_bw,1,2.0,10.0,9.564,41.21,68.0,34,1,41.21,41.21,9.468,0
7.065,probe_bw,1,2.0,10.0,9.564,41.21,68.0,34,1,41.21,41.21,9.468,0
7.070,probe_bw,1,2.0,10.0,9.564,41.21,68.0,34,1,41.21,41.21,9.468,0
7.075,probe_bw,1,2.0,10.0,9.564,41.21,68.0,34,1,41.21,41.21,9.468,0
7.080,probe_bw,1,2.0,10.0,9.564,41.21,68.0,34,1,41.21,41.21,9.468,0
7.085,probe_bw,1,2.0,10.0,9.564,41.21,68.0,34,1,41.21,41.21,9.468,0
7.090,probe_bw,1,2.0,10.0,9.564,41.21,68.0,34,1,41.21,41.21,9.468,0
7.095,probe_bw,1,2.0,10.0,9.564,41.21,68.0,33,1,41.21,41.21,9.468,0
7.100,probe_bw,1,2.0,10.0,9.564,41.21,68.0,33,1,41.21,41.21,9.468,0
7.105,probe_bw,1,2.0,10.0,9.564,41.21,68.0,33,1,41.21,41.21,9.468,0
7.110,probe_bw,1,2.0,10.0,9.564,41.21,68.0,33,1,41.21,41.21,9.468,0
7.115,probe_bw,1,2.0,10.0,9.564,41.21,68.0,34,1,41.21,41.21,9.468,0
7.120,probe_bw,1,2.0,10.0,9.564,41.21,68.0,34,1,41.21,41.21,9.468,0
7.125,probe_bw,1,2.0,10.0,9.564,41.21,68.0,34,1,41.21,41.21,9.468,0
7.130,probe_bw,1,2.0,10.0,9.564,41.21,68.0,34,1,41.21,41.21,9.468,0
7.135,probe_bw,1,2.0,10.0,9.564,41.21,68.0,34,1,41.21,41.21,9.468,0
7.140,probe_bw,1,2.0,10.0,9.564,41.21,68.0,34,1,41.21,41.21,9.468,0
7.145,probe_bw,1,2.0,10.0,9.564,41.21,68.0,34,1,41.21,41.21,9.468,0
7.150,probe_bw,1,2.0,10.0,9.564,41.21,68.0,34,1,41.21,41.21,9.468,0
7.155,probe_bw,1,2.0,10.0,9.564,41.21,68.0,33,1,41.21,41.21,9.468,0
7.160,probe_bw,1,2.0,10.0,9.564,41.21,68.0,33,1,41.21,41.21,9.468,0
7.165,probe_bw,1,2.0,10.0,9.564,41.21,68.0,33,1,41.21,41.21,9.468,0
7.170,probe_bw,1,2.0,10.0,9.564,41.21,68.0,34,1,41.21,41.21,9.468,0
7.175,probe_bw,1,2.0,10.0,9.564,41.21,68.0,34,1,41.21,41.21,9.468,0
7.180,probe_bw,1,2.0,10.0,9.564,41.21,68.0,34,1,41.21,41.21,9.468,0
7.185,probe_bw,1,2.0,10.0,9.564,41.21,68.0,34,1,41.21,41.21,9.468,0
7.190,probe_bw,1,2.0,10.0,9.564,41.21,68.0,34,1,41.21,41.21,9.468,0
7.195,probe_bw,1,2.0,10.0,9.564,41.21,68.0,34,1,41.21,41.21,9.468,0
7.200,probe_bw,1,2.0,10.0,9.564,41.21,68.0,34,1,41.21,41.21,9.468,0
7.205,probe_bw,1,2.0,10.0,9.564,41.21,68.0,34,1,41.21,41.21,9.468,0
7.210,probe_bw,1.25,2.0,10.0,9.564,41.21,68.0,33,1,41.21,41.21,9.468,0
7.215,probe_bw,1.25,2.0,10.0,9.564,41.21,68.0,34,2,41.21,41.21,9.468,0
7.220,probe_bw,1.25,2.0,10.0,9.564,41.21,68.0,35,3,41.21,41.21,9.468,0
7.225,probe_bw,1.25,2.0,10.0,9.564,41.21,68.0,36,3,41.21,41.21,9.468,0
7.230,probe_bw,1.25,2.0,10.0,9.564,41.21,68.0,38,5,41.21,41.21,9.468,0
7.235,probe_bw,1.25,2.0,10.0,9.564,41.21,68.0,39,6,41.21,41.21,9.468,0
7.240,probe_bw,1.25,2.0,10.0,9.564,41.21,68.0,40,7,41.21,41.21,9.468,0
7.245,probe_bw,1.25,2.0,10.0,9.564,41.21,68.0,41,8,41.21,41.21,9.468,0
7.250,probe_bw,1.25,2.0,10.0,9.564,41.21,68.0,42,9,41.21,41.21,9.468,0
7.255,probe_bw,0.75,2.0,10.0,9.564,41.21,68.0,42,9,41.68,41.29,9.474,0
7.260,probe_bw,0.75,2.0,10.0,9.564,41.21,68.0,41,8,42.61,41.71,9.485,0
7.265,probe_bw,0.75,2.0,10.0,9.564,41.21,68.0,39,6,43.77,42.52,9.497,0
7.270,probe_bw,0.75,2.0,10.0,9.564,41.21,68.0,38,5,44.7,43.29,9.507,0
7.275,probe_bw,0.75,2.0,10.0,9.564,41.21,68.0,37,4,45.63,44.13,9.516,0
7.280,probe_bw,0.75,2.0,10.0,9.564,41.21,68.0,36,3,46.56,45.01,9.525,0
7.285,probe_bw,0.75,2.0,10.0,9.564,41.21,68.0,35,2,47.49,45.9,9.533,0
7.290,probe_bw,0.75,2.0,10.0,9.564,41.21,68.0,35,2,48.42,46.82,9.542,0
7.295,probe_bw,1,2.0,10.0,9.564,41.21,68.0,34,1,49.35,47.74,9.55,0
7.300,probe_bw,1,2.0,10.0,9.564,41.21,68.0,34,1,50.28,48.66,9.557,0
7.305,probe_bw,1,2.0,10.0,9.564,41.21,68.0,33,1,50.79,49.73,9.564,0
7.310,probe_bw,1,2.0,10.0,9.564,41.21,68.0,33,1,49.11,49.71,9.564,0
7.315,probe_bw,1,2.0,10.0,9.564,41.21,68.0,33,1,47.43,48.99,9.564,0
7.320,probe_bw,1,2.0,10.0,9.564,41.21,68.0,33,1,45.75,47.88,9.564,0
7.325,probe_bw,1,2.0,10.0,9.564,41.21,68.0,33,1,44.07,46.53,9.564,0
7.330,probe_bw,1,2.0,10.0,9.564,41.21,68.0,33,1,42.39,45.05,9.564,0
7.335,probe_bw,1,2.0,10.0,9.564,41.21,68.0,33,1,41.21,43.56,9.448,0
7.340,probe_bw,1,2.0,10.0,9.564,41.21,68.0,33,1,41.21,42.59,9.346,0
7.345,probe_bw,1,2.0,10.0,9.564,41.21,68.0,33,1,41.21,42.02,9.335,0
7.350,probe_bw,1,2.0,10.0,9.564,41.21,68.0,34,1,41.21,41.68,9.324,0
7.355,probe_bw,1,2.0,10.0,9.564,41.21,68.0,34,1,41.21,41.49,9.313,0
7.360,probe_bw,1,2.0,10.0,9.564,41.21,68.0,34,1,41.21,41.37,9.302,0
7.365,probe_bw,1,2.0,10.0,9.564,41.21,68.0,34,1,41.21,41.31,9.292,0
7.370,probe_bw,1,2.0,10.0,9.564,41.21,68.0,34,1,41.21,41.27,9.273,0
7.375,probe_bw,1,2.0,10.0,9.564,41.21,68.0,34,1,41.21,41.24,9.27,0
7.380,probe_bw,1,2.0,10.0,9.564,41.21,68.0,34,1,41.21,41.23,9.468,0
7.385,probe_bw,1,2.0,10.0,9.564,41.21,68.0,34,1,41.21,41.22,9.468,0
7.390,probe_bw,1,2.0,10.0,9.564,41.21,68.0,33,1,41.21,41.22,9.468,0
7.395,probe_bw,1,2.0,10.0,9.564,41.21,68.0,33,1,41.21,41.21,9.468,0
7.400,probe_bw,1,2.0,10.0,9.564,41.21,68.0,33,1,41.21,41.21,9.468,0
7.405,probe_bw,1,2.0,10.0,9.564,41.21,68.0,34,1,41.21,41.21,9.468,0
7.410,probe_bw,1,2.0,10.0,9.564,41.21,68.0,34,1,41.21,41.21,9.468,0
7.415,probe_bw,1,2.0,10.0,9.564,41.21,68.0,34,1,41.21,41.21,9.468,0
7.420,probe_bw,1,2.0,10.0,9.564,41.21,68.0,34,1,41.21,41.21,9.468,0
7.425,probe_bw,1,2.0,10.0,9.564,41.21,68.0,34,1,41.21,41.21,9.468,0
7.430,probe_bw,1,2.0,10.0,9.564,41.21,68.0,34,1,41.21,41.21,9.468,0
7.435,probe_bw,1,2.0,10.0,9.564,41.21,68.0,34,1,41.21,41.21,9.468,0
7.440,probe_bw,1,2.0,10.0,9.564,41.21,68.0,34,1,41.21,41.21,9.468,0
7.445,probe_bw,1,2.0,10.0,9.564,41.21,68.0,33,1,41.21,41.21,9.468,0
7.450,probe_bw,1,2.0,10.0,9.564,41.21,68.0,33,1,41.21,41.21,9.468,0
7.455,probe_bw,1,2.0,10.0,9.564,41.21,68.0,33,1,41.21,41.21,9.468,0
7.460,probe_bw,1,2.0,10.0,9.564,41.21,68.0,33,1,41.21,41.21,9.468,0
7.465,probe_bw,1,2.0,10.0,9.564,41.21,68.0,34,1,41.21,41.21,9.468,0
7.470,probe_bw,1,2.0,10.0,9.564,41.21,68.0,34,1,41.21,41.21,9.468,0
7.475,probe_bw,1,2.0,10.0,9.564,41.21,68.0,34,1,41.21,41.21,9.468,0
7.480,probe_bw,1,2.0,10.0,9.564,41.21,68.0,34,1,41.21,41.21,9.468,0
7.485,probe_bw,1,2.0,10.0,9.564,41.21,68.0,34,1,41.21,41.21,9.468,0
7.490,probe_bw,1,2.0,10.0,9.564,41.21,68.0,34,1,41.21,41.21,9.468,0
7.495,probe_bw,1,2.0,10.0,9.564,41.21,68.0,34,1,41.21,41.21,9.468,0
7.500,probe_bw,1,2.0,10.0,9.564,41.21,68.0,34,1,41.21,41.21,9.468,0
7.505,probe_bw,1,2.0,10.0,9.564,41.21,68.0,33,1,41.21,41.21,9.468,0
7.510,probe_bw,1,2.0,10.0,9.564,41.21,68.0,33,1,41.21,41.21,9.468,0
7.515,probe_bw,1,2.0,10.0,9.564,41.21,68.0,33,1,41.21,41.21,9.468,0
7.520,probe_bw,1,2.0,10.0,9.564,41.21,68.0,34,1,41.21,41.21,9.468,0
7.525,probe_bw,1,2.0,10.0,9.564,41.21,68.0,34,1,41.21,41.21,9.468,0
7.530,probe_bw,1,2.0,10.0,9.564,41.21,68.0,34,1,41.21,41.21,9.468,0
7.535,probe_bw,1,2.0,10.0,9.564,41.21,68.0,34,1,41.21,41.21,9.468,0
7.540,probe_bw,1,2.0,10.0,9.564,41.21,68.0,34,1,41.21,41.21,9.468,0
7.545,probe_bw,1.25,2.0,10.0,9.564,41.21,68.0,34,1,41.21,41.21,9.468,0
7.550,probe_bw,1.25,2.0,10.0,9.564,41.21,68.0,35,2,41.21,41.21,9.468,0
7.555,probe_bw,1.25,2.0,10.0,9.564,41.21,68.0,36,3,41.21,41.21,9.468,0
7.560,probe_bw,1.25,2.0,10.0,9.564,41.21,68.0,36,4,41.21,41.21,9.468,0
7.565,probe_bw,1.25,2.0,10.0,9.564,41.21,68.0,38,6,41.21,41.21,9.468,0
7.570,probe_bw,1.25,2.0,10.0,9.564,41.21,68.0,39,6,41.21,41.21,9.468,0
7.575,probe_bw,1.25,2.0,10.0,9.564,41.21,68.0,40,7,41.21,41.21,9.468,0
7.580,probe_bw,1.25,2.0,10.0,9.564,41.21,68.0,41,8,41.21,41.21,9.468,0
7.585,probe_bw,1.25,2.0,10.0,9.564,41.21,68.0,42,9,41.21,41.21,9.468,0
7.590,probe_bw,0.75,2.0,10.0,9.564,41.21,68.0,42,9,41.91,41.37,9.477,0
7.595,probe_bw,0.75,2.0,10.0,9.564,41.21,68.0,41,8,42.84,41.85,9.487,0
7.600,probe_bw,0.75,2.0,10.0,9.564,41.21,68.0,40,7,43.77,42.52,9.497,0
7.605,probe_bw,0.75,2.0,10.0,9.564,41.21,68.0,39,5,44.7,43.29,9.507,0
7.610,probe_bw,0.75,2.0,10.0,9.564,41.21,68.0,37,4,45.86,44.35,9.519,0
7.615,probe_bw,0.75,2.0,10.0,9.564,41.21,68.0,36,3,46.79,45.23,9.527,0
7.620,probe_bw,0.75,2.0,10.0,9.564,41.21,68.0,35,2,47.72,46.13,9.535,0
7.625,probe_bw,0.75,2.0,10.0,9.564,41.21,68.0,34,1,48.65,47.05,9.543,0
7.630,probe_bw,1,2.0,10.0,9.564,41.21,68.0,33,1,49.58,47.97,9.552,0
7.635,probe_bw,1,2.0,10.0,9.564,41.21,68.0,33,1,50.51,48.89,9.559,0
7.640,probe_bw,1,2.0,10.0,9.564,41.21,68.0,34,1,50.79,49.73,9.564,0
7.645,probe_bw,1,2.0,10.0,9.564,41.21,68.0,33,1,48.69,49.58,9.564,0
7.650,probe_bw,1,2.0,10.0,9.564,41.21,68.0,33,1,47.01,48.75,9.564,0
7.655,probe_bw,1,2.0,10.0,9.564,41.21,68.0,33,1,45.33,47.56,9.564,0
7.660,probe_bw,1,2.0,10.0,9.564,41.21,68.0,33,1,43.65,46.17,9.564,0
7.665,probe_bw,1,2.0,10.0,9.564,41.21,68.0,33,1,41.97,44.66,9.564,0
7.670,probe_bw,1,2.0,10.0,9.564,41.21,68.0,34,1,41.21,43.56,9.448,0
7.675,probe_bw,1,2.0,10.0,9.564,41.21,68.0,34,1,41.21,42.59,9.346,0
7.680,probe_bw,1,2.0,10.0,9.564,41.21,68.0,33,1,41.21,41.92,9.332,0
7.685,probe_bw,1,2.0,10.0,9.564,41.21,68.0,33,1,41.21,41.62,9.321,0
7.690,probe_bw,1,2.0,10.0,9.564,41.21,68.0,33,1,41.21,41.45,9.311,0
7.695,probe_bw,1,2.0,10.0,9.564,41.21,68.0,34,1,41.21,41.35,9.3,0
7.700,probe_bw,1,2.0,10.0,9.564,41.21,68.0,34,1,41.21,41.29,9.289,0
7.705,probe_bw,1,2.0,10.0,9.564,41.21,68.0,34,1,41.21,41.26,9.27,0
7.710,probe_bw,1,2.0,10.0,9.564,41.21,68.0,34,1,41.21,41.24,9.286,0
7.715,probe_bw,1,2.0,10.0,9.564,41.21,68.0,34,1,41.21,41.23,9.468,0
7.720,probe_bw,1,2.0,10.0,9.564,41.21,68.0,34,1,41.21,41.22,9.468,0
7.725,probe_bw,1,2.0,10.0,9.564,41.21,68.0,34,1,41.21,41.22,9.468,0
7.730,probe_bw,1,2.0,10.0,9.564,41.21,68.0,34,1,41.21,41.21,9.468,0
7.735,probe_bw,1,2.0,10.0,9.564,41.21,68.0,33,1,41.21,41.21,9.468,0
7.740,probe_bw,1,2.0,10.0,9.564,41.21,68.0,33,1,41.21,41.21,9.468,0
7.745,probe_bw,1,2.0,10.0,9.564,41.21,68.0,33,1,41.21,41.21,9.468,0
7.750,probe_bw,1,2.0,10.0,9.564,41.21,68.0,33,1,41.21,41.21,9.468,0
7.755,probe_bw,1,2.0,10.0,9.564,41.21,68.0,34,1,41.21,41.21,9.468,0
7.760,probe_bw,1,2.0,10.0,9.564,41.21,68.0,34,1,41.21,41.21,9.468,0
7.765,probe_bw,1,2.0,10.0,9.564,41.21,68.0,34,1,41.21,41.21,9.468,0
7.770,probe_bw,1,2.0,10.0,9.564,41.21,68.0,34,1,41.21,41.21,9.468,0
7.775,probe_bw,1,2.0,10.0,9.564,41.21,68.0,34,1,41.21,41.21,9.468,0
7.780,probe_bw,1,2.0,10.0,9.564,41.21,68.0,34,1,41.21,41.21,9.468,0
7.785,probe_bw,1,2.0,10.0,9.564,41.21,68.0,34,1,41.21,41.21,9.468,0
7.790,probe_bw,1,2.0,10.0,9.564,41.21,68.0,34,1,41.21,41.21,9.468,0
7.795,probe_bw,1,2.0,10.0,9.564,41.21,68.0,33,1,41.21,41.21,9.468,0
7.800,probe_bw,1,2.0,10.0,9.564,41.21,68.0,33,1,41.21,41.21,9.468,0
7.805,probe_bw,1,2.0,10.0,9.564,41.21,68.0,33,1,41.21,41.21,9.468,0
7.810,probe_bw,1,2.0,10.0,9.564,41.21,68.0,33,0,41.21,41.21,9.468,0
7.815,probe_bw,1,2.0,10.0,9.564,41.21,68.0,34,1,41.21,41.21,9.468,0
7.820,probe_bw,1,2.0,10.0,9.564,41.21,68.0,34,1,41.21,41.21,9.468,0
7.825,probe_bw,1,2.0,10.0,9.564,41.21,68.0,34,1,41.21,41.21,9.468,0
7.830,probe_bw,1,2.0,10.0,9.564,41.21,68.0,34,1,41.21,41.21,9.468,0
7.835,probe_bw,1,2.0,10.0,9.564,41.21,68.0,34,1,41.21,41.21,9.468,0
7.840,probe_bw,1,2.0,10.0,9.564,41.21,68.0,34,1,41.21,41.21,9.468,0
7.845,probe_bw,1,2.0,10.0,9.564,41.21,68.0,34,1,41.21,41.21,9.468,0
7.850,probe_bw,1,2.0,10.0,9.564,41.21,68.0,33,1,41.21,41.21,9.468,0
7.855,probe_bw,1,2.0,10.0,9.564,41.21,68.0,33,1,41.21,41.21,9.468,0
7.860,probe_bw,1,2.0,10.0,9.564,41.21,68.0,33,1,41.21,41.21,9.468,0
7.865,probe_bw,1,2.0,10.0,9.564,41.21,68.0,33,1,41.21,41.21,9.468,0
7.870,probe_bw,1,2.0,10.0,9.564,41.21,68.0,34,1,41.21,41.21,9.468,0
7.875,probe_bw,1,2.0,10.0,9.564,41.21,68.0,34,1,41.21,41.21,9.468,0
7.880,probe_bw,1.25,2.0,10.0,9.564,41.21,68.0,34,1,41.21,41.21,9.468,0
7.885,probe_bw,1.25,2.0,10.0,9.564,41.21,68.0,35,2,41.21,41.21,9.468,0
7.890,probe_bw,1.25,2.0,10.0,9.564,41.21,68.0,36,3,41.21,41.21,9.468,0
7.895,probe_bw,1.25,2.0,10.0,9.564,41.21,68.0,37,4,41.21,41.21,9.468,0
7.900,probe_bw,1.25,2.0,10.0,9.564,41.21,68.0,38,5,41.21,41.21,9.468,0
7.905,probe_bw,1.25,2.0,10.0,9.564,41.21,68.0,40,7,41.21,41.21,9.468,0
7.910,probe_bw,1.25,2.0,10.0,9.564,41.21,68.0,40,8,41.21,41.21,9.468,0
7.915,probe_bw,1.25,2.0,10.0,9.564,41.21,68.0,41,8,41.21,41.21,9.468,0
7.920,probe_bw,0.75,2.0,10.0,9.564,41.21,68.0,42,9,41.21,41.21,9.468,0
7.925,probe_bw,0.75,2.0,10.0,9.564,41.21,68.0,41,8,42.14,41.47,9.479,0
7.930,probe_bw,0.75,2.0,10.0,9.564,41.21,68.0,40,7,43.07,42.0,9.49,0
7.935,probe_bw,0.75,2.0,10.0,9.564,41.21,68.0,39,6,44.0,42.7,9.499,0
7.940,probe_bw,0.75,2.0,10.0,9.564,41.21,68.0,38,5,44.93,43.5,9.51,0
7.945,probe_bw,0.75,2.0,10.0,9.564,41.21,68.0,37,4,45.86,44.35,9.519,0
7.950,probe_bw,0.75,2.0,10.0,9.564,41.21,68.0,37,3,46.79,45.23,9.527,0
7.955,probe_bw,0.75,2.0,10.0,9.564,41.21,68.0,35,2,47.95,46.36,9.538,0
7.960,probe_bw,0.75,2.0,10.0,9.564,41.21,68.0,34,1,48.88,47.27,9.545,0
7.965,probe_bw,1,2.0,10.0,9.564,41.21,68.0,33,1,49.81,48.2,9.553,0
7.970,probe_bw,1,2.0,10.0,9.564,41.21,68.0,33,1,50.74,49.12,9.562,0
7.975,probe_bw,1,2.0,10.0,9.564,41.21,68.0,33,1,50.37,49.81,9.564,0
7.980,probe_bw,1,2.0,10.0,9.564,41.21,68.0,33,1,48.69,49.58,9.564,0
7.985,probe_bw,1,2.0,10.0,9.564,41.21,68.0,33,1,47.01,48.75,9.564,0
7.990,probe_bw,1,2.0,10.0,9.564,41.21,68.0,33,1,44.91,47.23,9.564,0
7.995,probe_bw,1,2.0,10.0,9.564,41.21,68.0,33,1,43.23,45.81,9.564,0
8.000,probe_bw,1,2.0,20.0,9.564,41.21,68.0,33,1,41.55,44.27,9.564,0
8.005,probe_bw,1,2.0,20.0,9.564,41.21,68.0,34,1,41.21,43.26,9.354,0
8.010,probe_bw,1,2.0,20.0,9.564,41.21,68.0,34,1,41.21,42.41,9.343,0
8.015,probe_bw,1,2.0,20.0,9.564,41.21,68.0,34,1,41.21,41.92,9.332,0
8.020,probe_bw,1,2.0,20.0,9.564,41.21,68.0,34,0,41.21,41.62,9.321,0
8.025,probe_bw,1,2.0,20.0,9.564,41.21,68.0,34,0,41.21,41.45,9.311,0
8.030,probe_bw,1,2.0,20.0,9.564,41.21,68.0,33,0,41.21,41.34,9.297,0
8.035,probe_bw,1,2.0,20.0,9.564,41.21,68.0,33,0,41.21,41.28,9.286,0
8.040,probe_bw,1,2.0,20.0,9.564,41.21,68.0,33,0,41.21,41.25,9.267,0
8.045,probe_bw,1,2.0,20.0,9.564,40.61,67.1,34,1,40.61,41.04,9.514,0
8.050,probe_bw,1,2.0,20.0,9.608,40.61,67.4,34,1,40.61,40.86,9.608,0
8.055,probe_bw,1,2.0,20.0,9.608,40.61,67.4,34,1,40.61,40.75,9.608,0
8.060,probe_bw,1,2.0,20.0,9.608,40.61,67.4,33,1,40.61,40.68,9.608,0
8.065,probe_bw,1,2.0,20.0,9.608,40.61,67.4,33,1,40.61,40.65,9.608,0
8.070,probe_bw,1,2.0,20.0,9.608,40.61,67.4,33,0,40.61,40.63,9.608,0
8.075,probe_bw,1,2.0,20.0,9.608,40.61,67.4,33,0,40.61,40.62,9.608,0
8.080,probe_bw,1,2.0,20.0,9.608,40.61,67.4,33,0,40.61,40.61,9.608,0
8.085,probe_bw,1,2.0,20.0,9.608,40.61,67.4,33,0,40.61,40.61,9.468,0
8.090,probe_bw,1,2.0,20.0,9.608,40.61,67.4,33,0,40.61,40.61,9.471,0
8.095,probe_bw,1,2.0,20.0,9.608,40.61,67.4,34,1,40.61,40.61,9.476,0
8.100,probe_bw,1,2.0,20.0,9.608,40.61,67.4,34,1,40.61,40.61,9.481,0
8.105,probe_bw,1,2.0,20.0,9.608,40.61,67.4,34,1,40.61,40.61,9.486,0
8.110,probe_bw,1,2.0,20.0,9.608,40.61,67.4,33,1,40.61,40.61,9.493,0
8.115,probe_bw,1,2.0,20.0,9.608,40.61,67.4,33,1,40.61,40.61,9.498,0
8.120,probe_bw,1,2.0,20.0,9.608,40.61,67.4,33,0,40.61,40.61,9.503,0
8.125,probe_bw,1,2.0,20.0,9.608,40.61,67.4,33,0,40.61,40.61,9.508,0
8.130,probe_bw,1,2.0,20.0,9.608,40.61,67.4,33,0,40.61,40.61,9.512,0
8.135,probe_bw,1,2.0,20.0,9.608,40.61,67.4,33,0,40.61,40.61,9.512,0
8.140,probe_bw,1,2.0,20.0,9.608,40.61,67.4,34,1,40.61,40.61,9.512,0
8.145,probe_bw,1,2.0,20.0,9.608,40.61,67.4,34,1,40.61,40.61,9.512,0
8.150,probe_bw,1,2.0,20.0,9.608,40.61,67.4,34,1,40.61,40.61,9.512,0
8.155,probe_bw,1,2.0,20.0,9.608,40.61,67.4,34,1,40.61,40.61,9.512,0
8.160,probe_bw,1,2.0,20.0,9.608,40.61,67.4,33,1,40.61,40.61,9.512,0
8.165,probe_bw,1,2.0,20.0,9.608,40.61,67.4,33,0,40.61,40.61,9.512,0
8.170,probe_bw,1,2.0,20.0,9.608,40.61,67.4,33,0,40.61,40.61,9.512,0
8.175,probe_bw,1,2.0,20.0,9.608,40.61,67.4,33,0,40.61,40.61,9.512,0
8.180,probe_bw,1,2.0,20.0,9.608,40.61,67.4,33,0,40.61,40.61,9.512,0
8.185,probe_bw,1,2.0,20.0,9.608,40.61,67.4,33,0,40.61,40.61,9.512,0
8.190,probe_bw,1,2.0,20.0,9.608,40.61,67.4,34,1,40.61,40.61,9.512,0
8.195,probe_bw,1,2.0,20.0,9.608,40.61,67.4,34,1,40.61,40.61,9.512,0
8.200,probe_bw,1,2.0,20.0,9.608,40.61,67.4,34,1,40.61,40.61,9.512,0
8.205,probe_bw,1,2.0,20.0,9.608,40.61,67.4,33,1,40.61,40.61,9.512,0
8.210,probe_bw,1,2.0,20.0,9.608,40.61,67.4,33,0,40.61,40.61,9.512,0
8.215,probe_bw,1.25,2.0,20.0,9.608,40.61,67.4,34,1,40.61,40.61,9.512,0
8.220,probe_bw,1.25,2.0,20.0,9.608,40.61,67.4,35,1,40.61,40.61,9.512,0
8.225,probe_bw,1.25,2.0,20.0,9.608,40.61,67.4,36,1,40.61,40.61,9.512,0
8.230,probe_bw,1.25,2.0,20.0,9.608,40.61,67.4,37,0,40.61,40.61,9.512,0
8.235,probe_bw,1.25,2.0,20.0,9.608,40.61,67.4,38,0,40.61,40.61,9.512,0
8.240,probe_bw,1.25,2.0,20.0,9.608,40.61,67.4,39,0,40.61,40.61,9.512,0
8.245,probe_bw,1.25,2.0,20.0,9.608,40.61,67.4,41,1,40.61,40.61,9.512,0
8.250,probe_bw,1.25,2.0,20.0,9.608,40.61,67.4,41,1,40.61,40.61,9.512,0
8.255,probe_bw,0.75,2.0,20.0,9.625,40.61,67.5,41,0,40.61,40.61,9.625,0
8.260,probe_bw,0.75,2.0,20.0,9.909,40.61,69.5,39,0,40.61,40.61,9.909,0
8.265,probe_bw,0.75,2.0,20.0,10.192,40.61,71.5,37,0,40.61,40.61,10.192,0
8.270,probe_bw,0.75,2.0,20.0,10.538,40.61,73.9,35,1,40.61,40.61,10.538,0
8.275,probe_bw,0.75,2.0,20.0,10.822,40.61,75.9,33,0,40.61,40.61,10.822,0
8.280,probe_bw,0.75,2.0,20.0,11.107,40.61,77.9,31,0,40.61,40.61,11.107,0
8.285,probe_bw,0.75,2.0,20.0,11.392,40.61,79.9,30,0,40.61,40.61,11.392,0
8.290,probe_bw,0.75,2.0,20.0,11.677,40.61,81.9,29,1,40.61,40.61,11.677,0
8.295,probe_bw,1,2.0,20.0,11.89,40.61,83.4,28,1,40.61,40.61,11.705,0
8.300,probe_bw,1,2.0,20.0,11.89,40.61,83.4,30,1,40.61,40.61,11.159,0
8.305,probe_bw,1,2.0,20.0,11.89,40.61,83.4,32,1,40.61,40.61,10.645,0
8.310,probe_bw,1,2.0,20.0,11.89,40.61,83.4,34,1,40.61,40.61,10.157,0
8.315,probe_bw,1,2.0,20.0,11.89,40.61,83.4,35,1,40.61,40.61,9.577,0
8.320,probe_bw,1,2.0,20.0,11.89,40.61,83.4,37,0,40.61,40.61,9.201,0
8.325,probe_bw,1,2.0,20.0,11.89,40.61,83.4,38,0,40.61,40.61,8.692,0
8.330,probe_bw,1,2.0,20.0,11.89,40.61,83.4,40,0,40.61,40.61,8.369,0
8.335,probe_bw,1,2.0,20.0,11.89,40.61,83.4,41,0,40.61,40.61,7.906,0
8.340,probe_bw,1,2.0,20.0,11.89,40.61,83.4,41,0,40.61,40.61,8.458,0
8.345,probe_bw,1,2.0,20.0,11.89,40.61,83.4,42,1,40.61,40.61,8.983,0
8.350,probe_bw,1,2.0,20.0,11.89,40.61,83.4,42,1,40.61,40.61,9.474,0
8.355,probe_bw,1,2.0,20.0,11.89,40.61,83.4,42,1,40.61,40.61,9.929,0
8.360,probe_bw,1,2.0,20.0,11.89,40.61,83.4,41,1,40.61,40.61,10.544,0
8.365,probe_bw,1,2.0,20.0,11.89,40.61,83.4,41,1,40.61,40.61,10.928,0
8.370,probe_bw,1,2.0,20.0,11.89,40.61,83.4,41,1,40.61,40.61,11.365,0
8.375,probe_bw,1,2.0,20.0,11.89,40.61,83.4,41,1,40.61,40.61,11.677,0
8.380,probe_bw,1,2.0,20.0,11.89,40.61,83.4,41,0,40.61,40.61,11.771,0
8.385,probe_bw,1,2.0,20.0,11.89,40.61,83.4,41,0,40.61,40.61,11.771,0
8.390,probe_bw,1,2.0,20.0,11.89,40.61,83.4,41,0,40.61,40.61,11.771,0
8.395,probe_bw,1,2.0,20.0,11.89,40.61,83.4,41,0,40.61,40.61,11.771,0
8.400,probe_bw,1,2.0,20.0,11.89,40.61,83.4,41,0,40.61,40.61,11.771,0
8.405,probe_bw,1,2.0,20.0,11.89,40.61,83.4,42,1,40.61,40.61,11.771,0
8.410,probe_bw,1,2.0,20.0,11.89,40.61,83.4,42,1,40.61,40.61,11.771,0
8.415,probe_bw,1,2.0,20.0,11.89,40.61,83.4,42,1,40.61,40.61,11.771,0
8.420,probe_bw,1,2.0,20.0,11.89,40.61,83.4,41,1,40.61,40.61,11.771,0
8.425,probe_bw,1,2.0,20.0,11.89,40.61,83.4,41,1,40.61,40.61,11.771,0
8.430,probe_bw,1,2.0,20.0,11.89,40.61,83.4,41,1,40.61,40.61,11.771,0
8.435,probe_bw,1,2.0,20.0,11.89,40.61,83.4,41,1,40.61,40.61,11.771,0
8.440,probe_bw,1,2.0,20.0,11.89,40.61,83.4,41,1,40.61,40.61,11.771,0
8.445,probe_bw,1,2.0,20.0,11.89,40.61,83.4,41,0,40.61,40.61,11.771,0
8.450,probe_bw,1,2.0,20.0,11.89,40.61,83.4,41,0,40.61,40.61,11.771,0
8.455,probe_bw,1,2.0,20.0,11.89,40.61,83.4,41,0,40.61,40.61,11.771,0
8.460,probe_bw,1,2.0,20.0,11.89,40.61,83.4,41,0,40.61,40.61,11.771,0
8.465,probe_bw,1,2.0,20.0,11.89,40.61,83.4,42,1,40.61,40.61,11.771,0
8.470,probe_bw,1,2.0,20.0,11.89,40.61,83.4,42,1,40.61,40.61,11.771,0
8.475,probe_bw,1,2.0,20.0,11.89,40.61,83.4,42,1,40.61,40.61,11.771,0
8.480,probe_bw,1,2.0,20.0,11.89,40.61,83.4,42,1,40.61,40.61,11.771,0
8.485,probe_bw,1,2.0,20.0,11.89,40.61,83.4,41,1,40.61,40.61,11.771,0
8.490,probe_bw,1,2.0,20.0,11.89,40.61,83.4,41,1,40.61,40.61,11.771,0
8.495,probe_bw,1,2.0,20.0,11.89,40.61,83.4,41,1,40.61,40.61,11.771,0
8.500,probe_bw,1,2.0,20.0,11.89,40.61,83.4,41,1,40.61,40.61,11.771,0
8.505,probe_bw,1,2.0,20.0,11.89,40.61,83.4,41,0,40.61,40.61,11.771,0
8.510,probe_bw,1,2.0,20.0,11.89,40.61,83.4,41,0,40.61,40.61,11.771,0
8.515,probe_bw,1,2.0,20.0,11.89,40.61,83.4,41,0,40.61,40.61,11.771,0
8.520,probe_bw,1,2.0,20.0,11.89,40.61,83.4,41,0,40.61,40.61,11.771,0
8.525,probe_bw,1,2.0,20.0,11.89,40.61,83.4,41,0,40.61,40.61,11.771,0
8.530,probe_bw,1,2.0,20.0,11.89,40.61,83.4,42,1,40.61,40.61,11.771,0
8.535,probe_bw,1,2.0,20.0,11.89,40.61,83.4,42,1,40.61,40.61,11.771,0
8.540,probe_bw,1,2.0,20.0,11.89,40.61,83.4,42,1,40.61,40.61,11.771,0
8.545,probe_bw,1.25,2.0,20.0,11.89,40.61,83.4,42,1,40.61,40.61,11.771,0
8.550,probe_bw,1.25,2.0,20.0,11.89,40.61,83.4,43,1,40.61,40.61,11.771,0
8.555,probe_bw,1.25,2.0,20.0,11.89,40.61,83.4,44,0,40.61,40.61,11.771,0
8.560,probe_bw,1.25,2.0,20.0,11.89,40.61,83.4,46,1,40.61,40.61,11.771,0
8.565,probe_bw,1.25,2.0,20.0,11.89,40.61,83.4,47,1,40.61,40.61,11.771,0
8.570,probe_bw,1.25,2.0,20.0,11.89,40.61,83.4,48,0,40.61,40.61,11.771,0
8.575,probe_bw,1.25,2.0,20.0,11.89,40.61,83.4,50,1,40.61,40.61,11.771,0
8.580,probe_bw,1.25,2.0,20.0,11.89,40.61,83.4,51,1,40.61,40.61,11.771,0
8.585,probe_bw,0.75,2.0,20.0,11.942,40.61,83.7,50,0,40.61,40.61,11.942,0
8.590,probe_bw,0.75,2.0,20.0,12.273,40.61,86.0,48,0,40.61,40.61,12.273,0
8.595,probe_bw,0.75,2.0,20.0,12.673,40.61,88.8,45,0,40.61,40.61,12.673,0
8.600,probe_bw,0.75,2.0,20.0,13.016,40.61,91.3,43,0,40.61,40.61,13.016,0
8.605,probe_bw,0.75,2.0,20.0,13.364,40.61,93.7,41,0,40.61,40.61,13.364,0
8.610,probe_bw,0.75,2.0,20.0,13.733,40.61,96.3,39,1,40.61,40.61,13.733,0
8.615,probe_bw,0.75,2.0,20.0,14.081,40.61,98.7,37,0,40.61,40.61,14.081,0
8.620,probe_bw,0.75,2.0,20.0,14.431,40.61,101.2,36,1,40.61,40.61,14.431,0
8.625,probe_bw,1,2.0,20.0,14.714,40.61,103.2,35,1,40.61,40.61,14.524,0
8.630,probe_bw,1,2.0,20.0,14.714,40.61,103.2,37,1,40.61,40.61,13.795,0
8.635,probe_bw,1,2.0,20.0,14.714,40.61,103.2,39,0,40.61,40.61,13.098,0
8.640,probe_bw,1,2.0,20.0,14.714,40.61,103.2,42,1,40.61,40.61,12.473,0
8.645,probe_bw,1,2.0,20.0,14.714,40.61,103.2,44,1,40.61,40.61,11.891,0
8.650,probe_bw,1,2.0,20.0,14.714,40.61,103.2,46,1,40.61,40.61,11.344,0
8.655,probe_bw,1,2.0,20.0,14.714,40.61,103.2,47,0,40.61,40.61,10.737,0
8.660,probe_bw,1,2.0,20.0,14.714,40.61,103.2,50,1,40.61,40.61,10.249,0
8.665,probe_bw,1,2.0,20.0,14.714,40.61,103.2,51,1,40.61,40.61,9.807,0
8.670,probe_bw,1,2.0,20.0,14.714,40.61,103.2,51,0,40.61,40.61,10.482,0
8.675,probe_bw,1,2.0,20.0,14.714,40.61,103.2,51,1,40.61,40.61,11.199,0
8.680,probe_bw,1,2.0,20.0,14.714,40.61,103.2,51,1,40.61,40.61,11.806,0
8.685,probe_bw,1,2.0,20.0,14.714,40.61,103.2,51,1,40.61,40.61,12.379,0
8.690,probe_bw,1,2.0,20.0,14.714,40.61,103.2,51,0,40.61,40.61,12.915,0
8.695,probe_bw,1,2.0,20.0,14.714,40.61,103.2,51,1,40.61,40.61,13.518,0
8.700,probe_bw,1,2.0,20.0,14.714,40.61,103.2,51,1,40.61,40.61,13.968,0
8.705,probe_bw,1,2.0,20.0,14.714,40.61,103.2,51,0,40.61,40.61,14.471,0
8.710,probe_bw,1,2.0,20.0,14.714,40.61,103.2,51,1,40.61,40.61,14.567,0
8.715,probe_bw,1,2.0,20.0,14.714,40.61,103.2,51,1,40.61,40.61,14.567,0
8.720,probe_bw,1,2.0,20.0,14.714,40.61,103.2,51,1,40.61,40.61,14.567,0
8.725,probe_bw,1,2.0,20.0,14.714,40.61,103.2,51,0,40.61,40.61,14.567,0
8.730,probe_bw,1,2.0,20.0,14.714,40.61,103.2,51,1,40.61,40.61,14.567,0
8.735,probe_bw,1,2.0,20.0,14.714,40.61,103.2,51,1,40.61,40.61,14.567,0
8.740,probe_bw,1,2.0,20.0,14.714,40.61,103.2,51,0,40.61,40.61,14.567,0
8.745,probe_bw,1,2.0,20.0,14.714,40.61,103.2,51,1,40.61,40.61,14.567,0
8.750,probe_bw,1,2.0,20.0,14.714,40.61,103.2,51,1,40.61,40.61,14.567,0
8.755,probe_bw,1,2.0,20.0,14.714,40.61,103.2,51,1,40.61,40.61,14.567,0
8.760,probe_bw,1,2.0,20.0,14.714,40.61,103.2,51,0,40.61,40.61,14.567,0
8.765,probe_bw,1,2.0,20.0,14.714,40.61,103.2,51,1,40.61,40.61,14.567,0
8.770,probe_bw,1,2.0,20.0,14.714,40.61,103.2,51,1,40.61,40.61,14.567,0
8.775,probe_bw,1,2.0,20.0,14.714,40.61,103.2,51,0,40.61,40.61,14.567,0
8.780,probe_bw,1,2.0,20.0,14.714,40.61,103.2,51,1,40.61,40.61,14.567,0
8.785,probe_bw,1,2.0,20.0,14.714,40.61,103.2,51,1,40.61,40.61,14.567,0
8.790,probe_bw,1,2.0,20.0,14.714,40.61,103.2,51,1,40.61,40.61,14.567,0
8.795,probe_bw,1,2.0,20.0,14.714,40.61,103.2,51,0,40.61,40.61,14.567,0
8.800,probe_bw,1,2.0,20.0,14.714,40.61,103.2,51,1,40.61,40.61,14.567,0
8.805,probe_bw,1,2.0,20.0,14.714,40.61,103.2,51,1,40.61,40.61,14.567,0
8.810,probe_bw,1,2.0,20.0,14.714,40.61,103.2,51,0,40.61,40.61,14.567,0
8.815,probe_bw,1,2.0,20.0,14.714,40.61,103.2,51,1,40.61,40.61,14.567,0
8.820,probe_bw,1,2.0,20.0,14.714,40.61,103.2,51,1,40.61,40.61,14.567,0
8.825,probe_bw,1,2.0,20.0,14.714,40.61,103.2,51,1,40.61,40.61,14.567,0
8.830,probe_bw,1,2.0,20.0,14.714,40.61,103.2,51,0,40.61,40.61,14.567,0
8.835,probe_bw,1,2.0,20.0,14.714,40.61,103.2,51,1,40.61,40.61,14.567,0
8.840,probe_bw,1,2.0,20.0,14.714,40.61,103.2,51,1,40.61,40.61,14.567,0
8.845,probe_bw,1,2.0,20.0,14.714,40.61,103.2,51,0,40.61,40.61,14.567,0
8.850,probe_bw,1,2.0,20.0,14.714,40.61,103.2,51,1,40.61,40.61,14.567,0
8.855,probe_bw,1,2.0,20.0,14.714,40.61,103.2,51,1,40.61,40.61,14.567,0
8.860,probe_bw,1,2.0,20.0,14.714,40.61,103.2,51,1,40.61,40.61,14.567,0
8.865,probe_bw,1,2.0,20.0,14.714,40.61,103.2,52,1,40.61,40.61,14.567,0
8.870,probe_bw,1,2.0,20.0,14.714,40.61,103.2,51,1,40.61,40.61,14.567,0
8.875,probe_bw,1.25,2.0,20.0,14.714,40.61,103.2,52,1,40.61,40.61,14.567,0
8.880,probe_bw,1.25,2.0,20.0,14.714,40.61,103.2,54,1,40.61,40.61,14.567,0
8.885,probe_bw,1.25,2.0,20.0,14.714,40.61,103.2,55,1,40.61,40.61,14.567,0
8.890,probe_bw,1.25,2.0,20.0,14.714,40.61,103.2,57,1,40.61,40.61,14.567,0
8.895,probe_bw,1.25,2.0,20.0,14.714,40.61,103.2,58,1,40.61,40.61,14.567,0
8.900,probe_bw,1.25,2.0,20.0,14.714,40.61,103.2,60,1,40.61,40.61,14.567,0
8.905,probe_bw,1.25,2.0,20.0,14.714,40.61,103.2,61,1,40.61,40.61,14.567,0
8.910,probe_bw,1.25,2.0,20.0,14.714,40.61,103.2,63,1,40.61,40.61,14.567,0
8.915,probe_bw,0.75,2.0,20.0,14.737,40.61,103.3,63,1,40.61,40.61,14.737,0
8.920,probe_bw,0.75,2.0,20.0,15.186,40.61,106.5,59,0,40.61,40.61,15.186,0
8.925,probe_bw,0.75,2.0,20.0,15.648,40.61,109.7,56,0,40.61,40.61,15.648,0
8.930,probe_bw,0.75,2.0,20.0,16.092,40.61,112.8,53,0,40.61,40.61,16.092,0
8.935,probe_bw,0.75,2.0,20.0,16.502,40.61,115.7,51,0,40.61,40.61,16.502,0
8.940,probe_bw,0.75,2.0,20.0,16.938,40.61,118.8,49,1,40.61,40.61,16.938,0
8.945,probe_bw,0.75,2.0,20.0,17.368,40.61,121.8,46,0,40.61,40.61,17.368,0
8.950,probe_bw,0.75,2.0,20.0,17.855,40.61,125.2,44,1,40.61,40.61,17.855,0
8.955,probe_bw,1,2.0,20.0,18.209,40.61,127.7,43,1,40.61,40.61,18.021,0
8.960,probe_bw,1,2.0,20.0,18.209,40.61,127.7,46,1,40.61,40.61,17.09,0
8.965,probe_bw,1,2.0,20.0,18.209,40.61,127.7,49,1,40.61,40.61,16.231,0
8.970,probe_bw,1,2.0,20.0,18.209,40.61,127.7,51,0,40.61,40.61,15.47,0
8.975,probe_bw,1,2.0,20.0,18.209,40.61,127.7,54,1,40.61,40.61,14.72,0
8.980,probe_bw,1,2.0,20.0,18.209,40.61,127.7,57,1,40.61,40.61,14.068,0
8.985,probe_bw,1,2.0,20.0,18.209,40.61,127.7,59,1,40.61,40.61,13.3,0
8.990,probe_bw,1,2.0,20.0,18.209,40.61,127.7,62,1,40.61,40.61,12.732,0
8.995,probe_bw,1,2.0,20.0,18.209,40.61,127.7,63,1,40.61,40.61,12.126,0
9.000,probe_bw,1,2.0,20.0,18.209,40.61,127.7,63,1,40.61,40.61,13.016,0
9.005,probe_bw,1,2.0,20.0,18.209,40.61,127.7,63,1,40.61,40.61,13.862,0
9.010,probe_bw,1,2.0,20.0,18.209,40.61,127.7,63,1,40.61,40.61,14.654,0
9.015,probe_bw,1,2.0,20.0,18.209,40.61,127.7,64,1,40.61,40.61,15.35,0
9.020,probe_bw,1,2.0,20.0,18.209,40.61,127.7,63,1,40.61,40.61,16.04,0
9.025,probe_bw,1,2.0,20.0,18.209,40.61,127.7,63,1,40.61,40.61,16.757,0
9.030,probe_bw,1,2.0,20.0,18.209,40.61,127.7,63,1,40.61,40.61,17.328,0
9.035,probe_bw,1,2.0,20.0,18.209,40.61,127.7,64,1,40.61,40.61,17.93,0
9.040,probe_bw,1,2.0,20.0,18.209,40.61,127.7,63,1,40.61,40.61,18.027,0
9.045,probe_bw,1,2.0,20.0,18.209,40.61,127.7,63,1,40.61,40.61,18.027,0
9.050,probe_bw,1,2.0,20.0,18.209,40.61,127.7,63,1,40.61,40.61,18.027,0
9.055,probe_bw,1,2.0,20.0,18.209,40.61,127.7,63,1,40.61,40.61,18.027,0
9.060,probe_bw,1,2.0,20.0,18.209,40.61,127.7,64,1,40.61,40.61,18.027,0
9.065,probe_bw,1,2.0,20.0,18.209,40.61,127.7,63,1,40.61,40.61,18.027,0
9.070,probe_bw,1,2.0,20.0,18.209,40.61,127.7,63,1,40.61,40.61,18.027,0
9.075,probe_bw,1,2.0,20.0,18.209,40.61,127.7,63,1,40.61,40.61,18.027,0
9.080,probe_bw,1,2.0,20.0,18.209,40.61,127.7,64,1,40.61,40.61,18.027,0
9.085,probe_bw,1,2.0,20.0,18.209,40.61,127.7,63,0,40.61,40.61,18.027,0
9.090,probe_bw,1,2.0,20.0,18.209,40.61,127.7,63,1,40.61,40.61,18.027,0
9.095,probe_bw,1,2.0,20.0,18.209,40.61,127.7,63,1,40.61,40.61,18.027,0
9.100,probe_bw,1,2.0,20.0,18.209,40.61,127.7,63,1,40.61,40.61,18.027,0
9.105,probe_bw,1,2.0,20.0,18.209,40.61,127.7,64,1,40.61,40.61,18.027,0
9.110,probe_bw,1,2.0,20.0,18.209,40.61,127.7,63,1,40.61,40.61,18.027,0
9.115,probe_bw,1,2.0,20.0,18.209,40.61,127.7,63,1,40.61,40.61,18.027,0
9.120,probe_bw,1,2.0,20.0,18.209,40.61,127.7,63,1,40.61,40.61,18.027,0
9.125,probe_bw,1,2.0,20.0,18.209,40.61,127.7,63,1,40.61,40.61,18.027,0
9.130,probe_bw,1,2.0,20.0,18.209,40.61,127.7,63,0,40.61,40.61,18.027,0
9.135,probe_bw,1,2.0,20.0,18.209,40.61,127.7,63,1,40.61,40.61,18.027,0
9.140,probe_bw,1,2.0,20.0,18.209,40.61,127.7,63,1,40.61,40.61,18.027,0
9.145,probe_bw,1,2.0,20.0,18.209,40.61,127.7,63,1,40.61,40.61,18.027,0
9.150,probe_bw,1,2.0,20.0,18.209,40.61,127.7,64,1,40.61,40.61,18.027,0
9.155,probe_bw,1,2.0,20.0,18.209,40.61,127.7,63,1,40.61,40.61,18.027,0
9.160,probe_bw,1,2.0,20.0,18.209,40.61,127.7,63,1,40.61,40.61,18.027,0
9.165,probe_bw,1,2.0,20.0,18.209,40.61,127.7,63,1,40.61,40.61,18.027,0
9.170,probe_bw,1,2.0,20.0,18.209,40.61,127.7,63,1,40.61,40.61,18.027,0
9.175,probe_bw,1,2.0,20.0,18.209,40.61,127.7,64,1,40.61,40.61,18.027,0
9.180,probe_bw,1,2.0,20.0,18.209,40.61,127.7,63,1,40.61,40.61,18.027,0
9.185,probe_bw,1,2.0,20.0,18.209,40.61,127.7,63,1,40.61,40.61,18.027,0
9.190,probe_bw,1,2.0,20.0,18.209,40.61,127.7,63,1,40.61,40.61,18.027,0
9.195,probe_bw,1,2.0,20.0,18.209,40.61,127.7,64,1,40.61,40.61,18.027,0
9.200,probe_bw,1,2.0,20.0,18.209,40.61,127.7,63,1,40.61,40.61,18.027,0
9.205,probe_bw,1.25,2.0,20.0,18.209,40.61,127.7,65,2,40.61,40.61,18.027,0
9.210,probe_bw,1.25,2.0,20.0,18.209,40.61,127.7,67,4,40.61,40.61,18.027,0
9.215,probe_bw,1.25,2.0,20.0,18.209,40.61,127.7,68,5,40.61,40.61,18.027,0
9.220,probe_bw,1.25,2.0,20.0,18.209,40.61,127.7,71,7,40.61,40.61,18.027,0
9.225,probe_bw,1.25,2.0,20.0,18.209,40.61,127.7,73,8,40.61,40.61,18.027,0
9.230,probe_bw,1.25,2.0,20.0,18.209,40.61,127.7,75,10,40.61,40.61,18.027,0
9.235,probe_bw,1.25,2.0,20.0,18.209,40.61,127.7,76,11,40.61,40.61,18.027,0
9.240,probe_bw,1.25,2.0,20.0,18.209,40.61,127.7,79,13,40.61,40.61,18.027,0
9.245,probe_bw,0.75,2.0,20.0,18.209,40.61,127.7,77,11,41.15,40.8,18.123,0
9.250,probe_bw,0.75,2.0,20.0,18.25,40.61,127.9,75,9,41.89,41.35,18.25,0
9.255,probe_bw,0.75,2.0,20.0,18.369,40.61,128.8,73,7,42.62,42.01,18.369,0
9.260,probe_bw,0.75,2.0,20.0,18.483,40.61,129.6,70,4,43.35,42.72,18.483,0
9.265,probe_bw,0.75,2.0,20.0,18.616,40.61,130.5,67,1,44.17,43.54,18.616,0
9.270,probe_bw,0.75,2.0,20.0,18.721,40.61,131.2,65,0,44.91,44.27,18.721,0
9.275,probe_bw,0.75,2.0,20.0,18.821,40.61,132.0,63,0,45.64,45.0,18.821,0
9.280,probe_bw,0.75,2.0,20.0,18.93,40.61,132.7,61,0,46.37,45.73,18.93,0
9.285,probe_bw,1,2.0,20.0,19.039,40.61,133.5,59,1,47.2,46.55,19.039,0
9.290,probe_bw,1,2.0,20.0,19.128,40.61,134.1,60,1,47.58,47.24,19.128,0
9.295,probe_bw,1,2.0,20.0,19.128,40.61,134.1,60,1,45.57,46.61,19.128,0
9.300,probe_bw,1,2.0,20.0,19.128,40.61,134.1,60,1,43.6,45.09,19.128,0
9.305,probe_bw,1,2.0,20.0,19.128,40.61,134.1,59,1,41.45,43.06,19.128,0
9.310,probe_bw,1,2.0,20.0,19.128,40.61,134.1,60,1,40.61,41.64,18.761,0
9.315,probe_bw,1,2.0,20.0,19.128,40.61,134.1,62,0,40.61,41.07,18.127,0
9.320,probe_bw,1,2.0,20.0,19.128,40.61,134.1,65,1,40.61,40.81,17.509,0
9.325,probe_bw,1,2.0,20.0,19.128,40.61,134.1,67,1,40.61,40.7,17.077,0
9.330,probe_bw,1,2.0,20.0,19.128,40.61,134.1,66,1,40.61,40.63,17.046,0
9.335,probe_bw,1,2.0,20.0,19.128,40.61,134.1,66,1,40.61,40.62,17.025,0
9.340,probe_bw,1,2.0,20.0,19.128,40.61,134.1,66,1,40.61,40.61,17.005,0
9.345,probe_bw,1,2.0,20.0,19.128,40.61,134.1,67,1,40.61,40.61,16.985,0
9.350,probe_bw,1,2.0,20.0,19.128,40.61,134.1,67,1,40.61,40.61,17.129,0
9.355,probe_bw,1,2.0,20.0,19.128,40.61,134.1,66,1,40.61,40.61,17.832,0
9.360,probe_bw,1,2.0,20.0,19.128,40.61,134.1,66,1,40.61,40.61,18.432,0
9.365,probe_bw,1,2.0,20.0,19.128,40.61,134.1,66,1,40.61,40.61,18.926,0
9.370,probe_bw,1,2.0,20.0,19.128,40.61,134.1,66,1,40.61,40.61,18.936,0
9.375,probe_bw,1,2.0,20.0,19.128,40.61,134.1,67,1,40.61,40.61,18.937,0
9.380,probe_bw,1,2.0,20.0,19.128,40.61,134.1,67,1,40.61,40.61,18.937,0
9.385,probe_bw,1,2.0,20.0,19.128,40.61,134.1,66,1,40.61,40.61,18.937,0
9.390,probe_bw,1,2.0,20.0,19.128,40.61,134.1,66,1,40.61,40.61,18.937,0
9.395,probe_bw,1,2.0,20.0,19.128,40.61,134.1,66,1,40.61,40.61,18.937,0
9.400,probe_bw,1,2.0,20.0,19.128,40.61,134.1,66,1,40.61,40.61,18.937,0
9.405,probe_bw,1,2.0,20.0,19.128,40.61,134.1,67,1,40.61,40.61,18.937,0
9.410,probe_bw,1,2.0,20.0,19.128,40.61,134.1,67,1,40.61,40.61,18.937,0
9.415,probe_bw,1,2.0,20.0,19.128,40.61,134.1,66,1,40.61,40.61,18.937,0
9.420,probe_bw,1,2.0,20.0,19.128,40.61,134.1,66,1,40.61,40.61,18.937,0
9.425,probe_bw,1,2.0,20.0,19.128,40.61,134.1,66,1,40.61,40.61,18.937,0
9.430,probe_bw,1,2.0,20.0,19.128,40.61,134.1,66,1,40.61,40.61,18.937,0
9.435,probe_bw,1,2.0,20.0,19.128,40.61,134.1,67,1,40.61,40.61,18.937,0
9.440,probe_bw,1,2.0,20.0,19.128,40.61,134.1,67,1,40.61,40.61,18.937,0
9.445,probe_bw,1,2.0,20.0,19.128,40.61,134.1,66,1,40.61,40.61,18.937,0
9.450,probe_bw,1,2.0,20.0,19.128,40.61,134.1,66,1,40.61,40.61,18.937,0
9.455,probe_bw,1,2.0,20.0,19.128,40.61,134.1,66,1,40.61,40.61,18.937,0
9.460,probe_bw,1,2.0,20.0,19.128,40.61,134.1,67,1,40.61,40.61,18.937,0
9.465,probe_bw,1,2.0,20.0,19.128,40.61,134.1,67,1,40.61,40.61,18.937,0
9.470,probe_bw,1,2.0,20.0,19.128,40.61,134.1,67,1,40.61,40.61,18.937,0
9.475,probe_bw,1,2.0,20.0,19.128,40.61,134.1,66,1,40.61,40.61,18.937,0
9.480,probe_bw,1,2.0,20.0,19.128,40.61,134.1,66,1,40.61,40.61,18.937,0
9.485,probe_bw,1,2.0,20.0,19.128,40.61,134.1,66,1,40.61,40.61,18.937,0
9.490,probe_bw,1,2.0,20.0,19.128,40.61,134.1,67,1,40.61,40.61,18.937,0
9.495,probe_bw,1,2.0,20.0,19.128,40.61,134.1,67,1,40.61,40.61,18.937,0
9.500,probe_bw,1,2.0,20.0,19.128,40.61,134.1,66,1,40.61,40.61,18.937,0
9.505,probe_bw,1,2.0,20.0,19.128,40.61,134.1,66,1,40.61,40.61,18.937,0
9.510,probe_bw,1,2.0,20.0,19.128,40.61,134.1,66,1,40.61,40.61,18.937,0
9.515,probe_bw,1,2.0,20.0,19.128,40.61,134.1,66,1,40.61,40.61,18.937,0
9.520,probe_bw,1,2.0,20.0,19.128,40.61,134.1,67,1,40.61,40.61,18.937,0
9.525,probe_bw,1,2.0,20.0,19.128,40.61,134.1,67,1,40.61,40.61,18.937,0
9.530,probe_bw,1.25,2.0,20.0,19.128,40.61,134.1,67,2,40.61,40.61,18.937,0
9.535,probe_bw,1.25,2.0,20.0,19.128,40.61,134.1,69,4,40.61,40.61,18.937,0
9.540,probe_bw,1.25,2.0,20.0,19.128,40.61,134.1,71,6,40.61,40.61,18.937,0
9.545,probe_bw,1.25,2.0,20.0,19.128,40.61,134.1,73,7,40.61,40.61,18.937,0
9.550,probe_bw,1.25,2.0,20.0,19.128,40.61,134.1,75,9,40.61,40.61,18.937,0
9.555,probe_bw,1.25,2.0,20.0,19.128,40.61,134.1,78,12,40.61,40.61,18.937,0
9.560,probe_bw,1.25,2.0,20.0,19.128,40.61,134.1,79,13,40.61,40.61,18.937,0
9.565,probe_bw,1.25,2.0,20.0,19.128,40.61,134.1,81,15,40.61,40.61,18.937,0
9.570,probe_bw,0.75,2.0,20.0,19.128,40.61,134.1,83,17,40.72,40.62,18.94,0
9.575,probe_bw,0.75,2.0,20.0,19.128,40.61,134.1,81,15,41.65,41.08,18.962,0
9.580,probe_bw,0.75,2.0,20.0,19.128,40.61,134.1,79,12,42.58,41.85,18.983,0
9.585,probe_bw,0.75,2.0,20.0,19.128,40.61,134.1,76,10,43.63,42.84,19.005,0
9.590,probe_bw,0.75,2.0,20.0,19.128,40.61,134.1,74,8,44.56,43.75,19.024,0
9.595,probe_bw,0.75,2.0,20.0,19.128,40.61,134.1,72,6,45.49,44.68,19.043,0
9.600,probe_bw,0.75,2.0,20.0,19.128,40.61,134.1,69,3,46.53,45.72,19.063,0
9.605,probe_bw,0.75,2.0,20.0,19.128,40.61,134.1,67,1,47.46,46.65,19.079,0
9.610,probe_bw,0.75,2.0,20.0,19.128,40.61,134.1,66,1,48.39,47.58,19.097,0
9.615,probe_bw,1,2.0,20.0,19.128,40.61,134.1,66,1,49.32,48.51,19.112,0
9.620,probe_bw,1,2.0,20.0,19.128,40.61,134.1,65,1,50.04,49.51,19.128,0
9.625,probe_bw,1,2.0,20.0,19.128,40.61,134.1,65,1,48.36,49.15,19.128,0
9.630,probe_bw,1,2.0,20.0,19.128,40.61,134.1,65,1,46.68,47.92,19.128,0
9.635,probe_bw,1,2.0,20.0,19.128,40.61,134.1,65,1,45.0,46.39,19.128,0
9.640,probe_bw,1,2.0,20.0,19.128,40.61,134.1,64,1,43.11,44.56,19.128,0
9.645,probe_bw,1,2.0,20.0,19.128,40.61,134.1,65,1,41.43,42.89,19.128,0
9.650,probe_bw,1,2.0,20.0,19.128,40.61,134.1,66,1,40.61,41.58,18.825,0
9.655,probe_bw,1,2.0,20.0,19.128,40.61,134.1,66,1,40.61,40.94,18.615,0
9.660,probe_bw,1,2.0,20.0,19.128,40.61,134.1,66,1,40.61,40.72,18.593,0
9.665,probe_bw,1,2.0,20.0,19.128,40.61,134.1,66,1,40.61,40.65,18.571,0
9.670,probe_bw,1,2.0,20.0,19.128,40.61,134.1,66,1,40.61,40.62,18.54,0
9.675,probe_bw,1,2.0,20.0,19.128,40.61,134.1,67,1,40.61,40.61,18.518,0
9.680,probe_bw,1,2.0,20.0,19.128,40.61,134.1,67,1,40.61,40.61,18.496,0
9.685,probe_bw,1,2.0,20.0,19.128,40.61,134.1,66,1,40.61,40.61,18.471,0
9.690,probe_bw,1,2.0,20.0,19.128,40.61,134.1,66,1,40.61,40.61,18.654,0
9.695,probe_bw,1,2.0,20.0,19.128,40.61,134.1,66,1,40.61,40.61,18.937,0
9.700,probe_bw,1,2.0,20.0,19.128,40.61,134.1,66,1,40.61,40.61,18.937,0
9.705,probe_bw,1,2.0,20.0,19.128,40.61,134.1,67,1,40.61,40.61,18.937,0
9.710,probe_bw,1,2.0,20.0,19.128,40.61,134.1,67,1,40.61,40.61,18.937,0
9.715,probe_bw,1,2.0,20.0,19.128,40.61,134.1,66,1,40.61,40.61,18.937,0
9.720,probe_bw,1,2.0,20.0,19.128,40.61,134.1,66,1,40.61,40.61,18.937,0
9.725,probe_bw,1,2.0,20.0,19.128,40.61,134.1,66,1,40.61,40.61,18.937,0
9.730,probe_bw,1,2.0,20.0,19.128,40.61,134.1,67,1,40.61,40.61,18.937,0
9.735,probe_bw,1,2.0,20.0,19.128,40.61,134.1,67,1,40.61,40.61,18.937,0
9.740,probe_bw,1,2.0,20.0,19.128,40.61,134.1,67,1,40.61,40.61,18.937,0
9.745,probe_bw,1,2.0,20.0,19.128,40.61,134.1,66,1,40.61,40.61,18.937,0
9.750,probe_bw,1,2.0,20.0,19.128,40.61,134.1,66,1,40.61,40.61,18.937,0
9.755,probe_bw,1,2.0,20.0,19.128,40.61,134.1,66,1,40.61,40.61,18.937,0
9.760,probe_bw,1,2.0,20.0,19.128,40.61,134.1,67,1,40.61,40.61,18.937,0
9.765,probe_bw,1,2.0,20.0,19.128,40.61,134.1,67,1,40.61,40.61,18.937,0
9.770,probe_bw,1,2.0,20.0,19.128,40.61,134.1,66,1,40.61,40.61,18.937,0
9.775,probe_bw,1,2.0,20.0,19.128,40.61,134.1,66,1,40.61,40.61,18.937,0
9.780,probe_bw,1,2.0,20.0,19.128,40.61,134.1,66,1,40.61,40.61,18.937,0
9.785,probe_bw,1,2.0,20.0,19.128,40.61,134.1,66,1,40.61,40.61,18.937,0
9.790,probe_bw,1,2.0,20.0,19.128,40.61,134.1,67,1,40.61,40.61,18.937,0
9.795,probe_bw,1,2.0,20.0,19.128,40.61,134.1,67,1,40.61,40.61,18.937,0
9.800,probe_bw,1,2.0,20.0,19.128,40.61,134.1,66,1,40.61,40.61,18.937,0
9.805,probe_bw,1,2.0,20.0,19.128,40.61,134.1,66,1,40.61,40.61,18.937,0
9.810,probe_bw,1,2.0,20.0,19.128,40.61,134.1,66,1,40.61,40.61,18.937,0
9.815,probe_bw,1,2.0,20.0,19.128,40.61,134.1,66,1,40.61,40.61,18.937,0
9.820,probe_bw,1,2.0,20.0,19.128,40.61,134.1,67,1,40.61,40.61,18.937,0
9.825,probe_bw,1,2.0,20.0,19.128,40.61,134.1,67,1,40.61,40.61,18.937,0
9.830,probe_bw,1,2.0,20.0,19.128,40.61,134.1,66,1,40.61,40.61,18.937,0
9.835,probe_bw,1,2.0,20.0,19.128,40.61,134.1,66,1,40.61,40.61,18.937,0
9.840,probe_bw,1,2.0,20.0,19.128,40.61,134.1,66,1,40.61,40.61,18.937,0
9.845,probe_bw,1,2.0,20.0,19.128,40.61,134.1,67,1,40.61,40.61,18.937,0
9.850,probe_bw,1,2.0,20.0,19.128,40.61,134.1,67,1,40.61,40.61,18.937,0
9.855,probe_bw,1,2.0,20.0,19.128,40.61,134.1,67,1,40.61,40.61,18.937,0
9.860,probe_bw,1.25,2.0,20.0,19.128,40.61,134.1,67,2,40.61,40.61,18.937,0
9.865,probe_bw,1.25,2.0,20.0,19.128,40.61,134.1,70,5,40.61,40.61,18.937,0
9.870,probe_bw,1.25,2.0,20.0,19.128,40.61,134.1,72,6,40.61,40.61,18.937,0
9.875,probe_bw,1.25,2.0,20.0,19.128,40.61,134.1,74,8,40.61,40.61,18.937,0
9.880,probe_bw,1.25,2.0,20.0,19.128,40.61,134.1,76,10,40.61,40.61,18.937,0
9.885,probe_bw,1.25,2.0,20.0,19.128,40.61,134.1,77,12,40.61,40.61,18.937,0
9.890,probe_bw,1.25,2.0,20.0,19.128,40.61,134.1,80,14,40.61,40.61,18.937,0
9.895,probe_bw,1.25,2.0,20.0,19.128,40.61,134.1,82,16,40.61,40.61,18.937,0
9.900,probe_bw,0.75,2.0,20.0,19.128,40.61,134.1,82,16,41.07,40.73,18.948,0
9.905,probe_bw,0.75,2.0,20.0,19.128,40.61,134.1,80,14,42.0,41.35,18.97,0
9.910,probe_bw,0.75,2.0,20.0,19.128,40.61,134.1,77,11,43.05,42.28,18.993,0
9.915,probe_bw,0.75,2.0,20.0,19.128,40.61,134.1,75,9,43.98,43.18,19.012,0
9.920,probe_bw,0.75,2.0,20.0,19.128,40.61,134.1,73,7,44.91,44.1,19.032,0
9.925,probe_bw,0.75,2.0,20.0,19.128,40.61,134.1,72,6,45.84,45.02,19.05,0
9.930,probe_bw,0.75,2.0,20.0,19.128,40.61,134.1,69,3,46.88,46.07,19.069,0
9.935,probe_bw,0.75,2.0,20.0,19.128,40.61,134.1,67,1,47.81,47.0,19.087,0
9.940,probe_bw,1,2.0,20.0,19.128,40.61,134.1,65,1,48.74,47.93,19.102,0
9.945,probe_bw,1,2.0,20.0,19.128,40.61,134.1,66,1,49.67,48.86,19.119,0
9.950,probe_bw,1,2.0,20.0,19.128,40.61,134.1,65,1,49.41,49.54,19.128,0
9.955,probe_bw,1,2.0,20.0,19.128,40.61,134.1,65,1,47.73,48.74,19.128,0
9.960,probe_bw,1,2.0,20.0,19.128,40.61,134.1,65,1,46.05,47.36,19.128,0
9.965,probe_bw,1,2.0,20.0,19.128,40.61,134.1,65,1,44.37,45.79,19.128,0
9.970,probe_bw,1,2.0,20.0,19.128,40.61,134.1,64,1,42.48,43.94,19.128,0
9.975,probe_bw,1,2.0,20.0,19.128,40.61,134.1,65,1,40.8,42.27,19.128,0
9.980,probe_bw,1,2.0,20.0,19.128,40.61,134.1,67,1,40.61,41.35,18.632,0
9.985,probe_bw,1,2.0,20.0,19.128,40.61,134.1,66,1,40.61,40.83,18.607,0
9.990,probe_bw,1,2.0,20.0,19.128,40.61,134.1,66,1,40.61,40.68,18.585,0
9.995,probe_bw,1,2.0,20.0,19.128,40.61,134.1,66,1,40.61,40.63,18.563,0
10.000,probe_bw,1,2.0,20.0,19.128,40.61,134.1,66,1,40.61,40.62,18.532,0
10.005,probe_bw,1,2.0,20.0,19.128,40.61,134.1,67,1,40.61,40.61,18.51,0
10.010,probe_bw,1,2.0,20.0,19.128,40.61,134.1,67,1,40.61,40.61,18.487,0
10.015,probe_bw,1,2.0,20.0,19.128,40.61,134.1,66,1,40.61,40.61,18.463,0
10.020,probe_bw,1,2.0,20.0,19.128,40.61,134.1,66,1,40.61,40.61,18.843,0
10.025,probe_bw,1,2.0,20.0,19.128,40.61,134.1,66,1,40.61,40.61,18.937,0
10.030,probe_bw,1,2.0,20.0,19.128,40.61,134.1,67,1,40.61,40.61,18.937,0
10.035,probe_bw,1,2.0,20.0,19.128,40.61,134.1,67,1,40.61,40.61,18.937,0
10.040,probe_bw,1,2.0,20.0,19.128,40.61,134.1,67,1,40.61,40.61,18.937,0
10.045,probe_bw,1,2.0,20.0,19.128,40.61,134.1,66,1,40.61,40.61,18.937,0
10.050,probe_bw,1,2.0,20.0,19.128,40.61,134.1,66,1,40.61,40.61,18.937,0
10.055,probe_bw,1,2.0,20.0,19.128,40.61,134.1,66,1,40.61,40.61,18.937,0
10.060,probe_bw,1,2.0,20.0,19.128,40.61,134.1,67,1,40.61,40.61,18.937,0
10.065,probe_bw,1,2.0,20.0,19.128,40.61,134.1,67,1,40.61,40.61,18.937,0
10.070,probe_bw,1,2.0,20.0,19.128,40.61,134.1,66,1,40.61,40.61,18.937,0
10.075,probe_bw,1,2.0,20.0,19.128,40.61,134.1,66,1,40.61,40.61,18.937,0
10.080,probe_bw,1,2.0,20.0,19.128,40.61,134.1,66,1,40.61,40.61,18.937,0
10.085,probe_bw,1,2.0,20.0,19.128,40.61,134.1,66,1,40.61,40.61,18.937,0
10.090,probe_bw,1,2.0,20.0,19.128,40.61,134.1,67,1,40.61,40.61,18.937,0
10.095,probe_bw,1,2.0,20.0,19.128,40.61,134.1,67,1,40.61,40.61,18.937,0
10.100,probe_bw,1,2.0,20.0,19.128,40.61,134.1,66,1,40.61,40.61,18.937,0
10.105,probe_bw,1,2.0,20.0,19.128,40.61,134.1,66,1,40.61,40.61,18.937,0
10.110,probe_bw,1,2.0,20.0,19.128,40.61,134.1,66,1,40.61,40.61,18.937,0
10.115,probe_bw,1,2.0,20.0,19.128,40.61,134.1,66,1,40.61,40.61,18.937,0
10.120,probe_bw,1,2.0,20.0,19.128,40.61,134.1,67,1,40.61,40.61,18.937,0
10.125,probe_bw,1,2.0,20.0,19.128,40.61,134.1,67,1,40.61,40.61,18.937,0
10.130,probe_bw,1,2.0,20.0,19.128,40.61,134.1,66,1,40.61,40.61,18.937,0
10.135,probe_bw,1,2.0,20.0,19.128,40.61,134.1,66,1,40.61,40.61,18.937,0
10.140,probe_bw,1,2.0,20.0,19.128,40.61,134.1,66,1,40.61,40.61,18.937,0
10.145,probe_bw,1,2.0,20.0,19.128,40.61,134.1,67,1,40.61,40.61,18.937,0
10.150,probe_bw,1,2.0,20.0,19.128,40.61,134.1,67,1,40.61,40.61,18.937,0
10.155,probe_bw,1,2.0,20.0,19.128,40.61,134.1,67,1,40.61,40.61,18.937,0
10.160,probe_bw,1,2.0,20.0,19.128,40.61,134.1,66,1,40.61,40.61,18.937,0
10.165,probe_bw,1,2.0,20.0,19.128,40.61,134.1,66,1,40.61,40.61,18.937,0
10.170,probe_bw,1,2.0,20.0,19.128,40.61,134.1,66,1,40.61,40.61,18.937,0
10.175,probe_bw,1,2.0,20.0,19.128,40.61,134.1,67,1,40.61,40.61,18.937,0
10.180,probe_bw,1,2.0,20.0,19.128,40.61,134.1,67,1,40.61,40.61,18.937,0
10.185,probe_bw,1.25,2.0,20.0,19.128,40.61,134.1,66,1,40.61,40.61,18.937,0
10.190,probe_bw,1.25,2.0,20.0,19.128,40.61,134.1,68,3,40.61,40.61,18.937,0
10.195,probe_bw,1.25,2.0,20.0,19.128,40.61,134.1,70,5,40.61,40.61,18.937,0
10.200,probe_bw,1.25,2.0,20.0,19.128,40.61,134.1,73,7,40.61,40.61,18.937,0
10.205,probe_bw,1.25,2.0,20.0,19.128,40.61,134.1,75,9,40.61,40.61,18.937,0
10.210,probe_bw,1.25,2.0,20.0,19.128,40.61,134.1,77,11,40.61,40.61,18.937,0
10.215,probe_bw,1.25,2.0,20.0,19.128,40.61,134.1,78,13,40.61,40.61,18.937,0
10.220,probe_bw,1.25,2.0,20.0,19.128,40.61,134.1,81,15,40.61,40.61,18.937,0
10.225,probe_bw,1.25,2.0,20.0,19.128,40.61,134.1,83,17,40.61,40.61,18.937,0
10.230,probe_bw,0.75,2.0,20.0,19.128,40.61,134.1,81,15,41.42,40.93,18.956,0
10.235,probe_bw,0.75,2.0,20.0,19.128,40.61,134.1,79,13,42.35,41.65,18.978,0
10.240,probe_bw,0.75,2.0,20.0,19.128,40.61,134.1,76,10,43.4,42.61,19.0,0
10.245,probe_bw,0.75,2.0,20.0,19.128,40.61,134.1,75,9,44.33,43.52,19.02,0
10.250,probe_bw,0.75,2.0,20.0,19.128,40.61,134.1,73,7,45.25,44.44,19.038,0
10.255,probe_bw,0.75,2.0,20.0,19.128,40.61,134.1,71,4,46.18,45.37,19.057,0
10.260,probe_bw,0.75,2.0,20.0,19.128,40.61,134.1,68,2,47.23,46.42,19.076,0
10.265,probe_bw,0.75,2.0,20.0,19.128,40.61,134.1,66,1,48.16,47.35,19.092,0
10.270,probe_bw,1,2.0,20.0,19.128,40.61,134.1,65,1,49.09,48.28,19.109,0
10.275,probe_bw,1,2.0,20.0,19.128,40.61,134.1,66,1,50.02,49.21,19.123,0
10.280,probe_bw,1,2.0,20.0,19.128,40.61,134.1,65,1,48.78,49.36,19.128,0
10.285,probe_bw,1,2.0,20.0,19.128,40.61,134.1,65,1,47.1,48.26,19.128,0
10.290,probe_bw,1,2.0,20.0,19.128,40.61,134.1,65,1,45.42,46.79,19.128,0
10.295,probe_bw,1,2.0,20.0,19.128,40.61,134.1,64,1,43.53,44.97,19.128,0
10.300,probe_bw,1,2.0,20.0,19.128,40.61,134.1,65,1,41.85,43.31,19.128,0
10.305,probe_bw,1,2.0,20.0,19.128,40.61,134.1,66,1,40.61,41.88,19.023,0
10.310,probe_bw,1,2.0,20.0,19.128,40.61,134.1,67,1,40.61,41.11,18.624,0
10.315,probe_bw,1,2.0,20.0,19.128,40.61,134.1,66,1,40.61,40.76,18.599,0
10.320,probe_bw,1,2.0,20.0,19.128,40.61,134.1,66,1,40.61,40.66,18.577,0
10.325,probe_bw,1,2.0,20.0,19.128,40.61,134.1,66,1,40.61,40.62,18.555,0
10.330,probe_bw,1,2.0,20.0,19.128,40.61,134.1,67,1,40.61,40.61,18.524,0
10.335,probe_bw,1,2.0,20.0,19.128,40.61,134.1,67,1,40.61,40.61,18.501,0
10.340,probe_bw,1,2.0,20.0,19.128,40.61,134.1,66,1,40.61,40.61,18.476,0
10.345,probe_bw,1,2.0,20.0,19.128,40.61,134.1,66,1,40.61,40.61,18.47,0
10.350,probe_bw,1,2.0,20.0,19.128,40.61,134.1,66,1,40.61,40.61,18.937,0
10.355,probe_bw,1,2.0,20.0,19.128,40.61,134.1,66,1,40.61,40.61,18.937,0
10.360,probe_bw,1,2.0,20.0,19.128,40.61,134.1,67,1,40.61,40.61,18.937,0
10.365,probe_bw,1,2.0,20.0,19.128,40.61,134.1,67,1,40.61,40.61,18.937,0
10.370,probe_bw,1,2.0,20.0,19.128,40.61,134.1,66,1,40.61,40.61,18.937,0
10.375,probe_bw,1,2.0,20.0,19.128,40.61,134.1,66,1,40.61,40.61,18.937,0
10.380,probe_bw,1,2.0,20.0,19.128,40.61,134.1,66,1,40.61,40.61,18.937,0
10.385,probe_bw,1,2.0,20.0,19.128,40.61,134.1,66,1,40.61,40.61,18.937,0
10.390,probe_bw,1,2.0,20.0,19.128,40.61,134.1,67,1,40.61,40.61,18.937,0
10.395,probe_bw,1,2.0,20.0,19.128,40.61,134.1,67,1,40.61,40.61,18.937,0
10.400,probe_bw,1,2.0,20.0,19.128,40.61,134.1,66,1,40.61,40.61,18.937,0
10.405,probe_bw,1,2.0,20.0,19.128,40.61,134.1,66,1,40.61,40.61,18.937,0
10.410,probe_bw,1,2.0,20.0,19.128,40.61,134.1,66,1,40.61,40.61,18.937,0
10.415,probe_bw,1,2.0,20.0,19.128,40.61,134.1,67,1,40.61,40.61,18.937,0
10.420,probe_bw,1,2.0,20.0,19.128,40.61,134.1,67,1,40.61,40.61,18.937,0
10.425,probe_bw,1,2.0,20.0,19.128,40.61,134.1,67,1,40.61,40.61,18.937,0
10.430,probe_bw,1,2.0,20.0,19.128,40.61,134.1,66,1,40.61,40.61,18.937,0
10.435,probe_bw,1,2.0,20.0,19.128,40.61,134.1,66,1,40.61,40.61,18.937,0
10.440,probe_bw,1,2.0,20.0,19.128,40.61,134.1,66,1,40.61,40.61,18.937,0
10.445,probe_bw,1,2.0,20.0,19.128,40.61,134.1,67,1,40.61,40.61,18.937,0
10.450,probe_bw,1,2.0,20.0,19.128,40.61,134.1,67,1,40.61,40.61,18.937,0
10.455,probe_bw,1,2.0,20.0,19.128,40.61,134.1,66,1,40.61,40.61,18.937,0
10.460,probe_bw,1,2.0,20.0,19.128,40.61,134.1,66,1,40.61,40.61,18.937,0
10.465,probe_bw,1,2.0,20.0,19.128,40.61,134.1,66,1,40.61,40.61,18.937,0
10.470,probe_bw,1,2.0,20.0,19.128,40.61,134.1,66,1,40.61,40.61,18.937,0
10.475,probe_bw,1,2.0,20.0,19.128,40.61,134.1,67,1,40.61,40.61,18.937,0
10.480,probe_bw,1,2.0,20.0,19.128,40.61,134.1,67,1,40.61,40.61,18.937,0
10.485,probe_bw,1,2.0,20.0,19.128,40.61,134.1,66,1,40.61,40.61,18.937,0
10.490,probe_bw,1,2.0,20.0,19.128,40.61,134.1,66,1,40.61,40.61,18.937,0
10.495,probe_bw,1,2.0,20.0,19.128,40.61,134.1,66,1,40.61,40.61,18.937,0
10.500,probe_bw,1,2.0,20.0,19.128,40.61,134.1,66,1,40.61,40.61,18.937,0
10.505,probe_bw,1,2.0,20.0,19.128,40.61,134.1,67,1,40.61,40.61,18.937,0
10.510,probe_bw,1,2.0,20.0,19.128,40.61,134.1,67,1,40.61,40.61,18.937,0
10.515,probe_bw,1.25,2.0,20.0,19.128,40.61,134.1,67,2,40.61,40.61,18.937,0
10.520,probe_bw,1.25,2.0,20.0,19.128,40.61,134.1,69,4,40.61,40.61,18.937,0
10.525,probe_bw,1.25,2.0,20.0,19.128,40.61,134.1,71,5,40.61,40.61,18.937,0
10.530,probe_bw,1.25,2.0,20.0,19.128,40.61,134.1,74,8,40.61,40.61,18.937,0
10.535,probe_bw,1.25,2.0,20.0,19.128,40.61,134.1,76,10,40.61,40.61,18.937,0
10.540,probe_bw,1.25,2.0,20.0,19.128,40.61,134.1,78,12,40.61,40.61,18.937,0
10.545,probe_bw,1.25,2.0,20.0,19.128,40.61,134.1,79,13,40.61,40.61,18.937,0
10.550,probe_bw,1.25,2.0,20.0,19.128,40.61,134.1,81,15,40.61,40.61,18.937,0
10.555,probe_bw,0.75,2.0,20.0,19.128,40.61,134.1,82,16,40.84,40.65,18.943,0
10.560,probe_bw,0.75,2.0,20.0,19.128,40.61,134.1,80,14,41.77,41.17,18.964,0
10.565,probe_bw,0.75,2.0,20.0,19.128,40.61,134.1,78,12,42.81,42.06,18.988,0
10.570,probe_bw,0.75,2.0,20.0,19.128,40.61,134.1,76,10,43.74,42.95,19.008,0
10.575,probe_bw,0.75,2.0,20.0,19.128,40.61,134.1,74,8,44.67,43.87,19.027,0
10.580,probe_bw,0.75,2.0,20.0,19.128,40.61,134.1,72,6,45.6,44.79,19.046,0
10.585,probe_bw,0.75,2.0,20.0,19.128,40.61,134.1,69,3,46.65,45.84,19.066,0
10.590,probe_bw,0.75,2.0,20.0,19.128,40.61,134.1,67,1,47.58,46.77,19.082,0
10.595,probe_bw,1,2.0,20.0,19.128,40.61,134.1,65,0,48.51,47.7,19.099,0
10.600,probe_bw,1,2.0,20.0,19.128,40.61,134.1,66,1,49.44,48.63,19.114,0
10.605,probe_bw,1,2.0,20.0,19.128,40.61,134.1,65,1,49.83,49.55,19.128,0
10.610,probe_bw,1,2.0,20.0,19.128,40.61,134.1,65,1,48.15,49.02,19.128,0
10.615,probe_bw,1,2.0,20.0,19.128,40.61,134.1,65,1,46.47,47.74,19.128,0
10.620,probe_bw,1,2.0,20.0,19.128,40.61,134.1,65,1,44.79,46.19,19.128,0
10.625,probe_bw,1,2.0,20.0,19.128,40.61,134.1,64,1,42.9,44.35,19.128,0
10.630,probe_bw,1,2.0,20.0,19.128,40.61,134.1,65,1,41.22,42.68,19.128,0
10.635,probe_bw,1,2.0,20.0,19.128,40.61,134.1,66,1,40.61,41.46,18.728,0
10.640,probe_bw,1,2.0,20.0,19.128,40.61,134.1,66,1,40.61,40.9,18.613,0
10.645,probe_bw,1,2.0,20.0,19.128,40.61,134.1,66,1,40.61,40.71,18.59,0
10.650,probe_bw,1,2.0,20.0,19.128,40.61,134.1,66,1,40.61,40.64,18.568,0
10.655,probe_bw,1,2.0,20.0,19.128,40.61,134.1,66,1,40.61,40.62,18.538,0
10.660,probe_bw,1,2.0,20.0,19.128,40.61,134.1,67,1,40.61,40.61,18.515,0
10.665,probe_bw,1,2.0,20.0,19.128,40.61,134.1,67,1,40.61,40.61,18.493,0
10.670,probe_bw,1,2.0,20.0,19.128,40.61,134.1,66,1,40.61,40.61,18.468,0
10.675,probe_bw,1,2.0,20.0,19.128,40.61,134.1,66,1,40.61,40.61,18.747,0
10.680,probe_bw,1,2.0,20.0,19.128,40.61,134.1,66,1,40.61,40.61,18.937,0
10.685,probe_bw,1,2.0,20.0,19.128,40.61,134.1,66,1,40.61,40.61,18.937,0
10.690,probe_bw,1,2.0,20.0,19.128,40.61,134.1,67,1,40.61,40.61,18.937,0
10.695,probe_bw,1,2.0,20.0,19.128,40.61,134.1,67,1,40.61,40.61,18.937,0
10.700,probe_bw,1,2.0,20.0,19.128,40.61,134.1,66,1,40.61,40.61,18.937,0
10.705,probe_bw,1,2.0,20.0,19.128,40.61,134.1,66,1,40.61,40.61,18.937,0
10.710,probe_bw,1,2.0,20.0,19.128,40.61,134.1,66,1,40.61,40.61,18.937,0
10.715,probe_bw,1,2.0,20.0,19.128,40.61,134.1,67,1,40.61,40.61,18.937,0
10.720,probe_bw,1,2.0,20.0,19.128,40.61,134.1,67,1,40.61,40.61,18.937,0
10.725,probe_bw,1,2.0,20.0,19.128,40.61,134.1,67,1,40.61,40.61,18.937,0
10.730,probe_bw,1,2.0,20.0,19.128,40.61,134.1,66,1,40.61,40.61,18.937,0
10.735,probe_bw,1,2.0,20.0,19.128,40.61,134.1,66,1,40.61,40.61,18.937,0
10.740,probe_bw,1,2.0,20.0,19.128,40.61,134.1,66,1,40.61,40.61,18.937,0
10.745,probe_bw,1,2.0,20.0,19.128,40.61,134.1,67,1,40.61,40.61,18.937,0
10.750,probe_bw,1,2.0,20.0,19.128,40.61,134.1,67,1,40.61,40.61,18.937,0
10.755,probe_bw,1,2.0,20.0,19.128,40.61,134.1,66,1,40.61,40.61,18.937,0
10.760,probe_bw,1,2.0,20.0,19.128,40.61,134.1,66,1,40.61,40.61,18.937,0
10.765,probe_bw,1,2.0,20.0,19.128,40.61,134.1,66,1,40.61,40.61,18.937,0
10.770,probe_bw,1,2.0,20.0,19.128,40.61,134.1,66,1,40.61,40.61,18.937,0
10.775,probe_bw,1,2.0,20.0,19.128,40.61,134.1,67,1,40.61,40.61,18.937,0
10.780,probe_bw,1,2.0,20.0,19.128,40.61,134.1,67,1,40.61,40.61,18.937,0
10.785,probe_bw,1,2.0,20.0,19.128,40.61,134.1,66,1,40.61,40.61,18.937,0
10.790,probe_bw,1,2.0,20.0,19.128,40.61,134.1,66,1,40.61,40.61,18.937,0
10.795,probe_bw,1,2.0,20.0,19.128,40.61,134.1,66,1,40.61,40.61,18.937,0
10.800,probe_bw,1,2.0,20.0,19.128,40.61,134.1,66,1,40.61,40.61,18.937,0
10.805,probe_bw,1,2.0,20.0,19.128,40.61,134.1,67,1,40.61,40.61,18.937,0
10.810,probe_bw,1,2.0,20.0,19.128,40.61,134.1,67,1,40.61,40.61,18.937,0
10.815,probe_bw,1,2.0,20.0,19.128,40.61,134.1,66,1,40.61,40.61,18.937,0
10.820,probe_bw,1,2.0,20.0,19.128,40.61,134.1,66,1,40.61,40.61,18.937,0
10.825,probe_bw,1,2.0,20.0,19.128,40.61,134.1,66,1,40.61,40.61,18.937,0
10.830,probe_bw,1,2.0,20.0,19.128,40.61,134.1,67,1,40.61,40.61,18.937,0
10.835,probe_bw,1,2.0,20.0,19.128,40.61,134.1,67,1,40.61,40.61,18.937,0
10.840,probe_bw,1,2.0,20.0,19.128,40.61,134.1,67,1,40.61,40.61,18.937,0
10.845,probe_bw,1.25,2.0,20.0,19.128,40.61,134.1,68,3,40.61,40.61,18.937,0
10.850,probe_bw,1.25,2.0,20.0,19.128,40.61,134.1,70,5,40.61,40.61,18.937,0
10.855,probe_bw,1.25,2.0,20.0,19.128,40.61,134.1,72,6,40.61,40.61,18.937,0
10.860,probe_bw,1.25,2.0,20.0,19.128,40.61,134.1,74,8,40.61,40.61,18.937,0
10.865,probe_bw,1.25,2.0,20.0,19.128,40.61,134.1,77,11,40.61,40.61,18.937,0
10.870,probe_bw,1.25,2.0,20.0,19.128,40.61,134.1,78,13,40.61,40.61,18.937,0
10.875,probe_bw,1.25,2.0,20.0,19.128,40.61,134.1,80,14,40.61,40.61,18.937,0
10.880,probe_bw,1.25,2.0,20.0,19.128,40.61,134.1,82,16,40.61,40.61,18.937,0
10.885,probe_bw,0.75,2.0,20.0,19.128,40.61,134.1,82,16,41.19,40.79,18.951,0
10.890,probe_bw,0.75,2.0,20.0,19.128,40.61,134.1,80,14,42.12,41.45,18.973,0
10.895,probe_bw,0.75,2.0,20.0,19.128,40.61,134.1,77,11,43.16,42.39,18.996,0
10.900,probe_bw,0.75,2.0,20.0,19.128,40.61,134.1,75,9,44.09,43.29,19.015,0
10.905,probe_bw,0.75,2.0,20.0,19.128,40.61,134.1,73,7,45.02,44.21,19.035,0
10.910,probe_bw,0.75,2.0,20.0,19.128,40.61,134.1,71,5,45.95,45.14,19.052,0
10.915,probe_bw,0.75,2.0,20.0,19.128,40.61,134.1,68,2,47.0,46.19,19.071,0
10.920,probe_bw,0.75,2.0,20.0,19.128,40.61,134.1,67,1,47.93,47.11,19.089,0
10.925,probe_bw,1,2.0,20.0,19.128,40.61,134.1,65,1,48.86,48.04,19.104,0
10.930,probe_bw,1,2.0,20.0,19.128,40.61,134.1,66,1,49.79,48.97,19.119,0
10.935,probe_bw,1,2.0,20.0,19.128,40.61,134.1,65,1,49.2,49.5,19.128,0
10.940,probe_bw,1,2.0,20.0,19.128,40.61,134.1,65,1,47.52,48.59,19.128,0
10.945,probe_bw,1,2.0,20.0,19.128,40.61,134.1,65,1,45.84,47.17,19.128,0
10.950,probe_bw,1,2.0,20.0,19.128,40.61,134.1,65,1,44.16,45.58,19.128,0
10.955,probe_bw,1,2.0,20.0,19.128,40.61,134.1,64,1,42.27,43.73,19.128,0
10.960,probe_bw,1,2.0,20.0,19.128,40.61,134.1,65,1,40.61,42.06,19.122,0
10.965,probe_bw,1,2.0,20.0,19.128,40.61,134.1,67,1,40.61,41.26,18.629,0
10.970,probe_bw,1,2.0,20.0,19.128,40.61,134.1,66,1,40.61,40.8,18.604,0
10.975,probe_bw,1,2.0,20.0,19.128,40.61,134.1,66,1,40.61,40.67,18.582,0
10.980,probe_bw,1,2.0,20.0,19.128,40.61,134.1,66,1,40.61,40.63,18.56,0
10.985,probe_bw,1,2.0,20.0,19.128,40.61,134.1,67,1,40.61,40.61,18.529,0
10.990,probe_bw,1,2.0,20.0,19.128,40.61,134.1,67,1,40.61,40.61,18.507,0
10.995,probe_bw,1,2.0,20.0,19.128,40.61,134.1,67,1,40.61,40.61,18.485,0
11.000,probe_bw,1,2.0,20.0,19.128,40.61,134.1,66,1,40.61,40.61,18.46,0
11.005,probe_bw,1,2.0,20.0,19.128,40.61,134.1,66,1,40.61,40.61,18.937,0
11.010,probe_bw,1,2.0,20.0,19.128,40.61,134.1,66,1,40.61,40.61,18.937,0
11.015,probe_bw,1,2.0,20.0,19.128,40.61,134.1,67,1,40.61,40.61,18.937,0
11.020,probe_bw,1,2.0,20.0,19.128,40.61,134.1,67,1,40.61,40.61,18.937,0
11.025,probe_bw,1,2.0,20.0,19.128,40.61,134.1,66,1,40.61,40.61,18.937,0
11.030,probe_bw,1,2.0,20.0,19.128,40.61,134.1,66,1,40.61,40.61,18.937,0
11.035,probe_bw,1,2.0,20.0,19.128,40.61,134.1,66,1,40.61,40.61,18.937,0
11.040,probe_bw,1,2.0,20.0,19.128,40.61,134.1,66,1,40.61,40.61,18.937,0
11.045,probe_bw,1,2.0,20.0,19.128,40.61,134.1,67,1,40.61,40.61,18.937,0
11.050,probe_bw,1,2.0,20.0,19.128,40.61,134.1,67,1,40.61,40.61,18.937,0
11.055,probe_bw,1,2.0,20.0,19.128,40.61,134.1,66,1,40.61,40.61,18.937,0
11.060,probe_bw,1,2.0,20.0,19.128,40.61,134.1,66,1,40.61,40.61,18.937,0
11.065,probe_bw,1,2.0,20.0,19.128,40.61,134.1,66,1,40.61,40.61,18.937,0
11.070,probe_bw,1,2.0,20.0,19.128,40.61,134.1,66,1,40.61,40.61,18.937,0
11.075,probe_bw,1,2.0,20.0,19.128,40.61,134.1,67,1,40.61,40.61,18.937,0
11.080,probe_bw,1,2.0,20.0,19.128,40.61,134.1,67,1,40.61,40.61,18.937,0
11.085,probe_bw,1,2.0,20.0,19.128,40.61,134.1,66,1,40.61,40.61,18.937,0
11.090,probe_bw,1,2.0,20.0,19.128,40.61,134.1,66,1,40.61,40.61,18.937,0
11.095,probe_bw,1,2.0,20.0,19.128,40.61,134.1,66,1,40.61,40.61,18.937,0
11.100,probe_bw,1,2.0,20.0,19.128,40.61,134.1,67,1,40.61,40.61,18.937,0
11.105,probe_bw,1,2.0,20.0,19.128,40.61,134.1,67,1,40.61,40.61,18.937,0
11.110,probe_bw,1,2.0,20.0,19.128,40.61,134.1,67,1,40.61,40.61,18.937,0
11.115,probe_bw,1,2.0,20.0,19.128,40.61,134.1,66,1,40.61,40.61,18.937,0
11.120,probe_bw,1,2.0,20.0,19.128,40.61,134.1,66,1,40.61,40.61,18.937,0
11.125,probe_bw,1,2.0,20.0,19.128,40.61,134.1,66,1,40.61,40.61,18.937,0
11.130,probe_bw,1,2.0,20.0,19.128,40.61,134.1,67,1,40.61,40.61,18.937,0
11.135,probe_bw,1,2.0,20.0,19.128,40.61,134.1,67,1,40.61,40.61,18.937,0
11.140,probe_bw,1,2.0,20.0,19.128,40.61,134.1,66,1,40.61,40.61,18.937,0
11.145,probe_bw,1,2.0,20.0,19.128,40.61,134.1,66,1,40.61,40.61,18.937,0
11.150,probe_bw,1,2.0,20.0,19.128,40.61,134.1,66,1,40.61,40.61,18.937,0
11.155,probe_bw,1,2.0,20.0,19.128,40.61,134.1,66,1,40.61,40.61,18.937,0
11.160,probe_bw,1,2.0,20.0,19.128,40.61,134.1,67,1,40.61,40.61,18.937,0
11.165,probe_bw,1,2.0,20.0,19.128,40.61,134.1,67,1,40.61,40.61,18.937,0
11.170,probe_bw,1.25,2.0,20.0,19.128,40.61,134.1,66,1,40.61,40.61,18.937,0
11.175,probe_bw,1.25,2.0,20.0,19.128,40.61,134.1,69,4,40.61,40.61,18.937,0
11.180,probe_bw,1.25,2.0,20.0,19.128,40.61,134.1,71,6,40.61,40.61,18.937,0
11.185,probe_bw,1.25,2.0,20.0,19.128,40.61,134.1,73,7,40.61,40.61,18.937,0
11.190,probe_bw,1.25,2.0,20.0,19.128,40.61,134.1,75,9,40.61,40.61,18.937,0
11.195,probe_bw,1.25,2.0,20.0,19.128,40.61,134.1,77,11,40.61,40.61,18.937,0
11.200,probe_bw,1.25,2.0,20.0,19.128,40.61,134.1,79,14,40.61,40.61,18.937,0
11.205,probe_bw,1.25,2.0,20.0,19.128,40.61,134.1,81,15,40.61,40.61,18.937,0
11.210,probe_bw,0.75,2.0,20.0,19.128,40.61,134.1,83,17,40.61,40.61,18.937,0
11.215,probe_bw,0.75,2.0,20.0,19.128,40.61,134.1,81,15,41.54,41.0,18.959,0
11.220,probe_bw,0.75,2.0,20.0,19.128,40.61,134.1,79,12,42.47,41.75,18.98,0
11.225,probe_bw,0.75,2.0,20.0,19.128,40.61,134.1,76,10,43.51,42.73,19.003,0
11.230,probe_bw,0.75,2.0,20.0,19.128,40.61,134.1,74,8,44.44,43.64,19.023,0
11.235,probe_bw,0.75,2.0,20.0,19.128,40.61,134.1,72,6,45.37,44.56,19.041,0
11.240,probe_bw,0.75,2.0,20.0,19.128,40.61,134.1,71,4,46.3,45.49,19.058,0
11.245,probe_bw,0.75,2.0,20.0,19.128,40.61,134.1,68,2,47.35,46.53,19.079,0
11.250,probe_bw,0.75,2.0,20.0,19.128,40.61,134.1,66,1,48.28,47.46,19.094,0
11.255,probe_bw,1,2.0,20.0,19.128,40.61,134.1,65,0,49.21,48.39,19.109,0
11.260,probe_bw,1,2.0,20.0,19.128,40.61,134.1,65,1,50.25,49.44,19.128,0
11.265,probe_bw,1,2.0,20.0,19.128,40.61,134.1,65,1,48.57,49.26,19.128,0
11.270,probe_bw,1,2.0,20.0,19.128,40.61,134.1,65,1,46.89,48.09,19.128,0
11.275,probe_bw,1,2.0,20.0,19.128,40.61,134.1,65,1,45.21,46.59,19.128,0
11.280,probe_bw,1,2.0,20.0,19.128,40.61,134.1,64,1,43.32,44.76,19.128,0
11.285,probe_bw,1,2.0,20.0,19.128,40.61,134.1,65,1,41.64,43.1,19.128,0
11.290,probe_bw,1,2.0,20.0,19.128,40.61,134.1,66,1,40.61,41.72,18.926,0
11.295,probe_bw,1,2.0,20.0,19.128,40.61,134.1,66,1,40.61,40.99,18.618,0
11.300,probe_bw,1,2.0,20.0,19.128,40.61,134.1,66,1,40.61,40.74,18.596,0
11.305,probe_bw,1,2.0,20.0,19.128,40.61,134.1,66,1,40.61,40.65,18.574,0
11.310,probe_bw,1,2.0,20.0,19.128,40.61,134.1,66,1,40.61,40.62,18.543,0
11.315,probe_bw,1,2.0,20.0,19.128,40.61,134.1,67,1,40.61,40.61,18.521,0
11.320,probe_bw,1,2.0,20.0,19.128,40.61,134.1,67,1,40.61,40.61,18.499,0
11.325,probe_bw,1,2.0,20.0,19.128,40.61,134.1,66,1,40.61,40.61,18.474,0
11.330,probe_bw,1,2.0,20.0,19.128,40.61,134.1,66,1,40.61,40.61,18.562,0
11.335,probe_bw,1,2.0,20.0,19.128,40.61,134.1,66,1,40.61,40.61,18.937,0
11.340,probe_bw,1,2.0,20.0,19.128,40.61,134.1,66,1,40.61,40.61,18.937,0
11.345,probe_bw,1,2.0,20.0,19.128,40.61,134.1,67,1,40.61,40.61,18.937,0
11.350,probe_bw,1,2.0,20.0,19.128,40.61,134.1,67,1,40.61,40.61,18.937,0
11.355,probe_bw,1,2.0,20.0,19.128,40.61,134.1,66,1,40.61,40.61,18.937,0
11.360,probe_bw,1,2.0,20.0,19.128,40.61,134.1,66,1,40.61,40.61,18.937,0
11.365,probe_bw,1,2.0,20.0,19.128,40.61,134.1,66,1,40.61,40.61,18.937,0
11.370,probe_bw,1,2.0,20.0,19.128,40.61,134.1,66,1,40.61,40.61,18.937,0
11.375,probe_bw,1,2.0,20.0,19.128,40.61,134.1,67,1,40.61,40.61,18.937,0
11.380,probe_bw,1,2.0,20.0,19.128,40.61,134.1,67,1,40.61,40.61,18.937,0
11.385,probe_bw,1,2.0,20.0,19.128,40.61,134.1,66,1,40.61,40.61,18.937,0
11.390,probe_bw,1,2.0,20.0,19.128,40.61,134.1,66,1,40.61,40.61,18.937,0
11.395,probe_bw,1,2.0,20.0,19.128,40.61,134.1,66,1,40.61,40.61,18.937,0
11.400,probe_bw,1,2.0,20.0,19.128,40.61,134.1,67,1,40.61,40.61,18.937,0
11.405,probe_bw,1,2.0,20.0,19.128,40.61,134.1,67,1,40.61,40.61,18.937,0
11.410,probe_bw,1,2.0,20.0,19.128,40.61,134.1,67,1,40.61,40.61,18.937,0
11.415,probe_bw,1,2.0,20.0,19.128,40.61,134.1,66,1,40.61,40.61,18.937,0
11.420,probe_bw,1,2.0,20.0,19.128,40.61,134.1,66,1,40.61,40.61,18.937,0
11.425,probe_bw,1,2.0,20.0,19.128,40.61,134.1,66,1,40.61,40.61,18.937,0
11.430,probe_bw,1,2.0,20.0,19.128,40.61,134.1,67,1,40.61,40.61,18.937,0
11.435,probe_bw,1,2.0,20.0,19.128,40.61,134.1,67,1,40.61,40.61,18.937,0
11.440,probe_bw,1,2.0,20.0,19.128,40.61,134.1,66,1,40.61,40.61,18.937,0
11.445,probe_bw,1,2.0,20.0,19.128,40.61,134.1,66,1,40.61,40.61,18.937,0
11.450,probe_bw,1,2.0,20.0,19.128,40.61,134.1,66,1,40.61,40.61,18.937,0
11.455,probe_bw,1,2.0,20.0,19.128,40.61,134.1,66,1,40.61,40.61,18.937,0
11.460,probe_bw,1,2.0,20.0,19.128,40.61,134.1,67,1,40.61,40.61,18.937,0
11.465,probe_bw,1,2.0,20.0,19.128,40.61,134.1,67,1,40.61,40.61,18.937,0
11.470,probe_bw,1,2.0,20.0,19.128,40.61,134.1,66,1,40.61,40.61,18.937,0
11.475,probe_bw,1,2.0,20.0,19.128,40.61,134.1,66,1,40.61,40.61,18.937,0
11.480,probe_bw,1,2.0,20.0,19.128,40.61,134.1,66,1,40.61,40.61,18.937,0
11.485,probe_bw,1,2.0,20.0,19.128,40.61,134.1,66,1,40.61,40.61,18.937,0
11.490,probe_bw,1,2.0,20.0,19.128,40.61,134.1,67,1,40.61,40.61,18.937,0
11.495,probe_bw,1,2.0,20.0,19.128,40.61,134.1,67,1,40.61,40.61,18.937,0
11.500,probe_bw,1.25,2.0,20.0,19.128,40.61,134.1,67,2,40.61,40.61,18.937,0
11.505,probe_bw,1.25,2.0,20.0,19.128,40.61,134.1,69,4,40.61,40.61,18.937,0
11.510,probe_bw,1.25,2.0,20.0,19.128,40.61,134.1,72,6,40.61,40.61,18.937,0
11.515,probe_bw,1.25,2.0,20.0,19.128,40.61,134.1,74,8,40.61,40.61,18.937,0
11.520,probe_bw,1.25,2.0,20.0,19.128,40.61,134.1,76,10,40.61,40.61,18.937,0
11.525,probe_bw,1.25,2.0,20.0,19.128,40.61,134.1,78,12,40.61,40.61,18.937,0
11.530,probe_bw,1.25,2.0,20.0,19.128,40.61,134.1,79,13,40.61,40.61,18.937,0
11.535,probe_bw,1.25,2.0,20.0,19.128,40.61,134.1,82,16,40.61,40.61,18.937,0
11.540,probe_bw,0.75,2.0,20.0,19.128,40.61,134.1,82,16,40.95,40.69,18.945,0
11.545,probe_bw,0.75,2.0,20.0,19.128,40.61,134.1,80,14,41.88,41.26,18.967,0
11.550,probe_bw,0.75,2.0,20.0,19.128,40.61,134.1,77,11,42.93,42.17,18.99,0
11.555,probe_bw,0.75,2.0,20.0,19.128,40.61,134.1,76,10,43.86,43.07,19.011,0
11.560,probe_bw,0.75,2.0,20.0,19.128,40.61,134.1,74,8,44.79,43.98,19.029,0
11.565,probe_bw,0.75,2.0,20.0,19.128,40.61,134.1,72,6,45.72,44.91,19.047,0
11.570,probe_bw,0.75,2.0,20.0,19.128,40.61,134.1,69,3,46.77,45.95,19.068,0
11.575,probe_bw,0.75,2.0,20.0,19.128,40.61,134.1,67,1,47.7,46.88,19.084,0
11.580,probe_bw,1,2.0,20.0,19.128,40.61,134.1,65,1,48.62,47.81,19.1,0
11.585,probe_bw,1,2.0,20.0,19.128,40.61,134.1,66,1,49.55,48.74,19.116,0
11.590,probe_bw,1,2.0,20.0,19.128,40.61,134.1,65,1,49.62,49.56,19.128,0
11.595,probe_bw,1,2.0,20.0,19.128,40.61,134.1,65,1,47.94,48.89,19.128,0
11.600,probe_bw,1,2.0,20.0,19.128,40.61,134.1,65,1,46.26,47.55,19.128,0
11.605,probe_bw,1,2.0,20.0,19.128,40.61,134.1,65,1,44.58,45.99,19.128,0
11.610,probe_bw,1,2.0,20.0,19.128,40.61,134.1,64,1,42.69,44.14,19.128,0
11.615,probe_bw,1,2.0,20.0,19.128,40.61,134.1,65,1,41.01,42.48,19.128,0
11.620,probe_bw,1,2.0,20.0,19.128,40.61,134.1,67,1,40.61,41.46,18.728,0
11.625,probe_bw,1,2.0,20.0,19.128,40.61,134.1,66,1,40.61,40.86,18.61,0
11.630,probe_bw,1,2.0,20.0,19.128,40.61,134.1,66,1,40.61,40.69,18.588,0
11.635,probe_bw,1,2.0,20.0,19.128,40.61,134.1,66,1,40.61,40.64,18.566,0
11.640,probe_bw,1,2.0,20.0,19.128,40.61,134.1,66,1,40.61,40.62,18.535,0
11.645,probe_bw,1,2.0,20.0,19.128,40.61,134.1,67,1,40.61,40.61,18.512,0
11.650,probe_bw,1,2.0,20.0,19.128,40.61,134.1,67,1,40.61,40.61,18.49,0
11.655,probe_bw,1,2.0,20.0,19.128,40.61,134.1,66,1,40.61,40.61,18.465,0
11.660,probe_bw,1,2.0,20.0,19.128,40.61,134.1,66,1,40.61,40.61,18.75,0
11.665,probe_bw,1,2.0,20.0,19.128,40.61,134.1,66,1,40.61,40.61,18.937,0
11.670,probe_bw,1,2.0,20.0,19.128,40.61,134.1,67,1,40.61,40.61,18.937,0
11.675,probe_bw,1,2.0,20.0,19.128,40.61,134.1,67,1,40.61,40.61,18.937,0
11.680,probe_bw,1,2.0,20.0,19.128,40.61,134.1,67,1,40.61,40.61,18.937,0
11.685,probe_bw,1,2.0,20.0,19.128,40.61,134.1,66,1,40.61,40.61,18.937,0
11.690,probe_bw,1,2.0,20.0,19.128,40.61,134.1,66,1,40.61,40.61,18.937,0
11.695,probe_bw,1,2.0,20.0,19.128,40.61,134.1,66,1,40.61,40.61,18.937,0
11.700,probe_bw,1,2.0,20.0,19.128,40.61,134.1,67,1,40.61,40.61,18.937,0
11.705,probe_bw,1,2.0,20.0,19.128,40.61,134.1,67,1,40.61,40.61,18.937,0
11.710,probe_bw,1,2.0,20.0,19.128,40.61,134.1,66,1,40.61,40.61,18.937,0
11.715,probe_bw,1,2.0,20.0,19.128,40.61,134.1,66,1,40.61,40.61,18.937,0
11.720,probe_bw,1,2.0,20.0,19.128,40.61,134.1,66,1,40.61,40.61,18.937,0
11.725,probe_bw,1,2.0,20.0,19.128,40.61,134.1,66,1,40.61,40.61,18.937,0
11.730,probe_bw,1,2.0,20.0,19.128,40.61,134.1,67,1,40.61,40.61,18.937,0
11.735,probe_bw,1,2.0,20.0,19.128,40.61,134.1,67,1,40.61,40.61,18.937,0
11.740,probe_bw,1,2.0,20.0,19.128,40.61,134.1,66,1,40.61,40.61,18.937,0
11.745,probe_bw,1,2.0,20.0,19.128,40.61,134.1,66,1,40.61,40.61,18.937,0
11.750,probe_bw,1,2.0,20.0,19.128,40.61,134.1,66,1,40.61,40.61,18.937,0
11.755,probe_bw,1,2.0,20.0,19.128,40.61,134.1,66,1,40.61,40.61,18.937,0
11.760,probe_bw,1,2.0,20.0,19.128,40.61,134.1,67,1,40.61,40.61,18.937,0
11.765,probe_bw,1,2.0,20.0,19.128,40.61,134.1,67,1,40.61,40.61,18.937,0
11.770,probe_bw,1,2.0,20.0,19.128,40.61,134.1,66,1,40.61,40.61,18.937,0
11.775,probe_bw,1,2.0,20.0,19.128,40.61,134.1,66,1,40.61,40.61,18.937,0
11.780,probe_bw,1,2.0,20.0,19.128,40.61,134.1,66,1,40.61,40.61,18.937,0
11.785,probe_bw,1,2.0,20.0,19.128,40.61,134.1,67,1,40.61,40.61,18.937,0
11.790,probe_bw,1,2.0,20.0,19.128,40.61,134.1,67,1,40.61,40.61,18.937,0
11.795,probe_bw,1,2.0,20.0,19.128,40.61,134.1,67,1,40.61,40.61,18.937,0
11.800,probe_bw,1,2.0,20.0,19.128,40.61,134.1,66,1,40.61,40.61,18.937,0
11.805,probe_bw,1,2.0,20.0,19.128,40.61,134.1,66,1,40.61,40.61,18.937,0
11.810,probe_bw,1,2.0,20.0,19.128,40.61,134.1,66,1,40.61,40.61,18.937,0
11.815,probe_bw,1,2.0,20.0,19.128,40.61,134.1,67,1,40.61,40.61,18.937,0
11.820,probe_bw,1,2.0,20.0,19.128,40.61,134.1,67,1,40.61,40.61,18.937,0
11.825,probe_bw,1.25,2.0,20.0,19.128,40.61,134.1,66,1,40.61,40.61,18.937,0
11.830,probe_bw,1.25,2.0,20.0,19.128,40.61,134.1,68,3,40.61,40.61,18.937,0
11.835,probe_bw,1.25,2.0,20.0,19.128,40.61,134.1,70,5,40.61,40.61,18.937,0
11.840,probe_bw,1.25,2.0,20.0,19.128,40.61,134.1,72,6,40.61,40.61,18.937,0
11.845,probe_bw,1.25,2.0,20.0,19.128,40.61,134.1,75,9,40.61,40.61,18.937,0
11.850,probe_bw,1.25,2.0,20.0,19.128,40.61,134.1,77,11,40.61,40.61,18.937,0
11.855,probe_bw,1.25,2.0,20.0,19.128,40.61,134.1,78,13,40.61,40.61,18.937,0
11.860,probe_bw,1.25,2.0,20.0,19.128,40.61,134.1,80,14,40.61,40.61,18.937,0
11.865,probe_bw,1.25,2.0,20.0,19.128,40.61,134.1,82,16,40.61,40.61,18.937,0
11.870,probe_bw,0.75,2.0,20.0,19.128,40.61,134.1,81,15,41.3,40.85,18.954,0
11.875,probe_bw,0.75,2.0,20.0,19.128,40.61,134.1,80,14,42.23,41.54,18.975,0
11.880,probe_bw,0.75,2.0,20.0,19.128,40.61,134.1,77,11,43.28,42.5,18.998,0
11.885,probe_bw,0.75,2.0,20.0,19.128,40.61,134.1,75,9,44.21,43.41,19.018,0
11.890,probe_bw,0.75,2.0,20.0,19.128,40.61,134.1,73,7,45.14,44.33,19.036,0
11.895,probe_bw,0.75,2.0,20.0,19.128,40.61,134.1,71,5,46.07,45.26,19.055,0
11.900,probe_bw,0.75,2.0,20.0,19.128,40.61,134.1,68,2,47.11,46.3,19.074,0
11.905,probe_bw,0.75,2.0,20.0,19.128,40.61,134.1,66,0,48.04,47.23,19.09,0
11.910,probe_bw,1,2.0,20.0,19.128,40.61,134.1,65,1,48.97,48.16,19.107,0
11.915,probe_bw,1,2.0,20.0,19.128,40.61,134.1,66,1,49.9,49.09,19.121,0
11.920,probe_bw,1,2.0,20.0,19.128,40.61,134.1,65,1,48.99,49.44,19.128,0
11.925,probe_bw,1,2.0,20.0,19.128,40.61,134.1,65,1,47.31,48.43,19.128,0
11.930,probe_bw,1,2.0,20.0,19.128,40.61,134.1,65,1,45.63,46.98,19.128,0
11.935,probe_bw,1,2.0,20.0,19.128,40.61,134.1,65,1,43.95,45.38,19.128,0
11.940,probe_bw,1,2.0,20.0,19.128,40.61,134.1,64,1,42.06,43.52,19.128,0
11.945,probe_bw,1,2.0,20.0,19.128,40.61,134.1,65,1,40.61,41.88,19.023,0
11.950,probe_bw,1,2.0,20.0,19.128,40.61,134.1,67,1,40.61,41.18,18.626,0
11.955,probe_bw,1,2.0,20.0,19.128,40.61,134.1,66,1,40.61,40.78,18.601,0
11.960,probe_bw,1,2.0,20.0,19.128,40.61,134.1,66,1,40.61,40.66,18.579,0
11.965,probe_bw,1,2.0,20.0,19.128,40.61,134.1,66,1,40.61,40.63,18.557,0
11.970,probe_bw,1,2.0,20.0,19.128,40.61,134.1,67,1,40.61,40.61,18.526,0
11.975,probe_bw,1,2.0,20.0,19.128,40.61,134.1,67,1,40.61,40.61,18.504,0
11.980,probe_bw,1,2.0,20.0,19.128,40.61,134.1,67,1,40.61,40.61,18.482,0
11.985,probe_bw,1,2.0,20.0,19.128,40.61,134.1,66,1,40.61,40.61,18.463,0
11.990,probe_bw,1,2.0,20.0,19.128,40.61,134.1,66,1,40.61,40.61,18.937,0
11.995,probe_bw,1,2.0,20.0,19.128,40.61,134.1,66,1,40.61,40.61,18.937,0
12.000,probe_bw,1,2.0,20.0,19.128,40.61,134.1,67,1,40.61,40.61,18.937,0
12.005,probe_bw,1,2.0,20.0,19.128,40.61,134.1,67,1,40.61,40.61,18.937,0
12.010,probe_bw,1,2.0,20.0,19.128,40.61,134.1,66,1,40.61,40.61,18.937,0
12.015,probe_bw,1,2.0,20.0,19.128,40.61,134.1,66,1,40.61,40.61,18.937,0
12.020,probe_bw,1,2.0,20.0,19.128,40.61,134.1,66,1,40.61,40.61,18.937,0
12.025,probe_bw,1,2.0,20.0,19.128,40.61,134.1,66,1,40.61,40.61,18.937,0
12.030,probe_bw,1,2.0,20.0,19.128,40.61,134.1,67,1,40.61,40.61,18.937,0
12.035,probe_bw,1,2.0,20.0,19.128,40.61,134.1,67,1,40.61,40.61,18.937,0
12.040,probe_bw,1,2.0,20.0,19.128,40.61,134.1,66,1,40.61,40.61,18.937,0
12.045,probe_bw,1,2.0,20.0,19.128,40.61,134.1,66,1,40.61,40.61,18.937,0
12.050,probe_bw,1,2.0,20.0,19.128,40.61,134.1,66,1,40.61,40.61,18.937,0
12.055,probe_bw,1,2.0,20.0,19.128,40.61,134.1,66,1,40.61,40.61,18.937,0
12.060,probe_bw,1,2.0,20.0,19.128,40.61,134.1,67,1,40.61,40.61,18.937,0
12.065,probe_bw,1,2.0,20.0,19.128,40.61,134.1,67,1,40.61,40.61,18.937,0
12.070,probe_bw,1,2.0,20.0,19.128,40.61,134.1,66,1,40.61,40.61,18.937,0
12.075,probe_bw,1,2.0,20.0,19.128,40.61,134.1,66,1,40.61,40.61,18.937,0
12.080,probe_bw,1,2.0,20.0,19.128,40.61,134.1,66,1,40.61,40.61,18.937,0
12.085,probe_bw,1,2.0,20.0,19.128,40.61,134.1,67,1,40.61,40.61,18.937,0
12.090,probe_bw,1,2.0,20.0,19.128,40.61,134.1,67,1,40.61,40.61,18.937,0
12.095,probe_bw,1,2.0,20.0,19.128,40.61,134.1,67,1,40.61,40.61,18.937,0
12.100,probe_bw,1,2.0,20.0,19.128,40.61,134.1,66,1,40.61,40.61,18.937,0
12.105,probe_bw,1,2.0,20.0,19.128,40.61,134.1,66,1,40.61,40.61,18.937,0
12.110,probe_bw,1,2.0,20.0,19.128,40.61,134.1,66,1,40.61,40.61,18.937,0
12.115,probe_bw,1,2.0,20.0,19.128,40.61,134.1,67,1,40.61,40.61,18.937,0
12.120,probe_bw,1,2.0,20.0,19.128,40.61,134.1,67,1,40.61,40.61,18.937,0
12.125,probe_bw,1,2.0,20.0,19.128,40.61,134.1,66,1,40.61,40.61,18.937,0
12.130,probe_bw,1,2.0,20.0,19.128,40.61,134.1,66,1,40.61,40.61,18.937,0
12.135,probe_bw,1,2.0,20.0,19.128,40.61,134.1,66,1,40.61,40.61,18.937,0
12.140,probe_bw,1,2.0,20.0,19.128,40.61,134.1,66,1,40.61,40.61,18.937,0
12.145,probe_bw,1,2.0,20.0,19.128,40.61,134.1,67,1,40.61,40.61,18.937,0
12.150,probe_bw,1,2.0,20.0,19.128,40.61,134.1,67,1,40.61,40.61,18.937,0
12.155,probe_bw,1.25,2.0,20.0,19.128,40.61,134.1,67,2,40.61,40.61,18.937,0
12.160,probe_bw,1.25,2.0,20.0,19.128,40.61,134.1,69,4,40.61,40.61,18.937,0
12.165,probe_bw,1.25,2.0,20.0,19.128,40.61,134.1,71,6,40.61,40.61,18.937,0
12.170,probe_bw,1.25,2.0,20.0,19.128,40.61,134.1,73,7,40.61,40.61,18.937,0
12.175,probe_bw,1.25,2.0,20.0,19.128,40.61,134.1,75,9,40.61,40.61,18.937,0
12.180,probe_bw,1.25,2.0,20.0,19.128,40.61,134.1,78,12,40.61,40.61,18.937,0
12.185,probe_bw,1.25,2.0,20.0,19.128,40.61,134.1,79,13,40.61,40.61,18.937,0
12.190,probe_bw,1.25,2.0,20.0,19.128,40.61,134.1,81,15,40.61,40.61,18.937,0
12.195,probe_bw,0.75,2.0,20.0,19.128,40.61,134.1,83,17,40.72,40.62,18.94,0
12.200,probe_bw,0.75,2.0,20.0,19.128,40.61,134.1,81,15,41.65,41.08,18.962,0
12.205,probe_bw,0.75,2.0,20.0,19.128,40.61,134.1,79,12,42.58,41.85,18.983,0
12.210,probe_bw,0.75,2.0,20.0,19.128,40.61,134.1,76,10,43.63,42.84,19.005,0
12.215,probe_bw,0.75,2.0,20.0,19.128,40.61,134.1,74,8,44.56,43.75,19.024,0
12.220,probe_bw,0.75,2.0,20.0,19.128,40.61,134.1,72,6,45.49,44.68,19.043,0
12.225,probe_bw,0.75,2.0,20.0,19.128,40.61,134.1,69,3,46.53,45.72,19.063,0
12.230,probe_bw,0.75,2.0,20.0,19.128,40.61,134.1,67,1,47.46,46.65,19.079,0
12.235,probe_bw,0.75,2.0,20.0,19.128,40.61,134.1,66,1,48.39,47.58,19.097,0
12.240,probe_bw,1,2.0,20.0,19.128,40.61,134.1,66,1,49.32,48.51,19.112,0
12.245,probe_bw,1,2.0,20.0,19.128,40.61,134.1,65,1,50.04,49.51,19.128,0
12.250,probe_bw,1,2.0,20.0,19.128,40.61,134.1,65,1,48.36,49.15,19.128,0
12.255,probe_bw,1,2.0,20.0,19.128,40.61,134.1,65,1,46.68,47.92,19.128,0
12.260,probe_bw,1,2.0,20.0,19.128,40.61,134.1,65,1,45.0,46.39,19.128,0
12.265,probe_bw,1,2.0,20.0,19.128,40.61,134.1,64,1,43.11,44.56,19.128,0
12.270,probe_bw,1,2.0,20.0,19.128,40.61,134.1,65,1,41.43,42.89,19.128,0
12.275,probe_bw,1,2.0,20.0,19.128,40.61,134.1,66,1,40.61,41.58,18.825,0
12.280,probe_bw,1,2.0,20.0,19.128,40.61,134.1,66,1,40.61,40.94,18.615,0
12.285,probe_bw,1,2.0,20.0,19.128,40.61,134.1,66,1,40.61,40.72,18.593,0
12.290,probe_bw,1,2.0,20.0,19.128,40.61,134.1,66,1,40.61,40.65,18.571,0
12.295,probe_bw,1,2.0,20.0,19.128,40.61,134.1,66,1,40.61,40.62,18.54,0
12.300,probe_bw,1,2.0,20.0,19.128,40.61,134.1,67,1,40.61,40.61,18.518,0
12.305,probe_bw,1,2.0,20.0,19.128,40.61,134.1,67,1,40.61,40.61,18.496,0
12.310,probe_bw,1,2.0,20.0,19.128,40.61,134.1,66,1,40.61,40.61,18.471,0
12.315,probe_bw,1,2.0,20.0,19.128,40.61,134.1,66,1,40.61,40.61,18.654,0
12.320,probe_bw,1,2.0,20.0,19.128,40.61,134.1,66,1,40.61,40.61,18.937,0
12.325,probe_bw,1,2.0,20.0,19.128,40.61,134.1,66,1,40.61,40.61,18.937,0
12.330,probe_bw,1,2.0,20.0,19.128,40.61,134.1,67,1,40.61,40.61,18.937,0
12.335,probe_bw,1,2.0,20.0,19.128,40.61,134.1,67,1,40.61,40.61,18.937,0
12.340,probe_bw,1,2.0,20.0,19.128,40.61,134.1,66,1,40.61,40.61,18.937,0
12.345,probe_bw,1,2.0,20.0,19.128,40.61,134.1,66,1,40.61,40.61,18.937,0
12.350,probe_bw,1,2.0,20.0,19.128,40.61,134.1,66,1,40.61,40.61,18.937,0
12.355,probe_bw,1,2.0,20.0,19.128,40.61,134.1,67,1,40.61,40.61,18.937,0
12.360,probe_bw,1,2.0,20.0,19.128,40.61,134.1,67,1,40.61,40.61,18.937,0
12.365,probe_bw,1,2.0,20.0,19.128,40.61,134.1,67,1,40.61,40.61,18.937,0
12.370,probe_bw,1,2.0,20.0,19.128,40.61,134.1,66,1,40.61,40.61,18.937,0
12.375,probe_bw,1,2.0,20.0,19.128,40.61,134.1,66,1,40.61,40.61,18.937,0
12.380,probe_bw,1,2.0,20.0,19.128,40.61,134.1,66,1,40.61,40.61,18.937,0
12.385,probe_bw,1,2.0,20.0,19.128,40.61,134.1,67,1,40.61,40.61,18.937,0
12.390,probe_bw,1,2.0,20.0,19.128,40.61,134.1,67,1,40.61,40.61,18.937,0
12.395,probe_bw,1,2.0,20.0,19.128,40.61,134.1,66,1,40.61,40.61,18.937,0
12.400,probe_bw,1,2.0,20.0,19.128,40.61,134.1,66,1,40.61,40.61,18.937,0
12.405,probe_bw,1,2.0,20.0,19.128,40.61,134.1,66,1,40.61,40.61,18.937,0
12.410,probe_bw,1,2.0,20.0,19.128,40.61,134.1,66,1,40.61,40.61,18.937,0
12.415,probe_bw,1,2.0,20.0,19.128,40.61,134.1,67,1,40.61,40.61,18.937,0
12.420,probe_bw,1,2.0,20.0,19.128,40.61,134.1,67,1,40.61,40.61,18.937,0
12.425,probe_bw,1,2.0,20.0,19.128,40.61,134.1,66,1,40.61,40.61,18.937,0
12.430,probe_bw,1,2.0,20.0,19.128,40.61,134.1,66,1,40.61,40.61,18.937,0
12.435,probe_bw,1,2.0,20.0,19.128,40.61,134.1,66,1,40.61,40.61,18.937,0
12.440,probe_bw,1,2.0,20.0,19.128,40.61,134.1,66,1,40.61,40.61,18.937,0
12.445,probe_bw,1,2.0,20.0,19.128,40.61,134.1,67,1,40.61,40.61,18.937,0
12.450,probe_bw,1,2.0,20.0,19.128,40.61,134.1,67,1,40.61,40.61,18.937,0
12.455,probe_bw,1,2.0,20.0,19.128,40.61,134.1,66,1,40.61,40.61,18.937,0
12.460,probe_bw,1,2.0,20.0,19.128,40.61,134.1,66,1,40.61,40.61,18.937,0
12.465,probe_bw,1,2.0,20.0,19.128,40.61,134.1,66,1,40.61,40.61,18.937,0
12.470,probe_bw,1,2.0,20.0,19.128,40.61,134.1,67,1,40.61,40.61,18.937,0
12.475,probe_bw,1,2.0,20.0,19.128,40.61,134.1,67,1,40.61,40.61,18.937,0
12.480,probe_bw,1,2.0,20.0,19.128,40.61,134.1,67,1,40.61,40.61,18.937,0
12.485,probe_bw,1.25,2.0,20.0,19.128,40.61,134.1,67,2,40.61,40.61,18.937,0
12.490,probe_bw,1.25,2.0,20.0,19.128,40.61,134.1,70,5,40.61,40.61,18.937,0
12.495,probe_bw,1.25,2.0,20.0,19.128,40.61,134.1,72,6,40.61,40.61,18.937,0
12.500,probe_bw,1.25,2.0,20.0,19.128,40.61,134.1,74,8,40.61,40.61,18.937,0
12.505,probe_bw,1.25,2.0,20.0,19.128,40.61,134.1,76,10,40.61,40.61,18.937,0
12.510,probe_bw,1.25,2.0,20.0,19.128,40.61,134.1,77,12,40.61,40.61,18.937,0
12.515,probe_bw,1.25,2.0,20.0,19.128,40.61,134.1,80,14,40.61,40.61,18.937,0
12.520,probe_bw,1.25,2.0,20.0,19.128,40.61,134.1,82,16,40.61,40.61,18.937,0
12.525,probe_bw,0.75,2.0,20.0,19.128,40.61,134.1,82,16,41.07,40.73,18.948,0
12.530,probe_bw,0.75,2.0,20.0,19.128,40.61,134.1,80,14,42.0,41.35,18.97,0
12.535,probe_bw,0.75,2.0,20.0,19.128,40.61,134.1,77,11,43.05,42.28,18.993,0
12.540,probe_bw,0.75,2.0,20.0,19.128,40.61,134.1,75,9,43.98,43.18,19.012,0
12.545,probe_bw,0.75,2.0,20.0,19.128,40.61,134.1,73,7,44.91,44.1,19.032,0
12.550,probe_bw,0.75,2.0,20.0,19.128,40.61,134.1,72,6,45.84,45.02,19.05,0
12.555,probe_bw,0.75,2.0,20.0,19.128,40.61,134.1,69,3,46.88,46.07,19.069,0
12.560,probe_bw,0.75,2.0,20.0,19.128,40.61,134.1,67,1,47.81,47.0,19.087,0
12.565,probe_bw,1,2.0,20.0,19.128,40.61,134.1,65,1,48.74,47.93,19.102,0
12.570,probe_bw,1,2.0,20.0,19.128,40.61,134.1,66,1,49.67,48.86,19.119,0
12.575,probe_bw,1,2.0,20.0,19.128,40.61,134.1,65,1,49.41,49.54,19.128,0
12.580,probe_bw,1,2.0,20.0,19.128,40.61,134.1,65,1,47.73,48.74,19.128,0
12.585,probe_bw,1,2.0,20.0,19.128,40.61,134.1,65,1,46.05,47.36,19.128,0
12.590,probe_bw,1,2.0,20.0,19.128,40.61,134.1,65,1,44.37,45.79,19.128,0
12.595,probe_bw,1,2.0,20.0,19.128,40.61,134.1,64,1,42.48,43.94,19.128,0
12.600,probe_bw,1,2.0,20.0,19.128,40.61,134.1,65,1,40.8,42.27,19.128,0
12.605,probe_bw,1,2.0,20.0,19.128,40.61,134.1,67,1,40.61,41.35,18.632,0
12.610,probe_bw,1,2.0,20.0,19.128,40.61,134.1,66,1,40.61,40.83,18.607,0
12.615,probe_bw,1,2.0,20.0,19.128,40.61,134.1,66,1,40.61,40.68,18.585,0
12.620,probe_bw,1,2.0,20.0,19.128,40.61,134.1,66,1,40.61,40.63,18.563,0
12.625,probe_bw,1,2.0,20.0,19.128,40.61,134.1,66,1,40.61,40.62,18.532,0
12.630,probe_bw,1,2.0,20.0,19.128,40.61,134.1,67,1,40.61,40.61,18.51,0
12.635,probe_bw,1,2.0,20.0,19.128,40.61,134.1,67,1,40.61,40.61,18.487,0
12.640,probe_bw,1,2.0,20.0,19.128,40.61,134.1,66,1,40.61,40.61,18.463,0
12.645,probe_bw,1,2.0,20.0,19.128,40.61,134.1,66,1,40.61,40.61,18.843,0
12.650,probe_bw,1,2.0,20.0,19.128,40.61,134.1,66,1,40.61,40.61,18.937,0
12.655,probe_bw,1,2.0,20.0,19.128,40.61,134.1,67,1,40.61,40.61,18.937,0
12.660,probe_bw,1,2.0,20.0,19.128,40.61,134.1,67,1,40.61,40.61,18.937,0
12.665,probe_bw,1,2.0,20.0,19.128,40.61,134.1,67,1,40.61,40.61,18.937,0
12.670,probe_bw,1,2.0,20.0,19.128,40.61,134.1,66,1,40.61,40.61,18.937,0
12.675,probe_bw,1,2.0,20.0,19.128,40.61,134.1,66,1,40.61,40.61,18.937,0
12.680,probe_bw,1,2.0,20.0,19.128,40.61,134.1,66,1,40.61,40.61,18.937,0
12.685,probe_bw,1,2.0,20.0,19.128,40.61,134.1,67,1,40.61,40.61,18.937,0
12.690,probe_bw,1,2.0,20.0,19.128,40.61,134.1,67,1,40.61,40.61,18.937,0
12.695,probe_bw,1,2.0,20.0,19.128,40.61,134.1,66,1,40.61,40.61,18.937,0
12.700,probe_bw,1,2.0,20.0,19.128,40.61,134.1,66,1,40.61,40.61,18.937,0
12.705,probe_bw,1,2.0,20.0,19.128,40.61,134.1,66,1,40.61,40.61,18.937,0
12.710,probe_bw,1,2.0,20.0,19.128,40.61,134.1,66,1,40.61,40.61,18.937,0
12.715,probe_bw,1,2.0,20.0,19.128,40.61,134.1,67,1,40.61,40.61,18.937,0
12.720,probe_bw,1,2.0,20.0,19.128,40.61,134.1,67,1,40.61,40.61,18.937,0
12.725,probe_bw,1,2.0,20.0,19.128,40.61,134.1,66,1,40.61,40.61,18.937,0
12.730,probe_bw,1,2.0,20.0,19.128,40.61,134.1,66,1,40.61,40.61,18.937,0
12.735,probe_bw,1,2.0,20.0,19.128,40.61,134.1,66,1,40.61,40.61,18.937,0
12.740,probe_bw,1,2.0,20.0,19.128,40.61,134.1,66,1,40.61,40.61,18.937,0
12.745,probe_bw,1,2.0,20.0,19.128,40.61,134.1,67,1,40.61,40.61,18.937,0
12.750,probe_bw,1,2.0,20.0,19.128,40.61,134.1,67,1,40.61,40.61,18.937,0
12.755,probe_bw,1,2.0,20.0,19.128,40.61,134.1,66,1,40.61,40.61,18.937,0
12.760,probe_bw,1,2.0,20.0,19.128,40.61,134.1,66,1,40.61,40.61,18.937,0
12.765,probe_bw,1,2.0,20.0,19.128,40.61,134.1,66,1,40.61,40.61,18.937,0
12.770,probe_bw,1,2.0,20.0,19.128,40.61,134.1,67,1,40.61,40.61,18.937,0
12.775,probe_bw,1,2.0,20.0,19.128,40.61,134.1,67,1,40.61,40.61,18.937,0
12.780,probe_bw,1,2.0,20.0,19.128,40.61,134.1,67,1,40.61,40.61,18.937,0
12.785,probe_bw,1,2.0,20.0,19.128,40.61,134.1,66,1,40.61,40.61,18.937,0
12.790,probe_bw,1,2.0,20.0,19.128,40.61,134.1,66,1,40.61,40.61,18.937,0
12.795,probe_bw,1,2.0,20.0,19.128,40.61,134.1,66,1,40.61,40.61,18.937,0
12.800,probe_bw,1,2.0,20.0,19.128,40.61,134.1,67,1,40.61,40.61,18.937,0
12.805,probe_bw,1,2.0,20.0,19.128,40.61,134.1,67,1,40.61,40.61,18.937,0
12.810,probe_bw,1.25,2.0,20.0,19.128,40.61,134.1,66,1,40.61,40.61,18.937,0
12.815,probe_bw,1.25,2.0,20.0,19.128,40.61,134.1,68,3,40.61,40.61,18.937,0
12.820,probe_bw,1.25,2.0,20.0,19.128,40.61,134.1,70,5,40.61,40.61,18.937,0
12.825,probe_bw,1.25,2.0,20.0,19.128,40.61,134.1,73,7,40.61,40.61,18.937,0
12.830,probe_bw,1.25,2.0,20.0,19.128,40.61,134.1,75,9,40.61,40.61,18.937,0
12.835,probe_bw,1.25,2.0,20.0,19.128,40.61,134.1,77,11,40.61,40.61,18.937,0
12.840,probe_bw,1.25,2.0,20.0,19.128,40.61,134.1,78,13,40.61,40.61,18.937,0
12.845,probe_bw,1.25,2.0,20.0,19.128,40.61,134.1,81,15,40.61,40.61,18.937,0
12.850,probe_bw,1.25,2.0,20.0,19.128,40.61,134.1,83,17,40.61,40.61,18.937,0
12.855,probe_bw,0.75,2.0,20.0,19.128,40.61,134.1,81,15,41.42,40.93,18.956,0
12.860,probe_bw,0.75,2.0,20.0,19.128,40.61,134.1,79,13,42.35,41.65,18.978,0
12.865,probe_bw,0.75,2.0,20.0,19.128,40.61,134.1,76,10,43.4,42.61,19.0,0
12.870,probe_bw,0.75,2.0,20.0,19.128,40.61,134.1,75,9,44.33,43.52,19.02,0
12.875,probe_bw,0.75,2.0,20.0,19.128,40.61,134.1,73,7,45.25,44.44,19.038,0
12.880,probe_bw,0.75,2.0,20.0,19.128,40.61,134.1,71,4,46.18,45.37,19.057,0
12.885,probe_bw,0.75,2.0,20.0,19.128,40.61,134.1,68,2,47.23,46.42,19.076,0
12.890,probe_bw,0.75,2.0,20.0,19.128,40.61,134.1,66,1,48.16,47.35,19.092,0
12.895,probe_bw,1,2.0,20.0,19.128,40.61,134.1,65,1,49.09,48.28,19.109,0
12.900,probe_bw,1,2.0,20.0,19.128,40.61,134.1,66,1,50.02,49.21,19.123,0
12.905,probe_bw,1,2.0,20.0,19.128,40.61,134.1,65,1,48.78,49.36,19.128,0
12.910,probe_bw,1,2.0,20.0,19.128,40.61,134.1,65,1,47.1,48.26,19.128,0
12.915,probe_bw,1,2.0,20.0,19.128,40.61,134.1,65,1,45.42,46.79,19.128,0
12.920,probe_bw,1,2.0,20.0,19.128,40.61,134.1,64,1,43.53,44.97,19.128,0
12.925,probe_bw,1,2.0,20.0,19.128,40.61,134.1,65,1,41.85,43.31,19.128,0
12.930,probe_bw,1,2.0,20.0,19.128,40.61,134.1,66,1,40.61,41.88,19.023,0
12.935,probe_bw,1,2.0,20.0,19.128,40.61,134.1,67,1,40.61,41.11,18.624,0
12.940,probe_bw,1,2.0,20.0,19.128,40.61,134.1,66,1,40.61,40.76,18.599,0
12.945,probe_bw,1,2.0,20.0,19.128,40.61,134.1,66,1,40.61,40.66,18.577,0
12.950,probe_bw,1,2.0,20.0,19.128,40.61,134.1,66,1,40.61,40.62,18.555,0
12.955,probe_bw,1,2.0,20.0,19.128,40.61,134.1,67,1,40.61,40.61,18.524,0
12.960,probe_bw,1,2.0,20.0,19.128,40.61,134.1,67,1,40.61,40.61,18.501,0
12.965,probe_bw,1,2.0,20.0,19.128,40.61,134.1,66,1,40.61,40.61,18.476,0
12.970,probe_bw,1,2.0,20.0,19.128,40.61,134.1,66,1,40.61,40.61,18.47,0
12.975,probe_bw,1,2.0,20.0,19.128,40.61,134.1,66,1,40.61,40.61,18.937,0
12.980,probe_bw,1,2.0,20.0,19.128,40.61,134.1,66,1,40.61,40.61,18.937,0
12.985,probe_bw,1,2.0,20.0,19.128,40.61,134.1,67,1,40.61,40.61,18.937,0
12.990,probe_bw,1,2.0,20.0,19.128,40.61,134.1,67,1,40.61,40.61,18.937,0
12.995,probe_bw,1,2.0,20.0,19.128,40.61,134.1,66,1,40.61,40.61,18.937,0
13.000,probe_bw,1,2.0,20.0,19.128,40.61,134.1,66,1,40.61,40.61,18.937,0
13.005,probe_bw,1,2.0,20.0,19.128,40.61,134.1,66,1,40.61,40.61,18.937,0
13.010,probe_bw,1,2.0,20.0,19.128,40.61,134.1,66,1,40.61,40.61,18.937,0
13.015,probe_bw,1,2.0,20.0,19.128,40.61,134.1,67,1,40.61,40.61,18.937,0
13.020,probe_bw,1,2.0,20.0,19.128,40.61,134.1,67,1,40.61,40.61,18.937,0
13.025,probe_bw,1,2.0,20.0,19.128,40.61,134.1,66,1,40.61,40.61,18.937,0
13.030,probe_bw,1,2.0,20.0,19.128,40.61,134.1,66,1,40.61,40.61,18.937,0
13.035,probe_bw,1,2.0,20.0,19.128,40.61,134.1,66,1,40.61,40.61,18.937,0
13.040,probe_bw,1,2.0,20.0,19.128,40.61,134.1,67,1,40.61,40.61,18.937,0
13.045,probe_bw,1,2.0,20.0,19.128,40.61,134.1,67,1,40.61,40.61,18.937,0
13.050,probe_bw,1,2.0,20.0,19.128,40.61,134.1,67,1,40.61,40.61,18.937,0
13.055,probe_bw,1,2.0,20.0,19.128,40.61,134.1,66,1,40.61,40.61,18.937,0
13.060,probe_bw,1,2.0,20.0,19.128,40.61,134.1,66,1,40.61,40.61,18.937,0
13.065,probe_bw,1,2.0,20.0,19.128,40.61,134.1,66,1,40.61,40.61,18.937,0
13.070,probe_bw,1,2.0,20.0,19.128,40.61,134.1,67,1,40.61,40.61,18.937,0
13.075,probe_bw,1,2.0,20.0,19.128,40.61,134.1,67,1,40.61,40.61,18.937,0
13.080,probe_bw,1,2.0,20.0,19.128,40.61,134.1,66,1,40.61,40.61,18.937,0
13.085,probe_bw,1,2.0,20.0,19.128,40.61,134.1,66,1,40.61,40.61,18.937,0
13.090,probe_bw,1,2.0,20.0,19.128,40.61,134.1,66,1,40.61,40.61,18.937,0
13.095,probe_bw,1,2.0,20.0,19.128,40.61,134.1,66,1,40.61,40.61,18.937,0
13.100,probe_bw,1,2.0,20.0,19.128,40.61,134.1,67,1,40.61,40.61,18.937,0
13.105,probe_bw,1,2.0,20.0,19.128,40.61,134.1,67,1,40.61,40.61,18.937,0
13.110,probe_bw,1,2.0,20.0,19.128,40.61,134.1,66,1,40.61,40.61,18.937,0
13.115,probe_bw,1,2.0,20.0,19.128,40.61,134.1,66,1,40.61,40.61,18.937,0
13.120,probe_bw,1,2.0,20.0,19.128,40.61,134.1,66,1,40.61,40.61,18.937,0
13.125,probe_bw,1,2.0,20.0,19.128,40.61,134.1,66,1,40.61,40.61,18.937,0
13.130,probe_bw,1,2.0,20.0,19.128,40.61,134.1,67,1,40.61,40.61,18.937,0
13.135,probe_bw,1,2.0,20.0,19.128,40.61,134.1,67,1,40.61,40.61,18.937,0
13.140,probe_bw,1.25,2.0,20.0,19.128,40.61,134.1,67,2,40.61,40.61,18.937,0
13.145,probe_bw,1.25,2.0,20.0,19.128,40.61,134.1,69,4,40.61,40.61,18.937,0
13.150,probe_bw,1.25,2.0,20.0,19.128,40.61,134.1,71,5,40.61,40.61,18.937,0
13.155,probe_bw,1.25,2.0,20.0,19.128,40.61,134.1,74,8,40.61,40.61,18.937,0
13.160,probe_bw,1.25,2.0,20.0,19.128,40.61,134.1,76,10,40.61,40.61,18.937,0
13.165,probe_bw,1.25,2.0,20.0,19.128,40.61,134.1,78,12,40.61,40.61,18.937,0
13.170,probe_bw,1.25,2.0,20.0,19.128,40.61,134.1,79,13,40.61,40.61,18.937,0
13.175,probe_bw,1.25,2.0,20.0,19.128,40.61,134.1,81,15,40.61,40.61,18.937,0
13.180,probe_bw,0.75,2.0,20.0,19.128,40.61,134.1,82,16,40.84,40.65,18.943,0
13.185,probe_bw,0.75,2.0,20.0,19.128,40.61,134.1,80,14,41.77,41.17,18.964,0
13.190,probe_bw,0.75,2.0,20.0,19.128,40.61,134.1,78,12,42.81,42.06,18.988,0
13.195,probe_bw,0.75,2.0,20.0,19.128,40.61,134.1,76,10,43.74,42.95,19.008,0
13.200,probe_bw,0.75,2.0,20.0,19.128,40.61,134.1,74,8,44.67,43.87,19.027,0
13.205,probe_bw,0.75,2.0,20.0,19.128,40.61,134.1,72,6,45.6,44.79,19.046,0
13.210,probe_bw,0.75,2.0,20.0,19.128,40.61,134.1,69,3,46.65,45.84,19.066,0
13.215,probe_bw,0.75,2.0,20.0,19.128,40.61,134.1,67,1,47.58,46.77,19.082,0
13.220,probe_bw,1,2.0,20.0,19.128,40.61,134.1,65,0,48.51,47.7,19.099,0
13.225,probe_bw,1,2.0,20.0,19.128,40.61,134.1,66,1,49.44,48.63,19.114,0
13.230,probe_bw,1,2.0,20.0,19.128,40.61,134.1,65,1,49.83,49.55,19.128,0
13.235,probe_bw,1,2.0,20.0,19.128,40.61,134.1,65,1,48.15,49.02,19.128,0
13.240,probe_bw,1,2.0,20.0,19.128,40.61,134.1,65,1,46.47,47.74,19.128,0
13.245,probe_bw,1,2.0,20.0,19.128,40.61,134.1,65,1,44.79,46.19,19.128,0
13.250,probe_bw,1,2.0,20.0,19.128,40.61,134.1,64,1,42.9,44.35,19.128,0
13.255,probe_bw,1,2.0,20.0,19.128,40.61,134.1,65,1,41.22,42.68,19.128,0
13.260,probe_bw,1,2.0,20.0,19.128,40.61,134.1,66,1,40.61,41.46,18.728,0
13.265,probe_bw,1,2.0,20.0,19.128,40.61,134.1,66,1,40.61,40.9,18.613,0
13.270,probe_bw,1,2.0,20.0,19.128,40.61,134.1,66,1,40.61,40.71,18.59,0
13.275,probe_bw,1,2.0,20.0,19.128,40.61,134.1,66,1,40.61,40.64,18.568,0
13.280,probe_bw,1,2.0,20.0,19.128,40.61,134.1,66,1,40.61,40.62,18.538,0
13.285,probe_bw,1,2.0,20.0,19.128,40.61,134.1,67,1,40.61,40.61,18.515,0
13.290,probe_bw,1,2.0,20.0,19.128,40.61,134.1,67,1,40.61,40.61,18.493,0
13.295,probe_bw,1,2.0,20.0,19.128,40.61,134.1,66,1,40.61,40.61,18.468,0
13.300,probe_bw,1,2.0,20.0,19.128,40.61,134.1,66,1,40.61,40.61,18.747,0
13.305,probe_bw,1,2.0,20.0,19.128,40.61,134.1,66,1,40.61,40.61,18.937,0
13.310,probe_bw,1,2.0,20.0,19.128,40.61,134.1,66,1,40.61,40.61,18.937,0
13.315,probe_bw,1,2.0,20.0,19.128,40.61,134.1,67,1,40.61,40.61,18.937,0
13.320,probe_bw,1,2.0,20.0,19.128,40.61,134.1,67,1,40.61,40.61,18.937,0
13.325,probe_bw,1,2.0,20.0,19.128,40.61,134.1,66,1,40.61,40.61,18.937,0
13.330,probe_bw,1,2.0,20.0,19.128,40.61,134.1,66,1,40.61,40.61,18.937,0
13.335,probe_bw,1,2.0,20.0,19.128,40.61,134.1,66,1,40.61,40.61,18.937,0
13.340,probe_bw,1,2.0,20.0,19.128,40.61,134.1,67,1,40.61,40.61,18.937,0
13.345,probe_bw,1,2.0,20.0,19.128,40.61,134.1,67,1,40.61,40.61,18.937,0
13.350,probe_bw,1,2.0,20.0,19.128,40.61,134.1,67,1,40.61,40.61,18.937,0
13.355,probe_bw,1,2.0,20.0,19.128,40.61,134.1,66,1,40.61,40.61,18.937,0
13.360,probe_bw,1,2.0,20.0,19.128,40.61,134.1,66,1,40.61,40.61,18.937,0
13.365,probe_bw,1,2.0,20.0,19.128,40.61,134.1,66,1,40.61,40.61,18.937,0
13.370,probe_bw,1,2.0,20.0,19.128,40.61,134.1,67,1,40.61,40.61,18.937,0
13.375,probe_bw,1,2.0,20.0,19.128,40.61,134.1,67,1,40.61,40.61,18.937,0
13.380,probe_bw,1,2.0,20.0,19.128,40.61,134.1,66,1,40.61,40.61,18.937,0
13.385,probe_bw,1,2.0,20.0,19.128,40.61,134.1,66,1,40.61,40.61,18.937,0
13.390,probe_bw,1,2.0,20.0,19.128,40.61,134.1,66,1,40.61,40.61,18.937,0
13.395,probe_bw,1,2.0,20.0,19.128,40.61,134.1,66,1,40.61,40.61,18.937,0
13.400,probe_bw,1,2.0,20.0,19.128,40.61,134.1,67,1,40.61,40.61,18.937,0
13.405,probe_bw,1,2.0,20.0,19.128,40.61,134.1,67,1,40.61,40.61,18.937,0
13.410,probe_bw,1,2.0,20.0,19.128,40.61,134.1,66,1,40.61,40.61,18.937,0
13.415,probe_bw,1,2.0,20.0,19.128,40.61,134.1,66,1,40.61,40.61,18.937,0
13.420,probe_bw,1,2.0,20.0,19.128,40.61,134.1,66,1,40.61,40.61,18.937,0
13.425,probe_bw,1,2.0,20.0,19.128,40.61,134.1,66,1,40.61,40.61,18.937,0
13.430,probe_bw,1,2.0,20.0,19.128,40.61,134.1,67,1,40.61,40.61,18.937,0
13.435,probe_bw,1,2.0,20.0,19.128,40.61,134.1,67,1,40.61,40.61,18.937,0
13.440,probe_bw,1,2.0,20.0,19.128,40.61,134.1,66,1,40.61,40.61,18.937,0
13.445,probe_bw,1,2.0,20.0,19.128,40.61,134.1,66,1,40.61,40.61,18.937,0
13.450,probe_bw,1,2.0,20.0,19.128,40.61,134.1,66,1,40.61,40.61,18.937,0
13.455,probe_bw,1,2.0,20.0,19.128,40.61,134.1,67,1,40.61,40.61,18.937,0
13.460,probe_bw,1,2.0,20.0,19.128,40.61,134.1,67,1,40.61,40.61,18.937,0
13.465,probe_bw,1,2.0,20.0,19.128,40.61,134.1,67,1,40.61,40.61,18.937,0
13.470,probe_bw,1.25,2.0,20.0,19.128,40.61,134.1,68,3,40.61,40.61,18.937,0
13.475,probe_bw,1.25,2.0,20.0,19.128,40.61,134.1,70,5,40.61,40.61,18.937,0
13.480,probe_bw,1.25,2.0,20.0,19.128,40.61,134.1,72,6,40.61,40.61,18.937,0
13.485,probe_bw,1.25,2.0,20.0,19.128,40.61,134.1,74,8,40.61,40.61,18.937,0
13.490,probe_bw,1.25,2.0,20.0,19.128,40.61,134.1,77,11,40.61,40.61,18.937,0
13.495,probe_bw,1.25,2.0,20.0,19.128,40.61,134.1,78,13,40.61,40.61,18.937,0
13.500,probe_bw,1.25,2.0,20.0,19.128,40.61,134.1,80,14,40.61,40.61,18.937,0
13.505,probe_bw,1.25,2.0,20.0,19.128,40.61,134.1,82,16,40.61,40.61,18.937,0
13.510,probe_bw,0.75,2.0,20.0,19.128,40.61,134.1,82,16,41.19,40.79,18.951,0
13.515,probe_bw,0.75,2.0,20.0,19.128,40.61,134.1,80,14,42.12,41.45,18.973,0
13.520,probe_bw,0.75,2.0,20.0,19.128,40.61,134.1,77,11,43.16,42.39,18.996,0
13.525,probe_bw,0.75,2.0,20.0,19.128,40.61,134.1,75,9,44.09,43.29,19.015,0
13.530,probe_bw,0.75,2.0,20.0,19.128,40.61,134.1,73,7,45.02,44.21,19.035,0
13.535,probe_bw,0.75,2.0,20.0,19.128,40.61,134.1,71,5,45.95,45.14,19.052,0
13.540,probe_bw,0.75,2.0,20.0,19.128,40.61,134.1,68,2,47.0,46.19,19.071,0
13.545,probe_bw,0.75,2.0,20.0,19.128,40.61,134.1,67,1,47.93,47.11,19.089,0
13.550,probe_bw,1,2.0,20.0,19.128,40.61,134.1,65,1,48.86,48.04,19.104,0
13.555,probe_bw,1,2.0,20.0,19.128,40.61,134.1,66,1,49.79,48.97,19.119,0
13.560,probe_bw,1,2.0,20.0,19.128,40.61,134.1,65,1,49.2,49.5,19.128,0
13.565,probe_bw,1,2.0,20.0,19.128,40.61,134.1,65,1,47.52,48.59,19.128,0
13.570,probe_bw,1,2.0,20.0,19.128,40.61,134.1,65,1,45.84,47.17,19.128,0
13.575,probe_bw,1,2.0,20.0,19.128,40.61,134.1,65,1,44.16,45.58,19.128,0
13.580,probe_bw,1,2.0,20.0,19.128,40.61,134.1,64,1,42.27,43.73,19.128,0
13.585,probe_bw,1,2.0,20.0,19.128,40.61,134.1,65,1,40.61,42.06,19.122,0
13.590,probe_bw,1,2.0,20.0,19.128,40.61,134.1,67,1,40.61,41.26,18.629,0
13.595,probe_bw,1,2.0,20.0,19.128,40.61,134.1,66,1,40.61,40.8,18.604,0
13.600,probe_bw,1,2.0,20.0,19.128,40.61,134.1,66,1,40.61,40.67,18.582,0
13.605,probe_bw,1,2.0,20.0,19.128,40.61,134.1,66,1,40.61,40.63,18.56,0
13.610,probe_bw,1,2.0,20.0,19.128,40.61,134.1,67,1,40.61,40.61,18.529,0
13.615,probe_bw,1,2.0,20.0,19.128,40.61,134.1,67,1,40.61,40.61,18.507,0
13.620,probe_bw,1,2.0,20.0,19.128,40.61,134.1,67,1,40.61,40.61,18.485,0
13.625,probe_bw,1,2.0,20.0,19.128,40.61,134.1,66,1,40.61,40.61,18.46,0
13.630,probe_bw,1,2.0,20.0,19.128,40.61,134.1,66,1,40.61,40.61,18.937,0
13.635,probe_bw,1,2.0,20.0,19.128,40.61,134.1,66,1,40.61,40.61,18.937,0
13.640,probe_bw,1,2.0,20.0,19.128,40.61,134.1,67,1,40.61,40.61,18.937,0
13.645,probe_bw,1,2.0,20.0,19.128,40.61,134.1,67,1,40.61,40.61,18.937,0
13.650,probe_bw,1,2.0,20.0,19.128,40.61,134.1,66,1,40.61,40.61,18.937,0
13.655,probe_bw,1,2.0,20.0,19.128,40.61,134.1,66,1,40.61,40.61,18.937,0
13.660,probe_bw,1,2.0,20.0,19.128,40.61,134.1,66,1,40.61,40.61,18.937,0
13.665,probe_bw,1,2.0,20.0,19.128,40.61,134.1,66,1,40.61,40.61,18.937,0
13.670,probe_bw,1,2.0,20.0,19.128,40.61,134.1,67,1,40.61,40.61,18.937,0
13.675,probe_bw,1,2.0,20.0,19.128,40.61,134.1,67,1,40.61,40.61,18.937,0
13.680,probe_bw,1,2.0,20.0,19.128,40.61,134.1,66,1,40.61,40.61,18.937,0
13.685,probe_bw,1,2.0,20.0,19.128,40.61,134.1,66,1,40.61,40.61,18.937,0
13.690,probe_bw,1,2.0,20.0,19.128,40.61,134.1,66,1,40.61,40.61,18.937,0
13.695,probe_bw,1,2.0,20.0,19.128,40.61,134.1,66,1,40.61,40.61,18.937,0
13.700,probe_bw,1,2.0,20.0,19.128,40.61,134.1,67,1,40.61,40.61,18.937,0
13.705,probe_bw,1,2.0,20.0,19.128,40.61,134.1,67,1,40.61,40.61,18.937,0
13.710,probe_bw,1,2.0,20.0,19.128,40.61,134.1,66,1,40.61,40.61,18.937,0
13.715,probe_bw,1,2.0,20.0,19.128,40.61,134.1,66,1,40.61,40.61,18.937,0
13.720,probe_bw,1,2.0,20.0,19.128,40.61,134.1,66,1,40.61,40.61,18.937,0
13.725,probe_bw,1,2.0,20.0,19.128,40.61,134.1,67,1,40.61,40.61,18.937,0
13.730,probe_bw,1,2.0,20.0,19.128,40.61,134.1,67,1,40.61,40.61,18.937,0
13.735,probe_bw,1,2.0,20.0,19.128,40.61,134.1,67,1,40.61,40.61,18.937,0
13.740,probe_bw,1,2.0,20.0,19.128,40.61,134.1,66,1,40.61,40.61,18.937,0
13.745,probe_bw,1,2.0,20.0,19.128,40.61,134.1,66,1,40.61,40.61,18.937,0
13.750,probe_bw,1,2.0,20.0,19.128,40.61,134.1,66,1,40.61,40.61,18.937,0
13.755,probe_bw,1,2.0,20.0,19.128,40.61,134.1,67,1,40.61,40.61,18.937,0
13.760,probe_bw,1,2.0,20.0,19.128,40.61,134.1,67,1,40.61,40.61,18.937,0
13.765,probe_bw,1,2.0,20.0,19.128,40.61,134.1,66,1,40.61,40.61,18.937,0
13.770,probe_bw,1,2.0,20.0,19.128,40.61,134.1,66,1,40.61,40.61,18.937,0
13.775,probe_bw,1,2.0,20.0,19.128,40.61,134.1,66,1,40.61,40.61,18.937,0
13.780,probe_bw,1,2.0,20.0,19.128,40.61,134.1,66,1,40.61,40.61,18.937,0
13.785,probe_bw,1,2.0,20.0,19.128,40.61,134.1,67,1,40.61,40.61,18.937,0
13.790,probe_bw,1,2.0,20.0,19.128,40.61,134.1,67,1,40.61,40.61,18.937,0
13.795,probe_bw,1.25,2.0,20.0,19.128,40.61,134.1,66,1,40.61,40.61,18.937,0
13.800,probe_bw,1.25,2.0,20.0,19.128,40.61,134.1,69,4,40.61,40.61,18.937,0
13.805,probe_bw,1.25,2.0,20.0,19.128,40.61,134.1,71,6,40.61,40.61,18.937,0
13.810,probe_bw,1.25,2.0,20.0,19.128,40.61,134.1,73,7,40.61,40.61,18.937,0
13.815,probe_bw,1.25,2.0,20.0,19.128,40.61,134.1,75,9,40.61,40.61,18.937,0
13.820,probe_bw,1.25,2.0,20.0,19.128,40.61,134.1,77,11,40.61,40.61,18.937,0
13.825,probe_bw,1.25,2.0,20.0,19.128,40.61,134.1,79,14,40.61,40.61,18.937,0
13.830,probe_bw,1.25,2.0,20.0,19.128,40.61,134.1,81,15,40.61,40.61,18.937,0
13.835,probe_bw,0.75,2.0,20.0,19.128,40.61,134.1,83,17,40.61,40.61,18.937,0
13.840,probe_bw,0.75,2.0,20.0,19.128,40.61,134.1,81,15,41.54,41.0,18.959,0
13.845,probe_bw,0.75,2.0,20.0,19.128,40.61,134.1,79,12,42.47,41.75,18.98,0
13.850,probe_bw,0.75,2.0,20.0,19.128,40.61,134.1,76,10,43.51,42.73,19.003,0
13.855,probe_bw,0.75,2.0,20.0,19.128,40.61,134.1,74,8,44.44,43.64,19.023,0
13.860,probe_bw,0.75,2.0,20.0,19.128,40.61,134.1,72,6,45.37,44.56,19.041,0
13.865,probe_bw,0.75,2.0,20.0,19.128,40.61,134.1,71,4,46.3,45.49,19.058,0
13.870,probe_bw,0.75,2.0,20.0,19.128,40.61,134.1,68,2,47.35,46.53,19.079,0
13.875,probe_bw,0.75,2.0,20.0,19.128,40.61,134.1,66,1,48.28,47.46,19.094,0
13.880,probe_bw,1,2.0,20.0,19.128,40.61,134.1,65,1,49.21,48.39,19.109,0
13.885,probe_bw,1,2.0,20.0,19.128,40.61,134.1,65,1,50.25,49.44,19.128,0
13.890,probe_bw,1,2.0,20.0,19.128,40.61,134.1,65,1,48.57,49.26,19.128,0
13.895,probe_bw,1,2.0,20.0,19.128,40.61,134.1,65,1,46.89,48.09,19.128,0
13.900,probe_bw,1,2.0,20.0,19.128,40.61,134.1,65,1,45.21,46.59,19.128,0
13.905,probe_bw,1,2.0,20.0,19.128,40.61,134.1,64,1,43.32,44.76,19.128,0
13.910,probe_bw,1,2.0,20.0,19.128,40.61,134.1,65,1,41.64,43.1,19.128,0
13.915,probe_bw,1,2.0,20.0,19.128,40.61,134.1,66,1,40.61,41.72,18.926,0
13.920,probe_bw,1,2.0,20.0,19.128,40.61,134.1,67,1,40.61,41.04,18.621,0
13.925,probe_bw,1,2.0,20.0,19.128,40.61,134.1,66,1,40.61,40.74,18.596,0
13.930,probe_bw,1,2.0,20.0,19.128,40.61,134.1,66,1,40.61,40.65,18.574,0
13.935,probe_bw,1,2.0,20.0,19.128,40.61,134.1,66,1,40.61,40.62,18.543,0
13.940,probe_bw,1,2.0,20.0,19.128,40.61,134.1,67,1,40.61,40.61,18.521,0
13.945,probe_bw,1,2.0,20.0,19.128,40.61,134.1,67,1,40.61,40.61,18.499,0
13.950,probe_bw,1,2.0,20.0,19.128,40.61,134.1,66,1,40.61,40.61,18.474,0
13.955,probe_bw,1,2.0,20.0,19.128,40.61,134.1,66,1,40.61,40.61,18.562,0
13.960,probe_bw,1,2.0,20.0,19.128,40.61,134.1,66,1,40.61,40.61,18.937,0
13.965,probe_bw,1,2.0,20.0,19.128,40.61,134.1,66,1,40.61,40.61,18.937,0
13.970,probe_bw,1,2.0,20.0,19.128,40.61,134.1,67,1,40.61,40.61,18.937,0
13.975,probe_bw,1,2.0,20.0,19.128,40.61,134.1,67,1,40.61,40.61,18.937,0
13.980,probe_bw,1,2.0,20.0,19.128,40.61,134.1,66,1,40.61,40.61,18.937,0
13.985,probe_bw,1,2.0,20.0,19.128,40.61,134.1,66,1,40.61,40.61,18.937,0
13.990,probe_bw,1,2.0,20.0,19.128,40.61,134.1,66,1,40.61,40.61,18.937,0
13.995,probe_bw,1,2.0,20.0,19.128,40.61,134.1,66,1,40.61,40.61,18.937,0
14.000,probe_bw,1,2.0,10.0,19.128,40.61,134.1,67,1,40.61,40.61,18.937,0
14.005,probe_bw,1,2.0,10.0,19.128,40.61,134.1,67,5,40.61,40.61,18.937,0
14.010,probe_bw,1,2.0,10.0,19.128,40.61,134.1,66,9,40.61,40.61,18.937,0
14.015,probe_bw,1,2.0,10.0,19.128,40.61,134.1,66,13,40.61,40.61,18.937,0
14.020,probe_bw,1,2.0,10.0,19.128,40.61,134.1,66,16,40.61,40.61,18.937,0
14.025,probe_bw,1,2.0,10.0,19.128,40.61,134.1,67,21,40.61,40.61,18.937,0
14.030,probe_bw,1,2.0,10.0,19.128,40.61,134.1,67,25,40.61,40.61,18.937,0
14.035,probe_bw,1,2.0,10.0,19.128,40.61,134.1,67,29,40.61,40.61,18.937,0
14.040,probe_bw,1,2.0,10.0,19.128,40.61,134.1,66,33,40.61,40.61,18.937,0
14.045,probe_bw,1,2.0,10.0,19.128,40.61,134.1,70,37,42.41,41.02,18.138,0
14.050,probe_bw,1,2.0,10.0,19.128,40.61,134.1,74,41,44.81,42.26,17.176,0
14.055,probe_bw,1,2.0,10.0,19.128,40.61,134.1,79,46,47.21,43.97,16.31,0
14.060,probe_bw,1,2.0,10.0,19.128,40.61,134.1,82,49,50.2,46.5,15.344,0
14.065,probe_bw,1,2.0,10.0,19.128,40.61,134.1,86,53,52.6,48.69,14.649,0
14.070,probe_bw,1,2.0,10.0,19.128,40.61,134.1,90,57,55.0,50.97,14.015,0
14.075,probe_bw,1,2.0,10.0,19.128,40.61,134.1,94,61,57.4,53.3,13.433,0
14.080,probe_bw,1,2.0,10.0,19.128,40.61,134.1,98,65,59.8,55.66,12.898,0
14.085,probe_bw,1,2.0,10.0,19.128,40.61,134.1,103,70,62.19,58.03,12.404,0
14.090,probe_bw,1,2.0,10.0,19.128,40.61,134.1,107,74,64.59,60.41,11.946,0
14.095,probe_bw,1,2.0,10.0,19.128,40.61,134.1,111,77,66.99,62.8,11.521,0
14.100,probe_bw,1,2.0,10.0,19.128,40.61,134.1,114,81,69.99,65.8,11.03,0
14.105,probe_bw,1,2.0,10.0,19.128,40.61,134.1,118,85,72.38,68.19,10.666,0
14.110,probe_bw,1,2.0,10.0,19.128,40.61,134.1,122,89,74.78,70.59,10.326,0
14.115,probe_bw,1,2.0,10.0,19.128,40.61,134.1,127,94,77.18,72.98,10.007,0
14.120,probe_bw,1,2.0,10.0,19.128,40.61,134.1,131,98,79.58,75.38,9.707,0
14.125,probe_bw,1.25,2.0,10.0,19.128,40.61,134.1,135,102,81.98,77.78,9.564,0
14.130,probe_bw,1.25,2.0,10.0,19.128,40.61,134.1,135,102,84.37,80.18,9.564,0
14.135,probe_bw,1.25,2.0,10.0,19.128,40.61,134.1,135,102,87.37,83.18,9.564,0
14.140,probe_bw,1.25,2.0,10.0,19.128,40.61,134.1,135,102,89.77,85.57,9.564,0
14.145,probe_bw,1.25,2.0,10.0,19.128,40.61,134.1,135,102,92.17,87.97,9.564,0
14.150,probe_bw,1.25,2.0,10.0,19.128,40.61,134.1,135,102,94.56,90.37,9.564,0
14.155,probe_bw,1.25,2.0,10.0,19.128,40.61,134.1,135,102,96.96,92.77,9.564,0
14.160,probe_bw,1.25,2.0,10.0,19.128,40.61,134.1,135,102,99.36,95.16,9.564,0
14.165,probe_bw,0.75,2.0,10.0,19.128,40.61,134.1,135,102,101.76,97.56,9.564,0
14.170,probe_bw,0.75,2.0,10.0,19.128,40.61,134.1,135,102,104.16,99.96,9.564,0
14.175,probe_bw,0.75,2.0,10.0,19.128,40.61,134.1,135,102,107.15,102.96,9.564,0
14.180,probe_bw,0.75,2.0,10.0,19.128,40.61,134.1,135,102,109.55,105.36,9.564,0
14.185,probe_bw,0.75,2.0,10.0,19.128,40.61,134.1,135,102,111.95,107.75,9.564,0
14.190,probe_bw,0.75,2.0,10.0,19.128,40.61,134.1,135,102,114.35,110.15,9.564,0
14.195,probe_bw,0.75,2.0,10.0,19.128,40.61,134.1,135,102,116.75,112.55,9.564,0
14.200,probe_bw,0.75,2.0,10.0,19.128,40.61,134.1,135,102,119.14,114.95,9.564,0
14.205,probe_bw,0.75,2.0,10.0,19.128,40.61,134.1,135,102,121.54,117.35,9.564,0
14.210,probe_bw,1,2.0,10.0,19.128,40.61,134.1,135,102,123.94,119.74,9.564,0
14.215,probe_bw,1,2.0,10.0,19.128,40.61,134.1,135,102,126.94,122.74,9.564,0
14.220,probe_bw,1,2.0,10.0,19.128,40.61,134.1,135,102,129.34,125.14,9.564,0
14.225,probe_bw,1,2.0,10.0,19.128,40.61,134.1,135,102,131.73,127.54,9.564,0
14.230,probe_bw,1,2.0,10.0,19.128,40.61,134.1,135,102,134.13,129.93,9.564,0
14.235,probe_bw,1,2.0,10.0,19.128,40.61,134.1,135,102,136.53,132.33,9.564,0
14.240,probe_bw,1,2.0,10.0,19.128,40.61,134.1,135,102,138.93,134.73,9.564,0
14.245,probe_bw,1,2.0,10.0,19.128,40.61,134.1,135,102,141.33,137.13,9.564,0
14.250,probe_bw,1,2.0,10.0,19.128,40.61,134.1,135,102,143.72,139.53,9.564,0
14.255,probe_bw,1,2.0,10.0,19.128,40.61,134.1,135,102,146.72,142.52,9.564,0
14.260,probe_bw,1,2.0,10.0,19.128,40.61,134.1,135,102,149.12,144.92,9.564,0
14.265,probe_bw,1,2.0,10.0,19.128,40.61,134.1,135,102,151.52,147.32,9.564,0
14.270,probe_bw,1,2.0,10.0,19.128,40.61,134.1,135,102,153.91,149.72,9.564,0
14.275,probe_bw,1,2.0,10.0,19.128,40.61,134.1,135,102,156.31,152.12,9.564,0
14.280,probe_bw,1,2.0,10.0,19.128,40.61,134.1,135,102,158.71,154.51,9.564,0
14.285,probe_bw,1,2.0,10.0,19.128,40.61,134.1,135,102,161.11,156.91,9.564,0
14.290,probe_bw,1,2.0,10.0,19.128,40.61,134.1,135,101,163.51,159.35,9.564,0
14.295,probe_bw,1,2.0,10.0,19.128,40.61,134.1,135,102,163.51,161.38,9.564,0
14.300,probe_bw,1,2.0,10.0,19.128,40.61,134.1,135,102,163.51,162.26,9.564,0
14.305,probe_bw,1,2.0,10.0,19.128,40.61,134.1,135,102,163.51,162.78,9.564,0
14.310,probe_bw,1,2.0,10.0,19.128,40.61,134.1,135,102,163.51,163.08,9.564,0
14.315,probe_bw,1,2.0,10.0,19.128,40.61,134.1,135,102,163.51,163.26,9.564,0
14.320,probe_bw,1,2.0,10.0,19.128,40.61,134.1,135,102,163.51,163.36,9.564,0
14.325,probe_bw,1,2.0,10.0,19.128,40.61,134.1,135,102,163.51,163.43,9.564,0
14.330,probe_bw,1,2.0,10.0,19.128,40.61,134.1,135,102,163.51,163.47,9.564,0
14.335,probe_bw,1,2.0,10.0,19.128,40.61,134.1,135,102,163.51,163.49,9.564,0
14.340,probe_bw,1,2.0,10.0,19.128,40.61,134.1,135,102,163.51,163.5,9.564,0
14.345,probe_bw,1,2.0,10.0,19.128,40.61,134.1,135,102,163.51,163.5,9.564,0
14.350,probe_bw,1,2.0,10.0,19.128,40.61,134.1,135,102,163.51,163.51,9.564,0
14.355,probe_bw,1,2.0,10.0,19.128,40.61,134.1,135,102,163.51,163.51,9.564,0
14.360,probe_bw,1,2.0,10.0,19.128,40.61,134.1,135,102,163.51,163.51,9.564,0
14.365,probe_bw,1,2.0,10.0,19.128,40.61,134.1,135,102,163.51,163.51,9.564,0
14.370,probe_bw,1,2.0,10.0,19.128,40.61,134.1,135,102,163.51,163.51,9.564,0
14.375,probe_bw,1,2.0,10.0,19.128,40.61,134.1,135,102,163.51,163.51,9.564,0
14.380,probe_bw,1,2.0,10.0,19.128,40.61,134.1,135,102,163.51,163.51,9.564,0
14.385,probe_bw,1,2.0,10.0,19.128,40.61,134.1,135,102,163.51,163.51,9.564,0
14.390,probe_bw,1,2.0,10.0,19.128,40.61,134.1,135,102,163.51,163.51,9.564,0
14.395,probe_bw,1,2.0,10.0,19.128,40.61,134.1,135,102,163.51,163.51,9.564,0
14.400,probe_bw,1,2.0,10.0,19.128,40.61,134.1,135,102,163.51,163.51,9.564,0
14.405,probe_bw,1,2.0,10.0,19.128,40.61,134.1,135,102,163.51,163.51,9.564,0
14.410,probe_bw,1,2.0,10.0,19.128,40.61,134.1,135,102,163.51,163.51,9.564,0
14.415,probe_bw,1,2.0,10.0,19.128,40.61,134.1,135,102,163.51,163.51,9.564,0
14.420,probe_bw,1,2.0,10.0,19.128,40.61,134.1,135,102,163.51,163.51,9.564,0
14.425,probe_bw,1,2.0,10.0,19.128,40.61,134.1,135,102,163.51,163.51,9.564,0
14.430,probe_bw,1,2.0,10.0,19.128,40.61,134.1,135,102,163.51,163.51,9.564,0
14.435,probe_bw,1,2.0,10.0,19.128,40.61,134.1,135,102,163.51,163.51,9.564,0
14.440,probe_bw,1,2.0,10.0,19.128,40.61,134.1,135,102,163.51,163.51,9.564,0
14.445,probe_bw,1,2.0,10.0,19.128,40.61,134.1,135,102,163.51,163.51,9.564,0
14.450,probe_bw,1,2.0,10.0,19.128,40.61,134.1,135,102,163.51,163.51,9.564,0
14.455,probe_bw,1.25,2.0,10.0,19.128,40.61,134.1,135,102,163.51,163.51,9.564,0
14.460,probe_bw,1.25,2.0,10.0,19.128,40.61,134.1,135,102,163.51,163.51,9.564,0
14.465,probe_bw,1.25,2.0,10.0,19.128,40.61,134.1,135,102,163.51,163.51,9.564,0
14.470,probe_bw,1.25,2.0,10.0,19.128,40.61,134.1,135,102,163.51,163.51,9.564,0
14.475,probe_bw,1.25,2.0,10.0,19.128,40.61,134.1,135,102,163.51,163.51,9.564,0
14.480,probe_bw,1.25,2.0,10.0,19.128,40.61,134.1,135,102,163.51,163.51,9.564,0
14.485,probe_bw,1.25,2.0,10.0,19.128,40.61,134.1,135,101,163.51,163.51,9.564,0
14.490,probe_bw,1.25,2.0,10.0,19.128,40.61,134.1,135,102,163.51,163.51,9.564,0
14.495,probe_bw,0.75,2.0,10.0,19.128,40.61,134.1,135,102,163.51,163.51,9.564,0
14.500,probe_bw,0.75,2.0,10.0,19.128,40.61,134.1,135,102,163.51,163.51,9.564,0
14.505,probe_bw,0.75,2.0,10.0,19.128,40.61,134.1,135,102,163.51,163.51,9.564,0
14.510,probe_bw,0.75,2.0,10.0,19.128,40.61,134.1,135,102,163.51,163.51,9.564,0
14.515,probe_bw,0.75,2.0,10.0,19.128,40.61,134.1,135,102,163.51,163.51,9.564,0
14.520,probe_bw,0.75,2.0,10.0,19.128,40.61,134.1,135,102,163.51,163.51,9.564,0
14.525,probe_bw,0.75,2.0,10.0,19.128,40.61,134.1,135,102,163.51,163.51,9.564,0
14.530,probe_bw,0.75,2.0,10.0,19.128,40.61,134.1,135,102,163.51,163.51,9.564,0
14.535,probe_bw,1,2.0,10.0,19.128,40.61,134.1,135,102,163.51,163.51,9.564,0
14.540,probe_bw,1,2.0,10.0,19.128,40.61,134.1,135,102,163.51,163.51,9.564,0
14.545,probe_bw,1,2.0,10.0,19.128,40.61,134.1,135,102,163.51,163.51,9.564,0
14.550,probe_bw,1,2.0,10.0,19.128,40.61,134.1,135,102,163.51,163.51,9.564,0
14.555,probe_bw,1,2.0,10.0,19.128,40.61,134.1,135,102,163.51,163.51,9.564,0
14.560,probe_bw,1,2.0,10.0,19.128,40.61,134.1,135,102,163.51,163.51,9.564,0
14.565,probe_bw,1,2.0,10.0,19.128,40.61,134.1,135,102,163.51,163.51,9.564,0
14.570,probe_bw,1,2.0,10.0,19.128,40.61,134.1,135,102,163.51,163.51,9.564,0
14.575,probe_bw,1,2.0,10.0,19.128,40.61,134.1,135,102,163.51,163.51,9.564,0
14.580,probe_bw,1,2.0,10.0,19.128,40.61,134.1,135,102,163.51,163.51,9.564,0
14.585,probe_bw,1,2.0,10.0,19.128,40.61,134.1,135,102,163.51,163.51,9.564,0
14.590,probe_bw,1,2.0,10.0,19.128,40.61,134.1,135,102,163.51,163.51,9.564,0
14.595,probe_bw,1,2.0,10.0,19.128,40.61,134.1,135,102,163.51,163.51,9.564,0
14.600,probe_bw,1,2.0,10.0,19.128,40.61,134.1,135,102,163.51,163.51,9.564,0
14.605,probe_bw,1,2.0,10.0,19.128,40.61,134.1,135,102,163.51,163.51,9.564,0
14.610,probe_bw,1,2.0,10.0,19.128,40.61,134.1,135,102,163.51,163.51,9.564,0
14.615,probe_bw,1,2.0,10.0,19.128,40.61,134.1,135,102,163.51,163.51,9.564,0
14.620,probe_bw,1,2.0,10.0,19.128,40.61,134.1,135,102,163.51,163.51,9.564,0
14.625,probe_bw,1,2.0,10.0,19.128,40.61,134.1,135,102,163.51,163.51,9.564,0
14.630,probe_bw,1,2.0,10.0,19.128,40.61,134.1,135,102,163.51,163.51,9.564,0
14.635,probe_bw,1,2.0,10.0,19.128,40.61,134.1,135,102,163.51,163.51,9.564,0
14.640,probe_bw,1,2.0,10.0,19.128,40.61,134.1,135,102,163.51,163.51,9.564,0
14.645,probe_bw,1,2.0,10.0,19.128,40.61,134.1,135,102,163.51,163.51,9.564,0
14.650,probe_bw,1,2.0,10.0,19.128,40.61,134.1,135,102,163.51,163.51,9.564,0
14.655,probe_bw,1,2.0,10.0,19.128,40.61,134.1,135,102,163.51,163.51,9.564,0
14.660,probe_bw,1,2.0,10.0,19.128,40.61,134.1,135,102,163.51,163.51,9.564,0
14.665,probe_bw,1,2.0,10.0,19.128,40.61,134.1,135,102,163.51,163.51,9.564,0
14.670,probe_bw,1,2.0,10.0,19.128,40.61,134.1,135,102,163.51,163.51,9.564,0
14.675,probe_bw,1,2.0,10.0,19.128,40.61,134.1,135,102,163.51,163.51,9.564,0
14.680,probe_bw,1,2.0,10.0,19.128,40.61,134.1,135,101,163.51,163.51,9.564,0
14.685,probe_bw,1,2.0,10.0,19.128,40.61,134.1,135,102,163.51,163.51,9.564,0
14.690,probe_bw,1,2.0,10.0,19.128,40.61,134.1,135,102,163.51,163.51,9.564,0
14.695,probe_bw,1,2.0,10.0,19.128,40.61,134.1,135,102,163.51,163.51,9.564,0
14.700,probe_bw,1,2.0,10.0,19.128,40.61,134.1,135,102,163.51,163.51,9.564,0
14.705,probe_bw,1,2.0,10.0,19.128,40.61,134.1,135,102,163.51,163.51,9.564,0
14.710,probe_bw,1,2.0,10.0,19.128,40.61,134.1,135,102,163.51,163.51,9.564,0
14.715,probe_bw,1,2.0,10.0,19.128,40.61,134.1,135,102,163.51,163.51,9.564,0
14.720,probe_bw,1,2.0,10.0,19.128,40.61,134.1,135,102,163.51,163.51,9.564,0
14.725,probe_bw,1,2.0,10.0,19.128,40.61,134.1,135,102,163.51,163.51,9.564,0
14.730,probe_bw,1,2.0,10.0,19.128,40.61,134.1,135,102,163.51,163.51,9.564,0
14.735,probe_bw,1,2.0,10.0,19.128,40.61,134.1,135,102,163.51,163.51,9.564,0
14.740,probe_bw,1,2.0,10.0,19.128,40.61,134.1,135,102,163.51,163.51,9.564,0
14.745,probe_bw,1,2.0,10.0,19.128,40.61,134.1,135,102,163.51,163.51,9.564,0
14.750,probe_bw,1,2.0,10.0,19.128,40.61,134.1,135,102,163.51,163.51,9.564,0
14.755,probe_bw,1,2.0,10.0,19.128,40.61,134.1,135,102,163.51,163.51,9.564,0
14.760,probe_bw,1,2.0,10.0,19.128,40.61,134.1,135,102,163.51,163.51,9.564,0
14.765,probe_bw,1,2.0,10.0,19.128,40.61,134.1,135,102,163.51,163.51,9.564,0
14.770,probe_bw,1,2.0,10.0,19.128,40.61,134.1,135,102,163.51,163.51,9.564,0
14.775,probe_bw,1,2.0,10.0,19.128,40.61,134.1,135,102,163.51,163.51,9.564,0
14.780,probe_bw,1,2.0,10.0,19.128,40.61,134.1,135,102,163.51,163.51,9.564,0
14.785,probe_bw,1.25,2.0,10.0,19.128,40.61,134.1,135,102,163.51,163.51,9.564,0
14.790,probe_bw,1.25,2.0,10.0,19.128,40.61,134.1,135,102,163.51,163.51,9.564,0
14.795,probe_bw,1.25,2.0,10.0,19.128,40.61,134.1,135,102,163.51,163.51,9.564,0
14.800,probe_bw,1.25,2.0,10.0,19.128,40.61,134.1,135,102,163.51,163.51,9.564,0
14.805,probe_bw,1.25,2.0,10.0,19.128,40.61,134.1,135,102,163.51,163.51,9.564,0
14.810,probe_bw,1.25,2.0,10.0,19.128,40.61,134.1,135,102,163.51,163.51,9.564,0
14.815,probe_bw,1.25,2.0,10.0,19.128,40.61,134.1,135,102,163.51,163.51,9.564,0
14.820,probe_bw,1.25,2.0,10.0,19.128,40.61,134.1,135,102,163.51,163.51,9.564,0
14.825,probe_bw,0.75,2.0,10.0,19.128,40.61,134.1,135,102,163.51,163.51,9.564,0
14.830,probe_bw,0.75,2.0,10.0,19.128,40.61,134.1,135,102,163.51,163.51,9.564,0
14.835,probe_bw,0.75,2.0,10.0,19.128,40.61,134.1,135,102,163.51,163.51,9.564,0
14.840,probe_bw,0.75,2.0,10.0,19.128,40.61,134.1,135,102,163.51,163.51,9.564,0
14.845,probe_bw,0.75,2.0,10.0,19.128,40.61,134.1,135,102,163.51,163.51,9.564,0
14.850,probe_bw,0.75,2.0,10.0,19.128,40.61,134.1,135,102,163.51,163.51,9.564,0
14.855,probe_bw,0.75,2.0,10.0,19.128,40.61,134.1,135,102,163.51,163.51,9.564,0
14.860,probe_bw,0.75,2.0,10.0,19.128,40.61,134.1,135,102,163.51,163.51,9.564,0
14.865,probe_bw,1,2.0,10.0,19.128,40.61,134.1,135,102,163.51,163.51,9.564,0
14.870,probe_bw,1,2.0,10.0,19.128,40.61,134.1,135,102,163.51,163.51,9.564,0
14.875,probe_bw,1,2.0,10.0,19.128,40.61,134.1,135,102,163.51,163.51,9.564,0
14.880,probe_bw,1,2.0,10.0,19.128,40.61,134.1,135,102,163.51,163.51,9.564,0
14.885,probe_bw,1,2.0,10.0,19.128,40.61,134.1,135,102,163.51,163.51,9.564,0
14.890,probe_bw,1,2.0,10.0,19.128,40.61,134.1,135,102,163.51,163.51,9.564,0
14.895,probe_bw,1,2.0,10.0,19.128,40.61,134.1,135,102,163.51,163.51,9.564,0
14.900,probe_bw,1,2.0,10.0,19.128,40.61,134.1,135,102,163.51,163.51,9.564,0
14.905,probe_bw,1,2.0,10.0,19.128,40.61,134.1,135,102,163.51,163.51,9.564,0
14.910,probe_bw,1,2.0,10.0,19.128,40.61,134.1,135,102,163.51,163.51,9.564,0
14.915,probe_bw,1,2.0,10.0,19.128,40.61,134.1,135,101,163.51,163.51,9.564,0
14.920,probe_bw,1,2.0,10.0,19.128,40.61,134.1,135,102,163.51,163.51,9.564,0
14.925,probe_bw,1,2.0,10.0,19.128,40.61,134.1,135,102,163.51,163.51,9.564,0
14.930,probe_bw,1,2.0,10.0,19.128,40.61,134.1,135,102,163.51,163.51,9.564,0
14.935,probe_bw,1,2.0,10.0,19.128,40.61,134.1,135,102,163.51,163.51,9.564,0
14.940,probe_bw,1,2.0,10.0,19.128,40.61,134.1,135,102,163.51,163.51,9.564,0
14.945,probe_bw,1,2.0,10.0,19.128,40.61,134.1,135,102,163.51,163.51,9.564,0
14.950,probe_bw,1,2.0,10.0,19.128,40.61,134.1,135,102,163.51,163.51,9.564,0
14.955,probe_bw,1,2.0,10.0,19.128,40.61,134.1,135,102,163.51,163.51,9.564,0
14.960,probe_bw,1,2.0,10.0,19.128,40.61,134.1,135,102,163.51,163.51,9.564,0
14.965,probe_bw,1,2.0,10.0,19.128,40.61,134.1,135,102,163.51,163.51,9.564,0
14.970,probe_bw,1,2.0,10.0,18.937,40.61,132.8,133,100,163.51,163.51,9.564,0
14.975,probe_bw,1,2.0,10.0,18.937,40.61,132.8,133,100,163.51,163.51,9.564,0
14.980,probe_bw,1,2.0,10.0,18.937,40.61,132.8,133,100,163.51,163.51,9.564,0
14.985,probe_bw,1,2.0,10.0,18.937,40.61,132.8,133,100,163.51,163.51,9.564,0
14.990,probe_bw,1,2.0,10.0,18.937,40.61,132.8,133,100,163.51,163.51,9.564,0
14.995,probe_bw,1,2.0,10.0,18.937,40.61,132.8,133,100,163.51,163.51,9.564,0
15.000,probe_bw,1,2.0,10.0,18.937,40.61,132.8,133,100,163.51,163.51,9.564,0
15.005,probe_bw,1,2.0,10.0,18.937,40.61,132.8,133,100,163.51,163.51,9.564,0
15.010,probe_bw,1,2.0,10.0,18.937,40.61,132.8,133,100,163.51,163.51,9.564,0
15.015,probe_bw,1,2.0,10.0,18.937,40.61,132.8,133,100,163.51,163.51,9.564,0
15.020,probe_bw,1,2.0,10.0,18.937,40.61,132.8,133,100,163.51,163.51,9.564,0
15.025,probe_bw,1,2.0,10.0,18.937,40.61,132.8,133,100,163.51,163.51,9.564,0
15.030,probe_bw,1,2.0,10.0,18.937,40.61,132.8,133,100,163.51,163.51,9.564,0
15.035,probe_bw,1,2.0,10.0,18.937,40.61,132.8,133,100,163.51,163.51,9.564,0
15.040,probe_bw,1,2.0,10.0,18.937,40.61,132.8,133,100,163.51,163.51,9.564,0
15.045,probe_bw,1,2.0,10.0,18.937,40.61,132.8,133,100,163.51,163.51,9.564,0
15.050,probe_bw,1,2.0,10.0,18.937,40.61,132.8,133,100,163.51,163.51,9.564,0
15.055,probe_bw,1,2.0,10.0,18.937,40.61,132.8,133,100,163.51,163.51,9.564,0
15.060,probe_bw,1,2.0,10.0,18.937,40.61,132.8,133,100,163.51,163.51,9.564,0
15.065,probe_bw,1,2.0,10.0,18.937,40.61,132.8,133,100,163.51,163.51,9.564,0
15.070,probe_bw,1,2.0,10.0,18.937,40.61,132.8,133,100,163.51,163.51,9.564,0
15.075,probe_bw,1,2.0,10.0,18.937,40.61,132.8,133,100,163.51,163.51,9.564,0
15.080,probe_bw,1,2.0,10.0,18.937,40.61,132.8,133,100,163.51,163.51,9.564,0
15.085,probe_bw,1,2.0,10.0,18.937,40.61,132.8,133,100,163.51,163.51,9.564,0
15.090,probe_bw,1,2.0,10.0,18.937,40.61,132.8,133,100,163.51,163.51,9.564,0
15.095,probe_bw,1,2.0,10.0,18.937,40.61,132.8,133,100,163.51,163.51,9.564,0
15.100,probe_bw,1,2.0,10.0,18.937,40.61,132.8,133,100,163.51,163.51,9.564,0
15.105,probe_bw,1,2.0,10.0,18.937,40.61,132.8,133,100,163.51,163.51,9.564,0
15.110,probe_bw,1,2.0,10.0,18.937,40.61,132.8,133,99,163.51,163.51,9.564,0
15.115,probe_bw,1.25,2.0,10.0,18.937,40.61,132.8,133,100,163.51,163.51,9.564,0
15.120,probe_bw,1.25,2.0,10.0,18.937,40.61,132.8,133,100,163.51,163.51,9.564,0
15.125,probe_bw,1.25,2.0,10.0,18.937,40.61,132.8,133,100,163.51,163.51,9.564,0
15.130,probe_bw,1.25,2.0,10.0,18.937,40.61,132.8,133,100,161.09,163.21,9.564,0
15.135,probe_bw,1.25,2.0,10.0,18.937,40.61,132.8,133,100,161.09,162.33,9.564,0
15.140,probe_bw,1.25,2.0,10.0,18.937,40.61,132.8,133,100,161.09,161.82,9.564,0
15.145,probe_bw,1.25,2.0,10.0,18.937,40.61,132.8,133,100,161.09,161.52,9.564,0
15.150,probe_bw,1.25,2.0,10.0,18.937,40.61,132.8,133,100,161.09,161.31,9.564,0
15.155,probe_bw,0.75,2.0,10.0,18.937,40.61,132.8,133,100,161.09,161.22,9.564,0
15.160,probe_bw,0.75,2.0,10.0,18.937,40.61,132.8,133,100,161.09,161.17,9.564,0
15.165,probe_bw,0.75,2.0,10.0,18.937,40.61,132.8,133,100,161.09,161.13,9.564,0
15.170,probe_bw,0.75,2.0,10.0,18.937,40.61,132.8,133,100,161.09,161.12,9.564,0
15.175,probe_bw,0.75,2.0,10.0,18.937,40.61,132.8,133,100,161.09,161.11,9.564,0
15.180,probe_bw,0.75,2.0,10.0,18.937,40.61,132.8,133,100,161.09,161.1,9.564,0
15.185,probe_bw,0.75,2.0,10.0,18.937,40.61,132.8,133,100,161.09,161.1,9.564,0
15.190,probe_bw,0.75,2.0,10.0,18.937,40.61,132.8,133,100,161.09,161.09,9.564,0
15.195,probe_bw,1,2.0,10.0,18.937,40.61,132.8,133,100,161.09,161.09,9.564,0
15.200,probe_bw,1,2.0,10.0,18.937,40.61,132.8,133,100,161.09,161.09,9.564,0
15.205,probe_bw,1,2.0,10.0,18.937,40.61,132.8,133,100,161.09,161.09,9.564,0
15.210,probe_bw,1,2.0,10.0,18.937,40.61,132.8,133,100,161.09,161.09,9.564,0
15.215,probe_bw,1,2.0,10.0,18.937,40.61,132.8,133,100,161.09,161.09,9.564,0
15.220,probe_bw,1,2.0,10.0,18.937,40.61,132.8,133,100,161.09,161.09,9.564,0
15.225,probe_bw,1,2.0,10.0,18.937,40.61,132.8,133,100,161.09,161.09,9.564,0
15.230,probe_bw,1,2.0,10.0,18.937,40.61,132.8,133,100,161.09,161.09,9.564,0
15.235,probe_bw,1,2.0,10.0,18.937,40.61,132.8,133,100,161.09,161.09,9.564,0
15.240,probe_bw,1,2.0,10.0,18.937,40.61,132.8,133,100,161.09,161.09,9.564,0
15.245,probe_bw,1,2.0,10.0,18.937,40.61,132.8,133,100,161.09,161.09,9.564,0
15.250,probe_bw,1,2.0,10.0,18.937,40.61,132.8,133,100,161.09,161.09,9.564,0
15.255,probe_bw,1,2.0,10.0,18.937,40.61,132.8,133,100,161.09,161.09,9.564,0
15.260,probe_bw,1,2.0,10.0,18.937,40.61,132.8,133,100,161.09,161.09,9.564,0
15.265,probe_bw,1,2.0,10.0,18.937,40.61,132.8,133,100,161.09,161.09,9.564,0
15.270,probe_bw,1,2.0,10.0,18.937,40.61,132.8,133,100,161.09,161.09,9.564,0
15.275,probe_bw,1,2.0,10.0,18.937,40.61,132.8,133,100,161.09,161.09,9.564,0
15.280,probe_bw,1,2.0,10.0,18.937,40.61,132.8,133,100,161.09,161.09,9.564,0
15.285,probe_bw,1,2.0,10.0,18.937,40.61,132.8,133,100,161.09,161.09,9.564,0
15.290,probe_bw,1,2.0,10.0,18.937,40.61,132.8,133,100,161.09,161.09,9.564,0
15.295,probe_bw,1,2.0,10.0,18.937,40.61,132.8,133,100,161.09,161.09,9.564,0
15.300,probe_bw,1,2.0,10.0,18.937,40.61,132.8,133,100,161.09,161.09,9.564,0
15.305,probe_bw,1,2.0,10.0,18.937,40.61,132.8,133,99,161.09,161.09,9.564,0
15.310,probe_bw,1,2.0,10.0,18.937,40.61,132.8,133,100,161.09,161.09,9.564,0
15.315,probe_bw,1,2.0,10.0,18.937,40.61,132.8,133,100,161.09,161.09,9.564,0
15.320,probe_bw,1,2.0,10.0,18.937,40.61,132.8,133,100,161.09,161.09,9.564,0
15.325,probe_bw,1,2.0,10.0,18.937,40.61,132.8,133,100,161.09,161.09,9.564,0
15.330,probe_bw,1,2.0,10.0,18.937,40.61,132.8,133,100,161.09,161.09,9.564,0
15.335,probe_bw,1,2.0,10.0,18.937,40.61,132.8,133,100,161.09,161.09,9.564,0
15.340,probe_bw,1,2.0,10.0,18.937,40.61,132.8,133,100,161.09,161.09,9.564,0
15.345,probe_bw,1,2.0,10.0,18.937,40.61,132.8,133,100,161.09,161.09,9.564,0
15.350,probe_bw,1,2.0,10.0,18.937,40.61,132.8,133,100,161.09,161.09,9.564,0
15.355,probe_bw,1,2.0,10.0,18.937,40.61,132.8,133,100,161.09,161.09,9.564,0
15.360,probe_bw,1,2.0,10.0,18.937,40.61,132.8,133,100,161.09,161.09,9.564,0
15.365,probe_bw,1,2.0,10.0,18.937,40.61,132.8,133,100,161.09,161.09,9.564,0
15.370,probe_bw,1,2.0,10.0,18.937,40.61,132.8,133,100,161.09,161.09,9.564,0
15.375,probe_bw,1,2.0,10.0,18.937,40.61,132.8,133,100,161.09,161.09,9.564,0
15.380,probe_bw,1,2.0,10.0,18.937,40.61,132.8,133,100,161.09,161.09,9.564,0
15.385,probe_bw,1,2.0,10.0,18.937,40.61,132.8,133,100,161.09,161.09,9.564,0
15.390,probe_bw,1,2.0,10.0,18.937,40.61,132.8,133,100,161.09,161.09,9.564,0
15.395,probe_bw,1,2.0,10.0,18.937,40.61,132.8,133,100,161.09,161.09,9.564,0
15.400,probe_bw,1,2.0,10.0,18.937,40.61,132.8,133,100,161.09,161.09,9.564,0
15.405,probe_bw,1,2.0,10.0,18.937,40.61,132.8,133,100,161.09,161.09,9.564,0
15.410,probe_bw,1,2.0,10.0,18.937,40.61,132.8,133,100,161.09,161.09,9.564,0
15.415,probe_bw,1,2.0,10.0,18.937,40.61,132.8,133,100,161.09,161.09,9.564,0
15.420,probe_bw,1,2.0,10.0,18.937,40.61,132.8,133,100,161.09,161.09,9.564,0
15.425,probe_bw,1,2.0,10.0,18.937,40.61,132.8,133,100,161.09,161.09,9.564,0
15.430,probe_bw,1,2.0,10.0,18.937,40.61,132.8,133,100,161.09,161.09,9.564,0
15.435,probe_bw,1,2.0,10.0,18.937,40.61,132.8,133,100,161.09,161.09,9.564,0
15.440,probe_bw,1,2.0,10.0,18.937,40.61,132.8,133,100,161.09,161.09,9.564,0
15.445,probe_bw,1.25,2.0,10.0,18.937,40.61,132.8,133,100,161.09,161.09,9.564,0
15.450,probe_bw,1.25,2.0,10.0,18.937,40.61,132.8,133,100,161.09,161.09,9.564,0
15.455,probe_bw,1.25,2.0,10.0,16.31,40.61,114.3,130,97,161.09,161.09,9.564,0
15.460,probe_bw,1.25,2.0,10.0,16.31,40.61,114.3,126,93,161.09,161.09,9.564,0
15.465,probe_bw,1.25,2.0,10.0,16.31,40.61,114.3,121,88,161.09,161.09,9.564,0
15.470,probe_bw,1.25,2.0,10.0,16.31,40.61,114.3,117,84,161.09,161.09,9.564,0
15.475,probe_bw,1.25,2.0,10.0,16.31,40.61,114.3,115,82,161.09,161.09,9.564,0
15.480,probe_bw,1.25,2.0,10.0,16.31,40.61,114.3,115,82,161.09,161.09,9.564,0
15.485,probe_bw,0.75,2.0,10.0,16.31,40.61,114.3,115,82,161.09,161.09,9.564,0
15.490,probe_bw,0.75,2.0,10.0,16.31,40.61,114.3,115,82,161.09,161.09,9.564,0
15.495,probe_bw,0.75,2.0,10.0,16.31,40.61,114.3,115,82,161.09,161.09,9.564,0
15.500,probe_bw,0.75,2.0,10.0,16.31,40.61,114.3,115,81,161.09,161.09,9.564,0
15.505,probe_bw,0.75,2.0,10.0,16.31,40.61,114.3,115,82,161.09,161.09,9.564,0
15.510,probe_bw,0.75,2.0,10.0,16.31,40.61,114.3,115,82,161.09,161.09,9.564,0
15.515,probe_bw,0.75,2.0,10.0,16.31,40.61,114.3,115,82,161.09,161.09,9.564,0
15.520,probe_bw,0.75,2.0,10.0,16.31,40.61,114.3,115,82,161.09,161.09,9.564,0
15.525,probe_bw,1,2.0,10.0,16.31,40.61,114.3,115,82,161.09,161.09,9.564,0
15.530,probe_bw,1,2.0,10.0,16.31,40.61,114.3,115,82,161.09,161.09,9.564,0
15.535,probe_bw,1,2.0,10.0,16.31,40.61,114.3,115,82,161.09,161.09,9.564,0
15.540,probe_bw,1,2.0,10.0,16.31,40.61,114.3,115,82,161.09,161.09,9.564,0
15.545,probe_bw,1,2.0,10.0,16.31,40.61,114.3,115,82,161.09,161.09,9.564,0
15.550,probe_bw,1,2.0,10.0,16.31,40.61,114.3,115,82,161.09,161.09,9.564,0
15.555,probe_bw,1,2.0,10.0,16.31,40.61,114.3,115,82,161.09,161.09,9.564,0
15.560,probe_bw,1,2.0,10.0,16.31,40.61,114.3,115,82,161.09,161.09,9.564,0
15.565,probe_bw,1,2.0,10.0,16.31,40.61,114.3,115,82,161.09,161.09,9.564,0
15.570,probe_bw,1,2.0,10.0,16.31,40.61,114.3,115,82,161.09,161.09,9.564,0
15.575,probe_bw,1,2.0,10.0,16.31,40.61,114.3,115,82,161.09,161.09,9.564,0
15.580,probe_bw,1,2.0,10.0,16.31,40.61,114.3,115,82,161.09,161.09,9.564,0
15.585,probe_bw,1,2.0,10.0,16.31,40.61,114.3,115,82,161.09,161.09,9.564,0
15.590,probe_bw,1,2.0,10.0,16.31,40.61,114.3,115,82,161.09,161.09,9.564,0
15.595,probe_bw,1,2.0,10.0,16.31,40.61,114.3,115,82,161.09,161.09,9.564,0
15.600,probe_bw,1,2.0,10.0,16.31,40.61,114.3,115,82,161.09,161.09,9.564,0
15.605,probe_bw,1,2.0,10.0,16.31,40.61,114.3,115,82,161.09,161.09,9.564,0
15.610,probe_bw,1,2.0,10.0,16.31,40.61,114.3,115,82,161.09,161.09,9.564,0
15.615,probe_bw,1,2.0,10.0,9.564,40.61,67.1,113,80,139.29,155.98,9.564,0
15.620,probe_bw,1,2.0,10.0,9.564,40.61,67.1,108,75,139.29,147.85,9.564,0
15.625,probe_bw,1,2.0,10.0,9.564,40.61,67.1,104,71,139.29,144.31,9.564,0
15.630,probe_bw,1,2.0,10.0,9.564,40.61,67.1,100,67,139.29,142.23,9.564,0
15.635,probe_bw,1,2.0,10.0,9.564,40.61,67.1,96,63,139.29,141.01,9.564,0
15.640,probe_bw,1,2.0,10.0,9.564,40.61,67.1,92,59,139.29,140.3,9.564,0
15.645,probe_bw,1,2.0,10.0,9.564,40.61,67.1,88,55,139.29,139.88,9.564,0
15.650,probe_bw,1,2.0,10.0,9.564,40.61,67.1,84,51,139.29,139.64,9.564,0
15.655,probe_bw,1,2.0,10.0,9.564,40.61,67.1,80,47,139.29,139.49,9.564,0
15.660,probe_bw,1,2.0,10.0,9.564,40.61,67.1,75,42,139.29,139.39,9.564,0
15.665,probe_bw,1,2.0,10.0,9.564,40.61,67.1,71,38,139.29,139.35,9.564,0
15.670,probe_bw,1,2.0,10.0,9.564,40.61,67.1,68,35,139.29,139.32,9.564,0
15.675,probe_bw,1,2.0,10.0,9.564,40.61,67.1,68,35,139.29,139.31,9.564,0
15.680,probe_bw,1,2.0,10.0,9.564,40.61,67.1,68,35,139.29,139.3,9.564,0
15.685,probe_bw,1,2.0,10.0,9.564,40.61,67.1,68,35,139.29,139.3,9.564,0
15.690,probe_bw,1,2.0,10.0,9.564,40.61,67.1,68,35,139.29,139.29,9.564,0
15.695,probe_bw,1,2.0,10.0,9.564,40.61,67.1,68,34,139.29,139.29,9.564,0
15.700,probe_bw,1,2.0,10.0,9.564,40.61,67.1,67,34,139.29,139.29,9.564,0
15.705,probe_bw,1,2.0,10.0,9.564,40.61,67.1,67,34,139.29,139.29,9.564,0
15.710,probe_bw,1,2.0,10.0,9.564,40.61,67.1,68,35,139.29,139.29,9.564,0
15.715,probe_bw,1,2.0,10.0,9.564,40.61,67.1,68,35,139.29,139.29,9.564,0
15.720,probe_bw,1,2.0,10.0,9.564,40.61,67.1,68,35,139.29,139.29,9.564,0
15.725,probe_bw,1,2.0,10.0,9.564,40.61,67.1,68,35,139.29,139.29,9.564,0
15.730,probe_bw,1,2.0,10.0,9.564,40.61,67.1,68,35,139.29,139.29,9.564,0
15.735,probe_bw,1,2.0,10.0,9.564,40.61,67.1,67,34,139.29,139.29,9.564,0
15.740,probe_bw,1,2.0,10.0,9.564,40.61,67.1,67,34,139.29,139.29,9.564,0
15.745,probe_bw,1,2.0,10.0,9.564,40.61,67.1,67,34,139.29,139.29,9.564,0
15.750,probe_bw,1,2.0,10.0,9.564,40.61,67.1,67,34,139.29,139.29,9.564,0
15.755,probe_bw,1,2.0,10.0,9.564,40.61,67.1,67,34,82.34,120.49,9.564,0
15.760,probe_bw,1,2.0,10.0,9.564,40.61,67.1,67,34,82.29,104.69,9.564,0
15.765,probe_bw,1,2.0,10.0,9.564,40.61,67.1,67,34,82.24,95.41,9.564,0
15.770,probe_bw,1,2.0,10.0,9.564,40.61,67.1,68,35,82.19,89.94,9.564,0
15.775,probe_bw,1.25,2.0,10.0,9.564,40.61,67.1,67,34,82.13,86.15,9.564,0
15.780,probe_bw,1.25,2.0,10.0,9.564,40.61,67.1,68,35,82.08,84.47,9.564,0
15.785,probe_bw,1.25,2.0,10.0,9.564,40.61,67.1,68,35,82.03,83.47,9.564,0
15.790,probe_bw,1.25,2.0,10.0,9.564,40.61,67.1,68,35,81.98,82.86,9.564,0
15.795,probe_bw,1.25,2.0,10.0,9.564,40.61,67.1,68,35,81.93,82.48,9.564,0
15.800,probe_bw,1.25,2.0,10.0,9.564,40.61,67.1,68,35,81.88,82.24,9.564,0
15.805,probe_bw,1.25,2.0,10.0,9.564,40.61,67.1,68,35,81.84,82.08,9.564,0
15.810,probe_bw,1.25,2.0,10.0,9.564,40.61,67.1,68,35,81.79,81.97,9.564,0
15.815,probe_bw,0.75,2.0,10.0,9.564,40.61,67.1,67,34,81.73,81.86,9.564,0
15.820,probe_bw,0.75,2.0,10.0,9.564,40.61,67.1,66,33,81.68,81.79,9.564,0
15.825,probe_bw,0.75,2.0,10.0,9.564,40.61,67.1,65,32,81.63,81.73,9.564,0
15.830,probe_bw,0.75,2.0,10.0,9.564,40.61,67.1,64,31,81.58,81.67,9.564,0
15.835,probe_bw,0.75,2.0,10.0,9.564,40.61,67.1,63,30,81.53,81.62,9.564,0
15.840,probe_bw,0.75,2.0,10.0,9.564,40.61,67.1,62,29,81.48,81.57,9.564,0
15.845,probe_bw,0.75,2.0,10.0,9.564,40.61,67.1,61,28,81.43,81.52,9.564,0
15.850,probe_bw,0.75,2.0,10.0,9.564,40.61,67.1,60,27,81.38,81.47,9.564,0
15.855,probe_bw,1,2.0,10.0,9.564,40.61,67.1,59,26,81.81,81.5,9.564,0
15.860,probe_bw,1,2.0,10.0,9.564,40.61,67.1,59,26,82.36,81.82,9.564,0
15.865,probe_bw,1,2.0,10.0,9.564,40.61,67.1,59,26,82.36,82.04,9.564,0
15.870,probe_bw,1,2.0,10.0,9.564,40.61,67.1,59,26,82.36,82.18,9.564,0
15.875,probe_bw,1,2.0,10.0,9.564,40.61,67.1,59,26,82.36,82.25,9.564,0
15.880,probe_bw,1,2.0,10.0,9.564,40.61,67.1,59,26,82.36,82.3,9.564,0
15.885,probe_bw,1,2.0,10.0,9.564,40.61,67.1,59,26,82.36,82.32,9.564,0
15.890,probe_bw,1,2.0,10.0,9.564,40.61,67.1,59,25,82.36,82.34,9.564,0
15.895,probe_bw,1,2.0,10.0,9.564,40.61,67.1,58,25,81.94,82.3,9.564,0
15.900,probe_bw,1,2.0,10.0,9.564,40.61,67.1,58,25,80.26,81.69,9.564,0
15.905,probe_bw,1,2.0,10.0,9.564,40.61,67.1,58,25,78.58,80.63,9.564,0
15.910,probe_bw,1,2.0,10.0,9.564,40.61,67.1,59,26,76.9,79.32,9.564,0
15.915,probe_bw,1,2.0,10.0,9.564,40.61,67.1,59,26,75.22,77.86,9.564,0
15.920,probe_bw,1,2.0,10.0,9.564,40.61,67.1,59,26,73.54,76.3,9.564,0
15.925,probe_bw,1,2.0,10.0,9.564,40.61,67.1,59,26,71.86,74.7,9.564,0
15.930,probe_bw,1,2.0,10.0,9.564,40.61,67.1,58,25,71.39,73.1,9.564,0
15.935,probe_bw,1,2.0,10.0,9.564,40.61,67.1,58,25,71.34,72.38,9.564,0
15.940,probe_bw,1,2.0,10.0,9.564,40.61,67.1,58,25,71.29,71.94,9.564,0
15.945,probe_bw,1,2.0,10.0,9.564,40.61,67.1,58,25,71.25,71.66,9.564,0
15.950,probe_bw,1,2.0,10.0,9.564,40.61,67.1,58,25,71.2,71.47,9.564,0
15.955,probe_bw,1,2.0,10.0,9.564,40.61,67.1,58,25,71.15,71.34,9.564,0
15.960,probe_bw,1,2.0,10.0,9.564,40.61,67.1,58,25,71.1,71.25,9.564,0
15.965,probe_bw,1,2.0,10.0,9.564,40.61,67.1,58,25,71.05,71.17,9.564,0
15.970,probe_bw,1,2.0,10.0,9.564,40.61,67.1,58,25,70.99,71.09,9.564,0
15.975,probe_bw,1,2.0,10.0,9.564,40.61,67.1,58,25,70.94,71.04,9.564,0
15.980,probe_bw,1,2.0,10.0,9.564,40.61,67.1,58,25,70.89,70.98,9.564,0
15.985,probe_bw,1,2.0,10.0,9.564,40.61,67.1,58,25,70.84,70.93,9.564,0
15.990,probe_bw,1,2.0,10.0,9.564,40.61,67.1,58,25,70.79,70.88,9.564,0
15.995,probe_bw,1,2.0,10.0,9.564,40.61,67.1,58,25,70.74,70.83,9.564,0
16.000,probe_bw,1,2.0,10.0,9.564,40.61,67.1,58,25,70.69,70.78,9.564,0
16.005,probe_bw,1,2.0,10.0,9.564,40.61,67.1,58,25,70.64,70.73,9.564,0
16.010,probe_bw,1,2.0,10.0,9.564,40.61,67.1,57,24,70.58,70.67,9.564,0
16.015,probe_bw,1,2.0,10.0,9.564,40.61,67.1,57,24,70.53,70.62,9.564,0
16.020,probe_bw,1,2.0,10.0,9.564,40.61,67.1,57,24,70.49,70.57,9.564,0
16.025,probe_bw,1,2.0,10.0,9.564,40.61,67.1,58,25,70.44,70.52,9.564,0
16.030,probe_bw,1,2.0,10.0,9.564,40.61,67.1,58,25,70.39,70.47,9.564,0
16.035,probe_bw,1,2.0,10.0,9.564,40.61,67.1,58,25,70.34,70.42,9.564,0
16.040,probe_bw,1,2.0,10.0,9.564,40.61,67.1,58,25,70.29,70.38,9.564,0
16.045,probe_bw,1,2.0,10.0,9.564,40.61,67.1,58,25,70.24,70.33,9.564,0
16.050,probe_bw,1,2.0,10.0,9.564,40.61,67.1,57,24,70.18,70.27,9.564,0
16.055,probe_bw,1,2.0,10.0,9.564,40.61,67.1,57,24,70.13,70.22,9.564,0
16.060,probe_bw,1,2.0,10.0,9.564,40.61,67.1,57,24,70.08,70.17,9.564,0
16.065,probe_bw,1,2.0,10.0,9.564,40.61,67.1,57,24,70.03,70.12,9.564,0
16.070,probe_bw,1,2.0,10.0,9.564,40.61,67.1,57,24,69.98,70.07,9.564,0
16.075,probe_bw,1,2.0,10.0,9.564,40.61,67.1,57,24,69.94,70.02,9.564,0
16.080,probe_bw,1,2.0,10.0,9.564,40.61,67.1,57,24,69.89,69.97,9.564,0
16.085,probe_bw,1,2.0,10.0,9.564,40.61,67.1,58,24,69.84,69.92,9.564,0
16.090,probe_bw,1,2.0,10.0,9.564,40.61,67.1,57,24,69.78,69.86,9.564,0
16.095,probe_bw,1,2.0,10.0,9.564,40.61,67.1,57,24,69.73,69.81,9.564,0
16.100,probe_bw,1.25,2.0,10.0,9.564,40.61,67.1,57,24,69.68,69.76,9.564,0
16.105,probe_bw,1.25,2.0,10.0,9.564,40.61,67.1,58,25,69.63,69.72,9.564,0
16.110,probe_bw,1.25,2.0,10.0,9.564,40.61,67.1,59,26,69.58,69.67,9.564,0
16.115,probe_bw,1.25,2.0,10.0,9.564,40.61,67.1,60,27,69.53,69.62,9.564,0
16.120,probe_bw,1.25,2.0,10.0,9.564,40.61,67.1,61,28,69.48,69.57,9.564,0
16.125,probe_bw,1.25,2.0,10.0,9.564,40.61,67.1,61,28,69.42,69.51,9.564,0
16.130,probe_bw,1.25,2.0,10.0,9.564,40.61,67.1,63,30,69.37,69.46,9.564,0
16.135,probe_bw,1.25,2.0,10.0,9.564,40.61,67.1,64,31,69.32,69.41,9.564,0
16.140,probe_bw,1.25,2.0,10.0,9.564,40.61,67.1,65,32,69.28,69.36,9.564,0
16.145,probe_bw,0.75,2.0,10.0,9.564,40.61,67.1,65,32,69.23,69.31,9.564,0
16.150,probe_bw,0.75,2.0,10.0,9.564,40.61,67.1,64,31,69.18,69.26,9.564,0
16.155,probe_bw,0.75,2.0,10.0,9.564,40.61,67.1,63,30,69.13,69.21,9.564,0
16.160,probe_bw,0.75,2.0,10.0,9.564,40.61,67.1,62,29,69.08,69.16,9.564,0
16.165,probe_bw,0.75,2.0,10.0,9.564,40.61,67.1,60,27,69.02,69.1,9.564,0
16.170,probe_bw,0.75,2.0,10.0,9.564,40.61,67.1,59,26,69.21,69.09,9.564,0
16.175,probe_bw,0.75,2.0,10.0,9.564,40.61,67.1,58,25,70.14,69.39,9.564,0
16.180,probe_bw,0.75,2.0,10.0,9.564,40.61,67.1,57,24,71.07,69.96,9.564,0
16.185,probe_bw,1,2.0,10.0,9.564,40.61,67.1,57,24,72.0,70.68,9.564,0
16.190,probe_bw,1,2.0,10.0,9.564,40.61,67.1,57,24,72.93,71.48,9.564,0
16.195,probe_bw,1,2.0,10.0,9.564,40.61,67.1,57,24,73.86,72.34,9.564,0
16.200,probe_bw,1,2.0,10.0,9.564,40.61,67.1,57,24,74.79,73.23,9.564,0
16.205,probe_bw,1,2.0,10.0,9.564,40.61,67.1,56,23,75.95,74.36,9.564,0
16.210,probe_bw,1,2.0,10.0,9.564,40.61,67.1,56,23,76.88,75.28,9.564,0
16.215,probe_bw,1,2.0,10.0,9.564,40.61,67.1,56,23,77.81,76.2,9.564,0
16.220,probe_bw,1,2.0,10.0,9.564,40.61,67.1,56,23,78.74,77.12,9.564,0
16.225,probe_bw,1,2.0,10.0,9.564,40.61,67.1,56,23,77.72,77.6,9.564,0
16.230,probe_bw,1,2.0,10.0,9.564,40.61,67.1,56,23,76.04,77.19,9.564,0
16.235,probe_bw,1,2.0,10.0,9.564,40.61,67.1,56,23,74.36,76.25,9.564,0
16.240,probe_bw,1,2.0,10.0,9.564,40.61,67.1,57,24,72.68,75.0,9.564,0
16.245,probe_bw,1,2.0,10.0,9.564,40.61,67.1,56,23,70.58,73.2,9.564,0
16.250,probe_bw,1,2.0,10.0,9.564,40.61,67.1,56,23,68.9,71.65,9.564,0
16.255,probe_bw,1,2.0,10.0,9.564,40.61,67.1,56,23,68.44,70.33,9.564,0
16.260,probe_bw,1,2.0,10.0,9.564,40.61,67.1,56,23,68.39,69.53,9.564,0
16.265,probe_bw,1,2.0,10.0,9.564,40.61,67.1,56,23,68.34,69.05,9.564,0
16.270,probe_bw,1,2.0,10.0,9.564,40.61,67.1,56,23,68.29,68.74,9.564,0
16.275,probe_bw,1,2.0,10.0,9.564,40.61,67.1,56,23,68.24,68.54,9.564,0
16.280,probe_bw,1,2.0,10.0,9.564,40.61,67.1,56,22,68.19,68.4,9.564,0
16.285,probe_bw,1,2.0,10.0,9.564,40.61,67.1,55,22,68.13,68.28,9.564,0
16.290,probe_bw,1,2.0,10.0,9.564,40.61,67.1,55,22,68.08,68.21,9.564,0
16.295,probe_bw,1,2.0,10.0,9.564,40.61,67.1,55,22,68.03,68.14,9.564,0
16.300,probe_bw,1,2.0,10.0,9.564,40.61,67.1,56,23,67.99,68.08,9.564,0
16.305,probe_bw,1,2.0,10.0,9.564,40.61,67.1,56,23,67.94,68.03,9.564,0
16.310,probe_bw,1,2.0,10.0,9.564,40.61,67.1,56,23,67.89,67.98,9.564,0
16.315,probe_bw,1,2.0,10.0,9.564,40.61,67.1,56,23,67.84,67.93,9.564,0
16.320,probe_bw,1,2.0,10.0,9.564,40.61,67.1,55,22,67.78,67.87,9.564,0
16.325,probe_bw,1,2.0,10.0,9.564,40.61,67.1,55,22,67.73,67.82,9.564,0
16.330,probe_bw,1,2.0,10.0,9.564,40.61,67.1,55,22,67.68,67.77,9.564,0
16.335,probe_bw,1,2.0,10.0,9.564,40.61,67.1,55,22,67.63,67.72,9.564,0
16.340,probe_bw,1,2.0,10.0,9.564,40.61,67.1,55,22,67.58,67.67,9.564,0
16.345,probe_bw,1,2.0,10.0,9.564,40.61,67.1,55,22,67.53,67.62,9.564,0
16.350,probe_bw,1,2.0,10.0,9.564,40.61,67.1,55,22,67.48,67.57,9.564,0
16.355,probe_bw,1,2.0,10.0,9.564,40.61,67.1,56,23,67.44,67.52,9.564,0
16.360,probe_bw,1,2.0,10.0,9.564,40.61,67.1,55,22,67.38,67.46,9.564,0
16.365,probe_bw,1,2.0,10.0,9.564,40.61,67.1,55,22,67.33,67.41,9.564,0
16.370,probe_bw,1,2.0,10.0,9.564,40.61,67.1,55,22,67.28,67.36,9.564,0
16.375,probe_bw,1,2.0,10.0,9.564,40.61,67.1,55,22,67.23,67.31,9.564,0
16.380,probe_bw,1,2.0,10.0,9.564,40.61,67.1,55,22,67.18,67.26,9.564,0
16.385,probe_bw,1,2.0,10.0,9.564,40.61,67.1,55,22,67.13,67.22,9.564,0
16.390,probe_bw,1,2.0,10.0,9.564,40.61,67.1,55,22,67.08,67.17,9.564,0
16.395,probe_bw,1,2.0,10.0,9.564,40.61,67.1,55,22,67.03,67.12,9.564,0
16.400,probe_bw,1,2.0,10.0,9.564,40.61,67.1,54,21,66.97,67.06,9.564,0
16.405,probe_bw,1,2.0,10.0,9.564,40.61,67.1,54,21,66.92,67.01,9.564,0
16.410,probe_bw,1,2.0,10.0,9.564,40.61,67.1,54,21,66.87,66.96,9.564,0
16.415,probe_bw,1,2.0,10.0,9.564,40.61,67.1,55,22,66.82,66.91,9.564,0
16.420,probe_bw,1,2.0,10.0,9.564,40.61,67.1,55,22,66.78,66.86,9.564,0
16.425,probe_bw,1,2.0,10.0,9.564,40.61,67.1,55,22,66.73,66.81,9.564,0
16.430,probe_bw,1.25,2.0,10.0,9.564,40.61,67.1,55,22,66.68,66.76,9.564,0
16.435,probe_bw,1.25,2.0,10.0,9.564,40.61,67.1,56,23,66.63,66.71,9.564,0
16.440,probe_bw,1.25,2.0,10.0,9.564,40.61,67.1,56,23,66.57,66.65,9.564,0
16.445,probe_bw,1.25,2.0,10.0,9.564,40.61,67.1,57,24,66.52,66.6,9.564,0
16.450,probe_bw,1.25,2.0,10.0,9.564,40.61,67.1,58,25,66.47,66.55,9.564,0
16.455,probe_bw,1.25,2.0,10.0,9.564,40.61,67.1,59,26,66.42,66.51,9.564,0
16.460,probe_bw,1.25,2.0,10.0,9.564,40.61,67.1,61,28,66.37,66.46,9.564,0
16.465,probe_bw,1.25,2.0,10.0,9.564,40.61,67.1,62,29,66.32,66.41,9.564,0
16.470,probe_bw,1.25,2.0,10.0,9.564,40.61,67.1,63,30,66.27,66.36,9.564,0
16.475,probe_bw,0.75,2.0,10.0,9.564,40.61,67.1,62,28,66.23,66.31,9.564,0
16.480,probe_bw,0.75,2.0,10.0,9.564,40.61,67.1,60,27,66.16,66.25,9.564,0
16.485,probe_bw,0.75,2.0,10.0,9.564,40.61,67.1,59,26,66.11,66.2,9.564,0
16.490,probe_bw,0.75,2.0,10.0,9.564,40.61,67.1,58,25,66.06,66.15,9.564,0
16.495,probe_bw,0.75,2.0,10.0,9.564,40.61,67.1,57,24,66.02,66.1,9.564,0
16.500,probe_bw,0.75,2.0,10.0,9.564,40.61,67.1,56,23,66.7,66.22,9.564,0
16.505,probe_bw,0.75,2.0,10.0,9.564,40.61,67.1,56,23,67.63,66.68,9.564,0
16.510,probe_bw,0.75,2.0,10.0,9.564,40.61,67.1,55,22,68.56,67.33,9.564,0
16.515,probe_bw,1,2.0,10.0,9.564,40.61,67.1,53,20,69.72,68.3,9.564,0
16.520,probe_bw,1,2.0,10.0,9.564,40.61,67.1,53,20,70.65,69.14,9.564,0
16.525,probe_bw,1,2.0,10.0,9.564,40.61,67.1,54,21,71.58,70.03,9.564,0
16.530,probe_bw,1,2.0,10.0,9.564,40.61,67.1,54,21,72.51,70.93,9.564,0
16.535,probe_bw,1,2.0,10.0,9.564,40.61,67.1,54,21,73.44,71.84,9.564,0
16.540,probe_bw,1,2.0,10.0,9.564,40.61,67.1,54,21,74.37,72.76,9.564,0
16.545,probe_bw,1,2.0,10.0,9.564,40.61,67.1,54,21,75.3,73.68,9.564,0
16.550,probe_bw,1,2.0,10.0,9.564,40.61,67.1,54,21,74.93,74.38,9.564,0
16.555,probe_bw,1,2.0,10.0,9.564,40.61,67.1,53,20,72.83,73.98,9.564,0
16.560,probe_bw,1,2.0,10.0,9.564,40.61,67.1,53,20,71.15,73.04,9.564,0
16.565,probe_bw,1,2.0,10.0,9.564,40.61,67.1,53,20,69.47,71.79,9.564,0
16.570,probe_bw,1,2.0,10.0,9.564,40.61,67.1,53,20,67.79,70.37,9.564,0
16.575,probe_bw,1,2.0,10.0,9.564,40.61,67.1,53,20,66.11,68.83,9.564,0
16.580,probe_bw,1,2.0,10.0,9.564,40.61,67.1,53,20,65.24,67.39,9.564,0
16.585,probe_bw,1,2.0,10.0,9.564,40.61,67.1,54,21,65.19,66.49,9.564,0
16.590,probe_bw,1,2.0,10.0,9.564,40.61,67.1,54,21,65.14,65.94,9.564,0
16.595,probe_bw,1,2.0,10.0,9.564,40.61,67.1,53,20,65.08,65.53,9.564,0
16.600,probe_bw,1,2.0,10.0,9.564,40.61,67.1,53,20,65.03,65.33,9.564,0
16.605,probe_bw,1,2.0,10.0,9.564,40.61,67.1,53,20,64.98,65.2,9.564,0
16.610,probe_bw,1,2.0,10.0,9.564,40.61,67.1,53,20,64.94,65.09,9.564,0
16.615,probe_bw,1,2.0,10.0,9.564,40.61,67.1,53,20,64.89,65.02,9.564,0
16.620,probe_bw,1,2.0,10.0,9.564,40.61,67.1,53,20,64.84,64.95,9.564,0
16.625,probe_bw,1,2.0,10.0,9.564,40.61,67.1,53,20,64.79,64.89,9.564,0
16.630,probe_bw,1,2.0,10.0,9.564,40.61,67.1,53,20,64.74,64.83,9.564,0
16.635,probe_bw,1,2.0,10.0,9.564,40.61,67.1,52,19,64.68,64.77,9.564,0
16.640,probe_bw,1,2.0,10.0,9.564,40.61,67.1,53,20,64.63,64.72,9.564,0
16.645,probe_bw,1,2.0,10.0,9.564,40.61,67.1,53,20,64.58,64.67,9.564,0
16.650,probe_bw,1,2.0,10.0,9.564,40.61,67.1,53,20,64.53,64.62,9.564,0
16.655,probe_bw,1,2.0,10.0,9.564,40.61,67.1,53,20,64.48,64.57,9.564,0
16.660,probe_bw,1,2.0,10.0,9.564,40.61,67.1,53,20,64.43,64.52,9.564,0
16.665,probe_bw,1,2.0,10.0,9.564,40.61,67.1,53,20,64.38,64.47,9.564,0
16.670,probe_bw,1,2.0,10.0,9.564,40.61,67.1,53,19,64.34,64.42,9.564,0
16.675,probe_bw,1,2.0,10.0,9.564,40.61,67.1,52,19,64.28,64.36,9.564,0
16.680,probe_bw,1,2.0,10.0,9.564,40.61,67.1,52,19,64.23,64.31,9.564,0
16.685,probe_bw,1,2.0,10.0,9.564,40.61,67.1,52,19,64.18,64.26,9.564,0
16.690,probe_bw,1,2.0,10.0,9.564,40.61,67.1,52,19,64.13,64.21,9.564,0
16.695,probe_bw,1,2.0,10.0,9.564,40.61,67.1,52,19,64.08,64.17,9.564,0
16.700,probe_bw,1,2.0,10.0,9.564,40.61,67.1,53,20,64.03,64.12,9.564,0
16.705,probe_bw,1,2.0,10.0,9.564,40.61,67.1,53,20,63.98,64.07,9.564,0
16.710,probe_bw,1,2.0,10.0,9.564,40.61,67.1,52,19,63.92,64.01,9.564,0
16.715,probe_bw,1,2.0,10.0,9.564,40.61,67.1,52,19,63.87,63.96,9.564,0
16.720,probe_bw,1,2.0,10.0,9.564,40.61,67.1,52,19,63.82,63.91,9.564,0
16.725,probe_bw,1,2.0,10.0,9.564,40.61,67.1,52,19,63.77,63.86,9.564,0
16.730,probe_bw,1,2.0,10.0,9.564,40.61,67.1,52,19,63.73,63.81,9.564,0
16.735,probe_bw,1,2.0,10.0,9.564,40.61,67.1,52,19,63.68,63.76,9.564,0
16.740,probe_bw,1,2.0,10.0,9.564,40.61,67.1,52,19,63.63,63.71,9.564,0
16.745,probe_bw,1,2.0,10.0,9.564,40.61,67.1,52,19,63.58,63.66,9.564,0
16.750,probe_bw,1,2.0,10.0,9.564,40.61,67.1,51,18,63.52,63.6,9.564,0
16.755,probe_bw,1,2.0,10.0,9.564,40.61,67.1,52,19,63.47,63.55,9.564,0
16.760,probe_bw,1.25,2.0,10.0,9.564,40.61,67.1,52,19,63.42,63.5,9.564,0
16.765,probe_bw,1.25,2.0,10.0,9.564,40.61,67.1,53,20,63.37,63.46,9.564,0
16.770,probe_bw,1.25,2.0,10.0,9.564,40.61,67.1,54,21,63.32,63.41,9.564,0
16.775,probe_bw,1.25,2.0,10.0,9.564,40.61,67.1,55,22,63.27,63.36,9.564,0
16.780,probe_bw,1.25,2.0,10.0,9.564,40.61,67.1,56,23,63.22,63.31,9.564,0
16.785,probe_bw,1.25,2.0,10.0,9.564,40.61,67.1,57,24,63.17,63.26,9.564,0
16.790,probe_bw,1.25,2.0,10.0,9.564,40.61,67.1,58,25,63.11,63.2,9.564,0
16.795,probe_bw,1.25,2.0,10.0,9.564,40.61,67.1,59,26,63.06,63.15,9.564,0
16.800,probe_bw,0.75,2.0,10.0,9.564,40.61,67.1,60,27,63.02,63.1,9.564,0
16.805,probe_bw,0.75,2.0,10.0,9.564,40.61,67.1,59,26,62.97,63.05,9.564,0
16.810,probe_bw,0.75,2.0,10.0,9.564,40.61,67.1,58,25,62.92,63.0,9.564,0
16.815,probe_bw,0.75,2.0,10.0,9.564,40.61,67.1,57,24,62.87,62.95,9.564,0
16.820,probe_bw,0.75,2.0,10.0,9.564,40.61,67.1,56,23,62.82,62.9,9.564,0
16.825,probe_bw,0.75,2.0,10.0,9.564,40.61,67.1,55,22,63.26,62.94,9.564,0
16.830,probe_bw,0.75,2.0,10.0,9.564,40.61,67.1,53,20,64.42,63.47,9.564,0
16.835,probe_bw,0.75,2.0,10.0,9.564,40.61,67.1,52,19,65.35,64.12,9.564,0
16.840,probe_bw,0.75,2.0,10.0,9.564,40.61,67.1,51,18,66.28,64.89,9.564,0
16.845,probe_bw,1,2.0,10.0,9.564,40.61,67.1,51,18,67.21,65.72,9.564,0
16.850,probe_bw,1,2.0,10.0,9.564,40.61,67.1,51,18,68.14,66.59,9.564,0
16.855,probe_bw,1,2.0,10.0,9.564,40.61,67.1,51,18,69.07,67.49,9.564,0
16.860,probe_bw,1,2.0,10.0,9.564,40.61,67.1,51,18,70.0,68.4,9.564,0
16.865,probe_bw,1,2.0,10.0,9.564,40.61,67.1,51,18,70.93,69.32,9.564,0
16.870,probe_bw,1,2.0,10.0,9.564,40.61,67.1,50,17,72.09,70.47,9.564,0
16.875,probe_bw,1,2.0,10.0,9.564,40.61,67.1,50,17,71.72,71.17,9.564,0
16.880,probe_bw,1,2.0,10.0,9.564,40.61,67.1,50,17,70.04,70.93,9.564,0
16.885,probe_bw,1,2.0,10.0,9.564,40.61,67.1,51,18,68.36,70.1,9.564,0
16.890,probe_bw,1,2.0,10.0,9.564,40.61,67.1,51,18,66.68,68.91,9.564,0
16.895,probe_bw,1,2.0,10.0,9.564,40.61,67.1,51,18,65.0,67.52,9.564,0
16.900,probe_bw,1,2.0,10.0,9.564,40.61,67.1,51,18,63.32,66.02,9.564,0
16.905,probe_bw,1,2.0,10.0,9.564,40.61,67.1,51,17,61.64,64.44,9.564,0
16.910,probe_bw,1,2.0,10.0,9.564,40.61,67.1,50,17,61.57,63.05,9.564,0
16.915,probe_bw,1,2.0,10.0,9.564,40.61,67.1,50,17,61.53,62.43,9.564,0
16.920,probe_bw,1,2.0,10.0,9.564,40.61,67.1,50,17,61.48,62.04,9.564,0
16.925,probe_bw,1,2.0,10.0,9.564,40.61,67.1,50,17,61.43,61.79,9.564,0
16.930,probe_bw,1,2.0,10.0,9.564,40.61,67.1,50,17,61.38,61.63,9.564,0
16.935,probe_bw,1,2.0,10.0,9.564,40.61,67.1,50,17,61.33,61.51,9.564,0
16.940,probe_bw,1,2.0,10.0,9.564,40.61,67.1,50,17,61.28,61.42,9.564,0
16.945,probe_bw,1,2.0,10.0,9.564,40.61,67.1,50,17,61.22,61.34,9.564,0
16.950,probe_bw,1,2.0,10.0,9.564,40.61,67.1,50,17,61.17,61.27,9.564,0
16.955,probe_bw,1,2.0,10.0,9.564,40.61,67.1,50,17,61.12,61.22,9.564,0
16.960,probe_bw,1,2.0,10.0,9.564,40.61,67.1,50,17,61.07,61.17,9.564,0
16.965,probe_bw,1,2.0,10.0,9.564,40.61,67.1,50,17,61.03,61.11,9.564,0
16.970,probe_bw,1,2.0,10.0,9.564,40.61,67.1,50,17,60.98,61.06,9.564,0
16.975,probe_bw,1,2.0,10.0,9.564,40.61,67.1,50,17,60.93,61.01,9.564,0
16.980,probe_bw,1,2.0,10.0,9.564,40.61,67.1,50,17,60.88,60.96,9.564,0
16.985,probe_bw,1,2.0,10.0,9.564,40.61,67.1,49,16,60.82,60.9,9.564,0
16.990,probe_bw,1,2.0,10.0,9.564,40.61,67.1,49,16,60.77,60.85,9.564,0
16.995,probe_bw,1,2.0,10.0,9.564,40.61,67.1,49,16,60.72,60.8,9.564,0
17.000,probe_bw,1,2.0,10.0,9.564,40.61,67.1,50,17,60.67,60.76,9.564,0
17.005,probe_bw,1,2.0,10.0,9.564,40.61,67.1,50,17,60.62,60.71,9.564,0
17.010,probe_bw,1,2.0,10.0,9.564,40.61,67.1,50,17,60.57,60.66,9.564,0
17.015,probe_bw,1,2.0,10.0,9.564,40.61,67.1,50,17,60.52,60.61,9.564,0
17.020,probe_bw,1,2.0,10.0,9.564,40.61,67.1,50,17,60.47,60.56,9.564,0
17.025,probe_bw,1,2.0,10.0,9.564,40.61,67.1,49,16,60.41,60.5,9.564,0
17.030,probe_bw,1,2.0,10.0,9.564,40.61,67.1,49,16,60.36,60.45,9.564,0
17.035,probe_bw,1,2.0,10.0,9.564,40.61,67.1,49,16,60.31,60.4,9.564,0
17.040,probe_bw,1,2.0,10.0,9.564,40.61,67.1,49,16,60.27,60.35,9.564,0
17.045,probe_bw,1,2.0,10.0,9.564,40.61,67.1,49,16,60.22,60.3,9.564,0
17.050,probe_bw,1,2.0,10.0,9.564,40.61,67.1,49,16,60.17,60.25,9.564,0
17.055,probe_bw,1,2.0,10.0,9.564,40.61,67.1,49,16,60.12,60.21,9.564,0
17.060,probe_bw,1,2.0,10.0,9.564,40.61,67.1,50,17,60.07,60.16,9.564,0
17.065,probe_bw,1,2.0,10.0,9.564,40.61,67.1,49,16,60.01,60.1,9.564,0
17.070,probe_bw,1,2.0,10.0,9.564,40.61,67.1,49,16,59.96,60.05,9.564,0
17.075,probe_bw,1,2.0,10.0,9.564,40.61,67.1,49,16,59.91,60.0,9.564,0
17.080,probe_bw,1,2.0,10.0,9.564,40.61,67.1,49,16,59.86,59.95,9.564,0
17.085,probe_bw,1,2.0,10.0,9.564,40.61,67.1,49,16,59.81,59.9,9.564,0
17.090,probe_bw,1.25,2.0,10.0,9.564,40.61,67.1,49,16,59.77,59.85,9.564,0
17.095,probe_bw,1.25,2.0,10.0,9.564,40.61,67.1,51,18,59.72,59.8,9.564,0
17.100,probe_bw,1.25,2.0,10.0,9.564,40.61,67.1,52,18,59.67,59.75,9.564,0
17.105,probe_bw,1.25,2.0,10.0,9.564,40.61,67.1,52,19,59.61,59.69,9.564,0
17.110,probe_bw,1.25,2.0,10.0,9.564,40.61,67.1,53,20,59.56,59.64,9.564,0
17.115,probe_bw,1.25,2.0,10.0,9.564,40.61,67.1,54,21,59.51,59.59,9.564,0
17.120,probe_bw,1.25,2.0,10.0,9.564,40.61,67.1,55,22,59.46,59.54,9.564,0
17.125,probe_bw,1.25,2.0,10.0,9.564,40.61,67.1,56,23,59.41,59.5,9.564,0
17.130,probe_bw,0.75,2.0,10.0,9.564,40.61,67.1,57,24,59.36,59.45,9.564,0
17.135,probe_bw,0.75,2.0,10.0,9.564,40.61,67.1,56,23,59.31,59.4,9.564,0
17.140,probe_bw,0.75,2.0,10.0,9.564,40.61,67.1,54,21,59.25,59.34,9.564,0
17.145,probe_bw,0.75,2.0,10.0,9.564,40.61,67.1,53,20,59.2,59.29,9.564,0
17.150,probe_bw,0.75,2.0,10.0,9.564,40.61,67.1,52,19,59.64,59.33,9.564,0
17.155,probe_bw,0.75,2.0,10.0,9.564,40.61,67.1,51,18,60.57,59.71,9.564,0
17.160,probe_bw,0.75,2.0,10.0,9.564,40.61,67.1,50,17,61.5,60.33,9.564,0
17.165,probe_bw,0.75,2.0,10.0,9.564,40.61,67.1,49,16,62.43,61.07,9.564,0
17.170,probe_bw,0.75,2.0,10.0,9.564,40.61,67.1,49,16,63.36,61.89,9.564,0
17.175,probe_bw,1,2.0,10.0,9.564,40.61,67.1,48,15,64.29,62.76,9.564,0
17.180,probe_bw,1,2.0,10.0,9.564,40.61,67.1,47,14,65.45,63.87,9.564,0
17.185,probe_bw,1,2.0,10.0,9.564,40.61,67.1,47,14,66.38,64.78,9.564,0
17.190,probe_bw,1,2.0,10.0,9.564,40.61,67.1,48,15,67.31,65.7,9.564,0
17.195,probe_bw,1,2.0,10.0,9.564,40.61,67.1,48,15,68.24,66.63,9.564,0
17.200,probe_bw,1,2.0,10.0,9.564,40.61,67.1,48,15,68.52,67.47,9.564,0
17.205,probe_bw,1,2.0,10.0,9.564,40.61,67.1,48,15,66.84,67.44,9.564,0
17.210,probe_bw,1,2.0,10.0,9.564,40.61,67.1,48,15,65.16,66.73,9.564,0
17.215,probe_bw,1,2.0,10.0,9.564,40.61,67.1,48,15,63.48,65.62,9.564,0
17.220,probe_bw,1,2.0,10.0,9.564,40.61,67.1,47,14,61.38,63.91,9.564,0
17.225,probe_bw,1,2.0,10.0,9.564,40.61,67.1,47,14,59.7,62.4,9.564,0
17.230,probe_bw,1,2.0,10.0,9.564,40.61,67.1,47,14,58.02,60.82,9.564,0
17.235,probe_bw,1,2.0,10.0,9.564,40.61,67.1,47,14,57.97,59.65,9.564,0
17.240,probe_bw,1,2.0,10.0,9.564,40.61,67.1,47,14,57.92,58.94,9.564,0
17.245,probe_bw,1,2.0,10.0,9.564,40.61,67.1,48,15,57.87,58.5,9.564,0
17.250,probe_bw,1,2.0,10.0,9.564,40.61,67.1,48,15,57.82,58.23,9.564,0
17.255,probe_bw,1,2.0,10.0,9.564,40.61,67.1,48,15,57.77,58.05,9.564,0
17.260,probe_bw,1,2.0,10.0,9.564,40.61,67.1,47,14,57.71,57.9,9.564,0
17.265,probe_bw,1,2.0,10.0,9.564,40.61,67.1,47,14,57.66,57.81,9.564,0
17.270,probe_bw,1,2.0,10.0,9.564,40.61,67.1,47,14,57.62,57.73,9.564,0
17.275,probe_bw,1,2.0,10.0,9.564,40.61,67.1,47,14,57.57,57.67,9.564,0
17.280,probe_bw,1,2.0,10.0,9.564,40.61,67.1,47,14,57.52,57.61,9.564,0
17.285,probe_bw,1,2.0,10.0,9.564,40.61,67.1,47,14,57.47,57.56,9.564,0
17.290,probe_bw,1,2.0,10.0,9.564,40.61,67.1,47,14,57.42,57.51,9.564,0
17.295,probe_bw,1,2.0,10.0,9.564,40.61,67.1,47,13,57.37,57.46,9.564,0
17.300,probe_bw,1,2.0,10.0,9.564,40.61,67.1,46,13,57.31,57.4,9.564,0
17.305,probe_bw,1,2.0,10.0,9.564,40.61,67.1,47,14,57.26,57.35,9.564,0
17.310,probe_bw,1,2.0,10.0,9.564,40.61,67.1,47,14,57.21,57.3,9.564,0
17.315,probe_bw,1,2.0,10.0,9.564,40.61,67.1,47,14,57.16,57.25,9.564,0
17.320,probe_bw,1,2.0,10.0,9.564,40.61,67.1,47,14,57.11,57.2,9.564,0
17.325,probe_bw,1,2.0,10.0,9.564,40.61,67.1,47,14,57.06,57.15,9.564,0
17.330,probe_bw,1,2.0,10.0,9.564,40.61,67.1,47,14,57.02,57.1,9.564,0
17.335,probe_bw,1,2.0,10.0,9.564,40.61,67.1,46,13,56.95,57.04,9.564,0
17.340,probe_bw,1,2.0,10.0,9.564,40.61,67.1,46,13,56.91,56.99,9.564,0
17.345,probe_bw,1,2.0,10.0,9.564,40.61,67.1,46,13,56.86,56.94,9.564,0
17.350,probe_bw,1,2.0,10.0,9.564,40.61,67.1,46,13,56.81,56.89,9.564,0
17.355,probe_bw,1,2.0,10.0,9.564,40.61,67.1,46,13,56.76,56.84,9.564,0
17.360,probe_bw,1,2.0,10.0,9.564,40.61,67.1,47,14,56.71,56.8,9.564,0
17.365,probe_bw,1,2.0,10.0,9.564,40.61,67.1,47,14,56.66,56.75,9.564,0
17.370,probe_bw,1,2.0,10.0,9.564,40.61,67.1,47,14,56.61,56.7,9.564,0
17.375,probe_bw,1,2.0,10.0,9.564,40.61,67.1,46,13,56.55,56.64,9.564,0
17.380,probe_bw,1,2.0,10.0,9.564,40.61,67.1,46,13,56.5,56.59,9.564,0
17.385,probe_bw,1,2.0,10.0,9.564,40.61,67.1,46,13,56.45,56.54,9.564,0
17.390,probe_bw,1,2.0,10.0,9.564,40.61,67.1,46,13,56.4,56.49,9.564,0
17.395,probe_bw,1,2.0,10.0,9.564,40.61,67.1,46,13,56.36,56.44,9.564,0
17.400,probe_bw,1,2.0,10.0,9.564,40.61,67.1,46,13,56.31,56.39,9.564,0
17.405,probe_bw,1,2.0,10.0,9.564,40.61,67.1,46,13,56.26,56.34,9.564,0
17.410,probe_bw,1,2.0,10.0,9.564,40.61,67.1,46,13,56.21,56.29,9.564,0
17.415,probe_bw,1,2.0,10.0,9.564,40.61,67.1,45,12,56.15,56.23,9.564,0
17.420,probe_bw,1.25,2.0,10.0,9.564,40.61,67.1,46,13,56.1,56.18,9.564,0
17.425,probe_bw,1.25,2.0,10.0,9.564,40.61,67.1,47,14,56.05,56.14,9.564,0
17.430,probe_bw,1.25,2.0,10.0,9.564,40.61,67.1,48,15,56.0,56.09,9.564,0
17.435,probe_bw,1.25,2.0,10.0,9.564,40.61,67.1,49,16,55.95,56.04,9.564,0
17.440,probe_bw,1.25,2.0,10.0,9.564,40.61,67.1,50,17,55.9,55.99,9.564,0
17.445,probe_bw,1.25,2.0,10.0,9.564,40.61,67.1,52,19,55.85,55.94,9.564,0
17.450,probe_bw,1.25,2.0,10.0,9.564,40.61,67.1,53,20,55.8,55.89,9.564,0
17.455,probe_bw,1.25,2.0,10.0,9.564,40.61,67.1,53,20,55.74,55.83,9.564,0
17.460,probe_bw,0.75,2.0,10.0,9.564,40.61,67.1,53,20,55.7,55.78,9.564,0
17.465,probe_bw,0.75,2.0,10.0,9.564,40.61,67.1,52,19,55.65,55.73,9.564,0
17.470,probe_bw,0.75,2.0,10.0,9.564,40.61,67.1,51,18,55.6,55.68,9.564,0
17.475,probe_bw,0.75,2.0,10.0,9.564,40.61,67.1,51,18,55.79,55.66,9.564,0
17.480,probe_bw,0.75,2.0,10.0,9.564,40.61,67.1,50,17,56.72,55.97,9.564,0
17.485,probe_bw,0.75,2.0,10.0,9.564,40.61,67.1,49,16,57.65,56.54,9.564,0
17.490,probe_bw,0.75,2.0,10.0,9.564,40.61,67.1,48,14,58.58,57.26,9.564,0
17.495,probe_bw,0.75,2.0,10.0,9.564,40.61,67.1,46,13,59.74,58.27,9.564,0
17.500,probe_bw,1,2.0,10.0,9.564,40.61,67.1,45,12,60.67,59.14,9.564,0
17.505,probe_bw,1,2.0,10.0,9.564,40.61,67.1,45,12,61.6,60.03,9.564,0
17.510,probe_bw,1,2.0,10.0,9.564,40.61,67.1,45,12,62.53,60.94,9.564,0
17.515,probe_bw,1,2.0,10.0,9.564,40.61,67.1,45,12,63.46,61.85,9.564,0
17.520,probe_bw,1,2.0,10.0,9.564,40.61,67.1,45,12,64.39,62.78,9.564,0
17.525,probe_bw,1,2.0,10.0,9.564,40.61,67.1,45,12,65.32,63.7,9.564,0
17.530,probe_bw,1,2.0,10.0,9.564,40.61,67.1,44,11,63.22,63.82,9.564,0
17.535,probe_bw,1,2.0,10.0,9.564,40.61,67.1,44,11,61.54,63.11,9.564,0
17.540,probe_bw,1,2.0,10.0,9.564,40.61,67.1,44,11,59.86,62.0,9.564,0
17.545,probe_bw,1,2.0,10.0,9.564,40.61,67.1,44,11,58.18,60.65,9.564,0
17.550,probe_bw,1,2.0,10.0,9.564,40.61,67.1,45,12,56.5,59.17,9.564,0
17.555,probe_bw,1,2.0,10.0,9.564,40.61,67.1,45,12,54.82,57.6,9.564,0
17.560,probe_bw,1,2.0,10.0,9.564,40.61,67.1,45,12,54.36,56.27,9.564,0
17.565,probe_bw,1,2.0,10.0,9.564,40.61,67.1,45,12,54.32,55.47,9.564,0
17.570,probe_bw,1,2.0,10.0,9.564,40.61,67.1,44,11,54.25,54.89,9.564,0
17.575,probe_bw,1,2.0,10.0,9.564,40.61,67.1,44,11,54.21,54.61,9.564,0
17.580,probe_bw,1,2.0,10.0,9.564,40.61,67.1,44,11,54.16,54.43,9.564,0
17.585,probe_bw,1,2.0,10.0,9.564,40.61,67.1,44,11,54.11,54.3,9.564,0
17.590,probe_bw,1,2.0,10.0,9.564,40.61,67.1,44,11,54.06,54.21,9.564,0
17.595,probe_bw,1,2.0,10.0,9.564,40.61,67.1,44,11,54.01,54.13,9.564,0
17.600,probe_bw,1,2.0,10.0,9.564,40.61,67.1,44,11,53.96,54.07,9.564,0
17.605,probe_bw,1,2.0,10.0,9.564,40.61,67.1,44,11,53.91,54.01,9.564,0
17.610,probe_bw,1,2.0,10.0,9.564,40.61,67.1,44,11,53.85,53.94,9.564,0
17.615,probe_bw,1,2.0,10.0,9.564,40.61,67.1,44,11,53.8,53.89,9.564,0
17.620,probe_bw,1,2.0,10.0,9.564,40.61,67.1,44,11,53.75,53.84,9.564,0
17.625,probe_bw,1,2.0,10.0,9.564,40.61,67.1,44,11,53.71,53.79,9.564,0
17.630,probe_bw,1,2.0,10.0,9.564,40.61,67.1,44,11,53.66,53.74,9.564,0
17.635,probe_bw,1,2.0,10.0,9.564,40.61,67.1,44,11,53.61,53.69,9.564,0
17.640,probe_bw,1,2.0,10.0,9.564,40.61,67.1,44,11,53.56,53.64,9.564,0
17.645,probe_bw,1,2.0,10.0,9.564,40.61,67.1,44,11,53.51,53.59,9.564,0
17.650,probe_bw,1,2.0,10.0,9.564,40.61,67.1,43,10,53.45,53.53,9.564,0
17.655,probe_bw,1,2.0,10.0,9.564,40.61,67.1,43,10,53.4,53.48,9.564,0
17.660,probe_bw,1,2.0,10.0,9.564,40.61,67.1,43,10,53.35,53.44,9.564,0
17.665,probe_bw,1,2.0,10.0,9.564,40.61,67.1,44,11,53.3,53.39,9.564,0
17.670,probe_bw,1,2.0,10.0,9.564,40.61,67.1,44,11,53.25,53.34,9.564,0
17.675,probe_bw,1,2.0,10.0,9.564,40.61,67.1,44,11,53.2,53.29,9.564,0
17.680,probe_bw,1,2.0,10.0,9.564,40.61,67.1,44,11,53.15,53.24,9.564,0
17.685,probe_bw,1,2.0,10.0,9.564,40.61,67.1,44,10,53.1,53.19,9.564,0
17.690,probe_bw,1,2.0,10.0,9.564,40.61,67.1,43,10,53.04,53.13,9.564,0
17.695,probe_bw,1,2.0,10.0,9.564,40.61,67.1,43,10,52.99,53.08,9.564,0
17.700,probe_bw,1,2.0,10.0,9.564,40.61,67.1,43,10,52.95,53.03,9.564,0
17.705,probe_bw,1,2.0,10.0,9.564,40.61,67.1,43,10,52.9,52.98,9.564,0
17.710,probe_bw,1,2.0,10.0,9.564,40.61,67.1,43,10,52.85,52.93,9.564,0
17.715,probe_bw,1,2.0,10.0,9.564,40.61,67.1,43,10,52.8,52.89,9.564,0
17.720,probe_bw,1,2.0,10.0,9.564,40.61,67.1,43,10,52.75,52.84,9.564,0
17.725,probe_bw,1,2.0,10.0,9.564,40.61,67.1,43,10,52.69,52.77,9.564,0
17.730,probe_bw,1,2.0,10.0,9.564,40.61,67.1,43,10,52.64,52.73,9.564,0
17.735,probe_bw,1,2.0,10.0,9.564,40.61,67.1,43,10,52.59,52.68,9.564,0
17.740,probe_bw,1,2.0,10.0,9.564,40.61,67.1,43,10,52.54,52.63,9.564,0
17.745,probe_bw,1,2.0,10.0,9.564,40.61,67.1,43,10,52.49,52.58,9.564,0
17.750,probe_bw,1.25,2.0,10.0,9.564,40.61,67.1,44,11,52.45,52.53,9.564,0
17.755,probe_bw,1.25,2.0,10.0,9.564,40.61,67.1,45,12,52.4,52.48,9.564,0
17.760,probe_bw,1.25,2.0,10.0,9.564,40.61,67.1,46,13,52.35,52.43,9.564,0
17.765,probe_bw,1.25,2.0,10.0,9.564,40.61,67.1,46,13,52.29,52.37,9.564,0
17.770,probe_bw,1.25,2.0,10.0,9.564,40.61,67.1,47,14,52.24,52.32,9.564,0
17.775,probe_bw,1.25,2.0,10.0,9.564,40.61,67.1,48,15,52.19,52.27,9.564,0
17.780,probe_bw,1.25,2.0,10.0,9.564,40.61,67.1,49,16,52.14,52.22,9.564,0
17.785,probe_bw,1.25,2.0,10.0,9.564,40.61,67.1,50,17,52.09,52.18,9.564,0
17.790,probe_bw,0.75,2.0,10.0,9.564,40.61,67.1,51,18,52.04,52.13,9.564,0
17.795,probe_bw,0.75,2.0,10.0,9.564,40.61,67.1,50,17,51.99,52.08,9.564,0
17.800,probe_bw,0.75,2.0,10.0,9.564,40.61,67.1,49,16,51.94,52.03,9.564,0
17.805,probe_bw,0.75,2.0,10.0,9.564,40.61,67.1,47,14,53.1,52.36,9.564,0
17.810,probe_bw,0.75,2.0,10.0,9.564,40.61,67.1,46,13,54.03,52.92,9.564,0
17.815,probe_bw,0.75,2.0,10.0,9.564,40.61,67.1,45,12,54.97,53.64,9.564,0
17.820,probe_bw,0.75,2.0,10.0,9.564,40.61,67.1,44,11,55.9,54.44,9.564,0
17.825,probe_bw,0.75,2.0,10.0,9.564,40.61,67.1,43,10,56.82,55.3,9.564,0
17.830,probe_bw,1,2.0,10.0,9.564,40.61,67.1,42,9,57.75,56.19,9.564,0
17.835,probe_bw,1,2.0,10.0,9.564,40.61,67.1,42,9,58.68,57.09,9.564,0
17.840,probe_bw,1,2.0,10.0,9.564,40.61,67.1,42,9,59.61,58.01,9.564,0
17.845,probe_bw,1,2.0,10.0,9.564,40.61,67.1,41,8,60.78,59.16,9.564,0
17.850,probe_bw,1,2.0,10.0,9.564,40.61,67.1,41,8,61.71,60.09,9.564,0
17.855,probe_bw,1,2.0,10.0,9.564,40.61,67.1,42,9,60.03,60.29,9.564,0
17.860,probe_bw,1,2.0,10.0,9.564,40.61,67.1,42,9,58.35,59.72,9.564,0
17.865,probe_bw,1,2.0,10.0,9.564,40.61,67.1,42,9,56.66,58.69,9.564,0
17.870,probe_bw,1,2.0,10.0,9.564,40.61,67.1,42,9,54.98,57.39,9.564,0
17.875,probe_bw,1,2.0,10.0,9.564,40.61,67.1,42,9,53.3,55.93,9.564,0
17.880,probe_bw,1,2.0,10.0,9.564,40.61,67.1,42,8,51.62,54.38,9.564,0
17.885,probe_bw,1,2.0,10.0,9.564,40.61,67.1,41,8,50.75,52.65,9.564,0
17.890,probe_bw,1,2.0,10.0,9.564,40.61,67.1,41,8,50.7,51.85,9.564,0
17.895,probe_bw,1,2.0,10.0,9.564,40.61,67.1,41,8,50.65,51.36,9.564,0
17.900,probe_bw,1,2.0,10.0,9.564,40.61,67.1,41,8,50.6,51.05,9.564,0
17.905,probe_bw,1,2.0,10.0,9.564,40.61,67.1,41,8,50.55,50.85,9.564,0
17.910,probe_bw,1,2.0,10.0,9.564,40.61,67.1,42,9,50.5,50.71,9.564,0
17.915,probe_bw,1,2.0,10.0,9.564,40.61,67.1,42,9,50.45,50.61,9.564,0
17.920,probe_bw,1,2.0,10.0,9.564,40.61,67.1,41,8,50.39,50.52,9.564,0
17.925,probe_bw,1,2.0,10.0,9.564,40.61,67.1,41,8,50.34,50.45,9.564,0
17.930,probe_bw,1,2.0,10.0,9.564,40.61,67.1,41,8,50.3,50.39,9.564,0
17.935,probe_bw,1,2.0,10.0,9.564,40.61,67.1,41,8,50.25,50.34,9.564,0
17.940,probe_bw,1,2.0,10.0,9.564,40.61,67.1,41,8,50.2,50.29,9.564,0
17.945,probe_bw,1,2.0,10.0,9.564,40.61,67.1,41,8,50.15,50.24,9.564,0
17.950,probe_bw,1,2.0,10.0,9.564,40.61,67.1,41,8,50.1,50.19,9.564,0
17.955,probe_bw,1,2.0,10.0,9.564,40.61,67.1,41,8,50.05,50.14,9.564,0
17.960,probe_bw,1,2.0,10.0,9.564,40.61,67.1,40,7,49.99,50.08,9.564,0
17.965,probe_bw,1,2.0,10.0,9.564,40.61,67.1,40,7,49.94,50.03,9.564,0
17.970,probe_bw,1,2.0,10.0,9.564,40.61,67.1,41,8,49.89,49.98,9.564,0
17.975,probe_bw,1,2.0,10.0,9.564,40.61,67.1,41,8,49.84,49.93,9.564,0
17.980,probe_bw,1,2.0,10.0,9.564,40.61,67.1,41,8,49.79,49.88,9.564,0
17.985,probe_bw,1,2.0,10.0,9.564,40.61,67.1,41,8,49.74,49.83,9.564,0
17.990,probe_bw,1,2.0,10.0,9.564,40.61,67.1,41,8,49.7,49.78,9.564,0
17.995,probe_bw,1,2.0,10.0,9.564,40.61,67.1,41,8,49.65,49.73,9.564,0
18.000,probe_bw,1,2.0,10.0,9.564,40.61,67.1,40,7,49.59,49.67,9.564,0
18.005,probe_bw,1,2.0,10.0,9.564,40.61,67.1,40,7,49.54,49.62,9.564,0
18.010,probe_bw,1,2.0,10.0,9.564,40.61,67.1,40,7,49.49,49.57,9.564,0
18.015,probe_bw,1,2.0,10.0,9.564,40.61,67.1,40,7,49.44,49.52,9.564,0
18.020,probe_bw,1,2.0,10.0,9.564,40.61,67.1,40,7,49.39,49.48,9.564,0
18.025,probe_bw,1,2.0,10.0,9.564,40.61,67.1,41,8,49.34,49.43,9.564,0
18.030,probe_bw,1,2.0,10.0,9.564,40.61,67.1,41,8,49.29,49.38,9.564,0
18.035,probe_bw,1,2.0,10.0,9.564,40.61,67.1,41,8,49.24,49.33,9.564,0
18.040,probe_bw,1,2.0,10.0,9.564,40.61,67.1,40,7,49.18,49.27,9.564,0
18.045,probe_rtt,1.0,1.0,10.0,9.564,49.13,4,38,5,49.13,49.22,9.564,0
18.050,probe_rtt,1.0,1.0,10.0,9.564,49.08,4,34,1,49.08,49.17,9.564,0
18.055,probe_rtt,1.0,1.0,10.0,9.564,49.04,4,30,0,49.04,49.12,9.564,0
18.060,probe_rtt,1.0,1.0,10.0,9.564,48.99,4,26,0,48.99,49.07,9.564,0
18.065,probe_rtt,1.0,1.0,10.0,9.564,48.94,4,22,0,48.94,49.02,9.564,0
18.070,probe_rtt,1.0,1.0,10.0,9.564,48.89,4,18,0,48.89,48.97,9.564,0
18.075,probe_rtt,1.0,1.0,10.0,9.564,48.84,4,14,0,48.84,48.93,9.564,0
18.080,probe_rtt,1.0,1.0,10.0,9.564,48.78,4,9,0,48.78,48.86,9.564,0
18.085,probe_rtt,1.0,1.0,10.0,9.564,48.73,4,5,0,48.73,48.82,9.564,0
18.090,probe_rtt,1.0,1.0,10.0,9.564,48.68,4,4,1,48.68,48.77,9.564,0
18.095,probe_rtt,1.0,1.0,10.0,9.564,48.67,4,4,0,48.67,48.75,9.564,0
18.100,probe_rtt,1.0,1.0,10.0,9.564,48.67,4,4,0,48.67,48.75,9.564,0
18.105,probe_rtt,1.0,1.0,10.0,9.564,48.67,4,4,0,48.67,48.75,9.564,0
18.110,probe_rtt,1.0,1.0,10.0,9.564,48.67,4,4,0,48.67,48.75,9.564,0
18.115,probe_rtt,1.0,1.0,10.0,9.564,48.67,4,4,0,48.67,48.75,9.564,0
18.120,probe_rtt,1.0,1.0,10.0,9.564,48.67,4,4,0,48.67,48.75,9.564,0
18.125,probe_rtt,1.0,1.0,10.0,9.564,48.67,4,4,0,48.67,48.75,9.564,0
18.130,probe_rtt,1.0,1.0,10.0,9.564,41.21,4,4,1,41.21,46.99,1.124,0
18.135,probe_rtt,1.0,1.0,10.0,9.564,41.21,4,4,0,41.21,45.63,1.123,0
18.140,probe_rtt,1.0,1.0,10.0,9.564,41.21,4,4,0,41.21,45.63,1.123,0
18.145,probe_rtt,1.0,1.0,10.0,9.564,41.21,4,4,0,41.21,45.63,1.123,0
18.150,probe_rtt,1.0,1.0,10.0,9.564,41.21,4,4,0,41.21,45.63,1.123,0
18.155,probe_rtt,1.0,1.0,10.0,9.564,41.21,4,4,0,41.21,45.63,1.123,0
18.160,probe_rtt,1.0,1.0,10.0,9.564,41.21,4,4,0,41.21,45.63,1.123,0
18.165,probe_rtt,1.0,1.0,10.0,9.564,41.21,4,4,0,41.21,45.63,1.123,0
18.170,probe_rtt,1.0,1.0,10.0,9.564,41.21,4,4,1,41.21,45.08,1.124,0
18.175,probe_rtt,1.0,1.0,10.0,9.564,41.21,4,4,0,41.21,43.8,1.124,0
18.180,probe_rtt,1.0,1.0,10.0,9.564,41.21,4,4,0,41.21,43.8,1.124,0
18.185,probe_rtt,1.0,1.0,10.0,9.564,41.21,4,4,0,41.21,43.8,1.124,0
18.190,probe_rtt,1.0,1.0,10.0,9.564,41.21,4,4,0,41.21,43.8,1.124,0
18.195,probe_rtt,1.0,1.0,10.0,9.564,41.21,4,4,0,41.21,43.8,1.124,0
18.200,probe_rtt,1.0,1.0,10.0,9.564,41.21,4,4,0,41.21,43.8,1.124,0
18.205,probe_rtt,1.0,1.0,10.0,9.564,41.21,4,4,0,41.21,43.8,1.124,0
18.210,probe_rtt,1.0,1.0,10.0,9.564,41.21,4,4,0,41.21,43.8,1.124,0
18.215,probe_rtt,1.0,1.0,10.0,9.564,41.21,4,4,1,41.21,42.73,1.124,0
18.220,probe_rtt,1.0,1.0,10.0,9.564,41.21,4,4,0,41.21,42.73,1.124,0
18.225,probe_rtt,1.0,1.0,10.0,9.564,41.21,4,4,0,41.21,42.73,1.124,0
18.230,probe_rtt,1.0,1.0,10.0,9.564,41.21,4,4,0,41.21,42.73,1.124,0
18.235,probe_rtt,1.0,1.0,10.0,9.564,41.21,4,4,0,41.21,42.73,1.124,0
18.240,probe_rtt,1.0,1.0,10.0,9.564,41.21,4,4,0,41.21,42.73,1.124,0
18.245,probe_rtt,1.0,1.0,10.0,9.564,41.21,4,4,0,41.21,42.73,1.124,0
18.250,probe_rtt,1.0,1.0,10.0,9.564,41.21,4,4,0,41.21,42.73,1.124,0
18.255,probe_rtt,1.0,1.0,10.0,9.564,41.21,4,4,1,41.21,42.23,1.124,0
18.260,probe_rtt,1.0,1.0,10.0,9.564,41.21,4,4,0,41.21,42.1,1.124,0
18.265,probe_rtt,1.0,1.0,10.0,9.564,41.21,4,4,0,41.21,42.1,1.124,0
18.270,probe_rtt,1.0,1.0,10.0,9.564,41.21,4,4,0,41.21,42.1,1.124,0
18.275,probe_rtt,1.0,1.0,10.0,9.564,41.21,4,4,0,41.21,42.1,1.124,0
18.280,probe_rtt,1.0,1.0,10.0,9.564,41.21,4,4,0,41.21,42.1,1.124,0
18.285,probe_rtt,1.0,1.0,10.0,9.564,41.21,4,4,0,41.21,42.1,1.124,0
18.290,probe_rtt,1.0,1.0,10.0,9.564,41.21,4,4,0,41.21,42.1,1.124,0
18.295,probe_bw,1,2.0,10.0,9.564,41.21,68.0,4,1,41.21,41.89,1.124,0
18.300,probe_bw,1,2.0,10.0,9.564,41.21,68.0,6,1,41.21,41.73,1.124,0
18.305,probe_bw,1,2.0,10.0,9.564,41.21,68.0,10,1,41.21,41.73,1.124,0
18.310,probe_bw,1,2.0,10.0,9.564,41.21,68.0,14,1,41.21,41.73,1.124,0
18.315,probe_bw,1,2.0,10.0,9.564,41.21,68.0,18,1,41.21,41.73,1.124,0
18.320,probe_bw,1,2.0,10.0,9.564,41.21,68.0,22,1,41.21,41.73,1.124,0
18.325,probe_bw,1,2.0,10.0,9.564,41.21,68.0,27,1,41.21,41.73,1.124,0
18.330,probe_bw,1,2.0,10.0,9.564,41.21,68.0,31,1,41.21,41.73,1.124,0
18.335,probe_bw,1,2.0,10.0,9.564,41.21,68.0,34,1,41.21,41.67,1.124,0
18.340,probe_bw,1,2.0,10.0,9.564,41.21,68.0,34,1,41.21,41.48,1.365,0
18.345,probe_bw,1,2.0,10.0,9.564,41.21,68.0,34,1,41.21,41.37,2.203,0
18.350,probe_bw,1,2.0,10.0,9.564,41.21,68.0,34,1,41.21,41.3,2.884,0
18.355,probe_bw,1,2.0,10.0,9.564,41.21,68.0,34,1,41.21,41.26,3.448,0
18.360,probe_bw,1,2.0,10.0,9.564,41.21,68.0,34,1,41.21,41.24,3.923,0
18.365,probe_bw,1,2.0,10.0,9.564,41.21,68.0,33,1,41.21,41.23,4.421,0
18.370,probe_bw,1,2.0,10.0,9.564,41.21,68.0,33,1,41.21,41.22,4.759,0
18.375,probe_bw,1,2.0,10.0,9.564,41.21,68.0,33,1,41.21,41.22,5.055,0
18.380,probe_bw,1,2.0,10.0,9.564,41.21,68.0,33,1,41.21,41.21,9.468,0
18.385,probe_bw,1,2.0,10.0,9.564,41.21,68.0,34,1,41.21,41.21,9.468,0
18.390,probe_bw,1,2.0,10.0,9.564,41.21,68.0,34,1,41.21,41.21,9.468,0
18.395,probe_bw,1,2.0,10.0,9.564,41.21,68.0,34,1,41.21,41.21,9.468,0
18.400,probe_bw,1,2.0,10.0,9.564,41.21,68.0,34,1,41.21,41.21,9.468,0
18.405,probe_bw,1,2.0,10.0,9.564,41.21,68.0,34,1,41.21,41.21,9.468,0
18.410,probe_bw,1,2.0,10.0,9.564,41.21,68.0,34,1,41.21,41.21,9.468,0
18.415,probe_bw,1,2.0,10.0,9.564,41.21,68.0,34,1,41.21,41.21,9.468,0
18.420,probe_bw,1,2.0,10.0,9.564,41.21,68.0,34,1,41.21,41.21,9.468,0
18.425,probe_bw,1,2.0,10.0,9.564,41.21,68.0,33,1,41.21,41.21,9.468,0
18.430,probe_bw,1,2.0,10.0,9.564,41.21,68.0,33,1,41.21,41.21,9.468,0
18.435,probe_bw,1,2.0,10.0,9.564,41.21,68.0,33,1,41.21,41.21,9.468,0
18.440,probe_bw,1,2.0,10.0,9.564,41.21,68.0,33,0,41.21,41.21,9.468,0
18.445,probe_bw,1,2.0,10.0,9.564,41.21,68.0,34,1,41.21,41.21,9.468,0
18.450,probe_bw,1,2.0,10.0,9.564,41.21,68.0,34,1,41.21,41.21,9.468,0
18.455,probe_bw,1,2.0,10.0,9.564,41.21,68.0,34,1,41.21,41.21,9.468,0
18.460,probe_bw,1,2.0,10.0,9.564,41.21,68.0,34,1,41.21,41.21,9.468,0
18.465,probe_bw,1,2.0,10.0,9.564,41.21,68.0,34,1,41.21,41.21,9.468,0
18.470,probe_bw,1,2.0,10.0,9.564,41.21,68.0,34,1,41.21,41.21,9.468,0
18.475,probe_bw,1,2.0,10.0,9.564,41.21,68.0,34,1,41.21,41.21,9.468,0
18.480,probe_bw,1,2.0,10.0,9.564,41.21,68.0,33,1,41.21,41.21,9.468,0
18.485,probe_bw,1,2.0,10.0,9.564,41.21,68.0,33,1,41.21,41.21,9.468,0
18.490,probe_bw,1,2.0,10.0,9.564,41.21,68.0,33,1,41.21,41.21,9.468,0
18.495,probe_bw,1,2.0,10.0,9.564,41.21,68.0,33,1,41.21,41.21,9.468,0
18.500,probe_bw,1,2.0,10.0,9.564,41.21,68.0,34,1,41.21,41.21,9.468,0
18.505,probe_bw,1,2.0,10.0,9.468,41.21,67.4,34,1,41.21,41.21,9.468,0
18.510,probe_bw,1,2.0,10.0,9.468,41.21,67.4,34,1,41.21,41.21,9.468,0
18.515,probe_bw,1,2.0,10.0,9.468,41.21,67.4,34,1,41.21,41.21,9.468,0
18.520,probe_bw,1,2.0,10.0,9.468,41.21,67.4,34,1,41.21,41.21,9.468,0
18.525,probe_bw,1,2.0,10.0,9.468,41.21,67.4,34,1,41.21,41.21,9.468,0
18.530,probe_bw,1,2.0,10.0,9.468,41.21,67.4,34,1,41.21,41.21,9.468,0
18.535,probe_bw,1,2.0,10.0,9.468,41.21,67.4,34,1,41.21,41.21,9.468,0
18.540,probe_bw,1,2.0,10.0,9.468,41.21,67.4,33,1,41.21,41.21,9.468,0
18.545,probe_bw,1.25,2.0,10.0,9.468,41.21,67.4,33,1,41.21,41.21,9.463,0
18.550,probe_bw,1.25,2.0,10.0,9.468,41.21,67.4,34,2,41.21,41.21,9.452,0
18.555,probe_bw,1.25,2.0,10.0,9.468,41.21,67.4,35,3,41.21,41.21,9.44,0
18.560,probe_bw,1.25,2.0,10.0,9.468,41.21,67.4,37,5,41.21,41.21,9.429,0
18.565,probe_bw,1.25,2.0,10.0,9.468,41.21,67.4,38,5,41.21,41.21,9.418,0
18.570,probe_bw,1.25,2.0,10.0,9.468,41.21,67.4,39,6,41.21,41.21,9.407,0
18.575,probe_bw,1.25,2.0,10.0,9.468,41.21,67.4,40,7,41.21,41.21,9.396,0
18.580,probe_bw,1.25,2.0,10.0,9.468,41.21,67.4,41,8,41.21,41.21,9.385,0
18.585,probe_bw,0.75,2.0,10.0,9.468,41.21,67.4,42,9,41.21,41.21,9.374,0
18.590,probe_bw,0.75,2.0,10.0,9.468,41.21,67.4,41,8,42.1,41.46,9.395,0
18.595,probe_bw,0.75,2.0,10.0,9.468,41.21,67.4,40,7,42.99,41.97,9.417,0
18.600,probe_bw,0.75,2.0,10.0,9.468,41.21,67.4,39,6,43.88,42.64,9.436,0
18.605,probe_bw,0.75,2.0,10.0,9.468,41.21,67.4,37,4,44.99,43.6,9.46,0
18.610,probe_bw,0.75,2.0,10.0,9.478,41.21,67.4,36,3,45.89,44.42,9.478,0
18.615,probe_bw,0.75,2.0,10.0,9.495,41.21,67.6,35,2,46.77,45.27,9.495,0
18.620,probe_bw,0.75,2.0,10.0,9.511,41.21,67.7,34,1,47.67,46.14,9.511,0
18.625,probe_bw,0.75,2.0,10.0,9.53,41.21,67.8,33,1,48.56,47.02,9.53,0
18.630,probe_bw,1,2.0,10.0,9.545,41.21,67.9,33,1,49.45,47.9,9.545,0
18.635,probe_bw,1,2.0,10.0,9.559,41.21,68.0,33,1,50.34,48.78,9.559,0
18.640,probe_bw,1,2.0,10.0,9.564,41.21,68.0,33,1,49.25,49.22,9.564,0
18.645,probe_bw,1,2.0,10.0,9.564,41.21,68.0,32,1,47.07,48.54,9.564,0
18.650,probe_bw,1,2.0,10.0,9.564,41.21,68.0,32,1,45.32,47.45,9.564,0
18.655,probe_bw,1,2.0,10.0,9.564,41.21,68.0,32,1,43.58,46.09,9.564,0
18.660,probe_bw,1,2.0,10.0,9.564,41.21,68.0,32,1,41.84,44.57,9.564,0
18.665,probe_bw,1,2.0,10.0,9.564,41.21,68.0,33,1,41.21,43.48,9.414,0
18.670,probe_bw,1,2.0,10.0,9.564,41.21,68.0,33,1,41.21,42.54,9.119,0
18.675,probe_bw,1,2.0,10.0,9.564,41.21,68.0,33,1,41.21,41.99,9.106,0
18.680,probe_bw,1,2.0,10.0,9.564,41.21,68.0,33,1,41.21,41.67,9.095,0
18.685,probe_bw,1,2.0,10.0,9.564,41.21,68.0,33,0,41.21,41.48,9.085,0
18.690,probe_bw,1,2.0,10.0,9.564,41.21,68.0,34,1,41.21,41.37,9.074,0
18.695,probe_bw,1,2.0,10.0,9.564,41.21,68.0,34,1,41.21,41.3,9.064,0
18.700,probe_bw,1,2.0,10.0,9.564,41.21,68.0,34,1,41.21,41.26,9.053,0
18.705,probe_bw,1,2.0,10.0,9.564,41.21,68.0,34,1,41.21,41.24,9.092,0
18.710,probe_bw,1,2.0,10.0,9.564,41.21,68.0,34,1,41.21,41.23,9.372,0
18.715,probe_bw,1,2.0,10.0,9.564,41.21,68.0,34,1,41.21,41.22,9.467,0
18.720,probe_bw,1,2.0,10.0,9.564,41.21,68.0,34,1,41.21,41.22,9.468,0
18.725,probe_bw,1,2.0,10.0,9.564,41.21,68.0,33,1,41.21,41.21,9.468,0
18.730,probe_bw,1,2.0,10.0,9.564,41.21,68.0,33,1,41.21,41.21,9.468,0
18.735,probe_bw,1,2.0,10.0,9.564,41.21,68.0,33,1,41.21,41.21,9.468,0
18.740,probe_bw,1,2.0,10.0,9.564,41.21,68.0,33,1,41.21,41.21,9.468,0
18.745,probe_bw,1,2.0,10.0,9.564,41.21,68.0,34,1,41.21,41.21,9.468,0
18.750,probe_bw,1,2.0,10.0,9.564,41.21,68.0,34,1,41.21,41.21,9.468,0
18.755,probe_bw,1,2.0,10.0,9.564,41.21,68.0,34,1,41.21,41.21,9.468,0
18.760,probe_bw,1,2.0,10.0,9.564,41.21,68.0,34,1,41.21,41.21,9.468,0
18.765,probe_bw,1,2.0,10.0,9.564,41.21,68.0,34,1,41.21,41.21,9.468,0
18.770,probe_bw,1,2.0,10.0,9.564,41.21,68.0,34,1,41.21,41.21,9.468,0
18.775,probe_bw,1,2.0,10.0,9.564,41.21,68.0,34,1,41.21,41.21,9.468,0
18.780,probe_bw,1,2.0,10.0,9.564,41.21,68.0,34,1,41.21,41.21,9.468,0
18.785,probe_bw,1,2.0,10.0,9.564,41.21,68.0,33,1,41.21,41.21,9.468,0
18.790,probe_bw,1,2.0,10.0,9.564,41.21,68.0,33,1,41.21,41.21,9.468,0
18.795,probe_bw,1,2.0,10.0,9.564,41.21,68.0,33,1,41.21,41.21,9.468,0
18.800,probe_bw,1,2.0,10.0,9.564,41.21,68.0,33,0,41.21,41.21,9.468,0
18.805,probe_bw,1,2.0,10.0,9.564,41.21,68.0,34,1,41.21,41.21,9.468,0
18.810,probe_bw,1,2.0,10.0,9.564,41.21,68.0,34,1,41.21,41.21,9.468,0
18.815,probe_bw,1,2.0,10.0,9.564,41.21,68.0,34,1,41.21,41.21,9.468,0
18.820,probe_bw,1,2.0,10.0,9.564,41.21,68.0,34,1,41.21,41.21,9.468,0
18.825,probe_bw,1,2.0,10.0,9.564,41.21,68.0,34,1,41.21,41.21,9.468,0
18.830,probe_bw,1,2.0,10.0,9.564,41.21,68.0,34,1,41.21,41.21,9.468,0
18.835,probe_bw,1,2.0,10.0,9.564,41.21,68.0,34,1,41.21,41.21,9.468,0
18.840,probe_bw,1,2.0,10.0,9.564,41.21,68.0,33,1,41.21,41.21,9.468,0
18.845,probe_bw,1,2.0,10.0,9.564,41.21,68.0,33,1,41.21,41.21,9.468,0
18.850,probe_bw,1,2.0,10.0,9.564,41.21,68.0,33,1,41.21,41.21,9.468,0
18.855,probe_bw,1,2.0,10.0,9.564,41.21,68.0,33,1,41.21,41.21,9.468,0
18.860,probe_bw,1,2.0,10.0,9.564,41.21,68.0,34,1,41.21,41.21,9.468,0
18.865,probe_bw,1,2.0,10.0,9.564,41.21,68.0,34,1,41.21,41.21,9.468,0
18.870,probe_bw,1,2.0,10.0,9.564,41.21,68.0,34,1,41.21,41.21,9.468,0
18.875,probe_bw,1,2.0,10.0,9.564,41.21,68.0,34,1,41.21,41.21,9.468,0
18.880,probe_bw,1.25,2.0,10.0,9.564,41.21,68.0,34,1,41.21,41.21,9.468,0
18.885,probe_bw,1.25,2.0,10.0,9.564,41.21,68.0,36,3,41.21,41.21,9.468,0
18.890,probe_bw,1.25,2.0,10.0,9.564,41.21,68.0,37,4,41.21,41.21,9.468,0
18.895,probe_bw,1.25,2.0,10.0,9.564,41.21,68.0,38,5,41.21,41.21,9.468,0
18.900,probe_bw,1.25,2.0,10.0,9.564,41.21,68.0,38,6,41.21,41.21,9.468,0
18.905,probe_bw,1.25,2.0,10.0,9.564,41.21,68.0,39,6,41.21,41.21,9.468,0
18.910,probe_bw,1.25,2.0,10.0,9.564,41.21,68.0,40,7,41.21,41.21,9.468,0
18.915,probe_bw,1.25,2.0,10.0,9.564,41.21,68.0,41,8,41.21,41.21,9.468,0
18.920,probe_bw,0.75,2.0,10.0,9.564,41.21,68.0,42,9,41.44,41.24,9.471,0
18.925,probe_bw,0.75,2.0,10.0,9.564,41.21,68.0,41,8,42.37,41.58,9.482,0
18.930,probe_bw,0.75,2.0,10.0,9.564,41.21,68.0,40,7,43.3,42.17,9.492,0
18.935,probe_bw,0.75,2.0,10.0,9.564,41.21,68.0,39,6,44.23,42.89,9.502,0
18.940,probe_bw,0.75,2.0,10.0,9.564,41.21,68.0,38,5,45.16,43.7,9.511,0
18.945,probe_bw,0.75,2.0,10.0,9.564,41.21,68.0,36,3,46.32,44.78,9.522,0
18.950,probe_bw,0.75,2.0,10.0,9.564,41.21,68.0,35,2,47.25,45.68,9.532,0
18.955,probe_bw,0.75,2.0,10.0,9.564,41.21,68.0,34,1,48.18,46.59,9.54,0
18.960,probe_bw,0.75,2.0,10.0,9.564,41.21,68.0,34,1,49.12,47.5,9.548,0
18.965,probe_bw,1,2.0,10.0,9.564,41.21,68.0,33,1,50.04,48.43,9.555,0
18.970,probe_bw,1,2.0,10.0,9.564,41.21,68.0,33,1,50.97,49.35,9.562,0
18.975,probe_bw,1,2.0,10.0,9.564,41.21,68.0,33,1,49.95,49.83,9.564,0
18.980,probe_bw,1,2.0,10.0,9.564,41.21,68.0,34,1,48.27,49.41,9.564,0
18.985,probe_bw,1,2.0,10.0,9.564,41.21,68.0,33,1,46.17,48.19,9.564,0
18.990,probe_bw,1,2.0,10.0,9.564,41.21,68.0,33,1,44.49,46.89,9.564,0
18.995,probe_bw,1,2.0,10.0,9.564,41.21,68.0,33,1,42.81,45.43,9.564,0
19.000,probe_bw,1,2.0,10.0,9.564,41.21,68.0,33,1,41.21,43.89,9.544,0
19.005,probe_bw,1,2.0,10.0,9.564,41.21,68.0,34,1,41.21,43.01,9.351,0
19.010,probe_bw,1,2.0,10.0,9.564,41.21,68.0,34,1,41.21,42.26,9.34,0
19.015,probe_bw,1,2.0,10.0,9.564,41.21,68.0,34,1,41.21,41.83,9.329,0
19.020,probe_bw,1,2.0,10.0,9.564,41.21,68.0,33,1,41.21,41.53,9.316,0
19.025,probe_bw,1,2.0,10.0,9.564,41.21,68.0,33,1,41.21,41.4,9.305,0
19.030,probe_bw,1,2.0,10.0,9.564,41.21,68.0,33,1,41.21,41.32,9.294,0
19.035,probe_bw,1,2.0,10.0,9.564,41.21,68.0,34,1,41.21,41.27,9.275,0
19.040,probe_bw,1,2.0,10.0,9.564,41.21,68.0,34,1,41.21,41.25,9.264,0
19.045,probe_bw,1,2.0,10.0,9.564,41.21,68.0,34,1,41.21,41.23,9.468,0
19.050,probe_bw,1,2.0,10.0,9.564,41.21,68.0,34,1,41.21,41.22,9.468,0
19.055,probe_bw,1,2.0,10.0,9.564,41.21,68.0,34,1,41.21,41.22,9.468,0
19.060,probe_bw,1,2.0,10.0,9.564,41.21,68.0,34,1,41.21,41.22,9.468,0
19.065,probe_bw,1,2.0,10.0,9.564,41.21,68.0,34,1,41.21,41.21,9.468,0
19.070,probe_bw,1,2.0,10.0,9.564,41.21,68.0,34,1,41.21,41.21,9.468,0
19.075,probe_bw,1,2.0,10.0,9.564,41.21,68.0,33,1,41.21,41.21,9.468,0
19.080,probe_bw,1,2.0,10.0,9.564,41.21,68.0,33,1,41.21,41.21,9.468,0
19.085,probe_bw,1,2.0,10.0,9.564,41.21,68.0,33,1,41.21,41.21,9.468,0
19.090,probe_bw,1,2.0,10.0,9.564,41.21,68.0,33,1,41.21,41.21,9.468,0
19.095,probe_bw,1,2.0,10.0,9.564,41.21,68.0,34,1,41.21,41.21,9.468,0
19.100,probe_bw,1,2.0,10.0,9.564,41.21,68.0,34,1,41.21,41.21,9.468,0
19.105,probe_bw,1,2.0,10.0,9.564,41.21,68.0,34,1,41.21,41.21,9.468,0
19.110,probe_bw,1,2.0,10.0,9.564,41.21,68.0,34,1,41.21,41.21,9.468,0
19.115,probe_bw,1,2.0,10.0,9.564,41.21,68.0,34,1,41.21,41.21,9.468,0
19.120,probe_bw,1,2.0,10.0,9.564,41.21,68.0,34,1,41.21,41.21,9.468,0
19.125,probe_bw,1,2.0,10.0,9.564,41.21,68.0,34,1,41.21,41.21,9.468,0
19.130,probe_bw,1,2.0,10.0,9.564,41.21,68.0,34,1,41.21,41.21,9.468,0
19.135,probe_bw,1,2.0,10.0,9.564,41.21,68.0,33,1,41.21,41.21,9.468,0
19.140,probe_bw,1,2.0,10.0,9.564,41.21,68.0,33,1,41.21,41.21,9.468,0
19.145,probe_bw,1,2.0,10.0,9.564,41.21,68.0,33,1,41.21,41.21,9.468,0
19.150,probe_bw,1,2.0,10.0,9.564,41.21,68.0,34,1,41.21,41.21,9.468,0
19.155,probe_bw,1,2.0,10.0,9.564,41.21,68.0,34,1,41.21,41.21,9.468,0
19.160,probe_bw,1,2.0,10.0,9.564,41.21,68.0,34,1,41.21,41.21,9.468,0
19.165,probe_bw,1,2.0,10.0,9.564,41.21,68.0,34,1,41.21,41.21,9.468,0
19.170,probe_bw,1,2.0,10.0,9.564,41.21,68.0,34,1,41.21,41.21,9.468,0
19.175,probe_bw,1,2.0,10.0,9.564,41.21,68.0,34,1,41.21,41.21,9.468,0
19.180,probe_bw,1,2.0,10.0,9.564,41.21,68.0,34,1,41.21,41.21,9.468,0
19.185,probe_bw,1,2.0,10.0,9.564,41.21,68.0,34,1,41.21,41.21,9.468,0
19.190,probe_bw,1,2.0,10.0,9.564,41.21,68.0,33,1,41.21,41.21,9.468,0
19.195,probe_bw,1,2.0,10.0,9.564,41.21,68.0,33,1,41.21,41.21,9.468,0
19.200,probe_bw,1,2.0,10.0,9.564,41.21,68.0,33,1,41.21,41.21,9.468,0
19.205,probe_bw,1,2.0,10.0,9.564,41.21,68.0,33,1,41.21,41.21,9.468,0
19.210,probe_bw,1,2.0,10.0,9.564,41.21,68.0,34,1,41.21,41.21,9.468,0
19.215,probe_bw,1.25,2.0,10.0,9.564,41.21,68.0,34,1,41.21,41.21,9.468,0
19.220,probe_bw,1.25,2.0,10.0,9.564,41.21,68.0,36,3,41.21,41.21,9.468,0
19.225,probe_bw,1.25,2.0,10.0,9.564,41.21,68.0,37,4,41.21,41.21,9.468,0
19.230,probe_bw,1.25,2.0,10.0,9.564,41.21,68.0,38,5,41.21,41.21,9.468,0
19.235,probe_bw,1.25,2.0,10.0,9.564,41.21,68.0,39,6,41.21,41.21,9.468,0
19.240,probe_bw,1.25,2.0,10.0,9.564,41.21,68.0,40,7,41.21,41.21,9.468,0
19.245,probe_bw,1.25,2.0,10.0,9.564,41.21,68.0,41,8,41.21,41.21,9.468,0
19.250,probe_bw,1.25,2.0,10.0,9.564,41.21,68.0,41,8,41.21,41.21,9.468,0
19.255,probe_bw,0.75,2.0,10.0,9.564,41.21,68.0,42,9,41.68,41.29,9.474,0
19.260,probe_bw,0.75,2.0,10.0,9.564,41.21,68.0,41,8,42.61,41.71,9.485,0
19.265,probe_bw,0.75,2.0,10.0,9.564,41.21,68.0,40,7,43.54,42.34,9.495,0
19.270,probe_bw,0.75,2.0,10.0,9.564,41.21,68.0,39,6,44.47,43.09,9.504,0
19.275,probe_bw,0.75,2.0,10.0,9.564,41.21,68.0,38,5,45.39,43.92,9.513,0
19.280,probe_bw,0.75,2.0,10.0,9.564,41.21,68.0,37,4,46.32,44.78,9.522,0
19.285,probe_bw,0.75,2.0,10.0,9.564,41.21,68.0,36,3,47.25,45.68,9.532,0
19.290,probe_bw,0.75,2.0,10.0,9.564,41.21,68.0,34,1,48.42,46.82,9.542,0
19.295,probe_bw,1,2.0,10.0,9.564,41.21,68.0,33,1,49.35,47.74,9.55,0
19.300,probe_bw,1,2.0,10.0,9.564,41.21,68.0,33,1,50.28,48.66,9.557,0
19.305,probe_bw,1,2.0,10.0,9.564,41.21,68.0,33,1,51.21,49.58,9.564,0
19.310,probe_bw,1,2.0,10.0,9.564,41.21,68.0,33,1,49.53,49.79,9.564,0
19.315,probe_bw,1,2.0,10.0,9.564,41.21,68.0,33,1,47.85,49.22,9.564,0
19.320,probe_bw,1,2.0,10.0,9.564,41.21,68.0,33,1,46.17,48.19,9.564,0
19.325,probe_bw,1,2.0,10.0,9.564,41.21,68.0,33,1,44.49,46.89,9.564,0
19.330,probe_bw,1,2.0,10.0,9.564,41.21,68.0,33,1,42.39,45.05,9.564,0
19.335,probe_bw,1,2.0,10.0,9.564,41.21,68.0,34,1,41.21,43.89,9.544,0
19.340,probe_bw,1,2.0,10.0,9.564,41.21,68.0,34,1,41.21,42.78,9.348,0
19.345,probe_bw,1,2.0,10.0,9.564,41.21,68.0,34,1,41.21,42.13,9.338,0
19.350,probe_bw,1,2.0,10.0,9.564,41.21,68.0,34,1,41.21,41.75,9.327,0
19.355,probe_bw,1,2.0,10.0,9.564,41.21,68.0,34,1,41.21,41.53,9.316,0
19.360,probe_bw,1,2.0,10.0,9.564,41.21,68.0,34,1,41.21,41.4,9.305,0
19.365,probe_bw,1,2.0,10.0,9.564,41.21,68.0,34,1,41.21,41.32,9.294,0
19.370,probe_bw,1,2.0,10.0,9.564,41.21,68.0,33,1,41.21,41.27,9.273,0
19.375,probe_bw,1,2.0,10.0,9.564,41.21,68.0,33,1,41.21,41.24,9.27,0
19.380,probe_bw,1,2.0,10.0,9.564,41.21,68.0,33,1,41.21,41.23,9.468,0
19.385,probe_bw,1,2.0,10.0,9.564,41.21,68.0,34,1,41.21,41.22,9.468,0
19.390,probe_bw,1,2.0,10.0,9.564,41.21,68.0,34,1,41.21,41.22,9.468,0
19.395,probe_bw,1,2.0,10.0,9.564,41.21,68.0,34,1,41.21,41.21,9.468,0
19.400,probe_bw,1,2.0,10.0,9.564,41.21,68.0,34,1,41.21,41.21,9.468,0
19.405,probe_bw,1,2.0,10.0,9.564,41.21,68.0,34,1,41.21,41.21,9.468,0
19.410,probe_bw,1,2.0,10.0,9.564,41.21,68.0,34,1,41.21,41.21,9.468,0
19.415,probe_bw,1,2.0,10.0,9.564,41.21,68.0,34,1,41.21,41.21,9.468,0
19.420,probe_bw,1,2.0,10.0,9.564,41.21,68.0,34,1,41.21,41.21,9.468,0
19.425,probe_bw,1,2.0,10.0,9.564,41.21,68.0,33,1,41.21,41.21,9.468,0
19.430,probe_bw,1,2.0,10.0,9.564,41.21,68.0,33,1,41.21,41.21,9.468,0
19.435,probe_bw,1,2.0,10.0,9.564,41.21,68.0,33,1,41.21,41.21,9.468,0
19.440,probe_bw,1,2.0,10.0,9.564,41.21,68.0,33,1,41.21,41.21,9.468,0
19.445,probe_bw,1,2.0,10.0,9.564,41.21,68.0,34,1,41.21,41.21,9.468,0
19.450,probe_bw,1,2.0,10.0,9.564,41.21,68.0,34,1,41.21,41.21,9.468,0
19.455,probe_bw,1,2.0,10.0,9.564,41.21,68.0,34,1,41.21,41.21,9.468,0
19.460,probe_bw,1,2.0,10.0,9.564,41.21,68.0,34,1,41.21,41.21,9.468,0
19.465,probe_bw,1,2.0,10.0,9.564,41.21,68.0,34,1,41.21,41.21,9.468,0
19.470,probe_bw,1,2.0,10.0,9.564,41.21,68.0,34,1,41.21,41.21,9.468,0
19.475,probe_bw,1,2.0,10.0,9.564,41.21,68.0,34,1,41.21,41.21,9.468,0
19.480,probe_bw,1,2.0,10.0,9.564,41.21,68.0,34,1,41.21,41.21,9.468,0
19.485,probe_bw,1,2.0,10.0,9.564,41.21,68.0,33,1,41.21,41.21,9.468,0
19.490,probe_bw,1,2.0,10.0,9.564,41.21,68.0,33,1,41.21,41.21,9.468,0
19.495,probe_bw,1,2.0,10.0,9.564,41.21,68.0,33,1,41.21,41.21,9.468,0
19.500,probe_bw,1,2.0,10.0,9.564,41.21,68.0,34,1,41.21,41.21,9.468,0
19.505,probe_bw,1,2.0,10.0,9.564,41.21,68.0,34,1,41.21,41.21,9.468,0
19.510,probe_bw,1,2.0,10.0,9.564,41.21,68.0,34,1,41.21,41.21,9.468,0
19.515,probe_bw,1,2.0,10.0,9.564,41.21,68.0,34,1,41.21,41.21,9.468,0
19.520,probe_bw,1,2.0,10.0,9.564,41.21,68.0,34,1,41.21,41.21,9.468,0
19.525,probe_bw,1,2.0,10.0,9.564,41.21,68.0,34,1,41.21,41.21,9.468,0
19.530,probe_bw,1,2.0,10.0,9.564,41.21,68.0,34,1,41.21,41.21,9.468,0
19.535,probe_bw,1,2.0,10.0,9.564,41.21,68.0,34,1,41.21,41.21,9.468,0
19.540,probe_bw,1,2.0,10.0,9.564,41.21,68.0,33,1,41.21,41.21,9.468,0
19.545,probe_bw,1.25,2.0,10.0,9.564,41.21,68.0,33,1,41.21,41.21,9.468,0
19.550,probe_bw,1.25,2.0,10.0,9.564,41.21,68.0,34,2,41.21,41.21,9.468,0
19.555,probe_bw,1.25,2.0,10.0,9.564,41.21,68.0,35,2,41.21,41.21,9.468,0
19.560,probe_bw,1.25,2.0,10.0,9.564,41.21,68.0,37,4,41.21,41.21,9.468,0
19.565,probe_bw,1.25,2.0,10.0,9.564,41.21,68.0,38,5,41.21,41.21,9.468,0
19.570,probe_bw,1.25,2.0,10.0,9.564,41.21,68.0,39,6,41.21,41.21,9.468,0
19.575,probe_bw,1.25,2.0,10.0,9.564,41.21,68.0,40,7,41.21,41.21,9.468,0
19.580,probe_bw,1.25,2.0,10.0,9.564,41.21,68.0,41,8,41.21,41.21,9.468,0
19.585,probe_bw,1.25,2.0,10.0,9.564,41.21,68.0,42,9,41.21,41.21,9.468,0
19.590,probe_bw,0.75,2.0,10.0,9.564,41.21,68.0,42,9,41.68,41.29,9.474,0
19.595,probe_bw,0.75,2.0,10.0,9.564,41.21,68.0,40,7,42.84,41.85,9.487,0
19.600,probe_bw,0.75,2.0,10.0,9.564,41.21,68.0,39,6,43.77,42.52,9.497,0
19.605,probe_bw,0.75,2.0,10.0,9.564,41.21,68.0,38,5,44.7,43.29,9.507,0
19.610,probe_bw,0.75,2.0,10.0,9.564,41.21,68.0,37,4,45.63,44.13,9.516,0
19.615,probe_bw,0.75,2.0,10.0,9.564,41.21,68.0,36,3,46.56,45.01,9.525,0
19.620,probe_bw,0.75,2.0,10.0,9.564,41.21,68.0,36,3,47.49,45.9,9.533,0
19.625,probe_bw,0.75,2.0,10.0,9.564,41.21,68.0,35,2,48.42,46.82,9.542,0
19.630,probe_bw,1,2.0,10.0,9.564,41.21,68.0,34,1,49.35,47.74,9.55,0
19.635,probe_bw,1,2.0,10.0,9.564,41.21,68.0,33,1,50.51,48.89,9.559,0
19.640,probe_bw,1,2.0,10.0,9.564,41.21,68.0,33,1,50.79,49.73,9.564,0
19.645,probe_bw,1,2.0,10.0,9.564,41.21,68.0,33,1,49.11,49.71,9.564,0
19.650,probe_bw,1,2.0,10.0,9.564,41.21,68.0,33,1,47.43,48.99,9.564,0
19.655,probe_bw,1,2.0,10.0,9.564,41.21,68.0,33,1,45.75,47.88,9.564,0
19.660,probe_bw,1,2.0,10.0,9.564,41.21,68.0,33,1,44.07,46.53,9.564,0
19.665,probe_bw,1,2.0,10.0,9.564,41.21,68.0,33,1,42.39,45.05,9.564,0
19.670,probe_bw,1,2.0,10.0,9.564,41.21,68.0,33,1,41.21,43.56,9.448,0
19.675,probe_bw,1,2.0,10.0,9.564,41.21,68.0,33,0,41.21,42.59,9.346,0
19.680,probe_bw,1,2.0,10.0,9.564,41.21,68.0,34,1,41.21,42.02,9.335,0
19.685,probe_bw,1,2.0,10.0,9.564,41.21,68.0,34,1,41.21,41.68,9.324,0
19.690,probe_bw,1,2.0,10.0,9.564,41.21,68.0,34,1,41.21,41.49,9.313,0
19.695,probe_bw,1,2.0,10.0,9.564,41.21,68.0,34,1,41.21,41.37,9.302,0
19.700,probe_bw,1,2.0,10.0,9.564,41.21,68.0,34,1,41.21,41.31,9.292,0
19.705,probe_bw,1,2.0,10.0,9.564,41.21,68.0,34,1,41.21,41.27,9.273,0
19.710,probe_bw,1,2.0,10.0,9.564,41.21,68.0,34,1,41.21,41.24,9.27,0
19.715,probe_bw,1,2.0,10.0,9.564,41.21,68.0,33,1,41.21,41.23,9.468,0
19.720,probe_bw,1,2.0,10.0,9.564,41.21,68.0,33,1,41.21,41.22,9.468,0
19.725,probe_bw,1,2.0,10.0,9.564,41.21,68.0,33,1,41.21,41.22,9.468,0
19.730,probe_bw,1,2.0,10.0,9.564,41.21,68.0,33,1,41.21,41.21,9.468,0
19.735,probe_bw,1,2.0,10.0,9.564,41.21,68.0,34,1,41.21,41.21,9.468,0
19.740,probe_bw,1,2.0,10.0,9.564,41.21,68.0,34,1,41.21,41.21,9.468,0
19.745,probe_bw,1,2.0,10.0,9.564,41.21,68.0,34,1,41.21,41.21,9.468,0
19.750,probe_bw,1,2.0,10.0,9.564,41.21,68.0,34,1,41.21,41.21,9.468,0
19.755,probe_bw,1,2.0,10.0,9.564,41.21,68.0,34,1,41.21,41.21,9.468,0
19.760,probe_bw,1,2.0,10.0,9.564,41.21,68.0,34,1,41.21,41.21,9.468,0
19.765,probe_bw,1,2.0,10.0,9.564,41.21,68.0,34,1,41.21,41.21,9.468,0
19.770,probe_bw,1,2.0,10.0,9.564,41.21,68.0,34,1,41.21,41.21,9.468,0
19.775,probe_bw,1,2.0,10.0,9.564,41.21,68.0,33,1,41.21,41.21,9.468,0
19.780,probe_bw,1,2.0,10.0,9.564,41.21,68.0,33,1,41.21,41.21,9.468,0
19.785,probe_bw,1,2.0,10.0,9.564,41.21,68.0,33,1,41.21,41.21,9.468,0
19.790,probe_bw,1,2.0,10.0,9.564,41.21,68.0,33,0,41.21,41.21,9.468,0
19.795,probe_bw,1,2.0,10.0,9.564,41.21,68.0,34,1,41.21,41.21,9.468,0
19.800,probe_bw,1,2.0,10.0,9.564,41.21,68.0,34,1,41.21,41.21,9.468,0
19.805,probe_bw,1,2.0,10.0,9.564,41.21,68.0,34,1,41.21,41.21,9.468,0
19.810,probe_bw,1,2.0,10.0,9.564,41.21,68.0,34,1,41.21,41.21,9.468,0
19.815,probe_bw,1,2.0,10.0,9.564,41.21,68.0,34,1,41.21,41.21,9.468,0
19.820,probe_bw,1,2.0,10.0,9.564,41.21,68.0,34,1,41.21,41.21,9.468,0
19.825,probe_bw,1,2.0,10.0,9.564,41.21,68.0,34,1,41.21,41.21,9.468,0
19.830,probe_bw,1,2.0,10.0,9.564,41.21,68.0,33,1,41.21,41.21,9.468,0
19.835,probe_bw,1,2.0,10.0,9.564,41.21,68.0,33,1,41.21,41.21,9.468,0
19.840,probe_bw,1,2.0,10.0,9.564,41.21,68.0,33,1,41.21,41.21,9.468,0
19.845,probe_bw,1,2.0,10.0,9.564,41.21,68.0,33,1,41.21,41.21,9.468,0
19.850,probe_bw,1,2.0,10.0,9.564,41.21,68.0,34,1,41.21,41.21,9.468,0
19.855,probe_bw,1,2.0,10.0,9.564,41.21,68.0,34,1,41.21,41.21,9.468,0
19.860,probe_bw,1,2.0,10.0,9.564,41.21,68.0,34,1,41.21,41.21,9.468,0
19.865,probe_bw,1,2.0,10.0,9.564,41.21,68.0,34,1,41.21,41.21,9.468,0
19.870,probe_bw,1,2.0,10.0,9.564,41.21,68.0,34,1,41.21,41.21,9.468,0
19.875,probe_bw,1,2.0,10.0,9.564,41.21,68.0,34,1,41.21,41.21,9.468,0
19.880,probe_bw,1.25,2.0,10.0,9.564,41.21,68.0,34,1,41.21,41.21,9.468,0
19.885,probe_bw,1.25,2.0,10.0,9.564,41.21,68.0,35,2,41.21,41.21,9.468,0
19.890,probe_bw,1.25,2.0,10.0,9.564,41.21,68.0,35,3,41.21,41.21,9.468,0
19.895,probe_bw,1.25,2.0,10.0,9.564,41.21,68.0,37,5,41.21,41.21,9.468,0
19.900,probe_bw,1.25,2.0,10.0,9.564,41.21,68.0,38,5,41.21,41.21,9.468,0
19.905,probe_bw,1.25,2.0,10.0,9.564,41.21,68.0,39,6,41.21,41.21,9.468,0
19.910,probe_bw,1.25,2.0,10.0,9.564,41.21,68.0,40,7,41.21,41.21,9.468,0
19.915,probe_bw,1.25,2.0,10.0,9.564,41.21,68.0,41,8,41.21,41.21,9.468,0
19.920,probe_bw,1.25,2.0,10.0,9.564,41.21,68.0,42,9,41.21,41.21,9.468,0
19.925,probe_bw,0.75,2.0,10.0,9.564,41.21,68.0,42,9,41.91,41.37,9.477,0
19.930,probe_bw,0.75,2.0,10.0,9.564,41.21,68.0,41,8,42.84,41.85,9.487,0
19.935,probe_bw,0.75,2.0,10.0,9.564,41.21,68.0,40,7,43.77,42.52,9.497,0
19.940,probe_bw,0.75,2.0,10.0,9.564,41.21,68.0,38,5,44.93,43.5,9.51,0
19.945,probe_bw,0.75,2.0,10.0,9.564,41.21,68.0,37,4,45.86,44.35,9.519,0
19.950,probe_bw,0.75,2.0,10.0,9.564,41.21,68.0,36,3,46.79,45.23,9.527,0
19.955,probe_bw,0.75,2.0,10.0,9.564,41.21,68.0,35,2,47.72,46.13,9.535,0
19.960,probe_bw,0.75,2.0,10.0,9.564,41.21,68.0,34,1,48.65,47.05,9.543,0
19.965,probe_bw,1,2.0,10.0,9.564,41.21,68.0,33,1,49.58,47.97,9.552,0
19.970,probe_bw,1,2.0,10.0,9.564,41.21,68.0,34,1,50.51,48.89,9.559,0
19.975,probe_bw,1,2.0,10.0,9.564,41.21,68.0,34,1,50.79,49.73,9.564,0
19.980,probe_bw,1,2.0,10.0,9.564,41.21,68.0,33,1,48.69,49.58,9.564,0
19.985,probe_bw,1,2.0,10.0,9.564,41.21,68.0,33,1,47.01,48.75,9.564,0
19.990,probe_bw,1,2.0,10.0,9.564,41.21,68.0,33,1,45.33,47.56,9.564,0
19.995,probe_bw,1,2.0,10.0,9.564,41.21,68.0,33,1,43.65,46.17,9.564,0
